repo_id,repo_full_name,file,file_sha1,match
956982269,arkede/cve-2022,CVE-2022-40684_1.yaml,002c08666b15da2897578887ab0cf776e6e2aea8,CVE-2022-40684
956982269,arkede/cve-2022,CVE-2022-32024_1.yaml,0033f1ac2dd5de45c02bf87dc191969128ad5ed1,CVE-2022-32024
956982269,arkede/cve-2022,CVE-2022-3366.yaml,0035bf935c664512ca86d3e766f81fa82f941a7d,CVE-2022-3366
956982269,arkede/cve-2022,CVE-2022-2567.yaml,0035c7c9a3d4f5adb66ff02208beca237feaf1c7,CVE-2022-2567
956982269,arkede/cve-2022,CVE-2022-3415.yaml,00360ad8a71626b41d0ee6cef26c423bd01563e7,CVE-2022-3415
956982269,arkede/cve-2022,CVE-2022-46795.yaml,008545c993fd32f4c815bb1a10ebca72cc337f54,CVE-2022-46795
956982269,arkede/cve-2022,CVE-2022-23979.yaml,00951d7d8b80d5505e4872302a75ba66772a25d5,CVE-2022-23979
956982269,arkede/cve-2022,CVE-2022-32444.yaml,00a8ad41c55688ed77152aded0d7c136b0143876,CVE-2022-32444
956982269,arkede/cve-2022,CVE-2022-0788_1.yaml,00b659b804c93fce0a6705e4f9b0ea80a19e0010,CVE-2022-0788
956982269,arkede/cve-2022,CVE-2022-31814_2.yaml,00defbcae2429af9d31e827bcbaf8ab69099ad7f,CVE-2022-31814
956982269,arkede/cve-2022,CVE-2022-3846.yaml,00e6b242a418065fec6b4ab01762efac884aaeb1,CVE-2022-3846
956982269,arkede/cve-2022,CVE-2022-2599_1_1.yaml,00f82fed7bceac1b74f23ea9fb6dfc971aa18c96,CVE-2022-2599
956982269,arkede/cve-2022,cve-2022-0422.yaml,00fa74ff075ae74c3be857e862dda280d9f3ffe4,CVE-2022-0422
956982269,arkede/cve-2022,CVE-2022-4680.yaml,01065e00ebd0423b439d06b5e0429957458b3352,CVE-2022-4680
956982269,arkede/cve-2022,CVE-2022-2356.yaml,010e17e67f833126c84413445b3a62159dbe23d5,CVE-2022-2356
956982269,arkede/cve-2022,CVE-2022-3747.yaml,011596bc049f8ad794740f4848a81ad2670ce50c,CVE-2022-3747
956982269,arkede/cve-2022,CVE-2022-41441.yaml,013900f75854a6e572780f3167edfeba442b5067,CVE-2022-41441
956982269,arkede/cve-2022,CVE-2022-2696.yaml,01459161353921927c63481d201457e55157061e,CVE-2022-2696
956982269,arkede/cve-2022,CVE-2022-2168.yaml,0164ce30dc9c36b3f5c5d28257f7aa21cd9f3be0,CVE-2022-2168
956982269,arkede/cve-2022,CVE-2022-45933.yaml,0198574fe4462af0323891743a2aaea21f721059,CVE-2022-45933
956982269,arkede/cve-2022,CVE-2022-40963.yaml,01bc53d202753d8d61ccd8f5ff6f006e79298b81,CVE-2022-40963
956982269,arkede/cve-2022,CVE-2022-3934_1.yaml,01ce04a35d7e246e49c670ad1535b370f92da281,CVE-2022-3934
956982269,arkede/cve-2022,CVE-2022-40198.yaml,01dd922b270e83cea6cef0858c0f6b619a790f31,CVE-2022-40198
956982269,arkede/cve-2022,CVE-2022-4786.yaml,01e34f9ca64bbba4f32e9029966bc3b69e26a13d,CVE-2022-4786
956982269,arkede/cve-2022,CVE-2022-45839.yaml,01e48aa656600fd901a42c5632e7352017ecca84,CVE-2022-45839
956982269,arkede/cve-2022,CVE-2022-24265_3.yaml,01f0aed1fe1d01311b70e21f7055c8f79edfd9b8,CVE-2022-24265
956982269,arkede/cve-2022,CVE-2022-4358.yaml,0206c4fdb19d75a5edc3f82269ad97cba74f0abc,CVE-2022-4358
956982269,arkede/cve-2022,CVE-2022-40692.yaml,0207e958cfc2234a67443c284a233cf891fd73bd,CVE-2022-40692
956982269,arkede/cve-2022,CVE-2022-4381.yaml,020ea3ba4c24b9a7db5bdf66a08099f6ca45e60e,CVE-2022-4381
956982269,arkede/cve-2022,CVE-2022-0760_1.yaml,0212e18166652f9fd5fcb0a7e6784a95208bf74a,CVE-2022-0760
956982269,arkede/cve-2022,CVE-2022-28959.yaml,021e4947df3c572121e039b85bac7cd29ab23aee,CVE-2022-28959
956982269,arkede/cve-2022,CVE-2022-37308.yaml,022d0e861c167eea5e4f3623797c54c7e44b7abf,CVE-2022-37308
956982269,arkede/cve-2022,cve-2022-23881-6697.yaml,0234aa5fc51204eacf0b1e0da58a20ab4dd29179,CVE-2022-23881
956982269,arkede/cve-2022,CVE-2022-2240.yaml,02405a530cb638e8e9a4d28196911d09b57eb437,CVE-2022-2240
956982269,arkede/cve-2022,CVE-2022-1597_4.yaml,02427ca67710309ddd27e00bf790e8e3487bf6ee,CVE-2022-1597
956982269,arkede/cve-2022,CVE-2022-0434_1.yaml,025715da88b8646c56938ed30764adb27a9cadff,CVE-2022-0434
956982269,arkede/cve-2022,CVE-2022-3131.yaml,025edae525b211f0d29c104552166f4cb3422b63,CVE-2022-3131
956982269,arkede/cve-2022,CVE-2022-1058.yaml,0278413173d6cde03379e76a5d602fd631444e8e,CVE-2022-1058
956982269,arkede/cve-2022,CVE-2022-4328_1.yaml,027d49a96bd49b38b06c63fe56e85df269c0af27,CVE-2022-4328
956982269,arkede/cve-2022,CVE-2022-1712.yaml,0284709dd9ef95291af116c7dd383d4b2fee90fb,CVE-2022-1712
956982269,arkede/cve-2022,CVE-2022-36425.yaml,0291c1bd2017ef3b134e5e1c1b68c23263ea2261,CVE-2022-36425
956982269,arkede/cve-2022,CVE-2022-23898.yaml,029ca921714d410b4c70eee870e721c036c95680,GHSA-P94Q-9Q2M-PFH2
956982269,arkede/cve-2022,CVE-2022-23898.yaml,029ca921714d410b4c70eee870e721c036c95680,CVE-2022-23898
956982269,arkede/cve-2022,CVE-2022-4306_1.yaml,02a903b4acc2888924a5d36cacb3b1b2d6c92c58,CVE-2022-4306
956982269,arkede/cve-2022,CVE-2022-1768_1.yaml,02b36879abf8c266bcf6652f2116e3d094c9752e,CVE-2022-1768
956982269,arkede/cve-2022,CVE-2022-4163.yaml,02bb493f22950ad6b7f12b4a5978133bdf1bd278,CVE-2022-4163
956982269,arkede/cve-2022,CVE-2022-0919.yaml,02cf61996f3861b508994eecda414372f094039c,CVE-2022-0919
956982269,arkede/cve-2022,CVE-2022-45824.yaml,02d6375c490225d12b5faf5324847a807f2685bc,CVE-2022-45824
956982269,arkede/cve-2022,cve-2022-25216-6718.yaml,02e99042eef8b769b50de3ec1b48565502f21623,CVE-2022-25216
956982269,arkede/cve-2022,CVE-2022-0824.yaml,02f526a40102667ea0ea67c27493bcde66aa2656,CVE-2022-0824
956982269,arkede/cve-2022,cve-2022-26960(1).yaml,03318b376fe5c0d499df3531bcd2b23bf0ca2fcb,CVE-2022-26960
956982269,arkede/cve-2022,CVE-2022-37310.yaml,033cded548a2c832b9b27f447328bfe2e176889e,CVE-2022-37310
956982269,arkede/cve-2022,CVE-2022-47432.yaml,034fcc91bc310cfe4681835b2dd83247a6cbbf4a,CVE-2022-47432
956982269,arkede/cve-2022,CVE-2022-37411.yaml,0350130e381b77a81e95fabf22d9f402929244d2,CVE-2022-37411
956982269,arkede/cve-2022,CVE-2022-40696.yaml,035135c398644a349bfeea5271ed2cc7806eff90,CVE-2022-40696
956982269,arkede/cve-2022,CVE-2022-33974.yaml,035e9a6b837103f7883312ebc1ff361ebcee9493,CVE-2022-33974
956982269,arkede/cve-2022,CVE-2022-2933.yaml,03865063e1560114c428ceafedc5b1105f35e033,CVE-2022-2933
956982269,arkede/cve-2022,CVE-2022-22188.yaml,038a39a5efb6895c43e7a2a44cce831b8a46d21b,CVE-2022-22188
956982269,arkede/cve-2022,CVE-2022-44950.yaml,03913d219eb742e9e11018126c08ebaf1be09ebd,CVE-2022-44950
956982269,arkede/cve-2022,CVE-2022-4555.yaml,039148c26873aeb64a6b825c583f5a04b637a56c,CVE-2022-4555
956982269,arkede/cve-2022,cve-2022-29303-6750.yaml,03932e6aee44b65910ca783dd5abbca031504fde,CVE-2022-29303
956982269,arkede/cve-2022,CVE-2022-30533.yaml,03959f695fde50586ce71a7744ff04141d8fbd8e,CVE-2022-30533
956982269,arkede/cve-2022,CVE-2022-47613.yaml,03a0a060f9e73e720fa8dbb950f662af1cd6a459,CVE-2022-47613
956982269,arkede/cve-2022,CVE-2022-36417.yaml,03a5d181c1a0f00459b307372f372a2eb84ce149,CVE-2022-41990
956982269,arkede/cve-2022,CVE-2022-36417.yaml,03a5d181c1a0f00459b307372f372a2eb84ce149,CVE-2022-36417
956982269,arkede/cve-2022,CVE-2022-28023_5.yaml,03acdf570eb364962ab993c58b24d0b0aec386fb,CVE-2022-28023
956982269,arkede/cve-2022,CVE-2022-40047.yaml,03af6af14fe21b8bd5c5eb91addf67a5832a5580,CVE-2022-40047
956982269,arkede/cve-2022,CVE-2022-3989.yaml,03b3d545e6bf6357e59f8c851140e2ee7bba8b57,CVE-2022-3989
956982269,arkede/cve-2022,CVE-2022-2600.yaml,03c7f1a385c4a36f2bd37786d4c9631b70ef04c1,CVE-2022-2600
956982269,arkede/cve-2022,CVE-2022-28397.yaml,03cb1e3c6025c439fcf35b62bbbc66450b158191,CVE-2022-28397
956982269,arkede/cve-2022,CVE-2022-37042_1.yaml,03cd4e323b49af2e38614568f652ce3d7c33da24,CVE-2022-27925
956982269,arkede/cve-2022,CVE-2022-37042_1.yaml,03cd4e323b49af2e38614568f652ce3d7c33da24,CVE-2022-37042
956982269,arkede/cve-2022,CVE-2022-0870_3.yaml,03e0e71ab204180b4c34938f4fe6f8c3db929273,CVE-2022-0870
956982269,arkede/cve-2022,CVE-2022-0771.yaml,03e3301efd613e6d08f9248309d349e73e87969d,CVE-2022-0771
956982269,arkede/cve-2022,CVE-2022-4243.yaml,03e41a664256baf5838300b2cbe9c3302f200195,CVE-2022-4243
956982269,arkede/cve-2022,CVE-2022-21371.yaml,0407f29a2fb26b8d922bb402b9632e608f08c1a4,CVE-2022-21371
956982269,arkede/cve-2022,cve-2022-0437-6631.yaml,040debe6d61ab6c4856b49ce85a85c259882c8fd,CVE-2022-0437
956982269,arkede/cve-2022,CVE-2022-0140_2.yaml,041b7700409d4f3338e6d5e3ceb0812a74b472bf,CVE-2022-0140
956982269,arkede/cve-2022,CVE-2022-0271.yaml,0436fbc89f9b18ef2b05e40f8bfaf248c36da089,CVE-2022-0271
956982269,arkede/cve-2022,CVE-2022-2215.yaml,044653e572d51b3dc9cbb6750cbebc78856865ad,CVE-2022-2215
956982269,arkede/cve-2022,CVE-2022-4667.yaml,045e9fb7514d459cda8a8fc8d3108ac2c8b34d4b,CVE-2022-4667
956982269,arkede/cve-2022,CVE-2022-37183.yaml,04a07f14969eefe22a10140f2b0a6d46d473e735,CVE-2022-37183
956982269,arkede/cve-2022,cve-2022-26352-6738.yaml,04cb0710f682e84ec8d9cba87f8dff13964f614f,CVE-2022-26352
956982269,arkede/cve-2022,CVE-2022-36537_1.yaml,04fb796a97114be0c6fd20ec6748123f9d032e56,CVE-2022-36537
956982269,arkede/cve-2022,cve-2022-34048.yaml,0510a971f1efe32f07d5b123eae9d09806e2389f,CVE-2022-34048
956982269,arkede/cve-2022,CVE-2022-41831.yaml,05256b233ce6993fccc6fbe4e2719f55f6b9ccbc,CVE-2022-41831
956982269,arkede/cve-2022,CVE-2022-0666.yaml,053304f2920f02c16c05185cbf970b769a4eeae5,CVE-2022-0666
956982269,arkede/cve-2022,CVE-2022-1904(1).yaml,054af5d8456609aaddd00a2b5eef2ae77c967638,CVE-2022-1904
956982269,arkede/cve-2022,CVE-2022-4468.yaml,056837396f7bec51f5325e22238103f69c394268,CVE-2022-4468
956982269,arkede/cve-2022,CVE-2022-0709.yaml,05737b54287ad23e901d3b4eaca23ab192d1b1ad,CVE-2022-0709
956982269,arkede/cve-2022,CVE-2022-40022.yaml,057e02a2e6c7334af65ab321951f2a9fb89b0a49,CVE-2022-40022
956982269,arkede/cve-2022,CVE-2022-44946.yaml,057e669243aeed8e659fe4efb135ea023c1f4000,CVE-2022-44946
956982269,arkede/cve-2022,CVE-2022-34656.yaml,059764d3d1a71c7ffaafb42a6989790ca54f8098,CVE-2022-34656
956982269,arkede/cve-2022,detect_CVE_2022_24706.yaml,05a2c28b228beec5cc8da85fe4cfe8d102d14a04,CVE-2022-24706
956982269,arkede/cve-2022,CVE-2022-47157.yaml,05b5d761f6215db7ca084fd7dacd81345b034bd3,CVE-2022-47157
956982269,arkede/cve-2022,CVE-2022-1598.yaml,05c04e0723176e5854f17e47755249f1ae14ca33,CVE-2022-1598
956982269,arkede/cve-2022,cve-2022-0218-6613.yaml,05de3549d675b001f8fedc94ec617f91a69ebd07,CVE-2022-0218
956982269,arkede/cve-2022,CVE-2022-2449.yaml,05dec0174271ee95aaff44e701a4e0b58d3ba0d9,CVE-2022-2449
956982269,arkede/cve-2022,CVE-2022-41473.yaml,05e8e1bb54f24e396b5e1c98af536abc279f88ae,CVE-2022-41473
956982269,arkede/cve-2022,CVE-2022-1540.yaml,06034cffcf1c1e91d0dedb92269919e1a99f912b,CVE-2022-1540
956982269,arkede/cve-2022,CVE-2022-2383.yaml,060e4a09b0a0ad18bbf400f5a7de93f483e8b4bd,CVE-2022-2383
956982269,arkede/cve-2022,cve-2022-2290(1).yaml,0618f3f42d9bbce5e4fd26a0627d1a610dd1960b,CVE-2022-2290
956982269,arkede/cve-2022,CVE-2022-0149_2.yaml,063587d886ad38cbc646b3da68fee565d02cf1ad,CVE-2022-0149
956982269,arkede/cve-2022,glpi_CVE-2022-35914.yaml,063c6c7aa85af112341f6346a02e09f6f7b85734,CVE-2022-35914
956982269,arkede/cve-2022,CVE-2022-1903_3.yaml,0654ca31d75ff983f33acb16e567d581f2418568,CVE-2022-1903
956982269,arkede/cve-2022,cve-2022-0594(1).yaml,0667c57a946a04fa6e0800e4ff77ebae8d6e4586,CVE-2022-0594
956982269,arkede/cve-2022,CVE-2022-20702.yaml,066ae9ceb94d45283fbda72073ba4f96a0966bcc,CVE-2022-20702
956982269,arkede/cve-2022,CVE-2022-20702.yaml,066ae9ceb94d45283fbda72073ba4f96a0966bcc,ZDI-22-420
956982269,arkede/cve-2022,CVE-2022-3708.yaml,066c128cca963d8eeddba0efcfad043e68b60720,CVE-2022-3708
956982269,arkede/cve-2022,CVE-2022-41788.yaml,067f76ac5e34960942e1c43c40a76e2608f31803,CVE-2022-41788
956982269,arkede/cve-2022,cve-2022-24124-6704.yaml,067fcb28e4e82486301f2504c2ab8f2944e4e2f5,CVE-2022-24124
956982269,arkede/cve-2022,CVE-2022-1119.yaml,0691a5de08152534285648a1f09b113b225ccfa4,CVE-2022-1119
956982269,arkede/cve-2022,CVE-2022-4108.yaml,0695b755dfd54b216e10d351c316261032f8a8b4,CVE-2022-4108
956982269,arkede/cve-2022,CVE-2022-2541.yaml,0696512d0b8f4f45dc3c80e42fc3a59c40ebc650,CVE-2022-2541
956982269,arkede/cve-2022,CVE-2022-22929.yaml,069b766c86bfa15b4d6e8ebe880d110d20b4bdec,CVE-2022-22929
956982269,arkede/cve-2022,CVE-2022-47609.yaml,069c9be621fefe0677eeb224c7b9299f10d17ec6,CVE-2022-47609
956982269,arkede/cve-2022,CVE-2022-1763.yaml,069ebf13e8908188de8505da49b19f9a774253a2,CVE-2022-1763
956982269,arkede/cve-2022,CVE-2022-4171.yaml,069ee8f2248bc1ba512012429077a9d795cbceeb,CVE-2022-4171
956982269,arkede/cve-2022,CVE-2022-3026.yaml,06a385572da66c5439212257c8724b96c3ea860d,CVE-2022-3026
956982269,arkede/cve-2022,CVE-2022-47603.yaml,06ad4d15716ce33c89805408f59f292b44d817a3,CVE-2022-47603
956982269,arkede/cve-2022,CVE-2022-0921.yaml,06c76b420d87577fe4635516f275134d058ba5f8,GHSA-8C76-MXV5-W4G8
956982269,arkede/cve-2022,CVE-2022-0921.yaml,06c76b420d87577fe4635516f275134d058ba5f8,CVE-2022-0954
956982269,arkede/cve-2022,CVE-2022-0921.yaml,06c76b420d87577fe4635516f275134d058ba5f8,CVE-2022-0921
956982269,arkede/cve-2022,CVE-2022-29495.yaml,06de2d1af53056ca48c3e9f107df006aba853a9c,CVE-2022-29495
956982269,arkede/cve-2022,CVE-2022-3506.yaml,06e36b88264d0078d2f51cf1dfa472b9b5ec7999,CVE-2022-3506
956982269,arkede/cve-2022,CVE-2022-34590_2.yaml,06ee7d09b993dd6c637dc5ac9aaecc1261fa1b41,CVE-2022-34590
956982269,arkede/cve-2022,CVE-2022-4466.yaml,06f4fda4b89cbee6d8b11ba3cf16adf2552a90d5,CVE-2022-4466
956982269,arkede/cve-2022,cve-2022-0482.yaml,06f529926dbce7d867c0aa57cea96bc261ae7feb,CVE-2022-0482
956982269,arkede/cve-2022,CVE-2022-1938.yaml,071cb392b6bb3e398596b1fb088f14a21817a684,CVE-2022-1938
956982269,arkede/cve-2022,CVE-2022-4125.yaml,0740ee37faca8c631ec27cb551baeb3c23c03a7c,CVE-2022-4125
956982269,arkede/cve-2022,CVE-2022-1336.yaml,074275a2d99a410131063aad80ee2da6f8cf610e,CVE-2022-1336
956982269,arkede/cve-2022,CVE-2022-26138.yaml,074e37d25f27a654b5eaf1139d189e44dd11b140,CVE-2022-26138
956982269,arkede/cve-2022,CVE-2022-0434_2.yaml,076d4cb82fbef3b9cac922017d124ac1b6506170,CVE-2022-0434
956982269,arkede/cve-2022,CVE-2022-4938.yaml,076e7006d5623791fc126b95a79dd2cf40fa3b6b,CVE-2022-4938
956982269,arkede/cve-2022,CVE-2022-0134.yaml,077475c8094ebd8009c493b57705809f6e25dfb4,CVE-2022-0134
956982269,arkede/cve-2022,CVE-2022-2376.yaml,0784f01d19b71d14f74055eaf76757c57485208c,CVE-2022-2376
956982269,arkede/cve-2022,CVE-2022-3123.yaml,0786d68846b5a63d81de35212a8db5942912a7e0,CVE-2022-3123
956982269,arkede/cve-2022,CVE-2022-29272_4.yaml,078c6dffefb626b3cd01251691f97b8f0e9a9ed4,CVE-2022-29272
956982269,arkede/cve-2022,CVE-2022-3934_2.yaml,078dd2adfacc29a2265ea86d24ce4cfd450fdecc,CVE-2022-3934
956982269,arkede/cve-2022,cve-2022-0189-6610.yaml,07a8036f56bfcd5cf3f40f6256c46180a4094858,CVE-2022-0189
956982269,arkede/cve-2022,CVE-2022-29430.yaml,07bf66cf8b28bd9cc40d67fcf50598d24a1606ab,CVE-2022-29430
956982269,arkede/cve-2022,CVE-2022-44944.yaml,07c9eff56de6cd37bee7f9fe66f6859dcafd1f67,CVE-2022-44944
956982269,arkede/cve-2022,cve-2022-0963.yaml,07dcb089405e16371928e6dfb76687713e0cbe5e,CVE-2022-0963
956982269,arkede/cve-2022,cve-2022-0963.yaml,07dcb089405e16371928e6dfb76687713e0cbe5e,GHSA-Q3X2-JVP3-WJ78
956982269,arkede/cve-2022,CVE-2022-41475.yaml,07e3dbea8072ada97cc935def9a6b34a4ef55fe2,CVE-2022-41475
956982269,arkede/cve-2022,CVE-2022-27984_3.yaml,07f51e24f5180f5a4135127b3e33f45bc2938fad,CVE-2022-27984
956982269,arkede/cve-2022,CVE-2022-4265.yaml,080e8649b8345202a102efa3c33b108ad0ad7ec6,CVE-2022-4265
956982269,arkede/cve-2022,CVE-2022-1007.yaml,081143deaf310b71dad15aa9d9337c57bf450818,CVE-2022-1007
956982269,arkede/cve-2022,CVE-2022-4888.yaml,08166aa5e10d10c03c64e03af5f9fe44124eb6d5,CVE-2022-4888
956982269,arkede/cve-2022,CVE-2022-47149.yaml,0817eb25f1abeafba67f4c752d39e36563bf9ed5,CVE-2022-47149
956982269,arkede/cve-2022,CVE-2022-2381.yaml,08394edf33bf6720188effcba4ee83f770cab356,CVE-2022-2381
956982269,arkede/cve-2022,CVE-2022-0753.yaml,084655abeafa71f9a39c04ff2443b155e5a71330,CVE-2022-0753
956982269,arkede/cve-2022,CVE-2022-25149_1.yaml,084797f6a16c37df2ca7a86f82807d1d37aefd37,CVE-2022-25149
956982269,arkede/cve-2022,CVE-2022-41412.yaml,085c599eafc33f8cf695cbfd84dd49ad9419b20c,CVE-2022-41412
956982269,arkede/cve-2022,CVE-2022-21258.yaml,087a190f18bc0350521b5357332ba009226990c6,CVE-2022-21258
956982269,arkede/cve-2022,CVE-2022-32026_4.yaml,08805280c66966c56dd18adca4fefeb4c218041d,CVE-2022-32026
956982269,arkede/cve-2022,CVE-2022-32026_4.yaml,08805280c66966c56dd18adca4fefeb4c218041d,CVE-2022-32028
956982269,arkede/cve-2022,CVE-2022-1644.yaml,0891cef992c217b824b0ca68f7d2293ed19ef2e5,CVE-2022-1644
956982269,arkede/cve-2022,CVE-2022-37042_5.yaml,08977eb4151124d848c2945bfd6773b315f11945,CVE-2022-37042
956982269,arkede/cve-2022,CVE-2022-37042_5.yaml,08977eb4151124d848c2945bfd6773b315f11945,CVE-2022-27925
956982269,arkede/cve-2022,CVE-2022-32028_1.yaml,08adbd8a48f818a70cb15aedb0b0a2f1b15416a6,CVE-2022-32028
956982269,arkede/cve-2022,CVE-2022-38144.yaml,08ae85c966ac160895d67066ac1b2bc2432d3f91,CVE-2022-38144
956982269,arkede/cve-2022,CVE-2022-29747.yaml,08c08116050c5a94bbb71456a2c119948940f624,CVE-2022-29747
956982269,arkede/cve-2022,CVE-2022-25485.yaml,08ddee17cf749a9cc77ece26fe1b3d5f9687e9b5,CVE-2022-25485
956982269,arkede/cve-2022,cve-2022-32026(1).yaml,08ef1d5e6cc95c146b85b2481097bdcc43fae991,CVE-2022-32028
956982269,arkede/cve-2022,cve-2022-32026(1).yaml,08ef1d5e6cc95c146b85b2481097bdcc43fae991,CVE-2022-32026
956982269,arkede/cve-2022,CVE-2022-35739.yaml,090dcb102a10a6271e44775f82a6e1e9d413e064,CVE-2022-35739
956982269,arkede/cve-2022,CVE-2022-2799.yaml,091be56c1df4d7ab26cf0b89be09a07406f6c2cb,CVE-2022-2799
956982269,arkede/cve-2022,CVE-2022-40672.yaml,0936f57e85a48e26157e7b8ff5871e2954cafcd1,CVE-2022-40672
956982269,arkede/cve-2022,cve-2022-0381-6627.yaml,0937516511693795a2926f1258b7f7e486a6ef07,CVE-2022-0381
956982269,arkede/cve-2022,CVE-2022-22733_3.yaml,0945d6fdca3103e228ed03a0741efae65a999794,CVE-2022-22733
956982269,arkede/cve-2022,CVE-2022-29361.yaml,096047df65556248885352de635b92520b0c5a95,CVE-2022-29361
956982269,arkede/cve-2022,CVE-2022-28034.yaml,0977881baa5bac4b713a208edda51c7f0fae2528,CVE-2022-28034
956982269,arkede/cve-2022,CVE-2022-0164.yaml,0977946fecec27dec8025bbd274ec0e92f96fbf5,CVE-2022-0164
956982269,arkede/cve-2022,cve-2022-26159-6732.yaml,098730508b7a677334961e8ab505fbd237ff960a,CVE-2022-26159
956982269,arkede/cve-2022,CVE-2022-38077.yaml,09905c83dcae56636d01a4b85cc17bb9f1eb396a,CVE-2022-38077
956982269,arkede/cve-2022,cve-2022-0599.yaml,09ae6cc2e03c61e5aeb9d94391516ca4d7a71f39,CVE-2022-0599
956982269,arkede/cve-2022,cve-2022-2187(1).yaml,09b707b9a1cd8e63b5b7a0abd9318fc9988caeaf,CVE-2022-2187
956982269,arkede/cve-2022,CVE-2022-25062.yaml,09ce8be57270d30a11bd67acbb8026350b133c75,CVE-2022-25062
956982269,arkede/cve-2022,CVE-2022-3394.yaml,09e1a94f4b485ce7ac4969e8092e35cf42a77e3e,CVE-2022-3394
956982269,arkede/cve-2022,CVE-2022-1906(1).yaml,09f099be93eb8f6c6ba66d9c8473306436f37d6f,CVE-2022-1906
956982269,arkede/cve-2022,CVE-2022-0595.yaml,09f429d1fc684cf3448590d156ca3f73196b1f4a,CVE-2022-0595
956982269,arkede/cve-2022,CVE-2022-0870_2.yaml,09f8adbcd664cf1eca049178ae676f87ab41b56d,CVE-2022-0870
956982269,arkede/cve-2022,CVE-2022-3694.yaml,09fccd9d299c5c6230b9f0565827b5e84d979dfd,CVE-2022-3694
956982269,arkede/cve-2022,CVE-2022-1647.yaml,0a05040e99034540a21c1434e5cf32d14dab82ab,CVE-2022-1647
956982269,arkede/cve-2022,CVE-2022-45956.yaml,0a1fb07d8bfe875eb3b13f21f6520320e655db74,CVE-2022-45956
956982269,arkede/cve-2022,CVE-2022-36405.yaml,0a23979abedbb1896e7c20d133ea4fcbc318f23d,CVE-2022-36405
956982269,arkede/cve-2022,CVE-2022-24682.yaml,0a3ddb643c19645e5c975816e8fc8bffac0617e9,CVE-2022-24682
956982269,arkede/cve-2022,CVE-2022-0824_2.yaml,0a48a8b671ad348c4137b6dd91adbc9cb42363bc,CVE-2022-0824
956982269,arkede/cve-2022,CVE-2022-44577.yaml,0a69e908945c7d69b94826ae386bccba5d118f6d,CVE-2022-44577
956982269,arkede/cve-2022,CVE-2022-47440.yaml,0a81d7cd7041737ab761f3dc2e4ee3efbbcfcb09,CVE-2022-47440
956982269,arkede/cve-2022,CVE-2022-1990.yaml,0a93c8c54500785647e6bd91dc0d6680fe3a1dc1,CVE-2022-1990
956982269,arkede/cve-2022,CVE-2022-0590.yaml,0aa8ffaca8a5f96619e4c3777f3fecd6a6ea02b2,CVE-2022-0590
956982269,arkede/cve-2022,CVE-2022-3138.yaml,0ab7e516be88f73f16dcee7bc7608d8ac34e4d4f,CVE-2022-3138
956982269,arkede/cve-2022,CVE-2022-4151.yaml,0ac3205b14807a9dab80b43cd42df38262af4d80,CVE-2022-4151
956982269,arkede/cve-2022,CVE-2022-0892.yaml,0aca17385e68020471857fbd57d993ee86cfd985,CVE-2022-0892
956982269,arkede/cve-2022,CVE-2022-40319.yaml,0ad1b3e8fee2e2739d6dba0a8a69e02ce0306f6c,CVE-2022-40319
956982269,arkede/cve-2022,CVE-2022-1532.yaml,0ad49efd1de1c4610c39144d1e4023c16f8e96b9,CVE-2022-1532
956982269,arkede/cve-2022,CVE-2022-1569.yaml,0ad9ffabd5897d7a84034f30ff31747283e32bb5,CVE-2022-1569
956982269,arkede/cve-2022,CVE-2022-38137.yaml,0adade3ec2a8f1a415b7035aaf438fcc3016d003,CVE-2022-38137
956982269,arkede/cve-2022,CVE-2022-31657.yaml,0af1c7bdc8fdda6b4b3f95beaa5415ded0ac2cf7,CVE-2022-31657
956982269,arkede/cve-2022,CVE-2022-3994.yaml,0b13c3b7c174fa8703d8d31c60a12669f2174606,CVE-2022-3994
956982269,arkede/cve-2022,CVE-2022-24990.yaml,0b20e35d09e4f3a54a02121abf0d621da21007fe,CVE-2022-24990
956982269,arkede/cve-2022,CVE-2022-31267.yaml,0b46093789cf233fdf1eb67872c3cd8d4b398558,CVE-2022-31267
956982269,arkede/cve-2022,cve-2022-0288(1).yaml,0b4f05494372f323ab64a6c3bcf169a2ba740ba2,CVE-2022-0288
956982269,arkede/cve-2022,CVE-2022-4827.yaml,0b58bc66312aa3386b8f5beb6d12b97c5308c73c,CVE-2022-4827
956982269,arkede/cve-2022,CVE-2022-43170.yaml,0b5fab64e7a4675ac503eeaf3d187ebe368de1f5,CVE-2022-43170
956982269,arkede/cve-2022,cve-2022-30489(1).yaml,0b63767968958bce531734f782d96a8485aaeb00,CVE-2022-30489
956982269,arkede/cve-2022,CVE-2022-2080.yaml,0b938d14dea0be2d5dc99a5c76e0a75997e0fea5,CVE-2022-2080
956982269,arkede/cve-2022,CVE-2022-4935.yaml,0bc8f9983933b502a75e669c10d3627f05db2099,CVE-2022-4935
956982269,arkede/cve-2022,CVE-2022-29298.yaml,0bcda50f50dcbfb62b8cf5fa448b50ad14a0cf18,CVE-2022-29298
956982269,arkede/cve-2022,CVE-2022-1768_2.yaml,0bde3ce903d61d02547aa4cf89712ab7654325ee,CVE-2022-1768
956982269,arkede/cve-2022,cve-2022-0201.yaml,0bea56d3eb16800c28c4f65aad053d6f2fb09587,CVE-2022-0201
956982269,arkede/cve-2022,CVE-2022-0415.yaml,0c0fede6c04f2591bca8703e4153aa54c507b86e,CVE-2022-0415
956982269,arkede/cve-2022,CVE-2022-2407.yaml,0c3f579279fdd81df5b3868fad644bee3d3f8790,CVE-2022-2407
956982269,arkede/cve-2022,CVE-2022-23987.yaml,0c458859374dbf9b498815abd2179efa7bf7df47,CVE-2022-23987
956982269,arkede/cve-2022,CVE-2022-0437.yaml,0c477ae8b36a5e543eba4d1d52d92f53a586ac6d,CVE-2022-0437
956982269,arkede/cve-2022,CVE-2022-2405.yaml,0c542c628e482f578b9abf626293bcf3a2842042,CVE-2022-2405
956982269,arkede/cve-2022,cve-2022-29014(1).yaml,0c55fb3395c6384d6bf52f8363297180f1f7c429,CVE-2022-29014
956982269,arkede/cve-2022,cve-2022-1598.yaml,0c5964bc8862c46948431775d094077c0cf6aa1b,CVE-2022-1598
956982269,arkede/cve-2022,CVE-2022-33107.yaml,0c5acc35f93114a8786d9b4bb015a887b3b489d2,CVE-2022-33107
956982269,arkede/cve-2022,CVE-2022-41082.yaml,0c65905df411d6c592044dc8abac0215b1585a0a,CVE-2022-41040
956982269,arkede/cve-2022,CVE-2022-41082.yaml,0c65905df411d6c592044dc8abac0215b1585a0a,CVE-2022-41082
956982269,arkede/cve-2022,CVE-2022-3984.yaml,0c750d428f53e89a9f74cf2887104128ed0877c2,CVE-2022-3984
956982269,arkede/cve-2022,CVE-2022-43185_1.yaml,0cbd64852901d1554d6da492ab83635216c3be07,CVE-2022-43185
956982269,arkede/cve-2022,CVE-2022-47430.yaml,0cbdb250b10e687fe3f62b6a59d5a56c24b704db,CVE-2022-47430
956982269,arkede/cve-2022,CVE-2022-21566.yaml,0cbfed795b2c0317dfc3c582222c9bdb21557b12,CVE-2022-21566
956982269,arkede/cve-2022,CVE-2022-45819.yaml,0cc99133f6cd76ad55dd1aa0d85548f12d4c8ea2,CVE-2022-45819
956982269,arkede/cve-2022,CVE-2022-29464.yaml,0cd672fb280490d4ab0d3cb84b278fa7331f1db1,CVE-2022-29464
956982269,arkede/cve-2022,CVE-2022-4547.yaml,0cdb0d2fad9c4c56ef2687cb7a8f1f195d771809,CVE-2022-4547
956982269,arkede/cve-2022,CVE-2022-0499.yaml,0cec6145b76d23c21df1209a9b052ad4afe94b53,CVE-2022-0499
956982269,arkede/cve-2022,CVE-2022-2753.yaml,0d0fa20ae55eb1d2e3fe170b74a7a5e4d8e47c17,CVE-2022-2753
956982269,arkede/cve-2022,CVE-2022-22242.yaml,0d23bffed176716fdea03176ce25673e4a395b15,CVE-2022-22242
956982269,arkede/cve-2022,CVE-2022-1442_2_1.yaml,0d35df636da224cbd5959afe3d134d8fef88b5f3,CVE-2022-1442
956982269,arkede/cve-2022,CVE-2022-23881_1.yaml,0d3c5f937fe78de7366cab9be003f3d29a2147a9,CVE-2022-23881
956982269,arkede/cve-2022,CVE-2022-0952_2.yaml,0d3e8ee3bc93a877501089997c89df841b599a32,CVE-2022-0952
956982269,arkede/cve-2022,CVE-2022-32275.yaml,0d5a8f1e54327d5a5667558f2e387ada820d6716,CVE-2022-32275
956982269,arkede/cve-2022,CVE-2022-30011.yaml,0d65bc71ede870374c443aefeb94e784956a4741,CVE-2022-30011
956982269,arkede/cve-2022,CVE-2022-2062.yaml,0d87a8beccb12fe32747813d92c5844de9bdd80c,CVE-2022-2062
956982269,arkede/cve-2022,CVE-2022-0786_1_1.yaml,0d925e511467b43bc49ca1503a56015b9f660ede,CVE-2022-0786
956982269,arkede/cve-2022,CVE-2022-3148.yaml,0da4e0f49de4cd2f0189e609f3f0256ad63afdf7,CVE-2022-3148
956982269,arkede/cve-2022,cve-2022-1724(1).yaml,0daecf568bea6606f3202022adec90e6cfc9b90b,CVE-2022-1724
956982269,arkede/cve-2022,CVE-2022-25618.yaml,0dd10afce216029bcdf3bd224a9a08c6132c39de,CVE-2022-25618
956982269,arkede/cve-2022,CVE-2022-32776.yaml,0dd11a7b2ccb00b62dc4807a6639d375339af411,CVE-2022-32776
956982269,arkede/cve-2022,CVE-2022-40127_2.yaml,0dd1af5185e737b922f74df28fef9a2aeade0436,CVE-2022-40127
956982269,arkede/cve-2022,CVE-2022-4325_2.yaml,0dd41cbf5a7ba87810a51d8bde583c0d722c2a5d,CVE-2022-4325
956982269,arkede/cve-2022,CVE-2022-4033.yaml,0de88869d5112dfad3c57116fa1f7fed399b4906,CVE-2022-4033
956982269,arkede/cve-2022,cve-2022-21371-6658.yaml,0e00c7862a2e0855aaf985621cbf9bf465d34442,CVE-2022-21371
956982269,arkede/cve-2022,CVE-2022-32025_2.yaml,0e093b40893f39bed469f5310eadb6ee50b06670,CVE-2022-32025
956982269,arkede/cve-2022,CVE-2022-1453.yaml,0e1b74c677c906f5b420d17e3b2eafa515e0a702,CVE-2022-1453
956982269,arkede/cve-2022,CVE-2022-2372.yaml,0e20c179112c138d159421879fb59872a33dff9d,CVE-2022-2372
956982269,arkede/cve-2022,CVE-2022-25601.yaml,0e3a81e14eb6b1f4fd81f87e0f8f72dd5e3a6840,CVE-2022-25601
956982269,arkede/cve-2022,CVE-2022-34937.yaml,0e408e3e371f899124d4fbac61f31da21191c6e6,CVE-2022-34937
956982269,arkede/cve-2022,CVE-2022-0376.yaml,0e49070421edf29410366ef1b52b41410dad6962,CVE-2022-0376
956982269,arkede/cve-2022,CVE-2022-42494.yaml,0e4e92de8dff5b17dc99464f87fd2f2c9621c0e1,CVE-2022-42494
956982269,arkede/cve-2022,CVE-2022-4099.yaml,0e6926bd8127f70c5f39de3a469445f91302414d,CVE-2022-4099
956982269,arkede/cve-2022,CVE-2022-45066.yaml,0e6e556be3c1bb84ba3585f7da1fc2f74d9874c4,CVE-2022-45066
956982269,arkede/cve-2022,CVE-2022-35242.yaml,0e78d55d5ffe342fc7115f2b3b5a6452f5207c71,CVE-2022-35242
956982269,arkede/cve-2022,CVE-2022-42094.yaml,0eacf510c8c1656b13d02624bc12b6b14f4ce152,CVE-2022-42094
956982269,arkede/cve-2022,CVE-2022-1388_2.yaml,0eae57a60bd07c82b2f724468afb82867a2f8004,CVE-2022-1388
956982269,arkede/cve-2022,CVE-2022-1905.yaml,0ebad8b8ced9a15e75e60a3242c3de4d8ae6c3c0,CVE-2022-1905
956982269,arkede/cve-2022,CVE-2022-4447.yaml,0ebf8aa6be3a819d52aa80fd86c593a4cba11af2,CVE-2022-4447
956982269,arkede/cve-2022,CVE-2022-3025.yaml,0ec9c9b8361aca3ae5eb75284eb4d4601b33f19b,CVE-2022-3025
956982269,arkede/cve-2022,CVE-2022-21259.yaml,0edf13f4419e007dd6b220c459db070061c6985b,CVE-2022-21259
956982269,arkede/cve-2022,CVE-2022-43164_1.yaml,0eeb5d90e92c716704d0cf6fda89f3c136f97f77,CVE-2022-43164
956982269,arkede/cve-2022,CVE-2022-47003_3.yaml,0f1875f4486523ffd3bc26dbffd4eee60f953332,CVE-2022-47003
956982269,arkede/cve-2022,CVE-2022-1658.yaml,0f3517397df13eb920e97bddc7972825c93d2e7c,CVE-2022-1658
956982269,arkede/cve-2022,cve-2022-22536.yaml,0f37fb5dcb1f8902d07a89660c0553c8085e8d4d,CVE-2022-22536
956982269,arkede/cve-2022,CVE-2022-1572.yaml,0f38a114f0a94bdac43d1c7f96c49a5b30912ed5,CVE-2022-1572
956982269,arkede/cve-2022,CVE-2022-2224.yaml,0f38d9afd92d365eed9a6b736a21d30b3a0bf312,CVE-2022-2224
956982269,arkede/cve-2022,CVE-2022-27420.yaml,0f50db01edbca55f57896421cdc9c44543ef5508,CVE-2022-27420
956982269,arkede/cve-2022,CVE-2022-4230.yaml,0f5dc9fa7a8b30c502c314d7969989d0a6fae3a6,CVE-2022-4230
956982269,arkede/cve-2022,CVE-2022-1013.yaml,0f8059159c8ce291fc8f88690cc3afbeaae68f5a,CVE-2022-1013
956982269,arkede/cve-2022,CVE-2022-0398.yaml,0f8bd0b428252ee50150f7c79f7135161b9bfa07,CVE-2022-0398
956982269,arkede/cve-2022,CVE-2022-29034.yaml,0fcfc9d642fdfbf736a9eaaab34ba819e131f244,CVE-2022-29034
956982269,arkede/cve-2022,CVE-2022-1597(1).yaml,0fd2522119f23d28516369b0f6e579ab802d032c,CVE-2022-1597
956982269,arkede/cve-2022,cve-2022-0653-6638.yaml,0fd5fb115c49a3fd72ac8289dc8525cc8b5830b4,CVE-2022-0653
956982269,arkede/cve-2022,CVE-2022-2535.yaml,0fd64f04870e668349a852086d3ec65b77301ce3,CVE-2022-2535
956982269,arkede/cve-2022,CVE-2022-3873.yaml,0fdad5df39bff5a7f26b0145056c5238978fe247,CVE-2022-3873
956982269,arkede/cve-2022,CVE-2022-29007_3.yaml,0fe14f657d0adf9382642394f20cb0701ff94438,CVE-2022-29007
956982269,arkede/cve-2022,CVE-2022-33198.yaml,0fee5d47bc302a82c41ea61108f29915ae6c8cfc,CVE-2022-33198
956982269,arkede/cve-2022,CVE-2022-27855.yaml,0fef3b58252d0117ce27ebf51646e15093748d73,CVE-2022-27855
956982269,arkede/cve-2022,CVE-2022-37122.yaml,0ffde78fcde34c5e95139287f0f9f5c534efdd96,CVE-2022-37122
956982269,arkede/cve-2022,CVE-2022-0347.yaml,1007f5c722ee6ae9bd35db920cedab77e5e3d1f4,CVE-2022-0347
956982269,arkede/cve-2022,CVE-2022-32022_3.yaml,1031e1430bbbc68d3ca4de21083e904ab6cc105e,CVE-2022-32022
956982269,arkede/cve-2022,CVE-2022-21386.yaml,1054b125aa200fc094a6b735fadb077037a511b6,CVE-2022-21386
956982269,arkede/cve-2022,cve-2022-0165-6609.yaml,108eaaa5b8727723d37c1863d158523ccccbb089,CVE-2022-0165
956982269,arkede/cve-2022,cve-2022-0346-6622.yaml,108ec57f954808252fbb39c52f313aab1071bf64,CVE-2022-0346
956982269,arkede/cve-2022,CVE-2022-3245.yaml,10abf30e534d7376545c69db1343f2a9fb961fca,CVE-2022-3245
956982269,arkede/cve-2022,CVE-2022-41978.yaml,10b74cdcef14c5ecf692ebc3e70315f739002f15,CVE-2022-41978
956982269,arkede/cve-2022,CVE-2022-4793.yaml,10e39311410cc8f092a6a93667fba92e2eb56048,CVE-2022-4793
956982269,arkede/cve-2022,CVE-2022-29429.yaml,10f6a98797f4a47976b39158e045daedc697c0e2,CVE-2022-29429
956982269,arkede/cve-2022,cve-2022-21371-6657.yaml,11014468a6d55d607f67c059df941682474927e9,CVE-2022-21371
956982269,arkede/cve-2022,CVE-2022-41132.yaml,111de25d5edf76e4b5f16b71e035b1a7f671d127,CVE-2022-41132
956982269,arkede/cve-2022,CVE-2022-0595_1.yaml,112dfce48dc83cf4e0f1749dc4301f2aa96061d1,CVE-2022-0595
956982269,arkede/cve-2022,CVE-2022-0246.yaml,1134697c7483e1bdaf440f8410dfe88274ddfd6a,CVE-2022-0246
956982269,arkede/cve-2022,CVE-2022-2488_1.yaml,1140a0d40f5961072358b889acd26080cc615110,CVE-2022-2488
956982269,arkede/cve-2022,CVE-2022-41623.yaml,11493d84ca14ac961bb1061b667da36b0e5d53fe,CVE-2022-41623
956982269,arkede/cve-2022,CVE-2022-0349_2.yaml,114bc30cbf8587805344f1fd6f3ac867d154eff3,CVE-2022-0349
956982269,arkede/cve-2022,CVE-2022-4242.yaml,1150fc69d0e677401e5c366998192d9a4a6ebe3b,CVE-2022-4242
956982269,arkede/cve-2022,CVE-2022-2219_1.yaml,115ba256b9d52494f6a9b5a3e5a9e7f7c508a57a,CVE-2022-2219
956982269,arkede/cve-2022,CVE-2022-24181_2.yaml,117ab1de7292982c1a2efeeca64ff6df6abd1f78,CVE-2022-24181
956982269,arkede/cve-2022,CVE-2022-38079.yaml,1189dd0705baa1c69b7aaf6db653e91bdb2a4657,CVE-2022-38079
956982269,arkede/cve-2022,CVE-2022-36553_1.yaml,118e10a4f0e9a125354f3f16a748ffcb24166df9,CVE-2022-36553
956982269,arkede/cve-2022,CVE-2022-2450.yaml,1191638768d7cdd5bdd9702886b56efb90aec5e3,CVE-2022-2450
956982269,arkede/cve-2022,CVE-2022-3150.yaml,1193fffd33404e026e3f0d64ebdf79dc9d26c817,CVE-2022-3150
956982269,arkede/cve-2022,CVE-2022-29777.yaml,11b9166f2e6dfa66703e7d8f1ea28940c20cbd0c,CVE-2022-29777
956982269,arkede/cve-2022,CVE-2022-1476.yaml,11c436812b29ac97a478de492b2937dfeec5dad0,CVE-2022-1476
956982269,arkede/cve-2022,CVE-2022-2424.yaml,11cb36df2d047814db2cd4d363e30d1410b3cd98,CVE-2022-2424
956982269,arkede/cve-2022,CVE-2022-1600.yaml,11e0f5c2d55947a4d743b789cf343ccfd8479ec1,CVE-2022-1600
956982269,arkede/cve-2022,CVE-2022-47168.yaml,11e3c01f75af6542196e2db3845dfd3b47a8bb64,CVE-2022-47168
956982269,arkede/cve-2022,CVE-2022-0781.yaml,11fdd6b2331fc24f62660177dee15f364699ec2e,CVE-2022-0781
956982269,arkede/cve-2022,CVE-2022-4717.yaml,1200a3b480b4333e93bf226792ba97242056360c,CVE-2022-4717
956982269,arkede/cve-2022,CVE-2022-4030.yaml,120a5a123fded3b9c23638eb7360fab15312babb,CVE-2022-4030
956982269,arkede/cve-2022,CVE-2022-45068.yaml,120da66e020950c8e1564302685e02772322cf9b,CVE-2022-45068
956982269,arkede/cve-2022,CVE-2022-38141.yaml,121b7b32c96a6610c4613cd7d68be4ac64dba2d7,CVE-2022-38141
956982269,arkede/cve-2022,CVE-2022-1009.yaml,122890e8c204a60dba7619742ba74bf55df99839,CVE-2022-1009
956982269,arkede/cve-2022,CVE-2022-20699.yaml,122a51c1f523fd7346d298c004bf41a3aa80a937,CVE-2022-20699
956982269,arkede/cve-2022,CVE-2022-20699.yaml,122a51c1f523fd7346d298c004bf41a3aa80a937,ZDI-22-414
956982269,arkede/cve-2022,cve-2022-0692.yaml,1248222e376bf67efb1d2f203653026db7173fe1,CVE-2022-0692
956982269,arkede/cve-2022,CVE-2022-29251.yaml,126247e2384d17219f5d61101550814e3d7c87db,CVE-2022-29251
956982269,arkede/cve-2022,CVE-2022-29251.yaml,126247e2384d17219f5d61101550814e3d7c87db,GHSA-VMHH-XH3G-J992
956982269,arkede/cve-2022,CVE-2022-1564.yaml,12692fde32cf362138f2b4c4a6f4cd8d367d3cec,CVE-2022-1564
956982269,arkede/cve-2022,CVE-2022-0595_2.yaml,12743578837d83fb961a6df1be0dbd6edb35c056,CVE-2022-0595
956982269,arkede/cve-2022,CVE-2022-30545.yaml,12901d5ecbfd40d8d15bc59bcd030fd395bf5320,CVE-2022-30545
956982269,arkede/cve-2022,CVE-2022-45352.yaml,12bc49c5d7a10d7c2924c656158acec8c5aab75e,CVE-2022-45352
956982269,arkede/cve-2022,CVE-2022-45352.yaml,12bc49c5d7a10d7c2924c656158acec8c5aab75e,CVE-2022-45356
956982269,arkede/cve-2022,cve-2022-0660(1).yaml,12cff48c8679fdbe2dd7cf63c06ac0c58d64329e,GHSA-HHRJ-WP42-32V3
956982269,arkede/cve-2022,cve-2022-0660(1).yaml,12cff48c8679fdbe2dd7cf63c06ac0c58d64329e,CVE-2022-0660
956982269,arkede/cve-2022,CVE-2022-47136.yaml,1300f801d9822dfd944e2f76adeb52b7cc32fcf0,CVE-2022-47136
956982269,arkede/cve-2022,CVE-2022-2462.yaml,130764f406421560e1d3140f68d374aec68b0f47,CVE-2022-2462
956982269,arkede/cve-2022,CVE-2022-4624.yaml,131f8fa21b9c7562154d43891070cb4300a4c408,CVE-2022-4624
956982269,arkede/cve-2022,CVE-2022-4426.yaml,132ac3bc2c0bf4f429d3045c1e23813e16e2b46d,CVE-2022-4426
956982269,arkede/cve-2022,CVE-2022-21670.yaml,133bf721e6c9a6476578cf21a459277cb8f0c60e,CVE-2022-21670
956982269,arkede/cve-2022,CVE-2022-2958.yaml,133ffbe5d57f256e61e066244c14be5fa6769023,CVE-2022-2958
956982269,arkede/cve-2022,CVE-2022-32093.yaml,1340a39c98d9822edf2eac996bfe62afe4295af1,CVE-2022-32093
956982269,arkede/cve-2022,CVE-2022-46845.yaml,135314b901b68f49286c7d55cf157f93b6c14351,CVE-2022-46845
956982269,arkede/cve-2022,CVE-2022-28365.yaml,136628684b566feaa42d56a8dec45085472c955d,CVE-2022-28365
956982269,arkede/cve-2022,CVE-2022-28365.yaml,136628684b566feaa42d56a8dec45085472c955d,GHSA-4G2V-6X25-VR7P
956982269,arkede/cve-2022,CVE-2022-38085.yaml,136827ca9814719405c00bc105329fa038a8960d,CVE-2022-38085
956982269,arkede/cve-2022,CVE-2022-36387.yaml,139c3c62b0cadc9b4d1915b668fdfd205a5d5a42,CVE-2022-36387
956982269,arkede/cve-2022,CVE-2022-35726.yaml,13d6a4c1f38859c5a7c32c603a3919a557f59091,CVE-2022-35726
956982269,arkede/cve-2022,CVE-2022-43769.yaml,13df452335622dbc32063216c45ad20c96f379bd,CVE-2022-43769
956982269,arkede/cve-2022,CVE-2022-1398_1.yaml,13e3217ecafb46220c9ccf1a82c89a0d50b13f8d,CVE-2022-1398
956982269,arkede/cve-2022,CVE-2022-41616.yaml,13e619ed81953d9a98cef1519d3108ef82f5f705,CVE-2022-41616
956982269,arkede/cve-2022,CVE-2022-37190_1.yaml,13f4990752d38a2a540cbf1b121265b2ba8b9554,CVE-2022-37190
956982269,arkede/cve-2022,cve-2022-26159-6733.yaml,13fc6dcefed9c8a6dd4bfeab34cbe40177bd4b9b,CVE-2022-26159
956982269,arkede/cve-2022,CVE-2022-21353.yaml,1415e9264f7bcf1e6c6ae2421b6d3545cb6258d3,CVE-2022-21353
956982269,arkede/cve-2022,cve-2022-23347.yaml,14178ca1ef1f5314b0fd3c9a4e22ee6336477330,CVE-2022-23347
956982269,arkede/cve-2022,CVE-2022-2409.yaml,1421084cef404265513241ea7d11a582a8bcad25,CVE-2022-2409
956982269,arkede/cve-2022,CVE-2022-1591.yaml,1428ca450ea71f460803a21b9b79efb755cf35ed,CVE-2022-1591
956982269,arkede/cve-2022,CVE-2022-1591.yaml,1428ca450ea71f460803a21b9b79efb755cf35ed,CVE-2022-30705
956982269,arkede/cve-2022,CVE-2022-3241.yaml,1428f0d16589f853991d0c0bdd3334c91484df42,CVE-2022-3241
956982269,arkede/cve-2022,CVE-2022-40944.yaml,142bedfa483170ceca40d9cdb7dc6207ee8fa2c1,CVE-2022-40944
956982269,arkede/cve-2022,CVE-2022-41618.yaml,142e65a8f49fad8cb206a4c1c27e84d317bdb5db,CVE-2022-41618
956982269,arkede/cve-2022,CVE-2022-47607.yaml,143469cbfeba3a512a341916797cf9009c2bf36c,CVE-2022-47607
956982269,arkede/cve-2022,CVE-2022-32280.yaml,1442aec0b6d2c17424b6360da2f7608e7370d923,CVE-2022-32280
956982269,arkede/cve-2022,CVE-2022-38468.yaml,144428daabac5e6a0add51f60720fe2ea5769921,CVE-2022-38468
956982269,arkede/cve-2022,CVE-2022-4838.yaml,145ab9259c5508a826022a1bfe364dcc8afbf002,CVE-2022-4838
956982269,arkede/cve-2022,CVE-2022-31845_4.yaml,14639155a4cc6725776000da9feacb6165807208,CVE-2022-30489
956982269,arkede/cve-2022,CVE-2022-31845_4.yaml,14639155a4cc6725776000da9feacb6165807208,CVE-2022-31845
956982269,arkede/cve-2022,CVE-2022-3076.yaml,146c0b179980047a5058d2d520eb5a67de282895,CVE-2022-3076
956982269,arkede/cve-2022,CVE-2022-2357.yaml,147a9a94b89b6df98545b093955e66f83c6d687a,CVE-2022-2357
956982269,arkede/cve-2022,CVE-2022-45349.yaml,1488300426a9b9cd74326d6ac3b76e6044f5ad17,CVE-2022-45356
956982269,arkede/cve-2022,CVE-2022-45349.yaml,1488300426a9b9cd74326d6ac3b76e6044f5ad17,CVE-2022-45349
956982269,arkede/cve-2022,CVE-2022-1723.yaml,148f6cc6df735fd137ac85c68dc9554016fa894d,CVE-2022-1723
956982269,arkede/cve-2022,CVE-2022-4533.yaml,149394abc7490b63396979baeeeff4e3f4a942c0,CVE-2022-4533
956982269,arkede/cve-2022,CVE-2022-39960_3.yaml,149945d07d1a3885428826ef82731d610c0396eb,CVE-2022-39960
956982269,arkede/cve-2022,CVE-2022-1689.yaml,149ba09bd71da885d7aee3382325587be2f02d0f,CVE-2022-1689
956982269,arkede/cve-2022,CVE-2022-2945.yaml,14a0ede8d47e03c234129ff0bf14511e2bef2e5b,CVE-2022-2945
956982269,arkede/cve-2022,CVE-2022-1945.yaml,14a7cb61613d87cb111f26fd2cd02c6941615f0c,CVE-2022-1945
956982269,arkede/cve-2022,CVE-2022-25613.yaml,14d07cc6900cb5146f7c14f7aeb3cb5e64c0f32f,CVE-2022-25613
956982269,arkede/cve-2022,cve-2022-24900-6714.yaml,14d2491ee97b2dfe8c1738c13cd92e5ddc535410,CVE-2022-24900
956982269,arkede/cve-2022,CVE-2022-38470.yaml,14dfcb687943336d1c587c909e6d674acd3e3b27,CVE-2022-38470
956982269,arkede/cve-2022,CVE-2022-0220.yaml,14e583545fcb885731246535ea219d004b7a0c1f,CVE-2022-0220
956982269,arkede/cve-2022,CVE-2022-2565.yaml,14e82cbceaec04c85fc329374768d51de9161648,CVE-2022-2565
956982269,arkede/cve-2022,CVE-2022-43459.yaml,14efcb711e5198072e20060489a316540851f437,CVE-2022-43459
956982269,arkede/cve-2022,CVE-2022-1937(1).yaml,15160c429da2ab0cc34f2bf1efca6e2b656efe9c,CVE-2022-1937
956982269,arkede/cve-2022,CVE-2022-31976_1.yaml,152837b055f87088c4e18725c6de34f54769b849,CVE-2022-31976
956982269,arkede/cve-2022,CVE-2022-1456.yaml,1541d8b781c8f9cd31f0567523f7f922f9977953,CVE-2022-1456
956982269,arkede/cve-2022,CVE-2022-0189_2.yaml,154624fac4a79d55fcd258a21194ef8afdddf652,CVE-2022-0189
956982269,arkede/cve-2022,CVE-2022-1815_1.yaml,155cc7f5c4e27117b294cac8612ed28fb26152dc,CVE-2022-1815
956982269,arkede/cve-2022,CVE-2022-0214.yaml,157f9f620199906ecfa7e791238b2224c88c6737,CVE-2022-0214
956982269,arkede/cve-2022,CVE-2022-1388_3.yaml,15917aece5a78c6eda10ff55b0b9eb75aa083d85,CVE-2022-1388
956982269,arkede/cve-2022,CVE-2022-27263.yaml,159829e82c5f1682453107dc604d8bf9842aa779,CVE-2022-27263
956982269,arkede/cve-2022,CVE-2022-41695.yaml,15a231b2d43e5b17ea804a8b00fbd95f69a6c76e,CVE-2022-41695
956982269,arkede/cve-2022,cve-2022-42889.yaml,15a793ccc3834921e5e935a8d3202b3d502e9582,CVE-2022-42889
956982269,arkede/cve-2022,CVE-2022-31845_2.yaml,15d48d2d6c32a98834ac5c923e9a609a4d6cb788,CVE-2022-31845
956982269,arkede/cve-2022,CVE-2022-31845_2.yaml,15d48d2d6c32a98834ac5c923e9a609a4d6cb788,CVE-2022-30489
956982269,arkede/cve-2022,cve-2022-32028(1).yaml,15d4debb14db59fb2b08ae909fc5d110ab8380a2,CVE-2022-32028
956982269,arkede/cve-2022,CVE-2022-1570.yaml,15fe31c16363fd31c05c12c7e010631f0515368d,CVE-2022-1570
956982269,arkede/cve-2022,CVE-2022-0176.yaml,1605f5f47eb4e8de6c104144e403b381e5a5f792,CVE-2022-0176
956982269,arkede/cve-2022,CVE-2022-0901.yaml,161af0e4fc5d1ff2cbcab93fe68487f8ecf117bb,CVE-2022-0901
956982269,arkede/cve-2022,cve-2022-28080-6743.yaml,1624e7514315ce70181b833d6f3ec14de72fc892,CVE-2022-28080
956982269,arkede/cve-2022,CVE-2022-26271.yaml,162f86026c4cfe0d4a83c61f781b4e47d189901a,CVE-2022-26271
956982269,arkede/cve-2022,CVE-2022-3440.yaml,1653a1b4261e5d5162f72c52c956fc57fa867c0f,CVE-2022-3440
956982269,arkede/cve-2022,CVE-2022-47433.yaml,1667e69a340f54ec753067acc6076f6745524b37,CVE-2022-47433
956982269,arkede/cve-2022,cve-2022-30073_1.yaml,166bec883b42db211c935c74f23d05a897dc325c,CVE-2022-30073
956982269,arkede/cve-2022,CVE-2022-3882.yaml,1689a4013aae2845efd215097286a4a5155f3211,CVE-2022-3882
956982269,arkede/cve-2022,CVE-2022-45541.yaml,16a6f45d6d3d227c4920ea983c807a161ee47790,CVE-2022-45541
956982269,arkede/cve-2022,CVE-2022-48118.yaml,16d6911e088f8fe2d4f2cb39c999450c2ee3ec54,CVE-2022-48118
956982269,arkede/cve-2022,cve-2022-26352-6737.yaml,16ecdf7f9280b6eac3be526f342b6e10c18352b7,CVE-2022-26352
956982269,arkede/cve-2022,CVE-2022-4625.yaml,172643e2cc51731ae766928cc490edc61f404ad8,CVE-2022-4625
956982269,arkede/cve-2022,CVE-2022-4157.yaml,1726599330aaa7f791c615aa2c1f6e69b6a5322d,CVE-2022-4157
956982269,arkede/cve-2022,CVE-2022-0784_2.yaml,1731a84d4728364201e37e719c564433568f9068,CVE-2022-0784
956982269,arkede/cve-2022,CVE-2022-3822.yaml,1772415a82342ffded956ae2f6250832d23b2935,CVE-2022-3822
956982269,arkede/cve-2022,CVE-2022-24637_2.yaml,1779ea730c2c514b09290a92319e3a091fdeb5fd,CVE-2022-24637
956982269,arkede/cve-2022,CVE-2022-2487.yaml,1787e033f094393b9bbb7cbe923682a9b25f4d6b,CVE-2022-2487
956982269,arkede/cve-2022,CVE-2022-46169.yaml,1792ee1c7fac8aad9c434221f6c5ecb46d5ec618,CVE-2022-46169
956982269,arkede/cve-2022,CVE-2022-2599_2.yaml,1795d3f3b11ae7cff8aa21d8d4f3fdebca0e4b08,CVE-2022-2599
956982269,arkede/cve-2022,CVE-2022-41608.yaml,17b200e3ff59155af28e6b1c02c1273dd26b3718,CVE-2022-41608
956982269,arkede/cve-2022,CVE-2022-3244.yaml,17bc58a43a6ec5144d988b9b209efc5510b54cfd,CVE-2022-3244
956982269,arkede/cve-2022,CVE-2022-0163.yaml,17bc686306335dc99a28c62e7d258e6eea055e8e,CVE-2022-0163
956982269,arkede/cve-2022,CVE-2022-4606.yaml,17d14a26744122fe5df9591b654280b440bfaeab,CVE-2022-4606
956982269,arkede/cve-2022,CVE-2022-4447_1_1.yaml,17db327fc7f29f49d27f35710bbb6b7a68c9ff40,CVE-2022-4447
956982269,arkede/cve-2022,CVE-2022-3909.yaml,17e211fd87c52f17e094d05facadcfd23b80b22b,CVE-2022-3909
956982269,arkede/cve-2022,CVE-2022-27851.yaml,17f19b810aff387d7486ffeee3b422ec9b1047f9,CVE-2022-27851
956982269,arkede/cve-2022,CVE-2022-3987.yaml,17f9ea8c3fc8fed382728507c2eab8bd56dfb757,CVE-2022-3987
956982269,arkede/cve-2022,CVE-2022-1326.yaml,1801a2fa3225cae2ab9687163d0101100e76bcbc,CVE-2022-1326
956982269,arkede/cve-2022,CVE-2022-21252.yaml,181d37a2b3bf706219e317ca4b43be16328a3d8e,CVE-2022-21252
956982269,arkede/cve-2022,CVE-2022-25604.yaml,182b8e89486778658951b80c6e445b294646b92e,CVE-2022-25604
956982269,arkede/cve-2022,cve-2022-27927_1.yaml,182e43013329c6d4b108732b1412b7f93ebb3c81,CVE-2022-27927
956982269,arkede/cve-2022,CVE-2022-1014.yaml,184386c4e14fb8765f887567c789811fc0262a82,CVE-2022-1014
956982269,arkede/cve-2022,CVE-2022-4161.yaml,184949a4a71d1d68d4e1bd06ff5581c3fb9df2ba,CVE-2022-4161
956982269,arkede/cve-2022,CVE-2022-22930.yaml,18542cd2581f51d4782126320dd15decfb0092d5,CVE-2022-22930
956982269,arkede/cve-2022,CVE-2022-45130.yaml,185efd738a466df4ef788225f15e0e2d3f286147,CVE-2022-45130
956982269,arkede/cve-2022,CVE-2022-3578_1.yaml,1866270181cf1d29f2f4ecdab6c61dc652a47cb4,CVE-2022-3578
956982269,arkede/cve-2022,CVE-2022-2354.yaml,186dfcecdf7bc3326010648683fda1b3dedc44c5,CVE-2022-2354
956982269,arkede/cve-2022,CVE-2022-4310.yaml,1881de0b8965461625e9e57ff6913eaa869a0f5a,CVE-2022-4310
956982269,arkede/cve-2022,CVE-2022-47600.yaml,1885a3b6eef417e70514cccdd98950fb1b30e23a,CVE-2022-47600
956982269,arkede/cve-2022,CVE-2022-1386.yaml,188dd4b95836624c55b8b8ad8730da2c5c1fcc33,CVE-2022-1386
956982269,arkede/cve-2022,cve-2022-1609-6655_1.yaml,189b2e87aa1ccfdc5600e88ad88eeb6addf7aa38,CVE-2022-1609
956982269,arkede/cve-2022,CVE-2022-28023_2.yaml,18b9f1c975d23bd56ccd12659a26e88a47b2285c,CVE-2022-28023
956982269,arkede/cve-2022,CVE-2022-45823.yaml,18bba8d503e38b4e40687e878d74aa108a334024,CVE-2022-45823
956982269,arkede/cve-2022,cve-2022-1054(1).yaml,18c4b16f772843ab8beb439d3cf07f5fd728018d,CVE-2022-1054
956982269,arkede/cve-2022,CVE-2022-4370.yaml,18dc6ff609afe3cf5a406d1acdcbb3757dc44457,CVE-2022-4370
956982269,arkede/cve-2022,CVE-2022-2001.yaml,18de36f8f03b8b3c53cb32d05e46749c83804dba,CVE-2022-2001
956982269,arkede/cve-2022,CVE-2022-1303.yaml,18e7565cc2ef9c54ad1152b7ccc46ea944112407,CVE-2022-1303
956982269,arkede/cve-2022,CVE-2022-37412.yaml,18fd17bea8300cbea6db8007f7ae7f8bb957bb7a,CVE-2022-37412
956982269,arkede/cve-2022,CVE-2022-4549.yaml,1913b41bca97835d8cb84377352dc688e242f84c,CVE-2022-4549
956982269,arkede/cve-2022,CVE-2022-0313.yaml,191f747fd8b7e70a353b6dcea3eec92bcd253732,CVE-2022-0313
956982269,arkede/cve-2022,CVE-2022-47426.yaml,192453eaa82490285aa56fba7859819e7ecd1e73,CVE-2022-47426
956982269,arkede/cve-2022,CVE-2022-0220_3.yaml,194a2e58dbc1ecbef108d72df5602b7b54a93945,CVE-2022-0220
956982269,arkede/cve-2022,CVE-2022-2599_1.yaml,19528123427075b8048a437455f7b32aa9db21a2,CVE-2022-2599
956982269,arkede/cve-2022,CVE-2022-38067.yaml,1958033f9e40a7780e338f7a7a3d0e07a4e73cea,CVE-2022-38067
956982269,arkede/cve-2022,CVE-2022-47587.yaml,196363ee31f44185e8034fb28b8d2105d93f24b9,CVE-2022-47587
956982269,arkede/cve-2022,cve-2022-0148-6605.yaml,199198b928614eabc5740298516dd94f5bb3e1b1,CVE-2022-0148
956982269,arkede/cve-2022,CVE-2022-29424.yaml,199a288b26d9a8523bc6589fbef324935b5cf936,CVE-2021-25031
956982269,arkede/cve-2022,CVE-2022-29424.yaml,199a288b26d9a8523bc6589fbef324935b5cf936,CVE-2022-29424
956982269,arkede/cve-2022,CVE-2022-45836.yaml,19be9392164b0ac5394d914624aa6de0f6a80319,CVE-2022-45836
956982269,arkede/cve-2022,cve-2022-1439.yaml,19d908846793e5e522c6ca33d5a81d08b5809884,CVE-2022-1439
956982269,arkede/cve-2022,cve-2022-26148-6731.yaml,19e494c11224ede3097859e5f2826efba6c14638,CVE-2022-26148
956982269,arkede/cve-2022,CVE-2022-30073_1.yaml,19f39ea24af53ffb5a5356d7c1d32fbc3a1fec41,CVE-2022-30073
956982269,arkede/cve-2022,CVE-2022-2410.yaml,19f52a4ae7dab5cf4c46ff0e7c688e1513d8e277,CVE-2022-2410
956982269,arkede/cve-2022,CVE-2022-30536.yaml,19f52edfce5df9c6c86010394a95bbfa35f9aac3,CVE-2022-30536
956982269,arkede/cve-2022,CVE-2022-1168.yaml,19f9b462f2010f9948f8be502ba70d62d235b721,CVE-2022-1168
956982269,arkede/cve-2022,CVE-2022-40209.yaml,1a1997e0dd16a7c7c5fea32d9a76f6ca2fb10e53,CVE-2022-40209
956982269,arkede/cve-2022,CVE-2022-0505.yaml,1a2e4f9d1d6a28239d5947300e6aede1bc2aae7e,CVE-2022-0505
956982269,arkede/cve-2022,CVE-2022-2486_1.yaml,1a308eac206f4cb904408216b15fe386e7820a75,CVE-2022-2486
956982269,arkede/cve-2022,CVE-2022-45375.yaml,1a35ee18e0217d200b291dae3eb9460b652e985d,CVE-2022-45375
956982269,arkede/cve-2022,CVE-2022-3137.yaml,1a37c1f8a2cf3a058170bb8dfd7ec353cc42bcd7,CVE-2022-3137
956982269,arkede/cve-2022,CVE-2022-34094.yaml,1a38cdd729fed4215297eff499dec4aaf53ec39b,CVE-2022-34093
956982269,arkede/cve-2022,CVE-2022-34094.yaml,1a38cdd729fed4215297eff499dec4aaf53ec39b,CVE-2022-34094
956982269,arkede/cve-2022,CVE-2022-4745.yaml,1a522261a86c338adb83c96d3fbeaed5dc4426a5,CVE-2022-4745
956982269,arkede/cve-2022,cve-2022-2488(1).yaml,1a62d528cec3c67bd5b2d0f8e6004420d56daf7b,CVE-2022-2488
956982269,arkede/cve-2022,cve-2022-0594.yaml,1a68c7366ccb4de4ae4b77e37e31e5d036d574c2,CVE-2022-0594
956982269,arkede/cve-2022,CVE-2022-3578.yaml,1a7b419ffbf6d8a111c14c7a7d4d76c9733a00e8,CVE-2022-3578
956982269,arkede/cve-2022,CVE-2022-26281.yaml,1a90dc5935f787aa683fc0b938788feffc5aa734,CVE-2022-26281
956982269,arkede/cve-2022,CVE-2022-1768.yaml,1a94eb74b3a54f7c7124770fbce1a694d0bf9c50,CVE-2022-1505
956982269,arkede/cve-2022,CVE-2022-1768.yaml,1a94eb74b3a54f7c7124770fbce1a694d0bf9c50,CVE-2022-1453
956982269,arkede/cve-2022,CVE-2022-1768.yaml,1a94eb74b3a54f7c7124770fbce1a694d0bf9c50,CVE-2022-1768
956982269,arkede/cve-2022,CVE-2022-47179.yaml,1a9efb487deacf7bdfee787342ccb00fe9a8e2c4,CVE-2022-47179
956982269,arkede/cve-2022,CVE-2022-44626.yaml,1a9fbb7a48d03d315e7b741cdb593007cdf49cc3,CVE-2022-44626
956982269,arkede/cve-2022,CVE-2022-1463.yaml,1aa301ad096b91218b4df81ee831934cbf99fa0b,CVE-2022-1463
956982269,arkede/cve-2022,CVE-2022-4226.yaml,1abe9c4acd38161872820d71c37b09acd527779d,CVE-2022-4226
956982269,arkede/cve-2022,CVE-2022-36373.yaml,1acb0a577d049774ef4f53b1026ba98abdbf181c,CVE-2022-36373
956982269,arkede/cve-2022,CVE-2022-4028.yaml,1acdbc6ae2c6f860075c15c34b21f77b8900e407,CVE-2022-4028
956982269,arkede/cve-2022,CVE-2022-40127_1.yaml,1acf14e56631e88b82e3ef60561ded7f306234de,CVE-2022-40127
956982269,arkede/cve-2022,CVE-2022-21262.yaml,1ad3a5508015f1a0f0fe093f09b5050a4c6a1cdc,CVE-2022-21262
956982269,arkede/cve-2022,CVE-2022-28477.yaml,1add405730814ef20c7d32c696789a0cf1940fab,CVE-2022-28477
956982269,arkede/cve-2022,CVE-2022-26980.yaml,1ae729b7dbc2846002697bfbc0db3cccf8b76afa,CVE-2022-26980
956982269,arkede/cve-2022,cve-2022-24129(1).yaml,1ae9ca2f4cdcfa6034ceb53aa444f41188437ce5,CVE-2022-24129
956982269,arkede/cve-2022,CVE-2022-3395.yaml,1af614dc3de78838c8ec61256e2c5e9ef3b389d2,CVE-2022-3395
956982269,arkede/cve-2022,CVE-2022-38296_2.yaml,1af75672f73e1357588a56ec55d260d7814d0da4,CVE-2022-38296
956982269,arkede/cve-2022,CVE-2022-1566.yaml,1b0ca4ef8b621b2ef870b39405dcdc0df3c79c11,CVE-2022-1566
956982269,arkede/cve-2022,CVE-2022-31798.yaml,1b0f09b547cbe233557efa7ab5cc91abf924d377,CVE-2022-31798
956982269,arkede/cve-2022,CVE-2022-29005_1.yaml,1b156fe48619c683da14f3860f9d2d219cbbe16c,CVE-2022-29005
956982269,arkede/cve-2022,CVE-2022-25488.yaml,1b1a18aa7dc0309525f77b2245c5d0cb2b51b002,CVE-2022-25488
956982269,arkede/cve-2022,cve-2022-21371.yaml,1b4f1a2524111903e89c0b4bf2b0cc79d585cfe7,CVE-2022-21371
956982269,arkede/cve-2022,CVE-2022-0765.yaml,1b709863ea192f89a710638ee5303bd00b9d0a62,CVE-2022-0765
956982269,arkede/cve-2022,CVE-2022-46846.yaml,1b72a719d8a6781c10bf0f2857022ac1b1ed6301,CVE-2022-46846
956982269,arkede/cve-2022,CVE-2022-27984_2.yaml,1b8881bbed044e724ca61ea5ef4f1dd1b2360670,CVE-2022-27984
956982269,arkede/cve-2022,CVE-2022-0593.yaml,1ba0c9ae05d8876ffb9009843fd0c97d643ac8a9,CVE-2022-0593
956982269,arkede/cve-2022,CVE-2022-0914.yaml,1ba38fd79f6b998c63bd68776e787cf980c9af52,CVE-2022-0914
956982269,arkede/cve-2022,CVE-2022-27846.yaml,1bb288765019f70278321d16501dcccb01224362,CVE-2022-27846
956982269,arkede/cve-2022,CVE-2022-42475.yaml,1bbbedf7fc112380031fdcd0c6b946761ee40641,CVE-2022-42475
956982269,arkede/cve-2022,CVE-2022-3247.yaml,1bc431ece415c05d573b366491aa405116306274,CVE-2022-3247
956982269,arkede/cve-2022,CVE-2022-3937.yaml,1bc6efd992b9c7f3836cce74c3adfb7cdb6e9008,CVE-2022-3937
956982269,arkede/cve-2022,CVE-2022-41930.yaml,1be60d7a8bed124253d6705511a52648accafe45,CVE-2022-41930
956982269,arkede/cve-2022,CVE-2022-4005.yaml,1c03b1700407fc9a82fed34e681dd1e5cc46e0e7,CVE-2022-4005
956982269,arkede/cve-2022,CVE-2022-38140.yaml,1c0c7acf01ad0fcab3bb5ae6de5b6ff1b821dd96,CVE-2022-38140
956982269,arkede/cve-2022,CVE-2022-1101.yaml,1c0cd9bf601cd43a9cb044ff6208541c7a33e695,CVE-2022-1101
956982269,arkede/cve-2022,CVE-2022-45370.yaml,1c2241bcd3c7f4d0d1b3561a2fb89602a2b7832d,CVE-2022-45370
956982269,arkede/cve-2022,cve-2022-24288-6711.yaml,1c25307c1f7042d122dc9374396b1003b9c72603,CVE-2022-24288
956982269,arkede/cve-2022,cve-2022-24288-6711.yaml,1c25307c1f7042d122dc9374396b1003b9c72603,GHSA-3V7G-4PG3-7R6J
956982269,arkede/cve-2022,CVE-2022-42699.yaml,1c40b85e3ff0cc0b4ffb8cd9dd668a1203cc4d8f,CVE-2022-42699
956982269,arkede/cve-2022,CVE-2022-2559.yaml,1c4b1b29875c8044f03e106638f45a2b09844b3b,CVE-2022-2559
956982269,arkede/cve-2022,CVE-2022-24643_1.yaml,1c69de3c56d67a6a96352585e24ec8c586d1a579,CVE-2022-24643
956982269,arkede/cve-2022,CVE-2022-0533.yaml,1c75505d787bc32923dc1782218d64602fc4774d,CVE-2022-0533
956982269,arkede/cve-2022,CVE-2022-41685.yaml,1c78c379243599e01b8229bff7d6754d98777c4e,CVE-2022-41685
956982269,arkede/cve-2022,CVE-2022-36285.yaml,1c8b9a127742d4329f44a8a9cf949e5c172e159c,CVE-2022-36285
956982269,arkede/cve-2022,CVE-2022-25356.yaml,1ca48b8c3ccdb2a381742acc2afc7b6b8037d9d4,CVE-2022-25356
956982269,arkede/cve-2022,CVE-2022-2423.yaml,1cb8b3f32baf2cf059977c6d1a332321deeb81e7,CVE-2022-2423
956982269,arkede/cve-2022,CVE-2022-1439.yaml,1cbe42a3df1aa154ea8e3fc77612c4294a509fb8,CVE-2022-1439
956982269,arkede/cve-2022,CVE-2022-1916.yaml,1cc2db70f8cbb55db70d7a240631bbf419c3d1c7,CVE-2022-1916
956982269,arkede/cve-2022,CVE-2022-2411.yaml,1cc8a5ee74f61e2d66018e49a1408c94eef2f98a,CVE-2022-2411
956982269,arkede/cve-2022,cve-2022-26138(1).yaml,1cd205c9c4d5b3949ab6bd8f06c413862c7e285d,CVE-2022-26138
956982269,arkede/cve-2022,CVE-2022-0381.yaml,1cd7a53fea23ba749f7a60d14ef129060deaf844,CVE-2022-0381
956982269,arkede/cve-2022,cve-2022-29303-6751.yaml,1cdc1998f56df32081429312000181ef15d29017,CVE-2022-29303
956982269,arkede/cve-2022,CVE-2022-4709.yaml,1ce28e8e1df819ff6959e2ea058566629cabf6ef,CVE-2022-4709
956982269,arkede/cve-2022,CVE-2022-1617.yaml,1cf22c918f5cb4035b99b79b4c6c3176577ce162,CVE-2022-1617
956982269,arkede/cve-2022,CVE-2022-20713_1.yaml,1d0a4e164f8a349aea2d4c2c6903c1198c570f56,CVE-2022-20713
956982269,arkede/cve-2022,cve-2022-1221(1).yaml,1d17daf208cc09119a49ba0a030cd1c14db8e999,CVE-2022-1221
956982269,arkede/cve-2022,CVE-2022-0188.yaml,1d307bd484c52a8a9f258e554f78e8f9396bce0d,CVE-2022-0188
956982269,arkede/cve-2022,CVE-2022-1830.yaml,1d3936e71079b9126556a7d7250f8aa37d719455,CVE-2022-1830
956982269,arkede/cve-2022,CVE-2022-1690.yaml,1d3a089a2ee9f197de55d34e1f4642c34d0bab4a,CVE-2022-1690
956982269,arkede/cve-2022,CVE-2022-0693.yaml,1d5a0b7434f7ff39cd8044b77c9a19e6f9603149,CVE-2022-0693
956982269,arkede/cve-2022,CVE-2022-28921.yaml,1d5d6144564c99e6264f6b3866ff65cff1a476e0,CVE-2022-28921
956982269,arkede/cve-2022,CVE-2022-4295.yaml,1d64135d59b3839e00ae9af73b8ed3b787ee087d,CVE-2022-4295
956982269,arkede/cve-2022,CVE-2022-4409.yaml,1d7c415d628876e52bca5bed2cd5d2a964c6df57,CVE-2022-4409
956982269,arkede/cve-2022,cve-2022-0432-6630.yaml,1d86e36519336d0c823c5e4cffad132bac1303df,CVE-2022-0432
956982269,arkede/cve-2022,CVE-2022-1556.yaml,1da444b4c247092b4fca1017d1a45e9c2af8a5e6,CVE-2022-1556
956982269,arkede/cve-2022,CVE-2022-47176.yaml,1dc94a5cf386f20defce0856d9e634c372bf0e9c,CVE-2022-47176
956982269,arkede/cve-2022,CVE-2022-4057.yaml,1dceaa5c4954dc744cd519e513c82dc0cbda8df8,CVE-2022-4057
956982269,arkede/cve-2022,CVE-2022-3144.yaml,1dda0377ac507099f185a33f6033ed0090c66a0d,CVE-2022-3144
956982269,arkede/cve-2022,CVE-2022-4529.yaml,1dedb9929e4dedf7823409ddbd8d04f106af2e29,CVE-2022-4529
956982269,arkede/cve-2022,CVE-2022-0140.yaml,1df6fe2127b2d8ff6f801b6c7a87ce18c0dd12a7,CVE-2022-0140
956982269,arkede/cve-2022,CVE-2022-3980.yaml,1e388e1b07547ea0910b641abc8b4cc166fcbdc3,CVE-2022-3980
956982269,arkede/cve-2022,CVE-2022-31470.yaml,1e49f3f5b7d9cbfb5f0c2fb7cbb92797ce64105f,CVE-2022-31470
956982269,arkede/cve-2022,CVE-2022-41500.yaml,1e549c70c6e6339d49580f47a84057f1cd5557f5,CVE-2022-41500
956982269,arkede/cve-2022,CVE-2022-38131_2.yaml,1e719c6442482728943b66e3a5efc442d34ce265,CVE-2022-38131
956982269,arkede/cve-2022,CVE-2022-3985.yaml,1e89735bce22e8e30ebf1ad8eb517001ccf163d9,CVE-2022-3985
956982269,arkede/cve-2022,CVE-2022-3839.yaml,1ef6af20125989bebb27247b90d915680ea93aa6,CVE-2022-3839
956982269,arkede/cve-2022,CVE-2022-46864.yaml,1efdaed6ec5613f83b57ea826a1a13127e04657e,CVE-2022-46864
956982269,arkede/cve-2022,CVE-2022-0423.yaml,1f033b6082f41b92a71396a1d82d3b60a8e5e9b9,CVE-2022-0423
956982269,arkede/cve-2022,CVE-2022-2445.yaml,1f0c7faf02399bbb656336fac915b8a77da71703,CVE-2022-2445
956982269,arkede/cve-2022,CVE-2022-41609.yaml,1f0cf7a8ba357c93d3a95a30c3b4e58dc4344c60,CVE-2022-41609
956982269,arkede/cve-2022,CVE-2022-32025_1.yaml,1f2caaeb288580eb2c44152df58608a87fe45759,CVE-2022-32025
956982269,arkede/cve-2022,CVE-2022-24643.yaml,1f52cb81a158c0860f9c670a3fc0872c96299405,CVE-2022-24643
956982269,arkede/cve-2022,CVE-2022-4939.yaml,1f5a5770e42dfd4a073691d77514052e19b37bde,CVE-2022-4939
956982269,arkede/cve-2022,CVE-2022-4215.yaml,1f71c9f3d3c5fc3797d0636e4c6318d3a5f9ea85,CVE-2022-4215
956982269,arkede/cve-2022,CVE-2022-29383_1.yaml,1f908d501181cb2e77bd8aa2e78e2d93ded9ce76,CVE-2022-29383
956982269,arkede/cve-2022,CVE-2022-0147_3.yaml,1fa6a500eeb191e03778c61d2fb0b72b741b50b3,CVE-2022-0147
956982269,arkede/cve-2022,CVE-2022-3489.yaml,1fb04cc6d5121ded912e097f248f225e75291987,CVE-2022-3489
956982269,arkede/cve-2022,CVE-2022-47605.yaml,1fcbb847dac575ee868ccf5954ecb041e34bceee,CVE-2022-47605
956982269,arkede/cve-2022,CVE-2022-28772.yaml,1fda9a5cc21c6ba2ad70d521533dc3cb724ed068,CVE-2022-28772
956982269,arkede/cve-2022,CVE-2022-23881.yaml,1fe26409d67bf6e17c451b9756b8c69adb6269cf,CVE-2022-23881
956982269,arkede/cve-2022,CVE-2022-41633.yaml,1fe51f6d9c85fb295ab3f9c7d39e6c58d5d11fa1,CVE-2022-41633
956982269,arkede/cve-2022,CVE-2022-1435.yaml,1fe5cb772ea99527bb2439a764c6d38dd1bbc2c1,CVE-2022-1435
956982269,arkede/cve-2022,CVE-2022-0702.yaml,1fe92a9ce8b36915a045cf18c74a62a5144196bc,CVE-2022-0702
956982269,arkede/cve-2022,cve-2022-1392-6651.yaml,1fea9a2b63a91ce133fd28eaea1912eb238a946e,CVE-2022-1392
956982269,arkede/cve-2022,CVE-2022-38063.yaml,1feff0bf25c25b2dc41e258517defa6e530c58ea,CVE-2022-38063
956982269,arkede/cve-2022,CVE-2022-41343.yaml,1ff63cf45e59339f1b8be4a9932cc237a69c710c,CVE-2022-41343
956982269,arkede/cve-2022,CVE-2022-4545.yaml,1ff9746af9ff5ea05dd55d5f8972a736c297533f,CVE-2022-4545
956982269,arkede/cve-2022,CVE-2022-38059.yaml,2022002ed41faefbd2b4b4a9d6886820ed1d2cf2,CVE-2022-38059
956982269,arkede/cve-2022,CVE-2022-3986.yaml,202a4096a062ec81e500fed7a0fc7331118907d5,CVE-2022-3986
956982269,arkede/cve-2022,cve-2022-0653.yaml,202cc5e88f93d969735d9e3193d283a7e06e8ca3,CVE-2022-0653
956982269,arkede/cve-2022,CVE-2022-1624.yaml,2051fd857807feb3529919a21410f4305191d5ed,CVE-2022-1624
956982269,arkede/cve-2022,CVE-2022-41790.yaml,20617cc04da941f5f71d7cf06504863bd640574a,CVE-2022-41790
956982269,arkede/cve-2022,CVE-2022-2987.yaml,207883e946d62c329ee42d3fb7ca16a1489324eb,CVE-2022-2987
956982269,arkede/cve-2022,CVE-2022-26635.yaml,208d87a108bf80b3e79750ab956b7dfff986922c,CVE-2022-26635
956982269,arkede/cve-2022,CVE-2022-27927_3.yaml,2090d453a1761864c5c64283be322fe1554df02f,CVE-2022-27927
956982269,arkede/cve-2022,cve-2022-23944-6700.yaml,209bd8899edd63d9158af93860b648c575b73873,CVE-2022-23944
956982269,arkede/cve-2022,CVE-2022-20710.yaml,20a7c1a84f8fec11f1450f3c5a9252c5d75c53ae,CVE-2022-20710
956982269,arkede/cve-2022,CVE-2022-2597.yaml,20aec29388900c6129aaff111e1c5a676f9c80af,CVE-2022-2597
956982269,arkede/cve-2022,CVE-2022-45071.yaml,20bd8cc3592b74b5f5f8c5367349ba08fa65b327,CVE-2022-45071
956982269,arkede/cve-2022,CVE-2022-32587.yaml,20c5b0ef03a6aa67bf37c200d6efe75ce0cbc022,CVE-2022-32587
956982269,arkede/cve-2022,CVE-2022-24181_3.yaml,20e384aa7ab1fa112d144244270cd93290a4a49d,CVE-2022-24181
956982269,arkede/cve-2022,CVE-2022-45077.yaml,20f76e3d0049cfa4bba2e54cfce036cfc1b13e35,CVE-2022-45077
956982269,arkede/cve-2022,CVE-2022-1732.yaml,210ffbf77bd93685f0e4d93909068c5cd40b383b,CVE-2022-1732
956982269,arkede/cve-2022,CVE-2022-44957.yaml,211e0eb7a2314ad49f67f4a642c01ee26447addb,CVE-2022-44957
956982269,arkede/cve-2022,CVE-2022-2733.yaml,212de82223d14d69e1993bd2ad4744c5ff5ac50f,CVE-2022-2733
956982269,arkede/cve-2022,CVE-2022-33012.yaml,2135c194fd425b99400c1c4bbe28e1fadd4b4ca1,CVE-2022-33012
956982269,arkede/cve-2022,CVE-2022-30073.yaml,2161e3134ff591c4de4d424172dc6720759061fb,CVE-2022-30073
956982269,arkede/cve-2022,CVE-2022-25305.yaml,218c08af8b0a0cfa3cbd4e8060f44d5f7ac43752,CVE-2022-25305
956982269,arkede/cve-2022,CVE-2022-2172.yaml,21959cd3d9967896d67fab5862e9e882db352b2f,CVE-2022-2172
956982269,arkede/cve-2022,CVE-2022-32778.yaml,219d238ea3b9b907eb35e53932c27003696396d3,CVE-2022-32778
956982269,arkede/cve-2022,CVE-2022-1166.yaml,21a6350cb596dde1f2df3bf7b436058c664d2a16,CVE-2022-1166
956982269,arkede/cve-2022,CVE-2022-24627.yaml,21a93410a3443158c791e55d0aa2d2c53c08cadb,CVE-2022-24627
956982269,arkede/cve-2022,cve-2022-0543-6635.yaml,21c86718f1fe7aca3c6b8c98330b178deb5f9181,CVE-2022-0543
956982269,arkede/cve-2022,CVE-2022-3360.yaml,21d928ec71a090b82dc252b7ce799dfaac3e96a9,CVE-2022-3360
956982269,arkede/cve-2022,CVE-2022-42750.yaml,21db2b8f3e251d3953a7cd48177180bc61e2f596,CVE-2022-42750
956982269,arkede/cve-2022,CVE-2022-47592.yaml,21de3e7cc674742ccecb344c6860643651e82f81,CVE-2022-47592
956982269,arkede/cve-2022,CVE-2022-22963_2.yaml,21de452e88c9956b39cce81298e7b4e65e5cebb6,CVE-2022-22963
956982269,arkede/cve-2022,CVE-2022-2710.yaml,21e2b2f69f843f9907e1a43c3b7522dd77ee3e2e,CVE-2022-2710
956982269,arkede/cve-2022,CVE-2022-3119.yaml,21ec81a5161f54e281d5752ffdf4f2f13f339d25,CVE-2022-3119
956982269,arkede/cve-2022,CVE-2022-31384.yaml,21f3479bcaa9b694e0ca41c8d9719f9cb9cea3bc,CVE-2022-31384
956982269,arkede/cve-2022,CVE-2022-22956.yaml,21fe41ca1bd22e6d143a893159fa5390cab49a40,CVE-2022-22955
956982269,arkede/cve-2022,CVE-2022-22956.yaml,21fe41ca1bd22e6d143a893159fa5390cab49a40,CVE-2022-22956
956982269,arkede/cve-2022,CVE-2022-1578.yaml,2202dc20c228fc2ef8726ddd7dbf0ede8bce1299,CVE-2022-1578
956982269,arkede/cve-2022,CVE-2022-43497.yaml,2206d661b4d5314946bad7f9a41ac8478282673e,CVE-2022-43497
956982269,arkede/cve-2022,cve-2022-0346.yaml,222700feb32d0e6514e9bb0380c883ce6f8ad6d6,CVE-2022-0346
956982269,arkede/cve-2022,CVE-2022-4451.yaml,224a4f286295befc53d1684fa1e1f5edad5ab1e9,CVE-2022-4451
956982269,arkede/cve-2022,CVE-2022-47615_1.yaml,224fb7cd2afdb780ae587265986e8e69485ab93a,CVE-2022-47615
956982269,arkede/cve-2022,CVE-2022-23183.yaml,2253f975464c1bf968ae0a52859dd9c63b8477b1,CVE-2022-23183
956982269,arkede/cve-2022,CVE-2022-4537.yaml,2254c4cc70f6e7aa6e92a6f0a5e4fba974615510,CVE-2022-4537
956982269,arkede/cve-2022,CVE-2022-34648.yaml,225c63bc07f482476ca8bbbf788d3cbfcbc64366,CVE-2022-34648
956982269,arkede/cve-2022,CVE-2022-1631.yaml,2278d6073a409bd14e5b421189012c983cad52dc,CVE-2022-1631
956982269,arkede/cve-2022,cve-2022-22954-6668.yaml,2281dbdfe76c87089453d4cbaffda9cf49a820c8,CVE-2022-22954
956982269,arkede/cve-2022,CVE-2022-2392.yaml,228717a1567bf500e2824f6e116a88a8982e8cdb,CVE-2022-2392
956982269,arkede/cve-2022,CVE-2022-24260.yaml,228d363eaea734c18c2e9c845042def8796bc00c,CVE-2022-24260
956982269,arkede/cve-2022,CVE-2022-1657.yaml,22aabdc8ba964d34d51f32871ac40637d8c7bbb6,CVE-2022-1657
956982269,arkede/cve-2022,CVE-2022-4097.yaml,22bb33a65de089b74a190ff4784c1f7fcf38157b,CVE-2022-4097
956982269,arkede/cve-2022,cve-2022-29383.yaml,22bfec69cf5fe17b96263c69064a6f09c68031e6,CVE-2022-29383
956982269,arkede/cve-2022,CVE-2022-42094_1.yaml,22cbf742c665310adc7ced1dd3f87664b96b4115,CVE-2022-42094
956982269,arkede/cve-2022,CVE-2022-29415.yaml,22f121d4a3ea9e8e261c410a2a8db0c1c84c7a17,CVE-2022-29415
956982269,arkede/cve-2022,CVE-2022-36747.yaml,22f1552fdb16fbf031faaa3fa5bd7d8f09f40608,CVE-2022-36747
956982269,arkede/cve-2022,CVE-2022-4747.yaml,2302a8b0422cbce51bf6be9006cf309a48f52af1,CVE-2022-4747
956982269,arkede/cve-2022,CVE-2022-28222.yaml,230ab4f96e719272a23f15d79b69e3467f4a2ce8,CVE-2022-28222
956982269,arkede/cve-2022,CVE-2022-2432.yaml,23191152cdecc9bcc1cd1f6d8fa7bc9976ff7a83,CVE-2022-2432
956982269,arkede/cve-2022,CVE-2022-4678.yaml,231d2fc42c2428ce90e6b4a90f45a56316c2cbc2,CVE-2022-4678
956982269,arkede/cve-2022,CVE-2022-3766.yaml,232b03df1d0e649503652be061b2dea7f7ed419d,CVE-2022-3766
956982269,arkede/cve-2022,CVE-2022-29447.yaml,23340d1bd29000e1d4986e0b07b29805804ff1e5,CVE-2022-29447
956982269,arkede/cve-2022,CVE-2022-3880.yaml,234814d3cad0335761d8296a080997c81379e16e,CVE-2022-3880
956982269,arkede/cve-2022,CVE-2022-0444.yaml,235e85f89dd49ab4b476349fa0a7685912a765bb,CVE-2022-0444
956982269,arkede/cve-2022,CVE-2022-35653.yaml,23686ff30cc3bb36aedb3ce8651d805950c83b54,CVE-2022-35653
956982269,arkede/cve-2022,CVE-2022-0220_4.yaml,23770f1f4599f249bcf40774a90aeca7763a559a,CVE-2022-0220
956982269,arkede/cve-2022,CVE-2022-41352_2.yaml,239386b38e93804418ae6df909ed7c951a43b8f9,CVE-2022-41352
956982269,arkede/cve-2022,CVE-2022-3425.yaml,239fce31b155c587ed38cca93aec51a4721551eb,CVE-2022-3425
956982269,arkede/cve-2022,CVE-2022-42459.yaml,23a5a5f409ed0051d1af6e5ec3dac98db56cdecd,CVE-2022-42459
956982269,arkede/cve-2022,CVE-2022-4647.yaml,23ba21de2c94f7f03035e10a5dfc4671c0e9ef50,CVE-2022-4647
956982269,arkede/cve-2022,CVE-2022-4792.yaml,23d16b53fb559846cd731203b8957f0e07d37c9b,CVE-2022-4792
956982269,arkede/cve-2022,CVE-2022-40216.yaml,23e9a5760caf720077f3e6cf84494482654d18fc,CVE-2022-40216
956982269,arkede/cve-2022,CVE-2022-1408.yaml,23eb07469551697950654090490fc10684ba0e71,CVE-2022-1408
956982269,arkede/cve-2022,CVE-2022-0693_1_1.yaml,23f85958d6b68045fba6760715a67424d9c147cf,CVE-2022-0693
956982269,arkede/cve-2022,CVE-2022-3506_1.yaml,23fc455f32e92be7d143c512a6a2e23f822c8fa8,CVE-2022-3506
956982269,arkede/cve-2022,CVE-2022-47423.yaml,23fe94f7ef25dfdc02bb27584f3d9c0345418947,CVE-2022-47423
956982269,arkede/cve-2022,CVE-2022-3856.yaml,24260e82be0d7a2b6e8fcae8fd4d96bab2bfaf4d,CVE-2022-3856
956982269,arkede/cve-2022,CVE-2022-41840.yaml,243dd9a273d92ac6d26bd492cc9ca17dfe7cc818,CVE-2022-41840
956982269,arkede/cve-2022,CVE-2022-38467_1.yaml,2443292b87d0b525d53a60043f49203d6fa8c105,CVE-2022-38467
956982269,arkede/cve-2022,CVE-2022-21448.yaml,2443a18c443d22c7dda1cf54d03c5bbb6cb7fc3e,CVE-2022-21448
956982269,arkede/cve-2022,CVE-2022-45808.yaml,244f40b69dde81d2c926f138e603243e401ba9e5,CVE-2022-45808
956982269,arkede/cve-2022,CVE-2022-29421.yaml,2453302a420a49a4527224e68d294c6029b90009,CVE-2022-29421
956982269,arkede/cve-2022,CVE-2022-2840.yaml,245e63355a158f9dbeeff66c81130855aad2381a,CVE-2022-2840
956982269,arkede/cve-2022,cve-2022-0149-6606_1.yaml,24925b82a0022f881a9fc7a9a9163a90148c18fc,CVE-2022-0149
956982269,arkede/cve-2022,CVE-2022-2190.yaml,24a338f12f89989e247a5b5cf418ba6e22dbe80a,CVE-2022-2190
956982269,arkede/cve-2022,CVE-2022-4329.yaml,24af5b31bdb43bbbe4ef3a6921d18a009172a4a9,CVE-2022-4329
956982269,arkede/cve-2022,CVE-2022-27853.yaml,24c33012795515765d17fbd52f3c0fa9d1cac68a,CVE-2022-27853
956982269,arkede/cve-2022,CVE-2022-2386.yaml,24d253eb228c84dad2610da81d0cfc81778cb529,CVE-2022-2386
956982269,arkede/cve-2022,CVE-2022-4431.yaml,24d4ef73b0245dfe2e11e8a502017c8dd616880c,CVE-2022-4431
956982269,arkede/cve-2022,CVE-2022-3481.yaml,24ddde2a3364bfc712e8ac6399d3fb9f8426adfd,CVE-2022-3481
956982269,arkede/cve-2022,CVE-2022-2170.yaml,24e03d5e74db401096f57d74399330aca59c6717,CVE-2022-2170
956982269,arkede/cve-2022,CVE-2022-36593.yaml,254df339da1230952409d330343a8378c5d8145f,CVE-2022-36593
956982269,arkede/cve-2022,CVE-2022-1971.yaml,2564a815b397d79275ee0779a2644e6c7923abdb,CVE-2022-1971
956982269,arkede/cve-2022,CVE-2022-2439.yaml,257865233b0f3e5430ea0f88a982ef4d1c05ca05,CVE-2022-2439
956982269,arkede/cve-2022,CVE-2022-37797.yaml,25829e279225ad17463e2b090198fe0678042cfc,CVE-2022-37797
956982269,arkede/cve-2022,CVE-2022-32024_2.yaml,25842bf6cc7a1fed4f1f13ff05787191e306e0d8,CVE-2022-32024
956982269,arkede/cve-2022,CVE-2022-41643.yaml,25905ae0724b9ae574072649f51ea3ee12441b10,CVE-2022-41643
956982269,arkede/cve-2022,CVE-2022-45830.yaml,2593ac33eae16f22f718ee6b51d60746ba1c8916,CVE-2022-45830
956982269,arkede/cve-2022,CVE-2022-32024.yaml,25cb630eb147900b880a8bec5014502bdea4d3c9,CVE-2022-32024
956982269,arkede/cve-2022,CVE-2022-1192.yaml,25d209ad674868e6bb1dd319dba33ae266dbe385,CVE-2022-1192
956982269,arkede/cve-2022,CVE-2022-3459.yaml,25dcd95dee72b2ec4a5a55d4c7a460bc8208155c,CVE-2022-3459
956982269,arkede/cve-2022,CVE-2022-4164.yaml,25f572a44ebf825abe1e211849f0367711c8f6eb,CVE-2022-4164
956982269,arkede/cve-2022,CVE-2022-1217.yaml,25fe542b38ff0625a8d8075b4fae998f113e1f29,CVE-2022-1217
956982269,arkede/cve-2022,CVE-2022-25486_3.yaml,260ec34622a382e922ebf763126bfcd6d2406cf7,CVE-2022-25486
956982269,arkede/cve-2022,CVE-2022-22972_1.yaml,2611acbc08a2aa558a1b5083b83c169c0be4310c,CVE-2022-22972
956982269,arkede/cve-2022,cve-2022-1119(1).yaml,2623e9adab4f30de26a21032dea12fa17efc8268,CVE-2022-1119
956982269,arkede/cve-2022,CVE-2022-29004.yaml,262ed659e8cc828d27752f28c2355fd1a2e7fe48,CVE-2022-29004
956982269,arkede/cve-2022,CVE-2022-4828.yaml,26368b7a1fdfabd3100e169e3c1be22253285342,CVE-2022-4828
956982269,arkede/cve-2022,CVE-2022-25497_2.yaml,264d1a6e29bb33b27092dd778304b591fc76d028,CVE-2022-25497
956982269,arkede/cve-2022,CVE-2022-29451.yaml,265f586216dd91be2670d2bb5058850a36932c27,CVE-2022-29451
956982269,arkede/cve-2022,CVE-2022-0287.yaml,269a93e2bb3ad650399fdbb9e36cdf53ed3b839d,CVE-2022-0287
956982269,arkede/cve-2022,cve-2022-26159.yaml,26a1f70cf48f0498779a365259857960096db041,CVE-2022-26159
956982269,arkede/cve-2022,CVE-2022-0773_1.yaml,26a27ebdb338a0809bec563a656407c4c44c51c6,CVE-2022-0773
956982269,arkede/cve-2022,CVE-2022-4777.yaml,26b16ce9093d6df5be971c676f18dc81bec8a84f,CVE-2022-4777
956982269,arkede/cve-2022,CVE-2022-44738.yaml,26b763d87c6d19e8ec0b41a6a91b1c08534886c1,CVE-2022-44738
956982269,arkede/cve-2022,CVE-2022-1759.yaml,26cf8faca3b62121abebd447af14542a27a73c21,CVE-2022-1759
956982269,arkede/cve-2022,CVE-2022-25606.yaml,26d20802d5ea01e0fea297642c4cd7f8273e6d6c,CVE-2022-25606
956982269,arkede/cve-2022,CVE-2022-1761.yaml,26db31271afc8bef83f668472c25e13f23e2111d,CVE-2022-1761
956982269,arkede/cve-2022,CVE-2022-1275.yaml,26df00e208e95f05675c907c0a7374763c982427,CVE-2022-1275
956982269,arkede/cve-2022,CVE-2022-1558.yaml,26f4983941700a6a12b98a36f3c916caa142d6ca,CVE-2022-1558
956982269,arkede/cve-2022,CVE-2022-0411.yaml,26f7f201be3e331ee0cff2eedce2acdc41400646,CVE-2022-0411
956982269,arkede/cve-2022,CVE-2022-2239.yaml,2716c8469b2f81fbbbf52bd229ca797b18ca57ae,CVE-2022-2239
956982269,arkede/cve-2022,CVE-2022-32095.yaml,2724d681c1085988f28e821465aee6b243971867,CVE-2022-32095
956982269,arkede/cve-2022,CVE-2022-34753_1.yaml,27251e7b69ecc21f41223cab8a946027d57de4f3,CVE-2022-34753
956982269,arkede/cve-2022,CVE-2022-29078_2.yaml,2730f1d0cdfe1fe04c64958723a712f905f18e10,CVE-2022-29078
956982269,arkede/cve-2022,CVE-2022-27854.yaml,273ef6ae0164f5683ed8736968459c65f2cadedf,CVE-2022-27854
956982269,arkede/cve-2022,CVE-2022-32094_2.yaml,2771cc3130135930c6882f2b692139cef59ceba7,CVE-2022-32094
956982269,arkede/cve-2022,CVE-2022-3206.yaml,2773a850ce9f2bf0d5e7e014b63627ebb4fd80c9,CVE-2022-3206
956982269,arkede/cve-2022,CVE-2022-47610.yaml,277e965a33a62de3fddb945142e14aa696ee7338,CVE-2022-47610
956982269,arkede/cve-2022,CVE-2022-0899_1.yaml,278013a61ae11ce51e474ecf517491761b5d61e0,CVE-2022-0899
956982269,arkede/cve-2022,CVE-2022-0200.yaml,27807fb3bb97fee8360366b4371044198a37c248,CVE-2022-0200
956982269,arkede/cve-2022,CVE-2022-25497.yaml,27880747fcc3cb3ecec508ca9701f378d2a37e11,CVE-2022-25497
956982269,arkede/cve-2022,CVE-2022-34047_1.yaml,279084bc3fac0f628beb44d19c0d8ae6feec187f,CVE-2022-34047
956982269,arkede/cve-2022,CVE-2022-24264_3.yaml,279108f909a7234dfb5942729a1f83fd5d1296ed,CVE-2022-24264
956982269,arkede/cve-2022,CVE-2022-35416_3.yaml,27a3e1341074da6bd28440b3a0c3f4b0420c9dbe,CVE-2022-35416
956982269,arkede/cve-2022,CVE-2022-35416_3.yaml,27a3e1341074da6bd28440b3a0c3f4b0420c9dbe,GHSA-9X76-78GC-R3M9
956982269,arkede/cve-2022,CVE-2022-0363.yaml,27aaa7b9ac666d996b34e39a6b87591d8d3d699a,CVE-2022-0363
956982269,arkede/cve-2022,CVE-2022-39986.yaml,27c03cf12f083289f7b80e43172d8afcf83313d4,CVE-2022-39986
956982269,arkede/cve-2022,CVE-2022-1724(1).yaml,27d1ec8ed59b2e73a099bf26745d4d1fadffea30,CVE-2022-1724
956982269,arkede/cve-2022,CVE-2022-0871.yaml,27d6b8c4420094bf0f495b46033ede5d7cf84f47,CVE-2022-0871
956982269,arkede/cve-2022,CVE-2022-43504.yaml,27da03528f1523ecdf8a7a54995343b205a54fb9,CVE-2022-43504
956982269,arkede/cve-2022,CVE-2022-3361.yaml,27e080fef4da067c88a5e36dd9cbb014efc4a442,CVE-2022-3361
956982269,arkede/cve-2022,CVE-2022-4661.yaml,27e290b0d6cccf75574db88ce582bcdcaddf0a6e,CVE-2022-4661
956982269,arkede/cve-2022,CVE-2022-44947.yaml,27e691b19783cc38648b75293f0ed55b98e96c5d,CVE-2022-44947
956982269,arkede/cve-2022,CVE-2022-4496.yaml,27ea823d69c7b208b03eeba02d4cf2b0ff359c17,CVE-2022-4496
956982269,arkede/cve-2022,CVE-2022-0535_2.yaml,27f23ff390ccd21a77d87013b457a3e05cd93bee,CVE-2022-0535
956982269,arkede/cve-2022,CVE-2022-1390.yaml,27fb758277086a6d5d28181ad4ba129e995960e5,CVE-2022-1390
956982269,arkede/cve-2022,CVE-2022-36640.yaml,27feda46e19e276ce1dcba7ed220e13c49e0c719,CVE-2022-36640
956982269,arkede/cve-2022,CVE-2022-1992.yaml,2823252234c72b6fc3795527f130c19a274e1b6b,CVE-2022-1992
956982269,arkede/cve-2022,CVE-2022-0952.yaml,282662cbf57055d55f82cd9cfa08fe6663782860,CVE-2022-0952
956982269,arkede/cve-2022,cve-2022-28080.yaml,283d546170e5b567ac632bdbdcef4ae40997675d,CVE-2022-28080
956982269,arkede/cve-2022,CVE-2022-2092.yaml,28597be9a8931666ae30f65781602994441f833e,CVE-2022-2092
956982269,arkede/cve-2022,CVE-2022-25497_3.yaml,285e79f3018c057691d19ef389740390f340aa47,CVE-2022-25497
956982269,arkede/cve-2022,CVE-2022-44951.yaml,286f0f05a37217e61fd497c2a3aadd474810d42b,CVE-2022-44951
956982269,arkede/cve-2022,CVE-2022-3393.yaml,287ee78e940f9b94cd7a33814dfa3fee2335f847,CVE-2022-3393
956982269,arkede/cve-2022,CVE-2022-3605.yaml,289634da2c70606fe9e7a97ebdbf77eb99879d1b,CVE-2022-38702
956982269,arkede/cve-2022,CVE-2022-3605.yaml,289634da2c70606fe9e7a97ebdbf77eb99879d1b,CVE-2022-3605
956982269,arkede/cve-2022,cve-2022-1392.yaml,289733fd40bae2bc02f5a809e58bcad69cd31dfa,CVE-2022-1392
956982269,arkede/cve-2022,CVE-2022-45835.yaml,28a597b0533b831c6d092e54127af8ee313f1bf4,CVE-2022-45835
956982269,arkede/cve-2022,CVE-2022-25306.yaml,28b8f2cc079ab65d963fe501dd4955090e9e8495,CVE-2022-25306
956982269,arkede/cve-2022,CVE-2022-0230.yaml,28c0beb4ced26e131015f7d0bbb441123e97db07,CVE-2022-0230
956982269,arkede/cve-2022,CVE-2022-40843_3.yaml,28ccac76ca295cfb4f3ae8eaaa85fa4e3b5cbb51,CVE-2022-40843
956982269,arkede/cve-2022,CVE-2022-1711.yaml,28d289c6f2f452dc343a8684cc695aba204ead1f,CVE-2022-1711
956982269,arkede/cve-2022,CVE-2022-0149.yaml,28d978200b45b286e043847f9849de213dd16503,CVE-2022-0149
956982269,arkede/cve-2022,CVE-2022-0434.yaml,28d9c3145709f375f45e51302c691046f8cb2355,CVE-2022-0434
956982269,arkede/cve-2022,CVE-2022-3302.yaml,291cb3c4847c6089a68a3dd3066ca0465d1c9e87,CVE-2022-3302
956982269,arkede/cve-2022,CVE-2022-1421.yaml,29265cbd7178342dd8553eef0d1237045c823208,CVE-2022-1421
956982269,arkede/cve-2022,CVE-2022-4211.yaml,293b2b4b79e05c566f17859f1ef31cb5a4c591e0,CVE-2022-4211
956982269,arkede/cve-2022,CVE-2022-4501.yaml,293eadcfafeae5ccb983c00c6ae9599f639cfee4,CVE-2022-4501
956982269,arkede/cve-2022,CVE-2022-31269.yaml,2940bd10042775d4efce2889b1f8852fc7cc838f,CVE-2022-31269
956982269,arkede/cve-2022,cve-2022-26233-6734.yaml,29470bd5b92c9316daee23bc35eff4dd40ed8fff,CVE-2022-26233
956982269,arkede/cve-2022,cve-2022-0281-6619.yaml,2957a4832b971f347d5341db84231c4899504f18,CVE-2022-0281
956982269,arkede/cve-2022,CVE-2022-4758.yaml,29935a3ae5d675ed9d78fa7b9849242e1785398e,CVE-2022-4758
956982269,arkede/cve-2022,CVE-2022-26585.yaml,2997c7a561aec573162f85740b9b85262fbca580,CVE-2022-26585
956982269,arkede/cve-2022,CVE-2022-2517.yaml,29a50cdab0eaa9467bcde23d653f62ed0e7fb347,CVE-2022-2517
956982269,arkede/cve-2022,cve-2022-0218-6612.yaml,29d61a11d362ac8421ee6d23977d5dceaa046bc0,CVE-2022-0218
956982269,arkede/cve-2022,CVE-2022-26233_2.yaml,29e1176a873812eeefc9c432a89edc12e34c080d,CVE-2022-26233
956982269,arkede/cve-2022,cve-2022-26135(1).yaml,29e829e693a85d2b9dd225914e9ce1aec0d0e048,CVE-2022-26135
956982269,arkede/cve-2022,cve-2022-26135(1).yaml,29e829e693a85d2b9dd225914e9ce1aec0d0e048,CVE-2020-14179
956982269,arkede/cve-2022,CVE-2022-38870_2.yaml,29f8499998250527d430ced80074fc0ec6b77690,CVE-2022-38870
956982269,arkede/cve-2022,CVE-2022-38131.yaml,2a0172f325f1ac33b2ba2424f7718410d9814d33,CVE-2022-38131
956982269,arkede/cve-2022,CVE-2022-3441.yaml,2a1a2f1a6d1d63d8632027f8cfb662c7c310038c,CVE-2022-3441
956982269,arkede/cve-2022,CVE-2022-1692.yaml,2a1be2d8a27f16b9dd103976d16f6a1a83470ff0,CVE-2022-1692
956982269,arkede/cve-2022,CVE-2022-33142.yaml,2a1c51e53f013a46a18dd6fa5b6edf4985fad770,CVE-2022-33142
956982269,arkede/cve-2022,CVE-2022-4119.yaml,2a319fd5ac7691195e1a244fdac1651444110d73,CVE-2022-4119
956982269,arkede/cve-2022,CVE-2022-42095_1.yaml,2a39087a4ed951945354f872a56e60599e8c0441,CVE-2022-42095
956982269,arkede/cve-2022,CVE-2022-47002_2.yaml,2a52e9dfb99836620dc72e0d13acaedeec67f703,CVE-2022-47002
956982269,arkede/cve-2022,CVE-2022-4509.yaml,2a5ab060ff29c59b4caca07811875ceadc8f7e9a,CVE-2022-4509
956982269,arkede/cve-2022,CVE-2022-0656(1).yaml,2a60d736d0fd75de3ab8d772b91f70f3bb05a248,CVE-2022-0656
956982269,arkede/cve-2022,CVE-2022-37403.yaml,2a7f379ff893833bb7748d46bd1217aaf5e2679b,CVE-2022-37403
956982269,arkede/cve-2022,CVE-2022-45353.yaml,2a7fc700b4328a756d2830f69ed95e65dac7fcb9,CVE-2022-45356
956982269,arkede/cve-2022,CVE-2022-45353.yaml,2a7fc700b4328a756d2830f69ed95e65dac7fcb9,CVE-2022-45353
956982269,arkede/cve-2022,CVE-2022-43461.yaml,2a8d362fdf83c6163c5d494eb505d6c6ef77b191,CVE-2022-43461
956982269,arkede/cve-2022,CVE-2022-3933_1.yaml,2a93c81c4f3bddb26bdbcada91eedc557de303b9,CVE-2022-3933
956982269,arkede/cve-2022,CVE-2022-36424.yaml,2aa781e6f7e10ae62f0884a69af4fa38b65eade1,CVE-2022-36424
956982269,arkede/cve-2022,cve-2022-29464(1).yaml,2aa9cd2ba069421dbc0e40fedea678923e40e247,CVE-2022-29464
956982269,arkede/cve-2022,CVE-2022-0321.yaml,2aacef10f7b458495cf923edd2cad25e8b12852e,CVE-2022-0321
956982269,arkede/cve-2022,CVE-2022-45358.yaml,2ab2240b84f4de06b3960070cd405f6983c95d69,CVE-2022-45358
956982269,arkede/cve-2022,CVE-2022-2167.yaml,2abcd5cf442032aaadfca80d294fafda708417e5,CVE-2022-2167
956982269,arkede/cve-2022,CVE-2022-0838.yaml,2ac26e5c9bee8a94d9c562e12357f5dc15b4ddc3,CVE-2022-0838
956982269,arkede/cve-2022,CVE-2022-0380.yaml,2adf827b25e967a8caf38acc6447bfddeef31773,CVE-2022-0380
956982269,arkede/cve-2022,CVE-2022-0380.yaml,2adf827b25e967a8caf38acc6447bfddeef31773,CVE-2022-3801
956982269,arkede/cve-2022,CVE-2022-42060.yaml,2af39472830916dc4dce0951dbe7c9eafa833333,CVE-2022-42060
956982269,arkede/cve-2022,CVE-2022-3936.yaml,2b1c73d343b5b2fe35e29d9a2c7293eac1caea45,CVE-2022-3936
956982269,arkede/cve-2022,CVE-2022-2339.yaml,2b3f22cf8f2f6d830014a162650021ac6cb1b4c2,CVE-2022-2339
956982269,arkede/cve-2022,CVE-2022-1969.yaml,2b4a537ff14b1edb7b5c114de9a75b517993705e,CVE-2022-1969
956982269,arkede/cve-2022,CVE-2022-47135.yaml,2b5928972ff638591cfba28d285f9eded45ad106,CVE-2022-47135
956982269,arkede/cve-2022,CVE-2022-3254.yaml,2b965fc5525f11288ab4db007b60c845c0c7f79b,CVE-2022-3254
956982269,arkede/cve-2022,CVE-2022-1568.yaml,2bb18b9956cb8823758a96587526dc80ca7e8f4d,CVE-2022-1568
956982269,arkede/cve-2022,CVE-2022-1910.yaml,2bba5c51a9a2531d6166cccb8535da9af97ff174,CVE-2022-1910
956982269,arkede/cve-2022,CVE-2022-44945.yaml,2bbb36e3cffe17cbea450dea6d8d4f9f0f11f65d,CVE-2022-44945
956982269,arkede/cve-2022,CVE-2022-25611.yaml,2bc18fe4fb999151ef1d73d2c14943e11173d093,CVE-2022-25611
956982269,arkede/cve-2022,CVE-2022-29454.yaml,2be6af163a05cbac66736dda10fa4b61c1f839ee,CVE-2022-29454
956982269,arkede/cve-2022,cve-2022-26233-6735.yaml,2bee94dda4d8fa5fec0bdb695f2f9cacacd2c7f1,CVE-2022-26233
956982269,arkede/cve-2022,CVE-2022-25307.yaml,2bf668269e1105c1e061838287bc006311119bb2,CVE-2022-25307
956982269,arkede/cve-2022,CVE-2022-23102_2.yaml,2c0601f1c235f0ace6e9cce546c8e1eac687dee0,CVE-2022-23102
956982269,arkede/cve-2022,CVE-2022-4711.yaml,2c1b3919d4c9b74ab959150fa97ecfd5640db240,CVE-2022-4711
956982269,arkede/cve-2022,CVE-2022-35405.yaml,2c1fff124b2202fbafdd4d9e6c34736a6bdc0261,CVE-2022-35405
956982269,arkede/cve-2022,CVE-2022-0994.yaml,2c35310a8ffb64fe0b0b387048631a23ea8adc16,CVE-2022-0994
956982269,arkede/cve-2022,CVE-2022-45813.yaml,2c3764254b423856d2d820e12dafadac688a0868,CVE-2022-45813
956982269,arkede/cve-2022,CVE-2022-0482.yaml,2c42178756ce1300eff87447bff82939fe22a7b9,CVE-2022-0482
956982269,arkede/cve-2022,CVE-2022-44947_1.yaml,2c4f375aa7b145b79779717810691f9a4f126132,CVE-2022-44947
956982269,arkede/cve-2022,CVE-2022-3892.yaml,2c5d3276e8bcfeb38a314d7b3247c50000dab33a,CVE-2022-3892
956982269,arkede/cve-2022,CVE-2022-45359.yaml,2c619e69e0db1610cc09f888d875cf66e10afff4,CVE-2022-45359
956982269,arkede/cve-2022,CVE-2022-0533_1.yaml,2c80e7cf8c05ef1937dae10f2d8a91c35b5911c6,CVE-2022-0533
956982269,arkede/cve-2022,CVE-2022-24181_4.yaml,2c892a66002ffcec2d418a2c1345a9eca4210ca8,CVE-2022-24181
956982269,arkede/cve-2022,CVE-2022-0449.yaml,2ca1922b5640cb9dbafff219e3d6ac58625dd006,CVE-2022-0449
956982269,arkede/cve-2022,cve-2022-0653-6639.yaml,2ca8fc01127f288fa1d0755982dba4f1425cdb38,CVE-2022-0653
956982269,arkede/cve-2022,CVE-2022-0659.yaml,2cbd331c5665058df37092b2666e032808e51bfa,CVE-2022-0659
956982269,arkede/cve-2022,CVE-2022-0834.yaml,2cbf91128d039671776e1967d178a36f9cb35723,CVE-2022-0834
956982269,arkede/cve-2022,CVE-2022-0769_2_1.yaml,2cc0bf52f616739affaeaef9f747f725ed8ae811,CVE-2022-0769
956982269,arkede/cve-2022,CVE-2022-0952_1.yaml,2cd2ed66b0392317f0fd86d682774cb3de44db66,CVE-2022-0952
956982269,arkede/cve-2022,CVE-2022-4443.yaml,2cd53f811e80c99969b0cb0cc836052b50942da1,CVE-2022-4443
956982269,arkede/cve-2022,CVE-2022-0234_1.yaml,2cdf872901d5970eb8f810f56dfee46077e31ef2,CVE-2022-0234
956982269,arkede/cve-2022,cve-2022-40684.yaml,2cf6ab3deba9700e39a8c97ae7297fde29b5a2f6,CVE-2022-40684
956982269,arkede/cve-2022,CVE-2022-31374.yaml,2d25afad0ec0cdc5af90fd0b635903e5b42075c3,CVE-2022-31374
956982269,arkede/cve-2022,CVE-2022-4024.yaml,2d2d2c1c7b797b8821d134d4452b7f1ffbf221ab,CVE-2022-4024
956982269,arkede/cve-2022,CVE-2022-37402.yaml,2d4b95f2a8be55ca6a397b1dba730892763ebab9,CVE-2022-37402
956982269,arkede/cve-2022,CVE-2022-36340.yaml,2d582c50e9944d413a4e4d192e0f4c385e292bd1,CVE-2022-36340
956982269,arkede/cve-2022,CVE-2022-44594.yaml,2d6608efa038ef238bf44e5b47a2def8b7d340a9,CVE-2022-44594
956982269,arkede/cve-2022,cve-2022-0271.yaml,2d67c3123eda5c25890bd0e102c596bf82ddb1f8,CVE-2022-0271
956982269,arkede/cve-2022,CVE-2022-4832.yaml,2d681146d8aec84824285457a25eac7f11fc3658,CVE-2022-4832
956982269,arkede/cve-2022,cve-2022-26564(1).yaml,2d755a156954fde3b4176e313197e612a6358ef5,CVE-2022-26564
956982269,arkede/cve-2022,CVE-2022-40193.yaml,2d76fc478d780dd88aa5d8325b2eca75eb3ed115,CVE-2022-40193
956982269,arkede/cve-2022,CVE-2022-32970.yaml,2d77227ffd3b8b1e7f95467c8385abaa6b4e6017,CVE-2022-32970
956982269,arkede/cve-2022,CVE-2022-1653.yaml,2d7bd12bd5ac0ddf5f4b69560b400b2c7d3a7f16,CVE-2022-1653
956982269,arkede/cve-2022,CVE-2022-0887.yaml,2d7c758f658a520470e0df0cb601c5f6d1d3fa23,CVE-2022-0887
956982269,arkede/cve-2022,CVE-2022-1672.yaml,2dadf92f579036d8d69b9b36d7946eae99d89d05,CVE-2022-1672
956982269,arkede/cve-2022,CVE-2022-1506.yaml,2db9392bda2c6b7ac007326cd523b8d2c1d29421,CVE-2022-1506
956982269,arkede/cve-2022,CVE-2022-27628.yaml,2dcd07a70debda55e1244dfae86f16e70f537263,CVE-2022-27628
956982269,arkede/cve-2022,CVE-2022-22733_2.yaml,2dd791a54f9a1a4d633e4134d185e7c424eb5a25,CVE-2022-22733
956982269,arkede/cve-2022,CVE-2022-4115.yaml,2dda9a836d90ae6ed5c61998f7fe6730213bafb2,CVE-2022-4115
956982269,arkede/cve-2022,CVE-2022-46443_2.yaml,2de7041c6bb180c94f963123ffc022ecff0d8fc2,CVE-2022-46443
956982269,arkede/cve-2022,CVE-2022-4374.yaml,2dfa28c4d45a34b3826fe95282c3d1cfae1ec7fd,CVE-2022-4374
956982269,arkede/cve-2022,CVE-2022-46857.yaml,2e0213aad065428e41dbac67f869618f6de55eeb,CVE-2022-46857
956982269,arkede/cve-2022,cve-2022-24112-6701.yaml,2e1b78e957c7adaad5064cd4478b4cee6b346c6b,CVE-2022-24112
956982269,arkede/cve-2022,CVE-2022-4309.yaml,2e25e29e1ab6d72b2dc46dbdba26ff7a0c706e1a,CVE-2022-4309
956982269,arkede/cve-2022,CVE-2022-4482.yaml,2e30e6b706b5480ae0fa4cf40e5f6674735a030f,CVE-2022-4482
956982269,arkede/cve-2022,CVE-2022-47606.yaml,2e392e5eb6b7512dd2dae4586db1eec68f062ef3,CVE-2022-47606
956982269,arkede/cve-2022,CVE-2022-1528.yaml,2e3989433b72ef424a6906481c0bffb0ca597baa,CVE-2022-1528
956982269,arkede/cve-2022,CVE-2022-3074.yaml,2e4e70b2c218586776062de70854e5da3ac42f70,CVE-2022-3074
956982269,arkede/cve-2022,CVE-2022-1749.yaml,2e4f5ff85180b4f2da921440d5480c53ec4f12b9,CVE-2022-1749
956982269,arkede/cve-2022,CVE-2022-4485.yaml,2e7a1edf388cc39fe5298c43056e9865e570a357,CVE-2022-4485
956982269,arkede/cve-2022,CVE-2022-0864.yaml,2e9d9cd3240f0dfceee0b9a3c5ff801a13939a58,CVE-2022-0864
956982269,arkede/cve-2022,cve-2022-25369-6727.yaml,2edf0b76017e1f423d29925f70f7971b2e7cfd63,CVE-2022-25369
956982269,arkede/cve-2022,CVE-2022-1156.yaml,2edf320c8ec20d25fe0596a2c8748503b7504f47,CVE-2022-1156
956982269,arkede/cve-2022,CVE-2022-41839.yaml,2efa0c8999d3bd58799501d5c5c4f9afd6326167,CVE-2022-41839
956982269,arkede/cve-2022,CVE-2022-0773_2.yaml,2f0c41eede5383ba8638f92eb57e0f57696c1ed7,CVE-2022-0773
956982269,arkede/cve-2022,CVE-2022-47448.yaml,2f155a3b14b9583fda527f0754de2200629095ba,CVE-2022-47448
956982269,arkede/cve-2022,CVE-2022-1565.yaml,2f3906d3134006b8cedc7d69421c9b0c171ad40c,CVE-2022-1565
956982269,arkede/cve-2022,CVE-2022-0228_2.yaml,2f7b518df58fd498ccb34f6f436553d2f924d3de,CVE-2022-0228
956982269,arkede/cve-2022,CVE-2022-3243.yaml,2f8e109a0aea9c01007ced88641076baced63127,CVE-2022-3243
956982269,arkede/cve-2022,CVE-2022-0817.yaml,2fa40e920989725e75b05d2fb7715b279d103845,CVE-2022-0817
956982269,arkede/cve-2022,CVE-2022-4577.yaml,2fbf4a94803220b95744ae545acc4d5105fa6dd7,CVE-2022-4577
956982269,arkede/cve-2022,CVE-2022-44628.yaml,2fd37fe80d72fcc3e52f74225d5c832d17f8cd6a,CVE-2022-44628
956982269,arkede/cve-2022,CVE-2022-3631.yaml,2fdcce6e35fcadb4d11c30a1bed0eded782a9d38,CVE-2022-3631
956982269,arkede/cve-2022,CVE-2022-3180.yaml,2ff39927b698d5ccf98e77776d8a0970f06a8532,CVE-2022-3180
956982269,arkede/cve-2022,CVE-2022-29303.yaml,301fb1199b23bdd5ae3359ca9c4a608c3526dfde,CVE-2022-29303
956982269,arkede/cve-2022,CVE-2022-4486.yaml,30239f21855e1d1c60f5df93348afd09d7ccee71,CVE-2022-4486
956982269,arkede/cve-2022,CVE-2022-46887.yaml,3026c2d46ce8755c136d4dfdbafa0d5a89c8495c,CVE-2022-46887
956982269,arkede/cve-2022,CVE-2022-4715.yaml,3053961ddee6b0a345780b88dcfaf5b1c3eaca8d,CVE-2022-4715
956982269,arkede/cve-2022,CVE-2022-1294.yaml,307c93cca11c56ea85eb5b09c96430a0185913f4,CVE-2022-1294
956982269,arkede/cve-2022,CVE-2022-3237.yaml,307ed085c8be4105db5e18432d0b6a254b6736f0,CVE-2022-3237
956982269,arkede/cve-2022,CVE-2022-1626.yaml,308621201dc47e8e7ada70fcd3361b7e42b8c342,CVE-2022-1626
956982269,arkede/cve-2022,CVE-2022-28080_1.yaml,3089b7e050fd9b1b1d3d7fbb56e276ce23e92a92,CVE-2022-28080
956982269,arkede/cve-2022,CVE-2022-26180.yaml,30a6a9c9a4d6f9d4bab8fe94faf7b4c425da3b80,CVE-2022-26180
956982269,arkede/cve-2022,CVE-2022-34853.yaml,30f879a8b0f2245bbb269098658babb82eaa2ea4,CVE-2022-34853
956982269,arkede/cve-2022,CVE-2022-0867_1.yaml,30fa8b24597cb3848da0a90ee09f7452bcbf7340,CVE-2022-0867
956982269,arkede/cve-2022,CVE-2022-42747.yaml,31120c1cfa2591e272746aa5ac396144ffccf321,CVE-2022-42747
956982269,arkede/cve-2022,CVE-2022-40032.yaml,311aed2d5221594160f9bcda3105e4fddf0fa38e,CVE-2022-40032
956982269,arkede/cve-2022,CVE-2022-3246.yaml,31273ec24eda5bfbf03bea1f7b3e2de85f261541,CVE-2022-3246
956982269,arkede/cve-2022,CVE-2022-43468.yaml,312851352947578a169e7b5e5e9cb66323ab4077,CVE-2022-43468
956982269,arkede/cve-2022,CVE-2022-3853.yaml,31335c8c203780e2b01587e56956eee67f82deee,CVE-2022-3853
956982269,arkede/cve-2022,CVE-2022-2546_2.yaml,314f845337adbc9db3d670fc10dbe739d9268bd6,CVE-2022-2546
956982269,arkede/cve-2022,CVE-2022-40047_1.yaml,31510286288fab08732fb59ceec43e7462805345,CVE-2022-40047
956982269,arkede/cve-2022,CVE-2022-4330.yaml,31525a406ed291fcbcfd5a15c641a13688b36587,CVE-2022-4330
956982269,arkede/cve-2022,CVE-2022-4114.yaml,3181c4b31588d96ab89734684ea403886c61d06a,CVE-2022-4114
956982269,arkede/cve-2022,cve-2022-1388-6649.yaml,31ac161eb4bfa959147a43c70a9107b9a5d75588,CVE-2022-1388
956982269,arkede/cve-2022,CVE-2022-2063.yaml,31bdcfefde26a68824b135ff5fc4f90c18dc52a2,CVE-2022-2063
956982269,arkede/cve-2022,cve-2022-24129-6706.yaml,31c1fc92f2dc478069c3a133e1356f51c0d7ba02,CVE-2022-24129
956982269,arkede/cve-2022,CVE-2022-4016.yaml,31c2311b610faa84658aa61c32daf995a31d2bb7,CVE-2022-4016
956982269,arkede/cve-2022,CVE-2022-3342.yaml,31e32d1b9ed17eb95f8774224ea8c3c98d91a453,CVE-2022-3342
956982269,arkede/cve-2022,CVE-2022-0785_3.yaml,31f2b839e067ebe1a0c4726f1ec024bc2894c6bc,CVE-2022-0785
956982269,arkede/cve-2022,CVE-2022-29453.yaml,31f409647b6756720cf8469b3e93f04b93fbef2b,CVE-2022-29453
956982269,arkede/cve-2022,CVE-2022-25605.yaml,3202e0436490a4dceeeb3a009cbd6acb62172c09,CVE-2022-25605
956982269,arkede/cve-2022,CVE-2022-2311.yaml,3214d528e4f28ee5ffda0d0d42365b041cb1473c,CVE-2022-2311
956982269,arkede/cve-2022,CVE-2022-28023_4.yaml,323eec7df78487ae19079628aeba19fb0108cb69,CVE-2022-28023
956982269,arkede/cve-2022,CVE-2022-0592.yaml,325a176b7fb0c715ed2667d0d5ea07d551c7bf03,CVE-2022-0592
956982269,arkede/cve-2022,CVE-2022-0769_1.yaml,3269a8e7f91c7e1d950794b64a24a2cec14e1f68,CVE-2022-0769
956982269,arkede/cve-2022,CVE-2022-4519.yaml,329531e6de271dba3884d8223a38ae4f74cee57e,CVE-2022-4519
956982269,arkede/cve-2022,CVE-2022-29426.yaml,3296ab1ef47bae9afc9d780b75f0d32aab866f5b,CVE-2022-29426
956982269,arkede/cve-2022,CVE-2022-1560.yaml,329be222eaa22cfdee2abea46ed2e71109285f5e,CVE-2022-1560
956982269,arkede/cve-2022,CVE-2022-4479.yaml,32a82be22d8b2bf90fc3882c236ed9bfae7d438c,CVE-2022-4479
956982269,arkede/cve-2022,CVE-2022-46821.yaml,32e96a2a968e4e6e9d694e51c748231023b23640,CVE-2022-46821
956982269,arkede/cve-2022,cve-2022-28365-6747.yaml,32f4aca8698eac1f920df277fed448b8619fd00c,CVE-2022-28365
956982269,arkede/cve-2022,cve-2022-28365-6747.yaml,32f4aca8698eac1f920df277fed448b8619fd00c,GHSA-4G2V-6X25-VR7P
956982269,arkede/cve-2022,CVE-2022-24136.yaml,32f935f59c04e9d76583be7071d9a106612d30d1,CVE-2022-24136
956982269,arkede/cve-2022,CVE-2022-2441.yaml,32ff0851b9f2eff300eec4defe996e4926b3e812,CVE-2022-2441
956982269,arkede/cve-2022,CVE-2022-26077.yaml,330409d91c582cdb27acad1adfe519d3d28dee73,CVE-2022-26077
956982269,arkede/cve-2022,CVE-2022-25411.yaml,33158ed1c1624084ed00af5e328f3e5ccb18e116,CVE-2022-25411
956982269,arkede/cve-2022,CVE-2022-24264.yaml,33275084ec82530c0d397d8389ef947e456b73a5,CVE-2022-24264
956982269,arkede/cve-2022,CVE-2022-4783.yaml,3329a9247c8efa2a086651e09004da7be237f9b2,CVE-2022-4783
956982269,arkede/cve-2022,CVE-2022-21705_2.yaml,3330825f4c99b1413f52bdd324c6aa655ddcd95b,CVE-2022-21705
956982269,arkede/cve-2022,CVE-2022-21705_2.yaml,3330825f4c99b1413f52bdd324c6aa655ddcd95b,GHSA-79JW-2F46-WV22
956982269,arkede/cve-2022,CVE-2022-0643.yaml,3331ac871c79db01c4d8f400a10dadf0739f7ca0,CVE-2022-0643
956982269,arkede/cve-2022,CVE-2022-24181.yaml,3332ee7cefd1dbf9048c1f3ece2d92a3d9ede3cf,CVE-2022-24181
956982269,arkede/cve-2022,CVE-2022-38295.yaml,337c4bbc8d2cc2d85af26e8bcb855f3dccb07276,CVE-2022-38295
956982269,arkede/cve-2022,CVE-2022-4542.yaml,3398217f9a53b8a813cc9d85efdb258f82af9de6,CVE-2022-4542
956982269,arkede/cve-2022,CVE-2022-1656.yaml,339877c8e31900084340ff78fd62cd35434fbc6c,CVE-2022-1656
956982269,arkede/cve-2022,CVE-2022-30073_2.yaml,3398a46d5cec0d83809ab8fc674159f4764a087e,CVE-2022-30073
956982269,arkede/cve-2022,CVE-2022-4351.yaml,33c389b2ef9503b4349e15d464ce5f0f1363f376,CVE-2022-4351
956982269,arkede/cve-2022,CVE-2022-2362.yaml,340aaef6fce73966f9d9f340b4924f9ee2bc0495,CVE-2022-2362
956982269,arkede/cve-2022,cve-2022-0653-6641.yaml,341f14c168ddc4d4fbcb1b6b1c820c5f204ff2f8,CVE-2022-0653
956982269,arkede/cve-2022,CVE-2022-0885.yaml,342ad7836ddade9e063f80b3b2c0617b8e0234ac,CVE-2022-0885
956982269,arkede/cve-2022,CVE-2022-31469.yaml,344d48d1b813b2db60e50c7edfc0bf7949f95406,CVE-2022-31469
956982269,arkede/cve-2022,CVE-2022-1687.yaml,345b5ee7835a85829db7962101efd0f639568c9a,CVE-2022-1687
956982269,arkede/cve-2022,CVE-2022-2473.yaml,34671591916b5752f8279f4b249681321c1d7036,CVE-2022-2473
956982269,arkede/cve-2022,CVE-2022-46840.yaml,3471c84d39f9d09e9f3c5dc15b4ed10097498526,CVE-2022-46840
956982269,arkede/cve-2022,CVE-2022-1612.yaml,3473b37fc2330eb8f4d397d7e37c2ba8d4830254,CVE-2022-1612
956982269,arkede/cve-2022,CVE-2022-23102_1.yaml,347bad4369a270c43473b20be889e35dcf7c6ccf,CVE-2022-23102
956982269,arkede/cve-2022,CVE-2022-29709.yaml,348359cc08aa2239c945ca0c484daae9c240fc87,CVE-2022-29709
956982269,arkede/cve-2022,CVE-2022-1788.yaml,3483d8a0dc00f20f36bf2cab8b2c36764dba611e,CVE-2022-1788
956982269,arkede/cve-2022,CVE-2022-29431.yaml,348f2fa2a7f8e712f93aa7a31ebf3511265e2564,CVE-2022-29431
956982269,arkede/cve-2022,cve-2022-24856-6713.yaml,34a8fcbb67cdb828aaa6bbaaf4bef7925269bc20,GHSA-WWW6-HF2V-V9M9
956982269,arkede/cve-2022,cve-2022-24856-6713.yaml,34a8fcbb67cdb828aaa6bbaaf4bef7925269bc20,CVE-2022-24856
956982269,arkede/cve-2022,CVE-2022-34047_4.yaml,34b0f08c6761bb97ac3fbede555d0e08a6c4f62c,CVE-2022-34047
956982269,arkede/cve-2022,CVE-2022-1057_3.yaml,34b4cff00db389e02305e42af62fb7a7fb324e1f,CVE-2022-1057
956982269,arkede/cve-2022,cve-2022-28079.yaml,34ca46692277ed664e0d4edc6a8acd3a840d4c3d,CVE-2022-28079
956982269,arkede/cve-2022,CVE-2022-22947_2.yaml,34fd974d084958a9038b8640b67bcb7da5a2296c,CVE-2022-22947
956982269,arkede/cve-2022,CVE-2022-3469.yaml,350089c02c0cde51a678bc63439fd51e43a45c1b,CVE-2022-3469
956982269,arkede/cve-2022,CVE-2022-21350.yaml,351a1d2fd298d3aae4acb2ec9413641f2bc841c2,CVE-2022-21350
956982269,arkede/cve-2022,CVE-2022-29413.yaml,353b0c414a259813b449343784fa3a0c2a110c6a,CVE-2022-29413
956982269,arkede/cve-2022,CVE-2022-40975.yaml,356a3b07916f95356cb267aa7e24f663a2641146,CVE-2022-40975
956982269,arkede/cve-2022,CVE-2022-4325.yaml,35732bc1830f434cfe6ebfc0a38f8e45bbe8ff34,CVE-2022-4325
956982269,arkede/cve-2022,CVE-2022-46804.yaml,3578935c7a4063b8e5dcd241f83d512b56ab162d,CVE-2022-46804
956982269,arkede/cve-2022,CVE-2022-1391.yaml,359089665a57479d4beed2fc8f6ed21cfa992063,CVE-2022-1391
956982269,arkede/cve-2022,CVE-2022-32026.yaml,35b7431a3077407bbbc28b9e47fc8a03fe5cf0b3,CVE-2022-32026
956982269,arkede/cve-2022,CVE-2022-32026.yaml,35b7431a3077407bbbc28b9e47fc8a03fe5cf0b3,CVE-2022-32028
956982269,arkede/cve-2022,cve-2022-29303-6752.yaml,35e2195309f7d8e4844bf622a961901e2514a913,CVE-2022-29303
956982269,arkede/cve-2022,CVE-2022-2942.yaml,35f95746df41cd48250161cfa567d9cc4ec49d18,CVE-2022-2942
956982269,arkede/cve-2022,CVE-2022-3860.yaml,3618a49b8fe5ff44ae19d70f83c7d9826955ac33,CVE-2022-3860
956982269,arkede/cve-2022,CVE-2022-28117_1.yaml,3620eff699f223eff703f485d57bbefd0e1df934,CVE-2022-28117
956982269,arkede/cve-2022,CVE-2022-27043.yaml,362d1b80de82e4fffc4ad6634bf2c5e5b0784209,CVE-2022-27043
956982269,arkede/cve-2022,CVE-2022-47437.yaml,363445314edd241123a65715b60e0de9a7aa059b,CVE-2022-47437
956982269,arkede/cve-2022,CVE-2022-47425.yaml,363854d9faafff2bf3f6454ab76133ca87466862,CVE-2022-47425
956982269,arkede/cve-2022,CVE-2022-34654.yaml,364839a2fb9517b5cf05ead30bbec9d5fb03e9a6,CVE-2022-34654
956982269,arkede/cve-2022,cve-2022-0692-6643.yaml,36534385fe1487231fa590cd6672dc5264a7b7e4,CVE-2022-0692
956982269,arkede/cve-2022,CVE-2022-36365.yaml,365ee59e39bfb262e88342c633e06bce24e63edb,CVE-2022-36365
956982269,arkede/cve-2022,CVE-2022-25485_1.yaml,3674f5ab31f186d55843c550fc1e3409ab9dc652,CVE-2022-25485
956982269,arkede/cve-2022,CVE-2022-4648.yaml,36811b9832af4b9a1025f8727f29137c2583008e,CVE-2022-4648
956982269,arkede/cve-2022,cve-2022-24112-6702.yaml,368236b99cdd82fcf528a607f5e2eaf49d2eab1e,CVE-2022-24112
956982269,arkede/cve-2022,CVE-2022-31981.yaml,3682f0f5a852a8401071da119ed628cd034c9a41,CVE-2022-31981
956982269,arkede/cve-2022,CVE-2022-36804_3.yaml,36873d77fa2b5719ba3321412912af6f5c21cc37,CVE-2022-36804
956982269,arkede/cve-2022,CVE-2022-27927_1.yaml,368ad1416dfd3ad8372ebdf78ee5551080a31fcd,CVE-2022-27927
956982269,arkede/cve-2022,CVE-2022-46802.yaml,3695d6e9bda77dfb1be1edb299c242b121a6ff6e,CVE-2022-46802
956982269,arkede/cve-2022,CVE-2022-25148.yaml,36a492e6e736e9b28c1b9919f97dd3a4f6c268fc,CVE-2022-25148
956982269,arkede/cve-2022,CVE-2022-42751.yaml,36afb396d24831c322b806287755e894cfe1e937,CVE-2022-42751
956982269,arkede/cve-2022,CVE-2022-0651.yaml,36b06fc0c51fff2dfe6a582623a25a31449b97a9,CVE-2022-0651
956982269,arkede/cve-2022,cve-2022-1815.yaml,36d8bec1f826f1b95eb617084f551cf2cdd64714,CVE-2022-1815
956982269,arkede/cve-2022,CVE-2022-3128.yaml,36ef1febd883f93be0de2a3505fdc5b8005f601f,CVE-2022-3128
956982269,arkede/cve-2022,CVE-2022-31125.yaml,36f4fc76f7a34f65f4e4af1a579138168ec8ac21,CVE-2022-31125
956982269,arkede/cve-2022,CVE-2022-31125.yaml,36f4fc76f7a34f65f4e4af1a579138168ec8ac21,GHSA-HR76-3HXP-5MM3
956982269,arkede/cve-2022,cve-2022-0482-6634.yaml,370a9e7c72dc6f51570abaf3b04d3e5fac4a395c,CVE-2022-0482
956982269,arkede/cve-2022,CVE-2022-47145.yaml,371cd82f450b845b0069d52759d942307d09db4b,CVE-2022-47145
956982269,arkede/cve-2022,CVE-2022-28036.yaml,37540f13ce357a3813842a75c6b19682c21e7db4,CVE-2022-28036
956982269,arkede/cve-2022,CVE-2022-46169_3.yaml,3755ce6b6da8f3d360449098ae9fc62414c64143,GHSA-6P93-P743-35GF
956982269,arkede/cve-2022,CVE-2022-46169_3.yaml,3755ce6b6da8f3d360449098ae9fc62414c64143,CVE-2022-46169
956982269,arkede/cve-2022,CVE-2022-46803.yaml,37577f9775a28e42faa195c857a816e93e3e66af,CVE-2022-46803
956982269,arkede/cve-2022,CVE-2022-4825.yaml,375e576d4531dc77f7c6363e72d7ef6322721418,CVE-2022-4825
956982269,arkede/cve-2022,CVE-2022-4489.yaml,377e2df061783dd9df66e0cb3a20ff4c8302b91f,CVE-2022-4489
956982269,arkede/cve-2022,cve-2022-26138.yaml,37953c9d1a704731b2c76eb0d2e7b20b298f4746,CVE-2022-26138
956982269,arkede/cve-2022,CVE-2022-25064.yaml,37a394449f60796a06565c862daa5857077489f6,CVE-2022-25064
956982269,arkede/cve-2022,CVE-2022-34092.yaml,37a833dbd39617c94c9b5bfc73179984aaee64b0,CVE-2022-34092
956982269,arkede/cve-2022,CVE-2022-1654.yaml,37cb645bc2148bfc04b21604f44707f05894e335,CVE-2022-1654
956982269,arkede/cve-2022,CVE-2022-28035.yaml,37cbd906233f5d74ad8cee05cf328b4a18450a32,CVE-2022-28035
956982269,arkede/cve-2022,CVE-2022-25487_2.yaml,37ce84773722d7d8faef949a579cc09ea2645dc4,CVE-2022-25487
956982269,arkede/cve-2022,CVE-2022-43167_1.yaml,37e5c13a986b679e5abc2025aa7a568cbdca2b43,CVE-2022-43167
956982269,arkede/cve-2022,CVE-2022-34047_3.yaml,37e80a2f932b0c3d84a0c13b7c98528dc4799721,CVE-2022-34047
956982269,arkede/cve-2022,CVE-2022-41697.yaml,37f3607503fba680e932883a574cad5fb88d1aa0,CVE-2022-41697
956982269,arkede/cve-2022,CVE-2022-37407.yaml,3804436c25dc900e010ad8a13dfe4e5dbd8f219c,CVE-2022-37407
956982269,arkede/cve-2022,CVE-2022-27299.yaml,380e99e88c8055bf7b62c77cbfad994e8b19a7bb,CVE-2022-27299
956982269,arkede/cve-2022,CVE-2022-31499_1.yaml,3813062ffa12af1b479057c96cb534c7997175d2,CVE-2019-7256
956982269,arkede/cve-2022,CVE-2022-31499_1.yaml,3813062ffa12af1b479057c96cb534c7997175d2,CVE-2022-31499
956982269,arkede/cve-2022,CVE-2022-38637_1.yaml,3819737eac0ad97044f7b293d0229eac575d0a15,CVE-2022-38637
956982269,arkede/cve-2022,CVE-2022-0787_1.yaml,381b553b7e97c8dcd0b10fea1bd4f3e6325b98b0,CVE-2022-0787
956982269,arkede/cve-2022,CVE-2022-4872.yaml,3821e8a112d4b32141fb0b269db6e756fa1d3c64,CVE-2022-4872
956982269,arkede/cve-2022,CVE-2022-44735.yaml,3845f6fa941f53f724eacc2339f54e911a3c822a,CVE-2022-44735
956982269,arkede/cve-2022,CVE-2022-0513.yaml,384be3c485ff68fefadf4f23147601dd7a5da59b,CVE-2022-0513
956982269,arkede/cve-2022,CVE-2022-47160.yaml,384be5fb290f2b2599a5900bd098c4892d52226b,CVE-2022-47160
956982269,arkede/cve-2022,CVE-2022-44580.yaml,385ce647379e28361bc1aff026900758041a54ad,CVE-2022-44580
956982269,arkede/cve-2022,CVE-2022-1659.yaml,386de55d80c4ea8833205a0480352a21f9a777d8,CVE-2022-1659
956982269,arkede/cve-2022,CVE-2022-36347.yaml,3873aaef5a37aff052d977bce52164cb1e72586a,CVE-2022-36347
956982269,arkede/cve-2022,CVE-2022-45038_3.yaml,3891bd1f10ca930654dcfa2e282d91fd2804ad16,CVE-2022-45038
956982269,arkede/cve-2022,CVE-2022-35413_2.yaml,389e328e2fa1529d523764060da0b96d071fe4b7,CVE-2022-35413
956982269,arkede/cve-2022,CVE-2022-28700.yaml,389e6fdc3eb04f69ba0d309bcfdb5a66619e8d5f,CVE-2022-28700
956982269,arkede/cve-2022,CVE-2022-2252.yaml,38a1a36b11cc32c3f94c61c7926a18a9121d034d,CVE-2022-2252
956982269,arkede/cve-2022,CVE-2022-34857.yaml,38a4e53acb79c5b2aa69d76e79d809533ad6152b,CVE-2022-34857
956982269,arkede/cve-2022,CVE-2022-24342.yaml,38b3ce2d3d8e9a8408b9ba20031a44ff11b8f65c,CVE-2022-24342
956982269,arkede/cve-2022,CVE-2022-21664.yaml,38b3e04ecc8cc261629473370a18cf92dec3149c,CVE-2022-21664
956982269,arkede/cve-2022,CVE-2022-21664.yaml,38b3e04ecc8cc261629473370a18cf92dec3149c,GHSA-JP3P-GW8H-6X86
956982269,arkede/cve-2022,CVE-2022-4227.yaml,38d6c5c9bb33977427c385dc134abbc2eb0aa61e,CVE-2022-4227
956982269,arkede/cve-2022,CVE-2022-39014.yaml,38d7faa848c97ece747ea073b2b90525c1c4b85e,CVE-2022-39014
956982269,arkede/cve-2022,CVE-2022-1582.yaml,38ec5649e50dc4cd6bb488d488604d1dea8c80a0,CVE-2022-1582
956982269,arkede/cve-2022,CVE-2022-2487_3.yaml,38fc6e50dd73ae08f4c431f74a559cc3c5a2dc60,CVE-2022-2487
956982269,arkede/cve-2022,CVE-2022-4474.yaml,3911fef85f019f7f4fa78adf3e51a6664cdb5a79,CVE-2022-4474
956982269,arkede/cve-2022,CVE-2022-34576.yaml,391cf5b865a4a433a94fbab0c3aabe09ba5b8ccc,CVE-2022-34576
956982269,arkede/cve-2022,CVE-2022-1202.yaml,3930b642e4fabd169eac14d019e7e07afa455723,CVE-2022-1202
956982269,arkede/cve-2022,CVE-2022-36798.yaml,39355c179d8a645d07e010f79aede7f5e375fc18,CVE-2022-36798
956982269,arkede/cve-2022,CVE-2022-21453.yaml,394284437629a5274117781fe2b0967c80f0726e,CVE-2022-21453
956982269,arkede/cve-2022,CVE-2022-0169.yaml,3962d877dcfcd7c8f241ac231b77f0d899e2321f,CVE-2022-0169
956982269,arkede/cve-2022,CVE-2022-0874.yaml,3976e350020cd1c8591bc4fcd865a6282f4b8d4c,CVE-2022-0874
956982269,arkede/cve-2022,CVE-2022-3829.yaml,398b8130ec4cf2cf7564e2ac0c1afda27ae36cea,CVE-2022-3829
956982269,arkede/cve-2022,cve-2022-0653-6640.yaml,399174d0eb84d36fee56cb147d86031c50a02ea9,CVE-2022-0653
956982269,arkede/cve-2022,CVE-2022-47003_1.yaml,39b0dcdde25452144702c74bddbf9842ef9c2feb,CVE-2022-47003
956982269,arkede/cve-2022,CVE-2022-2887.yaml,39b1746ace439f1533e3ef84295003aaace97b5e,CVE-2022-2887
956982269,arkede/cve-2022,CVE-2022-42095_3.yaml,39bc05a39c6029f9b30830a0c80b9f610ae52fa4,CVE-2022-42095
956982269,arkede/cve-2022,CVE-2022-2713.yaml,39cc4fa35a0d9a439079a02c84aef90bec119202,CVE-2022-2713
956982269,arkede/cve-2022,CVE-2022-1645.yaml,39cd58df3aad0a4783fab0b574d38fa14098a982,CVE-2022-1645
956982269,arkede/cve-2022,CVE-2022-1684.yaml,39f6e11828151428c78fc0701d956b6975878731,CVE-2022-1684
956982269,arkede/cve-2022,CVE-2022-4628.yaml,3a2ff6a58e0150346323aeccfc0d78551598dd63,CVE-2022-4628
956982269,arkede/cve-2022,CVE-2022-37190.yaml,3a322b114cc62c923aa5f48e88b7fe14266eee48,CVE-2022-37190
956982269,arkede/cve-2022,CVE-2022-32022.yaml,3a5acf6dda3e436cfeb81e33f354d5cf7deb6adf,CVE-2022-32022
956982269,arkede/cve-2022,CVE-2022-4386.yaml,3a5ba6e38a15a978c51f5440837495fc67fabb17,CVE-2022-4386
956982269,arkede/cve-2022,CVE-2022-34045_1.yaml,3a7e2bda6ffdb8eb9603796590075079e9ad95d3,CVE-2022-34045
956982269,arkede/cve-2022,CVE-2022-4460.yaml,3a85a5ac836cb955e00ff220081b1c70543bfeac,CVE-2022-4460
956982269,arkede/cve-2022,CVE-2022-27004.yaml,3a88c48848dfea0dff07aef0163f6c63485e7d3b,CVE-2022-27004
956982269,arkede/cve-2022,CVE-2022-38553.yaml,3a9211201847f0819e1292e3aeeff35efd9c085a,CVE-2022-38553
956982269,arkede/cve-2022,cve-2022-23779-6692.yaml,3aa9a7bebcb19cc6ca481376c590eec3c72f16fd,CVE-2022-23779
956982269,arkede/cve-2022,CVE-2022-38794.yaml,3ad80d8f33760ba41f6e28befe1be2c9f20d353b,CVE-2022-38794
956982269,arkede/cve-2022,CVE-2022-3416.yaml,3af655d8a0081aa8ff0b7b3cf3ab5bddd8e7a943,CVE-2022-3416
956982269,arkede/cve-2022,CVE-2022-42462.yaml,3b08f59c3ce11caa90d8c66e100747305e0356d9,CVE-2022-42462
956982269,arkede/cve-2022,CVE-2022-40879.yaml,3b252720675a99b30e29a2ee6a0e16b88df9eace,CVE-2022-40879
956982269,arkede/cve-2022,CVE-2022-28290.yaml,3b4d27d8c04d867c5427fcc61801a969b00b53a9,CVE-2022-28290
956982269,arkede/cve-2022,CVE-2022-3768.yaml,3b58dd21e1b572fe3c6743c5b35e2de8da0eb80a,CVE-2022-3768
956982269,arkede/cve-2022,CVE-2022-40694.yaml,3b6365ea068986673aa40c14832f33d7ba3c5ae7,CVE-2022-40694
956982269,arkede/cve-2022,CVE-2022-24816_2.yaml,3b7b7c2bbd0b7b9c27471dcc120952c50a4e17e7,CVE-2022-24816
956982269,arkede/cve-2022,CVE-2022-24816_2.yaml,3b7b7c2bbd0b7b9c27471dcc120952c50a4e17e7,GHSA-V92F-JX6P-73RX
956982269,arkede/cve-2022,CVE-2022-23982.yaml,3b7d791bb3e8f1c8eb94c6cfcd59c36f4fae50ff,CVE-2022-23982
956982269,arkede/cve-2022,CVE-2022-46074.yaml,3b81a662f241c70dd2f61ae6cba221a2c1f8e42a,CVE-2022-46074
956982269,arkede/cve-2022,CVE-2022-26279.yaml,3b94a215508984ebdfd634fb9b7c4c599679796a,CVE-2022-26279
956982269,arkede/cve-2022,CVE-2022-0720.yaml,3b99c505cd8b638dcb97013688a7e3685cb6f0da,CVE-2022-0720
956982269,arkede/cve-2022,CVE-2022-47139.yaml,3b9f3ee0040929a661c85bc97c240dad8e46d606,CVE-2022-47139
956982269,arkede/cve-2022,CVE-2022-47170.yaml,3bb0556a2ad1967dfc63226ff7d55f97f7878bef,CVE-2022-47170
956982269,arkede/cve-2022,CVE-2022-0535_1.yaml,3bb1bf35ec57f149ec68aa8d9829b5ac6daa0923,CVE-2022-0535
956982269,arkede/cve-2022,CVE-2022-4459.yaml,3bb2b94e6c0e28ee7bb799fd935547f5d27a9597,CVE-2022-4459
956982269,arkede/cve-2022,CVE-2022-0415_1.yaml,3bdb92c7b27807c3cf304dd2bc7c58a58755e97a,CVE-2022-0415
956982269,arkede/cve-2022,CVE-2022-4791.yaml,3bf44a4f3eea48d48ee96c84615c4cdc8555234c,CVE-2022-4791
956982269,arkede/cve-2022,CVE-2022-4707.yaml,3bfd84a548d69275960e093f1fecf06b86df2f5a,CVE-2022-4707
956982269,arkede/cve-2022,CVE-2022-2487_2.yaml,3c001dc25e48935823020273c0cbf12996b21776,CVE-2022-2487
956982269,arkede/cve-2022,CVE-2022-21705.yaml,3c0f021facc0e7b98ea999b0b288be94d7d085db,GHSA-79JW-2F46-WV22
956982269,arkede/cve-2022,CVE-2022-21705.yaml,3c0f021facc0e7b98ea999b0b288be94d7d085db,CVE-2022-21705
956982269,arkede/cve-2022,cve-2022-30776.yaml,3c21243513850b4378c14a24a510a458484cc01c,CVE-2022-30776
956982269,arkede/cve-2022,CVE-2022-29446.yaml,3c2982292510ead075721ca061551f38e3bd21db,CVE-2022-29446
956982269,arkede/cve-2022,CVE-2022-47966_1.yaml,3c3fff95441b9c262454fed854893705c6c81c6a,CVE-2022-47966
956982269,arkede/cve-2022,CVE-2022-47175.yaml,3c4e1815e8f95111e4cc5c5290bbbf912b187c6b,CVE-2022-47175
956982269,arkede/cve-2022,CVE-2022-43488.yaml,3c5610452ce7592d93328a19b70aa48952ae1028,CVE-2022-43488
956982269,arkede/cve-2022,CVE-2022-0399.yaml,3c5a8520bfb6af2926b01b2bc47bf2fd612e3900,CVE-2022-0399
956982269,arkede/cve-2022,CVE-2022-30605.yaml,3c824b33fe937905b2962316a128046ee9fb3651,CVE-2022-30605
956982269,arkede/cve-2022,CVE-2022-4623.yaml,3c83400729e720b510fd3953bf416b9db8fd2a86,CVE-2022-4623
956982269,arkede/cve-2022,CVE-2022-40211.yaml,3ca88142daed092fd0c2d2ea42b1bebd86b738be,CVE-2022-40211
956982269,arkede/cve-2022,CVE-2022-4299.yaml,3cd88c89f55fc9e5c65e43d0910aa9b7b71d734c,CVE-2022-4299
956982269,arkede/cve-2022,CVE-2022-40206.yaml,3cfaf41b6bd135c61f446e66d79e75388d08cd0c,CVE-2022-40206
956982269,arkede/cve-2022,CVE-2022-31678.yaml,3d04f03d64daaadb5d482f1642f826a5cfea665a,CVE-2022-31678
956982269,arkede/cve-2022,CVE-2022-29013.yaml,3d1133ea648d232dd34083cd1bb6ed6ff3ec71ed,CVE-2022-29013
956982269,arkede/cve-2022,CVE-2022-0594.yaml,3d1c80da587d43e58c674e1fc6ae911b2382858d,CVE-2022-0594
956982269,arkede/cve-2022,cve-2022-32028_1.yaml,3d1d4ee7565b50f21f44028ade8a1e7ebf2c580f,CVE-2022-32028
956982269,arkede/cve-2022,CVE-2022-1029.yaml,3d291eab8999e537d9cf4ebd48a6ccf993cff66a,CVE-2022-1029
956982269,arkede/cve-2022,cve-2022-1054.yaml,3d3107e7703994c1fcad23d767cc7659f9a8ddea,CVE-2022-1054
956982269,arkede/cve-2022,CVE-2022-0140(1).yaml,3d311c9e3321398f22334c80b7eeaba4cf6510be,CVE-2022-0140
956982269,arkede/cve-2022,CVE-2022-2926.yaml,3d56951b46c64c4f2c547ec054f22c2405fdc282,CVE-2022-2926
956982269,arkede/cve-2022,CVE-2022-0218.yaml,3d7bbc57ae765b978ddadf9f1fbe249411df85c0,CVE-2022-0218
956982269,arkede/cve-2022,CVE-2022-3800_3.yaml,3d7cf6e8a9816fdda463b48d0d45c0274a172575,CVE-2022-3800
956982269,arkede/cve-2022,CVE-2022-28363.yaml,3d841a0b2ac92b1bbe079fd7b97956395b3c60ef,CVE-2022-28363
956982269,arkede/cve-2022,CVE-2022-28363.yaml,3d841a0b2ac92b1bbe079fd7b97956395b3c60ef,GHSA-RPVC-QGRM-R54F
956982269,arkede/cve-2022,CVE-2022-41635.yaml,3d8e8c71c99adb7af16a310e060956e43d70b037,CVE-2022-41635
956982269,arkede/cve-2022,CVE-2022-0888.yaml,3d91033452ab734e9e36af18228297eabb079c53,CVE-2022-0888
956982269,arkede/cve-2022,CVE-2022-3062.yaml,3da1dfd7197d1b41751ebe6a11b932aaeaee3c75,CVE-2022-3062
956982269,arkede/cve-2022,CVE-2022-1538.yaml,3da2dd976d4c410519627c1ce226113363a6f8a0,CVE-2022-1538
956982269,arkede/cve-2022,CVE-2022-34045_5.yaml,3db1aeeb2d125c974bf12bbcfa88b3011d00093d,CVE-2022-34045
956982269,arkede/cve-2022,CVE-2022-3934.yaml,3db78d37ec8807c4b4168f4778f4946533ad307e,CVE-2022-3934
956982269,arkede/cve-2022,CVE-2022-45850.yaml,3dc6fe3409de036bcdad72d30b70518e06292316,CVE-2022-45850
956982269,arkede/cve-2022,CVE-2022-44625.yaml,3dda39bb8c0b0fec5ad6259f6890fb6fe6ceb379,CVE-2022-44625
956982269,arkede/cve-2022,CVE-2022-1756_2.yaml,3de648a17b5c9aad4458d9ca8f045855ce1e6e97,CVE-2022-1756
956982269,arkede/cve-2022,CVE-2022-20612.yaml,3deb9dc3c5cebe0f3b658364048e531be737550a,CVE-2022-20612
956982269,arkede/cve-2022,CVE-2022-1322.yaml,3df773ce298e5fd148c6c0b53f4a1a740144b032,CVE-2022-1322
956982269,arkede/cve-2022,CVE-2022-4953.yaml,3e0457431c686070dcdf721e329b99cd054c65eb,CVE-2022-4953
956982269,arkede/cve-2022,CVE-2022-1967.yaml,3e0c2983c86430fd1f48188aa401bb77d575f3da,CVE-2022-1967
956982269,arkede/cve-2022,cve-2022-34046.yaml,3e10b632467b16f529a8053023ed5af858f504fb,CVE-2022-34046
956982269,arkede/cve-2022,CVE-2022-25481.yaml,3e176b28be6a3607866bd6b002ddb167b30c84a9,CVE-2022-25481
956982269,arkede/cve-2022,CVE-2022-2373.yaml,3e4909478667350668ac9f33b7a7c5e17f1a778d,CVE-2022-2373
956982269,arkede/cve-2022,CVE-2022-0180.yaml,3e590072015b687931e916309a9ac080d190ecc6,CVE-2022-0180
956982269,arkede/cve-2022,CVE-2022-1013_1.yaml,3e678c7a7cd13e2eb8eda0937aeff9d3b8ea7df5,CVE-2022-1013
956982269,arkede/cve-2022,CVE-2022-41620.yaml,3e70425aefe4cb17e4864cd90f551489f593a8be,CVE-2022-41620
956982269,arkede/cve-2022,CVE-2022-0288.yaml,3e829d4f2309fff430cb8036bef69901e07e8a8b,CVE-2022-0288
956982269,arkede/cve-2022,CVE-2022-4218.yaml,3ea0879b5cc113488d558822c58cb26f6086ed27,CVE-2022-4218
956982269,arkede/cve-2022,CVE-2022-1791.yaml,3ec4bebc21ff82cf658db9823a3e8927c1f37703,CVE-2022-1791
956982269,arkede/cve-2022,cve-2022-1392(1).yaml,3ed12119a4ae836233ae4c476ad133886bef25ed,CVE-2022-1392
956982269,arkede/cve-2022,CVE-2022-34049_2.yaml,3ef5a0087a0a07d4ec28f44b57573b1efbf8cf78,CVE-2022-34049
956982269,arkede/cve-2022,CVE-2022-25612.yaml,3ef8c87863904d3966cc7b28f6719f31cee38436,CVE-2022-25612
956982269,arkede/cve-2022,CVE-2022-33119_2.yaml,3f01c697f518a965c5b2c338cc7fd8b0a2c08bb5,CVE-2022-33119
956982269,arkede/cve-2022,CVE-2022-4931.yaml,3f0f0e42a3ed496b3e048336a13a7868049effad,CVE-2022-4931
956982269,arkede/cve-2022,CVE-2022-4548.yaml,3f187cd3c50f35ec9ac38a7d34d7a9f6b216dc39,CVE-2022-4548
956982269,arkede/cve-2022,CVE-2022-25600.yaml,3f1f318f1d58b2cf1c3df2d068b075b7a4569841,CVE-2022-25600
956982269,arkede/cve-2022,CVE-2022-0165.yaml,3f2b876849ec680402b6afc281fb82edf94a6193,CVE-2022-0165
956982269,arkede/cve-2022,CVE-2022-0768.yaml,3f339b384866f15814ece3059154e3d99792184d,CVE-2022-0768
956982269,arkede/cve-2022,CVE-2022-44952_1.yaml,3f46d24b1722b64d2b4bc818c7163d01c75a04eb,CVE-2022-44952
956982269,arkede/cve-2022,CVE-2022-43325.yaml,3f5506d4039093eeaf6d712bec9fcdb76f25b399,CVE-2022-43325
956982269,arkede/cve-2022,CVE-2022-43939.yaml,3f8efe50b81f41156bfa9109affaeecd3e89720e,CVE-2022-43939
956982269,arkede/cve-2022,CVE-2022-3981.yaml,3f90cbd8b0c07c90fbff5bd25eb3f2702eda4280,CVE-2022-3981
956982269,arkede/cve-2022,CVE-2022-47446.yaml,3fc28d8f45bb2d6a35ba12dcfae736ebe34dbfa2,CVE-2022-47446
956982269,arkede/cve-2022,CVE-2022-24706_1.yaml,3fcf75994b8852f37271048b9af452f602c79a95,CVE-2022-24706
956982269,arkede/cve-2022,CVE-2022-21261.yaml,3fec2533cd2eca0c68978657c82eacc6c6ec2d41,CVE-2022-21261
956982269,arkede/cve-2022,CVE-2022-46806.yaml,400560829046195246e34296e8d9392cc941ec5c,CVE-2022-46806
956982269,arkede/cve-2022,CVE-2022-1900.yaml,4010f767cd8a07075a1cc51bce6a7fc1f4f3f157,CVE-2022-1900
956982269,arkede/cve-2022,CVE-2022-0215.yaml,4026b989a153544f9b7f8a7983b0a5806a8ddf86,CVE-2022-0215
956982269,arkede/cve-2022,CVE-2022-1093.yaml,40351ef5c1fd3637e1e81ca950c56c8ee2731e4f,CVE-2022-1093
956982269,arkede/cve-2022,CVE-2022-1013_2.yaml,40386424d7b23ab5d8fe78672ec1755de4179d02,CVE-2022-1013
956982269,arkede/cve-2022,CVE-2022-21705_1.yaml,4042ed45343e8c1604bbba274048cf969b0ec293,GHSA-79JW-2F46-WV22
956982269,arkede/cve-2022,CVE-2022-21705_1.yaml,4042ed45343e8c1604bbba274048cf969b0ec293,CVE-2022-21705
956982269,arkede/cve-2022,CVE-2022-22534.yaml,4043837fba4b25944480607536a6ff730b1edf9b,CVE-2022-22534
956982269,arkede/cve-2022,CVE-2022-29984.yaml,40465eaf0af13ca3d24280120aba07c092eebed1,CVE-2022-29984
956982269,arkede/cve-2022,CVE-2022-47604.yaml,4049f1f7628986ce4f863ab58c913543fb7c969a,CVE-2022-47604
956982269,arkede/cve-2022,CVE-2022-27340.yaml,404be89d464f80e5bc04bdbd685c452b5b93037e,CVE-2022-27340
956982269,arkede/cve-2022,cve-2022-24900(1).yaml,405520eb75be5da81ba08e6c4977f291c3f9e6d3,CVE-2022-24900
956982269,arkede/cve-2022,CVE-2022-39960_2.yaml,4056835c7dcb8d36981308a2473aa7e5a56564a1,CVE-2022-39960
956982269,arkede/cve-2022,CVE-2022-38062.yaml,405ad28e62c403a915a84144de10e54c7e8208b8,CVE-2022-38062
956982269,arkede/cve-2022,CVE-2022-2118.yaml,405d5a8930472bf5636f0c2dc5ede12ecf883d52,CVE-2022-2118
956982269,arkede/cve-2022,CVE-2022-1779.yaml,407eddc06b0a85339b8091ef48dccbb5ec4be1ae,CVE-2022-1779
956982269,arkede/cve-2022,CVE-2022-2731.yaml,40b55510959dbb4d3f1b96d51cec2dabb80dfbe1,CVE-2022-2731
956982269,arkede/cve-2022,CVE-2022-45539.yaml,40dd7c40f44a22b43a8529d1e3b21adc33827f5c,CVE-2022-45539
956982269,arkede/cve-2022,CVE-2022-1593.yaml,40fd5d6a571a83a000818318846d774738435f6c,CVE-2022-1593
956982269,arkede/cve-2022,CVE-2022-3768_2.yaml,4150be1d602d82a9f5b162a5d81f5c8f1b64e0c1,CVE-2022-3768
956982269,arkede/cve-2022,CVE-2022-1603.yaml,4156e4b732ba30169d2ac110c4aa00208f0b9e91,CVE-2022-1603
956982269,arkede/cve-2022,CVE-2022-21361.yaml,415c79a643a9c1575c88850e347a32b6a0a31928,CVE-2022-21361
956982269,arkede/cve-2022,CVE-2022-0660.yaml,4171a90200d1541b5cfdaeb31c5b1ddf593a9a9c,GHSA-HHRJ-WP42-32V3
956982269,arkede/cve-2022,CVE-2022-0660.yaml,4171a90200d1541b5cfdaeb31c5b1ddf593a9a9c,CVE-2022-0660
956982269,arkede/cve-2022,CVE-2022-1329_2.yaml,4175382b123dc1bb2394718097edac1b53868c16,CVE-2022-1329
956982269,arkede/cve-2022,CVE-2022-40032_1.yaml,418a95c62304da388506bf530c3d2ca52f947a76,CVE-2022-40032
956982269,arkede/cve-2022,CVE-2022-37451.yaml,41a7b1b3636771c5e05d8d03008a4090bcfbb659,CVE-2022-37451
956982269,arkede/cve-2022,CVE-2022-4897_2.yaml,41a993478b2d2c91ef65be27337b910cbfd3562b,CVE-2022-4897
956982269,arkede/cve-2022,CVE-2022-3869.yaml,41d57dd2933e6baf3f5a35b884542ace41445063,CVE-2022-3869
956982269,arkede/cve-2022,CVE-2022-34267_1.yaml,41e87277f9e9fc26caf73ae8b224dc02e04fe66e,CVE-2022-34267
956982269,arkede/cve-2022,cve-2022-1597(1).yaml,41e8a8d695caf82eeba5586f4eb2ac2bba840066,CVE-2022-1597
956982269,arkede/cve-2022,CVE-2022-4488.yaml,41eae1129727afe83201bc69107db80028232d48,CVE-2022-4488
956982269,arkede/cve-2022,cve-2022-0656(1)_1.yaml,421ce25b5dffea858bc099826aa07d52116e21c2,CVE-2022-0656
956982269,arkede/cve-2022,CVE-2022-2434.yaml,422167d20394cb610e2bd9bd3629ce6c9c31459f,CVE-2022-2434
956982269,arkede/cve-2022,cve-2022-32409(1).yaml,42237d306a6b3aa492a85d3836067ad95372f087,CVE-2022-32409
956982269,arkede/cve-2022,cve-2022-0149-6606.yaml,422afb16b8b8a8db506af9fd58f167fa70bf9837,CVE-2022-0149
956982269,arkede/cve-2022,CVE-2022-4706.yaml,423727616a503de48029074ae8d929426aa0e419,CVE-2022-4706
956982269,arkede/cve-2022,CVE-2022-43015_1.yaml,42428d1d954a72e78f1bde4cf3b7ce366c0d006e,CVE-2022-43015
956982269,arkede/cve-2022,CVE-2022-3805.yaml,4260706997b023d8c0be9e263ef6408be933a819,CVE-2022-3805
956982269,arkede/cve-2022,CVE-2022-30780.yaml,426db2d95767a52132d8e636fd92069678209312,CVE-2022-30780
956982269,arkede/cve-2022,CVE-2022-32018.yaml,427a0d5b9a35700e1b2f9ff88ee38bd6ba9fb1b7,CVE-2022-32018
956982269,arkede/cve-2022,CVE-2022-1776.yaml,427c1d567d6611cc944de055ed38ecb11c959846,CVE-2022-1776
956982269,arkede/cve-2022,CVE-2022-2532.yaml,4282a49a5a1c155ce30a3d9460d9bb47dba1d39d,CVE-2022-2532
956982269,arkede/cve-2022,CVE-2022-1442_2.yaml,4287fcf2921504444ee38eac9806e08f2daf7210,CVE-2022-1442
956982269,arkede/cve-2022,cve-2022-33119_1.yaml,42b8931b8feb06d7b5df350174393bbba67af27e,CVE-2022-33119
956982269,arkede/cve-2022,CVE-2022-47137.yaml,42bda94795019452ea362478853a6d88503c33d4,CVE-2022-47137
956982269,arkede/cve-2022,CVE-2022-1512.yaml,42c534d3efa909bd90456a8b5851d42e0d6d2eb6,CVE-2022-1512
956982269,arkede/cve-2022,CVE-2022-4615.yaml,42ddc216ca61bf75f5624c8f0b4a1cbf91d43bef,CVE-2022-4615
956982269,arkede/cve-2022,CVE-2022-2379.yaml,42f538b59971d8c234594c9132edae988cfc6503,CVE-2022-2379
956982269,arkede/cve-2022,CVE-2022-44832.yaml,432f2359d7cb6bd30865a7304d3721e0602e66ec,CVE-2022-44832
956982269,arkede/cve-2022,CVE-2022-0674.yaml,43300ebb26c886070eaac78012976c77d5dbf0d4,CVE-2022-0674
956982269,arkede/cve-2022,CVE-2022-3769.yaml,4342f2d66c5d031f19508c33dd773a901db4ca3d,CVE-2022-3769
956982269,arkede/cve-2022,CVE-2022-3399.yaml,4346c39bb207ba8d4874ac9f6f0ecec3326a3288,CVE-2022-3399
956982269,arkede/cve-2022,CVE-2022-32763.yaml,434cf00912c31e277089da10c2066d337e4c7e5b,CVE-2022-32763
956982269,arkede/cve-2022,CVE-2022-36284.yaml,4368e4123779be38392cc13ae309fb368a36096b,CVE-2022-36284
956982269,arkede/cve-2022,CVE-2022-2486_2.yaml,4374750058b0ba3ba1d77e520da0d8a6d046186d,CVE-2022-2486
956982269,arkede/cve-2022,cve-2022-21500-6660.yaml,43aadfb311d2c73335510f0b3ffaba22bb5a2b59,CVE-2022-21500
956982269,arkede/cve-2022,CVE-2022-2186.yaml,43acc3cac6e91048ad8737484ccec2302292983e,CVE-2022-2186
956982269,arkede/cve-2022,CVE-2022-43185.yaml,43c8fc8eb1d83ac8822e8e81f362c0d9bdc83191,CVE-2022-43185
956982269,arkede/cve-2022,CVE-2022-4669.yaml,43d50867c8b44238eafc652f85c1574661600efc,CVE-2022-4669
956982269,arkede/cve-2022,CVE-2022-1057.yaml,4409bcb0b2e64881f6d9f09520bac568d74a397d,CVE-2022-1057
956982269,arkede/cve-2022,CVE-2022-3408.yaml,4413aa6bbdb202c016823a325298ecba729c3bcb,CVE-2022-3408
956982269,arkede/cve-2022,CVE-2022-3208.yaml,4421731731910922bda30785f55d4ce540196274,CVE-2022-3208
956982269,arkede/cve-2022,CVE-2022-25614.yaml,442bede1918f2e3dd73ef3bc54435f80987f46aa,CVE-2022-25614
956982269,arkede/cve-2022,CVE-2022-0788_2.yaml,44345080943bacae852678a50085c709f793811c,CVE-2022-0788
956982269,arkede/cve-2022,CVE-2022-0422_1.yaml,4473468fbe1ae4b1e5dcdcdde4554326592c62d0,CVE-2022-0422
956982269,arkede/cve-2022,CVE-2022-4948.yaml,44745c7d13a6b2b3b342818820512182942c80eb,CVE-2022-4948
956982269,arkede/cve-2022,CVE-2022-4473.yaml,447514900cb0b4266bd3cfea6185fa186b3e9b0c,CVE-2022-4473
956982269,arkede/cve-2022,CVE-2022-0658.yaml,448d89ec09825af9c4c72ccd047c6c9f02800d08,CVE-2022-0658
956982269,arkede/cve-2022,CVE-2022-1827.yaml,44ace20c2c841b6993e1c46d87872409f8788ab3,CVE-2022-1827
956982269,arkede/cve-2022,CVE-2022-28079_1.yaml,44b3edee48451392f1eb5b319728a24a1ddf1d02,CVE-2022-28079
956982269,arkede/cve-2022,CVE-2022-0233.yaml,44c6da0b737cfde683f4c7ed396d85b3f457b199,CVE-2022-0233
956982269,arkede/cve-2022,CVE-2022-4785.yaml,44d87e69c568fe92c4e91a26ee92c86a05eb0ad0,CVE-2022-4785
956982269,arkede/cve-2022,CVE-2022-2317.yaml,44fa0a1ce856ce554272bf367135e74b99b577a6,CVE-2022-2317
956982269,arkede/cve-2022,CVE-2022-26377.yaml,4528a73293f99dfbe856e85157928969dd1179d5,CVE-2022-26377
956982269,arkede/cve-2022,CVE-2022-40698.yaml,452f02c1a8854b94604c576152783f5f8d2f27c5,CVE-2022-40698
956982269,arkede/cve-2022,CVE-2022-33891.yaml,45315f3f933f036eeff7ad7dac511d5473809714,CVE-2022-33891
956982269,arkede/cve-2022,CVE-2022-46443_1.yaml,45322729afd4e813bda5e40824efe6ac4cfe7801,CVE-2022-46443
956982269,arkede/cve-2022,CVE-2022-44946_1.yaml,453855c9f2f7075b8adccf44ddc480503ebf4971,CVE-2022-44946
956982269,arkede/cve-2022,CVE-2022-29418.yaml,4551109e821db868df88505c99813346e9b0f539,CVE-2022-29418
956982269,arkede/cve-2022,CVE-2022-35653_1.yaml,455b567165bb2df93578ea3065d88b220176b09f,CVE-2022-35653
956982269,arkede/cve-2022,CVE-2022-36446.yaml,45771363f764752298d9666cec7b48c69892ec09,CVE-2022-36446
956982269,arkede/cve-2022,CVE-2022-40218.yaml,457a9200afd2285999a44d5870fbfd92a73f9b3d,CVE-2022-40218
956982269,arkede/cve-2022,CVE-2022-47164.yaml,457ca89ee2e1c89094fb7d3317fa3a5d42729578,CVE-2022-47164
956982269,arkede/cve-2022,CVE-2022-4753.yaml,4583fabb643038b9b7e3d418a38e6d2d65bd9829,CVE-2022-4753
956982269,arkede/cve-2022,CVE-2022-1329_1.yaml,45afc79b0832fdd29d509ffc9f6440cd6620d638,CVE-2022-1329
956982269,arkede/cve-2022,CVE-2022-29444.yaml,45b21640e493be6f59a707425982e786178ce2a4,CVE-2022-29444
956982269,arkede/cve-2022,CVE-2022-26148.yaml,45d7cd40e431a3c61b1c7071f70335ca0b644e91,CVE-2022-26148
956982269,arkede/cve-2022,cve-2022-0692-6645.yaml,45e70ca98b259f0e8467226d46bf7e9ac4a461a0,CVE-2022-0692
956982269,arkede/cve-2022,CVE-2022-3127.yaml,45f78915d9c51fe29291e9c85f28860dd2710062,CVE-2022-3127
956982269,arkede/cve-2022,CVE-2022-3417.yaml,461e190f988877e0cade2a702488c4b3bf639db7,CVE-2022-3417
956982269,arkede/cve-2022,CVE-2022-30449.yaml,464d48b66de56ba4f6de7af96e3059a690f5e4d7,CVE-2022-30449
956982269,arkede/cve-2022,CVE-2022-35235.yaml,464dc705becd16be4b01f1c7d881d202f487fa23,CVE-2022-35235
956982269,arkede/cve-2022,cve-2022-0281-6618.yaml,466a509688731f05fcf8400c521e158a4d3d7afa,CVE-2022-0281
956982269,arkede/cve-2022,CVE-2022-4207.yaml,467202294d46ca54d82b994e7d7b600747e97aee,CVE-2022-4207
956982269,arkede/cve-2022,CVE-2022-1847.yaml,46772a803707aa7e843987758c191e4c9007a680,CVE-2022-1847
956982269,arkede/cve-2022,CVE-2022-24266_1.yaml,467b79b6595a05d7d7450c7abcbe5f2ef716a77a,CVE-2022-24266
956982269,arkede/cve-2022,CVE-2022-21587.yaml,468611251a5f964c8c571e1bb8e2289ea8a738f0,CVE-2022-21587
956982269,arkede/cve-2022,CVE-2022-3980_2.yaml,46865753312025256c7d9994bf535bec98f1d63f,CVE-2022-3980
956982269,arkede/cve-2022,CVE-2022-25489.yaml,468a64bcfea9fdfd74174d3bc9b88820c6f8a69f,CVE-2022-25489
956982269,arkede/cve-2022,CVE-2022-2375.yaml,469f508672e0572c397c6d1a9e8540ae371bc4ad,CVE-2022-2375
956982269,arkede/cve-2022,CVE-2022-0543.yaml,46b2b79d679b0223ad99a49b92135ac7f59ef6ce,CVE-2022-0543
956982269,arkede/cve-2022,CVE-2022-27984_1.yaml,46e0d68cbbfb63e9808acf7d5f85ba8012a2a2be,CVE-2022-27984
956982269,arkede/cve-2022,CVE-2022-1609_1.yaml,46e263dc4f02c17695f49104cada9058111775b2,CVE-2022-1609
956982269,arkede/cve-2022,CVE-2022-25490.yaml,4704f50dc8cbfa93ff177b67ff1995046eafd329,CVE-2022-25490
956982269,arkede/cve-2022,cve-2022-2487.yaml,4715dc0cca54ff4c9fd5127a73eaadeeb5561bac,CVE-2022-2487
956982269,arkede/cve-2022,CVE-2022-40686.yaml,471bc614c78b0cb699101f0043b652aa4d6a3ecc,CVE-2022-40686
956982269,arkede/cve-2022,CVE-2022-0867_2.yaml,471d3f35aa05b5d3b87d7aabb5cd4c7575f82618,CVE-2022-0867
956982269,arkede/cve-2022,CVE-2022-28032.yaml,471f023fbd0b3cfbf7d66534ec014949433b764f,CVE-2022-28032
956982269,arkede/cve-2022,cve-2022-23347-6690.yaml,4722dfb3993230dd881be252e8cd0513c36a615a,CVE-2022-23347
956982269,arkede/cve-2022,CVE-2022-45829.yaml,475c6fc708d449b883a26f539f5c13defdea7d05,CVE-2022-45829
956982269,arkede/cve-2022,CVE-2022-2823.yaml,4761621a884c94a1ece3bdb1f921bda1fce61fe3,CVE-2022-2823
956982269,arkede/cve-2022,cve-2022-22954-6669.yaml,478e6ad86920fc7547d46e6483a003a4c8764cbb,CVE-2022-22954
956982269,arkede/cve-2022,CVE-2022-0824_1.yaml,47db90e2efbd8e371c2c8f1fccf5002d6ce6decd,CVE-2022-0824
956982269,arkede/cve-2022,CVE-2022-0953.yaml,47e47e89114662b9130ada1a167acc5f9e52a701,CVE-2022-0953
956982269,arkede/cve-2022,CVE-2022-4117_1.yaml,47f00b5189ecec6522c513454e9365a0fcfb7dc0,CVE-2022-4117
956982269,arkede/cve-2022,CVE-2022-30073_4.yaml,4805a53eb3eb994da1a7bc4a391e140930725721,CVE-2022-30073
956982269,arkede/cve-2022,CVE-2022-46073.yaml,480a8e3037d1e970c9e78163e850dd2dccd40c3e,CVE-2022-46073
956982269,arkede/cve-2022,CVE-2022-1691.yaml,481029aaf6686523a24f4871b954e980ebb2c9d8,CVE-2022-1691
956982269,arkede/cve-2022,CVE-2022-3420.yaml,482a6df53e787e2eb533b62a5da1f08225e70ebc,CVE-2022-3420
956982269,arkede/cve-2022,CVE-2022-45076.yaml,4834a88ca500880cc90ea3470ecc7f244089dda7,CVE-2022-45076
956982269,arkede/cve-2022,cve-2022-31373(1).yaml,4857e14dd035b35a54213c4c92908df2e6e81ddf,CVE-2022-31373
956982269,arkede/cve-2022,CVE-2022-40217.yaml,4861fd444abccebe807b9e12dbcee9b439bd9ee7,CVE-2022-40217
956982269,arkede/cve-2022,CVE-2022-3537.yaml,48680a11d1327501d3fe6949e64abeb71226e240,CVE-2022-3537
956982269,arkede/cve-2022,CVE-2022-38627.yaml,487200a82ee9ef5b6216a4a78e6a569fc8076310,CVE-2022-38627
956982269,arkede/cve-2022,CVE-2022-45814.yaml,48742e9cf91c00250e0be878ba5ad7fa942beb5a,CVE-2022-45814
956982269,arkede/cve-2022,CVE-2022-1801.yaml,487fcf160f9986ceecfc0d0acff8e43d8f222404,CVE-2022-1801
956982269,arkede/cve-2022,CVE-2022-3634.yaml,4888f5081bcb5f943efbada080977dfc9d070b2e,CVE-2022-3634
956982269,arkede/cve-2022,CVE-2022-2593.yaml,488e4ed16e2b10deb41bc5ad5d61e05b59300c9b,CVE-2022-2593
956982269,arkede/cve-2022,CVE-2022-43476.yaml,489a4ecf65a2283190201cbd28e3dace68277e82,CVE-2022-43476
956982269,arkede/cve-2022,CVE-2022-38086.yaml,48b6129dcbbba6e3112f5b167c29fa424ec30eae,CVE-2022-38086
956982269,arkede/cve-2022,CVE-2022-47594.yaml,48be0b7a9f8fdc475defcacc918b581e30b45a23,CVE-2022-47594
956982269,arkede/cve-2022,CVE-2022-4764.yaml,48e255490d2b6274ddf7511a182481874bdb16be,CVE-2022-4764
956982269,arkede/cve-2022,CVE-2022-34590.yaml,48e8b3daaec6adc6e09a9e158fc58ab6356f0a0d,CVE-2022-34590
956982269,arkede/cve-2022,CVE-2022-26833.yaml,48ee284ce5261b29e490112589a59f3ee0323b76,CVE-2022-26833
956982269,arkede/cve-2022,CVE-2022-1153.yaml,4985d33c242877bdc6196f4a0ff363cee751611c,CVE-2022-1153
956982269,arkede/cve-2022,CVE-2022-0415_2.yaml,498e4524fe03424260b48c20c25eaa9e0596d3d6,CVE-2022-0415
956982269,arkede/cve-2022,CVE-2022-4940.yaml,498f92a928d182ef0d41f2a0404ba8dad80c15e3,CVE-2022-4940
956982269,arkede/cve-2022,CVE-2022-1985.yaml,49ac9e3541ef40c2a8039cf4aa5834c47a97403b,CVE-2022-1985
956982269,arkede/cve-2022,CVE-2022-38074.yaml,49b1a545fd6600c9ba51531a9e85b4e570c1e911,CVE-2022-38074
956982269,arkede/cve-2022,CVE-2022-25812.yaml,49b20287af39c27b825cd30b9c165f0029adfc23,CVE-2022-25812
956982269,arkede/cve-2022,CVE-2022-4703.yaml,49c1dbd922500d8d00616f92e825447ff98d8ed9,CVE-2022-4703
956982269,arkede/cve-2022,CVE-2022-3898.yaml,49d206a9ec6617212bcc26a0fc667152ee1cb0a7,CVE-2022-3898
956982269,arkede/cve-2022,CVE-2022-41352.yaml,49d966218f96ab953aca87f082953146f8ce6983,CVE-2022-41352
956982269,arkede/cve-2022,CVE-2022-1695.yaml,49f03f100096010038fc83f43e4757d5bf142e93,CVE-2022-1695
956982269,arkede/cve-2022,CVE-2022-1787.yaml,4a0797357a2814ebf7e46138853bc5454076f18a,CVE-2022-1787
956982269,arkede/cve-2022,cve-2022-29548(1).yaml,4a0d0f1d7ccf2c8c5983b5524d9cc36e1e4daefb,CVE-2022-29548
956982269,arkede/cve-2022,cve-2022-0149-6606_2.yaml,4a3733cf7a1031273c8830fd0f2e2d85fd74f718,CVE-2022-0149
956982269,arkede/cve-2022,CVE-2022-4260_1.yaml,4a4d21fda9c5c9a6c6df4f47213331cffae87eb7,CVE-2022-4260
956982269,arkede/cve-2022,CVE-2022-0737.yaml,4a5d11076324a32e7a507fbc119f4e8ab745b24a,CVE-2022-0737
956982269,arkede/cve-2022,CVE-2022-4781.yaml,4a5ffe841bceb064203aff4921a57ac5cac0f6e0,CVE-2022-4781
956982269,arkede/cve-2022,CVE-2022-4626.yaml,4a618d4e6ef18503a891b7acc0a8f244b08b34d9,CVE-2022-4626
956982269,arkede/cve-2022,CVE-2022-0689.yaml,4a6ebf9675d6acce9ed774c261ddb1e29142417d,CVE-2022-0689
956982269,arkede/cve-2022,CVE-2022-44590.yaml,4a8ac02a79fbe50c92e4a0103c5e4d1a519a3842,CVE-2022-44590
956982269,arkede/cve-2022,CVE-2022-47586.yaml,4a8c310ddd2353300b7bd641263bb2ac2e25008f,CVE-2022-47586
956982269,arkede/cve-2022,CVE-2022-42746.yaml,4ac9a0c7b156b81f39776f79c95f0ae6185a5e90,CVE-2022-42746
956982269,arkede/cve-2022,CVE-2022-2367.yaml,4b0c36514ddaf34137eca7d76f12a7fe05c83821,CVE-2022-2367
956982269,arkede/cve-2022,CVE-2022-27518.yaml,4b0d074923fefce01d5e39f7a237dc2227ec7f33,CVE-2022-27518
956982269,arkede/cve-2022,cve-2022-23178.yaml,4b0fa41d57c46a61fe56ce9156cfb63e73e5b425,CVE-2022-23178
956982269,arkede/cve-2022,CVE-2022-4060.yaml,4b164d3b8bfbff99c0b4ad6572a41681e971a873,CVE-2022-4060
956982269,arkede/cve-2022,CVE-2022-4534.yaml,4b1fa96e61f49af9a10b16cc6cbcf368b02c211d,CVE-2022-4534
956982269,arkede/cve-2022,cve-2022-2486_1.yaml,4b3ad8f06a3e529b3052b5964ef1643053090214,CVE-2022-2486
956982269,arkede/cve-2022,CVE-2022-42118.yaml,4b3b1fb12b090b0d539dce517177b861e894c1bd,CVE-2022-42118
956982269,arkede/cve-2022,CVE-2022-2655.yaml,4b3e1ba48f6eedef53bf1978c033ec52eedde4f3,CVE-2022-2655
956982269,arkede/cve-2022,CVE-2022-4941.yaml,4b40b9ae6f59cd513b817d31eb021e08a22d0bb2,CVE-2022-4941
956982269,arkede/cve-2022,cve-2022-0218.yaml,4b54e85202bf6fc7325143de20ce287cf92ea289,CVE-2022-0218
956982269,arkede/cve-2022,CVE-2022-3677.yaml,4b6bd08fe6a6a8320338dafcf6aae08cc66c3e6b,CVE-2022-3677
956982269,arkede/cve-2022,CVE-2022-21587_2.yaml,4b6ece18c3cd809f5f93e366a152d6150d5c0ce0,CVE-2022-21587
956982269,arkede/cve-2022,CVE-2022-38638.yaml,4b80cead12aac260f79c84d06f4a76461d0ed0e7,CVE-2022-38638
956982269,arkede/cve-2022,CVE-2022-22968.yaml,4b9ae55455fbe73980c2203e71e0aa69234ea649,CVE-2022-22968
956982269,arkede/cve-2022,cve-2022-28219(1).yaml,4ba485c8657ce90c6136d98f10c83207741b024b,CVE-2022-28219
956982269,arkede/cve-2022,CVE-2022-0342_1.yaml,4bc841dedbf29b945280ee29590dd6f7bf94ed55,CVE-2022-0342
956982269,arkede/cve-2022,CVE-2022-4699.yaml,4bcbe96221a80dd6b6fdf86314144e2b6727a463,CVE-2022-4699
956982269,arkede/cve-2022,CVE-2022-45820.yaml,4bcd3196914d12e717a6036791374e2536c0cf63,CVE-2022-45820
956982269,arkede/cve-2022,CVE-2022-47615_2.yaml,4bfa28972f36827036bb6cea0b0dd2e7cd9aa14d,CVE-2022-47615
956982269,arkede/cve-2022,CVE-2022-3904.yaml,4bfe16d878dee09115d1613a81126c65d3394c4a,CVE-2022-3904
956982269,arkede/cve-2022,CVE-2022-39952.yaml,4c1742e6db5f391ca0e50c03524468128587454c,CVE-2022-39952
956982269,arkede/cve-2022,CVE-2022-34048_2.yaml,4c31c25d5c62e6ff9e5cb5a99893e2a01b7192e8,CVE-2022-34048
956982269,arkede/cve-2022,CVE-2022-0662.yaml,4c4ac3f86631ae426ac6c8b9bcc71f7cb724c999,CVE-2022-0662
956982269,arkede/cve-2022,CVE-2022-1081.yaml,4c5049f01b385795cd90e8413846a375926623dc,CVE-2022-1081
956982269,arkede/cve-2022,CVE-2022-24716.yaml,4c63e652ecff7056e33813ba23d5fa985bdc4e0d,CVE-2022-24716
956982269,arkede/cve-2022,CVE-2022-24716.yaml,4c63e652ecff7056e33813ba23d5fa985bdc4e0d,GHSA-5P3F-RH28-8FRW
956982269,arkede/cve-2022,CVE-2022-0700.yaml,4c63f61c23a662fb846c386b7f8b68d578df6fa3,CVE-2022-0700
956982269,arkede/cve-2022,CVE-2022-3350.yaml,4c6b0b3aa396bb9f2f874739210a2739f776d1c7,CVE-2022-3350
956982269,arkede/cve-2022,CVE-2022-0201(1).yaml,4c77c7fc65510e80a01146007e3bb5bdb33ed42a,CVE-2022-0201
956982269,arkede/cve-2022,cve-2022-1020(1).yaml,4c826b5f1b90658c981b55a1ca8ccc093a6c9c4d,CVE-2022-1020
956982269,arkede/cve-2022,CVE-2022-36389.yaml,4c8bf85dafc061f10d0a5b39861494781f4e539a,CVE-2022-36389
956982269,arkede/cve-2022,cve-2022-29299.yaml,4ca43f289ba13eddc097bd4e67738ff9b859e918,CVE-2022-29299
956982269,arkede/cve-2022,CVE-2022-4445.yaml,4ce735ee6a748c14aec10d8caddd338dc324a2ec,CVE-2022-4445
956982269,arkede/cve-2022,CVE-2022-3982_1.yaml,4cf646b7594ec2b07dd1369c5cb1146531200144,CVE-2022-3982
956982269,arkede/cve-2022,CVE-2022-3720.yaml,4cf8a108f1f779ec6c8bb8b16d2685d3cbe69e55,CVE-2022-3720
956982269,arkede/cve-2022,cve-2022-22965-6675.yaml,4d085bbf5739a6579bc91ab68d400ec4b1090118,CVE-2022-22965
956982269,arkede/cve-2022,CVE-2022-44631.yaml,4d2682965e390ecbe1b8e9bdbe6ce69a15be02ab,CVE-2022-44631
956982269,arkede/cve-2022,CVE-2022-43487.yaml,4d56131b1f3a4a4dc8ef2289fbaf46fb6747494e,CVE-2022-43487
956982269,arkede/cve-2022,CVE-2022-4682.yaml,4d8b911ef6d91fffc52a0b0934ddbad88c2b0571,CVE-2022-4682
956982269,arkede/cve-2022,CVE-2022-0680.yaml,4da0e10473c61b44ea72c3fb8d1f9c99add3bdc7,CVE-2022-0680
956982269,arkede/cve-2022,CVE-2022-44589.yaml,4da224e9f87611aeee4b6614c7449a5db917f0b3,CVE-2022-44589
956982269,arkede/cve-2022,CVE-2022-1727.yaml,4dc5237974921605c32f048b976080392bcf9f96,CVE-2022-1727
956982269,arkede/cve-2022,CVE-2022-4117_2.yaml,4de719a47d514f4fe2ade97e250f96b3cc61adec,CVE-2022-4117
956982269,arkede/cve-2022,CVE-2022-4199.yaml,4dfeb40a9888b643bce5eeef586a9f7e0b2e6c57,CVE-2022-4199
956982269,arkede/cve-2022,CVE-2022-22963.yaml,4e025eab890e23156f9472b7fe4ac89079719c13,CVE-2022-22963
956982269,arkede/cve-2022,cve-2022-24129-6707.yaml,4e076cb5b1cad269b235c57533f4cdc5fa563ac2,CVE-2022-24129
956982269,arkede/cve-2022,CVE-2022-4704.yaml,4e1633bba98f6e5fdf386b084ec27cb3156b6a61,CVE-2022-4704
956982269,arkede/cve-2022,CVE-2022-4355.yaml,4e1929b6f6081f867a4d2d9b5d15437c98949600,CVE-2022-4355
956982269,arkede/cve-2022,CVE-2022-27852.yaml,4e2d05c49f41c754040c9a3ca85de21af7cff10c,CVE-2022-27852
956982269,arkede/cve-2022,CVE-2022-29014.yaml,4e58614dbbd3daf0a5b7571d3ca31e49c661566d,CVE-2022-29014
956982269,arkede/cve-2022,CVE-2022-21593.yaml,4e61d8fe451865b487802bf53f38160bb7d33e31,CVE-2022-21593
956982269,arkede/cve-2022,CVE-2022-46797.yaml,4e62b98d7b95393e6c87f68c54dae5141214a5cf,CVE-2022-46797
956982269,arkede/cve-2022,CVE-2022-45357.yaml,4e6ad8f068ea8799063103a33c5f40950e093092,CVE-2022-45357
956982269,arkede/cve-2022,CVE-2022-3862.yaml,4e6ba0c808782c0eccb5c8abad18a9ec5114ad4e,CVE-2022-3862
956982269,arkede/cve-2022,CVE-2022-40359.yaml,4e8147e660c7f41808a536c98c452a87fc4c730b,CVE-2022-40359
956982269,arkede/cve-2022,CVE-2022-3930.yaml,4ee32c2a1fcf8f047484679e3c09fc689e947b3f,CVE-2022-3930
956982269,arkede/cve-2022,CVE-2022-25762.yaml,4ee4e31f9e5fb377246b1a3f0a20099afc22419f,CVE-2022-25762
956982269,arkede/cve-2022,CVE-2022-4676.yaml,4eec88e280f8dfe30d28fded02a52e7d814b35d7,CVE-2022-4676
956982269,arkede/cve-2022,CVE-2022-32024_3.yaml,4efcec0bb7b6d9f110b5b30d6b359360167909b8,CVE-2022-32024
956982269,arkede/cve-2022,CVE-2022-3451.yaml,4f244aa35697526dbf162bbc0651ff0a8857926c,CVE-2022-3451
956982269,arkede/cve-2022,CVE-2022-1995.yaml,4f3d8285b88f08efa9f7e560fa8a7a0411427783,CVE-2022-1995
956982269,arkede/cve-2022,CVE-2022-1542.yaml,4f484bf87b431ae55d3dd8d245eb7fe5fac2b650,CVE-2022-1542
956982269,arkede/cve-2022,CVE-2022-32217.yaml,4f5b80bc886e854e8caba307c3df50efa30f5207,CVE-2022-32217
956982269,arkede/cve-2022,CVE-2022-35256.yaml,4f69cbe43d9c2425f8212e74ee491569027306db,CVE-2022-35256
956982269,arkede/cve-2022,CVE-2022-0211.yaml,4f69f37f24a2379fc1d5257e09b0de7f7157bb52,CVE-2022-0211
956982269,arkede/cve-2022,CVE-2022-22536_1.yaml,4f887e28ccaa9f9e65e579f171356a4a0562c610,CVE-2022-22536
956982269,arkede/cve-2022,CVE-2022-25149.yaml,4f9864b4ad8e3060a6115e6db53dc74e1c47e653,CVE-2022-25149
956982269,arkede/cve-2022,CVE-2022-1216.yaml,4fa4a6a61c3e2aa5651d80999c7a441d3b62b1ee,CVE-2022-1216
956982269,arkede/cve-2022,CVE-2022-0482_1.yaml,4fb06b0572f9ac69754545ff361de21710078066,CVE-2022-0482
956982269,arkede/cve-2022,CVE-2022-1559.yaml,4fba2f38571bbfd97e8d305afaf194fb4b4e137b,CVE-2022-1559
956982269,arkede/cve-2022,cve-2022-0346-6621.yaml,4fcab9615e59e34de7f1132ebafa1465b0c48415,CVE-2002-0346
956982269,arkede/cve-2022,cve-2022-0346-6621.yaml,4fcab9615e59e34de7f1132ebafa1465b0c48415,CVE-2022-0346
956982269,arkede/cve-2022,CVE-2022-37042_2.yaml,4fe136d0ba43afefe3d2a14695aa8bded1257b8d,CVE-2022-27925
956982269,arkede/cve-2022,CVE-2022-37042_2.yaml,4fe136d0ba43afefe3d2a14695aa8bded1257b8d,CVE-2022-37042
956982269,arkede/cve-2022,cve-2022-0378.yaml,500695fd47319943b8c1f3cf659c4cc4d18dde63,CVE-2022-0378
956982269,arkede/cve-2022,CVE-2022-29412.yaml,500eb4d287855bf4f8fdbedbe0c6a4d7325e3c15,CVE-2022-29412
956982269,arkede/cve-2022,CVE-2022-22734.yaml,50123a307e1194d2ff4d4f1c2b68ced0a68e641c,CVE-2022-22734
956982269,arkede/cve-2022,CVE-2022-1709.yaml,5033e02b354a98a4f0464f893b2daddd72862c6c,CVE-2022-1709
956982269,arkede/cve-2022,CVE-2022-44630.yaml,50547b76789e227a0cdcabfc25fdf19aad617d45,CVE-2022-44630
956982269,arkede/cve-2022,CVE-2022-48166.yaml,506fba9cb020c084a270a8a0135ddd1bdf1b8370,CVE-2022-48166
956982269,arkede/cve-2022,CVE-2022-47002_3.yaml,507040af30a33160d0303f5c6dc78ad9e38fbea2,CVE-2022-47002
956982269,arkede/cve-2022,CVE-2022-47173.yaml,5093359d316c7ba9cf6de1076f7d75e5b5863505,CVE-2022-47173
956982269,arkede/cve-2022,cve-2022-0870.yaml,50d1fffb2a551f946af8743ee205f95504659338,CVE-2022-0870
956982269,arkede/cve-2022,cve-2022-31268.yaml,50d73c9d8dee690c97203ad97225c38dbad53562,CVE-2022-31268
956982269,arkede/cve-2022,CVE-2022-44291_1.yaml,50e4b9fef3f63a6f1166f23761c05ecea1412bbb,CVE-2022-44291
956982269,arkede/cve-2022,CVE-2022-3768_2_1.yaml,5106c8cbc7242c367bb1c8a23e1d23ea44fed666,CVE-2022-3768
956982269,arkede/cve-2022,CVE-2022-46860.yaml,5114023649f3df0b51bb575a0456fe530a8043fe,CVE-2022-46860
956982269,arkede/cve-2022,CVE-2022-22954.yaml,511915923b7cc2451160fd546f552c729fab2769,CVE-2022-22954
956982269,arkede/cve-2022,CVE-2022-3336.yaml,511e4cd09ac2736b8397cf1130289c3ea49d9720,CVE-2022-3336
956982269,arkede/cve-2022,CVE-2022-0687.yaml,51250c4b7020e7654039d2dd90232352ff3003ab,CVE-2022-0687
956982269,arkede/cve-2022,CVE-2022-0620.yaml,5144fb32df27854d25f33888ae34323259cf420c,CVE-2022-0620
956982269,arkede/cve-2022,CVE-2022-3539.yaml,515662c5027f69cfc7d621231bf7129f853899fc,CVE-2022-3539
956982269,arkede/cve-2022,CVE-2022-4710.yaml,5182be450a53f0f69048b211d087999193f500be,CVE-2022-4710
956982269,arkede/cve-2022,CVE-2022-46888.yaml,5188a31c17800fa031eced1eb366222d6c390aed,CVE-2022-46888
956982269,arkede/cve-2022,CVE-2022-34049.yaml,5193d834db72a92fec204995ce8127ebd497fbe4,CVE-2022-34049
956982269,arkede/cve-2022,CVE-2022-1724.yaml,51995547bb5168cd0645a5adf37a850a5a1e6b87,CVE-2022-1724
956982269,arkede/cve-2022,CVE-2022-36537_2.yaml,519cb97f12e778b8c2c55fd360c1d59856aa3c66,CVE-2022-36537
956982269,arkede/cve-2022,CVE-2022-1964.yaml,51a7c4ea37ce9b7d7583ee035c7059d9667a91cf,CVE-2022-1964
956982269,arkede/cve-2022,CVE-2022-1203.yaml,51a898bb6c824b2d7bc53f65482522c39a15cca1,CVE-2022-1203
956982269,arkede/cve-2022,CVE-2022-2314_2_1.yaml,51cfcefa35bad1e7cd15d74e7e3b82072b16e6d4,CVE-2022-2314
956982269,arkede/cve-2022,CVE-2022-32007_1.yaml,51dec05e8e82a00e7724e225fc27271b5d89ebe9,CVE-2022-32007
956982269,arkede/cve-2022,CVE-2022-46071.yaml,51e0128e102306d41629c5fd22118ffe48de85ed,CVE-2022-46071
956982269,arkede/cve-2022,CVE-2022-45364.yaml,51ea0a7f3fa4029f075192835ceed3ce581c3bba,CVE-2022-45364
956982269,arkede/cve-2022,CVE-2022-4465.yaml,52054bef1a048fbe1df56b0dfa42dbfd3a1984b5,CVE-2022-4465
956982269,arkede/cve-2022,CVE-2022-40687.yaml,5206aef3f78af319ab5ddab2781dba8bade0b763,CVE-2022-40687
956982269,arkede/cve-2022,CVE-2022-21560.yaml,520dc9112d71232467cbc83d9dc5bca252724cf6,CVE-2022-21560
956982269,arkede/cve-2022,CVE-2022-1054.yaml,5215bc6a24bbf0b79cfdbaef4a03d20f2d54b34a,CVE-2022-1054
956982269,arkede/cve-2022,CVE-2022-2531.yaml,521612c4b996084459b87d42220b3850d32acdf4,CVE-2022-2531
956982269,arkede/cve-2022,CVE-2022-3690.yaml,524fe2ffafacae58a747fd7fcda8fafe53115f2d,CVE-2022-3690
956982269,arkede/cve-2022,CVE-2022-3578_2_1.yaml,525d05b787994c2bc32e907c56187e01e155be2a,CVE-2022-3578
956982269,arkede/cve-2022,cve-2022-25216-6719.yaml,526a1942bbebdbc9c296403d4171ecf8d088f8f4,CVE-2022-25216
956982269,arkede/cve-2022,CVE-2022-34753.yaml,526f3e3f0654f5c935c092dff968dbe61e24ac00,CVE-2022-34753
956982269,arkede/cve-2022,CVE-2022-47172.yaml,52789c20e78f981c36cb68885b72d41ff9481d34,CVE-2022-47172
956982269,arkede/cve-2022,CVE-2022-3335.yaml,5287b9ec58c4e6bf4e4bf0560f71b60c691ce0c7,CVE-2022-3335
956982269,arkede/cve-2022,CVE-2022-26138_3.yaml,52a972c70f0f91a7f4bc389be6617ef656c58e39,CVE-2022-26138
956982269,arkede/cve-2022,CVE-2022-4544.yaml,52a994a48cba872230e282e661df13f6dc15345f,CVE-2022-4544
956982269,arkede/cve-2022,CVE-2022-24820.yaml,52abffb6494cae0fe34f742074c8499f742c8486,GHSA-QPP2-2MCP-2WM5
956982269,arkede/cve-2022,CVE-2022-24820.yaml,52abffb6494cae0fe34f742074c8499f742c8486,CVE-2022-24820
956982269,arkede/cve-2022,CVE-2022-4504.yaml,52c0e90545ad2c1db3516df190f2d153056511ab,CVE-2022-4504
956982269,arkede/cve-2022,CVE-2022-27925_2.yaml,52c6e631d4bb0eaaabba427908e91245918e1d81,CVE-2022-27925
956982269,arkede/cve-2022,CVE-2022-1393.yaml,52fbb3584707d0f48e54cfe1955065a4e4b30c50,CVE-2022-1393
956982269,arkede/cve-2022,CVE-2022-27231.yaml,5315375e9117d7ae3a8b73c138c3a8f01d830f69,CVE-2022-27231
956982269,arkede/cve-2022,CVE-2022-4774.yaml,53483cdaf12393ecf6b541f5844dd051ef47b8ff,CVE-2022-4774
956982269,arkede/cve-2022,CVE-2022-2387.yaml,53a1db89cc6b949e41f7d4b8b40555a572f3d4eb,CVE-2022-2387
956982269,arkede/cve-2022,CVE-2022-47167.yaml,53b81fb2e10fe1832181c80529a70ed72fa5e9fb,CVE-2022-47167
956982269,arkede/cve-2022,CVE-2022-40022_1.yaml,53f3fe7c38deb2b26cf0ae76a236bebb37be87c0,CVE-2022-40022
956982269,arkede/cve-2022,CVE-2022-2518.yaml,53fd5256536ab6360bb69623510535976ddc61c6,CVE-2022-2518
956982269,arkede/cve-2022,CVE-2022-1832.yaml,54023c2e39fbd1be28e38292fe7d1fa06359f4f3,CVE-2022-1832
956982269,arkede/cve-2022,CVE-2022-30513.yaml,540b50e040e7a5edfe7ff83cdb0c7f90183d0efa,CVE-2022-30513
956982269,arkede/cve-2022,CVE-2022-4477.yaml,540f635856f4de7403868f25e85be2c239af1bda,CVE-2022-4477
956982269,arkede/cve-2022,CVE-2022-31383.yaml,5412ddc4882f424852ecc85b96227a02ed338a86,CVE-2022-31383
956982269,arkede/cve-2022,CVE-2022-0627.yaml,541b8bed549bcd3e7990feb260b6f3753cbc74ff,CVE-2022-0627
956982269,arkede/cve-2022,CVE-2022-0785_1.yaml,543e593afc83fce3d28540881261cde4bed4730c,CVE-2022-0785
956982269,arkede/cve-2022,CVE-2022-25860.yaml,54645b9500a040131c4115c6df9fba47a13c49e3,CVE-2022-25912
956982269,arkede/cve-2022,CVE-2022-25860.yaml,54645b9500a040131c4115c6df9fba47a13c49e3,CVE-2022-25860
956982269,arkede/cve-2022,CVE-2022-42497.yaml,5475dc58d61d555876f5e32c96906372f66ffbc8,CVE-2022-42497
956982269,arkede/cve-2022,CVE-2022-31662.yaml,548aa3900e1bc5cae18699a5fe7c6afbca5a12a6,CVE-2022-31662
956982269,arkede/cve-2022,CVE-2022-1800.yaml,54af322483d5ce8dff07ca21061c46a167372ea2,CVE-2022-1800
956982269,arkede/cve-2022,CVE-2022-0397.yaml,54af59096fca1b1315f881a0d6a1dfa7090e5861,CVE-2022-0397
956982269,arkede/cve-2022,CVE-2022-42095.yaml,54bca4b05b412a0562f9cf79b607c97816c06617,CVE-2022-42095
956982269,arkede/cve-2022,CVE-2022-31854.yaml,54c1fb6bdae9c9767ab5d9e5ae028bc7faf05e1f,CVE-2022-31854
956982269,arkede/cve-2022,CVE-2022-23712.yaml,54fc583d94de10c5b423a9bbc6eaa68d700d54b9,CVE-2022-23712
956982269,arkede/cve-2022,CVE-2022-42461.yaml,54fdbe9526298f7021eaca863f84269155f64237,CVE-2022-42461
956982269,arkede/cve-2022,CVE-2022-3983.yaml,5512a78e8803a8bc806b903f6a8d16d655e85bf9,CVE-2022-3983
956982269,arkede/cve-2022,cve-2022-22965-6674.yaml,551dd9e7dafebd70fe1e7480ec44af0cb51b6553,CVE-2022-22965
956982269,arkede/cve-2022,cve-2022-25323-6723.yaml,5533f55ed66588af96d6ef2a0c18a1ee744eec7a,CVE-2022-25323
956982269,arkede/cve-2022,CVE-2022-0531.yaml,5544b15a81e7d30af7133e6166131224b87a0879,CVE-2022-0531
956982269,arkede/cve-2022,CVE-2022-36296.yaml,55848cf92156199e690a120833740d051a26759d,CVE-2022-36296
956982269,arkede/cve-2022,CVE-2022-48012.yaml,558c3c74c1fa498c71a81b9b876cf60adc010e71,CVE-2022-48012
956982269,arkede/cve-2022,CVE-2022-46855.yaml,55b3303e02cced487946fbeadeb8e39fec19c458,CVE-2022-46855
956982269,arkede/cve-2022,CVE-2022-1251.yaml,55b7457ee4fb90934c123fe24eed192bbedac9cb,CVE-2022-1251
956982269,arkede/cve-2022,CVE-2022-2355.yaml,55c32f48b459b9db64bb7aed44c4778fee0894f4,CVE-2022-2355
956982269,arkede/cve-2022,CVE-2022-1422.yaml,55e9a340ad9f8af7601bc8d68cfbd881da70a465,CVE-2022-1422
956982269,arkede/cve-2022,CVE-2022-34577.yaml,55eca147863161ee322251e382c2f1393b724c02,CVE-2022-34577
956982269,arkede/cve-2022,CVE-2022-34577.yaml,55eca147863161ee322251e382c2f1393b724c02,CVE-2022-31311
956982269,arkede/cve-2022,CVE-2022-41966.yaml,55f32c96ab5aea13302be6ab2b18cbc0ec38b788,GHSA-J563-GRX4-PJPV
956982269,arkede/cve-2022,CVE-2022-41966.yaml,55f32c96ab5aea13302be6ab2b18cbc0ec38b788,CVE-2022-41966
956982269,arkede/cve-2022,CVE-2022-4965.yaml,55f90c0aa832c5d6b6a7f5787114fcee23ae2fc2,CVE-2022-4965
956982269,arkede/cve-2022,CVE-2022-37328.yaml,55fb5dff9b771dcf16ff17b36a83125ed16caa74,CVE-2022-37328
956982269,arkede/cve-2022,CVE-2022-27671.yaml,56126377c5d2c57a7f2b2c220009a5dc7beab1e1,CVE-2022-27671
956982269,arkede/cve-2022,CVE-2022-1609(1).yaml,56165d732115278ab37444c7c105b6f766720bbe,CVE-2022-1609
956982269,arkede/cve-2022,CVE-2022-42460.yaml,561b54271707690389a12c79091a143c51c630ad,CVE-2022-42460
956982269,arkede/cve-2022,CVE-2022-4697.yaml,563572efe2908e031c4e4322a31f370043e7c9ad,CVE-2022-4697
956982269,arkede/cve-2022,CVE-2022-1883_2.yaml,564188d96f541f19f8796f408475d8d9f2ecebac,CVE-2022-1883
956982269,arkede/cve-2022,CVE-2022-1994.yaml,5655649fb6c24568d127a7aab5b6d53f06d0da63,CVE-2022-1994
956982269,arkede/cve-2022,CVE-2022-1906_2.yaml,567280dc4c3e528066ffdb87dd35bfc9fdbce1d1,CVE-2022-1906
956982269,arkede/cve-2022,cve-2022-29298(1).yaml,567b39e33c403dc2244f9277eaebab8b7bf9f72f,CVE-2022-29298
956982269,arkede/cve-2022,CVE-2022-3036.yaml,56975805873ad98fd333e1a817a6a003a5982dc9,CVE-2022-3036
956982269,arkede/cve-2022,CVE-2022-4469.yaml,56ac4608b827b2aae9553018d8638cb90f92f1ec,CVE-2022-4469
956982269,arkede/cve-2022,CVE-2022-28929.yaml,56c405a4cfa83b86c205e130a910edd871a28799,CVE-2022-28929
956982269,arkede/cve-2022,CVE-2022-4032.yaml,56c917df1de56b66bcd23b549f99799a218414a5,CVE-2022-4032
956982269,arkede/cve-2022,CVE-2022-1474.yaml,56ca31d4f84f45bf56d77b4162687c4ed0e5f59f,CVE-2022-1474
956982269,arkede/cve-2022,CVE-2022-1904.yaml,56ccf8cde0a2bd1a6699d06800583f9441ed3647,CVE-2022-1904
956982269,arkede/cve-2022,CVE-2022-46866.yaml,56cd591c57680cdbccb89eae9f3b4e5a18be9f8d,CVE-2022-46866
956982269,arkede/cve-2022,CVE-2022-38703.yaml,56de7ee5a3783e0b844b17778455243e77ba8dd4,CVE-2022-38703
956982269,arkede/cve-2022,CVE-2022-44739.yaml,56e4416918d79938adaa1a6a4b610945c37d90b8,CVE-2022-44739
956982269,arkede/cve-2022,CVE-2022-43016_2.yaml,56e696649df3d8b79c8025905f681083f2da13f7,CVE-2022-43016
956982269,arkede/cve-2022,CVE-2022-24816_1.yaml,56e70410c1a6f0c63f72ba72e3e95d861f404437,CVE-2022-24816
956982269,arkede/cve-2022,CVE-2022-24816_1.yaml,56e70410c1a6f0c63f72ba72e3e95d861f404437,GHSA-V92F-JX6P-73RX
956982269,arkede/cve-2022,CVE-2022-0415_3.yaml,5711957a477e4d2f94ce8b7654b346c2e42b88e8,CVE-2022-0415
956982269,arkede/cve-2022,CVE-2022-40843_2.yaml,5733dc1135f04f8f0890310ca17a8998a817d8de,CVE-2022-40843
956982269,arkede/cve-2022,CVE-2022-20749.yaml,573aef5835e86c95efedad81d23a652c7a77316c,CVE-2022-20749
956982269,arkede/cve-2022,CVE-2022-23642_1.yaml,5756e8906ef46d41e1e68de2b4ecf54f55188938,CVE-2022-23642
956982269,arkede/cve-2022,CVE-2022-2546.yaml,57604068d0ebef97a848875646ffc7d665faf75c,CVE-2022-2546
956982269,arkede/cve-2022,CVE-2022-46020_3.yaml,5765775847746e5618d1eef1fe5ca667c1054795,CVE-2022-46020
956982269,arkede/cve-2022,CVE-2022-31846.yaml,57668faaf0321f6d529726897eb01958a44e7674,CVE-2022-31846
956982269,arkede/cve-2022,CVE-2022-31846.yaml,57668faaf0321f6d529726897eb01958a44e7674,CVE-2022-30489
956982269,arkede/cve-2022,CVE-2022-1392(1).yaml,57670cdd38ed9487b6e1d7ff904817016ed9c3a9,CVE-2022-1392
956982269,arkede/cve-2022,CVE-2022-0840.yaml,578d3a9fd48dcef020300a5c5204c061531a18ff,CVE-2022-0840
956982269,arkede/cve-2022,cve-2022-1598-6653.yaml,57902ef84f42ac469c86fb6fc9245971a2bc2c36,CVE-2022-1598
956982269,arkede/cve-2022,CVE-2022-26546.yaml,57a412ba57afcda22c025155e424cb5dffd8aa5c,CVE-2022-26546
956982269,arkede/cve-2022,cve-2022-22972-6677.yaml,57b5f616a4cff37289a05b7c8169873737b29963,CVE-2022-22972
956982269,arkede/cve-2022,CVE-2022-0478.yaml,57c1525e3e717c5b01c700fff728b481663c9aad,CVE-2022-0478
956982269,arkede/cve-2022,CVE-2022-2389.yaml,57c23471ba1ed3553c99f35084b0516f10a48eae,CVE-2022-2389
956982269,arkede/cve-2022,CVE-2022-43469.yaml,57e93d9ba12084e423f455f11d1469186580be6d,CVE-2022-43469
956982269,arkede/cve-2022,CVE-2022-0208.yaml,57ea55d954f30dcc54a7d71e54cec34e05d6806f,CVE-2022-0208
956982269,arkede/cve-2022,CVE-2022-44591.yaml,5802f7f14c6516769a7904f9e7c21bd386a6130f,CVE-2022-44591
956982269,arkede/cve-2022,CVE-2022-2754.yaml,5828adec5cac28a6f465967a5e3ff8316734d8ed,CVE-2022-2754
956982269,arkede/cve-2022,CVE-2022-0229.yaml,582fc0753b87047b0f9b485fefa370aa80d5899e,CVE-2022-0229
956982269,arkede/cve-2022,CVE-2022-2352.yaml,583b8dab05a5a7f114831df492856bccd87691e7,CVE-2022-2352
956982269,arkede/cve-2022,cve-2022-26134(1).yaml,583cbf881101f4447f62fa05c938400df9aa3f6c,CVE-2022-26134
956982269,arkede/cve-2022,CVE-2022-0825.yaml,584af0183b259497fd20aa38220ac69122355bbc,CVE-2022-0825
956982269,arkede/cve-2022,CVE-2022-3999.yaml,585c50750d76702cf67b0f217a13f91a15ec1c7e,CVE-2022-3999
956982269,arkede/cve-2022,CVE-2022-40359_2.yaml,585ea7fc6f6e4c36cd21cbd769bc5baf762b57fb,CVE-2022-40359
956982269,arkede/cve-2022,CVE-2022-29923.yaml,586edb55cc136c3e65464c9ec7504acfd381953d,CVE-2022-29923
956982269,arkede/cve-2022,CVE-2022-29014_2.yaml,5874c036bb8e800c2cda88e3eae82d865d53a4e5,CVE-2022-29014
956982269,arkede/cve-2022,cve-2022-0595(1).yaml,5897449a3cf31534a30d5ef42df69b9d3ce456dd,CVE-2022-0595
956982269,arkede/cve-2022,cve-2022-0288.yaml,58a248ac86585f1c9aadec7456a633052813813a,CVE-2022-0288
956982269,arkede/cve-2022,CVE-2022-1957.yaml,58a4e614cf6f5e1ce5e9e89855e3f1522ce2c265,CVE-2022-1957
956982269,arkede/cve-2022,CVE-2022-3154.yaml,58a6b6daab34fcc32653a7f44f37ce07505057b3,CVE-2022-3154
956982269,arkede/cve-2022,CVE-2022-23888.yaml,58a9fee963a4d889de52a2e2e9590d9e99861a5e,CVE-2022-23888
956982269,arkede/cve-2022,CVE-2022-1208.yaml,58b4569568da7a05b7115fa6b8e565df8ee75ec2,CVE-2022-1208
956982269,arkede/cve-2022,CVE-2022-1170.yaml,58c2aa0a39bdb4c7a4c2f7ae9451bc866081ae3f,CVE-2022-1170
956982269,arkede/cve-2022,CVE-2022-1335.yaml,58c5837de7f1ba30be3ad2cba8e9791c8764bf32,CVE-2022-1335
956982269,arkede/cve-2022,CVE-2022-1822.yaml,58d1a7812cb50bc0fe043ff4d59583d61391c01a,CVE-2022-1822
956982269,arkede/cve-2022,cve-2022-21371-6659_1.yaml,58e44a06ee64edcb15603b8e86bdd3e9ec4f37cc,CVE-2022-21371
956982269,arkede/cve-2022,CVE-2022-0952_3.yaml,590451b78fefad9d7aa7c86564f20429627ddbc5,CVE-2022-0952
956982269,arkede/cve-2022,CVE-2022-23837.yaml,592a75afab94f2885dca70068ad18df7d526f79e,CVE-2022-23837
956982269,arkede/cve-2022,CVE-2022-3132.yaml,593394a494f4af5c95e5e2db58b1c43edf351820,CVE-2022-3132
956982269,arkede/cve-2022,CVE-2022-1469.yaml,594a2d367c1ef02c1672ae87d0764bcda4f737a7,CVE-2022-1469
956982269,arkede/cve-2022,CVE-2022-22533.yaml,594ff1194830bc697fee71a3aa256dce5fe15693,CVE-2022-22533
956982269,arkede/cve-2022,CVE-2022-23912.yaml,5952cfc2e491df7ed0b8d35c531942c0c724471f,CVE-2022-23912
956982269,arkede/cve-2022,CVE-2022-36355.yaml,5966366324786192830c1ea857c197c2710f01e2,CVE-2022-36355
956982269,arkede/cve-2022,CVE-2022-3823.yaml,5992b2ada3322616a1eed1b52b9c446570bfa59a,CVE-2022-3823
956982269,arkede/cve-2022,CVE-2022-2695.yaml,599f21cd909bd0055cbc0e0f90299733e3a212d6,CVE-2022-2695
956982269,arkede/cve-2022,CVE-2022-1020(1).yaml,59af3f4fbbadc5897088c95b708c639991dc15e6,CVE-2022-1020
956982269,arkede/cve-2022,CVE-2022-2101.yaml,59d1be47145bc4f818b0823ad495a8846b83d143,CVE-2022-2101
956982269,arkede/cve-2022,CVE-2022-4142.yaml,59df3d4ca1ad3c697e33f8a41580e59b1d17e8f5,CVE-2022-4142
956982269,arkede/cve-2022,cve-2022-23779.yaml,59f6ad60510b93262596d5db408546c0bfae4d28,CVE-2022-23779
956982269,arkede/cve-2022,CVE-2022-47449.yaml,59ff64cff4c1325e4a0eb3ee09bc3c859350af48,CVE-2022-47449
956982269,arkede/cve-2022,CVE-2022-47501.yaml,5a057cde27d1558e1cf82a1363829f1b07e1e7d0,CVE-2022-47501
956982269,arkede/cve-2022,CVE-2022-34344.yaml,5a06f9affa352eeef8a7a0b6d07ee6197d8782a9,CVE-2022-34344
956982269,arkede/cve-2022,cve-2022-33174-6761.yaml,5a25a407eea64c651ba4c929e79311a998af9463,CVE-2022-33174
956982269,arkede/cve-2022,CVE-2022-4759.yaml,5a3e2de603536c7f89a243aa1da4081873ddbb16,CVE-2022-4759
956982269,arkede/cve-2022,CVE-2022-20701.yaml,5a7c2e392d8ca1cb5304f57f1b37eed2426d2cb1,ZDI-22-412
956982269,arkede/cve-2022,CVE-2022-20701.yaml,5a7c2e392d8ca1cb5304f57f1b37eed2426d2cb1,CVE-2022-20701
956982269,arkede/cve-2022,CVE-2022-25765.yaml,5a7e9661ec80f6d41ac4bad614730a10d6fcb4f1,CVE-2022-25765
956982269,arkede/cve-2022,CVE-2022-25765.yaml,5a7e9661ec80f6d41ac4bad614730a10d6fcb4f1,CVE-2022-2414
956982269,arkede/cve-2022,CVE-2022-4306_2.yaml,5a856d3526280d28272791637a034f15f20a9561,CVE-2022-4306
956982269,arkede/cve-2022,CVE-2022-4328_1_1.yaml,5a9beeb454fc94c94af5e56ede3e4d7d9780cc2a,CVE-2022-4328
956982269,arkede/cve-2022,cve-2022-22965-6676.yaml,5aab287b0830433d7a21fb431287d0310b3e8022,CVE-2022-22965
956982269,arkede/cve-2022,CVE-2022-2711.yaml,5ae279ff9b1b1f7beba766073f1c3d5aff8db1c0,CVE-2022-2711
956982269,arkede/cve-2022,CVE-2022-4410.yaml,5aef08eec2f6f1a1fa426766aa342312f8d3a1ba,CVE-2022-4410
956982269,arkede/cve-2022,CVE-2022-4197.yaml,5b5bddd397a7ac0258c12b3738d2029fa8caad03,CVE-2022-4197
956982269,arkede/cve-2022,CVE-2022-41996.yaml,5b611ae94cebfce3a5417086c5bded938af774d6,CVE-2022-41996
956982269,arkede/cve-2022,cve-2022-29303-6751_1.yaml,5bbf0724083097f13de86b72ccbc555ffb0090ba,CVE-2022-29303
956982269,arkede/cve-2022,cve-2022-0968.yaml,5bc252fbe13a5e20a4dcb1289b9ebdd2174d841f,GHSA-5FXV-XX5P-G2FV
956982269,arkede/cve-2022,cve-2022-0968.yaml,5bc252fbe13a5e20a4dcb1289b9ebdd2174d841f,CVE-2022-0968
956982269,arkede/cve-2022,CVE-2022-47158.yaml,5bc5e435d80085d42de27d8fa6c49d6e6edb8af0,CVE-2022-47158
956982269,arkede/cve-2022,CVE-2022-3604.yaml,5bcfc5d63dd62323108f3d0268de4e8591c10669,CVE-2022-3604
956982269,arkede/cve-2022,CVE-2022-0441.yaml,5bd0ae27d719865564994225a7828ed932a15100,CVE-2022-0441
956982269,arkede/cve-2022,CVE-2022-31474.yaml,5be0357a04693afcdc90268dfaae488f2d0d0d59,CVE-2022-31474
956982269,arkede/cve-2022,cve-2022-40684(1).yaml,5bebf051468ca244d5df57c310bb1923f6e4f36d,CVE-2022-40684
956982269,arkede/cve-2022,CVE-2022-26833_1.yaml,5c2c3477551fa36fe483b257d4c63706d362bbd9,CVE-2022-26833
956982269,arkede/cve-2022,CVE-2022-3946.yaml,5c2d621b56e25654f499f68cf16b7380a745a69e,CVE-2022-3946
956982269,arkede/cve-2022,CVE-2022-2460.yaml,5c3a92fceeee0ccbf8154f04797549169b3fb10e,CVE-2022-2460
956982269,arkede/cve-2022,CVE-2022-1539.yaml,5c54e8e8d28db36f48f7a5382d0d7e6ea0fd43ab,CVE-2022-1539
956982269,arkede/cve-2022,CVE-2022-23911.yaml,5c71b6bb28170724c20d151814c3399918b434ca,CVE-2022-23911
956982269,arkede/cve-2022,CVE-2022-1906(1)_1.yaml,5cb3b264f5322a27476f6bf9dfa651e23263447f,CVE-2022-1906
956982269,arkede/cve-2022,cve-2022-0595.yaml,5cec39fe2c4543c8da6dbf62fa25b1d9a06083f6,CVE-2022-0595
956982269,arkede/cve-2022,CVE-2022-31983.yaml,5d0d1208808aef5f975e5e435cc5e2d5630d3f63,CVE-2022-31983
956982269,arkede/cve-2022,CVE-2022-0786_2.yaml,5d0d7c9839e3f6288dd1db82cb49fdf13421dae5,CVE-2022-0786
956982269,arkede/cve-2022,CVE-2022-3908_1.yaml,5d123b77a437a8123472948ea8d38910d3c3c45c,CVE-2022-3908
956982269,arkede/cve-2022,CVE-2022-22897_1.yaml,5d2909499d2baf5cd97a8ecd3a7649d6f36c1393,CVE-2022-22897
956982269,arkede/cve-2022,CVE-2022-38295_1.yaml,5d2b719b844945457583a57848120fce85b5ddee,CVE-2022-38295
956982269,arkede/cve-2022,CVE-2022-27863.yaml,5d3a683eaa7941ea0aaf62879ec5c4f16fb1b358,CVE-2022-27863
956982269,arkede/cve-2022,CVE-2022-27925.yaml,5d4106e422bc90e220aba9bad68c1552ab09f7a5,CVE-2022-27925
956982269,arkede/cve-2022,CVE-2022-0616.yaml,5d4bb83027c445c28b8207c7a134d6335b9ccebd,CVE-2022-0616
956982269,arkede/cve-2022,CVE-2022-34534.yaml,5d5c70331eee7713f1a30ed73184ebdad223f100,CVE-2022-34534
956982269,arkede/cve-2022,CVE-2022-1946.yaml,5d7726a9fa8ea1fc83b73f4048d6492d8bd90ee5,CVE-2022-1946
956982269,arkede/cve-2022,CVE-2022-25487_1.yaml,5d7eae5a1df0f4c7a9951eedbfbd9eac49bda7f6,CVE-2022-25487
956982269,arkede/cve-2022,CVE-2022-31260.yaml,5d912195628c8c88da9cc604ed72413a9dc833a0,CVE-2022-31260
956982269,arkede/cve-2022,CVE-2022-1688.yaml,5daa3205f7006105fa996e5fc40fa9a4a53da35c,CVE-2022-1688
956982269,arkede/cve-2022,CVE-2022-0345.yaml,5db046f5aab442cc87243024320eef71d8d78597,CVE-2022-0345
956982269,arkede/cve-2022,CVE-2022-45917.yaml,5db2dca52deb60b7773935627e20f24a39ab35f1,GHSA-HF6Q-RX44-FH6J
956982269,arkede/cve-2022,CVE-2022-45917.yaml,5db2dca52deb60b7773935627e20f24a39ab35f1,CVE-2022-45917
956982269,arkede/cve-2022,CVE-2022-42095_2.yaml,5dcc9884a5a4dc25b2c6d3e783fbe9b29bcf5145,CVE-2022-42095
956982269,arkede/cve-2022,CVE-2022-4954.yaml,5de102c29904f8aec241d829296dbf4839a215a7,CVE-2022-4954
956982269,arkede/cve-2022,cve-2022-0437-6632.yaml,5dec22eec9904ef9b9a2bf68dfa065da0f9d696d,CVE-2022-0437
956982269,arkede/cve-2022,CVE-2022-0234.yaml,5dfb58f073d456cc1bc7c80f9732941f37449649,CVE-2022-0234
956982269,arkede/cve-2022,CVE-2022-43453.yaml,5e2416958af0273aec712964cfd43f7722a86731,CVE-2022-43453
956982269,arkede/cve-2022,CVE-2022-47002.yaml,5e258ab73ca4f8c6f237adf8c2021dfb9b2a8be9,CVE-2022-47002
956982269,arkede/cve-2022,CVE-2022-37299.yaml,5e4cd6c8fbec03a229c1f9f690a85e4b69647b9b,CVE-2022-37299
956982269,arkede/cve-2022,CVE-2022-41791.yaml,5e51f72581067736c934ce06ebaffc3d3a57620c,CVE-2022-41791
956982269,arkede/cve-2022,CVE-2022-3899.yaml,5e756b2bee1803cdb75ae239faf5e2c9951bbe70,CVE-2022-3899
956982269,arkede/cve-2022,CVE-2022-4619.yaml,5e9f8fca7521b5abeab48f42eb9b3a12335fb946,CVE-2022-4619
956982269,arkede/cve-2022,cve-2022-23134-6683.yaml,5ef67014495645f85cb8f714bf4b951314f59ac6,CVE-2022-23134
956982269,arkede/cve-2022,CVE-2022-32022_1.yaml,5f067fd9f0a7e1ef1dba06e8d51a12dd859d939d,CVE-2022-32022
956982269,arkede/cve-2022,CVE-2022-2430.yaml,5f47b75e4f0ba2edb9701e6d3d423bc529117093,CVE-2022-2430
956982269,arkede/cve-2022,CVE-2022-20709.yaml,5f4d8a64e711ce73d82a4a1d43e716d3e9cccefe,CVE-2022-20709
956982269,arkede/cve-2022,CVE-2022-20709.yaml,5f4d8a64e711ce73d82a4a1d43e716d3e9cccefe,ZDI-22-416
956982269,arkede/cve-2022,CVE-2022-30514.yaml,5f6366a33fccabca44d15219357e1440c5e16dbd,CVE-2022-30514
956982269,arkede/cve-2022,CVE-2022-24259.yaml,5f87302d129057d9ec839693c05e684b0780fb3b,CVE-2021-3129
956982269,arkede/cve-2022,CVE-2022-24259.yaml,5f87302d129057d9ec839693c05e684b0780fb3b,CVE-2022-24259
956982269,arkede/cve-2022,CVE-2022-28023_1.yaml,5f9b4c0a096aade433c641f9742fe941b1926a1f,CVE-2022-28023
956982269,arkede/cve-2022,CVE-2022-36599.yaml,5fca35e2dbe25ab01bada32dd7b03bbb18983fff,CVE-2022-36599
956982269,arkede/cve-2022,CVE-2022-46817.yaml,5fca87287e4395093fb9cbe633218e73724d881c,CVE-2022-46817
956982269,arkede/cve-2022,cve-2022-24681.yaml,5fdc5100128bbb33a1b1162ec64ffa905f4f4fec,CVE-2022-24681
956982269,arkede/cve-2022,CVE-2022-46175.yaml,6001f610e92e2ba902c5b5e9dc8b511e746239b7,CVE-2022-46175
956982269,arkede/cve-2022,CVE-2022-4359.yaml,6011b1d35965bc38bc5efdc81a0a03a75189d37a,CVE-2022-4359
956982269,arkede/cve-2022,CVE-2022-0450.yaml,60143b4107bb995f501649090e43c43da814095d,CVE-2022-0450
956982269,arkede/cve-2022,CVE-2022-0201.yaml,605311e730f08f3b0cb0ca28cedeef2264cfcfd4,CVE-2022-0201
956982269,arkede/cve-2022,CVE-2022-46809.yaml,6055a61189a6d04bae189051b264bc1663301222,CVE-2022-46809
956982269,arkede/cve-2022,CVE-2022-4503.yaml,60568c0e049198b82fb26335cc2439464823e59e,CVE-2022-4503
956982269,arkede/cve-2022,CVE-2022-4103.yaml,60674536fa1bf365727adf1f41e823f4696af3c7,CVE-2022-4103
956982269,arkede/cve-2022,CVE-2022-38068.yaml,60731bf2fe98ef09082e434e7cfc4822795c6f15,CVE-2022-38068
956982269,arkede/cve-2022,cve-2022-23347-6689.yaml,608a551c98517a1e1489b73301db5a1171e97572,CVE-2022-23347
956982269,arkede/cve-2022,CVE-2022-29433.yaml,60a374d0d669f71fde6fe660e96749a5758ce619,CVE-2022-29433
956982269,arkede/cve-2022,CVE-2022-0824_3.yaml,60acb8981c53e7b4c834aece0fa4182002c1493e,CVE-2022-0824
956982269,arkede/cve-2022,CVE-2022-0424_2.yaml,60b61ece343cc6daf9643770e67f6301d7a27e62,CVE-2022-0424
956982269,arkede/cve-2022,CVE-2022-45826.yaml,60b66b74ed8b8583e8a07e77bb86b367518d957b,CVE-2022-45826
956982269,arkede/cve-2022,CVE-2022-2575.yaml,60cfa41470a53a35517d8ec164473b9723fa87f5,CVE-2022-2575
956982269,arkede/cve-2022,CVE-2022-3991.yaml,60e357e22dea05c62eab9ee377e742991ebfcec3,CVE-2022-3991
956982269,arkede/cve-2022,CVE-2022-29272_1.yaml,6101058eaa8aed553c0e0751e87618a429ed4b40,CVE-2022-29272
956982269,arkede/cve-2022,cve-2022-0870(1).yaml,610876486f26e00db960959ceeb0851367e6b9c3,CVE-2022-0870
956982269,arkede/cve-2022,CVE-2022-32007_2.yaml,6115322cc5d74a81b000f056ee912807e126ce7d,CVE-2022-32007
956982269,arkede/cve-2022,CVE-2022-1082.yaml,61284451edf9966fe5e4235d4514a2aa03f7b101,CVE-2022-1082
956982269,arkede/cve-2022,CVE-2022-0784_2_1.yaml,61287a6dcdb7a9e275d509110e75e320d3ae53a3,CVE-2022-0784
956982269,arkede/cve-2022,CVE-2022-3776.yaml,613d48eb199733cc7eda3ac866851772d7806564,CVE-2022-3776
956982269,arkede/cve-2022,CVE-2022-21500.yaml,615d572b13cac1332a093f1893b4f13cc6b873f1,CVE-2022-21500
956982269,arkede/cve-2022,CVE-2022-1933.yaml,619f5712dd47e9c2ab89d5487b4647e00b29b77c,CVE-2022-1933
956982269,arkede/cve-2022,CVE-2022-1575.yaml,61b43f608548e81383e7a9a5ad618bb09714a50e,CVE-2022-1575
956982269,arkede/cve-2022,CVE-2022-38870_1.yaml,61f15dfa1321ff68d9c2224e6ba4b0090fa4f6a4,CVE-2022-38870
956982269,arkede/cve-2022,CVE-2022-2133.yaml,6204e8407cbd66ffb360d70145566712ea867382,CVE-2022-2133
956982269,arkede/cve-2022,CVE-2022-1780.yaml,62321bbcb93a463c9093e1954e28ec194f4d1503,CVE-2022-1780
956982269,arkede/cve-2022,CVE-2022-3477.yaml,623285e3fb44b8121ebbd9a4d32c96aaeb8a10e9,CVE-2022-3477
956982269,arkede/cve-2022,CVE-2022-23808.yaml,623bf6c16627a1235b5185b66f3e17875cde42c5,CVE-2022-23808
956982269,arkede/cve-2022,CVE-2022-4467.yaml,62744bd899082f66bc5430148e63006b1ca31e64,CVE-2022-4467
956982269,arkede/cve-2022,CVE-2022-2633_2.yaml,6292cc61487a0660ef92946ca950d39353188d88,CVE-2022-2633
956982269,arkede/cve-2022,CVE-2022-4464.yaml,62936a9fd710472d97ef6f320029c81236401e1c,CVE-2022-4464
956982269,arkede/cve-2022,CVE-2022-35914_2.yaml,62998ca7adf20ff73ab47986aef791c59c937b15,CVE-2022-35914
956982269,arkede/cve-2022,CVE-2022-37601.yaml,62a5e8d0042326e327488dd74ec6bee0b7adeaa2,CVE-2022-37601
956982269,arkede/cve-2022,CVE-2022-0863.yaml,62add9689cef1b0ac65a31a815972998f803139d,CVE-2022-0863
956982269,arkede/cve-2022,CVE-2022-0873.yaml,62b327b558b252aa3d63a21186c087a680f74809,CVE-2022-0873
956982269,arkede/cve-2022,cve-2022-30525(1).yaml,62b567bf41bdeff83839195399ca8b95d92d6b82,CVE-2022-30525
956982269,arkede/cve-2022,CVE-2022-2762.yaml,62bc4c18a41bb55b06dd373b51a15b6aa8c0c081,CVE-2022-2762
956982269,arkede/cve-2022,CVE-2022-43019.yaml,62eb49c4df74d2acd0935efac3ddf24d9deaddc8,CVE-2022-43019
956982269,arkede/cve-2022,CVE-2022-4716.yaml,62ece8522e147e329df26073356ca76397e1ea65,CVE-2022-4716
956982269,arkede/cve-2022,cve-2022-2487_1.yaml,62f3372e9c8dd2a058d8e71fd1f2f251000d6e88,CVE-2022-2487
956982269,arkede/cve-2022,CVE-2022-3556.yaml,630a57ddec16632fb46434d60c4cd08e678fe51c,CVE-2022-3556
956982269,arkede/cve-2022,cve-2022-22972.yaml,6312f9b37250942852d1f5481f0777d3382bb5a5,CVE-2022-22972
956982269,arkede/cve-2022,CVE-2022-4471.yaml,6324959c304f92de57f7fc0775f82ae5554031cc,CVE-2022-4471
956982269,arkede/cve-2022,CVE-2022-4972.yaml,632af87094ead3b3904a3300cf1c10d95ada7cf3,CVE-2022-4972
956982269,arkede/cve-2022,CVE-2022-4050.yaml,632eb53cd5ff9262b1dbcce029e7508e4ed813ee,CVE-2022-4050
956982269,arkede/cve-2022,CVE-2022-27927_4.yaml,633fdddad64db028886739bc32f962098d0ec796,CVE-2022-27927
956982269,arkede/cve-2022,CVE-2022-3982.yaml,6347df4dcdb6e7367b5d45d76d2eea75f7ed141a,CVE-2022-3982
956982269,arkede/cve-2022,CVE-2022-21347.yaml,634a6378617c02477b85e99e91bc2200bdbd9380,CVE-2022-21347
956982269,arkede/cve-2022,CVE-2022-38467_2.yaml,634c14b9a15d97bb5e12cd9bb931bd622805d439,CVE-2022-38467
956982269,arkede/cve-2022,CVE-2022-0784_1.yaml,635c0b2e092830938b89e6de9c84d16c6b50e5c7,CVE-2022-0784
956982269,arkede/cve-2022,CVE-2022-47150.yaml,635dca15013fb7ffe497a6926696d7eceae33dfb,CVE-2022-47150
956982269,arkede/cve-2022,CVE-2022-4022.yaml,63810f0fd6fc57619dea70a0b767e153f7267a00,CVE-2022-4022
956982269,arkede/cve-2022,CVE-2022-36664_1.yaml,63892693ac35fa67a449c6af57ac7f74e392da6d,CVE-2022-36664
956982269,arkede/cve-2022,CVE-2022-34154.yaml,638a86f31f9da5da9fe4e72d397519984a4cd9f6,CVE-2022-34154
956982269,arkede/cve-2022,CVE-2022-45067.yaml,638b6e9febe0fa38a8c72ef958c46418f2df207f,CVE-2022-45067
956982269,arkede/cve-2022,CVE-2022-45067.yaml,638b6e9febe0fa38a8c72ef958c46418f2df207f,CVE-2022-47150
956982269,arkede/cve-2022,CVE-2022-25607.yaml,6391a9c5759cf69db872a97fd3ec7e34fdea9cd5,CVE-2022-25607
956982269,arkede/cve-2022,CVE-2022-28508.yaml,6392c4debcb278b8292475055c31ab5b8749189b,CVE-2022-28508
956982269,arkede/cve-2022,CVE-2022-0969.yaml,63a09228d86b2b0fd1b8b0ab0abe93cd1fd234ea,CVE-2022-0969
956982269,arkede/cve-2022,CVE-2022-4562.yaml,63a4dfaf09590abe49b8d0a241e4637fc87894c5,CVE-2022-4562
956982269,arkede/cve-2022,CVE-2022-36358.yaml,63a5786760aa475b22d4fbba85cdb9cf4268fc54,CVE-2022-36358
956982269,arkede/cve-2022,CVE-2022-1058_1.yaml,63bbd81636d662531c177318f538d2c153aa6adb,CVE-2022-1058
956982269,arkede/cve-2022,cve-2022-29383(1).yaml,63bdbb9c8a055f26386da07c55acc9e721633314,CVE-2022-29383
956982269,arkede/cve-2022,CVE-2022-4752.yaml,63dfdacb31c8b8f43e5fd05bc232e8f9781e9a2c,CVE-2022-4752
956982269,arkede/cve-2022,CVE-2022-1750.yaml,63e96bb6065de043a6f27b002b82062e4e7379b3,CVE-2022-1750
956982269,arkede/cve-2022,CVE-2022-40219.yaml,63ee95622ad87a11a1e6fd4c6b6ba64276d502fd,CVE-2022-40219
956982269,arkede/cve-2022,CVE-2022-29299.yaml,63fadf94b70cce26cd7f8180d456276d02dd3cf7,CVE-2022-29299
956982269,arkede/cve-2022,CVE-2022-29423.yaml,640b01a72b4708b0f3c7f312c4239384bd578105,CVE-2022-29423
956982269,arkede/cve-2022,CVE-2022-1169.yaml,64132b78665d1ba67daa14d685e7f7d1f9192239,CVE-2022-1169
956982269,arkede/cve-2022,CVE-2022-36796.yaml,6426b568e98198364fffc774a9e483edc8d1a13e,CVE-2022-36796
956982269,arkede/cve-2022,CVE-2022-22881.yaml,643657b1351dac2e9a02220acaa013917b6a4437,CVE-2022-22881
956982269,arkede/cve-2022,CVE-2022-0657.yaml,6436e0b0de24450ddabc0fa1b7ae98ce84c74b4b,CVE-2022-0657
956982269,arkede/cve-2022,CVE-2022-35869.yaml,644961ea41ab745199784c69751718ce9b5fa471,ZDI-22-1016
956982269,arkede/cve-2022,CVE-2022-35869.yaml,644961ea41ab745199784c69751718ce9b5fa471,CVE-2022-35869
956982269,arkede/cve-2022,CVE-2022-0989.yaml,645769a56c6de2111baf58c7f5fdf6777e8eccea,CVE-2022-0989
956982269,arkede/cve-2022,CVE-2022-4117.yaml,6457df9f73d8db0949ab9f83bd3aeb806713d416,CVE-2022-4117
956982269,arkede/cve-2022,cve-2022-32444-6760.yaml,6458b13b764e9f4d8268a4138a4f3508e07da022,CVE-2022-32444
956982269,arkede/cve-2022,CVE-2022-0181.yaml,6459a56afda4a91d1f0223ae107d352f235722bc,CVE-2022-0181
956982269,arkede/cve-2022,CVE-2022-30525(2).yaml,647aff90d6db5327117de6af96d2246f6c817ed0,CVE-2022-30525
956982269,arkede/cve-2022,CVE-2022-30525(2).yaml,647aff90d6db5327117de6af96d2246f6c817ed0,CVE-2022-29303
956982269,arkede/cve-2022,CVE-2022-0628.yaml,649f016323b13ead0af6e4fcaedfd753e5557fe0,CVE-2022-0628
956982269,arkede/cve-2022,cve-2022-25323-6724.yaml,64a5a45d8f84f562a44788d26013c1a42c62b498,CVE-2022-25323
956982269,arkede/cve-2022,CVE-2022-0535_3.yaml,64aa5075ba0df1744fc3a40b67b4075160500b5b,CVE-2022-0535
956982269,arkede/cve-2022,CVE-2022-2404.yaml,64afc1087b2a590f12853e8fe5bbac64070353f8,CVE-2022-2404
956982269,arkede/cve-2022,CVE-2022-22409.yaml,64c39feeb276478128dd5f7615a68bd544613ab7,CVE-2022-22409
956982269,arkede/cve-2022,CVE-2022-22719.yaml,64d16783d091938fb7cff1c80a009402df1e4fc5,CVE-2022-22719
956982269,arkede/cve-2022,CVE-2022-29063.yaml,64e004bbeddc0cd0bfeec160c5bcef6f485b4927,CVE-2022-29063
956982269,arkede/cve-2022,CVE-2022-45805_2.yaml,64e899cee4527bb4b338a2502639189769f3e3ee,CVE-2022-45805
956982269,arkede/cve-2022,CVE-2022-34121_2.yaml,64ec232281ac09e037db0ee8c3e2ea3305692449,CVE-2022-34121
956982269,arkede/cve-2022,CVE-2022-2834.yaml,64f6b4910b44e631721c5e00ee033f44f101aa95,CVE-2022-2834
956982269,arkede/cve-2022,CVE-2022-24637.yaml,6504cd9755cb3ca1b318fe6a08290933affbdabe,CVE-2022-24637
956982269,arkede/cve-2022,CVE-2022-48012_3.yaml,65211f8f4e6ff4797a7dedd611c63234bec356cd,CVE-2022-48012
956982269,arkede/cve-2022,CVE-2022-27860.yaml,653a611ab65dfb9c82c5ed357c974fa215c602f1,CVE-2022-27860
956982269,arkede/cve-2022,CVE-2022-46843.yaml,6553c4b93c4507a4df39589cbfe0b8db02ecb925,CVE-2022-46843
956982269,arkede/cve-2022,CVE-2022-0422.yaml,656e20773fb561298bdfcb573dbcd078f370b5e3,CVE-2022-0422
956982269,arkede/cve-2022,cve-2022-0656-6642_1.yaml,6570c3ee41b5a134586887b0509d622486dba1ab,CVE-2022-0656
956982269,arkede/cve-2022,CVE-2022-0537.yaml,658afb7d250a4dfd3cb19540df3e7945eb0cfab3,CVE-2022-0537
956982269,arkede/cve-2022,CVE-2022-25810.yaml,659441fa22456b8ace14121f6f0dd7a0bde69e80,CVE-2022-25810
956982269,arkede/cve-2022,CVE-2022-35516.yaml,659f220407a7e5ee1b78f5bb0b91ca893a422905,CVE-2022-35516
956982269,arkede/cve-2022,cve-2022-26138-6728.yaml,65ad62489ecb59690e1574dd42947596ab337b25,CVE-2022-26138
956982269,arkede/cve-2022,CVE-2022-3486.yaml,65be585b7f6d4b6394acb9d3e54ea9be4dd37fae,CVE-2022-3486
956982269,arkede/cve-2022,CVE-2022-21464.yaml,65dcd321daf45c29b06449cb04f47ebfa1fc3848,CVE-2022-21464
956982269,arkede/cve-2022,CVE-2022-0684.yaml,65fdc0f4a0db4cca959fb44d4aacff5c78f5a809,CVE-2022-0684
956982269,arkede/cve-2022,CVE-2022-0899_2.yaml,6601d72fefe98d1e6a7f86159b1b312bb84cd9db,CVE-2022-0899
956982269,arkede/cve-2022,CVE-2022-29425.yaml,661f2032def0206857d8b644d9ff0225bdd5febd,CVE-2022-29425
956982269,arkede/cve-2022,cve-2022-24260-6708.yaml,66269a13e01ae44fc980a0bed3d09af586ec74f1,CVE-2022-24260
956982269,arkede/cve-2022,CVE-2022-2718.yaml,662afeb32a572bd0b2e19aa47c8d0bb04de1d251,CVE-2022-2718
956982269,arkede/cve-2022,cve-2022-28080(1).yaml,663769cfb7c892a9ba57c9d496e67d42c9e6e8e0,CVE-2022-28080
956982269,arkede/cve-2022,cve-2022-0692-6646.yaml,664484d1ed7d90cfde9b12d28fdf2cea6d62b357,CVE-2022-0692
956982269,arkede/cve-2022,CVE-2022-0412_1.yaml,66455b5c4f93d566feb4a854d72f1122936025cc,CVE-2022-0412
956982269,arkede/cve-2022,CVE-2022-38134.yaml,667284bd8a71670ca92136473a8b6f892e5bb46c,CVE-2022-38134
956982269,arkede/cve-2022,cve-2022-0952(1).yaml,66aff1ea97204dc4a5e1e9b60420cc0728ceb3ea,CVE-2022-0952
956982269,arkede/cve-2022,CVE-2022-42094_2.yaml,66b29bbab2a7d70c64207595cfb0e8b9c9b12820,CVE-2022-42094
956982269,arkede/cve-2022,CVE-2022-36379.yaml,66cfcb217b9ad5896494824144d7432b69c40362,CVE-2022-36379
956982269,arkede/cve-2022,CVE-2022-31268.yaml,66db6e3b9827d7786ce8625ac05448280195bad6,CVE-2022-31268
956982269,arkede/cve-2022,CVE-2022-1409.yaml,66ebc267e665a95eb2f7c190288a43ecf0cfcb15,CVE-2022-1409
956982269,arkede/cve-2022,CVE-2022-4394.yaml,66f33c10b5b94e5c1b3653b143cdffb8e785a45f,CVE-2022-4394
956982269,arkede/cve-2022,CVE-2022-33900.yaml,671765894099ab771a2f07c4b754c7451ff74409,CVE-2022-33900
956982269,arkede/cve-2022,CVE-2022-43017_1.yaml,671cfb4ff9f6026c6f232721ca44fa6fb6177b11,CVE-2022-43017
956982269,arkede/cve-2022,CVE-2022-0206.yaml,67424df26a9fa9391fddda6d78ec04c470d89bc6,CVE-2022-0206
956982269,arkede/cve-2022,CVE-2022-0679_1_1.yaml,675b2d2b551648fc188b0784d82219df4f1b942e,CVE-2022-0679
956982269,arkede/cve-2022,CVE-2022-46764.yaml,6787afc3be48d23a37216312fa8f83a0f1958110,CVE-2022-46764
956982269,arkede/cve-2022,CVE-2022-44632.yaml,67981a29ed043c49500ae2b00529c9c8bd385e8d,CVE-2022-44632
956982269,arkede/cve-2022,CVE-2022-0836.yaml,67d66e6ee6fa0f65c5a69e45385851436b6ade75,CVE-2022-0836
956982269,arkede/cve-2022,CVE-2022-1707.yaml,67ee8f5d55471e8eb9e8c8b74d698d8d73256aee,CVE-2022-1707
956982269,arkede/cve-2022,CVE-2022-29442.yaml,6809232c22e6ca4c74a7807bfe71356dffda8d9e,CVE-2022-29442
956982269,arkede/cve-2022,CVE-2022-47177.yaml,680d897b6b599dabb6d021f35c062dc30d5857ef,CVE-2022-47177
956982269,arkede/cve-2022,cve-2022-1040-6647.yaml,682dbb8de88752191d1bb67b544685803422cb3a,CVE-2022-1040
956982269,arkede/cve-2022,CVE-2022-1713_2.yaml,683df9f1c42eb1ea24563365662d5885e46f2348,CVE-2022-1713
956982269,arkede/cve-2022,CVE-2022-32159.yaml,684804cde9596962feb61b905fa03e139ecf0e4d,CVE-2022-32159
956982269,arkede/cve-2022,CVE-2022-1663.yaml,68620fda429d1b98a1f5d8a9bc1847a67554dfe7,CVE-2022-1663
956982269,arkede/cve-2022,CVE-2022-40305.yaml,688cc4439a193f1853674209030067c6a0f68565,CVE-2022-40305
956982269,arkede/cve-2022,CVE-2022-2395.yaml,688eb5f3c1f13f28da651a56d108bf6461203842,CVE-2022-2395
956982269,arkede/cve-2022,CVE-2022-2936.yaml,68a264d5d896e6a4f03824775acc81071e2cef2e,CVE-2022-2936
956982269,arkede/cve-2022,CVE-2022-0252.yaml,68a3a2956322270ca5d3571fe468cc1940b47d16,CVE-2022-0252
956982269,arkede/cve-2022,CVE-2022-47608.yaml,68d0526db7cc9427de5475dfd5319257aafaf54c,CVE-2022-47608
956982269,arkede/cve-2022,CVE-2022-2558.yaml,68d12df1f657c07a1c2aad9bfc9877e111b4f4a3,CVE-2022-2558
956982269,arkede/cve-2022,CVE-2022-4213.yaml,68d38ab9b9eafc6a060b1bf4e91f5c350cd3a796,CVE-2022-4213
956982269,arkede/cve-2022,springForShell-CVE-2022-22963.yaml,68d8e8cd8d9b17150b3d3e8ad6e9257874111f27,CVE-2022-22963
956982269,arkede/cve-2022,CVE-2022-35416_2.yaml,68e74086a61984ecc5244aa94e83543ae6850f62,CVE-2022-35416
956982269,arkede/cve-2022,CVE-2022-35416_2.yaml,68e74086a61984ecc5244aa94e83543ae6850f62,GHSA-9X76-78GC-R3M9
956982269,arkede/cve-2022,CVE-2022-24265.yaml,68f2c9ded62e73e28500cffca5da68c90fa09d81,CVE-2022-24265
956982269,arkede/cve-2022,CVE-2022-0421.yaml,68f37867848aa10dfa74dc16525698e86ffbc730,CVE-2022-0421
956982269,arkede/cve-2022,cve-2022-29455.yaml,6904073d5c95d3f5d8eb56b6ed623b31fe18228b,CVE-2022-29455
956982269,arkede/cve-2022,CVE-2022-24665.yaml,69228dd6d1f336578c7800754dd809b40f6655f1,CVE-2022-24665
956982269,arkede/cve-2022,cve-2022-0218-6614.yaml,69255caeb703d66fcce3c14f1dac75c40874a412,CVE-2022-0218
956982269,arkede/cve-2022,CVE-2022-4307.yaml,6926be0fd995b358003d96e2e0316d765039fc92,CVE-2022-4307
956982269,arkede/cve-2022,CVE-2022-1047.yaml,692c5c625d1d00e657b1a4b910b21d43a936bb8d,CVE-2022-1047
956982269,arkede/cve-2022,CVE-2022-36225.yaml,692cce2e1de4898c54a3bc987a5a9b5af363ad9f,CVE-2022-36225
956982269,arkede/cve-2022,CVE-2022-0349.yaml,69300467d942e6802f9dd37745f0bb5c2e374780,CVE-2022-0349
956982269,arkede/cve-2022,cve-2022-22947.yaml,693baa3642f2c5fd822b40221f915c7d1c219f17,CVE-2022-22947
956982269,arkede/cve-2022,CVE-2022-40700.yaml,6944bf9abbd62213fecea2b2d2eaca9cb331960a,CVE-2022-40700
956982269,arkede/cve-2022,CVE-2022-29476.yaml,69737c8eed04bad182009098df87732230bce9e1,CVE-2022-29476
956982269,arkede/cve-2022,CVE-2022-1604.yaml,697c396b5e54f7487f27e869f713dd4f9b5875c2,CVE-2022-1604
956982269,arkede/cve-2022,CVE-2022-3380.yaml,698dbda3f683ae44e2e4abe5e998e7c2fe3a581c,CVE-2022-3380
956982269,arkede/cve-2022,CVE-2022-3209.yaml,699122686c96a8d2af5b5f25dd6df6cfa615cca3,CVE-2022-3209
956982269,arkede/cve-2022,CVE-2022-4701.yaml,69a613332a61efbe34ae6a0d55e0735ad2fdc03a,CVE-2022-4701
956982269,arkede/cve-2022,cve-2022-23131-6679.yaml,69af78d7324d1be44e0957fa178104cfd75a0b24,CVE-2022-23131
956982269,arkede/cve-2022,CVE-2022-3194.yaml,69b1af578a885544ec38514f96eb0b4b8f12dc40,CVE-2022-3194
956982269,arkede/cve-2022,CVE-2022-2877.yaml,69bfac7a6315906712f34f91665b1037a8bb6593,CVE-2022-2877
956982269,arkede/cve-2022,cve-2022-32026_1.yaml,69c62fe2a497762a8ed38499477d1b05598907ce,CVE-2022-32028
956982269,arkede/cve-2022,cve-2022-32026_1.yaml,69c62fe2a497762a8ed38499477d1b05598907ce,CVE-2022-32026
956982269,arkede/cve-2022,CVE-2022-46796.yaml,69d5a22c88691939d57b37730bd5767d83b404a5,CVE-2022-46796
956982269,arkede/cve-2022,cve-2022-0381-6626.yaml,69e5c1e1beeba83fde2089d3d9fe1399e9f5f117,CVE-2022-0381
956982269,arkede/cve-2022,CVE-2022-4670.yaml,6a4b55b93321ce7632c491a81312037b43469beb,CVE-2022-4670
956982269,arkede/cve-2022,CVE-2022-1694.yaml,6a9fa79247613b279d71c7be1bf1508adfc42ae1,CVE-2022-1694
956982269,arkede/cve-2022,CVE-2022-37307.yaml,6ab1cd3bcdc84bb0d089a2d0804f1407c3e92bd7,CVE-2022-37307
956982269,arkede/cve-2022,CVE-2022-4124.yaml,6ab4cfd1328e53a3e32b702ebe731c9627d19bb3,CVE-2022-4124
956982269,arkede/cve-2022,CVE-2022-47443.yaml,6ab4ff16c17c72e989f8dcb3263d92927f35d6ab,CVE-2022-47443
956982269,arkede/cve-2022,CVE-2022-45037_1.yaml,6abb4c091e036c9d52b7c996e0c26d9531ba8f4a,CVE-2022-45037
956982269,arkede/cve-2022,CVE-2022-0383.yaml,6adf938e5e985fbdc5d80274d4cdbaa51162953b,CVE-2022-0383
956982269,arkede/cve-2022,CVE-2022-34046_2.yaml,6af4af3a2155a5f3b6c62b911cf184337796d8fc,CVE-2022-34046
956982269,arkede/cve-2022,CVE-2022-24112.yaml,6b0c129abc550fd1100a57e63c1d877457ab32fd,CVE-2022-24112
956982269,arkede/cve-2022,CVE-2022-2935.yaml,6b1796273863df7a7b17ea4ed537e41ca241005f,CVE-2022-2935
956982269,arkede/cve-2022,CVE-2022-1209.yaml,6b19ce15752d20da1e68cf0c44df779e39de5790,CVE-2022-1209
956982269,arkede/cve-2022,CVE-2022-31943.yaml,6b1bf9a34ddb71e9651cd9580c419d5d7357ee66,CVE-2022-31943
956982269,arkede/cve-2022,CVE-2022-38356.yaml,6b1f19c1ea152b46caf1183980cbfb58ee1c49af,CVE-2022-38356
956982269,arkede/cve-2022,CVE-2022-4705.yaml,6b23ce8ee6eecabe15c10a7d3f52bdda2cdc7f14,CVE-2022-4705
956982269,arkede/cve-2022,CVE-2022-4705.yaml,6b23ce8ee6eecabe15c10a7d3f52bdda2cdc7f14,CVE-2022-4704
956982269,arkede/cve-2022,CVE-2022-3679.yaml,6b473e444a23bb65c1759364c175ffcf746d110a,CVE-2022-3679
956982269,arkede/cve-2022,CVE-2022-1912.yaml,6b64140ede0aafb556e7471842faff703fcd70fc,CVE-2022-1912
956982269,arkede/cve-2022,CVE-2022-1792.yaml,6b92bdf1a2ef1bd44ded231c530da3910423bab8,CVE-2022-1792
956982269,arkede/cve-2022,CVE-2022-2100.yaml,6bb48ef34ae86ae5f159d3bf84bed987ad7762f2,CVE-2022-2100
956982269,arkede/cve-2022,CVE-2022-0385.yaml,6bccf53589bb1bdd477a86779e0f0e83d7d9436e,CVE-2022-0385
956982269,arkede/cve-2022,CVE-2022-44951_1.yaml,6be098f9e329d31cf0253e8216a793308f88e071,CVE-2022-44951
956982269,arkede/cve-2022,CVE-2022-4681.yaml,6be223a4f62d4532702c5dab712b28916d761838,CVE-2022-4681
956982269,arkede/cve-2022,CVE-2022-25148_1.yaml,6be4dde14ecfbf45d0c8b4abdf58c9231a3acd53,CVE-2022-25148
956982269,arkede/cve-2022,CVE-2022-4971.yaml,6be7c0dbccc6936f4f81c04591c3f1fa729bf2e2,CVE-2022-4971
956982269,arkede/cve-2022,CVE-2022-1241.yaml,6be90191132a4881ecb69317bc87c0419767cf34,CVE-2022-1241
956982269,arkede/cve-2022,CVE-2022-4946.yaml,6bfc445fd5eb7dc707852603acc039ebd7d58f92,CVE-2022-4946
956982269,arkede/cve-2022,cve-2022-23808-6694.yaml,6bfee3437cf7d99ca22ec2ded9b167754a73a54e,CVE-2022-23808
956982269,arkede/cve-2022,CVE-2022-1083.yaml,6c3b011cd5cb99decd2a869bbc9d42ce6285d58f,CVE-2022-1083
956982269,arkede/cve-2022,CVE-2022-38716.yaml,6c46954cd0a06a4a515a85002cc19f63d8c83e31,CVE-2022-38716
956982269,arkede/cve-2022,CVE-2022-1239.yaml,6c4bc1ddf6da6058637c91f118418f913f41167a,CVE-2022-1239
956982269,arkede/cve-2022,CVE-2022-45538.yaml,6c55eab01a8422615744f995781ea8939d9726b0,CVE-2022-45538
956982269,arkede/cve-2022,CVE-2022-44039.yaml,6c76cc62ffd29ec864f65d3751e623f31ab3c8dc,CVE-2022-44039
956982269,arkede/cve-2022,CVE-2022-32028_3.yaml,6c88963e1f86bc3f9cf93fb05f8957fa1e55f960,CVE-2022-32028
956982269,arkede/cve-2022,CVE-2022-4833.yaml,6c9e86f42e10dc4e8721027fef90c2a0083e3847,CVE-2022-4833
956982269,arkede/cve-2022,CVE-2022-3142.yaml,6ca04a1674b966cfb4e254987807f43dc75d4d0e,CVE-2022-3142
956982269,arkede/cve-2022,CVE-2022-35238.yaml,6ca2516ccc35dc2c1650628fe923e89f6f9d7083,CVE-2022-35238
956982269,arkede/cve-2022,CVE-2022-2737.yaml,6ca79e815984844bdb359f7c31aa106cb6093a75,CVE-2022-2737
956982269,arkede/cve-2022,CVE-2022-45837.yaml,6caa8404d1cc0295a12b507b66544bee1fdb1298,CVE-2022-45837
956982269,arkede/cve-2022,CVE-2022-3426.yaml,6cb199d9128132040dbd6cd6f314e019e9d0b7ba,CVE-2022-3426
956982269,arkede/cve-2022,CVE-2022-4266.yaml,6cc85e3e10798eb6418f1de65711d08164b1cf23,CVE-2022-4266
956982269,arkede/cve-2022,CVE-2022-38295_3.yaml,6ceb1791ab51e6273a2bd98e44d41fd7093a6504,CVE-2022-38295
956982269,arkede/cve-2022,CVE-2022-0148.yaml,6cf0fefded7a6d5ef15848958cd831176f38d621,CVE-2022-0148
956982269,arkede/cve-2022,CVE-2022-45845.yaml,6d010e1f013e1acf79e95055127763d6e6ff7bb6,CVE-2022-45845
956982269,arkede/cve-2022,CVE-2022-24706.yaml,6d06d9e53c396048b61fabb7486075474ad61f11,CVE-2022-24706
956982269,arkede/cve-2022,CVE-2022-0482_3.yaml,6d15d9690c20f620cd33a56c58d4440265254829,CVE-2022-0482
956982269,arkede/cve-2022,CVE-2022-36383.yaml,6d3c2741cb6121f7073cb9c4bac735c7ff0bc98d,CVE-2022-36383
956982269,arkede/cve-2022,exploit-CVE-2022-1388.yaml,6d531a3c49a2999f389ffedf5bde1208beb8751c,CVE-2021-22986
956982269,arkede/cve-2022,exploit-CVE-2022-1388.yaml,6d531a3c49a2999f389ffedf5bde1208beb8751c,CVE-2022-1388
956982269,arkede/cve-2022,CVE-2022-3065.yaml,6d6016474668090a8687877d05211c201feaacbd,CVE-2022-3065
956982269,arkede/cve-2022,CVE-2022-27927.yaml,6d6a1db5fc448f4a9bc4442e5f4ef5f2aa25eeba,CVE-2022-27927
956982269,arkede/cve-2022,CVE-2022-2148.yaml,6d7433b44d1b9cf18cba49a92b49d771a8e761f0,CVE-2022-2148
956982269,arkede/cve-2022,CVE-2022-23347.yaml,6d8469caae674a5be34519a876e958c742aeb34f,CVE-2022-23347
956982269,arkede/cve-2022,CVE-2022-1717.yaml,6d8863c1398b8d23479bf21869df03d803df12b7,CVE-2022-1717
956982269,arkede/cve-2022,CVE-2022-31101.yaml,6d9c9ad4fe99abb1f6ee72001665839efa70acd0,CVE-2022-31101
956982269,arkede/cve-2022,CVE-2022-31101.yaml,6d9c9ad4fe99abb1f6ee72001665839efa70acd0,GHSA-2JX3-5J9V-PRPP
956982269,arkede/cve-2022,CVE-2022-1299.yaml,6db1a8e3674ccffda2287b719e8c155c342b9a24,CVE-2022-1299
956982269,arkede/cve-2022,CVE-2022-29445.yaml,6dc89ef03e099b0fc865e1d3ef3e30b54974a8ba,CVE-2022-29445
956982269,arkede/cve-2022,CVE-2022-2083.yaml,6dca34211be416b32912595568b6cb5c764753bb,CVE-2022-2083
956982269,arkede/cve-2022,CVE-2022-0540.yaml,6de585484fcfc10aa02e8b58432a87aec505c2a3,CVE-2022-0540
956982269,arkede/cve-2022,CVE-2022-29448.yaml,6dec429cada193941a74830acfe4b0437897eb05,CVE-2022-29448
956982269,arkede/cve-2022,CVE-2022-4651.yaml,6e0322279846d8ad97e96fa77f3d80a1a77a97e0,CVE-2022-4651
956982269,arkede/cve-2022,CVE-2022-45065.yaml,6e064f2597ad84fd9a4568ca8527e32db80219e6,CVE-2022-45065
956982269,arkede/cve-2022,cve-2022-0208.yaml,6e0b5179c205babc9f1b8f1f10b2e343591e1dc8,CVE-2022-0208
956982269,arkede/cve-2022,CVE-2022-1977.yaml,6e2e44168905a122527c9f58624643118dec78d4,CVE-2022-1977
956982269,arkede/cve-2022,CVE-2022-3961.yaml,6e35650d0cf2349f593e72a87662d85e42c9b189,CVE-2022-3961
956982269,arkede/cve-2022,CVE-2022-3834.yaml,6e5497ca8068a7bb8122dc574dc558596fe9957d,CVE-2022-3834
956982269,arkede/cve-2022,CVE-2022-4831.yaml,6e67a571eee3b27abe0d1657fde9de890c7df3ea,CVE-2022-4831
956982269,arkede/cve-2022,CVE-2022-0707.yaml,6e7168358eb9bdfc4ca9259c27eae8aec123721c,CVE-2022-0707
956982269,arkede/cve-2022,CVE-2022-23887.yaml,6e83c7d5addb85d95a23329c80e39b8f22512489,CVE-2022-23887
956982269,arkede/cve-2022,CVE-2022-27005.yaml,6ebf67b6f278d586d261578707cf0cc74b91f15d,CVE-2022-27005
956982269,arkede/cve-2022,CVE-2022-27005.yaml,6ebf67b6f278d586d261578707cf0cc74b91f15d,CVE-2022-25075
956982269,arkede/cve-2022,cve-2022-24124.yaml,6ec2cdc3f9ce7c8ee67120c322ab3f82e9603c49,CVE-2022-24124
956982269,arkede/cve-2022,CVE-2022-25495.yaml,6ecf0879dacad1030d36267ff07c6ca3e8e034a2,CVE-2022-25495
956982269,arkede/cve-2022,CVE-2022-40624.yaml,6ee5769486f9f0bc0136f56c0c4b483715624636,CVE-2022-40624
956982269,arkede/cve-2022,CVE-2022-1580.yaml,6eecb33f807a480ba3aac74c92c679b6dd4da37f,CVE-2022-1580
956982269,arkede/cve-2022,CVE-2022-40127.yaml,6f0b4480d3d7b60eb7f476506b144902db645dbd,CVE-2022-40127
956982269,arkede/cve-2022,CVE-2022-43462.yaml,6f1ad5cf2e08d48079dc667013ed0f6dde97b0e5,CVE-2022-43462
956982269,arkede/cve-2022,CVE-2022-2414.yaml,6f269d006367acad75f9973c8b68fece31d8f876,CVE-2022-2414
956982269,arkede/cve-2022,CVE-2022-20708.yaml,6f2f2e970638ef02f3a24bf81fc3fe0190b7915a,CVE-2022-20708
956982269,arkede/cve-2022,CVE-2022-20708.yaml,6f2f2e970638ef02f3a24bf81fc3fe0190b7915a,ZDI-22-417
956982269,arkede/cve-2022,CVE-2022-29006_2.yaml,6f304ff6ad0407fec57ea4e465074d81362f2181,CVE-2022-29006
956982269,arkede/cve-2022,CVE-2022-46934_4.yaml,6f3e92fef1b066eb66dbe455797d8a278efd7c0d,CVE-2022-46934
956982269,arkede/cve-2022,CVE-2022-1088.yaml,6f5c9a6ba53f98d9be7a538a4b17ca9b35bec02f,CVE-2022-1088
956982269,arkede/cve-2022,CVE-2022-27849.yaml,6f7fd8f609c1ac4f7079c8f697e5c6f1bcf0cfc6,CVE-2022-27849
956982269,arkede/cve-2022,CVE-2022-40215.yaml,6f946955b5cf03e0056fe989e46d9314e232e921,CVE-2022-40215
956982269,arkede/cve-2022,CVE-2022-28022_2.yaml,6fa5b36302e831e6729036b49a74db95fcfe6237,CVE-2022-28022
956982269,arkede/cve-2022,CVE-2022-2223.yaml,6fb423fa3b6c592a7ca34c0a9202239fa74c50d3,CVE-2022-2223
956982269,arkede/cve-2022,CVE-2022-4470.yaml,6ffee8abbdb703898c7e891e8ac90151ada728ad,CVE-2022-4470
956982269,arkede/cve-2022,CVE-2022-35914_1.yaml,701ffbb92d9a3d568d431a008b05b267e3eac1bb,CVE-2022-35914
956982269,arkede/cve-2022,CVE-2022-25608.yaml,7039b4d7b99cb15be96870d05e0081da46dbab75,CVE-2022-25608
956982269,arkede/cve-2022,CVE-2022-4160.yaml,704a04883d652a091a0ce3f09f72105ff7ce22b3,CVE-2022-4160
956982269,arkede/cve-2022,CVE-2022-47593.yaml,70769184da136ca22326bf0159caf2ec81595b07,CVE-2022-47593
956982269,arkede/cve-2022,CVE-2022-45081.yaml,707847d99048039ac0bee02a9e769acab8ceb0cf,CVE-2022-45081
956982269,arkede/cve-2022,CVE-2022-4106.yaml,70857176be7adfad03db3a6d340ee900474ad98d,CVE-2022-4106
956982269,arkede/cve-2022,CVE-2022-28032_2.yaml,708f2f415b34700b0d0c00729c0875db91a2c374,CVE-2022-28032
956982269,arkede/cve-2022,CVE-2022-30506.yaml,7097dcb9114c2850976df9053bb039a09ca2c09f,CVE-2022-30506
956982269,arkede/cve-2022,CVE-2022-40030.yaml,70a267a09d2f914932c4ca8aea9bde0f72247932,CVE-2022-40030
956982269,arkede/cve-2022,CVE-2022-0189.yaml,70b866b06040408de4f02ff5efce4d4937836d77,CVE-2022-0189
956982269,arkede/cve-2022,CVE-2022-29776.yaml,70ccbaa7a2af8fd5575f16b2435e7817055f4ca1,CVE-2022-29776
956982269,arkede/cve-2022,CVE-2022-21421.yaml,70cf1ac2386ffe467c7641d5c81cb541af084072,CVE-2022-21421
956982269,arkede/cve-2022,cve-2022-0482-6633_1.yaml,70d46c75bc10b85e700cb43d587b2d1ce1d5fae1,CVE-2022-0482
956982269,arkede/cve-2022,CVE-2022-28666.yaml,70f686626428e2013a41bc0de7ff083418725214,CVE-2022-28666
956982269,arkede/cve-2022,cve-2022-1040(1).yaml,710f5079215100e560d9aaa844eaf2c4496813ba,CVE-2022-1040
956982269,arkede/cve-2022,cve-2022-26134.yaml,714a60e93bff4d97a8e1d6344c300dab341fc71b,CVE-2022-26134
956982269,arkede/cve-2022,CVE-2022-2146.yaml,714f9ffd78c05530c6b0852eaf7036a935713d86,CVE-2022-2146
956982269,arkede/cve-2022,CVE-2022-2542.yaml,715c2afc06c8f29877d60a74e24e7b8428bccd8f,CVE-2022-2542
956982269,arkede/cve-2022,CVE-2022-0482_2.yaml,7169c7cf2771c305292155c7b12f08e577ccb821,CVE-2022-0482
956982269,arkede/cve-2022,CVE-2022-32025_3.yaml,716cabc1c54c65ce30672465079a02db03a70830,CVE-2022-32025
956982269,arkede/cve-2022,CVE-2022-38637.yaml,717c4acddc32454fedd50c0802c5c6997813872f,CVE-2022-38637
956982269,arkede/cve-2022,CVE-2022-29438.yaml,718e7d8256cebedb84c42f0dec109db6be36ecc1,CVE-2022-29438
956982269,arkede/cve-2022,CVE-2022-38352.yaml,71a065ca2c2b8ed87b79467f945942f497fa6265,CVE-2022-38352
956982269,arkede/cve-2022,CVE-2022-2034.yaml,71d53f15db0ef22da96f5b041edd26c45c208d55,CVE-2022-2034
956982269,arkede/cve-2022,CVE-2022-0814_2.yaml,71dd07cf659fa7f23d2a09b85b7bc93f70f8a25e,CVE-2022-0814
956982269,arkede/cve-2022,CVE-2022-2433.yaml,71df0bf47a593e8a9baf3579bf686f0bec4b227a,CVE-2022-2433
956982269,arkede/cve-2022,CVE-2022-29422.yaml,71e496ac1689eb80885451601f31042a1eefd6ac,CVE-2022-29422
956982269,arkede/cve-2022,CVE-2022-1396.yaml,71f332ededdde7729489f756a171592be0670df7,CVE-2022-1396
956982269,arkede/cve-2022,CVE-2022-43015_2.yaml,7208520cb12217d1afa034dfc32fccd25b6a419a,CVE-2022-43015
956982269,arkede/cve-2022,CVE-2022-0190.yaml,722c3d369df27e1c466da2c5119436282e0c6bfc,CVE-2022-0190
956982269,arkede/cve-2022,CVE-2022-0827.yaml,7242cc9f73af5e717daf1e4f40cfc43393a0ad89,CVE-2022-0827
956982269,arkede/cve-2022,CVE-2022-28919.yaml,727268b9f806459f7fa95cb9379719bedef35680,CVE-2022-28919
956982269,arkede/cve-2022,CVE-2022-47105.yaml,727a3a6d7d45e4f1b2a840fd4fcedd9a3c94d2e8,CVE-2022-47105
956982269,arkede/cve-2022,CVE-2022-29775.yaml,7293a1a7ded238866010b8c34ee904d209da0fc2,CVE-2022-29775
956982269,arkede/cve-2022,CVE-2022-0142.yaml,7295a321dd7a09ff3c96bc9f63cbd1da77b4c371,CVE-2022-0142
956982269,arkede/cve-2022,CVE-2022-4323.yaml,72979b067dde383f49714f0374552824224baa28,CVE-2022-4323
956982269,arkede/cve-2022,CVE-2022-31475.yaml,72a0d3a5f8cd5479c35315de3c658bb92656da1c,CVE-2022-31475
956982269,arkede/cve-2022,CVE-2022-31475.yaml,72a0d3a5f8cd5479c35315de3c658bb92656da1c,CVE-2022-28700
956982269,arkede/cve-2022,CVE-2022-27859.yaml,72a84ffac1b9c156c7239bece6774f18e12afff1,CVE-2022-27859
956982269,arkede/cve-2022,CVE-2022-29885.yaml,72b154de50bfc254a985f743552c53d695f736c3,CVE-2022-29885
956982269,arkede/cve-2022,cve-2022-22965.yaml,72ca586927aa77ca52d628a914f13468eb5acd56,CVE-2022-22965
956982269,arkede/cve-2022,CVE-2022-1465.yaml,72d5f68bb9badd9f2cdc6dd1471afb3cd7bb833d,CVE-2022-1465
956982269,arkede/cve-2022,CVE-2022-4375.yaml,72e4692ce623297d2b8e6e94aa3acea11b5b1111,CVE-2022-4375
956982269,arkede/cve-2022,CVE-2022-0710.yaml,72ebf7596319964d127d1910d3cdc9c452fdd985,CVE-2022-0710
956982269,arkede/cve-2022,CVE-2022-1646.yaml,73051050eabace99b2e64a79361f90aa81f7d366,CVE-2022-1646
956982269,arkede/cve-2022,CVE-2022-1914.yaml,7318ab4a73ad51238c86d9d898596d7705d1c176,CVE-2022-1914
956982269,arkede/cve-2022,CVE-2022-45835_2.yaml,73223343c05c838bf925ada6859af94561036379,CVE-2022-45835
956982269,arkede/cve-2022,CVE-2022-1349.yaml,735b571f7cccac4c19107ff08b48e6b7dc53b16f,CVE-2022-1349
956982269,arkede/cve-2022,CVE-2022-2361.yaml,7361cde800f340f06f7b9e3ec5d7229404b2ed2e,CVE-2022-2361
956982269,arkede/cve-2022,CVE-2022-1589.yaml,736375ab0a71613d6360bd2d1e16defbc008a149,CVE-2022-1589
956982269,arkede/cve-2022,CVE-2022-27926.yaml,73812a791a2e5e7a2862d88210f231f000676ac6,CVE-2022-27926
956982269,arkede/cve-2022,CVE-2022-41935.yaml,738145e6fddfe81589085396360b043ef667a2ec,CVE-2022-41935
956982269,arkede/cve-2022,CVE-2022-41987.yaml,7381bf7cd4fb78f5af9e13e766ce4c4c53bc8480,CVE-2022-41987
956982269,arkede/cve-2022,CVE-2022-4061.yaml,739307d2786a6eef8bf3e8f5ea915bc58d3b0fc6,CVE-2022-4061
956982269,arkede/cve-2022,CVE-2022-47589.yaml,739c84c43f10f4886e5f6d5061ae72ee1eda555b,CVE-2022-47589
956982269,arkede/cve-2022,CVE-2022-37338.yaml,73a272defc44617073451bb5bea6c21d5a554e7f,CVE-2022-37338
956982269,arkede/cve-2022,CVE-2022-4675.yaml,73d42114e3443466ad65ca50d24e00b165a4c716,CVE-2022-4675
956982269,arkede/cve-2022,cve-2022-2488.yaml,73e0fcb8ead7b35b3f298451f1a32c8554e0d58c,CVE-2022-2488
956982269,arkede/cve-2022,cve-2022-24112-6703.yaml,73fe218038c32383e7eb5b8743e3635672d5e49f,CVE-2022-24112
956982269,arkede/cve-2022,CVE-2022-28923.yaml,7404dd8bb4de836620a07194b97f02eb78b6ea0e,CVE-2022-28923
956982269,arkede/cve-2022,CVE-2022-4216.yaml,7418826af46e184d5c921d4508a27f4f59f50960,CVE-2022-4216
956982269,arkede/cve-2022,CVE-2022-29982.yaml,742f3d0a7ac979d6eb87c29820f81863de857d3f,CVE-2022-29982
956982269,arkede/cve-2022,CVE-2022-3768_1.yaml,7430b66bd602a5d4ecb0c8050c2ac812205edcb9,CVE-2022-3768
956982269,arkede/cve-2022,CVE-2022-4507.yaml,7437a388dd631708124f64ce8fc00b3d49246217,CVE-2022-4507
956982269,arkede/cve-2022,CVE-2022-1020.yaml,743e9e7516f663efcba58fb8cc3bd35cb590734b,CVE-2022-1020
956982269,arkede/cve-2022,cve-2022-0189.yaml,74443b36869479b9650e728be4c40c0e68204794,CVE-2022-0189
956982269,arkede/cve-2022,CVE-2022-1221.yaml,744a4d022620ee091635dc96f9c89e99230da113,CVE-2022-1221
956982269,arkede/cve-2022,CVE-2022-4301.yaml,74b792ed441f847caf55518cd712411a2b6d32e2,CVE-2022-4301
956982269,arkede/cve-2022,CVE-2022-45038_2.yaml,74cc40de29a0343ba8f407c813d07ffdf9bd2e48,CVE-2022-45038
956982269,arkede/cve-2022,CVE-2022-24681.yaml,74de44680faff3b5c5655e09bb5ce32c9c0d3e70,CVE-2022-24681
956982269,arkede/cve-2022,CVE-2022-4049_1.yaml,74e3e5dbc2d51c3e0ab49ad1a5829a0ad4a9de1d,CVE-2022-4049
956982269,arkede/cve-2022,CVE-2022-4302.yaml,74e5a1119aa406afb5ffab5e7e669018d5de8549,CVE-2022-4302
956982269,arkede/cve-2022,CVE-2022-3135.yaml,74e5bafb61324c720e9f26fdd3f4eddbb443be18,CVE-2022-3135
956982269,arkede/cve-2022,cve-2022-0422(1).yaml,74fad58a3c6d761c778b3f28b9b27edd5daee981,CVE-2022-0422
956982269,arkede/cve-2022,CVE-2022-41647.yaml,75063a69c5d01b145d2869dda3fed140d56bb51c,CVE-2022-41647
956982269,arkede/cve-2022,CVE-2022-27235.yaml,750955aa3a831cb039d5da3a1594a87ba1f5b122,CVE-2022-27235
956982269,arkede/cve-2022,CVE-2022-43119.yaml,750c53ae54a9f8c1841991b9cb0dfa7a329e55ce,CVE-2022-43119
956982269,arkede/cve-2022,CVE-2022-40027.yaml,751cf8f354a938f6d7f9654a54ebc27e725c0d56,CVE-2022-40027
956982269,arkede/cve-2022,CVE-2022-1187.yaml,752382c8729a4e76b2a97a5398870ed16fd61093,CVE-2022-1187
956982269,arkede/cve-2022,CVE-2022-1392.yaml,7531c7c52d6876ac1caa7433c7b4b0992f143412,CVE-2022-1392
956982269,arkede/cve-2022,CVE-2022-0694.yaml,7562d3d3a6d2a851d0b2e26c436d865903ac14bf,CVE-2022-0694
956982269,arkede/cve-2022,CVE-2022-1683.yaml,7568600cf7c77354164ff2f3f587dc9f62323793,CVE-2022-1683
956982269,arkede/cve-2022,CVE-2022-4658.yaml,757114b922c0cfc6edffb093cd80ddb250cb214a,CVE-2022-4658
956982269,arkede/cve-2022,cve-2022-22947-6664.yaml,75afc89f883a86ed2a264588a358fbd9a876ea81,CVE-2022-22947
956982269,arkede/cve-2022,CVE-2022-23713.yaml,75b673fba6ec4f5fef5e769bc913f7dfc1cbc1d6,CVE-2022-23713
956982269,arkede/cve-2022,CVE-2022-23944.yaml,75b6952cb3caf2bdde1c8b520cdad93a5df514b9,CVE-2022-23944
956982269,arkede/cve-2022,CVE-2022-33119_1.yaml,75d24929e0fc2177fc0b0b9b7f4259ade5f08152,CVE-2022-33119
956982269,arkede/cve-2022,CVE-2022-45371.yaml,75e316e8254b2175b4327dd81f19973ff2b38a33,CVE-2022-45371
956982269,arkede/cve-2022,cve-2022-35416(1).yaml,7601ed652a8866631b5a7e2e1c396722679ddaed,GHSA-9X76-78GC-R3M9
956982269,arkede/cve-2022,cve-2022-35416(1).yaml,7601ed652a8866631b5a7e2e1c396722679ddaed,CVE-2022-35416
956982269,arkede/cve-2022,cve-2022-24124-6705.yaml,7605f692fedb5610a6f691e472ce027765f43b62,CVE-2022-24124
956982269,arkede/cve-2022,CVE-2022-41275.yaml,7631965f5d61fe9e407a06d9c74ac77d6d3308d5,CVE-2022-41275
956982269,arkede/cve-2022,CVE-2022-45368.yaml,763eb58ec9620bd8f0f88b7ae3aee735432100c5,CVE-2022-45368
956982269,arkede/cve-2022,CVE-2022-37153_4.yaml,763f043b671e1c0d72ea5c27088cc4ec7273b05d,CVE-2022-37153
956982269,arkede/cve-2022,CVE-2022-4219.yaml,7644dd3ffdd582244f12a92860982e015a7766a9,CVE-2022-4219
956982269,arkede/cve-2022,CVE-2022-3915.yaml,76a478e2dbae28fef977e355ab05554d01f24e88,CVE-2022-3915
956982269,arkede/cve-2022,cve-2022-1598-6654.yaml,76a5c138fa3bad1068560a92183883ab8ddcbc03,CVE-2022-1598
956982269,arkede/cve-2022,CVE-2022-23646.yaml,76af1eb28f33176bce619e1fb2b29b1a423d4ede,CVE-2022-23646
956982269,arkede/cve-2022,CVE-2022-34487.yaml,76cd5e7df2b6ccaa2dc3538f53189e6f49a96ae8,CVE-2022-34487
956982269,arkede/cve-2022,CVE-2022-20700.yaml,76df87bae2cae74b35ef3e1997dc4677a1520223,CVE-2022-20700
956982269,arkede/cve-2022,CVE-2022-44957_1.yaml,76e30de6a140d013610148fdd8861f9b550f9798,CVE-2022-44957
956982269,arkede/cve-2022,CVE-2022-28290_2.yaml,76e47a48ebb73d080dd1f86d73b37f222dd76074,CVE-2022-28290
956982269,arkede/cve-2022,CVE-2022-46853.yaml,76f2f82ed4810467e62d61d0b451298e2fca7642,CVE-2022-46853
956982269,arkede/cve-2022,CVE-2022-45356.yaml,76f43dd25f0931be47ebabb05879f1fc7eb11419,CVE-2022-45356
956982269,arkede/cve-2022,CVE-2022-0429.yaml,771e79380ae91aa9c96b25faa88ac611b2660a6f,CVE-2022-0429
956982269,arkede/cve-2022,CVE-2022-1585.yaml,773c46b2711047ea66983410e2fa0a544b36f35d,CVE-2022-1585
956982269,arkede/cve-2022,CVE-2022-0958.yaml,774992314f59e48f39fb259b4ad68c79292699bf,CVE-2022-0958
956982269,arkede/cve-2022,CVE-2022-45374.yaml,774e6d6fe4ec50e212faf9d01eb35ba35ff039ed,CVE-2022-45374
956982269,arkede/cve-2022,cve-2022-24181.yaml,776437592260aa5a0b327bd750557745bb2fa704,CVE-2022-24181
956982269,arkede/cve-2022,CVE-2022-45832.yaml,776feaf04a2051b204d2d5c51cac8d904cbd89d4,CVE-2022-45832
956982269,arkede/cve-2022,CVE-2022-21292.yaml,7777788b3ecaae909340003a67912c4efc3c9d0a,CVE-2022-21292
956982269,arkede/cve-2022,CVE-2022-47171.yaml,777cfcd95b4359f1ea60523311e87a89b2a49faa,CVE-2022-47171
956982269,arkede/cve-2022,CVE-2022-3418.yaml,778601b825da014a863756937f90d4f31f902112,CVE-2022-3418
956982269,arkede/cve-2022,CVE-2022-32430.yaml,778814e80b2f21d1ebcf1167c53e687ab74bd56b,CVE-2022-32430
956982269,arkede/cve-2022,CVE-2022-0895.yaml,779fa96e64e40b669dea197863c8edae39c9fedc,CVE-2022-0895
956982269,arkede/cve-2022,CVE-2022-43323.yaml,77a2dfdebdb9656f1f0fa85ca6bd873b4bcb2295,CVE-2022-43323
956982269,arkede/cve-2022,CVE-2022-46798.yaml,77a6c5ffd68bb2b8336535b5878b943c597f191c,CVE-2022-46798
956982269,arkede/cve-2022,CVE-2022-1436.yaml,77c2b3c5e322d6b8c5b2db914c0caa3524c9fb3d,CVE-2022-1436
956982269,arkede/cve-2022,CVE-2022-3833.yaml,77c6a8707453d40beb02a1c190285913dc7d7011,CVE-2022-3833
956982269,arkede/cve-2022,CVE-2022-38104.yaml,77d0029aad2bdf0c4bb28a4d39aa7b78c3df1f30,CVE-2022-33198
956982269,arkede/cve-2022,CVE-2022-38104.yaml,77d0029aad2bdf0c4bb28a4d39aa7b78c3df1f30,CVE-2022-38104
956982269,arkede/cve-2022,CVE-2022-4158.yaml,77ddfcd34bdcc672adee80e2d2ece6c798bac7ab,CVE-2022-4158
956982269,arkede/cve-2022,CVE-2022-32409.yaml,77ecaa756e6a2ca5345676f1d1b7365b1058816b,CVE-2022-32409
956982269,arkede/cve-2022,CVE-2022-33965_1.yaml,77f7cf322fa8e4eb99d21305ba081ded291a50d5,CVE-2022-33965
956982269,arkede/cve-2022,CVE-2022-0205.yaml,782339bff096548bd19080b3a96ec76ae676731a,CVE-2022-0205
956982269,arkede/cve-2022,CVE-2022-47153.yaml,783e3ccf0332c060688ace59dd0bc59582b5fcac,CVE-2022-47153
956982269,arkede/cve-2022,CVE-2022-0182.yaml,785b936479d9b7da05c73b56f3ab7d7e47d4786c,CVE-2022-0182
956982269,arkede/cve-2022,CVE-2022-45084.yaml,787cfcf219729079c5cd0c50dfdc16d47a6475fe,CVE-2022-45084
956982269,arkede/cve-2022,CVE-2022-1470.yaml,788ac147220322bcf7182329c1f76bb93989602e,CVE-2022-1470
956982269,arkede/cve-2022,CVE-2022-2943.yaml,7899eab9dc2839b36af433a288f0882d5a1b79af,CVE-2022-2943
956982269,arkede/cve-2022,CVE-2022-40127_3.yaml,78ab04755e6dbdd15150633b90326037f6ab9e80,CVE-2022-40127
956982269,arkede/cve-2022,CVE-2022-26159.yaml,78aca94ab2af62c805f9bdc74c3ad4f417cbd9f1,CVE-2022-26159
956982269,arkede/cve-2022,CVE-2022-35151_2.yaml,78b045b164a32638c0d96667d7363e860429636e,CVE-2022-35151
956982269,arkede/cve-2022,CVE-2022-0147.yaml,78c0c595bb68aed695e3a3b0654d6bfeaf4fdb87,CVE-2022-0147
956982269,arkede/cve-2022,CVE-2022-41040.yaml,78c24a3b1830b8915b7d8bdf1eee7528f8501c72,CVE-2022-41040
956982269,arkede/cve-2022,CVE-2022-41040.yaml,78c24a3b1830b8915b7d8bdf1eee7528f8501c72,CVE-2022-41082
956982269,arkede/cve-2022,CVE-2022-21705_4.yaml,78cae0512c86305d0021edf3c85db600f6529501,CVE-2022-21705
956982269,arkede/cve-2022,CVE-2022-21705_4.yaml,78cae0512c86305d0021edf3c85db600f6529501,GHSA-79JW-2F46-WV22
956982269,arkede/cve-2022,CVE-2022-2071.yaml,78cb19700f63e7593ef6820f5bea2d3254f72e85,CVE-2022-2071
956982269,arkede/cve-2022,CVE-2022-24384_1.yaml,78d4618915a3b09e8ff20dcefffb87927ee0b21c,CVE-2022-24384
956982269,arkede/cve-2022,CVE-2022-0327.yaml,78dd081a73c7520c35ba6c62778c502c66197cad,CVE-2022-0327
956982269,arkede/cve-2022,CVE-2022-47156.yaml,78f0306f21c57414defd1e5879263156ac3076d3,CVE-2022-47156
956982269,arkede/cve-2022,cve-2022-23808.yaml,78f470fc28adee37b80601b3e01631bad74f6e11,CVE-2022-23808
956982269,arkede/cve-2022,CVE-2022-3142_2.yaml,78f62f1618716624156ea2bb490ea6f3424e70ea,CVE-2022-3142
956982269,arkede/cve-2022,CVE-2022-22818.yaml,7904be4c61a8db33c5c4b6314ef4fed165f9baa6,CVE-2022-22818
956982269,arkede/cve-2022,CVE-2022-37312.yaml,790768704c53be5c856dd57513a457506cb85dc7,CVE-2022-37312
956982269,arkede/cve-2022,CVE-2022-37042_7.yaml,791bb09d5a41f5aa2c4efe95fff894066aca3462,CVE-2022-27925
956982269,arkede/cve-2022,CVE-2022-37042_7.yaml,791bb09d5a41f5aa2c4efe95fff894066aca3462,CVE-2022-37042
956982269,arkede/cve-2022,CVE-2022-45373.yaml,79267b7987691484f14cdbf09ea959a1cc5c21e8,CVE-2022-45373
956982269,arkede/cve-2022,CVE-2022-1250.yaml,79367de8079aef8ec9ce3965f3aea544c03796b0,CVE-2022-1250
956982269,arkede/cve-2022,CVE-2022-31793.yaml,795910122d608dfe0e561e1f89eddcddfcee05ed,CVE-2022-31793
956982269,arkede/cve-2022,CVE-2022-38070.yaml,7969aa59742710ea8df429a72e14bb53d7835fe2,CVE-2022-38070
956982269,arkede/cve-2022,cve-2022-29298-6749.yaml,79705922ced338eec29c7670d6329567ac58635e,CVE-2022-29298
956982269,arkede/cve-2022,spring_cloud_gateway_CVE_2022_22947.yaml,798adf65c798f199ad7bd34ef54162300cbea104,CVE-2022-22947
956982269,arkede/cve-2022,CVE-2022-45080.yaml,79991577fc009d9a43f0a0d26513734dd5911fe2,CVE-2022-45080
956982269,arkede/cve-2022,CVE-2022-36288.yaml,79a90c5360ff0d5862dd2b577d68b0e52b21307c,CVE-2022-36288
956982269,arkede/cve-2022,CVE-2022-47159.yaml,79aadba7762090be638089c4b5047885054d4a37,CVE-2022-47159
956982269,arkede/cve-2022,CVE-2022-31854_2.yaml,79d72e3d85c883b2c6c378b47a1623f9adbe1fd3,CVE-2022-31854
956982269,arkede/cve-2022,CVE-2022-4541.yaml,79de2525beeeb999fc13a0470bbba72a0bc35d29,CVE-2022-4541
956982269,arkede/cve-2022,CVE-2022-0784.yaml,79f2937910ba3551d933ace8cfa868de8291060c,CVE-2022-0784
956982269,arkede/cve-2022,CVE-2022-1442.yaml,7a0b2938cf317bfa1b6cb646931c0544271d527c,CVE-2022-1442
956982269,arkede/cve-2022,CVE-2022-2515.yaml,7a11a2d1a50e128846e9f96c2fe44e9ee0555eef,CVE-2022-2515
956982269,arkede/cve-2022,CVE-2022-0594(1).yaml,7a45f5f946942fef7a3b46bf0cd6a3ae4fdeeb02,CVE-2022-0594
956982269,arkede/cve-2022,CVE-2022-44877.yaml,7a56b131069bb361ae3f80990f13206307f91a6b,CVE-2022-44877
956982269,arkede/cve-2022,CVE-2022-45361.yaml,7a7342de150316bb073898ad90517e470a77975c,CVE-2022-45361
956982269,arkede/cve-2022,CVE-2022-0206_2.yaml,7a73d67747af85b085ad78732bf68cf02b79b655,CVE-2022-0206
956982269,arkede/cve-2022,CVE-2022-45072.yaml,7a745db93b3375498ec6738c3304e458f6bd89fe,CVE-2022-45072
956982269,arkede/cve-2022,CVE-2022-4829.yaml,7a7f25a60d741c59cefe887018720f75df2f781f,CVE-2022-4829
956982269,arkede/cve-2022,CVE-2022-4536.yaml,7a8c614e8236d59706cf7e21ced84d6580d3b5bb,CVE-2022-4536
956982269,arkede/cve-2022,CVE-2022-1618.yaml,7a9b084c563d37f0ab7de53844bd104a9d5517c4,CVE-2022-1618
956982269,arkede/cve-2022,CVE-2022-36427.yaml,7ab9a0e60af31dff8c9dab99b8d3e632d7431800,CVE-2022-36427
956982269,arkede/cve-2022,CVE-2022-4750.yaml,7ac746def037265e93b60b68ffc0e27491a453d3,CVE-2022-4750
956982269,arkede/cve-2022,CVE-2022-1814.yaml,7ac75a3d07d8d1329db9f8fa72cf5b27aa79c6a1,CVE-2022-1814
956982269,arkede/cve-2022,CVE-2022-45070.yaml,7addd61568472d41c8ff89f06b061351a27ac751,CVE-2022-45070
956982269,arkede/cve-2022,CVE-2022-25602.yaml,7adf2830a116aa6471c8b4d31ae9e82ca8b41f91,CVE-2022-25602
956982269,arkede/cve-2022,CVE-2022-1023.yaml,7ae55c95cbdb9890c8e4b3e953f5d6afca50f381,CVE-2022-1023
956982269,arkede/cve-2022,cve-2022-25216.yaml,7aed942dc348d47a8efe98871b86873656021340,CVE-2022-25216
956982269,arkede/cve-2022,CVE-2022-21662.yaml,7af6c6ef98b863421af1609d7640f3b8a4ddd671,CVE-2022-21662
956982269,arkede/cve-2022,CVE-2022-21662.yaml,7af6c6ef98b863421af1609d7640f3b8a4ddd671,GHSA-699Q-3HJ9-889W
956982269,arkede/cve-2022,CVE-2022-26960.yaml,7b138279e008aad6c3ce9a79e7e91effcfcfcb1c,CVE-2022-26960
956982269,arkede/cve-2022,CVE-2022-4368.yaml,7b13f38167c3c5282f7e3f881b5b9778f8c1b1f2,CVE-2022-4368
956982269,arkede/cve-2022,CVE-2022-27925_1.yaml,7b2484bdecb61b59f0fe14221ea9951bddde557d,CVE-2022-27925
956982269,arkede/cve-2022,CVE-2022-4765.yaml,7b279fd8fc274ed8f14de4e5310720f2b6e1cda4,CVE-2022-4765
956982269,arkede/cve-2022,CVE-2022-2256.yaml,7b59dd5a808550fc898906eef1d197da81ca4cf0,CVE-2022-2256
956982269,arkede/cve-2022,CVE-2022-1826.yaml,7b5e69b73b252c25dcc8fae58c9a44bc502c3490,CVE-2022-1826
956982269,arkede/cve-2022,CVE-2022-3142_1.yaml,7b68891c30f3c9c8bcf079a452f2c734dde541e4,CVE-2022-3142
956982269,arkede/cve-2022,CVE-2022-31663.yaml,7b6c43d27851ca0475744299264ff627505de9cb,CVE-2022-31663
956982269,arkede/cve-2022,CVE-2022-4346.yaml,7b83624e8d52a8f895b0b42b3dec316681f36b62,CVE-2022-4346
956982269,arkede/cve-2022,CVE-2022-4212.yaml,7b9020b8089517120ac6ad9eeb5985ebc1feea0a,CVE-2022-4212
956982269,arkede/cve-2022,CVE-2022-2488.yaml,7ba02a51c2b51f64722ae07505aab5b4d5c4139d,CVE-2022-2488
956982269,arkede/cve-2022,CVE-2022-36428.yaml,7bba1db65e1cb35387a4c8bdb8f83f0e9eaa2b60,CVE-2022-36428
956982269,arkede/cve-2022,CVE-2022-39048_1.yaml,7bba50d505e2cbf5288a51fc7f8dd6a31f5086ad,CVE-2022-39048
956982269,arkede/cve-2022,cve-2022-31793(1).yaml,7bbc422f8fce9ed19693ffc33784f58779120467,CVE-2022-31793
956982269,arkede/cve-2022,CVE-2022-32387.yaml,7bc29901b25eeffe34c0c68bf73bc7f9cfeb157a,CVE-2022-32387
956982269,arkede/cve-2022,CVE-2022-41444.yaml,7bcd9deb4ea75911d1a7c1ac797e9929b01179ca,CVE-2022-41444
956982269,arkede/cve-2022,cve-2022-29298.yaml,7bce0b7a18bcaa5768b3351ec3d27396dab70a7b,CVE-2022-29298
956982269,arkede/cve-2022,cve-2022-34049.yaml,7bd24a2bcd26a8c53915155dfc887bbffc3ca0fb,CVE-2022-34049
956982269,arkede/cve-2022,CVE-2022-31845_5.yaml,7bd79819c1e84dcc06ff9ec05ada1b03ec6d4dd8,CVE-2022-30489
956982269,arkede/cve-2022,CVE-2022-31845_5.yaml,7bd79819c1e84dcc06ff9ec05ada1b03ec6d4dd8,CVE-2022-31845
956982269,arkede/cve-2022,CVE-2022-44276.yaml,7c12b47793b0caedd8d0006df41b45e8bc128365,CVE-2022-44276
956982269,arkede/cve-2022,CVE-2022-4059.yaml,7c2dc92f9e87f3e7c84b2085364022065efce404,CVE-2022-4059
956982269,arkede/cve-2022,CVE-2022-0422(1).yaml,7c3f7d09252b28f990cef76bca9828374832eb5a,CVE-2022-0422
956982269,arkede/cve-2022,cve-2022-29455(1).yaml,7c41b4bc08fd95a91c48d24a7e7ccf5347e3b7a3,CVE-2022-29455
956982269,arkede/cve-2022,CVE-2022-45269.yaml,7c46b45e047fb1c6764bb8c25cfa9d8ab8e13502,CVE-2022-45269
956982269,arkede/cve-2022,CVE-2022-0541.yaml,7c47c47ae37bfa5b52a1c23831595bfba543fd7e,CVE-2022-0541
956982269,arkede/cve-2022,CVE-2022-3603.yaml,7c4b856eafc4e535b91833809cd2d7d3167890c8,CVE-2022-3603
956982269,arkede/cve-2022,cve-2022-2486.yaml,7c5bc0f69f792e13c59c141251b9d29228feff8b,CVE-2022-2486
956982269,arkede/cve-2022,CVE-2022-4497.yaml,7c5e2e4beacbf0cecc0c896eb227b65bc1258857,CVE-2022-4497
956982269,arkede/cve-2022,CVE-2022-47161.yaml,7c6cd94c71bca1d513249ebdb29d0a55eadf4d33,CVE-2022-47161
956982269,arkede/cve-2022,CVE-2022-26375.yaml,7c84b48ec31e3ed0db86e14395f84c9132ea21f4,CVE-2022-26375
956982269,arkede/cve-2022,CVE-2022-37311.yaml,7c88a509c9d224f47792f104d0385cda3edcced9,CVE-2022-37311
956982269,arkede/cve-2022,CVE-2022-4950.yaml,7c893a36956749e8dd02d4aed86d9a5a957d03d4,CVE-2022-4950
956982269,arkede/cve-2022,CVE-2022-38058.yaml,7ca1d26e4bbf170d55e5740a4464875ccb099454,CVE-2022-38058
956982269,arkede/cve-2022,CVE-2022-46856.yaml,7ca98c2f632cb404859b3f6716c9c73b0a8c1a75,CVE-2022-46856
956982269,arkede/cve-2022,CVE-2022-1182.yaml,7cc6300db97f322612ecbbb55d6f37f905c24385,CVE-2022-1182
956982269,arkede/cve-2022,CVE-2022-2413.yaml,7cdf7e3259811efe155e162ea7f9c613bdca2424,CVE-2022-2413
956982269,arkede/cve-2022,cve-2022-32025(1).yaml,7d164f945f956fe419b6972a0a5ba551a6fb5681,CVE-2022-32025
956982269,arkede/cve-2022,CVE-2022-1285.yaml,7d268846b37f1e74f171c0ccb5510b5d0b96a149,CVE-2022-1285
956982269,arkede/cve-2022,CVE-2022-1630.yaml,7d2838c0d1929a5695c1a5de4a296e6587551216,CVE-2022-1630
956982269,arkede/cve-2022,CVE-2022-31847.yaml,7d2ca8b9887d3b6735c35a6c97eff048b0cd4df0,CVE-2022-31847
956982269,arkede/cve-2022,CVE-2022-4553.yaml,7d32c9599ac689dfb6e4a9aa95191376d11752c3,CVE-2022-4553
956982269,arkede/cve-2022,CVE-2022-43169.yaml,7d79720db94caa87fa5af47af0949033ca048fe4,CVE-2022-43169
956982269,arkede/cve-2022,CVE-2022-43492.yaml,7d849b7fcc47dcc3b049d1389e3c8516169a8d39,CVE-2022-43492
956982269,arkede/cve-2022,CVE-2022-3610.yaml,7d86e588a19b1becb2eca06d921a1b72f2c3873a,CVE-2022-3610
956982269,arkede/cve-2022,CVE-2022-1843.yaml,7d9168a3df3f777f17ba7e5d03b40d9ae3dd4f66,CVE-2022-1843
956982269,arkede/cve-2022,CVE-2022-29980.yaml,7da3d171f310568cbc596c9522a2203be2c68c70,CVE-2022-29980
956982269,arkede/cve-2022,CVE-2022-2067.yaml,7db8e98f96857e1813285fbfad5024214a961173,CVE-2022-2067
956982269,arkede/cve-2022,CVE-2022-43326.yaml,7db94670848e43fe5e7afdda6e049d6d74470edc,CVE-2022-43326
956982269,arkede/cve-2022,CVE-2022-4023.yaml,7dbe6522b49ceecae33abe556451734ae14644f7,CVE-2022-4023
956982269,arkede/cve-2022,CVE-2022-4004.yaml,7dc0a67b870c6e33d02db676d9d80c392155b42b,CVE-2022-4004
956982269,arkede/cve-2022,CVE-2022-1765.yaml,7de0aef5edf2087d41c32a1fbfe37267bb4cd174,CVE-2022-1765
956982269,arkede/cve-2022,CVE-2022-2391.yaml,7de5335cbe66e305614cae19ac2f11a36ab743f8,CVE-2022-2391
956982269,arkede/cve-2022,CVE-2022-32015.yaml,7debb5717488ce3587c663e8335f8727fac77e92,CVE-2022-32015
956982269,arkede/cve-2022,cve-2022-36883.yaml,7df34a627f9dee3c2a81adccd77a49fed31971d4,CVE-2022-36883
956982269,arkede/cve-2022,CVE-2022-38454.yaml,7e011425527f4c0104c5c5d5390989b76f4780b7,CVE-2022-38454
956982269,arkede/cve-2022,CVE-2022-34047.yaml,7e17f1ace11378524c992e603d7cdabc8164cdf2,CVE-2022-34047
956982269,arkede/cve-2022,CVE-2022-29411.yaml,7e1f1a852830d0095422513082caa910155170f7,CVE-2022-29411
956982269,arkede/cve-2022,CVE-2022-0952(1).yaml,7e2d47b7c6fed59342471c942cb0707a354d59ed,CVE-2022-0952
956982269,arkede/cve-2022,CVE-2022-29440.yaml,7e310e3578b16d4724e5f0072966f6cdd1b2fd54,CVE-2022-29440
956982269,arkede/cve-2022,CVE-2022-33901.yaml,7e36aaf5692867a42e77ed13f39e688da53aa57f,CVE-2022-33901
956982269,arkede/cve-2022,CVE-2022-22536.yaml,7e3ced660d2dd2ffbf75273b1da6bd0795e28542,CVE-2022-22536
956982269,arkede/cve-2022,CVE-2022-4539.yaml,7e3d6c74a489a94fc304d7fd814e773eb0dc6a68,CVE-2022-4539
956982269,arkede/cve-2022,CVE-2022-31854_3.yaml,7e51238df79038a25ec110e4957f9ad5017f4dec,CVE-2022-31854
956982269,arkede/cve-2022,CVE-2022-1551.yaml,7e58ebbad945c44dd97deb589c6b82d35f067a57,CVE-2022-1551
956982269,arkede/cve-2022,cve-2022-23881.yaml,7e62d270615085863f2b6d0137120aac29a4bcff,CVE-2022-23881
956982269,arkede/cve-2022,CVE-2022-30516.yaml,7e8fe34655545b6b8ba155a75827a61edebe840f,CVE-2022-30516
956982269,arkede/cve-2022,CVE-2022-0206_1.yaml,7e947ded37aedf442dceb075ed665567fee731d5,CVE-2022-0206
956982269,arkede/cve-2022,CVE-2022-0378.yaml,7e9ad686a715b5396fa3ed5499fa2837b1849ba3,CVE-2022-0378
956982269,arkede/cve-2022,CVE-2022-3096.yaml,7eac5eef2cd5bdb25bb58e30cca48eab4e2723cd,CVE-2022-3096
956982269,arkede/cve-2022,CVE-2022-45851.yaml,7eae7625e132e87316210ecec2d32f4876138b26,CVE-2022-45851
956982269,arkede/cve-2022,CVE-2022-29007_1.yaml,7eb8b0fa0f1a97c8b00d9720557d6bc3090f998a,CVE-2022-29007
956982269,arkede/cve-2022,CVE-2022-45540.yaml,7ecbbffed4c59cec0e5ea91878c0b8d1cbd4912e,CVE-2022-45540
956982269,arkede/cve-2022,CVE-2022-2734.yaml,7ed226fc67a3d04cc0d1fb6fa7bed6d35769eb8d,CVE-2022-2734
956982269,arkede/cve-2022,CVE-2022-4576.yaml,7ede0a68ccd068d6397989f9012c83dc8f0af151,CVE-2022-4576
956982269,arkede/cve-2022,CVE-2022-1005.yaml,7f46a3441294923bb7170f56fdb4253d2592e449,CVE-2022-1005
956982269,arkede/cve-2022,CVE-2022-2775.yaml,7f87e5e121dbc99fcef617354379724da5d3c84b,CVE-2022-2775
956982269,arkede/cve-2022,CVE-2022-32007_3.yaml,7fb02798b3cea47b72ddf25a4301790f8b3abb89,CVE-2022-32007
956982269,arkede/cve-2022,CVE-2022-4749.yaml,7fbf25d2a3532db02b750cbb611f95e300b4b68b,CVE-2022-4749
956982269,arkede/cve-2022,CVE-2022-1206.yaml,7fcc0271716c6f85eccf33d60f7ed02459f32cec,CVE-2022-1206
956982269,arkede/cve-2022,CVE-2022-41638.yaml,7fe1ac6a84e5685c9d88c4591c719ec40b3e77c0,CVE-2022-41638
956982269,arkede/cve-2022,CVE-2022-38135.yaml,7ff63cbe9ef1f055bd270c03cfc948fca741783d,CVE-2022-38135
956982269,arkede/cve-2022,CVE-2022-21257.yaml,7ff8b50477c093e011cefabff1ddee3ca574ee5a,CVE-2022-21257
956982269,arkede/cve-2022,CVE-2022-34121_1.yaml,80284aa2ee2e18c06f64a2744b0215855866624c,CVE-2022-34121
956982269,arkede/cve-2022,CVE-2022-2241.yaml,803c765bca48f912a4ec2d689a9724a217718cac,CVE-2022-2241
956982269,arkede/cve-2022,CVE-2022-47439.yaml,8061c86e62ddd0314bfc6e18d87a119d447edf01,CVE-2022-47439
956982269,arkede/cve-2022,CVE-2022-21564.yaml,8094ba011374a478adee7ff77628273274f8d9ae,CVE-2022-21564
956982269,arkede/cve-2022,CVE-2022-0439.yaml,80992281127f745e033246a62daf0d06691a18f0,CVE-2022-0439
956982269,arkede/cve-2022,CVE-2022-34347.yaml,80dad544d2ab2780b59f01a54b9053f3dbb4dbbc,CVE-2022-34347
956982269,arkede/cve-2022,CVE-2022-29272_3.yaml,810003610ae83bf6ebb102f5cae8aa372f87503e,CVE-2022-29272
956982269,arkede/cve-2022,cve-2022-23881-6696.yaml,810bf90754159776b012c42a3d17c01ae6fe864e,CVE-2022-23881
956982269,arkede/cve-2022,CVE-2022-3897.yaml,812ae10515cc9c08ed2d266d925fa62a752819fc,CVE-2022-3897
956982269,arkede/cve-2022,CVE-2022-4217.yaml,812e1f3db31d448f866090bffc9f659e77c8b5b2,CVE-2022-4217
956982269,arkede/cve-2022,CVE-2022-34045_3.yaml,812f54c1718ee17c4e38ddd56af62ceb6c168c17,CVE-2022-34045
956982269,arkede/cve-2022,CVE-2022-0560.yaml,81374a43fdb38cad3beca12b65d01a228571d6d9,CVE-2022-0560
956982269,arkede/cve-2022,CVE-2022-4578.yaml,813875f3278dce21d8c3e4ff02513959cb703c24,CVE-2022-4578
956982269,arkede/cve-2022,CVE-2022-1584.yaml,814f2c39110260ff15739754fd5d38d414a19c36,CVE-2022-1584
956982269,arkede/cve-2022,CVE-2022-4140.yaml,81804cc6b82814457024b347ec13a76ab48b6ec7,CVE-2022-4140
956982269,arkede/cve-2022,CVE-2022-3494.yaml,8184664101b9652cb4fbb62bd943df7b12d8db03,CVE-2022-3494
956982269,arkede/cve-2022,CVE-2022-26564.yaml,818fbe694ee12c733de69e6b4d7e06da8c082073,CVE-2022-26564
956982269,arkede/cve-2022,CVE-2022-31137.yaml,819b60838176cef8bd973b27b1bea0c676a21b36,CVE-2022-31137
956982269,arkede/cve-2022,CVE-2022-3883.yaml,81d5887789c7fc16eafdb86d6e4e56165a4aa3a9,CVE-2022-3883
956982269,arkede/cve-2022,CVE-2022-3935.yaml,81ee13a0c863f40868bc4c88e1b3acb353d7fefa,CVE-2022-3935
956982269,arkede/cve-2022,CVE-2022-1625.yaml,82080d1ad8c9fa76c0f2e9b74f7575c2fa976857,CVE-2022-1625
956982269,arkede/cve-2022,CVE-2022-4162.yaml,82086027e07c340428ae98aa0c99f8869a3cc726,CVE-2022-4162
956982269,arkede/cve-2022,CVE-2022-38296.yaml,8209ba95b33c06cd8c2e8e1eb5b45d1ca6ff75be,CVE-2022-38296
956982269,arkede/cve-2022,CVE-2022-4102.yaml,820accc8187ad67ad4f0e822cc093b30121d849a,CVE-2022-4102
956982269,arkede/cve-2022,cve-2022-1946(1).yaml,8215c31573aa99835210a9bd1b126378b30e56ab,CVE-2022-1946
956982269,arkede/cve-2022,CVE-2022-2446.yaml,8217a7cfcba8c5bebbf332f0f87cdf5c066935d5,CVE-2022-2446
956982269,arkede/cve-2022,CVE-2022-1054(1).yaml,821ce773ed01d7cac6b3301493ef32560a991039,CVE-2022-1054
956982269,arkede/cve-2022,CVE-2022-27845.yaml,823a1c253913db40a2075078d318d5469c475945,CVE-2022-27845
956982269,arkede/cve-2022,CVE-2022-2467_2.yaml,823bfd9da408b455dd3d3203c01da4a42634217e,CVE-2022-2467
956982269,arkede/cve-2022,CVE-2022-23345.yaml,824e7621e6d797bcc445b59e38bf10169b259b88,CVE-2022-23345
956982269,arkede/cve-2022,CVE-2022-4050_2.yaml,825f23e76023eec65ac23bae66bd5c9890e69ce7,CVE-2022-4050
956982269,arkede/cve-2022,CVE-2022-43490.yaml,826ca6385ea96ae3a8d63c4d6531627e6a10432b,CVE-2022-43490
956982269,arkede/cve-2022,CVE-2022-4762.yaml,82829123cbd4469458cef8ef2fdbf76417541c18,CVE-2022-4762
956982269,arkede/cve-2022,CVE-2022-34650.yaml,82922d9f5f8a0c1cdb87a2287ea37efc63669063,CVE-2022-34650
956982269,arkede/cve-2022,CVE-2022-25492.yaml,82942174d64f312831bbc02848c1bde2c2a0acc6,CVE-2022-25492
956982269,arkede/cve-2022,CVE-2022-4384.yaml,82c85b5ef50a607dd158c8dff9251d4d1fc2f5ae,CVE-2022-4384
956982269,arkede/cve-2022,CVE-2022-26960_1.yaml,82ca42a6dc095614734a7bf12d9733c9b59acf2a,CVE-2022-26960
956982269,arkede/cve-2022,CVE-2022-2144.yaml,82cf055d01a716559627787f6ec9638a86d8061f,CVE-2022-2144
956982269,arkede/cve-2022,CVE-2022-0248.yaml,82cfdc98c7447e2ecc93880b90a4065d0bd3f382,CVE-2022-0248
956982269,arkede/cve-2022,CVE-2022-1903.yaml,82d513a59c81986b77d2f5196f0c1b7c1dd0bb11,CVE-2022-1903
956982269,arkede/cve-2022,CVE-2022-29774.yaml,82e68938a4407f1fa2eb85da708afa786f8eb7d5,CVE-2022-29774
956982269,arkede/cve-2022,CVE-2022-2189.yaml,82f204f4bf173d4d6d17977eb7c36c2dd4e91615,CVE-2022-2189
956982269,arkede/cve-2022,CVE-2022-30998.yaml,83060b7a783c8741fff4eb7d1840c342494e219c,CVE-2022-30998
956982269,arkede/cve-2022,cve-2022-28363-6745.yaml,8337c2e941eb71e6644685c40a8999d51ffbaaec,GHSA-RPVC-QGRM-R54F
956982269,arkede/cve-2022,cve-2022-28363-6745.yaml,8337c2e941eb71e6644685c40a8999d51ffbaaec,CVE-2022-28363
956982269,arkede/cve-2022,CVE-2022-30511.yaml,834925cade7c807d048ea506d22aa00fe74d791e,CVE-2022-30511
956982269,arkede/cve-2022,CVE-2022-47434.yaml,834ae19368e26dc3209eddd6314bf7af80b9a6cb,CVE-2022-47434
956982269,arkede/cve-2022,CVE-2022-0824_4.yaml,834df363f2d408a096b0e7c39a96f875659e99df,CVE-2022-0824
956982269,arkede/cve-2022,CVE-2022-3343.yaml,8350c2a14f17143beea190e7d3151a9dba817a45,CVE-2022-3343
956982269,arkede/cve-2022,CVE-2022-27041.yaml,8365308c0a3095bbff929339dd65e57403d9a648,CVE-2022-27041
956982269,arkede/cve-2022,CVE-2022-4169.yaml,83841ed5c8268fab2bf7b38323e5dc562e7c064c,CVE-2022-4169
956982269,arkede/cve-2022,cve-2022-24129.yaml,8388e39d0bf439959e437fa7d098809b22832b7b,CVE-2022-24129
956982269,arkede/cve-2022,CVE-2022-0087.yaml,839336d586093794d80ffedf0851e94cfe6ab9ad,CVE-2022-0087
956982269,arkede/cve-2022,CVE-2022-31845_1.yaml,83c6237fbb22bf578c07632bc1567c02a545e0cb,CVE-2022-30489
956982269,arkede/cve-2022,CVE-2022-31845_1.yaml,83c6237fbb22bf578c07632bc1567c02a545e0cb,CVE-2022-31845
956982269,arkede/cve-2022,CVE-2022-28290_1.yaml,8406534f42789931dd99db773c674267c3459a55,CVE-2022-28290
956982269,arkede/cve-2022,CVE-2022-0864_2.yaml,8424e0246ef40f929241bb23203809ad6607dcfe,CVE-2022-0864
956982269,arkede/cve-2022,CVE-2022-25148_2.yaml,844a70aecce2537bd458c8bb54278ef0e2a6a4d4,CVE-2022-25148
956982269,arkede/cve-2022,CVE-2022-45811.yaml,845cc8ae5d4c1855b67b6d3e7d456fe5bababe29,CVE-2022-45811
956982269,arkede/cve-2022,CVE-2022-4532.yaml,84648bc462333d13ae146db7e60a70e16a2740e5,CVE-2022-4532
956982269,arkede/cve-2022,cve-2022-26233-6736.yaml,84679f7e9e903a1a248fb42a7a0b2569f6b2d91d,CVE-2022-26233
956982269,arkede/cve-2022,cve-2022-35416.yaml,846b76f1244a74b731a2de94f619247d82a3d057,CVE-2022-35416
956982269,arkede/cve-2022,cve-2022-35416.yaml,846b76f1244a74b731a2de94f619247d82a3d057,GHSA-9X76-78GC-R3M9
956982269,arkede/cve-2022,CVE-2022-45806.yaml,84704ea8ef13145ae68be63add45a2d9a7b2958a,CVE-2022-45806
956982269,arkede/cve-2022,CVE-2022-44736.yaml,8472c1aac6be41db274b80ea065a046e6d765617,CVE-2022-44736
956982269,arkede/cve-2022,CVE-2022-3900.yaml,847dacb5186593f5aa2a90b36c70bcaa2ade6dad,CVE-2022-3900
956982269,arkede/cve-2022,CVE-2022-24264_1.yaml,84820e62689423e214677576a75193b1434f76b5,CVE-2022-24264
956982269,arkede/cve-2022,cve-2022-1713(1).yaml,849a1a80364e81e8f7ae20286fade4a3fb57f976,CVE-2022-1713
956982269,arkede/cve-2022,CVE-2022-47422.yaml,84a33d8b10cbca225ed22db968e2d8311fdf02e4,CVE-2022-47422
956982269,arkede/cve-2022,CVE-2022-1643.yaml,84d600a55c7a07992164279bc573c4d40adb7d67,CVE-2022-1643
956982269,arkede/cve-2022,cve-2022-0660.yaml,84e3e72ec5ee33890ca2b576374808d090fb9c8e,CVE-2022-0660
956982269,arkede/cve-2022,cve-2022-0660.yaml,84e3e72ec5ee33890ca2b576374808d090fb9c8e,GHSA-HHRJ-WP42-32V3
956982269,arkede/cve-2022,CVE-2022-3837.yaml,84e4f557cde097885f6c02a691f655211b2866e8,CVE-2022-3837
956982269,arkede/cve-2022,CVE-2022-0986.yaml,84e86097c321b77a17a70e66acec6b4e1cd79ef1,CVE-2022-0986
956982269,arkede/cve-2022,CVE-2022-0928.yaml,84ef34d2477dd9b3c452cf67eacc56dc974c0c29,CVE-2022-0928
956982269,arkede/cve-2022,CVE-2022-4239.yaml,84f54aecafef43f8d0f9b8f7ebc61248c867583a,CVE-2022-4239
956982269,arkede/cve-2022,CVE-2022-0199.yaml,85062ccd051b00b846bdcf249a81d740accd5180,CVE-2022-0199
956982269,arkede/cve-2022,CVE-2022-44400.yaml,851a69f69c8c97745a8afd34a8dfd5cc6ed2cfaa,CVE-2022-44400
956982269,arkede/cve-2022,CVE-2022-0471.yaml,85359dd7ffee051a85e5e387e068cd3676d2ddfe,CVE-2022-0471
956982269,arkede/cve-2022,cve-2022-1815(1).yaml,853b0317d4719c01b5e6cbb87697e9368ce162af,CVE-2022-1815
956982269,arkede/cve-2022,CVE-2022-34531.yaml,85466c66478a22f0118c98bf4994544a15e4a193,CVE-2022-34531
956982269,arkede/cve-2022,CVE-2022-26833_3.yaml,855cb11556688c8ccc151446362dc7b78060e2e5,CVE-2022-26833
956982269,arkede/cve-2022,cve-2022-27927.yaml,8569b64d54c4a888d4ac8b65887e7a750331c136,CVE-2022-27927
956982269,arkede/cve-2022,CVE-2022-4198.yaml,8571ed7e4ab0870420ecbf2f794c265da03bbfb2,CVE-2022-4198
956982269,arkede/cve-2022,cve-2022-25323.yaml,8582949710f100c07ee96d3731a3d6054ab4a93b,CVE-2022-25323
956982269,arkede/cve-2022,CVE-2022-2716.yaml,85973f39d6214be09de0bcee6146d744684166e0,CVE-2022-2716
956982269,arkede/cve-2022,CVE-2022-2046.yaml,859b2b1d512590cd438c47e16423df26fd368a88,CVE-2022-2046
956982269,arkede/cve-2022,CVE-2022-42880.yaml,85a205e89b33c0db243640127fd2600ecf112f61,CVE-2022-42880
956982269,arkede/cve-2022,CVE-2022-3840.yaml,85d2e94e6e7a27f8ec843599dbe6e542878c6b95,CVE-2022-3840
956982269,arkede/cve-2022,CVE-2022-39412.yaml,85d58fe899cc82888bc8af13b89c2d9804333e9b,CVE-2022-39412
956982269,arkede/cve-2022,CVE-2022-1387.yaml,85d993d035e75dec5c8dc1424b99f2067905ba9b,CVE-2022-1387
956982269,arkede/cve-2022,CVE-2022-3070.yaml,85e4064fa1be0a3e909ce98a99fd9904cadcfbbd,CVE-2022-3070
956982269,arkede/cve-2022,CVE-2022-2891.yaml,85eab0d462651564f32d535d98d99f2b2d9377ba,CVE-2022-2891
956982269,arkede/cve-2022,CVE-2022-0150.yaml,860b0e3375bac26d988232e1d60ac49e31c655f4,CVE-2022-0150
956982269,arkede/cve-2022,CVE-2022-29014_3.yaml,8647f9e159cb2d3cbb110aad6bfeb0047c049f0a,CVE-2022-29014
956982269,arkede/cve-2022,CVE-2022-45833.yaml,86595f8f3b7495369516b75bc0df6d9da815b2c5,CVE-2022-45833
956982269,arkede/cve-2022,CVE-2022-29489.yaml,86896b96b81a32d48fe42c6cf32b20316c5bd88a,CVE-2022-29489
956982269,arkede/cve-2022,CVE-2022-1228.yaml,868e23f83850c660aa172d37a566a453eb35a2b8,CVE-2022-1228
956982269,arkede/cve-2022,CVE-2022-4760.yaml,8693bafdbadfe283c5ec029969c1421bb0315e5d,CVE-2022-4760
956982269,arkede/cve-2022,CVE-2022-39405.yaml,86996c2d3973b9071829dfda0c786c1bdebaa994,CVE-2022-39405
956982269,arkede/cve-2022,CVE-2022-27667.yaml,86b0f2c22fda96842f4900b9a003c7261b74c8b4,CVE-2022-27667
956982269,arkede/cve-2022,CVE-2022-43458.yaml,86b6e35a73243bcf16062beb794ca9913d670c96,CVE-2022-43458
956982269,arkede/cve-2022,CVE-2022-20711.yaml,86d9682a7e8b4e4290f535ba94c2fdccde39dddf,CVE-2022-20711
956982269,arkede/cve-2022,CVE-2022-20711.yaml,86d9682a7e8b4e4290f535ba94c2fdccde39dddf,ZDI-22-416
956982269,arkede/cve-2022,CVE-2022-34298.yaml,86ea53e5e974b536ac85eedad052c6c2027fb7d3,CVE-2022-34298
956982269,arkede/cve-2022,CVE-2022-25493.yaml,86f35d4c9eb5e0288c389cacd3549291e07d2f6d,CVE-2022-25493
956982269,arkede/cve-2022,CVE-2022-0388.yaml,86f8f3911155cd4a584d78ec88fcdc48ac983632,CVE-2022-0388
956982269,arkede/cve-2022,cve-2022-22965-6673.yaml,87031ec054caeea5270d2f77c9fd324ede89ac8e,CVE-2022-22965
956982269,arkede/cve-2022,CVE-2022-34149.yaml,8724803c4bcd646e7d9a3d457c074274e9f502ef,CVE-2022-34149
956982269,arkede/cve-2022,CVE-2022-2351.yaml,875b692cee5847e066370ca061d80badbe93ff51,CVE-2022-2351
956982269,arkede/cve-2022,CVE-2022-24193.yaml,875ed3fb16380acfe76cb2b9163164cb351a5898,CVE-2022-24193
956982269,arkede/cve-2022,CVE-2022-1113.yaml,8785cb5b01acd310b508f094721f101ee6730987,CVE-2022-1113
956982269,arkede/cve-2022,cve-2022-1904(1).yaml,878cedc109686603f3301d41f3d46086cdf56c00,CVE-2022-1904
956982269,arkede/cve-2022,CVE-2022-1549.yaml,8793fab50ac7b0f28457ea8c2f7ee9159f987bfa,CVE-2022-1549
956982269,arkede/cve-2022,CVE-2022-1951.yaml,879537ed4d25b49e17944d5956f5a1f67bbccf6a,CVE-2022-1951
956982269,arkede/cve-2022,CVE-2022-2198.yaml,87980e313361fef3fbf816f1e1afc393f02b8321,CVE-2022-2198
956982269,arkede/cve-2022,CVE-2022-3750.yaml,87a701ae9c270cadf01439c93040054daa9d39a0,CVE-2022-3750
956982269,arkede/cve-2022,CVE-2022-34046_1.yaml,87a97e977d1ebcfde873a2093e6f47feebf86178,CVE-2022-34046
956982269,arkede/cve-2022,CVE-2022-1960.yaml,87c7396bddf47dfa0db42e6ec748ad79eeb236e0,CVE-2022-1960
956982269,arkede/cve-2022,CVE-2022-4324.yaml,87c92909374573424b272b2b12514a87ea4a2ca8,CVE-2022-4324
956982269,arkede/cve-2022,CVE-2022-4973.yaml,87f16af5587ff86e1a0bc1b5c745af6c45e3f5d4,CVE-2022-4973
956982269,arkede/cve-2022,CVE-2022-2260.yaml,87f692e3b049d583a118497df9f9e8135a08c3af,CVE-2022-2260
956982269,arkede/cve-2022,CVE-2022-23881_2.yaml,880a67f64a000fa5000a23d2bfae39502a8a019e,CVE-2022-23881
956982269,arkede/cve-2022,CVE-2022-44354.yaml,8830606ec0d75fdab556cf5367a7c7cad330ad3b,CVE-2022-44354
956982269,arkede/cve-2022,CVE-2022-44291.yaml,8833f5d30c8852c7818215a4cf4ae9a4e85c9fc8,CVE-2022-44291
956982269,arkede/cve-2022,CVE-2022-4714.yaml,88376b07a1378c63f74665dfad2bc8489d805b29,CVE-2022-4714
956982269,arkede/cve-2022,CVE-2022-3249.yaml,8842ff0ebb4c40b0f02090a6d0d3b583e40a45e6,CVE-2022-3249
956982269,arkede/cve-2022,CVE-2022-47945.yaml,88496373c9dfdae8679e685a43d3296cf4eddf97,CVE-2022-47945
956982269,arkede/cve-2022,CVE-2022-1952_2.yaml,884a91f3a99cc1154ffb0687f45f7aa219082e00,CVE-2022-1952
956982269,arkede/cve-2022,CVE-2022-38628.yaml,886aa40ea0f40f51714106e0c71690290c971764,CVE-2022-38628
956982269,arkede/cve-2022,cve-2022-28079-6742.yaml,8875477519e6635f41ecef20b772658c37f0f914,CVE-2022-28079
956982269,arkede/cve-2022,CVE-2022-36394.yaml,88803663e8382d584ed5db89968e65c925d2f368,CVE-2022-36394
956982269,arkede/cve-2022,CVE-2022-31879_3.yaml,888a59d4c5e42380167f3e2db3c98fdb950560af,CVE-2022-31879
956982269,arkede/cve-2022,CVE-2022-23642.yaml,88b8bccf9930056628309bcd8e696aac1d860143,CVE-2022-23642
956982269,arkede/cve-2022,CVE-2022-48012_2.yaml,88c6aeba68aa9e0a5576c1ca6117b2dc857a224d,CVE-2022-48012
956982269,arkede/cve-2022,CVE-2022-25610.yaml,88e416c002f9319f196124a2b36de22c57a2c5e2,CVE-2022-25610
956982269,arkede/cve-2022,CVE-2022-22733_1.yaml,89003df5b937b3ab5ca97bea819a242ba1f8fbee,CVE-2022-22733
956982269,arkede/cve-2022,CVE-2022-0316.yaml,890c8ef8b0a0e9816e5a05b93252aa35a8da0a98,CVE-2022-0316
956982269,arkede/cve-2022,CVE-2022-24129.yaml,8924bbca52935df7225d462f48091a344ddd6499,CVE-2022-24129
956982269,arkede/cve-2022,CVE-2022-41135.yaml,8924d5afee17f0a6d8ebbebd3ec90ab9e856b4c9,CVE-2022-41135
956982269,arkede/cve-2022,CVE-2022-30514_2.yaml,892dfd1758d854716c7c1ea1a608b3254e843813,CVE-2022-30514
956982269,arkede/cve-2022,CVE-2022-21587_1.yaml,893747ed6b1a4fbf2e8f94908b8cb9a69ffb67bb,CVE-2022-21587
956982269,arkede/cve-2022,CVE-2022-2633.yaml,894808da6c62724dc1457caa203d5bb20dc42bdc,CVE-2022-2633
956982269,arkede/cve-2022,CVE-2022-46863.yaml,896660960140c37aa2a8213edd816e277bc9dbcc,CVE-2022-46863
956982269,arkede/cve-2022,CVE-2022-29443.yaml,89713603303a8d4b2a4314ca6a66c2d31a2d1d56,CVE-2022-29443
956982269,arkede/cve-2022,CVE-2022-1845.yaml,8977b2d122add10546d48d9249b7203a21957fef,CVE-2022-1845
956982269,arkede/cve-2022,CVE-2022-29427.yaml,89839d3e8ae67c0cf7b5cd2e7a6fbdbdb723d4f6,CVE-2022-29427
956982269,arkede/cve-2022,CVE-2022-37335.yaml,89888f317d78bba603e4b05a2c33bc294fdf0bb0,CVE-2022-37335
956982269,arkede/cve-2022,CVE-2022-29416.yaml,899186cce1bbf09a7e45dc45ee58a48ba013121f,CVE-2022-29416
956982269,arkede/cve-2022,CVE-2022-40797.yaml,8998be4ea5c06d384b9592ad3a67bd6080d6e412,CVE-2022-40797
956982269,arkede/cve-2022,CVE-2022-42094_3.yaml,8998f04a44f0902657500bacd4dd10e3b327a184,CVE-2022-42094
956982269,arkede/cve-2022,CVE-2022-43121.yaml,89a0e7ed028d27fcbdf513c410c38c6943e04c38,CVE-2022-43121
956982269,arkede/cve-2022,CVE-2022-0599_4.yaml,89a3a610532b5d38a9b5515691adfbcdda6ee3bd,CVE-2022-0599
956982269,arkede/cve-2022,CVE-2022-22536_2.yaml,89e2dee9f77ba6c6e22b052d2a8c09209bc56622,CVE-2022-22536
956982269,arkede/cve-2022,CVE-2022-23981.yaml,89e8549fab16a1421a311193dbd3e717af5457ad,CVE-2022-23981
956982269,arkede/cve-2022,CVE-2022-25603.yaml,89ec69eed85c1dcb9d48b65b8f16512bc0b16052,CVE-2022-25603
956982269,arkede/cve-2022,cve-2022-30525-6755.yaml,8a15304028ea870b1dc9b1bbeb8e92a4b4974c4b,CVE-2022-30525
956982269,arkede/cve-2022,cve-2022-23131-6678.yaml,8a56daa7f35aaa391d58f98c6f6f8c6c6e001f6f,CVE-2022-23131
956982269,arkede/cve-2022,CVE-2022-44949_1.yaml,8a5933d5146e24635a69f07aca8987dbbf68b04d,CVE-2022-44949
956982269,arkede/cve-2022,CVE-2022-1557.yaml,8aba8e9a0b03aa6f069578730ff8def71ce87c53,CVE-2022-1557
956982269,arkede/cve-2022,CVE-2022-31814_1.yaml,8accdf77652c1c95ff6907d738c3aa41def005ab,CVE-2022-31814
956982269,arkede/cve-2022,CVE-2022-0595(1).yaml,8aecbfbd75ceec7614121fd8c1fc393892b587bf,CVE-2022-0595
956982269,arkede/cve-2022,CVE-2022-47442.yaml,8af002185d2655c76fa60e7ed68984dbcd1026eb,CVE-2022-47442
956982269,arkede/cve-2022,cve-2022-27849-6741.yaml,8af798e5bea7414c81787ace904ee77613efbe31,CVE-2022-27849
956982269,arkede/cve-2022,CVE-2022-25952.yaml,8af801fd98c8d81ff3323cabb23d70730aaa3857,CVE-2022-25952
956982269,arkede/cve-2022,CVE-2022-21552.yaml,8b032f5391e0a49f0447e9c0396792dc473e84c7,CVE-2022-21552
956982269,arkede/cve-2022,CVE-2022-0141.yaml,8b16710ded5ecb1cbaec904f775cbb8937d53883,CVE-2022-0141
956982269,arkede/cve-2022,CVE-2022-3908.yaml,8b1c786447435fed8d8f7a4ce42f61b7f14cf9b5,CVE-2022-3908
956982269,arkede/cve-2022,CVE-2022-37042_4.yaml,8b2822ec06d4ac35cf69238de93928beed73d052,CVE-2022-27925
956982269,arkede/cve-2022,CVE-2022-37042_4.yaml,8b2822ec06d4ac35cf69238de93928beed73d052,CVE-2022-37042
956982269,arkede/cve-2022,CVE-2022-4148.yaml,8b37e9ffd6717786a8efdc4cb385b532e892f537,CVE-2022-4148
956982269,arkede/cve-2022,CVE-2022-45362_3.yaml,8b38771a9d554ed3e0813063295cc0113aaf3beb,CVE-2022-45362
956982269,arkede/cve-2022,CVE-2022-3865.yaml,8b7186e9eb7791201bbceb5f7032e162404c62f8,CVE-2022-3865
956982269,arkede/cve-2022,CVE-2022-2431.yaml,8bac9bf54706400468caf1dbc9bb517b7a125d65,CVE-2022-2431
956982269,arkede/cve-2022,CVE-2022-40843_1.yaml,8bc752ac003ba35c99f030c6bec4987647ecc360,CVE-2022-40843
956982269,arkede/cve-2022,CVE-2022-4570.yaml,8bcd395e8c19e396b31a00004c9b1884360200f0,CVE-2022-4570
956982269,arkede/cve-2022,CVE-2022-42247.yaml,8bcea4af983739a24067cd02d614f889bebc60fc,CVE-2022-42247
956982269,arkede/cve-2022,CVE-2022-1152.yaml,8bdfb7e21f7fab992c3e299d9f8fac1a31ba59ce,CVE-2022-1152
956982269,arkede/cve-2022,CVE-2022-4551.yaml,8be03ef5b2fab8d71d36e1f0e6d91a47ec5dbc70,CVE-2022-4551
956982269,arkede/cve-2022,CVE-2022-27593.yaml,8c024b7a5b04e36fb745a1bb37f10dd245199880,CVE-2022-27593
956982269,arkede/cve-2022,cve-2022-0540.yaml,8c0e7e5823d53e816228a242674a2788e75f62ec,CVE-2022-0540
956982269,arkede/cve-2022,CVE-2022-2467_1.yaml,8c177232bacaa6d592aac6d3c5eafd606aa45d4f,CVE-2022-2467
956982269,arkede/cve-2022,CVE-2022-4325_1.yaml,8c253026191883180a4f50e6a1b361877c4b788a,CVE-2022-4325
956982269,arkede/cve-2022,CVE-2022-30489.yaml,8c426c59b927cb0d3443f881f76f7b3c06e7e5eb,CVE-2022-30489
956982269,arkede/cve-2022,cve-2022-28363-6744.yaml,8c5a5fd8a21c91837630613f0747151315b76328,CVE-2022-28363
956982269,arkede/cve-2022,cve-2022-28363-6744.yaml,8c5a5fd8a21c91837630613f0747151315b76328,GHSA-RPVC-QGRM-R54F
956982269,arkede/cve-2022,CVE-2022-32019.yaml,8c81a62fe9470ebe0896a46bc71f580a7e028f8c,CVE-2022-32019
956982269,arkede/cve-2022,CVE-2022-2340.yaml,8cbcd3b3ffc341a55aa95de1a0dfe2bb5aefaf8f,CVE-2022-2340
956982269,arkede/cve-2022,CVE-2022-23975.yaml,8cc3f07076f6cbcb88e45545380686d009fc50bd,CVE-2022-23975
956982269,arkede/cve-2022,CVE-2022-1685.yaml,8cf464c864601bcaf86c703a5671f4137152407c,CVE-2022-1685
956982269,arkede/cve-2022,CVE-2022-47601.yaml,8d0e4dd7447982fc223a9891c3bd9928e255447c,CVE-2022-47601
956982269,arkede/cve-2022,CVE-2022-23178.yaml,8d4066dbc470b81a08e026c16466b14c679c373f,CVE-2022-23178
956982269,arkede/cve-2022,CVE-2022-22274.yaml,8d4f0530b81be06bbcf603729c0926999bd410cd,CVE-2022-22274
956982269,arkede/cve-2022,CVE-2022-22274.yaml,8d4f0530b81be06bbcf603729c0926999bd410cd,CVE-2023-0656
956982269,arkede/cve-2022,CVE-2022-39986_1.yaml,8d52d2c613445e9f49cb6aacecf0f7a868a22b54,CVE-2022-39986
956982269,arkede/cve-2022,CVE-2022-4112.yaml,8d84b03d2c54ad486101b65f52ab9885ae5b08ae,CVE-2022-4112
956982269,arkede/cve-2022,cve-2022-1020(1)_1.yaml,8d89b479fdaaa25d2310f1eebe00c0acd1476cfc,CVE-2022-1020
956982269,arkede/cve-2022,CVE-2022-41443.yaml,8dd89b9529d028a288441084c426ae1e888de640,CVE-2022-41443
956982269,arkede/cve-2022,CVE-2022-30781.yaml,8dea6e3d34167de0aace1206870e89fd30fee936,CVE-2022-30781
956982269,arkede/cve-2022,CVE-2022-40192.yaml,8df7a37145428ee4f95aea23d7507e5ef65e27be,CVE-2022-40192
956982269,arkede/cve-2022,CVE-2022-1036.yaml,8e1e742ee90902343f2adfb685edbbf751377fce,CVE-2022-1036
956982269,arkede/cve-2022,CVE-2022-20713.yaml,8e20131c0381d09c494bb83c45ee57fba3bb3bdd,CVE-2022-20713
956982269,arkede/cve-2022,CVE-2022-1906_3.yaml,8e4c08dac5e80cf0a049f75fa23f714d8e745a3d,CVE-2022-1906
956982269,arkede/cve-2022,CVE-2022-41612.yaml,8e609a5a33bbf6e9c646cb1df2a42aa025aa84ef,CVE-2022-41612
956982269,arkede/cve-2022,CVE-2022-28079.yaml,8e9d4f1d2b811c55122033a979a4a7c56fddb53b,CVE-2022-28079
956982269,arkede/cve-2022,CVE-2022-0745.yaml,8ebf5f46a364c0a037dc57b649356015ef664155,CVE-2022-0745
956982269,arkede/cve-2022,CVE-2022-36418.yaml,8ec4fcf4ffe03c63e8390ad1e3326a4c5b2eded9,CVE-2022-36418
956982269,arkede/cve-2022,CVE-2022-0948_2.yaml,8ec7ca928eead78d9c72e291c4fdf8bef21aaace,CVE-2022-0948
956982269,arkede/cve-2022,CVE-2022-4502.yaml,8ecc01d5d37ac2136bd3e960cfeb1a327a8b9e54,CVE-2022-4502
956982269,arkede/cve-2022,CVE-2022-1298.yaml,8f03b4da6451f760a0ee7f3b94c5d8db513acd4e,CVE-2022-1298
956982269,arkede/cve-2022,CVE-2022-23980.yaml,8f0c604a898542ca3251131de486c64d07b27f19,CVE-2022-23980
956982269,arkede/cve-2022,cve-2022-26148-6730.yaml,8f115417df87fa9aae95ca5088931ca5241d34de,CVE-2022-26148
956982269,arkede/cve-2022,CVE-2022-29005.yaml,8f223dbba725843b2a8c98b18ff89f1e77d3641a,CVE-2022-29005
956982269,arkede/cve-2022,CVE-2022-30690.yaml,8f4de3eab66a1d4e112b4d6381c978295e54d17b,CVE-2022-30690
956982269,arkede/cve-2022,CVE-2022-26138_1.yaml,8f4ea6e6a71c98a0b7f4d0fa4a0be308e217f765,CVE-2022-26138
956982269,arkede/cve-2022,CVE-2022-2554.yaml,8f5e0c42848a2ca73c4996bd18f36151a2ad0462,CVE-2022-2554
956982269,arkede/cve-2022,CVE-2022-2245.yaml,8f66aa7c56ef975b975b86015e5220cc255df481,CVE-2022-2245
956982269,arkede/cve-2022,CVE-2022-1818.yaml,8f67e5ca2397323c9ccc0ae84b07940aab5ecc84,CVE-2022-1818
956982269,arkede/cve-2022,CVE-2022-47966.yaml,8f7e39abe63d5c7b3a14d0495cd93d1824b72a89,CVE-2022-47966
956982269,arkede/cve-2022,CVE-2022-43014.yaml,8f819397d794f798abd726e939834f24b6d4eb1f,CVE-2022-43014
956982269,arkede/cve-2022,CVE-2022-28612.yaml,8f8fa3fc787298d022cc99ef4bf4a8debc17e61d,CVE-2022-28612
956982269,arkede/cve-2022,CVE-2022-2299.yaml,8f928b809e5d0ecf7dae29f1204c4ec637b7beba,CVE-2022-2299
956982269,arkede/cve-2022,CVE-2022-38296_3.yaml,8f9962e7342f635b3761cfa94bf99c54d5025227,CVE-2022-38296
956982269,arkede/cve-2022,CVE-2022-0817_1.yaml,8fa5d00366d77bc4d8b625278bad90e924b48448,CVE-2022-0817
956982269,arkede/cve-2022,CVE-2022-3141.yaml,8fb79fed9035c99519e486fda97540ab0953ffe4,CVE-2022-3141
956982269,arkede/cve-2022,cve-2022-22963-6671.yaml,8fb899e390c290fa0b498bc35e1a710fd365b9d5,CVE-2022-22963
956982269,arkede/cve-2022,CVE-2022-45848.yaml,8fcf1313613d9ecd3a164e10b491af578a1a3a39,CVE-2022-45848
956982269,arkede/cve-2022,CVE-2022-2540.yaml,8fd57ccdb73618a4e94263673050ec65f392b487,CVE-2022-2540
956982269,arkede/cve-2022,CVE-2022-2981.yaml,8fd5b9669137b0ebe5c763f0c83bf22951c50130,CVE-2022-2981
956982269,arkede/cve-2022,CVE-2022-45377.yaml,8ffc5caebe69295892964bd116dcf0c04c75178e,CVE-2022-45377
956982269,arkede/cve-2022,CVE-2022-4447_2.yaml,8ffefb4f26c3fcfeaf9ff0909e7255c4ec8556d1,CVE-2022-4447
956982269,arkede/cve-2022,CVE-2022-1046.yaml,902d09f29b9425ca6d6241eb40464e20d615233e,CVE-2022-1046
956982269,arkede/cve-2022,CVE-2022-42096.yaml,902e5d37a299bdc52c6d03fa84cee7484a1cfa46,CVE-2022-42096
956982269,arkede/cve-2022,CVE-2022-4835.yaml,903c34f892e0fa762d133b481e14125ce95e03ee,CVE-2022-4835
956982269,arkede/cve-2022,CVE-2022-22735.yaml,909c9ac9e9ad601b6f2a2a257c60a9d7cdef17b7,CVE-2022-22735
956982269,arkede/cve-2022,CVE-2022-33970.yaml,90a13d7bf4f8cc80fdee4e208ad4027641a73f22,CVE-2022-33970
956982269,arkede/cve-2022,cve-2022-0281.yaml,90a860aa40a3f483e433bfa67f7ccdac70769323,CVE-2022-0281
956982269,arkede/cve-2022,CVE-2022-46405.yaml,90b9f2a5dbccbcdf1586bb456e1afd17fe5b4283,CVE-2022-46405
956982269,arkede/cve-2022,CVE-2022-47142.yaml,90c6e0e8362d60a0837ea7a147d6e3185c09cdd9,CVE-2023-0294
956982269,arkede/cve-2022,CVE-2022-47142.yaml,90c6e0e8362d60a0837ea7a147d6e3185c09cdd9,CVE-2022-47142
956982269,arkede/cve-2022,CVE-2022-45827.yaml,90eaf03097844fbbc9ee5aea123a28d5dfdd2997,CVE-2022-45827
956982269,arkede/cve-2022,CVE-2022-36401.yaml,90f8cce49a0b81e0c5ff9c18252e529b7fef3b32,CVE-2022-36401
956982269,arkede/cve-2022,CVE-2022-3691.yaml,90fdb5595f9c349b1cff87ca122c1182432be7b1,CVE-2022-3691
956982269,arkede/cve-2022,CVE-2022-4029.yaml,911bd1cd868d252078790fd60fb01053475f3b43,CVE-2022-4029
956982269,arkede/cve-2022,CVE-2022-47140.yaml,91264a2b333d93fba4eed17bb027b389972fe850,CVE-2022-47140
956982269,arkede/cve-2022,CVE-2022-2864.yaml,912c591c0136706308b059b7b2d560e4093526d3,CVE-2022-2864
956982269,arkede/cve-2022,CVE-2022-31879_1.yaml,9151c35fc3ea67d7d33d34f434ad39039edb0c98,CVE-2022-31879
956982269,arkede/cve-2022,CVE-2022-4395.yaml,916462b6d49bfa8c7e9d8d7fc62296568d2fd695,CVE-2022-4395
956982269,arkede/cve-2022,CVE-2022-41781.yaml,91665a001fc590d475719c4414234aa468a61018,CVE-2022-41781
956982269,arkede/cve-2022,cve-2022-30525.yaml,9179e5cc3d1a5da207f0175b77b8f3e964cb868d,CVE-2022-30525
956982269,arkede/cve-2022,CVE-2022-2941.yaml,918473925786c904e7aadff6f6e041956751f067,CVE-2022-2941
956982269,arkede/cve-2022,CVE-2022-40191.yaml,9189132a890257623322b7ed5a73a06fce5cd19c,CVE-2022-40191
956982269,arkede/cve-2022,CVE-2022-1952.yaml,918b411866f9eb6f409bebbd48b832eddbb3cafd,CVE-2022-1952
956982269,arkede/cve-2022,CVE-2022-45360.yaml,9193a42493d470c6280ff516b9b29bf2aedf973f,CVE-2022-45360
956982269,arkede/cve-2022,CVE-2022-36388.yaml,91b5b5860ea4c670081f433d53473d44cbdb6f9f,CVE-2022-36388
956982269,arkede/cve-2022,CVE-2022-27228.yaml,91cf342f6b0dff3820e6879a9057a1784d8bc203,CVE-2022-27228
956982269,arkede/cve-2022,CVE-2022-2325.yaml,91ef6cfce3a5abc3c23f8055647bd392fa002173,CVE-2022-2325
956982269,arkede/cve-2022,CVE-2022-41155.yaml,91f447f455635b32d0f59f1d2e5e77e0543fb704,CVE-2022-41155
956982269,arkede/cve-2022,CVE-2022-1323.yaml,92326e7364dd60ebf1f967df93a6a9e815693352,CVE-2022-1323
956982269,arkede/cve-2022,CVE-2022-0598.yaml,9241968fd0e808b403af09b814718bf379cd8383,CVE-2022-0598
956982269,arkede/cve-2022,CVE-2022-25599.yaml,9251428574fa971df2fa00984165c085669b8c1c,CVE-2022-25599
956982269,arkede/cve-2022,CVE-2022-46071_2.yaml,925a37f307139ce11d93e0485f15d63771038b5f,CVE-2022-46071
956982269,arkede/cve-2022,CVE-2022-0448.yaml,92636ecaf4f183ae69add70b5eeeb6321f6b4ff9,CVE-2022-0448
956982269,arkede/cve-2022,cve-2022-31373.yaml,92694aea6b5481280c53fb2df03ac2617ae14aad,CVE-2022-31373
956982269,arkede/cve-2022,CVE-2022-2940.yaml,926d15b14e54f66daab20e47b44bcfdc6ab05be1,CVE-2022-2940
956982269,arkede/cve-2022,CVE-2022-39048.yaml,926ff888d3fae2076772aedbb2a57a1b521b8019,CVE-2022-39048
956982269,arkede/cve-2022,CVE-2022-31845_3.yaml,9278e256086a474d9d9d699d29675486a97bde7a,CVE-2022-30489
956982269,arkede/cve-2022,CVE-2022-31845_3.yaml,9278e256086a474d9d9d699d29675486a97bde7a,CVE-2022-31845
956982269,arkede/cve-2022,CVE-2022-34049_1.yaml,9287d9c8bcb512fd8125c248d20073b3be4a296a,CVE-2022-34049
956982269,arkede/cve-2022,CVE-2022-21548.yaml,929a1b17ac4661f6001b1c7736554069352a8898,CVE-2022-21548
956982269,arkede/cve-2022,CVE-2022-2733_3.yaml,92aa63d0c58b9e7fab3a62020c043e09ea5dfc49,CVE-2022-2733
956982269,arkede/cve-2022,CVE-2022-31975.yaml,92ac01fe78d5f567f76daa0f604e1ba34b8f74c4,CVE-2022-31975
956982269,arkede/cve-2022,CVE-2022-3334.yaml,92b0f2ffb108c673931da0d5ed5b106c321de99d,CVE-2022-3334
956982269,arkede/cve-2022,CVE-2022-45362_2.yaml,92c34c9ec63800a140bbac5e9402f3dc725b58d7,CVE-2022-45362
956982269,arkede/cve-2022,CVE-2022-40205.yaml,92d79372b06524c915f532dd8c82f6a7089c9dc8,CVE-2022-40205
956982269,arkede/cve-2022,cve-2022-23178-6686.yaml,92eb254b8bb6c5ecc8bc91471b206eaa9267e4cd,CVE-2022-23178
956982269,arkede/cve-2022,CVE-2022-34753_2.yaml,92f76f9bcdc43baee8494459a0260da840b64e5a,CVE-2022-34753
956982269,arkede/cve-2022,CVE-2022-35882.yaml,93035dba05e9c6615f260739fbeaa15bc21b8af8,CVE-2022-35882
956982269,arkede/cve-2022,CVE-2022-29710.yaml,930dec07a4558f4972cf8c21515523d6389cf317,CVE-2022-29710
956982269,arkede/cve-2022,CVE-2022-47162.yaml,9330df85f51c82472f5c1c4e8f7cfc35015cca09,CVE-2022-47162
956982269,arkede/cve-2022,CVE-2022-37042_3.yaml,933a8d7c7d0c7a08d41723ca59003b45a53e8b62,CVE-2022-37042
956982269,arkede/cve-2022,CVE-2022-37042_3.yaml,933a8d7c7d0c7a08d41723ca59003b45a53e8b62,CVE-2022-27925
956982269,arkede/cve-2022,CVE-2022-44734.yaml,934246d5aa479cf9b89ca1ccf4f05bef2aa29aae,CVE-2022-44734
956982269,arkede/cve-2022,CVE-2022-0683.yaml,9347483b61f7d4ff322205b9f877454e63f3baf0,CVE-2022-0683
956982269,arkede/cve-2022,CVE-2022-0267.yaml,935d978a5388cb174f7dcdc56c45eedfd3b6cb27,CVE-2022-0267
956982269,arkede/cve-2022,CVE-2022-0875.yaml,937702f27ef5c0c6a149f147e650ae8e16973588,CVE-2022-0875
956982269,arkede/cve-2022,CVE-2022-32222.yaml,9389ef0ae9a823b50083ea9eeba2b4f24b7e3f95,CVE-2022-32222
956982269,arkede/cve-2022,CVE-2022-3794.yaml,9393ffce183cfa4247b3feaaec527dba2dd7318c,CVE-2022-3794
956982269,arkede/cve-2022,CVE-2022-44634.yaml,93b8cd42799a68beceda81f5b9fbdc732d67c851,CVE-2022-44634
956982269,arkede/cve-2022,CVE-2022-38073.yaml,93b9676c3c3db6d39d936e45d99650b7e12626f9,CVE-2022-38073
956982269,arkede/cve-2022,cve-2022-2290.yaml,93c07a7547e20d812ec62997ebd029015269bf8b,CVE-2022-2290
956982269,arkede/cve-2022,CVE-2022-21705_3.yaml,93f235db04381b8c3ef7c8bee1c1a7597df82640,GHSA-79JW-2F46-WV22
956982269,arkede/cve-2022,CVE-2022-21705_3.yaml,93f235db04381b8c3ef7c8bee1c1a7597df82640,CVE-2022-21705
956982269,arkede/cve-2022,CVE-2022-0255.yaml,94057231f0617d48ab43a38f84b21bb419287f19,CVE-2022-0255
956982269,arkede/cve-2022,CVE-2022-4209.yaml,9406754fe33ceebd19cf9a845d0f9d7c2d379b1d,CVE-2022-4209
956982269,arkede/cve-2022,CVE-2022-36345.yaml,94150df5bd60f28623534c86851388ba9a1a3c48,CVE-2022-36345
956982269,arkede/cve-2022,CVE-2022-39960_1.yaml,942b751c80ffb578f36fa28d0880f21988a10e19,CVE-2022-39960
956982269,arkede/cve-2022,CVE-2022-29349.yaml,942f43531e572a170a6efe9f473c14c10c7613b6,CVE-2022-29349
956982269,arkede/cve-2022,CVE-2022-0440.yaml,943a9c460d38e9007fe0bb9699335c6bed4227b7,CVE-2022-0440
956982269,arkede/cve-2022,CVE-2022-1937_3.yaml,944a13181fa9d84210406aa8f763228432638820,CVE-2022-1937
956982269,arkede/cve-2022,CVE-2022-47438.yaml,944d95938bf50aa37dba9a7dd606473dcaaeb510,CVE-2022-47438
956982269,arkede/cve-2022,CVE-2022-0693_1.yaml,9481255b4a7f4d487435a77ce0f66b0c9d687d4b,CVE-2022-0693
956982269,arkede/cve-2022,CVE-2022-28219.yaml,9484c92c7179312ea9aa0b6f3d8a3e5f5b31ca3a,CVE-2022-28219
956982269,arkede/cve-2022,CVE-2022-1388.yaml,94a130e3b29a43181f8c14b6556ca713cbd363bb,CVE-2022-1388
956982269,arkede/cve-2022,CVE-2022-3922.yaml,94b59d4124e9336e8ae2c11e0b60f9bc7ae10626,CVE-2022-3922
956982269,arkede/cve-2022,CVE-2022-2654.yaml,94c1d4895dc06113668331980ed954773604962e,CVE-2022-2654
956982269,arkede/cve-2022,CVE-2022-28021.yaml,94cbc865d1f8e59098cbf4eda3b89ede5a661840,CVE-2022-28021
956982269,arkede/cve-2022,CVE-2022-1828.yaml,94d820b0d439017046b65eaa85a066b752b6d4bb,CVE-2022-1828
956982269,arkede/cve-2022,cve-2022-33174(1).yaml,94f0373625baf86907b984ab839e0bc3df1c4b4f,CVE-2022-33174
956982269,arkede/cve-2022,CVE-2022-45816.yaml,94fee3a0ef2a0ded6b81922e7da6320068074cd2,CVE-2022-45816
956982269,arkede/cve-2022,cve-2022-25216-6720.yaml,9500663ff2bb8bd92b18ab0ccd693596bf063f35,CVE-2022-25216
956982269,arkede/cve-2022,CVE-2022-29437.yaml,9537bb532f4381f8791d7e04d2d8e020e80d76ee,CVE-2022-29437
956982269,arkede/cve-2022,CVE-2022-21631.yaml,954573cef6e3307032071a2263d4ba61bc076785,CVE-2022-21631
956982269,arkede/cve-2022,CVE-2022-30489_1.yaml,954c3da7e90c4543197ce770393cb219738a0c9c,CVE-2022-30489
956982269,arkede/cve-2022,CVE-2022-1574_2.yaml,955cbe32280dbf5aa2b6bff5a43d73711ff29639,CVE-2022-1574
956982269,arkede/cve-2022,CVE-2022-3689.yaml,95749d04b6e68fd6853935d5df491a7ddbb6a4f3,CVE-2022-3689
956982269,arkede/cve-2022,CVE-2022-2050.yaml,959c6132d4c2018f98f0697c5557ded90ed63bf7,CVE-2022-2050
956982269,arkede/cve-2022,CVE-2022-31879.yaml,95a3dfeae87933702e34ddf3c4f32c14c714f96c,CVE-2022-31879
956982269,arkede/cve-2022,cve-2022-0378-6625.yaml,95d7554da8d1eaaa898389065f939ba6ee9299e8,CVE-2022-0378
956982269,arkede/cve-2022,CVE-2022-4788.yaml,95e40ebd049c5cb58b77846f6eae26609ef09714,CVE-2022-4788
956982269,arkede/cve-2022,CVE-2022-2382.yaml,95f3b6a4b0d5b4359a795a645718ab3215b51b35,CVE-2022-2382
956982269,arkede/cve-2022,cve-2022-34046(1).yaml,95f94192b6aff21fa37d50478b1284e23acc4ac1,CVE-2022-34046
956982269,arkede/cve-2022,CVE-2022-1986.yaml,9610febd69fc46f8ea0c49a767acf4478ccd851a,CVE-2022-1986
956982269,arkede/cve-2022,CVE-2022-43014_2.yaml,96115507ed4cfc2a740caeed1fc686584af75779,CVE-2022-43014
956982269,arkede/cve-2022,CVE-2022-4649.yaml,96571ad17a06c179d4cee98a0b1f2203e8fc19fd,CVE-2022-4649
956982269,arkede/cve-2022,CVE-2022-2099.yaml,9660eabcf42666ed2ac39d6b9374a1ed6c220903,CVE-2022-2099
956982269,arkede/cve-2022,CVE-2022-40022_2.yaml,968f886d14011acefd840d1750585b527ad00333,CVE-2022-40022
956982269,arkede/cve-2022,CVE-2022-3945.yaml,9694dce3f875849c2f8dbe2b561beeeb45d9737e,CVE-2022-3945
956982269,arkede/cve-2022,cve-2022-0149-6608.yaml,969bb73402c727fa97120e87d968de943b344a6e,CVE-2022-0149
956982269,arkede/cve-2022,CVE-2022-28955.yaml,96a712d55673b978c1365c2effc3a2a69b063195,CVE-2022-28955
956982269,arkede/cve-2022,cve-2022-0963(1).yaml,96ad5a64084f5c27f16d8157770e72d99b9ddeb9,CVE-2022-0963
956982269,arkede/cve-2022,cve-2022-0963(1).yaml,96ad5a64084f5c27f16d8157770e72d99b9ddeb9,GHSA-Q3X2-JVP3-WJ78
956982269,arkede/cve-2022,CVE-2022-1903_1.yaml,96bbf0625bc78c4902991b6fd1aaba1e835833ab,CVE-2022-1903
956982269,arkede/cve-2022,CVE-2022-29354.yaml,96bf05ba94990127614f3ff26847af5b335cdd6d,CVE-2022-29354
956982269,arkede/cve-2022,CVE-2022-22947.yaml,96cc17d876bf20cba3133dae321843fee68bf39e,CVE-2022-22947
956982269,arkede/cve-2022,CVE-2022-47183.yaml,96e18ae803a4916abbfb215f904afe6d897ee126,CVE-2022-47183
956982269,arkede/cve-2022,CVE-2022-45846.yaml,96e27a8c002ed7e07c50bdd2d91657e65c54686c,CVE-2022-45846
956982269,arkede/cve-2022,CVE-2022-2555.yaml,96f5f81c925d65b8d35a25ee05b2290473566ce3,CVE-2022-2555
956982269,arkede/cve-2022,CVE-2022-47143.yaml,9707ca9c8f3f8b40d9f570ac20660d6750fac51c,CVE-2022-47143
956982269,arkede/cve-2022,CVE-2022-3891.yaml,971c5ae23c43c4ce75736bc7f97e381a91004778,CVE-2022-3891
956982269,arkede/cve-2022,CVE-2022-44584.yaml,973526fb28af82ac085ba4fc6e2153560e8436ff,CVE-2022-44584
956982269,arkede/cve-2022,CVE-2022-34590_1.yaml,976120387598d43ed2f73139b0b4b0e641cdeff3,CVE-2022-34590
956982269,arkede/cve-2022,CVE-2022-2563.yaml,976326cb816e1fed09ccc1ec197512b7be304cf2,CVE-2022-2563
956982269,arkede/cve-2022,CVE-2022-47420.yaml,976b3b6550ff9bc65de49fa4378c5e5453bf25a8,CVE-2022-47420
956982269,arkede/cve-2022,CVE-2022-0389.yaml,9772532aae36407086b474babbd5a40b16990426,CVE-2022-0389
956982269,arkede/cve-2022,CVE-2022-2278.yaml,977cf148928be997cd43b2aaae8a118ae2292ac0,CVE-2022-2278
956982269,arkede/cve-2022,CVE-2022-35151_4.yaml,978b3c6810924b5f22151bae4a6391ee603ca8f8,CVE-2022-35151
956982269,arkede/cve-2022,cve-2022-27849.yaml,97aa8073fe3a8568903eb3a71c29bd8d85b791eb,CVE-2022-27849
956982269,arkede/cve-2022,cve-2022-28365.yaml,97aec078f0a34d06bf8e10d75966bb58d97aebdc,CVE-2022-28365
956982269,arkede/cve-2022,cve-2022-28365.yaml,97aec078f0a34d06bf8e10d75966bb58d97aebdc,GHSA-4G2V-6X25-VR7P
956982269,arkede/cve-2022,CVE-2022-31499_2.yaml,97aecb8eaf53137a2b6647038491dcf94d884126,CVE-2019-7256
956982269,arkede/cve-2022,CVE-2022-31499_2.yaml,97aecb8eaf53137a2b6647038491dcf94d884126,CVE-2022-31499
956982269,arkede/cve-2022,CVE-2022-29006_1.yaml,97e95e951b1dbaa68b2786088718ea52b82c7795,CVE-2022-29006
956982269,arkede/cve-2022,CVE-2022-28022_4.yaml,97f150842c945714cc61988147fb2824a88317e5,CVE-2022-28022
956982269,arkede/cve-2022,CVE-2022-4063.yaml,9810c272e4310dd8afab4f706beb176eb15c3c5a,CVE-2022-4063
956982269,arkede/cve-2022,CVE-2022-2538.yaml,9857321d03068860a2eea0102a2b3c89762a46fc,CVE-2022-2538
956982269,arkede/cve-2022,cve-2022-24260-6709.yaml,986c21cbd081abc86d86a68e7b9a93c91f3d29c9,CVE-2022-24260
956982269,arkede/cve-2022,CVE-2022-46848.yaml,987b45409070a54492037eae638f2549eee0b199,CVE-2022-46848
956982269,arkede/cve-2022,CVE-2022-40310.yaml,9887d707d69dad4e6919060cb4da1ca6c7eaad2f,CVE-2022-40310
956982269,arkede/cve-2022,CVE-2022-1407.yaml,988bccc1943269de74a441c8f4d557a878eae999,CVE-2022-1407
956982269,arkede/cve-2022,CVE-2022-46820.yaml,988ea3cecb82b33106ec729f056c9abee92be17b,CVE-2022-46820
956982269,arkede/cve-2022,CVE-2022-2487_1.yaml,98a4953634be719376abf25d3e06085041d95ba4,CVE-2022-2487
956982269,arkede/cve-2022,CVE-2022-4932.yaml,98c0067fcdfc47c4d59cf90cb06640da3cb6782b,CVE-2022-4932
956982269,arkede/cve-2022,CVE-2022-45205.yaml,98c4c8af92347956cef2d72166463ae526fa987d,CVE-2022-45205
956982269,arkede/cve-2022,CVE-2022-23223.yaml,98d1d812cf0fa508574ea4c82be891df965dd160,CVE-2022-23223
956982269,arkede/cve-2022,CVE-2022-29414.yaml,9908140d1c496ee7545e5c41d4eb308b943602a6,CVE-2022-29414
956982269,arkede/cve-2022,CVE-2022-34658.yaml,9926eed9c1da073cbf3242737544cf017355afad,CVE-2022-34658
956982269,arkede/cve-2022,CVE-2022-0818.yaml,9931bdd5002a3756b3c598d7ec688b66729cf78b,CVE-2022-0818
956982269,arkede/cve-2022,CVE-2022-1221(1).yaml,9938bf9d8ecc601c6aabb1845a3b78df90616518,CVE-2022-1221
956982269,arkede/cve-2022,CVE-2022-41903.yaml,994a37041d0f0b9f6d99548804291b7c75610e77,CVE-2022-23521
956982269,arkede/cve-2022,CVE-2022-41903.yaml,994a37041d0f0b9f6d99548804291b7c75610e77,CVE-2022-41903
956982269,arkede/cve-2022,CVE-2022-41903.yaml,994a37041d0f0b9f6d99548804291b7c75610e77,CVE-2022-41953
956982269,arkede/cve-2022,CVE-2022-41903.yaml,994a37041d0f0b9f6d99548804291b7c75610e77,GHSA-475X-2Q3Q-HVWQ
956982269,arkede/cve-2022,CVE-2022-45803.yaml,9954e2ffa3757988e3fd855095ee3a47fce52bbf,CVE-2022-45803
956982269,arkede/cve-2022,CVE-2022-0236.yaml,9980f9ff9783c9f1071e96805940fb1e4d75e4d6,CVE-2022-0236
956982269,arkede/cve-2022,CVE-2022-42110.yaml,99979c95990b3d1e77ce86a5d05675d59cc78197,CVE-2022-42110
956982269,arkede/cve-2022,CVE-2022-34045.yaml,999c395a22a19461eacf5d5287a8d45d83d7521b,CVE-2022-34045
956982269,arkede/cve-2022,CVE-2022-29618.yaml,99c4d4b4d59e05e5e39693f447ebfe9942ac006a,CVE-2022-29618
956982269,arkede/cve-2022,CVE-2022-29435.yaml,99c82391dc9f8585cab474772fc3150c6a027124,CVE-2022-29435
956982269,arkede/cve-2022,CVE-2022-1574.yaml,99de2c5d69b8852111c7fac5c7d3631418c1079b,CVE-2022-1574
956982269,arkede/cve-2022,CVE-2022-47003.yaml,99ebcf47e06d545473175d101761f07cf5063d1b,CVE-2022-47003
956982269,arkede/cve-2022,CVE-2022-42096_3.yaml,99f67babd0c09aaa7b0d2ba5a0e1fafea9560422,CVE-2022-42096
956982269,arkede/cve-2022,CVE-2022-0679_2.yaml,99f873255fd5936bfa53bbedf6ecd9b3ee06da70,CVE-2022-0679
956982269,arkede/cve-2022,cve-2022-31268(1).yaml,9a02698c6f6f9bc20c61775dc3988bb36bae548f,CVE-2022-31268
956982269,arkede/cve-2022,CVE-2022-32294.yaml,9a0a859941097b3cea963ae66dfa47f8a7b486ca,CVE-2022-32294
956982269,arkede/cve-2022,CVE-2022-0884.yaml,9a0b2f1492891a40fddf115d002daf90e947eeee,CVE-2022-0884
956982269,arkede/cve-2022,CVE-2022-46844.yaml,9a1384a9f18351ba53bde7778ed0bc8102ce6727,CVE-2022-46844
956982269,arkede/cve-2022,CVE-2022-0234_2.yaml,9a17f77cb1757231d08b894c0fa6a473b39858c6,CVE-2022-0234
956982269,arkede/cve-2022,CVE-2022-29933.yaml,9a17fad41a90334095276e608b77769319943ee1,CVE-2022-29933
956982269,arkede/cve-2022,CVE-2022-4260_2.yaml,9a1910d879fa60692f9d7256aa11ba5cdb15bf49,CVE-2022-4260
956982269,arkede/cve-2022,CVE-2022-3374.yaml,9a215a8334a2b02ce025534b9fdb2369bfa2ac56,CVE-2022-3374
956982269,arkede/cve-2022,CVE-2022-3282.yaml,9a369891f41682c4b5d00f940e4b26f67bcdf6fb,CVE-2022-3282
956982269,arkede/cve-2022,CVE-2022-40357.yaml,9a7f3585a49e6b71a68520f04e84014b65b6237f,CVE-2022-40357
956982269,arkede/cve-2022,CVE-2022-3993.yaml,9a8387a4b2e73035c775018ed4f4dfa81bec355f,CVE-2022-3993
956982269,arkede/cve-2022,CVE-2022-2151.yaml,9a8c04bd829cab0a5a602de2720a3272f15bfe43,CVE-2022-2151
956982269,arkede/cve-2022,CVE-2022-1162.yaml,9a904e4d8685e3ed92de723792edee05ad14acdd,CVE-2022-1162
956982269,arkede/cve-2022,CVE-2022-45078.yaml,9a9faa2eccdcde198be1aa8543975d02b1f66a6b,CVE-2022-45078
956982269,arkede/cve-2022,CVE-2022-1829.yaml,9aab031dfdcb4f4bc999cdbc056f29ae5c443058,CVE-2022-1829
956982269,arkede/cve-2022,CVE-2022-32429.yaml,9aad6802a8523e7e06bd3732e6d05dd165c84266,CVE-2022-32429
956982269,arkede/cve-2022,CVE-2022-0826.yaml,9aba3c113b2d34664678f6101d7939822278bcb6,CVE-2022-0826
956982269,arkede/cve-2022,CVE-2022-47141.yaml,9ad16ed0e1b7dd4eee94134372a49d7a5f588a20,CVE-2022-47141
956982269,arkede/cve-2022,CVE-2022-0404.yaml,9ad189d2dc07f951a4e717609d7c2ca09e0d8c4c,CVE-2022-0404
956982269,arkede/cve-2022,CVE-2022-4372.yaml,9adc2cd39616c2320041d070bdbcaf4ef9b2b905,CVE-2022-4372
956982269,arkede/cve-2022,CVE-2022-0626.yaml,9adcc4b37eba72d53bf6a66f69e5e6bfdb18eac3,CVE-2022-0626
956982269,arkede/cve-2022,CVE-2022-24265_1.yaml,9ae194e777ddc72784b2b00c2e213855c49dc51f,CVE-2022-24265
956982269,arkede/cve-2022,CVE-2022-0846_1.yaml,9af072e44263b4e231e2b01991df096750b15245,CVE-2022-0846
956982269,arkede/cve-2022,cve-2022-21500(1).yaml,9b0d948e532313662bf927fedab10ed70ae82cc9,CVE-2022-21500
956982269,arkede/cve-2022,CVE-2022-29303_1.yaml,9b232fc3d25fa0223867c7220d40bae826b9430d,CVE-2022-29303
956982269,arkede/cve-2022,cve-2022-23178-6685.yaml,9b3ec65d2531bb7e3a557d7ff66aebd90a815b7d,CVE-2022-23178
956982269,arkede/cve-2022,CVE-2022-47597.yaml,9b446fe422075e66db5a7dd16e1b72b6cdb57057,CVE-2022-47597
956982269,arkede/cve-2022,CVE-2022-3220.yaml,9b597162e3ad88592916b482b42d7b3e1cc5259e,CVE-2022-3220
956982269,arkede/cve-2022,CVE-2022-46093.yaml,9b66f6122ab7cd2dc2d616da8650099087bd08e2,CVE-2022-46093
956982269,arkede/cve-2022,CVE-2022-45348.yaml,9b711f9f86c49da046548c50e3c5e8a228171c72,CVE-2022-45348
956982269,arkede/cve-2022,CVE-2022-2443.yaml,9b7602d388b5a15b63bba4d77f0e7d86fc1dd040,CVE-2022-2443
956982269,arkede/cve-2022,CVE-2022-41315.yaml,9b7ae8ea9c8ce42ec51c6f321c0e7a3e7ccd81ee,CVE-2022-41315
956982269,arkede/cve-2022,CVE-2022-25060.yaml,9b7b44aca26d3634948260fc1e8a61d05c1046eb,CVE-2022-25060
956982269,arkede/cve-2022,CVE-2022-29449.yaml,9b7f1de7d71d43f9b52cfb901fab4a5e74163e94,CVE-2022-29449
956982269,arkede/cve-2022,CVE-2022-45079.yaml,9b813f1fc0e4a18059afbb8c83bcdf881e39c39a,CVE-2022-45079
956982269,arkede/cve-2022,CVE-2022-44583.yaml,9b8393927c122e06d43c4d398556cd8fc233b4fe,CVE-2022-44583
956982269,arkede/cve-2022,CVE-2022-3828.yaml,9b86ccf78b4c6b965a2e41f5c74b9887888de362,CVE-2022-3828
956982269,arkede/cve-2022,CVE-2022-48165.yaml,9b9691f27dbef0cbbc06a27010395cdea2f9b725,CVE-2022-48165
956982269,arkede/cve-2022,CVE-2022-23352.yaml,9b9fe02510cdbbda4c81714f80a570f5fd774a09,CVE-2022-23352
956982269,arkede/cve-2022,CVE-2022-31299.yaml,9bc357ad9df2823aa2731025766c6072172eca7c,CVE-2022-31299
956982269,arkede/cve-2022,CVE-2022-40223.yaml,9bd8a29ef3c573357d08a772890a09566470f532,CVE-2022-40223
956982269,arkede/cve-2022,CVE-2022-2556.yaml,9bdfc0bec64f1189e646509dec9454c90d228577,CVE-2022-2556
956982269,arkede/cve-2022,CVE-2022-47595.yaml,9be6b45bac9f24b2119aa20941b3a89617af2966,CVE-2022-47595
956982269,arkede/cve-2022,CVE-2022-0193.yaml,9beb1698252822a7d8b806777a7ccb748f7469c5,CVE-2022-0193
956982269,arkede/cve-2022,cve-2022-0165(1).yaml,9c17e8015a0d467abd6b0b3f3207de3d81e21bd1,CVE-2022-0165
956982269,arkede/cve-2022,CVE-2022-0189_3.yaml,9c4a81fb7af72d1143d5e6f74519d99d689c17e4,CVE-2022-0189
956982269,arkede/cve-2022,CVE-2022-23976.yaml,9c51f8ecb622b99d3449b07f872eec75c9893089,CVE-2022-23976
956982269,arkede/cve-2022,cve-2022-0271-6617.yaml,9c5703120edb0924a977a76081b102e9abb4cd87,CVE-2022-0271
956982269,arkede/cve-2022,CVE-2022-0860.yaml,9c6b93fe29961efd44f75d2b2446db87cfc94fe7,CVE-2022-0860
956982269,arkede/cve-2022,CVE-2022-3207.yaml,9c7d787908b736bb4b47de924ab4d71ad468f59a,CVE-2022-3207
956982269,arkede/cve-2022,CVE-2022-47138.yaml,9c8cc71a5b3e82b865810efca3b74e5ec072246c,CVE-2022-47138
956982269,arkede/cve-2022,CVE-2022-34045_2.yaml,9c8e75476fd2bef6c238611b2dc6388d3464f9ed,CVE-2022-34045
956982269,arkede/cve-2022,CVE-2022-36223.yaml,9c91b7e27213b2171670bf08b4b41e09c95f0cc7,CVE-2022-36223
956982269,arkede/cve-2022,CVE-2022-4949.yaml,9c9fbdcc070ae4d71d1618e45f5363166ab42437,CVE-2022-4949
956982269,arkede/cve-2022,CVE-2022-36553.yaml,9cc72eae1a883c6761684d33586cdd94e8367161,CVE-2022-36553
956982269,arkede/cve-2022,CVE-2022-26134.yaml,9ceaab82abe1b57530ac4aea687d563db6274c9a,CVE-2022-26134
956982269,arkede/cve-2022,CVE-2022-46811.yaml,9cec8283055b3bcb64a9558975fe4ca90d35ed1e,CVE-2022-46811
956982269,arkede/cve-2022,CVE-2022-2627_2.yaml,9d037d5d9a6c1e14572ddba603a62f3b6a754c56,CVE-2022-2627
956982269,arkede/cve-2022,CVE-2022-4031.yaml,9d04361258a9a4f6815ac7a1df9d4d51f530a00d,CVE-2022-4031
956982269,arkede/cve-2022,cve-2022-22972(1).yaml,9d0b22e08ac7e0f415bd8ae79c53c9e024e24dca,CVE-2022-22972
956982269,arkede/cve-2022,CVE-2022-0777.yaml,9d1f84ca5b120a25fc093672a5145144f4c28678,CVE-2022-0777
956982269,arkede/cve-2022,CVE-2022-31974.yaml,9d32147c202ddda0410f592bc15f24739d1cfe38,CVE-2022-31974
956982269,arkede/cve-2022,CVE-2022-36804.yaml,9d34af98b034547f68c6de43401f4c52fd3e0110,CVE-2022-36804
956982269,arkede/cve-2022,CVE-2022-24112_2.yaml,9d41515a1598cd7bc38d5887f0439e4d0e6d47b2,CVE-2022-24112
956982269,arkede/cve-2022,cve-2022-32409-6758.yaml,9d54da07dcb5c6842a1f2a721c9f76c2ba2da91a,CVE-2022-32409
956982269,arkede/cve-2022,CVE-2022-3125.yaml,9d5fc5563f6ce23621545ef5ea5ca51ad416527b,CVE-2022-3125
956982269,arkede/cve-2022,CVE-2022-4320.yaml,9d68c8a1b94200ee113dd9484ae26d3634a01e56,CVE-2022-4320
956982269,arkede/cve-2022,CVE-2022-3852.yaml,9d68ce7625c5984de6f1cd07bb0ba24203381170,CVE-2022-3852
956982269,arkede/cve-2022,cve-2022-22536-6661.yaml,9d6c2659371dea6b17febfad52a6f6c6f82c687a,CVE-2022-22536
956982269,arkede/cve-2022,CVE-2022-1710.yaml,9d73d6b946575777aa86f70dcd7596b74a4d6233,CVE-2022-1710
956982269,arkede/cve-2022,CVE-2022-3754.yaml,9d9216a750ebf27a9e3f31275684438fb8515c30,CVE-2022-3754
956982269,arkede/cve-2022,CVE-2022-0769_2.yaml,9dae6d294a3ffd822d0cf8bed98fcef2baf8d0f7,CVE-2022-0769
956982269,arkede/cve-2022,CVE-2022-29455(1).yaml,9dc2b496d1bbc0902b93239a105cbd4ac2ebb075,CVE-2022-29455
956982269,arkede/cve-2022,CVE-2022-2181.yaml,9dc4fa54572f54095b8587824f80e5a51374ccff,CVE-2022-2181
956982269,arkede/cve-2022,CVE-2022-43166_1.yaml,9dca1a380bb967e79637596b5e7ffca4141f0c03,CVE-2022-43166
956982269,arkede/cve-2022,CVE-2022-1573.yaml,9ddd461d96734c5f6b03096e4cf83807a2a9371d,CVE-2022-1573
956982269,arkede/cve-2022,CVE-2022-0418.yaml,9df858c9b7202b55c09446bc48a9bbe12e243ab1,CVE-2022-0418
956982269,arkede/cve-2022,CVE-2022-27985.yaml,9dfa6437bcd0a766135bf90c4dbacb5c7e0601e0,CVE-2022-27985
956982269,arkede/cve-2022,CVE-2022-45069.yaml,9dfb38276ff1517c904176f9187919da700d51e6,CVE-2022-45069
956982269,arkede/cve-2022,CVE-2022-23180.yaml,9dfed3c0aee13e6a2d9c7dacbf32ddf7c4ba94c4,CVE-2022-23180
956982269,arkede/cve-2022,cve-2022-32409.yaml,9e5161a4c62182d1aea71b6b08204726f69fd743,CVE-2022-32409
956982269,arkede/cve-2022,CVE-2022-40128.yaml,9e6696ca5ed58cef2fd0495d022b5177eec27435,CVE-2022-40128
956982269,arkede/cve-2022,CVE-2022-37153_1.yaml,9e830035087831ec2b2eda31b80084f884de8f38,CVE-2022-37153
956982269,arkede/cve-2022,cve-2022-22963-6670.yaml,9e916b77a5e6411daa114b6289ceb2e924fdc06f,CVE-2022-22963
956982269,arkede/cve-2022,CVE-2022-1883_1.yaml,9ea27969a99bb6fcb353913f3c079f33f01a3e3c,CVE-2022-1883
956982269,arkede/cve-2022,CVE-2022-33994.yaml,9ea8a6841d3ffffdbdfd14b5e0f603f798cdc570,CVE-2022-33994
956982269,arkede/cve-2022,CVE-2022-3568.yaml,9eafbd1b0b526da692d6c0a773ab0677bf179e86,CVE-2022-3568
956982269,arkede/cve-2022,CVE-2022-0692.yaml,9eb7ae30ebf14988470b001dbbcc1ce5f165df5b,CVE-2022-0692
956982269,arkede/cve-2022,CVE-2022-25046.yaml,9ec11137530507a762213f6f8ed4298cef15bd7f,CVE-2022-25046
956982269,arkede/cve-2022,CVE-2022-21492.yaml,9ec11286cef83ec2ae39dd1927c4a06455551777,CVE-2022-21492
956982269,arkede/cve-2022,CVE-2022-29439.yaml,9ed10d8e46a165908cd7f2170de3f2916186ae57,CVE-2022-29439
956982269,arkede/cve-2022,CVE-2022-4652.yaml,9ee0af89861b3736cf2b81c8c7d8f2a74aff5d92,CVE-2022-4652
956982269,arkede/cve-2022,CVE-2022-27844.yaml,9efe33a3b0172168e067ec83526a18c789ff34ff,CVE-2022-27844
956982269,arkede/cve-2022,CVE-2022-1613.yaml,9f06b245e6369d8a7b3a27e7979e7e20c00c75d5,CVE-2022-1613
956982269,arkede/cve-2022,CVE-2022-46020.yaml,9f09483fdef3cd53ac8dbbf4767f3aaf59a4ef1b,CVE-2022-46020
956982269,arkede/cve-2022,CVE-2022-37190_2.yaml,9f17ec01eb1e21e7477626e425e31afc82e4880e,CVE-2022-37190
956982269,arkede/cve-2022,CVE-2022-3831.yaml,9f232a6d0be4c76ad771f24eaf2bd93d29c76400,CVE-2022-3831
956982269,arkede/cve-2022,CVE-2022-32026_3.yaml,9f36d20908e0143c2ca4f5e609c9fb41e8f21453,CVE-2022-32026
956982269,arkede/cve-2022,CVE-2022-32026_3.yaml,9f36d20908e0143c2ca4f5e609c9fb41e8f21453,CVE-2022-32028
956982269,arkede/cve-2022,CVE-2022-25615.yaml,9f40e49d81f794deb478b9248ccd73e8284e079c,CVE-2022-25615
956982269,arkede/cve-2022,cve-2022-32444.yaml,9f47e3ccaefea0a2189c8c8a021c18d780413ef2,CVE-2022-32444
956982269,arkede/cve-2022,CVE-2022-0232.yaml,9fafe0a25358dd3b608ebc3a7a66c72aa075a385,CVE-2022-0232
956982269,arkede/cve-2022,CVE-2022-1773.yaml,9fcd21c7eadbda5eec8edfe40687a97d1dbcebc1,CVE-2022-1773
956982269,arkede/cve-2022,CVE-2022-4371.yaml,9fce8482eadc488ea8cca0d70ad98f3353910940,CVE-2022-4371
956982269,arkede/cve-2022,CVE-2022-0679.yaml,9fd2ff4f69c8854000048365b062801d89a4105a,CVE-2022-0679
956982269,arkede/cve-2022,CVE-2022-46819.yaml,9fdb1645cf1900cfedf050915de02c404cdd183c,CVE-2022-46819
956982269,arkede/cve-2022,CVE-2022-45207.yaml,a002a2f15e840a27c74b67d35757ee9346aff645,CVE-2022-45207
956982269,arkede/cve-2022,CVE-2022-40083.yaml,a013a882a0e8e832bf4a8ea7ac43feeab9821e73,CVE-2022-40083
956982269,arkede/cve-2022,CVE-2022-29006.yaml,a0169a17917a1f483a23535bedc1299420304cf0,CVE-2022-29006
956982269,arkede/cve-2022,CVE-2022-4677.yaml,a01fddfd1a472df57c65d4c615b11df98a07ab52,CVE-2022-4677
956982269,arkede/cve-2022,CVE-2022-4655.yaml,a02c2b82d68f84de6fd1ffd421e4984b0d73d271,CVE-2022-4655
956982269,arkede/cve-2022,CVE-2022-43482.yaml,a0307a45fa7592c33bacf0cfed0927aa06838d47,CVE-2022-43482
956982269,arkede/cve-2022,CVE-2022-1597.yaml,a03705619847bbfb1c98d36fad683cfef1040d43,CVE-2022-1597
956982269,arkede/cve-2022,CVE-2022-33961.yaml,a03e5bc3b79176790d4805ba6630dcaf4dc2127b,CVE-2022-33961
956982269,arkede/cve-2022,CVE-2022-43170_1.yaml,a0473d9f31061020d822d2ce840a9874f5353c7e,CVE-2022-43170
956982269,arkede/cve-2022,CVE-2022-35413_1.yaml,a04d520dda16a5a3b557741b9799f64dca5b607a,CVE-2022-35413
956982269,arkede/cve-2022,CVE-2022-22880.yaml,a0537fe909f780f6c43093384c1a0617a174fddf,CVE-2022-22880
956982269,arkede/cve-2022,CVE-2022-3021.yaml,a05c5c747d17366361bc7734dd84f20f6cd44e68,CVE-2022-3021
956982269,arkede/cve-2022,CVE-2022-36292.yaml,a05d0dd3c345a146024f602aa9565309ee59fa95,CVE-2022-36292
956982269,arkede/cve-2022,CVE-2022-36376.yaml,a0666cd9e753ca58350c74d69edb09e031043dde,CVE-2022-36376
956982269,arkede/cve-2022,CVE-2022-0279.yaml,a074f99dc09ff45dd5ad56640beb63115096c628,CVE-2022-0279
956982269,arkede/cve-2022,CVE-2022-2268.yaml,a07e8cfef54f17f3e135756637e7bc532ee2ac69,CVE-2022-2268
956982269,arkede/cve-2022,CVE-2022-27858.yaml,a089cebc3a791986461a3d2b9a244380b294f7ec,CVE-2022-27858
956982269,arkede/cve-2022,CVE-2022-37342.yaml,a0971258a147d5f97cf7c8508a4c2b9c7bdc5856,CVE-2022-37342
956982269,arkede/cve-2022,CVE-2022-38971.yaml,a0c10ebd99977b691ecba26bfed2ca5eef95fe6b,CVE-2022-38971
956982269,arkede/cve-2022,CVE-2022-1777.yaml,a0c2f87eb83a4a101aa6d3eaca7f22693c44a413,CVE-2022-1777
956982269,arkede/cve-2022,CVE-2022-27985_1.yaml,a0d0841313e5710ff6b04be3955ba85a0794715a,CVE-2022-27985
956982269,arkede/cve-2022,CVE-2022-41262.yaml,a0d2fae90a8b17a7b081ffc254400ec1f8b2a002,CVE-2022-41262
956982269,arkede/cve-2022,CVE-2022-4360.yaml,a0e260717565488009dc686c022589c049094680,CVE-2022-4360
956982269,arkede/cve-2022,CVE-2022-28773.yaml,a0f53ee81c7bc2235073166893494569616be296,CVE-2022-28773
956982269,arkede/cve-2022,CVE-2022-24627_1.yaml,a1219149a9099de31f266439165af6522e03a9e1,CVE-2022-24627
956982269,arkede/cve-2022,CVE-2022-38461.yaml,a13dfa0cb2f027ab53f0fd3e8044ce166d65b8d2,CVE-2022-38461
956982269,arkede/cve-2022,CVE-2022-3511.yaml,a14acff407cf08065b4cd1f8dd0e34e7cea251a8,CVE-2022-3511
956982269,arkede/cve-2022,CVE-2022-45037.yaml,a15e9073830c2aad9d99e27c5cc5316c19074c6e,CVE-2022-45037
956982269,arkede/cve-2022,CVE-2022-38817.yaml,a17e4b5f09ee588f20f5ed06176ce64b0afd6457,CVE-2022-38817
956982269,arkede/cve-2022,CVE-2022-46854.yaml,a17edf6b502993f9cf59efc313eb239efb666a61,CVE-2022-46854
956982269,arkede/cve-2022,CVE-2022-35725.yaml,a18b51db107d42f443717123c00ccc69c61f566a,CVE-2022-35725
956982269,arkede/cve-2022,CVE-2022-33098.yaml,a18fad029ce8643c6232767a0c54ed6c0edbb0ef,CVE-2022-33098
956982269,arkede/cve-2022,CVE-2022-37191_3.yaml,a19d368dd927f1f6dd9b3bc04c76c4a9d8fe2e24,CVE-2022-37191
956982269,arkede/cve-2022,cve-2022-23944-6698.yaml,a1a1841f99c96e4b438c436e386e6030dbad74c6,CVE-2022-23944
956982269,arkede/cve-2022,CVE-2022-3906.yaml,a1a7f81f96609309b73a394644861a8df6613ac3,CVE-2022-3906
956982269,arkede/cve-2022,CVE-2022-2219_2.yaml,a1bf23c88249efc98cd880ad7282001b77a6e866,CVE-2022-2219
956982269,arkede/cve-2022,CVE-2022-1597_3.yaml,a1d1435a414c789792a99c1bf987f45f84256110,CVE-2022-1597
956982269,arkede/cve-2022,CVE-2022-45822.yaml,a1e028d67cc982c10d5eeb9bcc581285ebbe7d95,CVE-2022-45822
956982269,arkede/cve-2022,CVE-2022-4761.yaml,a219aeca962d4f24122da40c5db8ffe2215ab7f2,CVE-2022-4761
956982269,arkede/cve-2022,CVE-2022-29428.yaml,a225e565389a4c9c55dbdc8106371966c6eeddc6,CVE-2022-29428
956982269,arkede/cve-2022,CVE-2022-33177.yaml,a24d31d03151336011224566edb8e7c4102b7502,CVE-2022-33177
956982269,arkede/cve-2022,CVE-2022-47076.yaml,a281cd356931dcaec472220d27bbdd5faa9ac59a,CVE-2022-47076
956982269,arkede/cve-2022,CVE-2022-2437.yaml,a2876d36336a45f2ec17a0d2cf33413d10d679ed,CVE-2022-2437
956982269,arkede/cve-2022,CVE-2022-46808.yaml,a289cf410327adec8745e8785971b22d269f73fd,CVE-2022-46808
956982269,arkede/cve-2022,CVE-2022-25609.yaml,a293394c929754f2bc13b78eacb3023e17e463c2,CVE-2022-25609
956982269,arkede/cve-2022,CVE-2022-44586.yaml,a29a1ddc39f3d5e28a19d9657762b5f74185f5b6,CVE-2022-44586
956982269,arkede/cve-2022,CVE-2022-28090.yaml,a29bee698f663a25edd0036d7f99522b82e7ad42,CVE-2022-28090
956982269,arkede/cve-2022,CVE-2022-3907.yaml,a29cfbf7c49137af22b033e40299ee68282575b0,CVE-2022-3907
956982269,arkede/cve-2022,CVE-2022-4150.yaml,a2a6e242685fc551877f9d4e6e6b29a9ff6acca4,CVE-2022-4150
956982269,arkede/cve-2022,CVE-2022-3151.yaml,a2a9e9323c301bf2ddfed94f6b0c1252cd47fa33,CVE-2022-3151
956982269,arkede/cve-2022,CVE-2022-2839.yaml,a2ab37b131f3086698c523699e4fc6e2fc073652,CVE-2022-2839
956982269,arkede/cve-2022,CVE-2022-1186.yaml,a2b559fb895a5840bd2dc8ee734112ff9a19b6dc,CVE-2022-1186
956982269,arkede/cve-2022,CVE-2022-45365.yaml,a2bff61ddc56ec7cbd7390ba7d9658a631e6f54b,CVE-2022-45365
956982269,arkede/cve-2022,CVE-2022-4027.yaml,a2c0136876a4e2ef7e18f38a7cc7013e90502925,CVE-2022-4027
956982269,arkede/cve-2022,cve-2022-24260.yaml,a2d9a7434344d9b6ccc570b60c6accddc5cf97cb,CVE-2022-24260
956982269,arkede/cve-2022,CVE-2022-4679.yaml,a2e45a33f186a995429a4ea878edfb1a9a397930,CVE-2022-4679
956982269,arkede/cve-2022,CVE-2022-0651_1.yaml,a2ea81e257cc617f153868652e6ad67d4e40bd69,CVE-2022-0651
956982269,arkede/cve-2022,CVE-2022-32777.yaml,a2ee28ba614f1e52e954703ec7fe600bfa87938d,CVE-2022-32777
956982269,arkede/cve-2022,CVE-2022-45825.yaml,a2f78ecb0081174d931f4303437802700f356056,CVE-2022-45825
956982269,arkede/cve-2022,CVE-2022-1424.yaml,a2fc7b0a2a86c6be6b079ab2e7d32911fc301036,CVE-2022-1424
956982269,arkede/cve-2022,CVE-2022-32420.yaml,a3098447270cefb1c2e111b35c0b4e985f6ec80a,CVE-2022-32420
956982269,arkede/cve-2022,CVE-2022-48012_1.yaml,a314bcd807127751eafd5704712ad817119d1e5d,CVE-2022-48012
956982269,arkede/cve-2022,CVE-2022-1057_1.yaml,a323e139d270c28a8d7070c94d63269608fb4433,CVE-2022-1057
956982269,arkede/cve-2022,CVE-2022-1784.yaml,a340f0b388efe604085246a952274c9dd9690d28,CVE-2022-1784
956982269,arkede/cve-2022,CVE-2022-44897.yaml,a346b5efb3a96e04b1da9ecb23af5f1af60847f1,CVE-2022-44897
956982269,arkede/cve-2022,CVE-2022-1594.yaml,a3477eea4bd58ca5a0ac2d34cf2a538ea199a8ed,CVE-2022-1594
956982269,arkede/cve-2022,CVE-2022-0782.yaml,a37153158b721fbcb8c23ecbb12edd206d995443,CVE-2022-0782
956982269,arkede/cve-2022,CVE-2022-0442.yaml,a388cbec8fb32720cf48f6991e1cc0b85fc7d815,CVE-2022-0442
956982269,arkede/cve-2022,CVE-2022-25813.yaml,a38e00d08407610c1199f15c86ae227e367c9b7e,CVE-2022-25813
956982269,arkede/cve-2022,CVE-2022-46822.yaml,a39f0242045a62639f60e960b4c17ff07bc65052,CVE-2022-46822
956982269,arkede/cve-2022,CVE-2022-33191.yaml,a3b5226dc60df7e33099c1fdda54dc45386676dc,CVE-2022-33191
956982269,arkede/cve-2022,CVE-2022-4936.yaml,a3c5ab13988b3342ed0174f747f74112100eee2a,CVE-2022-4936
956982269,arkede/cve-2022,CVE-2022-1953.yaml,a3ce303375a77cfa96d375c87ba1c35d3e75abbe,CVE-2022-1953
956982269,arkede/cve-2022,CVE-2022-23102.yaml,a3d92470ce989f2b3c792c266c80fbc9b55a32bc,CVE-2022-23102
956982269,arkede/cve-2022,CVE-2022-4000.yaml,a3e533fc6621423b0d4e2fff84361fc2eac681dd,CVE-2022-4000
956982269,arkede/cve-2022,CVE-2022-29004_1.yaml,a3f0a9529fbda162795be9ef6cd1dba303e36c97,CVE-2022-29004
956982269,arkede/cve-2022,CVE-2022-32532.yaml,a40c24acd6043726fce1e336bd1ad325a085b2ec,CVE-2022-32532
956982269,arkede/cve-2022,CVE-2022-3982_2.yaml,a412bae94a5607e2920348a773faf54885335a10,CVE-2022-3982
956982269,arkede/cve-2022,CVE-2022-29078.yaml,a418a9515c8ee379e1bff5054576dd1c9e687873,CVE-2022-29078
956982269,arkede/cve-2022,CVE-2022-2627.yaml,a419b8057d517f7f5e10814fe9f484f49b4b9641,CVE-2022-2627
956982269,arkede/cve-2022,CVE-2022-26233.yaml,a41a10c0391ecca533829258d261c8e5f091d6d1,CVE-2022-26233
956982269,arkede/cve-2022,CVE-2022-46842.yaml,a41aa83290c233a4e8cc58ef10817ed97ac1d433,CVE-2022-46842
956982269,arkede/cve-2022,CVE-2022-3811.yaml,a423e5b587620efb3614e9016980ec6095e1418c,CVE-2022-3811
956982269,arkede/cve-2022,CVE-2022-31403.yaml,a433b4ed3c7c21ea7037d41ba44d29922046b472,CVE-2022-31403
956982269,arkede/cve-2022,CVE-2022-0949.yaml,a43bde4b310fae0a26db02c191758175e37b1d68,CVE-2022-0949
956982269,arkede/cve-2022,CVE-2022-0814_1.yaml,a44122940bfbf44d2103db07dd1e9797055b0617,CVE-2022-0814
956982269,arkede/cve-2022,CVE-2022-0422_2.yaml,a4419ce995fb969d7707e3a8ac6668ab23ff163b,CVE-2022-0422
956982269,arkede/cve-2022,CVE-2022-43140.yaml,a441fe49ab3c45832e79b660f781790518891cf4,CVE-2022-43140
956982269,arkede/cve-2022,CVE-2022-4824.yaml,a44c76cd27938ba810eb38451abf7f1a1523ddbf,CVE-2022-4824
956982269,arkede/cve-2022,CVE-2022-0656.yaml,a4560a9bdd2bb059a243283f96aee4044b7d87f1,CVE-2022-0656
956982269,arkede/cve-2022,CVE-2022-42884.yaml,a4599330f988ed795817fc1b71edee598d12d02f,CVE-2022-42884
956982269,arkede/cve-2022,cve-2022-34047(1).yaml,a468053b3d0cc8ccef03d31492b344954a6488f8,CVE-2022-34047
956982269,arkede/cve-2022,CVE-2022-2537.yaml,a469ac53811783d3d8dfca353ef495de03f1c17b,CVE-2022-2537
956982269,arkede/cve-2022,CVE-2022-2638.yaml,a483d93c6242af657642416b3fdb718914a3933d,CVE-2022-2638
956982269,arkede/cve-2022,CVE-2022-2818.yaml,a486b05636ca65ae86b647433343a76f01f9b068,CVE-2022-2818
956982269,arkede/cve-2022,CVE-2022-24384.yaml,a489bce775bf588eebecc7f090c8c14d2dc71505,CVE-2022-24384
956982269,arkede/cve-2022,CVE-2022-40200.yaml,a4933148d5c3772cbed543547372e9b9a257e3ed,CVE-2022-40200
956982269,arkede/cve-2022,CVE-2022-0780.yaml,a499a9b29a50c579a72d4c74359b52f7583d4285,CVE-2022-0780
956982269,arkede/cve-2022,cve-2022-32444-6759.yaml,a49dad15be450116e2f6ad6d3c8b849647bf413e,CVE-2022-32444
956982269,arkede/cve-2022,CVE-2022-30544.yaml,a4a984601f117d0d6fa8c5a27fc9a509a38dbaae,CVE-2022-30544
956982269,arkede/cve-2022,CVE-2022-2040.yaml,a4be5531261d4bffc69b38938ac6aec7f5f39298,CVE-2022-2040
956982269,arkede/cve-2022,CVE-2022-1627.yaml,a4c7e005a3e0004b9e44532b8e7bc7239627f1a8,CVE-2022-1627
956982269,arkede/cve-2022,CVE-2022-34132.yaml,a4e03c00964341c01b30099fa1357ad55d382f9f,CVE-2022-34132
956982269,arkede/cve-2022,CVE-2022-4775.yaml,a4e5d7737a9b8747bc6f91670d5b0e36af2db429,CVE-2022-4775
956982269,arkede/cve-2022,CVE-2022-35914_3.yaml,a4f10c5053650c211769baaf7c13623418df25ea,CVE-2022-35914
956982269,arkede/cve-2022,CVE-2022-47602.yaml,a500724decb97392b9d7a50609acc9a924a4bd8b,CVE-2022-47602
956982269,arkede/cve-2022,CVE-2022-47132.yaml,a50adc58f99008919c7c2d7752a87612ff7a84f0,CVE-2022-47132
956982269,arkede/cve-2022,CVE-2022-46805.yaml,a52763472423e79e80e11c3bd7da2e7603abb9c0,CVE-2022-46805
956982269,arkede/cve-2022,cve-2022-22954.yaml,a53a89d85fbe7917111105c0aa2a994092dba0d2,CVE-2022-22954
956982269,arkede/cve-2022,CVE-2022-30886.yaml,a54072ef2ae8e3d1794f45a3d91e832f59abf30b,CVE-2022-30886
956982269,arkede/cve-2022,cve-2022-25323-6721.yaml,a5674114b8e775348c9d3cf0adf7c3546cd5e48c,CVE-2022-25323
956982269,arkede/cve-2022,CVE-2022-0760_2.yaml,a585d90607686cd15142aef5413216aa06adc4d5,CVE-2022-0760
956982269,arkede/cve-2022,CVE-2022-45074.yaml,a5901f8bad0d4b3163312a9f308d77185390a0a6,CVE-2022-45074
956982269,arkede/cve-2022,CVE-2022-2173.yaml,a597a89a858bcc0cfa387991f7e3f68e55e704ee,CVE-2022-2173
956982269,arkede/cve-2022,CVE-2022-45075.yaml,a59d9b30d76a0eb206c057a507263af5fe51be52,CVE-2022-45075
956982269,arkede/cve-2022,CVE-2022-4442.yaml,a59e500a34a97d677ac1f9921e8a48e08f66cb7f,CVE-2022-4442
956982269,arkede/cve-2022,CVE-2022-38139.yaml,a5a2c1267a8e72bbe46cd060b0ab9e2d04867931,CVE-2022-38139
956982269,arkede/cve-2022,CVE-2022-32094_1.yaml,a5d186dca8e5ec2e6b7574fcd5f5c73d57683894,CVE-2022-32094
956982269,arkede/cve-2022,CVE-2022-44355.yaml,a5d97cf79a766d9d413a212f4493035b513785f5,CVE-2022-44355
956982269,arkede/cve-2022,CVE-2022-0929.yaml,a5ea46fd5c1013ceff0ada3d54d65727442b3567,CVE-2022-0929
956982269,arkede/cve-2022,CVE-2022-26233_1.yaml,a5f73e5268ba009b68fa995b47324063cc97b187,CVE-2022-26233
956982269,arkede/cve-2022,CVE-2022-47174.yaml,a6065067a8179c330d836d7856d85b586af32635,CVE-2022-47174
956982269,arkede/cve-2022,CVE-2022-4369.yaml,a607cf0bf1f7a72526c2b95a553277c769628559,CVE-2022-4369
956982269,arkede/cve-2022,CVE-2022-30073_3.yaml,a626d15ee2e386d845280aed16af3a761590389d,CVE-2022-30073
956982269,arkede/cve-2022,CVE-2022-1906_1.yaml,a636977ed1676dc90b303d224eacd6c0b91db4fa,CVE-2022-1906
956982269,arkede/cve-2022,CVE-2022-21346.yaml,a63786ab737e5dff6a864ccbe1cfca1e06187e99,CVE-2022-21346
956982269,arkede/cve-2022,CVE-2022-21346.yaml,a63786ab737e5dff6a864ccbe1cfca1e06187e99,ZDI-22-123
956982269,arkede/cve-2022,cve-2022-32026.yaml,a65db7eb7c8017ad0c25c07f6b2f2bbd14ce4d1b,CVE-2022-32026
956982269,arkede/cve-2022,cve-2022-32026.yaml,a65db7eb7c8017ad0c25c07f6b2f2bbd14ce4d1b,CVE-2022-32028
956982269,arkede/cve-2022,CVE-2022-1058_2.yaml,a660b7d334c079e43fc3444d858e3b8387055f76,CVE-2022-1058
956982269,arkede/cve-2022,CVE-2022-4718.yaml,a67a2eb09a57a69fb06512cd6d7f9ce4951a0f79,CVE-2022-4718
956982269,arkede/cve-2022,CVE-2022-4107.yaml,a691639c0ee4c3392b836cad6ae1165177ca1d4d,CVE-2022-4107
956982269,arkede/cve-2022,CVE-2022-33969.yaml,a6b3cbc98dbd150894bbe389ee92ced942d24682,CVE-2022-33969
956982269,arkede/cve-2022,CVE-2022-38322.yaml,a6dc529af3f38c615a3523546602018f81a14ed8,CVE-2022-38322
956982269,arkede/cve-2022,CVE-2022-38055.yaml,a6efd3cde6a813aa238bddee743a09da13a80cd0,CVE-2022-38055
956982269,arkede/cve-2022,CVE-2022-46862.yaml,a70d1806c192a57bfc09938d829b4ca8998e2150,CVE-2022-46862
956982269,arkede/cve-2022,CVE-2022-32007.yaml,a70e0cf24f6e359b4a8dc11b3a1f51ef7050acf5,CVE-2022-32007
956982269,arkede/cve-2022,CVE-2022-33201.yaml,a71b5f3d9488ee5dd338e566e86c9ba31f83a40d,CVE-2022-33201
956982269,arkede/cve-2022,CVE-2022-47182.yaml,a7236a215949eecfefda42beeb10c85e48d81d82,CVE-2022-47182
956982269,arkede/cve-2022,CVE-2022-45376.yaml,a7320840ced11fcaa942bec2458dd6db4c32acbd,CVE-2022-45376
956982269,arkede/cve-2022,CVE-2022-3427.yaml,a742d4530b5edd3fb2363e98612fc7bb4e34a054,CVE-2022-3427
956982269,arkede/cve-2022,CVE-2022-45805_1.yaml,a75378385dad3c0caafd960528f059e68e708b51,CVE-2022-45805
956982269,arkede/cve-2022,CVE-2022-22295.yaml,a754aab459bb9cdb4fe97eabd701c127ad2e931b,CVE-2022-22295
956982269,arkede/cve-2022,CVE-2022-31499.yaml,a76970ff8990b90234f9e87d903ee40e993ae8cb,CVE-2019-7256
956982269,arkede/cve-2022,CVE-2022-31499.yaml,a76970ff8990b90234f9e87d903ee40e993ae8cb,CVE-2022-31499
956982269,arkede/cve-2022,CVE-2022-0432.yaml,a7860e038314414d2131ac31c8bc17da3db05bd8,CVE-2022-0432
956982269,arkede/cve-2022,CVE-2022-30514_1.yaml,a7a01641fab1a8401851ea7d602d12f2893d4adb,CVE-2022-30514
956982269,arkede/cve-2022,CVE-2022-35740.yaml,a7d6911a68dbf8e9ecd4e69cd65f6946d93bbe46,CVE-2022-35740
956982269,arkede/cve-2022,cve-2022-2486(1).yaml,a7d6d3dc78032aca2fa504679d8eed3ac652a051,CVE-2022-2486
956982269,arkede/cve-2022,CVE-2022-3911.yaml,a7e02cad60da724fa7e703193c3de42acafe7100,CVE-2022-3911
956982269,arkede/cve-2022,CVE-2022-24977.yaml,a7ebe41d6382940a7f62ca1d23cfafa9a2eef83e,CVE-2022-24977
956982269,arkede/cve-2022,CVE-2022-46793.yaml,a7f26059e658500ef7b4cd29a8a1d3b1283d8ce9,CVE-2022-46793
956982269,arkede/cve-2022,CVE-2022-40130.yaml,a7fb9551c1135fffcae2c1950171228fe7578e9e,CVE-2022-40130
956982269,arkede/cve-2022,CVE-2022-42479.yaml,a7fd3e377343db6586d09662862327e56222d326,CVE-2022-42479
956982269,arkede/cve-2022,CVE-2022-22947_1.yaml,a80e1ea5edf5249c7166141a8c91aa3036f256d2,CVE-2022-22947
956982269,arkede/cve-2022,CVE-2022-0228_1.yaml,a83d72a11518097b60bec9335805abbea9d4897b,CVE-2022-0228
956982269,arkede/cve-2022,CVE-2022-3739.yaml,a83fa9cc845be6c1443827a9996b78674f2403be,CVE-2022-3739
956982269,arkede/cve-2022,CVE-2022-2627_1.yaml,a84d1ce1d267ee8104a81fc453bc752e4a0ee619,CVE-2022-2627
956982269,arkede/cve-2022,CVE-2022-2461.yaml,a865ca39118d55d206982e74fdd66b819b12dcbd,CVE-2022-2461
956982269,arkede/cve-2022,CVE-2022-2448.yaml,a8693f72a2fbf16e4e597a6867aa981277581279,CVE-2022-2448
956982269,arkede/cve-2022,CVE-2022-36346.yaml,a879632ecc891615e702172a8274dacc8de0ec93,CVE-2022-36346
956982269,arkede/cve-2022,CVE-2022-43169_1.yaml,a88416a3ff7f46d65cc1c2915c5ca7197d0da1de,CVE-2022-43169
956982269,arkede/cve-2022,CVE-2022-1842.yaml,a8848a6440e8e6e945fdb4c0abfc177a159d42a2,CVE-2022-1842
956982269,arkede/cve-2022,CVE-2022-4297.yaml,a88ed1d2302d0802f0daf8fbe9298a4e2ddaab18,CVE-2022-4297
956982269,arkede/cve-2022,CVE-2022-1918.yaml,a8aa2770ed105b833836ad0c0d5241135984f11f,CVE-2022-1918
956982269,arkede/cve-2022,CVE-2022-2412.yaml,a8b7744555a06e89a2f220da0acfd73ab628607b,CVE-2022-2412
956982269,arkede/cve-2022,cve-2022-1609-6655.yaml,a8bbed208b6e425ecad10bdf4f61fbb7bd410e39,CVE-2022-1609
956982269,arkede/cve-2022,CVE-2022-3384.yaml,a8bf1a5df616ae44cfb8dd4d05c07daa218e1640,CVE-2022-3384
956982269,arkede/cve-2022,CVE-2022-3384.yaml,a8bf1a5df616ae44cfb8dd4d05c07daa218e1640,CVE-2022-3383
956982269,arkede/cve-2022,CVE-2022-0779.yaml,a8bfcd47019ad8d35b5ee5e9826dd908fedab627,CVE-2022-0779
956982269,arkede/cve-2022,CVE-2022-20703.yaml,a8e213ffd0ac78e4e9215dd4d7fa691b70b52a38,CVE-2022-20703
956982269,arkede/cve-2022,CVE-2022-20703.yaml,a8e213ffd0ac78e4e9215dd4d7fa691b70b52a38,ZDI-22-413
956982269,arkede/cve-2022,CVE-2022-20703.yaml,a8e213ffd0ac78e4e9215dd4d7fa691b70b52a38,ZDI-22-408
956982269,arkede/cve-2022,CVE-2022-36404.yaml,a8f14b80a2df97d02e34634024c6338a805f58c1,CVE-2022-36404
956982269,arkede/cve-2022,CVE-2022-36404.yaml,a8f14b80a2df97d02e34634024c6338a805f58c1,CVE-2022-44627
956982269,arkede/cve-2022,CVE-2022-2467.yaml,a8f63e7039ccf8e17de36225415df44d02c4ac92,CVE-2022-2467
956982269,arkede/cve-2022,CVE-2022-2305.yaml,a92037ab701fec9a539f422080a0f214ac800d12,CVE-2022-2305
956982269,arkede/cve-2022,CVE-2022-3401.yaml,a9321e3690213cdd4b9e71387adb95d6ccc58ba0,CVE-2022-3401
956982269,arkede/cve-2022,CVE-2022-3401.yaml,a9321e3690213cdd4b9e71387adb95d6ccc58ba0,CVE-2022-3400
956982269,arkede/cve-2022,CVE-2022-0641.yaml,a941f0fc8508d325056c8c404f625471aa48aae7,CVE-2022-0641
956982269,arkede/cve-2022,CVE-2022-4362.yaml,a956bd0a46ada13a9f9f5190d097f3238c88df9a,CVE-2022-4362
956982269,arkede/cve-2022,CVE-2022-23544.yaml,a95d15d6eb9bbbeb03656a32ddb7a4b79ce9cd3e,CVE-2022-23544
956982269,arkede/cve-2022,CVE-2022-23544.yaml,a95d15d6eb9bbbeb03656a32ddb7a4b79ce9cd3e,GHSA-VRV6-CG45-RMJJ
956982269,arkede/cve-2022,CVE-2022-1164.yaml,a96018d3fb1188eba269d39eb8097e3994ead950,CVE-2022-1164
956982269,arkede/cve-2022,CVE-2022-29499_1.yaml,a966f698a5058e9d55a3f97b7d66aa67f3259c4a,CVE-2022-29499
956982269,arkede/cve-2022,CVE-2022-37191_1.yaml,a977ea067bf64e1d421824777088a50fd310eb2e,CVE-2022-37191
956982269,arkede/cve-2022,CVE-2022-2937.yaml,a986d68061a3d23529a296171a52ae6977dbfaa3,CVE-2022-2937
956982269,arkede/cve-2022,CVE-2022-2546_1.yaml,a98a365f9e254840b76ab21369c707953e222a59,CVE-2022-2546
956982269,arkede/cve-2022,cve-2022-0692-6644.yaml,a98a4dd57d2ec2e640fd24218a4c056f0ebcfe61,CVE-2022-0692
956982269,arkede/cve-2022,CVE-2022-0781_1.yaml,a9a270cec2cc18321d0309498092f810ebd5675e,CVE-2022-0781
956982269,arkede/cve-2022,CVE-2022-4481.yaml,a9b6a6b1bd33823cd6890dc8d0819ba639d992fe,CVE-2022-4481
956982269,arkede/cve-2022,cve-2022-23347-6688.yaml,a9c51f0e754950aed9a5ef641b92c2642733aa49,CVE-2022-23347
956982269,arkede/cve-2022,CVE-2022-4356.yaml,a9c63f980deaed5ce5a147413c6d06e949223b28,CVE-2022-4356
956982269,arkede/cve-2022,CVE-2022-0377.yaml,a9ce7014cfb4619fb48b59229d5f3a19a68f0588,CVE-2022-0377
956982269,arkede/cve-2022,CVE-2022-1764.yaml,a9cf26314853e530e22cb5fafc00fcefb3a442d7,CVE-2022-1764
956982269,arkede/cve-2022,CVE-2022-2486_3.yaml,a9e3b23b6a87ffc5642ca3036059f2d3f31877c2,CVE-2022-2486
956982269,arkede/cve-2022,CVE-2022-0827_2.yaml,a9e447ccf1a8e3165c1f152962b7d066d0c02b0e,CVE-2022-0827
956982269,arkede/cve-2022,CVE-2022-35277.yaml,a9e79952648b7a78d175273074fd8daaba2350b5,CVE-2022-35277
956982269,arkede/cve-2022,CVE-2022-25403.yaml,a9fbcaa94d58b96bfb9c94b8973e6ea5e29d54e7,CVE-2022-25403
956982269,arkede/cve-2022,CVE-2022-22928.yaml,a9fd8a07f360c0484943af5d8717e8e599f3d323,CVE-2022-22928
956982269,arkede/cve-2022,CVE-2022-0846_2.yaml,a9ff041439fbbd85b2ed06442c8cadbe76de58c2,CVE-2022-0846
956982269,arkede/cve-2022,CVE-2022-29450.yaml,aa20ec587e582fd1b7d142ca8114a38e72b0d7eb,CVE-2022-29450
956982269,arkede/cve-2022,CVE-2022-28080.yaml,aa217a7313ddad9f594e60ddd67e415413f94c44,CVE-2022-28080
956982269,arkede/cve-2022,CVE-2022-1112.yaml,aa2f3a0025d1b3b826227a54fd83a8dd6917213c,CVE-2022-1112
956982269,arkede/cve-2022,CVE-2022-24265_2.yaml,aa3d32b745fd9add6c42a09fc6d5f6a6b94d295e,CVE-2022-24265
956982269,arkede/cve-2022,CVE-2022-4571.yaml,aa3e5585e8e0a8e693d41ad06a2507452daa1fa8,CVE-2022-4571
956982269,arkede/cve-2022,CVE-2022-1896.yaml,aa3ffa1e04928e743c166ac076945d248f6d8523,CVE-2022-1896
956982269,arkede/cve-2022,CVE-2022-39295.yaml,aab9d1b25dcef17748eed026912781fd7727c4e6,GHSA-F2GR-6H9J-RWCW
956982269,arkede/cve-2022,CVE-2022-39295.yaml,aab9d1b25dcef17748eed026912781fd7727c4e6,CVE-2022-39295
956982269,arkede/cve-2022,CVE-2022-1321.yaml,aabf4594df55af12be30de395527e440bbc83d2c,CVE-2022-1321
956982269,arkede/cve-2022,CVE-2022-45809.yaml,aacd2c5f991d6092d3ad3243cc4a6b130f44001f,CVE-2022-45809
956982269,arkede/cve-2022,cve-2022-0189-6611.yaml,aad5ee9cc42ae504a30a449d0a041abf1ad2b795,CVE-2022-0189
956982269,arkede/cve-2022,CVE-2022-38463.yaml,aaf2bae8c9a1e1470400e5b1ec154b60feea1712,CVE-2022-38463
956982269,arkede/cve-2022,CVE-2022-23379.yaml,aaf9a0f275d7feee01e9ec8256249d0047777cc1,CVE-2022-23379
956982269,arkede/cve-2022,cve-2022-0591-6637.yaml,aaff601d03065e35f3a9cb6f9e73aa2af53271dc,CVE-2022-0591
956982269,arkede/cve-2022,CVE-2022-30489_2.yaml,ab1027a07131de66e863072597a7957ef8a9b5eb,CVE-2022-30489
956982269,arkede/cve-2022,cve-2022-29548.yaml,ab1fe4f091877bff9df2a2cf22e32963002fa3db,CVE-2022-29548
956982269,arkede/cve-2022,CVE-2022-4668.yaml,ab487e924ec2261af76b3d7e240da5bed77948fb,CVE-2022-4668
956982269,arkede/cve-2022,CVE-2022-2378.yaml,ab5f9311dc6a57be619dda7b0383493e798d53c2,CVE-2022-2378
956982269,arkede/cve-2022,CVE-2022-29420.yaml,ab692c4a34089290d4b88754c6709b0475f90782,CVE-2022-29420
956982269,arkede/cve-2022,CVE-2022-1094.yaml,ab6cdbb1004302d01456191fc8965edda0c2d1fe,CVE-2022-1094
956982269,arkede/cve-2022,CVE-2022-27629.yaml,ab7018d455481e470b3a9fea6b37a2e8fcd6a751,CVE-2022-27629
956982269,arkede/cve-2022,CVE-2022-43491.yaml,ab974276530f6c948d0123903cbcf6c2a47499a5,CVE-2022-43491
956982269,arkede/cve-2022,cve-2022-23134-6681.yaml,ab9792bf6f85cfe24c438e7e941da6a5fe8d757b,CVE-2022-23134
956982269,arkede/cve-2022,CVE-2022-30448.yaml,aba6377ae16c4c0ee3e04fab1cd7bc5f8e37d923,CVE-2022-30448
956982269,arkede/cve-2022,CVE-2022-37603.yaml,abcc5194b09b214b27bad4f67a39c21032ce36ed,CVE-2022-37603
956982269,arkede/cve-2022,CVE-2022-40312.yaml,abd8202a904cf73b2c395e69237548ad0a801e4e,CVE-2022-40312
956982269,arkede/cve-2022,CVE-2022-31056.yaml,abf9be80c3fb2eb8a0c609626f079f7b35af22c2,CVE-2022-31056
956982269,arkede/cve-2022,CVE-2022-31056.yaml,abf9be80c3fb2eb8a0c609626f079f7b35af22c2,GHSA-9Q9X-7XXH-W4CG
956982269,arkede/cve-2022,CVE-2022-0864_1.yaml,ac0368a945f0ecd8b3794edd2646366254e54e1c,CVE-2022-0864
956982269,arkede/cve-2022,CVE-2022-1007_1.yaml,ac26ea7216a9302fc8d088eb60d00a8781a76f6d,CVE-2022-1007
956982269,arkede/cve-2022,CVE-2022-46814.yaml,ac2add755d365c26e37d8d600c466f4827b7a7e3,CVE-2022-46814
956982269,arkede/cve-2022,CVE-2022-35890.yaml,ac3db73c63a7ab646935077dc2627ea8ba906f87,CVE-2022-35890
956982269,arkede/cve-2022,CVE-2022-4306.yaml,ac40ce8a7179c0e3263fbc013deca2b9b5afc8cf,CVE-2022-4306
956982269,arkede/cve-2022,CVE-2022-2551.yaml,ac5b82e954377492ecb0b234fffb07c41575f47d,CVE-2022-2551
956982269,arkede/cve-2022,CVE-2022-25061.yaml,ac690be1da04d8dcaf2ecee05dc86dc5f4b5bdd2,CVE-2022-25061
956982269,arkede/cve-2022,CVE-2022-32195.yaml,ac7934ee2200fdd895027687e9b9aae616298b44,CVE-2022-32195
956982269,arkede/cve-2022,CVE-2022-47966_2.yaml,ac80a349d948b67771c494e9479a39d471029a55,CVE-2022-47966
956982269,arkede/cve-2022,CVE-2022-35255.yaml,ac88cb08ce6533888f6072eb47a551b0370a257e,CVE-2022-35255
956982269,arkede/cve-2022,CVE-2022-44948.yaml,ac8bb123c9d5421b265f76b20c384610e91da81b,CVE-2022-44948
956982269,arkede/cve-2022,CVE-2022-28033.yaml,ac953fd496daa67273b6b15f6f77bd702601db33,CVE-2022-28033
956982269,arkede/cve-2022,cve-2022-25216-6717.yaml,acb7fac7795abc8229496961b47520040ca626cb,CVE-2022-25216
956982269,arkede/cve-2022,CVE-2022-39382.yaml,acb86b8526757f2595c923aa32a485ce85563b00,CVE-2022-39382
956982269,arkede/cve-2022,CVE-2022-0148_3.yaml,acbeec65872c7dfd16f1aee9315e50da98b0c0aa,CVE-2022-0148
956982269,arkede/cve-2022,CVE-2022-23898_2.yaml,acdf7fd73324962d5f1acde660e8b9cfffec7e4a,GHSA-P94Q-9Q2M-PFH2
956982269,arkede/cve-2022,CVE-2022-23898_2.yaml,acdf7fd73324962d5f1acde660e8b9cfffec7e4a,CVE-2022-23898
956982269,arkede/cve-2022,CVE-2022-24663.yaml,ad0e6e3c1664ecacac4bc77e90544bc0e9797ffb,CVE-2022-24663
956982269,arkede/cve-2022,CVE-2022-4550.yaml,ad107faa5a99eea990f021a8b8376321cb07de43,CVE-2022-4550
956982269,arkede/cve-2022,CVE-2022-3227.yaml,ad27e60040f68c6eaa6f97e7fcce4166e4584b92,CVE-2022-3227
956982269,arkede/cve-2022,CVE-2022-3300.yaml,ad2a2e3016c88339e2e8419ec7870b0232976054,CVE-2022-3300
956982269,arkede/cve-2022,CVE-2022-1601.yaml,ad3dd89fc600280d8ae92861c184d799fa330a8c,CVE-2022-1601
956982269,arkede/cve-2022,CVE-2022-45350.yaml,ad43450d65010ad7ec9711d51e851c664ec26a27,CVE-2022-45350
956982269,arkede/cve-2022,CVE-2022-3850.yaml,ad4dc567ba9ad4db0631ec1e3cb2377dbaa1ed31,CVE-2022-3850
956982269,arkede/cve-2022,CVE-2022-3800_2.yaml,ad5c254825b1a851bb7d4c78365abdbbacacadf1,CVE-2022-3800
956982269,arkede/cve-2022,CVE-2022-1220.yaml,ad7b9e9cd5510c7638e4a3cdc0f4793b1b3f6b0f,CVE-2022-1220
956982269,arkede/cve-2022,cve-2022-1597(1)_1.yaml,ada1928c78ca5274a75a815f198eccc10b6d890d,CVE-2022-1597
956982269,arkede/cve-2022,CVE-2022-3240.yaml,adbe4ea0e534fb88e33931fcb277c4810e21310b,CVE-2022-3240
956982269,arkede/cve-2022,CVE-2022-2798.yaml,adc5ea30d25397cf50fa82120effdc191a53eda5,CVE-2022-2798
956982269,arkede/cve-2022,CVE-2022-37344.yaml,add1c9f0d09041a42fd9014061b8fb059a0f39a2,CVE-2022-37344
956982269,arkede/cve-2022,CVE-2022-1028.yaml,adeb0708ff0e44f7878c0da2c876aa209776d89c,CVE-2022-1028
956982269,arkede/cve-2022,CVE-2022-45810.yaml,adee83593c8ca70586afceafeb720481d7587c74,CVE-2022-45810
956982269,arkede/cve-2022,glpi_CVE-2022-35914_1.yaml,adf63fd15e60a66c16d5bb81b8910b1047876e84,CVE-2022-35914
956982269,arkede/cve-2022,cve-2022-26233.yaml,ae06c3d08650a8f6e25343f2b374aaa81ed38a1e,CVE-2022-26233
956982269,arkede/cve-2022,CVE-2022-1398_2.yaml,ae0bdfc474b95d3ba9c8b487aa34b2fad71705be,CVE-2022-1398
956982269,arkede/cve-2022,CVE-2022-44877_2.yaml,ae1da09d53934b71c213145f2c1a5a7e27be3fac,CVE-2022-44877
956982269,arkede/cve-2022,cve-2022-29014.yaml,ae344123c2c36895fa59e1e02da26b564cacccf5,CVE-2022-29014
956982269,arkede/cve-2022,CVE-2022-47615.yaml,ae385442c704662cc22aad91ebf17b66cd4972a1,CVE-2022-47615
956982269,arkede/cve-2022,cve-2022-1724.yaml,ae3f47a528edec94e5951959ecf131c01e274546,CVE-2022-1724
956982269,arkede/cve-2022,CVE-2022-4049.yaml,ae496faa504ceeac831c3b4036d5abcd2d76e96c,CVE-2022-4049
956982269,arkede/cve-2022,CVE-2022-23335.yaml,ae5520983ac45ee84e882f25d4745b258b66d575,CVE-2022-23335
956982269,arkede/cve-2022,CVE-2022-44743.yaml,ae69f80b291bbad2a3a5584c45635473ddc248af,CVE-2022-44743
956982269,arkede/cve-2022,CVE-2022-36272.yaml,ae6ee842456627ab42aae37372cfe13c23517756,CVE-2022-36272
956982269,arkede/cve-2022,CVE-2022-1547.yaml,ae9b61e02f9f201c348165672653acd2733b1bbd,CVE-2022-1547
956982269,arkede/cve-2022,CVE-2022-1599.yaml,aea6bb4b151337b0906c8df903775d2048576e02,CVE-2022-1599
956982269,arkede/cve-2022,CVE-2022-31977.yaml,aebdef97b64c828cbc2f1d31d6ebf659b305e410,CVE-2022-31977
956982269,arkede/cve-2022,CVE-2022-29078_1.yaml,aed8a35514a9881351a71b303b597db1157c9da4,CVE-2022-29078
956982269,arkede/cve-2022,CVE-2022-4049_2.yaml,aedb501c9a5755ce39a3c65479c667b93b7f2891,CVE-2022-4049
956982269,arkede/cve-2022,CVE-2022-22536_3.yaml,af12d1b3dcac526cc680c4e99f6d06ddeec74ab5,CVE-2022-22536
956982269,arkede/cve-2022,CVE-2022-0879.yaml,af12fe9b8ebfdedf09649b142208872b718fe8c5,CVE-2022-0879
956982269,arkede/cve-2022,CVE-2022-1952_1.yaml,af18aaa83fbf26ef7cb65321c5632aa2263e187c,CVE-2022-1952
956982269,arkede/cve-2022,CVE-2022-43015.yaml,af1e67886e4fabb6a185b85e2524128c024f415d,CVE-2022-43015
956982269,arkede/cve-2022,CVE-2022-21306.yaml,af3b48a79a1fa4353c46ff63877d8465d08f78ca,CVE-2022-21306
956982269,arkede/cve-2022,CVE-2022-29153_1.yaml,af7ccb0e452778157c8ff5ca7cc0cef5ed602965,CVE-2022-29153
956982269,arkede/cve-2022,CVE-2022-46858.yaml,af7de3a2740bc9cb33122bfae5357894e2467943,CVE-2022-46858
956982269,arkede/cve-2022,CVE-2022-1913.yaml,af859247434188fc720bdb0336d77997fbfb93c5,CVE-2022-1913
956982269,arkede/cve-2022,Confluence_CVE-2022-26134.yaml,affb41dc3e8a485a9cbc8ad08b04e84156ad6463,CVE-2022-26134
956982269,arkede/cve-2022,CVE-2022-3881.yaml,affcb79c8b4192ebbe2e06066e32b0f089a2e745,CVE-2022-3881
956982269,arkede/cve-2022,CVE-2022-47986.yaml,b003421c643dae796cde2f693bae9c69c7267f22,CVE-2022-47986
956982269,arkede/cve-2022,CVE-2022-23943.yaml,b01214cdea2e43d460750a12a57141908177ace7,CVE-2022-23943
956982269,arkede/cve-2022,CVE-2022-29007_2.yaml,b0199a1db8400bad64bdf153b080cbccde03f28a,CVE-2022-29007
956982269,arkede/cve-2022,CVE-2022-3925.yaml,b02ab86076dc471c80159fc8ece7649bf0b5f708,CVE-2022-3925
956982269,arkede/cve-2022,CVE-2022-4152.yaml,b0458fa38f885baf6ffbc72a5279e65c04feb49f,CVE-2022-4152
956982269,arkede/cve-2022,CVE-2022-38061.yaml,b06770fd02c62af1fdd0f3f1d8a85d94d6db3543,CVE-2022-38061
956982269,arkede/cve-2022,CVE-2022-20712.yaml,b07e96031570fedffdfc2aaa9591d5d39c0cd5af,CVE-2022-20712
956982269,arkede/cve-2022,CVE-2022-0209.yaml,b08e6f372878fac532d6591adf359a8d466a32f2,CVE-2022-0209
956982269,arkede/cve-2022,CVE-2022-29750.yaml,b0a8471de6babef90d5051e803d3772d60d5b918,CVE-2022-29750
956982269,arkede/cve-2022,CVE-2022-44737.yaml,b0ac2d5e3c05d9ca8ccb39e405123defdc0c4c19,CVE-2022-44737
956982269,arkede/cve-2022,CVE-2022-3622.yaml,b0e57aa9e6052519f254375f352037e2176f2479,CVE-2022-3622
956982269,arkede/cve-2022,CVE-2022-1412.yaml,b0ee3d5b8b28ea0ecaa3d6152298952177c3673c,CVE-2022-1412
956982269,arkede/cve-2022,CVE-2022-1194.yaml,b0f0c09000dcef9dd6d76c52434518a43db13e8e,CVE-2022-1194
956982269,arkede/cve-2022,CVE-2022-2371.yaml,b0fc2a07e63ff0214015949c89fee1679a5ade69,CVE-2022-2371
956982269,arkede/cve-2022,cve-2022-33174.yaml,b1010f26127187c55dd9b3dad5b8728f9e963286,CVE-2022-33174
956982269,arkede/cve-2022,CVE-2022-42977.yaml,b116490403d3f03603e7a34a84895ecc8c9e3b43,CVE-2022-42977
956982269,arkede/cve-2022,CVE-2022-25649.yaml,b125bebef4e93584a76126dc2b8edfa0acc2395f,CVE-2022-25649
956982269,arkede/cve-2022,CVE-2022-47180.yaml,b129be4578e475659c0fb108b5f9fbba1fc16638,CVE-2022-47180
956982269,arkede/cve-2022,CVE-2022-28022.yaml,b1531e702533e93d4ab6f8092e78355768befee0,CVE-2022-28022
956982269,arkede/cve-2022,CVE-2022-36343.yaml,b1619c7ad3eb3a51b1514375b01af767ee1792c5,CVE-2022-36343
956982269,arkede/cve-2022,CVE-2022-29007.yaml,b16b2663e1fe7fab317e7bb9820a38d954fe55d6,CVE-2022-29007
956982269,arkede/cve-2022,CVE-2022-36804_1.yaml,b170761e0b664c196a2da1541b969cd184e83078,CVE-2022-36804
956982269,arkede/cve-2022,CVE-2022-4763.yaml,b188ad4d40854bc28e77ef222982b5da188a1236,CVE-2022-4763
956982269,arkede/cve-2022,CVE-2022-0837.yaml,b19251722d5eebda51fa5f5c757b5a0eb930171d,CVE-2022-0837
956982269,arkede/cve-2022,CVE-2022-29009.yaml,b1b1cd95bec327da9ae01e34253a50659a6f0459,CVE-2022-29009
956982269,arkede/cve-2022,CVE-2022-0328.yaml,b1b85f68c36c1b3532b22ca51d8d6f47403e608d,CVE-2022-0328
956982269,arkede/cve-2022,CVE-2022-24899.yaml,b1bf55d2ddd2ecb5377551dcd18b7a481f5ff087,GHSA-M8X6-6R63-QVJ2
956982269,arkede/cve-2022,CVE-2022-24899.yaml,b1bf55d2ddd2ecb5377551dcd18b7a481f5ff087,CVE-2022-24899
956982269,arkede/cve-2022,CVE-2022-29272_2.yaml,b1c5b5532c3587820d711b0de0ff9e837e0c043c,CVE-2022-29272
956982269,arkede/cve-2022,cve-2022-1040.yaml,b1d05dd2c9388a270b553cb323240cd643f524f9,CVE-2022-1040
956982269,arkede/cve-2022,CVE-2022-35151.yaml,b1d0a14320612516cf27a15c6fbb98bd5b5c70a6,CVE-2022-35151
956982269,arkede/cve-2022,CVE-2022-1268.yaml,b1d26ce4ac452701a1cd515957749145a4262746,CVE-2022-1268
956982269,arkede/cve-2022,CVE-2022-39369.yaml,b1ffccc1af56793d1b95e79614dbebc13d13adea,CVE-2022-39369
956982269,arkede/cve-2022,CVE-2022-39369.yaml,b1ffccc1af56793d1b95e79614dbebc13d13adea,GHSA-8Q72-6QQ8-XV64
956982269,arkede/cve-2022,CVE-2022-46815.yaml,b215c2953b1b7278a0192daecd8336c23ca8473e,CVE-2022-46815
956982269,arkede/cve-2022,CVE-2022-0320.yaml,b21ae25f67e6af6974c27fd6d145813d0b360b70,CVE-2022-0320
956982269,arkede/cve-2022,CVE-2022-30519.yaml,b243ba1f709c047706b54179a4a406c2c1d38c5b,CVE-2022-30519
956982269,arkede/cve-2022,CVE-2022-47429.yaml,b25a5e495c7e61226d66f33fa5843cc9a90b20a0,CVE-2022-47429
956982269,arkede/cve-2022,CVE-2022-0701.yaml,b25fb7ff827b33b21050ff91a8dd7c8bcd3a6548,CVE-2022-0701
956982269,arkede/cve-2022,CVE-2022-0948.yaml,b2e11198d4a1dd4d42dd0dfc3c04b525ed2348d3,CVE-2022-0948
956982269,arkede/cve-2022,CVE-2022-22972.yaml,b2e3869300efd58f1b76e5a09587fe9ea85e0853,CVE-2022-22972
956982269,arkede/cve-2022,CVE-2022-4512.yaml,b2f08b541a38e4401ed33d814aca36266793ef51,CVE-2022-4512
956982269,arkede/cve-2022,CVE-2022-32772.yaml,b2f2680a2812e40872ccec82f7fd20a4e914a9b0,CVE-2022-32772
956982269,arkede/cve-2022,CVE-2022-3848.yaml,b2f6a83234625f4696e52f618402b4cecb34f825,CVE-2022-3848
956982269,arkede/cve-2022,CVE-2022-1027.yaml,b2fc2fb0c9e478494fa1b1024227f6233ddac857,CVE-2022-1027
956982269,arkede/cve-2022,CVE-2022-36378.yaml,b30c21e40a229dcaa16a2992873a9b5af152ff58,CVE-2022-36378
956982269,arkede/cve-2022,CVE-2022-4391.yaml,b3299e0cf5b5a524b29398f031bb880c1ad935ee,CVE-2022-4391
956982269,arkede/cve-2022,CVE-2022-4357.yaml,b32a9143555af62cf9ec984a663fbb0ced848c27,CVE-2022-4357
956982269,arkede/cve-2022,CVE-2022-4478.yaml,b344a8e3eeb3617ea67ef231305834801657ae67,CVE-2022-4478
956982269,arkede/cve-2022,cve-2022-26564-6739.yaml,b359436331a66c07bd2865497116ca756f06b19b,CVE-2022-26564
956982269,arkede/cve-2022,CVE-2022-0633.yaml,b35cc48deb9601ba8c340a65d73804dcc23092be,CVE-2022-0633
956982269,arkede/cve-2022,CVE-2022-41655.yaml,b361224fffc762c833274cdcfab78969f54416b4,CVE-2022-41655
956982269,arkede/cve-2022,CVE-2022-48547.yaml,b36d24dbe1e37de1e2028b4b769e7536bd74d6cc,CVE-2022-48547
956982269,arkede/cve-2022,CVE-2022-2233.yaml,b37f1cb61d51d0a27a618b503011f745c67da734,CVE-2022-2233
956982269,arkede/cve-2022,CVE-2022-0703.yaml,b384af3ea8cf2c7f32f2c64d0758e6fb65f15e01,CVE-2022-0703
956982269,arkede/cve-2022,cve-2022-23944-6699.yaml,b384d971d21d87e52da57944385cf7c81fe19edb,CVE-2022-23944
956982269,arkede/cve-2022,CVE-2022-1418.yaml,b3852035fc78fcf456c44e61637417129cc8a10e,CVE-2022-1418
956982269,arkede/cve-2022,CVE-2022-41785.yaml,b3870c2979e779a3941a36b5ea1e65c818348c51,CVE-2022-41785
956982269,arkede/cve-2022,CVE-2022-0360.yaml,b39151e912f451abb3ba28612d0e58d5d855381b,CVE-2022-0360
956982269,arkede/cve-2022,CVE-2022-33965_2.yaml,b39c4bd5e5b411ee98d0e1974c56b0541dd728e1,CVE-2022-33965
956982269,arkede/cve-2022,cve-2022-23779-6691.yaml,b3d9e889ab8355599ac39ece46ad1e376e23a57d,CVE-2022-23779
956982269,arkede/cve-2022,CVE-2022-2174.yaml,b3e0a3deee4667ea07ab1e8930985832a0084e18,CVE-2022-2174
956982269,arkede/cve-2022,CVE-2022-21630.yaml,b3ff112ab058697f02c2c4cf1cf6b2970ff38e71,CVE-2022-21630
956982269,arkede/cve-2022,cve-2022-24990.yaml,b40361f28011c2feb5dda27c5bcece2cafc00bb3,CVE-2022-24990
956982269,arkede/cve-2022,CVE-2022-3024.yaml,b41517d3258066a24e6b390336b3b6786bda7596,CVE-2022-3024
956982269,arkede/cve-2022,CVE-2022-4328_2.yaml,b420cff61641ea1871dc75c79fa053cf62cc0f8e,CVE-2022-4328
956982269,arkede/cve-2022,CVE-2022-3484.yaml,b45c42e40ab50cf9941be42a7e0db1a645769b57,CVE-2022-3484
956982269,arkede/cve-2022,CVE-2022-32026_2.yaml,b45f4f5621e6c60fd382993e92d01383773f296e,CVE-2022-32028
956982269,arkede/cve-2022,CVE-2022-32026_2.yaml,b45f4f5621e6c60fd382993e92d01383773f296e,CVE-2022-32026
956982269,arkede/cve-2022,CVE-2022-47130.yaml,b479713ff7c3ede7b8df2b679968de05e9d156c8,CVE-2022-47130
956982269,arkede/cve-2022,CVE-2022-3912.yaml,b47c52af75e68eedefc5f05d00dcb91138a86a26,CVE-2022-3912
956982269,arkede/cve-2022,CVE-2022-31977_2.yaml,b47c68fbfe45c9e526909e223ca76bd2bd9efafe,CVE-2022-31977
956982269,arkede/cve-2022,CVE-2022-4483.yaml,b47f83207ad78cc1842c1f3c2080869745e8ff10,CVE-2022-4483
956982269,arkede/cve-2022,CVE-2022-2091.yaml,b48d049cdb723dc6fc2a391224c50e202119efcc,CVE-2022-2091
956982269,arkede/cve-2022,CVE-2022-1273.yaml,b4a6b91304d2bd446ab0c6d1e1d8066318e0249e,CVE-2022-1273
956982269,arkede/cve-2022,CVE-2022-31061.yaml,b4addf1dba763986dd6cbf6d382f883289bae228,GHSA-W2GC-V2GM-Q7WQ
956982269,arkede/cve-2022,CVE-2022-31061.yaml,b4addf1dba763986dd6cbf6d382f883289bae228,CVE-2022-31061
956982269,arkede/cve-2022,CVE-2022-46816.yaml,b4b8497bb2af8f750e2277820a56340264bdea8d,CVE-2022-46816
956982269,arkede/cve-2022,CVE-2022-2756_3.yaml,b4b866307b039377a9e13334962c1e6e96a1b86f,CVE-2022-2756
956982269,arkede/cve-2022,CVE-2022-0775.yaml,b4c3a034dcd71280a87d7ac0eba61715710f33a2,CVE-2022-0775
956982269,arkede/cve-2022,cve-2022-32022.yaml,b4e8db9a15442b57fb0a83c25411a404aeb04ba9,CVE-2022-32022
956982269,arkede/cve-2022,cve-2022-0281-6620.yaml,b4ee97f626d16d30014aefe5b42017fab9868cef,CVE-2022-0281
956982269,arkede/cve-2022,CVE-2022-29436.yaml,b51077a5297acd213f52f6f92a5e1478dea8309a,CVE-2022-29436
956982269,arkede/cve-2022,CVE-2022-0332.yaml,b5164e5e0d8d4f9c812b232e03552f67038d0507,CVE-2022-0332
956982269,arkede/cve-2022,CVE-2022-1895.yaml,b51f4679eb741e07dc5aed02af02214cc938d12f,CVE-2022-1895
956982269,arkede/cve-2022,CVE-2022-45812.yaml,b5263c6b4c5a48c0dcc731ad6d5f5df1061e4f9d,CVE-2022-45812
956982269,arkede/cve-2022,CVE-2022-33978.yaml,b528926db21380b272b9854978208745df358819,CVE-2022-33978
956982269,arkede/cve-2022,CVE-2022-29751.yaml,b5295159f220d73f3d40b987173de2078b65ebf1,CVE-2022-29751
956982269,arkede/cve-2022,cve-2022-24288-6712.yaml,b52dd0fdfdac79dbe1830510e00777bd69bac6f2,GHSA-3V7G-4PG3-7R6J
956982269,arkede/cve-2022,cve-2022-24288-6712.yaml,b52dd0fdfdac79dbe1830510e00777bd69bac6f2,CVE-2022-24288
956982269,arkede/cve-2022,CVE-2022-44629.yaml,b53706bb08a8409115465d0d121306885b18ef3f,CVE-2022-44629
956982269,arkede/cve-2022,CVE-2022-4417.yaml,b5403051a04f8e065bd593249fc71dfdfd3d0652,CVE-2022-4417
956982269,arkede/cve-2022,CVE-2022-45354.yaml,b543e06920ab15cb955118695332a5df31a3ccc6,CVE-2022-45354
956982269,arkede/cve-2022,CVE-2022-0634.yaml,b54719b9d42d439c07485cf307dc0851edf2c889,CVE-2022-0634
956982269,arkede/cve-2022,CVE-2022-3919.yaml,b551c96841138e93a17fede3d41054e42a50c86b,CVE-2022-3919
956982269,arkede/cve-2022,CVE-2022-36390.yaml,b55a44ce105025e50cdb9b97e68f58dea78b236d,CVE-2022-36390
956982269,arkede/cve-2022,CVE-2022-0787_2.yaml,b55da09d4370536807b494540dd2485cd7926d8b,CVE-2022-0787
956982269,arkede/cve-2022,CVE-2022-3800.yaml,b580ebe5f294ed9592ad658d35511c14c063b323,CVE-2022-3800
956982269,arkede/cve-2022,CVE-2022-4664.yaml,b58eb74a156b5835a2feca429efba8a5ee4ef78f,CVE-2022-4664
956982269,arkede/cve-2022,CVE-2022-3753.yaml,b597f7b2916fc1a32b3e6d60987f22de99186c41,CVE-2022-3753
956982269,arkede/cve-2022,CVE-2022-40671.yaml,b59e0b22038cf01cfea55d16f839386f15305f1a,CVE-2022-40671
956982269,arkede/cve-2022,CVE-2022-36537.yaml,b5a30e9750cbbded225db2806e86d9201b292349,CVE-2022-36537
956982269,arkede/cve-2022,CVE-2022-0140_1.yaml,b5a397c406d677700ba6b0fc1d7fa089a80f20ed,CVE-2022-0140
956982269,arkede/cve-2022,CVE-2022-47146.yaml,b5c867c2b583c049c637897f9c6d5308e06366d0,CVE-2022-47146
956982269,arkede/cve-2022,CVE-2022-0161.yaml,b5d548400d6aa5baa8b1fd988013fa8ded83d05f,CVE-2022-0161
956982269,arkede/cve-2022,cve-2022-0599(1).yaml,b5fc65dd9431721e7f3f61d1900c972bf97f64c6,CVE-2022-0599
956982269,arkede/cve-2022,CVE-2022-47154.yaml,b5ffcf3f093555457f14ae9edda308a4c4a97fc3,CVE-2022-47154
956982269,arkede/cve-2022,CVE-2022-46463.yaml,b60e6891140e19036c5a2690b9b36922d226c410,CVE-2022-46463
956982269,arkede/cve-2022,cve-2022-25323-6722.yaml,b61982045c58bf5a9a707c502562fe4e4a664277,CVE-2022-25323
956982269,arkede/cve-2022,CVE-2022-41800_1.yaml,b6293b1dbb4d1358481474ed3179d4d80847a4db,CVE-2022-1388
956982269,arkede/cve-2022,CVE-2022-41800_1.yaml,b6293b1dbb4d1358481474ed3179d4d80847a4db,CVE-2022-41800
956982269,arkede/cve-2022,CVE-2022-40132.yaml,b6429b53f02b8a6523dc7bc82218f215af82dadd,CVE-2022-40132
956982269,arkede/cve-2022,CVE-2022-4010.yaml,b678d4dc13651c119a4a8178ad5ec828dedcb88f,CVE-2022-4010
956982269,arkede/cve-2022,CVE-2022-43018_2.yaml,b67c145f807e1b5d9eac3444ee19e21eeb71dbfb,CVE-2022-43018
956982269,arkede/cve-2022,CVE-2022-43016.yaml,b6828fdd9fe319f929f67741cec2d8a6bfc9cdf4,CVE-2022-43016
956982269,arkede/cve-2022,CVE-2022-42096_1.yaml,b6a3d5aafc76e787690df471b148e5d332560729,CVE-2022-42096
956982269,arkede/cve-2022,cve-2022-1020.yaml,b6a66726ef03e6d747019c35822d31a7aae77dac,CVE-2022-1020
956982269,arkede/cve-2022,CVE-2022-37339.yaml,b6ad17f0812b44f21ce7a20582ae96794f5f47ce,CVE-2022-37339
956982269,arkede/cve-2022,CVE-2022-1815_2.yaml,b6aea15a2189cd5e5f2811df113184f23308a115,CVE-2022-1815
956982269,arkede/cve-2022,CVE-2022-44593.yaml,b6c87c8f3061b543fad918bba55c365bc7b0a4c4,CVE-2022-44593
956982269,arkede/cve-2022,CVE-2022-0212.yaml,b6db0528850d385ce81fdbcb29a08036ea0d1dc1,CVE-2022-0212
956982269,arkede/cve-2022,cve-2022-26148-6729.yaml,b6e14d942947dfe7af0fe59fea9036f8f05a2015,CVE-2022-26148
956982269,arkede/cve-2022,cve-2022-26148.yaml,b6efaa6c017cdf73e5b50170427381310e34c1ef,CVE-2022-26148
956982269,arkede/cve-2022,CVE-2022-2149.yaml,b6fc8900c01f047f39afcac019977e654e006f3a,CVE-2022-2149
956982269,arkede/cve-2022,CVE-2022-37309.yaml,b7001185a83730ee55b6b1a8d249ad303b6fbc21,CVE-2022-37309
956982269,arkede/cve-2022,CVE-2022-47155.yaml,b712908fdbfe58e1bcfd860c3bb75e19cd068174,CVE-2022-47155
956982269,arkede/cve-2022,CVE-2022-43014_1.yaml,b717c6dc89f6cea5a49cf29891f97f894e83dce6,CVE-2022-43014
956982269,arkede/cve-2022,CVE-2022-41800.yaml,b725f7ae25413f570200ca541ad7bfa2aee8102b,CVE-2022-41800
956982269,arkede/cve-2022,CVE-2022-41800.yaml,b725f7ae25413f570200ca541ad7bfa2aee8102b,CVE-2022-1388
956982269,arkede/cve-2022,CVE-2022-44587.yaml,b7336a7427cde283c3f1059e3da67c9480f4954c,CVE-2022-44587
956982269,arkede/cve-2022,CVE-2022-2041.yaml,b74109814f12c34c6df68f28c341cfba29570f25,CVE-2022-2041
956982269,arkede/cve-2022,CVE-2022-34862.yaml,b7450776273f65282c955e7374a9213034659a63,CVE-2022-34862
956982269,arkede/cve-2022,cve-2022-0140-6603.yaml,b757f7749c33a0497fbb2fab43417cb25de44f18,CVE-2022-0140
956982269,arkede/cve-2022,CVE-2022-0788.yaml,b77538469ac9431c8042e95ebd84ea5c7c47afb1,CVE-2022-0788
956982269,arkede/cve-2022,CVE-2022-1762.yaml,b77acdfe29fd478200f0936437890c10fa5b7058,CVE-2022-1762
956982269,arkede/cve-2022,CVE-2022-35493.yaml,b790b29e716a7f6183e4e10cce934725d1957d3f,CVE-2022-35493
956982269,arkede/cve-2022,CVE-2022-0234_2_1.yaml,b7c28ed5a29ba7a4a4b1933057e2203b64a28312,CVE-2022-0234
956982269,arkede/cve-2022,CVE-2022-41652.yaml,b7d74866b134bdae5cf8f9f76cf7f8d4eab86fff,CVE-2022-41652
956982269,arkede/cve-2022,CVE-2022-3858.yaml,b7eec93e1ccba981c8faea553bf45d99a4c23160,CVE-2022-3858
956982269,arkede/cve-2022,CVE-2022-0869.yaml,b7f7d935ee3e3c52b1a2fe25b44db1bc5aa88da5,CVE-2022-0869
956982269,arkede/cve-2022,CVE-2022-29441.yaml,b7f99ddb34ac37ae7c93e8237e297a30fb035df2,CVE-2022-29441
956982269,arkede/cve-2022,CVE-2022-3832.yaml,b802a12d4a442c1ccd2979afbc01f557e809658d,CVE-2022-3832
956982269,arkede/cve-2022,CVE-2022-44949.yaml,b82915c76e760eb6fa2a4405661592f738f554b3,CVE-2022-44949
956982269,arkede/cve-2022,CVE-2022-45366.yaml,b82a32ab39024fccaf415e24a2aee4943623a149,CVE-2022-45366
956982269,arkede/cve-2022,CVE-2022-45351.yaml,b853852c4d3690524e0c1948a6bb405919c50ad5,CVE-2022-45351
956982269,arkede/cve-2022,CVE-2022-45351.yaml,b853852c4d3690524e0c1948a6bb405919c50ad5,CVE-2022-45356
956982269,arkede/cve-2022,CVE-2022-23854.yaml,b88b7843cd2565a269066066a503005188e425de,CVE-2022-23854
956982269,arkede/cve-2022,CVE-2022-32289.yaml,b8a158a116e46b8f67178714dc32a31d5d5c6ddf,CVE-2022-32289
956982269,arkede/cve-2022,CVE-2022-2934.yaml,b8bf23a2ad4fffc3bcf0748c8d587f54dcb005ce,CVE-2022-2934
956982269,arkede/cve-2022,CVE-2022-43480.yaml,b8ce5984f8fc2a16b478e49d3235a92ac7c8ccf1,CVE-2022-43480
956982269,arkede/cve-2022,CVE-2022-34121.yaml,b8daaa78dca5d3a98c1358487c65bb877976118f,CVE-2022-34121
956982269,arkede/cve-2022,CVE-2022-31876.yaml,b8e977752106c677a913861d856da6a2e95586bf,CVE-2022-31876
956982269,arkede/cve-2022,CVE-2022-4653.yaml,b9074e40e3a9d3636b03084bbb25640648a4f09e,CVE-2022-4653
956982269,arkede/cve-2022,CVE-2022-0781_2.yaml,b9096203eed03a62457dbc562d64276cadf6ca48,CVE-2022-0781
956982269,arkede/cve-2022,CVE-2022-2398.yaml,b91065648d75673efaf4b88ace980c9bf8d9d617,CVE-2022-2398
956982269,arkede/cve-2022,cve-2022-33119(1).yaml,b910eba89ee04e448649365bf4fb190c62226fd8,CVE-2022-33119
956982269,arkede/cve-2022,CVE-2022-33943.yaml,b9159a224bc73530f5fa4d43d00a1e6cf5290fbe,CVE-2022-33943
956982269,arkede/cve-2022,cve-2022-32025.yaml,b926083972528e69ba2d9b148216a36e9e5ba576,CVE-2022-32025
956982269,arkede/cve-2022,CVE-2022-0625.yaml,b93431bdfdfececdbbaf70710a74a44ca948666d,CVE-2022-0625
956982269,arkede/cve-2022,CVE-2022-2169.yaml,b9518876e9f3d48e9a412bbd32a4795d8a12968e,CVE-2022-2169
956982269,arkede/cve-2022,CVE-2022-2912.yaml,b9557fc1b7a30564550dd2b3a470683531302c12,CVE-2022-2912
956982269,arkede/cve-2022,CVE-2022-1686.yaml,b96dcc0b3893158bd39f6f6ff92eb586b5c2611d,CVE-2022-1686
956982269,arkede/cve-2022,CVE-2022-45082.yaml,b96fc419c188e83003c52591357ca41582abdf7c,CVE-2022-45082
956982269,arkede/cve-2022,CVE-2022-0747.yaml,b97626f5bbfe8a932a14059b9cd8eabc1e146ac3,CVE-2022-0747
956982269,arkede/cve-2022,CVE-2022-3383.yaml,b97792c5bf368fe436f18eb44d2efb3d6929efba,CVE-2022-3383
956982269,arkede/cve-2022,CVE-2022-3383.yaml,b97792c5bf368fe436f18eb44d2efb3d6929efba,CVE-2022-3384
956982269,arkede/cve-2022,CVE-2022-4059_2.yaml,b9792436fcf0b73a4cbfeb45e1af02a401d8e5e1,CVE-2022-4059
956982269,arkede/cve-2022,CVE-2022-31028.yaml,b9827c9d834d00e2caba31c1cba3336be26ccd23,GHSA-QRPR-R3PW-F636
956982269,arkede/cve-2022,CVE-2022-31028.yaml,b9827c9d834d00e2caba31c1cba3336be26ccd23,CVE-2022-31028
956982269,arkede/cve-2022,CVE-2022-25149_2.yaml,b9ab0996fad64453a467da6126694afad121b545,CVE-2022-25149
956982269,arkede/cve-2022,cve-2022-34049(1).yaml,b9ab6cbdd68210fc5f59aabde4ba146b7c8f6535,CVE-2022-34049
956982269,arkede/cve-2022,CVE-2022-41134.yaml,ba02d030e2fed38b71ffad506876831a91aba456,CVE-2022-41134
956982269,arkede/cve-2022,CVE-2022-3601.yaml,ba0744b21b3d95724a368c04085b9b06dd4c0536,CVE-2022-3601
956982269,arkede/cve-2022,cve-2022-34047.yaml,ba13e73fc9f5d0ecdba5623f7aa82a18e7e465c7,CVE-2022-34047
956982269,arkede/cve-2022,CVE-2022-46020_2.yaml,ba3769558e37986e70e73ddd1577bdb353915229,CVE-2022-46020
956982269,arkede/cve-2022,CVE-2022-35151_1.yaml,ba4a2d0f03c8d831b2d01722a0ce7e1f1c540440,CVE-2022-35151
956982269,arkede/cve-2022,CVE-2022-29006_3.yaml,ba51b1d3cbff00b01094b268c4e31858b590664c,CVE-2022-29006
956982269,arkede/cve-2022,CVE-2022-0647.yaml,ba7d37cf8f723b3e4e3b4fafc3fec4e42b171c59,CVE-2022-0647
956982269,arkede/cve-2022,cve-2022-0432.yaml,ba8536022ecc58a3a6afebfb2da6a63685b17744,CVE-2022-0432
956982269,arkede/cve-2022,CVE-2022-34048_3.yaml,ba898d1ec63d427ebf1d712689e4a15112343da6,CVE-2022-34048
956982269,arkede/cve-2022,cve-2022-21500.yaml,ba9f7fb5603d0a24ff46b639df3458ad77ff71f2,CVE-2022-21500
956982269,arkede/cve-2022,cve-2022-0381.yaml,bab0c1f47359cc9c8960f33d7266351eb1565086,CVE-2022-0381
956982269,arkede/cve-2022,CVE-2022-25811.yaml,bab2c1a3484cd4294182f8dcc76ce4bc3e53ff63,CVE-2022-25811
956982269,arkede/cve-2022,CVE-2022-26043.yaml,babc359df33a945a0161d1f1d0b2b02c004664b1,CVE-2022-26043
956982269,arkede/cve-2022,cve-2022-0378-6624.yaml,bac3646c3a4db4cb4314725df7b764c608bc1587,CVE-2022-0378
956982269,arkede/cve-2022,CVE-2022-0220_1.yaml,bad36ebda2aabc8f6528e6970ea138c8002b140f,CVE-2022-0220
956982269,arkede/cve-2022,CVE-2022-4306_1_1.yaml,baf4b74e105b23b4285e71fe8168ccd0cecf2694,CVE-2022-4306
956982269,arkede/cve-2022,CVE-2022-0364.yaml,bb3043e1b690e73f167fa9a20f9dfc8be280463f,CVE-2022-0364
956982269,arkede/cve-2022,CVE-2022-46794.yaml,bb310286bcb0ffcdec4b02d9249bb07e213c1157,CVE-2022-46794
956982269,arkede/cve-2022,CVE-2022-45842.yaml,bb4f3340f8a7d908282c23a4b33ea0e0d379be67,CVE-2022-45842
956982269,arkede/cve-2022,CVE-2022-30513_1.yaml,bb501e91555ca73c5f2a7cdf8408a51e34516e4f,CVE-2022-30513
956982269,arkede/cve-2022,CVE-2022-4672.yaml,bb6ec95f370134b512913244405f0eca491b1bca,CVE-2022-4672
956982269,arkede/cve-2022,CVE-2022-2117.yaml,bb9e79de56f752eea4db81721ffcc23cdfa5043b,CVE-2022-2117
956982269,arkede/cve-2022,CVE-2022-23638.yaml,bbb2834a4994166026b4020e435c10cb050d629f,CVE-2022-23638
956982269,arkede/cve-2022,CVE-2022-4837.yaml,bbc7f6eb1382635fd8fc296a3b9cedfb2b4f8303,CVE-2022-4837
956982269,arkede/cve-2022,CVE-2022-24775.yaml,bbc8908d5965c1b1dbb8a79c4407a63091b1dd83,GHSA-Q7RV-6HP3-VH96
956982269,arkede/cve-2022,CVE-2022-24775.yaml,bbc8908d5965c1b1dbb8a79c4407a63091b1dd83,CVE-2022-24775
956982269,arkede/cve-2022,CVE-2022-31126.yaml,bbe8907a296275da16424fc7869615afcb1767c7,GHSA-MH86-878H-43C9
956982269,arkede/cve-2022,CVE-2022-31126.yaml,bbe8907a296275da16424fc7869615afcb1767c7,CVE-2022-31137
956982269,arkede/cve-2022,CVE-2022-31126.yaml,bbe8907a296275da16424fc7869615afcb1767c7,CVE-2022-31126
956982269,arkede/cve-2022,CVE-2022-34267.yaml,bbf932a92b36f2a735d031d65db5809eb355728a,CVE-2022-34267
956982269,arkede/cve-2022,CVE-2022-43168.yaml,bc01b7b7109ce36231a3b6ee43b25fe41d714c3e,CVE-2022-43168
956982269,arkede/cve-2022,CVE-2022-0431.yaml,bc0dc1424c313e430eb42fd7dc0f5b2e89d4747e,CVE-2022-0431
956982269,arkede/cve-2022,CVE-2022-2440.yaml,bc2f406fd038b652a2ffe7e4d17c9cc533260faf,CVE-2022-2440
956982269,arkede/cve-2022,CVE-2022-4622.yaml,bc63b1c703c8f72c917958c255880af0bd679a61,CVE-2022-4622
956982269,arkede/cve-2022,cve-2022-22954-6667.yaml,bc6ad3eab1b937b523cd66fbfda5f9619645da5b,CVE-2022-22954
956982269,arkede/cve-2022,CVE-2022-46169_2.yaml,bc6ccccf81288f001d748ed15204d0c122affb4a,CVE-2022-46169
956982269,arkede/cve-2022,CVE-2022-0752.yaml,bc7908cf5dbddf57c1aff1cc0912854f708ec124,CVE-2022-0752
956982269,arkede/cve-2022,CVE-2022-48008.yaml,bcb0d21a953271e945a507b137dc74dff3d804cc,CVE-2022-48008
956982269,arkede/cve-2022,CVE-2022-3836.yaml,bce53772ed32bde0164ae124ec53644beab1e08b,CVE-2022-3836
956982269,arkede/cve-2022,CVE-2022-1793.yaml,bce9afbde31456da9ecc4e6a6a1328562f749671,CVE-2022-1793
956982269,arkede/cve-2022,cve-2022-22947-6663.yaml,bcfadba573a4c578cd2559dffa7d073a211619ad,CVE-2022-22947
956982269,arkede/cve-2022,CVE-2022-1057_2.yaml,bd17921adb4e9b56ecc703bdd4120eaef6c527a9,CVE-2022-1057
956982269,arkede/cve-2022,CVE-2022-29432.yaml,bd20d992b8041aba9b25d503c775b469cea7c317,CVE-2022-29432
956982269,arkede/cve-2022,cve-2022-0149.yaml,bd2461d7faaad506248071710bb68b1f24db28f9,CVE-2022-0149
956982269,arkede/cve-2022,CVE-2022-46801.yaml,bd2702340bc5588182e284aaf50884c01a9d0a47,CVE-2022-46801
956982269,arkede/cve-2022,CVE-2022-24681_1.yaml,bd2e55a496e4d1d769bf2b83898d46e2d456e9da,CVE-2022-24681
956982269,arkede/cve-2022,CVE-2022-2314_2.yaml,bd769cb4df3542b2c6f66a36346a38bff73117ed,CVE-2022-2314
956982269,arkede/cve-2022,CVE-2022-4393.yaml,bd91282028c12411f60d519b2865a40b73846970,CVE-2022-4393
956982269,arkede/cve-2022,CVE-2022-24266.yaml,bd9a3c7081524a1535be6f8f02f5e3267116d508,CVE-2022-24266
956982269,arkede/cve-2022,CVE-2022-0479.yaml,bda7b4a25ac0ee8ca03f9d9de3f1d6e9052af436,CVE-2022-0479
956982269,arkede/cve-2022,CVE-2022-0678.yaml,bda9da570a1b65d918f11c8b07a270eaaaf503b7,CVE-2022-0678
956982269,arkede/cve-2022,CVE-2022-36161.yaml,bdab854b6d112c907886548430f51e1ef85f0808,CVE-2022-36161
956982269,arkede/cve-2022,CVE-2022-28956.yaml,bdc2358243bd91b275868e8bfb5a67a6c7c483cd,CVE-2022-28956
956982269,arkede/cve-2022,CVE-2022-3283.yaml,bde405e4e602bb32b94bab3392284dce06d364c2,CVE-2022-3283
956982269,arkede/cve-2022,cve-2022-0149-6608_1.yaml,bde8721c161895bd0d590e9201566d87f4861863,CVE-2022-0149
956982269,arkede/cve-2022,CVE-2022-0428.yaml,bdeea69370e40d7dbb57455b5d7df7d99052bcb2,CVE-2022-0428
956982269,arkede/cve-2022,cve-2022-23944.yaml,bdf9e801edda306ed7cb9a12cdc492ba43028a78,CVE-2022-23944
956982269,arkede/cve-2022,CVE-2022-31181.yaml,be05384dcc0a573eb26384bce85e2fd8dcd1d0df,GHSA-HRGX-P36P-89Q4
956982269,arkede/cve-2022,CVE-2022-31181.yaml,be05384dcc0a573eb26384bce85e2fd8dcd1d0df,CVE-2022-31181
956982269,arkede/cve-2022,cve-2022-0140(1).yaml,be09c4bd1be4780bebe58734f8527a873499b7fd,CVE-2022-0140
956982269,arkede/cve-2022,CVE-2022-27862.yaml,be0c017c9c36408be91d7008800fff4ab1e378bd,CVE-2022-27862
956982269,arkede/cve-2022,CVE-2022-48011.yaml,be1aa8dd2ba865eac8d3b47003861da104be26b7,CVE-2022-48011
956982269,arkede/cve-2022,CVE-2022-2574.yaml,be54a24a2070ab6530eb150b3be0571a6cb3cb6e,CVE-2022-2574
956982269,arkede/cve-2022,CVE-2022-0826_2.yaml,be839ead1883660539164986254604bd109ff94b,CVE-2022-0826
956982269,arkede/cve-2022,CVE-2022-30512.yaml,be87a020c75759209f4dae0f48f5fb7b5fc8c4e0,CVE-2022-30512
956982269,arkede/cve-2022,CVE-2022-1610.yaml,be9261617d824c8446d87dfdb661ba698c0337c7,CVE-2022-1610
956982269,arkede/cve-2022,CVE-2022-44877_1.yaml,be98d94de3e1c31bbbb39d3dc0247edc977dfa54,CVE-2022-44877
956982269,arkede/cve-2022,CVE-2022-29410.yaml,beac3016df3db3448874b212f7cf01f0f428a8d6,CVE-2022-29410
956982269,arkede/cve-2022,CVE-2022-33960.yaml,beaf35cf23d28ecf6edf3455ad500cfd2e0808d1,CVE-2022-33960
956982269,arkede/cve-2022,CVE-2022-1567.yaml,bebc9bf623eddc3930cefc763b068ee71b135aed,CVE-2022-1567
956982269,arkede/cve-2022,CVE-2022-45843.yaml,becbabcd0adc0c1a7955ed7601fdadd160cd2777,CVE-2022-45843
956982269,arkede/cve-2022,CVE-2022-24646.yaml,bed0fe57f0a12a95a489dbb7009139dadde560c0,CVE-2022-24646
956982269,arkede/cve-2022,CVE-2022-1756.yaml,bed2c941dc7f8b2b61d66be356641d366fb6efc3,CVE-2022-1756
956982269,arkede/cve-2022,CVE-2022-2314.yaml,bed90842a856e8e9698f9051355ca211eb301f53,CVE-2022-2314
956982269,arkede/cve-2022,cve-2022-24181(1).yaml,bef0aec90eb0fe3033935d240f3eefdcba2f20d8,CVE-2022-24181
956982269,arkede/cve-2022,CVE-2022-3762.yaml,bf057a77a2f4d40cadf198d5b57fd430dfdc5ca2,CVE-2022-3762
956982269,arkede/cve-2022,CVE-2022-0783.yaml,bf148e67633530cfb78f98a3ba3381434d2ba4f6,CVE-2022-0783
956982269,arkede/cve-2022,cve-2022-25369-6725.yaml,bf2e1a2c32b59774054535dfd42a2b6d4449314c,CVE-2022-25369
956982269,arkede/cve-2022,CVE-2022-0992.yaml,bf4073d9360cb989d933103d98f274b98421a817,CVE-2022-0992
956982269,arkede/cve-2022,CVE-2022-23984.yaml,bf50f3011d575227087717837f7e5f0a9076b9e6,CVE-2022-23984
956982269,arkede/cve-2022,CVE-2022-4154.yaml,bf596a7aa3ac5ff87199cbca5c5c6e77a0c1233d,CVE-2022-4154
956982269,arkede/cve-2022,CVE-2022-30513_2.yaml,bf5fda18f1f6efb712b27d25836d05baa1659435,CVE-2022-30513
956982269,arkede/cve-2022,cve-2022-1388.yaml,bf7eae3dc3df1d47a7b67b5dcb3b8d90445a231f,CVE-2022-1388
956982269,arkede/cve-2022,CVE-2022-2130.yaml,bf97052b658b873fe0d56da73b0f797bbbda1829,CVE-2022-2130
956982269,arkede/cve-2022,CVE-2022-2388.yaml,bfb6e67678ae63c3f32eda0fedc60da1e0286a09,CVE-2022-2388
956982269,arkede/cve-2022,CVE-2022-43472.yaml,bfcc51992e6a29a59630bde9a6e0fd1caa3cde32,CVE-2022-43472
956982269,arkede/cve-2022,CVE-2022-2152.yaml,bfe7f5b6868778c41a49e233d8b4a1b6acae1fd8,CVE-2022-2152
956982269,arkede/cve-2022,CVE-2022-37153_3.yaml,bff5ca48a13c33419a1fa91ddf41822f715d629b,CVE-2022-37153
956982269,arkede/cve-2022,CVE-2022-47151.yaml,c01c09f3fec29d6b789c868aabca1333dbcefeef,CVE-2022-47151
956982269,arkede/cve-2022,CVE-2022-2219.yaml,c03ca497b55f76d1fb72839281b7ab224ad2a379,CVE-2022-2219
956982269,arkede/cve-2022,CVE-2022-37153.yaml,c055040d4dfcfd4a896df1b854c0af751e1ebf91,CVE-2022-37153
956982269,arkede/cve-2022,CVE-2022-4196.yaml,c0597a050b40eb47a3ff8d0471b1cf45cb72ae8e,CVE-2022-4196
956982269,arkede/cve-2022,CVE-2022-4629.yaml,c05e1d8be2dfdc5286a932f00b8fd14ea6c63b49,CVE-2022-4629
956982269,arkede/cve-2022,CVE-2022-0601.yaml,c06156963b6d3e5a0bbdc01dda510805200130e5,CVE-2022-0601
956982269,arkede/cve-2022,CVE-2022-35151_3.yaml,c0776a0afb8ca4469508dae79dc67197d0d76ed8,CVE-2022-35151
956982269,arkede/cve-2022,CVE-2022-0698.yaml,c07bfce12c53e1acb74dc36d9da3591737e6ee94,CVE-2022-0698
956982269,arkede/cve-2022,CVE-2022-4153.yaml,c083404791f92b6ec52ffdd85bab05f7bb9ac46f,CVE-2022-4153
956982269,arkede/cve-2022,CVE-2022-3139.yaml,c086bf297efa7c0d4056dd712d9ac25cd873ca15,CVE-2022-3139
956982269,arkede/cve-2022,CVE-2022-29499.yaml,c08f05de5ab9da5e51f18f9502c0c80c73f29257,CVE-2022-29499
956982269,arkede/cve-2022,CVE-2022-0968_2.yaml,c0927470eca6b704400913e38011cbc30f74a706,GHSA-5FXV-XX5P-G2FV
956982269,arkede/cve-2022,CVE-2022-0968_2.yaml,c0927470eca6b704400913e38011cbc30f74a706,CVE-2022-0968
956982269,arkede/cve-2022,CVE-2022-4673.yaml,c0ab820465ee93b674b3f866cd7ae8632f44d9fe,CVE-2022-4673
956982269,arkede/cve-2022,CVE-2022-1937_2.yaml,c0b26998eb37b043dd9c6f5795c9f94b1e80d294,CVE-2022-1937
956982269,arkede/cve-2022,CVE-2022-4663.yaml,c0c86eaa635725a293256ded579d5838a80f1392,CVE-2022-4663
956982269,arkede/cve-2022,CVE-2022-4298.yaml,c0c897d23bb9e4d25fcf3a49ececc2f05d8f4fc0,CVE-2022-4298
956982269,arkede/cve-2022,CVE-2022-43450.yaml,c0dfb29ecf566c3a2873cb797e5ae8f1f7485a1f,CVE-2022-43450
956982269,arkede/cve-2022,CVE-2022-45805.yaml,c0efb3600c08fb588945d8691a6ad6a27c715872,CVE-2022-45805
956982269,arkede/cve-2022,CVE-2022-2384.yaml,c108a0b9fc2d6dbd4b597414597294084d1d451d,CVE-2022-2384
956982269,arkede/cve-2022,CVE-2022-0679_1.yaml,c10d68edb856602dcaf5ecf8923da36e5158484b,CVE-2022-0679
956982269,arkede/cve-2022,CVE-2022-23384.yaml,c169ea14f797e820caf65f8d8f5c09990723b6f7,CVE-2022-23384
956982269,arkede/cve-2022,CVE-2022-4047.yaml,c181af5b97d39ee86cf7d41e35f58747c8786ad2,CVE-2022-4047
956982269,arkede/cve-2022,CVE-2022-25497_1.yaml,c19182294ccffa0cdbb718292f70e8abd19d0dce,CVE-2022-25497
956982269,arkede/cve-2022,CVE-2022-26842.yaml,c19327b8bc276e059c10f01265bb5e679d3a776f,CVE-2022-26842
956982269,arkede/cve-2022,CVE-2022-0814.yaml,c1c25a5d3c41734160b0e1e79d23e210f0f09662,CVE-2022-0814
956982269,arkede/cve-2022,CVE-2022-1425.yaml,c1ca149325b2d69d6eb883f6bed0e01371097c50,CVE-2022-1425
956982269,arkede/cve-2022,CVE-2022-42882.yaml,c1d95727cc416afe2e1ff3ebcc73d74a17abe391,CVE-2022-42882
956982269,arkede/cve-2022,CVE-2022-33965.yaml,c22f8118c9539393f856de5c2848e2f1ba8a7ab0,CVE-2022-33965
956982269,arkede/cve-2022,CVE-2022-40943.yaml,c2699a69811c8ad7c1a7319acae5d295c7df7f7b,CVE-2022-40943
956982269,arkede/cve-2022,CVE-2022-3572.yaml,c26daf86f589735c3aa1bfc2679d2ec15ecbd387,CVE-2022-3572
956982269,arkede/cve-2022,CVE-2022-4449.yaml,c27a2f95367c3e4ea7d755d8624e7a5b5c47b5b8,CVE-2022-4449
956982269,arkede/cve-2022,CVE-2022-43165_1.yaml,c27cbc880505465a282e97f799b3c3e3aa360c66,CVE-2022-43165
956982269,arkede/cve-2022,CVE-2022-24900.yaml,c286065b94b97d387aecee1333b114c37eb65493,CVE-2022-24900
956982269,arkede/cve-2022,CVE-2022-1581.yaml,c28ca7b6465a92c986cfd368dd8b344163ac5442,CVE-2022-1581
956982269,arkede/cve-2022,CVE-2022-29301.yaml,c29468dacc327bd1788ca44205c674db71ea6b8b,CVE-2022-29301
956982269,arkede/cve-2022,cve-2022-0189-6610_1.yaml,c2971343c3e2b54800649ff7bd8e37b93aca237a,CVE-2022-0189
956982269,arkede/cve-2022,CVE-2022-1673.yaml,c2c66f331538641c8f72b10b71d543dd6d5cdd8b,CVE-2022-1673
956982269,arkede/cve-2022,CVE-2022-0228.yaml,c2d8a0412c5e323572c524cc96078325fc1141a4,CVE-2022-0228
956982269,arkede/cve-2022,CVE-2022-47181.yaml,c2e4178551d1c0f4a028f35fa01ae0fdcd3706a0,CVE-2022-47181
956982269,arkede/cve-2022,CVE-2022-29009_1.yaml,c2e7337fe9e51b519e8aa6952e0bceef30744504,CVE-2022-29009
956982269,arkede/cve-2022,CVE-2022-4305_1.yaml,c2e7f7a25ad5f1d94314796e5519a2925c72421a,CVE-2022-4305
956982269,arkede/cve-2022,CVE-2022-22897.yaml,c3006091c4249ae03d81a838ac67233777ae48d3,CVE-2022-22897
956982269,arkede/cve-2022,CVE-2022-40968.yaml,c309f52a69a6d4523c155cd2a6fe6b3500ab0c2f,CVE-2022-40968
956982269,arkede/cve-2022,CVE-2022-47445.yaml,c31f9bfc2abb97ee896a2d58d0b3b4343a986c15,CVE-2022-47445
956982269,arkede/cve-2022,CVE-2022-2379_1.yaml,c3226a64fc0c42cb614f0c3d07e07f8c0c54938e,CVE-2022-2379
956982269,arkede/cve-2022,CVE-2022-1562.yaml,c334b6b4ef396ea12f727478928e23d04ea769ad,CVE-2022-1562
956982269,arkede/cve-2022,CVE-2022-0876.yaml,c33d982b37e514a6b300eed136e03d594e3dc816,CVE-2022-0876
956982269,arkede/cve-2022,CVE-2022-1541.yaml,c35ef5d3f0b618294e2c41d7bf0a85d4682da997,CVE-2022-1541
956982269,arkede/cve-2022,CVE-2022-38900.yaml,c363b74f2ec3196a963f6af6509d2c3c8531e6b3,CVE-2022-38900
956982269,arkede/cve-2022,CVE-2022-40895.yaml,c3661a3e2cc96865602691d3645663206ee925d9,CVE-2022-40895
956982269,arkede/cve-2022,CVE-2022-46839.yaml,c37dca7ec109b195dbbc4c5d4f0b09bd65b03f42,CVE-2022-46839
956982269,arkede/cve-2022,CVE-2022-0447.yaml,c38006d55d718228b3a9fa5f46fcd808a4bb4954,CVE-2022-0447
956982269,arkede/cve-2022,CVE-2022-40213.yaml,c387b230a63421d86d021064f9f9602a2b06f0d2,CVE-2022-40213
956982269,arkede/cve-2022,CVE-2022-42748.yaml,c3946e902d6b1a0c156d1f92efdda95ff94911fd,CVE-2022-42748
956982269,arkede/cve-2022,cve-2022-1386(1).yaml,c3a79b4737ae40549e96f678b707ac8059ee721b,CVE-2022-1386
956982269,arkede/cve-2022,cve-2022-26352.yaml,c3a86d909dd382246988d3f2aab790f866af2137,CVE-2022-26352
956982269,arkede/cve-2022,CVE-2022-3764.yaml,c3c160e91215898cd08cb6da70cb6fdabcb5cc62,CVE-2022-3764
956982269,arkede/cve-2022,CVE-2022-26233_3.yaml,c3c2b5ae6757ccea98f43bbad5972b476676580f,CVE-2022-26233
956982269,arkede/cve-2022,CVE-2022-21663.yaml,c3c43c44dd8a38fafa6ff3e85f77ac3628d96e58,GHSA-JMMQ-M8P8-332H
956982269,arkede/cve-2022,CVE-2022-21663.yaml,c3c43c44dd8a38fafa6ff3e85f77ac3628d96e58,CVE-2022-21663
956982269,arkede/cve-2022,CVE-2022-41650.yaml,c3d50604aba8c8a24de29934a59a9b42a9d62338,CVE-2022-41650
956982269,arkede/cve-2022,CVE-2022-36791.yaml,c3d9678882fe3e90ea35bdd58fd72085d3435e00,CVE-2022-36791
956982269,arkede/cve-2022,CVE-2022-46852.yaml,c3e693803ee2b2e4ca43054df21d595e0a47f4c7,CVE-2022-46852
956982269,arkede/cve-2022,cve-2022-21705(1).yaml,c3f777f5b815894493c888d19652dcceab9656e6,GHSA-79JW-2F46-WV22
956982269,arkede/cve-2022,cve-2022-21705(1).yaml,c3f777f5b815894493c888d19652dcceab9656e6,CVE-2022-21705
956982269,arkede/cve-2022,CVE-2022-4627.yaml,c4320a91f61c6502d28ac24b9c3ee0ad480abe52,CVE-2022-4627
956982269,arkede/cve-2022,CVE-2022-48164.yaml,c43279ccaba4b00b59c64f51d7166140f94f1def,CVE-2022-48164
956982269,arkede/cve-2022,CVE-2022-27413.yaml,c43e6e39485879932e4d7b87c992ffbc6f6c1f42,CVE-2022-27413
956982269,arkede/cve-2022,CVE-2022-25216.yaml,c44be82212d62470e8726fc72ceeb98b40ec17cd,CVE-2022-25216
956982269,arkede/cve-2022,CVE-2022-0968.yaml,c4722536993bd007b11eca27764296a2a38da9d8,CVE-2022-0968
956982269,arkede/cve-2022,CVE-2022-0968.yaml,c4722536993bd007b11eca27764296a2a38da9d8,GHSA-5FXV-XX5P-G2FV
956982269,arkede/cve-2022,CVE-2022-1884.yaml,c4786f27a93c4b86bf8fc1db34bda0572fac5aff,CVE-2022-1884
956982269,arkede/cve-2022,CVE-2022-2756_2.yaml,c494992cf42323adcf5984d1d5746b0ff8dd215b,CVE-2022-2756
956982269,arkede/cve-2022,CVE-2022-1628.yaml,c496e765e26550554f4939678508433e644cc23f,CVE-2022-1628
956982269,arkede/cve-2022,CVE-2022-37042.yaml,c499957e60b2948d38ecfffbdfcb74e93bd07cf5,CVE-2022-37042
956982269,arkede/cve-2022,CVE-2022-37042.yaml,c499957e60b2948d38ecfffbdfcb74e93bd07cf5,CVE-2022-27925
956982269,arkede/cve-2022,cve-2022-24990-6716.yaml,c4acc955944a935a759fad6bdc01a4665df98f0b,CVE-2022-24990
956982269,arkede/cve-2022,CVE-2022-26285.yaml,c4e73982d37d460734a28add63bc7069267046b2,CVE-2022-26285
956982269,arkede/cve-2022,CVE-2022-0785_2.yaml,c4e865ea49b795b9b4f0a5a05cfd8b5d263aab6a,CVE-2022-0785
956982269,arkede/cve-2022,CVE-2022-1915.yaml,c4e9ad2cd85d25ff904f556981146363f9480903,CVE-2022-1915
956982269,arkede/cve-2022,CVE-2022-40443.yaml,c506c1a65eeb3bb06e2c5784bb943c4e0c134964,CVE-2022-40443
956982269,arkede/cve-2022,CVE-2022-29417.yaml,c506da5c647b4d578ff1c91d167cb5a434f1b429,CVE-2022-29417
956982269,arkede/cve-2022,CVE-2022-32028.yaml,c51371f42c250b6e3a6a99e4debb3c9721beb8c3,CVE-2022-32028
956982269,arkede/cve-2022,CVE-2022-0148_2.yaml,c526af8fb317298d370ab5611a040ddbd42ce82a,CVE-2022-0148
956982269,arkede/cve-2022,CVE-2022-2763.yaml,c52fed8e666f59d43098651f131af92e4f8d33ba,CVE-2022-2763
956982269,arkede/cve-2022,CVE-2022-41656.yaml,c5501f27e94c64d8f54a5f5a664c82f75d68c5e3,CVE-2022-41656
956982269,arkede/cve-2022,CVE-2022-24975.yaml,c55ec001a6964e2650ad0f9cf9c3331b83bacd8c,CVE-2022-24975
956982269,arkede/cve-2022,CVE-2022-2184.yaml,c55ff9f73d02bd6575c3dff9fc824e194d05b313,CVE-2022-2184
956982269,arkede/cve-2022,CVE-2022-29983.yaml,c56431cf7ae1939ee88fc317e6def9cda56b76e5,CVE-2022-29983
956982269,arkede/cve-2022,CVE-2022-44950_1.yaml,c571eaeef5ec8b3f8848105ceefac4a3830701d9,CVE-2022-44950
956982269,arkede/cve-2022,CVE-2022-38057.yaml,c583c8533a0846c8d5e74cefdc54bd8ef16579fa,CVE-2022-38057
956982269,arkede/cve-2022,CVE-2022-3995.yaml,c584137bfbda7d9b04de6e748a7a5097909b59cc,CVE-2022-3995
956982269,arkede/cve-2022,CVE-2022-28368.yaml,c58453aa27098f2a99afddf5e81e50cae8ed1e15,CVE-2022-28368
956982269,arkede/cve-2022,CVE-2022-4830.yaml,c591e9723d36d40e44aee91919d6a8ca93953aec,CVE-2022-4830
956982269,arkede/cve-2022,CVE-2022-0728.yaml,c5a66a57ac4a50988799a981799e6a29e45f40e6,CVE-2022-0728
956982269,arkede/cve-2022,CVE-2022-43017.yaml,c5aff730eabca14e618844c22cb1b34dcaff81b1,CVE-2022-43017
956982269,arkede/cve-2022,CVE-2022-37405.yaml,c5be841474a228be72ef0e50c7cb8fa07c95952c,CVE-2022-37405
956982269,arkede/cve-2022,CVE-2022-35416_1.yaml,c5c64cb19d26afa5837a37761c3ed623c3a73548,GHSA-9X76-78GC-R3M9
956982269,arkede/cve-2022,CVE-2022-35416_1.yaml,c5c64cb19d26afa5837a37761c3ed623c3a73548,CVE-2022-35416
956982269,arkede/cve-2022,CVE-2022-35416.yaml,c5d03fcf492a6b974e836144e09586b14604cfad,GHSA-9X76-78GC-R3M9
956982269,arkede/cve-2022,CVE-2022-35416.yaml,c5d03fcf492a6b974e836144e09586b14604cfad,CVE-2022-35416
956982269,arkede/cve-2022,CVE-2022-24664.yaml,c5e68e9308bee576e77651d21637f56a39ca196a,CVE-2022-24664
956982269,arkede/cve-2022,CVE-2022-45818.yaml,c5f2f0461a6f362addbf6eac67227f179d9f161b,CVE-2022-45818
956982269,arkede/cve-2022,CVE-2022-1713.yaml,c5fbebd8e2a8cda7cfe55dbc1c9e5f22425b8dd3,CVE-2022-1713
956982269,arkede/cve-2022,CVE-2022-44290_1.yaml,c603b4cdf73c9b70df220546fb645d454fbfd368,CVE-2022-44290
956982269,arkede/cve-2022,CVE-2022-46443.yaml,c60f36e1d25a79847a776dd54fa8bef0c7f91095,CVE-2022-46443
956982269,arkede/cve-2022,CVE-2022-0889.yaml,c61b56041799e69875931291bab1d9b299f1e47d,CVE-2022-0889
956982269,arkede/cve-2022,CVE-2022-3980_1.yaml,c62703eafccdacebfa34726173c9016f2ebb689f,CVE-2022-3980
956982269,arkede/cve-2022,CVE-2022-4666.yaml,c63a35ffa4c1ca2cbf9ca9898701dcc349f770aa,CVE-2022-4666
956982269,arkede/cve-2022,CVE-2022-27985_2.yaml,c6452456278910295429a873486680cc95f11b69,CVE-2022-27985
956982269,arkede/cve-2022,CVE-2022-1504.yaml,c663195e07cdf3a87a31c0125d0cb65df458c812,CVE-2022-1504
956982269,arkede/cve-2022,CVE-2022-0148_1.yaml,c66a51e1a192b091fca2e4ab7028d0a03f4c8748,CVE-2022-0148
956982269,arkede/cve-2022,CVE-2022-2250.yaml,c69ce724e67a0b11e42de862c653b3e846e10651,CVE-2022-2250
956982269,arkede/cve-2022,CVE-2022-27848.yaml,c6ac8ca700fc999972ad2a35446dbdced3a0ecad,CVE-2022-27848
956982269,arkede/cve-2022,CVE-2022-26135.yaml,c6cbd271daadea6253cafa5c075f277ca4cb7560,CVE-2022-26135
956982269,arkede/cve-2022,CVE-2022-26135.yaml,c6cbd271daadea6253cafa5c075f277ca4cb7560,CVE-2020-14179
956982269,arkede/cve-2022,CVE-2022-2629.yaml,c6d1e3a7812820b8320a1de7582256af3cef35b5,CVE-2022-2629
956982269,arkede/cve-2022,CVE-2022-38704.yaml,c70782041a70f2195bb7f521568b8fe1f38bb765,CVE-2022-38704
956982269,arkede/cve-2022,CVE-2022-25245.yaml,c70c093e266b19b42c015d92ad67c3f1fe536c0e,CVE-2022-25245
956982269,arkede/cve-2022,CVE-2022-47002_1.yaml,c7119d413f860f3640566b7045168033f0f8429b,CVE-2022-47002
956982269,arkede/cve-2022,CVE-2022-3933_2.yaml,c71a87372a6b8aaaa66cdfbd339b37e232aa3412,CVE-2022-3933
956982269,arkede/cve-2022,CVE-2022-46841.yaml,c72627ee5714ab84a9b0b90496ffa5a8b05766bd,CVE-2022-46841
956982269,arkede/cve-2022,CVE-2022-40843.yaml,c754a82b5ea9412c03c3e8748b90bdc77f496fe8,CVE-2022-40843
956982269,arkede/cve-2022,CVE-2022-26258.yaml,c7556546d549fee9cd54eb927095c5e427b18984,CVE-2022-26258
956982269,arkede/cve-2022,CVE-2022-3463.yaml,c780d4ff18d5afe8bb7db37e3981b84094d9866c,CVE-2022-3463
956982269,arkede/cve-2022,cve-2022-21371-6659.yaml,c7867c35e84264ad5d92acc1509858d955068fd4,CVE-2022-21371
956982269,arkede/cve-2022,CVE-2022-2913.yaml,c78c601711d5f21a9022df211957a389237474b8,CVE-2022-2913
956982269,arkede/cve-2022,CVE-2022-47611.yaml,c78fc15746252f21ead5abc26401b911f121e0ee,CVE-2022-47611
956982269,arkede/cve-2022,CVE-2022-33105.yaml,c79bdd6e7c15b41c7d8c31557ecbc55bedcd8bbb,CVE-2022-33105
956982269,arkede/cve-2022,CVE-2022-33105.yaml,c79bdd6e7c15b41c7d8c31557ecbc55bedcd8bbb,GHSA-35RF-7VHX-9PHR
956982269,arkede/cve-2022,CVE-2022-3861.yaml,c7b0c6ca08dca3cce67ab837742cd3c0f8e4f293,CVE-2022-3861
956982269,arkede/cve-2022,CVE-2022-27861.yaml,c7b3bce64c05bd52f62f5cee337c266281a70d18,CVE-2022-27861
956982269,arkede/cve-2022,CVE-2022-3359.yaml,c7d2182484f29693d1b797175a37f19011e72f41,CVE-2022-3359
956982269,arkede/cve-2022,CVE-2022-41698.yaml,c7e078c9e069f25b21b9a5a6c924d2366732cf6f,CVE-2022-41698
956982269,arkede/cve-2022,CVE-2022-46865.yaml,c7f034d6f888d78eb2f5052044b201f1fa6c4361,CVE-2022-46865
956982269,arkede/cve-2022,CVE-2022-47148.yaml,c80f9f1361dbd1eb4a8eb2693b9d748ff78d754d,CVE-2022-47148
956982269,arkede/cve-2022,CVE-2022-1095.yaml,c819c37442d07f18756f03fc923d9dea8c297e13,CVE-2022-1095
956982269,arkede/cve-2022,CVE-2022-33098_1.yaml,c8262df1f965d42238fceead333b91d705f4a4d2,CVE-2022-33098
956982269,arkede/cve-2022,CVE-2022-1903_2.yaml,c83a6880f8ad13d10791ef18b2960ea83dbf59dc,CVE-2022-1903
956982269,arkede/cve-2022,CVE-2022-45807.yaml,c869ff0d74be0b3d1bd757e369e36176bd115210,CVE-2022-45807
956982269,arkede/cve-2022,cve-2022-0482-6633.yaml,c87004508a668fc1000dc2fa81b81bb530ecef5c,CVE-2022-0482
956982269,arkede/cve-2022,CVE-2022-45835_1.yaml,c88b74194c981aee5b0d04bb640b7785fe7caf06,CVE-2022-45835
956982269,arkede/cve-2022,CVE-2022-31382.yaml,c89dd9517946560056b1203d69d526599111d7e3,CVE-2022-31382
956982269,arkede/cve-2022,CVE-2022-4210.yaml,c8ab45ec55db0aa0a4d34ef894a10fd29300b4ac,CVE-2022-4210
956982269,arkede/cve-2022,CVE-2022-22720.yaml,c8b39edf7b569bae055567d0d300070bb2eb2c72,CVE-2022-22720
956982269,arkede/cve-2022,CVE-2022-4208.yaml,c8b3c20faa77c930fc4b64f6acfd92cf2136ea4a,CVE-2022-4208
956982269,arkede/cve-2022,CVE-2022-4448.yaml,c8b43b10c9f032228df21f0d7960cb00fb53e0d6,CVE-2022-4448
956982269,arkede/cve-2022,CVE-2022-3933.yaml,c8b68a622e0e29c3befb28bed34138fd4486167f,CVE-2022-3933
956982269,arkede/cve-2022,CVE-2022-2429.yaml,c8bc7b6803858b8e9784693d352cabdff2bf2017,CVE-2022-2429
956982269,arkede/cve-2022,CVE-2022-46818.yaml,c8c36374e2c8f1f47ae02f9275a214a5269b419a,CVE-2022-46818
956982269,arkede/cve-2022,cve-2010-5028-2022.yaml,c8c8d3577ef11ea64683696248a8aa0dfef350eb,CVE-2010-5028
956982269,arkede/cve-2022,CVE-2022-1051.yaml,c8d9a93825b815230f61883f24d4ad22182dc8bd,CVE-2022-1051
956982269,arkede/cve-2022,CVE-2022-36375.yaml,c8dce7b76155166261abf9db50bb8868b5ca4961,CVE-2022-36375
956982269,arkede/cve-2022,CVE-2022-1605.yaml,c8eb09f0d24556e175572d264a8117e445f5bc5a,CVE-2022-1605
956982269,arkede/cve-2022,CVE-2022-4552.yaml,c8ec01627e4a481b10ad89d0940ba3a8332c17e8,CVE-2022-4552
956982269,arkede/cve-2022,CVE-2022-31978.yaml,c9049d96d7021f08ebd5dc2741fef0135a1a12a1,CVE-2022-31978
956982269,arkede/cve-2022,CVE-2022-33174_1.yaml,c920d5aaf23812e7f9bacb04b08ba0d22335626f,CVE-2022-33174
956982269,arkede/cve-2022,CVE-2022-1123.yaml,c956fa7209eff3cf0d71f5598153069bc8d1c8c9,CVE-2022-1123
956982269,arkede/cve-2022,CVE-2022-2983.yaml,c957303374638df350d49e18ac1a311bde5a0023,CVE-2022-2983
956982269,arkede/cve-2022,CVE-2022-31978_2.yaml,c95d33fae52cbdca6cdf0d01add3ad28d9f7760a,CVE-2022-31978
956982269,arkede/cve-2022,CVE-2022-0346.yaml,c966b20fbe22c2703d8c16d184481af0a1f23919,CVE-2022-0346
956982269,arkede/cve-2022,CVE-2022-1767.yaml,c96b5dd4b6cfbe772fdeb685c53557e90b0d449a,CVE-2022-1767
956982269,arkede/cve-2022,CVE-2022-44582.yaml,c978615cb598779d2926d9843f4b62b755ab5188,CVE-2022-44582
956982269,arkede/cve-2022,CVE-2022-0189_1.yaml,c986ae877ab15a59702a04ca2d26b93d281d3049,CVE-2022-0189
956982269,arkede/cve-2022,CVE-2022-0913.yaml,c98c13fc00f50ecea6f210618705907df7723c22,CVE-2022-0913
956982269,arkede/cve-2022,CVE-2022-1167.yaml,c99ef78c13c898f1f3eb5ef1c35088437897077f,CVE-2022-1167
956982269,arkede/cve-2022,cve-2022-22536-6662.yaml,c9a72ae95a3fc6c3d663451e199350248bb86a64,CVE-2022-22536
956982269,arkede/cve-2022,cve-2022-32022(1).yaml,c9a9c2d58566eba546497becdb0dc5cac91f2c18,CVE-2022-32022
956982269,arkede/cve-2022,CVE-2022-0954.yaml,c9adbde9bf2557b6cda366c118298dba2bb68ea1,GHSA-8C76-MXV5-W4G8
956982269,arkede/cve-2022,CVE-2022-0954.yaml,c9adbde9bf2557b6cda366c118298dba2bb68ea1,CVE-2022-0954
956982269,arkede/cve-2022,CVE-2022-3600.yaml,c9ae65bcd049670bf184f8178d6b5acb6a787a1a,CVE-2022-3600
956982269,arkede/cve-2022,CVE-2022-0735.yaml,c9b34d1ad67225808352dd662a0ca007d571bbb7,CVE-2022-0735
956982269,arkede/cve-2022,CVE-2022-24706_2.yaml,c9c9a10852d08107d5818e3ca37d716ebc9936e1,CVE-2022-24706
956982269,arkede/cve-2022,CVE-2022-3482.yaml,c9cbd36d0d45c570b26965e45f221472619a5ab9,CVE-2022-3482
956982269,arkede/cve-2022,CVE-2022-2669.yaml,c9cece2ce16c3ae7d6f14ec25e6dea441757b3e2,CVE-2022-2669
956982269,arkede/cve-2022,CVE-2022-21260.yaml,c9d3fc10688ca23043776303315ee66beab2c98f,CVE-2022-21260
956982269,arkede/cve-2022,CVE-2022-25881.yaml,c9e3900e5a16c57cd4f08daa96c8326d1966d9ef,CVE-2022-25881
956982269,arkede/cve-2022,CVE-2022-0543_1.yaml,c9f0f01774372aae54622c97b9a68ce5997cc3b2,CVE-2022-0543
956982269,arkede/cve-2022,CVE-2022-30047.yaml,c9f512ad54114f808c3a4f3ebb79078924c08302,CVE-2022-30047
956982269,arkede/cve-2022,CVE-2022-2094.yaml,c9f58e3d7b7797d3f6ec16f2e333b03a7a5e09f8,CVE-2022-2094
956982269,arkede/cve-2022,CVE-2022-1756_1.yaml,ca0099ae7fbcc4949168b4b66c4b4074b76ee6a1,CVE-2022-1756
956982269,arkede/cve-2022,CVE-2022-46800.yaml,ca05569f92cc84f3ab98a498926469a2792294de,CVE-2022-46800
956982269,arkede/cve-2022,CVE-2022-31977_1.yaml,ca14acfeeb3fcbf6085292b53628457d87213940,CVE-2022-31977
956982269,arkede/cve-2022,CVE-2022-39960.yaml,ca1ef00307d2917e06afe070fa15e44f3cb14a8d,CVE-2022-39960
956982269,arkede/cve-2022,CVE-2022-21824.yaml,ca2806e12de3d15d10299c343b8db5ace485297f,CVE-2022-21824
956982269,arkede/cve-2022,CVE-2022-41554.yaml,ca2f0d0ac16b6afa52ab50508f8a6d16e8ba806c,CVE-2022-41554
956982269,arkede/cve-2022,CVE-2022-42058.yaml,ca3bd3010f444702268c9b85e2ca8cae69aa943d,CVE-2022-42058
956982269,arkede/cve-2022,CVE-2022-3402.yaml,ca49694501b7c99c7e5d87eee5ec6ab386e41a8b,CVE-2022-3402
956982269,arkede/cve-2022,cve-2022-23131.yaml,ca4f3feda99865e05ab9036630ab803a3ebf857c,CVE-2022-23131
956982269,arkede/cve-2022,cve-2022-1937.yaml,ca5af8a5c28a73e8aca6a4b7130dc39c7b8f1e20,CVE-2022-1937
956982269,arkede/cve-2022,CVE-2022-45020.yaml,ca82a18674949907615c54f8160f187bb17ae574,CVE-2022-45020
956982269,arkede/cve-2022,CVE-2022-24223_3.yaml,ca90d4993fcc4940a0c03b37a6147976ff595951,CVE-2022-24223
956982269,arkede/cve-2022,CVE-2022-20705.yaml,caa2e85e4e6cfc3e9a219a48060cb573346e476d,ZDI-22-410
956982269,arkede/cve-2022,CVE-2022-20705.yaml,caa2e85e4e6cfc3e9a219a48060cb573346e476d,ZDI-22-409
956982269,arkede/cve-2022,CVE-2022-20705.yaml,caa2e85e4e6cfc3e9a219a48060cb573346e476d,ZDI-22-415
956982269,arkede/cve-2022,CVE-2022-20705.yaml,caa2e85e4e6cfc3e9a219a48060cb573346e476d,CVE-2022-20705
956982269,arkede/cve-2022,CVE-2022-4383.yaml,caa590ed15ab7c4b93a9bc310ec57e6a36cc4196,CVE-2022-4383
956982269,arkede/cve-2022,CVE-2022-47169.yaml,caabb4787be838b123279c1991aabdecc09a894d,CVE-2022-47169
956982269,arkede/cve-2022,CVE-2022-24223.yaml,cad469ebb65fd5d5eef41923469d348aaeedacda,CVE-2022-24223
956982269,arkede/cve-2022,CVE-2022-1388_1.yaml,caf7ae4715e43adfb6b7f7d4b2d4d08806dd6036,CVE-2022-1388
956982269,arkede/cve-2022,CVE-2022-4943.yaml,cb09d4a9ca5759356098b0c6348ca1b073f112af,CVE-2022-4943
956982269,arkede/cve-2022,CVE-2022-35228.yaml,cb28ce3bf9df0477fabb70f7e80735aabf75547f,CVE-2022-35228
956982269,arkede/cve-2022,CVE-2022-45367.yaml,cb2df982386fb0a66a64b120b518d79c48dee7da,CVE-2022-45367
956982269,arkede/cve-2022,CVE-2022-4671.yaml,cb3fe7b147d55861cf548010db3d3315a8019074,CVE-2022-4671
956982269,arkede/cve-2022,CVE-2022-2090.yaml,cb41c746d6fe6338a79d86391ac3c55813986416,CVE-2022-2090
956982269,arkede/cve-2022,CVE-2022-45372.yaml,cb51275b280ceedf1693e11ab9550fa94fb74928,CVE-2022-45372
956982269,arkede/cve-2022,CVE-2022-46813.yaml,cb57374a9048fd34e03b95e8f5d7cb6b72bf37bf,CVE-2022-46813
956982269,arkede/cve-2022,CVE-2022-4042.yaml,cb57dc11f1f51838f260395986d9f2ac457b255c,CVE-2022-4042
956982269,arkede/cve-2022,CVE-2022-20707.yaml,cb5d4d647712be03868fa0087106886e3c41f4c4,CVE-2022-20707
956982269,arkede/cve-2022,CVE-2022-20707.yaml,cb5d4d647712be03868fa0087106886e3c41f4c4,ZDI-22-419
956982269,arkede/cve-2022,CVE-2022-20707.yaml,cb5d4d647712be03868fa0087106886e3c41f4c4,ZDI-22-411
956982269,arkede/cve-2022,CVE-2022-20707.yaml,cb5d4d647712be03868fa0087106886e3c41f4c4,ZDI-22-409
956982269,arkede/cve-2022,cve-2022-29464-6753.yaml,cb669aa7185d9f0c2c643d71adeda600af3489d2,CVE-2022-29464
956982269,arkede/cve-2022,CVE-2022-45849.yaml,cb689ba3a24553477e5267b1b8020308597b1e5d,CVE-2022-45849
956982269,arkede/cve-2022,CVE-2022-30777.yaml,cb7906bc63cb7d2fd3e3d9adeecb6ec78d43909b,CVE-2022-30777
956982269,arkede/cve-2022,CVE-2022-47598.yaml,cb846fcbc6d33d62ab46c0adff42d0ef4ab197c7,CVE-2022-47598
956982269,arkede/cve-2022,CVE-2022-1751.yaml,cbb21874437cefb2b43d088375d21894ab47d5f3,CVE-2022-1751
956982269,arkede/cve-2022,CVE-2022-1334.yaml,cbb3e9dfd3a85514c08c321f0cd599a086c69e46,CVE-2022-1334
956982269,arkede/cve-2022,CVE-2022-30510.yaml,cbbb41101ad7d9790ae37718c6c86545789a2c37,CVE-2022-30510
956982269,arkede/cve-2022,CVE-2022-4795.yaml,cbd4df6b901cca1ed60c26b97db0af4f8267ad56,CVE-2022-4795
956982269,arkede/cve-2022,CVE-2022-3538.yaml,cbe24df08b9be41df8df127663ebe08c80ae6e04,CVE-2022-3538
956982269,arkede/cve-2022,CVE-2022-1394.yaml,cbfcb469f1548dd6075da409c2f70f0fd6d9a8fb,CVE-2022-1394
956982269,arkede/cve-2022,CVE-2022-4305.yaml,cbfd2946bd3cab22dbfee8a702462d939d7c6eb6,CVE-2022-4305
956982269,arkede/cve-2022,cve-2022-23178-6687.yaml,cc06532100842f53d81c3e6a947993e1f6c91464,CVE-2022-23178
956982269,arkede/cve-2022,cve-2022-22963-6672.yaml,cc1637222390ce69905b622130b8106a30ece469,CVE-2022-22963
956982269,arkede/cve-2022,CVE-2022-47427.yaml,cc191edf80b30d19cb1aeee9d452375c5824078b,CVE-2022-47427
956982269,arkede/cve-2022,CVE-2022-1932.yaml,cc1e1757d38c58e89fc3178582971163977be584,CVE-2022-1932
956982269,arkede/cve-2022,CVE-2022-2633_3.yaml,cc30b9ab793f8fd10269f508ce22293245ff5eef,CVE-2022-2633
956982269,arkede/cve-2022,CVE-2022-2267.yaml,cc44d4ed2fb413d4830ea7ab5158e5c24be7e27a,CVE-2022-2267
956982269,arkede/cve-2022,CVE-2022-4328.yaml,cc487d0fa9a0faba91e42d48f0623a855cc656ad,CVE-2022-4328
956982269,arkede/cve-2022,CVE-2022-31845.yaml,cc56c053d62738f94f17750efe93c614c62e69c5,CVE-2022-31845
956982269,arkede/cve-2022,CVE-2022-31845.yaml,cc56c053d62738f94f17750efe93c614c62e69c5,CVE-2022-30489
956982269,arkede/cve-2022,CVE-2022-26265.yaml,cc60f4bd3e50a5eb0725a51d9f28fd4e437cdadd,CVE-2022-26265
956982269,arkede/cve-2022,cve-2022-26138_1.yaml,cc643ac8c53b911145ad3de189cb92bccec7b817,CVE-2022-26138
956982269,arkede/cve-2022,CVE-2022-1037.yaml,cc77985face0837394c63c51afb57076db17015b,CVE-2022-1037
956982269,arkede/cve-2022,CVE-2022-0434_3.yaml,cc966e420ccf36a4a6aaecde972be1334bbe6eb6,CVE-2022-0434
956982269,arkede/cve-2022,CVE-2022-40131.yaml,ccb0e560e2642cdb416e888fda0b3aaee1ea3684,CVE-2022-40131
956982269,arkede/cve-2022,CVE-2022-25591.yaml,ccc9bd2f13971a4ce9dcc5bf3f72be0519a75371,CVE-2022-25591
956982269,arkede/cve-2022,CVE-2022-1089.yaml,ccd59e8be283093379be1c9517161158a4d131a2,CVE-2022-1089
956982269,arkede/cve-2022,cve-2022-32028.yaml,ccd8dd476dfbb734c0651b707007577c5867167e,CVE-2022-32028
956982269,arkede/cve-2022,CVE-2022-35275.yaml,ccf5859ed5f728578911b28a35f61ffd11d5249d,CVE-2022-35275
956982269,arkede/cve-2022,CVE-2022-24816.yaml,ccff5929fba15629696727efb80b0b787ee8edf3,GHSA-V92F-JX6P-73RX
956982269,arkede/cve-2022,CVE-2022-24816.yaml,ccff5929fba15629696727efb80b0b787ee8edf3,CVE-2022-24816
956982269,arkede/cve-2022,CVE-2022-48120.yaml,cd02ef666bfecbd17df8e2e250a3b83064326fe7,CVE-2022-48120
956982269,arkede/cve-2022,CVE-2022-0899.yaml,cd032c4ac9d007d3c24d4f3d326f06cfba14ec13,CVE-2022-0899
956982269,arkede/cve-2022,CVE-2022-24989.yaml,cd050c52858d50f56b098d0b9bd24103af3f822f,CVE-2022-24990
956982269,arkede/cve-2022,CVE-2022-24989.yaml,cd050c52858d50f56b098d0b9bd24103af3f822f,CVE-2022-24989
956982269,arkede/cve-2022,CVE-2022-31090.yaml,cd3f0b73cfa98bbed3f748789a647174f6b45d17,CVE-2022-31090
956982269,arkede/cve-2022,CVE-2022-31090.yaml,cd3f0b73cfa98bbed3f748789a647174f6b45d17,GHSA-25MQ-V84Q-4J7R
956982269,arkede/cve-2022,CVE-2022-27927_2.yaml,cd42369a2f72e27646c8a4faf9925711aaf33c7d,CVE-2022-27927
956982269,arkede/cve-2022,cve-2022-0378-6623.yaml,cd47a1e1ff9f4aeae2a42f2609395ada0e441883,CVE-2022-0378
956982269,arkede/cve-2022,CVE-2022-2594.yaml,cd56a514d8062ac213a1098511b38ef17412e4fe,CVE-2022-2594
956982269,arkede/cve-2022,CVE-2022-29548.yaml,cd745af830476633e21b64085da0b6fe7bb1c824,CVE-2022-29548
956982269,arkede/cve-2022,CVE-2022-2543.yaml,cd88fcabd818fa10ea775ad5044d754c87de585f,CVE-2022-2543
956982269,arkede/cve-2022,CVE-2022-38779.yaml,cdd03c6c53cfca9ca2b599e58c0d79c6b9526e35,CVE-2022-38779
956982269,arkede/cve-2022,CVE-2022-30776.yaml,cdd27a6361eaf5ae1bc2e10f88ffea3c010964dc,CVE-2022-30776
956982269,arkede/cve-2022,CVE-2022-0948_1.yaml,cde4869b6cf00e1b22afecabcc126e18ef773cde,CVE-2022-0948
956982269,arkede/cve-2022,CVE-2022-28987.yaml,cdebb39ea0277575ea57e8e87a0d52c1180ba4ad,CVE-2022-28987
956982269,arkede/cve-2022,CVE-2022-44741.yaml,cdff7178f9cec574020042d131637f8dd2652dd0,CVE-2022-44741
956982269,arkede/cve-2022,CVE-2022-37404.yaml,ce01d1fdf16dd0e1e15bce5bb96bf4c0fe90131a,CVE-2022-37404
956982269,arkede/cve-2022,CVE-2022-47428.yaml,ce119e6630c1c720cc3b5c94e41ab608cd91e0f0,CVE-2022-47428
956982269,arkede/cve-2022,CVE-2022-38093.yaml,ce15689059e982851ac1abe90f10b3ad22761e1f,CVE-2022-38093
956982269,arkede/cve-2022,CVE-2022-47421.yaml,ce17fff6e134bd2240a365cfdfb83335d7fc31a3,CVE-2022-47421
956982269,arkede/cve-2022,CVE-2022-47003_2.yaml,ce30568b6d57c292d0d0daa27ad5f63a8aec8c67,CVE-2022-47003
956982269,arkede/cve-2022,CVE-2022-4303.yaml,ce5bc2fc82c96b3eeb00c637bd470cd1b116eedd,CVE-2022-4303
956982269,arkede/cve-2022,CVE-2022-1576.yaml,ce7f93025442932efa47cec615ddead20090cee7,CVE-2022-1576
956982269,arkede/cve-2022,CVE-2022-1946(1).yaml,ce81fc426d345afe783e12f1f0d0ac02ab901e62,CVE-2022-1946
956982269,arkede/cve-2022,CVE-2022-34046.yaml,ce8e81a6425f97a15e3d0d1e38f0dd815159bbd2,CVE-2022-34046
956982269,arkede/cve-2022,cve-2022-0148-6605_1.yaml,cec02063b8311eac844a8b2ebaf0275ab5943bb6,CVE-2022-0148
956982269,arkede/cve-2022,exploit-cve-2022-1388.yaml,cec3a6f21affd1f88cc9fea6255db40836adbcef,CVE-2022-1388
956982269,arkede/cve-2022,cve-2022-22963-6670_1.yaml,ced0e4fd50709913b4538497130026ab2d7904cb,CVE-2022-22963
956982269,arkede/cve-2022,CVE-2022-4260.yaml,ceec8ad67a7869390173c4eaed7cdc5ff2800d3b,CVE-2022-4260
956982269,arkede/cve-2022,CVE-2022-4305_2.yaml,cef70feae9afb3c59631f539c9cb685a11a2be79,CVE-2022-4305
956982269,arkede/cve-2022,CVE-2022-1950.yaml,cf12f890f4e0df0267ba5742439c9916e3310df7,CVE-2022-1950
956982269,arkede/cve-2022,CVE-2022-45840.yaml,cf23d1906f78f29e7ab219c7914855f2b9ada70c,CVE-2022-45840
956982269,arkede/cve-2022,CVE-2022-46867.yaml,cf2afcd12641b3737fe75c9fd82763fe196afcd9,CVE-2022-46867
956982269,arkede/cve-2022,CVE-2022-4200.yaml,cf2bae8e8d85b673b0538239defe5810ed6407b6,CVE-2022-4200
956982269,arkede/cve-2022,CVE-2022-2733_2.yaml,cf2c91ac569023dbe4b894d0d5e2bf5a8054c618,CVE-2022-2733
956982269,arkede/cve-2022,CVE-2022-23315.yaml,cf334959705c3a42e818ec3642474f6aca836931,CVE-2022-23315
956982269,arkede/cve-2022,CVE-2022-3590.yaml,cf352c8744bef184013ee1395b94dea990226c07,CVE-2022-3590
956982269,arkede/cve-2022,cve-2022-23808-6695.yaml,cf5083e12ddf7b42e5fa137fc744ded3b6489178,CVE-2022-23808
956982269,arkede/cve-2022,CVE-2022-36638.yaml,cf6ccd9e075bd3ae360ca4dafab2ef7d236ad8e4,CVE-2022-36638
956982269,arkede/cve-2022,CVE-2022-0846.yaml,cf8153295a38f870ac36825918d32d03649c1a74,CVE-2022-0846
956982269,arkede/cve-2022,CVE-2022-1281.yaml,cf9ff5bdeafbefe03af7c52a2bb7ae817d1105ae,CVE-2022-1281
956982269,arkede/cve-2022,CVE-2022-3124.yaml,cfac7fd83b8740566d9efcb31d5692a75c5f0929,CVE-2022-3124
956982269,arkede/cve-2022,cve-2022-34046_1.yaml,cfb3b93a28d8951db7001e48fc9a3f9ccbd62e66,CVE-2022-34046
956982269,arkede/cve-2022,CVE-2022-2108.yaml,cfd2179436c3693a2cc67a6a1c31d14132a5f404,CVE-2022-2108
956982269,arkede/cve-2022,cve-2022-1609.yaml,cfd7fcc73f70410358437457b8dca2cc08ea384b,CVE-2022-1609
956982269,arkede/cve-2022,CVE-2022-28117_2.yaml,cfd8e701f791e5eef6e7db1bcfb97e589bc5a649,CVE-2022-28117
956982269,arkede/cve-2022,CVE-2022-0424_1_1.yaml,cfeb2fd40ce3a5dee738f3906ec8192d03c2ab77,CVE-2022-0424
956982269,arkede/cve-2022,CVE-2022-2414_1.yaml,cfed1a81703658c7b0bd2ee23f40ffc0e867e132,CVE-2022-2414
956982269,arkede/cve-2022,CVE-2022-4447_1.yaml,cff44ffea02ef44e6477ce433ad9f21c14ebd86b,CVE-2022-4447
956982269,arkede/cve-2022,cve-2022-34046-6762.yaml,cff81fad742371d5ba3b9d9eea3b79056ff1ba41,CVE-2022-34046
956982269,arkede/cve-2022,CVE-2022-4476.yaml,d00669de83f19feccdc4afc6c89f823d6b7ea939,CVE-2022-4476
956982269,arkede/cve-2022,CVE-2022-4754.yaml,d0208207719f2cb2020fcccb672ea7b84d5b1d10,CVE-2022-4754
956982269,arkede/cve-2022,cve-2022-1713-6656.yaml,d0386d1346d51bdacfa9ef1b432ff28ca91a4744,CVE-2022-1713
956982269,arkede/cve-2022,CVE-2022-22532.yaml,d043f60c1151a8d862fc3ab6a5e91f2018b1b25d,CVE-2022-22532
956982269,arkede/cve-2022,CVE-2022-34839.yaml,d048cdd0f8b1b5baaf112d2331fc0d7308507d30,CVE-2022-34839
956982269,arkede/cve-2022,CVE-2022-1505.yaml,d05e9c64bd3219a084f83fea7a158a12f2e1cdc8,CVE-2022-1505
956982269,arkede/cve-2022,CVE-2022-1255.yaml,d06420845ad36af5027e7b3748cdae58c2ce5d99,CVE-2022-1255
956982269,arkede/cve-2022,CVE-2022-43017_2.yaml,d06c1e080bfe531480b9ce4564878170064471f4,CVE-2022-43017
956982269,arkede/cve-2022,CVE-2022-30337.yaml,d07defeb98c3758181dc61ffcab26051da279d31,CVE-2022-30337
956982269,arkede/cve-2022,CVE-2022-31978_1.yaml,d082ccb6e5136465a070be3119ace6a2d590bf98,CVE-2022-31978
956982269,arkede/cve-2022,cve-2022-24288-6710.yaml,d0c4dc6d4589f7e9f4ca59947d867d525443d3b5,CVE-2022-24288
956982269,arkede/cve-2022,cve-2022-24288-6710.yaml,d0c4dc6d4589f7e9f4ca59947d867d525443d3b5,GHSA-3V7G-4PG3-7R6J
956982269,arkede/cve-2022,CVE-2022-43471.yaml,d0c99fc138cab0ae061d69c5a12fe2a93763aaa9,CVE-2022-43471
956982269,arkede/cve-2022,CVE-2022-25082_1.yaml,d0d9bf0925fb9d97269c89871aad0ad33069e4c4,CVE-2022-25082
956982269,arkede/cve-2022,CVE-2022-43018.yaml,d0eb19c736723748f689e4136ae2fcbe5e13aded,CVE-2022-43018
956982269,arkede/cve-2022,cve-2022-30777(1).yaml,d0f337016d357182615e479e90e2d06601eccbfa,CVE-2022-30777
956982269,arkede/cve-2022,CVE-2022-1063.yaml,d132ec2ffe451dc00afcb13aabd3b8b8d4ee0af9,CVE-2022-1063
956982269,arkede/cve-2022,CVE-2022-3242.yaml,d181dda49faca71bbe64f100c3d7ec6ed52e309b,CVE-2022-3242
956982269,arkede/cve-2022,CVE-2022-47431.yaml,d1acd39d5e3361b85c673503dfaa116017bd37fa,CVE-2022-47431
956982269,arkede/cve-2022,CVE-2022-45841.yaml,d1ae32e21fafb4f5f9500cb6f6fdbf8063897d5e,CVE-2022-45841
956982269,arkede/cve-2022,CVE-2022-1713_1.yaml,d1b402a1885aa9054fa464f0c31bef8dc635272f,CVE-2022-1713
956982269,arkede/cve-2022,cve-2022-0432-6629.yaml,d1c38a51b5ca0d2cd03c63cb14b9f8517de83706,CVE-2022-0432
956982269,arkede/cve-2022,cve-2022-34047_1.yaml,d1dd7ec59f51b7381282b4bb51dc23ade9be6e3b,CVE-2022-34047
956982269,arkede/cve-2022,CVE-2022-1007_2.yaml,d1ed525846fea733c9bc3bb9578558b7f3eecceb,CVE-2022-1007
956982269,arkede/cve-2022,CVE-2022-48175.yaml,d1f9a4108069703e6bac86754a5351c3e3a89fec,CVE-2022-48175
956982269,arkede/cve-2022,CVE-2022-2426.yaml,d20c703506fd664af715caa79bfd6c61b28e4108,CVE-2022-2426
956982269,arkede/cve-2022,CVE-2022-44588.yaml,d24482f1ca2d058751e307d69d60c08d9014b913,CVE-2022-44588
956982269,arkede/cve-2022,CVE-2022-20706.yaml,d24abd103d8569a84da092da4553f32f00528bba,ZDI-22-418
956982269,arkede/cve-2022,CVE-2022-20706.yaml,d24abd103d8569a84da092da4553f32f00528bba,CVE-2022-20706
956982269,arkede/cve-2022,CVE-2022-45038_1.yaml,d2503018ebb3d9883bc8ed21f43e67f15422aae5,CVE-2022-45038
956982269,arkede/cve-2022,CVE-2022-0621.yaml,d251d2e9827f616206d1bd14f8d26c92c024dd18,CVE-2022-0621
956982269,arkede/cve-2022,CVE-2022-2187.yaml,d25f5c41f608a9f6bc1d56950a46cbadd30ec0a6,CVE-2022-2187
956982269,arkede/cve-2022,cve-2022-23131-6680.yaml,d2685812bd7fc4254f9bcfe3c1a94362f322e423,CVE-2022-23131
956982269,arkede/cve-2022,CVE-2022-40194.yaml,d2745eee54fc1faf4a5ff3f1571c8d4d86c86d0c,CVE-2022-40194
956982269,arkede/cve-2022,cve-2022-25369-6726.yaml,d27ac7e3b4d1aed25e14520adee02e70fb5805a7,CVE-2022-25369
956982269,arkede/cve-2022,CVE-2022-20659.yaml,d297a39e85943cce8823880eed89afa6499065c5,CVE-2022-20659
956982269,arkede/cve-2022,CVE-2022-0693_2.yaml,d2afd572acc645ca50a696929c661859d931f198,CVE-2022-0693
956982269,arkede/cve-2022,CVE-2022-0736.yaml,d2b3dbdac330dce43385775cf60f1465d7f3b062,CVE-2022-0736
956982269,arkede/cve-2022,CVE-2022-44279.yaml,d2b5405b996c4f5789901e472589169a49aaa0e6,CVE-2022-44279
956982269,arkede/cve-2022,CVE-2022-4392.yaml,d2b61d2bb17c3b72698a5cda66390f9c6fbbe888,CVE-2022-4392
956982269,arkede/cve-2022,CVE-2022-38974.yaml,d2bd7be6333c4918113b0dee88ad545213d47e0a,CVE-2022-38974
956982269,arkede/cve-2022,CVE-2022-35730.yaml,d2be9887ebe06fd61a16b8e5de0091cbe29871ce,CVE-2022-35730
956982269,arkede/cve-2022,CVE-2022-0282.yaml,d2cf52f3b6f1533437a194858107fc6e2feaebb1,CVE-2022-0282
956982269,arkede/cve-2022,cve-2022-26564.yaml,d2d8bed77ea0071bbb8014543ff0488617317fa4,CVE-2022-26564
956982269,arkede/cve-2022,CVE-2022-1006.yaml,d2e0c92d283b27c8cc2e5da2878e804ca64dbad7,CVE-2022-1006
956982269,arkede/cve-2022,CVE-2022-0597.yaml,d2e51a2bc1a06be0fae597067e051ced0cdd8cf2,CVE-2022-0597
956982269,arkede/cve-2022,cve-2022-29548-6754.yaml,d2f3fc794f1662aa09d4043daba6c966ddff5bac,CVE-2022-29548
956982269,arkede/cve-2022,CVE-2022-38460.yaml,d3004b79583d02a88c82ab430c8112bd4ed9e5ca,CVE-2022-38460
956982269,arkede/cve-2022,CVE-2022-32028_2.yaml,d3163ec9dc2e1412e45b030630422b3c3971a958,CVE-2022-32028
956982269,arkede/cve-2022,CVE-2022-1937_1_1.yaml,d32b9aba5690ede9df9119bd6779fc541d16368d,CVE-2022-1937
956982269,arkede/cve-2022,CVE-2022-40444.yaml,d3368daffca0d85d95f71a4ac640b605e856e11e,CVE-2022-40444
956982269,arkede/cve-2022,CVE-2022-1611.yaml,d357d6beced9c44e2d830d34199285961f7956d4,CVE-2022-1611
956982269,arkede/cve-2022,CVE-2022-36356.yaml,d3607150e622d00fe8084fa0c5c03d2924650aa4,CVE-2022-36356
956982269,arkede/cve-2022,CVE-2022-34867.yaml,d394ddf345c8ccd7701d3dd4b89cc185952e2dd2,CVE-2022-34867
956982269,arkede/cve-2022,CVE-2022-4165.yaml,d3a84587261f7c6b0169a75f695b0ff4e64e057a,CVE-2022-4165
956982269,arkede/cve-2022,CVE-2022-43568.yaml,d3b9cf05ee0a9a674a4bfbcbb09756d0b02dd802,CVE-2022-43568
956982269,arkede/cve-2022,CVE-2022-0642.yaml,d3c94559acf8ff66f892ac8d7e94ec36e4ff9b0f,CVE-2022-0642
956982269,arkede/cve-2022,CVE-2022-22897_2.yaml,d3cf66d537cb79460a1ac71756e6f04915bec05c,CVE-2022-22897
956982269,arkede/cve-2022,CVE-2022-3688.yaml,d3d07078bace978e5561cc2552e576671af6d146,CVE-2022-3688
956982269,arkede/cve-2022,cve-2022-24112-6703_1.yaml,d3d3a54c5c3571fd0a427e6b3702abc0316c254c,CVE-2022-24112
956982269,arkede/cve-2022,CVE-2022-32026_1.yaml,d3d709f5e036288d90fe5330a4708410b873ddb0,CVE-2022-32026
956982269,arkede/cve-2022,CVE-2022-32026_1.yaml,d3d709f5e036288d90fe5330a4708410b873ddb0,CVE-2022-32028
956982269,arkede/cve-2022,CVE-2022-4897_1.yaml,d3e12e1c58054bbd9a82fb79cbcba00b479d97f6,CVE-2022-4897
956982269,arkede/cve-2022,cve-2022-23134-6684.yaml,d3fc81ee2874387acd7eab8d58078fc2706fbc52,CVE-2022-23134
956982269,arkede/cve-2022,cve-2022-0437.yaml,d40b0da0eb3d6a667da0396daa2e9501d1c776f8,CVE-2022-0437
956982269,arkede/cve-2022,cve-2022-24900.yaml,d4218943823cc222f69c9660b13f84736b70fc08,CVE-2022-24900
956982269,arkede/cve-2022,CVE-2022-44849.yaml,d4451c9b43c5a6f3f070ea03f706d00529258ba9,CVE-2022-44849
956982269,arkede/cve-2022,CVE-2022-41995.yaml,d45d154c9a3485d79c7425223118aa2f05e1a3f7,CVE-2022-41995
956982269,arkede/cve-2022,cve-2022-34048(1).yaml,d477f9bcff56c0449094dfa05c8136291fb8c2bc,CVE-2022-34048
956982269,arkede/cve-2022,CVE-2022-4491.yaml,d47d972067a451546426b7688bdfb2b5499cd8d8,CVE-2022-4491
956982269,arkede/cve-2022,CVE-2022-24181_1.yaml,d482ff6c508ba22a7b6555103bb9a82897e010bd,CVE-2022-24181
956982269,arkede/cve-2022,CVE-2022-0773.yaml,d487580d57836d29bce08a64286b6ddb55d95c77,CVE-2022-0773
956982269,arkede/cve-2022,CVE-2022-0747_2.yaml,d4930281838736ddb069f0bce5875716d6bb42d9,CVE-2022-0747
956982269,arkede/cve-2022,CVE-2022-2187(1).yaml,d49448aeb3a60d519ec0f882411029d93449cb09,CVE-2022-2187
956982269,arkede/cve-2022,CVE-2022-25491.yaml,d4a427f92a47c83c95b8d3b91a2a047df79b6c2d,CVE-2022-25491
956982269,arkede/cve-2022,CVE-2022-1939.yaml,d4a7f579ed58a2ee411a989a29f5e1a1001c0778,CVE-2022-1939
956982269,arkede/cve-2022,cve-2022-24856.yaml,d4adbc493c6581972f6f0c3a31005ae353925c34,GHSA-WWW6-HF2V-V9M9
956982269,arkede/cve-2022,cve-2022-24856.yaml,d4adbc493c6581972f6f0c3a31005ae353925c34,CVE-2022-24856
956982269,arkede/cve-2022,CVE-2022-45362.yaml,d4f9557749334a5b44b082600dcf0c281531adf1,CVE-2022-45362
956982269,arkede/cve-2022,CVE-2022-25486.yaml,d50a476aecdff75e5e732a1c37e0907f8a777a89,CVE-2022-25486
956982269,arkede/cve-2022,CVE-2022-3419.yaml,d520be5e9765a3353734e185a6416c357915b893,CVE-2022-3419
956982269,arkede/cve-2022,cve-2022-1119-6648.yaml,d52ab72b5b0077e86540c87dfbbbeab997eac933,CVE-2022-1119
956982269,arkede/cve-2022,CVE-2022-34047_2.yaml,d5490e76137b45c4e2cdba3be209f2aab7d523d5,CVE-2022-34047
956982269,arkede/cve-2022,CVE-2022-40684.yaml,d5618f61e9b009843e2b6e8c6ca166f0b7b4c009,CVE-2022-40684
956982269,arkede/cve-2022,CVE-2022-29272.yaml,d5777d03dcabeb81650ffd94231a3a114e23d9f0,CVE-2022-29272
956982269,arkede/cve-2022,CVE-2022-2314_1.yaml,d57ff52d320f0f9a6497d9087e6508585c560294,CVE-2022-2314
956982269,arkede/cve-2022,CVE-2022-2400.yaml,d58e21123a73797ce19f39a6ce395f6edd906969,CVE-2022-2400
956982269,arkede/cve-2022,CVE-2022-47178.yaml,d5905a3f67e04cf873c404971aa401cd52fbc218,CVE-2022-47178
956982269,arkede/cve-2022,CVE-2022-1040.yaml,d5d0e3cc7df17ac98c6320cc0fc1962e1bf02e71,CVE-2022-1040
956982269,arkede/cve-2022,CVE-2022-1327.yaml,d5d4259f731b466db91ac58730fd05b81ec4217a,CVE-2022-1327
956982269,arkede/cve-2022,CVE-2022-43164.yaml,d5df6ebd0cbda2890f5edf6ddfab92896e75125d,CVE-2022-43164
956982269,arkede/cve-2022,CVE-2022-46861.yaml,d5fdd502f04f455907a864f285980401c2a13ccd,CVE-2022-46861
956982269,arkede/cve-2022,CVE-2022-2116.yaml,d60507737aa20dc8160849b2e1dbf85bb3a81a15,CVE-2022-2116
956982269,arkede/cve-2022,CVE-2022-29434.yaml,d6270b4fd5443e5c832897770a57e8610d10b8d6,CVE-2022-29434
956982269,arkede/cve-2022,CVE-2022-27856.yaml,d630d6f27c3a96ce7d6902dcca4b8d657efaffe1,CVE-2022-27856
956982269,arkede/cve-2022,CVE-2022-3980_3.yaml,d649d679201bde5f527a4c3e0f74d77257b68952,CVE-2022-3980
956982269,arkede/cve-2022,CVE-2022-28216.yaml,d64fe9ca0db9dd94352006496189e6febeb8f1a1,CVE-2022-28216
956982269,arkede/cve-2022,CVE-2022-31814.yaml,d6839ae0c7799ff50ecb40b6c9de115e35605420,CVE-2022-31814
956982269,arkede/cve-2022,cve-2022-23134-6682.yaml,d687d1231f95e2f36a02f1b4f74785255483f5bc,CVE-2022-23134
956982269,arkede/cve-2022,CVE-2022-29406.yaml,d68afbc114881ec29f566aba371893d2f4cb0906,CVE-2022-29406
956982269,arkede/cve-2022,CVE-2022-1961.yaml,d6af781e39d671dd7c6a096ef8a3f72a8d472d0b,CVE-2022-1961
956982269,arkede/cve-2022,CVE-2022-2756_1.yaml,d6bc3056cc0ffcd43c7e433944738be16aeb8e59,CVE-2022-2756
956982269,arkede/cve-2022,CVE-2022-44356.yaml,d6be267374db26d66c6b2a8bc726a5f485e2f334,CVE-2022-44356
956982269,arkede/cve-2022,CVE-2022-4043.yaml,d6bf320219ae6ff5f02fc37754888aa5bcbc7bc0,CVE-2022-4043
956982269,arkede/cve-2022,CVE-2022-31984.yaml,d6de7b655bbae0ae3048c90ab5de241d338d1a16,CVE-2022-31984
956982269,arkede/cve-2022,CVE-2022-48197.yaml,d6f8469a966dd08fb790bde5cd34d7491b429547,CVE-2022-48197
956982269,arkede/cve-2022,CVE-2022-27850.yaml,d71d3ea9aefca9f9f1571858c870189da1a2b870,CVE-2022-27850
956982269,arkede/cve-2022,cve-2022-31268-6757.yaml,d71fe186db10f58e20d5659588842995feea6e2a,CVE-2022-31268
956982269,arkede/cve-2022,CVE-2022-0787.yaml,d72bf8668fd68a6de608a95ee637db2cc50bba06,CVE-2022-0787
956982269,arkede/cve-2022,CVE-2022-4021.yaml,d738b5661f86564bee04d86176dd95b501f628a5,CVE-2022-4021
956982269,arkede/cve-2022,cve-2022-30073.yaml,d73ad0d687aab4853256e38337b4db88ceee628d,CVE-2022-30073
956982269,arkede/cve-2022,CVE-2022-38095.yaml,d73ddd295ba1eb50efd03c663f1747d76dcc6483,CVE-2022-38095
956982269,arkede/cve-2022,CVE-2022-25276.yaml,d779a749cf50c4325f71d575a7ad8a527ba8c4e4,CVE-2022-25276
956982269,arkede/cve-2022,CVE-2022-4674.yaml,d780da09d17c2175e44ade6f64b3c256ccf0e0bc,CVE-2022-4674
956982269,arkede/cve-2022,CVE-2022-1772.yaml,d78f8d5f22dca68193cc7fe97fcfdc079cebb434,CVE-2022-1772
956982269,arkede/cve-2022,CVE-2022-1889.yaml,d79bcebff2cb55eb8d4dbede2ee96bbb00c39196,CVE-2022-1889
956982269,arkede/cve-2022,CVE-2022-2939.yaml,d7a709ba01b4378ff025a560c3978565af8c9efd,CVE-2022-2939
956982269,arkede/cve-2022,CVE-2022-0968_1.yaml,d7ac4b690b6d46d5d29acd41c99dba62534ec1d1,CVE-2022-0968
956982269,arkede/cve-2022,CVE-2022-0968_1.yaml,d7ac4b690b6d46d5d29acd41c99dba62534ec1d1,GHSA-5FXV-XX5P-G2FV
956982269,arkede/cve-2022,CVE-2022-4110.yaml,d7d9c5358bd310ad23d1a8d7cf3a925470b8733c,CVE-2022-4110
956982269,arkede/cve-2022,CVE-2022-4101.yaml,d7db5d8a966f0d8703227fdd66d698cfee3101c5,CVE-2022-4101
956982269,arkede/cve-2022,CVE-2022-4035.yaml,d8043df1bc8dead2e1f6297932e7f20f8dc6e641,CVE-2022-4035
956982269,arkede/cve-2022,CVE-2022-3391.yaml,d81394f03f1d02d53178d9ef4bd450df9c0f005a,CVE-2022-3391
956982269,arkede/cve-2022,CVE-2022-27169.yaml,d81f72a720b51d2c39ceb59cc910f5e0f436306b,CVE-2022-27169
956982269,arkede/cve-2022,CVE-2022-27139.yaml,d842dbe87322bd0cb3ae5648fc0dba8843c28a20,CVE-2022-27139
956982269,arkede/cve-2022,CVE-2022-4480.yaml,d86498532046f59a9eb47e272bc8a5fb9a8eb9a7,CVE-2022-4480
956982269,arkede/cve-2022,CVE-2022-1398.yaml,d86fa2aa0e58131aa095fe64620053ecd84b483c,CVE-2022-1398
956982269,arkede/cve-2022,CVE-2022-47447.yaml,d8711cfb2788db1e9a341869b582fb9f6695d29e,CVE-2022-47447
956982269,arkede/cve-2022,CVE-2022-46850.yaml,d8748fbaaf8ae52227b984c5a7144678fde357f6,CVE-2022-46850
956982269,arkede/cve-2022,CVE-2022-4237.yaml,d876e198fbd76179b5967fa2d61aab5cc695ad52,CVE-2022-4237
956982269,arkede/cve-2022,cve-2022-0165.yaml,d87aef23a0dd1ab8833d605cb3176b4c0927f5e8,CVE-2022-0165
956982269,arkede/cve-2022,CVE-2022-0140_3.yaml,d88b8c09f08df4e3e68e2cd34aad2c89c2945ade,CVE-2022-0140
956982269,arkede/cve-2022,CVE-2022-1757.yaml,d88c136ccdc9ed379cd3dfe02a5e306610d80a6d,CVE-2022-1757
956982269,arkede/cve-2022,CVE-2022-23314.yaml,d89e47ca2c5a43a40e3ea9c0b1f3feec295bff0f,CVE-2022-23314
956982269,arkede/cve-2022,CVE-2022-38467_2_1.yaml,d89ea81f79db2e79bb35a798b59e9efda10a436f,CVE-2022-38467
956982269,arkede/cve-2022,CVE-2022-32770.yaml,d8b2f1db5160870eb22a2a53934358d82e2c87f5,CVE-2022-32770
956982269,arkede/cve-2022,CVE-2022-4836.yaml,d8bdb9174ca85b60ac239762358db39d90647a18,CVE-2022-4836
956982269,arkede/cve-2022,CVE-2022-0191.yaml,d8cf2dbb28700ef3686f0c5e6a8f1a0841d5c689,CVE-2022-0191
956982269,arkede/cve-2022,CVE-2022-0653.yaml,d8d43936079779a9677f6e2d9dc2326062ef771b,CVE-2022-0653
956982269,arkede/cve-2022,CVE-2022-36352.yaml,d8da00ff8ae88d953a2dfa76d833d0789e5ed850,CVE-2022-36352
956982269,arkede/cve-2022,CVE-2022-0482_4.yaml,d8ee97b2585695bd32883ce157f806d1fe516ab8,CVE-2022-0482
956982269,arkede/cve-2022,CVE-2022-36422.yaml,d8f32b8514b1fa4c2918fca6b3f3f73e85a0acc1,CVE-2022-36422
956982269,arkede/cve-2022,CVE-2022-2635.yaml,d8f749113697ecd1470186258f30f5fef22157f5,CVE-2022-2635
956982269,arkede/cve-2022,CVE-2022-2756.yaml,d90df951a769efbfc868b5bb447ab1b0cb13b1ff,CVE-2022-2756
956982269,arkede/cve-2022,CVE-2022-24263.yaml,d90dfb31c7a26c4e7ac5e0355e42ebeec61a7f87,CVE-2022-24263
956982269,arkede/cve-2022,CVE-2022-0493.yaml,d90e8171422285aaada7a8b4968c58e0164643f0,CVE-2022-0493
956982269,arkede/cve-2022,CVE-2022-46859.yaml,d9276a5f94f530f6df5a5732a08560e83fed940b,CVE-2022-46859
956982269,arkede/cve-2022,CVE-2022-1894.yaml,d945bbeb8889dc61d985265cc173912e4d152c86,CVE-2022-1894
956982269,arkede/cve-2022,CVE-2022-26960_2.yaml,d95b3a57326cb7c8653e4232d2986836523352f4,CVE-2022-26960
956982269,arkede/cve-2022,CVE-2022-34045_4.yaml,d962bbf282a82ccf85668537779edcff169e99fd,CVE-2022-34045
956982269,arkede/cve-2022,CVE-2022-24856.yaml,d967d2706ab62d32ad05453d941401b037ce1a44,CVE-2022-24856
956982269,arkede/cve-2022,CVE-2022-24856.yaml,d967d2706ab62d32ad05453d941401b037ce1a44,GHSA-WWW6-HF2V-V9M9
956982269,arkede/cve-2022,CVE-2022-29014_4.yaml,d96e56be3669578da2a55c0b65426bb43c0408ce,CVE-2022-29014
956982269,arkede/cve-2022,CVE-2022-47165.yaml,d98139d73c9743fe05f0796c81ebc9a7497650f0,CVE-2022-47165
956982269,arkede/cve-2022,CVE-2022-0210.yaml,d992aaddf5e94fc652f9888c768666e96fcb1c7b,CVE-2022-0210
956982269,arkede/cve-2022,CVE-2022-36357.yaml,d993c7cbb0027c0290473831fb47c602ecf10977,CVE-2022-36357
956982269,arkede/cve-2022,CVE-2022-3763.yaml,d9b0cf270b8b7fe433e1c75711b5db6da732c2d3,CVE-2022-3763
956982269,arkede/cve-2022,CVE-2022-1171.yaml,d9b6b6b95734eb831ac4fa8313624a3d94951e8d,CVE-2022-1171
956982269,arkede/cve-2022,CVE-2022-4475.yaml,d9c01bc5034915df46a7e486dc4f26d495122042,CVE-2022-4475
956982269,arkede/cve-2022,CVE-2022-25082.yaml,d9cf8f2ab648e09efde8936800c192728da1f56e,CVE-2022-25082
956982269,arkede/cve-2022,CVE-2022-24112_1.yaml,d9d59e32649f24539c3ee50eb63e5167d8fff801,CVE-2022-24112
956982269,arkede/cve-2022,CVE-2022-26138_2.yaml,d9d64bb953b9e461de2566a49cc3aad275fa36a9,CVE-2022-26138
956982269,arkede/cve-2022,cve-2022-28363.yaml,d9d92ad1ac746415a5bae56e61bd7e5e0340df89,CVE-2022-28363
956982269,arkede/cve-2022,cve-2022-28363.yaml,d9d92ad1ac746415a5bae56e61bd7e5e0340df89,GHSA-RPVC-QGRM-R54F
956982269,arkede/cve-2022,CVE-2022-46849.yaml,d9deec72761bf77c82409ef65b3d01e5ec3a2753,CVE-2022-46849
956982269,arkede/cve-2022,CVE-2022-28022_1.yaml,d9e2638306589873983b03d584708ab315752bd1,CVE-2022-28022
956982269,arkede/cve-2022,CVE-2022-4708.yaml,da06f1ec09290fcfe01e28762e1adc697dbb05aa,CVE-2022-4708
956982269,arkede/cve-2022,CVE-2022-2374.yaml,da1e2cda2de14deac970985614bc18dfe25327c3,CVE-2022-2374
956982269,arkede/cve-2022,CVE-2022-1790.yaml,da292f4288852a40e3d5746c9b4f5752f8babc47,CVE-2022-1790
956982269,arkede/cve-2022,CVE-2022-43481.yaml,da53453c66d4ca952aa841d277d64b375618ea7e,CVE-2022-43481
956982269,arkede/cve-2022,CVE-2022-2435.yaml,da723f17af0841c3dfcc68c2627e3cba8629b589,CVE-2022-2435
956982269,arkede/cve-2022,CVE-2022-4826.yaml,da7302f61a5a2ef90c355293fb5e34d135f098e9,CVE-2022-4826
956982269,arkede/cve-2022,cve-2022-24990-6715.yaml,daa046e6a594814da402ee24c7a7b3bb8e4a7e96,CVE-2022-24990
956982269,arkede/cve-2022,CVE-2022-3855.yaml,dacd246c4fc6bb8d06349d4f71addfa50af11924,CVE-2022-3855
956982269,arkede/cve-2022,CVE-2022-36642.yaml,dacf7d1dfb41169bf755a9351fbe2f1978b3669a,CVE-2022-36642
956982269,arkede/cve-2022,CVE-2022-1755.yaml,dad85d2c880d98a66267689ae44c9c73e32e6a44,CVE-2022-1755
956982269,arkede/cve-2022,CVE-2022-42233.yaml,dada33209d37bfb22c8726bab1fee83ab4b9a2d8,CVE-2022-42233
956982269,arkede/cve-2022,CVE-2022-3392.yaml,dae32105ecebd4362cfc862714167ca286c4fac2,CVE-2022-3392
956982269,arkede/cve-2022,CVE-2022-4782.yaml,dafd1add4f9e45eb8106c2d03c01ff7007969ce0,CVE-2022-4782
956982269,arkede/cve-2022,CVE-2022-42744.yaml,db1187a08b500dd26d8caa9772bfe96913ef7cf9,CVE-2022-42744
956982269,arkede/cve-2022,CVE-2022-28032_1.yaml,db1ac89591d234ff6a673f34bbb7a84a8222cee8,CVE-2022-28032
956982269,arkede/cve-2022,CVE-2022-0747_1.yaml,db23fa49c82c55df4297a25fd96927d2c16cf6ec,CVE-2022-0747
956982269,arkede/cve-2022,CVE-2022-0640.yaml,db314fdf20232ddbe6b667127b86f927aee26fe5,CVE-2022-0640
956982269,arkede/cve-2022,CVE-2022-2353.yaml,db35f4fbeef0a72972c9b37f103fc09bf3a7fde3,CVE-2022-2353
956982269,arkede/cve-2022,CVE-2022-0446.yaml,db452d07e27760fb585a97b4fa2d68ce81db12ea,CVE-2022-0446
956982269,arkede/cve-2022,CVE-2022-4256.yaml,db4b57d2033ff59817e6411392a3bf6438777905,CVE-2022-4256
956982269,arkede/cve-2022,CVE-2022-4650.yaml,db6451fa2360e42b6be5b21b0fc84121663ff9f8,CVE-2022-4650
956982269,arkede/cve-2022,CVE-2022-24266_2.yaml,db6937f02bd687827446b01d6325ac5f8a096b8e,CVE-2022-24266
956982269,arkede/cve-2022,CVE-2022-1546.yaml,db6d501405886cd0d1c1d52e3b3c1ec80c51cc80,CVE-2022-1546
956982269,arkede/cve-2022,CVE-2022-3830.yaml,db7318a6b46e505c6ca661e871a2f9334ca59266,CVE-2022-3830
956982269,arkede/cve-2022,CVE-2022-3149.yaml,db78ffb2b59c18772261b89ed11c3db1ed519e4d,CVE-2022-3149
956982269,arkede/cve-2022,cve-2022-0591-6636.yaml,db82886c410a357923a93bc24dd0df22d59e0802,CVE-2022-0591
956982269,arkede/cve-2022,CVE-2022-0599_2.yaml,db8ab85773046ef67863d44e50a2cb9e3f1ca7f5,CVE-2022-0599
956982269,arkede/cve-2022,CVE-2022-4214.yaml,dbeb464b86ab5005c2664a9009c7ee7fe72e740b,CVE-2022-4214
956982269,arkede/cve-2022,CVE-2022-44948_1.yaml,dbf5eeb8fd9e92ebb10c6a890a91d6f843d1dc45,CVE-2022-44948
956982269,arkede/cve-2022,CVE-2022-2273.yaml,dc084e924d87247e574248d769f9bbf047146bf9,CVE-2022-2273
956982269,arkede/cve-2022,CVE-2022-45852.yaml,dc325a52a6f3098f5d2bc0c31159f2f154601725,CVE-2022-45852
956982269,arkede/cve-2022,CVE-2022-3506_2.yaml,dc3e9f9e26ee33e68cb54c9739ab188752eb81fc,CVE-2022-3506
956982269,arkede/cve-2022,CVE-2022-1395.yaml,dc4a4571605b9c162636bb38dcab10307c93c932,CVE-2022-1395
956982269,arkede/cve-2022,CVE-2022-25401.yaml,dc4bafd921b23096ffffc2d1baee9842fca6eb63,CVE-2022-25401
956982269,arkede/cve-2022,CVE-2022-1774.yaml,dc4c0af7a5c4884c60fee9aee1add82a6874db2b,CVE-2022-1774
956982269,arkede/cve-2022,CVE-2022-24082.yaml,dc5826a8f01bd2e5e756f02078637969c2c0f98c,CVE-2022-24082
956982269,arkede/cve-2022,CVE-2022-0963.yaml,dc68426ec60e71d5a08ebec4b7c4fd31650be81f,GHSA-Q3X2-JVP3-WJ78
956982269,arkede/cve-2022,CVE-2022-0963.yaml,dc68426ec60e71d5a08ebec4b7c4fd31650be81f,CVE-2022-0963
956982269,arkede/cve-2022,CVE-2022-29647.yaml,dc731ea5c06bcb37fb7878ecb26a241be1d710ec,CVE-2022-29647
956982269,arkede/cve-2022,CVE-2022-1609_2.yaml,dc87f85d148b12b7a53cce475c80a1800806c01a,CVE-2022-1609
956982269,arkede/cve-2022,CVE-2022-1091.yaml,dc89553ba694323e8f8b0c27f0dda4623b9ae1b5,CVE-2022-1091
956982269,arkede/cve-2022,CVE-2022-1970.yaml,dca39d8cfd91b384986db29dde4042363cbff054,CVE-2022-1970
956982269,arkede/cve-2022,CVE-2022-1282.yaml,dca89dd67699f161078a5ee19bc182c35a7b92a5,CVE-2022-1282
956982269,arkede/cve-2022,CVE-2022-3098.yaml,dcb168763e1ae103192f4b5bc2e07b1e78f49781,CVE-2022-3098
956982269,arkede/cve-2022,CVE-2022-45817.yaml,dcf2ff457bc745d5742c080a531aaf2e556960d5,CVE-2022-45817
956982269,arkede/cve-2022,CVE-2022-0833.yaml,dd12ac91766fe399668ac5463ca3dc816aa649c8,CVE-2022-0833
956982269,arkede/cve-2022,CVE-2022-45037_3.yaml,dd2679516d7e0812cee140803ed4a17d34723593,CVE-2022-45037
956982269,arkede/cve-2022,CVE-2022-4220.yaml,dd327aae6f22543654fe28826c27ac1111f64d6e,CVE-2022-4220
956982269,arkede/cve-2022,cve-2022-0543(1).yaml,dd3dfa4b1cba98d5beae20aabeec43241aef3c42,CVE-2022-0543
956982269,arkede/cve-2022,CVE-2022-1883.yaml,dd3fa2ef3e6f88187156cecb04842140add10619,CVE-2022-1883
956982269,arkede/cve-2022,CVE-2022-40619_1.yaml,dd460801b081e88c0e0e8be722e9dab5a828cc48,CVE-2022-40619
956982269,arkede/cve-2022,CVE-2022-3926.yaml,dd726126432fc258289a4206b3851620bb1e2cdd,CVE-2022-3926
956982269,arkede/cve-2022,CVE-2022-4036.yaml,dd75db246f81b58b3aaead8a98f44794e80aa354,CVE-2022-4036
956982269,arkede/cve-2022,CVE-2022-4487.yaml,dd85d434a5095bf5023b0ca1c595f1f4adc3405e,CVE-2022-4487
956982269,arkede/cve-2022,CVE-2022-0867.yaml,dd8940a656cf24a7d49a567cf2a8250d23e02394,CVE-2022-0867
956982269,arkede/cve-2022,CVE-2022-0384.yaml,dda811bf90165923a455d8dda24f9ff8646938cb,CVE-2022-0384
956982269,arkede/cve-2022,CVE-2022-4290.yaml,ddab0126c53b7b08c3e83e943db6aa8419b448a6,CVE-2022-4290
956982269,arkede/cve-2022,CVE-2022-0649.yaml,ddb0965775a6f7405485e0295e4e0129249da2be,CVE-2022-0649
956982269,arkede/cve-2022,CVE-2022-24288.yaml,ddb1dc1c3ae01078977d1053357f4e36b43fe886,GHSA-3V7G-4PG3-7R6J
956982269,arkede/cve-2022,CVE-2022-24288.yaml,ddb1dc1c3ae01078977d1053357f4e36b43fe886,CVE-2022-24288
956982269,arkede/cve-2022,CVE-2022-40359_1.yaml,ddd501f8d916d909938c17ccf6492dc2e2c7d812,CVE-2022-40359
956982269,arkede/cve-2022,CVE-2022-38296_1.yaml,ddedd4e313db9c5b34f247104057fd75cf21c627,CVE-2022-38296
956982269,arkede/cve-2022,CVE-2022-2115.yaml,ddeedd7dae1928b21d976b25c8a1a5592346f923,CVE-2022-2115
956982269,arkede/cve-2022,cve-2022-1597.yaml,ddfedafb5ba01dc1d02301d53f035de3a4456601,CVE-2022-1597
956982269,arkede/cve-2022,CVE-2022-0410.yaml,de1143bdff6a4b449afc98d57c65c62d7e27ee19,CVE-2022-0410
956982269,arkede/cve-2022,CVE-2022-43120.yaml,de132f692eabd62458880385cb990389431f6067,CVE-2022-43120
956982269,arkede/cve-2022,cve-2022-28219.yaml,de15605c963aa826a0c20998a3b3e0f68a696228,CVE-2022-28219
956982269,arkede/cve-2022,cve-2022-24112.yaml,de1bd5928da3e2f5e109ab26549f59420b4a2565,CVE-2022-24112
956982269,arkede/cve-2022,CVE-2022-25486_1.yaml,de285c467f5f02814968f009f996a7eaf817d3e4,CVE-2022-25486
956982269,arkede/cve-2022,CVE-2022-47147.yaml,de2c5671973c073a1be80da02d9c0d091808598c,CVE-2022-47147
956982269,arkede/cve-2022,CVE-2022-40203.yaml,de467e5377108ad4305b08949510c051eb8ed6db,CVE-2022-40203
956982269,arkede/cve-2022,CVE-2022-2114.yaml,de58d77c2bbe489b8818fc4d3cdcc8239de1f23b,CVE-2022-2114
956982269,arkede/cve-2022,CVE-2022-0599_3.yaml,de5d409332b375af851c3886f363e400527d0d1b,CVE-2022-0599
956982269,arkede/cve-2022,CVE-2022-0149_3.yaml,de9a080d60763f7c701b11eb365b7486b63ee0e8,CVE-2022-0149
956982269,arkede/cve-2022,CVE-2022-31888.yaml,de9fd737da6276d0fb106cf7d91f3388082f14b5,CVE-2022-31888
956982269,arkede/cve-2022,CVE-2022-24819.yaml,deadae92ed47e84d2016adf92e1a4c8d2727ae8e,CVE-2022-24819
956982269,arkede/cve-2022,CVE-2022-24819.yaml,deadae92ed47e84d2016adf92e1a4c8d2727ae8e,GHSA-97JG-43C9-Q6PF
956982269,arkede/cve-2022,CVE-2022-44952.yaml,debeaaddbfad82bfee18ee8376bb9754e964fc6b,CVE-2022-44952
956982269,arkede/cve-2022,CVE-2022-3921.yaml,dec6f283e76c3f20fd3f53f735fa34b2a78b5bea,CVE-2022-3921
956982269,arkede/cve-2022,CVE-2022-0186.yaml,ded2a5400db8c5c4a464d0780ef9ce5b66d8a5b7,CVE-2022-0186
956982269,arkede/cve-2022,CVE-2022-1165.yaml,dedcbe70d49d7f7f889dbd7a50a4ebea357d3f9a,CVE-2022-1165
956982269,arkede/cve-2022,CVE-2022-1442_1.yaml,df1bb02b53f6d909c814dfff6bec8116baf63ed0,CVE-2022-1442
956982269,arkede/cve-2022,cve-2022-32022_1.yaml,df3b12cfd46fde43c4b4bd351d5ed00d2e17b5e2,CVE-2022-32022
956982269,arkede/cve-2022,CVE-2022-37313.yaml,df532dd29b7fde8d9a0eb7e01e165730ea43aa7e,CVE-2022-37313
956982269,arkede/cve-2022,CVE-2022-1058_3.yaml,df6aa6950f3c286a4ae0eefaf7b8e80ce63ba943,CVE-2022-1058
956982269,arkede/cve-2022,CVE-2022-2024.yaml,df8a81cea09057cd7d139568beef4dfe2bb4dc28,CVE-2022-2024
956982269,arkede/cve-2022,CVE-2022-0619.yaml,df993c233c1f8705fc82a4c1ace4c49100d1c267,CVE-2022-0619
956982269,arkede/cve-2022,CVE-2022-45831.yaml,df9e8f19261aac58f0059576e273489a39a46a64,CVE-2022-45831
956982269,arkede/cve-2022,cve-2022-23808-6693.yaml,dfa683923c446debabdc607dd62dc9149a547f67,CVE-2022-23808
956982269,arkede/cve-2022,CVE-2022-0949_2.yaml,dfbdad1484777f0f7cff18e0de822e03395dff03,CVE-2022-0949
956982269,arkede/cve-2022,CVE-2022-2194.yaml,dfd1f1c2529d333ed60ec14088d52e416ff2c264,CVE-2022-2194
956982269,arkede/cve-2022,CVE-2022-22972_2.yaml,dfe4c12aa0f5cf03bd9de839916ca892dbe3e8e5,CVE-2022-22972
956982269,arkede/cve-2022,CVE-2022-4472.yaml,dfe6c7d45c63e974501b535a8cb3a1102d04a876,CVE-2022-4472
956982269,arkede/cve-2022,CVE-2022-2312.yaml,dff763abc2089e68135c60c38626bab29d3c7afe,CVE-2022-2312
956982269,arkede/cve-2022,CVE-2022-40195.yaml,dffbf252d04c3469bfbff6afbd72bf8b5fc1ea61,CVE-2022-40195
956982269,arkede/cve-2022,CVE-2022-46799.yaml,e006f72d8724a019ec052da4dc2ad8114580bf03,CVE-2022-46799
956982269,arkede/cve-2022,CVE-2022-2470.yaml,e009d785b8fd5a218b4fd76050971956fd6099f2,CVE-2022-2470
956982269,arkede/cve-2022,CVE-2022-46934.yaml,e0155f500d18d04539865f78a7c833253e108e39,CVE-2022-46934
956982269,arkede/cve-2022,CVE-2022-0599.yaml,e02a459e7e195b7676a70f59e47a9d1c353461e1,CVE-2022-0599
956982269,arkede/cve-2022,cve-2022-24288.yaml,e02e43c519970f8c1274e8514948dfa14c655527,CVE-2022-24288
956982269,arkede/cve-2022,cve-2022-24288.yaml,e02e43c519970f8c1274e8514948dfa14c655527,GHSA-3V7G-4PG3-7R6J
956982269,arkede/cve-2022,CVE-2022-2222.yaml,e035424d7b93213fa2e5de3ca41f5fb6028e081a,CVE-2022-2222
956982269,arkede/cve-2022,CVE-2022-25486_2.yaml,e035df578aa6f231c40b0513cd652af740eef264,CVE-2022-25486
956982269,arkede/cve-2022,CVE-2022-46020_1.yaml,e0552e13db975cee4bcedc8e28ac1234e9c729b4,CVE-2022-46020
956982269,arkede/cve-2022,CVE-2022-3849.yaml,e0a50c30fdc9e2f05aa4c9bb4ebe246eec54f9ee,CVE-2022-3849
956982269,arkede/cve-2022,CVE-2022-4017.yaml,e0d2e9dc60db9d02313c351d8390ba9504912bad,CVE-2022-4017
956982269,arkede/cve-2022,CVE-2022-3800_1.yaml,e0db40aab2e6f85e641c8544d490df6d1813bfb4,CVE-2022-3800
956982269,arkede/cve-2022,CVE-2022-31373.yaml,e0f1aa60f4d127a0f6a8e5143cbf05b7a843424b,CVE-2022-31373
956982269,arkede/cve-2022,CVE-2022-24226.yaml,e0f97e26f04360494c47c53fe233a0e3ab0efefd,CVE-2022-24226
956982269,arkede/cve-2022,CVE-2022-34155.yaml,e10b1d032253a3ea534dab040dbd744b10f5a58c,CVE-2022-34155
956982269,arkede/cve-2022,CVE-2022-1001.yaml,e10c572e20ff4cc6baa7b482bcb290281ce35b61,CVE-2022-1001
956982269,arkede/cve-2022,CVE-2022-4050_1.yaml,e125ba1b99aef28445ba1ebeb59df9e4861e52df,CVE-2022-4050
956982269,arkede/cve-2022,CVE-2022-0420.yaml,e135506ea396c04dea8ebce9c471f0cd6949bb74,CVE-2022-0420
956982269,arkede/cve-2022,CVE-2022-0739.yaml,e17ac893739cec1e4361d950acb86b27bb1646ae,CVE-2022-0739
956982269,arkede/cve-2022,CVE-2022-3632.yaml,e18d29c75eaab53c7e9c9622f1b628b21113ce37,CVE-2022-3632
956982269,arkede/cve-2022,CVE-2022-41556.yaml,e19ef7f37f1a31ec97420cc15c18dd631eabc225,CVE-2022-41556
956982269,arkede/cve-2022,CVE-2022-27115.yaml,e1a97bfdb3f9751de94ae580b975ac9beb76fcad,CVE-2022-27115
956982269,arkede/cve-2022,CVE-2022-29383.yaml,e1ac5726305d3140fe59cf7dcfdd9bb8e1729182,CVE-2022-29383
956982269,arkede/cve-2022,CVE-2022-4756.yaml,e1b2cd8481e971bbf01789614bbd8b1fc1c223eb,CVE-2022-4756
956982269,arkede/cve-2022,CVE-2022-3824.yaml,e1b42a70de93eecbe8076b4e1ef0576303e8badd,CVE-2022-3824
956982269,arkede/cve-2022,CVE-2022-3126.yaml,e1cdd5666e9d84d4682cad6d84fe264797e36535,CVE-2022-3126
956982269,arkede/cve-2022,CVE-2022-4656.yaml,e21a43e510cbc64c13de5b7ecc33f95dc85ca74c,CVE-2022-4656
956982269,arkede/cve-2022,CVE-2022-0445.yaml,e21d02e8d0f50c66c592c834bbb85985d13ce6e6,CVE-2022-0445
956982269,arkede/cve-2022,CVE-2022-23988.yaml,e228278dd428de870383400b24ea06451db6827e,CVE-2022-23988
956982269,arkede/cve-2022,CVE-2022-2488_2.yaml,e22a52f684a397c4a63ae58f065351aaebdacf46,CVE-2022-2488
956982269,arkede/cve-2022,CVE-2022-2536.yaml,e23501786bc3720ee6a6769b7c1e7a8e58f2d343,CVE-2022-2536
956982269,arkede/cve-2022,CVE-2022-2536.yaml,e23501786bc3720ee6a6769b7c1e7a8e58f2d343,CVE-2022-2461
956982269,arkede/cve-2022,CVE-2022-47590.yaml,e235fd9b4b6d48d768b4445edf1ec1b934a7fba8,CVE-2022-47590
956982269,arkede/cve-2022,CVE-2022-1563.yaml,e2380bdac3e48cdb63a0afcceead5a290ecab1df,CVE-2022-1563
956982269,arkede/cve-2022,CVE-2022-3558.yaml,e23edab8a80830961aed0d4d7233f16bbefb85e9,CVE-2022-3558
956982269,arkede/cve-2022,CVE-2022-1329_1_1.yaml,e24465003e51638091440dce46c0d51ff83e47f2,CVE-2022-1329
956982269,arkede/cve-2022,CVE-2022-23337.yaml,e248a401c748806cf4d06e16b81986e2af69c6af,CVE-2022-23337
956982269,arkede/cve-2022,CVE-2022-4794.yaml,e24c5ae4ec3d5f7a5e27d7e7c0c2a9be3c501ec9,CVE-2022-4794
956982269,arkede/cve-2022,CVE-2022-37042_6.yaml,e26c8f00d44737fa4b00ba450076318473a8af1a,CVE-2022-37042
956982269,arkede/cve-2022,CVE-2022-37042_6.yaml,e26c8f00d44737fa4b00ba450076318473a8af1a,CVE-2022-27925
956982269,arkede/cve-2022,CVE-2022-0648.yaml,e27d71a92612bdfddd2776ae02b7c84f996e7bcb,CVE-2022-0648
956982269,arkede/cve-2022,CVE-2022-23131.yaml,e28c194d16de07ac58e46236451abee922f93d2f,CVE-2022-23131
956982269,arkede/cve-2022,CVE-2022-41619.yaml,e2bad5dd801412f6deb3d7ce94f52c598260b82c,CVE-2022-41619
956982269,arkede/cve-2022,CVE-2022-1090.yaml,e2caa470adbfd68114651b485ff1a7ea891fd33f,CVE-2022-1090
956982269,arkede/cve-2022,CVE-2022-36399.yaml,e2cdd1a2950dc26723a725752c7fe5d5037f8e92,CVE-2022-36399
956982269,arkede/cve-2022,cve-2022-25369.yaml,e2df7b8cf391a8db2081ac4aaac43b60aa0d6288,CVE-2022-25369
956982269,arkede/cve-2022,CVE-2022-4267.yaml,e2f536d1a91c5e88942e866d9e279a52b026fe0d,CVE-2022-4267
956982269,arkede/cve-2022,CVE-2022-42485.yaml,e30463e20d33c27b435ca0acced7205f38155408,CVE-2022-42485
956982269,arkede/cve-2022,CVE-2022-3490.yaml,e3091b719b14fb4d461760da157698319f70fd11,CVE-2022-3490
956982269,arkede/cve-2022,cve-2022-29464.yaml,e31517c8e5e71e9d58eb2b32e073c52333601d4a,CVE-2022-29464
956982269,arkede/cve-2022,CVE-2022-1265.yaml,e329f5925a41bfa2c65d5435c7247f77173f8dd6,CVE-2022-1265
956982269,arkede/cve-2022,CVE-2022-20704.yaml,e32b7a4c2e10d6e3ffe02fb4e9f30d909ca16603,CVE-2022-20704
956982269,arkede/cve-2022,CVE-2022-20704.yaml,e32b7a4c2e10d6e3ffe02fb4e9f30d909ca16603,ZDI-22-413
956982269,arkede/cve-2022,CVE-2022-1609.yaml,e33786fe3b3cdb03fc83f46be5a4d20e0aa36d53,CVE-2022-1609
956982269,arkede/cve-2022,cve-2022-36883(1).yaml,e3432ffa14c339a481a88716e0109c9da4489044,CVE-2022-36883
956982269,arkede/cve-2022,cve-2022-0952.yaml,e3529f17a1e14766a1f14932ae7ef1b2989da30b,CVE-2022-0952
956982269,arkede/cve-2022,cve-2022-0140.yaml,e35651cc2f2691a33c578eb28ae40e49f4f66d96,CVE-2022-0140
956982269,arkede/cve-2022,CVE-2022-2658.yaml,e36180f8629c552b694e3bd5d41ad868b62c8def,CVE-2022-2658
956982269,arkede/cve-2022,CVE-2022-37153_2.yaml,e37fca01bf137e8d32ecc0da8accb13ebd2b6ff1,CVE-2022-37153
956982269,arkede/cve-2022,CVE-2022-46838.yaml,e3844710657e0436fd2741001713c952bd57b4b0,CVE-2022-46838
956982269,arkede/cve-2022,CVE-2022-43031.yaml,e3849d9ed73a17f584596202914f4c1669862399,CVE-2022-43031
956982269,arkede/cve-2022,CVE-2022-47588.yaml,e387ffbd0a349f5ef364806f50d8416f7e5d7433,CVE-2022-47588
956982269,arkede/cve-2022,CVE-2022-43463.yaml,e3aeceed7a253cbb834c710f1fe1c2388ec582ce,CVE-2022-43463
956982269,arkede/cve-2022,CVE-2022-47441.yaml,e3c437013033f05ce9334f48ad43adb1d343945f,CVE-2022-47441
956982269,arkede/cve-2022,CVE-2022-0250.yaml,e3d1400dcfc3fe658b581a7cb93e5fa8a6297a35,CVE-2022-0250
956982269,arkede/cve-2022,CVE-2022-4059_1.yaml,e3d1d2811d48942e8fcd3a53f99d2a0bcced68e2,CVE-2022-4059
956982269,arkede/cve-2022,CVE-2022-1831.yaml,e3da353d6fe493455b7edbd930ae030fa33a06a4,CVE-2022-1831
956982269,arkede/cve-2022,CVE-2022-37191_2.yaml,e3ee35667851438c17ea6ee702b59a9e15355689,CVE-2022-37191
956982269,arkede/cve-2022,CVE-2022-36341.yaml,e40faee6e158c8900097286ddf6469ec76e9edf3,CVE-2022-36341
956982269,arkede/cve-2022,CVE-2022-3536.yaml,e427ce6f0445b04bd876a5712fb263e6a8311067,CVE-2022-3536
956982269,arkede/cve-2022,CVE-2022-24223_1.yaml,e43e51025ee47293e25236bcf774b68055693f09,CVE-2022-24223
956982269,arkede/cve-2022,CVE-2022-47424.yaml,e446c7d802a92e04821e608e500911872a8846da,CVE-2022-47424
956982269,arkede/cve-2022,CVE-2022-29748.yaml,e45aaf3f40b48932de3d7f64aaf5bfc6a7c67155,CVE-2022-29748
956982269,arkede/cve-2022,CVE-2022-0690.yaml,e45ecc6740336c5acb2c9b0d1f9713ff6725d110,CVE-2022-0690
956982269,arkede/cve-2022,CVE-2022-34048.yaml,e47d14c22559b16501431ebd6a96e2788dcf69dc,CVE-2022-34048
956982269,arkede/cve-2022,CVE-2022-1885.yaml,e4846645b2c3e326cd8148f5bfc90220e011eb9a,CVE-2022-1885
956982269,arkede/cve-2022,CVE-2022-0658_2.yaml,e496885acb2bbf32b9b78f4ce63576f5bc24233d,CVE-2022-0658
956982269,arkede/cve-2022,CVE-2022-40695.yaml,e4a8b1fdf4843eb664637af91ea1d6410f258b3a,CVE-2022-40695
956982269,arkede/cve-2022,CVE-2022-31980.yaml,e4c286b316a7445bcc2bdb4f13980253a9922ab4,CVE-2022-31980
956982269,arkede/cve-2022,CVE-2022-23779.yaml,e4c3895f3ff9effd1eb444967a1ff9539d759f00,CVE-2022-23779
956982269,arkede/cve-2022,CVE-2022-1301.yaml,e4caeb57c9ff9b7b8f20353a3d28a95496ec4b7e,CVE-2022-1301
956982269,arkede/cve-2022,CVE-2022-3357.yaml,e50bafa39cb806e8d15f8fc68c487a1e93803d07,CVE-2022-3357
956982269,arkede/cve-2022,CVE-2022-29153.yaml,e519d34bbe3738309f34728b1dd092d8c93c32e7,CVE-2022-29153
956982269,arkede/cve-2022,CVE-2022-33891_1.yaml,e526682e17fa62c09708b91f213eedf4883ff93c,CVE-2022-33891
956982269,arkede/cve-2022,CVE-2022-47166.yaml,e539d00ba88c2db956a15310f462e823eb81ac5e,CVE-2022-47166
956982269,arkede/cve-2022,CVE-2022-41805.yaml,e544c3470acc32fda5b4500d04ead908241c11cd,CVE-2022-41805
956982269,arkede/cve-2022,CVE-2022-3062_2.yaml,e553661526a8f352e477ea47317f2bf2162b7362,CVE-2022-3062
956982269,arkede/cve-2022,CVE-2022-2180.yaml,e567b0f5d848eb0a20d381ebc0c3da17428735d4,CVE-2022-2180
956982269,arkede/cve-2022,CVE-2022-2191.yaml,e56b72faafc201899a2f145221839bb344f0a3ca,GHSA-8MPP-F3F7-XC28
956982269,arkede/cve-2022,CVE-2022-2191.yaml,e56b72faafc201899a2f145221839bb344f0a3ca,CVE-2022-2191
956982269,arkede/cve-2022,CVE-2022-1062.yaml,e57221eadd2a887ff341b46c973211bf6df1c638,CVE-2022-1062
956982269,arkede/cve-2022,CVE-2022-41692.yaml,e573106571cb0a82a6c4c828de242c902d0e905b,CVE-2022-41692
956982269,arkede/cve-2022,CVE-2022-3069.yaml,e5769f8e8704ca162769b05820f126e4e075a438,CVE-2022-3069
956982269,arkede/cve-2022,CVE-2022-45038.yaml,e57906b1303b636a3397d5d4df92327131a9713d,CVE-2022-45038
956982269,arkede/cve-2022,CVE-2022-35914.yaml,e5b603bb85e3c668806aaabce9b5a2c382e1db82,CVE-2022-35914
956982269,arkede/cve-2022,cve-2022-0432-6628.yaml,e631be34400a3c5424068cd8e045f357ffc61b67,CVE-2022-0432
956982269,arkede/cve-2022,CVE-2022-31656.yaml,e63cbce6929606b1afa787b9629b7fd6bab300f4,CVE-2022-31656
956982269,arkede/cve-2022,CVE-2022-34858.yaml,e661a5cf3cec60c7abad5c510c471a472f0749fe,CVE-2022-34858
956982269,arkede/cve-2022,CVE-2022-3062_1.yaml,e6717d8c36baae322ba8d8fa93501dc46c7630b9,CVE-2022-3062
956982269,arkede/cve-2022,CVE-2022-26366.yaml,e67cfd9ba8ff6c276e2f75abefc78dd18a642a30,CVE-2022-26366
956982269,arkede/cve-2022,CVE-2022-2039.yaml,e67d0da260d5242e8d1234e2161de95f19d7aaa6,CVE-2022-2039
956982269,arkede/cve-2022,CVE-2022-0658_1.yaml,e6836815fe3551cf116830fb171cae9ec27cb00d,CVE-2022-0658
956982269,arkede/cve-2022,CVE-2022-3339.yaml,e6861bffaf9f5a9f3a9a1e91ddbfb60bad8d0802,CVE-2022-3339
956982269,arkede/cve-2022,CVE-2022-0533_2.yaml,e694ab333aa63b2be5763de2d9d0c97b3565525c,CVE-2022-0533
956982269,arkede/cve-2022,CVE-2022-44595.yaml,e69901ce70c20d6ac1b71d888127c8d8b5c25afb,CVE-2022-44595
956982269,arkede/cve-2022,CVE-2022-1713_3.yaml,e6ac517951fa7f791498f2328ab45a12bd1dc1dc,CVE-2022-1713
956982269,arkede/cve-2022,CVE-2022-4458.yaml,e6c16d258a4b068c969e333590ff4659def3c119,CVE-2022-4458
956982269,arkede/cve-2022,CVE-2022-0349_1.yaml,e6d1bd9b3397c73483d2a2132ad5f5e86016b26d,CVE-2022-0349
956982269,arkede/cve-2022,CVE-2022-1597_2.yaml,e6e8f7ae0f998f4a2448807f7116766dcbb77982,CVE-2022-1597
956982269,arkede/cve-2022,CVE-2022-3578_2.yaml,e6eaa78c189067e2f8899a721f3fbf46c57f056a,CVE-2022-3578
956982269,arkede/cve-2022,CVE-2022-31161.yaml,e7177d2686808096efca15b3fe32de4ac3194ca3,GHSA-PG3W-8P63-X483
956982269,arkede/cve-2022,CVE-2022-31161.yaml,e7177d2686808096efca15b3fe32de4ac3194ca3,CVE-2022-31161
956982269,arkede/cve-2022,CVE-2022-0424.yaml,e72d924c262da43cc29df390775f35e6d387600a,CVE-2022-0424
956982269,arkede/cve-2022,cve-2022-0656.yaml,e745fbef1b92a55ba0cfd963ae85ad413050ed28,CVE-2022-0656
956982269,arkede/cve-2022,CVE-2022-24264_2.yaml,e76a0d2d9c034ce7737dfe79081bcc8360de6abd,CVE-2022-24264
956982269,arkede/cve-2022,CVE-2022-23983.yaml,e7764c145dc894305cc6f71e24fb2f7268ba9454,CVE-2022-23983
956982269,arkede/cve-2022,CVE-2022-41786.yaml,e784243249526c72bfa4064c889997b32ab918ab,CVE-2022-41786
956982269,arkede/cve-2022,CVE-2022-2944.yaml,e784ecbb1a1ffa6103b122a8fbfaadb819a1b858,CVE-2022-2944
956982269,arkede/cve-2022,CVE-2022-1472.yaml,e7884a201ed03d9113727edec1a7ebe31e8f632e,CVE-2022-1472
956982269,arkede/cve-2022,CVE-2022-0085.yaml,e78a6127d04bb6330e4bf7a88206a64f8066d8f1,CVE-2022-0085
956982269,arkede/cve-2022,CVE-2022-0503.yaml,e78bdb5f57b5bdb2cdfae8f8fcfda5a58f65d335,CVE-2022-0503
956982269,arkede/cve-2022,CVE-2022-2269.yaml,e78f143c995ca0df07b7b3bb3e8c6b0a39c19853,CVE-2022-2269
956982269,arkede/cve-2022,cve-2022-22947-6666.yaml,e794291fd28ee5dd8528a9589177d4ab1a487acc,CVE-2022-22947
956982269,arkede/cve-2022,CVE-2022-4327.yaml,e79af689f9352625fc0be26ced95acc764ee93e8,CVE-2022-4327
956982269,arkede/cve-2022,CVE-2022-1329.yaml,e7a0580b76d413d1cac0b9369340cb95607fe967,CVE-2022-1329
956982269,arkede/cve-2022,CVE-2022-1267.yaml,e7b633dc17139f74682ffdf773116cdc04e2ff1b,CVE-2022-1267
956982269,arkede/cve-2022,CVE-2022-34037.yaml,e7bed947f5aff0f769b0d36454db57a26157805f,CVE-2022-34037
956982269,arkede/cve-2022,CVE-2022-29408.yaml,e7c23d4cce88b2a0e7e6cad62290f11a17f4225e,CVE-2022-29408
956982269,arkede/cve-2022,CVE-2022-1937.yaml,e7c4d10245ceb744aeddd2c0c60a278a467ff8c6,CVE-2022-1937
956982269,arkede/cve-2022,CVE-2022-29979.yaml,e7fa94178e215d057b2f12fc942a981f56730ba5,CVE-2022-29979
956982269,arkede/cve-2022,CVE-2022-45073.yaml,e803f5357cc4769c26834abb8d4a86a7b4f0d38b,CVE-2022-45073
956982269,arkede/cve-2022,CVE-2022-4790.yaml,e8101e4f6b0817126471e65c80e3f82f1e3593e3,CVE-2022-4790
956982269,arkede/cve-2022,CVE-2022-41136.yaml,e82e2097bf160c248e26870081b2f73feea18c8e,CVE-2022-41136
956982269,arkede/cve-2022,CVE-2022-1574_1.yaml,e82f48275760498d24a0c6e326375ffa48d68b10,CVE-2022-1574
956982269,arkede/cve-2022,CVE-2022-4034.yaml,e83dffbe4fb0644b5f1c714b099a65dbbc07a0f2,CVE-2022-4034
956982269,arkede/cve-2022,CVE-2022-45363.yaml,e84ed27ae79abe3b23d25baa6807eba71a5b8046,CVE-2022-45356
956982269,arkede/cve-2022,CVE-2022-45363.yaml,e84ed27ae79abe3b23d25baa6807eba71a5b8046,CVE-2022-45363
956982269,arkede/cve-2022,CVE-2022-2093.yaml,e8617dcda118aec9219f0b8ac6d86b10b604363d,CVE-2022-2093
956982269,arkede/cve-2022,CVE-2022-0149_1.yaml,e880d0aa13a334facc8be91af367368f330e3733,CVE-2022-0149
956982269,arkede/cve-2022,CVE-2022-46812.yaml,e883d90674526993c75d649bffae780b7da6154d,CVE-2022-46812
956982269,arkede/cve-2022,CVE-2022-31976_2.yaml,e884f9f9980eb80fd51a881105586ec7cd9b6203,CVE-2022-31976
956982269,arkede/cve-2022,CVE-2022-25912.yaml,e887c7a2733ae2c95f03574c7f6710d8bff438de,CVE-2022-25912
956982269,arkede/cve-2022,CVE-2022-2276.yaml,e89d4125955f9b33c45206d01e834d94d0cb9169,CVE-2022-2276
956982269,arkede/cve-2022,CVE-2022-43166.yaml,e8a3f63c7fac2051522e71625d71872d34476386,CVE-2022-43166
956982269,arkede/cve-2022,CVE-2022-27003.yaml,e8c4bc1103acfadd4f8a826d1f8835beb5242f59,CVE-2022-27003
956982269,arkede/cve-2022,cve-2022-32007.yaml,e906645b18647cd54049b516c600dcb45757027f,CVE-2022-32007
956982269,arkede/cve-2022,CVE-2022-34093.yaml,e920cdac929dc7a91b112c51123957a3c2cfa517,CVE-2022-34093
956982269,arkede/cve-2022,CVE-2022-27984.yaml,e924aaa05a53bed73f6884db49119fadcb793d92,CVE-2022-27984
956982269,arkede/cve-2022,CVE-2022-0760.yaml,e96e46d844515a11538b3e88a9c523b0dd1f5fec,CVE-2022-0760
956982269,arkede/cve-2022,CVE-2022-4109.yaml,e98c98128ef2d149b16110c23736f08b0cbed33f,CVE-2022-4109
956982269,arkede/cve-2022,CVE-2022-0827_1.yaml,e9928db3e1e56cc03805cde8657cd32e31e16dec,CVE-2022-0827
956982269,arkede/cve-2022,CVE-2022-43167.yaml,e9a04363054fa47c442dde24778709f75e24f614,CVE-2022-43167
956982269,arkede/cve-2022,CVE-2022-26284.yaml,e9c0d3b09ed2f3aa737460900dae79bac9106df0,CVE-2022-26284
956982269,arkede/cve-2022,CVE-2022-42745.yaml,e9cbc50a7b24f6f39981af25307ca4934f83f0dc,CVE-2022-42745
956982269,arkede/cve-2022,CVE-2022-27847.yaml,e9d4a152746fae115c0d2c411edf14ba4ce1babd,CVE-2022-27847
956982269,arkede/cve-2022,CVE-2022-32025.yaml,e9d9f695a960f25fe1344fa2279bca29762f2c03,CVE-2022-32025
956982269,arkede/cve-2022,CVE-2022-45537.yaml,e9ee57be7fd0ab27cf11b634cbadbfe9be70b8b4,CVE-2022-45537
956982269,arkede/cve-2022,CVE-2022-3879.yaml,e9f4952b3a65982155851b791bae1ee45bbf6df4,CVE-2022-3879
956982269,arkede/cve-2022,cve-2022-31793.yaml,e9faa9e6acc71f3b268c39f60f56e4483bd7eb73,CVE-2022-31793
956982269,arkede/cve-2022,CVE-2022-2350.yaml,e9ffa6a6122f600eab508343d8f9c97cf61d8c36,CVE-2022-2350
956982269,arkede/cve-2022,CVE-2022-29014_1.yaml,ea171f793d4b505c4bf872037cb22ea7b1cfacbb,CVE-2022-29014
956982269,arkede/cve-2022,CVE-2022-1583.yaml,ea1f93b02be0ec90155057510bf99a4e082e1340,CVE-2022-1583
956982269,arkede/cve-2022,cve-2022-34047-6763.yaml,ea24065ad99f9c6974dd325be979bc7ce4dcbf43,CVE-2022-34047
956982269,arkede/cve-2022,CVE-2022-0949_1.yaml,ea282c9acfa40d529d714fbbe9fb3706f4c5829a,CVE-2022-0949
956982269,arkede/cve-2022,CVE-2022-44578.yaml,ea2e16cdd9d4b0860091c6a9eee6d71396a726d9,CVE-2022-44578
956982269,arkede/cve-2022,CVE-2022-47614.yaml,ea3e03b38498da29fea851cf7ed40135f3e38e25,CVE-2022-47614
956982269,arkede/cve-2022,CVE-2022-2717.yaml,ea459f54a17f6663cff4543f2a018613f314a166,CVE-2022-2717
956982269,arkede/cve-2022,CVE-2022-2516.yaml,ea497934c1e1af96d247b1e53a8099c8c94005c9,CVE-2022-2516
956982269,arkede/cve-2022,CVE-2022-2341.yaml,ea52da2e66baf5e2e3c6cb45c3cddb11437b50e6,CVE-2022-2341
956982269,arkede/cve-2022,CVE-2022-28032_3.yaml,ea533b4af8c5469da4319dfe6074a955b9bab2aa,CVE-2022-28032
956982269,arkede/cve-2022,CVE-2022-0591.yaml,ea80772e0cc948889d5bd186f3ec6d7a9732e8d8,CVE-2022-0591
956982269,arkede/cve-2022,cve-2022-0656(1).yaml,eaa94d1bae56878d8d53feaf1d5cabc60157595a,CVE-2022-0656
956982269,arkede/cve-2022,cve-2022-26233-6736_1.yaml,ead97475dc35a5870e601f4e34c0bd2156f20496,CVE-2022-26233
956982269,arkede/cve-2022,CVE-2022-1266.yaml,eadcd46f74ec90439a2c8d4d6232ee36b485a7ab,CVE-2022-1266
956982269,arkede/cve-2022,CVE-2022-4508.yaml,eadd02e0794bc852c44b440628e64e2e1d6cfd70,CVE-2022-4508
956982269,arkede/cve-2022,CVE-2022-47163.yaml,eadf5268f9760570683f7e8f5baecd3ab758a584,CVE-2022-47163
956982269,arkede/cve-2022,CVE-2022-47612.yaml,eb080e5cdf4499a6c249b38863df4bdfe3f56b83,CVE-2022-47612
956982269,arkede/cve-2022,CVE-2022-43165.yaml,eb099a2b6f734836353ddb9bd760ee30f88ad8b2,CVE-2022-43165
956982269,arkede/cve-2022,CVE-2022-1956.yaml,eb29ff41fdbeb4849c1905f86071cf11441dc539,CVE-2022-1956
956982269,arkede/cve-2022,CVE-2022-40734.yaml,eb58987ff3bd2091c940bc12896b06f591447aaa,CVE-2022-40734
956982269,arkede/cve-2022,CVE-2022-25617.yaml,eb6d14d1e613095c79e08b1f6aab4d1b4cc4a564,CVE-2022-25617
956982269,arkede/cve-2022,CVE-2022-0651_2.yaml,eb9125f1f62224a5e798e564ccec85e777784aac,CVE-2022-0651
956982269,arkede/cve-2022,CVE-2022-24816_3.yaml,eb935681a105de90b8b7db6ab7e8ae2f9d71d166,GHSA-V92F-JX6P-73RX
956982269,arkede/cve-2022,CVE-2022-24816_3.yaml,eb935681a105de90b8b7db6ab7e8ae2f9d71d166,CVE-2022-24816
956982269,arkede/cve-2022,CVE-2022-25487.yaml,ebae4a71ff24adaea2c92b7f09f92ae77293167c,CVE-2022-25487
956982269,arkede/cve-2022,CVE-2022-3847.yaml,ebb63516a79d1ddf7881cb9214c3f8d60e596721,CVE-2022-3847
956982269,arkede/cve-2022,CVE-2022-24124.yaml,ebbc41d2280196e6b6963b74e93de4f6ce424400,CVE-2022-24124
956982269,arkede/cve-2022,CVE-2022-3908_2.yaml,ebbd6599231451f33436a92a641100ab65240fbb,CVE-2022-3908
956982269,arkede/cve-2022,CVE-2022-2436.yaml,ebd319c0298038157b427d224754d7930a0cba5c,CVE-2022-2436
956982269,arkede/cve-2022,CVE-2022-36804_2.yaml,ebe0b2324f2e666656cb1c8e98a170f45cffa157,CVE-2022-36804
956982269,arkede/cve-2022,CVE-2022-4937.yaml,ebe8db538d7a5521b5dd25aea96707532bf2e44c,CVE-2022-4937
956982269,arkede/cve-2022,CVE-2022-31854_1.yaml,ebfcc6eef79ec6427571fcb9d4a09b31cc892e3d,CVE-2022-31854
956982269,arkede/cve-2022,CVE-2022-3618.yaml,ec215e450bc53ff1fcc89d013bf611af7573e82f,CVE-2022-3618
956982269,arkede/cve-2022,CVE-2022-45355.yaml,ec2fe4d8fc96566fe5245e29954d5becbabfe9b0,CVE-2022-45355
956982269,arkede/cve-2022,CVE-2022-2185.yaml,ec48ea61ef26540a6db7af8bca8945268022e34f,CVE-2022-2185
956982269,arkede/cve-2022,CVE-2022-36664.yaml,ec4af306af89d262945aa26bdd567e8c8380a0a2,CVE-2022-36664
956982269,arkede/cve-2022,CVE-2022-22972_3.yaml,ec607bdc7639a1667bcc5fa7627291d67f3736b8,CVE-2022-22972
956982269,arkede/cve-2022,CVE-2022-29005_2.yaml,ec8eb23e2c6233f62566d5a337c9a310253413a4,CVE-2022-29005
956982269,arkede/cve-2022,CVE-2022-29981.yaml,ec986fd21a46312bc210509a35583d41ad9d8778,CVE-2022-29981
956982269,arkede/cve-2022,cve-2022-22947-6665.yaml,ec9f0ff385131bf3c1a0857f08b1cb6667e31158,CVE-2022-22947
956982269,arkede/cve-2022,CVE-2022-29153_2.yaml,ecbca1d33fa10c80e3be82bd2c4e2d9e9aafc2d2,CVE-2022-29153
956982269,arkede/cve-2022,CVE-2022-46071_1.yaml,ecf763f0b75b95e5f0de5fb1aa407e0f07c1fe76,CVE-2022-46071
956982269,arkede/cve-2022,CVE-2022-0706.yaml,ecf9c7e19d7145ca4817d271fe3682b3cd97f3f2,CVE-2022-0706
956982269,arkede/cve-2022,CVE-2022-4546.yaml,ed0500c42f7791d68f3206b8c87edf8171a74167,CVE-2022-4546
956982269,arkede/cve-2022,CVE-2022-0402.yaml,ed0902ae06f70bada4450b9a34c960c9dce0ad7b,CVE-2022-0402
956982269,arkede/cve-2022,CVE-2022-4698.yaml,ed2e72d982aae10c9bd1c8a410641fe309669e86,CVE-2022-4698
956982269,arkede/cve-2022,CVE-2022-2328.yaml,ed406bae487f8e8a1831f2319fa0342fbd69eda6,CVE-2022-2328
956982269,arkede/cve-2022,CVE-2022-28080_3.yaml,ed40931775477d0747aedd1d5a24482e249579ff,CVE-2022-28080
956982269,arkede/cve-2022,CVE-2022-37599.yaml,ed4be522497974af8e282649b4af6e2e350486c0,CVE-2022-37599
956982269,arkede/cve-2022,CVE-2022-37599.yaml,ed4be522497974af8e282649b4af6e2e350486c0,GHSA-HHQ3-FF78-JV3G
956982269,arkede/cve-2022,CVE-2022-29452.yaml,ed673b1e97c5373d54ff0f9b1f095415c7e866c5,CVE-2022-29452
956982269,arkede/cve-2022,CVE-2022-47134.yaml,ed6a47d36777f376e70a39e15150d827515488ea,CVE-2022-47134
956982269,arkede/cve-2022,CVE-2022-38637_2.yaml,ed8155457f5a787da14cd2c8a652ad77909893bd,CVE-2022-38637
956982269,arkede/cve-2022,CVE-2022-0412.yaml,ed91451d1cbd00b1bf593ec9b557fc78be1da16d,CVE-2022-0412
956982269,arkede/cve-2022,CVE-2022-38131_1.yaml,ed9abd19c96c5190767b69c8316450618260fc8f,CVE-2022-38131
956982269,arkede/cve-2022,CVE-2022-34328.yaml,ed9fc5a2a0d46be8f9610dc5e3fdcfc81e91406c,CVE-2022-34328
956982269,arkede/cve-2022,CVE-2022-43018_1.yaml,edc0bfd9d93a5ef12178593b5667000f2f4f4b75,CVE-2022-43018
956982269,arkede/cve-2022,cve-2022-1597-6652.yaml,edc3d3097eb4d794246cfa4dca083c6783f8970b,CVE-2022-1597
956982269,arkede/cve-2022,CVE-2022-4155.yaml,edd5fc6c8fd17c45505a063c3a21fd5717d80ef0,CVE-2022-4155
956982269,arkede/cve-2022,CVE-2022-22733.yaml,edd971ab683869cd49753528f45e602c97d97f4f,CVE-2022-22733
956982269,arkede/cve-2022,CVE-2022-45369.yaml,ede0a7c49bd1bfdfa34b7987a60811ce5b9b551b,CVE-2022-45369
956982269,arkede/cve-2022,cve-2022-32007(1).yaml,edf0120717b83cfa25b76702ee0d2a6d25562e5e,CVE-2022-32007
956982269,arkede/cve-2022,CVE-2022-42698.yaml,ee048b5dc3955a7d267d95c5c6313b6434d339c6,CVE-2022-42698
956982269,arkede/cve-2022,cve-2022-0540(1).yaml,ee07d3d7a026d0806fbd92763816304c3f7c7781,CVE-2022-0540
956982269,arkede/cve-2022,CVE-2022-2275.yaml,ee154ea1a822c6f6ef698e977a54103c71aede18,CVE-2022-2275
956982269,arkede/cve-2022,CVE-2022-0770.yaml,ee1eaa9e40cc43b49e6d90737daa7b773a81c21b,CVE-2022-0770
956982269,arkede/cve-2022,CVE-2022-42233_2.yaml,ee355afbe4227b4c48f8d758231374f7ef2ed795,CVE-2022-42233
956982269,arkede/cve-2022,CVE-2022-3838.yaml,ee581bbe1739f80a6c8f2f5aa21f0c92c25f694f,CVE-2022-3838
956982269,arkede/cve-2022,CVE-2022-40699.yaml,ee626afe8c6c59034468f1a85ffa142e5c522a27,CVE-2022-40699
956982269,arkede/cve-2022,CVE-2022-1008.yaml,ee98615f89d49f098490aa40c4991a5ddb8d3da9,CVE-2022-1008
956982269,arkede/cve-2022,CVE-2022-1104.yaml,eea23f409f9fb33413a8b7d8583c18ec195d6f05,CVE-2022-1104
956982269,arkede/cve-2022,CVE-2022-41474.yaml,eec1b45dd96804e2923beefe70b2bbf7b502d49f,CVE-2022-41474
956982269,arkede/cve-2022,CVE-2022-40632.yaml,eec854520df07bf91d4241fcdfd50ba7b641cfff,CVE-2022-40632
956982269,arkede/cve-2022,CVE-2022-2599.yaml,eee66bf0e4301c905b3a66da75eb2f9b8b7d264f,CVE-2022-2599
956982269,arkede/cve-2022,CVE-2022-1820.yaml,eeea581a475683be234ef8e9f473758954a026c8,CVE-2022-1820
956982269,arkede/cve-2022,CVE-2022-4789.yaml,ef17cfed52cac3fe60aa86f91ad97b0fa1e17c6a,CVE-2022-4789
956982269,arkede/cve-2022,CVE-2022-4834.yaml,ef19c71b1c7a54dceca58f1b1014ca4c2e798eb2,CVE-2022-4834
956982269,arkede/cve-2022,CVE-2022-45037_2.yaml,ef2547d289594320da9f217355c847dc7377e97d,CVE-2022-45037
956982269,arkede/cve-2022,CVE-2022-29081.yaml,ef3c782c91c966d291d45bcbc7974b047e882e96,CVE-2022-29081
956982269,arkede/cve-2022,CVE-2022-25858.yaml,ef3dcba56044a4e80bb543d0a1672bbc78357a8f,CVE-2022-25858
956982269,arkede/cve-2022,CVE-2022-38456.yaml,ef68bf3defba0bb0a0a11cd2f7cce410b78c51e4,CVE-2022-38456
956982269,arkede/cve-2022,CVE-2022-42883.yaml,ef68cc9e6225bae986beb02f7aa3588552538800,CVE-2022-42883
956982269,arkede/cve-2022,CVE-2022-0288(1).yaml,ef6ef3e095085b49d1ff00fcda67de32817a4fad,CVE-2022-0288
956982269,arkede/cve-2022,CVE-2022-26352.yaml,ef730da93ac410142e668f591b0f6651589ab391,CVE-2022-26352
956982269,arkede/cve-2022,CVE-2022-0314.yaml,ef78ae04b28ad803ce2c57fcc3e32eac0f66d5f5,CVE-2022-0314
956982269,arkede/cve-2022,CVE-2022-4784.yaml,ef7e96c8fae0e656b7f4c0fe25fff61d4b1ae93e,CVE-2022-4784
956982269,arkede/cve-2022,CVE-2022-41640.yaml,ef82adc90d2b8462f4323587cb9b7b7813486913,CVE-2022-41640
956982269,arkede/cve-2022,CVE-2022-4407.yaml,efa8ab04268336431fd6d2ab27fc604cff875adb,CVE-2022-4407
956982269,arkede/cve-2022,CVE-2022-45847.yaml,efb16cd7bded408a49a541fee50d8777aafa3c33,CVE-2022-45847
956982269,arkede/cve-2022,CVE-2022-26833_2.yaml,efb79cdd0bb7405fd3f0cd222d79f3624b40f8f6,CVE-2022-26833
956982269,arkede/cve-2022,CVE-2022-45838.yaml,efb94b993b63d166fbae75e81d121ed70295412e,CVE-2022-45838
956982269,arkede/cve-2022,CVE-2022-4453.yaml,efc30eea5ed107bc1df7c9aa0e944b15138e18ee,CVE-2022-4453
956982269,arkede/cve-2022,CVE-2022-3136.yaml,efced5368a8431eb7b7d12a69e78589d1966669f,CVE-2022-3136
956982269,arkede/cve-2022,CVE-2022-0817_2.yaml,efd6326913a1b1c4c84918db2d8db099d0b089d7,CVE-2022-0817
956982269,arkede/cve-2022,CVE-2022-4321.yaml,efe3cf99d5716e92885cd971dfa80f0f4da7fb3b,CVE-2022-4321
956982269,arkede/cve-2022,CVE-2022-29009_2.yaml,efe6d28d491e2b932ccb0df05fc95432d8d88e0c,CVE-2022-29009
956982269,arkede/cve-2022,CVE-2022-44627.yaml,f0043606a5010af7883322a6cf0118a19b2febb3,CVE-2022-44627
956982269,arkede/cve-2022,CVE-2022-34148.yaml,f00e9f0d4b7fdece3c6b7f5b36b3d9e819b01507,CVE-2022-34148
956982269,arkede/cve-2022,CVE-2022-44944_1.yaml,f00ef3969d0664b71b4715b19517ecc98ebc6df8,CVE-2022-44944
956982269,arkede/cve-2022,CVE-2022-28080_2.yaml,f0288f78d2d36848bcbedad27281ee9867bc58a9,CVE-2022-28080
956982269,arkede/cve-2022,cve-2022-29299(1).yaml,f033e6f5c148f069d1e6b67e5f4e14d030f1b87a,CVE-2022-29299
956982269,arkede/cve-2022,CVE-2022-42096_2.yaml,f0380b23a0a70b99138efabc9bc0f6e082711b8b,CVE-2022-42096
956982269,arkede/cve-2022,CVE-2022-0920.yaml,f043d89eeac568897b0df0e1068710d96fcf661b,CVE-2022-0920
956982269,arkede/cve-2022,CVE-2022-2271.yaml,f04adf5737ddf128a71a3f2f8ba3a2b0c5746062,CVE-2022-2271
956982269,arkede/cve-2022,CVE-2022-45835_2_1.yaml,f0643730ecea5bb7926fbda650c1f882db371479,CVE-2022-45835
956982269,arkede/cve-2022,CVE-2022-22721.yaml,f06f520dd0bf98c5b193103881b5c5a65b83cf67,CVE-2022-22721
956982269,arkede/cve-2022,CVE-2022-32771.yaml,f0718db16150ae38cd816a2d94e2d763ebd14634,CVE-2022-32771
956982269,arkede/cve-2022,cve-2022-24899.yaml,f079fbe11ae940e40a5be43769169ddc610ed530,CVE-2022-24899
956982269,arkede/cve-2022,cve-2022-24899.yaml,f079fbe11ae940e40a5be43769169ddc610ed530,GHSA-M8X6-6R63-QVJ2
956982269,arkede/cve-2022,CVE-2022-1815.yaml,f0ae3b4d6b02fffd3c9175d56622685b1e8f3f32,CVE-2022-1815
956982269,arkede/cve-2022,CVE-2022-28346.yaml,f0c22cd5b3a1e4b18f26e98e19f30084818182c3,CVE-2022-28346
956982269,arkede/cve-2022,CVE-2022-0600.yaml,f0c81ac73eb7fe5ef11c70228c4e1b7d04aecd07,CVE-2022-0600
956982269,arkede/cve-2022,CVE-2022-0535.yaml,f0d770dd6542a6f7a574e4d78b3cd59a09355c91,CVE-2022-0535
956982269,arkede/cve-2022,CVE-2022-0786_1.yaml,f0ddf147a5b1148d5703b6eb8fa46498433360e8,CVE-2022-0786
956982269,arkede/cve-2022,CVE-2022-26911.yaml,f0f57038e2eb91bcbd5d64d4eff40bc7f8ff0e59,CVE-2022-26911
956982269,arkede/cve-2022,CVE-2022-47075.yaml,f0f73387be3e9d39571a3a59d720b65a914d5d0d,CVE-2022-47075
956982269,arkede/cve-2022,CVE-2022-44576.yaml,f10b87f038a9da6679d953b46592080bb38ecc3b,CVE-2022-44576
956982269,arkede/cve-2022,CVE-2022-1455.yaml,f1106507c17e0a8645dc4056e35b60821f832c38,CVE-2022-1455
956982269,arkede/cve-2022,CVE-2022-25485_2.yaml,f11caa8d286c3de537a3184f7613300d98ca7041,CVE-2022-25485
956982269,arkede/cve-2022,CVE-2022-3894.yaml,f15b90b7b9c83ec2f407c1f723ad656a43400994,CVE-2022-3894
956982269,arkede/cve-2022,CVE-2022-27466.yaml,f1673c0fa758bbd94bef18aa58c8d5adc0cb3f28,CVE-2022-27466
956982269,arkede/cve-2022,CVE-2022-27466.yaml,f1673c0fa758bbd94bef18aa58c8d5adc0cb3f28,VU#01
956982269,arkede/cve-2022,CVE-2022-2425.yaml,f16e8af86ee3840f47a21db3da5025a150c8671b,CVE-2022-2425
956982269,arkede/cve-2022,CVE-2022-29468.yaml,f16ea313046a5fb1295529acf0314983d07e3216,CVE-2022-29468
956982269,arkede/cve-2022,cve-2022-29301(1).yaml,f175e23c054d14343394ca0441f41904659e43df,CVE-2022-29301
956982269,arkede/cve-2022,CVE-2022-42233_1.yaml,f17f5e5b660612fb7020138bf76fa8c838d7255e,CVE-2022-42233
956982269,arkede/cve-2022,CVE-2022-1595_3.yaml,f18c9a0efe4359e9f2c68d787ef85b432a55c238,CVE-2022-1595
956982269,arkede/cve-2022,CVE-2022-25402.yaml,f194483309ee8570bcb76db0b37e920f5cdfa7d7,CVE-2022-25402
956982269,arkede/cve-2022,CVE-2022-2444.yaml,f1a9cb1a7626e84eed6efd26940ab4bc324b7338,CVE-2022-2444
956982269,arkede/cve-2022,CVE-2022-3097.yaml,f1e7ffc36e828c3cec3397743443b28e34292fbb,CVE-2022-3097
956982269,arkede/cve-2022,CVE-2022-24223_2.yaml,f1f350d30e5d0e8dc9897f60b2ed5d79784ab34c,CVE-2022-24223
956982269,arkede/cve-2022,CVE-2022-0898.yaml,f217882a510120924b76e6f81f32a8a7cd72ed7f,CVE-2022-0898
956982269,arkede/cve-2022,CVE-2022-0769.yaml,f21a280da6381f24ee1ab373f88fe9636d0c6ec8,CVE-2022-0769
956982269,arkede/cve-2022,CVE-2022-2486_4.yaml,f2265ddb3492e43487b69c82c7454d7345b0d864,CVE-2022-2486
956982269,arkede/cve-2022,CVE-2022-46381.yaml,f23a8922c259e7c99cf7b73772ff1cbde02b03d7,CVE-2022-46381
956982269,arkede/cve-2022,CVE-2022-3574.yaml,f23e17ed437aca891336bca5812b38c04263cc7e,CVE-2022-3574
956982269,arkede/cve-2022,CVE-2022-44740.yaml,f289683929c9283df9d17fa970086f92e83aa017,CVE-2022-44740
956982269,arkede/cve-2022,CVE-2022-32276.yaml,f296e72a9e8d1fd2c677725c6c53fbb902a0d8f3,CVE-2022-32276
956982269,arkede/cve-2022,CVE-2022-33119.yaml,f2b0a95b4dbc4556cac32356f9f7c58b97132c07,CVE-2022-33119
956982269,arkede/cve-2022,CVE-2022-4776.yaml,f2b2d9e2c602259bdf16497730c034d50ee91736,CVE-2022-4776
956982269,arkede/cve-2022,CVE-2022-29749.yaml,f2d146966fa59b6e8521b52aea69d56a7d51f6b8,CVE-2022-29749
956982269,arkede/cve-2022,CVE-2022-4905.yaml,f2fcb3f050d15bf514d1833dfb1be4f7b147b653,CVE-2022-4905
956982269,arkede/cve-2022,CVE-2022-4156.yaml,f33e63d3e1f5542e6f4034bcb9ab87069d23f3e2,CVE-2022-4156
956982269,arkede/cve-2022,CVE-2022-1386(1).yaml,f3455ff74125eade27ea2a398eb455e4670bd6ab,CVE-2022-1386
956982269,arkede/cve-2022,CVE-2022-0281.yaml,f345fc94287b3601045ba25d295aece65f4eb30f,CVE-2022-0281
956982269,arkede/cve-2022,CVE-2022-1092.yaml,f34cac317954d769271b5d28c9cb02a0ff33d08a,CVE-2022-1092
956982269,arkede/cve-2022,CVE-2022-0426.yaml,f34d809602dcb299d2e65f32d6e74e56ec8a2414,CVE-2022-0426
956982269,arkede/cve-2022,CVE-2022-36282.yaml,f34f3f1a61e8ed2d4f44abc650008ce8e3f40afb,CVE-2022-36282
956982269,arkede/cve-2022,CVE-2022-33987.yaml,f35eff8d37a8b1a44d21f9dbd5ef120e07061922,CVE-2022-33987
956982269,arkede/cve-2022,CVE-2022-44585.yaml,f36cadac4686275f7569dac01ce038c98cf73602,CVE-2022-44585
956982269,arkede/cve-2022,CVE-2022-4484.yaml,f372320d923ded988f81f362d899f196d657c38f,CVE-2022-4484
956982269,arkede/cve-2022,CVE-2022-3223.yaml,f39345f32de9541d57788ca752a89d179dbc2644,CVE-2022-3223
956982269,arkede/cve-2022,CVE-2022-4700.yaml,f39fb5ee6a5a474998b23721b4d3c39ede1849db,CVE-2022-4700
956982269,arkede/cve-2022,CVE-2022-4702.yaml,f3af907bf264885d3d1c6eb4f224dba71abef874,CVE-2022-4702
956982269,arkede/cve-2022,CVE-2022-36583.yaml,f3b1fe253198b20fa4af462b8c64cd33a6d02a56,CVE-2022-36583
956982269,arkede/cve-2022,CVE-2022-29419.yaml,f3b6b82aa56f933d01064f38398613a0f7efb78e,CVE-2022-29419
956982269,arkede/cve-2022,CVE-2022-2486.yaml,f433b49dd352e9fb1b0669272ac706481b711fd2,CVE-2022-2486
956982269,arkede/cve-2022,CVE-2022-40619.yaml,f437241e67369f17edb0b28950db1b10a08bc5a5,CVE-2022-40619
956982269,arkede/cve-2022,cve-2022-29303.yaml,f43ae4561a5aaa9b7940d7184221a8ba32168752,CVE-2022-29303
956982269,arkede/cve-2022,CVE-2022-0993.yaml,f442a982ded3ebe1cd30a306b3d25e9c3149bea0,CVE-2022-0993
956982269,arkede/cve-2022,CVE-2022-0786.yaml,f44344f064181b4a2c3d0d0e06a60e866557f21b,CVE-2022-0786
956982269,arkede/cve-2022,CVE-2022-1269.yaml,f449e49c71e7141b53a41ec045995b0e7dd281f7,CVE-2022-1269
956982269,arkede/cve-2022,CVE-2022-1555.yaml,f467e14697369bdd358326d421514e72f67b78e1,CVE-2022-1555
956982269,arkede/cve-2022,CVE-2022-2166.yaml,f479afadac2c6c8161e0daa17c47c8bd9d40d49e,CVE-2022-2166
956982269,arkede/cve-2022,CVE-2022-1579.yaml,f480978005a80be567b5ba8b5c49841f1ed2c31c,CVE-2022-1579
956982269,arkede/cve-2022,CVE-2022-1721.yaml,f48261979083539da091c3defa68524ce253a3af,CVE-2022-1721
956982269,arkede/cve-2022,cve-2022-28079(1).yaml,f48a225a0b72c1d9614a17685f78e4b29884f4ce,CVE-2022-28079
956982269,arkede/cve-2022,CVE-2022-0681.yaml,f48b6c4681c174b7aeb33ebb1f86d38017326058,CVE-2022-0681
956982269,arkede/cve-2022,CVE-2022-45083.yaml,f49455d9b191a2c2f5553aa55df8f45bead25f7b,CVE-2022-45083
956982269,arkede/cve-2022,CVE-2022-22965.yaml,f49d72819768450d0accbd7a9e98ab39342b5495,CVE-2022-22965
956982269,arkede/cve-2022,CVE-2022-37783.yaml,f4baafee093e9c9f159805da7b22deaaf667091b,CVE-2022-37783
956982269,arkede/cve-2022,CVE-2022-35649.yaml,f4c351d9469586562eb48e4562d1d978111b8eba,CVE-2022-35649
956982269,arkede/cve-2022,CVE-2022-31976.yaml,f4c939e30f4645a9352b086fa10c7326dc8815f2,CVE-2022-31976
956982269,arkede/cve-2022,CVE-2022-4580.yaml,f4d30604118b75b6e87bf8c08238c28c1e09d3d2,CVE-2022-4580
956982269,arkede/cve-2022,CVE-2022-3896.yaml,f4efa12679a912c1370728238f8b725515dc8ee7,CVE-2022-3896
956982269,arkede/cve-2022,CVE-2022-36371.yaml,f506f8fc7501543e19cc0bf7d8739143e0f90c83,CVE-2022-36371
956982269,arkede/cve-2022,CVE-2022-25498.yaml,f510c07f964be99f2c813f8346543dd27cc3ca87,CVE-2022-25498
956982269,arkede/cve-2022,CVE-2022-1844.yaml,f51a26181807ce5fad673ef3af14062f503eb766,CVE-2022-1844
956982269,arkede/cve-2022,CVE-2022-1906.yaml,f52e4bce0caacb8c5c72f652d115afbaedfe2299,CVE-2022-1906
956982269,arkede/cve-2022,cve-2022-0148-6604.yaml,f5455c90fa64aa429706aa7f2dec11a117e3de50,CVE-2022-0148
956982269,arkede/cve-2022,CVE-2022-38295_2.yaml,f562092ae59f29acfaffc8d03f0e6e2eb1b276bd,CVE-2022-38295
956982269,arkede/cve-2022,CVE-2022-21661.yaml,f5888de4a6b7f12a28dc6a3f7064b5034d7f9220,CVE-2022-21661
956982269,arkede/cve-2022,CVE-2022-21468.yaml,f58c02413e6190444cbe242abc188be34efce0af,CVE-2022-21468
956982269,arkede/cve-2022,CVE-2022-3609.yaml,f593fcd3932537decb50a796139058ebbee05cbd,CVE-2022-3609
956982269,arkede/cve-2022,CVE-2022-4373.yaml,f59a1dc9ed73d4271da6494546d2723a80b71d26,CVE-2022-4373
956982269,arkede/cve-2022,CVE-2022-2552.yaml,f5a62d21dc229ecdf2b46a7decd4d72f7e160fb0,CVE-2022-2552
956982269,arkede/cve-2022,cve-2022-23134.yaml,f5b67b5d59e01bb42bcd4447b4f354fb59fd8316,CVE-2022-23134
956982269,arkede/cve-2022,CVE-2022-1760.yaml,f5c5fd8e0ef582f5749bfc11b78a9ebc22c0edfa,CVE-2022-1760
956982269,arkede/cve-2022,CVE-2022-22120.yaml,f5efb6e55d4e3f1fcb75ea6fae4a070805442f0b,CVE-2022-22120
956982269,arkede/cve-2022,CVE-2022-4352.yaml,f5f57bc69a2e910b9abb85096ff165b73da57927,CVE-2022-4352
956982269,arkede/cve-2022,CVE-2022-0828.yaml,f601c91b12f97171c47ca6881314771e63aca8f6,CVE-2022-0828
956982269,arkede/cve-2022,CVE-2022-42109.yaml,f606aea5c753afb3318465ade13397e67ba30915,CVE-2022-42109
956982269,arkede/cve-2022,CVE-2022-23889.yaml,f6301674688cd674b5b7bbcebc177984b763f4f5,CVE-2022-23889
956982269,arkede/cve-2022,CVE-2022-1608.yaml,f651a7f050f23856ebb04ce95b5ca0ac15a82ba9,CVE-2022-1608
956982269,arkede/cve-2022,CVE-2022-2072.yaml,f6572305046edc1e490ff1a47d83fd7b5558a799,CVE-2022-2072
956982269,arkede/cve-2022,CVE-2022-25323.yaml,f658e9dc744e4f40a5bcbd77d8231221973b2b43,CVE-2022-25323
956982269,arkede/cve-2022,CVE-2022-2123.yaml,f65a6ae1a6e6772e59c25d1a03ff434127b8b01f,CVE-2022-2123
956982269,arkede/cve-2022,CVE-2022-39322.yaml,f666d955f2a238ec6a572a67e75cad260550585b,CVE-2022-39322
956982269,arkede/cve-2022,CVE-2022-4058.yaml,f670ab2d647dc45a9f53896260934c2164de547e,CVE-2022-4058
956982269,arkede/cve-2022,CVE-2022-31402.yaml,f672a8a85e21410cb28ff46d2e26bcdc157038de,CVE-2022-31402
956982269,arkede/cve-2022,CVE-2022-4617.yaml,f67c2f7fa3b7767a9eb8907a3a1d67b40b51cfc8,CVE-2022-4617
956982269,arkede/cve-2022,CVE-2022-2863.yaml,f67f26c1b95f412ebba8686e08a9862f1630a627,CVE-2022-2863
956982269,arkede/cve-2022,CVE-2022-2438.yaml,f69887406dc10d46ec0f9aa034d09f0de6e8748d,CVE-2022-2438
956982269,arkede/cve-2022,CVE-2022-2370.yaml,f69a32c03df31120a0c5696d72237924df316868,CVE-2022-2370
956982269,arkede/cve-2022,CVE-2022-0147_1_1.yaml,f69bf0598fa81721db47ef4dde1daea2e003c887,CVE-2022-0147
956982269,arkede/cve-2022,CVE-2022-1758.yaml,f69c610015f97a5b0409f05b25b7ffd7fe5f767e,CVE-2022-1758
956982269,arkede/cve-2022,CVE-2022-38467.yaml,f6afe3c328e467fc426f89ab835ea36d0e63ab56,CVE-2022-38467
956982269,arkede/cve-2022,cve-2022-0656-6642.yaml,f6bca8b3fbe34470b387d87db033dab64d2dc4f7,CVE-2022-0656
956982269,arkede/cve-2022,cve-2022-29014-6748.yaml,f6c48ea2c184111a941b70ccf947d4f10dc36083,CVE-2022-29014
956982269,arkede/cve-2022,CVE-2022-47780.yaml,f6e19c95bfbbbaaab7c62f37294e22796b806287,CVE-2022-47780
956982269,arkede/cve-2022,CVE-2022-23349.yaml,f6facd6ea5b901dbfe23d7c0a9dae716478544a5,CVE-2022-23349
956982269,arkede/cve-2022,cve-2022-0968(1).yaml,f7013405167399f7ec37f702480a3535cdd6469f,CVE-2022-0968
956982269,arkede/cve-2022,cve-2022-0968(1).yaml,f7013405167399f7ec37f702480a3535cdd6469f,GHSA-5FXV-XX5P-G2FV
956982269,arkede/cve-2022,CVE-2022-2657.yaml,f70136395caed9cea9687b49cf2719e6402b27a8,CVE-2022-2657
956982269,arkede/cve-2022,CVE-2022-4159.yaml,f706312ad55484e0c653be81bcf0894ce2a2e45b,CVE-2022-4159
956982269,arkede/cve-2022,CVE-2022-1577.yaml,f745e71e9ca214078fcbfe4d81d931e93796e6d0,CVE-2022-1577
956982269,arkede/cve-2022,CVE-2022-44581.yaml,f7505f7b0f4ca270b049e661dfd7d50c87061529,CVE-2022-44581
956982269,arkede/cve-2022,CVE-2022-2709.yaml,f7743dc8b328acac4e0c45f6032ad2dd705d3519,CVE-2022-2709
956982269,arkede/cve-2022,CVE-2022-4657.yaml,f780cbfd24a526a163051c07b540b7b5f1a9fe20,CVE-2022-4657
956982269,arkede/cve-2022,cve-2022-24856(1).yaml,f78e89b9e83f290e0db8d740eef36bc7b663940b,CVE-2022-24856
956982269,arkede/cve-2022,cve-2022-24856(1).yaml,f78e89b9e83f290e0db8d740eef36bc7b663940b,GHSA-WWW6-HF2V-V9M9
956982269,arkede/cve-2022,CVE-2022-0830.yaml,f7aa64807d8ff35cf8ef4fb25f13e4fb6e4823e2,CVE-2022-0830
956982269,arkede/cve-2022,CVE-2022-41634.yaml,f7acd064d6ba949df0caceda66a4b86e2e3cc157,CVE-2022-41634
956982269,arkede/cve-2022,CVE-2022-32022_2.yaml,f7bf1ac9fc90407ee6838ad0d07812a1c91a9a55,CVE-2022-32022
956982269,arkede/cve-2022,CVE-2022-2557.yaml,f7cafee5899bb9c1793ab526e26f16d64eb29b92,CVE-2022-2557
956982269,arkede/cve-2022,CVE-2022-1338.yaml,f7cce5c676363d8900c7cf21d420762e41cbf7d8,CVE-2022-1338
956982269,arkede/cve-2022,CVE-2022-38870.yaml,f8007fc1bc5a97294167f98a0d78b85ab2cec453,CVE-2022-38870
956982269,arkede/cve-2022,CVE-2022-2171.yaml,f81d801df6e36b8ffb2ed78d90dcde7d4170b8c8,CVE-2022-2171
956982269,arkede/cve-2022,CVE-2022-47435.yaml,f82c4d3f31041fa31527abe16bc1b6b9e926c96a,CVE-2022-47435
956982269,arkede/cve-2022,CVE-2022-0342.yaml,f83557979cd0624e5bdfad7ae9b125509b17338e,CVE-2022-0342
956982269,arkede/cve-2022,CVE-2022-0785.yaml,f858e9b464b167c1f2fc36b66df52f918d90c41b,CVE-2022-0785
956982269,arkede/cve-2022,CVE-2022-34048_1.yaml,f85fc3daeccd53f394262b319500a68c2d057810,CVE-2022-34048
956982269,arkede/cve-2022,CVE-2022-4385.yaml,f86f398885662fe5e5d1473d1f793aab33379aa1,CVE-2022-4385
956982269,arkede/cve-2022,CVE-2022-1846.yaml,f89e7db4d5674df81d4ceaa4a4701c34e8442260,CVE-2022-1846
956982269,arkede/cve-2022,CVE-2022-24266_3.yaml,f8aea63b890577777132a2daec75293105fe7dcd,CVE-2022-24266
956982269,arkede/cve-2022,CVE-2022-36793.yaml,f8afd9e959189296af349091e2265771bd953dcb,CVE-2022-36793
956982269,arkede/cve-2022,CVE-2022-40311.yaml,f8b4d9be90eb7f3fac89c5387e27eed58a2f1d4a,CVE-2022-40311
956982269,arkede/cve-2022,CVE-2022-33175.yaml,f8c58b4e639a1f7b46d5811c33136d8aaa582c1e,CVE-2022-33175
956982269,arkede/cve-2022,CVE-2022-23898_1.yaml,f8c8e4e7f9865bcec5cf8dac00c5c7bab1866bf2,CVE-2022-23898
956982269,arkede/cve-2022,CVE-2022-23898_1.yaml,f8c8e4e7f9865bcec5cf8dac00c5c7bab1866bf2,GHSA-P94Q-9Q2M-PFH2
956982269,arkede/cve-2022,CVE-2022-31879_2.yaml,f8cf5d4a29565ce4463f1a516fd8fac9a5836e35,CVE-2022-31879
956982269,arkede/cve-2022,CVE-2022-0896.yaml,f8e4a27f6662bd281098c9c98afa9814c1c568a1,CVE-2022-0896
956982269,arkede/cve-2022,CVE-2022-3835.yaml,f8ff2712200fa7ac3950edaa003fb67a7144713c,CVE-2022-3835
956982269,arkede/cve-2022,CVE-2022-25125.yaml,f92b39e0cb09e90028af43e85b89dbecb0a981a3,CVE-2022-25125
956982269,arkede/cve-2022,CVE-2022-1597_1.yaml,f92e881a33dfdc82b8fe608f11695a83600169c3,CVE-2022-1597
956982269,arkede/cve-2022,CVE-2022-3082.yaml,f93136cba1108688ccccf06e5986261a77991322,CVE-2022-3082
956982269,arkede/cve-2022,CVE-2022-46807.yaml,f9392561a841b3feba39913b76b4e1cf8519707a,CVE-2022-46807
956982269,arkede/cve-2022,CVE-2022-45828.yaml,f94d0f3dbdfd0f2787bff4131bceb9b4f6e563a8,CVE-2022-45828
956982269,arkede/cve-2022,CVE-2022-40881.yaml,f9691882ec920da5e8f0d450d7cdb4c0b73f10cb,CVE-2022-40881
956982269,arkede/cve-2022,CVE-2022-40881.yaml,f9691882ec920da5e8f0d450d7cdb4c0b73f10cb,GHSA-WX3R-88RG-WHXQ
956982269,arkede/cve-2022,CVE-2022-45982.yaml,f96afb29b25868ff003c325a65c056ce11377da4,CVE-2022-45982
956982269,arkede/cve-2022,CVE-2022-32442.yaml,f96bccd2ff42f16b509a624a94a75c0737ff3064,CVE-2022-32442
956982269,arkede/cve-2022,CVE-2022-1218.yaml,f97240d6904ce2e797622eb94655dbf2f5a7eb94,CVE-2022-1218
956982269,arkede/cve-2022,CVE-2022-2903.yaml,f977f0b64001677f0a2045f735c6a9cd575eeee8,CVE-2022-2903
956982269,arkede/cve-2022,CVE-2022-1320.yaml,f97f99ee91b975dc938de5f5f4f013baaacc25fa,CVE-2022-1320
956982269,arkede/cve-2022,CVE-2022-29009_3.yaml,f98649cbe095ba75eae360dc35c6a27facb1345e,CVE-2022-29009
956982269,arkede/cve-2022,CVE-2022-3400.yaml,f98b148457a0159045c95f11671e5f12bf996719,CVE-2022-3400
956982269,arkede/cve-2022,CVE-2022-4118.yaml,f9a203315b6a4d1331983d087408a7608a164fdf,CVE-2022-4118
956982269,arkede/cve-2022,CVE-2022-23305.yaml,f9a65a76f0b9441589e2eab1553d1ffae5c10fd7,CVE-2022-23305
956982269,arkede/cve-2022,cve-2022-1388-6650.yaml,f9abf3278c69e2ef1b7ee8d84551572938271883,CVE-2022-1388
956982269,arkede/cve-2022,CVE-2022-25322.yaml,f9bce922680179ed2863d13d56e2714174068b6b,CVE-2022-25322
956982269,arkede/cve-2022,CVE-2022-45844.yaml,f9c0177cfca70d9afbe1c00baad56881751f12f7,CVE-2022-45844
956982269,arkede/cve-2022,CVE-2022-31982.yaml,f9cc7737e243b0bfc7b7bf1bed1b62c120d19f9f,CVE-2022-31982
956982269,arkede/cve-2022,CVE-2022-25487_3.yaml,f9d0ad22e323f214b50cfc0d649ea939cdcd58ca,CVE-2022-25487
956982269,arkede/cve-2022,CVE-2022-1103.yaml,f9df7186737b9345c1f22ad99b665d9275f33682,CVE-2022-1103
956982269,arkede/cve-2022,CVE-2022-47599.yaml,fa0737f1009c5c9ebc8d455ead44cec6ab83a048,CVE-2022-47599
956982269,arkede/cve-2022,CVE-2022-1324.yaml,fa0c292345465b811573b15e72c3f61ecdeb3ea3,CVE-2022-1324
956982269,arkede/cve-2022,CVE-2022-47152.yaml,fa18820b0f1018f0212c3d0564ced18aa327ea54,CVE-2022-47152
956982269,arkede/cve-2022,CVE-2022-47596.yaml,fa25d7ef74e408e4ecd20978a4212c435934393c,CVE-2022-47596
956982269,arkede/cve-2022,CVE-2022-3923.yaml,fa2887f5b3e756e188a3f9c7cd6fb80d6cd146c8,CVE-2022-3923
956982269,arkede/cve-2022,CVE-2022-30525_2.yaml,fa40f5eb6d9f5d46049374e2df7a796dcd14dfa6,CVE-2022-30525
956982269,arkede/cve-2022,CVE-2022-22972_4.yaml,fa4207b34a16ae0335f7c5f0c505c5c90777b4b1,CVE-2022-22972
956982269,arkede/cve-2022,CVE-2022-26303.yaml,fa42ae2f5107bf25dda21f7ebd7f8b8fd61593f4,CVE-2022-26303
956982269,arkede/cve-2022,CVE-2022-28117.yaml,fa4787a7dac92a7d659db89381ad766e02f14b72,CVE-2022-28117
956982269,arkede/cve-2022,CVE-2022-2290.yaml,fa4cd065d732bf98911b59c6654a606b08743383,CVE-2022-2290
956982269,arkede/cve-2022,CVE-2022-1781.yaml,fa54f5088db19e5fb205940f7544def60ea9cdec,CVE-2022-1781
956982269,arkede/cve-2022,CVE-2022-0750.yaml,fa617ef7d705400fab0b48a0b5d870ddcecef20e,CVE-2022-0750
956982269,arkede/cve-2022,CVE-2022-4236.yaml,fa64b92aaeff65ff2a219254908c8925fc248ef8,CVE-2022-4236
956982269,arkede/cve-2022,CVE-2022-4897.yaml,fa6e04abf2704ef1f408a60e35fdab02b3cf60c8,CVE-2022-4897
956982269,arkede/cve-2022,CVE-2022-4693.yaml,fa72e83f485cfa6fe622dfe4e749edaafce67a5b,CVE-2022-4693
956982269,arkede/cve-2022,CVE-2022-22963_1.yaml,fa82823cfecec4620fc00550229eae4a6c3dc690,CVE-2022-22963
956982269,arkede/cve-2022,CVE-2022-46851.yaml,fa853b8c226e60b1f4b1dc48cd33210194652177,CVE-2022-46851
956982269,arkede/cve-2022,CVE-2022-0403.yaml,fa8eaba3cdf08b0ab94a1c125dc9028aa4b80113,CVE-2021-32682
956982269,arkede/cve-2022,CVE-2022-0403.yaml,fa8eaba3cdf08b0ab94a1c125dc9028aa4b80113,CVE-2022-0403
956982269,arkede/cve-2022,CVE-2022-41990.yaml,fa9381da64c06a416c72078e55ba7c3f1ce88a96,CVE-2022-41990
956982269,arkede/cve-2022,CVE-2022-32094.yaml,faa55a7af1f60ee872460786c803b83d13e5b47c,CVE-2022-32094
956982269,arkede/cve-2022,CVE-2022-2377.yaml,fad503d065ae1a5135c4594ccbd61893e80af5fe,CVE-2022-2377
956982269,arkede/cve-2022,CVE-2022-44633.yaml,fad8e9159277bf0d3b3db133375a344c757a1757,CVE-2022-44633
956982269,arkede/cve-2022,CVE-2022-39195.yaml,faf596a84c0fb3c3249ceabb362f4e0ef370a62a,CVE-2022-39195
956982269,arkede/cve-2022,CVE-2022-46072.yaml,faf6f1cb5def08c41736e9594d32f443cec74bb8,CVE-2022-46072
956982269,arkede/cve-2022,CVE-2022-28023.yaml,fb1e28a0c881fe7df69328f6f0b2a6b198d65eb7,CVE-2022-28023
956982269,arkede/cve-2022,CVE-2022-42888.yaml,fb1f9f7dddc30054f2f7b14388f240947f0e5ed6,CVE-2022-42888
956982269,arkede/cve-2022,CVE-2022-4746.yaml,fb306ad20f6a28a8c8a7b63e3dd0a4bfa47bcf5f,CVE-2022-4746
956982269,arkede/cve-2022,CVE-2022-4787.yaml,fb338232fa4f57bdb3aaac2b975699c8841bf6cb,CVE-2022-4787
956982269,arkede/cve-2022,CVE-2022-1010.yaml,fb40c58fbfcc9344ced06bfb58595956841c7042,CVE-2022-1010
956982269,arkede/cve-2022,CVE-2022-30012.yaml,fb49b40001c7e36a1e8c854f5b2aed3ad8c0e88e,CVE-2022-30012
956982269,arkede/cve-2022,CVE-2022-1937_4.yaml,fb6a9c41fc7c6bb20997225df69688ea56930d19,CVE-2022-1937
956982269,arkede/cve-2022,CVE-2022-41980.yaml,fb7b0541011892541961323bfa56edada0f56329,CVE-2022-41980
956982269,arkede/cve-2022,CVE-2022-1527.yaml,fb8fdaa269c9c072c4d62cb8a45cd2d8d47ba084,CVE-2022-1527
956982269,arkede/cve-2022,CVE-2022-28033_1.yaml,fb9c22cc3d646917a83c6450d632a1b1466e6356,CVE-2022-28033
956982269,arkede/cve-2022,CVE-2022-40702.yaml,fba0c99a342481007351593276dbc01c61c065f8,CVE-2022-40702
956982269,arkede/cve-2022,CVE-2022-37191.yaml,fbbbddf1ec4e97f9a652f06b0a1d7f6e7580515c,CVE-2022-37191
956982269,arkede/cve-2022,CVE-2022-44742.yaml,fbd3972a91b8ba0828316fccc5447541264b05bf,CVE-2022-44742
956982269,arkede/cve-2022,CVE-2022-23898_3.yaml,fbd8792511ca456c7ec39a0287aa5a966e94ac5e,GHSA-P94Q-9Q2M-PFH2
956982269,arkede/cve-2022,CVE-2022-23898_3.yaml,fbd8792511ca456c7ec39a0287aa5a966e94ac5e,CVE-2022-23898
956982269,arkede/cve-2022,CVE-2022-46169_1.yaml,fbe0d741142ba9fcc02295b39a798258189413ea,GHSA-6P93-P743-35GF
956982269,arkede/cve-2022,CVE-2022-46169_1.yaml,fbe0d741142ba9fcc02295b39a798258189413ea,CVE-2022-46169
956982269,arkede/cve-2022,CVE-2022-2544.yaml,fbe1072be6d4bd2e559481b7a5e0ff5b214667e2,CVE-2022-2544
956982269,arkede/cve-2022,CVE-2022-4268.yaml,fbfc88341fb51873d6aa50f0aa1ee1ccdbefc5bb,CVE-2022-4268
956982269,arkede/cve-2022,CVE-2022-26267.yaml,fc0c30db82d858f2c7a6ce48f62d4d097dc7536e,CVE-2022-26267
956982269,arkede/cve-2022,CVE-2022-1614.yaml,fc180510fba7b6ecf9db245fa8887e6214bd8ac5,CVE-2022-1614
956982269,arkede/cve-2022,CVE-2022-3462.yaml,fc48c54483b2d0ad0a323e183e2990e594adbeb6,CVE-2022-3462
956982269,arkede/cve-2022,CVE-2022-21661_1.yaml,fc554fed5f1b0e09ae1902733dc28794910f7a90,CVE-2021-21661
956982269,arkede/cve-2022,CVE-2022-21661_1.yaml,fc554fed5f1b0e09ae1902733dc28794910f7a90,GHSA-6676-CQFM-GW84
956982269,arkede/cve-2022,CVE-2022-21661_1.yaml,fc554fed5f1b0e09ae1902733dc28794910f7a90,CVE-2022-21661
956982269,arkede/cve-2022,CVE-2022-37330.yaml,fc581a3082366872769b996639cd003e8bfa90f5,CVE-2022-37330
956982269,arkede/cve-2022,CVE-2022-2369.yaml,fc5f03381bb079808e59e59d71f5e810fba59bff,CVE-2022-2369
956982269,arkede/cve-2022,CVE-2022-4654.yaml,fc5f653b69b6857ffbe6e513ef8920c3cf8e3162,CVE-2022-4654
956982269,arkede/cve-2022,CVE-2022-2733_1.yaml,fcb0d225ecdb62dc0deffc3e744f5bcc7c39a8cb,CVE-2022-2733
956982269,arkede/cve-2022,CVE-2022-25226.yaml,fcb2e7e9e1a4fa2a3a4fa0dcdd818e91c6ebf80a,CVE-2022-25226
956982269,arkede/cve-2022,CVE-2022-36386.yaml,fcdb2ea11c88c64e743a3fee6d16f042e63d5594,CVE-2022-36386
956982269,arkede/cve-2022,CVE-2022-35413.yaml,fce9ffd0e62d07ea4d8793c7f627f6a6ac77a78d,CVE-2022-35413
956982269,arkede/cve-2022,CVE-2022-1595_2.yaml,fd111b525098f5d7738a1669ef1a5b8989fe7c9e,CVE-2022-1595
956982269,arkede/cve-2022,cve-2022-0591.yaml,fd13351808c85fd8f0b666270fe6d7afaadab094,CVE-2022-0591
956982269,arkede/cve-2022,CVE-2022-2089.yaml,fd195edb49d665d9f08c2e2289d9b434981980bb,CVE-2022-2089
956982269,arkede/cve-2022,CVE-2022-30048.yaml,fd2bfe8f3d4cc335799273f42b9c25e8b1f2d90a,CVE-2022-30048
956982269,arkede/cve-2022,CVE-2022-38075.yaml,fd32dd67ee0769ab2f7217b5ed8d4ff4da34d45c,CVE-2022-38075
956982269,arkede/cve-2022,CVE-2022-47436.yaml,fd343c73adf7cf01cd6d4791fa30351ddcfcadc1,CVE-2022-47436
956982269,arkede/cve-2022,CVE-2022-43016_1.yaml,fd40a5be7bad596c3ea4d7d688e0d0219ffbf06c,CVE-2022-43016
956982269,arkede/cve-2022,CVE-2022-4751.yaml,fd58ca9fca8a3a4fa14cfd59cf4320c0bcbba866,CVE-2022-4751
956982269,arkede/cve-2022,CVE-2022-2261.yaml,fd61669fce40f0dea7bec4d087622567aa9baf9a,CVE-2022-2261
956982269,arkede/cve-2022,CVE-2022-2846.yaml,fd61696daf7e2010f4d6e556846146f1f56d9486,CVE-2022-2846
956982269,arkede/cve-2022,CVE-2022-29455.yaml,fd6306ae6f02d7c33584d7ef16b76bf4037da3bc,CVE-2022-29455
956982269,arkede/cve-2022,CVE-2022-4166.yaml,fd69d1a5f4e68cf3dcfff3c672302f8690fc4b62,CVE-2022-4166
956982269,arkede/cve-2022,CVE-2022-2442.yaml,fd78e070fddc7f4f3e631fb84279df6d8b5fd30c,CVE-2022-2442
956982269,arkede/cve-2022,CVE-2022-0870.yaml,fd7c3b3ddefc38e026b406599e0251f4117393af,CVE-2022-0870
956982269,arkede/cve-2022,CVE-2022-42978.yaml,fd825f417ef9ecae2fcb067fc2f609874595c8f3,CVE-2022-42978
956982269,arkede/cve-2022,CVE-2022-23179.yaml,fd8bcfe9d1858f4864449a340bd4206d96a0486e,CVE-2022-23179
956982269,arkede/cve-2022,CVE-2022-4712.yaml,fd8c5a6836394b3c661fedcea71945a752acb6de,CVE-2022-4712
956982269,arkede/cve-2022,CVE-2022-47591.yaml,fd97053edb4d7f8392c81b2622e176449cc8271a,CVE-2022-47591
956982269,arkede/cve-2022,CVE-2022-21445.yaml,fda56172de1cc20c592fc51d1366c63f8a3fd32b,CVE-2022-21445
956982269,arkede/cve-2022,CVE-2022-4974.yaml,fdac0be9de93a17b2c6813c605d9c59ef6db6772,CVE-2022-4974
956982269,arkede/cve-2022,CVE-2022-37452.yaml,fdad5c12c7e421066bab2f7288af3d21273765ca,CVE-2022-37452
956982269,arkede/cve-2022,cve-2022-27849-6740.yaml,fdaf3bf695bd99b0a941e96b1c9a6cfa55f71d73,CVE-2022-27849
956982269,arkede/cve-2022,CVE-2022-33174.yaml,fdf252755679cf8edbb5d3bd76a2e3318c38b703,CVE-2022-33174
956982269,arkede/cve-2022,CVE-2022-0826_1.yaml,fe09f61a66bd8c01cb314d3f408710c2d3dd62ec,CVE-2022-0826
956982269,arkede/cve-2022,CVE-2022-45804.yaml,fe15f3cd5690956caa6196eebe16d8389757a634,CVE-2022-45804
956982269,arkede/cve-2022,CVE-2022-29153_3.yaml,fe16cb5048a62f3d12f6019830c08eb16e480138,CVE-2022-29153
956982269,arkede/cve-2022,CVE-2022-0220_2.yaml,fe1bae31a307e846e8e4411334a201aca9884ab2,CVE-2022-0220
956982269,arkede/cve-2022,CVE-2022-25485_3.yaml,fe1c74861add3e1aa5299b4fd23a0b58a45f074b,CVE-2022-25485
956982269,arkede/cve-2022,CVE-2022-0412_2.yaml,fe1dbe47c9e5c294997d8e42081c9cbebbd9cd1f,CVE-2022-0412
956982269,arkede/cve-2022,CVE-2022-47444.yaml,fe31847d195c3330db2e3c91828cab8d0e88d143,CVE-2022-47444
956982269,arkede/cve-2022,CVE-2022-45815.yaml,fe4270bdb77a16421dd7041c1027cc2c09a61a99,CVE-2022-45815
956982269,arkede/cve-2022,CVE-2022-23348.yaml,fe45996f4923443f54ef0f14fdab0a4dc9f32164,CVE-2022-23348
956982269,arkede/cve-2022,CVE-2022-34868.yaml,fe5da310081b4b5c5c63ab56ae15f9dffc681cd3,CVE-2022-34868
956982269,arkede/cve-2022,CVE-2022-2628.yaml,fe60cd8e39158282de54dd6c3a9218aaa48c9937,CVE-2022-2628
956982269,arkede/cve-2022,CVE-2022-2827.yaml,fe70f3610040f5b3ab1104c70a7ce307d2df34ed,CVE-2022-2827
956982269,arkede/cve-2022,CVE-2022-0663.yaml,fe7a751bb8da55bda4ebab1135b00d80d0466b5e,CVE-2022-0663
956982269,arkede/cve-2022,CVE-2022-4340.yaml,fe7bd63418bb3c70416a604f9285fb9b1e3b230a,CVE-2022-4340
956982269,arkede/cve-2022,CVE-2022-40697.yaml,fe91c03ed19f4735ab229250551ce3e4264b0738,CVE-2022-40697
956982269,arkede/cve-2022,CVE-2022-1595.yaml,fea5d66ea916edd9c5bf3eafc5600e32f27f65b4,CVE-2022-1595
956982269,arkede/cve-2022,CVE-2022-44290.yaml,feb57d0d20696f115338e63941b1121d030ebb41,CVE-2022-44290
956982269,arkede/cve-2022,CVE-2022-26213.yaml,fec317da7e125d229f0c43ef64edec1f460d3c20,CVE-2022-26213
956982269,arkede/cve-2022,CVE-2022-4100.yaml,fedb322313bc43c3827bd63623c89679f331253c,CVE-2022-4100
956982269,arkede/cve-2022,CVE-2022-42749.yaml,fee89c25ea73565d7f189e4667a4a614db18d869,CVE-2022-42749
956982269,arkede/cve-2022,CVE-2022-37153_5.yaml,fef79c1f2d3ac505f4fd93f643a40ee1f3b8b773,CVE-2022-37153
956982269,arkede/cve-2022,CVE-2022-0254.yaml,fef835c8d3470b20bee54a024e6efce40236f62f,CVE-2022-0254
956982269,arkede/cve-2022,CVE-2022-0661.yaml,fefead5bd11c566f3b54f2d7d088891171da1e9a,CVE-2022-0661
956982269,arkede/cve-2022,CVE-2022-4120.yaml,ff034a6e8a1d961fb8a5e46bed5cb1c03d0018e8,CVE-2022-4120
956982269,arkede/cve-2022,CVE-2022-41615.yaml,ff0b8d42c2691ec01f8e6a2e6e4b728b33e4cb76,CVE-2022-41615
956982269,arkede/cve-2022,CVE-2022-45821.yaml,ff1633d3db2bfc62e76c3d3a03f24d985ca0a1f5,CVE-2022-45821
956982269,arkede/cve-2022,CVE-2022-30525_1.yaml,ff1781efc6e839138d1e2626129e3655bdaa5b77,CVE-2022-30525
956982269,arkede/cve-2022,cve-2022-0271-6616.yaml,ff2e489dbcb63b6dd479f37a2cc9b664fdea0472,CVE-2022-0271
956982269,arkede/cve-2022,cve-2022-33119.yaml,ff5573e49a471b38a8309236950429441246dfab,CVE-2022-33119
956982269,arkede/cve-2022,CVE-2022-30525.yaml,ff6a19ca5985ef2a33dfbd07efaf28885adf3743,CVE-2022-30525
956982269,arkede/cve-2022,CVE-2022-21826.yaml,ff999a09e86fd9ac075bc493667e28a838817c13,CVE-2022-21826
956982269,arkede/cve-2022,CVE-2022-0147_2.yaml,ffad7c262fa429e1bfc047203a7911f456b74744,CVE-2022-0147
956982269,arkede/cve-2022,CVE-2022-28221.yaml,ffb2ee34cc4a4009ef66018ee6e6428b14719d72,CVE-2022-28221
956982269,arkede/cve-2022,CVE-2022-4757.yaml,ffd0c18a275b7515556d3cf94a4dd8088b5b03ee,CVE-2022-4757
956982269,arkede/cve-2022,CVE-2022-2379_2.yaml,ffd7ceed7ff3746523f9aab58c60ba2bd87e61cf,CVE-2022-2379
956982269,arkede/cve-2022,cve-2022-0201(1).yaml,fff959969078fd140519235f2e4e05e6da708627,CVE-2022-0201
