repo_id,repo_full_name,file,file_sha1,match
432587463,cckuailong/reapoc,2015/CVE-2015-1503/poc/nuclei/CVE-2015-1503.yaml,003a61c19ff6d574d1b3a2b8fe5385e3b79ec84f,CVE-2015-1503
432587463,cckuailong/reapoc,2010/CVE-2010-1717/poc/others/README.md,005d22a5f155da250e641395d9f12914de45a7a8,CVE-2010-1717
432587463,cckuailong/reapoc,2018/CVE-2018-3760/poc/others/README.md,0083ed9d60cba4d6946c3ea043a28b6c9d8aed5b,CVE-2018-3760
432587463,cckuailong/reapoc,2010/CVE-2010-1219/poc/others/README.md,008e7d732bc987d92cd590203c1236fcb95673b0,CVE-2010-1219
432587463,cckuailong/reapoc,2020/CVE-2020-10204/vultarget/docker-compose.yml,00b7dc298327cb7cc0acda12857d6a070876015b,CVE-2020-10204
432587463,cckuailong/reapoc,2020/CVE-2020-2140/poc/nuclei/CVE-2020-2140.yaml,00d825949deff8120545e89111a7758e07524306,CVE-2020-2140
432587463,cckuailong/reapoc,2021/CVE-2021-43798/vultarget/README.md,01273ae692ecb9f1d7697ad989179b2ac598b00d,CVE-2021-43798
432587463,cckuailong/reapoc,2014/CVE-2014-4210/poc/nuclei/CVE-2014-4210.yaml,013fa103d1c0e3431f79d039a682e4b468b72971,CVE-2014-4210
432587463,cckuailong/reapoc,2014/CVE-2014-4210/poc/nuclei/CVE-2014-4210.yaml,013fa103d1c0e3431f79d039a682e4b468b72971,CVE-2014-4241
432587463,cckuailong/reapoc,2014/CVE-2014-4210/poc/nuclei/CVE-2014-4210.yaml,013fa103d1c0e3431f79d039a682e4b468b72971,CVE-2014-0004
432587463,cckuailong/reapoc,2010/CVE-2010-0943/poc/others/README.md,01419e7163e2b244d3569d38cc9f156f820c6798,CVE-2010-0943
432587463,cckuailong/reapoc,2020/CVE-2020-17362/poc/nuclei/CVE-2020-17362.yaml,016cc2ac37dd4eaffc33e65f5e47946df8376bbd,CVE-2020-17362
432587463,cckuailong/reapoc,2019/CVE-2019-16759/poc/others/README.md,01d582915e8add343d13e0617fc248e03c68bb6a,CVE-2019-16759
432587463,cckuailong/reapoc,2021/CVE-2021-24278/poc/nuclei/CVE-2021-24278.yaml,01e55fca0ffa751cc2710b837223c3d2126893b3,CVE-2021-24278
432587463,cckuailong/reapoc,2021/CVE-2021-41773/poc/pocsuite2/CVE-2021-41773.py,02366ed9a394f5d1b4584ab1e6a790a08cd1944f,CVE-2021-41773
432587463,cckuailong/reapoc,2005/CVE-2005-4385/poc/nuclei/CVE-2005-4385.yaml,023742d4ee972cde41065a31725824ed9d0e6342,CVE-2005-4385
432587463,cckuailong/reapoc,2010/CVE-2010-4769/poc/others/README.md,023942e8c70b88df481b92a86ac099949af646af,CVE-2010-4769
432587463,cckuailong/reapoc,2021/CVE-2021-35042/poc/others/README.md,02454e78571e736c8ae11339ef5407bf5e89722b,CVE-2021-35042
432587463,cckuailong/reapoc,2017/CVE-2017-12615/vultarget/README.zh-cn.md,024ec55f52bda711fd2430da668a0c2e814bc216,CVE-2017-12615
432587463,cckuailong/reapoc,2019/CVE-2019-9733/poc/nuclei/CVE-2019-9733.yaml,027d99771e915bc265a61b8014747d2641148414,CVE-2019-9733
432587463,cckuailong/reapoc,2020/CVE-2020-26153/poc/nuclei/CVE-2020-26153.yaml,02824eb1c699c14a7b45eb37d4d9a7ea9fc9659e,CVE-2020-26153
432587463,cckuailong/reapoc,2018/CVE-2018-2894/poc/others/README.md,02c68a6fe8ce2d5cb9ce23bdeb1928ad28e69065,CVE-2018-2894
432587463,cckuailong/reapoc,2020/CVE-2020-9496/vultarget/README.zh-cn.md,02cae59aeb53cb4f5a772f29c8f2bda3a08dc157,CVE-2020-9496
432587463,cckuailong/reapoc,2020/CVE-2020-29395/poc/others/README.md,02fac99c4692d4d24dfde535513fddb0c5b08652,CVE-2020-29395
432587463,cckuailong/reapoc,2020/CVE-2020-12720/poc/others/README.md,0303bf503c785d1b73506712e32fba2b0d904206,CVE-2020-12720
432587463,cckuailong/reapoc,2014/CVE-2014-3120/poc/xray/CVE-2014-3120.yml,030440c08bc8189391f4fd1a7e34e3f3ae578ee1,CVE-2014-3120
432587463,cckuailong/reapoc,2021/CVE-2021-42013/vultarget/docker-compose.yml,03063247a48130fbccd5cf8d734d49ef2b61953c,CVE-2021-42013
432587463,cckuailong/reapoc,2018/CVE-2018-1273/poc/others/README.md,03546eac47afa51562ee61fd07391e8e396e116a,CVE-2018-1273
432587463,cckuailong/reapoc,2008/CVE-2008-4764/poc/others/README.md,03ab8cc175f7819fd9546c232e09037915f7bf77,CVE-2008-4764
432587463,cckuailong/reapoc,2019/CVE-2019-3799/poc/nuclei/CVE-2019-3799.yaml,03dcc3434da5b27ae948a396530e3c57487f0da1,CVE-2019-3799
432587463,cckuailong/reapoc,2018/CVE-2018-18777/poc/nuclei/CVE-2018-18777.yaml,03e7686915cc0be2b9b0cccfebe72a48d743ec39,CVE-2018-18777
432587463,cckuailong/reapoc,2021/CVE-2021-22205/vultarget/README.md,03e9443c4f3c0b9e650f3be3f3de1b6ca539e802,CVE-2021-22205
432587463,cckuailong/reapoc,2021/CVE-2021-22205/vultarget/README.md,03e9443c4f3c0b9e650f3be3f3de1b6ca539e802,CVE-2021-22204
432587463,cckuailong/reapoc,2020/CVE-2020-24148/poc/nuclei/CVE-2020-24148.yaml,041bdda25a3e89ec35a33effd243fe883a2c53a2,CVE-2020-24148
432587463,cckuailong/reapoc,2017/CVE-2017-12794/poc/nuclei/CVE-2017-12794.yaml,04201fc3937c036693499318f1b36513cdd65665,CVE-2017-12794
432587463,cckuailong/reapoc,2014/CVE-2014-4210/poc/others/README.md,04561a5644e973d4237261f288dd2af5a34874d8,CVE-2014-4210
432587463,cckuailong/reapoc,2017/CVE-2017-6090/poc/others/README.md,046fa4fd59f2c0609024acdadff4491c1df2c572,CVE-2017-6090
432587463,cckuailong/reapoc,2012/CVE-2012-4768/poc/nuclei/CVE-2012-4768.yaml,0478033fcd1629ddfad0d3c932e33d0761fdee27,CVE-2012-4768
432587463,cckuailong/reapoc,2020/CVE-2020-35847/poc/nuclei/CVE-2020-35847.yaml,0498e63438179ceb5c391d7d5ed2e3fffbcc0aa1,CVE-2020-35847
432587463,cckuailong/reapoc,2021/CVE-2021-22986/poc/nuclei/CVE-2021-22986.yaml,050350afa4c4ccf00acc2a887120f3f6a4544a19,CVE-2021-22986
432587463,cckuailong/reapoc,2017/CVE-2017-17562/poc/nuclei/CVE-2017-17562.yaml,0508e242479d761067f984a53cdc25896337fb74,CVE-2017-17562
432587463,cckuailong/reapoc,2008/CVE-2008-5587/poc/others/README.md,051d957ee63f2972cf203459b74f29a8c2233153,CVE-2008-5587
432587463,cckuailong/reapoc,2021/CVE-2021-34371/vultarget/README.md,055a64deeda340f17e5791f91bbc53e718370f72,CVE-2021-34371
432587463,cckuailong/reapoc,2014/CVE-2014-3120/poc/nuclei/CVE-2014-3120.yaml,057a77fd0802869787c29b6e54478f95daf17913,CVE-2014-3120
432587463,cckuailong/reapoc,2019/CVE-2019-16278/poc/xray/CVE-2019-16278.yml,05efd91cc6cf2a4ed3f527d2ec64250ee1bdcdf2,CVE-2019-16278
432587463,cckuailong/reapoc,2019/CVE-2019-10758/vultarget/README.md,060a92cd1e18b8798f8e5a3f32dc767859158731,CVE-2019-10758
432587463,cckuailong/reapoc,2020/CVE-2020-29395/poc/nuclei/CVE-2020-29395.yaml,063fe90dc8e2af390cbd2a41830f5d6cbb7eced4,CVE-2020-29395
432587463,cckuailong/reapoc,2010/CVE-2010-4282/poc/others/README.md,0678bf531902f1204069f25daee598f6a99ddbf4,CVE-2010-4282
432587463,cckuailong/reapoc,2019/CVE-2019-3396/poc/others/README.md,0690cf67bd1f525ab5896be6f577136d2ea38e3e,CVE-2019-3396
432587463,cckuailong/reapoc,2018/CVE-2018-2894/vultarget/docker-compose.yml,06d338c78b762acc883648444f8d5db9fe0825f1,CVE-2018-2894
432587463,cckuailong/reapoc,2020/CVE-2020-1938/vultarget/README.zh-cn.md,06e3824d6ad3248b34081455b415211d4566ffcb,CVE-2020-1938
432587463,cckuailong/reapoc,2020/CVE-2020-1938/vultarget/README.zh-cn.md,06e3824d6ad3248b34081455b415211d4566ffcb,CNVD-2020-10487
432587463,cckuailong/reapoc,2021/CVE-2021-26722/poc/nuclei/CVE-2021-26722.yaml,07213e3eb562a3cf398fd627a9e45fe683d28fa7,CVE-2021-26722
432587463,cckuailong/reapoc,2021/CVE-2021-35042/vultarget/Dockerfile,07355812000124a2e6b7f55fd2157ea9bcd0cf89,CVE-2021-35042
432587463,cckuailong/reapoc,2010/CVE-2010-1873/poc/others/README.md,073f1bc56589964d51f4db789226bd1204c9c892,CVE-2010-1873
432587463,cckuailong/reapoc,2020/CVE-2020-15568/poc/xray/CVE-2020-15568.yml,0740ac152e546e15e79b7ca83079e23b3fc41bce,CVE-2020-15568
432587463,cckuailong/reapoc,2010/CVE-2010-1478/poc/others/README.md,075eee8eea1d8b9c72b8dd653d69b68211358ebe,CVE-2010-1478
432587463,cckuailong/reapoc,2021/CVE-2021-35042/vultarget/README.zh-cn.md,078262173f4e24e117cb000c147a59da1c2f9431,CVE-2021-35042
432587463,cckuailong/reapoc,2010/CVE-2010-1957/poc/nuclei/CVE-2010-1957.yaml,0787ab63ed0ad3958060ec05f3246373fa700275,CVE-2010-1957
432587463,cckuailong/reapoc,2010/CVE-2010-4231/poc/nuclei/CVE-2010-4231.yaml,078b351d1ed1ab10c516c80284e4dae187a7855d,CVE-2010-4231
432587463,cckuailong/reapoc,2010/CVE-2010-1312/poc/nuclei/CVE-2010-1312.yaml,07c3e77fa7c5ae54e0dbea2b06d4d82a30a445d3,CVE-2010-1312
432587463,cckuailong/reapoc,2020/CVE-2020-0618/poc/nuclei/CVE-2020-0618.yaml,07d6d008c36b18947be8983d7dabc1baf3b38e63,CVE-2020-0618
432587463,cckuailong/reapoc,2018/CVE-2018-9995/poc/others/README.md,080dea04ff9e83d74343081654d00fdced2d4e84,CVE-2018-9995
432587463,cckuailong/reapoc,2021/CVE-2021-28164/vultarget/README.zh-cn.md,084796cef89226c5dcd7792dd7285980a4709d6b,CVE-2021-28164
432587463,cckuailong/reapoc,2021/CVE-2021-31602/poc/nuclei/CVE-2021-31602.yaml,086527303d3bb2505d1206bba6d58837ac0d2e8d,CVE-2021-31602
432587463,cckuailong/reapoc,2020/CVE-2020-5515/poc/others/README.md,088e1f105fcd2114177413a4b2103f1b2d769987,CVE-2020-5515
432587463,cckuailong/reapoc,2021/CVE-2021-22005/poc/others/README.md,089a1c45488bbe35de0ba3037a91c657de9b07c2,CVE-2021-22005
432587463,cckuailong/reapoc,2021/CVE-2021-41291/poc/nuclei/CVE-2021-41291.yaml,08bdc18dbeb0b2c4b0694a05ce96f56ef761aa9d,CVE-2021-41291
432587463,cckuailong/reapoc,2021/CVE-2021-41291/poc/nuclei/CVE-2021-41291.yaml,08bdc18dbeb0b2c4b0694a05ce96f56ef761aa9d,ZSL-2021-5670
432587463,cckuailong/reapoc,2020/CVE-2020-9496/poc/others/README.md,08c6a064fff4294e18e596d9eb183d4e012c0a40,CVE-2020-9496
432587463,cckuailong/reapoc,2016/CVE-2016-3088/poc/xray/CVE-2016-3088.yml,08d40a61ba592a6772f29c5db8a81e3915a5499d,CVE-2016-3088
432587463,cckuailong/reapoc,2015/CVE-2015-1503/poc/others/README.md,090579142a475447bb30d9bdec29923a53f23ff7,CVE-2015-1503
432587463,cckuailong/reapoc,2021/CVE-2021-28169/poc/others/README.md,092b46b57facaac0a95d3797ac69426fcf0a0d32,CVE-2021-28169
432587463,cckuailong/reapoc,2010/CVE-2010-1723/poc/nuclei/CVE-2010-1723.yaml,0948e8ff362c52e04fa38917707f31d39f155a0f,CVE-2010-1723
432587463,cckuailong/reapoc,2018/CVE-2018-11776/poc/others/README.md,0955d0f84cb6cbf9deafdb37f6d1115c2c864edc,CVE-2018-11776
432587463,cckuailong/reapoc,2020/CVE-2020-11978/poc/others/README.md,09a828744dd8abf8cd557f2ee064d786df3bb0e7,CVE-2020-11978
432587463,cckuailong/reapoc,2010/CVE-2010-1980/poc/others/README.md,09b8675669ab86f2bcf17ba3b07acacc5699508c,CVE-2010-1980
432587463,cckuailong/reapoc,2021/CVE-2021-21816/poc/nuclei/CVE-2021-21816.yaml,09bcacbd589b8c585d4790f815f176849b4aa151,CVE-2021-21816
432587463,cckuailong/reapoc,2014/CVE-2014-3704/poc/others/README.md,09fd72acf0460fc5fe0a6296dbf22036ca208634,CVE-2014-3704
432587463,cckuailong/reapoc,2010/CVE-2010-1217/poc/nuclei/CVE-2010-1217.yaml,0a01bf3634624b704b450c74d90678777f5546b5,CVE-2010-1217
432587463,cckuailong/reapoc,2010/CVE-2010-2035/poc/others/README.md,0a0a6f3ad3ae9830254da9cc284312b684f388ff,CVE-2010-2035
432587463,cckuailong/reapoc,2018/CVE-2018-8719/poc/others/README.md,0a1faf53e64e9bbf55cd07646b259435ef484efb,CVE-2018-8719
432587463,cckuailong/reapoc,2017/CVE-2017-15944/poc/nuclei/CVE-2017-15944.yaml,0a4d7182785c24be1ff272417152fb1ef46a20d7,CVE-2017-15944
432587463,cckuailong/reapoc,2016/CVE-2016-1000141/poc/nuclei/CVE-2016-1000141.yaml,0a8bafaa997a49661885fda56af4d52b42f723b6,CVE-2016-1000141
432587463,cckuailong/reapoc,2014/CVE-2014-8682/poc/others/README.md,0a99754842a6af3e058ad16f439a8ae7ad537dde,CVE-2014-8682
432587463,cckuailong/reapoc,2021/CVE-2021-28169/vultarget/src/css/app.css,0ade1aaaadf0fbc3474973bbd3fdd901d8d62462,CVE-2021-28169
432587463,cckuailong/reapoc,2016/CVE-2016-4977/vultarget/docker-compose.yml,0ae4385d52ae0c0985667a0a30a28c7b1cd069f1,CVE-2016-4977
432587463,cckuailong/reapoc,2018/CVE-2018-15961/poc/others/README.md,0ae9b738db9ee1d5f64e9b25b01f2d96b06fff23,CVE-2018-15961
432587463,cckuailong/reapoc,2020/CVE-2020-23972/poc/others/README.md,0af03633bb59b5a52c5b8941b0860b52c8c1e9ba,CVE-2020-23972
432587463,cckuailong/reapoc,2015/CVE-2015-1427/poc/goby/Elasticsearch_Remote_Code_Execution_CVE_2015_1427.go,0b138ce0b498c7f573686585b2ad526ce7c3f96e,CVE-2015-1427
432587463,cckuailong/reapoc,2015/CVE-2015-1427/poc/goby/Elasticsearch_Remote_Code_Execution_CVE_2015_1427.go,0b138ce0b498c7f573686585b2ad526ce7c3f96e,CVE-2014-3120
432587463,cckuailong/reapoc,2017/CVE-2017-1000028/poc/others/README.md,0b33ce17efb2a7923e85bd54dd521481d1d2e7cc,CVE-2017-1000028
432587463,cckuailong/reapoc,2020/CVE-2020-35736/poc/nuclei/CVE-2020-35736.yaml,0b50fae088ab0a9444611ec9efee87496b7d7e1d,CVE-2020-35736
432587463,cckuailong/reapoc,2018/CVE-2018-18777/poc/others/README.md,0b715c52d58394ea2a5a8ccc650e5cf435013b61,CVE-2018-18777
432587463,cckuailong/reapoc,2018/CVE-2018-18775/poc/others/README.md,0b715c52d58394ea2a5a8ccc650e5cf435013b61,CVE-2018-18775
432587463,cckuailong/reapoc,2018/CVE-2018-13379/poc/others/README.md,0b71c223b5f26209cb5f7d0589f7e9c2188cb52a,CVE-2018-13379
432587463,cckuailong/reapoc,2016/CVE-2016-1000139/poc/nuclei/CVE-2016-1000139.yaml,0b95ff54bd6ee8a0e4e9ce26680ba320c8b07539,CVE-2016-1000139
432587463,cckuailong/reapoc,2021/CVE-2021-41773/poc/pocsuite3/CVE-2021-41773.py,0bb97e790a741865d9ea53bf405be277137bc126,CVE-2021-41773
432587463,cckuailong/reapoc,2021/CVE-2021-20091/poc/nuclei/CVE-2021-20091.yaml,0bc9185e96ecce0067b4155b826fd67088849a79,CVE-2021-20091
432587463,cckuailong/reapoc,2021/CVE-2021-20091/poc/nuclei/CVE-2021-20091.yaml,0bc9185e96ecce0067b4155b826fd67088849a79,CVE-2021-20090
432587463,cckuailong/reapoc,2020/CVE-2020-27866/poc/nuclei/CVE-2020-27866.yaml,0bd8cac1a127d06b594c87c6cebfc17651913d96,CVE-2020-27866
432587463,cckuailong/reapoc,2020/CVE-2020-27866/poc/nuclei/CVE-2020-27866.yaml,0bd8cac1a127d06b594c87c6cebfc17651913d96,ZDI-20-1451
432587463,cckuailong/reapoc,2018/CVE-2018-12634/poc/nuclei/CVE-2018-12634.yaml,0c3c8201fc8eb247d0d608767e311632f7d68bd9,CVE-2018-12634
432587463,cckuailong/reapoc,2021/CVE-2021-42013/vultarget/README.md,0c4bce8803dd50d3eb80b7220a08a4c432959cf4,CVE-2021-42013
432587463,cckuailong/reapoc,2021/CVE-2021-42013/vultarget/README.md,0c4bce8803dd50d3eb80b7220a08a4c432959cf4,CVE-2021-41773
432587463,cckuailong/reapoc,2020/CVE-2020-19295/poc/nuclei/CVE-2020-19295.yaml,0c516b7de3be891d1b696f9fad06bfb3ceb729ec,CVE-2020-19295
432587463,cckuailong/reapoc,2021/CVE-2021-38704/poc/nuclei/CVE-2021-38704.yaml,0c521d5edb21d980de5d0b6e2229dba489f9e6fd,CVE-2021-38704
432587463,cckuailong/reapoc,2019/CVE-2019-15107/poc/others/README.md,0c5f38a3546a0c8e1934efc3a87df8de042308a9,CVE-2019-15107
432587463,cckuailong/reapoc,2017/CVE-2017-12635/poc/xray/CVE-2017-12635.yml,0c8e38e3d6e80d2f0d1e75612b632b8ec28270bc,CVE-2017-12635
432587463,cckuailong/reapoc,2019/CVE-2019-9041/poc/nuclei/CVE-2019-9041.yaml,0cc1bcf9956e5c8ba7e8b011422c301615af4ec0,CVE-2019-9041
432587463,cckuailong/reapoc,2019/CVE-2019-5127/poc/nuclei/CVE-2019-5127.yaml,0cc50af69f7115339bfc2094d64b66f717dbde1f,CVE-2019-5128
432587463,cckuailong/reapoc,2019/CVE-2019-5127/poc/nuclei/CVE-2019-5127.yaml,0cc50af69f7115339bfc2094d64b66f717dbde1f,CVE-2019-5127
432587463,cckuailong/reapoc,2019/CVE-2019-5127/poc/nuclei/CVE-2019-5127.yaml,0cc50af69f7115339bfc2094d64b66f717dbde1f,CVE-2019-5129
432587463,cckuailong/reapoc,2010/CVE-2010-1476/poc/nuclei/CVE-2010-1476.yaml,0cd6abbde36524cbe82f2288ae5e8d9f4b5a5e6a,CVE-2010-1476
432587463,cckuailong/reapoc,2015/CVE-2015-8399/poc/xray/CVE-2015-8399.yml,0d01b209538ad55afb61c9ec6ae08d76a97cbc9c,CVE-2015-8399
432587463,cckuailong/reapoc,2021/CVE-2021-35042/vultarget/web/vuln/migrations/0001_initial.py,0d3403573a3b79d949b93260b62277b2a447f4a3,CVE-2021-35042
432587463,cckuailong/reapoc,2019/CVE-2019-19908/poc/nuclei/CVE-2019-19908.yaml,0d4411de72ee8c6528a408db2f90e18b4e9c5b5d,CVE-2019-19908
432587463,cckuailong/reapoc,2021/CVE-2021-28169/poc/nuclei/CVE-2021-28169.yaml,0d4dc47a69bdd111d465c01ef95873f4f2f11517,CVE-2021-28169
432587463,cckuailong/reapoc,2017/README.md,0d5d0080451458ce6c01e80e819256f9ef4d7147,CVE-2017-11444
432587463,cckuailong/reapoc,2017/README.md,0d5d0080451458ce6c01e80e819256f9ef4d7147,CVE-2017-10075
432587463,cckuailong/reapoc,2017/README.md,0d5d0080451458ce6c01e80e819256f9ef4d7147,CVE-2017-3506
432587463,cckuailong/reapoc,2017/README.md,0d5d0080451458ce6c01e80e819256f9ef4d7147,CVE-2017-10271
432587463,cckuailong/reapoc,2017/README.md,0d5d0080451458ce6c01e80e819256f9ef4d7147,CVE-2017-10974
432587463,cckuailong/reapoc,2017/README.md,0d5d0080451458ce6c01e80e819256f9ef4d7147,CVE-2017-1000486
432587463,cckuailong/reapoc,2017/README.md,0d5d0080451458ce6c01e80e819256f9ef4d7147,CVE-2017-6090
432587463,cckuailong/reapoc,2017/README.md,0d5d0080451458ce6c01e80e819256f9ef4d7147,CVE-2017-3881
432587463,cckuailong/reapoc,2017/README.md,0d5d0080451458ce6c01e80e819256f9ef4d7147,CVE-2017-12542
432587463,cckuailong/reapoc,2017/README.md,0d5d0080451458ce6c01e80e819256f9ef4d7147,CVE-2017-4011
432587463,cckuailong/reapoc,2017/README.md,0d5d0080451458ce6c01e80e819256f9ef4d7147,CVE-2017-18536
432587463,cckuailong/reapoc,2017/README.md,0d5d0080451458ce6c01e80e819256f9ef4d7147,CVE-2017-1000028
432587463,cckuailong/reapoc,2017/README.md,0d5d0080451458ce6c01e80e819256f9ef4d7147,CVE-2017-17562
432587463,cckuailong/reapoc,2017/README.md,0d5d0080451458ce6c01e80e819256f9ef4d7147,CVE-2017-0929
432587463,cckuailong/reapoc,2017/README.md,0d5d0080451458ce6c01e80e819256f9ef4d7147,CVE-2017-18024
432587463,cckuailong/reapoc,2017/README.md,0d5d0080451458ce6c01e80e819256f9ef4d7147,CVE-2017-12149
432587463,cckuailong/reapoc,2017/README.md,0d5d0080451458ce6c01e80e819256f9ef4d7147,CVE-2017-3528
432587463,cckuailong/reapoc,2017/README.md,0d5d0080451458ce6c01e80e819256f9ef4d7147,CVE-2017-17059
432587463,cckuailong/reapoc,2017/README.md,0d5d0080451458ce6c01e80e819256f9ef4d7147,CVE-2017-5487
432587463,cckuailong/reapoc,2017/README.md,0d5d0080451458ce6c01e80e819256f9ef4d7147,CVE-2017-11610
432587463,cckuailong/reapoc,2017/README.md,0d5d0080451458ce6c01e80e819256f9ef4d7147,CVE-2017-17451
432587463,cckuailong/reapoc,2017/README.md,0d5d0080451458ce6c01e80e819256f9ef4d7147,CVE-2017-12544
432587463,cckuailong/reapoc,2017/README.md,0d5d0080451458ce6c01e80e819256f9ef4d7147,CVE-2017-5521
432587463,cckuailong/reapoc,2017/README.md,0d5d0080451458ce6c01e80e819256f9ef4d7147,CVE-2017-17043
432587463,cckuailong/reapoc,2017/README.md,0d5d0080451458ce6c01e80e819256f9ef4d7147,CVE-2017-12611
432587463,cckuailong/reapoc,2017/README.md,0d5d0080451458ce6c01e80e819256f9ef4d7147,CVE-2017-1000170
432587463,cckuailong/reapoc,2017/README.md,0d5d0080451458ce6c01e80e819256f9ef4d7147,CVE-2017-5638
432587463,cckuailong/reapoc,2017/README.md,0d5d0080451458ce6c01e80e819256f9ef4d7147,CVE-2017-9791
432587463,cckuailong/reapoc,2017/README.md,0d5d0080451458ce6c01e80e819256f9ef4d7147,CVE-2017-12615
432587463,cckuailong/reapoc,2017/README.md,0d5d0080451458ce6c01e80e819256f9ef4d7147,CVE-2017-16894
432587463,cckuailong/reapoc,2017/README.md,0d5d0080451458ce6c01e80e819256f9ef4d7147,CVE-2017-5982
432587463,cckuailong/reapoc,2017/README.md,0d5d0080451458ce6c01e80e819256f9ef4d7147,CVE-2017-12629
432587463,cckuailong/reapoc,2017/README.md,0d5d0080451458ce6c01e80e819256f9ef4d7147,CVE-2017-18638
432587463,cckuailong/reapoc,2017/README.md,0d5d0080451458ce6c01e80e819256f9ef4d7147,CVE-2017-14849
432587463,cckuailong/reapoc,2017/README.md,0d5d0080451458ce6c01e80e819256f9ef4d7147,CVE-2017-9140
432587463,cckuailong/reapoc,2017/README.md,0d5d0080451458ce6c01e80e819256f9ef4d7147,CVE-2017-9841
432587463,cckuailong/reapoc,2017/README.md,0d5d0080451458ce6c01e80e819256f9ef4d7147,CVE-2017-7391
432587463,cckuailong/reapoc,2017/README.md,0d5d0080451458ce6c01e80e819256f9ef4d7147,CVE-2017-7921
432587463,cckuailong/reapoc,2017/README.md,0d5d0080451458ce6c01e80e819256f9ef4d7147,CVE-2017-12635
432587463,cckuailong/reapoc,2017/README.md,0d5d0080451458ce6c01e80e819256f9ef4d7147,CVE-2017-7615
432587463,cckuailong/reapoc,2017/README.md,0d5d0080451458ce6c01e80e819256f9ef4d7147,CVE-2017-14651
432587463,cckuailong/reapoc,2017/README.md,0d5d0080451458ce6c01e80e819256f9ef4d7147,CVE-2017-14537
432587463,cckuailong/reapoc,2017/README.md,0d5d0080451458ce6c01e80e819256f9ef4d7147,CVE-2017-15363
432587463,cckuailong/reapoc,2017/README.md,0d5d0080451458ce6c01e80e819256f9ef4d7147,CVE-2017-14535
432587463,cckuailong/reapoc,2017/README.md,0d5d0080451458ce6c01e80e819256f9ef4d7147,CVE-2017-16877
432587463,cckuailong/reapoc,2017/README.md,0d5d0080451458ce6c01e80e819256f9ef4d7147,CVE-2017-8917
432587463,cckuailong/reapoc,2017/README.md,0d5d0080451458ce6c01e80e819256f9ef4d7147,CVE-2017-9288
432587463,cckuailong/reapoc,2017/README.md,0d5d0080451458ce6c01e80e819256f9ef4d7147,CVE-2017-9822
432587463,cckuailong/reapoc,2017/README.md,0d5d0080451458ce6c01e80e819256f9ef4d7147,CVE-2017-12637
432587463,cckuailong/reapoc,2017/README.md,0d5d0080451458ce6c01e80e819256f9ef4d7147,CVE-2017-7269
432587463,cckuailong/reapoc,2017/README.md,0d5d0080451458ce6c01e80e819256f9ef4d7147,CVE-2017-12794
432587463,cckuailong/reapoc,2017/README.md,0d5d0080451458ce6c01e80e819256f9ef4d7147,CVE-2017-15944
432587463,cckuailong/reapoc,2017/README.md,0d5d0080451458ce6c01e80e819256f9ef4d7147,CVE-2017-15715
432587463,cckuailong/reapoc,2017/README.md,0d5d0080451458ce6c01e80e819256f9ef4d7147,CVE-2017-9506
432587463,cckuailong/reapoc,2017/README.md,0d5d0080451458ce6c01e80e819256f9ef4d7147,CVE-2017-15647
432587463,cckuailong/reapoc,2017/README.md,0d5d0080451458ce6c01e80e819256f9ef4d7147,CVE-2017-9805
432587463,cckuailong/reapoc,2017/README.md,0d5d0080451458ce6c01e80e819256f9ef4d7147,CVE-2017-16806
432587463,cckuailong/reapoc,2016/CVE-2016-1000127/poc/nuclei/CVE-2016-1000127.yaml,0d75bb379f2884c732e38cfd12ff7d78a2fcceff,CVE-2016-1000127
432587463,cckuailong/reapoc,2009/CVE-2009-1151/poc/others/README.md,0d974b76d022f0aa939d2312b991d70107fcbad2,CVE-2009-1151
432587463,cckuailong/reapoc,2014/CVE-2014-6271/poc/others/README.md,0dc8e43f770406763984e8002c2a3eecc0fba652,CVE-2014-6271
432587463,cckuailong/reapoc,2019/CVE-2019-5418/poc/others/README.md,0dc9c3153d2e1d0cd89b5874eb52e353baff5e5b,CVE-2019-5418
432587463,cckuailong/reapoc,2009/CVE-2009-0932/poc/others/README.md,0df700bfa006c17fdd6fb5962ac0c190bb3a8fdd,CVE-2009-0932
432587463,cckuailong/reapoc,2017/CVE-2017-7269/poc/nuclei/CVE-2017-7269.yaml,0e2e82e9850c72802626d9be68c55055366b201b,CVE-2017-7269
432587463,cckuailong/reapoc,2010/CVE-2010-1531/poc/others/README.md,0e679f7d22224171c193a7e622b028c69c722cd2,CVE-2010-1531
432587463,cckuailong/reapoc,2019/CVE-2019-2578/poc/nuclei/CVE-2019-2578.yaml,0eaab70567cde30d2c076655c7fb8ace5c9533ac,CVE-2019-2578
432587463,cckuailong/reapoc,2019/CVE-2019-8449/poc/nuclei/CVE-2019-8449.yaml,0eba3e586af83040007dc43e25c859b1777d61fc,CVE-2019-8449
432587463,cckuailong/reapoc,2019/CVE-2019-11581/poc/xray/CVE-2019-11581.yml,0eeef2682058ff54a40212e4766e875784dcbe3e,CVE-2019-11581
432587463,cckuailong/reapoc,2010/CVE-2010-2033/poc/nuclei/CVE-2010-2033.yaml,0f19fb4c1395c17c919076b171e3a4b828b2a393,CVE-2010-2033
432587463,cckuailong/reapoc,2016/CVE-2016-4977/vultarget/README.md,0f9533c74576135ce09f781c7fa0c9017f6c9f32,CVE-2016-4977
432587463,cckuailong/reapoc,2014/CVE-2014-9615/poc/nuclei/CVE-2014-9615.yaml,0fb7c65c4edfc9a1db0b243aed3cde0af420c490,CVE-2014-9615
432587463,cckuailong/reapoc,2019/CVE-2019-11581/vultarget/smtpd_server.py,0fc64c7bc1570cb27f49826197ab17a2ec7aad26,CVE-2019-11581
432587463,cckuailong/reapoc,2020/CVE-2020-29453/vultarget/smtpd_server.py,0fc64c7bc1570cb27f49826197ab17a2ec7aad26,CVE-2020-29453
432587463,cckuailong/reapoc,2019/CVE-2019-16920/poc/others/README.md,0fca95ec33080d8a4579d9b17c34542226a77bb1,CVE-2019-16920
432587463,cckuailong/reapoc,2021/CVE-2021-28169/vultarget/docker-compose.yml,0fd02b3bac9d03473e56589154cc916911ef2f9d,CVE-2021-28169
432587463,cckuailong/reapoc,2020/CVE-2020-6207/poc/others/README.md,0fe5b41a620363c5d159ec2d3a19d2ea3196744c,CVE-2020-6207
432587463,cckuailong/reapoc,2021/CVE-2021-21975/poc/others/README.md,1003e8b3e6d8cc4c512cd745a8aff3693ce74cdb,CVE-2021-21975
432587463,cckuailong/reapoc,2018/CVE-2018-3760/poc/xray/CVE-2018-3760.yml,1033e0dc81b71f2fd016a12207e77a55a5baaf0c,CVE-2018-3760
432587463,cckuailong/reapoc,2019/CVE-2019-15713/poc/nuclei/CVE-2019-15713.yaml,104bc5a35d23a2c4c5f96117f59b0c99d142dbb2,CVE-2019-15713
432587463,cckuailong/reapoc,2019/CVE-2019-16313/poc/nuclei/CVE-2019-16313.yaml,105b805bcbd741ad37fab39a21a66d83df60176b,CVE-2019-16313
432587463,cckuailong/reapoc,2020/CVE-2020-2096/poc/nuclei/CVE-2020-2096.yaml,107ffcc3f1848619379d5babd69ba52d6a84619e,CVE-2020-2096
432587463,cckuailong/reapoc,2019/CVE-2019-0193/vultarget/docker-compose.yml,10898957000aaa00f57069916dbddace4cbe22bd,CVE-2019-0193
432587463,cckuailong/reapoc,2015/CVE-2015-7297/poc/xray/CVE-2015-7297.yml,109c5c6982aa2c8aaa9e65f01356c105f3868bd4,CVE-2015-7297
432587463,cckuailong/reapoc,2018/CVE-2018-1000861/poc/xray/CVE-2018-1000861.yml,10c67b6ac09489c528a40a8a32d00603873dda3c,CVE-2018-1000861
432587463,cckuailong/reapoc,2010/CVE-2010-0759/poc/nuclei/CVE-2010-0759.yaml,10db43e027f7c499b6c7652e38afff6140d7626a,CVE-2010-0759
432587463,cckuailong/reapoc,2020/CVE-2020-5410/poc/xray/CVE-2020-5410.yml,10e878122614f08f848d0c63848c7a80188dac38,CVE-2020-5410
432587463,cckuailong/reapoc,2017/CVE-2017-7615/poc/others/README.md,10f60957649e93f29336a21d09ef6f648f69404e,CVE-2017-7615
432587463,cckuailong/reapoc,2005/CVE-2005-2428/poc/others/README.md,110aa542d5bdcf20d86c77c6263730ed5bdb0061,CVE-2005-2428
432587463,cckuailong/reapoc,2021/CVE-2021-24340/poc/nuclei/CVE-2021-24340.yaml,115898d6265968835986b5d010ee5d96af2d9b55,CVE-2021-24340
432587463,cckuailong/reapoc,2019/CVE-2019-0193/poc/nuclei/CVE-2019-0193.yaml,11627f8fddaa429cdd7b01ca0c6cc0750c6f4644,CVE-2019-0193
432587463,cckuailong/reapoc,2013/CVE-2013-4625/poc/others/README.md,1171ad5f2ed91aa17fe9305040a92ae32582c169,CVE-2013-4625
432587463,cckuailong/reapoc,2020/CVE-2020-15920/poc/nuclei/CVE-2020-15920.yaml,1179ec5a7d5d2e95e77d75004f448e9c0ccbd7c2,CVE-2020-15920
432587463,cckuailong/reapoc,2019/CVE-2019-17506/poc/nuclei/CVE-2019-17506.yaml,1182c0cc8cfe244a51bb45bdb2a104d24882d37f,CVE-2019-17506
432587463,cckuailong/reapoc,2017/CVE-2017-12611/poc/nuclei/CVE-2017-12611.yaml,11ae16e9179d444846cfc1008418d136df82de66,CVE-2017-12611
432587463,cckuailong/reapoc,2020/CVE-2020-15505/poc/nuclei/CVE-2020-15505.yaml,11b0d4ffa13ea1229192e8ddfa72e12a16a55d4b,CVE-2020-15505
432587463,cckuailong/reapoc,2020/CVE-2020-25078/poc/nuclei/CVE-2020-25078.yaml,11d8361b901bca3b1681c445752c5bec3b8cd37c,CVE-2020-25078
432587463,cckuailong/reapoc,2020/CVE-2020-35476/vultarget/README.zh-cn.md,126c67ac4c13184fb45da48c35a25ed8d9688dd6,CVE-2020-35476
432587463,cckuailong/reapoc,2019/CVE-2019-3401/poc/nuclei/CVE-2019-3401.yaml,1283cced6429252fded1fe567d0db95ac12e822c,CVE-2019-3401
432587463,cckuailong/reapoc,2020/CVE-2020-8194/poc/nuclei/CVE-2020-8194.yaml,12993508e4e459e3a7d48bed95f7ff2e681befe6,CVE-2020-8194
432587463,cckuailong/reapoc,2021/CVE-2021-3129/poc/nuclei/CVE-2021-3129.yaml,12a6f07721ef71f39e1d3ed8bd03bd0a0b18c249,CVE-2021-3129
432587463,cckuailong/reapoc,2020/CVE-2020-13942/poc/others/README.md,12f14dfad24fa9dfe57bb90f9a3660cf14e9e877,CVE-2020-13942
432587463,cckuailong/reapoc,2018/CVE-2018-16288/poc/others/README.md,12f28060ed3c06ceb6bab33a98ded8bce2edb7ff,CVE-2018-16288
432587463,cckuailong/reapoc,2019/CVE-2019-6112/poc/nuclei/CVE-2019-6112.yaml,1307bf4c39a5de5d8aaa9b2b72013376bea99a00,CVE-2019-6112
432587463,cckuailong/reapoc,2018/CVE-2018-5230/poc/nuclei/CVE-2018-5230.yaml,13144142826b5f8c8b32f9299db957280a29b1e5,CVE-2018-5230
432587463,cckuailong/reapoc,2021/CVE-2021-32305/poc/nuclei/CVE-2021-32305.yaml,131b14fe030a54a1f6635c1f6c046053ccf6ae6b,CVE-2021-32305
432587463,cckuailong/reapoc,2017/CVE-2017-3506/poc/others/README.md,1326f810aa44d1bed5bc26564af938ea8cbbb096,CVE-2017-3506
432587463,cckuailong/reapoc,2020/CVE-2020-24148/poc/others/README.md,1334124772f45123d14376b2684ab5c2ad0e3a5d,CVE-2020-24148
432587463,cckuailong/reapoc,2010/CVE-2010-1871/poc/xray/CVE-2010-1871.yml,1337cd04403b95d7dac8fc398545375a8f49db03,CVE-2010-1871
432587463,cckuailong/reapoc,2011/CVE-2011-4336/poc/nuclei/CVE-2011-4336.yaml,13570198feeee5d728c04617944c9d65bce35ba7,BID-48806
432587463,cckuailong/reapoc,2011/CVE-2011-4336/poc/nuclei/CVE-2011-4336.yaml,13570198feeee5d728c04617944c9d65bce35ba7,CVE-2011-4336
432587463,cckuailong/reapoc,2008/CVE-2008-6172/poc/others/README.md,13737e7cf291e2aa7c974cd57f2af14aea69f34f,CVE-2008-6172
432587463,cckuailong/reapoc,2020/CVE-2020-6308/poc/others/README.md,13a2270d73dc59f0087fbe0ff7c3b7438ba9a0bb,CVE-2020-6308
432587463,cckuailong/reapoc,2021/CVE-2021-37833/poc/nuclei/CVE-2021-37833.yaml,13bd912613b9263f51bf897f90624b29523a3a14,CVE-2021-37833
432587463,cckuailong/reapoc,2017/CVE-2017-15647/poc/nuclei/CVE-2017-15647.yaml,13efddb1d423f8d55f93a7cc3f200777dff489d7,CVE-2017-15647
432587463,cckuailong/reapoc,2017/CVE-2017-1000486/poc/others/README.md,13f252d8018ceb9d0d752e874b6e797950427612,CVE-2017-1000486
432587463,cckuailong/reapoc,2020/CVE-2020-14882/vultarget/README.md,1480bd4438c2c87287b5c38d2466eecba004e9d0,CVE-2020-14883
432587463,cckuailong/reapoc,2020/CVE-2020-14882/vultarget/README.md,1480bd4438c2c87287b5c38d2466eecba004e9d0,CVE-2020-14882
432587463,cckuailong/reapoc,2021/CVE-2021-28810/vultarget/README.zh-cn.md,14fcde3dd1c7f19ca847c574127035590a53d49e,CVE-2021-28073
432587463,cckuailong/reapoc,2021/CVE-2021-28810/vultarget/README.zh-cn.md,14fcde3dd1c7f19ca847c574127035590a53d49e,CVE-2021-28810
432587463,cckuailong/reapoc,2010/CVE-2010-1954/poc/nuclei/CVE-2010-1954.yaml,1516eab0e3ef9c7cf35592763a44b9a60c1d95a0,CVE-2010-1954
432587463,cckuailong/reapoc,2008/README.md,155595c0d203c738812f76db0a49137f055f9c91,CVE-2008-6080
432587463,cckuailong/reapoc,2008/README.md,155595c0d203c738812f76db0a49137f055f9c91,CVE-2008-6172
432587463,cckuailong/reapoc,2008/README.md,155595c0d203c738812f76db0a49137f055f9c91,CVE-2008-6668
432587463,cckuailong/reapoc,2008/README.md,155595c0d203c738812f76db0a49137f055f9c91,CVE-2008-2650
432587463,cckuailong/reapoc,2008/README.md,155595c0d203c738812f76db0a49137f055f9c91,CVE-2008-4668
432587463,cckuailong/reapoc,2008/README.md,155595c0d203c738812f76db0a49137f055f9c91,CVE-2008-4764
432587463,cckuailong/reapoc,2008/README.md,155595c0d203c738812f76db0a49137f055f9c91,CVE-2008-6222
432587463,cckuailong/reapoc,2008/README.md,155595c0d203c738812f76db0a49137f055f9c91,CVE-2008-5587
432587463,cckuailong/reapoc,2008/README.md,155595c0d203c738812f76db0a49137f055f9c91,CVE-2008-2398
432587463,cckuailong/reapoc,2019/CVE-2019-13392/poc/nuclei/CVE-2019-13392.yaml,1582d822cce348462fa6af0f1226fea701c3e88d,CVE-2019-13392
432587463,cckuailong/reapoc,2021/CVE-2021-28810/poc/xray/qnap-cve-2021-28810.yml,15a62d20547813348414226bb80e08964d068888,CVE-2021-28810
432587463,cckuailong/reapoc,2018/CVE-2018-11784/poc/nuclei/CVE-2018-11784.yaml,15af21528cd97ffdd59aa59d346d0de334bd3552,CVE-2018-11784
432587463,cckuailong/reapoc,2017/CVE-2017-5638/poc/others/README.md,15f7cc7ce429d71fe58cdf47ab7a8fb20c6ec801,CVE-2017-5638
432587463,cckuailong/reapoc,2021/CVE-2021-28164/poc/nuclei/CVE-2021-28164.yaml,15fa453ff4811bbafc86df861247ab245d642fe1,CVE-2021-28164
432587463,cckuailong/reapoc,2015/CVE-2015-9480/poc/nuclei/CVE-2015-9480.yaml,15ffeece01441275d6d9c84ac841b5074d148651,CVE-2015-9480
432587463,cckuailong/reapoc,2020/CVE-2020-14864/poc/others/README.md,164becd33cdd7369ad8c5b55827ebda8e0e35669,CVE-2020-14864
432587463,cckuailong/reapoc,2021/CVE-2021-24288/poc/nuclei/CVE-2021-24288.yaml,1652101176f21aa90dd807db6f46914fc7205cb4,CVE-2021-24288
432587463,cckuailong/reapoc,2010/CVE-2010-1470/poc/others/README.md,16670d99e0daa86359c322e71c654dffcb94d6be,CVE-2010-1470
432587463,cckuailong/reapoc,2019/CVE-2019-9670/poc/others/README.md,1681ec9be41ca209ad28d72a75358a709985dd9f,CVE-2019-9670
432587463,cckuailong/reapoc,2008/CVE-2008-5587/poc/nuclei/CVE-2008-5587.yaml,168cd27abb7f81f4fbbf33cb3cda3ac039cf1776,CVE-2008-5587
432587463,cckuailong/reapoc,2021/CVE-2021-42237/poc/nuclei/CVE-2021-42237.yaml,17639abe11240f2d202ca88de0ae989d3a6e80fb,CVE-2021-42237
432587463,cckuailong/reapoc,2018/CVE-2018-17246/poc/xray/CVE-2018-17246.yml,178630b56829ff032875051069bc64f1d38b85e5,CVE-2018-17246
432587463,cckuailong/reapoc,2021/CVE-2021-27905/poc/nuclei/CVE-2021-27905.yaml,178fe265dc8f5a71deb5092b53c04880460ef98d,CVE-2021-27905
432587463,cckuailong/reapoc,2015/CVE-2015-2067/poc/nuclei/CVE-2015-2067.yaml,17d6c5e8ab701791568b9e63d2d063dff9ce5f91,CVE-2015-2067
432587463,cckuailong/reapoc,2011/CVE-2011-4804/poc/nuclei/CVE-2011-4804.yaml,17d7776d52bd0d7ee85c49c3225efabc88ca8c1c,CVE-2011-4804
432587463,cckuailong/reapoc,2012/CVE-2012-1823/poc/others/README.md,180f6463b88421287beaa83bf1c6dfcdd8e3e4f0,CVE-2012-1823
432587463,cckuailong/reapoc,2020/CVE-2020-11738/poc/nuclei/CVE-2020-11738.yaml,18780838c236606fb8b8fc3c30c68a2a66cc88ba,CVE-2020-11738
432587463,cckuailong/reapoc,2016/CVE-2016-2389/poc/others/README.md,18c37bc985671dbf8408bce308c31790f95d54ef,CVE-2016-2389
432587463,cckuailong/reapoc,2020/CVE-2020-28976/poc/nuclei/CVE-2020-28976.yaml,18e259a5d6c453d5e8f7253806ae2d2bf5f793d5,CVE-2020-28976
432587463,cckuailong/reapoc,2016/CVE-2016-3081/poc/others/README.md,19214304a4f5f745e4d21f9850066707d764d844,CVE-2016-3081
432587463,cckuailong/reapoc,2015/CVE-2015-2080/poc/others/README.md,1980392b504a278ef7b7b0b1e34437b5cc8fa012,CVE-2015-2080
432587463,cckuailong/reapoc,2020/CVE-2020-9376/poc/xray/CVE-2020-9376.yml,199c255f533260aef6dec73900ba6e9b428cfc62,CVE-2020-9376
432587463,cckuailong/reapoc,2018/CVE-2018-18323/poc/others/README.md,19bd45364befd46b30bfb2bebba22d481775a2d3,CVE-2018-18323
432587463,cckuailong/reapoc,2010/CVE-2010-1532/poc/nuclei/CVE-2010-1532.yaml,1a42cf0dc0380053a8153888609e0a709bd44d0c,CVE-2010-1532
432587463,cckuailong/reapoc,2021/CVE-2021-26812/poc/nuclei/CVE-2021-26812.yaml,1a4c2b8f3ceff10ed6eb6b76ddad19b723959915,CVE-2021-26812
432587463,cckuailong/reapoc,2020/CVE-2020-8163/vultarget/docker-compose.yml,1a4c9d9726ea1bf7b89105f6b1d6e2b1be31a5e8,CVE-2020-8163
432587463,cckuailong/reapoc,2021/CVE-2021-20837/poc/nuclei/CVE-2021-20837.yaml,1aae5ceea176bb407e1c4a8d57311bbf32af51b9,CVE-2021-20837
432587463,cckuailong/reapoc,2019/CVE-2019-3396/vultarget/README.md,1ac1f2903abad8bff6443ac644cdc88e1ed96ae3,CVE-2019-3396
432587463,cckuailong/reapoc,2010/CVE-2010-1653/poc/others/README.md,1ae883f3bbbaace032c57a94a5a0a23b73b360c6,CVE-2010-1653
432587463,cckuailong/reapoc,2014/CVE-2014-10037/poc/others/README.md,1b1495d4411d77f7a2d7579a9cc8aa8fadedc889,CVE-2014-10037
432587463,cckuailong/reapoc,2021/CVE-2021-40870/poc/others/README.md,1b1f700c443660662fe3920ab675d8c97987b43b,CVE-2021-40870
432587463,cckuailong/reapoc,2021/CVE-2021-28073/poc/nuclei/CVE-2021-28073.yaml,1b351b150cb8365c203726384bb72e6da20ee065,CVE-2021-28073
432587463,cckuailong/reapoc,2007/CVE-2007-4556/poc/nuclei/CVE-2007-4556.yaml,1b4fd165b0fe20c5485f4f0b3cf872870310f324,CVE-2007-4556
432587463,cckuailong/reapoc,2014/CVE-2014-2323/poc/nuclei/CVE-2014-2323.yaml,1b618e4d121fc5ff32ace180557fc71ce5e6c6b0,CVE-2014-2323
432587463,cckuailong/reapoc,2016/CVE-2016-10033/vultarget/docker-compose.yml,1b6c984d7a2b733bc569066080781fca28c4db3e,CVE-2016-10033
432587463,cckuailong/reapoc,2019/CVE-2019-7254/poc/others/README.md,1bac8d70c54332e4619d0b2e769b45fce7228a29,CVE-2019-7254
432587463,cckuailong/reapoc,2019/CVE-2019-14312/poc/others/README.md,1bc83f93bb15249915677861849a015f4329678c,CVE-2019-14312
432587463,cckuailong/reapoc,2012/CVE-2012-0991/poc/others/README.md,1be3d56186edb517ff586f5b5e71fee4518a3148,CVE-2012-0991
432587463,cckuailong/reapoc,2011/CVE-2011-5179/poc/nuclei/CVE-2011-5179.yaml,1bf4bb5379c774f16cdf229c540a8b26f51e901f,CVE-2011-5179
432587463,cckuailong/reapoc,2021/CVE-2021-22053/poc/nuclei/CVE-2021-22053.yaml,1bf6e2baf30d1f74da70a8a8c2c3bf6d8f3ef74c,CVE-2021-22053
432587463,cckuailong/reapoc,2015/CVE-2015-3306/poc/nuclei/CVE-2015-3306.yaml,1bfc6579c880f1b5f53dee5f098d8e1a3f8af5d4,CVE-2015-3306
432587463,cckuailong/reapoc,2021/CVE-2021-41277/poc/nuclei/CVE-2021-41277.yaml,1c0fb9ea2fbf9e0b284560807dfb39d8b11539d5,CVE-2021-41277
432587463,cckuailong/reapoc,2009/CVE-2009-1496/poc/nuclei/CVE-2009-1496.yaml,1c2ef05ddf5157630ca16e7fc4f253ac10e8fcb0,CVE-2009-1496
432587463,cckuailong/reapoc,2016/CVE-2016-10134/vultarget/docker-compose.yml,1c35038f226665e7de77475079ad8a4222fc4ea0,CVE-2016-10134
432587463,cckuailong/reapoc,2018/CVE-2018-7490/poc/nuclei/CVE-2018-7490.yaml,1c7f9bbb53e7f057403428410b5ed5b4409fdad4,CVE-2018-7490
432587463,cckuailong/reapoc,2019/CVE-2019-12276/poc/others/README.md,1c85fd7337312071e29ba3a75995290981c39fa5,CVE-2019-12276
432587463,cckuailong/reapoc,2019/CVE-2019-15043/poc/nuclei/CVE-2019-15043.yaml,1cae59e5a7c047ee3b2bb32a532d575a2f0412a7,CVE-2019-15043
432587463,cckuailong/reapoc,2020/CVE-2020-24912/poc/nuclei/CVE-2020-24912.yaml,1cf6f7c0ea33f946a247494c3eb65233cee7aa02,CVE-2020-24912
432587463,cckuailong/reapoc,2017/CVE-2017-12629/vultarget/docker-compose.yml,1d462a12a974fc1fcb3ac92e728bcec191ab530e,CVE-2017-12629
432587463,cckuailong/reapoc,2007/CVE-2007-4504/poc/others/README.md,1d5aa9aae09ad81227259964b070a22bc2df7c15,CVE-2007-4504
432587463,cckuailong/reapoc,2009/CVE-2009-3318/poc/others/README.md,1d6da8fc6af629cb9064a2ef8e5d4958c89bcf66,CVE-2009-3318
432587463,cckuailong/reapoc,2017/CVE-2017-14537/poc/others/README.md,1d86e5cad27e6537c98bfe45876a9328d32c8deb,CVE-2017-14537
432587463,cckuailong/reapoc,2016/CVE-2016-1000131/poc/nuclei/CVE-2016-1000131.yaml,1da0ae59b7adff6b7cd5a12a81fd2d19a971c8c7,CVE-2016-1000131
432587463,cckuailong/reapoc,2010/CVE-2010-2036/poc/nuclei/CVE-2010-2036.yaml,1e1fecbbedcea68fa60cf940963185276059d16e,CVE-2010-2036
432587463,cckuailong/reapoc,2010/CVE-2010-1607/poc/others/README.md,1e330235f6f20b8e7880c934ff0ec54b674b9299,CVE-2010-1607
432587463,cckuailong/reapoc,2017/CVE-2017-9288/poc/nuclei/CVE-2017-9288.yaml,1e3a231e719c14c7499aee3c2982abe55d775700,CVE-2017-9288
432587463,cckuailong/reapoc,2016/CVE-2016-10033/vultarget/src/start.sh,1e932e5138de18d03c70b798076367f96657f54c,CVE-2016-10033
432587463,cckuailong/reapoc,2021/CVE-2021-40438/poc/nuclei/CVE-2021-40438.yaml,1ea92ddc7b32c9d5810c5011866dd36441864431,CVE-2021-40438
432587463,cckuailong/reapoc,2021/CVE-2021-34371/vultarget/docker-compose.yml,1ec1e14a44238171b4ccece6ed8fd7849427a13e,CVE-2021-34371
432587463,cckuailong/reapoc,2016/CVE-2016-1000143/poc/nuclei/CVE-2016-1000143.yaml,1eeb468c8bb158bbce54db9df41c4cfb2d994465,CVE-2016-1000143
432587463,cckuailong/reapoc,2016/CVE-2016-10134/poc/others/README.md,1ef21024dc64b3040d23538a527c7bf66412b353,CVE-2016-10134
432587463,cckuailong/reapoc,2006/README.md,1f74f48bb28d0901a038d085bf4b60da73ce7546,CVE-2006-1681
432587463,cckuailong/reapoc,2006/README.md,1f74f48bb28d0901a038d085bf4b60da73ce7546,CVE-2006-2842
432587463,cckuailong/reapoc,2020/CVE-2020-17453/poc/others/README.md,1f987993cf6d0ba83652f5a5fd6213ccb5a04cb7,CVE-2020-17453
432587463,cckuailong/reapoc,2020/CVE-2020-9054/poc/others/README.md,1fad6e139c86418e1f337fa53d4258debc1fc370,CVE-2020-9054
432587463,cckuailong/reapoc,2021/CVE-2021-28169/vultarget/src/WEB-INF/web.xml,200f67899148f5b500a9092c84b34d51025e2cf6,CVE-2021-28169
432587463,cckuailong/reapoc,2006/CVE-2006-2842/poc/others/README.md,2049a02b6eb82622730f61687b08dc34fc6cdbd1,CVE-2006-2842
432587463,cckuailong/reapoc,2018/CVE-2018-7422/poc/nuclei/CVE-2018-7422.yaml,20a6c37979958c7d7b9d6cb56be4a128422610da,CVE-2018-7422
432587463,cckuailong/reapoc,2014/README.md,20bdfcef38d5412546bfbc24c4b23a6c81d42e38,CVE-2014-9618
432587463,cckuailong/reapoc,2014/README.md,20bdfcef38d5412546bfbc24c4b23a6c81d42e38,CVE-2014-9606
432587463,cckuailong/reapoc,2014/README.md,20bdfcef38d5412546bfbc24c4b23a6c81d42e38,CVE-2014-9444
432587463,cckuailong/reapoc,2014/README.md,20bdfcef38d5412546bfbc24c4b23a6c81d42e38,CVE-2014-6271
432587463,cckuailong/reapoc,2014/README.md,20bdfcef38d5412546bfbc24c4b23a6c81d42e38,CVE-2014-5111
432587463,cckuailong/reapoc,2014/README.md,20bdfcef38d5412546bfbc24c4b23a6c81d42e38,CVE-2014-3120
432587463,cckuailong/reapoc,2014/README.md,20bdfcef38d5412546bfbc24c4b23a6c81d42e38,CVE-2014-9094
432587463,cckuailong/reapoc,2014/README.md,20bdfcef38d5412546bfbc24c4b23a6c81d42e38,CVE-2014-4536
432587463,cckuailong/reapoc,2014/README.md,20bdfcef38d5412546bfbc24c4b23a6c81d42e38,CVE-2014-8799
432587463,cckuailong/reapoc,2014/README.md,20bdfcef38d5412546bfbc24c4b23a6c81d42e38,CVE-2014-3704
432587463,cckuailong/reapoc,2014/README.md,20bdfcef38d5412546bfbc24c4b23a6c81d42e38,CVE-2014-4535
432587463,cckuailong/reapoc,2014/README.md,20bdfcef38d5412546bfbc24c4b23a6c81d42e38,CVE-2014-6308
432587463,cckuailong/reapoc,2014/README.md,20bdfcef38d5412546bfbc24c4b23a6c81d42e38,CVE-2014-3744
432587463,cckuailong/reapoc,2014/README.md,20bdfcef38d5412546bfbc24c4b23a6c81d42e38,CVE-2014-8682
432587463,cckuailong/reapoc,2014/README.md,20bdfcef38d5412546bfbc24c4b23a6c81d42e38,CVE-2014-4210
432587463,cckuailong/reapoc,2014/README.md,20bdfcef38d5412546bfbc24c4b23a6c81d42e38,CVE-2014-4513
432587463,cckuailong/reapoc,2014/README.md,20bdfcef38d5412546bfbc24c4b23a6c81d42e38,CVE-2014-9607
432587463,cckuailong/reapoc,2014/README.md,20bdfcef38d5412546bfbc24c4b23a6c81d42e38,CVE-2014-10037
432587463,cckuailong/reapoc,2014/README.md,20bdfcef38d5412546bfbc24c4b23a6c81d42e38,CVE-2014-2962
432587463,cckuailong/reapoc,2014/README.md,20bdfcef38d5412546bfbc24c4b23a6c81d42e38,CVE-2014-4539
432587463,cckuailong/reapoc,2014/README.md,20bdfcef38d5412546bfbc24c4b23a6c81d42e38,CVE-2014-2321
432587463,cckuailong/reapoc,2014/README.md,20bdfcef38d5412546bfbc24c4b23a6c81d42e38,CVE-2014-4561
432587463,cckuailong/reapoc,2014/README.md,20bdfcef38d5412546bfbc24c4b23a6c81d42e38,CVE-2014-9617
432587463,cckuailong/reapoc,2014/README.md,20bdfcef38d5412546bfbc24c4b23a6c81d42e38,CVE-2014-4558
432587463,cckuailong/reapoc,2014/README.md,20bdfcef38d5412546bfbc24c4b23a6c81d42e38,CVE-2014-2323
432587463,cckuailong/reapoc,2014/README.md,20bdfcef38d5412546bfbc24c4b23a6c81d42e38,CVE-2014-9615
432587463,cckuailong/reapoc,2014/README.md,20bdfcef38d5412546bfbc24c4b23a6c81d42e38,CVE-2014-4592
432587463,cckuailong/reapoc,2014/README.md,20bdfcef38d5412546bfbc24c4b23a6c81d42e38,CVE-2014-5258
432587463,cckuailong/reapoc,2014/README.md,20bdfcef38d5412546bfbc24c4b23a6c81d42e38,CVE-2014-2383
432587463,cckuailong/reapoc,2014/README.md,20bdfcef38d5412546bfbc24c4b23a6c81d42e38,CVE-2014-4550
432587463,cckuailong/reapoc,2014/README.md,20bdfcef38d5412546bfbc24c4b23a6c81d42e38,CVE-2014-2908
432587463,cckuailong/reapoc,2014/README.md,20bdfcef38d5412546bfbc24c4b23a6c81d42e38,CVE-2014-9614
432587463,cckuailong/reapoc,2014/README.md,20bdfcef38d5412546bfbc24c4b23a6c81d42e38,CVE-2014-5368
432587463,cckuailong/reapoc,2014/README.md,20bdfcef38d5412546bfbc24c4b23a6c81d42e38,CVE-2014-9609
432587463,cckuailong/reapoc,2014/README.md,20bdfcef38d5412546bfbc24c4b23a6c81d42e38,CVE-2014-9608
432587463,cckuailong/reapoc,2014/README.md,20bdfcef38d5412546bfbc24c4b23a6c81d42e38,CVE-2014-4940
432587463,cckuailong/reapoc,2014/README.md,20bdfcef38d5412546bfbc24c4b23a6c81d42e38,CVE-2014-4544
432587463,cckuailong/reapoc,2020/CVE-2020-6287/poc/nuclei/CVE-2020-6287.yaml,20f5add4022ff04c4c2b0a07c47fc71d24e58c9d,CVE-2020-6287
432587463,cckuailong/reapoc,2017/CVE-2017-9805/poc/nuclei/CVE-2017-9805.yaml,2105d7adb62fd61074eaa513b8c89cd52b1b2047,CVE-2017-9805
432587463,cckuailong/reapoc,2020/CVE-2020-12054/poc/nuclei/CVE-2020-12054.yaml,2108aeaba80f64752d3a02aba1c72f7c30ba5e1a,CVE-2020-12054
432587463,cckuailong/reapoc,2010/CVE-2010-1601/poc/others/README.md,213d517fefed0306a097879f61d1d9a74dd93bc1,CVE-2010-1601
432587463,cckuailong/reapoc,2018/CVE-2018-6910/poc/nuclei/CVE-2018-6910.yaml,217edefbb36b478e55e86a04ea4a1568efbf947c,CVE-2018-6910
432587463,cckuailong/reapoc,2014/CVE-2014-9618/poc/nuclei/CVE-2014-9618.yaml,219461e62f074d200bd1eb335daf97aaf62de686,CVE-2014-9618
432587463,cckuailong/reapoc,2012/CVE-2012-4940/poc/others/README.md,21aafa6b58a96c3b7ad3d35e822c886bc4ce192f,CVE-2012-4940
432587463,cckuailong/reapoc,2021/CVE-2021-40438/vultarget/README.md,21aefb9003048891202a4e2cb89f842ebaf9ef0e,CVE-2021-40438
432587463,cckuailong/reapoc,2018/CVE-2018-11784/poc/others/README.md,21d6b66c4bd213e59ccba1148cdd9b01655f6d66,CVE-2018-11784
432587463,cckuailong/reapoc,2020/CVE-2020-29164/poc/nuclei/CVE-2020-29164.yaml,21d78ab45dc311f5f8fab00f1bae11142bfa716d,CVE-2020-29164
432587463,cckuailong/reapoc,2018/CVE-2018-11709/poc/nuclei/CVE-2018-11709.yaml,21ea745c641eaa592f1777e22fe3d7fd3d0bd945,CVE-2018-11709
432587463,cckuailong/reapoc,2010/CVE-2010-1217/poc/others/README.md,221da78929ffb53f7bcc84b148df44cffa71b4df,CVE-2010-1217
432587463,cckuailong/reapoc,2021/CVE-2021-34371/vultarget/rhino_gadget/src/main/java/Payload.java,223a9c3bcbe73395b17ee802d027ca60496f9522,CVE-2021-34371
432587463,cckuailong/reapoc,2017/CVE-2017-3528/poc/others/README.md,22581d09728e7ecd0ce74e775015157533876682,CVE-2017-3528
432587463,cckuailong/reapoc,2019/CVE-2019-1653/poc/others/README.md,227ae5a2a4e8cb5fb4ef34b6ed0ce746363c099c,CVE-2019-1653
432587463,cckuailong/reapoc,2020/CVE-2020-9757/poc/xray/CVE-2020-9757.yml,2285ef395bb5fc5862e28ccb11c2f482fbc3789b,CVE-2020-9757
432587463,cckuailong/reapoc,2020/CVE-2020-9757/poc/xray/CVE-2020-9757.yml,2285ef395bb5fc5862e28ccb11c2f482fbc3789b,CNNVD-202003-181
432587463,cckuailong/reapoc,2019/CVE-2019-8446/poc/others/README.md,22922013ea565dafb0789a08d5f0a1d1e923097f,CVE-2019-8446
432587463,cckuailong/reapoc,2021/CVE-2021-26855/poc/xray/CVE-2021-26855.yml,22aec14f25b30f150ea510ebc7ea86bc86e24bc9,CVE-2021-26855
432587463,cckuailong/reapoc,2010/CVE-2010-4977/poc/nuclei/CVE-2010-4977.yaml,22ba0a89143664efd1fc3cb58fb87170b68ce162,CVE-2010-4977
432587463,cckuailong/reapoc,2021/CVE-2021-3017/poc/nuclei/CVE-2021-3017.yaml,22f96638cbc7d16534b0d7b6e8ca9b4ee410f77a,CVE-2021-3017
432587463,cckuailong/reapoc,2016/CVE-2016-3088/vultarget/README.zh-cn.md,22fb6d1cb5446d0e36c6e290d1846544b907a2aa,CVE-2016-3088
432587463,cckuailong/reapoc,2021/CVE-2021-1498/poc/others/README.md,232e65a9ead4e20405692cc329dce99b72e15b91,CVE-2021-1498
432587463,cckuailong/reapoc,2016/CVE-2016-1000153/poc/nuclei/CVE-2016-1000153.yaml,2377f953f1d1d98d82912cfbf8bbc4624e36cc4e,CVE-2016-1000153
432587463,cckuailong/reapoc,2019/CVE-2019-19824/poc/nuclei/CVE-2019-19824.yaml,237e590009fc099a389ee3d712a9b990a3749395,CVE-2019-19824
432587463,cckuailong/reapoc,2010/CVE-2010-0982/poc/others/README.md,2380ed71c6d6ea0483bce9d0b0d9a9d96d5c496a,CVE-2010-0982
432587463,cckuailong/reapoc,2018/CVE-2018-17246/vultarget/README.md,23a15a2f12710ec3bbd5cec4da3e71279a038251,CVE-2018-17246
432587463,cckuailong/reapoc,2021/CVE-2021-34429/poc/nuclei/CVE-2021-34429.yaml,23ad9cdb1a1a792301999797e1372a3597fce14d,CVE-2021-34429
432587463,cckuailong/reapoc,2021/CVE-2021-34429/poc/nuclei/CVE-2021-34429.yaml,23ad9cdb1a1a792301999797e1372a3597fce14d,CVE-2021-28164
432587463,cckuailong/reapoc,2020/CVE-2020-24571/poc/xray/CVE-2020-24571.yml,23bd635b11dc63fe282ba14e17c363640b23ce2b,CVE-2020-24571
432587463,cckuailong/reapoc,2020/CVE-2020-10148/poc/nuclei/CVE-2020-10148.yaml,23d594fb3ae3baabd2f47277a8f3a7b3f1dfcbbc,CVE-2020-10148
432587463,cckuailong/reapoc,2020/CVE-2020-10148/poc/nuclei/CVE-2020-10148.yaml,23d594fb3ae3baabd2f47277a8f3a7b3f1dfcbbc,VU#843464
432587463,cckuailong/reapoc,2020/CVE-2020-35476/poc/nuclei/CVE-2020-35476.yaml,23d6c35bd57e9c66f96e32fe7670fc2862571c49,CVE-2020-35476
432587463,cckuailong/reapoc,2019/CVE-2019-8442/poc/nuclei/CVE-2019-8442.yaml,23d91b98431147fb46baf4c70073dd7853f7cfd4,CVE-2019-8442
432587463,cckuailong/reapoc,2019/CVE-2019-20085/poc/nuclei/CVE-2019-20085.yaml,23f01b9ed9a26e068a3179fa4910de53d2fa7614,CVE-2019-20085
432587463,cckuailong/reapoc,2019/CVE-2019-14470/poc/others/README.md,244c8496ad3605c918e92ebee0aa99a9b4e095c6,CVE-2019-14470
432587463,cckuailong/reapoc,2018/CVE-2018-14064/poc/nuclei/CVE-2018-14064.yaml,245d76fb0bb29c2609ac48052167b155a82ced7a,CVE-2018-14064
432587463,cckuailong/reapoc,2017/CVE-2017-17562/vultarget/index,24718b1ff910e9d934c333ca37e95ade7ea5334f,CVE-2017-17562
432587463,cckuailong/reapoc,2019/CVE-2019-16097/poc/xray/CVE-2019-16097.yml,24f63d3ae8b0459ebcaae24fcbf997a77ce1cdfa,CVE-2019-16097
432587463,cckuailong/reapoc,2020/CVE-2020-4463/poc/others/README.md,24fac5ef6b7e239584c143b510572c06585abac3,CVE-2020-4463
432587463,cckuailong/reapoc,2020/CVE-2020-27986/poc/xray/CVE-2020-27986.yml,2526a3070a08e9a454b242df3f566cb3984bab84,CVE-2020-27986
432587463,cckuailong/reapoc,2017/CVE-2017-3881/poc/nuclei/CVE-2017-3881.yaml,254d00b496863493da959e8b554e8b53ceee82de,CVE-2017-3881
432587463,cckuailong/reapoc,2019/CVE-2019-16525/poc/nuclei/CVE-2019-16525.yaml,25672cdbb3734b3a45641fd48606f64d558e9979,CVE-2019-16525
432587463,cckuailong/reapoc,2018/CVE-2018-20470/poc/others/README.md,25794bb2138625b672c2906a22a7b20117934005,CVE-2018-20470
432587463,cckuailong/reapoc,2016/CVE-2016-10033/poc/others/README.md,257e9d9654965c5c7128520f911819dc700737ab,CVE-2016-10033
432587463,cckuailong/reapoc,2021/CVE-2021-41773/vultarget/README.md,258d7cf7271a4b6e8b9c56c8830d6454575f2366,CVE-2021-41773
432587463,cckuailong/reapoc,2021/CVE-2021-41266/poc/nuclei/CVE-2021-41266.yaml,259289c035bb7d761b562e3fa40b3a4ac88ef015,CVE-2021-41266
432587463,cckuailong/reapoc,2019/CVE-2019-11581/vultarget/poc.py,2624df4ad97e7937dc4d7bde0cb929c754a2f48e,CVE-2019-11581
432587463,cckuailong/reapoc,2010/CVE-2010-2307/poc/others/README.md,263704e9a98c4ccc6dde29f4f1d018bc2748cb4b,CVE-2010-2307
432587463,cckuailong/reapoc,2016/CVE-2016-1000126/poc/nuclei/CVE-2016-1000126.yaml,264822ca47abd29bcb6ae1add19724c2351187a5,CVE-2016-1000126
432587463,cckuailong/reapoc,2010/CVE-2010-1306/poc/nuclei/CVE-2010-1306.yaml,266978f9501bb73c240abc98fd8e32ea6fa73916,CVE-2010-1306
432587463,cckuailong/reapoc,2021/CVE-2021-22214/poc/nuclei/CVE-2021-22214.yaml,266caa4181cdf6f4bad17eef9b5b7d11d4fa34ec,CVE-2021-22214
432587463,cckuailong/reapoc,2010/CVE-2010-1495/poc/nuclei/CVE-2010-1495.yaml,2691e1a86c844288635af8660a76b6057d92856a,CVE-2010-1495
432587463,cckuailong/reapoc,2010/CVE-2010-1340/poc/others/README.md,269aa3914f7baf9e8d1b7a059d6d134ade03721f,CVE-2010-1340
432587463,cckuailong/reapoc,2018/CVE-2018-16283/poc/nuclei/CVE-2018-16283.yaml,26c55883365428c4a8b4dd93a597742b9e28f7ed,CVE-2018-16283
432587463,cckuailong/reapoc,2016/CVE-2016-7552/poc/nuclei/CVE-2016-7552.yaml,26cbc9b2515f45c94f4141a854a9d85a7eeb9233,CVE-2016-7552
432587463,cckuailong/reapoc,2010/CVE-2010-0696/poc/nuclei/CVE-2010-0696.yaml,26dff51a4c309961d61e0921f14c8afef4050839,CVE-2010-0696
432587463,cckuailong/reapoc,2020/CVE-2020-10549/poc/nuclei/CVE-2020-10549.yaml,26fe07e57b95345ba8a6492f4aeb01d0b8cbb4fa,CVE-2020-10549
432587463,cckuailong/reapoc,2016/CVE-2016-10993/poc/nuclei/CVE-2016-10993.yaml,27027382090f8ac27b92d094b5fed66c95e29e23,CVE-2016-10993
432587463,cckuailong/reapoc,2021/CVE-2021-42565/poc/nuclei/CVE-2021-42565.yaml,27267f40cfa10d16b3b96b5746fdb3f9c44ef37b,CVE-2021-42565
432587463,cckuailong/reapoc,2021/CVE-2021-38751/poc/nuclei/CVE-2021-38751.yaml,27383475bb840c4a937cb29912a8e433518af2df,CVE-2021-38751
432587463,cckuailong/reapoc,2017/CVE-2017-12794/vultarget/app.py,274bfd1a470cc792a4e35254ef0d9c522f3272de,CVE-2017-12794
432587463,cckuailong/reapoc,2014/CVE-2014-6308/poc/nuclei/CVE-2014-6308.yaml,27595b3ea2832d05df72ec71cfa1b499783bd038,CVE-2014-6308
432587463,cckuailong/reapoc,2021/CVE-2021-34371/vultarget/rhino_gadget/rhino.iml,277b11e6f1a55be26d17add17d29d8a5765b440e,CVE-2021-34371
432587463,cckuailong/reapoc,2018/CVE-2018-12613/poc/nuclei/CVE-2018-12613.yaml,277e7e63386fa52d433af0c036d9541bd7637045,CVE-2018-12613
432587463,cckuailong/reapoc,2019/CVE-2019-8451/poc/nuclei/CVE-2019-8451.yaml,278fbdd82a9ba8ef6e26f843144163e3d4868f98,CVE-2019-8451
432587463,cckuailong/reapoc,2021/CVE-2021-29625/poc/nuclei/CVE-2021-29625.yaml,27b26b79d58862e8f68d58bcde47e7c5dfa16cb3,CVE-2021-29625
432587463,cckuailong/reapoc,2010/CVE-2010-2507/poc/nuclei/CVE-2010-2507.yaml,27d2702f0165212feba8b2f656f1a444241558c8,CVE-2010-2507
432587463,cckuailong/reapoc,2018/CVE-2018-6008/poc/others/README.md,27dbdcb4c643c722be4c371413fcbd5050fbf51c,CVE-2018-6008
432587463,cckuailong/reapoc,2021/CVE-2021-31856/poc/others/README.md,27f9a263e9f993b650d54bb387378179f3d52291,CVE-2021-31856
432587463,cckuailong/reapoc,2010/CVE-2010-1056/poc/nuclei/CVE-2010-1056.yaml,280d823929c3bb2f0f124c3ae89f436ef2c45b25,CVE-2010-1056
432587463,cckuailong/reapoc,2018/CVE-2018-11776/poc/nuclei/CVE-2018-11776.yaml,280ed917837eda83547649d6ca2cb53b7cdece72,CVE-2018-11776
432587463,cckuailong/reapoc,2012/CVE-2012-2371/poc/others/README.md,2826e1e723696660bb42767ccd52d7dbc60bb76e,CVE-2012-2371
432587463,cckuailong/reapoc,2019/CVE-2019-10068/poc/others/README.md,283212e255fb89b610574e07f75b7c83db2ddc87,CVE-2019-10068
432587463,cckuailong/reapoc,2018/CVE-2018-7251/poc/others/README.md,285b37ccef50f7725c2803545dcd0e5995a57bae,CVE-2018-7251
432587463,cckuailong/reapoc,2018/CVE-2018-12031/poc/others/README.md,28881c96029c9883e69589b36eda2bcfacff56ce,CVE-2018-12031
432587463,cckuailong/reapoc,2018/CVE-2018-10735/poc/xray/CVE-2018-10735.yml,289a0dff37b62da18cf006d9b3b0c0d620305a75,CVE-2018-10735
432587463,cckuailong/reapoc,2018/CVE-2018-10735/poc/xray/CVE-2018-10735.yml,289a0dff37b62da18cf006d9b3b0c0d620305a75,CVE-2018-10736
432587463,cckuailong/reapoc,2020/CVE-2020-10204/vultarget/README.md,28aaead38edbb1896f05535f8425882d339b3e71,CVE-2020-10204
432587463,cckuailong/reapoc,2020/CVE-2020-10204/vultarget/README.md,28aaead38edbb1896f05535f8425882d339b3e71,CVE-2020-10199
432587463,cckuailong/reapoc,2020/CVE-2020-10204/vultarget/README.md,28aaead38edbb1896f05535f8425882d339b3e71,CVE-2018-16621
432587463,cckuailong/reapoc,2010/README.md,28ac02453450e7fef812d431bbeab9dae801f861,CVE-2010-1870
432587463,cckuailong/reapoc,2010/README.md,28ac02453450e7fef812d431bbeab9dae801f861,CVE-2010-2034
432587463,cckuailong/reapoc,2010/README.md,28ac02453450e7fef812d431bbeab9dae801f861,CVE-2010-2036
432587463,cckuailong/reapoc,2010/README.md,28ac02453450e7fef812d431bbeab9dae801f861,CVE-2010-1954
432587463,cckuailong/reapoc,2010/README.md,28ac02453450e7fef812d431bbeab9dae801f861,CVE-2010-4977
432587463,cckuailong/reapoc,2010/README.md,28ac02453450e7fef812d431bbeab9dae801f861,CVE-2010-1717
432587463,cckuailong/reapoc,2010/README.md,28ac02453450e7fef812d431bbeab9dae801f861,CVE-2010-2920
432587463,cckuailong/reapoc,2010/README.md,28ac02453450e7fef812d431bbeab9dae801f861,CVE-2010-1980
432587463,cckuailong/reapoc,2010/README.md,28ac02453450e7fef812d431bbeab9dae801f861,CVE-2010-1983
432587463,cckuailong/reapoc,2010/README.md,28ac02453450e7fef812d431bbeab9dae801f861,CVE-2010-1715
432587463,cckuailong/reapoc,2010/README.md,28ac02453450e7fef812d431bbeab9dae801f861,CVE-2010-0157
432587463,cckuailong/reapoc,2010/README.md,28ac02453450e7fef812d431bbeab9dae801f861,CVE-2010-1878
432587463,cckuailong/reapoc,2010/README.md,28ac02453450e7fef812d431bbeab9dae801f861,CVE-2010-4769
432587463,cckuailong/reapoc,2010/README.md,28ac02453450e7fef812d431bbeab9dae801f861,CVE-2010-1981
432587463,cckuailong/reapoc,2010/README.md,28ac02453450e7fef812d431bbeab9dae801f861,CVE-2010-1953
432587463,cckuailong/reapoc,2010/README.md,28ac02453450e7fef812d431bbeab9dae801f861,CVE-2010-1714
432587463,cckuailong/reapoc,2010/README.md,28ac02453450e7fef812d431bbeab9dae801f861,CVE-2010-1952
432587463,cckuailong/reapoc,2010/README.md,28ac02453450e7fef812d431bbeab9dae801f861,CVE-2010-0467
432587463,cckuailong/reapoc,2010/README.md,28ac02453450e7fef812d431bbeab9dae801f861,CVE-2010-2918
432587463,cckuailong/reapoc,2010/README.md,28ac02453450e7fef812d431bbeab9dae801f861,CVE-2010-1979
432587463,cckuailong/reapoc,2010/README.md,28ac02453450e7fef812d431bbeab9dae801f861,CVE-2010-1956
432587463,cckuailong/reapoc,2010/README.md,28ac02453450e7fef812d431bbeab9dae801f861,CVE-2010-1718
432587463,cckuailong/reapoc,2010/README.md,28ac02453450e7fef812d431bbeab9dae801f861,CVE-2010-3203
432587463,cckuailong/reapoc,2010/README.md,28ac02453450e7fef812d431bbeab9dae801f861,CVE-2010-5278
432587463,cckuailong/reapoc,2010/README.md,28ac02453450e7fef812d431bbeab9dae801f861,CVE-2010-1957
432587463,cckuailong/reapoc,2010/README.md,28ac02453450e7fef812d431bbeab9dae801f861,CVE-2010-5028
432587463,cckuailong/reapoc,2010/README.md,28ac02453450e7fef812d431bbeab9dae801f861,CVE-2010-4282
432587463,cckuailong/reapoc,2010/README.md,28ac02453450e7fef812d431bbeab9dae801f861,CVE-2010-1858
432587463,cckuailong/reapoc,2010/README.md,28ac02453450e7fef812d431bbeab9dae801f861,CVE-2010-1955
432587463,cckuailong/reapoc,2010/README.md,28ac02453450e7fef812d431bbeab9dae801f861,CVE-2010-1871
432587463,cckuailong/reapoc,2010/README.md,28ac02453450e7fef812d431bbeab9dae801f861,CVE-2010-4231
432587463,cckuailong/reapoc,2010/README.md,28ac02453450e7fef812d431bbeab9dae801f861,CVE-2010-1723
432587463,cckuailong/reapoc,2010/README.md,28ac02453450e7fef812d431bbeab9dae801f861,CVE-2010-4617
432587463,cckuailong/reapoc,2010/README.md,28ac02453450e7fef812d431bbeab9dae801f861,CVE-2010-1977
432587463,cckuailong/reapoc,2010/README.md,28ac02453450e7fef812d431bbeab9dae801f861,CVE-2010-2035
432587463,cckuailong/reapoc,2010/README.md,28ac02453450e7fef812d431bbeab9dae801f861,CVE-2010-1722
432587463,cckuailong/reapoc,2010/README.md,28ac02453450e7fef812d431bbeab9dae801f861,CVE-2010-1873
432587463,cckuailong/reapoc,2010/README.md,28ac02453450e7fef812d431bbeab9dae801f861,CVE-2010-3426
432587463,cckuailong/reapoc,2010/README.md,28ac02453450e7fef812d431bbeab9dae801f861,CVE-2010-2033
432587463,cckuailong/reapoc,2010/README.md,28ac02453450e7fef812d431bbeab9dae801f861,CVE-2010-1719
432587463,cckuailong/reapoc,2010/README.md,28ac02453450e7fef812d431bbeab9dae801f861,CVE-2010-5286
432587463,cckuailong/reapoc,2010/README.md,28ac02453450e7fef812d431bbeab9dae801f861,CVE-2010-4719
432587463,cckuailong/reapoc,2010/README.md,28ac02453450e7fef812d431bbeab9dae801f861,CVE-2010-1875
432587463,cckuailong/reapoc,2010/README.md,28ac02453450e7fef812d431bbeab9dae801f861,CVE-2010-1659
432587463,cckuailong/reapoc,2010/README.md,28ac02453450e7fef812d431bbeab9dae801f861,CVE-2010-0759
432587463,cckuailong/reapoc,2010/README.md,28ac02453450e7fef812d431bbeab9dae801f861,CVE-2010-1469
432587463,cckuailong/reapoc,2010/README.md,28ac02453450e7fef812d431bbeab9dae801f861,CVE-2010-1312
432587463,cckuailong/reapoc,2010/README.md,28ac02453450e7fef812d431bbeab9dae801f861,CVE-2010-1308
432587463,cckuailong/reapoc,2010/README.md,28ac02453450e7fef812d431bbeab9dae801f861,CVE-2010-1491
432587463,cckuailong/reapoc,2010/README.md,28ac02453450e7fef812d431bbeab9dae801f861,CVE-2010-1307
432587463,cckuailong/reapoc,2010/README.md,28ac02453450e7fef812d431bbeab9dae801f861,CVE-2010-2122
432587463,cckuailong/reapoc,2010/README.md,28ac02453450e7fef812d431bbeab9dae801f861,CVE-2010-1494
432587463,cckuailong/reapoc,2010/README.md,28ac02453450e7fef812d431bbeab9dae801f861,CVE-2010-2682
432587463,cckuailong/reapoc,2010/README.md,28ac02453450e7fef812d431bbeab9dae801f861,CVE-2010-1495
432587463,cckuailong/reapoc,2010/README.md,28ac02453450e7fef812d431bbeab9dae801f861,CVE-2010-1306
432587463,cckuailong/reapoc,2010/README.md,28ac02453450e7fef812d431bbeab9dae801f861,CVE-2010-1531
432587463,cckuailong/reapoc,2010/README.md,28ac02453450e7fef812d431bbeab9dae801f861,CVE-2010-1305
432587463,cckuailong/reapoc,2010/README.md,28ac02453450e7fef812d431bbeab9dae801f861,CVE-2010-1532
432587463,cckuailong/reapoc,2010/README.md,28ac02453450e7fef812d431bbeab9dae801f861,CVE-2010-0696
432587463,cckuailong/reapoc,2010/README.md,28ac02453450e7fef812d431bbeab9dae801f861,CVE-2010-1304
432587463,cckuailong/reapoc,2010/README.md,28ac02453450e7fef812d431bbeab9dae801f861,CVE-2010-1533
432587463,cckuailong/reapoc,2010/README.md,28ac02453450e7fef812d431bbeab9dae801f861,CVE-2010-1302
432587463,cckuailong/reapoc,2010/README.md,28ac02453450e7fef812d431bbeab9dae801f861,CVE-2010-1534
432587463,cckuailong/reapoc,2010/README.md,28ac02453450e7fef812d431bbeab9dae801f861,CVE-2010-1478
432587463,cckuailong/reapoc,2010/README.md,28ac02453450e7fef812d431bbeab9dae801f861,CVE-2010-1476
432587463,cckuailong/reapoc,2010/README.md,28ac02453450e7fef812d431bbeab9dae801f861,CVE-2010-2128
432587463,cckuailong/reapoc,2010/README.md,28ac02453450e7fef812d431bbeab9dae801f861,CVE-2010-1313
432587463,cckuailong/reapoc,2010/README.md,28ac02453450e7fef812d431bbeab9dae801f861,CVE-2010-1470
432587463,cckuailong/reapoc,2010/README.md,28ac02453450e7fef812d431bbeab9dae801f861,CVE-2010-1461
432587463,cckuailong/reapoc,2010/README.md,28ac02453450e7fef812d431bbeab9dae801f861,CVE-2010-2259
432587463,cckuailong/reapoc,2010/README.md,28ac02453450e7fef812d431bbeab9dae801f861,CVE-2010-2307
432587463,cckuailong/reapoc,2010/README.md,28ac02453450e7fef812d431bbeab9dae801f861,CVE-2010-1354
432587463,cckuailong/reapoc,2010/README.md,28ac02453450e7fef812d431bbeab9dae801f861,CVE-2010-1471
432587463,cckuailong/reapoc,2010/README.md,28ac02453450e7fef812d431bbeab9dae801f861,CVE-2010-1353
432587463,cckuailong/reapoc,2010/README.md,28ac02453450e7fef812d431bbeab9dae801f861,CVE-2010-1472
432587463,cckuailong/reapoc,2010/README.md,28ac02453450e7fef812d431bbeab9dae801f861,CVE-2010-1219
432587463,cckuailong/reapoc,2010/README.md,28ac02453450e7fef812d431bbeab9dae801f861,CVE-2010-2507
432587463,cckuailong/reapoc,2010/README.md,28ac02453450e7fef812d431bbeab9dae801f861,CVE-2010-1345
432587463,cckuailong/reapoc,2010/README.md,28ac02453450e7fef812d431bbeab9dae801f861,CVE-2010-1473
432587463,cckuailong/reapoc,2010/README.md,28ac02453450e7fef812d431bbeab9dae801f861,CVE-2010-1340
432587463,cckuailong/reapoc,2010/README.md,28ac02453450e7fef812d431bbeab9dae801f861,CVE-2010-1474
432587463,cckuailong/reapoc,2010/README.md,28ac02453450e7fef812d431bbeab9dae801f861,CVE-2010-1315
432587463,cckuailong/reapoc,2010/README.md,28ac02453450e7fef812d431bbeab9dae801f861,CVE-2010-2680
432587463,cckuailong/reapoc,2010/README.md,28ac02453450e7fef812d431bbeab9dae801f861,CVE-2010-1475
432587463,cckuailong/reapoc,2010/README.md,28ac02453450e7fef812d431bbeab9dae801f861,CVE-2010-1314
432587463,cckuailong/reapoc,2010/README.md,28ac02453450e7fef812d431bbeab9dae801f861,CVE-2010-1352
432587463,cckuailong/reapoc,2010/README.md,28ac02453450e7fef812d431bbeab9dae801f861,CVE-2010-1535
432587463,cckuailong/reapoc,2010/README.md,28ac02453450e7fef812d431bbeab9dae801f861,CVE-2010-2050
432587463,cckuailong/reapoc,2010/README.md,28ac02453450e7fef812d431bbeab9dae801f861,CVE-2010-1982
432587463,cckuailong/reapoc,2010/README.md,28ac02453450e7fef812d431bbeab9dae801f861,CVE-2010-1081
432587463,cckuailong/reapoc,2010/README.md,28ac02453450e7fef812d431bbeab9dae801f861,CVE-2010-0985
432587463,cckuailong/reapoc,2010/README.md,28ac02453450e7fef812d431bbeab9dae801f861,CVE-2010-1603
432587463,cckuailong/reapoc,2010/README.md,28ac02453450e7fef812d431bbeab9dae801f861,CVE-2010-1601
432587463,cckuailong/reapoc,2010/README.md,28ac02453450e7fef812d431bbeab9dae801f861,CVE-2010-2857
432587463,cckuailong/reapoc,2010/README.md,28ac02453450e7fef812d431bbeab9dae801f861,CVE-2010-1217
432587463,cckuailong/reapoc,2010/README.md,28ac02453450e7fef812d431bbeab9dae801f861,CVE-2010-0982
432587463,cckuailong/reapoc,2010/README.md,28ac02453450e7fef812d431bbeab9dae801f861,CVE-2010-1607
432587463,cckuailong/reapoc,2010/README.md,28ac02453450e7fef812d431bbeab9dae801f861,CVE-2010-1056
432587463,cckuailong/reapoc,2010/README.md,28ac02453450e7fef812d431bbeab9dae801f861,CVE-2010-2045
432587463,cckuailong/reapoc,2010/README.md,28ac02453450e7fef812d431bbeab9dae801f861,CVE-2010-2037
432587463,cckuailong/reapoc,2010/README.md,28ac02453450e7fef812d431bbeab9dae801f861,CVE-2010-0972
432587463,cckuailong/reapoc,2010/README.md,28ac02453450e7fef812d431bbeab9dae801f861,CVE-2010-2861
432587463,cckuailong/reapoc,2010/README.md,28ac02453450e7fef812d431bbeab9dae801f861,CVE-2010-0944
432587463,cckuailong/reapoc,2010/README.md,28ac02453450e7fef812d431bbeab9dae801f861,CVE-2010-1657
432587463,cckuailong/reapoc,2010/README.md,28ac02453450e7fef812d431bbeab9dae801f861,CVE-2010-0943
432587463,cckuailong/reapoc,2010/README.md,28ac02453450e7fef812d431bbeab9dae801f861,CVE-2010-1658
432587463,cckuailong/reapoc,2010/README.md,28ac02453450e7fef812d431bbeab9dae801f861,CVE-2010-1540
432587463,cckuailong/reapoc,2010/README.md,28ac02453450e7fef812d431bbeab9dae801f861,CVE-2010-0942
432587463,cckuailong/reapoc,2010/README.md,28ac02453450e7fef812d431bbeab9dae801f861,CVE-2010-1653
432587463,cckuailong/reapoc,2010/README.md,28ac02453450e7fef812d431bbeab9dae801f861,CVE-2010-1602
432587463,cckuailong/reapoc,2020/CVE-2020-8771/poc/nuclei/CVE-2020-8771.yaml,28bac6de6d2088bbb957ab899a29963d50b290be,CVE-2020-8771
432587463,cckuailong/reapoc,2021/CVE-2021-23241/poc/nuclei/CVE-2021-23241.yaml,28e719c2a339f0f4ad65f9cce3e13c73aac4b5b9,CVE-2021-23241
432587463,cckuailong/reapoc,2021/CVE-2021-35464/poc/others/README.md,28f9609db310e6b1574e11528f9bf29a88ab6bc7,CVE-2021-35464
432587463,cckuailong/reapoc,2019/CVE-2019-3929/poc/others/README.md,2914df4d1589fb738cbf9ffa1396089e292b8fd1,CVE-2019-3929
432587463,cckuailong/reapoc,2019/CVE-2019-8451/poc/xray/CVE-2019-8451.yml,294b03e22366cebf9154b4a726aca241d99f24b1,CVE-2019-8451
432587463,cckuailong/reapoc,2021/CVE-2021-39316/poc/others/README.md,2959c8a78c9b5e5563a7f14bde3e1d27543a7bc8,CVE-2021-39316
432587463,cckuailong/reapoc,2017/CVE-2017-12794/vultarget/docker-compose.yml,2992fd44e736ac7c109d618a07f3a99f8cba793e,CVE-2017-12794
432587463,cckuailong/reapoc,2021/CVE-2021-3223/vultarget/README.md,29a404e39fbe02cd89869fc26e22212f93cc129a,CVE-2021-3223
432587463,cckuailong/reapoc,2010/CVE-2010-1723/poc/others/README.md,29da70858cd689e5501219600cf0e56acaac3d2c,CVE-2010-1723
432587463,cckuailong/reapoc,2018/CVE-2018-10095/poc/nuclei/CVE-2018-10095.yaml,29dab75f6cf9c41ade54bcd80cc807c5274d9c8f,CVE-2018-10095
432587463,cckuailong/reapoc,2018/CVE-2018-17246/vultarget/docker-compose.yml,29ddbc558c92ae45a94b3039b1dfdfffa4bdd20a,CVE-2018-17246
432587463,cckuailong/reapoc,2015/CVE-2015-4694/poc/nuclei/CVE-2015-4694.yaml,2a181d50da0b4b498c75f2917c1123924d0420b2,CVE-2015-4694
432587463,cckuailong/reapoc,2020/CVE-2020-5405/poc/xray/CVE-2020-5405.yml,2a26bf53b0a3e1d7f7413dae4f4e18bfa78ca28d,CVE-2020-5405
432587463,cckuailong/reapoc,2021/CVE-2021-34371/vultarget/README.zh-cn.md,2a2b68f77f5bfed4f62e1eb328cf58a7b11cacfa,CVE-2021-34371
432587463,cckuailong/reapoc,2021/CVE-2021-43778/poc/others/README.md,2a35ebb588b304fcfb949003b4afecf9d1861e1e,CVE-2021-43778
432587463,cckuailong/reapoc,2009/CVE-2009-0545/poc/nuclei/CVE-2009-0545.yaml,2a4924151aef0644c6e272fd25a006835a602375,CVE-2009-0545
432587463,cckuailong/reapoc,2017/CVE-2017-4011/poc/goby/wait_to_be_added,2a7959f17f871e2a6732abc3c4075fbee2cb999d,CVE-2017-4011
432587463,cckuailong/reapoc,2017/CVE-2017-5638/poc/goby/wait_to_be_added,2a7959f17f871e2a6732abc3c4075fbee2cb999d,CVE-2017-5638
432587463,cckuailong/reapoc,2017/CVE-2017-7269/poc/xray/wait_to_be_added,2a7959f17f871e2a6732abc3c4075fbee2cb999d,CVE-2017-7269
432587463,cckuailong/reapoc,2021/CVE-2021-40875/poc/goby/wait_to_be_added,2a7959f17f871e2a6732abc3c4075fbee2cb999d,CVE-2021-40875
432587463,cckuailong/reapoc,2017/CVE-2017-16894/poc/xray/wait_to_be_added,2a7959f17f871e2a6732abc3c4075fbee2cb999d,CVE-2017-16894
432587463,cckuailong/reapoc,2017/CVE-2017-3506/poc/oneliner/wait_to_be_added,2a7959f17f871e2a6732abc3c4075fbee2cb999d,CVE-2017-3506
432587463,cckuailong/reapoc,2017/CVE-2017-18638/poc/pocsuite2/wait_to_be_added,2a7959f17f871e2a6732abc3c4075fbee2cb999d,CVE-2017-18638
432587463,cckuailong/reapoc,2017/CVE-2017-17562/poc/xray/wait_to_be_added,2a7959f17f871e2a6732abc3c4075fbee2cb999d,CVE-2017-17562
432587463,cckuailong/reapoc,2017/CVE-2017-9791/poc/goby/wait_to_be_added,2a7959f17f871e2a6732abc3c4075fbee2cb999d,CVE-2017-9791
432587463,cckuailong/reapoc,2020/CVE-2020-7247/poc/pocsuite3/wait_to_be_added,2a7959f17f871e2a6732abc3c4075fbee2cb999d,CVE-2020-7247
432587463,cckuailong/reapoc,2017/CVE-2017-17059/poc/pocsuite3/wait_to_be_added,2a7959f17f871e2a6732abc3c4075fbee2cb999d,CVE-2017-17059
432587463,cckuailong/reapoc,2021/CVE-2021-40960/poc/pocsuite3/wait_to_be_added,2a7959f17f871e2a6732abc3c4075fbee2cb999d,CVE-2021-40960
432587463,cckuailong/reapoc,2017/CVE-2017-7391/poc/pocsuite2/wait_to_be_added,2a7959f17f871e2a6732abc3c4075fbee2cb999d,CVE-2017-7391
432587463,cckuailong/reapoc,2017/CVE-2017-5521/poc/pocsuite2/wait_to_be_added,2a7959f17f871e2a6732abc3c4075fbee2cb999d,CVE-2017-5521
432587463,cckuailong/reapoc,2020/CVE-2020-6287/poc/xray/wait_to_be_added,2a7959f17f871e2a6732abc3c4075fbee2cb999d,CVE-2020-6287
432587463,cckuailong/reapoc,2017/CVE-2017-9506/poc/pocsuite2/wait_to_be_added,2a7959f17f871e2a6732abc3c4075fbee2cb999d,CVE-2017-9506
432587463,cckuailong/reapoc,2017/CVE-2017-18024/poc/others/wait_to_be_added,2a7959f17f871e2a6732abc3c4075fbee2cb999d,CVE-2017-18024
432587463,cckuailong/reapoc,2017/CVE-2017-16877/poc/others/wait_to_be_added,2a7959f17f871e2a6732abc3c4075fbee2cb999d,CVE-2017-16877
432587463,cckuailong/reapoc,2020/CVE-2020-6637/poc/pocsuite2/wait_to_be_added,2a7959f17f871e2a6732abc3c4075fbee2cb999d,CVE-2020-6637
432587463,cckuailong/reapoc,2017/CVE-2017-6090/poc/oneliner/wait_to_be_added,2a7959f17f871e2a6732abc3c4075fbee2cb999d,CVE-2017-6090
432587463,cckuailong/reapoc,2020/CVE-2020-7209/poc/xray/wait_to_be_added,2a7959f17f871e2a6732abc3c4075fbee2cb999d,CVE-2020-7209
432587463,cckuailong/reapoc,2020/CVE-2020-6308/poc/xray/wait_to_be_added,2a7959f17f871e2a6732abc3c4075fbee2cb999d,CVE-2020-6308
432587463,cckuailong/reapoc,2017/CVE-2017-17451/poc/others/wait_to_be_added,2a7959f17f871e2a6732abc3c4075fbee2cb999d,CVE-2017-17451
432587463,cckuailong/reapoc,2017/CVE-2017-7615/poc/xray/wait_to_be_added,2a7959f17f871e2a6732abc3c4075fbee2cb999d,CVE-2017-7615
432587463,cckuailong/reapoc,2017/CVE-2017-7921/poc/pocsuite3/wait_to_be_added,2a7959f17f871e2a6732abc3c4075fbee2cb999d,CVE-2017-7921
432587463,cckuailong/reapoc,2020/CVE-2020-7318/poc/pocsuite2/wait_to_be_added,2a7959f17f871e2a6732abc3c4075fbee2cb999d,CVE-2020-7318
432587463,cckuailong/reapoc,2017/CVE-2017-16806/poc/pocsuite2/wait_to_be_added,2a7959f17f871e2a6732abc3c4075fbee2cb999d,CVE-2017-16806
432587463,cckuailong/reapoc,2017/CVE-2017-3528/poc/pocsuite2/wait_to_be_added,2a7959f17f871e2a6732abc3c4075fbee2cb999d,CVE-2017-3528
432587463,cckuailong/reapoc,2017/CVE-2017-5982/poc/oneliner/wait_to_be_added,2a7959f17f871e2a6732abc3c4075fbee2cb999d,CVE-2017-5982
432587463,cckuailong/reapoc,2017/CVE-2017-8917/poc/goby/wait_to_be_added,2a7959f17f871e2a6732abc3c4075fbee2cb999d,CVE-2017-8917
432587463,cckuailong/reapoc,2017/CVE-2017-3881/poc/pocsuite3/wait_to_be_added,2a7959f17f871e2a6732abc3c4075fbee2cb999d,CVE-2017-3881
432587463,cckuailong/reapoc,2020/CVE-2020-7796/poc/others/wait_to_be_added,2a7959f17f871e2a6732abc3c4075fbee2cb999d,CVE-2020-7796
432587463,cckuailong/reapoc,2017/CVE-2017-17043/poc/goby/wait_to_be_added,2a7959f17f871e2a6732abc3c4075fbee2cb999d,CVE-2017-17043
432587463,cckuailong/reapoc,2017/CVE-2017-9140/poc/goby/wait_to_be_added,2a7959f17f871e2a6732abc3c4075fbee2cb999d,CVE-2017-9140
432587463,cckuailong/reapoc,2020/CVE-2020-7980/poc/oneliner/wait_to_be_added,2a7959f17f871e2a6732abc3c4075fbee2cb999d,CVE-2020-7980
432587463,cckuailong/reapoc,2017/CVE-2017-5487/poc/pocsuite2/wait_to_be_added,2a7959f17f871e2a6732abc3c4075fbee2cb999d,CVE-2017-5487
432587463,cckuailong/reapoc,2020/CVE-2020-7961/poc/goby/wait_to_be_added,2a7959f17f871e2a6732abc3c4075fbee2cb999d,CVE-2020-7961
432587463,cckuailong/reapoc,2017/CVE-2017-9288/poc/goby/wait_to_be_added,2a7959f17f871e2a6732abc3c4075fbee2cb999d,CVE-2017-9288
432587463,cckuailong/reapoc,2017/CVE-2017-18536/poc/others/wait_to_be_added,2a7959f17f871e2a6732abc3c4075fbee2cb999d,CVE-2017-18536
432587463,cckuailong/reapoc,2020/CVE-2020-9036/poc/oneliner/wait_to_be_added,2a7959f17f871e2a6732abc3c4075fbee2cb999d,CVE-2020-9036
432587463,cckuailong/reapoc,2020/CVE-2020-8115/poc/pocsuite3/wait_to_be_added,2a7959f17f871e2a6732abc3c4075fbee2cb999d,CVE-2020-8115
432587463,cckuailong/reapoc,2016/CVE-2016-1000131/poc/oneliner/wait_to_be_added,2a7959f17f871e2a6732abc3c4075fbee2cb999d,CVE-2016-1000131
432587463,cckuailong/reapoc,2021/CVE-2021-2109/poc/nuclei/wait_to_be_added,2a7959f17f871e2a6732abc3c4075fbee2cb999d,CVE-2021-2109
432587463,cckuailong/reapoc,2016/CVE-2016-1000130/poc/goby/wait_to_be_added,2a7959f17f871e2a6732abc3c4075fbee2cb999d,CVE-2016-1000130
432587463,cckuailong/reapoc,2016/CVE-2016-1000129/poc/xray/wait_to_be_added,2a7959f17f871e2a6732abc3c4075fbee2cb999d,CVE-2016-1000129
432587463,cckuailong/reapoc,2021/CVE-2021-21234/poc/goby/wait_to_be_added,2a7959f17f871e2a6732abc3c4075fbee2cb999d,CVE-2021-21234
432587463,cckuailong/reapoc,2016/CVE-2016-1000128/poc/oneliner/wait_to_be_added,2a7959f17f871e2a6732abc3c4075fbee2cb999d,CVE-2016-1000128
432587463,cckuailong/reapoc,2016/CVE-2016-1000127/poc/others/wait_to_be_added,2a7959f17f871e2a6732abc3c4075fbee2cb999d,CVE-2016-1000127
432587463,cckuailong/reapoc,2016/CVE-2016-1000132/poc/goby/wait_to_be_added,2a7959f17f871e2a6732abc3c4075fbee2cb999d,CVE-2016-1000132
432587463,cckuailong/reapoc,2016/CVE-2016-1000126/poc/others/wait_to_be_added,2a7959f17f871e2a6732abc3c4075fbee2cb999d,CVE-2016-1000126
432587463,cckuailong/reapoc,2021/CVE-2021-21287/poc/others/wait_to_be_added,2a7959f17f871e2a6732abc3c4075fbee2cb999d,CVE-2021-21287
432587463,cckuailong/reapoc,2015/CVE-2015-9480/poc/pocsuite2/wait_to_be_added,2a7959f17f871e2a6732abc3c4075fbee2cb999d,CVE-2015-9480
432587463,cckuailong/reapoc,2015/CVE-2015-9414/poc/goby/wait_to_be_added,2a7959f17f871e2a6732abc3c4075fbee2cb999d,CVE-2015-9414
432587463,cckuailong/reapoc,2021/CVE-2021-21307/poc/oneliner/wait_to_be_added,2a7959f17f871e2a6732abc3c4075fbee2cb999d,CVE-2021-21307
432587463,cckuailong/reapoc,2015/CVE-2015-8813/poc/pocsuite2/wait_to_be_added,2a7959f17f871e2a6732abc3c4075fbee2cb999d,CVE-2015-8813
432587463,cckuailong/reapoc,2021/CVE-2021-33904/poc/oneliner/wait_to_be_added,2a7959f17f871e2a6732abc3c4075fbee2cb999d,CVE-2021-33904
432587463,cckuailong/reapoc,2021/CVE-2021-21315/poc/oneliner/wait_to_be_added,2a7959f17f871e2a6732abc3c4075fbee2cb999d,CVE-2021-21315
432587463,cckuailong/reapoc,2016/CVE-2016-0957/poc/pocsuite2/wait_to_be_added,2a7959f17f871e2a6732abc3c4075fbee2cb999d,CVE-2016-0957
432587463,cckuailong/reapoc,2021/CVE-2021-20837/poc/xray/wait_to_be_added,2a7959f17f871e2a6732abc3c4075fbee2cb999d,CVE-2021-20837
432587463,cckuailong/reapoc,2016/CVE-2016-1000133/poc/others/wait_to_be_added,2a7959f17f871e2a6732abc3c4075fbee2cb999d,CVE-2016-1000133
432587463,cckuailong/reapoc,2021/CVE-2021-41291/poc/goby/wait_to_be_added,2a7959f17f871e2a6732abc3c4075fbee2cb999d,CVE-2021-41291
432587463,cckuailong/reapoc,2016/CVE-2016-1000148/poc/others/wait_to_be_added,2a7959f17f871e2a6732abc3c4075fbee2cb999d,CVE-2016-1000148
432587463,cckuailong/reapoc,2021/CVE-2021-20031/poc/oneliner/wait_to_be_added,2a7959f17f871e2a6732abc3c4075fbee2cb999d,CVE-2021-20031
432587463,cckuailong/reapoc,2016/CVE-2016-1000146/poc/pocsuite3/wait_to_be_added,2a7959f17f871e2a6732abc3c4075fbee2cb999d,CVE-2016-1000146
432587463,cckuailong/reapoc,2021/CVE-2021-20090/poc/others/wait_to_be_added,2a7959f17f871e2a6732abc3c4075fbee2cb999d,CVE-2021-20090
432587463,cckuailong/reapoc,2016/CVE-2016-1000143/poc/pocsuite3/wait_to_be_added,2a7959f17f871e2a6732abc3c4075fbee2cb999d,CVE-2016-1000143
432587463,cckuailong/reapoc,2016/CVE-2016-1000142/poc/oneliner/wait_to_be_added,2a7959f17f871e2a6732abc3c4075fbee2cb999d,CVE-2016-1000142
432587463,cckuailong/reapoc,2016/CVE-2016-1000141/poc/oneliner/wait_to_be_added,2a7959f17f871e2a6732abc3c4075fbee2cb999d,CVE-2016-1000141
432587463,cckuailong/reapoc,2016/CVE-2016-1000140/poc/others/wait_to_be_added,2a7959f17f871e2a6732abc3c4075fbee2cb999d,CVE-2016-1000140
432587463,cckuailong/reapoc,2021/CVE-2021-20091/poc/others/wait_to_be_added,2a7959f17f871e2a6732abc3c4075fbee2cb999d,CVE-2021-20091
432587463,cckuailong/reapoc,2016/CVE-2016-1000139/poc/goby/wait_to_be_added,2a7959f17f871e2a6732abc3c4075fbee2cb999d,CVE-2016-1000139
432587463,cckuailong/reapoc,2016/CVE-2016-1000138/poc/pocsuite3/wait_to_be_added,2a7959f17f871e2a6732abc3c4075fbee2cb999d,CVE-2016-1000138
432587463,cckuailong/reapoc,2021/CVE-2021-20092/poc/others/wait_to_be_added,2a7959f17f871e2a6732abc3c4075fbee2cb999d,CVE-2021-20092
432587463,cckuailong/reapoc,2016/CVE-2016-1000137/poc/xray/wait_to_be_added,2a7959f17f871e2a6732abc3c4075fbee2cb999d,CVE-2016-1000137
432587463,cckuailong/reapoc,2016/CVE-2016-1000136/poc/pocsuite2/wait_to_be_added,2a7959f17f871e2a6732abc3c4075fbee2cb999d,CVE-2016-1000136
432587463,cckuailong/reapoc,2021/CVE-2021-20114/poc/others/wait_to_be_added,2a7959f17f871e2a6732abc3c4075fbee2cb999d,CVE-2021-20114
432587463,cckuailong/reapoc,2016/CVE-2016-1000135/poc/goby/wait_to_be_added,2a7959f17f871e2a6732abc3c4075fbee2cb999d,CVE-2016-1000135
432587463,cckuailong/reapoc,2016/CVE-2016-1000134/poc/xray/wait_to_be_added,2a7959f17f871e2a6732abc3c4075fbee2cb999d,CVE-2016-1000134
432587463,cckuailong/reapoc,2015/CVE-2015-8399/poc/goby/wait_to_be_added,2a7959f17f871e2a6732abc3c4075fbee2cb999d,CVE-2015-8399
432587463,cckuailong/reapoc,2016/CVE-2016-1000149/poc/others/wait_to_be_added,2a7959f17f871e2a6732abc3c4075fbee2cb999d,CVE-2016-1000149
432587463,cckuailong/reapoc,2015/CVE-2015-8349/poc/pocsuite3/wait_to_be_added,2a7959f17f871e2a6732abc3c4075fbee2cb999d,CVE-2015-8349
432587463,cckuailong/reapoc,2015/CVE-2015-7823/poc/pocsuite2/wait_to_be_added,2a7959f17f871e2a6732abc3c4075fbee2cb999d,CVE-2015-7823
432587463,cckuailong/reapoc,2021/CVE-2021-21972/poc/oneliner/wait_to_be_added,2a7959f17f871e2a6732abc3c4075fbee2cb999d,CVE-2021-21972
432587463,cckuailong/reapoc,2021/CVE-2021-33807/poc/goby/wait_to_be_added,2a7959f17f871e2a6732abc3c4075fbee2cb999d,CVE-2021-33807
432587463,cckuailong/reapoc,2015/CVE-2015-4414/poc/goby/wait_to_be_added,2a7959f17f871e2a6732abc3c4075fbee2cb999d,CVE-2015-4414
432587463,cckuailong/reapoc,2015/CVE-2015-4050/poc/oneliner/wait_to_be_added,2a7959f17f871e2a6732abc3c4075fbee2cb999d,CVE-2015-4050
432587463,cckuailong/reapoc,2021/CVE-2021-21975/poc/oneliner/wait_to_be_added,2a7959f17f871e2a6732abc3c4075fbee2cb999d,CVE-2021-21975
432587463,cckuailong/reapoc,2015/CVE-2015-3648/poc/pocsuite2/wait_to_be_added,2a7959f17f871e2a6732abc3c4075fbee2cb999d,CVE-2015-3648
432587463,cckuailong/reapoc,2021/CVE-2021-41349/poc/others/wait_to_be_added,2a7959f17f871e2a6732abc3c4075fbee2cb999d,CVE-2021-41349
432587463,cckuailong/reapoc,2015/CVE-2015-4632/poc/pocsuite3/wait_to_be_added,2a7959f17f871e2a6732abc3c4075fbee2cb999d,CVE-2015-4632
432587463,cckuailong/reapoc,2015/CVE-2015-3337/poc/goby/wait_to_be_added,2a7959f17f871e2a6732abc3c4075fbee2cb999d,CVE-2015-3337
432587463,cckuailong/reapoc,2021/CVE-2021-21978/poc/pocsuite3/wait_to_be_added,2a7959f17f871e2a6732abc3c4075fbee2cb999d,CVE-2021-21978
432587463,cckuailong/reapoc,2015/CVE-2015-2807/poc/others/wait_to_be_added,2a7959f17f871e2a6732abc3c4075fbee2cb999d,CVE-2015-2807
432587463,cckuailong/reapoc,2021/CVE-2021-21985/poc/oneliner/wait_to_be_added,2a7959f17f871e2a6732abc3c4075fbee2cb999d,CVE-2021-21985
432587463,cckuailong/reapoc,2015/CVE-2015-2080/poc/goby/wait_to_be_added,2a7959f17f871e2a6732abc3c4075fbee2cb999d,CVE-2015-2080
432587463,cckuailong/reapoc,2015/CVE-2015-2068/poc/goby/wait_to_be_added,2a7959f17f871e2a6732abc3c4075fbee2cb999d,CVE-2015-2068
432587463,cckuailong/reapoc,2015/CVE-2015-2067/poc/pocsuite3/wait_to_be_added,2a7959f17f871e2a6732abc3c4075fbee2cb999d,CVE-2015-2067
432587463,cckuailong/reapoc,2021/CVE-2021-3378/poc/goby/wait_to_be_added,2a7959f17f871e2a6732abc3c4075fbee2cb999d,CVE-2021-3378
432587463,cckuailong/reapoc,2015/CVE-2015-3306/poc/pocsuite3/wait_to_be_added,2a7959f17f871e2a6732abc3c4075fbee2cb999d,CVE-2015-3306
432587463,cckuailong/reapoc,2015/CVE-2015-4694/poc/pocsuite2/wait_to_be_added,2a7959f17f871e2a6732abc3c4075fbee2cb999d,CVE-2015-4694
432587463,cckuailong/reapoc,2021/CVE-2021-21816/poc/pocsuite2/wait_to_be_added,2a7959f17f871e2a6732abc3c4075fbee2cb999d,CVE-2021-21816
432587463,cckuailong/reapoc,2015/CVE-2015-5461/poc/others/wait_to_be_added,2a7959f17f871e2a6732abc3c4075fbee2cb999d,CVE-2015-5461
432587463,cckuailong/reapoc,2021/CVE-2021-21389/poc/goby/wait_to_be_added,2a7959f17f871e2a6732abc3c4075fbee2cb999d,CVE-2021-21389
432587463,cckuailong/reapoc,2015/CVE-2015-7780/poc/xray/wait_to_be_added,2a7959f17f871e2a6732abc3c4075fbee2cb999d,CVE-2015-7780
432587463,cckuailong/reapoc,2015/CVE-2015-7450/poc/goby/wait_to_be_added,2a7959f17f871e2a6732abc3c4075fbee2cb999d,CVE-2015-7450
432587463,cckuailong/reapoc,2015/CVE-2015-7377/poc/pocsuite3/wait_to_be_added,2a7959f17f871e2a6732abc3c4075fbee2cb999d,CVE-2015-7377
432587463,cckuailong/reapoc,2021/CVE-2021-21402/poc/pocsuite2/wait_to_be_added,2a7959f17f871e2a6732abc3c4075fbee2cb999d,CVE-2021-21402
432587463,cckuailong/reapoc,2015/CVE-2015-7297/poc/oneliner/wait_to_be_added,2a7959f17f871e2a6732abc3c4075fbee2cb999d,CVE-2015-7297
432587463,cckuailong/reapoc,2015/CVE-2015-6920/poc/pocsuite3/wait_to_be_added,2a7959f17f871e2a6732abc3c4075fbee2cb999d,CVE-2015-6920
432587463,cckuailong/reapoc,2021/CVE-2021-21479/poc/pocsuite3/wait_to_be_added,2a7959f17f871e2a6732abc3c4075fbee2cb999d,CVE-2021-21479
432587463,cckuailong/reapoc,2015/CVE-2015-6544/poc/pocsuite3/wait_to_be_added,2a7959f17f871e2a6732abc3c4075fbee2cb999d,CVE-2015-6544
432587463,cckuailong/reapoc,2021/CVE-2021-41293/poc/others/wait_to_be_added,2a7959f17f871e2a6732abc3c4075fbee2cb999d,CVE-2021-41293
432587463,cckuailong/reapoc,2015/CVE-2015-6477/poc/xray/wait_to_be_added,2a7959f17f871e2a6732abc3c4075fbee2cb999d,CVE-2015-6477
432587463,cckuailong/reapoc,2021/CVE-2021-21801/poc/oneliner/wait_to_be_added,2a7959f17f871e2a6732abc3c4075fbee2cb999d,CVE-2021-21801
432587463,cckuailong/reapoc,2015/CVE-2015-5688/poc/goby/wait_to_be_added,2a7959f17f871e2a6732abc3c4075fbee2cb999d,CVE-2015-5688
432587463,cckuailong/reapoc,2021/CVE-2021-21802/poc/oneliner/wait_to_be_added,2a7959f17f871e2a6732abc3c4075fbee2cb999d,CVE-2021-21802
432587463,cckuailong/reapoc,2015/CVE-2015-5531/poc/pocsuite2/wait_to_be_added,2a7959f17f871e2a6732abc3c4075fbee2cb999d,CVE-2015-5531
432587463,cckuailong/reapoc,2021/CVE-2021-21803/poc/goby/wait_to_be_added,2a7959f17f871e2a6732abc3c4075fbee2cb999d,CVE-2021-21803
432587463,cckuailong/reapoc,2015/CVE-2015-5471/poc/goby/wait_to_be_added,2a7959f17f871e2a6732abc3c4075fbee2cb999d,CVE-2015-5471
432587463,cckuailong/reapoc,2021/CVE-2021-21350/poc/xray/wait_to_be_added,2a7959f17f871e2a6732abc3c4075fbee2cb999d,CVE-2021-21350
432587463,cckuailong/reapoc,2017/CVE-2017-15944/poc/goby/wait_to_be_added,2a7959f17f871e2a6732abc3c4075fbee2cb999d,CVE-2017-15944
432587463,cckuailong/reapoc,2021/CVE-2021-34045/poc/oneliner/wait_to_be_added,2a7959f17f871e2a6732abc3c4075fbee2cb999d,CVE-2021-34045
432587463,cckuailong/reapoc,2021/CVE-2021-1499/poc/oneliner/wait_to_be_added,2a7959f17f871e2a6732abc3c4075fbee2cb999d,CVE-2021-1499
432587463,cckuailong/reapoc,2017/CVE-2017-12615/poc/pocsuite3/wait_to_be_added,2a7959f17f871e2a6732abc3c4075fbee2cb999d,CVE-2017-12615
432587463,cckuailong/reapoc,2020/CVE-2020-8515/poc/oneliner/wait_to_be_added,2a7959f17f871e2a6732abc3c4075fbee2cb999d,CVE-2020-8515
432587463,cckuailong/reapoc,2017/CVE-2017-12611/poc/pocsuite2/wait_to_be_added,2a7959f17f871e2a6732abc3c4075fbee2cb999d,CVE-2017-12611
432587463,cckuailong/reapoc,2017/CVE-2017-12544/poc/oneliner/wait_to_be_added,2a7959f17f871e2a6732abc3c4075fbee2cb999d,CVE-2017-12544
432587463,cckuailong/reapoc,2017/CVE-2017-12542/poc/goby/wait_to_be_added,2a7959f17f871e2a6732abc3c4075fbee2cb999d,CVE-2017-12542
432587463,cckuailong/reapoc,2020/CVE-2020-8641/poc/goby/wait_to_be_added,2a7959f17f871e2a6732abc3c4075fbee2cb999d,CVE-2020-8641
432587463,cckuailong/reapoc,2017/CVE-2017-12149/poc/pocsuite3/wait_to_be_added,2a7959f17f871e2a6732abc3c4075fbee2cb999d,CVE-2017-12149
432587463,cckuailong/reapoc,2020/CVE-2020-8512/poc/goby/wait_to_be_added,2a7959f17f871e2a6732abc3c4075fbee2cb999d,CVE-2020-8512
432587463,cckuailong/reapoc,2020/CVE-2020-8771/poc/goby/wait_to_be_added,2a7959f17f871e2a6732abc3c4075fbee2cb999d,CVE-2020-8771
432587463,cckuailong/reapoc,2017/CVE-2017-11610/poc/pocsuite3/wait_to_be_added,2a7959f17f871e2a6732abc3c4075fbee2cb999d,CVE-2017-11610
432587463,cckuailong/reapoc,2017/CVE-2017-11444/poc/xray/wait_to_be_added,2a7959f17f871e2a6732abc3c4075fbee2cb999d,CVE-2017-11444
432587463,cckuailong/reapoc,2017/CVE-2017-10974/poc/oneliner/wait_to_be_added,2a7959f17f871e2a6732abc3c4075fbee2cb999d,CVE-2017-10974
432587463,cckuailong/reapoc,2020/CVE-2020-8982/poc/xray/wait_to_be_added,2a7959f17f871e2a6732abc3c4075fbee2cb999d,CVE-2020-8982
432587463,cckuailong/reapoc,2017/CVE-2017-10271/poc/goby/wait_to_be_added,2a7959f17f871e2a6732abc3c4075fbee2cb999d,CVE-2017-10271
432587463,cckuailong/reapoc,2017/CVE-2017-10075/poc/goby/wait_to_be_added,2a7959f17f871e2a6732abc3c4075fbee2cb999d,CVE-2017-10075
432587463,cckuailong/reapoc,2017/CVE-2017-1000486/poc/goby/wait_to_be_added,2a7959f17f871e2a6732abc3c4075fbee2cb999d,CVE-2017-1000486
432587463,cckuailong/reapoc,2020/CVE-2020-8813/poc/goby/wait_to_be_added,2a7959f17f871e2a6732abc3c4075fbee2cb999d,CVE-2020-8813
432587463,cckuailong/reapoc,2017/CVE-2017-12629/poc/goby/wait_to_be_added,2a7959f17f871e2a6732abc3c4075fbee2cb999d,CVE-2017-12629
432587463,cckuailong/reapoc,2020/CVE-2020-8497/poc/xray/wait_to_be_added,2a7959f17f871e2a6732abc3c4075fbee2cb999d,CVE-2020-8497
432587463,cckuailong/reapoc,2021/CVE-2021-41266/poc/others/wait_to_be_added,2a7959f17f871e2a6732abc3c4075fbee2cb999d,CVE-2021-41266
432587463,cckuailong/reapoc,2017/CVE-2017-15715/poc/goby/wait_to_be_added,2a7959f17f871e2a6732abc3c4075fbee2cb999d,CVE-2017-15715
432587463,cckuailong/reapoc,2017/CVE-2017-15647/poc/pocsuite2/wait_to_be_added,2a7959f17f871e2a6732abc3c4075fbee2cb999d,CVE-2017-15647
432587463,cckuailong/reapoc,2021/CVE-2021-40978/poc/oneliner/wait_to_be_added,2a7959f17f871e2a6732abc3c4075fbee2cb999d,CVE-2021-40978
432587463,cckuailong/reapoc,2017/CVE-2017-15363/poc/oneliner/wait_to_be_added,2a7959f17f871e2a6732abc3c4075fbee2cb999d,CVE-2017-15363
432587463,cckuailong/reapoc,2020/CVE-2020-8163/poc/pocsuite3/wait_to_be_added,2a7959f17f871e2a6732abc3c4075fbee2cb999d,CVE-2020-8163
432587463,cckuailong/reapoc,2020/CVE-2020-8191/poc/pocsuite3/wait_to_be_added,2a7959f17f871e2a6732abc3c4075fbee2cb999d,CVE-2020-8191
432587463,cckuailong/reapoc,2017/CVE-2017-14849/poc/goby/wait_to_be_added,2a7959f17f871e2a6732abc3c4075fbee2cb999d,CVE-2017-14849
432587463,cckuailong/reapoc,2017/CVE-2017-14651/poc/pocsuite2/wait_to_be_added,2a7959f17f871e2a6732abc3c4075fbee2cb999d,CVE-2017-14651
432587463,cckuailong/reapoc,2017/CVE-2017-14537/poc/pocsuite3/wait_to_be_added,2a7959f17f871e2a6732abc3c4075fbee2cb999d,CVE-2017-14537
432587463,cckuailong/reapoc,2017/CVE-2017-14535/poc/pocsuite3/wait_to_be_added,2a7959f17f871e2a6732abc3c4075fbee2cb999d,CVE-2017-14535
432587463,cckuailong/reapoc,2020/CVE-2020-8193/poc/pocsuite3/wait_to_be_added,2a7959f17f871e2a6732abc3c4075fbee2cb999d,CVE-2020-8193
432587463,cckuailong/reapoc,2021/CVE-2021-41174/poc/goby/wait_to_be_added,2a7959f17f871e2a6732abc3c4075fbee2cb999d,CVE-2021-41174
432587463,cckuailong/reapoc,2017/CVE-2017-12794/poc/oneliner/wait_to_be_added,2a7959f17f871e2a6732abc3c4075fbee2cb999d,CVE-2017-12794
432587463,cckuailong/reapoc,2017/CVE-2017-12637/poc/xray/wait_to_be_added,2a7959f17f871e2a6732abc3c4075fbee2cb999d,CVE-2017-12637
432587463,cckuailong/reapoc,2020/CVE-2020-8194/poc/oneliner/wait_to_be_added,2a7959f17f871e2a6732abc3c4075fbee2cb999d,CVE-2020-8194
432587463,cckuailong/reapoc,2017/CVE-2017-12635/poc/pocsuite3/wait_to_be_added,2a7959f17f871e2a6732abc3c4075fbee2cb999d,CVE-2017-12635
432587463,cckuailong/reapoc,2020/CVE-2020-8209/poc/oneliner/wait_to_be_added,2a7959f17f871e2a6732abc3c4075fbee2cb999d,CVE-2020-8209
432587463,cckuailong/reapoc,2017/CVE-2017-1000170/poc/pocsuite3/wait_to_be_added,2a7959f17f871e2a6732abc3c4075fbee2cb999d,CVE-2017-1000170
432587463,cckuailong/reapoc,2016/CVE-2016-1000152/poc/others/wait_to_be_added,2a7959f17f871e2a6732abc3c4075fbee2cb999d,CVE-2016-1000152
432587463,cckuailong/reapoc,2020/CVE-2020-9047/poc/oneliner/wait_to_be_added,2a7959f17f871e2a6732abc3c4075fbee2cb999d,CVE-2020-9047
432587463,cckuailong/reapoc,2017/CVE-2017-1000028/poc/goby/wait_to_be_added,2a7959f17f871e2a6732abc3c4075fbee2cb999d,CVE-2017-1000028
432587463,cckuailong/reapoc,2016/CVE-2016-2004/poc/goby/wait_to_be_added,2a7959f17f871e2a6732abc3c4075fbee2cb999d,CVE-2016-2004
432587463,cckuailong/reapoc,2016/CVE-2016-10993/poc/pocsuite2/wait_to_be_added,2a7959f17f871e2a6732abc3c4075fbee2cb999d,CVE-2016-10993
432587463,cckuailong/reapoc,2016/CVE-2016-10960/poc/goby/wait_to_be_added,2a7959f17f871e2a6732abc3c4075fbee2cb999d,CVE-2016-10960
432587463,cckuailong/reapoc,2020/CVE-2020-9490/poc/goby/wait_to_be_added,2a7959f17f871e2a6732abc3c4075fbee2cb999d,CVE-2020-9490
432587463,cckuailong/reapoc,2016/CVE-2016-10956/poc/goby/wait_to_be_added,2a7959f17f871e2a6732abc3c4075fbee2cb999d,CVE-2016-10956
432587463,cckuailong/reapoc,2016/CVE-2016-10924/poc/xray/wait_to_be_added,2a7959f17f871e2a6732abc3c4075fbee2cb999d,CVE-2016-10924
432587463,cckuailong/reapoc,2020/CVE-2020-9496/poc/oneliner/wait_to_be_added,2a7959f17f871e2a6732abc3c4075fbee2cb999d,CVE-2020-9496
432587463,cckuailong/reapoc,2020/CVE-2020-9484/poc/goby/wait_to_be_added,2a7959f17f871e2a6732abc3c4075fbee2cb999d,CVE-2020-9484
432587463,cckuailong/reapoc,2020/CVE-2020-9597/poc/others/wait_to_be_added,2a7959f17f871e2a6732abc3c4075fbee2cb999d,CVE-2020-9597
432587463,cckuailong/reapoc,2016/CVE-2016-10134/poc/oneliner/wait_to_be_added,2a7959f17f871e2a6732abc3c4075fbee2cb999d,CVE-2016-10134
432587463,cckuailong/reapoc,2021/CVE-2021-1497/poc/goby/wait_to_be_added,2a7959f17f871e2a6732abc3c4075fbee2cb999d,CVE-2021-1497
432587463,cckuailong/reapoc,2016/CVE-2016-10033/poc/goby/wait_to_be_added,2a7959f17f871e2a6732abc3c4075fbee2cb999d,CVE-2016-10033
432587463,cckuailong/reapoc,2021/CVE-2021-1498/poc/goby/wait_to_be_added,2a7959f17f871e2a6732abc3c4075fbee2cb999d,CVE-2021-1498
432587463,cckuailong/reapoc,2016/CVE-2016-1000155/poc/xray/wait_to_be_added,2a7959f17f871e2a6732abc3c4075fbee2cb999d,CVE-2016-1000155
432587463,cckuailong/reapoc,2016/CVE-2016-1000154/poc/others/wait_to_be_added,2a7959f17f871e2a6732abc3c4075fbee2cb999d,CVE-2016-1000154
432587463,cckuailong/reapoc,2016/CVE-2016-1000153/poc/goby/wait_to_be_added,2a7959f17f871e2a6732abc3c4075fbee2cb999d,CVE-2016-1000153
432587463,cckuailong/reapoc,2020/CVE-2020-9757/poc/others/wait_to_be_added,2a7959f17f871e2a6732abc3c4075fbee2cb999d,CVE-2020-9757
432587463,cckuailong/reapoc,2016/CVE-2016-2389/poc/goby/wait_to_be_added,2a7959f17f871e2a6732abc3c4075fbee2cb999d,CVE-2016-2389
432587463,cckuailong/reapoc,2020/CVE-2020-9483/poc/pocsuite3/wait_to_be_added,2a7959f17f871e2a6732abc3c4075fbee2cb999d,CVE-2020-9483
432587463,cckuailong/reapoc,2016/CVE-2016-3081/poc/goby/wait_to_be_added,2a7959f17f871e2a6732abc3c4075fbee2cb999d,CVE-2016-3081
432587463,cckuailong/reapoc,2017/CVE-2017-0929/poc/xray/wait_to_be_added,2a7959f17f871e2a6732abc3c4075fbee2cb999d,CVE-2017-0929
432587463,cckuailong/reapoc,2020/CVE-2020-9054/poc/oneliner/wait_to_be_added,2a7959f17f871e2a6732abc3c4075fbee2cb999d,CVE-2020-9054
432587463,cckuailong/reapoc,2016/CVE-2016-8527/poc/oneliner/wait_to_be_added,2a7959f17f871e2a6732abc3c4075fbee2cb999d,CVE-2016-8527
432587463,cckuailong/reapoc,2016/CVE-2016-7981/poc/pocsuite2/wait_to_be_added,2a7959f17f871e2a6732abc3c4075fbee2cb999d,CVE-2016-7981
432587463,cckuailong/reapoc,2020/CVE-2020-9315/poc/goby/wait_to_be_added,2a7959f17f871e2a6732abc3c4075fbee2cb999d,CVE-2020-9315
432587463,cckuailong/reapoc,2016/CVE-2016-7552/poc/oneliner/wait_to_be_added,2a7959f17f871e2a6732abc3c4075fbee2cb999d,CVE-2016-7552
432587463,cckuailong/reapoc,2016/CVE-2016-6277/poc/xray/wait_to_be_added,2a7959f17f871e2a6732abc3c4075fbee2cb999d,CVE-2016-6277
432587463,cckuailong/reapoc,2016/CVE-2016-6210/poc/pocsuite3/wait_to_be_added,2a7959f17f871e2a6732abc3c4075fbee2cb999d,CVE-2016-6210
432587463,cckuailong/reapoc,2020/CVE-2020-9376/poc/oneliner/wait_to_be_added,2a7959f17f871e2a6732abc3c4075fbee2cb999d,CVE-2020-9376
432587463,cckuailong/reapoc,2016/CVE-2016-5649/poc/xray/wait_to_be_added,2a7959f17f871e2a6732abc3c4075fbee2cb999d,CVE-2016-5649
432587463,cckuailong/reapoc,2020/CVE-2020-9402/poc/xray/wait_to_be_added,2a7959f17f871e2a6732abc3c4075fbee2cb999d,CVE-2020-9402
432587463,cckuailong/reapoc,2021/CVE-2021-34371/poc/goby/wait_to_be_added,2a7959f17f871e2a6732abc3c4075fbee2cb999d,CVE-2021-34371
432587463,cckuailong/reapoc,2016/CVE-2016-4977/poc/pocsuite3/wait_to_be_added,2a7959f17f871e2a6732abc3c4075fbee2cb999d,CVE-2016-4977
432587463,cckuailong/reapoc,2016/CVE-2016-4975/poc/others/wait_to_be_added,2a7959f17f871e2a6732abc3c4075fbee2cb999d,CVE-2016-4975
432587463,cckuailong/reapoc,2021/CVE-2021-34370/poc/oneliner/wait_to_be_added,2a7959f17f871e2a6732abc3c4075fbee2cb999d,CVE-2021-34370
432587463,cckuailong/reapoc,2020/CVE-2020-9425/poc/goby/wait_to_be_added,2a7959f17f871e2a6732abc3c4075fbee2cb999d,CVE-2020-9425
432587463,cckuailong/reapoc,2016/CVE-2016-3088/poc/pocsuite3/wait_to_be_added,2a7959f17f871e2a6732abc3c4075fbee2cb999d,CVE-2016-3088
432587463,cckuailong/reapoc,2021/CVE-2021-41277/poc/pocsuite3/wait_to_be_added,2a7959f17f871e2a6732abc3c4075fbee2cb999d,CVE-2021-41277
432587463,cckuailong/reapoc,2020/CVE-2020-9344/poc/oneliner/wait_to_be_added,2a7959f17f871e2a6732abc3c4075fbee2cb999d,CVE-2020-9344
432587463,cckuailong/reapoc,2021/CVE-2021-39327/poc/pocsuite2/wait_to_be_added,2a7959f17f871e2a6732abc3c4075fbee2cb999d,CVE-2021-39327
432587463,cckuailong/reapoc,2020/CVE-2020-6207/poc/pocsuite2/wait_to_be_added,2a7959f17f871e2a6732abc3c4075fbee2cb999d,CVE-2020-6207
432587463,cckuailong/reapoc,2021/CVE-2021-37704/poc/oneliner/wait_to_be_added,2a7959f17f871e2a6732abc3c4075fbee2cb999d,CVE-2021-37704
432587463,cckuailong/reapoc,2019/CVE-2019-1821/poc/oneliner/wait_to_be_added,2a7959f17f871e2a6732abc3c4075fbee2cb999d,CVE-2019-1821
432587463,cckuailong/reapoc,2020/CVE-2020-1943/poc/pocsuite2/wait_to_be_added,2a7959f17f871e2a6732abc3c4075fbee2cb999d,CVE-2020-1943
432587463,cckuailong/reapoc,2020/CVE-2020-19625/poc/pocsuite2/wait_to_be_added,2a7959f17f871e2a6732abc3c4075fbee2cb999d,CVE-2020-19625
432587463,cckuailong/reapoc,2019/CVE-2019-17564/poc/pocsuite2/wait_to_be_added,2a7959f17f871e2a6732abc3c4075fbee2cb999d,CVE-2019-17564
432587463,cckuailong/reapoc,2020/CVE-2020-2036/poc/xray/wait_to_be_added,2a7959f17f871e2a6732abc3c4075fbee2cb999d,CVE-2020-2036
432587463,cckuailong/reapoc,2019/CVE-2019-17558/poc/xray/wait_to_be_added,2a7959f17f871e2a6732abc3c4075fbee2cb999d,CVE-2019-17558
432587463,cckuailong/reapoc,2019/CVE-2019-17538/poc/others/wait_to_be_added,2a7959f17f871e2a6732abc3c4075fbee2cb999d,CVE-2019-17538
432587463,cckuailong/reapoc,2020/CVE-2020-2096/poc/pocsuite2/wait_to_be_added,2a7959f17f871e2a6732abc3c4075fbee2cb999d,CVE-2020-2096
432587463,cckuailong/reapoc,2019/CVE-2019-17506/poc/others/wait_to_be_added,2a7959f17f871e2a6732abc3c4075fbee2cb999d,CVE-2019-17506
432587463,cckuailong/reapoc,2019/CVE-2019-17503/poc/pocsuite2/wait_to_be_added,2a7959f17f871e2a6732abc3c4075fbee2cb999d,CVE-2019-17503
432587463,cckuailong/reapoc,2020/CVE-2020-20982/poc/pocsuite2/wait_to_be_added,2a7959f17f871e2a6732abc3c4075fbee2cb999d,CVE-2020-20982
432587463,cckuailong/reapoc,2019/CVE-2019-17418/poc/goby/wait_to_be_added,2a7959f17f871e2a6732abc3c4075fbee2cb999d,CVE-2019-17418
432587463,cckuailong/reapoc,2019/CVE-2019-17382/poc/pocsuite2/wait_to_be_added,2a7959f17f871e2a6732abc3c4075fbee2cb999d,CVE-2019-17382
432587463,cckuailong/reapoc,2019/CVE-2019-17270/poc/pocsuite2/wait_to_be_added,2a7959f17f871e2a6732abc3c4075fbee2cb999d,CVE-2019-17270
432587463,cckuailong/reapoc,2020/CVE-2020-21224/poc/pocsuite3/wait_to_be_added,2a7959f17f871e2a6732abc3c4075fbee2cb999d,CVE-2020-21224
432587463,cckuailong/reapoc,2021/CVE-2021-37833/poc/goby/wait_to_be_added,2a7959f17f871e2a6732abc3c4075fbee2cb999d,CVE-2021-37833
432587463,cckuailong/reapoc,2019/CVE-2019-16997/poc/goby/wait_to_be_added,2a7959f17f871e2a6732abc3c4075fbee2cb999d,CVE-2019-16997
432587463,cckuailong/reapoc,2019/CVE-2019-16996/poc/nuclei/wait_to_be_added,2a7959f17f871e2a6732abc3c4075fbee2cb999d,CVE-2019-16996
432587463,cckuailong/reapoc,2020/CVE-2020-2140/poc/pocsuite3/wait_to_be_added,2a7959f17f871e2a6732abc3c4075fbee2cb999d,CVE-2020-2140
432587463,cckuailong/reapoc,2019/CVE-2019-16920/poc/pocsuite3/wait_to_be_added,2a7959f17f871e2a6732abc3c4075fbee2cb999d,CVE-2019-16920
432587463,cckuailong/reapoc,2019/CVE-2019-18393/poc/xray/wait_to_be_added,2a7959f17f871e2a6732abc3c4075fbee2cb999d,CVE-2019-18393
432587463,cckuailong/reapoc,2020/CVE-2020-22840/poc/pocsuite2/wait_to_be_added,2a7959f17f871e2a6732abc3c4075fbee2cb999d,CVE-2020-22840
432587463,cckuailong/reapoc,2020/CVE-2020-1938/poc/goby/wait_to_be_added,2a7959f17f871e2a6732abc3c4075fbee2cb999d,CVE-2020-1938
432587463,cckuailong/reapoc,2020/CVE-2020-19360/poc/others/wait_to_be_added,2a7959f17f871e2a6732abc3c4075fbee2cb999d,CVE-2020-19360
432587463,cckuailong/reapoc,2019/CVE-2019-20224/poc/nuclei/wait_to_be_added,2a7959f17f871e2a6732abc3c4075fbee2cb999d,CVE-2019-20224
432587463,cckuailong/reapoc,2020/CVE-2020-17506/poc/goby/wait_to_be_added,2a7959f17f871e2a6732abc3c4075fbee2cb999d,CVE-2020-17506
432587463,cckuailong/reapoc,2019/CVE-2019-20183/poc/others/wait_to_be_added,2a7959f17f871e2a6732abc3c4075fbee2cb999d,CVE-2019-20183
432587463,cckuailong/reapoc,2019/CVE-2019-20141/poc/pocsuite3/wait_to_be_added,2a7959f17f871e2a6732abc3c4075fbee2cb999d,CVE-2019-20141
432587463,cckuailong/reapoc,2020/CVE-2020-17518/poc/xray/wait_to_be_added,2a7959f17f871e2a6732abc3c4075fbee2cb999d,CVE-2020-17518
432587463,cckuailong/reapoc,2019/CVE-2019-20085/poc/goby/wait_to_be_added,2a7959f17f871e2a6732abc3c4075fbee2cb999d,CVE-2019-20085
432587463,cckuailong/reapoc,2020/CVE-2020-17519/poc/goby/wait_to_be_added,2a7959f17f871e2a6732abc3c4075fbee2cb999d,CVE-2020-17519
432587463,cckuailong/reapoc,2021/CVE-2021-35464/poc/oneliner/wait_to_be_added,2a7959f17f871e2a6732abc3c4075fbee2cb999d,CVE-2021-35464
432587463,cckuailong/reapoc,2019/CVE-2019-19985/poc/oneliner/wait_to_be_added,2a7959f17f871e2a6732abc3c4075fbee2cb999d,CVE-2019-19985
432587463,cckuailong/reapoc,2020/CVE-2020-17530/poc/oneliner/wait_to_be_added,2a7959f17f871e2a6732abc3c4075fbee2cb999d,CVE-2020-17530
432587463,cckuailong/reapoc,2019/CVE-2019-19908/poc/pocsuite2/wait_to_be_added,2a7959f17f871e2a6732abc3c4075fbee2cb999d,CVE-2019-19908
432587463,cckuailong/reapoc,2019/CVE-2019-19824/poc/oneliner/wait_to_be_added,2a7959f17f871e2a6732abc3c4075fbee2cb999d,CVE-2019-19824
432587463,cckuailong/reapoc,2020/CVE-2020-19282/poc/xray/wait_to_be_added,2a7959f17f871e2a6732abc3c4075fbee2cb999d,CVE-2020-19282
432587463,cckuailong/reapoc,2019/CVE-2019-19781/poc/goby/wait_to_be_added,2a7959f17f871e2a6732abc3c4075fbee2cb999d,CVE-2019-19781
432587463,cckuailong/reapoc,2020/CVE-2020-19283/poc/others/wait_to_be_added,2a7959f17f871e2a6732abc3c4075fbee2cb999d,CVE-2020-19283
432587463,cckuailong/reapoc,2019/CVE-2019-19368/poc/pocsuite2/wait_to_be_added,2a7959f17f871e2a6732abc3c4075fbee2cb999d,CVE-2019-19368
432587463,cckuailong/reapoc,2021/CVE-2021-37580/poc/pocsuite2/wait_to_be_added,2a7959f17f871e2a6732abc3c4075fbee2cb999d,CVE-2021-37580
432587463,cckuailong/reapoc,2019/CVE-2019-19134/poc/others/wait_to_be_added,2a7959f17f871e2a6732abc3c4075fbee2cb999d,CVE-2019-19134
432587463,cckuailong/reapoc,2020/CVE-2020-19295/poc/oneliner/wait_to_be_added,2a7959f17f871e2a6732abc3c4075fbee2cb999d,CVE-2020-19295
432587463,cckuailong/reapoc,2019/CVE-2019-18922/poc/others/wait_to_be_added,2a7959f17f871e2a6732abc3c4075fbee2cb999d,CVE-2019-18922
432587463,cckuailong/reapoc,2019/CVE-2019-18818/poc/pocsuite2/wait_to_be_added,2a7959f17f871e2a6732abc3c4075fbee2cb999d,CVE-2019-18818
432587463,cckuailong/reapoc,2019/CVE-2019-18394/poc/goby/wait_to_be_added,2a7959f17f871e2a6732abc3c4075fbee2cb999d,CVE-2019-18394
432587463,cckuailong/reapoc,2019/CVE-2019-16759/poc/pocsuite3/wait_to_be_added,2a7959f17f871e2a6732abc3c4075fbee2cb999d,CVE-2019-16759
432587463,cckuailong/reapoc,2021/CVE-2021-35336/poc/goby/wait_to_be_added,2a7959f17f871e2a6732abc3c4075fbee2cb999d,CVE-2021-35336
432587463,cckuailong/reapoc,2019/CVE-2019-16663/poc/pocsuite2/wait_to_be_added,2a7959f17f871e2a6732abc3c4075fbee2cb999d,CVE-2019-16663
432587463,cckuailong/reapoc,2019/CVE-2019-15043/poc/xray/wait_to_be_added,2a7959f17f871e2a6732abc3c4075fbee2cb999d,CVE-2019-15043
432587463,cckuailong/reapoc,2019/CVE-2019-14974/poc/xray/wait_to_be_added,2a7959f17f871e2a6732abc3c4075fbee2cb999d,CVE-2019-14974
432587463,cckuailong/reapoc,2020/CVE-2020-24589/poc/goby/wait_to_be_added,2a7959f17f871e2a6732abc3c4075fbee2cb999d,CVE-2020-24589
432587463,cckuailong/reapoc,2019/CVE-2019-14696/poc/pocsuite3/wait_to_be_added,2a7959f17f871e2a6732abc3c4075fbee2cb999d,CVE-2019-14696
432587463,cckuailong/reapoc,2020/CVE-2020-24912/poc/goby/wait_to_be_added,2a7959f17f871e2a6732abc3c4075fbee2cb999d,CVE-2020-24912
432587463,cckuailong/reapoc,2019/CVE-2019-14470/poc/oneliner/wait_to_be_added,2a7959f17f871e2a6732abc3c4075fbee2cb999d,CVE-2019-14470
432587463,cckuailong/reapoc,2019/CVE-2019-14322/poc/pocsuite3/wait_to_be_added,2a7959f17f871e2a6732abc3c4075fbee2cb999d,CVE-2019-14322
432587463,cckuailong/reapoc,2020/CVE-2020-24949/poc/oneliner/wait_to_be_added,2a7959f17f871e2a6732abc3c4075fbee2cb999d,CVE-2020-24949
432587463,cckuailong/reapoc,2019/CVE-2019-14312/poc/pocsuite2/wait_to_be_added,2a7959f17f871e2a6732abc3c4075fbee2cb999d,CVE-2019-14312
432587463,cckuailong/reapoc,2019/CVE-2019-14223/poc/others/wait_to_be_added,2a7959f17f871e2a6732abc3c4075fbee2cb999d,CVE-2019-14223
432587463,cckuailong/reapoc,2020/CVE-2020-25078/poc/oneliner/wait_to_be_added,2a7959f17f871e2a6732abc3c4075fbee2cb999d,CVE-2020-25078
432587463,cckuailong/reapoc,2019/CVE-2019-14205/poc/oneliner/wait_to_be_added,2a7959f17f871e2a6732abc3c4075fbee2cb999d,CVE-2019-14205
432587463,cckuailong/reapoc,2020/CVE-2020-25213/poc/pocsuite3/wait_to_be_added,2a7959f17f871e2a6732abc3c4075fbee2cb999d,CVE-2020-25213
432587463,cckuailong/reapoc,2019/CVE-2019-13462/poc/goby/wait_to_be_added,2a7959f17f871e2a6732abc3c4075fbee2cb999d,CVE-2019-13462
432587463,cckuailong/reapoc,2019/CVE-2019-13392/poc/others/wait_to_be_added,2a7959f17f871e2a6732abc3c4075fbee2cb999d,CVE-2019-13392
432587463,cckuailong/reapoc,2020/CVE-2020-25223/poc/oneliner/wait_to_be_added,2a7959f17f871e2a6732abc3c4075fbee2cb999d,CVE-2020-25223
432587463,cckuailong/reapoc,2019/CVE-2019-13101/poc/goby/wait_to_be_added,2a7959f17f871e2a6732abc3c4075fbee2cb999d,CVE-2019-13101
432587463,cckuailong/reapoc,2019/CVE-2019-12725/poc/oneliner/wait_to_be_added,2a7959f17f871e2a6732abc3c4075fbee2cb999d,CVE-2019-12725
432587463,cckuailong/reapoc,2020/CVE-2020-25495/poc/xray/wait_to_be_added,2a7959f17f871e2a6732abc3c4075fbee2cb999d,CVE-2020-25495
432587463,cckuailong/reapoc,2021/CVE-2021-38647/poc/goby/wait_to_be_added,2a7959f17f871e2a6732abc3c4075fbee2cb999d,CVE-2021-38647
432587463,cckuailong/reapoc,2019/CVE-2019-12616/poc/goby/wait_to_be_added,2a7959f17f871e2a6732abc3c4075fbee2cb999d,CVE-2019-12616
432587463,cckuailong/reapoc,2020/CVE-2020-24579/poc/others/wait_to_be_added,2a7959f17f871e2a6732abc3c4075fbee2cb999d,CVE-2020-24579
432587463,cckuailong/reapoc,2021/CVE-2021-35265/poc/pocsuite2/wait_to_be_added,2a7959f17f871e2a6732abc3c4075fbee2cb999d,CVE-2021-35265
432587463,cckuailong/reapoc,2019/CVE-2019-15107/poc/oneliner/wait_to_be_added,2a7959f17f871e2a6732abc3c4075fbee2cb999d,CVE-2019-15107
432587463,cckuailong/reapoc,2021/CVE-2021-38540/poc/goby/wait_to_be_added,2a7959f17f871e2a6732abc3c4075fbee2cb999d,CVE-2021-38540
432587463,cckuailong/reapoc,2020/CVE-2020-23517/poc/oneliner/wait_to_be_added,2a7959f17f871e2a6732abc3c4075fbee2cb999d,CVE-2020-23517
432587463,cckuailong/reapoc,2019/CVE-2019-16662/poc/oneliner/wait_to_be_added,2a7959f17f871e2a6732abc3c4075fbee2cb999d,CVE-2019-16662
432587463,cckuailong/reapoc,2020/CVE-2020-23972/poc/oneliner/wait_to_be_added,2a7959f17f871e2a6732abc3c4075fbee2cb999d,CVE-2020-23972
432587463,cckuailong/reapoc,2019/CVE-2019-1653/poc/pocsuite3/wait_to_be_added,2a7959f17f871e2a6732abc3c4075fbee2cb999d,CVE-2019-1653
432587463,cckuailong/reapoc,2019/CVE-2019-16525/poc/oneliner/wait_to_be_added,2a7959f17f871e2a6732abc3c4075fbee2cb999d,CVE-2019-16525
432587463,cckuailong/reapoc,2019/CVE-2019-16332/poc/pocsuite3/wait_to_be_added,2a7959f17f871e2a6732abc3c4075fbee2cb999d,CVE-2019-16332
432587463,cckuailong/reapoc,2020/CVE-2020-24148/poc/oneliner/wait_to_be_added,2a7959f17f871e2a6732abc3c4075fbee2cb999d,CVE-2020-24148
432587463,cckuailong/reapoc,2019/CVE-2019-16313/poc/pocsuite2/wait_to_be_added,2a7959f17f871e2a6732abc3c4075fbee2cb999d,CVE-2019-16313
432587463,cckuailong/reapoc,2019/CVE-2019-16278/poc/pocsuite3/wait_to_be_added,2a7959f17f871e2a6732abc3c4075fbee2cb999d,CVE-2019-16278
432587463,cckuailong/reapoc,2020/CVE-2020-24186/poc/xray/wait_to_be_added,2a7959f17f871e2a6732abc3c4075fbee2cb999d,CVE-2020-24186
432587463,cckuailong/reapoc,2020/CVE-2020-17505/poc/goby/wait_to_be_added,2a7959f17f871e2a6732abc3c4075fbee2cb999d,CVE-2020-17505
432587463,cckuailong/reapoc,2021/CVE-2021-38314/poc/pocsuite2/wait_to_be_added,2a7959f17f871e2a6732abc3c4075fbee2cb999d,CVE-2021-38314
432587463,cckuailong/reapoc,2019/CVE-2019-16097/poc/pocsuite3/wait_to_be_added,2a7959f17f871e2a6732abc3c4075fbee2cb999d,CVE-2019-16097
432587463,cckuailong/reapoc,2020/CVE-2020-24223/poc/pocsuite2/wait_to_be_added,2a7959f17f871e2a6732abc3c4075fbee2cb999d,CVE-2020-24223
432587463,cckuailong/reapoc,2019/CVE-2019-15889/poc/xray/wait_to_be_added,2a7959f17f871e2a6732abc3c4075fbee2cb999d,CVE-2019-15889
432587463,cckuailong/reapoc,2020/CVE-2020-24312/poc/xray/wait_to_be_added,2a7959f17f871e2a6732abc3c4075fbee2cb999d,CVE-2020-24312
432587463,cckuailong/reapoc,2019/CVE-2019-15859/poc/pocsuite2/wait_to_be_added,2a7959f17f871e2a6732abc3c4075fbee2cb999d,CVE-2019-15859
432587463,cckuailong/reapoc,2019/CVE-2019-15858/poc/pocsuite2/wait_to_be_added,2a7959f17f871e2a6732abc3c4075fbee2cb999d,CVE-2019-15858
432587463,cckuailong/reapoc,2020/CVE-2020-24550/poc/xray/wait_to_be_added,2a7959f17f871e2a6732abc3c4075fbee2cb999d,CVE-2020-24550
432587463,cckuailong/reapoc,2019/CVE-2019-15713/poc/goby/wait_to_be_added,2a7959f17f871e2a6732abc3c4075fbee2cb999d,CVE-2019-15713
432587463,cckuailong/reapoc,2019/CVE-2019-15501/poc/pocsuite3/wait_to_be_added,2a7959f17f871e2a6732abc3c4075fbee2cb999d,CVE-2019-15501
432587463,cckuailong/reapoc,2020/CVE-2020-24571/poc/pocsuite3/wait_to_be_added,2a7959f17f871e2a6732abc3c4075fbee2cb999d,CVE-2020-24571
432587463,cckuailong/reapoc,2019/CVE-2019-16123/poc/pocsuite2/wait_to_be_added,2a7959f17f871e2a6732abc3c4075fbee2cb999d,CVE-2019-16123
432587463,cckuailong/reapoc,2019/CVE-2019-2578/poc/xray/wait_to_be_added,2a7959f17f871e2a6732abc3c4075fbee2cb999d,CVE-2019-2578
432587463,cckuailong/reapoc,2019/CVE-2019-2579/poc/xray/wait_to_be_added,2a7959f17f871e2a6732abc3c4075fbee2cb999d,CVE-2019-2579
432587463,cckuailong/reapoc,2020/CVE-2020-17496/poc/xray/wait_to_be_added,2a7959f17f871e2a6732abc3c4075fbee2cb999d,CVE-2020-17496
432587463,cckuailong/reapoc,2020/CVE-2020-0618/poc/oneliner/wait_to_be_added,2a7959f17f871e2a6732abc3c4075fbee2cb999d,CVE-2020-0618
432587463,cckuailong/reapoc,2019/CVE-2019-9978/poc/oneliner/wait_to_be_added,2a7959f17f871e2a6732abc3c4075fbee2cb999d,CVE-2019-9978
432587463,cckuailong/reapoc,2020/CVE-2020-13483/poc/pocsuite2/wait_to_be_added,2a7959f17f871e2a6732abc3c4075fbee2cb999d,CVE-2020-13483
432587463,cckuailong/reapoc,2019/CVE-2019-9955/poc/oneliner/wait_to_be_added,2a7959f17f871e2a6732abc3c4075fbee2cb999d,CVE-2019-9955
432587463,cckuailong/reapoc,2020/CVE-2020-13700/poc/others/wait_to_be_added,2a7959f17f871e2a6732abc3c4075fbee2cb999d,CVE-2020-13700
432587463,cckuailong/reapoc,2019/CVE-2019-9733/poc/others/wait_to_be_added,2a7959f17f871e2a6732abc3c4075fbee2cb999d,CVE-2019-9733
432587463,cckuailong/reapoc,2020/CVE-2020-13927/poc/oneliner/wait_to_be_added,2a7959f17f871e2a6732abc3c4075fbee2cb999d,CVE-2020-13927
432587463,cckuailong/reapoc,2019/CVE-2019-9670/poc/goby/wait_to_be_added,2a7959f17f871e2a6732abc3c4075fbee2cb999d,CVE-2019-9670
432587463,cckuailong/reapoc,2019/CVE-2019-9618/poc/oneliner/wait_to_be_added,2a7959f17f871e2a6732abc3c4075fbee2cb999d,CVE-2019-9618
432587463,cckuailong/reapoc,2021/CVE-2021-36260/poc/pocsuite2/wait_to_be_added,2a7959f17f871e2a6732abc3c4075fbee2cb999d,CVE-2021-36260
432587463,cckuailong/reapoc,2020/CVE-2020-13937/poc/pocsuite3/wait_to_be_added,2a7959f17f871e2a6732abc3c4075fbee2cb999d,CVE-2020-13937
432587463,cckuailong/reapoc,2019/CVE-2019-9041/poc/goby/wait_to_be_added,2a7959f17f871e2a6732abc3c4075fbee2cb999d,CVE-2019-9041
432587463,cckuailong/reapoc,2020/CVE-2020-13942/poc/goby/wait_to_be_added,2a7959f17f871e2a6732abc3c4075fbee2cb999d,CVE-2020-13942
432587463,cckuailong/reapoc,2019/CVE-2019-8982/poc/goby/wait_to_be_added,2a7959f17f871e2a6732abc3c4075fbee2cb999d,CVE-2019-8982
432587463,cckuailong/reapoc,2019/CVE-2019-8937/poc/pocsuite2/wait_to_be_added,2a7959f17f871e2a6732abc3c4075fbee2cb999d,CVE-2019-8937
432587463,cckuailong/reapoc,2019/CVE-2019-8903/poc/pocsuite2/wait_to_be_added,2a7959f17f871e2a6732abc3c4075fbee2cb999d,CVE-2019-8903
432587463,cckuailong/reapoc,2020/CVE-2020-14092/poc/oneliner/wait_to_be_added,2a7959f17f871e2a6732abc3c4075fbee2cb999d,CVE-2020-14092
432587463,cckuailong/reapoc,2019/CVE-2019-8451/poc/goby/wait_to_be_added,2a7959f17f871e2a6732abc3c4075fbee2cb999d,CVE-2019-8451
432587463,cckuailong/reapoc,2020/CVE-2020-14179/poc/pocsuite2/wait_to_be_added,2a7959f17f871e2a6732abc3c4075fbee2cb999d,CVE-2020-14179
432587463,cckuailong/reapoc,2019/CVE-2019-8449/poc/goby/wait_to_be_added,2a7959f17f871e2a6732abc3c4075fbee2cb999d,CVE-2019-8449
432587463,cckuailong/reapoc,2019/CVE-2019-8446/poc/goby/wait_to_be_added,2a7959f17f871e2a6732abc3c4075fbee2cb999d,CVE-2019-8446
432587463,cckuailong/reapoc,2020/CVE-2020-13167/poc/others/wait_to_be_added,2a7959f17f871e2a6732abc3c4075fbee2cb999d,CVE-2020-13167
432587463,cckuailong/reapoc,2020/CVE-2020-10148/poc/pocsuite2/wait_to_be_added,2a7959f17f871e2a6732abc3c4075fbee2cb999d,CVE-2020-10148
432587463,cckuailong/reapoc,2020/CVE-2020-13117/poc/others/wait_to_be_added,2a7959f17f871e2a6732abc3c4075fbee2cb999d,CVE-2020-13117
432587463,cckuailong/reapoc,2020/CVE-2020-10199/poc/pocsuite3/wait_to_be_added,2a7959f17f871e2a6732abc3c4075fbee2cb999d,CVE-2020-10199
432587463,cckuailong/reapoc,2020/CVE-2020-11978/poc/xray/wait_to_be_added,2a7959f17f871e2a6732abc3c4075fbee2cb999d,CVE-2020-11978
432587463,cckuailong/reapoc,2020/CVE-2020-11930/poc/goby/wait_to_be_added,2a7959f17f871e2a6732abc3c4075fbee2cb999d,CVE-2020-11930
432587463,cckuailong/reapoc,2020/CVE-2020-11854/poc/oneliner/wait_to_be_added,2a7959f17f871e2a6732abc3c4075fbee2cb999d,CVE-2020-11854
432587463,cckuailong/reapoc,2020/CVE-2020-11853/poc/xray/wait_to_be_added,2a7959f17f871e2a6732abc3c4075fbee2cb999d,CVE-2020-11853
432587463,cckuailong/reapoc,2020/CVE-2020-12054/poc/goby/wait_to_be_added,2a7959f17f871e2a6732abc3c4075fbee2cb999d,CVE-2020-12054
432587463,cckuailong/reapoc,2020/CVE-2020-11738/poc/xray/wait_to_be_added,2a7959f17f871e2a6732abc3c4075fbee2cb999d,CVE-2020-11738
432587463,cckuailong/reapoc,2020/CVE-2020-11710/poc/goby/wait_to_be_added,2a7959f17f871e2a6732abc3c4075fbee2cb999d,CVE-2020-11710
432587463,cckuailong/reapoc,2020/CVE-2020-11547/poc/xray/wait_to_be_added,2a7959f17f871e2a6732abc3c4075fbee2cb999d,CVE-2020-11547
432587463,cckuailong/reapoc,2020/CVE-2020-12116/poc/oneliner/wait_to_be_added,2a7959f17f871e2a6732abc3c4075fbee2cb999d,CVE-2020-12116
432587463,cckuailong/reapoc,2020/CVE-2020-11455/poc/goby/wait_to_be_added,2a7959f17f871e2a6732abc3c4075fbee2cb999d,CVE-2020-11455
432587463,cckuailong/reapoc,2020/CVE-2020-14181/poc/pocsuite2/wait_to_be_added,2a7959f17f871e2a6732abc3c4075fbee2cb999d,CVE-2020-14181
432587463,cckuailong/reapoc,2020/CVE-2020-11110/poc/others/wait_to_be_added,2a7959f17f871e2a6732abc3c4075fbee2cb999d,CVE-2020-11110
432587463,cckuailong/reapoc,2020/CVE-2020-11034/poc/goby/wait_to_be_added,2a7959f17f871e2a6732abc3c4075fbee2cb999d,CVE-2020-11034
432587463,cckuailong/reapoc,2020/CVE-2020-10770/poc/pocsuite2/wait_to_be_added,2a7959f17f871e2a6732abc3c4075fbee2cb999d,CVE-2020-10770
432587463,cckuailong/reapoc,2020/CVE-2020-10549/poc/xray/wait_to_be_added,2a7959f17f871e2a6732abc3c4075fbee2cb999d,CVE-2020-10549
432587463,cckuailong/reapoc,2020/CVE-2020-10548/poc/others/wait_to_be_added,2a7959f17f871e2a6732abc3c4075fbee2cb999d,CVE-2020-10548
432587463,cckuailong/reapoc,2020/CVE-2020-10547/poc/others/wait_to_be_added,2a7959f17f871e2a6732abc3c4075fbee2cb999d,CVE-2020-10547
432587463,cckuailong/reapoc,2020/CVE-2020-10546/poc/others/wait_to_be_added,2a7959f17f871e2a6732abc3c4075fbee2cb999d,CVE-2020-10546
432587463,cckuailong/reapoc,2020/CVE-2020-12720/poc/xray/wait_to_be_added,2a7959f17f871e2a6732abc3c4075fbee2cb999d,CVE-2020-12720
432587463,cckuailong/reapoc,2020/CVE-2020-10204/poc/oneliner/wait_to_be_added,2a7959f17f871e2a6732abc3c4075fbee2cb999d,CVE-2020-10204
432587463,cckuailong/reapoc,2020/CVE-2020-12800/poc/oneliner/wait_to_be_added,2a7959f17f871e2a6732abc3c4075fbee2cb999d,CVE-2020-12800
432587463,cckuailong/reapoc,2021/CVE-2021-3654/poc/oneliner/wait_to_be_added,2a7959f17f871e2a6732abc3c4075fbee2cb999d,CVE-2021-3654
432587463,cckuailong/reapoc,2021/CVE-2021-36380/poc/pocsuite3/wait_to_be_added,2a7959f17f871e2a6732abc3c4075fbee2cb999d,CVE-2021-36380
432587463,cckuailong/reapoc,2020/CVE-2020-25506/poc/goby/wait_to_be_added,2a7959f17f871e2a6732abc3c4075fbee2cb999d,CVE-2020-25506
432587463,cckuailong/reapoc,2019/CVE-2019-8442/poc/oneliner/wait_to_be_added,2a7959f17f871e2a6732abc3c4075fbee2cb999d,CVE-2019-8442
432587463,cckuailong/reapoc,2019/CVE-2019-7609/poc/pocsuite3/wait_to_be_added,2a7959f17f871e2a6732abc3c4075fbee2cb999d,CVE-2019-7609
432587463,cckuailong/reapoc,2019/CVE-2019-5127/poc/goby/wait_to_be_added,2a7959f17f871e2a6732abc3c4075fbee2cb999d,CVE-2019-5127
432587463,cckuailong/reapoc,2020/CVE-2020-15568/poc/others/wait_to_be_added,2a7959f17f871e2a6732abc3c4075fbee2cb999d,CVE-2020-15568
432587463,cckuailong/reapoc,2019/CVE-2019-3929/poc/pocsuite2/wait_to_be_added,2a7959f17f871e2a6732abc3c4075fbee2cb999d,CVE-2019-3929
432587463,cckuailong/reapoc,2019/CVE-2019-3799/poc/goby/wait_to_be_added,2a7959f17f871e2a6732abc3c4075fbee2cb999d,CVE-2019-3799
432587463,cckuailong/reapoc,2019/CVE-2019-3403/poc/oneliner/wait_to_be_added,2a7959f17f871e2a6732abc3c4075fbee2cb999d,CVE-2019-3403
432587463,cckuailong/reapoc,2020/CVE-2020-15920/poc/pocsuite3/wait_to_be_added,2a7959f17f871e2a6732abc3c4075fbee2cb999d,CVE-2020-15920
432587463,cckuailong/reapoc,2019/CVE-2019-3402/poc/xray/wait_to_be_added,2a7959f17f871e2a6732abc3c4075fbee2cb999d,CVE-2019-3402
432587463,cckuailong/reapoc,2021/CVE-2021-37538/poc/pocsuite3/wait_to_be_added,2a7959f17f871e2a6732abc3c4075fbee2cb999d,CVE-2021-37538
432587463,cckuailong/reapoc,2019/CVE-2019-3401/poc/pocsuite2/wait_to_be_added,2a7959f17f871e2a6732abc3c4075fbee2cb999d,CVE-2019-3401
432587463,cckuailong/reapoc,2020/CVE-2020-16139/poc/goby/wait_to_be_added,2a7959f17f871e2a6732abc3c4075fbee2cb999d,CVE-2020-16139
432587463,cckuailong/reapoc,2019/CVE-2019-3396/poc/pocsuite2/wait_to_be_added,2a7959f17f871e2a6732abc3c4075fbee2cb999d,CVE-2019-3396
432587463,cckuailong/reapoc,2021/CVE-2021-37573/poc/pocsuite2/wait_to_be_added,2a7959f17f871e2a6732abc3c4075fbee2cb999d,CVE-2021-37573
432587463,cckuailong/reapoc,2020/CVE-2020-16846/poc/oneliner/wait_to_be_added,2a7959f17f871e2a6732abc3c4075fbee2cb999d,CVE-2020-16846
432587463,cckuailong/reapoc,2019/CVE-2019-2767/poc/others/wait_to_be_added,2a7959f17f871e2a6732abc3c4075fbee2cb999d,CVE-2019-2767
432587463,cckuailong/reapoc,2020/CVE-2020-16952/poc/oneliner/wait_to_be_added,2a7959f17f871e2a6732abc3c4075fbee2cb999d,CVE-2020-16952
432587463,cckuailong/reapoc,2019/CVE-2019-2729/poc/oneliner/wait_to_be_added,2a7959f17f871e2a6732abc3c4075fbee2cb999d,CVE-2019-2729
432587463,cckuailong/reapoc,2020/CVE-2020-17362/poc/oneliner/wait_to_be_added,2a7959f17f871e2a6732abc3c4075fbee2cb999d,CVE-2020-17362
432587463,cckuailong/reapoc,2019/CVE-2019-2725/poc/goby/wait_to_be_added,2a7959f17f871e2a6732abc3c4075fbee2cb999d,CVE-2019-2725
432587463,cckuailong/reapoc,2019/CVE-2019-2616/poc/oneliner/wait_to_be_added,2a7959f17f871e2a6732abc3c4075fbee2cb999d,CVE-2019-2616
432587463,cckuailong/reapoc,2020/CVE-2020-17453/poc/xray/wait_to_be_added,2a7959f17f871e2a6732abc3c4075fbee2cb999d,CVE-2020-17453
432587463,cckuailong/reapoc,2019/CVE-2019-2588/poc/oneliner/wait_to_be_added,2a7959f17f871e2a6732abc3c4075fbee2cb999d,CVE-2019-2588
432587463,cckuailong/reapoc,2019/CVE-2019-5128/poc/others/wait_to_be_added,2a7959f17f871e2a6732abc3c4075fbee2cb999d,CVE-2019-5128
432587463,cckuailong/reapoc,2020/CVE-2020-15505/poc/oneliner/wait_to_be_added,2a7959f17f871e2a6732abc3c4075fbee2cb999d,CVE-2020-15505
432587463,cckuailong/reapoc,2019/CVE-2019-5129/poc/goby/wait_to_be_added,2a7959f17f871e2a6732abc3c4075fbee2cb999d,CVE-2019-5129
432587463,cckuailong/reapoc,2019/CVE-2019-5418/poc/goby/wait_to_be_added,2a7959f17f871e2a6732abc3c4075fbee2cb999d,CVE-2019-5418
432587463,cckuailong/reapoc,2021/CVE-2021-36749/poc/oneliner/wait_to_be_added,2a7959f17f871e2a6732abc3c4075fbee2cb999d,CVE-2021-36749
432587463,cckuailong/reapoc,2019/CVE-2019-7543/poc/pocsuite2/wait_to_be_added,2a7959f17f871e2a6732abc3c4075fbee2cb999d,CVE-2019-7543
432587463,cckuailong/reapoc,2020/CVE-2020-14750/poc/goby/wait_to_be_added,2a7959f17f871e2a6732abc3c4075fbee2cb999d,CVE-2020-14750
432587463,cckuailong/reapoc,2019/CVE-2019-7481/poc/xray/wait_to_be_added,2a7959f17f871e2a6732abc3c4075fbee2cb999d,CVE-2019-7481
432587463,cckuailong/reapoc,2020/CVE-2020-14864/poc/oneliner/wait_to_be_added,2a7959f17f871e2a6732abc3c4075fbee2cb999d,CVE-2020-14864
432587463,cckuailong/reapoc,2019/CVE-2019-7275/poc/goby/wait_to_be_added,2a7959f17f871e2a6732abc3c4075fbee2cb999d,CVE-2019-7275
432587463,cckuailong/reapoc,2019/CVE-2019-7256/poc/goby/wait_to_be_added,2a7959f17f871e2a6732abc3c4075fbee2cb999d,CVE-2019-7256
432587463,cckuailong/reapoc,2019/CVE-2019-7254/poc/pocsuite2/wait_to_be_added,2a7959f17f871e2a6732abc3c4075fbee2cb999d,CVE-2019-7254
432587463,cckuailong/reapoc,2020/CVE-2020-14882/poc/pocsuite3/wait_to_be_added,2a7959f17f871e2a6732abc3c4075fbee2cb999d,CVE-2020-14882
432587463,cckuailong/reapoc,2019/CVE-2019-7238/poc/oneliner/wait_to_be_added,2a7959f17f871e2a6732abc3c4075fbee2cb999d,CVE-2019-7238
432587463,cckuailong/reapoc,2020/CVE-2020-14413/poc/xray/wait_to_be_added,2a7959f17f871e2a6732abc3c4075fbee2cb999d,CVE-2020-14413
432587463,cckuailong/reapoc,2020/CVE-2020-14883/poc/goby/wait_to_be_added,2a7959f17f871e2a6732abc3c4075fbee2cb999d,CVE-2020-14883
432587463,cckuailong/reapoc,2020/CVE-2020-15129/poc/pocsuite2/wait_to_be_added,2a7959f17f871e2a6732abc3c4075fbee2cb999d,CVE-2020-15129
432587463,cckuailong/reapoc,2019/CVE-2019-7192/poc/goby/wait_to_be_added,2a7959f17f871e2a6732abc3c4075fbee2cb999d,CVE-2019-7192
432587463,cckuailong/reapoc,2019/CVE-2019-6715/poc/pocsuite3/wait_to_be_added,2a7959f17f871e2a6732abc3c4075fbee2cb999d,CVE-2019-6715
432587463,cckuailong/reapoc,2021/CVE-2021-3577/poc/others/wait_to_be_added,2a7959f17f871e2a6732abc3c4075fbee2cb999d,CVE-2021-3577
432587463,cckuailong/reapoc,2020/CVE-2020-15148/poc/pocsuite2/wait_to_be_added,2a7959f17f871e2a6732abc3c4075fbee2cb999d,CVE-2020-15148
432587463,cckuailong/reapoc,2019/CVE-2019-6340/poc/oneliner/wait_to_be_added,2a7959f17f871e2a6732abc3c4075fbee2cb999d,CVE-2019-6340
432587463,cckuailong/reapoc,2020/CVE-2020-15227/poc/oneliner/wait_to_be_added,2a7959f17f871e2a6732abc3c4075fbee2cb999d,CVE-2020-15227
432587463,cckuailong/reapoc,2019/CVE-2019-6112/poc/goby/wait_to_be_added,2a7959f17f871e2a6732abc3c4075fbee2cb999d,CVE-2019-6112
432587463,cckuailong/reapoc,2021/CVE-2021-37216/poc/others/wait_to_be_added,2a7959f17f871e2a6732abc3c4075fbee2cb999d,CVE-2021-37216
432587463,cckuailong/reapoc,2020/CVE-2020-15500/poc/xray/wait_to_be_added,2a7959f17f871e2a6732abc3c4075fbee2cb999d,CVE-2020-15500
432587463,cckuailong/reapoc,2019/CVE-2019-7219/poc/pocsuite2/wait_to_be_added,2a7959f17f871e2a6732abc3c4075fbee2cb999d,CVE-2019-7219
432587463,cckuailong/reapoc,2017/CVE-2017-9805/poc/oneliner/wait_to_be_added,2a7959f17f871e2a6732abc3c4075fbee2cb999d,CVE-2017-9805
432587463,cckuailong/reapoc,2019/CVE-2019-12593/poc/pocsuite3/wait_to_be_added,2a7959f17f871e2a6732abc3c4075fbee2cb999d,CVE-2019-12593
432587463,cckuailong/reapoc,2020/CVE-2020-2551/poc/goby/wait_to_be_added,2a7959f17f871e2a6732abc3c4075fbee2cb999d,CVE-2020-2551
432587463,cckuailong/reapoc,2018/CVE-2018-15535/poc/xray/wait_to_be_added,2a7959f17f871e2a6732abc3c4075fbee2cb999d,CVE-2018-15535
432587463,cckuailong/reapoc,2020/CVE-2020-35846/poc/pocsuite3/wait_to_be_added,2a7959f17f871e2a6732abc3c4075fbee2cb999d,CVE-2020-35846
432587463,cckuailong/reapoc,2018/CVE-2018-15517/poc/others/wait_to_be_added,2a7959f17f871e2a6732abc3c4075fbee2cb999d,CVE-2018-15517
432587463,cckuailong/reapoc,2020/CVE-2020-35847/poc/goby/wait_to_be_added,2a7959f17f871e2a6732abc3c4075fbee2cb999d,CVE-2020-35847
432587463,cckuailong/reapoc,2018/CVE-2018-15473/poc/pocsuite2/wait_to_be_added,2a7959f17f871e2a6732abc3c4075fbee2cb999d,CVE-2018-15473
432587463,cckuailong/reapoc,2018/CVE-2018-14916/poc/goby/wait_to_be_added,2a7959f17f871e2a6732abc3c4075fbee2cb999d,CVE-2018-14916
432587463,cckuailong/reapoc,2018/CVE-2018-14728/poc/pocsuite2/wait_to_be_added,2a7959f17f871e2a6732abc3c4075fbee2cb999d,CVE-2018-14728
432587463,cckuailong/reapoc,2020/CVE-2020-35848/poc/xray/wait_to_be_added,2a7959f17f871e2a6732abc3c4075fbee2cb999d,CVE-2020-35848
432587463,cckuailong/reapoc,2020/CVE-2020-35951/poc/pocsuite3/wait_to_be_added,2a7959f17f871e2a6732abc3c4075fbee2cb999d,CVE-2020-35951
432587463,cckuailong/reapoc,2018/CVE-2018-14574/poc/xray/wait_to_be_added,2a7959f17f871e2a6732abc3c4075fbee2cb999d,CVE-2018-14574
432587463,cckuailong/reapoc,2018/CVE-2018-14064/poc/goby/wait_to_be_added,2a7959f17f871e2a6732abc3c4075fbee2cb999d,CVE-2018-14064
432587463,cckuailong/reapoc,2018/CVE-2018-14013/poc/others/wait_to_be_added,2a7959f17f871e2a6732abc3c4075fbee2cb999d,CVE-2018-14013
432587463,cckuailong/reapoc,2020/CVE-2020-36112/poc/pocsuite3/wait_to_be_added,2a7959f17f871e2a6732abc3c4075fbee2cb999d,CVE-2020-36112
432587463,cckuailong/reapoc,2018/CVE-2018-13980/poc/pocsuite2/wait_to_be_added,2a7959f17f871e2a6732abc3c4075fbee2cb999d,CVE-2018-13980
432587463,cckuailong/reapoc,2018/CVE-2018-13380/poc/oneliner/wait_to_be_added,2a7959f17f871e2a6732abc3c4075fbee2cb999d,CVE-2018-13380
432587463,cckuailong/reapoc,2021/CVE-2021-40539/poc/pocsuite3/wait_to_be_added,2a7959f17f871e2a6732abc3c4075fbee2cb999d,CVE-2021-40539
432587463,cckuailong/reapoc,2020/CVE-2020-36289/poc/others/wait_to_be_added,2a7959f17f871e2a6732abc3c4075fbee2cb999d,CVE-2020-36289
432587463,cckuailong/reapoc,2018/CVE-2018-13379/poc/goby/wait_to_be_added,2a7959f17f871e2a6732abc3c4075fbee2cb999d,CVE-2018-13379
432587463,cckuailong/reapoc,2018/CVE-2018-1335/poc/oneliner/wait_to_be_added,2a7959f17f871e2a6732abc3c4075fbee2cb999d,CVE-2018-1335
432587463,cckuailong/reapoc,2018/CVE-2018-12998/poc/xray/wait_to_be_added,2a7959f17f871e2a6732abc3c4075fbee2cb999d,CVE-2018-12998
432587463,cckuailong/reapoc,2020/CVE-2020-4463/poc/pocsuite2/wait_to_be_added,2a7959f17f871e2a6732abc3c4075fbee2cb999d,CVE-2020-4463
432587463,cckuailong/reapoc,2020/CVE-2020-3580/poc/xray/wait_to_be_added,2a7959f17f871e2a6732abc3c4075fbee2cb999d,CVE-2020-3580
432587463,cckuailong/reapoc,2018/CVE-2018-1273/poc/goby/wait_to_be_added,2a7959f17f871e2a6732abc3c4075fbee2cb999d,CVE-2018-1273
432587463,cckuailong/reapoc,2018/CVE-2018-15745/poc/xray/wait_to_be_added,2a7959f17f871e2a6732abc3c4075fbee2cb999d,CVE-2018-15745
432587463,cckuailong/reapoc,2020/CVE-2020-35774/poc/others/wait_to_be_added,2a7959f17f871e2a6732abc3c4075fbee2cb999d,CVE-2020-35774
432587463,cckuailong/reapoc,2018/CVE-2018-18069/poc/goby/wait_to_be_added,2a7959f17f871e2a6732abc3c4075fbee2cb999d,CVE-2018-18069
432587463,cckuailong/reapoc,2018/CVE-2018-17431/poc/oneliner/wait_to_be_added,2a7959f17f871e2a6732abc3c4075fbee2cb999d,CVE-2018-17431
432587463,cckuailong/reapoc,2018/CVE-2018-17254/poc/xray/wait_to_be_added,2a7959f17f871e2a6732abc3c4075fbee2cb999d,CVE-2018-17254
432587463,cckuailong/reapoc,2020/CVE-2020-35713/poc/goby/wait_to_be_added,2a7959f17f871e2a6732abc3c4075fbee2cb999d,CVE-2020-35713
432587463,cckuailong/reapoc,2021/CVE-2021-34621/poc/oneliner/wait_to_be_added,2a7959f17f871e2a6732abc3c4075fbee2cb999d,CVE-2021-34621
432587463,cckuailong/reapoc,2018/CVE-2018-17246/poc/goby/wait_to_be_added,2a7959f17f871e2a6732abc3c4075fbee2cb999d,CVE-2018-17246
432587463,cckuailong/reapoc,2018/CVE-2018-16836/poc/xray/wait_to_be_added,2a7959f17f871e2a6732abc3c4075fbee2cb999d,CVE-2018-16836
432587463,cckuailong/reapoc,2018/CVE-2018-16763/poc/pocsuite2/wait_to_be_added,2a7959f17f871e2a6732abc3c4075fbee2cb999d,CVE-2018-16763
432587463,cckuailong/reapoc,2020/CVE-2020-35729/poc/goby/wait_to_be_added,2a7959f17f871e2a6732abc3c4075fbee2cb999d,CVE-2020-35729
432587463,cckuailong/reapoc,2018/CVE-2018-16671/poc/pocsuite3/wait_to_be_added,2a7959f17f871e2a6732abc3c4075fbee2cb999d,CVE-2018-16671
432587463,cckuailong/reapoc,2018/CVE-2018-16670/poc/pocsuite2/wait_to_be_added,2a7959f17f871e2a6732abc3c4075fbee2cb999d,CVE-2018-16670
432587463,cckuailong/reapoc,2018/CVE-2018-16668/poc/xray/wait_to_be_added,2a7959f17f871e2a6732abc3c4075fbee2cb999d,CVE-2018-16668
432587463,cckuailong/reapoc,2018/CVE-2018-16341/poc/xray/wait_to_be_added,2a7959f17f871e2a6732abc3c4075fbee2cb999d,CVE-2018-16341
432587463,cckuailong/reapoc,2020/CVE-2020-35736/poc/goby/wait_to_be_added,2a7959f17f871e2a6732abc3c4075fbee2cb999d,CVE-2020-35736
432587463,cckuailong/reapoc,2018/CVE-2018-16299/poc/xray/wait_to_be_added,2a7959f17f871e2a6732abc3c4075fbee2cb999d,CVE-2018-16299
432587463,cckuailong/reapoc,2018/CVE-2018-16288/poc/pocsuite3/wait_to_be_added,2a7959f17f871e2a6732abc3c4075fbee2cb999d,CVE-2018-16288
432587463,cckuailong/reapoc,2018/CVE-2018-16283/poc/xray/wait_to_be_added,2a7959f17f871e2a6732abc3c4075fbee2cb999d,CVE-2018-16283
432587463,cckuailong/reapoc,2021/CVE-2021-40438/poc/pocsuite3/wait_to_be_added,2a7959f17f871e2a6732abc3c4075fbee2cb999d,CVE-2021-40438
432587463,cckuailong/reapoc,2018/CVE-2018-16167/poc/pocsuite2/wait_to_be_added,2a7959f17f871e2a6732abc3c4075fbee2cb999d,CVE-2018-16167
432587463,cckuailong/reapoc,2018/CVE-2018-16133/poc/pocsuite2/wait_to_be_added,2a7959f17f871e2a6732abc3c4075fbee2cb999d,CVE-2018-16133
432587463,cckuailong/reapoc,2018/CVE-2018-16059/poc/xray/wait_to_be_added,2a7959f17f871e2a6732abc3c4075fbee2cb999d,CVE-2018-16059
432587463,cckuailong/reapoc,2018/CVE-2018-15961/poc/pocsuite3/wait_to_be_added,2a7959f17f871e2a6732abc3c4075fbee2cb999d,CVE-2018-15961
432587463,cckuailong/reapoc,2018/CVE-2018-1271/poc/pocsuite3/wait_to_be_added,2a7959f17f871e2a6732abc3c4075fbee2cb999d,CVE-2018-1271
432587463,cckuailong/reapoc,2020/CVE-2020-5284/poc/others/wait_to_be_added,2a7959f17f871e2a6732abc3c4075fbee2cb999d,CVE-2020-5284
432587463,cckuailong/reapoc,2018/CVE-2018-12634/poc/oneliner/wait_to_be_added,2a7959f17f871e2a6732abc3c4075fbee2cb999d,CVE-2018-12634
432587463,cckuailong/reapoc,2018/CVE-2018-10201/poc/pocsuite3/wait_to_be_added,2a7959f17f871e2a6732abc3c4075fbee2cb999d,CVE-2018-10201
432587463,cckuailong/reapoc,2018/CVE-2018-10141/poc/pocsuite2/wait_to_be_added,2a7959f17f871e2a6732abc3c4075fbee2cb999d,CVE-2018-10141
432587463,cckuailong/reapoc,2018/CVE-2018-10095/poc/pocsuite2/wait_to_be_added,2a7959f17f871e2a6732abc3c4075fbee2cb999d,CVE-2018-10095
432587463,cckuailong/reapoc,2018/CVE-2018-10093/poc/pocsuite3/wait_to_be_added,2a7959f17f871e2a6732abc3c4075fbee2cb999d,CVE-2018-10093
432587463,cckuailong/reapoc,2020/CVE-2020-5776/poc/xray/wait_to_be_added,2a7959f17f871e2a6732abc3c4075fbee2cb999d,CVE-2020-5776
432587463,cckuailong/reapoc,2018/CVE-2018-1000861/poc/pocsuite2/wait_to_be_added,2a7959f17f871e2a6732abc3c4075fbee2cb999d,CVE-2018-1000861
432587463,cckuailong/reapoc,2020/CVE-2020-5777/poc/pocsuite3/wait_to_be_added,2a7959f17f871e2a6732abc3c4075fbee2cb999d,CVE-2020-5777
432587463,cckuailong/reapoc,2018/CVE-2018-1000600/poc/pocsuite2/wait_to_be_added,2a7959f17f871e2a6732abc3c4075fbee2cb999d,CVE-2018-1000600
432587463,cckuailong/reapoc,2020/CVE-2020-5847/poc/oneliner/wait_to_be_added,2a7959f17f871e2a6732abc3c4075fbee2cb999d,CVE-2020-5847
432587463,cckuailong/reapoc,2021/CVE-2021-40868/poc/pocsuite2/wait_to_be_added,2a7959f17f871e2a6732abc3c4075fbee2cb999d,CVE-2021-40868
432587463,cckuailong/reapoc,2018/CVE-2018-1000533/poc/pocsuite2/wait_to_be_added,2a7959f17f871e2a6732abc3c4075fbee2cb999d,CVE-2018-1000533
432587463,cckuailong/reapoc,2018/CVE-2018-1000130/poc/pocsuite2/wait_to_be_added,2a7959f17f871e2a6732abc3c4075fbee2cb999d,CVE-2018-1000130
432587463,cckuailong/reapoc,2018/CVE-2018-1000129/poc/others/wait_to_be_added,2a7959f17f871e2a6732abc3c4075fbee2cb999d,CVE-2018-1000129
432587463,cckuailong/reapoc,2020/CVE-2020-5902/poc/oneliner/wait_to_be_added,2a7959f17f871e2a6732abc3c4075fbee2cb999d,CVE-2020-5902
432587463,cckuailong/reapoc,2018/CVE-2018-0296/poc/oneliner/wait_to_be_added,2a7959f17f871e2a6732abc3c4075fbee2cb999d,CVE-2018-0296
432587463,cckuailong/reapoc,2018/CVE-2018-0127/poc/xray/wait_to_be_added,2a7959f17f871e2a6732abc3c4075fbee2cb999d,CVE-2018-0127
432587463,cckuailong/reapoc,2021/CVE-2021-34429/poc/xray/wait_to_be_added,2a7959f17f871e2a6732abc3c4075fbee2cb999d,CVE-2021-34429
432587463,cckuailong/reapoc,2020/CVE-2020-6171/poc/oneliner/wait_to_be_added,2a7959f17f871e2a6732abc3c4075fbee2cb999d,CVE-2020-6171
432587463,cckuailong/reapoc,2021/CVE-2021-40870/poc/oneliner/wait_to_be_added,2a7959f17f871e2a6732abc3c4075fbee2cb999d,CVE-2021-40870
432587463,cckuailong/reapoc,2017/CVE-2017-9841/poc/oneliner/wait_to_be_added,2a7959f17f871e2a6732abc3c4075fbee2cb999d,CVE-2017-9841
432587463,cckuailong/reapoc,2017/CVE-2017-9822/poc/oneliner/wait_to_be_added,2a7959f17f871e2a6732abc3c4075fbee2cb999d,CVE-2017-9822
432587463,cckuailong/reapoc,2018/CVE-2018-10735/poc/oneliner/wait_to_be_added,2a7959f17f871e2a6732abc3c4075fbee2cb999d,CVE-2018-10735
432587463,cckuailong/reapoc,2018/CVE-2018-10736/poc/others/wait_to_be_added,2a7959f17f871e2a6732abc3c4075fbee2cb999d,CVE-2018-10736
432587463,cckuailong/reapoc,2020/CVE-2020-5775/poc/goby/wait_to_be_added,2a7959f17f871e2a6732abc3c4075fbee2cb999d,CVE-2020-5775
432587463,cckuailong/reapoc,2018/CVE-2018-10737/poc/nuclei/wait_to_be_added,2a7959f17f871e2a6732abc3c4075fbee2cb999d,CVE-2018-10737
432587463,cckuailong/reapoc,2020/CVE-2020-5307/poc/goby/wait_to_be_added,2a7959f17f871e2a6732abc3c4075fbee2cb999d,CVE-2020-5307
432587463,cckuailong/reapoc,2018/CVE-2018-12613/poc/pocsuite3/wait_to_be_added,2a7959f17f871e2a6732abc3c4075fbee2cb999d,CVE-2018-12613
432587463,cckuailong/reapoc,2018/CVE-2018-12095/poc/pocsuite3/wait_to_be_added,2a7959f17f871e2a6732abc3c4075fbee2cb999d,CVE-2018-12095
432587463,cckuailong/reapoc,2021/CVE-2021-34473/poc/pocsuite2/wait_to_be_added,2a7959f17f871e2a6732abc3c4075fbee2cb999d,CVE-2021-34473
432587463,cckuailong/reapoc,2021/CVE-2021-40542/poc/goby/wait_to_be_added,2a7959f17f871e2a6732abc3c4075fbee2cb999d,CVE-2021-40542
432587463,cckuailong/reapoc,2018/CVE-2018-1207/poc/goby/wait_to_be_added,2a7959f17f871e2a6732abc3c4075fbee2cb999d,CVE-2018-1207
432587463,cckuailong/reapoc,2018/CVE-2018-12054/poc/xray/wait_to_be_added,2a7959f17f871e2a6732abc3c4075fbee2cb999d,CVE-2018-12054
432587463,cckuailong/reapoc,2020/CVE-2020-5405/poc/others/wait_to_be_added,2a7959f17f871e2a6732abc3c4075fbee2cb999d,CVE-2020-5405
432587463,cckuailong/reapoc,2018/CVE-2018-12031/poc/pocsuite2/wait_to_be_added,2a7959f17f871e2a6732abc3c4075fbee2cb999d,CVE-2018-12031
432587463,cckuailong/reapoc,2018/CVE-2018-11784/poc/pocsuite2/wait_to_be_added,2a7959f17f871e2a6732abc3c4075fbee2cb999d,CVE-2018-11784
432587463,cckuailong/reapoc,2018/CVE-2018-18323/poc/oneliner/wait_to_be_added,2a7959f17f871e2a6732abc3c4075fbee2cb999d,CVE-2018-18323
432587463,cckuailong/reapoc,2018/CVE-2018-11776/poc/pocsuite3/wait_to_be_added,2a7959f17f871e2a6732abc3c4075fbee2cb999d,CVE-2018-11776
432587463,cckuailong/reapoc,2018/CVE-2018-11759/poc/pocsuite3/wait_to_be_added,2a7959f17f871e2a6732abc3c4075fbee2cb999d,CVE-2018-11759
432587463,cckuailong/reapoc,2018/CVE-2018-11709/poc/pocsuite3/wait_to_be_added,2a7959f17f871e2a6732abc3c4075fbee2cb999d,CVE-2018-11709
432587463,cckuailong/reapoc,2020/CVE-2020-5412/poc/pocsuite2/wait_to_be_added,2a7959f17f871e2a6732abc3c4075fbee2cb999d,CVE-2020-5412
432587463,cckuailong/reapoc,2018/CVE-2018-11686/poc/nuclei/wait_to_be_added,2a7959f17f871e2a6732abc3c4075fbee2cb999d,CVE-2018-11686
432587463,cckuailong/reapoc,2018/CVE-2018-11409/poc/pocsuite3/wait_to_be_added,2a7959f17f871e2a6732abc3c4075fbee2cb999d,CVE-2018-11409
432587463,cckuailong/reapoc,2020/CVE-2020-5515/poc/oneliner/wait_to_be_added,2a7959f17f871e2a6732abc3c4075fbee2cb999d,CVE-2020-5515
432587463,cckuailong/reapoc,2018/CVE-2018-10823/poc/oneliner/wait_to_be_added,2a7959f17f871e2a6732abc3c4075fbee2cb999d,CVE-2018-10823
432587463,cckuailong/reapoc,2018/CVE-2018-10822/poc/oneliner/wait_to_be_added,2a7959f17f871e2a6732abc3c4075fbee2cb999d,CVE-2018-10822
432587463,cckuailong/reapoc,2018/CVE-2018-10818/poc/others/wait_to_be_added,2a7959f17f871e2a6732abc3c4075fbee2cb999d,CVE-2018-10818
432587463,cckuailong/reapoc,2018/CVE-2018-10738/poc/goby/wait_to_be_added,2a7959f17f871e2a6732abc3c4075fbee2cb999d,CVE-2018-10738
432587463,cckuailong/reapoc,2020/CVE-2020-5410/poc/oneliner/wait_to_be_added,2a7959f17f871e2a6732abc3c4075fbee2cb999d,CVE-2020-5410
432587463,cckuailong/reapoc,2020/CVE-2020-35598/poc/pocsuite2/wait_to_be_added,2a7959f17f871e2a6732abc3c4075fbee2cb999d,CVE-2020-35598
432587463,cckuailong/reapoc,2018/CVE-2018-18570/poc/pocsuite3/wait_to_be_added,2a7959f17f871e2a6732abc3c4075fbee2cb999d,CVE-2018-18570
432587463,cckuailong/reapoc,2018/CVE-2018-18775/poc/pocsuite3/wait_to_be_added,2a7959f17f871e2a6732abc3c4075fbee2cb999d,CVE-2018-18775
432587463,cckuailong/reapoc,2020/CVE-2020-27866/poc/oneliner/wait_to_be_added,2a7959f17f871e2a6732abc3c4075fbee2cb999d,CVE-2020-27866
432587463,cckuailong/reapoc,2019/CVE-2019-0221/poc/oneliner/wait_to_be_added,2a7959f17f871e2a6732abc3c4075fbee2cb999d,CVE-2019-0221
432587463,cckuailong/reapoc,2020/CVE-2020-27982/poc/others/wait_to_be_added,2a7959f17f871e2a6732abc3c4075fbee2cb999d,CVE-2020-27982
432587463,cckuailong/reapoc,2021/CVE-2021-38704/poc/xray/wait_to_be_added,2a7959f17f871e2a6732abc3c4075fbee2cb999d,CVE-2021-38704
432587463,cckuailong/reapoc,2019/CVE-2019-0193/poc/oneliner/wait_to_be_added,2a7959f17f871e2a6732abc3c4075fbee2cb999d,CVE-2019-0193
432587463,cckuailong/reapoc,2020/CVE-2020-27986/poc/pocsuite2/wait_to_be_added,2a7959f17f871e2a6732abc3c4075fbee2cb999d,CVE-2020-27986
432587463,cckuailong/reapoc,2018/CVE-2018-9995/poc/goby/wait_to_be_added,2a7959f17f871e2a6732abc3c4075fbee2cb999d,CVE-2018-9995
432587463,cckuailong/reapoc,2018/CVE-2018-9845/poc/goby/wait_to_be_added,2a7959f17f871e2a6732abc3c4075fbee2cb999d,CVE-2018-9845
432587463,cckuailong/reapoc,2018/CVE-2018-9205/poc/pocsuite2/wait_to_be_added,2a7959f17f871e2a6732abc3c4075fbee2cb999d,CVE-2018-9205
432587463,cckuailong/reapoc,2020/CVE-2020-28188/poc/pocsuite3/wait_to_be_added,2a7959f17f871e2a6732abc3c4075fbee2cb999d,CVE-2020-28188
432587463,cckuailong/reapoc,2018/CVE-2018-9118/poc/oneliner/wait_to_be_added,2a7959f17f871e2a6732abc3c4075fbee2cb999d,CVE-2018-9118
432587463,cckuailong/reapoc,2018/CVE-2018-8770/poc/pocsuite3/wait_to_be_added,2a7959f17f871e2a6732abc3c4075fbee2cb999d,CVE-2018-8770
432587463,cckuailong/reapoc,2020/CVE-2020-28208/poc/goby/wait_to_be_added,2a7959f17f871e2a6732abc3c4075fbee2cb999d,CVE-2020-28208
432587463,cckuailong/reapoc,2018/CVE-2018-8727/poc/oneliner/wait_to_be_added,2a7959f17f871e2a6732abc3c4075fbee2cb999d,CVE-2018-8727
432587463,cckuailong/reapoc,2018/CVE-2018-8719/poc/xray/wait_to_be_added,2a7959f17f871e2a6732abc3c4075fbee2cb999d,CVE-2018-8719
432587463,cckuailong/reapoc,2020/CVE-2020-28351/poc/pocsuite3/wait_to_be_added,2a7959f17f871e2a6732abc3c4075fbee2cb999d,CVE-2020-28351
432587463,cckuailong/reapoc,2020/CVE-2020-28871/poc/oneliner/wait_to_be_added,2a7959f17f871e2a6732abc3c4075fbee2cb999d,CVE-2020-28871
432587463,cckuailong/reapoc,2018/CVE-2018-8715/poc/goby/wait_to_be_added,2a7959f17f871e2a6732abc3c4075fbee2cb999d,CVE-2018-8715
432587463,cckuailong/reapoc,2018/CVE-2018-8033/poc/oneliner/wait_to_be_added,2a7959f17f871e2a6732abc3c4075fbee2cb999d,CVE-2018-8033
432587463,cckuailong/reapoc,2018/CVE-2018-8006/poc/oneliner/wait_to_be_added,2a7959f17f871e2a6732abc3c4075fbee2cb999d,CVE-2018-8006
432587463,cckuailong/reapoc,2020/CVE-2020-28976/poc/goby/wait_to_be_added,2a7959f17f871e2a6732abc3c4075fbee2cb999d,CVE-2020-28976
432587463,cckuailong/reapoc,2019/CVE-2019-0230/poc/goby/wait_to_be_added,2a7959f17f871e2a6732abc3c4075fbee2cb999d,CVE-2019-0230
432587463,cckuailong/reapoc,2020/CVE-2020-27735/poc/others/wait_to_be_added,2a7959f17f871e2a6732abc3c4075fbee2cb999d,CVE-2020-27735
432587463,cckuailong/reapoc,2019/CVE-2019-10068/poc/oneliner/wait_to_be_added,2a7959f17f871e2a6732abc3c4075fbee2cb999d,CVE-2019-10068
432587463,cckuailong/reapoc,2019/CVE-2019-10092/poc/oneliner/wait_to_be_added,2a7959f17f871e2a6732abc3c4075fbee2cb999d,CVE-2019-10092
432587463,cckuailong/reapoc,2019/CVE-2019-12314/poc/oneliner/wait_to_be_added,2a7959f17f871e2a6732abc3c4075fbee2cb999d,CVE-2019-12314
432587463,cckuailong/reapoc,2020/CVE-2020-25540/poc/goby/wait_to_be_added,2a7959f17f871e2a6732abc3c4075fbee2cb999d,CVE-2020-25540
432587463,cckuailong/reapoc,2019/CVE-2019-12276/poc/oneliner/wait_to_be_added,2a7959f17f871e2a6732abc3c4075fbee2cb999d,CVE-2019-12276
432587463,cckuailong/reapoc,2020/CVE-2020-25780/poc/pocsuite3/wait_to_be_added,2a7959f17f871e2a6732abc3c4075fbee2cb999d,CVE-2020-25780
432587463,cckuailong/reapoc,2019/CVE-2019-11869/poc/others/wait_to_be_added,2a7959f17f871e2a6732abc3c4075fbee2cb999d,CVE-2019-11869
432587463,cckuailong/reapoc,2020/CVE-2020-26073/poc/goby/wait_to_be_added,2a7959f17f871e2a6732abc3c4075fbee2cb999d,CVE-2020-26073
432587463,cckuailong/reapoc,2019/CVE-2019-11581/poc/oneliner/wait_to_be_added,2a7959f17f871e2a6732abc3c4075fbee2cb999d,CVE-2019-11581
432587463,cckuailong/reapoc,2020/CVE-2020-26153/poc/oneliner/wait_to_be_added,2a7959f17f871e2a6732abc3c4075fbee2cb999d,CVE-2020-26153
432587463,cckuailong/reapoc,2019/CVE-2019-11580/poc/goby/wait_to_be_added,2a7959f17f871e2a6732abc3c4075fbee2cb999d,CVE-2019-11580
432587463,cckuailong/reapoc,2019/CVE-2019-11510/poc/pocsuite2/wait_to_be_added,2a7959f17f871e2a6732abc3c4075fbee2cb999d,CVE-2019-11510
432587463,cckuailong/reapoc,2018/CVE-2018-7719/poc/goby/wait_to_be_added,2a7959f17f871e2a6732abc3c4075fbee2cb999d,CVE-2018-7719
432587463,cckuailong/reapoc,2020/CVE-2020-26214/poc/pocsuite2/wait_to_be_added,2a7959f17f871e2a6732abc3c4075fbee2cb999d,CVE-2020-26214
432587463,cckuailong/reapoc,2020/CVE-2020-26413/poc/oneliner/wait_to_be_added,2a7959f17f871e2a6732abc3c4075fbee2cb999d,CVE-2020-26413
432587463,cckuailong/reapoc,2019/CVE-2019-11013/poc/oneliner/wait_to_be_added,2a7959f17f871e2a6732abc3c4075fbee2cb999d,CVE-2019-11013
432587463,cckuailong/reapoc,2020/CVE-2020-26919/poc/pocsuite2/wait_to_be_added,2a7959f17f871e2a6732abc3c4075fbee2cb999d,CVE-2020-26919
432587463,cckuailong/reapoc,2019/CVE-2019-10758/poc/pocsuite2/wait_to_be_added,2a7959f17f871e2a6732abc3c4075fbee2cb999d,CVE-2019-10758
432587463,cckuailong/reapoc,2020/CVE-2020-26948/poc/pocsuite3/wait_to_be_added,2a7959f17f871e2a6732abc3c4075fbee2cb999d,CVE-2020-26948
432587463,cckuailong/reapoc,2019/CVE-2019-10475/poc/goby/wait_to_be_added,2a7959f17f871e2a6732abc3c4075fbee2cb999d,CVE-2019-10475
432587463,cckuailong/reapoc,2019/CVE-2019-10232/poc/oneliner/wait_to_be_added,2a7959f17f871e2a6732abc3c4075fbee2cb999d,CVE-2019-10232
432587463,cckuailong/reapoc,2019/CVE-2019-1010287/poc/xray/wait_to_be_added,2a7959f17f871e2a6732abc3c4075fbee2cb999d,CVE-2019-1010287
432587463,cckuailong/reapoc,2021/CVE-2021-38702/poc/pocsuite2/wait_to_be_added,2a7959f17f871e2a6732abc3c4075fbee2cb999d,CVE-2021-38702
432587463,cckuailong/reapoc,2020/CVE-2020-27361/poc/pocsuite2/wait_to_be_added,2a7959f17f871e2a6732abc3c4075fbee2cb999d,CVE-2020-27361
432587463,cckuailong/reapoc,2019/CVE-2019-11248/poc/goby/wait_to_be_added,2a7959f17f871e2a6732abc3c4075fbee2cb999d,CVE-2019-11248
432587463,cckuailong/reapoc,2019/CVE-2019-12461/poc/pocsuite3/wait_to_be_added,2a7959f17f871e2a6732abc3c4075fbee2cb999d,CVE-2019-12461
432587463,cckuailong/reapoc,2018/CVE-2018-7700/poc/oneliner/wait_to_be_added,2a7959f17f871e2a6732abc3c4075fbee2cb999d,CVE-2018-7700
432587463,cckuailong/reapoc,2020/CVE-2020-29164/poc/pocsuite2/wait_to_be_added,2a7959f17f871e2a6732abc3c4075fbee2cb999d,CVE-2020-29164
432587463,cckuailong/reapoc,2021/CVE-2021-39316/poc/oneliner/wait_to_be_added,2a7959f17f871e2a6732abc3c4075fbee2cb999d,CVE-2021-39316
432587463,cckuailong/reapoc,2018/CVE-2018-2791/poc/goby/wait_to_be_added,2a7959f17f871e2a6732abc3c4075fbee2cb999d,CVE-2018-2791
432587463,cckuailong/reapoc,2018/CVE-2018-2628/poc/pocsuite2/wait_to_be_added,2a7959f17f871e2a6732abc3c4075fbee2cb999d,CVE-2018-2628
432587463,cckuailong/reapoc,2020/CVE-2020-35476/poc/goby/wait_to_be_added,2a7959f17f871e2a6732abc3c4075fbee2cb999d,CVE-2020-35476
432587463,cckuailong/reapoc,2018/CVE-2018-2392/poc/oneliner/wait_to_be_added,2a7959f17f871e2a6732abc3c4075fbee2cb999d,CVE-2018-2392
432587463,cckuailong/reapoc,2021/CVE-2021-35042/poc/goby/wait_to_be_added,2a7959f17f871e2a6732abc3c4075fbee2cb999d,CVE-2021-35042
432587463,cckuailong/reapoc,2018/CVE-2018-20985/poc/pocsuite2/wait_to_be_added,2a7959f17f871e2a6732abc3c4075fbee2cb999d,CVE-2018-20985
432587463,cckuailong/reapoc,2018/CVE-2018-20824/poc/xray/wait_to_be_added,2a7959f17f871e2a6732abc3c4075fbee2cb999d,CVE-2018-20824
432587463,cckuailong/reapoc,2018/CVE-2018-20470/poc/goby/wait_to_be_added,2a7959f17f871e2a6732abc3c4075fbee2cb999d,CVE-2018-20470
432587463,cckuailong/reapoc,2018/CVE-2018-20462/poc/xray/wait_to_be_added,2a7959f17f871e2a6732abc3c4075fbee2cb999d,CVE-2018-20462
432587463,cckuailong/reapoc,2018/CVE-2018-19753/poc/others/wait_to_be_added,2a7959f17f871e2a6732abc3c4075fbee2cb999d,CVE-2018-19753
432587463,cckuailong/reapoc,2020/CVE-2020-35489/poc/goby/wait_to_be_added,2a7959f17f871e2a6732abc3c4075fbee2cb999d,CVE-2020-35489
432587463,cckuailong/reapoc,2018/CVE-2018-19458/poc/pocsuite3/wait_to_be_added,2a7959f17f871e2a6732abc3c4075fbee2cb999d,CVE-2018-19458
432587463,cckuailong/reapoc,2018/CVE-2018-19439/poc/oneliner/wait_to_be_added,2a7959f17f871e2a6732abc3c4075fbee2cb999d,CVE-2018-19439
432587463,cckuailong/reapoc,2021/CVE-2021-39320/poc/others/wait_to_be_added,2a7959f17f871e2a6732abc3c4075fbee2cb999d,CVE-2021-39320
432587463,cckuailong/reapoc,2018/CVE-2018-19386/poc/goby/wait_to_be_added,2a7959f17f871e2a6732abc3c4075fbee2cb999d,CVE-2018-19386
432587463,cckuailong/reapoc,2018/CVE-2018-19367/poc/xray/wait_to_be_added,2a7959f17f871e2a6732abc3c4075fbee2cb999d,CVE-2018-19367
432587463,cckuailong/reapoc,2020/CVE-2020-35580/poc/others/wait_to_be_added,2a7959f17f871e2a6732abc3c4075fbee2cb999d,CVE-2020-35580
432587463,cckuailong/reapoc,2018/CVE-2018-19127/poc/oneliner/wait_to_be_added,2a7959f17f871e2a6732abc3c4075fbee2cb999d,CVE-2018-19127
432587463,cckuailong/reapoc,2018/CVE-2018-18778/poc/goby/wait_to_be_added,2a7959f17f871e2a6732abc3c4075fbee2cb999d,CVE-2018-18778
432587463,cckuailong/reapoc,2018/CVE-2018-18777/poc/goby/wait_to_be_added,2a7959f17f871e2a6732abc3c4075fbee2cb999d,CVE-2018-18777
432587463,cckuailong/reapoc,2018/CVE-2018-2893/poc/goby/wait_to_be_added,2a7959f17f871e2a6732abc3c4075fbee2cb999d,CVE-2018-2893
432587463,cckuailong/reapoc,2020/CVE-2020-35338/poc/xray/wait_to_be_added,2a7959f17f871e2a6732abc3c4075fbee2cb999d,CVE-2020-35338
432587463,cckuailong/reapoc,2018/CVE-2018-2894/poc/oneliner/wait_to_be_added,2a7959f17f871e2a6732abc3c4075fbee2cb999d,CVE-2018-2894
432587463,cckuailong/reapoc,2018/CVE-2018-3167/poc/others/wait_to_be_added,2a7959f17f871e2a6732abc3c4075fbee2cb999d,CVE-2018-3167
432587463,cckuailong/reapoc,2020/CVE-2020-29227/poc/goby/wait_to_be_added,2a7959f17f871e2a6732abc3c4075fbee2cb999d,CVE-2020-29227
432587463,cckuailong/reapoc,2018/CVE-2018-7600/poc/goby/wait_to_be_added,2a7959f17f871e2a6732abc3c4075fbee2cb999d,CVE-2018-7600
432587463,cckuailong/reapoc,2020/CVE-2020-29395/poc/goby/wait_to_be_added,2a7959f17f871e2a6732abc3c4075fbee2cb999d,CVE-2020-29395
432587463,cckuailong/reapoc,2018/CVE-2018-7490/poc/pocsuite2/wait_to_be_added,2a7959f17f871e2a6732abc3c4075fbee2cb999d,CVE-2018-7490
432587463,cckuailong/reapoc,2018/CVE-2018-7422/poc/pocsuite2/wait_to_be_added,2a7959f17f871e2a6732abc3c4075fbee2cb999d,CVE-2018-7422
432587463,cckuailong/reapoc,2018/CVE-2018-7314/poc/pocsuite2/wait_to_be_added,2a7959f17f871e2a6732abc3c4075fbee2cb999d,CVE-2018-7314
432587463,cckuailong/reapoc,2018/CVE-2018-7251/poc/xray/wait_to_be_added,2a7959f17f871e2a6732abc3c4075fbee2cb999d,CVE-2018-7251
432587463,cckuailong/reapoc,2021/CVE-2021-38751/poc/goby/wait_to_be_added,2a7959f17f871e2a6732abc3c4075fbee2cb999d,CVE-2021-38751
432587463,cckuailong/reapoc,2018/CVE-2018-6910/poc/oneliner/wait_to_be_added,2a7959f17f871e2a6732abc3c4075fbee2cb999d,CVE-2018-6910
432587463,cckuailong/reapoc,2020/CVE-2020-29453/poc/others/wait_to_be_added,2a7959f17f871e2a6732abc3c4075fbee2cb999d,CVE-2020-29453
432587463,cckuailong/reapoc,2018/CVE-2018-7662/poc/nuclei/wait_to_be_added,2a7959f17f871e2a6732abc3c4075fbee2cb999d,CVE-2018-7662
432587463,cckuailong/reapoc,2018/CVE-2018-6605/poc/oneliner/wait_to_be_added,2a7959f17f871e2a6732abc3c4075fbee2cb999d,CVE-2018-6605
432587463,cckuailong/reapoc,2018/CVE-2018-5316/poc/oneliner/wait_to_be_added,2a7959f17f871e2a6732abc3c4075fbee2cb999d,CVE-2018-5316
432587463,cckuailong/reapoc,2018/CVE-2018-5233/poc/oneliner/wait_to_be_added,2a7959f17f871e2a6732abc3c4075fbee2cb999d,CVE-2018-5233
432587463,cckuailong/reapoc,2018/CVE-2018-5230/poc/oneliner/wait_to_be_added,2a7959f17f871e2a6732abc3c4075fbee2cb999d,CVE-2018-5230
432587463,cckuailong/reapoc,2018/CVE-2018-3810/poc/pocsuite2/wait_to_be_added,2a7959f17f871e2a6732abc3c4075fbee2cb999d,CVE-2018-3810
432587463,cckuailong/reapoc,2021/CVE-2021-39226/poc/goby/wait_to_be_added,2a7959f17f871e2a6732abc3c4075fbee2cb999d,CVE-2021-39226
432587463,cckuailong/reapoc,2020/CVE-2020-3187/poc/pocsuite2/wait_to_be_added,2a7959f17f871e2a6732abc3c4075fbee2cb999d,CVE-2020-3187
432587463,cckuailong/reapoc,2018/CVE-2018-3760/poc/pocsuite3/wait_to_be_added,2a7959f17f871e2a6732abc3c4075fbee2cb999d,CVE-2018-3760
432587463,cckuailong/reapoc,2018/CVE-2018-3714/poc/pocsuite3/wait_to_be_added,2a7959f17f871e2a6732abc3c4075fbee2cb999d,CVE-2018-3714
432587463,cckuailong/reapoc,2020/CVE-2020-3452/poc/pocsuite2/wait_to_be_added,2a7959f17f871e2a6732abc3c4075fbee2cb999d,CVE-2020-3452
432587463,cckuailong/reapoc,2018/CVE-2018-3238/poc/goby/wait_to_be_added,2a7959f17f871e2a6732abc3c4075fbee2cb999d,CVE-2018-3238
432587463,cckuailong/reapoc,2018/CVE-2018-6008/poc/pocsuite2/wait_to_be_added,2a7959f17f871e2a6732abc3c4075fbee2cb999d,CVE-2018-6008
432587463,cckuailong/reapoc,2015/CVE-2015-1880/poc/xray/wait_to_be_added,2a7959f17f871e2a6732abc3c4075fbee2cb999d,CVE-2015-1880
432587463,cckuailong/reapoc,2020/CVE-2020-11991/poc/oneliner/wait_to_be_added,2a7959f17f871e2a6732abc3c4075fbee2cb999d,CVE-2020-11991
432587463,cckuailong/reapoc,2021/CVE-2021-26084/poc/oneliner/wait_to_be_added,2a7959f17f871e2a6732abc3c4075fbee2cb999d,CVE-2021-26084
432587463,cckuailong/reapoc,2011/CVE-2011-3315/poc/goby/wait_to_be_added,2a7959f17f871e2a6732abc3c4075fbee2cb999d,CVE-2011-3315
432587463,cckuailong/reapoc,2021/CVE-2021-43798/poc/others/wait_to_be_added,2a7959f17f871e2a6732abc3c4075fbee2cb999d,CVE-2021-43798
432587463,cckuailong/reapoc,2021/CVE-2021-25281/poc/goby/wait_to_be_added,2a7959f17f871e2a6732abc3c4075fbee2cb999d,CVE-2021-25281
432587463,cckuailong/reapoc,2011/CVE-2011-4336/poc/goby/wait_to_be_added,2a7959f17f871e2a6732abc3c4075fbee2cb999d,CVE-2011-4336
432587463,cckuailong/reapoc,2021/CVE-2021-24499/poc/xray/wait_to_be_added,2a7959f17f871e2a6732abc3c4075fbee2cb999d,CVE-2021-24499
432587463,cckuailong/reapoc,2011/CVE-2011-4618/poc/pocsuite3/wait_to_be_added,2a7959f17f871e2a6732abc3c4075fbee2cb999d,CVE-2011-4618
432587463,cckuailong/reapoc,2009/CVE-2009-3318/poc/oneliner/wait_to_be_added,2a7959f17f871e2a6732abc3c4075fbee2cb999d,CVE-2009-3318
432587463,cckuailong/reapoc,2021/CVE-2021-33564/poc/goby/wait_to_be_added,2a7959f17f871e2a6732abc3c4075fbee2cb999d,CVE-2021-33564
432587463,cckuailong/reapoc,2011/CVE-2011-4624/poc/pocsuite2/wait_to_be_added,2a7959f17f871e2a6732abc3c4075fbee2cb999d,CVE-2011-4624
432587463,cckuailong/reapoc,2021/CVE-2021-30151/poc/oneliner/wait_to_be_added,2a7959f17f871e2a6732abc3c4075fbee2cb999d,CVE-2021-30151
432587463,cckuailong/reapoc,2021/CVE-2021-24498/poc/goby/wait_to_be_added,2a7959f17f871e2a6732abc3c4075fbee2cb999d,CVE-2021-24498
432587463,cckuailong/reapoc,2011/CVE-2011-4804/poc/pocsuite3/wait_to_be_added,2a7959f17f871e2a6732abc3c4075fbee2cb999d,CVE-2011-4804
432587463,cckuailong/reapoc,2009/CVE-2009-3053/poc/oneliner/wait_to_be_added,2a7959f17f871e2a6732abc3c4075fbee2cb999d,CVE-2009-3053
432587463,cckuailong/reapoc,2011/CVE-2011-4926/poc/pocsuite2/wait_to_be_added,2a7959f17f871e2a6732abc3c4075fbee2cb999d,CVE-2011-4926
432587463,cckuailong/reapoc,2021/CVE-2021-30049/poc/pocsuite3/wait_to_be_added,2a7959f17f871e2a6732abc3c4075fbee2cb999d,CVE-2021-30049
432587463,cckuailong/reapoc,2021/CVE-2021-24495/poc/goby/wait_to_be_added,2a7959f17f871e2a6732abc3c4075fbee2cb999d,CVE-2021-24495
432587463,cckuailong/reapoc,2021/CVE-2021-24472/poc/oneliner/wait_to_be_added,2a7959f17f871e2a6732abc3c4075fbee2cb999d,CVE-2021-24472
432587463,cckuailong/reapoc,2009/CVE-2009-2100/poc/pocsuite2/wait_to_be_added,2a7959f17f871e2a6732abc3c4075fbee2cb999d,CVE-2009-2100
432587463,cckuailong/reapoc,2011/CVE-2011-5107/poc/oneliner/wait_to_be_added,2a7959f17f871e2a6732abc3c4075fbee2cb999d,CVE-2011-5107
432587463,cckuailong/reapoc,2021/CVE-2021-24407/poc/pocsuite3/wait_to_be_added,2a7959f17f871e2a6732abc3c4075fbee2cb999d,CVE-2021-24407
432587463,cckuailong/reapoc,2011/CVE-2011-5179/poc/xray/wait_to_be_added,2a7959f17f871e2a6732abc3c4075fbee2cb999d,CVE-2011-5179
432587463,cckuailong/reapoc,2021/CVE-2021-3017/poc/oneliner/wait_to_be_added,2a7959f17f871e2a6732abc3c4075fbee2cb999d,CVE-2021-3017
432587463,cckuailong/reapoc,2021/CVE-2021-24406/poc/goby/wait_to_be_added,2a7959f17f871e2a6732abc3c4075fbee2cb999d,CVE-2021-24406
432587463,cckuailong/reapoc,2011/CVE-2011-5181/poc/oneliner/wait_to_be_added,2a7959f17f871e2a6732abc3c4075fbee2cb999d,CVE-2011-5181
432587463,cckuailong/reapoc,2011/CVE-2011-5265/poc/oneliner/wait_to_be_added,2a7959f17f871e2a6732abc3c4075fbee2cb999d,CVE-2011-5265
432587463,cckuailong/reapoc,2009/CVE-2009-2015/poc/oneliner/wait_to_be_added,2a7959f17f871e2a6732abc3c4075fbee2cb999d,CVE-2009-2015
432587463,cckuailong/reapoc,2021/CVE-2021-24389/poc/xray/wait_to_be_added,2a7959f17f871e2a6732abc3c4075fbee2cb999d,CVE-2021-24389
432587463,cckuailong/reapoc,2012/CVE-2012-0392/poc/goby/wait_to_be_added,2a7959f17f871e2a6732abc3c4075fbee2cb999d,CVE-2012-0392
432587463,cckuailong/reapoc,2021/CVE-2021-3019/poc/pocsuite2/wait_to_be_added,2a7959f17f871e2a6732abc3c4075fbee2cb999d,CVE-2021-3019
432587463,cckuailong/reapoc,2021/CVE-2021-24387/poc/oneliner/wait_to_be_added,2a7959f17f871e2a6732abc3c4075fbee2cb999d,CVE-2021-24387
432587463,cckuailong/reapoc,2011/CVE-2011-5106/poc/oneliner/wait_to_be_added,2a7959f17f871e2a6732abc3c4075fbee2cb999d,CVE-2011-5106
432587463,cckuailong/reapoc,2021/CVE-2021-25282/poc/nuclei/wait_to_be_added,2a7959f17f871e2a6732abc3c4075fbee2cb999d,CVE-2021-25282
432587463,cckuailong/reapoc,2009/CVE-2009-4202/poc/pocsuite2/wait_to_be_added,2a7959f17f871e2a6732abc3c4075fbee2cb999d,CVE-2009-4202
432587463,cckuailong/reapoc,2011/CVE-2011-2780/poc/oneliner/wait_to_be_added,2a7959f17f871e2a6732abc3c4075fbee2cb999d,CVE-2011-2780
432587463,cckuailong/reapoc,2021/CVE-2021-3297/poc/xray/wait_to_be_added,2a7959f17f871e2a6732abc3c4075fbee2cb999d,CVE-2021-3297
432587463,cckuailong/reapoc,2021/CVE-2021-26475/poc/others/wait_to_be_added,2a7959f17f871e2a6732abc3c4075fbee2cb999d,CVE-2021-26475
432587463,cckuailong/reapoc,2010/CVE-2010-3203/poc/oneliner/wait_to_be_added,2a7959f17f871e2a6732abc3c4075fbee2cb999d,CVE-2010-3203
432587463,cckuailong/reapoc,2010/CVE-2010-3426/poc/goby/wait_to_be_added,2a7959f17f871e2a6732abc3c4075fbee2cb999d,CVE-2010-3426
432587463,cckuailong/reapoc,2010/CVE-2010-0696/poc/goby/wait_to_be_added,2a7959f17f871e2a6732abc3c4075fbee2cb999d,CVE-2010-0696
432587463,cckuailong/reapoc,2010/CVE-2010-4231/poc/goby/wait_to_be_added,2a7959f17f871e2a6732abc3c4075fbee2cb999d,CVE-2010-4231
432587463,cckuailong/reapoc,2010/CVE-2010-4282/poc/goby/wait_to_be_added,2a7959f17f871e2a6732abc3c4075fbee2cb999d,CVE-2010-4282
432587463,cckuailong/reapoc,2021/CVE-2021-26295/poc/goby/wait_to_be_added,2a7959f17f871e2a6732abc3c4075fbee2cb999d,CVE-2021-26295
432587463,cckuailong/reapoc,2010/CVE-2010-0467/poc/oneliner/wait_to_be_added,2a7959f17f871e2a6732abc3c4075fbee2cb999d,CVE-2010-0467
432587463,cckuailong/reapoc,2021/CVE-2021-43778/poc/oneliner/wait_to_be_added,2a7959f17f871e2a6732abc3c4075fbee2cb999d,CVE-2021-43778
432587463,cckuailong/reapoc,2010/CVE-2010-4617/poc/pocsuite3/wait_to_be_added,2a7959f17f871e2a6732abc3c4075fbee2cb999d,CVE-2010-4617
432587463,cckuailong/reapoc,2010/CVE-2010-4719/poc/oneliner/wait_to_be_added,2a7959f17f871e2a6732abc3c4075fbee2cb999d,CVE-2010-4719
432587463,cckuailong/reapoc,2010/CVE-2010-0157/poc/oneliner/wait_to_be_added,2a7959f17f871e2a6732abc3c4075fbee2cb999d,CVE-2010-0157
432587463,cckuailong/reapoc,2021/CVE-2021-29622/poc/pocsuite2/wait_to_be_added,2a7959f17f871e2a6732abc3c4075fbee2cb999d,CVE-2021-29622
432587463,cckuailong/reapoc,2021/CVE-2021-26086/poc/oneliner/wait_to_be_added,2a7959f17f871e2a6732abc3c4075fbee2cb999d,CVE-2021-26086
432587463,cckuailong/reapoc,2021/CVE-2021-33357/poc/oneliner/wait_to_be_added,2a7959f17f871e2a6732abc3c4075fbee2cb999d,CVE-2021-33357
432587463,cckuailong/reapoc,2010/CVE-2010-4769/poc/oneliner/wait_to_be_added,2a7959f17f871e2a6732abc3c4075fbee2cb999d,CVE-2010-4769
432587463,cckuailong/reapoc,2011/CVE-2011-2744/poc/pocsuite3/wait_to_be_added,2a7959f17f871e2a6732abc3c4075fbee2cb999d,CVE-2011-2744
432587463,cckuailong/reapoc,2021/CVE-2021-33544/poc/goby/wait_to_be_added,2a7959f17f871e2a6732abc3c4075fbee2cb999d,CVE-2021-33544
432587463,cckuailong/reapoc,2021/CVE-2021-25646/poc/xray/wait_to_be_added,2a7959f17f871e2a6732abc3c4075fbee2cb999d,CVE-2021-25646
432587463,cckuailong/reapoc,2011/CVE-2011-1669/poc/goby/wait_to_be_added,2a7959f17f871e2a6732abc3c4075fbee2cb999d,CVE-2011-1669
432587463,cckuailong/reapoc,2021/CVE-2021-29625/poc/oneliner/wait_to_be_added,2a7959f17f871e2a6732abc3c4075fbee2cb999d,CVE-2021-29625
432587463,cckuailong/reapoc,2009/CVE-2009-4223/poc/xray/wait_to_be_added,2a7959f17f871e2a6732abc3c4075fbee2cb999d,CVE-2009-4223
432587463,cckuailong/reapoc,2012/CVE-2012-0896/poc/pocsuite3/wait_to_be_added,2a7959f17f871e2a6732abc3c4075fbee2cb999d,CVE-2012-0896
432587463,cckuailong/reapoc,2011/CVE-2011-0049/poc/pocsuite2/wait_to_be_added,2a7959f17f871e2a6732abc3c4075fbee2cb999d,CVE-2011-0049
432587463,cckuailong/reapoc,2010/CVE-2010-5286/poc/goby/wait_to_be_added,2a7959f17f871e2a6732abc3c4075fbee2cb999d,CVE-2010-5286
432587463,cckuailong/reapoc,2010/CVE-2010-5278/poc/oneliner/wait_to_be_added,2a7959f17f871e2a6732abc3c4075fbee2cb999d,CVE-2010-5278
432587463,cckuailong/reapoc,2021/CVE-2021-26085/poc/pocsuite3/wait_to_be_added,2a7959f17f871e2a6732abc3c4075fbee2cb999d,CVE-2021-26085
432587463,cckuailong/reapoc,2009/CVE-2009-5114/poc/goby/wait_to_be_added,2a7959f17f871e2a6732abc3c4075fbee2cb999d,CVE-2009-5114
432587463,cckuailong/reapoc,2010/CVE-2010-5028/poc/pocsuite3/wait_to_be_added,2a7959f17f871e2a6732abc3c4075fbee2cb999d,CVE-2010-5028
432587463,cckuailong/reapoc,2010/CVE-2010-4977/poc/goby/wait_to_be_added,2a7959f17f871e2a6732abc3c4075fbee2cb999d,CVE-2010-4977
432587463,cckuailong/reapoc,2009/CVE-2009-4679/poc/goby/wait_to_be_added,2a7959f17f871e2a6732abc3c4075fbee2cb999d,CVE-2009-4679
432587463,cckuailong/reapoc,2010/CVE-2010-0759/poc/xray/wait_to_be_added,2a7959f17f871e2a6732abc3c4075fbee2cb999d,CVE-2010-0759
432587463,cckuailong/reapoc,2009/CVE-2009-1872/poc/oneliner/wait_to_be_added,2a7959f17f871e2a6732abc3c4075fbee2cb999d,CVE-2009-1872
432587463,cckuailong/reapoc,2021/CVE-2021-24364/poc/pocsuite2/wait_to_be_added,2a7959f17f871e2a6732abc3c4075fbee2cb999d,CVE-2021-24364
432587463,cckuailong/reapoc,2021/CVE-2021-24278/poc/xray/wait_to_be_added,2a7959f17f871e2a6732abc3c4075fbee2cb999d,CVE-2021-24278
432587463,cckuailong/reapoc,2008/CVE-2008-6172/poc/xray/wait_to_be_added,2a7959f17f871e2a6732abc3c4075fbee2cb999d,CVE-2008-6172
432587463,cckuailong/reapoc,2012/CVE-2012-4940/poc/oneliner/wait_to_be_added,2a7959f17f871e2a6732abc3c4075fbee2cb999d,CVE-2012-4940
432587463,cckuailong/reapoc,2012/CVE-2012-5913/poc/goby/wait_to_be_added,2a7959f17f871e2a6732abc3c4075fbee2cb999d,CVE-2012-5913
432587463,cckuailong/reapoc,2021/CVE-2021-24276/poc/oneliner/wait_to_be_added,2a7959f17f871e2a6732abc3c4075fbee2cb999d,CVE-2021-24276
432587463,cckuailong/reapoc,2013/CVE-2013-1965/poc/oneliner/wait_to_be_added,2a7959f17f871e2a6732abc3c4075fbee2cb999d,CVE-2013-1965
432587463,cckuailong/reapoc,2021/CVE-2021-41653/poc/pocsuite2/wait_to_be_added,2a7959f17f871e2a6732abc3c4075fbee2cb999d,CVE-2021-41653
432587463,cckuailong/reapoc,2021/CVE-2021-32820/poc/others/wait_to_be_added,2a7959f17f871e2a6732abc3c4075fbee2cb999d,CVE-2021-32820
432587463,cckuailong/reapoc,2021/CVE-2021-31249/poc/goby/wait_to_be_added,2a7959f17f871e2a6732abc3c4075fbee2cb999d,CVE-2021-31249
432587463,cckuailong/reapoc,2008/CVE-2008-6080/poc/goby/wait_to_be_added,2a7959f17f871e2a6732abc3c4075fbee2cb999d,CVE-2008-6080
432587463,cckuailong/reapoc,2021/CVE-2021-24275/poc/pocsuite2/wait_to_be_added,2a7959f17f871e2a6732abc3c4075fbee2cb999d,CVE-2021-24275
432587463,cckuailong/reapoc,2013/CVE-2013-2248/poc/xray/wait_to_be_added,2a7959f17f871e2a6732abc3c4075fbee2cb999d,CVE-2013-2248
432587463,cckuailong/reapoc,2008/CVE-2008-5587/poc/goby/wait_to_be_added,2a7959f17f871e2a6732abc3c4075fbee2cb999d,CVE-2008-5587
432587463,cckuailong/reapoc,2013/CVE-2013-2251/poc/oneliner/wait_to_be_added,2a7959f17f871e2a6732abc3c4075fbee2cb999d,CVE-2013-2251
432587463,cckuailong/reapoc,2012/CVE-2012-4889/poc/xray/wait_to_be_added,2a7959f17f871e2a6732abc3c4075fbee2cb999d,CVE-2012-4889
432587463,cckuailong/reapoc,2008/CVE-2008-4764/poc/goby/wait_to_be_added,2a7959f17f871e2a6732abc3c4075fbee2cb999d,CVE-2008-4764
432587463,cckuailong/reapoc,2013/CVE-2013-2287/poc/xray/wait_to_be_added,2a7959f17f871e2a6732abc3c4075fbee2cb999d,CVE-2013-2287
432587463,cckuailong/reapoc,2008/CVE-2008-4668/poc/pocsuite3/wait_to_be_added,2a7959f17f871e2a6732abc3c4075fbee2cb999d,CVE-2008-4668
432587463,cckuailong/reapoc,2013/CVE-2013-3526/poc/oneliner/wait_to_be_added,2a7959f17f871e2a6732abc3c4075fbee2cb999d,CVE-2013-3526
432587463,cckuailong/reapoc,2021/CVE-2021-44427/poc/xray/wait_to_be_added,2a7959f17f871e2a6732abc3c4075fbee2cb999d,CVE-2021-44427
432587463,cckuailong/reapoc,2021/CVE-2021-24237/poc/pocsuite2/wait_to_be_added,2a7959f17f871e2a6732abc3c4075fbee2cb999d,CVE-2021-24237
432587463,cckuailong/reapoc,2013/CVE-2013-3827/poc/oneliner/wait_to_be_added,2a7959f17f871e2a6732abc3c4075fbee2cb999d,CVE-2013-3827
432587463,cckuailong/reapoc,2021/CVE-2021-24235/poc/others/wait_to_be_added,2a7959f17f871e2a6732abc3c4075fbee2cb999d,CVE-2021-24235
432587463,cckuailong/reapoc,2013/CVE-2013-4117/poc/pocsuite3/wait_to_be_added,2a7959f17f871e2a6732abc3c4075fbee2cb999d,CVE-2013-4117
432587463,cckuailong/reapoc,2021/CVE-2021-31250/poc/goby/wait_to_be_added,2a7959f17f871e2a6732abc3c4075fbee2cb999d,CVE-2021-31250
432587463,cckuailong/reapoc,2008/CVE-2008-2650/poc/goby/wait_to_be_added,2a7959f17f871e2a6732abc3c4075fbee2cb999d,CVE-2008-2650
432587463,cckuailong/reapoc,2013/CVE-2013-4625/poc/goby/wait_to_be_added,2a7959f17f871e2a6732abc3c4075fbee2cb999d,CVE-2013-4625
432587463,cckuailong/reapoc,2021/CVE-2021-24226/poc/xray/wait_to_be_added,2a7959f17f871e2a6732abc3c4075fbee2cb999d,CVE-2021-24226
432587463,cckuailong/reapoc,2013/CVE-2013-5528/poc/goby/wait_to_be_added,2a7959f17f871e2a6732abc3c4075fbee2cb999d,CVE-2013-5528
432587463,cckuailong/reapoc,2008/CVE-2008-2398/poc/pocsuite3/wait_to_be_added,2a7959f17f871e2a6732abc3c4075fbee2cb999d,CVE-2008-2398
432587463,cckuailong/reapoc,2021/CVE-2021-24274/poc/goby/wait_to_be_added,2a7959f17f871e2a6732abc3c4075fbee2cb999d,CVE-2021-24274
432587463,cckuailong/reapoc,2021/CVE-2021-24285/poc/goby/wait_to_be_added,2a7959f17f871e2a6732abc3c4075fbee2cb999d,CVE-2021-24285
432587463,cckuailong/reapoc,2008/CVE-2008-6222/poc/goby/wait_to_be_added,2a7959f17f871e2a6732abc3c4075fbee2cb999d,CVE-2008-6222
432587463,cckuailong/reapoc,2012/CVE-2012-4878/poc/goby/wait_to_be_added,2a7959f17f871e2a6732abc3c4075fbee2cb999d,CVE-2012-4878
432587463,cckuailong/reapoc,2021/CVE-2021-30213/poc/pocsuite3/wait_to_be_added,2a7959f17f871e2a6732abc3c4075fbee2cb999d,CVE-2021-30213
432587463,cckuailong/reapoc,2012/CVE-2012-0981/poc/goby/wait_to_be_added,2a7959f17f871e2a6732abc3c4075fbee2cb999d,CVE-2012-0981
432587463,cckuailong/reapoc,2021/CVE-2021-41773/poc/oneliner/wait_to_be_added,2a7959f17f871e2a6732abc3c4075fbee2cb999d,CVE-2021-41773
432587463,cckuailong/reapoc,2009/CVE-2009-1558/poc/oneliner/wait_to_be_added,2a7959f17f871e2a6732abc3c4075fbee2cb999d,CVE-2009-1558
432587463,cckuailong/reapoc,2012/CVE-2012-0991/poc/goby/wait_to_be_added,2a7959f17f871e2a6732abc3c4075fbee2cb999d,CVE-2012-0991
432587463,cckuailong/reapoc,2021/CVE-2021-24342/poc/others/wait_to_be_added,2a7959f17f871e2a6732abc3c4075fbee2cb999d,CVE-2021-24342
432587463,cckuailong/reapoc,2012/CVE-2012-0996/poc/pocsuite2/wait_to_be_added,2a7959f17f871e2a6732abc3c4075fbee2cb999d,CVE-2012-0996
432587463,cckuailong/reapoc,2021/CVE-2021-24340/poc/pocsuite3/wait_to_be_added,2a7959f17f871e2a6732abc3c4075fbee2cb999d,CVE-2021-24340
432587463,cckuailong/reapoc,2012/CVE-2012-1226/poc/xray/wait_to_be_added,2a7959f17f871e2a6732abc3c4075fbee2cb999d,CVE-2012-1226
432587463,cckuailong/reapoc,2012/CVE-2012-1823/poc/goby/wait_to_be_added,2a7959f17f871e2a6732abc3c4075fbee2cb999d,CVE-2012-1823
432587463,cckuailong/reapoc,2009/CVE-2009-1496/poc/pocsuite3/wait_to_be_added,2a7959f17f871e2a6732abc3c4075fbee2cb999d,CVE-2009-1496
432587463,cckuailong/reapoc,2021/CVE-2021-24335/poc/pocsuite2/wait_to_be_added,2a7959f17f871e2a6732abc3c4075fbee2cb999d,CVE-2021-24335
432587463,cckuailong/reapoc,2009/CVE-2009-1151/poc/oneliner/wait_to_be_added,2a7959f17f871e2a6732abc3c4075fbee2cb999d,CVE-2009-1151
432587463,cckuailong/reapoc,2012/CVE-2012-1835/poc/goby/wait_to_be_added,2a7959f17f871e2a6732abc3c4075fbee2cb999d,CVE-2012-1835
432587463,cckuailong/reapoc,2021/CVE-2021-30461/poc/pocsuite2/wait_to_be_added,2a7959f17f871e2a6732abc3c4075fbee2cb999d,CVE-2021-30461
432587463,cckuailong/reapoc,2009/CVE-2009-0932/poc/oneliner/wait_to_be_added,2a7959f17f871e2a6732abc3c4075fbee2cb999d,CVE-2009-0932
432587463,cckuailong/reapoc,2021/CVE-2021-24320/poc/pocsuite3/wait_to_be_added,2a7959f17f871e2a6732abc3c4075fbee2cb999d,CVE-2021-24320
432587463,cckuailong/reapoc,2021/CVE-2021-24288/poc/pocsuite2/wait_to_be_added,2a7959f17f871e2a6732abc3c4075fbee2cb999d,CVE-2021-24288
432587463,cckuailong/reapoc,2012/CVE-2012-4768/poc/goby/wait_to_be_added,2a7959f17f871e2a6732abc3c4075fbee2cb999d,CVE-2012-4768
432587463,cckuailong/reapoc,2012/CVE-2012-4273/poc/pocsuite3/wait_to_be_added,2a7959f17f871e2a6732abc3c4075fbee2cb999d,CVE-2012-4273
432587463,cckuailong/reapoc,2021/CVE-2021-3374/poc/pocsuite2/wait_to_be_added,2a7959f17f871e2a6732abc3c4075fbee2cb999d,CVE-2021-3374
432587463,cckuailong/reapoc,2008/CVE-2008-6668/poc/goby/wait_to_be_added,2a7959f17f871e2a6732abc3c4075fbee2cb999d,CVE-2008-6668
432587463,cckuailong/reapoc,2012/CVE-2012-4253/poc/oneliner/wait_to_be_added,2a7959f17f871e2a6732abc3c4075fbee2cb999d,CVE-2012-4253
432587463,cckuailong/reapoc,2012/CVE-2012-0901/poc/oneliner/wait_to_be_added,2a7959f17f871e2a6732abc3c4075fbee2cb999d,CVE-2012-0901
432587463,cckuailong/reapoc,2021/CVE-2021-24291/poc/pocsuite2/wait_to_be_added,2a7959f17f871e2a6732abc3c4075fbee2cb999d,CVE-2021-24291
432587463,cckuailong/reapoc,2021/CVE-2021-24298/poc/pocsuite2/wait_to_be_added,2a7959f17f871e2a6732abc3c4075fbee2cb999d,CVE-2021-24298
432587463,cckuailong/reapoc,2021/CVE-2021-30497/poc/others/wait_to_be_added,2a7959f17f871e2a6732abc3c4075fbee2cb999d,CVE-2021-30497
432587463,cckuailong/reapoc,2012/CVE-2012-3153/poc/xray/wait_to_be_added,2a7959f17f871e2a6732abc3c4075fbee2cb999d,CVE-2012-3153
432587463,cckuailong/reapoc,2009/CVE-2009-0545/poc/xray/wait_to_be_added,2a7959f17f871e2a6732abc3c4075fbee2cb999d,CVE-2009-0545
432587463,cckuailong/reapoc,2021/CVE-2021-24316/poc/goby/wait_to_be_added,2a7959f17f871e2a6732abc3c4075fbee2cb999d,CVE-2021-24316
432587463,cckuailong/reapoc,2012/CVE-2012-2371/poc/pocsuite3/wait_to_be_added,2a7959f17f871e2a6732abc3c4075fbee2cb999d,CVE-2012-2371
432587463,cckuailong/reapoc,2012/CVE-2012-4242/poc/oneliner/wait_to_be_added,2a7959f17f871e2a6732abc3c4075fbee2cb999d,CVE-2012-4242
432587463,cckuailong/reapoc,2021/CVE-2021-24210/poc/goby/wait_to_be_added,2a7959f17f871e2a6732abc3c4075fbee2cb999d,CVE-2021-24210
432587463,cckuailong/reapoc,2010/CVE-2010-2920/poc/pocsuite2/wait_to_be_added,2a7959f17f871e2a6732abc3c4075fbee2cb999d,CVE-2010-2920
432587463,cckuailong/reapoc,2010/CVE-2010-0942/poc/goby/wait_to_be_added,2a7959f17f871e2a6732abc3c4075fbee2cb999d,CVE-2010-0942
432587463,cckuailong/reapoc,2010/CVE-2010-1352/poc/goby/wait_to_be_added,2a7959f17f871e2a6732abc3c4075fbee2cb999d,CVE-2010-1352
432587463,cckuailong/reapoc,2010/CVE-2010-1657/poc/pocsuite3/wait_to_be_added,2a7959f17f871e2a6732abc3c4075fbee2cb999d,CVE-2010-1657
432587463,cckuailong/reapoc,2021/CVE-2021-28073/poc/pocsuite2/wait_to_be_added,2a7959f17f871e2a6732abc3c4075fbee2cb999d,CVE-2021-28073
432587463,cckuailong/reapoc,2010/CVE-2010-1658/poc/xray/wait_to_be_added,2a7959f17f871e2a6732abc3c4075fbee2cb999d,CVE-2010-1658
432587463,cckuailong/reapoc,2010/CVE-2010-1345/poc/pocsuite2/wait_to_be_added,2a7959f17f871e2a6732abc3c4075fbee2cb999d,CVE-2010-1345
432587463,cckuailong/reapoc,2010/CVE-2010-1659/poc/xray/wait_to_be_added,2a7959f17f871e2a6732abc3c4075fbee2cb999d,CVE-2010-1659
432587463,cckuailong/reapoc,2021/CVE-2021-33044/poc/oneliner/wait_to_be_added,2a7959f17f871e2a6732abc3c4075fbee2cb999d,CVE-2021-33044
432587463,cckuailong/reapoc,2010/CVE-2010-1714/poc/pocsuite3/wait_to_be_added,2a7959f17f871e2a6732abc3c4075fbee2cb999d,CVE-2010-1714
432587463,cckuailong/reapoc,2021/CVE-2021-27931/poc/others/wait_to_be_added,2a7959f17f871e2a6732abc3c4075fbee2cb999d,CVE-2021-27931
432587463,cckuailong/reapoc,2010/CVE-2010-1340/poc/oneliner/wait_to_be_added,2a7959f17f871e2a6732abc3c4075fbee2cb999d,CVE-2010-1340
432587463,cckuailong/reapoc,2010/CVE-2010-1715/poc/oneliner/wait_to_be_added,2a7959f17f871e2a6732abc3c4075fbee2cb999d,CVE-2010-1715
432587463,cckuailong/reapoc,2021/CVE-2021-28937/poc/pocsuite3/wait_to_be_added,2a7959f17f871e2a6732abc3c4075fbee2cb999d,CVE-2021-28937
432587463,cckuailong/reapoc,2010/CVE-2010-1717/poc/xray/wait_to_be_added,2a7959f17f871e2a6732abc3c4075fbee2cb999d,CVE-2010-1717
432587463,cckuailong/reapoc,2010/CVE-2010-1718/poc/oneliner/wait_to_be_added,2a7959f17f871e2a6732abc3c4075fbee2cb999d,CVE-2010-1718
432587463,cckuailong/reapoc,2021/CVE-2021-28918/poc/pocsuite2/wait_to_be_added,2a7959f17f871e2a6732abc3c4075fbee2cb999d,CVE-2021-28918
432587463,cckuailong/reapoc,2021/CVE-2021-42237/poc/goby/wait_to_be_added,2a7959f17f871e2a6732abc3c4075fbee2cb999d,CVE-2021-42237
432587463,cckuailong/reapoc,2010/CVE-2010-1719/poc/oneliner/wait_to_be_added,2a7959f17f871e2a6732abc3c4075fbee2cb999d,CVE-2010-1719
432587463,cckuailong/reapoc,2010/CVE-2010-1315/poc/goby/wait_to_be_added,2a7959f17f871e2a6732abc3c4075fbee2cb999d,CVE-2010-1315
432587463,cckuailong/reapoc,2010/CVE-2010-1722/poc/oneliner/wait_to_be_added,2a7959f17f871e2a6732abc3c4075fbee2cb999d,CVE-2010-1722
432587463,cckuailong/reapoc,2021/CVE-2021-27905/poc/pocsuite2/wait_to_be_added,2a7959f17f871e2a6732abc3c4075fbee2cb999d,CVE-2021-27905
432587463,cckuailong/reapoc,2010/CVE-2010-1314/poc/pocsuite2/wait_to_be_added,2a7959f17f871e2a6732abc3c4075fbee2cb999d,CVE-2010-1314
432587463,cckuailong/reapoc,2010/CVE-2010-1723/poc/goby/wait_to_be_added,2a7959f17f871e2a6732abc3c4075fbee2cb999d,CVE-2010-1723
432587463,cckuailong/reapoc,2010/CVE-2010-1858/poc/pocsuite2/wait_to_be_added,2a7959f17f871e2a6732abc3c4075fbee2cb999d,CVE-2010-1858
432587463,cckuailong/reapoc,2010/CVE-2010-1313/poc/pocsuite3/wait_to_be_added,2a7959f17f871e2a6732abc3c4075fbee2cb999d,CVE-2010-1313
432587463,cckuailong/reapoc,2021/CVE-2021-27850/poc/pocsuite2/wait_to_be_added,2a7959f17f871e2a6732abc3c4075fbee2cb999d,CVE-2021-27850
432587463,cckuailong/reapoc,2010/CVE-2010-1870/poc/xray/wait_to_be_added,2a7959f17f871e2a6732abc3c4075fbee2cb999d,CVE-2010-1870
432587463,cckuailong/reapoc,2010/CVE-2010-1871/poc/pocsuite2/wait_to_be_added,2a7959f17f871e2a6732abc3c4075fbee2cb999d,CVE-2010-1871
432587463,cckuailong/reapoc,2021/CVE-2021-29156/poc/oneliner/wait_to_be_added,2a7959f17f871e2a6732abc3c4075fbee2cb999d,CVE-2021-29156
432587463,cckuailong/reapoc,2010/CVE-2010-1873/poc/oneliner/wait_to_be_added,2a7959f17f871e2a6732abc3c4075fbee2cb999d,CVE-2010-1873
432587463,cckuailong/reapoc,2010/CVE-2010-1875/poc/pocsuite2/wait_to_be_added,2a7959f17f871e2a6732abc3c4075fbee2cb999d,CVE-2010-1875
432587463,cckuailong/reapoc,2021/CVE-2021-42566/poc/xray/wait_to_be_added,2a7959f17f871e2a6732abc3c4075fbee2cb999d,CVE-2021-42566
432587463,cckuailong/reapoc,2010/CVE-2010-1653/poc/xray/wait_to_be_added,2a7959f17f871e2a6732abc3c4075fbee2cb999d,CVE-2010-1653
432587463,cckuailong/reapoc,2010/CVE-2010-1607/poc/pocsuite3/wait_to_be_added,2a7959f17f871e2a6732abc3c4075fbee2cb999d,CVE-2010-1607
432587463,cckuailong/reapoc,2010/CVE-2010-1603/poc/pocsuite3/wait_to_be_added,2a7959f17f871e2a6732abc3c4075fbee2cb999d,CVE-2010-1603
432587463,cckuailong/reapoc,2010/CVE-2010-1474/poc/goby/wait_to_be_added,2a7959f17f871e2a6732abc3c4075fbee2cb999d,CVE-2010-1474
432587463,cckuailong/reapoc,2010/CVE-2010-1475/poc/pocsuite2/wait_to_be_added,2a7959f17f871e2a6732abc3c4075fbee2cb999d,CVE-2010-1475
432587463,cckuailong/reapoc,2010/CVE-2010-1473/poc/pocsuite3/wait_to_be_added,2a7959f17f871e2a6732abc3c4075fbee2cb999d,CVE-2010-1473
432587463,cckuailong/reapoc,2010/CVE-2010-1476/poc/pocsuite3/wait_to_be_added,2a7959f17f871e2a6732abc3c4075fbee2cb999d,CVE-2010-1476
432587463,cckuailong/reapoc,2010/CVE-2010-1478/poc/xray/wait_to_be_added,2a7959f17f871e2a6732abc3c4075fbee2cb999d,CVE-2010-1478
432587463,cckuailong/reapoc,2010/CVE-2010-1472/poc/oneliner/wait_to_be_added,2a7959f17f871e2a6732abc3c4075fbee2cb999d,CVE-2010-1472
432587463,cckuailong/reapoc,2021/CVE-2021-28164/poc/pocsuite2/wait_to_be_added,2a7959f17f871e2a6732abc3c4075fbee2cb999d,CVE-2021-28164
432587463,cckuailong/reapoc,2010/CVE-2010-1491/poc/oneliner/wait_to_be_added,2a7959f17f871e2a6732abc3c4075fbee2cb999d,CVE-2010-1491
432587463,cckuailong/reapoc,2021/CVE-2021-42565/poc/goby/wait_to_be_added,2a7959f17f871e2a6732abc3c4075fbee2cb999d,CVE-2021-42565
432587463,cckuailong/reapoc,2010/CVE-2010-1494/poc/xray/wait_to_be_added,2a7959f17f871e2a6732abc3c4075fbee2cb999d,CVE-2010-1494
432587463,cckuailong/reapoc,2010/CVE-2010-1471/poc/oneliner/wait_to_be_added,2a7959f17f871e2a6732abc3c4075fbee2cb999d,CVE-2010-1471
432587463,cckuailong/reapoc,2010/CVE-2010-1495/poc/pocsuite2/wait_to_be_added,2a7959f17f871e2a6732abc3c4075fbee2cb999d,CVE-2010-1495
432587463,cckuailong/reapoc,2010/CVE-2010-1531/poc/goby/wait_to_be_added,2a7959f17f871e2a6732abc3c4075fbee2cb999d,CVE-2010-1531
432587463,cckuailong/reapoc,2010/CVE-2010-1470/poc/goby/wait_to_be_added,2a7959f17f871e2a6732abc3c4075fbee2cb999d,CVE-2010-1470
432587463,cckuailong/reapoc,2010/CVE-2010-1532/poc/pocsuite3/wait_to_be_added,2a7959f17f871e2a6732abc3c4075fbee2cb999d,CVE-2010-1532
432587463,cckuailong/reapoc,2010/CVE-2010-1469/poc/oneliner/wait_to_be_added,2a7959f17f871e2a6732abc3c4075fbee2cb999d,CVE-2010-1469
432587463,cckuailong/reapoc,2021/CVE-2021-28151/poc/others/wait_to_be_added,2a7959f17f871e2a6732abc3c4075fbee2cb999d,CVE-2021-28151
432587463,cckuailong/reapoc,2021/CVE-2021-28149/poc/pocsuite3/wait_to_be_added,2a7959f17f871e2a6732abc3c4075fbee2cb999d,CVE-2021-28149
432587463,cckuailong/reapoc,2010/CVE-2010-1353/poc/xray/wait_to_be_added,2a7959f17f871e2a6732abc3c4075fbee2cb999d,CVE-2010-1353
432587463,cckuailong/reapoc,2010/CVE-2010-1602/poc/goby/wait_to_be_added,2a7959f17f871e2a6732abc3c4075fbee2cb999d,CVE-2010-1602
432587463,cckuailong/reapoc,2010/CVE-2010-1601/poc/pocsuite3/wait_to_be_added,2a7959f17f871e2a6732abc3c4075fbee2cb999d,CVE-2010-1601
432587463,cckuailong/reapoc,2021/CVE-2021-28854/poc/goby/wait_to_be_added,2a7959f17f871e2a6732abc3c4075fbee2cb999d,CVE-2021-28854
432587463,cckuailong/reapoc,2021/CVE-2021-28150/poc/others/wait_to_be_added,2a7959f17f871e2a6732abc3c4075fbee2cb999d,CVE-2021-28150
432587463,cckuailong/reapoc,2010/CVE-2010-1312/poc/oneliner/wait_to_be_added,2a7959f17f871e2a6732abc3c4075fbee2cb999d,CVE-2010-1312
432587463,cckuailong/reapoc,2010/CVE-2010-1540/poc/oneliner/wait_to_be_added,2a7959f17f871e2a6732abc3c4075fbee2cb999d,CVE-2010-1540
432587463,cckuailong/reapoc,2021/CVE-2021-42258/poc/xray/wait_to_be_added,2a7959f17f871e2a6732abc3c4075fbee2cb999d,CVE-2021-42258
432587463,cckuailong/reapoc,2010/CVE-2010-1535/poc/pocsuite2/wait_to_be_added,2a7959f17f871e2a6732abc3c4075fbee2cb999d,CVE-2010-1535
432587463,cckuailong/reapoc,2010/CVE-2010-1461/poc/oneliner/wait_to_be_added,2a7959f17f871e2a6732abc3c4075fbee2cb999d,CVE-2010-1461
432587463,cckuailong/reapoc,2010/CVE-2010-1534/poc/pocsuite2/wait_to_be_added,2a7959f17f871e2a6732abc3c4075fbee2cb999d,CVE-2010-1534
432587463,cckuailong/reapoc,2021/CVE-2021-28810/poc/pocsuite2/wait_to_be_added,2a7959f17f871e2a6732abc3c4075fbee2cb999d,CVE-2021-28810
432587463,cckuailong/reapoc,2010/CVE-2010-1533/poc/oneliner/wait_to_be_added,2a7959f17f871e2a6732abc3c4075fbee2cb999d,CVE-2010-1533
432587463,cckuailong/reapoc,2010/CVE-2010-1354/poc/pocsuite3/wait_to_be_added,2a7959f17f871e2a6732abc3c4075fbee2cb999d,CVE-2010-1354
432587463,cckuailong/reapoc,2010/CVE-2010-2918/poc/xray/wait_to_be_added,2a7959f17f871e2a6732abc3c4075fbee2cb999d,CVE-2010-2918
432587463,cckuailong/reapoc,2010/CVE-2010-1878/poc/pocsuite2/wait_to_be_added,2a7959f17f871e2a6732abc3c4075fbee2cb999d,CVE-2010-1878
432587463,cckuailong/reapoc,2021/CVE-2021-27651/poc/xray/wait_to_be_added,2a7959f17f871e2a6732abc3c4075fbee2cb999d,CVE-2021-27651
432587463,cckuailong/reapoc,2021/CVE-2021-26885/poc/oneliner/wait_to_be_added,2a7959f17f871e2a6732abc3c4075fbee2cb999d,CVE-2021-26885
432587463,cckuailong/reapoc,2021/CVE-2021-43495/poc/goby/wait_to_be_added,2a7959f17f871e2a6732abc3c4075fbee2cb999d,CVE-2021-43495
432587463,cckuailong/reapoc,2010/CVE-2010-2036/poc/oneliner/wait_to_be_added,2a7959f17f871e2a6732abc3c4075fbee2cb999d,CVE-2010-2036
432587463,cckuailong/reapoc,2010/CVE-2010-2037/poc/goby/wait_to_be_added,2a7959f17f871e2a6732abc3c4075fbee2cb999d,CVE-2010-2037
432587463,cckuailong/reapoc,2010/CVE-2010-1056/poc/goby/wait_to_be_added,2a7959f17f871e2a6732abc3c4075fbee2cb999d,CVE-2010-1056
432587463,cckuailong/reapoc,2010/CVE-2010-0985/poc/xray/wait_to_be_added,2a7959f17f871e2a6732abc3c4075fbee2cb999d,CVE-2010-0985
432587463,cckuailong/reapoc,2021/CVE-2021-26855/poc/pocsuite3/wait_to_be_added,2a7959f17f871e2a6732abc3c4075fbee2cb999d,CVE-2021-26855
432587463,cckuailong/reapoc,2010/CVE-2010-2045/poc/pocsuite3/wait_to_be_added,2a7959f17f871e2a6732abc3c4075fbee2cb999d,CVE-2010-2045
432587463,cckuailong/reapoc,2021/CVE-2021-33221/poc/pocsuite2/wait_to_be_added,2a7959f17f871e2a6732abc3c4075fbee2cb999d,CVE-2021-33221
432587463,cckuailong/reapoc,2010/CVE-2010-2050/poc/xray/wait_to_be_added,2a7959f17f871e2a6732abc3c4075fbee2cb999d,CVE-2010-2050
432587463,cckuailong/reapoc,2010/CVE-2010-0982/poc/xray/wait_to_be_added,2a7959f17f871e2a6732abc3c4075fbee2cb999d,CVE-2010-0982
432587463,cckuailong/reapoc,2010/CVE-2010-2122/poc/pocsuite3/wait_to_be_added,2a7959f17f871e2a6732abc3c4075fbee2cb999d,CVE-2010-2122
432587463,cckuailong/reapoc,2021/CVE-2021-26812/poc/xray/wait_to_be_added,2a7959f17f871e2a6732abc3c4075fbee2cb999d,CVE-2021-26812
432587463,cckuailong/reapoc,2010/CVE-2010-2128/poc/xray/wait_to_be_added,2a7959f17f871e2a6732abc3c4075fbee2cb999d,CVE-2010-2128
432587463,cckuailong/reapoc,2010/CVE-2010-1081/poc/oneliner/wait_to_be_added,2a7959f17f871e2a6732abc3c4075fbee2cb999d,CVE-2010-1081
432587463,cckuailong/reapoc,2010/CVE-2010-0972/poc/xray/wait_to_be_added,2a7959f17f871e2a6732abc3c4075fbee2cb999d,CVE-2010-0972
432587463,cckuailong/reapoc,2021/CVE-2021-29484/poc/others/wait_to_be_added,2a7959f17f871e2a6732abc3c4075fbee2cb999d,CVE-2021-29484
432587463,cckuailong/reapoc,2010/CVE-2010-2307/poc/goby/wait_to_be_added,2a7959f17f871e2a6732abc3c4075fbee2cb999d,CVE-2010-2307
432587463,cckuailong/reapoc,2010/CVE-2010-2507/poc/xray/wait_to_be_added,2a7959f17f871e2a6732abc3c4075fbee2cb999d,CVE-2010-2507
432587463,cckuailong/reapoc,2010/CVE-2010-0944/poc/pocsuite3/wait_to_be_added,2a7959f17f871e2a6732abc3c4075fbee2cb999d,CVE-2010-0944
432587463,cckuailong/reapoc,2021/CVE-2021-41826/poc/oneliner/wait_to_be_added,2a7959f17f871e2a6732abc3c4075fbee2cb999d,CVE-2021-41826
432587463,cckuailong/reapoc,2021/CVE-2021-26723/poc/oneliner/wait_to_be_added,2a7959f17f871e2a6732abc3c4075fbee2cb999d,CVE-2021-26723
432587463,cckuailong/reapoc,2010/CVE-2010-2680/poc/xray/wait_to_be_added,2a7959f17f871e2a6732abc3c4075fbee2cb999d,CVE-2010-2680
432587463,cckuailong/reapoc,2010/CVE-2010-2682/poc/xray/wait_to_be_added,2a7959f17f871e2a6732abc3c4075fbee2cb999d,CVE-2010-2682
432587463,cckuailong/reapoc,2010/CVE-2010-0943/poc/oneliner/wait_to_be_added,2a7959f17f871e2a6732abc3c4075fbee2cb999d,CVE-2010-0943
432587463,cckuailong/reapoc,2010/CVE-2010-2857/poc/oneliner/wait_to_be_added,2a7959f17f871e2a6732abc3c4075fbee2cb999d,CVE-2010-2857
432587463,cckuailong/reapoc,2021/CVE-2021-26722/poc/others/wait_to_be_added,2a7959f17f871e2a6732abc3c4075fbee2cb999d,CVE-2021-26722
432587463,cckuailong/reapoc,2010/CVE-2010-2861/poc/pocsuite2/wait_to_be_added,2a7959f17f871e2a6732abc3c4075fbee2cb999d,CVE-2010-2861
432587463,cckuailong/reapoc,2021/CVE-2021-26710/poc/others/wait_to_be_added,2a7959f17f871e2a6732abc3c4075fbee2cb999d,CVE-2021-26710
432587463,cckuailong/reapoc,2021/CVE-2021-29490/poc/goby/wait_to_be_added,2a7959f17f871e2a6732abc3c4075fbee2cb999d,CVE-2021-29490
432587463,cckuailong/reapoc,2010/CVE-2010-2259/poc/pocsuite2/wait_to_be_added,2a7959f17f871e2a6732abc3c4075fbee2cb999d,CVE-2010-2259
432587463,cckuailong/reapoc,2010/CVE-2010-2035/poc/goby/wait_to_be_added,2a7959f17f871e2a6732abc3c4075fbee2cb999d,CVE-2010-2035
432587463,cckuailong/reapoc,2021/CVE-2021-29442/poc/pocsuite3/wait_to_be_added,2a7959f17f871e2a6732abc3c4075fbee2cb999d,CVE-2021-29442
432587463,cckuailong/reapoc,2010/CVE-2010-2034/poc/goby/wait_to_be_added,2a7959f17f871e2a6732abc3c4075fbee2cb999d,CVE-2010-2034
432587463,cckuailong/reapoc,2021/CVE-2021-43287/poc/oneliner/wait_to_be_added,2a7959f17f871e2a6732abc3c4075fbee2cb999d,CVE-2021-43287
432587463,cckuailong/reapoc,2010/CVE-2010-1953/poc/oneliner/wait_to_be_added,2a7959f17f871e2a6732abc3c4075fbee2cb999d,CVE-2010-1953
432587463,cckuailong/reapoc,2010/CVE-2010-1308/poc/goby/wait_to_be_added,2a7959f17f871e2a6732abc3c4075fbee2cb999d,CVE-2010-1308
432587463,cckuailong/reapoc,2021/CVE-2021-42013/poc/goby/wait_to_be_added,2a7959f17f871e2a6732abc3c4075fbee2cb999d,CVE-2021-42013
432587463,cckuailong/reapoc,2010/CVE-2010-1954/poc/xray/wait_to_be_added,2a7959f17f871e2a6732abc3c4075fbee2cb999d,CVE-2010-1954
432587463,cckuailong/reapoc,2010/CVE-2010-1307/poc/pocsuite2/wait_to_be_added,2a7959f17f871e2a6732abc3c4075fbee2cb999d,CVE-2010-1307
432587463,cckuailong/reapoc,2021/CVE-2021-29203/poc/pocsuite2/wait_to_be_added,2a7959f17f871e2a6732abc3c4075fbee2cb999d,CVE-2021-29203
432587463,cckuailong/reapoc,2010/CVE-2010-1955/poc/pocsuite3/wait_to_be_added,2a7959f17f871e2a6732abc3c4075fbee2cb999d,CVE-2010-1955
432587463,cckuailong/reapoc,2010/CVE-2010-1956/poc/goby/wait_to_be_added,2a7959f17f871e2a6732abc3c4075fbee2cb999d,CVE-2010-1956
432587463,cckuailong/reapoc,2021/CVE-2021-27561/poc/pocsuite2/wait_to_be_added,2a7959f17f871e2a6732abc3c4075fbee2cb999d,CVE-2021-27561
432587463,cckuailong/reapoc,2010/CVE-2010-1306/poc/xray/wait_to_be_added,2a7959f17f871e2a6732abc3c4075fbee2cb999d,CVE-2010-1306
432587463,cckuailong/reapoc,2010/CVE-2010-1957/poc/oneliner/wait_to_be_added,2a7959f17f871e2a6732abc3c4075fbee2cb999d,CVE-2010-1957
432587463,cckuailong/reapoc,2010/CVE-2010-1977/poc/goby/wait_to_be_added,2a7959f17f871e2a6732abc3c4075fbee2cb999d,CVE-2010-1977
432587463,cckuailong/reapoc,2021/CVE-2021-27330/poc/oneliner/wait_to_be_added,2a7959f17f871e2a6732abc3c4075fbee2cb999d,CVE-2021-27330
432587463,cckuailong/reapoc,2021/CVE-2021-29441/poc/pocsuite2/wait_to_be_added,2a7959f17f871e2a6732abc3c4075fbee2cb999d,CVE-2021-29441
432587463,cckuailong/reapoc,2010/CVE-2010-1305/poc/goby/wait_to_be_added,2a7959f17f871e2a6732abc3c4075fbee2cb999d,CVE-2010-1305
432587463,cckuailong/reapoc,2010/CVE-2010-1979/poc/goby/wait_to_be_added,2a7959f17f871e2a6732abc3c4075fbee2cb999d,CVE-2010-1979
432587463,cckuailong/reapoc,2010/CVE-2010-1217/poc/oneliner/wait_to_be_added,2a7959f17f871e2a6732abc3c4075fbee2cb999d,CVE-2010-1217
432587463,cckuailong/reapoc,2021/CVE-2021-27132/poc/goby/wait_to_be_added,2a7959f17f871e2a6732abc3c4075fbee2cb999d,CVE-2021-27132
432587463,cckuailong/reapoc,2010/CVE-2010-1219/poc/goby/wait_to_be_added,2a7959f17f871e2a6732abc3c4075fbee2cb999d,CVE-2010-1219
432587463,cckuailong/reapoc,2010/CVE-2010-2033/poc/goby/wait_to_be_added,2a7959f17f871e2a6732abc3c4075fbee2cb999d,CVE-2010-2033
432587463,cckuailong/reapoc,2021/CVE-2021-41878/poc/pocsuite2/wait_to_be_added,2a7959f17f871e2a6732abc3c4075fbee2cb999d,CVE-2021-41878
432587463,cckuailong/reapoc,2010/CVE-2010-1983/poc/oneliner/wait_to_be_added,2a7959f17f871e2a6732abc3c4075fbee2cb999d,CVE-2010-1983
432587463,cckuailong/reapoc,2010/CVE-2010-1952/poc/oneliner/wait_to_be_added,2a7959f17f871e2a6732abc3c4075fbee2cb999d,CVE-2010-1952
432587463,cckuailong/reapoc,2010/CVE-2010-1982/poc/pocsuite3/wait_to_be_added,2a7959f17f871e2a6732abc3c4075fbee2cb999d,CVE-2010-1982
432587463,cckuailong/reapoc,2010/CVE-2010-1981/poc/pocsuite2/wait_to_be_added,2a7959f17f871e2a6732abc3c4075fbee2cb999d,CVE-2010-1981
432587463,cckuailong/reapoc,2021/CVE-2021-27310/poc/pocsuite3/wait_to_be_added,2a7959f17f871e2a6732abc3c4075fbee2cb999d,CVE-2021-27310
432587463,cckuailong/reapoc,2010/CVE-2010-1304/poc/goby/wait_to_be_added,2a7959f17f871e2a6732abc3c4075fbee2cb999d,CVE-2010-1304
432587463,cckuailong/reapoc,2010/CVE-2010-1980/poc/oneliner/wait_to_be_added,2a7959f17f871e2a6732abc3c4075fbee2cb999d,CVE-2010-1980
432587463,cckuailong/reapoc,2021/CVE-2021-22005/poc/pocsuite2/wait_to_be_added,2a7959f17f871e2a6732abc3c4075fbee2cb999d,CVE-2021-22005
432587463,cckuailong/reapoc,2021/CVE-2021-41951/poc/xray/wait_to_be_added,2a7959f17f871e2a6732abc3c4075fbee2cb999d,CVE-2021-41951
432587463,cckuailong/reapoc,2010/CVE-2010-1302/poc/pocsuite3/wait_to_be_added,2a7959f17f871e2a6732abc3c4075fbee2cb999d,CVE-2010-1302
432587463,cckuailong/reapoc,2013/CVE-2013-5979/poc/oneliner/wait_to_be_added,2a7959f17f871e2a6732abc3c4075fbee2cb999d,CVE-2013-5979
432587463,cckuailong/reapoc,2021/CVE-2021-28169/poc/goby/wait_to_be_added,2a7959f17f871e2a6732abc3c4075fbee2cb999d,CVE-2021-28169
432587463,cckuailong/reapoc,2014/CVE-2014-4561/poc/oneliner/wait_to_be_added,2a7959f17f871e2a6732abc3c4075fbee2cb999d,CVE-2014-4561
432587463,cckuailong/reapoc,2000/CVE-2000-0114/poc/goby/wait_to_be_added,2a7959f17f871e2a6732abc3c4075fbee2cb999d,CVE-2000-0114
432587463,cckuailong/reapoc,2021/CVE-2021-41648/poc/pocsuite2/wait_to_be_added,2a7959f17f871e2a6732abc3c4075fbee2cb999d,CVE-2021-41648
432587463,cckuailong/reapoc,2021/CVE-2021-31537/poc/pocsuite2/wait_to_be_added,2a7959f17f871e2a6732abc3c4075fbee2cb999d,CVE-2021-31537
432587463,cckuailong/reapoc,2014/CVE-2014-9617/poc/pocsuite2/wait_to_be_added,2a7959f17f871e2a6732abc3c4075fbee2cb999d,CVE-2014-9617
432587463,cckuailong/reapoc,2014/CVE-2014-2321/poc/pocsuite2/wait_to_be_added,2a7959f17f871e2a6732abc3c4075fbee2cb999d,CVE-2014-2321
432587463,cckuailong/reapoc,2014/CVE-2014-4539/poc/pocsuite2/wait_to_be_added,2a7959f17f871e2a6732abc3c4075fbee2cb999d,CVE-2014-4539
432587463,cckuailong/reapoc,2014/CVE-2014-5258/poc/goby/wait_to_be_added,2a7959f17f871e2a6732abc3c4075fbee2cb999d,CVE-2014-5258
432587463,cckuailong/reapoc,2014/CVE-2014-3744/poc/xray/wait_to_be_added,2a7959f17f871e2a6732abc3c4075fbee2cb999d,CVE-2014-3744
432587463,cckuailong/reapoc,2014/CVE-2014-9606/poc/oneliner/wait_to_be_added,2a7959f17f871e2a6732abc3c4075fbee2cb999d,CVE-2014-9606
432587463,cckuailong/reapoc,2014/CVE-2014-9618/poc/pocsuite3/wait_to_be_added,2a7959f17f871e2a6732abc3c4075fbee2cb999d,CVE-2014-9618
432587463,cckuailong/reapoc,2002/CVE-2002-1131/poc/oneliner/wait_to_be_added,2a7959f17f871e2a6732abc3c4075fbee2cb999d,CVE-2002-1131
432587463,cckuailong/reapoc,2006/CVE-2006-2842/poc/pocsuite2/wait_to_be_added,2a7959f17f871e2a6732abc3c4075fbee2cb999d,CVE-2006-2842
432587463,cckuailong/reapoc,2014/CVE-2014-10037/poc/pocsuite3/wait_to_be_added,2a7959f17f871e2a6732abc3c4075fbee2cb999d,CVE-2014-10037
432587463,cckuailong/reapoc,2021/CVE-2021-3223/poc/others/wait_to_be_added,2a7959f17f871e2a6732abc3c4075fbee2cb999d,CVE-2021-3223
432587463,cckuailong/reapoc,2014/CVE-2014-5111/poc/pocsuite3/wait_to_be_added,2a7959f17f871e2a6732abc3c4075fbee2cb999d,CVE-2014-5111
432587463,cckuailong/reapoc,2021/CVE-2021-22911/poc/oneliner/wait_to_be_added,2a7959f17f871e2a6732abc3c4075fbee2cb999d,CVE-2021-22911
432587463,cckuailong/reapoc,2021/CVE-2021-22214/poc/pocsuite3/wait_to_be_added,2a7959f17f871e2a6732abc3c4075fbee2cb999d,CVE-2021-22214
432587463,cckuailong/reapoc,2014/CVE-2014-8799/poc/pocsuite2/wait_to_be_added,2a7959f17f871e2a6732abc3c4075fbee2cb999d,CVE-2014-8799
432587463,cckuailong/reapoc,2021/CVE-2021-22986/poc/oneliner/wait_to_be_added,2a7959f17f871e2a6732abc3c4075fbee2cb999d,CVE-2021-22986
432587463,cckuailong/reapoc,2021/CVE-2021-32030/poc/pocsuite2/wait_to_be_added,2a7959f17f871e2a6732abc3c4075fbee2cb999d,CVE-2021-32030
432587463,cckuailong/reapoc,2021/CVE-2021-41649/poc/pocsuite2/wait_to_be_added,2a7959f17f871e2a6732abc3c4075fbee2cb999d,CVE-2021-41649
432587463,cckuailong/reapoc,2014/CVE-2014-9607/poc/pocsuite2/wait_to_be_added,2a7959f17f871e2a6732abc3c4075fbee2cb999d,CVE-2014-9607
432587463,cckuailong/reapoc,2007/CVE-2007-4556/poc/oneliner/wait_to_be_added,2a7959f17f871e2a6732abc3c4075fbee2cb999d,CVE-2007-4556
432587463,cckuailong/reapoc,2014/CVE-2014-8682/poc/oneliner/wait_to_be_added,2a7959f17f871e2a6732abc3c4075fbee2cb999d,CVE-2014-8682
432587463,cckuailong/reapoc,2005/CVE-2005-4385/poc/xray/wait_to_be_added,2a7959f17f871e2a6732abc3c4075fbee2cb999d,CVE-2005-4385
432587463,cckuailong/reapoc,2021/CVE-2021-41467/poc/goby/wait_to_be_added,2a7959f17f871e2a6732abc3c4075fbee2cb999d,CVE-2021-41467
432587463,cckuailong/reapoc,2014/CVE-2014-9609/poc/goby/wait_to_be_added,2a7959f17f871e2a6732abc3c4075fbee2cb999d,CVE-2014-9609
432587463,cckuailong/reapoc,2014/CVE-2014-4513/poc/pocsuite3/wait_to_be_added,2a7959f17f871e2a6732abc3c4075fbee2cb999d,CVE-2014-4513
432587463,cckuailong/reapoc,2021/CVE-2021-22205/poc/oneliner/wait_to_be_added,2a7959f17f871e2a6732abc3c4075fbee2cb999d,CVE-2021-22205
432587463,cckuailong/reapoc,2021/CVE-2021-31755/poc/others/wait_to_be_added,2a7959f17f871e2a6732abc3c4075fbee2cb999d,CVE-2021-31755
432587463,cckuailong/reapoc,2014/CVE-2014-4535/poc/goby/wait_to_be_added,2a7959f17f871e2a6732abc3c4075fbee2cb999d,CVE-2014-4535
432587463,cckuailong/reapoc,2006/CVE-2006-1681/poc/goby/wait_to_be_added,2a7959f17f871e2a6732abc3c4075fbee2cb999d,CVE-2006-1681
432587463,cckuailong/reapoc,2014/CVE-2014-6308/poc/pocsuite3/wait_to_be_added,2a7959f17f871e2a6732abc3c4075fbee2cb999d,CVE-2014-6308
432587463,cckuailong/reapoc,2021/CVE-2021-32819/poc/pocsuite2/wait_to_be_added,2a7959f17f871e2a6732abc3c4075fbee2cb999d,CVE-2021-32819
432587463,cckuailong/reapoc,2014/CVE-2014-6271/poc/pocsuite3/wait_to_be_added,2a7959f17f871e2a6732abc3c4075fbee2cb999d,CVE-2014-6271
432587463,cckuailong/reapoc,2014/CVE-2014-9614/poc/oneliner/wait_to_be_added,2a7959f17f871e2a6732abc3c4075fbee2cb999d,CVE-2014-9614
432587463,cckuailong/reapoc,2014/CVE-2014-2908/poc/pocsuite3/wait_to_be_added,2a7959f17f871e2a6732abc3c4075fbee2cb999d,CVE-2014-2908
432587463,cckuailong/reapoc,2001/CVE-2001-1473/poc/oneliner/wait_to_be_added,2a7959f17f871e2a6732abc3c4075fbee2cb999d,CVE-2001-1473
432587463,cckuailong/reapoc,2014/CVE-2014-2383/poc/pocsuite3/wait_to_be_added,2a7959f17f871e2a6732abc3c4075fbee2cb999d,CVE-2014-2383
432587463,cckuailong/reapoc,2014/CVE-2014-9608/poc/others/wait_to_be_added,2a7959f17f871e2a6732abc3c4075fbee2cb999d,CVE-2014-9608
432587463,cckuailong/reapoc,2014/CVE-2014-4210/poc/pocsuite3/wait_to_be_added,2a7959f17f871e2a6732abc3c4075fbee2cb999d,CVE-2014-4210
432587463,cckuailong/reapoc,2014/CVE-2014-9615/poc/others/wait_to_be_added,2a7959f17f871e2a6732abc3c4075fbee2cb999d,CVE-2014-9615
432587463,cckuailong/reapoc,2014/CVE-2014-2962/poc/oneliner/wait_to_be_added,2a7959f17f871e2a6732abc3c4075fbee2cb999d,CVE-2014-2962
432587463,cckuailong/reapoc,2014/CVE-2014-5368/poc/xray/wait_to_be_added,2a7959f17f871e2a6732abc3c4075fbee2cb999d,CVE-2014-5368
432587463,cckuailong/reapoc,2014/CVE-2014-4536/poc/goby/wait_to_be_added,2a7959f17f871e2a6732abc3c4075fbee2cb999d,CVE-2014-4536
432587463,cckuailong/reapoc,2021/CVE-2021-24146/poc/goby/wait_to_be_added,2a7959f17f871e2a6732abc3c4075fbee2cb999d,CVE-2021-24146
432587463,cckuailong/reapoc,2014/CVE-2014-2323/poc/xray/wait_to_be_added,2a7959f17f871e2a6732abc3c4075fbee2cb999d,CVE-2014-2323
432587463,cckuailong/reapoc,2014/CVE-2014-4544/poc/pocsuite3/wait_to_be_added,2a7959f17f871e2a6732abc3c4075fbee2cb999d,CVE-2014-4544
432587463,cckuailong/reapoc,2007/CVE-2007-4504/poc/goby/wait_to_be_added,2a7959f17f871e2a6732abc3c4075fbee2cb999d,CVE-2007-4504
432587463,cckuailong/reapoc,2021/CVE-2021-31682/poc/goby/wait_to_be_added,2a7959f17f871e2a6732abc3c4075fbee2cb999d,CVE-2021-31682
432587463,cckuailong/reapoc,2021/CVE-2021-32305/poc/pocsuite2/wait_to_be_added,2a7959f17f871e2a6732abc3c4075fbee2cb999d,CVE-2021-32305
432587463,cckuailong/reapoc,2004/CVE-2004-0519/poc/goby/wait_to_be_added,2a7959f17f871e2a6732abc3c4075fbee2cb999d,CVE-2004-0519
432587463,cckuailong/reapoc,2021/CVE-2021-22145/poc/goby/wait_to_be_added,2a7959f17f871e2a6732abc3c4075fbee2cb999d,CVE-2021-22145
432587463,cckuailong/reapoc,2013/CVE-2013-7240/poc/oneliner/wait_to_be_added,2a7959f17f871e2a6732abc3c4075fbee2cb999d,CVE-2013-7240
432587463,cckuailong/reapoc,2007/CVE-2007-5728/poc/goby/wait_to_be_added,2a7959f17f871e2a6732abc3c4075fbee2cb999d,CVE-2007-5728
432587463,cckuailong/reapoc,2021/CVE-2021-22122/poc/others/wait_to_be_added,2a7959f17f871e2a6732abc3c4075fbee2cb999d,CVE-2021-22122
432587463,cckuailong/reapoc,2015/CVE-2015-1427/poc/pocsuite2/wait_to_be_added,2a7959f17f871e2a6732abc3c4075fbee2cb999d,CVE-2015-1427
432587463,cckuailong/reapoc,2021/CVE-2021-41381/poc/oneliner/wait_to_be_added,2a7959f17f871e2a6732abc3c4075fbee2cb999d,CVE-2021-41381
432587463,cckuailong/reapoc,2021/CVE-2021-22873/poc/goby/wait_to_be_added,2a7959f17f871e2a6732abc3c4075fbee2cb999d,CVE-2021-22873
432587463,cckuailong/reapoc,2014/CVE-2014-4558/poc/others/wait_to_be_added,2a7959f17f871e2a6732abc3c4075fbee2cb999d,CVE-2014-4558
432587463,cckuailong/reapoc,2021/CVE-2021-24176/poc/goby/wait_to_be_added,2a7959f17f871e2a6732abc3c4075fbee2cb999d,CVE-2021-24176
432587463,cckuailong/reapoc,2021/CVE-2021-3377/poc/pocsuite3/wait_to_be_added,2a7959f17f871e2a6732abc3c4075fbee2cb999d,CVE-2021-3377
432587463,cckuailong/reapoc,2014/CVE-2014-9444/poc/goby/wait_to_be_added,2a7959f17f871e2a6732abc3c4075fbee2cb999d,CVE-2014-9444
432587463,cckuailong/reapoc,2021/CVE-2021-31602/poc/others/wait_to_be_added,2a7959f17f871e2a6732abc3c4075fbee2cb999d,CVE-2021-31602
432587463,cckuailong/reapoc,2007/CVE-2007-0885/poc/pocsuite2/wait_to_be_added,2a7959f17f871e2a6732abc3c4075fbee2cb999d,CVE-2007-0885
432587463,cckuailong/reapoc,2015/CVE-2015-1503/poc/goby/wait_to_be_added,2a7959f17f871e2a6732abc3c4075fbee2cb999d,CVE-2015-1503
432587463,cckuailong/reapoc,2021/CVE-2021-3129/poc/pocsuite2/wait_to_be_added,2a7959f17f871e2a6732abc3c4075fbee2cb999d,CVE-2021-3129
432587463,cckuailong/reapoc,2014/CVE-2014-9094/poc/oneliner/wait_to_be_added,2a7959f17f871e2a6732abc3c4075fbee2cb999d,CVE-2014-9094
432587463,cckuailong/reapoc,2014/CVE-2014-4592/poc/pocsuite2/wait_to_be_added,2a7959f17f871e2a6732abc3c4075fbee2cb999d,CVE-2014-4592
432587463,cckuailong/reapoc,2014/CVE-2014-3704/poc/pocsuite2/wait_to_be_added,2a7959f17f871e2a6732abc3c4075fbee2cb999d,CVE-2014-3704
432587463,cckuailong/reapoc,2021/CVE-2021-22053/poc/xray/wait_to_be_added,2a7959f17f871e2a6732abc3c4075fbee2cb999d,CVE-2021-22053
432587463,cckuailong/reapoc,2015/CVE-2015-1000012/poc/oneliner/wait_to_be_added,2a7959f17f871e2a6732abc3c4075fbee2cb999d,CVE-2015-1000012
432587463,cckuailong/reapoc,2014/CVE-2014-3120/poc/pocsuite2/wait_to_be_added,2a7959f17f871e2a6732abc3c4075fbee2cb999d,CVE-2014-3120
432587463,cckuailong/reapoc,2014/CVE-2014-4940/poc/xray/wait_to_be_added,2a7959f17f871e2a6732abc3c4075fbee2cb999d,CVE-2014-4940
432587463,cckuailong/reapoc,2021/CVE-2021-31856/poc/oneliner/wait_to_be_added,2a7959f17f871e2a6732abc3c4075fbee2cb999d,CVE-2021-31856
432587463,cckuailong/reapoc,2021/CVE-2021-31581/poc/others/wait_to_be_added,2a7959f17f871e2a6732abc3c4075fbee2cb999d,CVE-2021-31581
432587463,cckuailong/reapoc,2021/CVE-2021-23241/poc/xray/wait_to_be_added,2a7959f17f871e2a6732abc3c4075fbee2cb999d,CVE-2021-23241
432587463,cckuailong/reapoc,2014/CVE-2014-4550/poc/others/wait_to_be_added,2a7959f17f871e2a6732abc3c4075fbee2cb999d,CVE-2014-4550
432587463,cckuailong/reapoc,2005/CVE-2005-2428/poc/pocsuite3/wait_to_be_added,2a7959f17f871e2a6732abc3c4075fbee2cb999d,CVE-2005-2428
432587463,cckuailong/reapoc,2020/CVE-2020-8115/poc/nuclei/CVE-2020-8115.yaml,2a80326303a87ecb108d4580960c4a577da33473,CVE-2020-8115
432587463,cckuailong/reapoc,2017/CVE-2017-8917/poc/others/README.md,2b16ac86edb1ba56bd63e3594cda48cb900c341e,CVE-2017-8917
432587463,cckuailong/reapoc,2018/CVE-2018-18775/poc/nuclei/CVE-2018-18775.yaml,2b1cb7907830c77e45e46ceda685af7dd48f19a9,CVE-2018-18775
432587463,cckuailong/reapoc,2019/CVE-2019-17506/poc/xray/CVE-2019-17506.yml,2b357b89deaaf2ed83d91cfc7753a8b72e4a06c2,CVE-2019-17506
432587463,cckuailong/reapoc,2019/CVE-2019-14974/poc/nuclei/CVE-2019-14974.yaml,2b4fd2795c21203905b085a95f33f66942105648,CVE-2019-14974
432587463,cckuailong/reapoc,2020/CVE-2020-24571/poc/nuclei/CVE-2020-24571.yaml,2b58f6c38393cf18e5d5819cbbe61e3eef930411,CVE-2020-24571
432587463,cckuailong/reapoc,2021/CVE-2021-35042/vultarget/web/vuln/urls.py,2b652ba3f4e34d91b6fcd596b4e6cac10135fd28,CVE-2021-35042
432587463,cckuailong/reapoc,2011/CVE-2011-2780/poc/nuclei/CVE-2011-2780.yaml,2b677674078a84828a08a4df4045c32eb55be1e6,CVE-2011-2744
432587463,cckuailong/reapoc,2011/CVE-2011-2780/poc/nuclei/CVE-2011-2780.yaml,2b677674078a84828a08a4df4045c32eb55be1e6,BID-48672
432587463,cckuailong/reapoc,2011/CVE-2011-2780/poc/nuclei/CVE-2011-2780.yaml,2b677674078a84828a08a4df4045c32eb55be1e6,CVE-2011-2780
432587463,cckuailong/reapoc,2010/CVE-2010-2050/poc/nuclei/CVE-2010-2050.yaml,2b68db7960986f24a6e40a213dee8f321a1581ee,CVE-2010-2050
432587463,cckuailong/reapoc,2016/CVE-2016-1000155/poc/nuclei/CVE-2016-1000155.yaml,2b8a876a8c259ed847aaf18f3fcd12a081d86cc5,CVE-2016-1000155
432587463,cckuailong/reapoc,2014/CVE-2014-4550/poc/nuclei/CVE-2014-4550.yaml,2b8e6e8537f1086537086ba9cbeab40da0260275,CVE-2014-4550
432587463,cckuailong/reapoc,2010/CVE-2010-2861/vultarget/README.md,2b9d312c8597c60a7268b6da27ad8a680316e044,CVE-2010-2861
432587463,cckuailong/reapoc,2010/CVE-2010-4617/poc/nuclei/CVE-2010-4617.yaml,2bb297a4be744e9a5e5ba81b545c57a51624728b,CVE-2010-4617
432587463,cckuailong/reapoc,2010/CVE-2010-1875/poc/others/README.md,2bb50a8f964755a3f38a8918307824ae0e976e13,CVE-2010-1875
432587463,cckuailong/reapoc,2019/CVE-2019-17382/poc/nuclei/CVE-2019-17382.yaml,2c0a36b0a6983e0a9d75ded2fcd5ddd6733be05c,CVE-2019-17382
432587463,cckuailong/reapoc,2018/CVE-2018-1000533/poc/others/README.md,2c3753c1706501c069b04e3c34dd98e8f0cd0333,CVE-2018-1000533
432587463,cckuailong/reapoc,2020/README.md,2c3a1121833c47bd51771179411dae8bf5a15272,CVE-2020-12116
432587463,cckuailong/reapoc,2020/README.md,2c3a1121833c47bd51771179411dae8bf5a15272,CVE-2020-23517
432587463,cckuailong/reapoc,2020/README.md,2c3a1121833c47bd51771179411dae8bf5a15272,CVE-2020-7247
432587463,cckuailong/reapoc,2020/README.md,2c3a1121833c47bd51771179411dae8bf5a15272,CVE-2020-7980
432587463,cckuailong/reapoc,2020/README.md,2c3a1121833c47bd51771179411dae8bf5a15272,CVE-2020-22840
432587463,cckuailong/reapoc,2020/README.md,2c3a1121833c47bd51771179411dae8bf5a15272,CVE-2020-35598
432587463,cckuailong/reapoc,2020/README.md,2c3a1121833c47bd51771179411dae8bf5a15272,CVE-2020-24223
432587463,cckuailong/reapoc,2020/README.md,2c3a1121833c47bd51771179411dae8bf5a15272,CVE-2020-11110
432587463,cckuailong/reapoc,2020/README.md,2c3a1121833c47bd51771179411dae8bf5a15272,CVE-2020-24186
432587463,cckuailong/reapoc,2020/README.md,2c3a1121833c47bd51771179411dae8bf5a15272,CVE-2020-35489
432587463,cckuailong/reapoc,2020/README.md,2c3a1121833c47bd51771179411dae8bf5a15272,CVE-2020-10770
432587463,cckuailong/reapoc,2020/README.md,2c3a1121833c47bd51771179411dae8bf5a15272,CVE-2020-35580
432587463,cckuailong/reapoc,2020/README.md,2c3a1121833c47bd51771179411dae8bf5a15272,CVE-2020-10548
432587463,cckuailong/reapoc,2020/README.md,2c3a1121833c47bd51771179411dae8bf5a15272,CVE-2020-7961
432587463,cckuailong/reapoc,2020/README.md,2c3a1121833c47bd51771179411dae8bf5a15272,CVE-2020-13927
432587463,cckuailong/reapoc,2020/README.md,2c3a1121833c47bd51771179411dae8bf5a15272,CVE-2020-16139
432587463,cckuailong/reapoc,2020/README.md,2c3a1121833c47bd51771179411dae8bf5a15272,CVE-2020-15920
432587463,cckuailong/reapoc,2020/README.md,2c3a1121833c47bd51771179411dae8bf5a15272,CVE-2020-35713
432587463,cckuailong/reapoc,2020/README.md,2c3a1121833c47bd51771179411dae8bf5a15272,CVE-2020-35729
432587463,cckuailong/reapoc,2020/README.md,2c3a1121833c47bd51771179411dae8bf5a15272,CVE-2020-23972
432587463,cckuailong/reapoc,2020/README.md,2c3a1121833c47bd51771179411dae8bf5a15272,CVE-2020-24148
432587463,cckuailong/reapoc,2020/README.md,2c3a1121833c47bd51771179411dae8bf5a15272,CVE-2020-8115
432587463,cckuailong/reapoc,2020/README.md,2c3a1121833c47bd51771179411dae8bf5a15272,CVE-2020-7318
432587463,cckuailong/reapoc,2020/README.md,2c3a1121833c47bd51771179411dae8bf5a15272,CVE-2020-19282
432587463,cckuailong/reapoc,2020/README.md,2c3a1121833c47bd51771179411dae8bf5a15272,CVE-2020-10549
432587463,cckuailong/reapoc,2020/README.md,2c3a1121833c47bd51771179411dae8bf5a15272,CVE-2020-7796
432587463,cckuailong/reapoc,2020/README.md,2c3a1121833c47bd51771179411dae8bf5a15272,CVE-2020-11034
432587463,cckuailong/reapoc,2020/README.md,2c3a1121833c47bd51771179411dae8bf5a15272,CVE-2020-20982
432587463,cckuailong/reapoc,2020/README.md,2c3a1121833c47bd51771179411dae8bf5a15272,CVE-2020-35736
432587463,cckuailong/reapoc,2020/README.md,2c3a1121833c47bd51771179411dae8bf5a15272,CVE-2020-19625
432587463,cckuailong/reapoc,2020/README.md,2c3a1121833c47bd51771179411dae8bf5a15272,CVE-2020-5307
432587463,cckuailong/reapoc,2020/README.md,2c3a1121833c47bd51771179411dae8bf5a15272,CVE-2020-6207
432587463,cckuailong/reapoc,2020/README.md,2c3a1121833c47bd51771179411dae8bf5a15272,CVE-2020-1943
432587463,cckuailong/reapoc,2020/README.md,2c3a1121833c47bd51771179411dae8bf5a15272,CVE-2020-17518
432587463,cckuailong/reapoc,2020/README.md,2c3a1121833c47bd51771179411dae8bf5a15272,CVE-2020-6171
432587463,cckuailong/reapoc,2020/README.md,2c3a1121833c47bd51771179411dae8bf5a15272,CVE-2020-26073
432587463,cckuailong/reapoc,2020/README.md,2c3a1121833c47bd51771179411dae8bf5a15272,CVE-2020-1938
432587463,cckuailong/reapoc,2020/README.md,2c3a1121833c47bd51771179411dae8bf5a15272,CVE-2020-10199
432587463,cckuailong/reapoc,2020/README.md,2c3a1121833c47bd51771179411dae8bf5a15272,CVE-2020-5902
432587463,cckuailong/reapoc,2020/README.md,2c3a1121833c47bd51771179411dae8bf5a15272,CVE-2020-5405
432587463,cckuailong/reapoc,2020/README.md,2c3a1121833c47bd51771179411dae8bf5a15272,CVE-2020-5410
432587463,cckuailong/reapoc,2020/README.md,2c3a1121833c47bd51771179411dae8bf5a15272,CVE-2020-17519
432587463,cckuailong/reapoc,2020/README.md,2c3a1121833c47bd51771179411dae8bf5a15272,CVE-2020-19360
432587463,cckuailong/reapoc,2020/README.md,2c3a1121833c47bd51771179411dae8bf5a15272,CVE-2020-12800
432587463,cckuailong/reapoc,2020/README.md,2c3a1121833c47bd51771179411dae8bf5a15272,CVE-2020-5412
432587463,cckuailong/reapoc,2020/README.md,2c3a1121833c47bd51771179411dae8bf5a15272,CVE-2020-19295
432587463,cckuailong/reapoc,2020/README.md,2c3a1121833c47bd51771179411dae8bf5a15272,CVE-2020-5847
432587463,cckuailong/reapoc,2020/README.md,2c3a1121833c47bd51771179411dae8bf5a15272,CVE-2020-0618
432587463,cckuailong/reapoc,2020/README.md,2c3a1121833c47bd51771179411dae8bf5a15272,CVE-2020-5515
432587463,cckuailong/reapoc,2020/README.md,2c3a1121833c47bd51771179411dae8bf5a15272,CVE-2020-5777
432587463,cckuailong/reapoc,2020/README.md,2c3a1121833c47bd51771179411dae8bf5a15272,CVE-2020-10148
432587463,cckuailong/reapoc,2020/README.md,2c3a1121833c47bd51771179411dae8bf5a15272,CVE-2020-17530
432587463,cckuailong/reapoc,2020/README.md,2c3a1121833c47bd51771179411dae8bf5a15272,CVE-2020-5776
432587463,cckuailong/reapoc,2020/README.md,2c3a1121833c47bd51771179411dae8bf5a15272,CVE-2020-19283
432587463,cckuailong/reapoc,2020/README.md,2c3a1121833c47bd51771179411dae8bf5a15272,CVE-2020-5775
432587463,cckuailong/reapoc,2020/README.md,2c3a1121833c47bd51771179411dae8bf5a15272,CVE-2020-13117
432587463,cckuailong/reapoc,2020/README.md,2c3a1121833c47bd51771179411dae8bf5a15272,CVE-2020-17506
432587463,cckuailong/reapoc,2020/README.md,2c3a1121833c47bd51771179411dae8bf5a15272,CVE-2020-5284
432587463,cckuailong/reapoc,2020/README.md,2c3a1121833c47bd51771179411dae8bf5a15272,CVE-2020-2036
432587463,cckuailong/reapoc,2020/README.md,2c3a1121833c47bd51771179411dae8bf5a15272,CVE-2020-13167
432587463,cckuailong/reapoc,2020/README.md,2c3a1121833c47bd51771179411dae8bf5a15272,CVE-2020-13700
432587463,cckuailong/reapoc,2020/README.md,2c3a1121833c47bd51771179411dae8bf5a15272,CVE-2020-10547
432587463,cckuailong/reapoc,2020/README.md,2c3a1121833c47bd51771179411dae8bf5a15272,CVE-2020-16952
432587463,cckuailong/reapoc,2020/README.md,2c3a1121833c47bd51771179411dae8bf5a15272,CVE-2020-7209
432587463,cckuailong/reapoc,2020/README.md,2c3a1121833c47bd51771179411dae8bf5a15272,CVE-2020-2140
432587463,cckuailong/reapoc,2020/README.md,2c3a1121833c47bd51771179411dae8bf5a15272,CVE-2020-35774
432587463,cckuailong/reapoc,2020/README.md,2c3a1121833c47bd51771179411dae8bf5a15272,CVE-2020-3580
432587463,cckuailong/reapoc,2020/README.md,2c3a1121833c47bd51771179411dae8bf5a15272,CVE-2020-21224
432587463,cckuailong/reapoc,2020/README.md,2c3a1121833c47bd51771179411dae8bf5a15272,CVE-2020-6637
432587463,cckuailong/reapoc,2020/README.md,2c3a1121833c47bd51771179411dae8bf5a15272,CVE-2020-17362
432587463,cckuailong/reapoc,2020/README.md,2c3a1121833c47bd51771179411dae8bf5a15272,CVE-2020-35846
432587463,cckuailong/reapoc,2020/README.md,2c3a1121833c47bd51771179411dae8bf5a15272,CVE-2020-10546
432587463,cckuailong/reapoc,2020/README.md,2c3a1121833c47bd51771179411dae8bf5a15272,CVE-2020-35847
432587463,cckuailong/reapoc,2020/README.md,2c3a1121833c47bd51771179411dae8bf5a15272,CVE-2020-16846
432587463,cckuailong/reapoc,2020/README.md,2c3a1121833c47bd51771179411dae8bf5a15272,CVE-2020-35848
432587463,cckuailong/reapoc,2020/README.md,2c3a1121833c47bd51771179411dae8bf5a15272,CVE-2020-17453
432587463,cckuailong/reapoc,2020/README.md,2c3a1121833c47bd51771179411dae8bf5a15272,CVE-2020-6308
432587463,cckuailong/reapoc,2020/README.md,2c3a1121833c47bd51771179411dae8bf5a15272,CVE-2020-13483
432587463,cckuailong/reapoc,2020/README.md,2c3a1121833c47bd51771179411dae8bf5a15272,CVE-2020-35951
432587463,cckuailong/reapoc,2020/README.md,2c3a1121833c47bd51771179411dae8bf5a15272,CVE-2020-36112
432587463,cckuailong/reapoc,2020/README.md,2c3a1121833c47bd51771179411dae8bf5a15272,CVE-2020-10204
432587463,cckuailong/reapoc,2020/README.md,2c3a1121833c47bd51771179411dae8bf5a15272,CVE-2020-17496
432587463,cckuailong/reapoc,2020/README.md,2c3a1121833c47bd51771179411dae8bf5a15272,CVE-2020-2096
432587463,cckuailong/reapoc,2020/README.md,2c3a1121833c47bd51771179411dae8bf5a15272,CVE-2020-36289
432587463,cckuailong/reapoc,2020/README.md,2c3a1121833c47bd51771179411dae8bf5a15272,CVE-2020-4463
432587463,cckuailong/reapoc,2020/README.md,2c3a1121833c47bd51771179411dae8bf5a15272,CVE-2020-17505
432587463,cckuailong/reapoc,2020/README.md,2c3a1121833c47bd51771179411dae8bf5a15272,CVE-2020-6287
432587463,cckuailong/reapoc,2020/README.md,2c3a1121833c47bd51771179411dae8bf5a15272,CVE-2020-12720
432587463,cckuailong/reapoc,2020/README.md,2c3a1121833c47bd51771179411dae8bf5a15272,CVE-2020-8163
432587463,cckuailong/reapoc,2020/README.md,2c3a1121833c47bd51771179411dae8bf5a15272,CVE-2020-35476
432587463,cckuailong/reapoc,2020/README.md,2c3a1121833c47bd51771179411dae8bf5a15272,CVE-2020-9483
432587463,cckuailong/reapoc,2020/README.md,2c3a1121833c47bd51771179411dae8bf5a15272,CVE-2020-15568
432587463,cckuailong/reapoc,2020/README.md,2c3a1121833c47bd51771179411dae8bf5a15272,CVE-2020-9315
432587463,cckuailong/reapoc,2020/README.md,2c3a1121833c47bd51771179411dae8bf5a15272,CVE-2020-9757
432587463,cckuailong/reapoc,2020/README.md,2c3a1121833c47bd51771179411dae8bf5a15272,CVE-2020-11991
432587463,cckuailong/reapoc,2020/README.md,2c3a1121833c47bd51771179411dae8bf5a15272,CVE-2020-8641
432587463,cckuailong/reapoc,2020/README.md,2c3a1121833c47bd51771179411dae8bf5a15272,CVE-2020-29227
432587463,cckuailong/reapoc,2020/README.md,2c3a1121833c47bd51771179411dae8bf5a15272,CVE-2020-24912
432587463,cckuailong/reapoc,2020/README.md,2c3a1121833c47bd51771179411dae8bf5a15272,CVE-2020-15129
432587463,cckuailong/reapoc,2020/README.md,2c3a1121833c47bd51771179411dae8bf5a15272,CVE-2020-25223
432587463,cckuailong/reapoc,2020/README.md,2c3a1121833c47bd51771179411dae8bf5a15272,CVE-2020-8515
432587463,cckuailong/reapoc,2020/README.md,2c3a1121833c47bd51771179411dae8bf5a15272,CVE-2020-27982
432587463,cckuailong/reapoc,2020/README.md,2c3a1121833c47bd51771179411dae8bf5a15272,CVE-2020-27866
432587463,cckuailong/reapoc,2020/README.md,2c3a1121833c47bd51771179411dae8bf5a15272,CVE-2020-29395
432587463,cckuailong/reapoc,2020/README.md,2c3a1121833c47bd51771179411dae8bf5a15272,CVE-2020-9344
432587463,cckuailong/reapoc,2020/README.md,2c3a1121833c47bd51771179411dae8bf5a15272,CVE-2020-24589
432587463,cckuailong/reapoc,2020/README.md,2c3a1121833c47bd51771179411dae8bf5a15272,CVE-2020-25495
432587463,cckuailong/reapoc,2020/README.md,2c3a1121833c47bd51771179411dae8bf5a15272,CVE-2020-11854
432587463,cckuailong/reapoc,2020/README.md,2c3a1121833c47bd51771179411dae8bf5a15272,CVE-2020-15148
432587463,cckuailong/reapoc,2020/README.md,2c3a1121833c47bd51771179411dae8bf5a15272,CVE-2020-14413
432587463,cckuailong/reapoc,2020/README.md,2c3a1121833c47bd51771179411dae8bf5a15272,CVE-2020-8512
432587463,cckuailong/reapoc,2020/README.md,2c3a1121833c47bd51771179411dae8bf5a15272,CVE-2020-11710
432587463,cckuailong/reapoc,2020/README.md,2c3a1121833c47bd51771179411dae8bf5a15272,CVE-2020-9484
432587463,cckuailong/reapoc,2020/README.md,2c3a1121833c47bd51771179411dae8bf5a15272,CVE-2020-8497
432587463,cckuailong/reapoc,2020/README.md,2c3a1121833c47bd51771179411dae8bf5a15272,CVE-2020-27735
432587463,cckuailong/reapoc,2020/README.md,2c3a1121833c47bd51771179411dae8bf5a15272,CVE-2020-29164
432587463,cckuailong/reapoc,2020/README.md,2c3a1121833c47bd51771179411dae8bf5a15272,CVE-2020-9376
432587463,cckuailong/reapoc,2020/README.md,2c3a1121833c47bd51771179411dae8bf5a15272,CVE-2020-8771
432587463,cckuailong/reapoc,2020/README.md,2c3a1121833c47bd51771179411dae8bf5a15272,CVE-2020-14883
432587463,cckuailong/reapoc,2020/README.md,2c3a1121833c47bd51771179411dae8bf5a15272,CVE-2020-28208
432587463,cckuailong/reapoc,2020/README.md,2c3a1121833c47bd51771179411dae8bf5a15272,CVE-2020-28188
432587463,cckuailong/reapoc,2020/README.md,2c3a1121833c47bd51771179411dae8bf5a15272,CVE-2020-9490
432587463,cckuailong/reapoc,2020/README.md,2c3a1121833c47bd51771179411dae8bf5a15272,CVE-2020-9047
432587463,cckuailong/reapoc,2020/README.md,2c3a1121833c47bd51771179411dae8bf5a15272,CVE-2020-25078
432587463,cckuailong/reapoc,2020/README.md,2c3a1121833c47bd51771179411dae8bf5a15272,CVE-2020-9036
432587463,cckuailong/reapoc,2020/README.md,2c3a1121833c47bd51771179411dae8bf5a15272,CVE-2020-28351
432587463,cckuailong/reapoc,2020/README.md,2c3a1121833c47bd51771179411dae8bf5a15272,CVE-2020-14882
432587463,cckuailong/reapoc,2020/README.md,2c3a1121833c47bd51771179411dae8bf5a15272,CVE-2020-9496
432587463,cckuailong/reapoc,2020/README.md,2c3a1121833c47bd51771179411dae8bf5a15272,CVE-2020-28871
432587463,cckuailong/reapoc,2020/README.md,2c3a1121833c47bd51771179411dae8bf5a15272,CVE-2020-11978
432587463,cckuailong/reapoc,2020/README.md,2c3a1121833c47bd51771179411dae8bf5a15272,CVE-2020-8982
432587463,cckuailong/reapoc,2020/README.md,2c3a1121833c47bd51771179411dae8bf5a15272,CVE-2020-9597
432587463,cckuailong/reapoc,2020/README.md,2c3a1121833c47bd51771179411dae8bf5a15272,CVE-2020-27986
432587463,cckuailong/reapoc,2020/README.md,2c3a1121833c47bd51771179411dae8bf5a15272,CVE-2020-8813
432587463,cckuailong/reapoc,2020/README.md,2c3a1121833c47bd51771179411dae8bf5a15272,CVE-2020-24312
432587463,cckuailong/reapoc,2020/README.md,2c3a1121833c47bd51771179411dae8bf5a15272,CVE-2020-9054
432587463,cckuailong/reapoc,2020/README.md,2c3a1121833c47bd51771179411dae8bf5a15272,CVE-2020-11738
432587463,cckuailong/reapoc,2020/README.md,2c3a1121833c47bd51771179411dae8bf5a15272,CVE-2020-25213
432587463,cckuailong/reapoc,2020/README.md,2c3a1121833c47bd51771179411dae8bf5a15272,CVE-2020-24949
432587463,cckuailong/reapoc,2020/README.md,2c3a1121833c47bd51771179411dae8bf5a15272,CVE-2020-28976
432587463,cckuailong/reapoc,2020/README.md,2c3a1121833c47bd51771179411dae8bf5a15272,CVE-2020-13942
432587463,cckuailong/reapoc,2020/README.md,2c3a1121833c47bd51771179411dae8bf5a15272,CVE-2020-14750
432587463,cckuailong/reapoc,2020/README.md,2c3a1121833c47bd51771179411dae8bf5a15272,CVE-2020-11853
432587463,cckuailong/reapoc,2020/README.md,2c3a1121833c47bd51771179411dae8bf5a15272,CVE-2020-14092
432587463,cckuailong/reapoc,2020/README.md,2c3a1121833c47bd51771179411dae8bf5a15272,CVE-2020-14864
432587463,cckuailong/reapoc,2020/README.md,2c3a1121833c47bd51771179411dae8bf5a15272,CVE-2020-26214
432587463,cckuailong/reapoc,2020/README.md,2c3a1121833c47bd51771179411dae8bf5a15272,CVE-2020-24571
432587463,cckuailong/reapoc,2020/README.md,2c3a1121833c47bd51771179411dae8bf5a15272,CVE-2020-11930
432587463,cckuailong/reapoc,2020/README.md,2c3a1121833c47bd51771179411dae8bf5a15272,CVE-2020-35338
432587463,cckuailong/reapoc,2020/README.md,2c3a1121833c47bd51771179411dae8bf5a15272,CVE-2020-2551
432587463,cckuailong/reapoc,2020/README.md,2c3a1121833c47bd51771179411dae8bf5a15272,CVE-2020-8191
432587463,cckuailong/reapoc,2020/README.md,2c3a1121833c47bd51771179411dae8bf5a15272,CVE-2020-15500
432587463,cckuailong/reapoc,2020/README.md,2c3a1121833c47bd51771179411dae8bf5a15272,CVE-2020-26948
432587463,cckuailong/reapoc,2020/README.md,2c3a1121833c47bd51771179411dae8bf5a15272,CVE-2020-12054
432587463,cckuailong/reapoc,2020/README.md,2c3a1121833c47bd51771179411dae8bf5a15272,CVE-2020-3452
432587463,cckuailong/reapoc,2020/README.md,2c3a1121833c47bd51771179411dae8bf5a15272,CVE-2020-3187
432587463,cckuailong/reapoc,2020/README.md,2c3a1121833c47bd51771179411dae8bf5a15272,CVE-2020-13937
432587463,cckuailong/reapoc,2020/README.md,2c3a1121833c47bd51771179411dae8bf5a15272,CVE-2020-9402
432587463,cckuailong/reapoc,2020/README.md,2c3a1121833c47bd51771179411dae8bf5a15272,CVE-2020-11547
432587463,cckuailong/reapoc,2020/README.md,2c3a1121833c47bd51771179411dae8bf5a15272,CVE-2020-8209
432587463,cckuailong/reapoc,2020/README.md,2c3a1121833c47bd51771179411dae8bf5a15272,CVE-2020-26919
432587463,cckuailong/reapoc,2020/README.md,2c3a1121833c47bd51771179411dae8bf5a15272,CVE-2020-26413
432587463,cckuailong/reapoc,2020/README.md,2c3a1121833c47bd51771179411dae8bf5a15272,CVE-2020-14179
432587463,cckuailong/reapoc,2020/README.md,2c3a1121833c47bd51771179411dae8bf5a15272,CVE-2020-24550
432587463,cckuailong/reapoc,2020/README.md,2c3a1121833c47bd51771179411dae8bf5a15272,CVE-2020-15227
432587463,cckuailong/reapoc,2020/README.md,2c3a1121833c47bd51771179411dae8bf5a15272,CVE-2020-25506
432587463,cckuailong/reapoc,2020/README.md,2c3a1121833c47bd51771179411dae8bf5a15272,CVE-2020-24579
432587463,cckuailong/reapoc,2020/README.md,2c3a1121833c47bd51771179411dae8bf5a15272,CVE-2020-27361
432587463,cckuailong/reapoc,2020/README.md,2c3a1121833c47bd51771179411dae8bf5a15272,CVE-2020-25540
432587463,cckuailong/reapoc,2020/README.md,2c3a1121833c47bd51771179411dae8bf5a15272,CVE-2020-14181
432587463,cckuailong/reapoc,2020/README.md,2c3a1121833c47bd51771179411dae8bf5a15272,CVE-2020-25780
432587463,cckuailong/reapoc,2020/README.md,2c3a1121833c47bd51771179411dae8bf5a15272,CVE-2020-15505
432587463,cckuailong/reapoc,2020/README.md,2c3a1121833c47bd51771179411dae8bf5a15272,CVE-2020-29453
432587463,cckuailong/reapoc,2020/README.md,2c3a1121833c47bd51771179411dae8bf5a15272,CVE-2020-8194
432587463,cckuailong/reapoc,2020/README.md,2c3a1121833c47bd51771179411dae8bf5a15272,CVE-2020-11455
432587463,cckuailong/reapoc,2020/README.md,2c3a1121833c47bd51771179411dae8bf5a15272,CVE-2020-26153
432587463,cckuailong/reapoc,2020/README.md,2c3a1121833c47bd51771179411dae8bf5a15272,CVE-2020-9425
432587463,cckuailong/reapoc,2020/README.md,2c3a1121833c47bd51771179411dae8bf5a15272,CVE-2020-8193
432587463,cckuailong/reapoc,2017/CVE-2017-3528/poc/nuclei/CVE-2017-3528.yaml,2c4558009e4219b16019f961b7476b5c9173253e,CVE-2017-3528
432587463,cckuailong/reapoc,2021/CVE-2021-24275/poc/others/README.md,2cbd65b1d3f55b99cb7139b710763b60f38374af,CVE-2021-24275
432587463,cckuailong/reapoc,2017/CVE-2017-12542/poc/others/README.md,2ccb5945bd97212040297c2ab3bd10299084208c,CVE-2017-12542
432587463,cckuailong/reapoc,2020/CVE-2020-5902/poc/others/README.md,2ce0fb97ce20b10830c6372e70c83e36a8762ac9,CVE-2020-5902
432587463,cckuailong/reapoc,2018/CVE-2018-16133/poc/nuclei/CVE-2018-16133.yaml,2ce6f0fc3ebbea4cce04129e4e7a1d80e3f5fd9d,CVE-2018-16133
432587463,cckuailong/reapoc,2019/CVE-2019-11510/poc/xray/CVE-2019-11510.yml,2cf880377573aa54e168f67c6d9916a9fc0fca08,CVE-2019-11510
432587463,cckuailong/reapoc,2020/CVE-2020-28976/poc/others/README.md,2cf9d3a9350d1616a4d3546f55eb86ffc4928bfd,CVE-2020-28976
432587463,cckuailong/reapoc,2008/CVE-2008-6172/poc/nuclei/CVE-2008-6172.yaml,2d0688a2eead35ab29af4e13d54fb336187da8af,CVE-2008-6172
432587463,cckuailong/reapoc,2020/CVE-2020-8813/poc/nuclei/CVE-2020-8813.yaml,2d07630458c5f30922d4629a72bda2a2dd43f8b1,CVE-2020-8813
432587463,cckuailong/reapoc,2010/CVE-2010-2307/poc/nuclei/CVE-2010-2307.yaml,2d21e31cf4aa83c7085847261c4b20922799e347,BID-40550
432587463,cckuailong/reapoc,2010/CVE-2010-2307/poc/nuclei/CVE-2010-2307.yaml,2d21e31cf4aa83c7085847261c4b20922799e347,CVE-2010-2307
432587463,cckuailong/reapoc,2010/CVE-2010-1717/poc/nuclei/CVE-2010-1717.yaml,2d3d174d7d104c9f90d90da8d98bbf19bb1bdf55,CVE-2010-1717
432587463,cckuailong/reapoc,2019/CVE-2019-7256/poc/others/README.md,2d6da1f38df9f4bef6934a915dcd4466d39f3e9a,CVE-2019-7256
432587463,cckuailong/reapoc,2021/CVE-2021-24274/poc/others/README.md,2d975294ff4c71ac689bbdb0b85ab9cc2f8fa972,CVE-2021-24274
432587463,cckuailong/reapoc,2021/CVE-2021-41826/poc/nuclei/CVE-2021-41826.yaml,2dfdb6a3f1eb9728e4b27c54b626ae51b507a4df,CVE-2021-41826
432587463,cckuailong/reapoc,2021/CVE-2021-25646/poc/nuclei/CVE-2021-25646.yaml,2e06a18033009b882e8134d9d81809e645673468,CVE-2021-25646
432587463,cckuailong/reapoc,2017/CVE-2017-9791/poc/others/README.md,2eb2d2736a368e5145f229c48e26136f933d2140,CVE-2017-9791
432587463,cckuailong/reapoc,2021/CVE-2021-22205/vultarget/docker-compose.yml,2ec19829ccf02e5be383e7b73a5558532807adf8,CVE-2021-22205
432587463,cckuailong/reapoc,2019/CVE-2019-7609/vultarget/docker-compose.yml,2f19d8bb22f9b6302a87528f2a677c3b4c9d921e,CVE-2019-7609
432587463,cckuailong/reapoc,2020/CVE-2020-25213/poc/nuclei/CVE-2020-25213.yaml,2f7c7e470bafcb9593701eae5c248c5543b2e5ba,CVE-2020-25213
432587463,cckuailong/reapoc,2021/CVE-2021-24387/poc/nuclei/CVE-2021-24387.yaml,2faed8c452d4dfca84efad86ad2ebab3aa2b7400,CVE-2021-24387
432587463,cckuailong/reapoc,2021/CVE-2021-3297/poc/others/README.md,2fb6a9a4e09370c5cb3534b26af3cf746899dcb7,CVE-2021-3297
432587463,cckuailong/reapoc,2015/CVE-2015-3337/poc/nuclei/CVE-2015-3337.yaml,2fc3abfc4fa3b138d19ebf24fd58ae71deca6ebe,CVE-2015-3337
432587463,cckuailong/reapoc,2010/CVE-2010-1307/poc/nuclei/CVE-2010-1307.yaml,2fc6ba45f2e60da598497815385fff66eba3d3b5,CVE-2010-1307
432587463,cckuailong/reapoc,2021/CVE-2021-28169/vultarget/README.md,2fcd826f318fef309be1931d9bc5b6bc72b88f99,CVE-2021-28169
432587463,cckuailong/reapoc,2018/CVE-2018-1000861/vultarget/docker-compose.yml,2fda4548dabcfad2068011b79b4cbee67b569e96,CVE-2018-1000861
432587463,cckuailong/reapoc,2010/CVE-2010-1878/poc/nuclei/CVE-2010-1878.yaml,3011b6559625e8fe370749badc6f149d8123c7b5,CVE-2010-1878
432587463,cckuailong/reapoc,2017/CVE-2017-10974/poc/others/README.md,301689454799a4289b5cf9f81309919864479692,CVE-2017-10974
432587463,cckuailong/reapoc,2020/CVE-2020-9054/poc/nuclei/CVE-2020-9054.yaml,3018729410831a439ce8767058fe2b32ce01d8a8,CVE-2020-9054
432587463,cckuailong/reapoc,2010/CVE-2010-1653/poc/nuclei/CVE-2010-1653.yaml,30270b97f15e2af4548492eddd58701d3035ee9b,CVE-2010-1653
432587463,cckuailong/reapoc,2021/CVE-2021-30461/poc/others/README.md,305a9ea03579fd24a639f31fdbed4b5f21af5d90,CVE-2021-30461
432587463,cckuailong/reapoc,2018/README.md,308c2630f2203305a91262ae5b60e470d6340bef,CVE-2018-12095
432587463,cckuailong/reapoc,2018/README.md,308c2630f2203305a91262ae5b60e470d6340bef,CVE-2018-10141
432587463,cckuailong/reapoc,2018/README.md,308c2630f2203305a91262ae5b60e470d6340bef,CVE-2018-10095
432587463,cckuailong/reapoc,2018/README.md,308c2630f2203305a91262ae5b60e470d6340bef,CVE-2018-10201
432587463,cckuailong/reapoc,2018/README.md,308c2630f2203305a91262ae5b60e470d6340bef,CVE-2018-11409
432587463,cckuailong/reapoc,2018/README.md,308c2630f2203305a91262ae5b60e470d6340bef,CVE-2018-9118
432587463,cckuailong/reapoc,2018/README.md,308c2630f2203305a91262ae5b60e470d6340bef,CVE-2018-11686
432587463,cckuailong/reapoc,2018/README.md,308c2630f2203305a91262ae5b60e470d6340bef,CVE-2018-11709
432587463,cckuailong/reapoc,2018/README.md,308c2630f2203305a91262ae5b60e470d6340bef,CVE-2018-10823
432587463,cckuailong/reapoc,2018/README.md,308c2630f2203305a91262ae5b60e470d6340bef,CVE-2018-10822
432587463,cckuailong/reapoc,2018/README.md,308c2630f2203305a91262ae5b60e470d6340bef,CVE-2018-11759
432587463,cckuailong/reapoc,2018/README.md,308c2630f2203305a91262ae5b60e470d6340bef,CVE-2018-12613
432587463,cckuailong/reapoc,2018/README.md,308c2630f2203305a91262ae5b60e470d6340bef,CVE-2018-10818
432587463,cckuailong/reapoc,2018/README.md,308c2630f2203305a91262ae5b60e470d6340bef,CVE-2018-10738
432587463,cckuailong/reapoc,2018/README.md,308c2630f2203305a91262ae5b60e470d6340bef,CVE-2018-8770
432587463,cckuailong/reapoc,2018/README.md,308c2630f2203305a91262ae5b60e470d6340bef,CVE-2018-11784
432587463,cckuailong/reapoc,2018/README.md,308c2630f2203305a91262ae5b60e470d6340bef,CVE-2018-10737
432587463,cckuailong/reapoc,2018/README.md,308c2630f2203305a91262ae5b60e470d6340bef,CVE-2018-9845
432587463,cckuailong/reapoc,2018/README.md,308c2630f2203305a91262ae5b60e470d6340bef,CVE-2018-10736
432587463,cckuailong/reapoc,2018/README.md,308c2630f2203305a91262ae5b60e470d6340bef,CVE-2018-9205
432587463,cckuailong/reapoc,2018/README.md,308c2630f2203305a91262ae5b60e470d6340bef,CVE-2018-12031
432587463,cckuailong/reapoc,2018/README.md,308c2630f2203305a91262ae5b60e470d6340bef,CVE-2018-12054
432587463,cckuailong/reapoc,2018/README.md,308c2630f2203305a91262ae5b60e470d6340bef,CVE-2018-10735
432587463,cckuailong/reapoc,2018/README.md,308c2630f2203305a91262ae5b60e470d6340bef,CVE-2018-1207
432587463,cckuailong/reapoc,2018/README.md,308c2630f2203305a91262ae5b60e470d6340bef,CVE-2018-9995
432587463,cckuailong/reapoc,2018/README.md,308c2630f2203305a91262ae5b60e470d6340bef,CVE-2018-11776
432587463,cckuailong/reapoc,2018/README.md,308c2630f2203305a91262ae5b60e470d6340bef,CVE-2018-20470
432587463,cckuailong/reapoc,2018/README.md,308c2630f2203305a91262ae5b60e470d6340bef,CVE-2018-12634
432587463,cckuailong/reapoc,2018/README.md,308c2630f2203305a91262ae5b60e470d6340bef,CVE-2018-18323
432587463,cckuailong/reapoc,2018/README.md,308c2630f2203305a91262ae5b60e470d6340bef,CVE-2018-3238
432587463,cckuailong/reapoc,2018/README.md,308c2630f2203305a91262ae5b60e470d6340bef,CVE-2018-3714
432587463,cckuailong/reapoc,2018/README.md,308c2630f2203305a91262ae5b60e470d6340bef,CVE-2018-18069
432587463,cckuailong/reapoc,2018/README.md,308c2630f2203305a91262ae5b60e470d6340bef,CVE-2018-17431
432587463,cckuailong/reapoc,2018/README.md,308c2630f2203305a91262ae5b60e470d6340bef,CVE-2018-3760
432587463,cckuailong/reapoc,2018/README.md,308c2630f2203305a91262ae5b60e470d6340bef,CVE-2018-17254
432587463,cckuailong/reapoc,2018/README.md,308c2630f2203305a91262ae5b60e470d6340bef,CVE-2018-3810
432587463,cckuailong/reapoc,2018/README.md,308c2630f2203305a91262ae5b60e470d6340bef,CVE-2018-5230
432587463,cckuailong/reapoc,2018/README.md,308c2630f2203305a91262ae5b60e470d6340bef,CVE-2018-16836
432587463,cckuailong/reapoc,2018/README.md,308c2630f2203305a91262ae5b60e470d6340bef,CVE-2018-16763
432587463,cckuailong/reapoc,2018/README.md,308c2630f2203305a91262ae5b60e470d6340bef,CVE-2018-5233
432587463,cckuailong/reapoc,2018/README.md,308c2630f2203305a91262ae5b60e470d6340bef,CVE-2018-16671
432587463,cckuailong/reapoc,2018/README.md,308c2630f2203305a91262ae5b60e470d6340bef,CVE-2018-16670
432587463,cckuailong/reapoc,2018/README.md,308c2630f2203305a91262ae5b60e470d6340bef,CVE-2018-16668
432587463,cckuailong/reapoc,2018/README.md,308c2630f2203305a91262ae5b60e470d6340bef,CVE-2018-18570
432587463,cckuailong/reapoc,2018/README.md,308c2630f2203305a91262ae5b60e470d6340bef,CVE-2018-5316
432587463,cckuailong/reapoc,2018/README.md,308c2630f2203305a91262ae5b60e470d6340bef,CVE-2018-3167
432587463,cckuailong/reapoc,2018/README.md,308c2630f2203305a91262ae5b60e470d6340bef,CVE-2018-2894
432587463,cckuailong/reapoc,2018/README.md,308c2630f2203305a91262ae5b60e470d6340bef,CVE-2018-20462
432587463,cckuailong/reapoc,2018/README.md,308c2630f2203305a91262ae5b60e470d6340bef,CVE-2018-19753
432587463,cckuailong/reapoc,2018/README.md,308c2630f2203305a91262ae5b60e470d6340bef,CVE-2018-19458
432587463,cckuailong/reapoc,2018/README.md,308c2630f2203305a91262ae5b60e470d6340bef,CVE-2018-20824
432587463,cckuailong/reapoc,2018/README.md,308c2630f2203305a91262ae5b60e470d6340bef,CVE-2018-19439
432587463,cckuailong/reapoc,2018/README.md,308c2630f2203305a91262ae5b60e470d6340bef,CVE-2018-20985
432587463,cckuailong/reapoc,2018/README.md,308c2630f2203305a91262ae5b60e470d6340bef,CVE-2018-19386
432587463,cckuailong/reapoc,2018/README.md,308c2630f2203305a91262ae5b60e470d6340bef,CVE-2018-2392
432587463,cckuailong/reapoc,2018/README.md,308c2630f2203305a91262ae5b60e470d6340bef,CVE-2018-19367
432587463,cckuailong/reapoc,2018/README.md,308c2630f2203305a91262ae5b60e470d6340bef,CVE-2018-19127
432587463,cckuailong/reapoc,2018/README.md,308c2630f2203305a91262ae5b60e470d6340bef,CVE-2018-2628
432587463,cckuailong/reapoc,2018/README.md,308c2630f2203305a91262ae5b60e470d6340bef,CVE-2018-2791
432587463,cckuailong/reapoc,2018/README.md,308c2630f2203305a91262ae5b60e470d6340bef,CVE-2018-18778
432587463,cckuailong/reapoc,2018/README.md,308c2630f2203305a91262ae5b60e470d6340bef,CVE-2018-2893
432587463,cckuailong/reapoc,2018/README.md,308c2630f2203305a91262ae5b60e470d6340bef,CVE-2018-18777
432587463,cckuailong/reapoc,2018/README.md,308c2630f2203305a91262ae5b60e470d6340bef,CVE-2018-18775
432587463,cckuailong/reapoc,2018/README.md,308c2630f2203305a91262ae5b60e470d6340bef,CVE-2018-16341
432587463,cckuailong/reapoc,2018/README.md,308c2630f2203305a91262ae5b60e470d6340bef,CVE-2018-6008
432587463,cckuailong/reapoc,2018/README.md,308c2630f2203305a91262ae5b60e470d6340bef,CVE-2018-16299
432587463,cckuailong/reapoc,2018/README.md,308c2630f2203305a91262ae5b60e470d6340bef,CVE-2018-14574
432587463,cckuailong/reapoc,2018/README.md,308c2630f2203305a91262ae5b60e470d6340bef,CVE-2018-7700
432587463,cckuailong/reapoc,2018/README.md,308c2630f2203305a91262ae5b60e470d6340bef,CVE-2018-7719
432587463,cckuailong/reapoc,2018/README.md,308c2630f2203305a91262ae5b60e470d6340bef,CVE-2018-14013
432587463,cckuailong/reapoc,2018/README.md,308c2630f2203305a91262ae5b60e470d6340bef,CVE-2018-13980
432587463,cckuailong/reapoc,2018/README.md,308c2630f2203305a91262ae5b60e470d6340bef,CVE-2018-13380
432587463,cckuailong/reapoc,2018/README.md,308c2630f2203305a91262ae5b60e470d6340bef,CVE-2018-13379
432587463,cckuailong/reapoc,2018/README.md,308c2630f2203305a91262ae5b60e470d6340bef,CVE-2018-8006
432587463,cckuailong/reapoc,2018/README.md,308c2630f2203305a91262ae5b60e470d6340bef,CVE-2018-1335
432587463,cckuailong/reapoc,2018/README.md,308c2630f2203305a91262ae5b60e470d6340bef,CVE-2018-8033
432587463,cckuailong/reapoc,2018/README.md,308c2630f2203305a91262ae5b60e470d6340bef,CVE-2018-12998
432587463,cckuailong/reapoc,2018/README.md,308c2630f2203305a91262ae5b60e470d6340bef,CVE-2018-1273
432587463,cckuailong/reapoc,2018/README.md,308c2630f2203305a91262ae5b60e470d6340bef,CVE-2018-8715
432587463,cckuailong/reapoc,2018/README.md,308c2630f2203305a91262ae5b60e470d6340bef,CVE-2018-1271
432587463,cckuailong/reapoc,2018/README.md,308c2630f2203305a91262ae5b60e470d6340bef,CVE-2018-8719
432587463,cckuailong/reapoc,2018/README.md,308c2630f2203305a91262ae5b60e470d6340bef,CVE-2018-7662
432587463,cckuailong/reapoc,2018/README.md,308c2630f2203305a91262ae5b60e470d6340bef,CVE-2018-14728
432587463,cckuailong/reapoc,2018/README.md,308c2630f2203305a91262ae5b60e470d6340bef,CVE-2018-14916
432587463,cckuailong/reapoc,2018/README.md,308c2630f2203305a91262ae5b60e470d6340bef,CVE-2018-7600
432587463,cckuailong/reapoc,2018/README.md,308c2630f2203305a91262ae5b60e470d6340bef,CVE-2018-6605
432587463,cckuailong/reapoc,2018/README.md,308c2630f2203305a91262ae5b60e470d6340bef,CVE-2018-16288
432587463,cckuailong/reapoc,2018/README.md,308c2630f2203305a91262ae5b60e470d6340bef,CVE-2018-16283
432587463,cckuailong/reapoc,2018/README.md,308c2630f2203305a91262ae5b60e470d6340bef,CVE-2018-16167
432587463,cckuailong/reapoc,2018/README.md,308c2630f2203305a91262ae5b60e470d6340bef,CVE-2018-6910
432587463,cckuailong/reapoc,2018/README.md,308c2630f2203305a91262ae5b60e470d6340bef,CVE-2018-7251
432587463,cckuailong/reapoc,2018/README.md,308c2630f2203305a91262ae5b60e470d6340bef,CVE-2018-16133
432587463,cckuailong/reapoc,2018/README.md,308c2630f2203305a91262ae5b60e470d6340bef,CVE-2018-8727
432587463,cckuailong/reapoc,2018/README.md,308c2630f2203305a91262ae5b60e470d6340bef,CVE-2018-7314
432587463,cckuailong/reapoc,2018/README.md,308c2630f2203305a91262ae5b60e470d6340bef,CVE-2018-7422
432587463,cckuailong/reapoc,2018/README.md,308c2630f2203305a91262ae5b60e470d6340bef,CVE-2018-15961
432587463,cckuailong/reapoc,2018/README.md,308c2630f2203305a91262ae5b60e470d6340bef,CVE-2018-7490
432587463,cckuailong/reapoc,2018/README.md,308c2630f2203305a91262ae5b60e470d6340bef,CVE-2018-15745
432587463,cckuailong/reapoc,2018/README.md,308c2630f2203305a91262ae5b60e470d6340bef,CVE-2018-15535
432587463,cckuailong/reapoc,2018/README.md,308c2630f2203305a91262ae5b60e470d6340bef,CVE-2018-15517
432587463,cckuailong/reapoc,2018/README.md,308c2630f2203305a91262ae5b60e470d6340bef,CVE-2018-15473
432587463,cckuailong/reapoc,2018/README.md,308c2630f2203305a91262ae5b60e470d6340bef,CVE-2018-16059
432587463,cckuailong/reapoc,2018/README.md,308c2630f2203305a91262ae5b60e470d6340bef,CVE-2018-14064
432587463,cckuailong/reapoc,2018/README.md,308c2630f2203305a91262ae5b60e470d6340bef,CVE-2018-17246
432587463,cckuailong/reapoc,2018/README.md,308c2630f2203305a91262ae5b60e470d6340bef,CVE-2018-10093
432587463,cckuailong/reapoc,2018/README.md,308c2630f2203305a91262ae5b60e470d6340bef,CVE-2018-0127
432587463,cckuailong/reapoc,2018/README.md,308c2630f2203305a91262ae5b60e470d6340bef,CVE-2018-0296
432587463,cckuailong/reapoc,2018/README.md,308c2630f2203305a91262ae5b60e470d6340bef,CVE-2018-1000129
432587463,cckuailong/reapoc,2018/README.md,308c2630f2203305a91262ae5b60e470d6340bef,CVE-2018-1000130
432587463,cckuailong/reapoc,2018/README.md,308c2630f2203305a91262ae5b60e470d6340bef,CVE-2018-1000533
432587463,cckuailong/reapoc,2018/README.md,308c2630f2203305a91262ae5b60e470d6340bef,CVE-2018-1000861
432587463,cckuailong/reapoc,2018/README.md,308c2630f2203305a91262ae5b60e470d6340bef,CVE-2018-1000600
432587463,cckuailong/reapoc,2020/CVE-2020-6287/poc/others/README.md,30a61f219725723c6724a5510b59db24910cc56a,CVE-2020-6287
432587463,cckuailong/reapoc,2020/CVE-2020-12116/poc/nuclei/CVE-2020-12116.yaml,30dbfd120ac07945793d91155bf9a679fd925fb1,CVE-2020-12116
432587463,cckuailong/reapoc,2016/CVE-2016-1000149/poc/nuclei/CVE-2016-1000149.yaml,30e5b6b9959e25099e603185b6a37fb37850b8b5,CVE-2016-1000149
432587463,cckuailong/reapoc,2020/CVE-2020-10204/poc/others/README.md,31241c212090db4c6b2c94044f29a7e6f76e10c8,CVE-2020-10204
432587463,cckuailong/reapoc,2020/CVE-2020-3452/poc/nuclei/CVE-2020-3452.yaml,313f88d35fd868a0adbcbeab7b71c4a31b0e85eb,CVE-2020-3452
432587463,cckuailong/reapoc,2020/CVE-2020-13942/poc/nuclei/CVE-2020-13942.yaml,314c8552bbb1e14a5fa9a6a3e3aa72fcb7c3f666,CVE-2020-13942
432587463,cckuailong/reapoc,2021/CVE-2021-22873/poc/nuclei/CVE-2021-22873.yaml,3162aa6075bfd4ab1df1739b1706ac601f20b0b2,CVE-2021-22873
432587463,cckuailong/reapoc,2009/CVE-2009-2100/poc/others/README.md,3185895cfb270c67c2dd2c29a78d5e69fbc7e3e1,CVE-2009-2100
432587463,cckuailong/reapoc,2009/CVE-2009-1872/poc/others/README.md,31a9dac557302bf9762c4c1c332d2519a537bd64,CVE-2009-1872
432587463,cckuailong/reapoc,2010/CVE-2010-1714/poc/others/README.md,31c142e7f8e992d0185c1fec4733b292b467426e,CVE-2010-1714
432587463,cckuailong/reapoc,2018/CVE-2018-9205/poc/nuclei/CVE-2018-9205.yaml,3219bed7b9c761f8bc47f1641731f650da0780d2,CVE-2018-9205
432587463,cckuailong/reapoc,2018/CVE-2018-12613/poc/xray/CVE-2018-12613.yml,322fdc6a2660c764e78a3380eca32aa61615f30a,CVE-2018-12613
432587463,cckuailong/reapoc,2021/CVE-2021-26723/poc/nuclei/CVE-2021-26723.yaml,326ce540b244d8b9e97408ace9465a16bce0615f,CVE-2021-26723
432587463,cckuailong/reapoc,2017/CVE-2017-14849/vultarget/README.md,3286e617e2b12984cd101b91e680467d40b85797,CVE-2017-14849
432587463,cckuailong/reapoc,2018/CVE-2018-14574/vultarget/docker-compose.yml,32aba41ce9fb29f4809f110264188d3aa8d3acf7,CVE-2018-14574
432587463,cckuailong/reapoc,2014/CVE-2014-3744/poc/nuclei/CVE-2014-3744.yaml,3342706d2d2bd76cc933d44f302a81bd394ea410,CVE-2014-3744
432587463,cckuailong/reapoc,2020/CVE-2020-25213/poc/xray/wordpress-wp-file-manager-rce-cve-2020-25213.yml,335af0c643d7cee958a2f66402cb9b7819c27a36,CVE-2020-25213
432587463,cckuailong/reapoc,2020/CVE-2020-24312/poc/nuclei/CVE-2020-24312.yaml,338af4fb0617d83452c0ec092d1b929c6a9988e0,CVE-2020-24312
432587463,cckuailong/reapoc,2016/CVE-2016-1000137/poc/nuclei/CVE-2016-1000137.yaml,339ea3a5e4369683f258abb53266e8f48302aedb,CVE-2016-1000137
432587463,cckuailong/reapoc,2015/CVE-2015-7297/poc/others/README.md,33a5687731d0ce6c0b95d4848abba64276e8307c,CVE-2015-7297
432587463,cckuailong/reapoc,2018/CVE-2018-10738/poc/xray/CVE-2018-10738.yml,33d777669518dc84e02b7c9e840191b6a02022b6,CVE-2018-10738
432587463,cckuailong/reapoc,2021/CVE-2021-22911/vultarget/CVE-2021-22911.py,33dcfc524689520be064c6c683f6a3b22ac22b4d,CVE-2021-22911
432587463,cckuailong/reapoc,2016/CVE-2016-3088/poc/others/README.md,342865b341fe7fe776dd25545127b54d63a3fa37,CVE-2016-3088
432587463,cckuailong/reapoc,2005/CVE-2005-2428/poc/nuclei/CVE-2005-2428.yaml,3468348e73714e6d1810a8673fcb57526de90ab1,CVE-2005-2428
432587463,cckuailong/reapoc,2005/CVE-2005-2428/poc/nuclei/CVE-2005-2428.yaml,3468348e73714e6d1810a8673fcb57526de90ab1,CVE-2005-2696
432587463,cckuailong/reapoc,2019/CVE-2019-3799/poc/xray/CVE-2019-3799.yml,3475b7535a1044afde4c0d6ce164baaaa3b98b61,CVE-2019-3799
432587463,cckuailong/reapoc,2021/CVE-2021-43495/poc/nuclei/CVE-2021-43495.yaml,34dd9a024afa415d5071eb59827803eea2b7b991,CVE-2021-43495
432587463,cckuailong/reapoc,2009/CVE-2009-4679/poc/others/README.md,34fd0f8a9849c3b2abf5b25d950eb88c2151fd04,CVE-2009-4679
432587463,cckuailong/reapoc,2020/CVE-2020-5902/poc/nuclei/CVE-2020-5902.yaml,3504eeaf8d10f87c827c6ba1324498f538e4aa4d,CVE-2020-5902
432587463,cckuailong/reapoc,2020/CVE-2020-5902/poc/nuclei/CVE-2020-5902.yaml,3504eeaf8d10f87c827c6ba1324498f538e4aa4d,VU#290915
432587463,cckuailong/reapoc,2016/CVE-2016-2004/poc/nuclei/CVE-2016-2004.yaml,3524a4f68834ae07bfaadcab9b758e9f982a6f8e,CVE-2014-2623
432587463,cckuailong/reapoc,2016/CVE-2016-2004/poc/nuclei/CVE-2016-2004.yaml,3524a4f68834ae07bfaadcab9b758e9f982a6f8e,CVE-2016-2004
432587463,cckuailong/reapoc,2012/CVE-2012-1823/vultarget/www/index.php,353d8e8c7524536fa40722e1d449eac3c9aa362c,CVE-2012-1823
432587463,cckuailong/reapoc,2019/CVE-2019-10092/poc/others/README.md,354637a2fe6d0e8434d9187f3029cbcc28dfe720,CVE-2019-10092
432587463,cckuailong/reapoc,2015/CVE-2015-2068/poc/nuclei/CVE-2015-2068.yaml,3567a68f8627078f0aff61a3de4bdb763a5f8d98,CVE-2015-2068
432587463,cckuailong/reapoc,2017/CVE-2017-1000170/poc/nuclei/CVE-2017-1000170.yaml,358e67e53bd56531ee9cfd34eae7efe984d78ff4,CVE-2017-1000170
432587463,cckuailong/reapoc,2021/CVE-2021-41773/vultarget/Dockerfile,35b1b0a90698560eacdbf999729308f525aa980e,CVE-2021-41773
432587463,cckuailong/reapoc,2008/CVE-2008-2398/poc/others/README.md,35b53000b33c5ebe7cd4ca76fcc24f1157ce2399,CVE-2008-2398
432587463,cckuailong/reapoc,2010/CVE-2010-1602/poc/others/README.md,35f366ec5abdf2e13a9a7cd8c3140301a3f1ecd1,CVE-2010-1602
432587463,cckuailong/reapoc,2008/CVE-2008-4668/poc/nuclei/CVE-2008-4668.yaml,3617e53da9006740681fd867ce42de0e517c03e5,CVE-2008-4668
432587463,cckuailong/reapoc,2021/CVE-2021-24389/poc/nuclei/CVE-2021-24389.yaml,36615348ca39759296f15c536fe1fd4147d06df8,CVE-2021-24389
432587463,cckuailong/reapoc,2009/CVE-2009-3053/poc/others/README.md,366270b25f987bb3b6fad4429d43a776738a38f8,CVE-2009-3053
432587463,cckuailong/reapoc,2021/README.md,366c576af8f71ae1938b296fc9d6c29b1a4ae008,CVE-2021-24274
432587463,cckuailong/reapoc,2021/README.md,366c576af8f71ae1938b296fc9d6c29b1a4ae008,CVE-2021-34621
432587463,cckuailong/reapoc,2021/README.md,366c576af8f71ae1938b296fc9d6c29b1a4ae008,CVE-2021-41291
432587463,cckuailong/reapoc,2021/README.md,366c576af8f71ae1938b296fc9d6c29b1a4ae008,CVE-2021-20090
432587463,cckuailong/reapoc,2021/README.md,366c576af8f71ae1938b296fc9d6c29b1a4ae008,CVE-2021-33807
432587463,cckuailong/reapoc,2021/README.md,366c576af8f71ae1938b296fc9d6c29b1a4ae008,CVE-2021-26885
432587463,cckuailong/reapoc,2021/README.md,366c576af8f71ae1938b296fc9d6c29b1a4ae008,CVE-2021-21389
432587463,cckuailong/reapoc,2021/README.md,366c576af8f71ae1938b296fc9d6c29b1a4ae008,CVE-2021-31856
432587463,cckuailong/reapoc,2021/README.md,366c576af8f71ae1938b296fc9d6c29b1a4ae008,CVE-2021-43798
432587463,cckuailong/reapoc,2021/README.md,366c576af8f71ae1938b296fc9d6c29b1a4ae008,CVE-2021-22911
432587463,cckuailong/reapoc,2021/README.md,366c576af8f71ae1938b296fc9d6c29b1a4ae008,CVE-2021-32819
432587463,cckuailong/reapoc,2021/README.md,366c576af8f71ae1938b296fc9d6c29b1a4ae008,CVE-2021-24406
432587463,cckuailong/reapoc,2021/README.md,366c576af8f71ae1938b296fc9d6c29b1a4ae008,CVE-2021-21816
432587463,cckuailong/reapoc,2021/README.md,366c576af8f71ae1938b296fc9d6c29b1a4ae008,CVE-2021-24407
432587463,cckuailong/reapoc,2021/README.md,366c576af8f71ae1938b296fc9d6c29b1a4ae008,CVE-2021-23241
432587463,cckuailong/reapoc,2021/README.md,366c576af8f71ae1938b296fc9d6c29b1a4ae008,CVE-2021-24278
432587463,cckuailong/reapoc,2021/README.md,366c576af8f71ae1938b296fc9d6c29b1a4ae008,CVE-2021-24495
432587463,cckuailong/reapoc,2021/README.md,366c576af8f71ae1938b296fc9d6c29b1a4ae008,CVE-2021-24288
432587463,cckuailong/reapoc,2021/README.md,366c576af8f71ae1938b296fc9d6c29b1a4ae008,CVE-2021-29442
432587463,cckuailong/reapoc,2021/README.md,366c576af8f71ae1938b296fc9d6c29b1a4ae008,CVE-2021-21975
432587463,cckuailong/reapoc,2021/README.md,366c576af8f71ae1938b296fc9d6c29b1a4ae008,CVE-2021-36380
432587463,cckuailong/reapoc,2021/README.md,366c576af8f71ae1938b296fc9d6c29b1a4ae008,CVE-2021-42013
432587463,cckuailong/reapoc,2021/README.md,366c576af8f71ae1938b296fc9d6c29b1a4ae008,CVE-2021-24320
432587463,cckuailong/reapoc,2021/README.md,366c576af8f71ae1938b296fc9d6c29b1a4ae008,CVE-2021-21315
432587463,cckuailong/reapoc,2021/README.md,366c576af8f71ae1938b296fc9d6c29b1a4ae008,CVE-2021-34371
432587463,cckuailong/reapoc,2021/README.md,366c576af8f71ae1938b296fc9d6c29b1a4ae008,CVE-2021-40875
432587463,cckuailong/reapoc,2021/README.md,366c576af8f71ae1938b296fc9d6c29b1a4ae008,CVE-2021-21802
432587463,cckuailong/reapoc,2021/README.md,366c576af8f71ae1938b296fc9d6c29b1a4ae008,CVE-2021-41826
432587463,cckuailong/reapoc,2021/README.md,366c576af8f71ae1938b296fc9d6c29b1a4ae008,CVE-2021-28149
432587463,cckuailong/reapoc,2021/README.md,366c576af8f71ae1938b296fc9d6c29b1a4ae008,CVE-2021-28810
432587463,cckuailong/reapoc,2021/README.md,366c576af8f71ae1938b296fc9d6c29b1a4ae008,CVE-2021-24237
432587463,cckuailong/reapoc,2021/README.md,366c576af8f71ae1938b296fc9d6c29b1a4ae008,CVE-2021-24472
432587463,cckuailong/reapoc,2021/README.md,366c576af8f71ae1938b296fc9d6c29b1a4ae008,CVE-2021-44427
432587463,cckuailong/reapoc,2021/README.md,366c576af8f71ae1938b296fc9d6c29b1a4ae008,CVE-2021-26855
432587463,cckuailong/reapoc,2021/README.md,366c576af8f71ae1938b296fc9d6c29b1a4ae008,CVE-2021-30151
432587463,cckuailong/reapoc,2021/README.md,366c576af8f71ae1938b296fc9d6c29b1a4ae008,CVE-2021-1497
432587463,cckuailong/reapoc,2021/README.md,366c576af8f71ae1938b296fc9d6c29b1a4ae008,CVE-2021-24285
432587463,cckuailong/reapoc,2021/README.md,366c576af8f71ae1938b296fc9d6c29b1a4ae008,CVE-2021-21350
432587463,cckuailong/reapoc,2021/README.md,366c576af8f71ae1938b296fc9d6c29b1a4ae008,CVE-2021-33564
432587463,cckuailong/reapoc,2021/README.md,366c576af8f71ae1938b296fc9d6c29b1a4ae008,CVE-2021-31682
432587463,cckuailong/reapoc,2021/README.md,366c576af8f71ae1938b296fc9d6c29b1a4ae008,CVE-2021-41649
432587463,cckuailong/reapoc,2021/README.md,366c576af8f71ae1938b296fc9d6c29b1a4ae008,CVE-2021-35265
432587463,cckuailong/reapoc,2021/README.md,366c576af8f71ae1938b296fc9d6c29b1a4ae008,CVE-2021-3297
432587463,cckuailong/reapoc,2021/README.md,366c576af8f71ae1938b296fc9d6c29b1a4ae008,CVE-2021-28073
432587463,cckuailong/reapoc,2021/README.md,366c576af8f71ae1938b296fc9d6c29b1a4ae008,CVE-2021-29203
432587463,cckuailong/reapoc,2021/README.md,366c576af8f71ae1938b296fc9d6c29b1a4ae008,CVE-2021-41467
432587463,cckuailong/reapoc,2021/README.md,366c576af8f71ae1938b296fc9d6c29b1a4ae008,CVE-2021-24276
432587463,cckuailong/reapoc,2021/README.md,366c576af8f71ae1938b296fc9d6c29b1a4ae008,CVE-2021-3019
432587463,cckuailong/reapoc,2021/README.md,366c576af8f71ae1938b296fc9d6c29b1a4ae008,CVE-2021-41266
432587463,cckuailong/reapoc,2021/README.md,366c576af8f71ae1938b296fc9d6c29b1a4ae008,CVE-2021-3378
432587463,cckuailong/reapoc,2021/README.md,366c576af8f71ae1938b296fc9d6c29b1a4ae008,CVE-2021-20031
432587463,cckuailong/reapoc,2021/README.md,366c576af8f71ae1938b296fc9d6c29b1a4ae008,CVE-2021-40960
432587463,cckuailong/reapoc,2021/README.md,366c576af8f71ae1938b296fc9d6c29b1a4ae008,CVE-2021-31755
432587463,cckuailong/reapoc,2021/README.md,366c576af8f71ae1938b296fc9d6c29b1a4ae008,CVE-2021-3577
432587463,cckuailong/reapoc,2021/README.md,366c576af8f71ae1938b296fc9d6c29b1a4ae008,CVE-2021-24342
432587463,cckuailong/reapoc,2021/README.md,366c576af8f71ae1938b296fc9d6c29b1a4ae008,CVE-2021-27330
432587463,cckuailong/reapoc,2021/README.md,366c576af8f71ae1938b296fc9d6c29b1a4ae008,CVE-2021-39320
432587463,cckuailong/reapoc,2021/README.md,366c576af8f71ae1938b296fc9d6c29b1a4ae008,CVE-2021-21479
432587463,cckuailong/reapoc,2021/README.md,366c576af8f71ae1938b296fc9d6c29b1a4ae008,CVE-2021-39316
432587463,cckuailong/reapoc,2021/README.md,366c576af8f71ae1938b296fc9d6c29b1a4ae008,CVE-2021-28918
432587463,cckuailong/reapoc,2021/README.md,366c576af8f71ae1938b296fc9d6c29b1a4ae008,CVE-2021-24335
432587463,cckuailong/reapoc,2021/README.md,366c576af8f71ae1938b296fc9d6c29b1a4ae008,CVE-2021-1499
432587463,cckuailong/reapoc,2021/README.md,366c576af8f71ae1938b296fc9d6c29b1a4ae008,CVE-2021-31537
432587463,cckuailong/reapoc,2021/README.md,366c576af8f71ae1938b296fc9d6c29b1a4ae008,CVE-2021-41951
432587463,cckuailong/reapoc,2021/README.md,366c576af8f71ae1938b296fc9d6c29b1a4ae008,CVE-2021-21972
432587463,cckuailong/reapoc,2021/README.md,366c576af8f71ae1938b296fc9d6c29b1a4ae008,CVE-2021-27931
432587463,cckuailong/reapoc,2021/README.md,366c576af8f71ae1938b296fc9d6c29b1a4ae008,CVE-2021-30213
432587463,cckuailong/reapoc,2021/README.md,366c576af8f71ae1938b296fc9d6c29b1a4ae008,CVE-2021-41381
432587463,cckuailong/reapoc,2021/README.md,366c576af8f71ae1938b296fc9d6c29b1a4ae008,CVE-2021-24340
432587463,cckuailong/reapoc,2021/README.md,366c576af8f71ae1938b296fc9d6c29b1a4ae008,CVE-2021-32820
432587463,cckuailong/reapoc,2021/README.md,366c576af8f71ae1938b296fc9d6c29b1a4ae008,CVE-2021-38704
432587463,cckuailong/reapoc,2021/README.md,366c576af8f71ae1938b296fc9d6c29b1a4ae008,CVE-2021-24389
432587463,cckuailong/reapoc,2021/README.md,366c576af8f71ae1938b296fc9d6c29b1a4ae008,CVE-2021-22145
432587463,cckuailong/reapoc,2021/README.md,366c576af8f71ae1938b296fc9d6c29b1a4ae008,CVE-2021-37833
432587463,cckuailong/reapoc,2021/README.md,366c576af8f71ae1938b296fc9d6c29b1a4ae008,CVE-2021-41653
432587463,cckuailong/reapoc,2021/README.md,366c576af8f71ae1938b296fc9d6c29b1a4ae008,CVE-2021-43287
432587463,cckuailong/reapoc,2021/README.md,366c576af8f71ae1938b296fc9d6c29b1a4ae008,CVE-2021-3017
432587463,cckuailong/reapoc,2021/README.md,366c576af8f71ae1938b296fc9d6c29b1a4ae008,CVE-2021-21801
432587463,cckuailong/reapoc,2021/README.md,366c576af8f71ae1938b296fc9d6c29b1a4ae008,CVE-2021-41648
432587463,cckuailong/reapoc,2021/README.md,366c576af8f71ae1938b296fc9d6c29b1a4ae008,CVE-2021-39327
432587463,cckuailong/reapoc,2021/README.md,366c576af8f71ae1938b296fc9d6c29b1a4ae008,CVE-2021-41878
432587463,cckuailong/reapoc,2021/README.md,366c576af8f71ae1938b296fc9d6c29b1a4ae008,CVE-2021-41277
432587463,cckuailong/reapoc,2021/README.md,366c576af8f71ae1938b296fc9d6c29b1a4ae008,CVE-2021-24275
432587463,cckuailong/reapoc,2021/README.md,366c576af8f71ae1938b296fc9d6c29b1a4ae008,CVE-2021-29441
432587463,cckuailong/reapoc,2021/README.md,366c576af8f71ae1938b296fc9d6c29b1a4ae008,CVE-2021-28854
432587463,cckuailong/reapoc,2021/README.md,366c576af8f71ae1938b296fc9d6c29b1a4ae008,CVE-2021-34473
432587463,cckuailong/reapoc,2021/README.md,366c576af8f71ae1938b296fc9d6c29b1a4ae008,CVE-2021-24364
432587463,cckuailong/reapoc,2021/README.md,366c576af8f71ae1938b296fc9d6c29b1a4ae008,CVE-2021-42237
432587463,cckuailong/reapoc,2021/README.md,366c576af8f71ae1938b296fc9d6c29b1a4ae008,CVE-2021-24387
432587463,cckuailong/reapoc,2021/README.md,366c576af8f71ae1938b296fc9d6c29b1a4ae008,CVE-2021-37538
432587463,cckuailong/reapoc,2021/README.md,366c576af8f71ae1938b296fc9d6c29b1a4ae008,CVE-2021-27132
432587463,cckuailong/reapoc,2021/README.md,366c576af8f71ae1938b296fc9d6c29b1a4ae008,CVE-2021-35464
432587463,cckuailong/reapoc,2021/README.md,366c576af8f71ae1938b296fc9d6c29b1a4ae008,CVE-2021-37216
432587463,cckuailong/reapoc,2021/README.md,366c576af8f71ae1938b296fc9d6c29b1a4ae008,CVE-2021-29156
432587463,cckuailong/reapoc,2021/README.md,366c576af8f71ae1938b296fc9d6c29b1a4ae008,CVE-2021-36260
432587463,cckuailong/reapoc,2021/README.md,366c576af8f71ae1938b296fc9d6c29b1a4ae008,CVE-2021-27310
432587463,cckuailong/reapoc,2021/README.md,366c576af8f71ae1938b296fc9d6c29b1a4ae008,CVE-2021-36749
432587463,cckuailong/reapoc,2021/README.md,366c576af8f71ae1938b296fc9d6c29b1a4ae008,CVE-2021-21402
432587463,cckuailong/reapoc,2021/README.md,366c576af8f71ae1938b296fc9d6c29b1a4ae008,CVE-2021-3377
432587463,cckuailong/reapoc,2021/README.md,366c576af8f71ae1938b296fc9d6c29b1a4ae008,CVE-2021-27561
432587463,cckuailong/reapoc,2021/README.md,366c576af8f71ae1938b296fc9d6c29b1a4ae008,CVE-2021-41293
432587463,cckuailong/reapoc,2021/README.md,366c576af8f71ae1938b296fc9d6c29b1a4ae008,CVE-2021-20091
432587463,cckuailong/reapoc,2021/README.md,366c576af8f71ae1938b296fc9d6c29b1a4ae008,CVE-2021-37573
432587463,cckuailong/reapoc,2021/README.md,366c576af8f71ae1938b296fc9d6c29b1a4ae008,CVE-2021-26812
432587463,cckuailong/reapoc,2021/README.md,366c576af8f71ae1938b296fc9d6c29b1a4ae008,CVE-2021-31602
432587463,cckuailong/reapoc,2021/README.md,366c576af8f71ae1938b296fc9d6c29b1a4ae008,CVE-2021-22214
432587463,cckuailong/reapoc,2021/README.md,366c576af8f71ae1938b296fc9d6c29b1a4ae008,CVE-2021-35336
432587463,cckuailong/reapoc,2021/README.md,366c576af8f71ae1938b296fc9d6c29b1a4ae008,CVE-2021-26475
432587463,cckuailong/reapoc,2021/README.md,366c576af8f71ae1938b296fc9d6c29b1a4ae008,CVE-2021-29622
432587463,cckuailong/reapoc,2021/README.md,366c576af8f71ae1938b296fc9d6c29b1a4ae008,CVE-2021-21234
432587463,cckuailong/reapoc,2021/README.md,366c576af8f71ae1938b296fc9d6c29b1a4ae008,CVE-2021-41349
432587463,cckuailong/reapoc,2021/README.md,366c576af8f71ae1938b296fc9d6c29b1a4ae008,CVE-2021-41773
432587463,cckuailong/reapoc,2021/README.md,366c576af8f71ae1938b296fc9d6c29b1a4ae008,CVE-2021-33357
432587463,cckuailong/reapoc,2021/README.md,366c576af8f71ae1938b296fc9d6c29b1a4ae008,CVE-2021-43495
432587463,cckuailong/reapoc,2021/README.md,366c576af8f71ae1938b296fc9d6c29b1a4ae008,CVE-2021-25646
432587463,cckuailong/reapoc,2021/README.md,366c576af8f71ae1938b296fc9d6c29b1a4ae008,CVE-2021-26710
432587463,cckuailong/reapoc,2021/README.md,366c576af8f71ae1938b296fc9d6c29b1a4ae008,CVE-2021-27850
432587463,cckuailong/reapoc,2021/README.md,366c576af8f71ae1938b296fc9d6c29b1a4ae008,CVE-2021-21803
432587463,cckuailong/reapoc,2021/README.md,366c576af8f71ae1938b296fc9d6c29b1a4ae008,CVE-2021-29484
432587463,cckuailong/reapoc,2021/README.md,366c576af8f71ae1938b296fc9d6c29b1a4ae008,CVE-2021-20114
432587463,cckuailong/reapoc,2021/README.md,366c576af8f71ae1938b296fc9d6c29b1a4ae008,CVE-2021-28151
432587463,cckuailong/reapoc,2021/README.md,366c576af8f71ae1938b296fc9d6c29b1a4ae008,CVE-2021-40438
432587463,cckuailong/reapoc,2021/README.md,366c576af8f71ae1938b296fc9d6c29b1a4ae008,CVE-2021-24298
432587463,cckuailong/reapoc,2021/README.md,366c576af8f71ae1938b296fc9d6c29b1a4ae008,CVE-2021-29625
432587463,cckuailong/reapoc,2021/README.md,366c576af8f71ae1938b296fc9d6c29b1a4ae008,CVE-2021-25282
432587463,cckuailong/reapoc,2021/README.md,366c576af8f71ae1938b296fc9d6c29b1a4ae008,CVE-2021-38314
432587463,cckuailong/reapoc,2021/README.md,366c576af8f71ae1938b296fc9d6c29b1a4ae008,CVE-2021-24210
432587463,cckuailong/reapoc,2021/README.md,366c576af8f71ae1938b296fc9d6c29b1a4ae008,CVE-2021-40539
432587463,cckuailong/reapoc,2021/README.md,366c576af8f71ae1938b296fc9d6c29b1a4ae008,CVE-2021-35042
432587463,cckuailong/reapoc,2021/README.md,366c576af8f71ae1938b296fc9d6c29b1a4ae008,CVE-2021-38751
432587463,cckuailong/reapoc,2021/README.md,366c576af8f71ae1938b296fc9d6c29b1a4ae008,CVE-2021-34045
432587463,cckuailong/reapoc,2021/README.md,366c576af8f71ae1938b296fc9d6c29b1a4ae008,CVE-2021-26722
432587463,cckuailong/reapoc,2021/README.md,366c576af8f71ae1938b296fc9d6c29b1a4ae008,CVE-2021-21985
432587463,cckuailong/reapoc,2021/README.md,366c576af8f71ae1938b296fc9d6c29b1a4ae008,CVE-2021-20837
432587463,cckuailong/reapoc,2021/README.md,366c576af8f71ae1938b296fc9d6c29b1a4ae008,CVE-2021-26086
432587463,cckuailong/reapoc,2021/README.md,366c576af8f71ae1938b296fc9d6c29b1a4ae008,CVE-2021-26085
432587463,cckuailong/reapoc,2021/README.md,366c576af8f71ae1938b296fc9d6c29b1a4ae008,CVE-2021-33044
432587463,cckuailong/reapoc,2021/README.md,366c576af8f71ae1938b296fc9d6c29b1a4ae008,CVE-2021-22122
432587463,cckuailong/reapoc,2021/README.md,366c576af8f71ae1938b296fc9d6c29b1a4ae008,CVE-2021-28164
432587463,cckuailong/reapoc,2021/README.md,366c576af8f71ae1938b296fc9d6c29b1a4ae008,CVE-2021-43778
432587463,cckuailong/reapoc,2021/README.md,366c576af8f71ae1938b296fc9d6c29b1a4ae008,CVE-2021-29490
432587463,cckuailong/reapoc,2021/README.md,366c576af8f71ae1938b296fc9d6c29b1a4ae008,CVE-2021-32305
432587463,cckuailong/reapoc,2021/README.md,366c576af8f71ae1938b296fc9d6c29b1a4ae008,CVE-2021-40542
432587463,cckuailong/reapoc,2021/README.md,366c576af8f71ae1938b296fc9d6c29b1a4ae008,CVE-2021-24176
432587463,cckuailong/reapoc,2021/README.md,366c576af8f71ae1938b296fc9d6c29b1a4ae008,CVE-2021-31250
432587463,cckuailong/reapoc,2021/README.md,366c576af8f71ae1938b296fc9d6c29b1a4ae008,CVE-2021-22005
432587463,cckuailong/reapoc,2021/README.md,366c576af8f71ae1938b296fc9d6c29b1a4ae008,CVE-2021-26084
432587463,cckuailong/reapoc,2021/README.md,366c576af8f71ae1938b296fc9d6c29b1a4ae008,CVE-2021-33904
432587463,cckuailong/reapoc,2021/README.md,366c576af8f71ae1938b296fc9d6c29b1a4ae008,CVE-2021-38647
432587463,cckuailong/reapoc,2021/README.md,366c576af8f71ae1938b296fc9d6c29b1a4ae008,CVE-2021-26295
432587463,cckuailong/reapoc,2021/README.md,366c576af8f71ae1938b296fc9d6c29b1a4ae008,CVE-2021-32030
432587463,cckuailong/reapoc,2021/README.md,366c576af8f71ae1938b296fc9d6c29b1a4ae008,CVE-2021-1498
432587463,cckuailong/reapoc,2021/README.md,366c576af8f71ae1938b296fc9d6c29b1a4ae008,CVE-2021-40868
432587463,cckuailong/reapoc,2021/README.md,366c576af8f71ae1938b296fc9d6c29b1a4ae008,CVE-2021-41174
432587463,cckuailong/reapoc,2021/README.md,366c576af8f71ae1938b296fc9d6c29b1a4ae008,CVE-2021-37580
432587463,cckuailong/reapoc,2021/README.md,366c576af8f71ae1938b296fc9d6c29b1a4ae008,CVE-2021-42565
432587463,cckuailong/reapoc,2021/README.md,366c576af8f71ae1938b296fc9d6c29b1a4ae008,CVE-2021-22873
432587463,cckuailong/reapoc,2021/README.md,366c576af8f71ae1938b296fc9d6c29b1a4ae008,CVE-2021-33221
432587463,cckuailong/reapoc,2021/README.md,366c576af8f71ae1938b296fc9d6c29b1a4ae008,CVE-2021-34429
432587463,cckuailong/reapoc,2021/README.md,366c576af8f71ae1938b296fc9d6c29b1a4ae008,CVE-2021-42566
432587463,cckuailong/reapoc,2021/README.md,366c576af8f71ae1938b296fc9d6c29b1a4ae008,CVE-2021-24291
432587463,cckuailong/reapoc,2021/README.md,366c576af8f71ae1938b296fc9d6c29b1a4ae008,CVE-2021-34370
432587463,cckuailong/reapoc,2021/README.md,366c576af8f71ae1938b296fc9d6c29b1a4ae008,CVE-2021-3374
432587463,cckuailong/reapoc,2021/README.md,366c576af8f71ae1938b296fc9d6c29b1a4ae008,CVE-2021-24499
432587463,cckuailong/reapoc,2021/README.md,366c576af8f71ae1938b296fc9d6c29b1a4ae008,CVE-2021-2109
432587463,cckuailong/reapoc,2021/README.md,366c576af8f71ae1938b296fc9d6c29b1a4ae008,CVE-2021-28937
432587463,cckuailong/reapoc,2021/README.md,366c576af8f71ae1938b296fc9d6c29b1a4ae008,CVE-2021-27651
432587463,cckuailong/reapoc,2021/README.md,366c576af8f71ae1938b296fc9d6c29b1a4ae008,CVE-2021-40870
432587463,cckuailong/reapoc,2021/README.md,366c576af8f71ae1938b296fc9d6c29b1a4ae008,CVE-2021-28150
432587463,cckuailong/reapoc,2021/README.md,366c576af8f71ae1938b296fc9d6c29b1a4ae008,CVE-2021-39226
432587463,cckuailong/reapoc,2021/README.md,366c576af8f71ae1938b296fc9d6c29b1a4ae008,CVE-2021-24498
432587463,cckuailong/reapoc,2021/README.md,366c576af8f71ae1938b296fc9d6c29b1a4ae008,CVE-2021-24316
432587463,cckuailong/reapoc,2021/README.md,366c576af8f71ae1938b296fc9d6c29b1a4ae008,CVE-2021-28169
432587463,cckuailong/reapoc,2021/README.md,366c576af8f71ae1938b296fc9d6c29b1a4ae008,CVE-2021-22205
432587463,cckuailong/reapoc,2021/README.md,366c576af8f71ae1938b296fc9d6c29b1a4ae008,CVE-2021-20092
432587463,cckuailong/reapoc,2021/README.md,366c576af8f71ae1938b296fc9d6c29b1a4ae008,CVE-2021-40978
432587463,cckuailong/reapoc,2021/README.md,366c576af8f71ae1938b296fc9d6c29b1a4ae008,CVE-2021-30049
432587463,cckuailong/reapoc,2021/README.md,366c576af8f71ae1938b296fc9d6c29b1a4ae008,CVE-2021-24235
432587463,cckuailong/reapoc,2021/README.md,366c576af8f71ae1938b296fc9d6c29b1a4ae008,CVE-2021-38702
432587463,cckuailong/reapoc,2021/README.md,366c576af8f71ae1938b296fc9d6c29b1a4ae008,CVE-2021-24226
432587463,cckuailong/reapoc,2021/README.md,366c576af8f71ae1938b296fc9d6c29b1a4ae008,CVE-2021-21978
432587463,cckuailong/reapoc,2021/README.md,366c576af8f71ae1938b296fc9d6c29b1a4ae008,CVE-2021-26723
432587463,cckuailong/reapoc,2021/README.md,366c576af8f71ae1938b296fc9d6c29b1a4ae008,CVE-2021-33544
432587463,cckuailong/reapoc,2021/README.md,366c576af8f71ae1938b296fc9d6c29b1a4ae008,CVE-2021-21307
432587463,cckuailong/reapoc,2021/README.md,366c576af8f71ae1938b296fc9d6c29b1a4ae008,CVE-2021-27905
432587463,cckuailong/reapoc,2021/README.md,366c576af8f71ae1938b296fc9d6c29b1a4ae008,CVE-2021-3223
432587463,cckuailong/reapoc,2021/README.md,366c576af8f71ae1938b296fc9d6c29b1a4ae008,CVE-2021-24146
432587463,cckuailong/reapoc,2021/README.md,366c576af8f71ae1938b296fc9d6c29b1a4ae008,CVE-2021-22053
432587463,cckuailong/reapoc,2021/README.md,366c576af8f71ae1938b296fc9d6c29b1a4ae008,CVE-2021-3129
432587463,cckuailong/reapoc,2021/README.md,366c576af8f71ae1938b296fc9d6c29b1a4ae008,CVE-2021-22986
432587463,cckuailong/reapoc,2021/README.md,366c576af8f71ae1938b296fc9d6c29b1a4ae008,CVE-2021-30497
432587463,cckuailong/reapoc,2021/README.md,366c576af8f71ae1938b296fc9d6c29b1a4ae008,CVE-2021-38540
432587463,cckuailong/reapoc,2021/README.md,366c576af8f71ae1938b296fc9d6c29b1a4ae008,CVE-2021-25281
432587463,cckuailong/reapoc,2021/README.md,366c576af8f71ae1938b296fc9d6c29b1a4ae008,CVE-2021-21287
432587463,cckuailong/reapoc,2021/README.md,366c576af8f71ae1938b296fc9d6c29b1a4ae008,CVE-2021-42258
432587463,cckuailong/reapoc,2021/README.md,366c576af8f71ae1938b296fc9d6c29b1a4ae008,CVE-2021-31581
432587463,cckuailong/reapoc,2021/README.md,366c576af8f71ae1938b296fc9d6c29b1a4ae008,CVE-2021-30461
432587463,cckuailong/reapoc,2021/README.md,366c576af8f71ae1938b296fc9d6c29b1a4ae008,CVE-2021-3654
432587463,cckuailong/reapoc,2021/README.md,366c576af8f71ae1938b296fc9d6c29b1a4ae008,CVE-2021-37704
432587463,cckuailong/reapoc,2021/README.md,366c576af8f71ae1938b296fc9d6c29b1a4ae008,CVE-2021-31249
432587463,cckuailong/reapoc,2011/CVE-2011-4926/poc/nuclei/CVE-2011-4926.yaml,36be418e9280b77ef2d603b5aa9935cf7baf9330,CVE-2011-4926
432587463,cckuailong/reapoc,2020/CVE-2020-14750/poc/xray/CVE-2020-14750.yml,3709ef9dd86fa8a5cf1862d4116043ac602b4d85,CVE-2020-14750
432587463,cckuailong/reapoc,2018/CVE-2018-7314/poc/xray/CVE-2018-7314.yml,372e89dfd67821d00e04a8288733e26b07cb0058,CVE-2018-7314
432587463,cckuailong/reapoc,2019/CVE-2019-17558/poc/nuclei/CVE-2019-17558.yaml,374005a2951453ba2367d74d62671d275dbbfc81,CVE-2019-17558
432587463,cckuailong/reapoc,2018/CVE-2018-17431/poc/others/README.md,3740f8db830046e75edd0deeb0f2e9fe3369fa2c,CVE-2018-17431
432587463,cckuailong/reapoc,2013/CVE-2013-5528/poc/nuclei/CVE-2013-5528.yaml,3751f843d3d911c63feab215b0dfaf5931c97ed2,CVE-2013-5528
432587463,cckuailong/reapoc,2019/CVE-2019-2616/poc/nuclei/CVE-2019-2616.yaml,376c612b749a4956bbf598518a9ca14cec549af4,CVE-2019-2616
432587463,cckuailong/reapoc,2020/CVE-2020-11978/poc/nuclei/CVE-2020-11978.yaml,377877749df5fbd9a4e3214145ba7d1ac5b617f9,CVE-2020-11978
432587463,cckuailong/reapoc,2019/CVE-2019-14223/poc/nuclei/CVE-2019-14223.yaml,378352c319e43b0e5c22863fe599df443aeadbb3,CVE-2019-14223
432587463,cckuailong/reapoc,2018/CVE-2018-2628/poc/others/README.md,3794f6150a6f722a9220fb8424be821f6ab7a64f,CVE-2018-2628
432587463,cckuailong/reapoc,2014/CVE-2014-5258/poc/others/README.md,3799ee39f67350f2f8817b493bc620da460a47fd,CVE-2014-5258
432587463,cckuailong/reapoc,2018/CVE-2018-15473/vultarget/docker-compose.yml,37a660fcc3f62f0728f93043b90ed0377eec9262,CVE-2018-15473
432587463,cckuailong/reapoc,2021/CVE-2021-24146/poc/others/README.md,37fa4670496aa62d146302b8381a232058b57885,CVE-2021-24146
432587463,cckuailong/reapoc,2020/CVE-2020-9483/poc/nuclei/CVE-2020-9483.yaml,384a2ea6df8528c63e947f1d36bd6e237666cf61,CVE-2020-9483
432587463,cckuailong/reapoc,2019/CVE-2019-6715/poc/nuclei/CVE-2019-6715.yaml,38beeec51621c0e700da71e3f3e2c32d782c2636,CVE-2019-6715
432587463,cckuailong/reapoc,2020/CVE-2020-11738/poc/others/README.md,38d5fc0b5d2aec63ec54b985ef170cd3edc19c6b,CVE-2020-11738
432587463,cckuailong/reapoc,2012/CVE-2012-4242/poc/nuclei/CVE-2012-4242.yaml,38d9db85d2ffe9ee06eef1243a22c3e22379d19e,CVE-2012-4242
432587463,cckuailong/reapoc,2011/CVE-2011-2744/poc/others/README.md,390a25157cb8d3362c0c0a866654a7c1c1597fda,CVE-2011-2744
432587463,cckuailong/reapoc,2020/CVE-2020-29453/vultarget/docker-compose.yml,390d48f8dfcaeeab3dd128061a446a9cf236c8b8,CVE-2019-11581
432587463,cckuailong/reapoc,2020/CVE-2020-29453/vultarget/docker-compose.yml,390d48f8dfcaeeab3dd128061a446a9cf236c8b8,CVE-2020-29453
432587463,cckuailong/reapoc,2014/CVE-2014-2908/poc/nuclei/CVE-2014-2908.yaml,3919b12474973813649909cb7cdb7ca76ea15746,CVE-2014-2908
432587463,cckuailong/reapoc,2010/CVE-2010-1532/poc/others/README.md,391c1fb0888898168f7b216e408c1a2d70546429,CVE-2010-1532
432587463,cckuailong/reapoc,2018/CVE-2018-7700/poc/xray/CVE-2018-7700.yml,3938045569a4d9e768b035315b8afd09671116f2,CVE-2018-7700
432587463,cckuailong/reapoc,2019/CVE-2019-3396/poc/xray/CVE-2019-3396.yml,393fc98ed8fde65e33c137fae9065a90d3fbc228,CVE-2019-3396
432587463,cckuailong/reapoc,2016/CVE-2016-1000128/poc/nuclei/CVE-2016-1000128.yaml,39738f683236daa9259390d7730b2885bbd26018,CVE-2016-1000128
432587463,cckuailong/reapoc,2019/CVE-2019-7238/vultarget/docker-compose.yml,39741c503a187b95e79ab4ac0ba99d8fb05def27,CVE-2019-7238
432587463,cckuailong/reapoc,2020/CVE-2020-17518/vultarget/README.md,3988fe65c283a592f4a6de95db88f9e16636dcee,CVE-2020-17518
432587463,cckuailong/reapoc,2018/CVE-2018-10201/poc/others/README.md,398b9c1b96ebfc9957bb60fd7a46516af6684e9e,CVE-2018-10201
432587463,cckuailong/reapoc,2014/CVE-2014-2323/poc/others/README.md,39d28a170441c85c4f2e306ae70aeee4e1288ff4,CVE-2014-2323
432587463,cckuailong/reapoc,2021/CVE-2021-24364/poc/nuclei/CVE-2021-24364.yaml,39d58609714d8a2cbe224ff744fb2c74b0149885,CVE-2021-24364
432587463,cckuailong/reapoc,2019/CVE-2019-10475/poc/nuclei/CVE-2019-10475.yaml,39e3961f03099d5966b9ae270d71711828640a54,CVE-2019-10475
432587463,cckuailong/reapoc,2021/CVE-2021-37216/poc/nuclei/CVE-2021-37216.yaml,39f1f1020c414e3dca990eb44f5ed1b4eeb3f3bb,CVE-2021-37216
432587463,cckuailong/reapoc,2020/CVE-2020-14092/poc/nuclei/CVE-2020-14092.yaml,3a16b603d310ee82c108cafd8f93e380d34bd8df,CVE-2020-14092
432587463,cckuailong/reapoc,2021/CVE-2021-40438/poc/xray/CVE-2021-40438.yml,3a516bcedd5aad1803de43f1ab5e95363e1b84ad,CVE-2021-40438
432587463,cckuailong/reapoc,2016/CVE-2016-1000135/poc/nuclei/CVE-2016-1000135.yaml,3a564e180df1aafb411b5026cdfadf3066368de6,CVE-2016-1000135
432587463,cckuailong/reapoc,2021/CVE-2021-40875/poc/nuclei/CVE-2021-40875.yaml,3a6ca4820ff84210b45b17be8f07a8d11979ed33,CVE-2021-40875
432587463,cckuailong/reapoc,2018/CVE-2018-12613/vultarget/docker-compose.yml,3a7646d30d1596a91c3588d079a9435fad774878,CVE-2018-12613
432587463,cckuailong/reapoc,2019/CVE-2019-14696/vultarget/wait_to_be_added,3a793e88db8fc7f67b4da0abedc389291b8d3d4d,CVE-2019-14696
432587463,cckuailong/reapoc,2020/CVE-2020-12054/vultarget/wait_to_be_added,3a793e88db8fc7f67b4da0abedc389291b8d3d4d,CVE-2020-12054
432587463,cckuailong/reapoc,2008/CVE-2008-6668/vultarget/wait_to_be_added,3a793e88db8fc7f67b4da0abedc389291b8d3d4d,CVE-2008-6668
432587463,cckuailong/reapoc,2020/CVE-2020-24589/vultarget/wait_to_be_added,3a793e88db8fc7f67b4da0abedc389291b8d3d4d,CVE-2020-24589
432587463,cckuailong/reapoc,2020/CVE-2020-24912/vultarget/wait_to_be_added,3a793e88db8fc7f67b4da0abedc389291b8d3d4d,CVE-2020-24912
432587463,cckuailong/reapoc,2010/CVE-2010-1340/vultarget/wait_to_be_added,3a793e88db8fc7f67b4da0abedc389291b8d3d4d,CVE-2010-1340
432587463,cckuailong/reapoc,2020/CVE-2020-11710/vultarget/wait_to_be_added,3a793e88db8fc7f67b4da0abedc389291b8d3d4d,CVE-2020-11710
432587463,cckuailong/reapoc,2008/CVE-2008-6222/vultarget/wait_to_be_added,3a793e88db8fc7f67b4da0abedc389291b8d3d4d,CVE-2008-6222
432587463,cckuailong/reapoc,2021/CVE-2021-32820/vultarget/wait_to_be_added,3a793e88db8fc7f67b4da0abedc389291b8d3d4d,CVE-2021-32820
432587463,cckuailong/reapoc,2019/CVE-2019-8903/vultarget/wait_to_be_added,3a793e88db8fc7f67b4da0abedc389291b8d3d4d,CVE-2019-8903
432587463,cckuailong/reapoc,2019/CVE-2019-6340/vultarget/wait_to_be_added,3a793e88db8fc7f67b4da0abedc389291b8d3d4d,CVE-2019-6340
432587463,cckuailong/reapoc,2021/CVE-2021-30497/vultarget/wait_to_be_added,3a793e88db8fc7f67b4da0abedc389291b8d3d4d,CVE-2021-30497
432587463,cckuailong/reapoc,2019/CVE-2019-14974/vultarget/wait_to_be_added,3a793e88db8fc7f67b4da0abedc389291b8d3d4d,CVE-2019-14974
432587463,cckuailong/reapoc,2019/CVE-2019-14470/vultarget/wait_to_be_added,3a793e88db8fc7f67b4da0abedc389291b8d3d4d,CVE-2019-14470
432587463,cckuailong/reapoc,2020/CVE-2020-15148/vultarget/wait_to_be_added,3a793e88db8fc7f67b4da0abedc389291b8d3d4d,CVE-2020-15148
432587463,cckuailong/reapoc,2010/CVE-2010-1315/vultarget/wait_to_be_added,3a793e88db8fc7f67b4da0abedc389291b8d3d4d,CVE-2010-1315
432587463,cckuailong/reapoc,2021/CVE-2021-28937/vultarget/wait_to_be_added,3a793e88db8fc7f67b4da0abedc389291b8d3d4d,CVE-2021-28937
432587463,cckuailong/reapoc,2019/CVE-2019-6112/vultarget/wait_to_be_added,3a793e88db8fc7f67b4da0abedc389291b8d3d4d,CVE-2019-6112
432587463,cckuailong/reapoc,2020/CVE-2020-15227/vultarget/wait_to_be_added,3a793e88db8fc7f67b4da0abedc389291b8d3d4d,CVE-2020-15227
432587463,cckuailong/reapoc,2019/CVE-2019-19134/vultarget/wait_to_be_added,3a793e88db8fc7f67b4da0abedc389291b8d3d4d,CVE-2019-19134
432587463,cckuailong/reapoc,2008/CVE-2008-6172/vultarget/wait_to_be_added,3a793e88db8fc7f67b4da0abedc389291b8d3d4d,CVE-2008-6172
432587463,cckuailong/reapoc,2019/CVE-2019-12461/vultarget/wait_to_be_added,3a793e88db8fc7f67b4da0abedc389291b8d3d4d,CVE-2019-12461
432587463,cckuailong/reapoc,2020/CVE-2020-25506/vultarget/wait_to_be_added,3a793e88db8fc7f67b4da0abedc389291b8d3d4d,CVE-2020-25506
432587463,cckuailong/reapoc,2020/CVE-2020-11991/vultarget/wait_to_be_added,3a793e88db8fc7f67b4da0abedc389291b8d3d4d,CVE-2020-11991
432587463,cckuailong/reapoc,2010/CVE-2010-1469/vultarget/wait_to_be_added,3a793e88db8fc7f67b4da0abedc389291b8d3d4d,CVE-2010-1469
432587463,cckuailong/reapoc,2020/CVE-2020-14413/vultarget/wait_to_be_added,3a793e88db8fc7f67b4da0abedc389291b8d3d4d,CVE-2020-14413
432587463,cckuailong/reapoc,2019/CVE-2019-12593/vultarget/wait_to_be_added,3a793e88db8fc7f67b4da0abedc389291b8d3d4d,CVE-2019-12593
432587463,cckuailong/reapoc,2019/CVE-2019-7543/vultarget/wait_to_be_added,3a793e88db8fc7f67b4da0abedc389291b8d3d4d,CVE-2019-7543
432587463,cckuailong/reapoc,2010/CVE-2010-1470/vultarget/wait_to_be_added,3a793e88db8fc7f67b4da0abedc389291b8d3d4d,CVE-2010-1470
432587463,cckuailong/reapoc,2020/CVE-2020-11854/vultarget/wait_to_be_added,3a793e88db8fc7f67b4da0abedc389291b8d3d4d,CVE-2020-11854
432587463,cckuailong/reapoc,2008/CVE-2008-2650/vultarget/wait_to_be_added,3a793e88db8fc7f67b4da0abedc389291b8d3d4d,CVE-2008-2650
432587463,cckuailong/reapoc,2020/CVE-2020-25495/vultarget/wait_to_be_added,3a793e88db8fc7f67b4da0abedc389291b8d3d4d,CVE-2020-25495
432587463,cckuailong/reapoc,2010/CVE-2010-1461/vultarget/wait_to_be_added,3a793e88db8fc7f67b4da0abedc389291b8d3d4d,CVE-2010-1461
432587463,cckuailong/reapoc,2019/CVE-2019-7481/vultarget/wait_to_be_added,3a793e88db8fc7f67b4da0abedc389291b8d3d4d,CVE-2019-7481
432587463,cckuailong/reapoc,2019/CVE-2019-12725/vultarget/wait_to_be_added,3a793e88db8fc7f67b4da0abedc389291b8d3d4d,CVE-2019-12725
432587463,cckuailong/reapoc,2019/CVE-2019-8449/vultarget/wait_to_be_added,3a793e88db8fc7f67b4da0abedc389291b8d3d4d,CVE-2019-8449
432587463,cckuailong/reapoc,2020/CVE-2020-25223/vultarget/wait_to_be_added,3a793e88db8fc7f67b4da0abedc389291b8d3d4d,CVE-2020-25223
432587463,cckuailong/reapoc,2019/CVE-2019-12616/vultarget/wait_to_be_added,3a793e88db8fc7f67b4da0abedc389291b8d3d4d,CVE-2019-12616
432587463,cckuailong/reapoc,2008/CVE-2008-2398/vultarget/wait_to_be_added,3a793e88db8fc7f67b4da0abedc389291b8d3d4d,CVE-2008-2398
432587463,cckuailong/reapoc,2020/CVE-2020-2551/vultarget/wait_to_be_added,3a793e88db8fc7f67b4da0abedc389291b8d3d4d,CVE-2020-2551
432587463,cckuailong/reapoc,2019/CVE-2019-12314/vultarget/wait_to_be_added,3a793e88db8fc7f67b4da0abedc389291b8d3d4d,CVE-2019-12314
432587463,cckuailong/reapoc,2021/CVE-2021-42565/vultarget/wait_to_be_added,3a793e88db8fc7f67b4da0abedc389291b8d3d4d,CVE-2021-42565
432587463,cckuailong/reapoc,2020/CVE-2020-26073/vultarget/wait_to_be_added,3a793e88db8fc7f67b4da0abedc389291b8d3d4d,CVE-2020-26073
432587463,cckuailong/reapoc,2019/CVE-2019-8446/vultarget/wait_to_be_added,3a793e88db8fc7f67b4da0abedc389291b8d3d4d,CVE-2019-8446
432587463,cckuailong/reapoc,2020/CVE-2020-11978/vultarget/wait_to_be_added,3a793e88db8fc7f67b4da0abedc389291b8d3d4d,CVE-2020-11978
432587463,cckuailong/reapoc,2007/CVE-2007-5728/vultarget/wait_to_be_added,3a793e88db8fc7f67b4da0abedc389291b8d3d4d,CVE-2007-5728
432587463,cckuailong/reapoc,2010/CVE-2010-1473/vultarget/wait_to_be_added,3a793e88db8fc7f67b4da0abedc389291b8d3d4d,CVE-2010-1473
432587463,cckuailong/reapoc,2020/CVE-2020-25780/vultarget/wait_to_be_added,3a793e88db8fc7f67b4da0abedc389291b8d3d4d,CVE-2020-25780
432587463,cckuailong/reapoc,2010/CVE-2010-1472/vultarget/wait_to_be_added,3a793e88db8fc7f67b4da0abedc389291b8d3d4d,CVE-2010-1472
432587463,cckuailong/reapoc,2021/CVE-2021-32305/vultarget/wait_to_be_added,3a793e88db8fc7f67b4da0abedc389291b8d3d4d,CVE-2021-32305
432587463,cckuailong/reapoc,2019/CVE-2019-11869/vultarget/wait_to_be_added,3a793e88db8fc7f67b4da0abedc389291b8d3d4d,CVE-2019-11869
432587463,cckuailong/reapoc,2021/CVE-2021-31250/vultarget/wait_to_be_added,3a793e88db8fc7f67b4da0abedc389291b8d3d4d,CVE-2021-31250
432587463,cckuailong/reapoc,2019/CVE-2019-8442/vultarget/wait_to_be_added,3a793e88db8fc7f67b4da0abedc389291b8d3d4d,CVE-2019-8442
432587463,cckuailong/reapoc,2019/CVE-2019-12276/vultarget/wait_to_be_added,3a793e88db8fc7f67b4da0abedc389291b8d3d4d,CVE-2019-12276
432587463,cckuailong/reapoc,2020/CVE-2020-25540/vultarget/wait_to_be_added,3a793e88db8fc7f67b4da0abedc389291b8d3d4d,CVE-2020-25540
432587463,cckuailong/reapoc,2010/CVE-2010-1471/vultarget/wait_to_be_added,3a793e88db8fc7f67b4da0abedc389291b8d3d4d,CVE-2010-1471
432587463,cckuailong/reapoc,2020/CVE-2020-11930/vultarget/wait_to_be_added,3a793e88db8fc7f67b4da0abedc389291b8d3d4d,CVE-2020-11930
432587463,cckuailong/reapoc,2020/CVE-2020-14181/vultarget/wait_to_be_added,3a793e88db8fc7f67b4da0abedc389291b8d3d4d,CVE-2020-14181
432587463,cckuailong/reapoc,2010/CVE-2010-1354/vultarget/wait_to_be_added,3a793e88db8fc7f67b4da0abedc389291b8d3d4d,CVE-2010-1354
432587463,cckuailong/reapoc,2019/CVE-2019-14322/vultarget/wait_to_be_added,3a793e88db8fc7f67b4da0abedc389291b8d3d4d,CVE-2019-14322
432587463,cckuailong/reapoc,2020/CVE-2020-14092/vultarget/wait_to_be_added,3a793e88db8fc7f67b4da0abedc389291b8d3d4d,CVE-2020-14092
432587463,cckuailong/reapoc,2019/CVE-2019-7275/vultarget/wait_to_be_added,3a793e88db8fc7f67b4da0abedc389291b8d3d4d,CVE-2019-7275
432587463,cckuailong/reapoc,2010/CVE-2010-1352/vultarget/wait_to_be_added,3a793e88db8fc7f67b4da0abedc389291b8d3d4d,CVE-2010-1352
432587463,cckuailong/reapoc,2021/CVE-2021-3577/vultarget/wait_to_be_added,3a793e88db8fc7f67b4da0abedc389291b8d3d4d,CVE-2021-3577
432587463,cckuailong/reapoc,2019/CVE-2019-7219/vultarget/wait_to_be_added,3a793e88db8fc7f67b4da0abedc389291b8d3d4d,CVE-2019-7219
432587463,cckuailong/reapoc,2008/CVE-2008-6080/vultarget/wait_to_be_added,3a793e88db8fc7f67b4da0abedc389291b8d3d4d,CVE-2008-6080
432587463,cckuailong/reapoc,2019/CVE-2019-14223/vultarget/wait_to_be_added,3a793e88db8fc7f67b4da0abedc389291b8d3d4d,CVE-2019-14223
432587463,cckuailong/reapoc,2020/CVE-2020-11738/vultarget/wait_to_be_added,3a793e88db8fc7f67b4da0abedc389291b8d3d4d,CVE-2020-11738
432587463,cckuailong/reapoc,2020/CVE-2020-14883/vultarget/wait_to_be_added,3a793e88db8fc7f67b4da0abedc389291b8d3d4d,CVE-2020-14883
432587463,cckuailong/reapoc,2019/CVE-2019-14205/vultarget/wait_to_be_added,3a793e88db8fc7f67b4da0abedc389291b8d3d4d,CVE-2019-14205
432587463,cckuailong/reapoc,2019/CVE-2019-7192/vultarget/wait_to_be_added,3a793e88db8fc7f67b4da0abedc389291b8d3d4d,CVE-2019-7192
432587463,cckuailong/reapoc,2019/CVE-2019-14312/vultarget/wait_to_be_added,3a793e88db8fc7f67b4da0abedc389291b8d3d4d,CVE-2019-14312
432587463,cckuailong/reapoc,2020/CVE-2020-24949/vultarget/wait_to_be_added,3a793e88db8fc7f67b4da0abedc389291b8d3d4d,CVE-2020-24949
432587463,cckuailong/reapoc,2020/CVE-2020-15129/vultarget/wait_to_be_added,3a793e88db8fc7f67b4da0abedc389291b8d3d4d,CVE-2020-15129
432587463,cckuailong/reapoc,2021/CVE-2021-44427/vultarget/wait_to_be_added,3a793e88db8fc7f67b4da0abedc389291b8d3d4d,CVE-2021-44427
432587463,cckuailong/reapoc,2021/CVE-2021-38540/vultarget/wait_to_be_added,3a793e88db8fc7f67b4da0abedc389291b8d3d4d,CVE-2021-38540
432587463,cckuailong/reapoc,2019/CVE-2019-6715/vultarget/wait_to_be_added,3a793e88db8fc7f67b4da0abedc389291b8d3d4d,CVE-2019-6715
432587463,cckuailong/reapoc,2010/CVE-2010-1345/vultarget/wait_to_be_added,3a793e88db8fc7f67b4da0abedc389291b8d3d4d,CVE-2010-1345
432587463,cckuailong/reapoc,2021/CVE-2021-28918/vultarget/wait_to_be_added,3a793e88db8fc7f67b4da0abedc389291b8d3d4d,CVE-2021-28918
432587463,cckuailong/reapoc,2020/CVE-2020-25078/vultarget/wait_to_be_added,3a793e88db8fc7f67b4da0abedc389291b8d3d4d,CVE-2020-25078
432587463,cckuailong/reapoc,2021/CVE-2021-28854/vultarget/wait_to_be_added,3a793e88db8fc7f67b4da0abedc389291b8d3d4d,CVE-2021-28854
432587463,cckuailong/reapoc,2008/CVE-2008-5587/vultarget/wait_to_be_added,3a793e88db8fc7f67b4da0abedc389291b8d3d4d,CVE-2008-5587
432587463,cckuailong/reapoc,2007/CVE-2007-4556/vultarget/wait_to_be_added,3a793e88db8fc7f67b4da0abedc389291b8d3d4d,CVE-2007-4556
432587463,cckuailong/reapoc,2008/CVE-2008-4668/vultarget/wait_to_be_added,3a793e88db8fc7f67b4da0abedc389291b8d3d4d,CVE-2008-4668
432587463,cckuailong/reapoc,2019/CVE-2019-13101/vultarget/wait_to_be_added,3a793e88db8fc7f67b4da0abedc389291b8d3d4d,CVE-2019-13101
432587463,cckuailong/reapoc,2020/CVE-2020-25213/vultarget/wait_to_be_added,3a793e88db8fc7f67b4da0abedc389291b8d3d4d,CVE-2020-25213
432587463,cckuailong/reapoc,2019/CVE-2019-7256/vultarget/wait_to_be_added,3a793e88db8fc7f67b4da0abedc389291b8d3d4d,CVE-2019-7256
432587463,cckuailong/reapoc,2020/CVE-2020-14864/vultarget/wait_to_be_added,3a793e88db8fc7f67b4da0abedc389291b8d3d4d,CVE-2020-14864
432587463,cckuailong/reapoc,2020/CVE-2020-11853/vultarget/wait_to_be_added,3a793e88db8fc7f67b4da0abedc389291b8d3d4d,CVE-2020-11853
432587463,cckuailong/reapoc,2019/CVE-2019-13392/vultarget/wait_to_be_added,3a793e88db8fc7f67b4da0abedc389291b8d3d4d,CVE-2019-13392
432587463,cckuailong/reapoc,2021/CVE-2021-3654/vultarget/wait_to_be_added,3a793e88db8fc7f67b4da0abedc389291b8d3d4d,CVE-2021-3654
432587463,cckuailong/reapoc,2019/CVE-2019-7254/vultarget/wait_to_be_added,3a793e88db8fc7f67b4da0abedc389291b8d3d4d,CVE-2019-7254
432587463,cckuailong/reapoc,2021/CVE-2021-31249/vultarget/wait_to_be_added,3a793e88db8fc7f67b4da0abedc389291b8d3d4d,CVE-2021-31249
432587463,cckuailong/reapoc,2008/CVE-2008-4764/vultarget/wait_to_be_added,3a793e88db8fc7f67b4da0abedc389291b8d3d4d,CVE-2008-4764
432587463,cckuailong/reapoc,2010/CVE-2010-1353/vultarget/wait_to_be_added,3a793e88db8fc7f67b4da0abedc389291b8d3d4d,CVE-2010-1353
432587463,cckuailong/reapoc,2019/CVE-2019-13462/vultarget/wait_to_be_added,3a793e88db8fc7f67b4da0abedc389291b8d3d4d,CVE-2019-13462
432587463,cckuailong/reapoc,2007/CVE-2007-4504/vultarget/wait_to_be_added,3a793e88db8fc7f67b4da0abedc389291b8d3d4d,CVE-2007-4504
432587463,cckuailong/reapoc,2021/CVE-2021-36749/vultarget/wait_to_be_added,3a793e88db8fc7f67b4da0abedc389291b8d3d4d,CVE-2021-36749
432587463,cckuailong/reapoc,2019/CVE-2019-8451/vultarget/wait_to_be_added,3a793e88db8fc7f67b4da0abedc389291b8d3d4d,CVE-2019-8451
432587463,cckuailong/reapoc,2020/CVE-2020-14750/vultarget/wait_to_be_added,3a793e88db8fc7f67b4da0abedc389291b8d3d4d,CVE-2020-14750
432587463,cckuailong/reapoc,2020/CVE-2020-24579/vultarget/wait_to_be_added,3a793e88db8fc7f67b4da0abedc389291b8d3d4d,CVE-2020-24579
432587463,cckuailong/reapoc,2019/CVE-2019-3403/vultarget/wait_to_be_added,3a793e88db8fc7f67b4da0abedc389291b8d3d4d,CVE-2019-3403
432587463,cckuailong/reapoc,2019/CVE-2019-15043/vultarget/wait_to_be_added,3a793e88db8fc7f67b4da0abedc389291b8d3d4d,CVE-2019-15043
432587463,cckuailong/reapoc,2020/CVE-2020-20982/vultarget/wait_to_be_added,3a793e88db8fc7f67b4da0abedc389291b8d3d4d,CVE-2020-20982
432587463,cckuailong/reapoc,2001/CVE-2001-1473/vultarget/wait_to_be_added,3a793e88db8fc7f67b4da0abedc389291b8d3d4d,CVE-2001-1473
432587463,cckuailong/reapoc,2010/CVE-2010-0972/vultarget/wait_to_be_added,3a793e88db8fc7f67b4da0abedc389291b8d3d4d,CVE-2010-0972
432587463,cckuailong/reapoc,2019/CVE-2019-9955/vultarget/wait_to_be_added,3a793e88db8fc7f67b4da0abedc389291b8d3d4d,CVE-2019-9955
432587463,cckuailong/reapoc,2020/CVE-2020-17496/vultarget/wait_to_be_added,3a793e88db8fc7f67b4da0abedc389291b8d3d4d,CVE-2020-17496
432587463,cckuailong/reapoc,2019/CVE-2019-17418/vultarget/wait_to_be_added,3a793e88db8fc7f67b4da0abedc389291b8d3d4d,CVE-2019-17418
432587463,cckuailong/reapoc,2021/CVE-2021-35336/vultarget/wait_to_be_added,3a793e88db8fc7f67b4da0abedc389291b8d3d4d,CVE-2021-35336
432587463,cckuailong/reapoc,2020/CVE-2020-13483/vultarget/wait_to_be_added,3a793e88db8fc7f67b4da0abedc389291b8d3d4d,CVE-2020-13483
432587463,cckuailong/reapoc,2019/CVE-2019-2578/vultarget/wait_to_be_added,3a793e88db8fc7f67b4da0abedc389291b8d3d4d,CVE-2019-2578
432587463,cckuailong/reapoc,2019/CVE-2019-17382/vultarget/wait_to_be_added,3a793e88db8fc7f67b4da0abedc389291b8d3d4d,CVE-2019-17382
432587463,cckuailong/reapoc,2021/CVE-2021-31682/vultarget/wait_to_be_added,3a793e88db8fc7f67b4da0abedc389291b8d3d4d,CVE-2021-31682
432587463,cckuailong/reapoc,2019/CVE-2019-17503/vultarget/wait_to_be_added,3a793e88db8fc7f67b4da0abedc389291b8d3d4d,CVE-2019-17503
432587463,cckuailong/reapoc,2020/CVE-2020-2096/vultarget/wait_to_be_added,3a793e88db8fc7f67b4da0abedc389291b8d3d4d,CVE-2020-2096
432587463,cckuailong/reapoc,2021/CVE-2021-29484/vultarget/wait_to_be_added,3a793e88db8fc7f67b4da0abedc389291b8d3d4d,CVE-2021-29484
432587463,cckuailong/reapoc,2021/CVE-2021-30049/vultarget/wait_to_be_added,3a793e88db8fc7f67b4da0abedc389291b8d3d4d,CVE-2021-30049
432587463,cckuailong/reapoc,2010/CVE-2010-0944/vultarget/wait_to_be_added,3a793e88db8fc7f67b4da0abedc389291b8d3d4d,CVE-2010-0944
432587463,cckuailong/reapoc,2019/CVE-2019-20224/vultarget/wait_to_be_added,3a793e88db8fc7f67b4da0abedc389291b8d3d4d,CVE-2019-20224
432587463,cckuailong/reapoc,2020/CVE-2020-17505/vultarget/wait_to_be_added,3a793e88db8fc7f67b4da0abedc389291b8d3d4d,CVE-2020-17505
432587463,cckuailong/reapoc,2019/CVE-2019-17506/vultarget/wait_to_be_added,3a793e88db8fc7f67b4da0abedc389291b8d3d4d,CVE-2019-17506
432587463,cckuailong/reapoc,2020/CVE-2020-12720/vultarget/wait_to_be_added,3a793e88db8fc7f67b4da0abedc389291b8d3d4d,CVE-2020-12720
432587463,cckuailong/reapoc,2009/CVE-2009-3318/vultarget/wait_to_be_added,3a793e88db8fc7f67b4da0abedc389291b8d3d4d,CVE-2009-3318
432587463,cckuailong/reapoc,2019/CVE-2019-2579/vultarget/wait_to_be_added,3a793e88db8fc7f67b4da0abedc389291b8d3d4d,CVE-2019-2579
432587463,cckuailong/reapoc,2021/CVE-2021-3297/vultarget/wait_to_be_added,3a793e88db8fc7f67b4da0abedc389291b8d3d4d,CVE-2021-3297
432587463,cckuailong/reapoc,2020/CVE-2020-17453/vultarget/wait_to_be_added,3a793e88db8fc7f67b4da0abedc389291b8d3d4d,CVE-2020-17453
432587463,cckuailong/reapoc,2009/CVE-2009-2100/vultarget/wait_to_be_added,3a793e88db8fc7f67b4da0abedc389291b8d3d4d,CVE-2009-2100
432587463,cckuailong/reapoc,2010/CVE-2010-1056/vultarget/wait_to_be_added,3a793e88db8fc7f67b4da0abedc389291b8d3d4d,CVE-2010-1056
432587463,cckuailong/reapoc,2021/CVE-2021-29442/vultarget/wait_to_be_added,3a793e88db8fc7f67b4da0abedc389291b8d3d4d,CVE-2021-29442
432587463,cckuailong/reapoc,2020/CVE-2020-2140/vultarget/wait_to_be_added,3a793e88db8fc7f67b4da0abedc389291b8d3d4d,CVE-2020-2140
432587463,cckuailong/reapoc,2020/CVE-2020-10547/vultarget/wait_to_be_added,3a793e88db8fc7f67b4da0abedc389291b8d3d4d,CVE-2020-10547
432587463,cckuailong/reapoc,2019/CVE-2019-16920/vultarget/wait_to_be_added,3a793e88db8fc7f67b4da0abedc389291b8d3d4d,CVE-2019-16920
432587463,cckuailong/reapoc,2020/CVE-2020-17362/vultarget/wait_to_be_added,3a793e88db8fc7f67b4da0abedc389291b8d3d4d,CVE-2020-17362
432587463,cckuailong/reapoc,2019/CVE-2019-9733/vultarget/wait_to_be_added,3a793e88db8fc7f67b4da0abedc389291b8d3d4d,CVE-2019-9733
432587463,cckuailong/reapoc,2010/CVE-2010-0985/vultarget/wait_to_be_added,3a793e88db8fc7f67b4da0abedc389291b8d3d4d,CVE-2010-0985
432587463,cckuailong/reapoc,2019/CVE-2019-16996/vultarget/wait_to_be_added,3a793e88db8fc7f67b4da0abedc389291b8d3d4d,CVE-2019-16996
432587463,cckuailong/reapoc,2021/CVE-2021-30151/vultarget/wait_to_be_added,3a793e88db8fc7f67b4da0abedc389291b8d3d4d,CVE-2021-30151
432587463,cckuailong/reapoc,2020/CVE-2020-13700/vultarget/wait_to_be_added,3a793e88db8fc7f67b4da0abedc389291b8d3d4d,CVE-2020-13700
432587463,cckuailong/reapoc,2019/CVE-2019-2616/vultarget/wait_to_be_added,3a793e88db8fc7f67b4da0abedc389291b8d3d4d,CVE-2019-2616
432587463,cckuailong/reapoc,2005/CVE-2005-4385/vultarget/wait_to_be_added,3a793e88db8fc7f67b4da0abedc389291b8d3d4d,CVE-2005-4385
432587463,cckuailong/reapoc,2019/CVE-2019-16997/vultarget/wait_to_be_added,3a793e88db8fc7f67b4da0abedc389291b8d3d4d,CVE-2019-16997
432587463,cckuailong/reapoc,2020/CVE-2020-10546/vultarget/wait_to_be_added,3a793e88db8fc7f67b4da0abedc389291b8d3d4d,CVE-2020-10546
432587463,cckuailong/reapoc,2020/CVE-2020-21224/vultarget/wait_to_be_added,3a793e88db8fc7f67b4da0abedc389291b8d3d4d,CVE-2020-21224
432587463,cckuailong/reapoc,2009/CVE-2009-3053/vultarget/wait_to_be_added,3a793e88db8fc7f67b4da0abedc389291b8d3d4d,CVE-2009-3053
432587463,cckuailong/reapoc,2010/CVE-2010-0982/vultarget/wait_to_be_added,3a793e88db8fc7f67b4da0abedc389291b8d3d4d,CVE-2010-0982
432587463,cckuailong/reapoc,2019/CVE-2019-2588/vultarget/wait_to_be_added,3a793e88db8fc7f67b4da0abedc389291b8d3d4d,CVE-2019-2588
432587463,cckuailong/reapoc,2019/CVE-2019-17270/vultarget/wait_to_be_added,3a793e88db8fc7f67b4da0abedc389291b8d3d4d,CVE-2019-17270
432587463,cckuailong/reapoc,2021/CVE-2021-43495/vultarget/wait_to_be_added,3a793e88db8fc7f67b4da0abedc389291b8d3d4d,CVE-2021-43495
432587463,cckuailong/reapoc,2019/CVE-2019-2725/vultarget/wait_to_be_added,3a793e88db8fc7f67b4da0abedc389291b8d3d4d,CVE-2019-2725
432587463,cckuailong/reapoc,2019/CVE-2019-17538/vultarget/wait_to_be_added,3a793e88db8fc7f67b4da0abedc389291b8d3d4d,CVE-2019-17538
432587463,cckuailong/reapoc,2019/CVE-2019-9978/vultarget/wait_to_be_added,3a793e88db8fc7f67b4da0abedc389291b8d3d4d,CVE-2019-9978
432587463,cckuailong/reapoc,2009/CVE-2009-4679/vultarget/wait_to_be_added,3a793e88db8fc7f67b4da0abedc389291b8d3d4d,CVE-2009-4679
432587463,cckuailong/reapoc,2019/CVE-2019-18394/vultarget/wait_to_be_added,3a793e88db8fc7f67b4da0abedc389291b8d3d4d,CVE-2019-18394
432587463,cckuailong/reapoc,2020/CVE-2020-0618/vultarget/wait_to_be_added,3a793e88db8fc7f67b4da0abedc389291b8d3d4d,CVE-2020-0618
432587463,cckuailong/reapoc,2020/CVE-2020-19360/vultarget/wait_to_be_added,3a793e88db8fc7f67b4da0abedc389291b8d3d4d,CVE-2020-19360
432587463,cckuailong/reapoc,2021/CVE-2021-37580/vultarget/wait_to_be_added,3a793e88db8fc7f67b4da0abedc389291b8d3d4d,CVE-2021-37580
432587463,cckuailong/reapoc,2021/CVE-2021-29490/vultarget/wait_to_be_added,3a793e88db8fc7f67b4da0abedc389291b8d3d4d,CVE-2021-29490
432587463,cckuailong/reapoc,2019/CVE-2019-19908/vultarget/wait_to_be_added,3a793e88db8fc7f67b4da0abedc389291b8d3d4d,CVE-2019-19908
432587463,cckuailong/reapoc,2019/CVE-2019-18818/vultarget/wait_to_be_added,3a793e88db8fc7f67b4da0abedc389291b8d3d4d,CVE-2019-18818
432587463,cckuailong/reapoc,2020/CVE-2020-19283/vultarget/wait_to_be_added,3a793e88db8fc7f67b4da0abedc389291b8d3d4d,CVE-2020-19283
432587463,cckuailong/reapoc,2010/CVE-2010-0696/vultarget/wait_to_be_added,3a793e88db8fc7f67b4da0abedc389291b8d3d4d,CVE-2010-0696
432587463,cckuailong/reapoc,2021/CVE-2021-29622/vultarget/wait_to_be_added,3a793e88db8fc7f67b4da0abedc389291b8d3d4d,CVE-2021-29622
432587463,cckuailong/reapoc,2010/CVE-2010-0467/vultarget/wait_to_be_added,3a793e88db8fc7f67b4da0abedc389291b8d3d4d,CVE-2010-0467
432587463,cckuailong/reapoc,2020/CVE-2020-17530/vultarget/wait_to_be_added,3a793e88db8fc7f67b4da0abedc389291b8d3d4d,CVE-2020-17530
432587463,cckuailong/reapoc,2019/CVE-2019-18922/vultarget/wait_to_be_added,3a793e88db8fc7f67b4da0abedc389291b8d3d4d,CVE-2019-18922
432587463,cckuailong/reapoc,2010/CVE-2010-0157/vultarget/wait_to_be_added,3a793e88db8fc7f67b4da0abedc389291b8d3d4d,CVE-2010-0157
432587463,cckuailong/reapoc,2019/CVE-2019-19824/vultarget/wait_to_be_added,3a793e88db8fc7f67b4da0abedc389291b8d3d4d,CVE-2019-19824
432587463,cckuailong/reapoc,2021/CVE-2021-31602/vultarget/wait_to_be_added,3a793e88db8fc7f67b4da0abedc389291b8d3d4d,CVE-2021-31602
432587463,cckuailong/reapoc,2021/CVE-2021-43778/vultarget/wait_to_be_added,3a793e88db8fc7f67b4da0abedc389291b8d3d4d,CVE-2021-43778
432587463,cckuailong/reapoc,2009/CVE-2009-5114/vultarget/wait_to_be_added,3a793e88db8fc7f67b4da0abedc389291b8d3d4d,CVE-2009-5114
432587463,cckuailong/reapoc,2019/CVE-2019-19781/vultarget/wait_to_be_added,3a793e88db8fc7f67b4da0abedc389291b8d3d4d,CVE-2019-19781
432587463,cckuailong/reapoc,2020/CVE-2020-19295/vultarget/wait_to_be_added,3a793e88db8fc7f67b4da0abedc389291b8d3d4d,CVE-2020-19295
432587463,cckuailong/reapoc,2020/CVE-2020-12800/vultarget/wait_to_be_added,3a793e88db8fc7f67b4da0abedc389291b8d3d4d,CVE-2020-12800
432587463,cckuailong/reapoc,2020/CVE-2020-19282/vultarget/wait_to_be_added,3a793e88db8fc7f67b4da0abedc389291b8d3d4d,CVE-2020-19282
432587463,cckuailong/reapoc,2019/CVE-2019-18393/vultarget/wait_to_be_added,3a793e88db8fc7f67b4da0abedc389291b8d3d4d,CVE-2019-18393
432587463,cckuailong/reapoc,2020/CVE-2020-2036/vultarget/wait_to_be_added,3a793e88db8fc7f67b4da0abedc389291b8d3d4d,CVE-2020-2036
432587463,cckuailong/reapoc,2009/CVE-2009-4202/vultarget/wait_to_be_added,3a793e88db8fc7f67b4da0abedc389291b8d3d4d,CVE-2009-4202
432587463,cckuailong/reapoc,2020/CVE-2020-17506/vultarget/wait_to_be_added,3a793e88db8fc7f67b4da0abedc389291b8d3d4d,CVE-2020-17506
432587463,cckuailong/reapoc,2010/CVE-2010-0943/vultarget/wait_to_be_added,3a793e88db8fc7f67b4da0abedc389291b8d3d4d,CVE-2010-0943
432587463,cckuailong/reapoc,2019/CVE-2019-19368/vultarget/wait_to_be_added,3a793e88db8fc7f67b4da0abedc389291b8d3d4d,CVE-2019-19368
432587463,cckuailong/reapoc,2021/CVE-2021-37704/vultarget/wait_to_be_added,3a793e88db8fc7f67b4da0abedc389291b8d3d4d,CVE-2021-37704
432587463,cckuailong/reapoc,2019/CVE-2019-20141/vultarget/wait_to_be_added,3a793e88db8fc7f67b4da0abedc389291b8d3d4d,CVE-2019-20141
432587463,cckuailong/reapoc,2020/CVE-2020-14179/vultarget/wait_to_be_added,3a793e88db8fc7f67b4da0abedc389291b8d3d4d,CVE-2020-14179
432587463,cckuailong/reapoc,2021/CVE-2021-29625/vultarget/wait_to_be_added,3a793e88db8fc7f67b4da0abedc389291b8d3d4d,CVE-2021-29625
432587463,cckuailong/reapoc,2020/CVE-2020-19625/vultarget/wait_to_be_added,3a793e88db8fc7f67b4da0abedc389291b8d3d4d,CVE-2020-19625
432587463,cckuailong/reapoc,2010/CVE-2010-0942/vultarget/wait_to_be_added,3a793e88db8fc7f67b4da0abedc389291b8d3d4d,CVE-2010-0942
432587463,cckuailong/reapoc,2019/CVE-2019-20085/vultarget/wait_to_be_added,3a793e88db8fc7f67b4da0abedc389291b8d3d4d,CVE-2019-20085
432587463,cckuailong/reapoc,2021/CVE-2021-36260/vultarget/wait_to_be_added,3a793e88db8fc7f67b4da0abedc389291b8d3d4d,CVE-2021-36260
432587463,cckuailong/reapoc,2020/CVE-2020-13167/vultarget/wait_to_be_added,3a793e88db8fc7f67b4da0abedc389291b8d3d4d,CVE-2020-13167
432587463,cckuailong/reapoc,2005/CVE-2005-2428/vultarget/wait_to_be_added,3a793e88db8fc7f67b4da0abedc389291b8d3d4d,CVE-2005-2428
432587463,cckuailong/reapoc,2020/CVE-2020-1943/vultarget/wait_to_be_added,3a793e88db8fc7f67b4da0abedc389291b8d3d4d,CVE-2020-1943
432587463,cckuailong/reapoc,2009/CVE-2009-4223/vultarget/wait_to_be_added,3a793e88db8fc7f67b4da0abedc389291b8d3d4d,CVE-2009-4223
432587463,cckuailong/reapoc,2002/CVE-2002-1131/vultarget/wait_to_be_added,3a793e88db8fc7f67b4da0abedc389291b8d3d4d,CVE-2002-1131
432587463,cckuailong/reapoc,2019/CVE-2019-19985/vultarget/wait_to_be_added,3a793e88db8fc7f67b4da0abedc389291b8d3d4d,CVE-2019-19985
432587463,cckuailong/reapoc,2019/CVE-2019-1821/vultarget/wait_to_be_added,3a793e88db8fc7f67b4da0abedc389291b8d3d4d,CVE-2019-1821
432587463,cckuailong/reapoc,2010/CVE-2010-0759/vultarget/wait_to_be_added,3a793e88db8fc7f67b4da0abedc389291b8d3d4d,CVE-2010-0759
432587463,cckuailong/reapoc,2019/CVE-2019-20183/vultarget/wait_to_be_added,3a793e88db8fc7f67b4da0abedc389291b8d3d4d,CVE-2019-20183
432587463,cckuailong/reapoc,2020/CVE-2020-16952/vultarget/wait_to_be_added,3a793e88db8fc7f67b4da0abedc389291b8d3d4d,CVE-2020-16952
432587463,cckuailong/reapoc,2019/CVE-2019-16759/vultarget/wait_to_be_added,3a793e88db8fc7f67b4da0abedc389291b8d3d4d,CVE-2019-16759
432587463,cckuailong/reapoc,2019/CVE-2019-2729/vultarget/wait_to_be_added,3a793e88db8fc7f67b4da0abedc389291b8d3d4d,CVE-2019-2729
432587463,cckuailong/reapoc,2021/CVE-2021-38314/vultarget/wait_to_be_added,3a793e88db8fc7f67b4da0abedc389291b8d3d4d,CVE-2021-38314
432587463,cckuailong/reapoc,2019/CVE-2019-8982/vultarget/wait_to_be_added,3a793e88db8fc7f67b4da0abedc389291b8d3d4d,CVE-2019-8982
432587463,cckuailong/reapoc,2010/CVE-2010-1308/vultarget/wait_to_be_added,3a793e88db8fc7f67b4da0abedc389291b8d3d4d,CVE-2010-1308
432587463,cckuailong/reapoc,2019/CVE-2019-15858/vultarget/wait_to_be_added,3a793e88db8fc7f67b4da0abedc389291b8d3d4d,CVE-2019-15858
432587463,cckuailong/reapoc,2020/CVE-2020-13937/vultarget/wait_to_be_added,3a793e88db8fc7f67b4da0abedc389291b8d3d4d,CVE-2020-13937
432587463,cckuailong/reapoc,2020/CVE-2020-12116/vultarget/wait_to_be_added,3a793e88db8fc7f67b4da0abedc389291b8d3d4d,CVE-2020-12116
432587463,cckuailong/reapoc,2021/CVE-2021-31856/vultarget/wait_to_be_added,3a793e88db8fc7f67b4da0abedc389291b8d3d4d,CVE-2021-31856
432587463,cckuailong/reapoc,2019/CVE-2019-15859/vultarget/wait_to_be_added,3a793e88db8fc7f67b4da0abedc389291b8d3d4d,CVE-2019-15859
432587463,cckuailong/reapoc,2020/CVE-2020-24312/vultarget/wait_to_be_added,3a793e88db8fc7f67b4da0abedc389291b8d3d4d,CVE-2020-24312
432587463,cckuailong/reapoc,2019/CVE-2019-3929/vultarget/wait_to_be_added,3a793e88db8fc7f67b4da0abedc389291b8d3d4d,CVE-2019-3929
432587463,cckuailong/reapoc,2009/CVE-2009-1496/vultarget/wait_to_be_added,3a793e88db8fc7f67b4da0abedc389291b8d3d4d,CVE-2009-1496
432587463,cckuailong/reapoc,2019/CVE-2019-15889/vultarget/wait_to_be_added,3a793e88db8fc7f67b4da0abedc389291b8d3d4d,CVE-2019-15889
432587463,cckuailong/reapoc,2019/CVE-2019-3799/vultarget/wait_to_be_added,3a793e88db8fc7f67b4da0abedc389291b8d3d4d,CVE-2019-3799
432587463,cckuailong/reapoc,2020/CVE-2020-11110/vultarget/wait_to_be_added,3a793e88db8fc7f67b4da0abedc389291b8d3d4d,CVE-2020-11110
432587463,cckuailong/reapoc,2020/CVE-2020-24223/vultarget/wait_to_be_added,3a793e88db8fc7f67b4da0abedc389291b8d3d4d,CVE-2020-24223
432587463,cckuailong/reapoc,2010/CVE-2010-1307/vultarget/wait_to_be_added,3a793e88db8fc7f67b4da0abedc389291b8d3d4d,CVE-2010-1307
432587463,cckuailong/reapoc,2020/CVE-2020-15568/vultarget/wait_to_be_added,3a793e88db8fc7f67b4da0abedc389291b8d3d4d,CVE-2020-15568
432587463,cckuailong/reapoc,2019/CVE-2019-16097/vultarget/wait_to_be_added,3a793e88db8fc7f67b4da0abedc389291b8d3d4d,CVE-2019-16097
432587463,cckuailong/reapoc,2021/CVE-2021-35265/vultarget/wait_to_be_added,3a793e88db8fc7f67b4da0abedc389291b8d3d4d,CVE-2021-35265
432587463,cckuailong/reapoc,2020/CVE-2020-10148/vultarget/wait_to_be_added,3a793e88db8fc7f67b4da0abedc389291b8d3d4d,CVE-2020-10148
432587463,cckuailong/reapoc,2020/CVE-2020-13117/vultarget/wait_to_be_added,3a793e88db8fc7f67b4da0abedc389291b8d3d4d,CVE-2020-13117
432587463,cckuailong/reapoc,2020/CVE-2020-24550/vultarget/wait_to_be_added,3a793e88db8fc7f67b4da0abedc389291b8d3d4d,CVE-2020-24550
432587463,cckuailong/reapoc,2019/CVE-2019-15713/vultarget/wait_to_be_added,3a793e88db8fc7f67b4da0abedc389291b8d3d4d,CVE-2019-15713
432587463,cckuailong/reapoc,2009/CVE-2009-1151/vultarget/wait_to_be_added,3a793e88db8fc7f67b4da0abedc389291b8d3d4d,CVE-2009-1151
432587463,cckuailong/reapoc,2019/CVE-2019-8937/vultarget/wait_to_be_added,3a793e88db8fc7f67b4da0abedc389291b8d3d4d,CVE-2019-8937
432587463,cckuailong/reapoc,2020/CVE-2020-15500/vultarget/wait_to_be_added,3a793e88db8fc7f67b4da0abedc389291b8d3d4d,CVE-2020-15500
432587463,cckuailong/reapoc,2010/CVE-2010-1314/vultarget/wait_to_be_added,3a793e88db8fc7f67b4da0abedc389291b8d3d4d,CVE-2010-1314
432587463,cckuailong/reapoc,2020/CVE-2020-11547/vultarget/wait_to_be_added,3a793e88db8fc7f67b4da0abedc389291b8d3d4d,CVE-2020-11547
432587463,cckuailong/reapoc,2021/CVE-2021-42566/vultarget/wait_to_be_added,3a793e88db8fc7f67b4da0abedc389291b8d3d4d,CVE-2021-42566
432587463,cckuailong/reapoc,2019/CVE-2019-5129/vultarget/wait_to_be_added,3a793e88db8fc7f67b4da0abedc389291b8d3d4d,CVE-2019-5129
432587463,cckuailong/reapoc,2021/CVE-2021-37216/vultarget/wait_to_be_added,3a793e88db8fc7f67b4da0abedc389291b8d3d4d,CVE-2021-37216
432587463,cckuailong/reapoc,2010/CVE-2010-1313/vultarget/wait_to_be_added,3a793e88db8fc7f67b4da0abedc389291b8d3d4d,CVE-2010-1313
432587463,cckuailong/reapoc,2020/CVE-2020-24571/vultarget/wait_to_be_added,3a793e88db8fc7f67b4da0abedc389291b8d3d4d,CVE-2020-24571
432587463,cckuailong/reapoc,2021/CVE-2021-31537/vultarget/wait_to_be_added,3a793e88db8fc7f67b4da0abedc389291b8d3d4d,CVE-2021-31537
432587463,cckuailong/reapoc,2009/CVE-2009-0545/vultarget/wait_to_be_added,3a793e88db8fc7f67b4da0abedc389291b8d3d4d,CVE-2009-0545
432587463,cckuailong/reapoc,2021/CVE-2021-30461/vultarget/wait_to_be_added,3a793e88db8fc7f67b4da0abedc389291b8d3d4d,CVE-2021-30461
432587463,cckuailong/reapoc,2019/CVE-2019-5128/vultarget/wait_to_be_added,3a793e88db8fc7f67b4da0abedc389291b8d3d4d,CVE-2019-5128
432587463,cckuailong/reapoc,2020/CVE-2020-11455/vultarget/wait_to_be_added,3a793e88db8fc7f67b4da0abedc389291b8d3d4d,CVE-2020-11455
432587463,cckuailong/reapoc,2019/CVE-2019-15501/vultarget/wait_to_be_added,3a793e88db8fc7f67b4da0abedc389291b8d3d4d,CVE-2019-15501
432587463,cckuailong/reapoc,2009/CVE-2009-0932/vultarget/wait_to_be_added,3a793e88db8fc7f67b4da0abedc389291b8d3d4d,CVE-2009-0932
432587463,cckuailong/reapoc,2010/CVE-2010-1312/vultarget/wait_to_be_added,3a793e88db8fc7f67b4da0abedc389291b8d3d4d,CVE-2010-1312
432587463,cckuailong/reapoc,2007/CVE-2007-0885/vultarget/wait_to_be_added,3a793e88db8fc7f67b4da0abedc389291b8d3d4d,CVE-2007-0885
432587463,cckuailong/reapoc,2020/CVE-2020-15505/vultarget/wait_to_be_added,3a793e88db8fc7f67b4da0abedc389291b8d3d4d,CVE-2020-15505
432587463,cckuailong/reapoc,2021/CVE-2021-29156/vultarget/wait_to_be_added,3a793e88db8fc7f67b4da0abedc389291b8d3d4d,CVE-2021-29156
432587463,cckuailong/reapoc,2019/CVE-2019-5127/vultarget/wait_to_be_added,3a793e88db8fc7f67b4da0abedc389291b8d3d4d,CVE-2019-5127
432587463,cckuailong/reapoc,2020/CVE-2020-11034/vultarget/wait_to_be_added,3a793e88db8fc7f67b4da0abedc389291b8d3d4d,CVE-2020-11034
432587463,cckuailong/reapoc,2019/CVE-2019-9041/vultarget/wait_to_be_added,3a793e88db8fc7f67b4da0abedc389291b8d3d4d,CVE-2019-9041
432587463,cckuailong/reapoc,2021/CVE-2021-30213/vultarget/wait_to_be_added,3a793e88db8fc7f67b4da0abedc389291b8d3d4d,CVE-2021-30213
432587463,cckuailong/reapoc,2004/CVE-2004-0519/vultarget/wait_to_be_added,3a793e88db8fc7f67b4da0abedc389291b8d3d4d,CVE-2004-0519
432587463,cckuailong/reapoc,2020/CVE-2020-13927/vultarget/wait_to_be_added,3a793e88db8fc7f67b4da0abedc389291b8d3d4d,CVE-2020-13927
432587463,cckuailong/reapoc,2020/CVE-2020-10549/vultarget/wait_to_be_added,3a793e88db8fc7f67b4da0abedc389291b8d3d4d,CVE-2020-10549
432587463,cckuailong/reapoc,2019/CVE-2019-1653/vultarget/wait_to_be_added,3a793e88db8fc7f67b4da0abedc389291b8d3d4d,CVE-2019-1653
432587463,cckuailong/reapoc,2010/CVE-2010-1219/vultarget/wait_to_be_added,3a793e88db8fc7f67b4da0abedc389291b8d3d4d,CVE-2010-1219
432587463,cckuailong/reapoc,2021/CVE-2021-31755/vultarget/wait_to_be_added,3a793e88db8fc7f67b4da0abedc389291b8d3d4d,CVE-2021-31755
432587463,cckuailong/reapoc,2006/CVE-2006-1681/vultarget/wait_to_be_added,3a793e88db8fc7f67b4da0abedc389291b8d3d4d,CVE-2006-1681
432587463,cckuailong/reapoc,2021/CVE-2021-37833/vultarget/wait_to_be_added,3a793e88db8fc7f67b4da0abedc389291b8d3d4d,CVE-2021-37833
432587463,cckuailong/reapoc,2019/CVE-2019-16662/vultarget/wait_to_be_added,3a793e88db8fc7f67b4da0abedc389291b8d3d4d,CVE-2019-16662
432587463,cckuailong/reapoc,2000/CVE-2000-0114/vultarget/wait_to_be_added,3a793e88db8fc7f67b4da0abedc389291b8d3d4d,CVE-2000-0114
432587463,cckuailong/reapoc,2021/CVE-2021-3017/vultarget/wait_to_be_added,3a793e88db8fc7f67b4da0abedc389291b8d3d4d,CVE-2021-3017
432587463,cckuailong/reapoc,2009/CVE-2009-2015/vultarget/wait_to_be_added,3a793e88db8fc7f67b4da0abedc389291b8d3d4d,CVE-2009-2015
432587463,cckuailong/reapoc,2021/CVE-2021-31581/vultarget/wait_to_be_added,3a793e88db8fc7f67b4da0abedc389291b8d3d4d,CVE-2021-31581
432587463,cckuailong/reapoc,2020/CVE-2020-23517/vultarget/wait_to_be_added,3a793e88db8fc7f67b4da0abedc389291b8d3d4d,CVE-2020-23517
432587463,cckuailong/reapoc,2019/CVE-2019-2767/vultarget/wait_to_be_added,3a793e88db8fc7f67b4da0abedc389291b8d3d4d,CVE-2019-2767
432587463,cckuailong/reapoc,2010/CVE-2010-1217/vultarget/wait_to_be_added,3a793e88db8fc7f67b4da0abedc389291b8d3d4d,CVE-2010-1217
432587463,cckuailong/reapoc,2020/CVE-2020-10548/vultarget/wait_to_be_added,3a793e88db8fc7f67b4da0abedc389291b8d3d4d,CVE-2020-10548
432587463,cckuailong/reapoc,2019/CVE-2019-16663/vultarget/wait_to_be_added,3a793e88db8fc7f67b4da0abedc389291b8d3d4d,CVE-2019-16663
432587463,cckuailong/reapoc,2021/CVE-2021-37573/vultarget/wait_to_be_added,3a793e88db8fc7f67b4da0abedc389291b8d3d4d,CVE-2021-37573
432587463,cckuailong/reapoc,2010/CVE-2010-1081/vultarget/wait_to_be_added,3a793e88db8fc7f67b4da0abedc389291b8d3d4d,CVE-2010-1081
432587463,cckuailong/reapoc,2019/CVE-2019-9670/vultarget/wait_to_be_added,3a793e88db8fc7f67b4da0abedc389291b8d3d4d,CVE-2019-9670
432587463,cckuailong/reapoc,2020/CVE-2020-22840/vultarget/wait_to_be_added,3a793e88db8fc7f67b4da0abedc389291b8d3d4d,CVE-2020-22840
432587463,cckuailong/reapoc,2020/CVE-2020-23972/vultarget/wait_to_be_added,3a793e88db8fc7f67b4da0abedc389291b8d3d4d,CVE-2020-23972
432587463,cckuailong/reapoc,2021/CVE-2021-32030/vultarget/wait_to_be_added,3a793e88db8fc7f67b4da0abedc389291b8d3d4d,CVE-2021-32030
432587463,cckuailong/reapoc,2019/CVE-2019-9618/vultarget/wait_to_be_added,3a793e88db8fc7f67b4da0abedc389291b8d3d4d,CVE-2019-9618
432587463,cckuailong/reapoc,2010/CVE-2010-1302/vultarget/wait_to_be_added,3a793e88db8fc7f67b4da0abedc389291b8d3d4d,CVE-2010-1302
432587463,cckuailong/reapoc,2019/CVE-2019-16123/vultarget/wait_to_be_added,3a793e88db8fc7f67b4da0abedc389291b8d3d4d,CVE-2019-16123
432587463,cckuailong/reapoc,2020/CVE-2020-15920/vultarget/wait_to_be_added,3a793e88db8fc7f67b4da0abedc389291b8d3d4d,CVE-2020-15920
432587463,cckuailong/reapoc,2020/CVE-2020-24186/vultarget/wait_to_be_added,3a793e88db8fc7f67b4da0abedc389291b8d3d4d,CVE-2020-24186
432587463,cckuailong/reapoc,2019/CVE-2019-3402/vultarget/wait_to_be_added,3a793e88db8fc7f67b4da0abedc389291b8d3d4d,CVE-2019-3402
432587463,cckuailong/reapoc,2010/CVE-2010-1306/vultarget/wait_to_be_added,3a793e88db8fc7f67b4da0abedc389291b8d3d4d,CVE-2010-1306
432587463,cckuailong/reapoc,2021/CVE-2021-29203/vultarget/wait_to_be_added,3a793e88db8fc7f67b4da0abedc389291b8d3d4d,CVE-2021-29203
432587463,cckuailong/reapoc,2010/CVE-2010-1305/vultarget/wait_to_be_added,3a793e88db8fc7f67b4da0abedc389291b8d3d4d,CVE-2010-1305
432587463,cckuailong/reapoc,2019/CVE-2019-16278/vultarget/wait_to_be_added,3a793e88db8fc7f67b4da0abedc389291b8d3d4d,CVE-2019-16278
432587463,cckuailong/reapoc,2006/CVE-2006-2842/vultarget/wait_to_be_added,3a793e88db8fc7f67b4da0abedc389291b8d3d4d,CVE-2006-2842
432587463,cckuailong/reapoc,2019/CVE-2019-3401/vultarget/wait_to_be_added,3a793e88db8fc7f67b4da0abedc389291b8d3d4d,CVE-2019-3401
432587463,cckuailong/reapoc,2020/CVE-2020-24148/vultarget/wait_to_be_added,3a793e88db8fc7f67b4da0abedc389291b8d3d4d,CVE-2020-24148
432587463,cckuailong/reapoc,2019/CVE-2019-16313/vultarget/wait_to_be_added,3a793e88db8fc7f67b4da0abedc389291b8d3d4d,CVE-2019-16313
432587463,cckuailong/reapoc,2009/CVE-2009-1872/vultarget/wait_to_be_added,3a793e88db8fc7f67b4da0abedc389291b8d3d4d,CVE-2009-1872
432587463,cckuailong/reapoc,2020/CVE-2020-10770/vultarget/wait_to_be_added,3a793e88db8fc7f67b4da0abedc389291b8d3d4d,CVE-2020-10770
432587463,cckuailong/reapoc,2021/CVE-2021-37538/vultarget/wait_to_be_added,3a793e88db8fc7f67b4da0abedc389291b8d3d4d,CVE-2021-37538
432587463,cckuailong/reapoc,2010/CVE-2010-1304/vultarget/wait_to_be_added,3a793e88db8fc7f67b4da0abedc389291b8d3d4d,CVE-2010-1304
432587463,cckuailong/reapoc,2021/CVE-2021-29441/vultarget/wait_to_be_added,3a793e88db8fc7f67b4da0abedc389291b8d3d4d,CVE-2021-29441
432587463,cckuailong/reapoc,2019/CVE-2019-16332/vultarget/wait_to_be_added,3a793e88db8fc7f67b4da0abedc389291b8d3d4d,CVE-2019-16332
432587463,cckuailong/reapoc,2021/CVE-2021-43287/vultarget/wait_to_be_added,3a793e88db8fc7f67b4da0abedc389291b8d3d4d,CVE-2021-43287
432587463,cckuailong/reapoc,2021/CVE-2021-36380/vultarget/wait_to_be_added,3a793e88db8fc7f67b4da0abedc389291b8d3d4d,CVE-2021-36380
432587463,cckuailong/reapoc,2020/CVE-2020-16139/vultarget/wait_to_be_added,3a793e88db8fc7f67b4da0abedc389291b8d3d4d,CVE-2020-16139
432587463,cckuailong/reapoc,2019/CVE-2019-16525/vultarget/wait_to_be_added,3a793e88db8fc7f67b4da0abedc389291b8d3d4d,CVE-2019-16525
432587463,cckuailong/reapoc,2009/CVE-2009-1558/vultarget/wait_to_be_added,3a793e88db8fc7f67b4da0abedc389291b8d3d4d,CVE-2009-1558
432587463,cckuailong/reapoc,2015/CVE-2015-1880/vultarget/wait_to_be_added,3a793e88db8fc7f67b4da0abedc389291b8d3d4d,CVE-2015-1880
432587463,cckuailong/reapoc,2010/CVE-2010-1474/vultarget/wait_to_be_added,3a793e88db8fc7f67b4da0abedc389291b8d3d4d,CVE-2010-1474
432587463,cckuailong/reapoc,2012/CVE-2012-4253/vultarget/wait_to_be_added,3a793e88db8fc7f67b4da0abedc389291b8d3d4d,CVE-2012-4253
432587463,cckuailong/reapoc,2020/CVE-2020-8512/vultarget/wait_to_be_added,3a793e88db8fc7f67b4da0abedc389291b8d3d4d,CVE-2020-8512
432587463,cckuailong/reapoc,2012/CVE-2012-4273/vultarget/wait_to_be_added,3a793e88db8fc7f67b4da0abedc389291b8d3d4d,CVE-2012-4273
432587463,cckuailong/reapoc,2021/CVE-2021-24288/vultarget/wait_to_be_added,3a793e88db8fc7f67b4da0abedc389291b8d3d4d,CVE-2021-24288
432587463,cckuailong/reapoc,2017/CVE-2017-12611/vultarget/wait_to_be_added,3a793e88db8fc7f67b4da0abedc389291b8d3d4d,CVE-2017-12611
432587463,cckuailong/reapoc,2012/CVE-2012-4768/vultarget/wait_to_be_added,3a793e88db8fc7f67b4da0abedc389291b8d3d4d,CVE-2012-4768
432587463,cckuailong/reapoc,2020/CVE-2020-8209/vultarget/wait_to_be_added,3a793e88db8fc7f67b4da0abedc389291b8d3d4d,CVE-2020-8209
432587463,cckuailong/reapoc,2017/CVE-2017-12544/vultarget/wait_to_be_added,3a793e88db8fc7f67b4da0abedc389291b8d3d4d,CVE-2017-12544
432587463,cckuailong/reapoc,2021/CVE-2021-24285/vultarget/wait_to_be_added,3a793e88db8fc7f67b4da0abedc389291b8d3d4d,CVE-2021-24285
432587463,cckuailong/reapoc,2017/CVE-2017-12542/vultarget/wait_to_be_added,3a793e88db8fc7f67b4da0abedc389291b8d3d4d,CVE-2017-12542
432587463,cckuailong/reapoc,2012/CVE-2012-4878/vultarget/wait_to_be_added,3a793e88db8fc7f67b4da0abedc389291b8d3d4d,CVE-2012-4878
432587463,cckuailong/reapoc,2020/CVE-2020-8641/vultarget/wait_to_be_added,3a793e88db8fc7f67b4da0abedc389291b8d3d4d,CVE-2020-8641
432587463,cckuailong/reapoc,2021/CVE-2021-24278/vultarget/wait_to_be_added,3a793e88db8fc7f67b4da0abedc389291b8d3d4d,CVE-2021-24278
432587463,cckuailong/reapoc,2012/CVE-2012-4889/vultarget/wait_to_be_added,3a793e88db8fc7f67b4da0abedc389291b8d3d4d,CVE-2012-4889
432587463,cckuailong/reapoc,2020/CVE-2020-8515/vultarget/wait_to_be_added,3a793e88db8fc7f67b4da0abedc389291b8d3d4d,CVE-2020-8515
432587463,cckuailong/reapoc,2020/CVE-2020-8771/vultarget/wait_to_be_added,3a793e88db8fc7f67b4da0abedc389291b8d3d4d,CVE-2020-8771
432587463,cckuailong/reapoc,2021/CVE-2021-24291/vultarget/wait_to_be_added,3a793e88db8fc7f67b4da0abedc389291b8d3d4d,CVE-2021-24291
432587463,cckuailong/reapoc,2020/CVE-2020-8194/vultarget/wait_to_be_added,3a793e88db8fc7f67b4da0abedc389291b8d3d4d,CVE-2020-8194
432587463,cckuailong/reapoc,2017/CVE-2017-14537/vultarget/wait_to_be_added,3a793e88db8fc7f67b4da0abedc389291b8d3d4d,CVE-2017-14537
432587463,cckuailong/reapoc,2020/CVE-2020-8191/vultarget/wait_to_be_added,3a793e88db8fc7f67b4da0abedc389291b8d3d4d,CVE-2020-8191
432587463,cckuailong/reapoc,2017/CVE-2017-14535/vultarget/wait_to_be_added,3a793e88db8fc7f67b4da0abedc389291b8d3d4d,CVE-2017-14535
432587463,cckuailong/reapoc,2021/CVE-2021-24320/vultarget/wait_to_be_added,3a793e88db8fc7f67b4da0abedc389291b8d3d4d,CVE-2021-24320
432587463,cckuailong/reapoc,2021/CVE-2021-40978/vultarget/wait_to_be_added,3a793e88db8fc7f67b4da0abedc389291b8d3d4d,CVE-2021-40978
432587463,cckuailong/reapoc,2012/CVE-2012-1835/vultarget/wait_to_be_added,3a793e88db8fc7f67b4da0abedc389291b8d3d4d,CVE-2012-1835
432587463,cckuailong/reapoc,2012/CVE-2012-4242/vultarget/wait_to_be_added,3a793e88db8fc7f67b4da0abedc389291b8d3d4d,CVE-2012-4242
432587463,cckuailong/reapoc,2021/CVE-2021-24316/vultarget/wait_to_be_added,3a793e88db8fc7f67b4da0abedc389291b8d3d4d,CVE-2021-24316
432587463,cckuailong/reapoc,2012/CVE-2012-2371/vultarget/wait_to_be_added,3a793e88db8fc7f67b4da0abedc389291b8d3d4d,CVE-2012-2371
432587463,cckuailong/reapoc,2017/CVE-2017-12637/vultarget/wait_to_be_added,3a793e88db8fc7f67b4da0abedc389291b8d3d4d,CVE-2017-12637
432587463,cckuailong/reapoc,2021/CVE-2021-24298/vultarget/wait_to_be_added,3a793e88db8fc7f67b4da0abedc389291b8d3d4d,CVE-2021-24298
432587463,cckuailong/reapoc,2021/CVE-2021-41174/vultarget/wait_to_be_added,3a793e88db8fc7f67b4da0abedc389291b8d3d4d,CVE-2021-41174
432587463,cckuailong/reapoc,2021/CVE-2021-41653/vultarget/wait_to_be_added,3a793e88db8fc7f67b4da0abedc389291b8d3d4d,CVE-2021-41653
432587463,cckuailong/reapoc,2012/CVE-2012-3153/vultarget/wait_to_be_added,3a793e88db8fc7f67b4da0abedc389291b8d3d4d,CVE-2012-3153
432587463,cckuailong/reapoc,2020/CVE-2020-8193/vultarget/wait_to_be_added,3a793e88db8fc7f67b4da0abedc389291b8d3d4d,CVE-2020-8193
432587463,cckuailong/reapoc,2021/CVE-2021-41266/vultarget/wait_to_be_added,3a793e88db8fc7f67b4da0abedc389291b8d3d4d,CVE-2021-41266
432587463,cckuailong/reapoc,2012/CVE-2012-4940/vultarget/wait_to_be_added,3a793e88db8fc7f67b4da0abedc389291b8d3d4d,CVE-2012-4940
432587463,cckuailong/reapoc,2017/CVE-2017-11444/vultarget/wait_to_be_added,3a793e88db8fc7f67b4da0abedc389291b8d3d4d,CVE-2017-11444
432587463,cckuailong/reapoc,2013/CVE-2013-2287/vultarget/wait_to_be_added,3a793e88db8fc7f67b4da0abedc389291b8d3d4d,CVE-2013-2287
432587463,cckuailong/reapoc,2020/CVE-2020-9054/vultarget/wait_to_be_added,3a793e88db8fc7f67b4da0abedc389291b8d3d4d,CVE-2020-9054
432587463,cckuailong/reapoc,2016/CVE-2016-7981/vultarget/wait_to_be_added,3a793e88db8fc7f67b4da0abedc389291b8d3d4d,CVE-2016-7981
432587463,cckuailong/reapoc,2021/CVE-2021-24237/vultarget/wait_to_be_added,3a793e88db8fc7f67b4da0abedc389291b8d3d4d,CVE-2021-24237
432587463,cckuailong/reapoc,2016/CVE-2016-7552/vultarget/wait_to_be_added,3a793e88db8fc7f67b4da0abedc389291b8d3d4d,CVE-2016-7552
432587463,cckuailong/reapoc,2020/CVE-2020-9315/vultarget/wait_to_be_added,3a793e88db8fc7f67b4da0abedc389291b8d3d4d,CVE-2020-9315
432587463,cckuailong/reapoc,2016/CVE-2016-8527/vultarget/wait_to_be_added,3a793e88db8fc7f67b4da0abedc389291b8d3d4d,CVE-2016-8527
432587463,cckuailong/reapoc,2013/CVE-2013-3526/vultarget/wait_to_be_added,3a793e88db8fc7f67b4da0abedc389291b8d3d4d,CVE-2013-3526
432587463,cckuailong/reapoc,2020/CVE-2020-9344/vultarget/wait_to_be_added,3a793e88db8fc7f67b4da0abedc389291b8d3d4d,CVE-2020-9344
432587463,cckuailong/reapoc,2016/CVE-2016-6210/vultarget/wait_to_be_added,3a793e88db8fc7f67b4da0abedc389291b8d3d4d,CVE-2016-6210
432587463,cckuailong/reapoc,2013/CVE-2013-3827/vultarget/wait_to_be_added,3a793e88db8fc7f67b4da0abedc389291b8d3d4d,CVE-2013-3827
432587463,cckuailong/reapoc,2021/CVE-2021-24235/vultarget/wait_to_be_added,3a793e88db8fc7f67b4da0abedc389291b8d3d4d,CVE-2021-24235
432587463,cckuailong/reapoc,2016/CVE-2016-5649/vultarget/wait_to_be_added,3a793e88db8fc7f67b4da0abedc389291b8d3d4d,CVE-2016-5649
432587463,cckuailong/reapoc,2020/CVE-2020-9376/vultarget/wait_to_be_added,3a793e88db8fc7f67b4da0abedc389291b8d3d4d,CVE-2020-9376
432587463,cckuailong/reapoc,2016/CVE-2016-6277/vultarget/wait_to_be_added,3a793e88db8fc7f67b4da0abedc389291b8d3d4d,CVE-2016-6277
432587463,cckuailong/reapoc,2017/CVE-2017-0929/vultarget/wait_to_be_added,3a793e88db8fc7f67b4da0abedc389291b8d3d4d,CVE-2017-0929
432587463,cckuailong/reapoc,2020/CVE-2020-9047/vultarget/wait_to_be_added,3a793e88db8fc7f67b4da0abedc389291b8d3d4d,CVE-2020-9047
432587463,cckuailong/reapoc,2013/CVE-2013-2251/vultarget/wait_to_be_added,3a793e88db8fc7f67b4da0abedc389291b8d3d4d,CVE-2013-2251
432587463,cckuailong/reapoc,2021/CVE-2021-24276/vultarget/wait_to_be_added,3a793e88db8fc7f67b4da0abedc389291b8d3d4d,CVE-2021-24276
432587463,cckuailong/reapoc,2012/CVE-2012-5913/vultarget/wait_to_be_added,3a793e88db8fc7f67b4da0abedc389291b8d3d4d,CVE-2012-5913
432587463,cckuailong/reapoc,2017/CVE-2017-10974/vultarget/wait_to_be_added,3a793e88db8fc7f67b4da0abedc389291b8d3d4d,CVE-2017-10974
432587463,cckuailong/reapoc,2020/CVE-2020-8813/vultarget/wait_to_be_added,3a793e88db8fc7f67b4da0abedc389291b8d3d4d,CVE-2020-8813
432587463,cckuailong/reapoc,2021/CVE-2021-3374/vultarget/wait_to_be_added,3a793e88db8fc7f67b4da0abedc389291b8d3d4d,CVE-2021-3374
432587463,cckuailong/reapoc,2020/CVE-2020-8982/vultarget/wait_to_be_added,3a793e88db8fc7f67b4da0abedc389291b8d3d4d,CVE-2020-8982
432587463,cckuailong/reapoc,2013/CVE-2013-1965/vultarget/wait_to_be_added,3a793e88db8fc7f67b4da0abedc389291b8d3d4d,CVE-2013-1965
432587463,cckuailong/reapoc,2017/CVE-2017-10075/vultarget/wait_to_be_added,3a793e88db8fc7f67b4da0abedc389291b8d3d4d,CVE-2017-10075
432587463,cckuailong/reapoc,2020/CVE-2020-9036/vultarget/wait_to_be_added,3a793e88db8fc7f67b4da0abedc389291b8d3d4d,CVE-2020-9036
432587463,cckuailong/reapoc,2021/CVE-2021-24275/vultarget/wait_to_be_added,3a793e88db8fc7f67b4da0abedc389291b8d3d4d,CVE-2021-24275
432587463,cckuailong/reapoc,2017/CVE-2017-1000486/vultarget/wait_to_be_added,3a793e88db8fc7f67b4da0abedc389291b8d3d4d,CVE-2017-1000486
432587463,cckuailong/reapoc,2013/CVE-2013-2248/vultarget/wait_to_be_added,3a793e88db8fc7f67b4da0abedc389291b8d3d4d,CVE-2013-2248
432587463,cckuailong/reapoc,2017/CVE-2017-1000170/vultarget/wait_to_be_added,3a793e88db8fc7f67b4da0abedc389291b8d3d4d,CVE-2017-1000170
432587463,cckuailong/reapoc,2021/CVE-2021-24274/vultarget/wait_to_be_added,3a793e88db8fc7f67b4da0abedc389291b8d3d4d,CVE-2021-24274
432587463,cckuailong/reapoc,2017/CVE-2017-1000028/vultarget/wait_to_be_added,3a793e88db8fc7f67b4da0abedc389291b8d3d4d,CVE-2017-1000028
432587463,cckuailong/reapoc,2017/CVE-2017-14651/vultarget/wait_to_be_added,3a793e88db8fc7f67b4da0abedc389291b8d3d4d,CVE-2017-14651
432587463,cckuailong/reapoc,2013/CVE-2013-4117/vultarget/wait_to_be_added,3a793e88db8fc7f67b4da0abedc389291b8d3d4d,CVE-2013-4117
432587463,cckuailong/reapoc,2021/CVE-2021-24335/vultarget/wait_to_be_added,3a793e88db8fc7f67b4da0abedc389291b8d3d4d,CVE-2021-24335
432587463,cckuailong/reapoc,2017/CVE-2017-15363/vultarget/wait_to_be_added,3a793e88db8fc7f67b4da0abedc389291b8d3d4d,CVE-2017-15363
432587463,cckuailong/reapoc,2011/CVE-2011-4624/vultarget/wait_to_be_added,3a793e88db8fc7f67b4da0abedc389291b8d3d4d,CVE-2011-4624
432587463,cckuailong/reapoc,2021/CVE-2021-24498/vultarget/wait_to_be_added,3a793e88db8fc7f67b4da0abedc389291b8d3d4d,CVE-2021-24498
432587463,cckuailong/reapoc,2017/CVE-2017-5982/vultarget/wait_to_be_added,3a793e88db8fc7f67b4da0abedc389291b8d3d4d,CVE-2017-5982
432587463,cckuailong/reapoc,2011/CVE-2011-4804/vultarget/wait_to_be_added,3a793e88db8fc7f67b4da0abedc389291b8d3d4d,CVE-2011-4804
432587463,cckuailong/reapoc,2021/CVE-2021-40875/vultarget/wait_to_be_added,3a793e88db8fc7f67b4da0abedc389291b8d3d4d,CVE-2021-40875
432587463,cckuailong/reapoc,2017/CVE-2017-5638/vultarget/wait_to_be_added,3a793e88db8fc7f67b4da0abedc389291b8d3d4d,CVE-2017-5638
432587463,cckuailong/reapoc,2017/CVE-2017-6090/vultarget/wait_to_be_added,3a793e88db8fc7f67b4da0abedc389291b8d3d4d,CVE-2017-6090
432587463,cckuailong/reapoc,2020/CVE-2020-6637/vultarget/wait_to_be_added,3a793e88db8fc7f67b4da0abedc389291b8d3d4d,CVE-2020-6637
432587463,cckuailong/reapoc,2017/CVE-2017-5521/vultarget/wait_to_be_added,3a793e88db8fc7f67b4da0abedc389291b8d3d4d,CVE-2017-5521
432587463,cckuailong/reapoc,2011/CVE-2011-4926/vultarget/wait_to_be_added,3a793e88db8fc7f67b4da0abedc389291b8d3d4d,CVE-2011-4926
432587463,cckuailong/reapoc,2017/CVE-2017-5487/vultarget/wait_to_be_added,3a793e88db8fc7f67b4da0abedc389291b8d3d4d,CVE-2017-5487
432587463,cckuailong/reapoc,2020/CVE-2020-7209/vultarget/wait_to_be_added,3a793e88db8fc7f67b4da0abedc389291b8d3d4d,CVE-2020-7209
432587463,cckuailong/reapoc,2021/CVE-2021-24472/vultarget/wait_to_be_added,3a793e88db8fc7f67b4da0abedc389291b8d3d4d,CVE-2021-24472
432587463,cckuailong/reapoc,2017/CVE-2017-4011/vultarget/wait_to_be_added,3a793e88db8fc7f67b4da0abedc389291b8d3d4d,CVE-2017-4011
432587463,cckuailong/reapoc,2021/CVE-2021-24495/vultarget/wait_to_be_added,3a793e88db8fc7f67b4da0abedc389291b8d3d4d,CVE-2021-24495
432587463,cckuailong/reapoc,2011/CVE-2011-5106/vultarget/wait_to_be_added,3a793e88db8fc7f67b4da0abedc389291b8d3d4d,CVE-2011-5106
432587463,cckuailong/reapoc,2017/CVE-2017-7269/vultarget/wait_to_be_added,3a793e88db8fc7f67b4da0abedc389291b8d3d4d,CVE-2017-7269
432587463,cckuailong/reapoc,2021/CVE-2021-38647/vultarget/wait_to_be_added,3a793e88db8fc7f67b4da0abedc389291b8d3d4d,CVE-2021-38647
432587463,cckuailong/reapoc,2017/CVE-2017-9288/vultarget/wait_to_be_added,3a793e88db8fc7f67b4da0abedc389291b8d3d4d,CVE-2017-9288
432587463,cckuailong/reapoc,2021/CVE-2021-25282/vultarget/wait_to_be_added,3a793e88db8fc7f67b4da0abedc389291b8d3d4d,CVE-2021-25282
432587463,cckuailong/reapoc,2017/CVE-2017-9140/vultarget/wait_to_be_added,3a793e88db8fc7f67b4da0abedc389291b8d3d4d,CVE-2017-9140
432587463,cckuailong/reapoc,2020/CVE-2020-6287/vultarget/wait_to_be_added,3a793e88db8fc7f67b4da0abedc389291b8d3d4d,CVE-2020-6287
432587463,cckuailong/reapoc,2011/CVE-2011-2780/vultarget/wait_to_be_added,3a793e88db8fc7f67b4da0abedc389291b8d3d4d,CVE-2011-2780
432587463,cckuailong/reapoc,2021/CVE-2021-40870/vultarget/wait_to_be_added,3a793e88db8fc7f67b4da0abedc389291b8d3d4d,CVE-2021-40870
432587463,cckuailong/reapoc,2011/CVE-2011-4618/vultarget/wait_to_be_added,3a793e88db8fc7f67b4da0abedc389291b8d3d4d,CVE-2011-4618
432587463,cckuailong/reapoc,2021/CVE-2021-25281/vultarget/wait_to_be_added,3a793e88db8fc7f67b4da0abedc389291b8d3d4d,CVE-2021-25281
432587463,cckuailong/reapoc,2017/CVE-2017-7921/vultarget/wait_to_be_added,3a793e88db8fc7f67b4da0abedc389291b8d3d4d,CVE-2017-7921
432587463,cckuailong/reapoc,2011/CVE-2011-3315/vultarget/wait_to_be_added,3a793e88db8fc7f67b4da0abedc389291b8d3d4d,CVE-2011-3315
432587463,cckuailong/reapoc,2017/CVE-2017-7615/vultarget/wait_to_be_added,3a793e88db8fc7f67b4da0abedc389291b8d3d4d,CVE-2017-7615
432587463,cckuailong/reapoc,2011/CVE-2011-4336/vultarget/wait_to_be_added,3a793e88db8fc7f67b4da0abedc389291b8d3d4d,CVE-2011-4336
432587463,cckuailong/reapoc,2021/CVE-2021-24499/vultarget/wait_to_be_added,3a793e88db8fc7f67b4da0abedc389291b8d3d4d,CVE-2021-24499
432587463,cckuailong/reapoc,2017/CVE-2017-7391/vultarget/wait_to_be_added,3a793e88db8fc7f67b4da0abedc389291b8d3d4d,CVE-2017-7391
432587463,cckuailong/reapoc,2021/CVE-2021-33544/vultarget/wait_to_be_added,3a793e88db8fc7f67b4da0abedc389291b8d3d4d,CVE-2021-33544
432587463,cckuailong/reapoc,2017/CVE-2017-3881/vultarget/wait_to_be_added,3a793e88db8fc7f67b4da0abedc389291b8d3d4d,CVE-2017-3881
432587463,cckuailong/reapoc,2021/CVE-2021-24407/vultarget/wait_to_be_added,3a793e88db8fc7f67b4da0abedc389291b8d3d4d,CVE-2021-24407
432587463,cckuailong/reapoc,2017/CVE-2017-3528/vultarget/wait_to_be_added,3a793e88db8fc7f67b4da0abedc389291b8d3d4d,CVE-2017-3528
432587463,cckuailong/reapoc,2021/CVE-2021-24364/vultarget/wait_to_be_added,3a793e88db8fc7f67b4da0abedc389291b8d3d4d,CVE-2021-24364
432587463,cckuailong/reapoc,2012/CVE-2012-0901/vultarget/wait_to_be_added,3a793e88db8fc7f67b4da0abedc389291b8d3d4d,CVE-2012-0901
432587463,cckuailong/reapoc,2017/CVE-2017-16877/vultarget/wait_to_be_added,3a793e88db8fc7f67b4da0abedc389291b8d3d4d,CVE-2017-16877
432587463,cckuailong/reapoc,2017/CVE-2017-16806/vultarget/wait_to_be_added,3a793e88db8fc7f67b4da0abedc389291b8d3d4d,CVE-2017-16806
432587463,cckuailong/reapoc,2012/CVE-2012-0981/vultarget/wait_to_be_added,3a793e88db8fc7f67b4da0abedc389291b8d3d4d,CVE-2012-0981
432587463,cckuailong/reapoc,2021/CVE-2021-24342/vultarget/wait_to_be_added,3a793e88db8fc7f67b4da0abedc389291b8d3d4d,CVE-2021-24342
432587463,cckuailong/reapoc,2021/CVE-2021-40960/vultarget/wait_to_be_added,3a793e88db8fc7f67b4da0abedc389291b8d3d4d,CVE-2021-40960
432587463,cckuailong/reapoc,2017/CVE-2017-15944/vultarget/wait_to_be_added,3a793e88db8fc7f67b4da0abedc389291b8d3d4d,CVE-2017-15944
432587463,cckuailong/reapoc,2012/CVE-2012-0991/vultarget/wait_to_be_added,3a793e88db8fc7f67b4da0abedc389291b8d3d4d,CVE-2012-0991
432587463,cckuailong/reapoc,2021/CVE-2021-33564/vultarget/wait_to_be_added,3a793e88db8fc7f67b4da0abedc389291b8d3d4d,CVE-2021-33564
432587463,cckuailong/reapoc,2020/CVE-2020-8115/vultarget/wait_to_be_added,3a793e88db8fc7f67b4da0abedc389291b8d3d4d,CVE-2020-8115
432587463,cckuailong/reapoc,2021/CVE-2021-24340/vultarget/wait_to_be_added,3a793e88db8fc7f67b4da0abedc389291b8d3d4d,CVE-2021-24340
432587463,cckuailong/reapoc,2017/CVE-2017-15647/vultarget/wait_to_be_added,3a793e88db8fc7f67b4da0abedc389291b8d3d4d,CVE-2017-15647
432587463,cckuailong/reapoc,2012/CVE-2012-0996/vultarget/wait_to_be_added,3a793e88db8fc7f67b4da0abedc389291b8d3d4d,CVE-2012-0996
432587463,cckuailong/reapoc,2020/CVE-2020-7980/vultarget/wait_to_be_added,3a793e88db8fc7f67b4da0abedc389291b8d3d4d,CVE-2020-7980
432587463,cckuailong/reapoc,2017/CVE-2017-17043/vultarget/wait_to_be_added,3a793e88db8fc7f67b4da0abedc389291b8d3d4d,CVE-2017-17043
432587463,cckuailong/reapoc,2012/CVE-2012-0896/vultarget/wait_to_be_added,3a793e88db8fc7f67b4da0abedc389291b8d3d4d,CVE-2012-0896
432587463,cckuailong/reapoc,2017/CVE-2017-17059/vultarget/wait_to_be_added,3a793e88db8fc7f67b4da0abedc389291b8d3d4d,CVE-2017-17059
432587463,cckuailong/reapoc,2011/CVE-2011-5107/vultarget/wait_to_be_added,3a793e88db8fc7f67b4da0abedc389291b8d3d4d,CVE-2011-5107
432587463,cckuailong/reapoc,2017/CVE-2017-3506/vultarget/wait_to_be_added,3a793e88db8fc7f67b4da0abedc389291b8d3d4d,CVE-2017-3506
432587463,cckuailong/reapoc,2011/CVE-2011-5179/vultarget/wait_to_be_added,3a793e88db8fc7f67b4da0abedc389291b8d3d4d,CVE-2011-5179
432587463,cckuailong/reapoc,2021/CVE-2021-24406/vultarget/wait_to_be_added,3a793e88db8fc7f67b4da0abedc389291b8d3d4d,CVE-2021-24406
432587463,cckuailong/reapoc,2017/CVE-2017-18638/vultarget/wait_to_be_added,3a793e88db8fc7f67b4da0abedc389291b8d3d4d,CVE-2017-18638
432587463,cckuailong/reapoc,2011/CVE-2011-5181/vultarget/wait_to_be_added,3a793e88db8fc7f67b4da0abedc389291b8d3d4d,CVE-2011-5181
432587463,cckuailong/reapoc,2017/CVE-2017-18536/vultarget/wait_to_be_added,3a793e88db8fc7f67b4da0abedc389291b8d3d4d,CVE-2017-18536
432587463,cckuailong/reapoc,2021/CVE-2021-24389/vultarget/wait_to_be_added,3a793e88db8fc7f67b4da0abedc389291b8d3d4d,CVE-2021-24389
432587463,cckuailong/reapoc,2017/CVE-2017-18024/vultarget/wait_to_be_added,3a793e88db8fc7f67b4da0abedc389291b8d3d4d,CVE-2017-18024
432587463,cckuailong/reapoc,2011/CVE-2011-5265/vultarget/wait_to_be_added,3a793e88db8fc7f67b4da0abedc389291b8d3d4d,CVE-2011-5265
432587463,cckuailong/reapoc,2020/CVE-2020-7318/vultarget/wait_to_be_added,3a793e88db8fc7f67b4da0abedc389291b8d3d4d,CVE-2020-7318
432587463,cckuailong/reapoc,2020/CVE-2020-7796/vultarget/wait_to_be_added,3a793e88db8fc7f67b4da0abedc389291b8d3d4d,CVE-2020-7796
432587463,cckuailong/reapoc,2012/CVE-2012-0392/vultarget/wait_to_be_added,3a793e88db8fc7f67b4da0abedc389291b8d3d4d,CVE-2012-0392
432587463,cckuailong/reapoc,2021/CVE-2021-24387/vultarget/wait_to_be_added,3a793e88db8fc7f67b4da0abedc389291b8d3d4d,CVE-2021-24387
432587463,cckuailong/reapoc,2017/CVE-2017-17451/vultarget/wait_to_be_added,3a793e88db8fc7f67b4da0abedc389291b8d3d4d,CVE-2017-17451
432587463,cckuailong/reapoc,2012/CVE-2012-1226/vultarget/wait_to_be_added,3a793e88db8fc7f67b4da0abedc389291b8d3d4d,CVE-2012-1226
432587463,cckuailong/reapoc,2011/CVE-2011-2744/vultarget/wait_to_be_added,3a793e88db8fc7f67b4da0abedc389291b8d3d4d,CVE-2011-2744
432587463,cckuailong/reapoc,2021/CVE-2021-24226/vultarget/wait_to_be_added,3a793e88db8fc7f67b4da0abedc389291b8d3d4d,CVE-2021-24226
432587463,cckuailong/reapoc,2016/CVE-2016-4975/vultarget/wait_to_be_added,3a793e88db8fc7f67b4da0abedc389291b8d3d4d,CVE-2016-4975
432587463,cckuailong/reapoc,2014/CVE-2014-5368/vultarget/wait_to_be_added,3a793e88db8fc7f67b4da0abedc389291b8d3d4d,CVE-2014-5368
432587463,cckuailong/reapoc,2015/CVE-2015-7823/vultarget/wait_to_be_added,3a793e88db8fc7f67b4da0abedc389291b8d3d4d,CVE-2015-7823
432587463,cckuailong/reapoc,2014/CVE-2014-6271/vultarget/wait_to_be_added,3a793e88db8fc7f67b4da0abedc389291b8d3d4d,CVE-2014-6271
432587463,cckuailong/reapoc,2015/CVE-2015-7780/vultarget/wait_to_be_added,3a793e88db8fc7f67b4da0abedc389291b8d3d4d,CVE-2015-7780
432587463,cckuailong/reapoc,2021/CVE-2021-21389/vultarget/wait_to_be_added,3a793e88db8fc7f67b4da0abedc389291b8d3d4d,CVE-2021-21389
432587463,cckuailong/reapoc,2015/CVE-2015-7450/vultarget/wait_to_be_added,3a793e88db8fc7f67b4da0abedc389291b8d3d4d,CVE-2015-7450
432587463,cckuailong/reapoc,2015/CVE-2015-8349/vultarget/wait_to_be_added,3a793e88db8fc7f67b4da0abedc389291b8d3d4d,CVE-2015-8349
432587463,cckuailong/reapoc,2015/CVE-2015-7377/vultarget/wait_to_be_added,3a793e88db8fc7f67b4da0abedc389291b8d3d4d,CVE-2015-7377
432587463,cckuailong/reapoc,2015/CVE-2015-7297/vultarget/wait_to_be_added,3a793e88db8fc7f67b4da0abedc389291b8d3d4d,CVE-2015-7297
432587463,cckuailong/reapoc,2014/CVE-2014-8682/vultarget/wait_to_be_added,3a793e88db8fc7f67b4da0abedc389291b8d3d4d,CVE-2014-8682
432587463,cckuailong/reapoc,2021/CVE-2021-21402/vultarget/wait_to_be_added,3a793e88db8fc7f67b4da0abedc389291b8d3d4d,CVE-2021-21402
432587463,cckuailong/reapoc,2015/CVE-2015-6920/vultarget/wait_to_be_added,3a793e88db8fc7f67b4da0abedc389291b8d3d4d,CVE-2015-6920
432587463,cckuailong/reapoc,2021/CVE-2021-21479/vultarget/wait_to_be_added,3a793e88db8fc7f67b4da0abedc389291b8d3d4d,CVE-2021-21479
432587463,cckuailong/reapoc,2015/CVE-2015-6544/vultarget/wait_to_be_added,3a793e88db8fc7f67b4da0abedc389291b8d3d4d,CVE-2015-6544
432587463,cckuailong/reapoc,2014/CVE-2014-6308/vultarget/wait_to_be_added,3a793e88db8fc7f67b4da0abedc389291b8d3d4d,CVE-2014-6308
432587463,cckuailong/reapoc,2014/CVE-2014-8799/vultarget/wait_to_be_added,3a793e88db8fc7f67b4da0abedc389291b8d3d4d,CVE-2014-8799
432587463,cckuailong/reapoc,2014/CVE-2014-5258/vultarget/wait_to_be_added,3a793e88db8fc7f67b4da0abedc389291b8d3d4d,CVE-2014-5258
432587463,cckuailong/reapoc,2021/CVE-2021-21307/vultarget/wait_to_be_added,3a793e88db8fc7f67b4da0abedc389291b8d3d4d,CVE-2021-21307
432587463,cckuailong/reapoc,2016/CVE-2016-1000128/vultarget/wait_to_be_added,3a793e88db8fc7f67b4da0abedc389291b8d3d4d,CVE-2016-1000128
432587463,cckuailong/reapoc,2016/CVE-2016-1000127/vultarget/wait_to_be_added,3a793e88db8fc7f67b4da0abedc389291b8d3d4d,CVE-2016-1000127
432587463,cckuailong/reapoc,2014/CVE-2014-4592/vultarget/wait_to_be_added,3a793e88db8fc7f67b4da0abedc389291b8d3d4d,CVE-2014-4592
432587463,cckuailong/reapoc,2021/CVE-2021-21234/vultarget/wait_to_be_added,3a793e88db8fc7f67b4da0abedc389291b8d3d4d,CVE-2021-21234
432587463,cckuailong/reapoc,2016/CVE-2016-1000126/vultarget/wait_to_be_added,3a793e88db8fc7f67b4da0abedc389291b8d3d4d,CVE-2016-1000126
432587463,cckuailong/reapoc,2016/CVE-2016-0957/vultarget/wait_to_be_added,3a793e88db8fc7f67b4da0abedc389291b8d3d4d,CVE-2016-0957
432587463,cckuailong/reapoc,2015/CVE-2015-8399/vultarget/wait_to_be_added,3a793e88db8fc7f67b4da0abedc389291b8d3d4d,CVE-2015-8399
432587463,cckuailong/reapoc,2014/CVE-2014-4940/vultarget/wait_to_be_added,3a793e88db8fc7f67b4da0abedc389291b8d3d4d,CVE-2014-4940
432587463,cckuailong/reapoc,2021/CVE-2021-22214/vultarget/wait_to_be_added,3a793e88db8fc7f67b4da0abedc389291b8d3d4d,CVE-2021-22214
432587463,cckuailong/reapoc,2015/CVE-2015-9480/vultarget/wait_to_be_added,3a793e88db8fc7f67b4da0abedc389291b8d3d4d,CVE-2015-9480
432587463,cckuailong/reapoc,2021/CVE-2021-21287/vultarget/wait_to_be_added,3a793e88db8fc7f67b4da0abedc389291b8d3d4d,CVE-2021-21287
432587463,cckuailong/reapoc,2015/CVE-2015-9414/vultarget/wait_to_be_added,3a793e88db8fc7f67b4da0abedc389291b8d3d4d,CVE-2015-9414
432587463,cckuailong/reapoc,2014/CVE-2014-5111/vultarget/wait_to_be_added,3a793e88db8fc7f67b4da0abedc389291b8d3d4d,CVE-2014-5111
432587463,cckuailong/reapoc,2015/CVE-2015-8813/vultarget/wait_to_be_added,3a793e88db8fc7f67b4da0abedc389291b8d3d4d,CVE-2015-8813
432587463,cckuailong/reapoc,2021/CVE-2021-33904/vultarget/wait_to_be_added,3a793e88db8fc7f67b4da0abedc389291b8d3d4d,CVE-2021-33904
432587463,cckuailong/reapoc,2015/CVE-2015-6477/vultarget/wait_to_be_added,3a793e88db8fc7f67b4da0abedc389291b8d3d4d,CVE-2015-6477
432587463,cckuailong/reapoc,2021/CVE-2021-22145/vultarget/wait_to_be_added,3a793e88db8fc7f67b4da0abedc389291b8d3d4d,CVE-2021-22145
432587463,cckuailong/reapoc,2021/CVE-2021-33807/vultarget/wait_to_be_added,3a793e88db8fc7f67b4da0abedc389291b8d3d4d,CVE-2021-33807
432587463,cckuailong/reapoc,2021/CVE-2021-21975/vultarget/wait_to_be_added,3a793e88db8fc7f67b4da0abedc389291b8d3d4d,CVE-2021-21975
432587463,cckuailong/reapoc,2021/CVE-2021-41349/vultarget/wait_to_be_added,3a793e88db8fc7f67b4da0abedc389291b8d3d4d,CVE-2021-41349
432587463,cckuailong/reapoc,2015/CVE-2015-3306/vultarget/wait_to_be_added,3a793e88db8fc7f67b4da0abedc389291b8d3d4d,CVE-2015-3306
432587463,cckuailong/reapoc,2021/CVE-2021-3378/vultarget/wait_to_be_added,3a793e88db8fc7f67b4da0abedc389291b8d3d4d,CVE-2021-3378
432587463,cckuailong/reapoc,2015/CVE-2015-1000012/vultarget/wait_to_be_added,3a793e88db8fc7f67b4da0abedc389291b8d3d4d,CVE-2015-1000012
432587463,cckuailong/reapoc,2015/CVE-2015-2807/vultarget/wait_to_be_added,3a793e88db8fc7f67b4da0abedc389291b8d3d4d,CVE-2015-2807
432587463,cckuailong/reapoc,2021/CVE-2021-41381/vultarget/wait_to_be_added,3a793e88db8fc7f67b4da0abedc389291b8d3d4d,CVE-2021-41381
432587463,cckuailong/reapoc,2021/CVE-2021-22053/vultarget/wait_to_be_added,3a793e88db8fc7f67b4da0abedc389291b8d3d4d,CVE-2021-22053
432587463,cckuailong/reapoc,2015/CVE-2015-2080/vultarget/wait_to_be_added,3a793e88db8fc7f67b4da0abedc389291b8d3d4d,CVE-2015-2080
432587463,cckuailong/reapoc,2021/CVE-2021-21985/vultarget/wait_to_be_added,3a793e88db8fc7f67b4da0abedc389291b8d3d4d,CVE-2021-21985
432587463,cckuailong/reapoc,2015/CVE-2015-2068/vultarget/wait_to_be_added,3a793e88db8fc7f67b4da0abedc389291b8d3d4d,CVE-2015-2068
432587463,cckuailong/reapoc,2015/CVE-2015-2067/vultarget/wait_to_be_added,3a793e88db8fc7f67b4da0abedc389291b8d3d4d,CVE-2015-2067
432587463,cckuailong/reapoc,2015/CVE-2015-1503/vultarget/wait_to_be_added,3a793e88db8fc7f67b4da0abedc389291b8d3d4d,CVE-2015-1503
432587463,cckuailong/reapoc,2021/CVE-2021-22005/vultarget/wait_to_be_added,3a793e88db8fc7f67b4da0abedc389291b8d3d4d,CVE-2021-22005
432587463,cckuailong/reapoc,2021/CVE-2021-21978/vultarget/wait_to_be_added,3a793e88db8fc7f67b4da0abedc389291b8d3d4d,CVE-2021-21978
432587463,cckuailong/reapoc,2015/CVE-2015-3648/vultarget/wait_to_be_added,3a793e88db8fc7f67b4da0abedc389291b8d3d4d,CVE-2015-3648
432587463,cckuailong/reapoc,2015/CVE-2015-4050/vultarget/wait_to_be_added,3a793e88db8fc7f67b4da0abedc389291b8d3d4d,CVE-2015-4050
432587463,cckuailong/reapoc,2021/CVE-2021-21972/vultarget/wait_to_be_added,3a793e88db8fc7f67b4da0abedc389291b8d3d4d,CVE-2021-21972
432587463,cckuailong/reapoc,2015/CVE-2015-5688/vultarget/wait_to_be_added,3a793e88db8fc7f67b4da0abedc389291b8d3d4d,CVE-2015-5688
432587463,cckuailong/reapoc,2021/CVE-2021-21801/vultarget/wait_to_be_added,3a793e88db8fc7f67b4da0abedc389291b8d3d4d,CVE-2021-21801
432587463,cckuailong/reapoc,2014/CVE-2014-9094/vultarget/wait_to_be_added,3a793e88db8fc7f67b4da0abedc389291b8d3d4d,CVE-2014-9094
432587463,cckuailong/reapoc,2021/CVE-2021-21802/vultarget/wait_to_be_added,3a793e88db8fc7f67b4da0abedc389291b8d3d4d,CVE-2021-21802
432587463,cckuailong/reapoc,2015/CVE-2015-5471/vultarget/wait_to_be_added,3a793e88db8fc7f67b4da0abedc389291b8d3d4d,CVE-2015-5471
432587463,cckuailong/reapoc,2021/CVE-2021-21803/vultarget/wait_to_be_added,3a793e88db8fc7f67b4da0abedc389291b8d3d4d,CVE-2021-21803
432587463,cckuailong/reapoc,2014/CVE-2014-9444/vultarget/wait_to_be_added,3a793e88db8fc7f67b4da0abedc389291b8d3d4d,CVE-2014-9444
432587463,cckuailong/reapoc,2015/CVE-2015-5461/vultarget/wait_to_be_added,3a793e88db8fc7f67b4da0abedc389291b8d3d4d,CVE-2015-5461
432587463,cckuailong/reapoc,2021/CVE-2021-41467/vultarget/wait_to_be_added,3a793e88db8fc7f67b4da0abedc389291b8d3d4d,CVE-2021-41467
432587463,cckuailong/reapoc,2015/CVE-2015-4694/vultarget/wait_to_be_added,3a793e88db8fc7f67b4da0abedc389291b8d3d4d,CVE-2015-4694
432587463,cckuailong/reapoc,2021/CVE-2021-22122/vultarget/wait_to_be_added,3a793e88db8fc7f67b4da0abedc389291b8d3d4d,CVE-2021-22122
432587463,cckuailong/reapoc,2021/CVE-2021-21816/vultarget/wait_to_be_added,3a793e88db8fc7f67b4da0abedc389291b8d3d4d,CVE-2021-21816
432587463,cckuailong/reapoc,2015/CVE-2015-4632/vultarget/wait_to_be_added,3a793e88db8fc7f67b4da0abedc389291b8d3d4d,CVE-2015-4632
432587463,cckuailong/reapoc,2021/CVE-2021-41293/vultarget/wait_to_be_added,3a793e88db8fc7f67b4da0abedc389291b8d3d4d,CVE-2021-41293
432587463,cckuailong/reapoc,2015/CVE-2015-4414/vultarget/wait_to_be_added,3a793e88db8fc7f67b4da0abedc389291b8d3d4d,CVE-2015-4414
432587463,cckuailong/reapoc,2021/CVE-2021-41291/vultarget/wait_to_be_added,3a793e88db8fc7f67b4da0abedc389291b8d3d4d,CVE-2021-41291
432587463,cckuailong/reapoc,2021/CVE-2021-34370/vultarget/wait_to_be_added,3a793e88db8fc7f67b4da0abedc389291b8d3d4d,CVE-2021-34370
432587463,cckuailong/reapoc,2014/CVE-2014-4561/vultarget/wait_to_be_added,3a793e88db8fc7f67b4da0abedc389291b8d3d4d,CVE-2014-4561
432587463,cckuailong/reapoc,2021/CVE-2021-22873/vultarget/wait_to_be_added,3a793e88db8fc7f67b4da0abedc389291b8d3d4d,CVE-2021-22873
432587463,cckuailong/reapoc,2016/CVE-2016-10924/vultarget/wait_to_be_added,3a793e88db8fc7f67b4da0abedc389291b8d3d4d,CVE-2016-10924
432587463,cckuailong/reapoc,2014/CVE-2014-10037/vultarget/wait_to_be_added,3a793e88db8fc7f67b4da0abedc389291b8d3d4d,CVE-2014-10037
432587463,cckuailong/reapoc,2014/CVE-2014-2321/vultarget/wait_to_be_added,3a793e88db8fc7f67b4da0abedc389291b8d3d4d,CVE-2014-2321
432587463,cckuailong/reapoc,2014/CVE-2014-2323/vultarget/wait_to_be_added,3a793e88db8fc7f67b4da0abedc389291b8d3d4d,CVE-2014-2323
432587463,cckuailong/reapoc,2020/CVE-2020-9757/vultarget/wait_to_be_added,3a793e88db8fc7f67b4da0abedc389291b8d3d4d,CVE-2020-9757
432587463,cckuailong/reapoc,2014/CVE-2014-2383/vultarget/wait_to_be_added,3a793e88db8fc7f67b4da0abedc389291b8d3d4d,CVE-2014-2383
432587463,cckuailong/reapoc,2020/CVE-2020-9490/vultarget/wait_to_be_added,3a793e88db8fc7f67b4da0abedc389291b8d3d4d,CVE-2020-9490
432587463,cckuailong/reapoc,2021/CVE-2021-41277/vultarget/wait_to_be_added,3a793e88db8fc7f67b4da0abedc389291b8d3d4d,CVE-2021-41277
432587463,cckuailong/reapoc,2016/CVE-2016-1000155/vultarget/wait_to_be_added,3a793e88db8fc7f67b4da0abedc389291b8d3d4d,CVE-2016-1000155
432587463,cckuailong/reapoc,2021/CVE-2021-23241/vultarget/wait_to_be_added,3a793e88db8fc7f67b4da0abedc389291b8d3d4d,CVE-2021-23241
432587463,cckuailong/reapoc,2016/CVE-2016-1000154/vultarget/wait_to_be_added,3a793e88db8fc7f67b4da0abedc389291b8d3d4d,CVE-2016-1000154
432587463,cckuailong/reapoc,2014/CVE-2014-2962/vultarget/wait_to_be_added,3a793e88db8fc7f67b4da0abedc389291b8d3d4d,CVE-2014-2962
432587463,cckuailong/reapoc,2021/CVE-2021-1498/vultarget/wait_to_be_added,3a793e88db8fc7f67b4da0abedc389291b8d3d4d,CVE-2021-1498
432587463,cckuailong/reapoc,2016/CVE-2016-1000153/vultarget/wait_to_be_added,3a793e88db8fc7f67b4da0abedc389291b8d3d4d,CVE-2016-1000153
432587463,cckuailong/reapoc,2021/CVE-2021-1497/vultarget/wait_to_be_added,3a793e88db8fc7f67b4da0abedc389291b8d3d4d,CVE-2021-1497
432587463,cckuailong/reapoc,2016/CVE-2016-1000152/vultarget/wait_to_be_added,3a793e88db8fc7f67b4da0abedc389291b8d3d4d,CVE-2016-1000152
432587463,cckuailong/reapoc,2016/CVE-2016-10956/vultarget/wait_to_be_added,3a793e88db8fc7f67b4da0abedc389291b8d3d4d,CVE-2016-10956
432587463,cckuailong/reapoc,2013/CVE-2013-7240/vultarget/wait_to_be_added,3a793e88db8fc7f67b4da0abedc389291b8d3d4d,CVE-2013-7240
432587463,cckuailong/reapoc,2013/CVE-2013-4625/vultarget/wait_to_be_added,3a793e88db8fc7f67b4da0abedc389291b8d3d4d,CVE-2013-4625
432587463,cckuailong/reapoc,2021/CVE-2021-24210/vultarget/wait_to_be_added,3a793e88db8fc7f67b4da0abedc389291b8d3d4d,CVE-2021-24210
432587463,cckuailong/reapoc,2013/CVE-2013-5528/vultarget/wait_to_be_added,3a793e88db8fc7f67b4da0abedc389291b8d3d4d,CVE-2013-5528
432587463,cckuailong/reapoc,2020/CVE-2020-9425/vultarget/wait_to_be_added,3a793e88db8fc7f67b4da0abedc389291b8d3d4d,CVE-2020-9425
432587463,cckuailong/reapoc,2016/CVE-2016-3081/vultarget/wait_to_be_added,3a793e88db8fc7f67b4da0abedc389291b8d3d4d,CVE-2016-3081
432587463,cckuailong/reapoc,2021/CVE-2021-41649/vultarget/wait_to_be_added,3a793e88db8fc7f67b4da0abedc389291b8d3d4d,CVE-2021-41649
432587463,cckuailong/reapoc,2021/CVE-2021-24146/vultarget/wait_to_be_added,3a793e88db8fc7f67b4da0abedc389291b8d3d4d,CVE-2021-24146
432587463,cckuailong/reapoc,2016/CVE-2016-2389/vultarget/wait_to_be_added,3a793e88db8fc7f67b4da0abedc389291b8d3d4d,CVE-2016-2389
432587463,cckuailong/reapoc,2013/CVE-2013-5979/vultarget/wait_to_be_added,3a793e88db8fc7f67b4da0abedc389291b8d3d4d,CVE-2013-5979
432587463,cckuailong/reapoc,2016/CVE-2016-2004/vultarget/wait_to_be_added,3a793e88db8fc7f67b4da0abedc389291b8d3d4d,CVE-2016-2004
432587463,cckuailong/reapoc,2021/CVE-2021-24176/vultarget/wait_to_be_added,3a793e88db8fc7f67b4da0abedc389291b8d3d4d,CVE-2021-24176
432587463,cckuailong/reapoc,2016/CVE-2016-10993/vultarget/wait_to_be_added,3a793e88db8fc7f67b4da0abedc389291b8d3d4d,CVE-2016-10993
432587463,cckuailong/reapoc,2020/CVE-2020-9484/vultarget/wait_to_be_added,3a793e88db8fc7f67b4da0abedc389291b8d3d4d,CVE-2020-9484
432587463,cckuailong/reapoc,2016/CVE-2016-10960/vultarget/wait_to_be_added,3a793e88db8fc7f67b4da0abedc389291b8d3d4d,CVE-2016-10960
432587463,cckuailong/reapoc,2020/CVE-2020-9483/vultarget/wait_to_be_added,3a793e88db8fc7f67b4da0abedc389291b8d3d4d,CVE-2020-9483
432587463,cckuailong/reapoc,2021/CVE-2021-22986/vultarget/wait_to_be_added,3a793e88db8fc7f67b4da0abedc389291b8d3d4d,CVE-2021-22986
432587463,cckuailong/reapoc,2021/CVE-2021-1499/vultarget/wait_to_be_added,3a793e88db8fc7f67b4da0abedc389291b8d3d4d,CVE-2021-1499
432587463,cckuailong/reapoc,2016/CVE-2016-1000149/vultarget/wait_to_be_added,3a793e88db8fc7f67b4da0abedc389291b8d3d4d,CVE-2016-1000149
432587463,cckuailong/reapoc,2021/CVE-2021-20092/vultarget/wait_to_be_added,3a793e88db8fc7f67b4da0abedc389291b8d3d4d,CVE-2021-20092
432587463,cckuailong/reapoc,2016/CVE-2016-1000136/vultarget/wait_to_be_added,3a793e88db8fc7f67b4da0abedc389291b8d3d4d,CVE-2016-1000136
432587463,cckuailong/reapoc,2016/CVE-2016-1000135/vultarget/wait_to_be_added,3a793e88db8fc7f67b4da0abedc389291b8d3d4d,CVE-2016-1000135
432587463,cckuailong/reapoc,2014/CVE-2014-4539/vultarget/wait_to_be_added,3a793e88db8fc7f67b4da0abedc389291b8d3d4d,CVE-2014-4539
432587463,cckuailong/reapoc,2021/CVE-2021-20114/vultarget/wait_to_be_added,3a793e88db8fc7f67b4da0abedc389291b8d3d4d,CVE-2021-20114
432587463,cckuailong/reapoc,2016/CVE-2016-1000134/vultarget/wait_to_be_added,3a793e88db8fc7f67b4da0abedc389291b8d3d4d,CVE-2016-1000134
432587463,cckuailong/reapoc,2014/CVE-2014-4536/vultarget/wait_to_be_added,3a793e88db8fc7f67b4da0abedc389291b8d3d4d,CVE-2014-4536
432587463,cckuailong/reapoc,2016/CVE-2016-1000133/vultarget/wait_to_be_added,3a793e88db8fc7f67b4da0abedc389291b8d3d4d,CVE-2016-1000133
432587463,cckuailong/reapoc,2016/CVE-2016-1000132/vultarget/wait_to_be_added,3a793e88db8fc7f67b4da0abedc389291b8d3d4d,CVE-2016-1000132
432587463,cckuailong/reapoc,2014/CVE-2014-4550/vultarget/wait_to_be_added,3a793e88db8fc7f67b4da0abedc389291b8d3d4d,CVE-2014-4550
432587463,cckuailong/reapoc,2021/CVE-2021-20837/vultarget/wait_to_be_added,3a793e88db8fc7f67b4da0abedc389291b8d3d4d,CVE-2021-20837
432587463,cckuailong/reapoc,2016/CVE-2016-1000131/vultarget/wait_to_be_added,3a793e88db8fc7f67b4da0abedc389291b8d3d4d,CVE-2016-1000131
432587463,cckuailong/reapoc,2014/CVE-2014-4558/vultarget/wait_to_be_added,3a793e88db8fc7f67b4da0abedc389291b8d3d4d,CVE-2014-4558
432587463,cckuailong/reapoc,2016/CVE-2016-1000130/vultarget/wait_to_be_added,3a793e88db8fc7f67b4da0abedc389291b8d3d4d,CVE-2016-1000130
432587463,cckuailong/reapoc,2014/CVE-2014-4544/vultarget/wait_to_be_added,3a793e88db8fc7f67b4da0abedc389291b8d3d4d,CVE-2014-4544
432587463,cckuailong/reapoc,2016/CVE-2016-1000137/vultarget/wait_to_be_added,3a793e88db8fc7f67b4da0abedc389291b8d3d4d,CVE-2016-1000137
432587463,cckuailong/reapoc,2016/CVE-2016-1000138/vultarget/wait_to_be_added,3a793e88db8fc7f67b4da0abedc389291b8d3d4d,CVE-2016-1000138
432587463,cckuailong/reapoc,2021/CVE-2021-20091/vultarget/wait_to_be_added,3a793e88db8fc7f67b4da0abedc389291b8d3d4d,CVE-2021-20091
432587463,cckuailong/reapoc,2016/CVE-2016-1000148/vultarget/wait_to_be_added,3a793e88db8fc7f67b4da0abedc389291b8d3d4d,CVE-2016-1000148
432587463,cckuailong/reapoc,2021/CVE-2021-3377/vultarget/wait_to_be_added,3a793e88db8fc7f67b4da0abedc389291b8d3d4d,CVE-2021-3377
432587463,cckuailong/reapoc,2021/CVE-2021-20031/vultarget/wait_to_be_added,3a793e88db8fc7f67b4da0abedc389291b8d3d4d,CVE-2021-20031
432587463,cckuailong/reapoc,2016/CVE-2016-1000146/vultarget/wait_to_be_added,3a793e88db8fc7f67b4da0abedc389291b8d3d4d,CVE-2016-1000146
432587463,cckuailong/reapoc,2021/CVE-2021-41648/vultarget/wait_to_be_added,3a793e88db8fc7f67b4da0abedc389291b8d3d4d,CVE-2021-41648
432587463,cckuailong/reapoc,2016/CVE-2016-1000143/vultarget/wait_to_be_added,3a793e88db8fc7f67b4da0abedc389291b8d3d4d,CVE-2016-1000143
432587463,cckuailong/reapoc,2021/CVE-2021-20090/vultarget/wait_to_be_added,3a793e88db8fc7f67b4da0abedc389291b8d3d4d,CVE-2021-20090
432587463,cckuailong/reapoc,2016/CVE-2016-1000142/vultarget/wait_to_be_added,3a793e88db8fc7f67b4da0abedc389291b8d3d4d,CVE-2016-1000142
432587463,cckuailong/reapoc,2014/CVE-2014-3744/vultarget/wait_to_be_added,3a793e88db8fc7f67b4da0abedc389291b8d3d4d,CVE-2014-3744
432587463,cckuailong/reapoc,2016/CVE-2016-1000141/vultarget/wait_to_be_added,3a793e88db8fc7f67b4da0abedc389291b8d3d4d,CVE-2016-1000141
432587463,cckuailong/reapoc,2014/CVE-2014-4210/vultarget/wait_to_be_added,3a793e88db8fc7f67b4da0abedc389291b8d3d4d,CVE-2014-4210
432587463,cckuailong/reapoc,2016/CVE-2016-1000140/vultarget/wait_to_be_added,3a793e88db8fc7f67b4da0abedc389291b8d3d4d,CVE-2016-1000140
432587463,cckuailong/reapoc,2014/CVE-2014-4513/vultarget/wait_to_be_added,3a793e88db8fc7f67b4da0abedc389291b8d3d4d,CVE-2014-4513
432587463,cckuailong/reapoc,2016/CVE-2016-1000139/vultarget/wait_to_be_added,3a793e88db8fc7f67b4da0abedc389291b8d3d4d,CVE-2016-1000139
432587463,cckuailong/reapoc,2014/CVE-2014-4535/vultarget/wait_to_be_added,3a793e88db8fc7f67b4da0abedc389291b8d3d4d,CVE-2014-4535
432587463,cckuailong/reapoc,2016/CVE-2016-1000129/vultarget/wait_to_be_added,3a793e88db8fc7f67b4da0abedc389291b8d3d4d,CVE-2016-1000129
432587463,cckuailong/reapoc,2017/CVE-2017-9506/vultarget/wait_to_be_added,3a793e88db8fc7f67b4da0abedc389291b8d3d4d,CVE-2017-9506
432587463,cckuailong/reapoc,2020/CVE-2020-6308/vultarget/wait_to_be_added,3a793e88db8fc7f67b4da0abedc389291b8d3d4d,CVE-2020-6308
432587463,cckuailong/reapoc,2011/CVE-2011-1669/vultarget/wait_to_be_added,3a793e88db8fc7f67b4da0abedc389291b8d3d4d,CVE-2011-1669
432587463,cckuailong/reapoc,2018/CVE-2018-3167/vultarget/wait_to_be_added,3a793e88db8fc7f67b4da0abedc389291b8d3d4d,CVE-2018-3167
432587463,cckuailong/reapoc,2021/CVE-2021-27850/vultarget/wait_to_be_added,3a793e88db8fc7f67b4da0abedc389291b8d3d4d,CVE-2021-27850
432587463,cckuailong/reapoc,2020/CVE-2020-3452/vultarget/wait_to_be_added,3a793e88db8fc7f67b4da0abedc389291b8d3d4d,CVE-2020-3452
432587463,cckuailong/reapoc,2010/CVE-2010-1870/vultarget/wait_to_be_added,3a793e88db8fc7f67b4da0abedc389291b8d3d4d,CVE-2010-1870
432587463,cckuailong/reapoc,2018/CVE-2018-2893/vultarget/wait_to_be_added,3a793e88db8fc7f67b4da0abedc389291b8d3d4d,CVE-2018-2893
432587463,cckuailong/reapoc,2010/CVE-2010-1871/vultarget/wait_to_be_added,3a793e88db8fc7f67b4da0abedc389291b8d3d4d,CVE-2010-1871
432587463,cckuailong/reapoc,2010/CVE-2010-1858/vultarget/wait_to_be_added,3a793e88db8fc7f67b4da0abedc389291b8d3d4d,CVE-2010-1858
432587463,cckuailong/reapoc,2018/CVE-2018-2791/vultarget/wait_to_be_added,3a793e88db8fc7f67b4da0abedc389291b8d3d4d,CVE-2018-2791
432587463,cckuailong/reapoc,2021/CVE-2021-27651/vultarget/wait_to_be_added,3a793e88db8fc7f67b4da0abedc389291b8d3d4d,CVE-2021-27651
432587463,cckuailong/reapoc,2010/CVE-2010-1873/vultarget/wait_to_be_added,3a793e88db8fc7f67b4da0abedc389291b8d3d4d,CVE-2010-1873
432587463,cckuailong/reapoc,2018/CVE-2018-2392/vultarget/wait_to_be_added,3a793e88db8fc7f67b4da0abedc389291b8d3d4d,CVE-2018-2392
432587463,cckuailong/reapoc,2010/CVE-2010-1875/vultarget/wait_to_be_added,3a793e88db8fc7f67b4da0abedc389291b8d3d4d,CVE-2010-1875
432587463,cckuailong/reapoc,2018/CVE-2018-20985/vultarget/wait_to_be_added,3a793e88db8fc7f67b4da0abedc389291b8d3d4d,CVE-2018-20985
432587463,cckuailong/reapoc,2018/CVE-2018-20824/vultarget/wait_to_be_added,3a793e88db8fc7f67b4da0abedc389291b8d3d4d,CVE-2018-20824
432587463,cckuailong/reapoc,2020/CVE-2020-35338/vultarget/wait_to_be_added,3a793e88db8fc7f67b4da0abedc389291b8d3d4d,CVE-2020-35338
432587463,cckuailong/reapoc,2010/CVE-2010-1878/vultarget/wait_to_be_added,3a793e88db8fc7f67b4da0abedc389291b8d3d4d,CVE-2010-1878
432587463,cckuailong/reapoc,2018/CVE-2018-3238/vultarget/wait_to_be_added,3a793e88db8fc7f67b4da0abedc389291b8d3d4d,CVE-2018-3238
432587463,cckuailong/reapoc,2010/CVE-2010-1723/vultarget/wait_to_be_added,3a793e88db8fc7f67b4da0abedc389291b8d3d4d,CVE-2010-1723
432587463,cckuailong/reapoc,2010/CVE-2010-1715/vultarget/wait_to_be_added,3a793e88db8fc7f67b4da0abedc389291b8d3d4d,CVE-2010-1715
432587463,cckuailong/reapoc,2018/CVE-2018-6605/vultarget/wait_to_be_added,3a793e88db8fc7f67b4da0abedc389291b8d3d4d,CVE-2018-6605
432587463,cckuailong/reapoc,2010/CVE-2010-1717/vultarget/wait_to_be_added,3a793e88db8fc7f67b4da0abedc389291b8d3d4d,CVE-2010-1717
432587463,cckuailong/reapoc,2018/CVE-2018-6008/vultarget/wait_to_be_added,3a793e88db8fc7f67b4da0abedc389291b8d3d4d,CVE-2018-6008
432587463,cckuailong/reapoc,2021/CVE-2021-38751/vultarget/wait_to_be_added,3a793e88db8fc7f67b4da0abedc389291b8d3d4d,CVE-2021-38751
432587463,cckuailong/reapoc,2018/CVE-2018-5316/vultarget/wait_to_be_added,3a793e88db8fc7f67b4da0abedc389291b8d3d4d,CVE-2018-5316
432587463,cckuailong/reapoc,2018/CVE-2018-3714/vultarget/wait_to_be_added,3a793e88db8fc7f67b4da0abedc389291b8d3d4d,CVE-2018-3714
432587463,cckuailong/reapoc,2021/CVE-2021-27905/vultarget/wait_to_be_added,3a793e88db8fc7f67b4da0abedc389291b8d3d4d,CVE-2021-27905
432587463,cckuailong/reapoc,2010/CVE-2010-1718/vultarget/wait_to_be_added,3a793e88db8fc7f67b4da0abedc389291b8d3d4d,CVE-2010-1718
432587463,cckuailong/reapoc,2018/CVE-2018-5230/vultarget/wait_to_be_added,3a793e88db8fc7f67b4da0abedc389291b8d3d4d,CVE-2018-5230
432587463,cckuailong/reapoc,2018/CVE-2018-3810/vultarget/wait_to_be_added,3a793e88db8fc7f67b4da0abedc389291b8d3d4d,CVE-2018-3810
432587463,cckuailong/reapoc,2010/CVE-2010-1719/vultarget/wait_to_be_added,3a793e88db8fc7f67b4da0abedc389291b8d3d4d,CVE-2010-1719
432587463,cckuailong/reapoc,2020/CVE-2020-3187/vultarget/wait_to_be_added,3a793e88db8fc7f67b4da0abedc389291b8d3d4d,CVE-2020-3187
432587463,cckuailong/reapoc,2010/CVE-2010-1722/vultarget/wait_to_be_added,3a793e88db8fc7f67b4da0abedc389291b8d3d4d,CVE-2010-1722
432587463,cckuailong/reapoc,2018/CVE-2018-5233/vultarget/wait_to_be_added,3a793e88db8fc7f67b4da0abedc389291b8d3d4d,CVE-2018-5233
432587463,cckuailong/reapoc,2018/CVE-2018-20470/vultarget/wait_to_be_added,3a793e88db8fc7f67b4da0abedc389291b8d3d4d,CVE-2018-20470
432587463,cckuailong/reapoc,2018/CVE-2018-20462/vultarget/wait_to_be_added,3a793e88db8fc7f67b4da0abedc389291b8d3d4d,CVE-2018-20462
432587463,cckuailong/reapoc,2010/CVE-2010-1952/vultarget/wait_to_be_added,3a793e88db8fc7f67b4da0abedc389291b8d3d4d,CVE-2010-1952
432587463,cckuailong/reapoc,2010/CVE-2010-1957/vultarget/wait_to_be_added,3a793e88db8fc7f67b4da0abedc389291b8d3d4d,CVE-2010-1957
432587463,cckuailong/reapoc,2018/CVE-2018-18323/vultarget/wait_to_be_added,3a793e88db8fc7f67b4da0abedc389291b8d3d4d,CVE-2018-18323
432587463,cckuailong/reapoc,2017/CVE-2017-9791/vultarget/wait_to_be_added,3a793e88db8fc7f67b4da0abedc389291b8d3d4d,CVE-2017-9791
432587463,cckuailong/reapoc,2020/CVE-2020-35598/vultarget/wait_to_be_added,3a793e88db8fc7f67b4da0abedc389291b8d3d4d,CVE-2020-35598
432587463,cckuailong/reapoc,2018/CVE-2018-18069/vultarget/wait_to_be_added,3a793e88db8fc7f67b4da0abedc389291b8d3d4d,CVE-2018-18069
432587463,cckuailong/reapoc,2021/CVE-2021-41951/vultarget/wait_to_be_added,3a793e88db8fc7f67b4da0abedc389291b8d3d4d,CVE-2021-41951
432587463,cckuailong/reapoc,2021/CVE-2021-27330/vultarget/wait_to_be_added,3a793e88db8fc7f67b4da0abedc389291b8d3d4d,CVE-2021-27330
432587463,cckuailong/reapoc,2018/CVE-2018-17431/vultarget/wait_to_be_added,3a793e88db8fc7f67b4da0abedc389291b8d3d4d,CVE-2018-17431
432587463,cckuailong/reapoc,2018/CVE-2018-17254/vultarget/wait_to_be_added,3a793e88db8fc7f67b4da0abedc389291b8d3d4d,CVE-2018-17254
432587463,cckuailong/reapoc,2010/CVE-2010-1979/vultarget/wait_to_be_added,3a793e88db8fc7f67b4da0abedc389291b8d3d4d,CVE-2010-1979
432587463,cckuailong/reapoc,2021/CVE-2021-27310/vultarget/wait_to_be_added,3a793e88db8fc7f67b4da0abedc389291b8d3d4d,CVE-2021-27310
432587463,cckuailong/reapoc,2010/CVE-2010-1980/vultarget/wait_to_be_added,3a793e88db8fc7f67b4da0abedc389291b8d3d4d,CVE-2010-1980
432587463,cckuailong/reapoc,2020/CVE-2020-35713/vultarget/wait_to_be_added,3a793e88db8fc7f67b4da0abedc389291b8d3d4d,CVE-2020-35713
432587463,cckuailong/reapoc,2018/CVE-2018-16836/vultarget/wait_to_be_added,3a793e88db8fc7f67b4da0abedc389291b8d3d4d,CVE-2018-16836
432587463,cckuailong/reapoc,2010/CVE-2010-1977/vultarget/wait_to_be_added,3a793e88db8fc7f67b4da0abedc389291b8d3d4d,CVE-2010-1977
432587463,cckuailong/reapoc,2018/CVE-2018-18570/vultarget/wait_to_be_added,3a793e88db8fc7f67b4da0abedc389291b8d3d4d,CVE-2018-18570
432587463,cckuailong/reapoc,2010/CVE-2010-1956/vultarget/wait_to_be_added,3a793e88db8fc7f67b4da0abedc389291b8d3d4d,CVE-2010-1956
432587463,cckuailong/reapoc,2018/CVE-2018-18775/vultarget/wait_to_be_added,3a793e88db8fc7f67b4da0abedc389291b8d3d4d,CVE-2018-18775
432587463,cckuailong/reapoc,2021/CVE-2021-39316/vultarget/wait_to_be_added,3a793e88db8fc7f67b4da0abedc389291b8d3d4d,CVE-2021-39316
432587463,cckuailong/reapoc,2018/CVE-2018-19753/vultarget/wait_to_be_added,3a793e88db8fc7f67b4da0abedc389291b8d3d4d,CVE-2018-19753
432587463,cckuailong/reapoc,2018/CVE-2018-19458/vultarget/wait_to_be_added,3a793e88db8fc7f67b4da0abedc389291b8d3d4d,CVE-2018-19458
432587463,cckuailong/reapoc,2010/CVE-2010-1953/vultarget/wait_to_be_added,3a793e88db8fc7f67b4da0abedc389291b8d3d4d,CVE-2010-1953
432587463,cckuailong/reapoc,2021/CVE-2021-34621/vultarget/wait_to_be_added,3a793e88db8fc7f67b4da0abedc389291b8d3d4d,CVE-2021-34621
432587463,cckuailong/reapoc,2018/CVE-2018-19439/vultarget/wait_to_be_added,3a793e88db8fc7f67b4da0abedc389291b8d3d4d,CVE-2018-19439
432587463,cckuailong/reapoc,2018/CVE-2018-19386/vultarget/wait_to_be_added,3a793e88db8fc7f67b4da0abedc389291b8d3d4d,CVE-2018-19386
432587463,cckuailong/reapoc,2020/CVE-2020-35489/vultarget/wait_to_be_added,3a793e88db8fc7f67b4da0abedc389291b8d3d4d,CVE-2020-35489
432587463,cckuailong/reapoc,2010/CVE-2010-1954/vultarget/wait_to_be_added,3a793e88db8fc7f67b4da0abedc389291b8d3d4d,CVE-2010-1954
432587463,cckuailong/reapoc,2021/CVE-2021-27561/vultarget/wait_to_be_added,3a793e88db8fc7f67b4da0abedc389291b8d3d4d,CVE-2021-27561
432587463,cckuailong/reapoc,2021/CVE-2021-39320/vultarget/wait_to_be_added,3a793e88db8fc7f67b4da0abedc389291b8d3d4d,CVE-2021-39320
432587463,cckuailong/reapoc,2018/CVE-2018-19127/vultarget/wait_to_be_added,3a793e88db8fc7f67b4da0abedc389291b8d3d4d,CVE-2018-19127
432587463,cckuailong/reapoc,2020/CVE-2020-35580/vultarget/wait_to_be_added,3a793e88db8fc7f67b4da0abedc389291b8d3d4d,CVE-2020-35580
432587463,cckuailong/reapoc,2010/CVE-2010-1955/vultarget/wait_to_be_added,3a793e88db8fc7f67b4da0abedc389291b8d3d4d,CVE-2010-1955
432587463,cckuailong/reapoc,2018/CVE-2018-18777/vultarget/wait_to_be_added,3a793e88db8fc7f67b4da0abedc389291b8d3d4d,CVE-2018-18777
432587463,cckuailong/reapoc,2018/CVE-2018-6910/vultarget/wait_to_be_added,3a793e88db8fc7f67b4da0abedc389291b8d3d4d,CVE-2018-6910
432587463,cckuailong/reapoc,2010/CVE-2010-1714/vultarget/wait_to_be_added,3a793e88db8fc7f67b4da0abedc389291b8d3d4d,CVE-2010-1714
432587463,cckuailong/reapoc,2018/CVE-2018-7251/vultarget/wait_to_be_added,3a793e88db8fc7f67b4da0abedc389291b8d3d4d,CVE-2018-7251
432587463,cckuailong/reapoc,2018/CVE-2018-7314/vultarget/wait_to_be_added,3a793e88db8fc7f67b4da0abedc389291b8d3d4d,CVE-2018-7314
432587463,cckuailong/reapoc,2019/CVE-2019-10092/vultarget/wait_to_be_added,3a793e88db8fc7f67b4da0abedc389291b8d3d4d,CVE-2019-10092
432587463,cckuailong/reapoc,2021/CVE-2021-28151/vultarget/wait_to_be_added,3a793e88db8fc7f67b4da0abedc389291b8d3d4d,CVE-2021-28151
432587463,cckuailong/reapoc,2020/CVE-2020-27361/vultarget/wait_to_be_added,3a793e88db8fc7f67b4da0abedc389291b8d3d4d,CVE-2020-27361
432587463,cckuailong/reapoc,2019/CVE-2019-10068/vultarget/wait_to_be_added,3a793e88db8fc7f67b4da0abedc389291b8d3d4d,CVE-2019-10068
432587463,cckuailong/reapoc,2010/CVE-2010-1531/vultarget/wait_to_be_added,3a793e88db8fc7f67b4da0abedc389291b8d3d4d,CVE-2010-1531
432587463,cckuailong/reapoc,2020/CVE-2020-27735/vultarget/wait_to_be_added,3a793e88db8fc7f67b4da0abedc389291b8d3d4d,CVE-2020-27735
432587463,cckuailong/reapoc,2010/CVE-2010-1495/vultarget/wait_to_be_added,3a793e88db8fc7f67b4da0abedc389291b8d3d4d,CVE-2010-1495
432587463,cckuailong/reapoc,2010/CVE-2010-1532/vultarget/wait_to_be_added,3a793e88db8fc7f67b4da0abedc389291b8d3d4d,CVE-2010-1532
432587463,cckuailong/reapoc,2021/CVE-2021-38702/vultarget/wait_to_be_added,3a793e88db8fc7f67b4da0abedc389291b8d3d4d,CVE-2021-38702
432587463,cckuailong/reapoc,2019/CVE-2019-0221/vultarget/wait_to_be_added,3a793e88db8fc7f67b4da0abedc389291b8d3d4d,CVE-2019-0221
432587463,cckuailong/reapoc,2020/CVE-2020-27866/vultarget/wait_to_be_added,3a793e88db8fc7f67b4da0abedc389291b8d3d4d,CVE-2020-27866
432587463,cckuailong/reapoc,2010/CVE-2010-1533/vultarget/wait_to_be_added,3a793e88db8fc7f67b4da0abedc389291b8d3d4d,CVE-2010-1533
432587463,cckuailong/reapoc,2020/CVE-2020-27982/vultarget/wait_to_be_added,3a793e88db8fc7f67b4da0abedc389291b8d3d4d,CVE-2020-27982
432587463,cckuailong/reapoc,2010/CVE-2010-1534/vultarget/wait_to_be_added,3a793e88db8fc7f67b4da0abedc389291b8d3d4d,CVE-2010-1534
432587463,cckuailong/reapoc,2019/CVE-2019-0230/vultarget/wait_to_be_added,3a793e88db8fc7f67b4da0abedc389291b8d3d4d,CVE-2019-0230
432587463,cckuailong/reapoc,2019/CVE-2019-1010287/vultarget/wait_to_be_added,3a793e88db8fc7f67b4da0abedc389291b8d3d4d,CVE-2019-1010287
432587463,cckuailong/reapoc,2019/CVE-2019-10232/vultarget/wait_to_be_added,3a793e88db8fc7f67b4da0abedc389291b8d3d4d,CVE-2019-10232
432587463,cckuailong/reapoc,2020/CVE-2020-26948/vultarget/wait_to_be_added,3a793e88db8fc7f67b4da0abedc389291b8d3d4d,CVE-2020-26948
432587463,cckuailong/reapoc,2019/CVE-2019-11580/vultarget/wait_to_be_added,3a793e88db8fc7f67b4da0abedc389291b8d3d4d,CVE-2019-11580
432587463,cckuailong/reapoc,2020/CVE-2020-26153/vultarget/wait_to_be_added,3a793e88db8fc7f67b4da0abedc389291b8d3d4d,CVE-2020-26153
432587463,cckuailong/reapoc,2019/CVE-2019-11510/vultarget/wait_to_be_added,3a793e88db8fc7f67b4da0abedc389291b8d3d4d,CVE-2019-11510
432587463,cckuailong/reapoc,2010/CVE-2010-1475/vultarget/wait_to_be_added,3a793e88db8fc7f67b4da0abedc389291b8d3d4d,CVE-2010-1475
432587463,cckuailong/reapoc,2010/CVE-2010-1476/vultarget/wait_to_be_added,3a793e88db8fc7f67b4da0abedc389291b8d3d4d,CVE-2010-1476
432587463,cckuailong/reapoc,2020/CVE-2020-26214/vultarget/wait_to_be_added,3a793e88db8fc7f67b4da0abedc389291b8d3d4d,CVE-2020-26214
432587463,cckuailong/reapoc,2019/CVE-2019-11248/vultarget/wait_to_be_added,3a793e88db8fc7f67b4da0abedc389291b8d3d4d,CVE-2019-11248
432587463,cckuailong/reapoc,2021/CVE-2021-33044/vultarget/wait_to_be_added,3a793e88db8fc7f67b4da0abedc389291b8d3d4d,CVE-2021-33044
432587463,cckuailong/reapoc,2019/CVE-2019-11013/vultarget/wait_to_be_added,3a793e88db8fc7f67b4da0abedc389291b8d3d4d,CVE-2019-11013
432587463,cckuailong/reapoc,2010/CVE-2010-1478/vultarget/wait_to_be_added,3a793e88db8fc7f67b4da0abedc389291b8d3d4d,CVE-2010-1478
432587463,cckuailong/reapoc,2020/CVE-2020-26413/vultarget/wait_to_be_added,3a793e88db8fc7f67b4da0abedc389291b8d3d4d,CVE-2020-26413
432587463,cckuailong/reapoc,2010/CVE-2010-1491/vultarget/wait_to_be_added,3a793e88db8fc7f67b4da0abedc389291b8d3d4d,CVE-2010-1491
432587463,cckuailong/reapoc,2020/CVE-2020-26919/vultarget/wait_to_be_added,3a793e88db8fc7f67b4da0abedc389291b8d3d4d,CVE-2020-26919
432587463,cckuailong/reapoc,2019/CVE-2019-10475/vultarget/wait_to_be_added,3a793e88db8fc7f67b4da0abedc389291b8d3d4d,CVE-2019-10475
432587463,cckuailong/reapoc,2010/CVE-2010-1494/vultarget/wait_to_be_added,3a793e88db8fc7f67b4da0abedc389291b8d3d4d,CVE-2010-1494
432587463,cckuailong/reapoc,2021/CVE-2021-42258/vultarget/wait_to_be_added,3a793e88db8fc7f67b4da0abedc389291b8d3d4d,CVE-2021-42258
432587463,cckuailong/reapoc,2021/CVE-2021-39327/vultarget/wait_to_be_added,3a793e88db8fc7f67b4da0abedc389291b8d3d4d,CVE-2021-39327
432587463,cckuailong/reapoc,2018/CVE-2018-9995/vultarget/wait_to_be_added,3a793e88db8fc7f67b4da0abedc389291b8d3d4d,CVE-2018-9995
432587463,cckuailong/reapoc,2010/CVE-2010-1535/vultarget/wait_to_be_added,3a793e88db8fc7f67b4da0abedc389291b8d3d4d,CVE-2010-1535
432587463,cckuailong/reapoc,2010/CVE-2010-1607/vultarget/wait_to_be_added,3a793e88db8fc7f67b4da0abedc389291b8d3d4d,CVE-2010-1607
432587463,cckuailong/reapoc,2018/CVE-2018-7700/vultarget/wait_to_be_added,3a793e88db8fc7f67b4da0abedc389291b8d3d4d,CVE-2018-7700
432587463,cckuailong/reapoc,2020/CVE-2020-28976/vultarget/wait_to_be_added,3a793e88db8fc7f67b4da0abedc389291b8d3d4d,CVE-2020-28976
432587463,cckuailong/reapoc,2018/CVE-2018-7662/vultarget/wait_to_be_added,3a793e88db8fc7f67b4da0abedc389291b8d3d4d,CVE-2018-7662
432587463,cckuailong/reapoc,2010/CVE-2010-1653/vultarget/wait_to_be_added,3a793e88db8fc7f67b4da0abedc389291b8d3d4d,CVE-2010-1653
432587463,cckuailong/reapoc,2021/CVE-2021-42237/vultarget/wait_to_be_added,3a793e88db8fc7f67b4da0abedc389291b8d3d4d,CVE-2021-42237
432587463,cckuailong/reapoc,2018/CVE-2018-7719/vultarget/wait_to_be_added,3a793e88db8fc7f67b4da0abedc389291b8d3d4d,CVE-2018-7719
432587463,cckuailong/reapoc,2020/CVE-2020-29164/vultarget/wait_to_be_added,3a793e88db8fc7f67b4da0abedc389291b8d3d4d,CVE-2020-29164
432587463,cckuailong/reapoc,2020/CVE-2020-29227/vultarget/wait_to_be_added,3a793e88db8fc7f67b4da0abedc389291b8d3d4d,CVE-2020-29227
432587463,cckuailong/reapoc,2010/CVE-2010-1658/vultarget/wait_to_be_added,3a793e88db8fc7f67b4da0abedc389291b8d3d4d,CVE-2010-1658
432587463,cckuailong/reapoc,2018/CVE-2018-7422/vultarget/wait_to_be_added,3a793e88db8fc7f67b4da0abedc389291b8d3d4d,CVE-2018-7422
432587463,cckuailong/reapoc,2010/CVE-2010-1659/vultarget/wait_to_be_added,3a793e88db8fc7f67b4da0abedc389291b8d3d4d,CVE-2010-1659
432587463,cckuailong/reapoc,2020/CVE-2020-29395/vultarget/wait_to_be_added,3a793e88db8fc7f67b4da0abedc389291b8d3d4d,CVE-2020-29395
432587463,cckuailong/reapoc,2021/CVE-2021-27931/vultarget/wait_to_be_added,3a793e88db8fc7f67b4da0abedc389291b8d3d4d,CVE-2021-27931
432587463,cckuailong/reapoc,2010/CVE-2010-1657/vultarget/wait_to_be_added,3a793e88db8fc7f67b4da0abedc389291b8d3d4d,CVE-2010-1657
432587463,cckuailong/reapoc,2018/CVE-2018-8006/vultarget/wait_to_be_added,3a793e88db8fc7f67b4da0abedc389291b8d3d4d,CVE-2018-8006
432587463,cckuailong/reapoc,2010/CVE-2010-1603/vultarget/wait_to_be_added,3a793e88db8fc7f67b4da0abedc389291b8d3d4d,CVE-2010-1603
432587463,cckuailong/reapoc,2020/CVE-2020-28871/vultarget/wait_to_be_added,3a793e88db8fc7f67b4da0abedc389291b8d3d4d,CVE-2020-28871
432587463,cckuailong/reapoc,2018/CVE-2018-9845/vultarget/wait_to_be_added,3a793e88db8fc7f67b4da0abedc389291b8d3d4d,CVE-2018-9845
432587463,cckuailong/reapoc,2020/CVE-2020-27986/vultarget/wait_to_be_added,3a793e88db8fc7f67b4da0abedc389291b8d3d4d,CVE-2020-27986
432587463,cckuailong/reapoc,2018/CVE-2018-9205/vultarget/wait_to_be_added,3a793e88db8fc7f67b4da0abedc389291b8d3d4d,CVE-2018-9205
432587463,cckuailong/reapoc,2018/CVE-2018-9118/vultarget/wait_to_be_added,3a793e88db8fc7f67b4da0abedc389291b8d3d4d,CVE-2018-9118
432587463,cckuailong/reapoc,2010/CVE-2010-1540/vultarget/wait_to_be_added,3a793e88db8fc7f67b4da0abedc389291b8d3d4d,CVE-2010-1540
432587463,cckuailong/reapoc,2020/CVE-2020-28188/vultarget/wait_to_be_added,3a793e88db8fc7f67b4da0abedc389291b8d3d4d,CVE-2020-28188
432587463,cckuailong/reapoc,2018/CVE-2018-8770/vultarget/wait_to_be_added,3a793e88db8fc7f67b4da0abedc389291b8d3d4d,CVE-2018-8770
432587463,cckuailong/reapoc,2010/CVE-2010-1601/vultarget/wait_to_be_added,3a793e88db8fc7f67b4da0abedc389291b8d3d4d,CVE-2010-1601
432587463,cckuailong/reapoc,2020/CVE-2020-28208/vultarget/wait_to_be_added,3a793e88db8fc7f67b4da0abedc389291b8d3d4d,CVE-2020-28208
432587463,cckuailong/reapoc,2018/CVE-2018-8719/vultarget/wait_to_be_added,3a793e88db8fc7f67b4da0abedc389291b8d3d4d,CVE-2018-8719
432587463,cckuailong/reapoc,2021/CVE-2021-28149/vultarget/wait_to_be_added,3a793e88db8fc7f67b4da0abedc389291b8d3d4d,CVE-2021-28149
432587463,cckuailong/reapoc,2010/CVE-2010-1602/vultarget/wait_to_be_added,3a793e88db8fc7f67b4da0abedc389291b8d3d4d,CVE-2010-1602
432587463,cckuailong/reapoc,2021/CVE-2021-38704/vultarget/wait_to_be_added,3a793e88db8fc7f67b4da0abedc389291b8d3d4d,CVE-2021-38704
432587463,cckuailong/reapoc,2020/CVE-2020-28351/vultarget/wait_to_be_added,3a793e88db8fc7f67b4da0abedc389291b8d3d4d,CVE-2020-28351
432587463,cckuailong/reapoc,2018/CVE-2018-8033/vultarget/wait_to_be_added,3a793e88db8fc7f67b4da0abedc389291b8d3d4d,CVE-2018-8033
432587463,cckuailong/reapoc,2021/CVE-2021-28150/vultarget/wait_to_be_added,3a793e88db8fc7f67b4da0abedc389291b8d3d4d,CVE-2021-28150
432587463,cckuailong/reapoc,2018/CVE-2018-16763/vultarget/wait_to_be_added,3a793e88db8fc7f67b4da0abedc389291b8d3d4d,CVE-2018-16763
432587463,cckuailong/reapoc,2021/CVE-2021-39226/vultarget/wait_to_be_added,3a793e88db8fc7f67b4da0abedc389291b8d3d4d,CVE-2021-39226
432587463,cckuailong/reapoc,2018/CVE-2018-16671/vultarget/wait_to_be_added,3a793e88db8fc7f67b4da0abedc389291b8d3d4d,CVE-2018-16671
432587463,cckuailong/reapoc,2010/CVE-2010-2920/vultarget/wait_to_be_added,3a793e88db8fc7f67b4da0abedc389291b8d3d4d,CVE-2010-2920
432587463,cckuailong/reapoc,2020/CVE-2020-5410/vultarget/wait_to_be_added,3a793e88db8fc7f67b4da0abedc389291b8d3d4d,CVE-2020-5410
432587463,cckuailong/reapoc,2018/CVE-2018-11709/vultarget/wait_to_be_added,3a793e88db8fc7f67b4da0abedc389291b8d3d4d,CVE-2018-11709
432587463,cckuailong/reapoc,2018/CVE-2018-11686/vultarget/wait_to_be_added,3a793e88db8fc7f67b4da0abedc389291b8d3d4d,CVE-2018-11686
432587463,cckuailong/reapoc,2010/CVE-2010-3203/vultarget/wait_to_be_added,3a793e88db8fc7f67b4da0abedc389291b8d3d4d,CVE-2010-3203
432587463,cckuailong/reapoc,2018/CVE-2018-11409/vultarget/wait_to_be_added,3a793e88db8fc7f67b4da0abedc389291b8d3d4d,CVE-2018-11409
432587463,cckuailong/reapoc,2021/CVE-2021-26475/vultarget/wait_to_be_added,3a793e88db8fc7f67b4da0abedc389291b8d3d4d,CVE-2021-26475
432587463,cckuailong/reapoc,2020/CVE-2020-5412/vultarget/wait_to_be_added,3a793e88db8fc7f67b4da0abedc389291b8d3d4d,CVE-2020-5412
432587463,cckuailong/reapoc,2021/CVE-2021-26295/vultarget/wait_to_be_added,3a793e88db8fc7f67b4da0abedc389291b8d3d4d,CVE-2021-26295
432587463,cckuailong/reapoc,2010/CVE-2010-3426/vultarget/wait_to_be_added,3a793e88db8fc7f67b4da0abedc389291b8d3d4d,CVE-2010-3426
432587463,cckuailong/reapoc,2018/CVE-2018-10822/vultarget/wait_to_be_added,3a793e88db8fc7f67b4da0abedc389291b8d3d4d,CVE-2018-10822
432587463,cckuailong/reapoc,2020/CVE-2020-5515/vultarget/wait_to_be_added,3a793e88db8fc7f67b4da0abedc389291b8d3d4d,CVE-2020-5515
432587463,cckuailong/reapoc,2021/CVE-2021-40542/vultarget/wait_to_be_added,3a793e88db8fc7f67b4da0abedc389291b8d3d4d,CVE-2021-40542
432587463,cckuailong/reapoc,2018/CVE-2018-10818/vultarget/wait_to_be_added,3a793e88db8fc7f67b4da0abedc389291b8d3d4d,CVE-2018-10818
432587463,cckuailong/reapoc,2018/CVE-2018-10823/vultarget/wait_to_be_added,3a793e88db8fc7f67b4da0abedc389291b8d3d4d,CVE-2018-10823
432587463,cckuailong/reapoc,2010/CVE-2010-2918/vultarget/wait_to_be_added,3a793e88db8fc7f67b4da0abedc389291b8d3d4d,CVE-2010-2918
432587463,cckuailong/reapoc,2018/CVE-2018-11776/vultarget/wait_to_be_added,3a793e88db8fc7f67b4da0abedc389291b8d3d4d,CVE-2018-11776
432587463,cckuailong/reapoc,2021/CVE-2021-33221/vultarget/wait_to_be_added,3a793e88db8fc7f67b4da0abedc389291b8d3d4d,CVE-2021-33221
432587463,cckuailong/reapoc,2018/CVE-2018-1271/vultarget/wait_to_be_added,3a793e88db8fc7f67b4da0abedc389291b8d3d4d,CVE-2018-1271
432587463,cckuailong/reapoc,2018/CVE-2018-12634/vultarget/wait_to_be_added,3a793e88db8fc7f67b4da0abedc389291b8d3d4d,CVE-2018-12634
432587463,cckuailong/reapoc,2020/CVE-2020-5284/vultarget/wait_to_be_added,3a793e88db8fc7f67b4da0abedc389291b8d3d4d,CVE-2020-5284
432587463,cckuailong/reapoc,2010/CVE-2010-2680/vultarget/wait_to_be_added,3a793e88db8fc7f67b4da0abedc389291b8d3d4d,CVE-2010-2680
432587463,cckuailong/reapoc,2020/CVE-2020-5307/vultarget/wait_to_be_added,3a793e88db8fc7f67b4da0abedc389291b8d3d4d,CVE-2020-5307
432587463,cckuailong/reapoc,2010/CVE-2010-1981/vultarget/wait_to_be_added,3a793e88db8fc7f67b4da0abedc389291b8d3d4d,CVE-2010-1981
432587463,cckuailong/reapoc,2018/CVE-2018-12095/vultarget/wait_to_be_added,3a793e88db8fc7f67b4da0abedc389291b8d3d4d,CVE-2018-12095
432587463,cckuailong/reapoc,2021/CVE-2021-26722/vultarget/wait_to_be_added,3a793e88db8fc7f67b4da0abedc389291b8d3d4d,CVE-2021-26722
432587463,cckuailong/reapoc,2018/CVE-2018-1207/vultarget/wait_to_be_added,3a793e88db8fc7f67b4da0abedc389291b8d3d4d,CVE-2018-1207
432587463,cckuailong/reapoc,2010/CVE-2010-2857/vultarget/wait_to_be_added,3a793e88db8fc7f67b4da0abedc389291b8d3d4d,CVE-2010-2857
432587463,cckuailong/reapoc,2018/CVE-2018-12054/vultarget/wait_to_be_added,3a793e88db8fc7f67b4da0abedc389291b8d3d4d,CVE-2018-12054
432587463,cckuailong/reapoc,2018/CVE-2018-12031/vultarget/wait_to_be_added,3a793e88db8fc7f67b4da0abedc389291b8d3d4d,CVE-2018-12031
432587463,cckuailong/reapoc,2021/CVE-2021-26710/vultarget/wait_to_be_added,3a793e88db8fc7f67b4da0abedc389291b8d3d4d,CVE-2021-26710
432587463,cckuailong/reapoc,2020/CVE-2020-5405/vultarget/wait_to_be_added,3a793e88db8fc7f67b4da0abedc389291b8d3d4d,CVE-2020-5405
432587463,cckuailong/reapoc,2018/CVE-2018-11784/vultarget/wait_to_be_added,3a793e88db8fc7f67b4da0abedc389291b8d3d4d,CVE-2018-11784
432587463,cckuailong/reapoc,2010/CVE-2010-4231/vultarget/wait_to_be_added,3a793e88db8fc7f67b4da0abedc389291b8d3d4d,CVE-2010-4231
432587463,cckuailong/reapoc,2010/CVE-2010-2507/vultarget/wait_to_be_added,3a793e88db8fc7f67b4da0abedc389291b8d3d4d,CVE-2010-2507
432587463,cckuailong/reapoc,2018/CVE-2018-10738/vultarget/wait_to_be_added,3a793e88db8fc7f67b4da0abedc389291b8d3d4d,CVE-2018-10738
432587463,cckuailong/reapoc,2018/CVE-2018-10736/vultarget/wait_to_be_added,3a793e88db8fc7f67b4da0abedc389291b8d3d4d,CVE-2018-10736
432587463,cckuailong/reapoc,2018/CVE-2018-1000130/vultarget/wait_to_be_added,3a793e88db8fc7f67b4da0abedc389291b8d3d4d,CVE-2018-1000130
432587463,cckuailong/reapoc,2018/CVE-2018-1000129/vultarget/wait_to_be_added,3a793e88db8fc7f67b4da0abedc389291b8d3d4d,CVE-2018-1000129
432587463,cckuailong/reapoc,2018/CVE-2018-0296/vultarget/wait_to_be_added,3a793e88db8fc7f67b4da0abedc389291b8d3d4d,CVE-2018-0296
432587463,cckuailong/reapoc,2010/CVE-2010-5278/vultarget/wait_to_be_added,3a793e88db8fc7f67b4da0abedc389291b8d3d4d,CVE-2010-5278
432587463,cckuailong/reapoc,2018/CVE-2018-0127/vultarget/wait_to_be_added,3a793e88db8fc7f67b4da0abedc389291b8d3d4d,CVE-2018-0127
432587463,cckuailong/reapoc,2020/CVE-2020-5902/vultarget/wait_to_be_added,3a793e88db8fc7f67b4da0abedc389291b8d3d4d,CVE-2020-5902
432587463,cckuailong/reapoc,2010/CVE-2010-5028/vultarget/wait_to_be_added,3a793e88db8fc7f67b4da0abedc389291b8d3d4d,CVE-2010-5028
432587463,cckuailong/reapoc,2021/CVE-2021-33357/vultarget/wait_to_be_added,3a793e88db8fc7f67b4da0abedc389291b8d3d4d,CVE-2021-33357
432587463,cckuailong/reapoc,2020/CVE-2020-6171/vultarget/wait_to_be_added,3a793e88db8fc7f67b4da0abedc389291b8d3d4d,CVE-2020-6171
432587463,cckuailong/reapoc,2017/CVE-2017-9822/vultarget/wait_to_be_added,3a793e88db8fc7f67b4da0abedc389291b8d3d4d,CVE-2017-9822
432587463,cckuailong/reapoc,2011/CVE-2011-0049/vultarget/wait_to_be_added,3a793e88db8fc7f67b4da0abedc389291b8d3d4d,CVE-2011-0049
432587463,cckuailong/reapoc,2021/CVE-2021-25646/vultarget/wait_to_be_added,3a793e88db8fc7f67b4da0abedc389291b8d3d4d,CVE-2021-25646
432587463,cckuailong/reapoc,2017/CVE-2017-9805/vultarget/wait_to_be_added,3a793e88db8fc7f67b4da0abedc389291b8d3d4d,CVE-2017-9805
432587463,cckuailong/reapoc,2020/CVE-2020-6207/vultarget/wait_to_be_added,3a793e88db8fc7f67b4da0abedc389291b8d3d4d,CVE-2020-6207
432587463,cckuailong/reapoc,2010/CVE-2010-5286/vultarget/wait_to_be_added,3a793e88db8fc7f67b4da0abedc389291b8d3d4d,CVE-2010-5286
432587463,cckuailong/reapoc,2020/CVE-2020-5847/vultarget/wait_to_be_added,3a793e88db8fc7f67b4da0abedc389291b8d3d4d,CVE-2020-5847
432587463,cckuailong/reapoc,2021/CVE-2021-40868/vultarget/wait_to_be_added,3a793e88db8fc7f67b4da0abedc389291b8d3d4d,CVE-2021-40868
432587463,cckuailong/reapoc,2021/CVE-2021-26085/vultarget/wait_to_be_added,3a793e88db8fc7f67b4da0abedc389291b8d3d4d,CVE-2021-26085
432587463,cckuailong/reapoc,2010/CVE-2010-4282/vultarget/wait_to_be_added,3a793e88db8fc7f67b4da0abedc389291b8d3d4d,CVE-2010-4282
432587463,cckuailong/reapoc,2018/CVE-2018-10735/vultarget/wait_to_be_added,3a793e88db8fc7f67b4da0abedc389291b8d3d4d,CVE-2018-10735
432587463,cckuailong/reapoc,2010/CVE-2010-4617/vultarget/wait_to_be_added,3a793e88db8fc7f67b4da0abedc389291b8d3d4d,CVE-2010-4617
432587463,cckuailong/reapoc,2018/CVE-2018-10201/vultarget/wait_to_be_added,3a793e88db8fc7f67b4da0abedc389291b8d3d4d,CVE-2018-10201
432587463,cckuailong/reapoc,2021/CVE-2021-26086/vultarget/wait_to_be_added,3a793e88db8fc7f67b4da0abedc389291b8d3d4d,CVE-2021-26086
432587463,cckuailong/reapoc,2020/CVE-2020-5775/vultarget/wait_to_be_added,3a793e88db8fc7f67b4da0abedc389291b8d3d4d,CVE-2020-5775
432587463,cckuailong/reapoc,2018/CVE-2018-10141/vultarget/wait_to_be_added,3a793e88db8fc7f67b4da0abedc389291b8d3d4d,CVE-2018-10141
432587463,cckuailong/reapoc,2018/CVE-2018-10095/vultarget/wait_to_be_added,3a793e88db8fc7f67b4da0abedc389291b8d3d4d,CVE-2018-10095
432587463,cckuailong/reapoc,2010/CVE-2010-4719/vultarget/wait_to_be_added,3a793e88db8fc7f67b4da0abedc389291b8d3d4d,CVE-2010-4719
432587463,cckuailong/reapoc,2018/CVE-2018-10093/vultarget/wait_to_be_added,3a793e88db8fc7f67b4da0abedc389291b8d3d4d,CVE-2018-10093
432587463,cckuailong/reapoc,2020/CVE-2020-5776/vultarget/wait_to_be_added,3a793e88db8fc7f67b4da0abedc389291b8d3d4d,CVE-2020-5776
432587463,cckuailong/reapoc,2010/CVE-2010-4769/vultarget/wait_to_be_added,3a793e88db8fc7f67b4da0abedc389291b8d3d4d,CVE-2010-4769
432587463,cckuailong/reapoc,2020/CVE-2020-5777/vultarget/wait_to_be_added,3a793e88db8fc7f67b4da0abedc389291b8d3d4d,CVE-2020-5777
432587463,cckuailong/reapoc,2018/CVE-2018-1000600/vultarget/wait_to_be_added,3a793e88db8fc7f67b4da0abedc389291b8d3d4d,CVE-2018-1000600
432587463,cckuailong/reapoc,2010/CVE-2010-4977/vultarget/wait_to_be_added,3a793e88db8fc7f67b4da0abedc389291b8d3d4d,CVE-2010-4977
432587463,cckuailong/reapoc,2018/CVE-2018-10737/vultarget/wait_to_be_added,3a793e88db8fc7f67b4da0abedc389291b8d3d4d,CVE-2018-10737
432587463,cckuailong/reapoc,2020/CVE-2020-4463/vultarget/wait_to_be_added,3a793e88db8fc7f67b4da0abedc389291b8d3d4d,CVE-2020-4463
432587463,cckuailong/reapoc,2010/CVE-2010-2682/vultarget/wait_to_be_added,3a793e88db8fc7f67b4da0abedc389291b8d3d4d,CVE-2010-2682
432587463,cckuailong/reapoc,2018/CVE-2018-14728/vultarget/wait_to_be_added,3a793e88db8fc7f67b4da0abedc389291b8d3d4d,CVE-2018-14728
432587463,cckuailong/reapoc,2018/CVE-2018-16341/vultarget/wait_to_be_added,3a793e88db8fc7f67b4da0abedc389291b8d3d4d,CVE-2018-16341
432587463,cckuailong/reapoc,2020/CVE-2020-35848/vultarget/wait_to_be_added,3a793e88db8fc7f67b4da0abedc389291b8d3d4d,CVE-2020-35848
432587463,cckuailong/reapoc,2010/CVE-2010-2050/vultarget/wait_to_be_added,3a793e88db8fc7f67b4da0abedc389291b8d3d4d,CVE-2010-2050
432587463,cckuailong/reapoc,2018/CVE-2018-16283/vultarget/wait_to_be_added,3a793e88db8fc7f67b4da0abedc389291b8d3d4d,CVE-2018-16283
432587463,cckuailong/reapoc,2018/CVE-2018-14916/vultarget/wait_to_be_added,3a793e88db8fc7f67b4da0abedc389291b8d3d4d,CVE-2018-14916
432587463,cckuailong/reapoc,2020/CVE-2020-35847/vultarget/wait_to_be_added,3a793e88db8fc7f67b4da0abedc389291b8d3d4d,CVE-2020-35847
432587463,cckuailong/reapoc,2010/CVE-2010-2045/vultarget/wait_to_be_added,3a793e88db8fc7f67b4da0abedc389291b8d3d4d,CVE-2010-2045
432587463,cckuailong/reapoc,2020/CVE-2020-35846/vultarget/wait_to_be_added,3a793e88db8fc7f67b4da0abedc389291b8d3d4d,CVE-2020-35846
432587463,cckuailong/reapoc,2010/CVE-2010-2037/vultarget/wait_to_be_added,3a793e88db8fc7f67b4da0abedc389291b8d3d4d,CVE-2010-2037
432587463,cckuailong/reapoc,2021/CVE-2021-26723/vultarget/wait_to_be_added,3a793e88db8fc7f67b4da0abedc389291b8d3d4d,CVE-2021-26723
432587463,cckuailong/reapoc,2018/CVE-2018-15517/vultarget/wait_to_be_added,3a793e88db8fc7f67b4da0abedc389291b8d3d4d,CVE-2018-15517
432587463,cckuailong/reapoc,2021/CVE-2021-26855/vultarget/wait_to_be_added,3a793e88db8fc7f67b4da0abedc389291b8d3d4d,CVE-2021-26855
432587463,cckuailong/reapoc,2018/CVE-2018-15535/vultarget/wait_to_be_added,3a793e88db8fc7f67b4da0abedc389291b8d3d4d,CVE-2018-15535
432587463,cckuailong/reapoc,2020/CVE-2020-3580/vultarget/wait_to_be_added,3a793e88db8fc7f67b4da0abedc389291b8d3d4d,CVE-2020-3580
432587463,cckuailong/reapoc,2010/CVE-2010-2036/vultarget/wait_to_be_added,3a793e88db8fc7f67b4da0abedc389291b8d3d4d,CVE-2010-2036
432587463,cckuailong/reapoc,2018/CVE-2018-15745/vultarget/wait_to_be_added,3a793e88db8fc7f67b4da0abedc389291b8d3d4d,CVE-2018-15745
432587463,cckuailong/reapoc,2021/CVE-2021-41878/vultarget/wait_to_be_added,3a793e88db8fc7f67b4da0abedc389291b8d3d4d,CVE-2021-41878
432587463,cckuailong/reapoc,2018/CVE-2018-15961/vultarget/wait_to_be_added,3a793e88db8fc7f67b4da0abedc389291b8d3d4d,CVE-2018-15961
432587463,cckuailong/reapoc,2020/CVE-2020-35774/vultarget/wait_to_be_added,3a793e88db8fc7f67b4da0abedc389291b8d3d4d,CVE-2020-35774
432587463,cckuailong/reapoc,2018/CVE-2018-16299/vultarget/wait_to_be_added,3a793e88db8fc7f67b4da0abedc389291b8d3d4d,CVE-2018-16299
432587463,cckuailong/reapoc,2010/CVE-2010-2035/vultarget/wait_to_be_added,3a793e88db8fc7f67b4da0abedc389291b8d3d4d,CVE-2010-2035
432587463,cckuailong/reapoc,2010/CVE-2010-1983/vultarget/wait_to_be_added,3a793e88db8fc7f67b4da0abedc389291b8d3d4d,CVE-2010-1983
432587463,cckuailong/reapoc,2018/CVE-2018-16059/vultarget/wait_to_be_added,3a793e88db8fc7f67b4da0abedc389291b8d3d4d,CVE-2018-16059
432587463,cckuailong/reapoc,2018/CVE-2018-16133/vultarget/wait_to_be_added,3a793e88db8fc7f67b4da0abedc389291b8d3d4d,CVE-2018-16133
432587463,cckuailong/reapoc,2021/CVE-2021-34473/vultarget/wait_to_be_added,3a793e88db8fc7f67b4da0abedc389291b8d3d4d,CVE-2021-34473
432587463,cckuailong/reapoc,2010/CVE-2010-2034/vultarget/wait_to_be_added,3a793e88db8fc7f67b4da0abedc389291b8d3d4d,CVE-2010-2034
432587463,cckuailong/reapoc,2018/CVE-2018-16167/vultarget/wait_to_be_added,3a793e88db8fc7f67b4da0abedc389291b8d3d4d,CVE-2018-16167
432587463,cckuailong/reapoc,2018/CVE-2018-16288/vultarget/wait_to_be_added,3a793e88db8fc7f67b4da0abedc389291b8d3d4d,CVE-2018-16288
432587463,cckuailong/reapoc,2010/CVE-2010-2033/vultarget/wait_to_be_added,3a793e88db8fc7f67b4da0abedc389291b8d3d4d,CVE-2010-2033
432587463,cckuailong/reapoc,2021/CVE-2021-41826/vultarget/wait_to_be_added,3a793e88db8fc7f67b4da0abedc389291b8d3d4d,CVE-2021-41826
432587463,cckuailong/reapoc,2020/CVE-2020-35951/vultarget/wait_to_be_added,3a793e88db8fc7f67b4da0abedc389291b8d3d4d,CVE-2020-35951
432587463,cckuailong/reapoc,2020/CVE-2020-35736/vultarget/wait_to_be_added,3a793e88db8fc7f67b4da0abedc389291b8d3d4d,CVE-2020-35736
432587463,cckuailong/reapoc,2018/CVE-2018-13980/vultarget/wait_to_be_added,3a793e88db8fc7f67b4da0abedc389291b8d3d4d,CVE-2018-13980
432587463,cckuailong/reapoc,2018/CVE-2018-14064/vultarget/wait_to_be_added,3a793e88db8fc7f67b4da0abedc389291b8d3d4d,CVE-2018-14064
432587463,cckuailong/reapoc,2010/CVE-2010-2128/vultarget/wait_to_be_added,3a793e88db8fc7f67b4da0abedc389291b8d3d4d,CVE-2010-2128
432587463,cckuailong/reapoc,2020/CVE-2020-36289/vultarget/wait_to_be_added,3a793e88db8fc7f67b4da0abedc389291b8d3d4d,CVE-2020-36289
432587463,cckuailong/reapoc,2018/CVE-2018-1335/vultarget/wait_to_be_added,3a793e88db8fc7f67b4da0abedc389291b8d3d4d,CVE-2018-1335
432587463,cckuailong/reapoc,2021/CVE-2021-40539/vultarget/wait_to_be_added,3a793e88db8fc7f67b4da0abedc389291b8d3d4d,CVE-2021-40539
432587463,cckuailong/reapoc,2018/CVE-2018-13380/vultarget/wait_to_be_added,3a793e88db8fc7f67b4da0abedc389291b8d3d4d,CVE-2018-13380
432587463,cckuailong/reapoc,2020/CVE-2020-36112/vultarget/wait_to_be_added,3a793e88db8fc7f67b4da0abedc389291b8d3d4d,CVE-2020-36112
432587463,cckuailong/reapoc,2018/CVE-2018-16670/vultarget/wait_to_be_added,3a793e88db8fc7f67b4da0abedc389291b8d3d4d,CVE-2018-16670
432587463,cckuailong/reapoc,2010/CVE-2010-2259/vultarget/wait_to_be_added,3a793e88db8fc7f67b4da0abedc389291b8d3d4d,CVE-2010-2259
432587463,cckuailong/reapoc,2018/CVE-2018-13379/vultarget/wait_to_be_added,3a793e88db8fc7f67b4da0abedc389291b8d3d4d,CVE-2018-13379
432587463,cckuailong/reapoc,2021/CVE-2021-26812/vultarget/wait_to_be_added,3a793e88db8fc7f67b4da0abedc389291b8d3d4d,CVE-2021-26812
432587463,cckuailong/reapoc,2018/CVE-2018-16668/vultarget/wait_to_be_added,3a793e88db8fc7f67b4da0abedc389291b8d3d4d,CVE-2018-16668
432587463,cckuailong/reapoc,2020/CVE-2020-35729/vultarget/wait_to_be_added,3a793e88db8fc7f67b4da0abedc389291b8d3d4d,CVE-2020-35729
432587463,cckuailong/reapoc,2021/CVE-2021-27132/vultarget/wait_to_be_added,3a793e88db8fc7f67b4da0abedc389291b8d3d4d,CVE-2021-27132
432587463,cckuailong/reapoc,2010/CVE-2010-1982/vultarget/wait_to_be_added,3a793e88db8fc7f67b4da0abedc389291b8d3d4d,CVE-2010-1982
432587463,cckuailong/reapoc,2018/CVE-2018-14013/vultarget/wait_to_be_added,3a793e88db8fc7f67b4da0abedc389291b8d3d4d,CVE-2018-14013
432587463,cckuailong/reapoc,2018/CVE-2018-12998/vultarget/wait_to_be_added,3a793e88db8fc7f67b4da0abedc389291b8d3d4d,CVE-2018-12998
432587463,cckuailong/reapoc,2010/CVE-2010-2122/vultarget/wait_to_be_added,3a793e88db8fc7f67b4da0abedc389291b8d3d4d,CVE-2010-2122
432587463,cckuailong/reapoc,2010/CVE-2010-2307/vultarget/wait_to_be_added,3a793e88db8fc7f67b4da0abedc389291b8d3d4d,CVE-2010-2307
432587463,cckuailong/reapoc,2021/CVE-2021-24274/poc/nuclei/CVE-2021-24274.yaml,3a98547f0960e59f136f77de757d97a536fcc490,CVE-2021-24274
432587463,cckuailong/reapoc,2006/CVE-2006-2842/poc/nuclei/CVE-2006-2842.yaml,3ab2848e3fb75cd699f7d1acaae113b2b98d3a05,CVE-2006-2842
432587463,cckuailong/reapoc,2019/CVE-2019-11580/poc/xray/atlassian-crowd-cve-2019-11580.yml,3af0a3b78cd69f7ea336e8e000b6e0af20817812,CVE-2019-11580
432587463,cckuailong/reapoc,2009/CVE-2009-1496/poc/others/README.md,3b47cb7d0e69fdd84a25e2b26058399aae42af19,CVE-2009-1496
432587463,cckuailong/reapoc,2021/CVE-2021-21402/poc/xray/CVE-2021-21402.yml,3b48f0cdccb6347ad2f9b43cf325edae40497e48,CVE-2021-21402
432587463,cckuailong/reapoc,2019/CVE-2019-12593/poc/nuclei/CVE-2019-12593.yaml,3b52e48830a5abcb431cec88acf2062c1636b520,CVE-2019-12593
432587463,cckuailong/reapoc,2018/CVE-2018-18778/poc/nuclei/CVE-2018-18778.yaml,3bb4804814979c171ca2485bacb277c1de46e5df,CVE-2018-18778
432587463,cckuailong/reapoc,2019/CVE-2019-8442/poc/xray/CVE-2019-8442.yml,3bebafb162579f2a9d3d6206359502fa14211b19,CVE-2019-8442
432587463,cckuailong/reapoc,2014/CVE-2014-2383/poc/others/README.md,3becf1a0d68460aea4719a1d63e0e9be04667d1b,CVE-2014-2383
432587463,cckuailong/reapoc,2021/CVE-2021-34621/poc/nuclei/CVE-2021-34621.yaml,3c1b7771cb0f950c0aa859949b11d9046b19048a,CVE-2021-34621
432587463,cckuailong/reapoc,2021/CVE-2021-21315/poc/others/README.md,3c1c7402a316a38c869a105eaf7acaa3508ad039,CVE-2021-21315
432587463,cckuailong/reapoc,2021/CVE-2021-21402/poc/others/README.md,3c2fce706c09424dd1bc96233fd6187e209e0a93,CVE-2021-21402
432587463,cckuailong/reapoc,2015/CVE-2015-1427/vultarget/docker-compose.yml,3c32cc76a3b2bafbe7b1b76df8c0824523a83466,CVE-2015-1427
432587463,cckuailong/reapoc,2019/CVE-2019-15859/poc/nuclei/CVE-2019-15859.yaml,3c539dde3a1d0d85139152bb3ed6018ae9382aa7,CVE-2019-15859
432587463,cckuailong/reapoc,2021/CVE-2021-24276/poc/others/README.md,3c6d9a36d7318a7d01f1f3737065d723f46f71d3,CVE-2021-24276
432587463,cckuailong/reapoc,2019/CVE-2019-9670/poc/xray/CVE-2019-9670.yml,3c741ac54d9030da852925413df60a499b3f2096,CVE-2019-9670
432587463,cckuailong/reapoc,2015/CVE-2015-3337/vultarget/docker-compose.yml,3c89f5f29a5a7e7b97c81d0d91c99d92094c9f32,CVE-2015-3337
432587463,cckuailong/reapoc,2021/CVE-2021-21803/poc/nuclei/CVE-2021-21803.yaml,3c8dc1319dd747df3f55731dfdfd12b628640019,CVE-2021-21803
432587463,cckuailong/reapoc,2010/CVE-2010-1658/poc/others/README.md,3ca30757c55cb21eecf2c0454f21e4efd8793fff,CVE-2010-1658
432587463,cckuailong/reapoc,2019/CVE-2019-11013/poc/others/README.md,3cbfcaba7f1ee551257fc39f40c6df7fd2a3dc26,CVE-2019-11013
432587463,cckuailong/reapoc,2012/CVE-2012-1823/vultarget/www/info.php,3ccb0efa7d92ea07f7b1609e5ee3d8549ff78584,CVE-2012-1823
432587463,cckuailong/reapoc,2020/CVE-2020-27361/poc/nuclei/CVE-2020-27361.yaml,3cd20871799f6ec7595b31c9e97db46a7fc911d1,CVE-2020-27361
432587463,cckuailong/reapoc,2020/CVE-2020-10199/poc/xray/CVE-2020-10199.yml,3d2f2fcdea72588d8018a7e4463a19d97200c95f,CVE-2020-10199
432587463,cckuailong/reapoc,2012/CVE-2012-1835/poc/others/README.md,3d47143e1688667e9736d4ccae58feb5acfb52c4,CVE-2012-1835
432587463,cckuailong/reapoc,2014/CVE-2014-6271/poc/nuclei/CVE-2014-6271.yaml,3d4d571ca71de4f5ddf0991081a542bf4c80ca95,VU#252743
432587463,cckuailong/reapoc,2014/CVE-2014-6271/poc/nuclei/CVE-2014-6271.yaml,3d4d571ca71de4f5ddf0991081a542bf4c80ca95,CVE-2014-6271
432587463,cckuailong/reapoc,2014/CVE-2014-6271/poc/nuclei/CVE-2014-6271.yaml,3d4d571ca71de4f5ddf0991081a542bf4c80ca95,CVE-2014-7169
432587463,cckuailong/reapoc,2010/CVE-2010-1878/poc/others/README.md,3d69290946bf6b2fbb6ad8057054979cf0e65f51,CVE-2010-1878
432587463,cckuailong/reapoc,2020/CVE-2020-9376/poc/others/README.md,3d7b908bad952ea453d4e23623b998c6a40754fa,CVE-2020-9376
432587463,cckuailong/reapoc,2015/CVE-2015-5688/poc/nuclei/CVE-2015-5688.yaml,3e0274d4802e58c37df56f8a009c321df8c42fc3,CVE-2015-5688
432587463,cckuailong/reapoc,2018/CVE-2018-1273/vultarget/docker-compose.yml,3e0d254d95f0310faff063731eb452776fbe5c1a,CVE-2018-1273
432587463,cckuailong/reapoc,2012/CVE-2012-1823/vultarget/docker-compose.yml,3e4e3bf5d203f2b3321a683c5174894fb1cdbc73,CVE-2012-1823
432587463,cckuailong/reapoc,2020/CVE-2020-1938/poc/others/README.md,3e5410c6344ced38a5272a3dc6cb7539b6e385d1,CVE-2020-1938
432587463,cckuailong/reapoc,2020/CVE-2020-1938/poc/others/README.md,3e5410c6344ced38a5272a3dc6cb7539b6e385d1,CNVD-2020-10487
432587463,cckuailong/reapoc,2010/CVE-2010-1534/poc/nuclei/CVE-2010-1534.yaml,3e67115f3c6cfe7b1505fdd49edcfd0e3104b3ba,CVE-2010-1534
432587463,cckuailong/reapoc,2010/CVE-2010-2034/poc/others/README.md,3e81612fa1a36e76d8486faa77b7e3078af606d6,CVE-2010-2034
432587463,cckuailong/reapoc,2010/CVE-2010-0944/poc/others/README.md,3ee455650471d357933f3674ac2b680ff9404858,CVE-2010-0944
432587463,cckuailong/reapoc,2020/CVE-2020-8191/poc/xray/CVE-2020-8191.yml,3ee94a3ac3498f5b2cfca9ea1959ab4b71e68e48,CVE-2020-8191
432587463,cckuailong/reapoc,2019/CVE-2019-16759/poc/nuclei/CVE-2019-16759.yaml,3eeec211b0fa6435a73c3686cde094d85c96d313,CVE-2019-16759
432587463,cckuailong/reapoc,2019/CVE-2019-16759/poc/nuclei/CVE-2019-16759.yaml,3eeec211b0fa6435a73c3686cde094d85c96d313,CVE-2020-7373
432587463,cckuailong/reapoc,2021/CVE-2021-22911/vultarget/docker-compose.yml,3f20f9928fb19f3d65bbd55af47398d6547ee93f,CVE-2021-22911
432587463,cckuailong/reapoc,2018/CVE-2018-16167/poc/others/README.md,3f373de4b4dd637ee6d76de254c54e8413432ae1,CVE-2018-16167
432587463,cckuailong/reapoc,2010/CVE-2010-1722/poc/nuclei/CVE-2010-1722.yaml,3f4372239464bd8e1dea1ef85fa829098b0b83ce,CVE-2010-1722
432587463,cckuailong/reapoc,2020/CVE-2020-13937/poc/xray/CVE-2020-13937.yml,3f4f52e3356c9435aeea561bf6a9123e161e0c93,CVE-2020-13937
432587463,cckuailong/reapoc,2016/CVE-2016-3088/vultarget/docker-compose.yml,3f5250a16076757ea4ec82d742da51fc7b624904,CVE-2016-3088
432587463,cckuailong/reapoc,2021/CVE-2021-40868/poc/nuclei/CVE-2021-40868.yaml,3f780f0ca13683dfc7d8c83afe84f8f682122ec4,CVE-2021-40868
432587463,cckuailong/reapoc,2020/CVE-2020-7247/poc/others/README.md,3f7edf4f983fb4ff03041199d8d04c22160b65ed,CVE-2020-7247
432587463,cckuailong/reapoc,2015/CVE-2015-5471/poc/others/README.md,3fb23ef7ff71c6d643694b0edbdbc4286b2ffeea,CVE-2015-5471
432587463,cckuailong/reapoc,2021/CVE-2021-40978/poc/others/README.md,3fc5372231273399af679a22279831739aede153,CVE-2021-40978
432587463,cckuailong/reapoc,2012/CVE-2012-4253/poc/others/README.md,3fd10654aaab89546191883b34414464219b0c30,CVE-2012-4253
432587463,cckuailong/reapoc,2017/CVE-2017-12635/poc/others/README.md,401de8b9d5a98bb503aadd9139b15a974c39887f,CVE-2017-12635
432587463,cckuailong/reapoc,2021/CVE-2021-41293/poc/nuclei/CVE-2021-41293.yaml,40263398c05e46f768c331940028975646cbd80b,ZSL-2021-5679
432587463,cckuailong/reapoc,2021/CVE-2021-41293/poc/nuclei/CVE-2021-41293.yaml,40263398c05e46f768c331940028975646cbd80b,CVE-2021-41293
432587463,cckuailong/reapoc,2021/CVE-2021-3378/poc/nuclei/CVE-2021-3378.yaml,405d613d07342c8d8e439847391c742cbb342923,CVE-2021-3378
432587463,cckuailong/reapoc,2020/CVE-2020-9484/poc/others/README.md,409da26f2473eb91ac79ad458fdc40a86e20d257,CVE-2020-9484
432587463,cckuailong/reapoc,2018/CVE-2018-16341/poc/nuclei/CVE-2018-16341.yaml,40c321aef537435a7508146ecc01201083695aa7,CVE-2018-16341
432587463,cckuailong/reapoc,2021/CVE-2021-36749/poc/xray/CVE-2021-36749.yml,40d8d37c3eafa683adadac103ee0e85fcadc9dd5,CVE-2021-36749
432587463,cckuailong/reapoc,2018/CVE-2018-9995/poc/xray/CVE-2018-9995.yml,40e12012f10c7286f8c73d6bce2a747ddd0aac54,CVE-2018-9995
432587463,cckuailong/reapoc,2010/CVE-2010-3203/poc/nuclei/CVE-2010-3203.yaml,40fd2c3bc1f70b25109006d581902825cb7efd1e,CVE-2010-3203
432587463,cckuailong/reapoc,2007/CVE-2007-5728/poc/nuclei/CVE-2007-5728.yaml,4127d5574c5919072149fc60137590818b147b13,CVE-2007-2865
432587463,cckuailong/reapoc,2007/CVE-2007-5728/poc/nuclei/CVE-2007-5728.yaml,4127d5574c5919072149fc60137590818b147b13,CVE-2007-5728
432587463,cckuailong/reapoc,2014/CVE-2014-4592/poc/nuclei/CVE-2014-4592.yaml,41370d067d931e992ce2ac40596fa26f9dc3a8bd,CVE-2014-4592
432587463,cckuailong/reapoc,2019/CVE-2019-7238/poc/others/README.md,413a70e0cf6118054a83d4715aa700265f692c67,CVE-2019-7238
432587463,cckuailong/reapoc,2010/CVE-2010-1471/poc/nuclei/CVE-2010-1471.yaml,413b7234197a8efdf1647b2e5970db4581f4550c,CVE-2010-1471
432587463,cckuailong/reapoc,2017/CVE-2017-9841/vultarget/docker-compose.yml,415065afaef31d9602041995083c6cf5f30711f1,CVE-2017-9841
432587463,cckuailong/reapoc,2018/CVE-2018-11409/poc/others/README.md,415723276247daf3478596628e526839ac8b722c,CVE-2018-11409
432587463,cckuailong/reapoc,2019/CVE-2019-12314/poc/others/README.md,415cfaa6d00d5b4e51277118884ea1c1da8fd821,CVE-2019-12314
432587463,cckuailong/reapoc,2021/CVE-2021-33904/poc/nuclei/CVE-2021-33904.yaml,415f8485db923d8a8c3d6c2f8d30604e80fc1b63,CVE-2021-33904
432587463,cckuailong/reapoc,2014/CVE-2014-9444/poc/nuclei/CVE-2014-9444.yaml,41b51954e79bc46eeb6c32b1fcde3dcd1701b336,CVE-2014-9444
432587463,cckuailong/reapoc,2018/CVE-2018-16671/poc/nuclei/CVE-2018-16671.yaml,41beb935401e920dd8c58b944c4d339d8ffec4ab,CVE-2018-16671
432587463,cckuailong/reapoc,2021/CVE-2021-43798/poc/pocsuite2/CVE-2021-43798.py,41d9b58db0471470c9e966dd387d1eae313d9892,CVE-2021-43798
432587463,cckuailong/reapoc,2018/CVE-2018-2628/poc/nuclei/CVE-2018-2628.yaml,41f0588adc70f2fd7422bc3e2463894ea1e7cea7,CVE-2018-2628
432587463,cckuailong/reapoc,2018/CVE-2018-7314/poc/others/README.md,41f8116c361c254d53dee95cf30275a6f0461aa6,CVE-2018-7314
432587463,cckuailong/reapoc,2019/CVE-2019-6715/poc/others/README.md,41fd4f8aa64542a03d6ec7d85a51001a6e0154dc,CVE-2019-6715
432587463,cckuailong/reapoc,2020/CVE-2020-35848/poc/others/README.md,42116df278dced4f3c1462887e39a76dd86bf2ca,CVE-2020-35848
432587463,cckuailong/reapoc,2020/CVE-2020-14413/poc/nuclei/CVE-2020-14413.yaml,421716f297411ca7a650a68cf9b7de588f9f9e4f,CVE-2020-14413
432587463,cckuailong/reapoc,2021/CVE-2021-22145/poc/others/README.md,42335b81182d90fb10c7f5af5dd3e5ced1a457fd,CVE-2021-22145
432587463,cckuailong/reapoc,2021/CVE-2021-26084/poc/others/README.md,42726b0391b4d6bf68042b041dcaf195855ce031,CVE-2021-26084
432587463,cckuailong/reapoc,2020/CVE-2020-3187/poc/nuclei/CVE-2020-3187.yaml,428e41e057eea69b9551c65cd365256424c3416b,CVE-2020-3187
432587463,cckuailong/reapoc,2018/CVE-2018-6605/poc/others/README.md,42b1b73f85504a56785e16bd1baa5515c1a34969,CVE-2018-6605
432587463,cckuailong/reapoc,2021/CVE-2021-35042/vultarget/docker-entrypoint.sh,42c1f97188a6f5321e4681a02ec7cfd80eba38f7,CVE-2021-35042
432587463,cckuailong/reapoc,2018/CVE-2018-15473/poc/nuclei/CVE-2018-15473.yaml,42ebd626514861a835aed27fd1299b50d104d9b4,CVE-2018-15473
432587463,cckuailong/reapoc,2020/CVE-2020-16139/poc/others/README.md,43169dda9843981388c9c68d9cf744a58475f8e3,CVE-2020-16139
432587463,cckuailong/reapoc,2021/CVE-2021-34045/poc/nuclei/CVE-2021-34045.yaml,4336882bca077106624e593b8fe8c084987e5cd0,CVE-2021-34045
432587463,cckuailong/reapoc,2021/CVE-2021-22214/poc/xray/CVE-2021-22214.yml,439969c91bc6b5138c695b2c136f04fe1ad6e3f5,CVE-2021-22214
432587463,cckuailong/reapoc,2015/CVE-2015-5531/vultarget/elasticsearch.yml,43d48de48bcf4aecded6f573f58540ddbf4d815f,CVE-2015-5531
432587463,cckuailong/reapoc,2021/CVE-2021-24275/poc/nuclei/CVE-2021-24275.yaml,43e05c6132fd3b15bfa72b040bd40f00fe09625e,CVE-2021-24275
432587463,cckuailong/reapoc,2021/CVE-2021-31581/poc/nuclei/CVE-2021-31581.yaml,440656fc638310cc09f077b34025650a5558558e,CVE-2021-31581
432587463,cckuailong/reapoc,2011/CVE-2011-5106/poc/nuclei/CVE-2011-5106.yaml,443d758b1b0700ba48bb38d6881ee1cb2ff9f487,CVE-2011-5106
432587463,cckuailong/reapoc,2016/README.md,44519815ca9a5ef9c86a6ac7fe19c6d5af09995f,CVE-2016-1000127
432587463,cckuailong/reapoc,2016/README.md,44519815ca9a5ef9c86a6ac7fe19c6d5af09995f,CVE-2016-1000133
432587463,cckuailong/reapoc,2016/README.md,44519815ca9a5ef9c86a6ac7fe19c6d5af09995f,CVE-2016-1000131
432587463,cckuailong/reapoc,2016/README.md,44519815ca9a5ef9c86a6ac7fe19c6d5af09995f,CVE-2016-1000130
432587463,cckuailong/reapoc,2016/README.md,44519815ca9a5ef9c86a6ac7fe19c6d5af09995f,CVE-2016-1000129
432587463,cckuailong/reapoc,2016/README.md,44519815ca9a5ef9c86a6ac7fe19c6d5af09995f,CVE-2016-1000128
432587463,cckuailong/reapoc,2016/README.md,44519815ca9a5ef9c86a6ac7fe19c6d5af09995f,CVE-2016-3081
432587463,cckuailong/reapoc,2016/README.md,44519815ca9a5ef9c86a6ac7fe19c6d5af09995f,CVE-2016-0957
432587463,cckuailong/reapoc,2016/README.md,44519815ca9a5ef9c86a6ac7fe19c6d5af09995f,CVE-2016-6210
432587463,cckuailong/reapoc,2016/README.md,44519815ca9a5ef9c86a6ac7fe19c6d5af09995f,CVE-2016-6277
432587463,cckuailong/reapoc,2016/README.md,44519815ca9a5ef9c86a6ac7fe19c6d5af09995f,CVE-2016-1000134
432587463,cckuailong/reapoc,2016/README.md,44519815ca9a5ef9c86a6ac7fe19c6d5af09995f,CVE-2016-7552
432587463,cckuailong/reapoc,2016/README.md,44519815ca9a5ef9c86a6ac7fe19c6d5af09995f,CVE-2016-7981
432587463,cckuailong/reapoc,2016/README.md,44519815ca9a5ef9c86a6ac7fe19c6d5af09995f,CVE-2016-8527
432587463,cckuailong/reapoc,2016/README.md,44519815ca9a5ef9c86a6ac7fe19c6d5af09995f,CVE-2016-1000126
432587463,cckuailong/reapoc,2016/README.md,44519815ca9a5ef9c86a6ac7fe19c6d5af09995f,CVE-2016-1000135
432587463,cckuailong/reapoc,2016/README.md,44519815ca9a5ef9c86a6ac7fe19c6d5af09995f,CVE-2016-1000136
432587463,cckuailong/reapoc,2016/README.md,44519815ca9a5ef9c86a6ac7fe19c6d5af09995f,CVE-2016-1000137
432587463,cckuailong/reapoc,2016/README.md,44519815ca9a5ef9c86a6ac7fe19c6d5af09995f,CVE-2016-2389
432587463,cckuailong/reapoc,2016/README.md,44519815ca9a5ef9c86a6ac7fe19c6d5af09995f,CVE-2016-2004
432587463,cckuailong/reapoc,2016/README.md,44519815ca9a5ef9c86a6ac7fe19c6d5af09995f,CVE-2016-10993
432587463,cckuailong/reapoc,2016/README.md,44519815ca9a5ef9c86a6ac7fe19c6d5af09995f,CVE-2016-4975
432587463,cckuailong/reapoc,2016/README.md,44519815ca9a5ef9c86a6ac7fe19c6d5af09995f,CVE-2016-10960
432587463,cckuailong/reapoc,2016/README.md,44519815ca9a5ef9c86a6ac7fe19c6d5af09995f,CVE-2016-10956
432587463,cckuailong/reapoc,2016/README.md,44519815ca9a5ef9c86a6ac7fe19c6d5af09995f,CVE-2016-10924
432587463,cckuailong/reapoc,2016/README.md,44519815ca9a5ef9c86a6ac7fe19c6d5af09995f,CVE-2016-10134
432587463,cckuailong/reapoc,2016/README.md,44519815ca9a5ef9c86a6ac7fe19c6d5af09995f,CVE-2016-10033
432587463,cckuailong/reapoc,2016/README.md,44519815ca9a5ef9c86a6ac7fe19c6d5af09995f,CVE-2016-1000155
432587463,cckuailong/reapoc,2016/README.md,44519815ca9a5ef9c86a6ac7fe19c6d5af09995f,CVE-2016-4977
432587463,cckuailong/reapoc,2016/README.md,44519815ca9a5ef9c86a6ac7fe19c6d5af09995f,CVE-2016-1000154
432587463,cckuailong/reapoc,2016/README.md,44519815ca9a5ef9c86a6ac7fe19c6d5af09995f,CVE-2016-5649
432587463,cckuailong/reapoc,2016/README.md,44519815ca9a5ef9c86a6ac7fe19c6d5af09995f,CVE-2016-1000152
432587463,cckuailong/reapoc,2016/README.md,44519815ca9a5ef9c86a6ac7fe19c6d5af09995f,CVE-2016-1000149
432587463,cckuailong/reapoc,2016/README.md,44519815ca9a5ef9c86a6ac7fe19c6d5af09995f,CVE-2016-1000148
432587463,cckuailong/reapoc,2016/README.md,44519815ca9a5ef9c86a6ac7fe19c6d5af09995f,CVE-2016-1000146
432587463,cckuailong/reapoc,2016/README.md,44519815ca9a5ef9c86a6ac7fe19c6d5af09995f,CVE-2016-1000143
432587463,cckuailong/reapoc,2016/README.md,44519815ca9a5ef9c86a6ac7fe19c6d5af09995f,CVE-2016-1000142
432587463,cckuailong/reapoc,2016/README.md,44519815ca9a5ef9c86a6ac7fe19c6d5af09995f,CVE-2016-1000141
432587463,cckuailong/reapoc,2016/README.md,44519815ca9a5ef9c86a6ac7fe19c6d5af09995f,CVE-2016-1000140
432587463,cckuailong/reapoc,2016/README.md,44519815ca9a5ef9c86a6ac7fe19c6d5af09995f,CVE-2016-1000139
432587463,cckuailong/reapoc,2016/README.md,44519815ca9a5ef9c86a6ac7fe19c6d5af09995f,CVE-2016-1000138
432587463,cckuailong/reapoc,2016/README.md,44519815ca9a5ef9c86a6ac7fe19c6d5af09995f,CVE-2016-3088
432587463,cckuailong/reapoc,2016/README.md,44519815ca9a5ef9c86a6ac7fe19c6d5af09995f,CVE-2016-1000153
432587463,cckuailong/reapoc,2016/README.md,44519815ca9a5ef9c86a6ac7fe19c6d5af09995f,CVE-2016-1000132
432587463,cckuailong/reapoc,2021/CVE-2021-20031/poc/others/README.md,445f6b0a8a5fe82e4baf58436a66e7de657dbff3,CVE-2021-20031
432587463,cckuailong/reapoc,2013/CVE-2013-7240/poc/others/README.md,4460e5f2c520388906cceca97842864b460a36d4,CVE-2013-7240
432587463,cckuailong/reapoc,2021/CVE-2021-30213/poc/nuclei/CVE-2021-30213.yaml,4493fee94a9f8f5315c675b753242fe2f31e0bd8,CVE-2021-30213
432587463,cckuailong/reapoc,2017/CVE-2017-5487/poc/nuclei/CVE-2017-5487.yaml,4496461574c273f71eb7fb1fd603d0fb0b6a9930,CVE-2017-5487
432587463,cckuailong/reapoc,2010/CVE-2010-1870/poc/others/README.md,44a3e721db38b498e28a95f40f9cb8555772cc2c,CVE-2010-1870
432587463,cckuailong/reapoc,2010/CVE-2010-1352/poc/others/README.md,44f7bbc1ff667349210e246ec799884b22a04262,CVE-2010-1352
432587463,cckuailong/reapoc,2017/CVE-2017-12629/poc/nuclei/CVE-2017-12629.yaml,45068933d8b204fbf1116f6a54ec3497bc2fd9ba,CVE-2017-12629
432587463,cckuailong/reapoc,2021/CVE-2021-38647/poc/others/README.md,450e3460f1bf8f4b622f407278906a2cf5c80ff8,CVE-2021-38647
432587463,cckuailong/reapoc,2018/CVE-2018-0127/poc/nuclei/CVE-2018-0127.yaml,450f1eacb4d08cc167ad90e77912b463bceb847e,BID-102969
432587463,cckuailong/reapoc,2018/CVE-2018-0127/poc/nuclei/CVE-2018-0127.yaml,450f1eacb4d08cc167ad90e77912b463bceb847e,CVE-2018-0127
432587463,cckuailong/reapoc,2019/CVE-2019-19985/poc/others/README.md,452fafdcb08ea99d5e2fb2c284fc3306c587f3cc,CVE-2019-19985
432587463,cckuailong/reapoc,2010/CVE-2010-1714/poc/nuclei/CVE-2010-1714.yaml,453ae7ed5979ed4df447fecd1f33878c65b87441,CVE-2010-1714
432587463,cckuailong/reapoc,2010/CVE-2010-2045/poc/others/README.md,45487390574d174396f386763581df821c5de47a,CVE-2010-2045
432587463,cckuailong/reapoc,2021/CVE-2021-29156/poc/nuclei/CVE-2021-29156.yaml,4571bbca433bda276b38e04cb765286f0ef9fb7d,CVE-2021-29156
432587463,cckuailong/reapoc,2010/CVE-2010-1461/poc/others/README.md,45771607dc55fbc6fcd8d3e80e5ae8909af68128,CVE-2010-1461
432587463,cckuailong/reapoc,2010/CVE-2010-1858/poc/nuclei/CVE-2010-1858.yaml,459c2b2adf8ed95d5aa428cf7f37fe54ed7c3cf9,CVE-2010-1858
432587463,cckuailong/reapoc,2019/CVE-2019-1653/poc/nuclei/CVE-2019-1653.yaml,45d807388bc001efb81ec1b411dcbb74c7881bdf,CVE-2019-1653
432587463,cckuailong/reapoc,2018/CVE-2018-11759/poc/xray/CVE-2018-11759.yml,462be4cefb0c64e290af7a9108e015dff932845f,CVE-2018-11759
432587463,cckuailong/reapoc,2000/README.md,462fccb75edcee533a16361c186faefd783b3571,CVE-2000-0114
432587463,cckuailong/reapoc,2020/CVE-2020-35580/poc/nuclei/CVE-2020-35580.yaml,46a786dbf5aa35329ee28dc3211d969c5aac1127,CVE-2020-35580
432587463,cckuailong/reapoc,2017/CVE-2017-9140/poc/nuclei/CVE-2017-9140.yaml,46c0b4537e1f21d35ec8cba6ff4df3b70fcfb1ca,CVE-2017-9140
432587463,cckuailong/reapoc,2018/CVE-2018-17254/poc/others/README.md,46cd79eb824c702c4947939cee6d72bad80ae2cc,CVE-2018-17254
432587463,cckuailong/reapoc,2021/CVE-2021-27850/poc/others/README.md,46d639b4677d930ccab7e6bc5507f9bcf730d482,CVE-2021-27850
432587463,cckuailong/reapoc,2021/CVE-2021-34371/poc/others/README.md,46d77176401700d7fccbe9aea8edfd9a86a8bebe,CVE-2021-34371
432587463,cckuailong/reapoc,2019/CVE-2019-14312/poc/nuclei/CVE-2019-14312.yaml,46fce3e0ab3c94bd8d265ea470dd78e973cac750,CVE-2019-14312
432587463,cckuailong/reapoc,2021/CVE-2021-32819/poc/nuclei/CVE-2021-32819.yaml,47186d44df178737420fbd09dff2bd934e397ab6,CVE-2021-32819
432587463,cckuailong/reapoc,2019/CVE-2019-14205/poc/others/README.md,4734ef4218f34dbb7ef8f4583f4022f94adb07e2,CVE-2019-14205
432587463,cckuailong/reapoc,2021/CVE-2021-28854/poc/nuclei/CVE-2021-28854.yaml,473b3c1519c164e0afba2b5bdb01a33ff0618116,CVE-2021-28854
432587463,cckuailong/reapoc,2020/CVE-2020-9402/vultarget/src/vuln/models.py,4782da54dfc86b2f6e63f2ad2a691f2385096fa6,CVE-2020-9402
432587463,cckuailong/reapoc,2020/CVE-2020-13117/poc/nuclei/CVE-2020-13117.yaml,47b1356c953b13e4bd4c39f20c4621b7288ff227,CVE-2020-13117
432587463,cckuailong/reapoc,2010/CVE-2010-2507/poc/others/README.md,47b2ce75cc14bcc965494da872a87a9a66fed2af,CVE-2010-2507
432587463,cckuailong/reapoc,2009/CVE-2009-2015/poc/nuclei/CVE-2009-2015.yaml,47c5fcc56ebf322f9c19e0b21020643d8fb0e3a2,CVE-2009-2015
432587463,cckuailong/reapoc,2018/CVE-2018-12095/poc/nuclei/CVE-2018-12095.yaml,47c926339df9e73cc98b78362d5546632e55896b,CVE-2018-12095
432587463,cckuailong/reapoc,2021/CVE-2021-33044/poc/others/README.md,48534f22cb6226544020c21af1951be65f002a47,CVE-2021-33044
432587463,cckuailong/reapoc,2015/CVE-2015-5531/poc/xray/CVE-2015-5531.yml,4884aaad208ff83cdb36af48ad8b5ae08c61a209,CVE-2015-5531
432587463,cckuailong/reapoc,2017/CVE-2017-10974/poc/nuclei/CVE-2017-10974.yaml,48b9acc2c2267119f58c46ffaf9d8c31b08f4e5d,CVE-2017-10974
432587463,cckuailong/reapoc,2020/CVE-2020-24550/poc/nuclei/CVE-2020-24550.yaml,48cf27c3581658031b72b53c9721b339f02a72b1,CVE-2020-24550
432587463,cckuailong/reapoc,2020/CVE-2020-19625/poc/nuclei/CVE-2020-19625.yaml,48dc2b25bd930de2d0cf1566d3bcf53a754c3c4a,CVE-2020-19625
432587463,cckuailong/reapoc,2021/CVE-2021-21315/vultarget/docker-compose.yml,48f5458e4bf353d7201254d2424c1e7f4254a610,CVE-2021-21315
432587463,cckuailong/reapoc,2020/CVE-2020-9402/vultarget/README.zh-cn.md,49041e84690faaa0051e600c04b627d31fd02ed8,CVE-2020-9402
432587463,cckuailong/reapoc,2019/CVE-2019-8446/poc/nuclei/CVE-2019-8446.yaml,49275ef340ee4d47a9cabb61f05b9e3e1955733a,CVE-2019-8446
432587463,cckuailong/reapoc,2010/CVE-2010-1956/poc/nuclei/CVE-2010-1956.yaml,4928cc02a74f7e6da027554aa550489ef3390e07,CVE-2010-1956
432587463,cckuailong/reapoc,2012/CVE-2012-4242/poc/others/README.md,4931ea5925281384770ecb234538c32e1ae3d229,CVE-2012-4242
432587463,cckuailong/reapoc,2014/CVE-2014-4536/poc/nuclei/CVE-2014-4536.yaml,499047706f30390abe7697b15c47e83283f39659,CVE-2014-4536
432587463,cckuailong/reapoc,2018/CVE-2018-19386/poc/nuclei/CVE-2018-19386.yaml,49a9283998683c7dbaf0e90ecd294421927f3252,CVE-2018-19386
432587463,cckuailong/reapoc,2014/CVE-2014-5368/poc/nuclei/CVE-2014-5368.yaml,49d1721343fb6cc6fc79c6938501cdaaab2b7fd9,CVE-2014-5368
432587463,cckuailong/reapoc,2018/CVE-2018-7719/poc/others/README.md,49e3ef613415ebcc1d124077b4214a41f9adb235,CVE-2018-7719
432587463,cckuailong/reapoc,2017/CVE-2017-12629/vultarget/README.md,49ffc5008659f1eeca75ce37517186fc58f08567,CVE-2017-12629
432587463,cckuailong/reapoc,2019/CVE-2019-15889/poc/others/README.md,4a22195bc4bf70b7ff542f571ce3761f5e479347,CVE-2019-15889
432587463,cckuailong/reapoc,2021/CVE-2021-41773/poc/others/README.md,4a5b36d0b5a39689667d73ecb5b3a804345175c4,CVE-2021-41773
432587463,cckuailong/reapoc,2021/CVE-2021-35464/poc/nuclei/CVE-2021-35464.yaml,4a91c8d33a95e22e5f831f1a79788ba7cdcc2192,CVE-2021-35464
432587463,cckuailong/reapoc,2015/CVE-2015-4414/poc/others/README.md,4a95094774fccbdc231cf9d19324cedc88162b21,CVE-2015-4414
432587463,cckuailong/reapoc,2020/CVE-2020-9757/poc/nuclei/CVE-2020-9757.yaml,4aa673288024f0a1777816531472bbf9f3d03380,CVE-2020-9757
432587463,cckuailong/reapoc,2007/CVE-2007-5728/poc/others/README.md,4ae166bb944a50c4e44a109d9fb757bc29e6f94f,CVE-2007-5728
432587463,cckuailong/reapoc,2020/CVE-2020-8515/poc/nuclei/CVE-2020-8515.yaml,4ae44256206936f7212f0ea69e165a74965a5e6c,CVE-2020-8515
432587463,cckuailong/reapoc,2015/CVE-2015-4050/poc/nuclei/CVE-2015-4050.yaml,4b02aa466d6ba7acb3c833444dfccabfa64e4f8e,CVE-2015-4050
432587463,cckuailong/reapoc,2020/CVE-2020-16952/poc/nuclei/CVE-2020-16952.yaml,4b129f53fef7109873b831fb33adf797621adca4,CVE-2020-16951
432587463,cckuailong/reapoc,2020/CVE-2020-16952/poc/nuclei/CVE-2020-16952.yaml,4b129f53fef7109873b831fb33adf797621adca4,CVE-2020-16952
432587463,cckuailong/reapoc,2010/CVE-2010-1870/poc/nuclei/CVE-2010-1870.yaml,4b20226ba0a8233fb901f87e7dcab6f152b46bfb,CVE-2010-1870
432587463,cckuailong/reapoc,2017/CVE-2017-4011/poc/nuclei/CVE-2017-4011.yaml,4b3536c3b71cf94b2bfdc2d0654ec11305936f51,CVE-2017-4011
432587463,cckuailong/reapoc,2021/CVE-2021-27850/poc/nuclei/CVE-2021-27850.yaml,4b4963ac0f4853c57802c8182334512363f9dc55,CVE-2021-27850
432587463,cckuailong/reapoc,2021/CVE-2021-27850/poc/nuclei/CVE-2021-27850.yaml,4b4963ac0f4853c57802c8182334512363f9dc55,CVE-2019-0195
432587463,cckuailong/reapoc,2020/CVE-2020-0618/poc/others/README.md,4b4c06a1ef1dbda379bd647936b938178d1db65a,CVE-2020-0618
432587463,cckuailong/reapoc,2018/CVE-2018-7490/vultarget/README.md,4b695c2313f6fda58d055f6f6069f4019abac9bc,CVE-2018-7490
432587463,cckuailong/reapoc,2018/CVE-2018-1000600/poc/xray/CVE-2018-1000600.yml,4b91345f35434358b466bb2458049534a4e85104,CVE-2018-1000600
432587463,cckuailong/reapoc,2021/CVE-2021-38702/poc/nuclei/CVE-2021-38702.yaml,4b9440ff7fa021989c73120b6bab8cfd991b983d,CVE-2021-38702
432587463,cckuailong/reapoc,2011/CVE-2011-4926/poc/others/README.md,4b9541f6ae29077ccdd0ddfb73c8a0a9629cbe99,CVE-2011-4926
432587463,cckuailong/reapoc,2021/CVE-2021-21975/poc/xray/CVE-2021-21975.yml,4bb3d899a1bc25237a05a7a7e5159f6ee86e1550,CVE-2021-21975
432587463,cckuailong/reapoc,2018/CVE-2018-18778/vultarget/README.md,4c3efd86af7f0ec43924fb65867d1a8c0dc20a14,CVE-2018-18778
432587463,cckuailong/reapoc,2012/CVE-2012-5913/poc/others/README.md,4c5dfbf6c3e1c0f3e0ba1c5ff1d811fca2e253c5,CVE-2012-5913
432587463,cckuailong/reapoc,2018/CVE-2018-16763/poc/others/README.md,4c8cfc5e7ba41054455b58f8301471ea795e047a,CVE-2018-16763
432587463,cckuailong/reapoc,2021/CVE-2021-28149/poc/nuclei/CVE-2021-28149.yaml,4c93215153db7a41550c4738ac548d049777d859,CVE-2021-28149
432587463,cckuailong/reapoc,2010/CVE-2010-2259/poc/others/README.md,4c9c554d0a1354be6731a2c16722b17c28acb9bb,CVE-2010-2259
432587463,cckuailong/reapoc,2018/CVE-2018-3238/poc/nuclei/CVE-2018-3238.yaml,4cd01925ca0725194973ccc378c75ade31977f6d,CVE-2018-3238
432587463,cckuailong/reapoc,2021/CVE-2021-22053/poc/others/README.md,4cd3c7c854830883687b58d1023a9939cbd81efc,CVE-2021-22053
432587463,cckuailong/reapoc,2016/CVE-2016-7981/poc/nuclei/CVE-2016-7981.yaml,4ce8cd5c2ad357d6d60c3cb61de7501a78260bee,CVE-2016-7981
432587463,cckuailong/reapoc,2020/CVE-2020-11930/poc/nuclei/CVE-2020-11930.yaml,4d0f2b7d06d36c2cc871ab94add6778d4d84b6c7,CVE-2020-11930
432587463,cckuailong/reapoc,2020/CVE-2020-11710/poc/xray/CVE-2020-11710.yml,4d1cab7c5617a6fd7ffe48ac1ac7d30a66944e58,CVE-2020-11710
432587463,cckuailong/reapoc,2021/CVE-2021-36380/poc/nuclei/CVE-2021-36380.yaml,4d2b8a1d9031678df8c980485827db7eebacd62b,CVE-2021-36380
432587463,cckuailong/reapoc,2021/CVE-2021-20837/poc/others/README.md,4d35b1ff75d92eda09fc126d50d07a6b98df2d72,CVE-2021-20837
432587463,cckuailong/reapoc,2014/CVE-2014-9608/poc/nuclei/CVE-2014-9608.yaml,4d3ee15ad879bb20370c2e63c661617d1ad7689f,CVE-2014-9608
432587463,cckuailong/reapoc,2021/CVE-2021-29441/poc/nuclei/CVE-2021-29441.yaml,4d4a13e9a67bef42b1a034682ac3140825fbf961,CVE-2021-29441
432587463,cckuailong/reapoc,2017/CVE-2017-12635/vultarget/README.md,4d521be5fa347a18ecc6cdc4368336ed2da3b5df,CVE-2017-12635
432587463,cckuailong/reapoc,2021/CVE-2021-34429/vultarget/README.md,4d739dc0244427a4a55f6edffea5a4b72dcd49ae,CVE-2021-28164
432587463,cckuailong/reapoc,2021/CVE-2021-34429/vultarget/README.md,4d739dc0244427a4a55f6edffea5a4b72dcd49ae,CVE-2021-34429
432587463,cckuailong/reapoc,2021/CVE-2021-21389/poc/nuclei/CVE-2021-21389.yaml,4d9d9343e5da108c4e03ffac3f8cb313a697962a,CVE-2021-21389
432587463,cckuailong/reapoc,2021/CVE-2021-22911/vultarget/README.zh-cn.md,4d9e999b04b4fb30ba9a3b23bb90e85b0b312edb,CVE-2021-22911
432587463,cckuailong/reapoc,2018/CVE-2018-15745/poc/others/README.md,4da7b06006f5051b70426a8a43c12bcb6d126b63,CVE-2018-15745
432587463,cckuailong/reapoc,2019/CVE-2019-7609/vultarget/README.md,4dae33d22ce91589c95931c2bd1a4e4e04cb8c6a,CVE-2019-7609
432587463,cckuailong/reapoc,2021/CVE-2021-29622/poc/xray/CVE-2021-29622.yml,4dcd3e9d95ba7d7f46400373a0b66c7335db3679,CVE-2021-29622
432587463,cckuailong/reapoc,2018/CVE-2018-10201/poc/nuclei/CVE-2018-10201.yaml,4dee65943397f03556a2c07ce91ba72142251b75,CVE-2018-10201
432587463,cckuailong/reapoc,2021/CVE-2021-34045/vultarget/1.webp,4dfa766e7c6f6fed3a9248f5d38c1bdad76ab9f0,CVE-2021-34045
432587463,cckuailong/reapoc,2012/CVE-2012-4940/poc/nuclei/CVE-2012-4940.yaml,4e30ab364608b7676e9d99193786aa2dab9622b6,CVE-2012-4940
432587463,cckuailong/reapoc,2010/CVE-2010-1858/poc/others/README.md,4e4d574c88221385cf26cf58da9e8936d3da7986,CVE-2010-1858
432587463,cckuailong/reapoc,2020/CVE-2020-10199/vultarget/README.md,4e5024875c4bb38ec9ec87a3900e5334464f848a,CVE-2020-10199
432587463,cckuailong/reapoc,2018/CVE-2018-16167/poc/nuclei/CVE-2018-16167.yaml,4e526f9e122fc1bd613080fc44d76abf48db0d20,CVE-2018-16167
432587463,cckuailong/reapoc,2019/CVE-2019-10758/poc/xray/CVE-2019-10758.yml,4e7b33ee5cbc78a6fc8a13a4fb803cba6356fbbe,CVE-2019-10758
432587463,cckuailong/reapoc,2012/CVE-2012-0392/poc/others/README.md,4e9d3e8f7b60854b103be9e23c181d4d7c61fb8d,CVE-2012-0392
432587463,cckuailong/reapoc,2008/CVE-2008-6222/poc/others/README.md,4eada1e4caa011c2273399c2b757a6657642769e,CVE-2008-6222
432587463,cckuailong/reapoc,2017/CVE-2017-14537/poc/nuclei/CVE-2017-14537.yaml,4ed9a6cdb19b12a864e2128bc904379bf909efec,CVE-2017-14537
432587463,cckuailong/reapoc,2017/CVE-2017-7921/poc/nuclei/CVE-2017-7921.yaml,4ef3b6b2124b3baa65a0f21fe520f3474d886fc9,CVE-2017-7921
432587463,cckuailong/reapoc,2020/CVE-2020-16846/poc/others/README.md,4ef86d6a084755b0f2455d54a11c6285d8a4c012,CVE-2020-16846
432587463,cckuailong/reapoc,2018/CVE-2018-9118/poc/others/README.md,4efd4df419c5a35f76301bec6a80fdd917bb5eed,CVE-2018-9118
432587463,cckuailong/reapoc,2021/CVE-2021-24146/poc/nuclei/CVE-2021-24146.yaml,4f4a080c84a2bd2574c015fdbbd451835d39f4f0,CVE-2021-24146
432587463,cckuailong/reapoc,2020/CVE-2020-24186/poc/others/README.md,4f54af0cee8033ac93ddd1bdbcd960ee0415f78e,CVE-2020-24186
432587463,cckuailong/reapoc,2021/CVE-2021-26084/vultarget/README.zh-cn.md,4f72b57ea4812bd291e80b0f714e15213f9e29e9,CVE-2019-3396
432587463,cckuailong/reapoc,2021/CVE-2021-26084/vultarget/README.zh-cn.md,4f72b57ea4812bd291e80b0f714e15213f9e29e9,CVE-2021-26084
432587463,cckuailong/reapoc,2018/CVE-2018-9205/poc/others/README.md,4f9a7d9a4e41aefd326a86d2b67a03e474eac8a9,CVE-2018-9205
432587463,cckuailong/reapoc,2013/CVE-2013-3827/poc/nuclei/CVE-2013-3827.yaml,4f9ea4b32636121b4075369d63bef0aa14a46c55,CVE-2013-3827
432587463,cckuailong/reapoc,2019/CVE-2019-16920/poc/xray/CVE-2019-16920.yml,4fc0a387226da2239ce2d4d70236ecf3af7ea763,CVE-2019-16920
432587463,cckuailong/reapoc,2020/CVE-2020-35847/poc/others/README.md,4fc53815206c6fdbe4288e177adc70aca3d80727,CVE-2020-35848
432587463,cckuailong/reapoc,2020/CVE-2020-35847/poc/others/README.md,4fc53815206c6fdbe4288e177adc70aca3d80727,CVE-2020-35847
432587463,cckuailong/reapoc,2020/CVE-2020-14864/poc/nuclei/CVE-2020-14864.yaml,50140ad5135520ca39f23d32370ffc419d130efb,CVE-2020-14864
432587463,cckuailong/reapoc,2017/CVE-2017-11610/vultarget/poc.py,501cc6d7f62a23558641ff60de322b7723cd4aef,CVE-2017-11610
432587463,cckuailong/reapoc,2010/CVE-2010-2857/poc/others/README.md,505cbd2dc3ba11c2e255a4eea47d0ec55451a860,CVE-2010-2857
432587463,cckuailong/reapoc,2016/CVE-2016-1000138/poc/nuclei/CVE-2016-1000138.yaml,50b408b4ec0367ca93d618dcab33f751d4cbe922,CVE-2016-1000138
432587463,cckuailong/reapoc,2010/CVE-2010-1345/poc/nuclei/CVE-2010-1345.yaml,50e1f3130e98112b4d013e32694fe896ccc17482,CVE-2010-1345
432587463,cckuailong/reapoc,2021/CVE-2021-36749/poc/nuclei/CVE-2021-36749.yaml,50ed4ad4d290306219ecca7df355ff6f3b01c609,CVE-2021-36749
432587463,cckuailong/reapoc,2021/CVE-2021-36749/poc/nuclei/CVE-2021-36749.yaml,50ed4ad4d290306219ecca7df355ff6f3b01c609,CVE-2021-26920
432587463,cckuailong/reapoc,2020/CVE-2020-10548/poc/nuclei/CVE-2020-10548.yaml,51045ee46777e6afd1b30dc01d277847e282067a,CVE-2020-10548
432587463,cckuailong/reapoc,2018/CVE-2018-18570/poc/nuclei/CVE-2018-18570.yaml,5170d3c6e196f8094375c89f8248516ee6929759,CVE-2018-18570
432587463,cckuailong/reapoc,2020/CVE-2020-9490/poc/nuclei/CVE-2020-9490.yaml,519dfed7cd312ccf46e0cf8f26d4f52db9b83013,CVE-2020-9490
432587463,cckuailong/reapoc,2020/CVE-2020-9490/poc/nuclei/CVE-2020-9490.yaml,519dfed7cd312ccf46e0cf8f26d4f52db9b83013,GPZ-2030
432587463,cckuailong/reapoc,2019/CVE-2019-9955/poc/others/README.md,51f1e18aba670d8bb16e38946be522dfd958740d,CVE-2019-9955
432587463,cckuailong/reapoc,2017/CVE-2017-15715/vultarget/index.php,51f5561d0a337072e78328992ba1a0293f68a161,CVE-2017-15715
432587463,cckuailong/reapoc,2020/CVE-2020-11853/poc/nuclei/CVE-2020-11853.yaml,5210c365b697ef8996d9bbf1081e6bce1766ab20,CVE-2020-11853
432587463,cckuailong/reapoc,2017/CVE-2017-12149/poc/others/README.md,521105852d1041edd350dec2f70c1706e6bbb07a,CVE-2017-12149
432587463,cckuailong/reapoc,2021/CVE-2021-22205/vultarget/poc.py,522b7d13a3fae647d0bb8a02ed84c7bd05c88f31,CVE-2021-22205
432587463,cckuailong/reapoc,2018/CVE-2018-12613/vultarget/README.md,52eb9badb2a4aae00a71c1d7661b7b73c943abb7,CVE-2018-12613
432587463,cckuailong/reapoc,2019/CVE-2019-11580/poc/nuclei/CVE-2019-11580.yaml,52fb10cbfe53a40b9698218a0b19d8b14e74df8c,CVE-2019-11580
432587463,cckuailong/reapoc,2020/CVE-2020-1938/vultarget/docker-compose.yml,532668cc8771f8389e70ff20d983724a7d0c20a4,CVE-2020-1938
432587463,cckuailong/reapoc,2020/CVE-2020-1938/poc/nuclei/CVE-2020-1938.yaml,53442fe280f07327a44fae6ff8526b3817552357,CVE-2020-1938
432587463,cckuailong/reapoc,2020/CVE-2020-1938/poc/nuclei/CVE-2020-1938.yaml,53442fe280f07327a44fae6ff8526b3817552357,CNVD-2020-10487
432587463,cckuailong/reapoc,2021/CVE-2021-28164/poc/others/README.md,538090c64db1f9cc82045487056ffae4b27f355b,CVE-2021-28164
432587463,cckuailong/reapoc,2021/CVE-2021-37538/poc/nuclei/CVE-2021-37538.yaml,538e47d2540deb494e0319b2c95ba600a8a9a190,CVE-2021-37538
432587463,cckuailong/reapoc,2018/CVE-2018-0296/poc/others/README.md,53a90df499f1ceea9743037cfa9128355043f701,CVE-2018-0296
432587463,cckuailong/reapoc,2018/CVE-2018-19753/poc/nuclei/CVE-2018-19753.yaml,53c7aa3303f83548fee492746dc36a78ee6703e2,CVE-2018-19753
432587463,cckuailong/reapoc,2011/README.md,541260b47989dd88c3c064130ec54c8dbc45841a,CVE-2011-5107
432587463,cckuailong/reapoc,2011/README.md,541260b47989dd88c3c064130ec54c8dbc45841a,CVE-2011-2780
432587463,cckuailong/reapoc,2011/README.md,541260b47989dd88c3c064130ec54c8dbc45841a,CVE-2011-5179
432587463,cckuailong/reapoc,2011/README.md,541260b47989dd88c3c064130ec54c8dbc45841a,CVE-2011-4926
432587463,cckuailong/reapoc,2011/README.md,541260b47989dd88c3c064130ec54c8dbc45841a,CVE-2011-4804
432587463,cckuailong/reapoc,2011/README.md,541260b47989dd88c3c064130ec54c8dbc45841a,CVE-2011-0049
432587463,cckuailong/reapoc,2011/README.md,541260b47989dd88c3c064130ec54c8dbc45841a,CVE-2011-5106
432587463,cckuailong/reapoc,2011/README.md,541260b47989dd88c3c064130ec54c8dbc45841a,CVE-2011-3315
432587463,cckuailong/reapoc,2011/README.md,541260b47989dd88c3c064130ec54c8dbc45841a,CVE-2011-1669
432587463,cckuailong/reapoc,2011/README.md,541260b47989dd88c3c064130ec54c8dbc45841a,CVE-2011-5265
432587463,cckuailong/reapoc,2011/README.md,541260b47989dd88c3c064130ec54c8dbc45841a,CVE-2011-4336
432587463,cckuailong/reapoc,2011/README.md,541260b47989dd88c3c064130ec54c8dbc45841a,CVE-2011-5181
432587463,cckuailong/reapoc,2011/README.md,541260b47989dd88c3c064130ec54c8dbc45841a,CVE-2011-4624
432587463,cckuailong/reapoc,2011/README.md,541260b47989dd88c3c064130ec54c8dbc45841a,CVE-2011-4618
432587463,cckuailong/reapoc,2011/README.md,541260b47989dd88c3c064130ec54c8dbc45841a,CVE-2011-2744
432587463,cckuailong/reapoc,2021/CVE-2021-37704/poc/nuclei/CVE-2021-37704.yaml,54219f4e27dff72a448c938d607b3408cd056719,CVE-2021-37704
432587463,cckuailong/reapoc,2013/CVE-2013-7240/poc/nuclei/CVE-2013-7240.yaml,542e4b97ad359768327da2b140271b71790745d2,CVE-2013-7240
432587463,cckuailong/reapoc,2018/CVE-2018-20985/poc/nuclei/CVE-2018-20985.yaml,54343c561d9c0a8b7393fa013330adf92ea21062,CVE-2018-20985
432587463,cckuailong/reapoc,2021/CVE-2021-27310/poc/nuclei/CVE-2021-27310.yaml,545782ad313db546f97b8513b2a12e5f5fc9c52e,CVE-2021-27310
432587463,cckuailong/reapoc,2018/CVE-2018-1335/poc/nuclei/CVE-2018-1335.yaml,54601e75bde47c2f2ff3797e8634f800dd5060fb,CVE-2018-1335
432587463,cckuailong/reapoc,2021/CVE-2021-26085/poc/xray/CVE-2021-26085.yml,54907512c17d8ef37966718ce9546fc6045487c7,CVE-2021-26085
432587463,cckuailong/reapoc,2018/CVE-2018-12998/poc/nuclei/CVE-2018-12998.yaml,549bc17f3f8280da560a56dc5717d3693de17f2f,CVE-2018-12998
432587463,cckuailong/reapoc,2013/CVE-2013-2251/poc/nuclei/CVE-2013-2251.yaml,54a00edbe4ff5ebaee3037ea37d9846d9753965b,CVE-2013-2251
432587463,cckuailong/reapoc,2019/CVE-2019-11248/poc/others/README.md,54d51ed3cb44f9b219d22d25c6fda00a3eabffaf,CVE-2019-11248
432587463,cckuailong/reapoc,2020/CVE-2020-25223/poc/nuclei/CVE-2020-25223.yaml,5520a512047cf263ca21a4aa099ab9accbca5a2b,CVE-2020-25223
432587463,cckuailong/reapoc,2020/CVE-2020-7209/poc/others/README.md,552d2aa601a5217ce3367e2ecdeaff1674944a4e,CVE-2020-7209
432587463,cckuailong/reapoc,2018/CVE-2018-6605/poc/xray/CVE-2018-6605.yml,55322c23345a9dc1d7bbf731422aca5baae5f812,CVE-2018-6605
432587463,cckuailong/reapoc,2019/CVE-2019-8903/poc/nuclei/CVE-2019-8903.yaml,5567918de6b06d63a04ed8307e964c7bea78e95e,CVE-2019-8903
432587463,cckuailong/reapoc,2018/CVE-2018-15535/poc/others/README.md,556d45a16e432478ba52104dd4df2ebc12154bfe,CVE-2018-15535
432587463,cckuailong/reapoc,2018/CVE-2018-12095/poc/others/README.md,557d5fc01d9d12e285acea6011200690abb2adc1,CVE-2018-12095
432587463,cckuailong/reapoc,2009/CVE-2009-2100/poc/nuclei/CVE-2009-2100.yaml,55da20ac96ea231f24eb5b59bb8d560510482113,CVE-2009-2100
432587463,cckuailong/reapoc,2018/CVE-2018-18323/poc/nuclei/CVE-2018-18323.yaml,55ddbc6b69a163b10cc81a36e69f1cbe41a10a48,CVE-2018-18323
432587463,cckuailong/reapoc,2017/CVE-2017-10271/poc/others/README.md,55e87044b7c0fd91aef98355eb7c9969a43ec983,CVE-2017-10271
432587463,cckuailong/reapoc,2010/CVE-2010-1478/poc/nuclei/CVE-2010-1478.yaml,56522b396123a1bc55ef3145a27996f0cd0fb25f,CVE-2010-1478
432587463,cckuailong/reapoc,2021/CVE-2021-35336/poc/nuclei/CVE-2021-35336.yaml,565ef6ea2e52cff24cc014bd430b533e7bba27e9,CVE-2021-35336
432587463,cckuailong/reapoc,2010/CVE-2010-4282/poc/nuclei/CVE-2010-4282.yaml,56bcfc262391d23fc1f6bfddc7821a83245b113b,CVE-2010-4282
432587463,cckuailong/reapoc,2019/CVE-2019-11580/poc/others/README.md,56bf6fc10533c71b8a46057c63b15d62dac3dd61,CVE-2019-11580
432587463,cckuailong/reapoc,2010/CVE-2010-5286/poc/nuclei/CVE-2010-5286.yaml,56c7c803da2a40264d208a72567e83d75139c15d,CVE-2010-5286
432587463,cckuailong/reapoc,2017/CVE-2017-12635/vultarget/init.sh,56ce89926d02fa5a0f9b9af61165fd782a757a50,CVE-2017-12635
432587463,cckuailong/reapoc,2020/CVE-2020-9402/vultarget/src/CVE20209402/wsgi.py,56ea94dc9deb398d9d3c812db4747d8a87b22c75,CVE-2020-9402
432587463,cckuailong/reapoc,2017/CVE-2017-14651/poc/nuclei/CVE-2017-14651.yaml,56ed279bbbb815812fe610e20e216ff9c8a2bc23,CVE-2017-14651
432587463,cckuailong/reapoc,2017/CVE-2017-1000170/poc/others/README.md,56fdb453289f9502f9b2494b9d611f0f1797ecd7,CVE-2017-1000170
432587463,cckuailong/reapoc,2020/CVE-2020-24949/poc/nuclei/CVE-2020-24949.yaml,570c9f32632ae5b3fcf6f6dad73b75c3a690f5ad,CVE-2020-24949
432587463,cckuailong/reapoc,2020/CVE-2020-7961/poc/nuclei/CVE-2020-7961.yaml,572ef736e71810b3003f1cee5e56972933078f31,CVE-2020-7961
432587463,cckuailong/reapoc,2019/CVE-2019-15107/poc/xray/CVE-2019-15107.yml,573df2b75826d45beb47ed02ed2ebd9bf427f1f0,CVE-2019-15107
432587463,cckuailong/reapoc,2021/CVE-2021-3223/poc/nuclei/CVE-2021-3223.yaml,574c42ccef448611590ecf5bf4d93dcca9ad603f,CVE-2021-3223
432587463,cckuailong/reapoc,2021/CVE-2021-24210/poc/nuclei/CVE-2021-24210.yaml,575f96b3872aeb3287542a96a96a4daa8fc0a0ad,CVE-2021-24210
432587463,cckuailong/reapoc,2010/CVE-2010-1494/poc/others/README.md,577f83d6fe9a9efdc0036b7e19bb79bf66130ee1,CVE-2010-1494
432587463,cckuailong/reapoc,2013/CVE-2013-4117/poc/others/README.md,579475cbe3eeaff36bada7b4f513ec8a72e6e437,CVE-2013-4117
432587463,cckuailong/reapoc,2016/CVE-2016-10956/poc/nuclei/CVE-2016-10956.yaml,579cf0da031294d62dec22e31a55a47af493d58f,CVE-2016-10956
432587463,cckuailong/reapoc,2019/CVE-2019-3396/vultarget/docker-compose.yml,57c21d738130db60289315275a6df712b79a3d42,CVE-2019-3396
432587463,cckuailong/reapoc,2017/CVE-2017-12629/poc/others/README.md,581bc7258a7ff1f30132452028a087493bfa0e89,CVE-2017-12629
432587463,cckuailong/reapoc,2015/CVE-2015-1000012/poc/nuclei/CVE-2015-1000012.yaml,586b543004cd40de1fe41e0cf091e0ff25256fb3,CVE-2015-1000012
432587463,cckuailong/reapoc,2020/CVE-2020-17506/poc/others/README.md,589bd16c4dff2f31188f446709518ca5be88151f,CVE-2020-17506
432587463,cckuailong/reapoc,2018/CVE-2018-14574/vultarget/README.md,58a78276bfcf037b323ecb14459eb67c1dae5b1c,CVE-2018-14574
432587463,cckuailong/reapoc,2020/CVE-2020-15568/poc/nuclei/CVE-2020-15568.yaml,58aee96df753301e18525a01b8c6efce8e7ba580,CVE-2020-15568
432587463,cckuailong/reapoc,2010/CVE-2010-1659/poc/others/README.md,58bf3c24130de0a23058026e55a734d007da3cfe,CVE-2010-1659
432587463,cckuailong/reapoc,2017/CVE-2017-14535/poc/others/README.md,58d0ebe36324373de4cff1a694e36319c4633543,CVE-2017-14535
432587463,cckuailong/reapoc,2019/CVE-2019-17564/vultarget/README.md,5914c1174a131316fbb438a4f66fb65ce51221e2,CVE-2019-17564
432587463,cckuailong/reapoc,2021/CVE-2021-26086/poc/others/README.md,595cef97897eef45fb52775751c57afde01e2857,CVE-2021-26086
432587463,cckuailong/reapoc,2016/CVE-2016-3081/poc/nuclei/CVE-2016-3081.yaml,59657e188ba5c84d4bc80294c0e7515799f4e001,CVE-2016-3081
432587463,cckuailong/reapoc,2020/CVE-2020-10204/poc/xray/CVE-2020-10204.yml,596b242a06eb074879d5c035cf0848e189e4414a,CVE-2020-10199
432587463,cckuailong/reapoc,2020/CVE-2020-10204/poc/xray/CVE-2020-10204.yml,596b242a06eb074879d5c035cf0848e189e4414a,CVE-2020-10204
432587463,cckuailong/reapoc,2017/CVE-2017-9822/poc/others/README.md,5984f7a5f6020fe9cc6fa6870d34702d88791f8c,CVE-2017-9822
432587463,cckuailong/reapoc,2016/CVE-2016-10033/poc/nuclei/CVE-2016-10033.yaml,599c9d3329135dacbd67a88070e5c4294c9a30b1,CVE-2016-10033
432587463,cckuailong/reapoc,2020/CVE-2020-8163/poc/nuclei/CVE-2020-8163.yaml,59db4c162ed1fb574e5f548e3854ca1614ce493c,CVE-2020-8163
432587463,cckuailong/reapoc,2021/CVE-2021-41648/poc/nuclei/CVE-2021-41648.yaml,5a03fc1b22898c0b8a8dc5d49fb662fe2434ba2d,CVE-2021-41648
432587463,cckuailong/reapoc,2017/CVE-2017-5638/poc/nuclei/CVE-2017-5638.yaml,5a064486793214247db49804f712886ada16923f,CVE-2017-5638
432587463,cckuailong/reapoc,2010/CVE-2010-1302/poc/others/README.md,5a208fe8f2219ef804df0e8d11bdb88b90b43b38,CVE-2010-1302
432587463,cckuailong/reapoc,2017/CVE-2017-9791/poc/nuclei/CVE-2017-9791.yaml,5a23acb28f0a740a036353f81963faca24187f82,CVE-2017-9805
432587463,cckuailong/reapoc,2017/CVE-2017-9791/poc/nuclei/CVE-2017-9791.yaml,5a23acb28f0a740a036353f81963faca24187f82,CVE-2017-9791
432587463,cckuailong/reapoc,2020/CVE-2020-28351/poc/others/README.md,5a39de27f57ebc9ccca20180c7eb6ba72bcfe0b7,CVE-2020-28351
432587463,cckuailong/reapoc,2019/CVE-2019-16097/poc/nuclei/CVE-2019-16097.yaml,5a7478385f954d107ac4925c59fc0e3dae75c842,CVE-2019-16097
432587463,cckuailong/reapoc,2019/CVE-2019-17564/poc/others/README.md,5a9dbb499f4f5364814790141fc87561c046ece1,CVE-2019-17564
432587463,cckuailong/reapoc,2011/CVE-2011-0049/poc/others/README.md,5b0ecde54080764f08a8853a6f4515fb0074d877,CVE-2011-0049
432587463,cckuailong/reapoc,2021/CVE-2021-21234/poc/others/README.md,5b1047716bec176a1ddcbf5282a5545b4ff50540,CVE-2021-21234
432587463,cckuailong/reapoc,2021/CVE-2021-32030/poc/nuclei/CVE-2021-32030.yaml,5b3b39c374303cb97d9cd2f76ae8e0612fc54346,CVE-2021-32030
432587463,cckuailong/reapoc,2018/CVE-2018-17246/poc/nuclei/CVE-2018-17246.yaml,5b968e964b58b6c98060454a73ce1ac07c4b9bc6,CVE-2018-17246
432587463,cckuailong/reapoc,2020/CVE-2020-17506/poc/nuclei/CVE-2020-17506.yaml,5bd17f3acd41d78e4a62d1e288ab24c0daf73b0b,CVE-2020-17506
432587463,cckuailong/reapoc,2018/CVE-2018-8719/poc/nuclei/CVE-2018-8719.yaml,5be49c968a362f0acca3d39209cb1a846d2dc833,CVE-2018-8719
432587463,cckuailong/reapoc,2020/CVE-2020-35848/poc/nuclei/CVE-2020-35848.yaml,5bf081e02d561f693c4737baa5f9e0bd487fc7c2,CVE-2020-35848
432587463,cckuailong/reapoc,2012/CVE-2012-0981/poc/nuclei/CVE-2012-0981.yaml,5bf6030965bd20c8c727f58ac7c423df4413a744,CVE-2012-0981
432587463,cckuailong/reapoc,2021/CVE-2021-41649/poc/nuclei/CVE-2021-41649.yaml,5c1f0133a69a0450fd2438d3f0f5bc9a08d8d443,CVE-2021-41649
432587463,cckuailong/reapoc,2019/CVE-2019-15501/poc/others/README.md,5c22d4b61fc7b4564f59e8192269756d5de5dc67,CVE-2019-15501
432587463,cckuailong/reapoc,2014/CVE-2014-2383/poc/nuclei/CVE-2014-2383.yaml,5c4378722818257f75a5db8490b1af37a57746fb,CVE-2014-2383
432587463,cckuailong/reapoc,2013/CVE-2013-5528/poc/others/README.md,5c8026caac44b74b188f5f8262cec8769a8d2b54,CVE-2013-5528
432587463,cckuailong/reapoc,2010/CVE-2010-1980/poc/nuclei/CVE-2010-1980.yaml,5cdc9dff3ba96d6fa1aeaca1da981737ac7e8f29,CVE-2010-1980
432587463,cckuailong/reapoc,2017/CVE-2017-10271/vultarget/docker-compose.yml,5cfc598fbec3171f0028df59dcac59a57561ca40,CVE-2017-10271
432587463,cckuailong/reapoc,2020/CVE-2020-9496/vultarget/README.md,5d02dbe087865df9723dc994459cea984d78666f,CVE-2020-9496
432587463,cckuailong/reapoc,2019/CVE-2019-8451/poc/others/README.md,5d052fd4536d0f9467e0e724d673a491e54a3bfd,CVE-2019-8451
432587463,cckuailong/reapoc,2019/CVE-2019-3396/poc/nuclei/CVE-2019-3396.yaml,5d54fc31485c10e0c48179918663630289472d6a,CVE-2019-3396
432587463,cckuailong/reapoc,2021/CVE-2021-3577/poc/nuclei/CVE-2021-3577.yaml,5d6417e27987501fdd42bec8ce4438806ebf572b,CVE-2021-3577
432587463,cckuailong/reapoc,2010/CVE-2010-1533/poc/others/README.md,5d7625d89f80ab1a559d6e42df1b99108096b6d4,CVE-2010-1533
432587463,cckuailong/reapoc,2021/CVE-2021-41773/poc/xray/apache-httpd-cve-2021-41773-path-traversal.yml,5d79db07953d45dbba13c48dd58b5e598555f720,CVE-2021-41773
432587463,cckuailong/reapoc,2021/CVE-2021-43798/poc/nuclei/CVE-2021-43798.yaml,5d92bec9c51a18574bf0116fa6bb0152873e7d30,CVE-2021-43798
432587463,cckuailong/reapoc,2020/CVE-2020-7247/vultarget/docker-compose.yml,5d94b02ae2a4edb440b178e6077a7a98a762ec21,CVE-2020-7247
432587463,cckuailong/reapoc,2010/CVE-2010-0696/poc/others/README.md,5dc89ec69381f70cf14d7aa674a15e8ec1bc4753,CVE-2010-0696
432587463,cckuailong/reapoc,2010/CVE-2010-4617/poc/others/README.md,5dd5f76dd6394a7e5dfe2c3d3d83827826a12732,CVE-2010-4617
432587463,cckuailong/reapoc,2021/CVE-2021-26855/poc/nuclei/CVE-2021-26855.yaml,5df5bb90489548e9a5c5975492c0cda49c231180,CVE-2021-26854
432587463,cckuailong/reapoc,2021/CVE-2021-26855/poc/nuclei/CVE-2021-26855.yaml,5df5bb90489548e9a5c5975492c0cda49c231180,CVE-2021-26855
432587463,cckuailong/reapoc,2021/CVE-2021-26855/poc/nuclei/CVE-2021-26855.yaml,5df5bb90489548e9a5c5975492c0cda49c231180,CVE-2021-26857
432587463,cckuailong/reapoc,2021/CVE-2021-26855/poc/nuclei/CVE-2021-26855.yaml,5df5bb90489548e9a5c5975492c0cda49c231180,CVE-2021-26858
432587463,cckuailong/reapoc,2021/CVE-2021-26855/poc/nuclei/CVE-2021-26855.yaml,5df5bb90489548e9a5c5975492c0cda49c231180,CVE-2021-27065
432587463,cckuailong/reapoc,2021/CVE-2021-26855/poc/nuclei/CVE-2021-26855.yaml,5df5bb90489548e9a5c5975492c0cda49c231180,CVE-2021-27078
432587463,cckuailong/reapoc,2021/CVE-2021-26855/poc/nuclei/CVE-2021-26855.yaml,5df5bb90489548e9a5c5975492c0cda49c231180,CVE-2021-26412
432587463,cckuailong/reapoc,2021/CVE-2021-40438/vultarget/README.zh-cn.md,5dfe96ae62d6ed75f8d95d6d0c181619ce728d15,CVE-2021-40438
432587463,cckuailong/reapoc,2021/CVE-2021-38704/poc/others/README.md,5e655dd21de99c09654c57aa13a81c39ad62b113,CVE-2021-38704
432587463,cckuailong/reapoc,2017/CVE-2017-11610/vultarget/README.md,5eac3cd255cc7a2cc0358ed237162dc6b47030be,CVE-2017-11610
432587463,cckuailong/reapoc,2021/CVE-2021-27330/poc/nuclei/CVE-2021-27330.yaml,5f2eea2dc70ab888f4a7eb097b7d0c88d784458c,CVE-2021-27330
432587463,cckuailong/reapoc,2017/CVE-2017-15944/poc/others/README.md,5f55f7e54770abaa2dac17d71c0329fed07cfc56,CVE-2017-15944
432587463,cckuailong/reapoc,2010/CVE-2010-1305/poc/nuclei/CVE-2010-1305.yaml,5f75157137081498ea4de56910cc4bb7817870fa,CVE-2010-1305
432587463,cckuailong/reapoc,2019/CVE-2019-17538/poc/nuclei/CVE-2019-17538.yaml,5f8363eff877c06c4bb9a69f8880683eca1458c7,CVE-2019-17538
432587463,cckuailong/reapoc,2021/CVE-2021-22205/vultarget/README.zh-cn.md,5fb7b3d00cf74a02cbeac9a8d6892505974f26e4,CVE-2021-22205
432587463,cckuailong/reapoc,2021/CVE-2021-22205/vultarget/README.zh-cn.md,5fb7b3d00cf74a02cbeac9a8d6892505974f26e4,CVE-2021-22204
432587463,cckuailong/reapoc,2017/CVE-2017-12149/vultarget/docker-compose.yml,5fe2874e02dea79c1041a9336b05e7ecbfb66e5c,CVE-2017-12149
432587463,cckuailong/reapoc,2020/CVE-2020-14883/poc/others/README.md,600b0f37465137a72d934cf387bd458a010cefd4,CVE-2020-14883
432587463,cckuailong/reapoc,2020/CVE-2020-2551/poc/others/README.md,600f8208ccc000b1446daf6f0105544f5747ddf4,CVE-2020-2551
432587463,cckuailong/reapoc,2010/CVE-2010-1472/poc/nuclei/CVE-2010-1472.yaml,6026de14567600b76728a9347ab36700aa2ec5cd,CVE-2010-1472
432587463,cckuailong/reapoc,2020/CVE-2020-28871/poc/nuclei/CVE-2020-28871.yaml,605f9ca1bf300e1ee0dc42d1ba3634b2918f79fb,CVE-2020-28871
432587463,cckuailong/reapoc,2018/CVE-2018-14574/poc/nuclei/CVE-2018-14574.yaml,605fe083d084cd0f0b9ab2be2c4dfb458f56c048,BID-104970
432587463,cckuailong/reapoc,2018/CVE-2018-14574/poc/nuclei/CVE-2018-14574.yaml,605fe083d084cd0f0b9ab2be2c4dfb458f56c048,CVE-2018-14574
432587463,cckuailong/reapoc,2007/README.md,60660f1d1c59f313d38b27cceca758717604ac05,CVE-2007-5728
432587463,cckuailong/reapoc,2007/README.md,60660f1d1c59f313d38b27cceca758717604ac05,CVE-2007-4504
432587463,cckuailong/reapoc,2007/README.md,60660f1d1c59f313d38b27cceca758717604ac05,CVE-2007-4556
432587463,cckuailong/reapoc,2007/README.md,60660f1d1c59f313d38b27cceca758717604ac05,CVE-2007-0885
432587463,cckuailong/reapoc,2021/CVE-2021-34371/vultarget/rhino_gadget/src/main/java/Utils/Reflections.java,607888ec4ffd91e0a92244cff45439b8e3aa3ee5,CVE-2021-34371
432587463,cckuailong/reapoc,2020/CVE-2020-24186/poc/nuclei/CVE-2020-24186.yaml,60a1890e419ed4ac6328b271999a918b781fdb03,CVE-2020-24186
432587463,cckuailong/reapoc,2015/CVE-2015-5531/poc/others/README.md,60b7e4ce38cd022643021fa7cb5f9205e287503b,CVE-2015-5531
432587463,cckuailong/reapoc,2019/CVE-2019-16332/poc/nuclei/CVE-2019-16332.yaml,60cad4529e1409b0be203cae058ed633dbd86a6d,CVE-2019-16332
432587463,cckuailong/reapoc,2020/CVE-2020-17518/poc/others/README.md,60e64066637e2eeb9edb5354e16dfd2106a31b89,CVE-2020-17518
432587463,cckuailong/reapoc,2010/CVE-2010-2861/poc/xray/CVE-2010-2861.yml,60fc07102cb87a8955dfc8d03b40a37bedf6fea1,CVE-2010-2861
432587463,cckuailong/reapoc,2019/CVE-2019-14470/poc/nuclei/CVE-2019-14470.yaml,6190890a4a5ef7939eec27f083a3014d38b86be9,CVE-2019-14470
432587463,cckuailong/reapoc,2021/CVE-2021-24298/poc/nuclei/CVE-2021-24298.yaml,6194a6f6f8bc1460eaa7b9ce92bf505351dc9aa3,CVE-2021-24298
432587463,cckuailong/reapoc,2020/CVE-2020-15227/poc/others/README.md,61be9d828fbad0f36b08a781db853c6e84803807,CVE-2020-15227
432587463,cckuailong/reapoc,2018/CVE-2018-20824/poc/nuclei/CVE-2018-20824.yaml,61cd96a1970fd634c04810bb5e4c7a9949262634,CVE-2018-20824
432587463,cckuailong/reapoc,2017/CVE-2017-14849/vultarget/docker-compose.yml,61e9185dcba4346315cd955ec95144c7c2e8d526,CVE-2017-14849
432587463,cckuailong/reapoc,2018/CVE-2018-8006/poc/nuclei/CVE-2018-8006.yaml,61f847be39615255574424a20f274831f2e94c3d,BID-105156
432587463,cckuailong/reapoc,2018/CVE-2018-8006/poc/nuclei/CVE-2018-8006.yaml,61f847be39615255574424a20f274831f2e94c3d,CVE-2018-8006
432587463,cckuailong/reapoc,2017/CVE-2017-15715/vultarget/docker-compose.yml,6214c8b96423361229bda6715a6bc98bc7fbec72,CVE-2017-15715
432587463,cckuailong/reapoc,2010/CVE-2010-0943/poc/nuclei/CVE-2010-0943.yaml,6215df2b9ba2865d15d29ec01ba43bd3a81865b9,CVE-2010-0943
432587463,cckuailong/reapoc,2021/CVE-2021-39316/poc/nuclei/CVE-2021-39316.yaml,6250af249a05a5c3d648974aaf6802022c595bb4,CVE-2021-39316
432587463,cckuailong/reapoc,2020/CVE-2020-25223/poc/others/README.md,62687cba56cfa01de6450e4ba593671f0f2f921e,CVE-2020-25223
432587463,cckuailong/reapoc,2015/CVE-2015-8813/poc/nuclei/CVE-2015-8813.yaml,62757f3e0e69bad1e9c46cb242257d3861501517,CVE-2015-8813
432587463,cckuailong/reapoc,2012/CVE-2012-5913/poc/nuclei/CVE-2012-5913.yaml,62818ee5be82b5efa0d62ba595dd514d4bc5dfec,CVE-2012-5913
432587463,cckuailong/reapoc,2021/CVE-2021-29441/poc/others/README.md,628e01b57661c243c475bf06e3ab25c438a15643,CVE-2021-29441
432587463,cckuailong/reapoc,2019/CVE-2019-7238/poc/nuclei/CVE-2019-7238.yaml,629b42d607d074722641e58c0193faed8f01776a,CVE-2019-7238
432587463,cckuailong/reapoc,2021/CVE-2021-41381/poc/nuclei/CVE-2021-41381.yaml,62b2344aeff363624f7f64dfce3d47fe413b78b6,CVE-2021-41381
432587463,cckuailong/reapoc,2015/CVE-2015-1427/poc/xray/CVE-2015-1427.yml,62d523a298eacc4588a2cd5280944c61a6af1198,CVE-2015-1427
432587463,cckuailong/reapoc,2020/CVE-2020-12116/poc/others/README.md,62e6773a9c7904e049db4bb1eb2124a0bfb7fa68,CVE-2020-12116
432587463,cckuailong/reapoc,2017/CVE-2017-12149/poc/nuclei/CVE-2017-12149.yaml,62fe34b2c5524a6798be335767b7630cee2006f9,CVE-2017-12149
432587463,cckuailong/reapoc,2019/CVE-2019-2729/poc/others/README.md,630c1c15391536b4f2697ab14293ceba189eca38,CVE-2019-2729
432587463,cckuailong/reapoc,2010/CVE-2010-1659/poc/nuclei/CVE-2010-1659.yaml,6349d2ddf93879b43b56189d5b1f907904e64812,CVE-2010-1659
432587463,cckuailong/reapoc,2014/CVE-2014-4535/poc/nuclei/CVE-2014-4535.yaml,6380a54f71606394d9cdd344060d4b31a02a7247,CVE-2014-4535
432587463,cckuailong/reapoc,2018/CVE-2018-5233/poc/nuclei/CVE-2018-5233.yaml,6387c253fec36308e6d9a94ed9b3ee15580cc519,CVE-2018-5233
432587463,cckuailong/reapoc,2019/CVE-2019-17270/poc/nuclei/CVE-2019-17270.yaml,638f937f9a4def0e024f5aa6f61722fbe7320aab,CVE-2019-17270
432587463,cckuailong/reapoc,2020/CVE-2020-13927/poc/others/README.md,6391f2da48a71b3f1ccfadbacac7a3f5132b9b2e,CVE-2020-13927
432587463,cckuailong/reapoc,2021/CVE-2021-21315/vultarget/README.md,63baeb5b8826aaf5e83aeffc1f03c34764f148bf,CVE-2021-21315
432587463,cckuailong/reapoc,2021/CVE-2021-41649/poc/others/README.md,63bca2a0ea1d598805d3be4855a81f30b4f759d8,CVE-2021-41649
432587463,cckuailong/reapoc,2018/CVE-2018-16059/poc/nuclei/CVE-2018-16059.yaml,63cd81b23607bd0ceef29b1bcda9314001971527,CVE-2018-16059
432587463,cckuailong/reapoc,2011/CVE-2011-2780/poc/others/README.md,63fadc6b3ea0d0ab37b23995394fac9e6d92f4fc,CVE-2011-2780
432587463,cckuailong/reapoc,2021/CVE-2021-24285/poc/nuclei/CVE-2021-24285.yaml,640774e5d1d1410ddbd23a39d8d5e147a4b66636,CVE-2021-24285
432587463,cckuailong/reapoc,2019/CVE-2019-9670/poc/nuclei/CVE-2019-9670.yaml,6425e3eaeae1103730b031f849f2c74ca7124e19,CVE-2019-9670
432587463,cckuailong/reapoc,2020/CVE-2020-11110/poc/nuclei/CVE-2020-11110.yaml,642af61a8657fcc976add17b2360ab8ed73eec3a,CVE-2020-11110
432587463,cckuailong/reapoc,2018/CVE-2018-11409/poc/nuclei/CVE-2018-11409.yaml,6447169e29a8c5b661ca3e059f8568346041ba97,CVE-2018-11409
432587463,cckuailong/reapoc,2011/CVE-2011-5265/poc/nuclei/CVE-2011-5265.yaml,647bb5303a0c221dcb44918223b029619195bd3a,CVE-2011-5265
432587463,cckuailong/reapoc,2010/CVE-2010-1657/poc/nuclei/CVE-2010-1657.yaml,65188001ee0f73b046d646e1a4136bc7b8aca709,CVE-2010-1657
432587463,cckuailong/reapoc,2010/CVE-2010-1354/poc/nuclei/CVE-2010-1354.yaml,6540171aeffef75434ab435588a47eb002919866,CVE-2010-1354
432587463,cckuailong/reapoc,2012/CVE-2012-4878/poc/others/README.md,655e9ec374784163754637a7c67a0ca00e295500,CVE-2012-4878
432587463,cckuailong/reapoc,2020/CVE-2020-35489/poc/others/README.md,65b57b3269fe0fd21b1f4a956573123e1eda54c0,CVE-2020-35489
432587463,cckuailong/reapoc,2014/CVE-2014-3704/vultarget/docker-compose.yml,65f24c344224759d85a195158a657bf61a573d66,CVE-2014-3704
432587463,cckuailong/reapoc,2020/CVE-2020-15920/poc/others/README.md,65f2c6c31fd0bedd8dd048e5697607a96de7ee9a,CVE-2020-15920
432587463,cckuailong/reapoc,2010/CVE-2010-2920/poc/others/README.md,65f754232c8f0d28015a3f80d3d099a10a1566d6,CVE-2010-2920
432587463,cckuailong/reapoc,2019/CVE-2019-10758/poc/others/README.md,667c65f74de0adaf4f20b15061a36725b4d3157e,CVE-2019-10758
432587463,cckuailong/reapoc,2021/CVE-2021-21479/poc/nuclei/CVE-2021-21479.yaml,66837ac86dd86770787516841e02211ee3cc84b1,CVE-2021-21479
432587463,cckuailong/reapoc,2013/CVE-2013-2287/poc/nuclei/CVE-2013-2287.yaml,66ea35c1ec5602199fe488299b1784ca5df948de,CVE-2013-2287
432587463,cckuailong/reapoc,2021/CVE-2021-30497/poc/nuclei/CVE-2021-30497.yaml,66fb8d83e46276c599db0ec947b51ec15ddbaeca,CVE-2021-30497
432587463,cckuailong/reapoc,2017/CVE-2017-10075/poc/nuclei/CVE-2017-10075.yaml,6712881d9cd9c8996574a791a616b2af2bac09f4,CVE-2017-10075
432587463,cckuailong/reapoc,2020/CVE-2020-35476/poc/xray/CVE-2020-35476.yml,6723b76804750b75b1fa3b35c782f71b8e5e2527,CVE-2020-35476
432587463,cckuailong/reapoc,2010/CVE-2010-1601/poc/nuclei/CVE-2010-1601.yaml,676676689781d244d7ea525cdaf9a231f5ec7160,CVE-2010-1601
432587463,cckuailong/reapoc,2014/CVE-2014-3120/poc/others/README.md,677134b3750621792383b52e0e89eb2d22b4111a,CVE-2014-3120
432587463,cckuailong/reapoc,2021/CVE-2021-31682/poc/others/README.md,677335bc9ee3602b1aa10d1d1fe037a076017d5a,CVE-2021-31682
432587463,cckuailong/reapoc,2010/CVE-2010-1956/poc/others/README.md,67903dd7d97b62ed86094137ad50dd06555ccdb1,CVE-2010-1956
432587463,cckuailong/reapoc,2020/CVE-2020-5284/poc/nuclei/CVE-2020-5284.yaml,6796a08138deecdd83f6848fdf8323ffcc240330,CVE-2020-5284
432587463,cckuailong/reapoc,2020/CVE-2020-11547/poc/nuclei/CVE-2020-11547.yaml,679deb45b35ce596ab463240a0f6252a97b66a42,CVE-2020-11547
432587463,cckuailong/reapoc,2021/CVE-2021-29441/poc/xray/nacos-cve-2021-29441.yml,679df186c98307882d4e96b01e33fbdd8a955038,CVE-2021-29441
432587463,cckuailong/reapoc,2020/CVE-2020-11854/poc/nuclei/CVE-2020-11854.yaml,67ddabadbd7ea5a09418f3c8329760d0f133f10d,CVE-2020-11854
432587463,cckuailong/reapoc,2020/CVE-2020-35598/poc/others/README.md,67e01a18b3231cf29b741a128d848be3c899d415,CVE-2020-35598
432587463,cckuailong/reapoc,2016/CVE-2016-4975/poc/nuclei/CVE-2016-4975.yaml,685bfb7eed389766f1ce9c128af204ae70d3188a,CVE-2016-4975
432587463,cckuailong/reapoc,2018/CVE-2018-16288/poc/nuclei/CVE-2018-16288.yaml,6887bf01f369124dda1ca53905579caf55040cdb,CVE-2018-16288
432587463,cckuailong/reapoc,2020/CVE-2020-8497/poc/nuclei/CVE-2020-8497.yaml,689bc8c5f5b6e2ce88468d2f7888a0fde891de31,CVE-2020-8497
432587463,cckuailong/reapoc,2020/CVE-2020-35774/poc/nuclei/CVE-2020-35774.yaml,68a7f4b8323122409d4fe9303a0245b2bd1f6b11,CVE-2020-35774
432587463,cckuailong/reapoc,2018/CVE-2018-11759/vultarget/docker-compose.yml,68e3106c0ec4c81030ab5a0e39db2ba5eba0532a,CVE-2018-11759
432587463,cckuailong/reapoc,2020/CVE-2020-9036/poc/nuclei/CVE-2020-9036.yaml,68e977ec1b1f526fc00e51becb5ffa0a86fa83e5,CVE-2020-9036
432587463,cckuailong/reapoc,2021/CVE-2021-35042/vultarget/web/vuln/apps.py,68f6cc9085a6b992fc78112e462116b61971d246,CVE-2021-35042
432587463,cckuailong/reapoc,2021/CVE-2021-41951/poc/nuclei/CVE-2021-41951.yaml,68f8b50655ca5a0e618cf3ce867de02fd7ec3a76,CVE-2021-41951
432587463,cckuailong/reapoc,2021/CVE-2021-27561/poc/nuclei/CVE-2021-27561.yaml,691d3ed55c688786fadd88d00004ccf150084e29,CVE-2021-27561
432587463,cckuailong/reapoc,2020/CVE-2020-9402/vultarget/README.md,6925617202c67891324683ce5d570780e9bafb48,CVE-2020-9402
432587463,cckuailong/reapoc,2021/CVE-2021-34429/vultarget/src/index.jsp,693112c0eb87b9cf0d190db4fd65b6e63fc7e9a7,CVE-2021-34429
432587463,cckuailong/reapoc,2021/CVE-2021-28164/vultarget/src/index.jsp,693112c0eb87b9cf0d190db4fd65b6e63fc7e9a7,CVE-2021-28164
432587463,cckuailong/reapoc,2021/CVE-2021-27931/poc/nuclei/CVE-2021-27931.yaml,69386c4d1f0a0f0c87080dd1250472c9304b5281,CVE-2021-27931
432587463,cckuailong/reapoc,2016/CVE-2016-3088/poc/nuclei/CVE-2016-3088.yaml,69831cfab86ae4269ef6e5e3e5e015b93b89d33f,CVE-2016-3088
432587463,cckuailong/reapoc,2010/CVE-2010-1313/poc/nuclei/CVE-2010-1313.yaml,69b295b8f472a2ffc7e25e73ab98e0bbff1e214a,CVE-2010-1313
432587463,cckuailong/reapoc,2006/CVE-2006-1681/poc/nuclei/CVE-2006-1681.yaml,69d86310e8c93be6fcbbb4e8f0f5510cf3d76cef,CVE-2006-1681
432587463,cckuailong/reapoc,2006/CVE-2006-1681/poc/nuclei/CVE-2006-1681.yaml,69d86310e8c93be6fcbbb4e8f0f5510cf3d76cef,BID-17408
432587463,cckuailong/reapoc,2021/CVE-2021-38314/poc/others/README.md,69e2a25496588aaf1c6341e31dd7225f21c8447b,CVE-2021-38314
432587463,cckuailong/reapoc,2015/CVE-2015-3337/poc/xray/CVE-2015-3337.yml,69fb7e4b35c404d5063d73d45a06e697ef64ca8a,CVE-2015-3337
432587463,cckuailong/reapoc,2021/CVE-2021-41826/poc/others/README.md,6a121626a2c6acd90b590172e2e15a58b374c4e7,CVE-2021-41826
432587463,cckuailong/reapoc,2019/CVE-2019-7609/vultarget/README.zh-cn.md,6a41d2830be49ac9a0e7e91c419c778b5cca1e3b,CVE-2019-7609
432587463,cckuailong/reapoc,2008/CVE-2008-2650/poc/others/README.md,6a97de4059811e15599de0d5c404eceb766fd9a3,CVE-2008-2650
432587463,cckuailong/reapoc,2020/CVE-2020-35846/poc/nuclei/CVE-2020-35846.yaml,6aaad2c666ce0aae2c301743690d8489f75cbafe,CVE-2020-35846
432587463,cckuailong/reapoc,2019/CVE-2019-13101/poc/nuclei/CVE-2019-13101.yaml,6acb87ee3ca8330938ec42cc7a9a6a97bd46bc80,CVE-2019-13101
432587463,cckuailong/reapoc,2018/CVE-2018-8715/poc/nuclei/CVE-2018-8715.yaml,6b3fbd5d7e49e67f52258c1eee1c63d1bc6a0f8c,CVE-2018-8715
432587463,cckuailong/reapoc,2016/CVE-2016-6277/poc/nuclei/CVE-2016-6277.yaml,6b4df7c4d05d685ca328dc127f414d09c3869941,VU#582384
432587463,cckuailong/reapoc,2016/CVE-2016-6277/poc/nuclei/CVE-2016-6277.yaml,6b4df7c4d05d685ca328dc127f414d09c3869941,CVE-2016-6277
432587463,cckuailong/reapoc,2021/CVE-2021-28918/poc/nuclei/CVE-2021-28918.yaml,6b58f6b4d14113a87e2b514796463cb947dbfc4a,CVE-2021-28918
432587463,cckuailong/reapoc,2002/CVE-2002-1131/poc/others/README.md,6b687027b5c3e2aa4f8008bcf36ad96d49ec40d4,CVE-2002-1131
432587463,cckuailong/reapoc,2021/CVE-2021-20031/poc/nuclei/CVE-2021-20031.yaml,6b7644201f44b4906a256c82fae258d4c9ea911c,CVE-2021-20031
432587463,cckuailong/reapoc,2021/CVE-2021-38540/poc/nuclei/CVE-2021-38540.yaml,6b9e8cb16905b4e3d2d787513d3cac25165dbc78,CVE-2021-38540
432587463,cckuailong/reapoc,2016/CVE-2016-10134/vultarget/database/003_data.sql,6bb60379b51757490760b7cffff0104a743bc413,CVE-2016-10134
432587463,cckuailong/reapoc,2020/CVE-2020-36112/poc/nuclei/CVE-2020-36112.yaml,6bc2f2e9884d093a44846bd15a35cb5e20cb73dd,CVE-2020-36112
432587463,cckuailong/reapoc,2019/CVE-2019-10092/poc/nuclei/CVE-2019-10092.yaml,6bde1c60b869e26722cfd2dba07b71d18e6273c5,CVE-2019-10092
432587463,cckuailong/reapoc,2021/CVE-2021-39226/poc/nuclei/CVE-2021-39226.yaml,6c23e9a84493c2fc18f37d5353c5233c06ad71e7,CVE-2021-39226
432587463,cckuailong/reapoc,2019/CVE-2019-2616/poc/others/README.md,6c2589b72c29c100b28d284fae6386638a8c3e01,CVE-2019-2616
432587463,cckuailong/reapoc,2019/CVE-2019-20224/poc/others/README.md,6c4a0bc5a9a0be36f48a7f4b84366bddc89ec470,CVE-2019-20224
432587463,cckuailong/reapoc,2021/CVE-2021-24226/poc/nuclei/CVE-2021-24226.yaml,6c4f07d2aced51202f65cb7306a898457bdf41e2,CVE-2021-24226
432587463,cckuailong/reapoc,2017/CVE-2017-12635/vultarget/docker-compose.yml,6c77f09f67f048d299f5df3fde10871fd1d321b2,CVE-2017-12635
432587463,cckuailong/reapoc,2020/CVE-2020-24223/poc/others/README.md,6cb98b118ee5e119f27533d2280b04fc91e50d1d,CVE-2020-24223
432587463,cckuailong/reapoc,2010/CVE-2010-1722/poc/others/README.md,6cd15cd0d569869c28031e9c45443eb18ebf8cbf,CVE-2010-1722
432587463,cckuailong/reapoc,2021/CVE-2021-27651/poc/nuclei/CVE-2021-27651.yaml,6cd86da725feb59ea71057260c933e722cb089ac,CVE-2021-27651
432587463,cckuailong/reapoc,2020/CVE-2020-13700/poc/nuclei/CVE-2020-13700.yaml,6ce54a8756723e350d9f6785067b9f9b576dd30a,CVE-2020-13700
432587463,cckuailong/reapoc,2018/CVE-2018-13379/poc/nuclei/CVE-2018-13379.yaml,6cf12eff767794a6bb4b6735c173469a55e93eca,CVE-2018-13379
432587463,cckuailong/reapoc,2018/CVE-2018-1000600/poc/nuclei/CVE-2018-1000600.yaml,6cf59f0a48af967a8b81cf9228a3e4d749c4ae16,CVE-2018-1000600
432587463,cckuailong/reapoc,2018/CVE-2018-12613/vultarget/config.inc.php,6d2ea5344291ced5b5f0e732a548686aeb529216,CVE-2018-12613
432587463,cckuailong/reapoc,2021/CVE-2021-40539/poc/nuclei/CVE-2021-40539.yaml,6d326f275a35146d3596cfd62c1a7af215550be0,CVE-2021-40539
432587463,cckuailong/reapoc,2019/CVE-2019-10758/vultarget/docker-compose.yml,6d6739ce7456fd63bb2dd4f0493af2b405a7c8d9,CVE-2019-10758
432587463,cckuailong/reapoc,2020/CVE-2020-19282/poc/nuclei/CVE-2020-19282.yaml,6d820536587821c51dc202e4540cd29bcb32342b,CVE-2020-19282
432587463,cckuailong/reapoc,2021/CVE-2021-24285/poc/xray/wordpress-plugins-cars-seller-auto-classifieds-script-cve-2021-24285-sqli.yml,6d9699870956b997c9a4c1b89c253ea132529cf0,CVE-2021-24285
432587463,cckuailong/reapoc,2017/CVE-2017-10271/vultarget/README.md,6dadc9e1636cfef25929e2b243fe13e203302fd9,CVE-2017-10271
432587463,cckuailong/reapoc,2009/CVE-2009-1558/poc/nuclei/CVE-2009-1558.yaml,6dc82c7f4aa4061ac6ab58440821b84315710c66,CVE-2009-1558
432587463,cckuailong/reapoc,2020/CVE-2020-9047/poc/nuclei/CVE-2020-9047.yaml,6de5b43dfff28ecc62b407bb8a840dddfc9c6f08,CVE-2020-9047
432587463,cckuailong/reapoc,2019/CVE-2019-12725/poc/others/README.md,6e0a6d06fdb9a569463c45a1d770a9b453ac46e0,CVE-2019-12725
432587463,cckuailong/reapoc,2021/CVE-2021-38314/poc/nuclei/CVE-2021-38314.yaml,6e2d8b49de354da3f210a990afd9ee9e7278b285,CVE-2021-38314
432587463,cckuailong/reapoc,2018/CVE-2018-10093/poc/others/README.md,6e5229663a919090c4b0ea5584c380427afdce77,CVE-2018-10093
432587463,cckuailong/reapoc,2017/CVE-2017-12542/poc/nuclei/CVE-2017-12542.yaml,6e5760743fb60407dd774ffd614324fef8a39b4b,CVE-2017-12542
432587463,cckuailong/reapoc,2020/CVE-2020-16846/vultarget/docker-compose.yml,6eb472da0f562be505088b05e6db3d02c089524f,CVE-2020-16846
432587463,cckuailong/reapoc,2013/CVE-2013-4625/poc/nuclei/CVE-2013-4625.yaml,6ef3b4570fe0cea11e529986a21d4e5b1b9c7f54,CVE-2013-4625
432587463,cckuailong/reapoc,2021/CVE-2021-41277/poc/others/README.md,6f7eff1fa2c7ed1bf2a39d30a80db73e57627039,CVE-2021-41277
432587463,cckuailong/reapoc,2020/CVE-2020-7318/poc/nuclei/CVE-2020-7318.yaml,6fa10207bb999288bb75cec556406155e1e8228b,CVE-2020-7318
432587463,cckuailong/reapoc,2020/CVE-2020-1938/vultarget/README.md,6feb686a7911505238b89ef8c21345b8cc82e289,CVE-2020-1938
432587463,cckuailong/reapoc,2020/CVE-2020-1938/vultarget/README.md,6feb686a7911505238b89ef8c21345b8cc82e289,CNVD-2020-10487
432587463,cckuailong/reapoc,2018/CVE-2018-8715/vultarget/README.zh-cn.md,6fef0937ce1aceb0c264f7f4c637484da73a9c91,CVE-2018-8715
432587463,cckuailong/reapoc,2019/CVE-2019-0193/vultarget/README.md,704f0ac04f7f0a68e341f7848c28cd38e893ee78,CVE-2019-0193
432587463,cckuailong/reapoc,2021/CVE-2021-33221/poc/nuclei/CVE-2021-33221.yaml,70516bc7c4c5cffc4ca9f5d6d35bd02cd4c5b9d0,CVE-2021-33221
432587463,cckuailong/reapoc,2021/CVE-2021-21985/poc/others/README.md,705a9fc54bc3e53baf62319956e6c51b1a46b317,CVE-2021-21985
432587463,cckuailong/reapoc,2010/CVE-2010-1473/poc/nuclei/CVE-2010-1473.yaml,70c107f8d9a895d11baf7a4ef0160ce9ade42050,CVE-2010-1473
432587463,cckuailong/reapoc,2020/CVE-2020-9402/vultarget/src/vuln/views.py,70c3bdd78cc55725623f13aaf1bb014f4d7482e9,CVE-2020-9402
432587463,cckuailong/reapoc,2011/CVE-2011-5107/poc/others/README.md,70c425c90cb703c7dfcec6de2457263ba9a14c91,CVE-2011-5107
432587463,cckuailong/reapoc,2014/CVE-2014-4561/poc/nuclei/CVE-2014-4561.yaml,70e8b30dbb30cadf75654cbd2b2a3067165a9de1,CVE-2014-4561
432587463,cckuailong/reapoc,2017/CVE-2017-8917/poc/nuclei/CVE-2017-8917.yaml,7100fb32617114adbb6dd73b4205e964a029ff78,CVE-2017-8917
432587463,cckuailong/reapoc,2010/CVE-2010-2920/poc/nuclei/CVE-2010-2920.yaml,710ffabd1749caacc73d5f1252667bbca9eed852,CVE-2010-2920
432587463,cckuailong/reapoc,2021/CVE-2021-28151/poc/nuclei/CVE-2021-28151.yaml,7113bcb68064871c9f7993315fca300ff33f7e61,CVE-2021-28151
432587463,cckuailong/reapoc,2014/CVE-2014-3120/vultarget/README.md,7125eb7ae7c402e2af06b9ae28f918a1f5586fd2,CVE-2014-3120
432587463,cckuailong/reapoc,2001/CVE-2001-1473/poc/nuclei/CVE-2001-1473.yaml,71477eb97afac7a192b9a3c654ae7644eff3ac03,CVE-2001-1473
432587463,cckuailong/reapoc,2001/CVE-2001-1473/poc/nuclei/CVE-2001-1473.yaml,71477eb97afac7a192b9a3c654ae7644eff3ac03,VU#684820
432587463,cckuailong/reapoc,2019/CVE-2019-18818/poc/others/README.md,716878c66fa3ce872f03a807ba597429c9adc79d,CVE-2019-18818
432587463,cckuailong/reapoc,2019/CVE-2019-3403/poc/nuclei/CVE-2019-3403.yaml,719214c1c5c7fc1b21c9aa345e06bcf3e93f62b2,CVE-2019-3403
432587463,cckuailong/reapoc,2017/CVE-2017-15715/vultarget/README.md,71d6156c52ec251addae50557cbaac0333d4e67d,CVE-2017-15715
432587463,cckuailong/reapoc,2010/CVE-2010-1979/poc/others/README.md,71dd3e1987c6b3e3fe9378894c986b5379307e4b,CVE-2010-1979
432587463,cckuailong/reapoc,2011/CVE-2011-4624/poc/nuclei/CVE-2011-4624.yaml,71fca2e4af94589c1563e505cf53439e70371224,CVE-2011-4624
432587463,cckuailong/reapoc,2020/CVE-2020-25495/poc/nuclei/CVE-2020-25495.yaml,724ffd71e9103c6badb91a4a7b6d6e8837ddc82b,CVE-2020-25495
432587463,cckuailong/reapoc,2021/CVE-2021-33904/poc/others/README.md,72b99ef5b74d94830d6b0e30d984e1811f244aff,CVE-2021-33904
432587463,cckuailong/reapoc,2019/CVE-2019-12461/poc/nuclei/CVE-2019-12461.yaml,730b418fa47576e3da527d955ed890431003628b,CVE-2019-12461
432587463,cckuailong/reapoc,2019/CVE-2019-20183/poc/nuclei/CVE-2019-20183.yaml,73b987eb3548a252c70347eb62632b0e4e24e6b3,CVE-2019-20183
432587463,cckuailong/reapoc,2014/CVE-2014-3120/poc/goby/Elasticsearch_Remote_Code_Execution_CVE_2014_3120.go,73e5d5502a8df5d3e0049c7baf982ab18df69d90,CVE-2014-3120
432587463,cckuailong/reapoc,2018/CVE-2018-11759/poc/nuclei/CVE-2018-11759.yaml,73f01e25300973d2341b48d223bfbf9082c43656,CVE-2018-11759
432587463,cckuailong/reapoc,2018/CVE-2018-11759/poc/nuclei/CVE-2018-11759.yaml,73f01e25300973d2341b48d223bfbf9082c43656,CVE-2018-1323
432587463,cckuailong/reapoc,2018/CVE-2018-12054/poc/nuclei/CVE-2018-12054.yaml,746d228ee3997bd593a014de1ce08b7d3b89e780,CVE-2018-12054
432587463,cckuailong/reapoc,2017/CVE-2017-12544/poc/nuclei/CVE-2017-12544.yaml,74983d3617cc3537165b3b5cbe34af7c148e7a72,CVE-2017-12544
432587463,cckuailong/reapoc,2020/CVE-2020-29453/vultarget/README.md,74b31e83938aaee048726e4f64f81d9f8437028d,CVE-2019-11581
432587463,cckuailong/reapoc,2020/CVE-2020-29453/vultarget/README.md,74b31e83938aaee048726e4f64f81d9f8437028d,CVE-2020-29453
432587463,cckuailong/reapoc,2009/CVE-2009-3318/poc/nuclei/CVE-2009-3318.yaml,74bf51adb03cb63c94c80b99ca493cbf05a58fec,CVE-2009-3318
432587463,cckuailong/reapoc,2020/CVE-2020-17505/poc/nuclei/CVE-2020-17505.yaml,74ee7568af85dc186e42c723afcdfa7827daa906,CVE-2020-17505
432587463,cckuailong/reapoc,2014/CVE-2014-6271/poc/xray/CVE-2014-6271.yml,75001d80ff458b5b401c4150321fbde514e92269,CVE-2014-6271
432587463,cckuailong/reapoc,2017/CVE-2017-12635/poc/nuclei/CVE-2017-12635.yaml,7516755831b92dabd40ebf920eeff00159fbcca7,CVE-2017-12636
432587463,cckuailong/reapoc,2017/CVE-2017-12635/poc/nuclei/CVE-2017-12635.yaml,7516755831b92dabd40ebf920eeff00159fbcca7,CVE-2017-12635
432587463,cckuailong/reapoc,2021/CVE-2021-41174/poc/nuclei/CVE-2021-41174.yaml,75553910a461ca29f4b93bc9acf324c07990a720,CVE-2021-41174
432587463,cckuailong/reapoc,2017/CVE-2017-14849/vultarget/www/static/main.js,758d76115bf941bef6d5e24fe59ba303a7c56a14,CVE-2017-14849
432587463,cckuailong/reapoc,2018/CVE-2018-7490/poc/others/README.md,758dea1ce05203e328585d9f8edc37783ad8ecd9,CVE-2018-7490
432587463,cckuailong/reapoc,2017/CVE-2017-3506/poc/nuclei/CVE-2017-3506.yaml,7592bdf12b99ce4c759082e802e22f1801db2969,CVE-2017-3506
432587463,cckuailong/reapoc,2020/CVE-2020-35729/poc/nuclei/CVE-2020-35729.yaml,75bfd5e826b18875cb0fbc014dcfa4d449319e6b,CVE-2020-35729
432587463,cckuailong/reapoc,2020/CVE-2020-8163/poc/others/README.md,75d956065c937e644294b10a49863e86cd4c5372,CVE-2020-8163
432587463,cckuailong/reapoc,2011/CVE-2011-1669/poc/nuclei/CVE-2011-1669.yaml,75de0d2f8c387354ab20cd1f3fd1a9df88ddee82,CVE-2011-1669
432587463,cckuailong/reapoc,2020/CVE-2020-9483/poc/others/README.md,75dfbdeeb7e7d2d583121b689162bee697b4fff8,CVE-2020-9483
432587463,cckuailong/reapoc,2020/CVE-2020-8515/poc/others/README.md,7624ce8dd4df4b2fa1881c28824ef1ce1f56d957,CVE-2020-8515
432587463,cckuailong/reapoc,2005/CVE-2005-4385/poc/others/README.md,765f79524cb66c7c22a24cae5e8bd35294f51528,CVE-2005-4385
432587463,cckuailong/reapoc,2017/CVE-2017-15715/poc/others/README.md,7660b14d135ccf7f927b831449e6fca1c1bb758c,CVE-2017-15715
432587463,cckuailong/reapoc,2012/CVE-2012-1226/poc/others/README.md,766837350f6d9c640691964e29d74fda777c8b74,CVE-2012-1226
432587463,cckuailong/reapoc,2021/CVE-2021-28169/vultarget/README.zh-cn.md,76a32ffb00834c71318275ca84ba67c0009cb61c,CVE-2021-28169
432587463,cckuailong/reapoc,2021/CVE-2021-41467/poc/nuclei/CVE-2021-41467.yaml,76a964d079a2549fcc3cb3027b6234f553e6f466,CVE-2021-41467
432587463,cckuailong/reapoc,2017/CVE-2017-12149/vultarget/README.md,76cc8bfe9793b1f7ef9cba4a7748fb9416622d00,CVE-2017-12149
432587463,cckuailong/reapoc,2020/CVE-2020-16846/vultarget/README.zh-cn.md,76d28ac7cbf793e127496d42999233717e7ae9a5,CVE-2020-16846
432587463,cckuailong/reapoc,2020/CVE-2020-16846/vultarget/README.zh-cn.md,76d28ac7cbf793e127496d42999233717e7ae9a5,CVE-2020-25592
432587463,cckuailong/reapoc,2010/CVE-2010-1304/poc/others/README.md,76df21b5c4621519a51648b8343e462704776882,CVE-2010-1304
432587463,cckuailong/reapoc,2020/CVE-2020-16846/poc/xray/CVE-2020-16846.yml,76f69da4f2d8c4deee3ed01fee80a6900e991831,CVE-2020-16846
432587463,cckuailong/reapoc,2016/CVE-2016-8527/poc/nuclei/CVE-2016-8527.yaml,7710bd08028e41546d59a971a1a3a2021315f978,CVE-2016-8527
432587463,cckuailong/reapoc,2019/CVE-2019-17503/poc/others/README.md,7752c0af1f3353617a845d77cfdc680d8b16aede,CVE-2019-17503
432587463,cckuailong/reapoc,2021/CVE-2021-22205/poc/others/README.md,77907d83f3ded3f1b0501be41fc2530ca2cf82fe,CVE-2021-22205
432587463,cckuailong/reapoc,2010/CVE-2010-1873/poc/nuclei/CVE-2010-1873.yaml,77943fd20eda9c796e1715a65a461311c51bf5a6,CVE-2010-1873
432587463,cckuailong/reapoc,2010/CVE-2010-1474/poc/others/README.md,77e98e7f81da3ebd30d7f0b9110e19864298f4d8,CVE-2010-1474
432587463,cckuailong/reapoc,2021/CVE-2021-41277/poc/xray/poc-yaml-metabase-geojson-cve-2021-41277-fileread.yml,77fc768353fe156b6cf8c048f3720078dfe9cff2,CVE-2021-41277
432587463,cckuailong/reapoc,2021/CVE-2021-24472/poc/nuclei/CVE-2021-24472.yaml,78024ce9752e92c01cb57e260a659b374a3b06fc,CVE-2021-24472
432587463,cckuailong/reapoc,2021/CVE-2021-40438/vultarget/Dockerfile,78052e6c3097a5b40d47e2c61e2c814d610d8219,CVE-2021-40438
432587463,cckuailong/reapoc,2021/CVE-2021-24176/poc/others/README.md,780635e17ee305375bb993162bd29c9d19faa13c,CVE-2021-24176
432587463,cckuailong/reapoc,2021/CVE-2021-26295/poc/nuclei/CVE-2021-26295.yaml,783e1e31557c3d6b02a98c032fbc6184b992feb3,CVE-2021-26295
432587463,cckuailong/reapoc,2012/CVE-2012-0991/poc/nuclei/CVE-2012-0991.yaml,78607f309f42bfbc9d969af46bbb847c928ab850,CVE-2012-0991
432587463,cckuailong/reapoc,2011/CVE-2011-5179/poc/others/README.md,78926f717b417aeb6534912a6e74c2cbc7e673b0,CVE-2011-5179
432587463,cckuailong/reapoc,2020/CVE-2020-9315/poc/nuclei/CVE-2020-9315.yaml,789bbff71428b1fc3c0c278a64eef1a1d7addbad,CVE-2020-9315
432587463,cckuailong/reapoc,2017/CVE-2017-7391/poc/nuclei/CVE-2017-7391.yaml,78b9853ecbe45c842a559ccbe0ccbdbefa00061c,CVE-2017-7391
432587463,cckuailong/reapoc,2014/CVE-2014-3704/vultarget/README.md,78e8c8d7fdb371037320ee1ce6896628956bd742,CVE-2014-3704
432587463,cckuailong/reapoc,2018/CVE-2018-1000533/poc/nuclei/CVE-2018-1000533.yaml,790ad338b886297299d437ab84ab0526af0f5691,CVE-2018-1000533
432587463,cckuailong/reapoc,2018/CVE-2018-7422/poc/others/README.md,793f0af19871dc72cc2182f049352a0f32a901d3,CVE-2018-7422
432587463,cckuailong/reapoc,2020/CVE-2020-25506/poc/nuclei/CVE-2020-25506.yaml,793f409dfb703b4336a58165de4c81ee5d65e9d1,CVE-2020-25506
432587463,cckuailong/reapoc,2020/CVE-2020-14181/poc/nuclei/CVE-2020-14181.yaml,794373cb1e91970e4cc4ce39a3a074492ea7d9be,CVE-2020-14181
432587463,cckuailong/reapoc,2017/CVE-2017-7269/poc/others/README.md,7944a6d91cbfc8c2377ff3aff5c3f8922235bea1,CVE-2017-7269
432587463,cckuailong/reapoc,2020/CVE-2020-14179/poc/others/README.md,7954977cccb6be2c8e54f21bf18e14f5439b6dca,CVE-2020-14179
432587463,cckuailong/reapoc,2020/CVE-2020-7961/vultarget/README.md,796fe72443bdf97190eef76c2b5146aefb997606,CVE-2020-7961
432587463,cckuailong/reapoc,2021/CVE-2021-3223/vultarget/docker-compose.yml,79781324327ff0ccf048dc9482d1dd2aabf00a81,CVE-2021-3223
432587463,cckuailong/reapoc,2020/CVE-2020-9402/vultarget/src/CVE20209402/urls.py,797c17bc6fc50c91ead821af3aebd70727eb13c4,CVE-2020-9402
432587463,cckuailong/reapoc,2020/CVE-2020-8209/poc/xray/CVE-2020-8209.yml,797f7eacfb4bb6e61179385a484b979f5cff52bb,CVE-2020-8209
432587463,cckuailong/reapoc,2021/CVE-2021-31250/poc/others/README.md,79823935186a0753a6a009c18aa174757574d102,CVE-2021-31250
432587463,cckuailong/reapoc,2011/CVE-2011-5181/poc/nuclei/CVE-2011-5181.yaml,799aedbc7b286ded309db3bb783300f000034f35,CVE-2011-5181
432587463,cckuailong/reapoc,2014/CVE-2014-3120/vultarget/docker-compose.yml,79ab4a0286a7cb888a068fa6cd6ab1911e54f4cc,CVE-2014-3120
432587463,cckuailong/reapoc,2021/CVE-2021-22214/poc/others/README.md,79e8382b7ebdbdcb87f25a5a9f1d6ebd3848a02b,CVE-2021-22214
432587463,cckuailong/reapoc,2020/CVE-2020-17453/poc/nuclei/CVE-2020-17453.yaml,79eecbce05eccce4e881bc3dec47c496081809a7,CVE-2020-17453
432587463,cckuailong/reapoc,2020/CVE-2020-25540/poc/others/README.md,7a465fbfdd49505fc1736034b934f024e3362441,CVE-2020-25540
432587463,cckuailong/reapoc,2020/CVE-2020-28208/poc/nuclei/CVE-2020-28208.yaml,7a48275b81a8c5958487c976f4514e03c1c652c8,CVE-2020-28208
432587463,cckuailong/reapoc,2014/CVE-2014-5258/poc/nuclei/CVE-2014-5258.yaml,7aa24c72aaf636d13c7a05f13528b1da3a0937dd,CVE-2014-5258
432587463,cckuailong/reapoc,2021/CVE-2021-21972/poc/others/README.md,7aac6f4f732c6606d3801059faa59435e1551ab0,CVE-2021-21972
432587463,cckuailong/reapoc,2019/CVE-2019-14205/poc/nuclei/CVE-2019-14205.yaml,7ab367294829e43d1ac654ea076bc4d707369cd3,CVE-2019-14205
432587463,cckuailong/reapoc,2018/CVE-2018-1000861/poc/others/README.md,7abb7e397e55c99903b850d755f2ab51e448d387,CVE-2019-1003000
432587463,cckuailong/reapoc,2018/CVE-2018-1000861/poc/others/README.md,7abb7e397e55c99903b850d755f2ab51e448d387,CVE-2018-1000861
432587463,cckuailong/reapoc,2015/CVE-2015-4632/poc/nuclei/CVE-2015-4632.yaml,7acf36c88d1a6910a88fea30664314e9069a776f,CVE-2015-4632
432587463,cckuailong/reapoc,2019/CVE-2019-2725/poc/xray/CVE-2019-2725.yml,7af2574c1db1f3b160f84a7303808cc0fcedaee3,CVE-2017-10271
432587463,cckuailong/reapoc,2019/CVE-2019-2725/poc/xray/CVE-2019-2725.yml,7af2574c1db1f3b160f84a7303808cc0fcedaee3,CVE-2019-2725
432587463,cckuailong/reapoc,2021/CVE-2021-3019/poc/xray/CVE-2021-3019.yml,7b3cd8bc432efc88963f42cb36db99c47b193ca9,CVE-2021-3019
432587463,cckuailong/reapoc,2019/CVE-2019-14696/poc/nuclei/CVE-2019-14696.yaml,7b4c3025d4a0e24177a8025969d5ddd6c47556dc,CVE-2019-14696
432587463,cckuailong/reapoc,2017/CVE-2017-12615/poc/xray/CVE-2017-12615.yml,7b5f9ca3088361fec39f165ef25581357d51b5b5,CVE-2017-12615
432587463,cckuailong/reapoc,2017/CVE-2017-1000028/poc/nuclei/CVE-2017-1000028.yaml,7ba77195f905fe067ae8d490ae75950074a5ed5e,CVE-2017-1000028
432587463,cckuailong/reapoc,2012/CVE-2012-1835/poc/nuclei/CVE-2012-1835.yaml,7bd645aacf957542aac709c402f61256cf737db1,CVE-2012-1835
432587463,cckuailong/reapoc,2015/CVE-2015-7297/poc/nuclei/CVE-2015-7297.yaml,7bd7477565bc691d0be2cff841893578769da356,CVE-2015-7297
432587463,cckuailong/reapoc,2017/CVE-2017-6090/poc/nuclei/CVE-2017-6090.yaml,7bdd26204ab55e902a0873475d0513390a6ddc8f,CVE-2017-6090
432587463,cckuailong/reapoc,2020/CVE-2020-9376/poc/nuclei/CVE-2020-9376.yaml,7c1586a131e408fba6c0477045e176e7261fd3f3,CVE-2020-9376
432587463,cckuailong/reapoc,2017/CVE-2017-12794/vultarget/xss/models.py,7c262565df773996128e5d5a72fb67ce75373768,CVE-2017-12794
432587463,cckuailong/reapoc,2018/CVE-2018-19127/poc/xray/CVE-2018-19127.yml,7c29edf3657d9f88aa1fa571695c4434e43faaae,CVE-2018-19127
432587463,cckuailong/reapoc,2021/CVE-2021-26085/poc/others/README.md,7c3a3b6dff55d810ae0dcaccd7fea0db64927bfc,CVE-2021-26085
432587463,cckuailong/reapoc,2017/CVE-2017-5487/poc/others/README.md,7c5ae496823c4eb78245603206945aba8bf81fdb,CVE-2017-5487
432587463,cckuailong/reapoc,2021/CVE-2021-33044/poc/xray/CVE-2021-33044.yml,7c6276a3beb98f6b036adda07bab55fd864c2557,CVE-2021-33044
432587463,cckuailong/reapoc,2020/CVE-2020-25540/poc/nuclei/CVE-2020-25540.yaml,7cc4a12b0ec467b684f40d7a5c69c67fc9bfe7b9,CVE-2020-25540
432587463,cckuailong/reapoc,2021/CVE-2021-34045/vultarget/README.md,7cca9657339326257bb7766be12b54c552c113bf,CVE-2021-34045
432587463,cckuailong/reapoc,2019/CVE-2019-17558/poc/others/README.md,7cde63892ebf8cac4ec62eac95a0c93a073745cd,CVE-2019-17558
432587463,cckuailong/reapoc,2019/CVE-2019-2725/poc/nuclei/CVE-2019-2725.yaml,7d2fd531531a9b9ef372cc4a043e6310539c60cf,CVE-2019-2725
432587463,cckuailong/reapoc,2010/CVE-2010-3426/poc/nuclei/CVE-2010-3426.yaml,7d49c7b8d9574762f93318d57e30f6314be72277,CVE-2010-3426
432587463,cckuailong/reapoc,2014/CVE-2014-9094/poc/others/README.md,7d726500d6de2e56a8104ff992682091e41b652a,CVE-2014-9094
432587463,cckuailong/reapoc,2018/CVE-2018-7719/poc/nuclei/CVE-2018-7719.yaml,7dd243ffe801fbf12d62c2890cb5f4443375fb9d,CVE-2018-7719
432587463,cckuailong/reapoc,2018/CVE-2018-8770/poc/others/README.md,7dd6b59c976cd33b8dda72aa9109ca559f6eeb4f,CVE-2018-8770
432587463,cckuailong/reapoc,2017/CVE-2017-18638/poc/nuclei/CVE-2017-18638.yaml,7de3bcefe9571171593c73b651eee7e86127c337,CVE-2017-18638
432587463,cckuailong/reapoc,2021/CVE-2021-43798/poc/oneliner/poc.sh,7e09e2c8360f3c35bae2d7edc00bdb7e3e157add,CVE-2021-43798
432587463,cckuailong/reapoc,2021/CVE-2021-31682/poc/nuclei/CVE-2021-31682.yaml,7e0a589b966be5877c0e8bde3fc7268cd16ca5d7,CVE-2021-31682
432587463,cckuailong/reapoc,2019/CVE-2019-16097/poc/others/README.md,7e25fb3e47416e14e37d7ea0264f4262e601cd2d,CVE-2019-16097
432587463,cckuailong/reapoc,2021/CVE-2021-24407/poc/nuclei/CVE-2021-24407.yaml,7e37309710be841eeb1edb4c563c558981b3b9d3,CVE-2021-24407
432587463,cckuailong/reapoc,2018/CVE-2018-8727/poc/nuclei/CVE-2018-8727.yaml,7e433ab18d59b1abe3bc4997e3715f71bb836974,CVE-2018-8727
432587463,cckuailong/reapoc,2021/CVE-2021-1498/poc/nuclei/CVE-2021-1498.yaml,7e4d4779c18d973ee48ec8e0e17c0f2e000727cf,CVE-2021-1498
432587463,cckuailong/reapoc,2021/CVE-2021-1498/poc/nuclei/CVE-2021-1498.yaml,7e4d4779c18d973ee48ec8e0e17c0f2e000727cf,CVE-2021-1497
432587463,cckuailong/reapoc,2017/CVE-2017-9841/poc/xray/CVE-2017-9841.yml,7e518d182712b44bb5f1047db77edc6c584cb91b,CVE-2017-9841
432587463,cckuailong/reapoc,2010/CVE-2010-5278/poc/nuclei/CVE-2010-5278.yaml,7e7264f0a74bd101ee65786eaf1354aeeea83820,CVE-2010-5278
432587463,cckuailong/reapoc,2017/CVE-2017-17451/poc/nuclei/CVE-2017-17451.yaml,7e8822c533ab695d803d4872d0b56d43de610e84,CVE-2017-17451
432587463,cckuailong/reapoc,2020/CVE-2020-15500/poc/others/README.md,7ee970302095e3e44752542718cd3b46b94c66bf,CVE-2020-15500
432587463,cckuailong/reapoc,2021/CVE-2021-27651/poc/others/README.md,7ef5b2f699d3e908e46db6eb5153e584230f6e6b,CVE-2021-27651
432587463,cckuailong/reapoc,2019/CVE-2019-9618/poc/others/README.md,7f0bfb9355b10420e6875f9c2230dc6d96de26d8,CVE-2019-9618
432587463,cckuailong/reapoc,2011/CVE-2011-0049/poc/nuclei/CVE-2011-0049.yaml,7f18965401b1b1bfe5c7fe85b54f4b99f20b0a46,CVE-2011-0049
432587463,cckuailong/reapoc,2011/CVE-2011-0049/poc/nuclei/CVE-2011-0049.yaml,7f18965401b1b1bfe5c7fe85b54f4b99f20b0a46,CVE-2011-0063
432587463,cckuailong/reapoc,2011/CVE-2011-0049/poc/nuclei/CVE-2011-0049.yaml,7f18965401b1b1bfe5c7fe85b54f4b99f20b0a46,VU#363726
432587463,cckuailong/reapoc,2019/CVE-2019-11581/poc/nuclei/CVE-2019-11581.yaml,7f2151e353f28508e02a9df9f00ffe29bf1081a1,CVE-2019-11581
432587463,cckuailong/reapoc,2020/CVE-2020-7961/poc/others/README.md,7f445e8406e58fc9513ba52ec47a200fb188e323,CVE-2020-7961
432587463,cckuailong/reapoc,2012/CVE-2012-0896/poc/nuclei/CVE-2012-0896.yaml,7f46db81fccd11a28808272af5e329f11b6ce981,CVE-2012-0896
432587463,cckuailong/reapoc,2018/CVE-2018-2893/poc/nuclei/CVE-2018-2893.yaml,7f52df9dd0b4e54480badca998bd4e57ff120a07,CVE-2018-2893
432587463,cckuailong/reapoc,2019/CVE-2019-16123/poc/nuclei/CVE-2019-16123.yaml,7f84842f636cb38981a557204327a3663cb6ff0d,CVE-2019-16123
432587463,cckuailong/reapoc,2018/CVE-2018-15961/poc/nuclei/CVE-2018-15961.yaml,7fbfe211347e8817482710ae80dae6a302d3255a,CVE-2018-15961
432587463,cckuailong/reapoc,2012/CVE-2012-0896/poc/others/README.md,80203b48d4afb8bd194ac35f224039595128bd9e,CVE-2012-0896
432587463,cckuailong/reapoc,2014/CVE-2014-8799/poc/nuclei/CVE-2014-8799.yaml,804d7868e36ee42d696b8b91a7df3c7ee9440d13,CVE-2014-8799
432587463,cckuailong/reapoc,2019/CVE-2019-15858/poc/nuclei/CVE-2019-15858.yaml,804ee81224702f0da93c93719ab131baef9a7884,CVE-2019-15858
432587463,cckuailong/reapoc,2017/CVE-2017-15363/poc/nuclei/CVE-2017-15363.yaml,80813028d475a864724f454e1c75238dda24584c,CVE-2017-15363
432587463,cckuailong/reapoc,2010/CVE-2010-2050/poc/others/README.md,80a6dc11ff28d5dfeeeb24aeb7da2f3c5011b334,CVE-2010-2050
432587463,cckuailong/reapoc,2014/CVE-2014-4940/poc/others/README.md,81027e9cd1572e0dd156188b8abf1ef24c71307f,CVE-2014-4940
432587463,cckuailong/reapoc,2016/CVE-2016-4977/vultarget/poc.py,812d59be0c36424a73abf94aec83ed70a49e14f0,CVE-2016-4977
432587463,cckuailong/reapoc,2019/CVE-2019-1821/poc/others/README.md,81307089ab719887e12f611bc65c9a8afb49bb27,CVE-2019-1821
432587463,cckuailong/reapoc,2010/CVE-2010-1353/poc/nuclei/CVE-2010-1353.yaml,8154cda24f29079171e6229c1d1444938b9aca18,CVE-2010-1353
432587463,cckuailong/reapoc,2013/CVE-2013-3827/poc/others/README.md,81bb10c471ffcfcd62a4addbae3cabcf03675c80,CVE-2013-3827
432587463,cckuailong/reapoc,2021/CVE-2021-26295/poc/others/README.md,81bc98d472561fb88dafc9eb38ca9d1df1f235ca,CVE-2021-26295
432587463,cckuailong/reapoc,2020/CVE-2020-19283/poc/nuclei/CVE-2020-19283.yaml,81bd26bc2a0d46a648271d0186666e4a865be70f,CVE-2020-19283
432587463,cckuailong/reapoc,2021/CVE-2021-39327/poc/nuclei/CVE-2021-39327.yaml,81cbd5f85f5e54fb42121d184aef926830f68ee9,CVE-2021-39327
432587463,cckuailong/reapoc,2019/CVE-2019-9955/poc/nuclei/CVE-2019-9955.yaml,81d731fcfc624cee122e8f72d854703ae8dfd9ee,CVE-2019-9955
432587463,cckuailong/reapoc,2019/CVE-2019-17503/poc/nuclei/CVE-2019-17503.yaml,81e3d6fb7e822d3a1f7dc6bf091aaf4537dc314e,CVE-2019-17503
432587463,cckuailong/reapoc,2004/CVE-2004-0519/poc/nuclei/CVE-2004-0519.yaml,81f6ce28f14e923bf9d3170271eb2dc97d403fae,CVE-2004-0519
432587463,cckuailong/reapoc,2017/CVE-2017-17562/vultarget/README.md,82143dbba3df7b427f369b31f9d329aa48f35891,CVE-2017-17562
432587463,cckuailong/reapoc,2020/CVE-2020-8209/poc/others/README.md,82403bbe7e6626732fd6af093765d211f45d5e15,CVE-2020-8209
432587463,cckuailong/reapoc,2018/CVE-2018-19458/poc/others/README.md,82423beba873ecbc67469873b188faed00f96cd9,CVE-2018-19458
432587463,cckuailong/reapoc,2010/CVE-2010-0985/poc/others/README.md,82574121ce7679b2613c3f2b32a7e966027addc7,CVE-2010-0985
432587463,cckuailong/reapoc,2018/CVE-2018-7600/vultarget/docker-compose.yml,825a9d693593bc98b1fe16c3afca0342414eec44,CVE-2018-7600
432587463,cckuailong/reapoc,2020/CVE-2020-10546/poc/nuclei/CVE-2020-10546.yaml,826dcac98f6889eee391adfef513649b5420d3d5,CVE-2020-10546
432587463,cckuailong/reapoc,2021/CVE-2021-41773/vultarget/docker-compose.yml,82b162028642ba8920f0e70ea5bdee98f553cea7,CVE-2021-41773
432587463,cckuailong/reapoc,2019/CVE-2019-5418/vultarget/docker-compose.yml,82bccd469f85bdd3f89d87eff7170b76aeaa9085,CVE-2019-5418
432587463,cckuailong/reapoc,2015/CVE-2015-1880/poc/nuclei/CVE-2015-1880.yaml,82d6f60f065a862efd96e165cf64ad384464f23f,CVE-2015-1880
432587463,cckuailong/reapoc,2010/CVE-2010-2680/poc/others/README.md,82f4f879a67cafcdebe0f0ae7fef7b1e67be007e,CVE-2010-2680
432587463,cckuailong/reapoc,2016/CVE-2016-10033/vultarget/Dockerfile,832e81747f7b8ff31494b8b6a6411c1770ecfec8,CVE-2016-10033
432587463,cckuailong/reapoc,2010/CVE-2010-1473/poc/others/README.md,836ef285d4181f4f1c8017c7a97e896bc42ae7ec,CVE-2010-1473
432587463,cckuailong/reapoc,2010/CVE-2010-0972/poc/nuclei/CVE-2010-0972.yaml,838eba02fa9f8a0393b8f324eea5044ab101aea2,CVE-2010-0972
432587463,cckuailong/reapoc,2018/CVE-2018-16059/poc/others/README.md,838f1565772e459c4eb86526c5ec91ee2bf8e6ec,CVE-2018-16059
432587463,cckuailong/reapoc,2021/CVE-2021-36749/poc/others/README.md,83a13c4fc57ae544914e34a7857ce87e72f0bf96,CVE-2021-36749
432587463,cckuailong/reapoc,2020/CVE-2020-1943/poc/nuclei/CVE-2020-1943.yaml,83d8da9a4f6d02dd5a00a93a54eaef4f3d53679f,CVE-2020-1943
432587463,cckuailong/reapoc,2008/CVE-2008-2398/poc/nuclei/CVE-2008-2398.yaml,840b72885e910090b4a6bd421ca2caa8f2f3f645,CVE-2008-2398
432587463,cckuailong/reapoc,2017/CVE-2017-12615/poc/others/README.md,844e9cffed43dfb4e7243736dfaf6df559bc0eb2,CVE-2017-12615
432587463,cckuailong/reapoc,2017/CVE-2017-12615/poc/others/README.md,844e9cffed43dfb4e7243736dfaf6df559bc0eb2,CVE-2017-12717
432587463,cckuailong/reapoc,2016/CVE-2016-1000152/poc/nuclei/CVE-2016-1000152.yaml,84869fa20f8deb289011fa5580c9915efbb44648,CVE-2016-1000152
432587463,cckuailong/reapoc,2010/CVE-2010-1308/poc/nuclei/CVE-2010-1308.yaml,852976099051471cc6e6156efcb4e1423463bb9b,CVE-2010-1308
432587463,cckuailong/reapoc,2021/CVE-2021-28073/poc/xray/ntopng-cve-2021-28073.yml,853cd2d2cb3d3b7a77a71519a2ff8ddf1d83cd45,CVE-2021-28073
432587463,cckuailong/reapoc,2021/CVE-2021-34429/vultarget/READMD.zh-cn.md,8545824809e3e3a7d2e8b3677f4babe809a8350c,CVE-2021-28164
432587463,cckuailong/reapoc,2021/CVE-2021-34429/vultarget/READMD.zh-cn.md,8545824809e3e3a7d2e8b3677f4babe809a8350c,CVE-2021-34429
432587463,cckuailong/reapoc,2021/CVE-2021-24316/poc/others/README.md,85b163d51899340674a4b91ab1ab12a056ab66be,CVE-2021-24316
432587463,cckuailong/reapoc,2021/CVE-2021-34473/poc/others/README.md,85f8b40cbd98e7002915d3483c1b952072539ae8,CVE-2021-34473
432587463,cckuailong/reapoc,2013/CVE-2013-2248/poc/nuclei/CVE-2013-2248.yaml,86035417b8fd18a418c2efeff3392199a4e38e17,CVE-2013-2248
432587463,cckuailong/reapoc,2018/CVE-2018-10822/poc/others/README.md,861e14941a6aae5762471b27faccae2fd3520a88,CVE-2018-10822
432587463,cckuailong/reapoc,2021/CVE-2021-3378/poc/others/README.md,8645efe3b80576a3926277a20aca50af36cfc892,CVE-2021-3378
432587463,cckuailong/reapoc,2012/CVE-2012-4253/poc/nuclei/CVE-2012-4253.yaml,86564457bb5f14a999f662c0ccbe60fcebf639f0,CVE-2012-4253
432587463,cckuailong/reapoc,2020/CVE-2020-15129/poc/nuclei/CVE-2020-15129.yaml,86621b5413b93909386b945b09b11d8f25063610,CVE-2020-15129
432587463,cckuailong/reapoc,2008/CVE-2008-6668/poc/others/README.md,86c985bdd67595d66186294cecb4523086c1313f,CVE-2008-6668
432587463,cckuailong/reapoc,2020/CVE-2020-8512/poc/others/README.md,86d2516751ab02e73b77b7de6f2e24d2dcb09668,CVE-2020-8512
432587463,cckuailong/reapoc,2010/CVE-2010-1495/poc/others/README.md,871351369ebf139c8584cb39be645e2902967412,CVE-2010-1495
432587463,cckuailong/reapoc,2015/CVE-2015-7780/poc/nuclei/CVE-2015-7780.yaml,873a1868b03eff1bd8c673946de9211476ce0ca9,CVE-2015-7780
432587463,cckuailong/reapoc,2018/CVE-2018-2392/poc/nuclei/CVE-2018-2392.yaml,8759996cabeddd465d4266b6a96660dc70bf8fe8,CVE-2018-2393
432587463,cckuailong/reapoc,2018/CVE-2018-2392/poc/nuclei/CVE-2018-2392.yaml,8759996cabeddd465d4266b6a96660dc70bf8fe8,CVE-2018-2392
432587463,cckuailong/reapoc,2021/CVE-2021-43798/poc/xray/CVE-2021-43798.yml,8765b471834397ad68210e5a98c63f57d39468a2,CVE-2021-43798
432587463,cckuailong/reapoc,2018/CVE-2018-10823/poc/others/README.md,87aa46ccaaf67aca86ec37ace18e97201d007af4,CVE-2018-10823
432587463,cckuailong/reapoc,2019/CVE-2019-8449/poc/others/README.md,87ac526da89f16fc1e277bc5ca8a66be2a37dfd7,CVE-2019-8449
432587463,cckuailong/reapoc,2021/CVE-2021-32819/vultarget/README.md,87e4c6e0b4ec527022c33cec04361c457f4728b1,CVE-2021-32819
432587463,cckuailong/reapoc,2010/CVE-2010-2037/poc/others/README.md,880f650fd7a76ae881fd3b8aaed95583735e009c,CVE-2010-2037
432587463,cckuailong/reapoc,2020/CVE-2020-11455/poc/nuclei/CVE-2020-11455.yaml,8831d622c4f4c9f822419e8c94257e0210a23a15,CVE-2020-11455
432587463,cckuailong/reapoc,2020/CVE-2020-9496/vultarget/docker-compose.yml,88330cf2d3d949c24cd6bbc345c231fe64f8da1e,CVE-2020-9496
432587463,cckuailong/reapoc,2012/CVE-2012-0901/poc/nuclei/CVE-2012-0901.yaml,8867f84fe3b7db8d3fd2e2c0740b97d08edcb9b8,CVE-2012-0901
432587463,cckuailong/reapoc,2010/CVE-2010-0467/poc/others/README.md,887cba86700f0dd63e760b44415401d9b100a163,CVE-2010-0467
432587463,cckuailong/reapoc,2018/CVE-2018-9995/poc/nuclei/CVE-2018-9995.yaml,888918b3ac7bf80cf2bb14c638c5c8432f11b471,CVE-2018-9995
432587463,cckuailong/reapoc,2016/CVE-2016-10033/vultarget/src/phpmailer-5.2.17.zip,888c4149fdbb94694809742b79f8de76cbf0e5f6,CVE-2016-10033
432587463,cckuailong/reapoc,2010/CVE-2010-1081/poc/others/README.md,88d3bf9e59df1649745356d14ff07e7d6907cac6,CVE-2010-1081
432587463,cckuailong/reapoc,2020/CVE-2020-15920/poc/xray/mida-solutions-eframework-cve-2020-15920-rce.yml,891c16e75936b9f5e4978344b0d705218034358b,CVE-2020-15920
432587463,cckuailong/reapoc,2020/CVE-2020-15920/poc/xray/mida-solutions-eframework-cve-2020-15920-rce.yml,891c16e75936b9f5e4978344b0d705218034358b,CNNVD-202007-1517
432587463,cckuailong/reapoc,2017/CVE-2017-5521/poc/others/README.md,89228ec489bd7afbce8d46967a60be4b4f640d64,CVE-2017-5521
432587463,cckuailong/reapoc,2020/CVE-2020-7247/poc/nuclei/CVE-2020-7247.yaml,892fa8d6badb3a144e08250e7df2e296dad092e5,CVE-2020-7247
432587463,cckuailong/reapoc,2012/CVE-2012-3153/poc/nuclei/CVE-2012-3153.yaml,897f02a58a443cbab0a1ee419952f9194b85a789,CVE-2012-3153
432587463,cckuailong/reapoc,2012/CVE-2012-3153/poc/nuclei/CVE-2012-3153.yaml,897f02a58a443cbab0a1ee419952f9194b85a789,CVE-2012-3152
432587463,cckuailong/reapoc,2020/CVE-2020-3580/poc/nuclei/CVE-2020-3580.yaml,89831e161d6a962849776bbc61321131cc0865a5,CVE-2020-3580
432587463,cckuailong/reapoc,2021/CVE-2021-22122/poc/nuclei/CVE-2021-22122.yaml,89858d78f5f53008f17521baed2e67f209562fce,CVE-2021-22122
432587463,cckuailong/reapoc,2019/CVE-2019-19781/poc/nuclei/CVE-2019-19781.yaml,8985ed9eb3f6dff7ec8d136a38b5b8bde45f1fa7,CVE-2019-19781
432587463,cckuailong/reapoc,2011/CVE-2011-4618/poc/nuclei/CVE-2011-4618.yaml,89c78bd29cbb8b41f27cc8ff54c177ebe4e262b2,CVE-2011-4618
432587463,cckuailong/reapoc,2016/CVE-2016-4977/vultarget/README.zh-cn.md,89c7d9511ab2fc8ffcaf5b3073ccd2b5b0a426a7,CVE-2016-4977
432587463,cckuailong/reapoc,2010/CVE-2010-3203/poc/others/README.md,8a171a58ff7a2889a4d5e76219db2b1ea0f8cd38,CVE-2010-3203
432587463,cckuailong/reapoc,2020/CVE-2020-14882/vultarget/docker-compose.yml,8a222c4fde7df29d8f0c09fb221b9f1e790b5c6f,CVE-2020-14882
432587463,cckuailong/reapoc,2019/CVE-2019-8982/poc/nuclei/CVE-2019-8982.yaml,8a2528c61d4adc2f895ac2e4f43ef16048d3cb9e,CVE-2019-8982
432587463,cckuailong/reapoc,2015/CVE-2015-8399/poc/others/README.md,8a2b53d86f639fcb111a43d9756b7652f5a1bd13,CVE-2015-8399
432587463,cckuailong/reapoc,2010/CVE-2010-1469/poc/nuclei/CVE-2010-1469.yaml,8a2e8988724ecee46ff6c8257c331ffdf842574c,CVE-2010-1469
432587463,cckuailong/reapoc,2010/CVE-2010-1982/poc/nuclei/CVE-2010-1982.yaml,8a349da5a50b0b4faaa2b3897bb221b49bc304a0,CVE-2010-1982
432587463,cckuailong/reapoc,2016/CVE-2016-8527/poc/others/README.md,8a453634b5ab129920e1c171a5550cbac2f7c411,CVE-2016-8527
432587463,cckuailong/reapoc,2009/CVE-2009-0545/poc/others/README.md,8a4a61f92d05d38d73b651232509de5154e9d3d7,CVE-2009-0545
432587463,cckuailong/reapoc,2012/CVE-2012-1823/poc/xray/CVE-2012-1823.yml,8a65b397b552e03cb8a3261c03d6dbc668d4d929,CVE-2012-1823
432587463,cckuailong/reapoc,2009/README.md,8a709dc7a66b316347dfcf07c25ad2f1db9ccaaa,CVE-2009-1872
432587463,cckuailong/reapoc,2009/README.md,8a709dc7a66b316347dfcf07c25ad2f1db9ccaaa,CVE-2009-4679
432587463,cckuailong/reapoc,2009/README.md,8a709dc7a66b316347dfcf07c25ad2f1db9ccaaa,CVE-2009-4202
432587463,cckuailong/reapoc,2009/README.md,8a709dc7a66b316347dfcf07c25ad2f1db9ccaaa,CVE-2009-0932
432587463,cckuailong/reapoc,2009/README.md,8a709dc7a66b316347dfcf07c25ad2f1db9ccaaa,CVE-2009-1151
432587463,cckuailong/reapoc,2009/README.md,8a709dc7a66b316347dfcf07c25ad2f1db9ccaaa,CVE-2009-4223
432587463,cckuailong/reapoc,2009/README.md,8a709dc7a66b316347dfcf07c25ad2f1db9ccaaa,CVE-2009-1496
432587463,cckuailong/reapoc,2009/README.md,8a709dc7a66b316347dfcf07c25ad2f1db9ccaaa,CVE-2009-2100
432587463,cckuailong/reapoc,2009/README.md,8a709dc7a66b316347dfcf07c25ad2f1db9ccaaa,CVE-2009-1558
432587463,cckuailong/reapoc,2009/README.md,8a709dc7a66b316347dfcf07c25ad2f1db9ccaaa,CVE-2009-2015
432587463,cckuailong/reapoc,2009/README.md,8a709dc7a66b316347dfcf07c25ad2f1db9ccaaa,CVE-2009-3053
432587463,cckuailong/reapoc,2009/README.md,8a709dc7a66b316347dfcf07c25ad2f1db9ccaaa,CVE-2009-5114
432587463,cckuailong/reapoc,2009/README.md,8a709dc7a66b316347dfcf07c25ad2f1db9ccaaa,CVE-2009-0545
432587463,cckuailong/reapoc,2009/README.md,8a709dc7a66b316347dfcf07c25ad2f1db9ccaaa,CVE-2009-3318
432587463,cckuailong/reapoc,2020/CVE-2020-36289/poc/nuclei/CVE-2020-36289.yaml,8a97a626be7cd73e65f7fcddeb4b967211453a3b,CVE-2020-36289
432587463,cckuailong/reapoc,2018/CVE-2018-3760/vultarget/README.zh-cn.md,8ab166381143350093419cdbe21e682e1ccbe892,CVE-2018-3760
432587463,cckuailong/reapoc,2018/CVE-2018-20470/poc/nuclei/CVE-2018-20470.yaml,8ab2eee565557080b8722b0d94c52db59c085bb6,CVE-2018-20470
432587463,cckuailong/reapoc,2021/CVE-2021-3019/vultarget/docker-compose.yml,8ac09d6441f4c203edfd0280b2268063c5b36161,CVE-2021-3019
432587463,cckuailong/reapoc,2021/CVE-2021-21972/poc/nuclei/CVE-2021-21972.yaml,8af5efc2768cd43185a4d6577e4b5522ea077b71,CVE-2021-21972
432587463,cckuailong/reapoc,2018/CVE-2018-3714/poc/nuclei/CVE-2018-3714.yaml,8b396fd642477a8408dd0b2f9ccec101f4aff34f,CVE-2018-3714
432587463,cckuailong/reapoc,2020/CVE-2020-26413/poc/xray/CVE-2020-26413.yml,8b55c930a63726e1ae88bf93cde09b946bd778f8,CVE-2020-26413
432587463,cckuailong/reapoc,2020/CVE-2020-26413/poc/xray/CVE-2020-26413.yml,8b55c930a63726e1ae88bf93cde09b946bd778f8,CNVD-2021-14193
432587463,cckuailong/reapoc,2017/CVE-2017-16806/poc/nuclei/CVE-2017-16806.yaml,8be271396d0cd1ef63f0f311d9b6a891847c84cf,CVE-2017-16806
432587463,cckuailong/reapoc,2018/CVE-2018-15473/vultarget/Dockerfile,8be2e916a0d98d6bf28551fe4802fc85c6e371b8,CVE-2018-15473
432587463,cckuailong/reapoc,2013/CVE-2013-2248/poc/others/README.md,8be34442fd120069d6bb9537181d7c3157b6e24d,CVE-2013-2248
432587463,cckuailong/reapoc,2021/CVE-2021-41773/poc/nuclei/CVE-2021-41773.yaml,8c4797c7e41b6cb255251bc936a0cbc51da2d3cf,CVE-2021-41773
432587463,cckuailong/reapoc,2019/CVE-2019-10068/poc/nuclei/CVE-2019-10068.yaml,8c6da65bf3b6d624a761538f05578b27c97d8db1,CVE-2019-10068
432587463,cckuailong/reapoc,2018/CVE-2018-0296/poc/nuclei/CVE-2018-0296.yaml,8c78e7e1af00749c2d172683d00bf7088ce94713,CVE-2018-0296
432587463,cckuailong/reapoc,2010/CVE-2010-0972/poc/others/README.md,8c95d941381af9c2851ff718a6cf4d11369bc95f,CVE-2010-0972
432587463,cckuailong/reapoc,2010/CVE-2010-1345/poc/others/README.md,8d59401aff51ecf1a7f19f35b4fd93ae5b1e5101,CVE-2010-1345
432587463,cckuailong/reapoc,2016/CVE-2016-4977/poc/xray/CVE-2016-4977.yml,8da062a5815918f585dfb61a899d7a2621b2f0b6,CVE-2016-4977
432587463,cckuailong/reapoc,2016/CVE-2016-10960/poc/nuclei/CVE-2016-10960.yaml,8defa1f61c401bddc105608036e2fb677a2b60dd,CVE-2016-10960
432587463,cckuailong/reapoc,2020/CVE-2020-15148/poc/nuclei/CVE-2020-15148.yaml,8e290759325f53329b2d056fab4cc3d469871318,CVE-2020-15148
432587463,cckuailong/reapoc,2018/CVE-2018-10737/poc/xray/CVE-2018-10737.yml,8e6dea092633c2c73ad96e800ccda892d46a8802,CVE-2018-10737
432587463,cckuailong/reapoc,2019/CVE-2019-16920/poc/nuclei/CVE-2019-16920.yaml,8e8f590e5c50e2b5e5ad40652d0b34d25b2ec02d,CVE-2019-16920
432587463,cckuailong/reapoc,2010/CVE-2010-1535/poc/others/README.md,8ea6aeb66dbf63f96d01eab670e7f5ae29780798,CVE-2010-1535
432587463,cckuailong/reapoc,2002/README.md,8eae13cf501d128202ef2981b6c385d6cb4ac0ba,CVE-2002-1131
432587463,cckuailong/reapoc,2021/CVE-2021-34371/vultarget/rhino_gadget/src/main/java/Utils/Gadgets.java,8eb5ac513a9481012ce82b578bbc4b888ad8c635,CVE-2021-34371
432587463,cckuailong/reapoc,2020/CVE-2020-5776/poc/nuclei/CVE-2020-5776.yaml,8eba64beedc91701a50baac2bccc211325487c3f,CVE-2020-5776
432587463,cckuailong/reapoc,2018/CVE-2018-3760/poc/nuclei/CVE-2018-3760.yaml,8ececdd009ea9b79d3e4ca73d3967fe3a6165263,CVE-2018-3760
432587463,cckuailong/reapoc,2019/CVE-2019-5418/poc/nuclei/CVE-2019-5418.yaml,8ed2ac4268194e107648ee4a7cf54086a326a5f7,CVE-2019-5418
432587463,cckuailong/reapoc,2020/CVE-2020-5284/poc/xray/CVE-2020-5284.yml,8eebf204ec930a731e0455c6984e4429f1870acb,CNNVD-202003-1728
432587463,cckuailong/reapoc,2020/CVE-2020-5284/poc/xray/CVE-2020-5284.yml,8eebf204ec930a731e0455c6984e4429f1870acb,CVE-2020-5284
432587463,cckuailong/reapoc,2020/CVE-2020-11547/poc/others/README.md,8f316be7392ca8475863f1685aede4a38cb76e9d,CVE-2020-11547
432587463,cckuailong/reapoc,2014/CVE-2014-4513/poc/nuclei/CVE-2014-4513.yaml,8f409abb04e179d41c9790726146e07bb19975bd,CVE-2014-4513
432587463,cckuailong/reapoc,2010/CVE-2010-1955/poc/nuclei/CVE-2010-1955.yaml,8f52cae382bcd15f32dab8886ced3254be8241eb,CVE-2010-1955
432587463,cckuailong/reapoc,2019/CVE-2019-1821/poc/nuclei/CVE-2019-1821.yaml,8f5b15602a8908add048c256cb41586690e5d117,CVE-2019-1821
432587463,cckuailong/reapoc,2019/CVE-2019-2725/poc/others/README.md,8f5b2c94277a93f90cbc6b4a3d927808752e303b,CNNVD-201904-961
432587463,cckuailong/reapoc,2019/CVE-2019-2725/poc/others/README.md,8f5b2c94277a93f90cbc6b4a3d927808752e303b,CVE-2019-2725
432587463,cckuailong/reapoc,2019/CVE-2019-2725/poc/others/README.md,8f5b2c94277a93f90cbc6b4a3d927808752e303b,CNVD-2019-48814
432587463,cckuailong/reapoc,2020/CVE-2020-35951/poc/nuclei/CVE-2020-35951.yaml,8f6a8d363851fd12ab93edc12f6119fd9ed64e86,CVE-2020-35951
432587463,cckuailong/reapoc,2015/CVE-2015-2807/poc/nuclei/CVE-2015-2807.yaml,8f7a334156b6c112750dfc1f4ef3a4eb48b779c5,CVE-2015-2807
432587463,cckuailong/reapoc,2010/CVE-2010-1658/poc/nuclei/CVE-2010-1658.yaml,8fde47185da126c0f2e4e6323ac2333d86cc7d87,CVE-2010-1658
432587463,cckuailong/reapoc,2021/CVE-2021-34429/vultarget/docker-compose.yml,902dc552f2da31a5bb791ca8535d664fcc7b946a,CVE-2021-34429
432587463,cckuailong/reapoc,2020/CVE-2020-3452/poc/others/README.md,9060c0a585e8b3854e2f489dc350eb4230aef039,CVE-2020-3452
432587463,cckuailong/reapoc,2020/CVE-2020-15227/poc/nuclei/CVE-2020-15227.yaml,906dba2d86b93fe464c2ef40e9a5ff09eabb5686,CVE-2020-15227
432587463,cckuailong/reapoc,2010/CVE-2010-2128/poc/nuclei/CVE-2010-2128.yaml,90dca4b554c8855165f2d4f26fdec259b723223f,CVE-2010-2128
432587463,cckuailong/reapoc,2017/CVE-2017-17562/vultarget/docker-compose.yml,90e6d6da0d5ed6627f13f4e3c6588fbb68934f95,CVE-2017-17562
432587463,cckuailong/reapoc,2019/CVE-2019-15889/poc/nuclei/CVE-2019-15889.yaml,91506aaf6331c25e160ca8e84b591e1367924d37,CVE-2019-15889
432587463,cckuailong/reapoc,2020/CVE-2020-8193/poc/xray/CVE-2020-8193.yml,916b32a74afd0b4b1b3b367c4f1ccfdd45e11419,CVE-2020-8193
432587463,cckuailong/reapoc,2018/CVE-2018-1273/vultarget/README.md,91bc19e96a1da823002cfcea9f13c290ecfd4ca1,CVE-2018-1273
432587463,cckuailong/reapoc,2016/CVE-2016-10134/vultarget/database/002_images.sql,91f64d4e980ebad3e8535c217c14d9006e9f6c2e,CVE-2016-10134
432587463,cckuailong/reapoc,2013/README.md,92107a71e4a941f23712f3bd06356c65f7b48d99,CVE-2013-2248
432587463,cckuailong/reapoc,2013/README.md,92107a71e4a941f23712f3bd06356c65f7b48d99,CVE-2013-1965
432587463,cckuailong/reapoc,2013/README.md,92107a71e4a941f23712f3bd06356c65f7b48d99,CVE-2013-5528
432587463,cckuailong/reapoc,2013/README.md,92107a71e4a941f23712f3bd06356c65f7b48d99,CVE-2013-2287
432587463,cckuailong/reapoc,2013/README.md,92107a71e4a941f23712f3bd06356c65f7b48d99,CVE-2013-3526
432587463,cckuailong/reapoc,2013/README.md,92107a71e4a941f23712f3bd06356c65f7b48d99,CVE-2013-3827
432587463,cckuailong/reapoc,2013/README.md,92107a71e4a941f23712f3bd06356c65f7b48d99,CVE-2013-4117
432587463,cckuailong/reapoc,2013/README.md,92107a71e4a941f23712f3bd06356c65f7b48d99,CVE-2013-2251
432587463,cckuailong/reapoc,2013/README.md,92107a71e4a941f23712f3bd06356c65f7b48d99,CVE-2013-4625
432587463,cckuailong/reapoc,2013/README.md,92107a71e4a941f23712f3bd06356c65f7b48d99,CVE-2013-7240
432587463,cckuailong/reapoc,2013/README.md,92107a71e4a941f23712f3bd06356c65f7b48d99,CVE-2013-5979
432587463,cckuailong/reapoc,2021/CVE-2021-32305/poc/others/README.md,92176e0b45708b456aa93a57366fc366cc622c89,CVE-2021-32305
432587463,cckuailong/reapoc,2010/CVE-2010-1307/poc/others/README.md,9220a0b49c68c9e2f8fb872b662c3f7cf9be83fb,CVE-2010-1307
432587463,cckuailong/reapoc,2015/CVE-2015-2080/poc/nuclei/CVE-2015-2080.yaml,923c04ad4aaa07261d6b8b156dbc9de7de4f2161,CVE-2015-2080
432587463,cckuailong/reapoc,2010/CVE-2010-2861/vultarget/README.zh-cn.md,9275160d31a7c4b14c4f96f4206f8ade735d7ed9,CVE-2010-2861
432587463,cckuailong/reapoc,2009/CVE-2009-4202/poc/others/README.md,92ce52e9aebe66ab917cf5a5e50500cfc937e833,CVE-2009-4202
432587463,cckuailong/reapoc,2010/CVE-2010-1977/poc/nuclei/CVE-2010-1977.yaml,92d675a558ebfc89faeaddba4e8b29cb954260a8,CVE-2010-1977
432587463,cckuailong/reapoc,2021/CVE-2021-22205/poc/nuclei/CVE-2021-22205.yaml,92d68376287b340a9219b3369ce9941ea7ce8b21,CVE-2021-22205
432587463,cckuailong/reapoc,2012/README.md,92e50bd9097ca46e38268294956461f21d47d004,CVE-2012-0996
432587463,cckuailong/reapoc,2012/README.md,92e50bd9097ca46e38268294956461f21d47d004,CVE-2012-0991
432587463,cckuailong/reapoc,2012/README.md,92e50bd9097ca46e38268294956461f21d47d004,CVE-2012-0981
432587463,cckuailong/reapoc,2012/README.md,92e50bd9097ca46e38268294956461f21d47d004,CVE-2012-0896
432587463,cckuailong/reapoc,2012/README.md,92e50bd9097ca46e38268294956461f21d47d004,CVE-2012-1823
432587463,cckuailong/reapoc,2012/README.md,92e50bd9097ca46e38268294956461f21d47d004,CVE-2012-1835
432587463,cckuailong/reapoc,2012/README.md,92e50bd9097ca46e38268294956461f21d47d004,CVE-2012-1226
432587463,cckuailong/reapoc,2012/README.md,92e50bd9097ca46e38268294956461f21d47d004,CVE-2012-0392
432587463,cckuailong/reapoc,2012/README.md,92e50bd9097ca46e38268294956461f21d47d004,CVE-2012-3153
432587463,cckuailong/reapoc,2012/README.md,92e50bd9097ca46e38268294956461f21d47d004,CVE-2012-4242
432587463,cckuailong/reapoc,2012/README.md,92e50bd9097ca46e38268294956461f21d47d004,CVE-2012-4273
432587463,cckuailong/reapoc,2012/README.md,92e50bd9097ca46e38268294956461f21d47d004,CVE-2012-4768
432587463,cckuailong/reapoc,2012/README.md,92e50bd9097ca46e38268294956461f21d47d004,CVE-2012-4878
432587463,cckuailong/reapoc,2012/README.md,92e50bd9097ca46e38268294956461f21d47d004,CVE-2012-4889
432587463,cckuailong/reapoc,2012/README.md,92e50bd9097ca46e38268294956461f21d47d004,CVE-2012-4940
432587463,cckuailong/reapoc,2012/README.md,92e50bd9097ca46e38268294956461f21d47d004,CVE-2012-5913
432587463,cckuailong/reapoc,2012/README.md,92e50bd9097ca46e38268294956461f21d47d004,CVE-2012-2371
432587463,cckuailong/reapoc,2012/README.md,92e50bd9097ca46e38268294956461f21d47d004,CVE-2012-4253
432587463,cckuailong/reapoc,2012/README.md,92e50bd9097ca46e38268294956461f21d47d004,CVE-2012-0901
432587463,cckuailong/reapoc,2019/CVE-2019-17564/vultarget/README.zh-cn.md,92f8249974935b9dc14b0c3d844e03ec99b25020,CVE-2019-17564
432587463,cckuailong/reapoc,2020/CVE-2020-9496/poc/nuclei/CVE-2020-9496.yaml,9325051f0fa32bfb93f1f06dcb3c2cceb9a3bdb9,CVE-2020-9496
432587463,cckuailong/reapoc,2019/README.md,933490eb10b9bc17fc8a07e9f469c55c1a08cfdb,CVE-2019-6340
432587463,cckuailong/reapoc,2019/README.md,933490eb10b9bc17fc8a07e9f469c55c1a08cfdb,CVE-2019-8982
432587463,cckuailong/reapoc,2019/README.md,933490eb10b9bc17fc8a07e9f469c55c1a08cfdb,CVE-2019-8937
432587463,cckuailong/reapoc,2019/README.md,933490eb10b9bc17fc8a07e9f469c55c1a08cfdb,CVE-2019-8903
432587463,cckuailong/reapoc,2019/README.md,933490eb10b9bc17fc8a07e9f469c55c1a08cfdb,CVE-2019-11581
432587463,cckuailong/reapoc,2019/README.md,933490eb10b9bc17fc8a07e9f469c55c1a08cfdb,CVE-2019-17270
432587463,cckuailong/reapoc,2019/README.md,933490eb10b9bc17fc8a07e9f469c55c1a08cfdb,CVE-2019-3403
432587463,cckuailong/reapoc,2019/README.md,933490eb10b9bc17fc8a07e9f469c55c1a08cfdb,CVE-2019-3799
432587463,cckuailong/reapoc,2019/README.md,933490eb10b9bc17fc8a07e9f469c55c1a08cfdb,CVE-2019-3929
432587463,cckuailong/reapoc,2019/README.md,933490eb10b9bc17fc8a07e9f469c55c1a08cfdb,CVE-2019-14312
432587463,cckuailong/reapoc,2019/README.md,933490eb10b9bc17fc8a07e9f469c55c1a08cfdb,CVE-2019-11580
432587463,cckuailong/reapoc,2019/README.md,933490eb10b9bc17fc8a07e9f469c55c1a08cfdb,CVE-2019-14223
432587463,cckuailong/reapoc,2019/README.md,933490eb10b9bc17fc8a07e9f469c55c1a08cfdb,CVE-2019-14205
432587463,cckuailong/reapoc,2019/README.md,933490eb10b9bc17fc8a07e9f469c55c1a08cfdb,CVE-2019-11510
432587463,cckuailong/reapoc,2019/README.md,933490eb10b9bc17fc8a07e9f469c55c1a08cfdb,CVE-2019-5127
432587463,cckuailong/reapoc,2019/README.md,933490eb10b9bc17fc8a07e9f469c55c1a08cfdb,CVE-2019-11248
432587463,cckuailong/reapoc,2019/README.md,933490eb10b9bc17fc8a07e9f469c55c1a08cfdb,CVE-2019-11869
432587463,cckuailong/reapoc,2019/README.md,933490eb10b9bc17fc8a07e9f469c55c1a08cfdb,CVE-2019-14322
432587463,cckuailong/reapoc,2019/README.md,933490eb10b9bc17fc8a07e9f469c55c1a08cfdb,CVE-2019-9041
432587463,cckuailong/reapoc,2019/README.md,933490eb10b9bc17fc8a07e9f469c55c1a08cfdb,CVE-2019-17382
432587463,cckuailong/reapoc,2019/README.md,933490eb10b9bc17fc8a07e9f469c55c1a08cfdb,CVE-2019-12593
432587463,cckuailong/reapoc,2019/README.md,933490eb10b9bc17fc8a07e9f469c55c1a08cfdb,CVE-2019-14696
432587463,cckuailong/reapoc,2019/README.md,933490eb10b9bc17fc8a07e9f469c55c1a08cfdb,CVE-2019-12461
432587463,cckuailong/reapoc,2019/README.md,933490eb10b9bc17fc8a07e9f469c55c1a08cfdb,CVE-2019-9618
432587463,cckuailong/reapoc,2019/README.md,933490eb10b9bc17fc8a07e9f469c55c1a08cfdb,CVE-2019-17503
432587463,cckuailong/reapoc,2019/README.md,933490eb10b9bc17fc8a07e9f469c55c1a08cfdb,CVE-2019-12314
432587463,cckuailong/reapoc,2019/README.md,933490eb10b9bc17fc8a07e9f469c55c1a08cfdb,CVE-2019-12276
432587463,cckuailong/reapoc,2019/README.md,933490eb10b9bc17fc8a07e9f469c55c1a08cfdb,CVE-2019-5128
432587463,cckuailong/reapoc,2019/README.md,933490eb10b9bc17fc8a07e9f469c55c1a08cfdb,CVE-2019-14470
432587463,cckuailong/reapoc,2019/README.md,933490eb10b9bc17fc8a07e9f469c55c1a08cfdb,CVE-2019-16663
432587463,cckuailong/reapoc,2019/README.md,933490eb10b9bc17fc8a07e9f469c55c1a08cfdb,CVE-2019-17418
432587463,cckuailong/reapoc,2019/README.md,933490eb10b9bc17fc8a07e9f469c55c1a08cfdb,CVE-2019-3396
432587463,cckuailong/reapoc,2019/README.md,933490eb10b9bc17fc8a07e9f469c55c1a08cfdb,CVE-2019-3401
432587463,cckuailong/reapoc,2019/README.md,933490eb10b9bc17fc8a07e9f469c55c1a08cfdb,CVE-2019-16759
432587463,cckuailong/reapoc,2019/README.md,933490eb10b9bc17fc8a07e9f469c55c1a08cfdb,CVE-2019-3402
432587463,cckuailong/reapoc,2019/README.md,933490eb10b9bc17fc8a07e9f469c55c1a08cfdb,CVE-2019-16525
432587463,cckuailong/reapoc,2019/README.md,933490eb10b9bc17fc8a07e9f469c55c1a08cfdb,CVE-2019-16332
432587463,cckuailong/reapoc,2019/README.md,933490eb10b9bc17fc8a07e9f469c55c1a08cfdb,CVE-2019-5129
432587463,cckuailong/reapoc,2019/README.md,933490eb10b9bc17fc8a07e9f469c55c1a08cfdb,CVE-2019-12725
432587463,cckuailong/reapoc,2019/README.md,933490eb10b9bc17fc8a07e9f469c55c1a08cfdb,CVE-2019-11013
432587463,cckuailong/reapoc,2019/README.md,933490eb10b9bc17fc8a07e9f469c55c1a08cfdb,CVE-2019-7275
432587463,cckuailong/reapoc,2019/README.md,933490eb10b9bc17fc8a07e9f469c55c1a08cfdb,CVE-2019-0221
432587463,cckuailong/reapoc,2019/README.md,933490eb10b9bc17fc8a07e9f469c55c1a08cfdb,CVE-2019-7256
432587463,cckuailong/reapoc,2019/README.md,933490eb10b9bc17fc8a07e9f469c55c1a08cfdb,CVE-2019-16997
432587463,cckuailong/reapoc,2019/README.md,933490eb10b9bc17fc8a07e9f469c55c1a08cfdb,CVE-2019-16662
432587463,cckuailong/reapoc,2019/README.md,933490eb10b9bc17fc8a07e9f469c55c1a08cfdb,CVE-2019-7254
432587463,cckuailong/reapoc,2019/README.md,933490eb10b9bc17fc8a07e9f469c55c1a08cfdb,CVE-2019-9733
432587463,cckuailong/reapoc,2019/README.md,933490eb10b9bc17fc8a07e9f469c55c1a08cfdb,CVE-2019-0230
432587463,cckuailong/reapoc,2019/README.md,933490eb10b9bc17fc8a07e9f469c55c1a08cfdb,CVE-2019-7238
432587463,cckuailong/reapoc,2019/README.md,933490eb10b9bc17fc8a07e9f469c55c1a08cfdb,CVE-2019-13101
432587463,cckuailong/reapoc,2019/README.md,933490eb10b9bc17fc8a07e9f469c55c1a08cfdb,CVE-2019-13392
432587463,cckuailong/reapoc,2019/README.md,933490eb10b9bc17fc8a07e9f469c55c1a08cfdb,CVE-2019-7219
432587463,cckuailong/reapoc,2019/README.md,933490eb10b9bc17fc8a07e9f469c55c1a08cfdb,CVE-2019-14974
432587463,cckuailong/reapoc,2019/README.md,933490eb10b9bc17fc8a07e9f469c55c1a08cfdb,CVE-2019-7192
432587463,cckuailong/reapoc,2019/README.md,933490eb10b9bc17fc8a07e9f469c55c1a08cfdb,CVE-2019-16996
432587463,cckuailong/reapoc,2019/README.md,933490eb10b9bc17fc8a07e9f469c55c1a08cfdb,CVE-2019-6715
432587463,cckuailong/reapoc,2019/README.md,933490eb10b9bc17fc8a07e9f469c55c1a08cfdb,CVE-2019-0193
432587463,cckuailong/reapoc,2019/README.md,933490eb10b9bc17fc8a07e9f469c55c1a08cfdb,CVE-2019-13462
432587463,cckuailong/reapoc,2019/README.md,933490eb10b9bc17fc8a07e9f469c55c1a08cfdb,CVE-2019-9978
432587463,cckuailong/reapoc,2019/README.md,933490eb10b9bc17fc8a07e9f469c55c1a08cfdb,CVE-2019-9670
432587463,cckuailong/reapoc,2019/README.md,933490eb10b9bc17fc8a07e9f469c55c1a08cfdb,CVE-2019-16920
432587463,cckuailong/reapoc,2019/README.md,933490eb10b9bc17fc8a07e9f469c55c1a08cfdb,CVE-2019-8451
432587463,cckuailong/reapoc,2019/README.md,933490eb10b9bc17fc8a07e9f469c55c1a08cfdb,CVE-2019-8449
432587463,cckuailong/reapoc,2019/README.md,933490eb10b9bc17fc8a07e9f469c55c1a08cfdb,CVE-2019-10758
432587463,cckuailong/reapoc,2019/README.md,933490eb10b9bc17fc8a07e9f469c55c1a08cfdb,CVE-2019-8446
432587463,cckuailong/reapoc,2019/README.md,933490eb10b9bc17fc8a07e9f469c55c1a08cfdb,CVE-2019-1653
432587463,cckuailong/reapoc,2019/README.md,933490eb10b9bc17fc8a07e9f469c55c1a08cfdb,CVE-2019-10475
432587463,cckuailong/reapoc,2019/README.md,933490eb10b9bc17fc8a07e9f469c55c1a08cfdb,CVE-2019-7481
432587463,cckuailong/reapoc,2019/README.md,933490eb10b9bc17fc8a07e9f469c55c1a08cfdb,CVE-2019-5418
432587463,cckuailong/reapoc,2019/README.md,933490eb10b9bc17fc8a07e9f469c55c1a08cfdb,CVE-2019-10232
432587463,cckuailong/reapoc,2019/README.md,933490eb10b9bc17fc8a07e9f469c55c1a08cfdb,CVE-2019-1010287
432587463,cckuailong/reapoc,2019/README.md,933490eb10b9bc17fc8a07e9f469c55c1a08cfdb,CVE-2019-7609
432587463,cckuailong/reapoc,2019/README.md,933490eb10b9bc17fc8a07e9f469c55c1a08cfdb,CVE-2019-6112
432587463,cckuailong/reapoc,2019/README.md,933490eb10b9bc17fc8a07e9f469c55c1a08cfdb,CVE-2019-10092
432587463,cckuailong/reapoc,2019/README.md,933490eb10b9bc17fc8a07e9f469c55c1a08cfdb,CVE-2019-10068
432587463,cckuailong/reapoc,2019/README.md,933490eb10b9bc17fc8a07e9f469c55c1a08cfdb,CVE-2019-7543
432587463,cckuailong/reapoc,2019/README.md,933490eb10b9bc17fc8a07e9f469c55c1a08cfdb,CVE-2019-8442
432587463,cckuailong/reapoc,2019/README.md,933490eb10b9bc17fc8a07e9f469c55c1a08cfdb,CVE-2019-2729
432587463,cckuailong/reapoc,2019/README.md,933490eb10b9bc17fc8a07e9f469c55c1a08cfdb,CVE-2019-17564
432587463,cckuailong/reapoc,2019/README.md,933490eb10b9bc17fc8a07e9f469c55c1a08cfdb,CVE-2019-2767
432587463,cckuailong/reapoc,2019/README.md,933490eb10b9bc17fc8a07e9f469c55c1a08cfdb,CVE-2019-15107
432587463,cckuailong/reapoc,2019/README.md,933490eb10b9bc17fc8a07e9f469c55c1a08cfdb,CVE-2019-19134
432587463,cckuailong/reapoc,2019/README.md,933490eb10b9bc17fc8a07e9f469c55c1a08cfdb,CVE-2019-19368
432587463,cckuailong/reapoc,2019/README.md,933490eb10b9bc17fc8a07e9f469c55c1a08cfdb,CVE-2019-16097
432587463,cckuailong/reapoc,2019/README.md,933490eb10b9bc17fc8a07e9f469c55c1a08cfdb,CVE-2019-19781
432587463,cckuailong/reapoc,2019/README.md,933490eb10b9bc17fc8a07e9f469c55c1a08cfdb,CVE-2019-12616
432587463,cckuailong/reapoc,2019/README.md,933490eb10b9bc17fc8a07e9f469c55c1a08cfdb,CVE-2019-19824
432587463,cckuailong/reapoc,2019/README.md,933490eb10b9bc17fc8a07e9f469c55c1a08cfdb,CVE-2019-2725
432587463,cckuailong/reapoc,2019/README.md,933490eb10b9bc17fc8a07e9f469c55c1a08cfdb,CVE-2019-2588
432587463,cckuailong/reapoc,2019/README.md,933490eb10b9bc17fc8a07e9f469c55c1a08cfdb,CVE-2019-17506
432587463,cckuailong/reapoc,2019/README.md,933490eb10b9bc17fc8a07e9f469c55c1a08cfdb,CVE-2019-19908
432587463,cckuailong/reapoc,2019/README.md,933490eb10b9bc17fc8a07e9f469c55c1a08cfdb,CVE-2019-15501
432587463,cckuailong/reapoc,2019/README.md,933490eb10b9bc17fc8a07e9f469c55c1a08cfdb,CVE-2019-19985
432587463,cckuailong/reapoc,2019/README.md,933490eb10b9bc17fc8a07e9f469c55c1a08cfdb,CVE-2019-15889
432587463,cckuailong/reapoc,2019/README.md,933490eb10b9bc17fc8a07e9f469c55c1a08cfdb,CVE-2019-20085
432587463,cckuailong/reapoc,2019/README.md,933490eb10b9bc17fc8a07e9f469c55c1a08cfdb,CVE-2019-15859
432587463,cckuailong/reapoc,2019/README.md,933490eb10b9bc17fc8a07e9f469c55c1a08cfdb,CVE-2019-20141
432587463,cckuailong/reapoc,2019/README.md,933490eb10b9bc17fc8a07e9f469c55c1a08cfdb,CVE-2019-15858
432587463,cckuailong/reapoc,2019/README.md,933490eb10b9bc17fc8a07e9f469c55c1a08cfdb,CVE-2019-20183
432587463,cckuailong/reapoc,2019/README.md,933490eb10b9bc17fc8a07e9f469c55c1a08cfdb,CVE-2019-15713
432587463,cckuailong/reapoc,2019/README.md,933490eb10b9bc17fc8a07e9f469c55c1a08cfdb,CVE-2019-20224
432587463,cckuailong/reapoc,2019/README.md,933490eb10b9bc17fc8a07e9f469c55c1a08cfdb,CVE-2019-2578
432587463,cckuailong/reapoc,2019/README.md,933490eb10b9bc17fc8a07e9f469c55c1a08cfdb,CVE-2019-2579
432587463,cckuailong/reapoc,2019/README.md,933490eb10b9bc17fc8a07e9f469c55c1a08cfdb,CVE-2019-16313
432587463,cckuailong/reapoc,2019/README.md,933490eb10b9bc17fc8a07e9f469c55c1a08cfdb,CVE-2019-2616
432587463,cckuailong/reapoc,2019/README.md,933490eb10b9bc17fc8a07e9f469c55c1a08cfdb,CVE-2019-18922
432587463,cckuailong/reapoc,2019/README.md,933490eb10b9bc17fc8a07e9f469c55c1a08cfdb,CVE-2019-18818
432587463,cckuailong/reapoc,2019/README.md,933490eb10b9bc17fc8a07e9f469c55c1a08cfdb,CVE-2019-17538
432587463,cckuailong/reapoc,2019/README.md,933490eb10b9bc17fc8a07e9f469c55c1a08cfdb,CVE-2019-16123
432587463,cckuailong/reapoc,2019/README.md,933490eb10b9bc17fc8a07e9f469c55c1a08cfdb,CVE-2019-15043
432587463,cckuailong/reapoc,2019/README.md,933490eb10b9bc17fc8a07e9f469c55c1a08cfdb,CVE-2019-16278
432587463,cckuailong/reapoc,2019/README.md,933490eb10b9bc17fc8a07e9f469c55c1a08cfdb,CVE-2019-1821
432587463,cckuailong/reapoc,2019/README.md,933490eb10b9bc17fc8a07e9f469c55c1a08cfdb,CVE-2019-9955
432587463,cckuailong/reapoc,2019/README.md,933490eb10b9bc17fc8a07e9f469c55c1a08cfdb,CVE-2019-17558
432587463,cckuailong/reapoc,2019/README.md,933490eb10b9bc17fc8a07e9f469c55c1a08cfdb,CVE-2019-18393
432587463,cckuailong/reapoc,2019/README.md,933490eb10b9bc17fc8a07e9f469c55c1a08cfdb,CVE-2019-18394
432587463,cckuailong/reapoc,2021/CVE-2021-33807/poc/nuclei/CVE-2021-33807.yaml,935a0b1989644eb15740212636081718b743a96a,CVE-2021-33807
432587463,cckuailong/reapoc,2019/CVE-2019-7238/vultarget/README.md,9387799aaa7a1ff33bd50b2fccc18929c99357cc,CVE-2019-7238
432587463,cckuailong/reapoc,2013/CVE-2013-4117/poc/nuclei/CVE-2013-4117.yaml,938bb4cc6abf35f041848b8c0be03703e6e9ca59,CVE-2013-4117
432587463,cckuailong/reapoc,2021/CVE-2021-3129/poc/others/README.md,9391be416979032f68760f80a3e15a8f303373fa,CVE-2021-3129
432587463,cckuailong/reapoc,2017/CVE-2017-10271/poc/xray/CVE-2017-10271.yml,9398276ee04d5d9309774b3ba02ec9fff9deeedb,CVE-2017-10271
432587463,cckuailong/reapoc,2021/CVE-2021-35464/vultarget/README.md,93cbbb6f4660c71f2bb016ab8090538f13c721ed,CVE-2021-35464
432587463,cckuailong/reapoc,2011/CVE-2011-5107/poc/nuclei/CVE-2011-5107.yaml,93ce7a5f1614dc2b5d4de43e0be163fabb7ba91f,CVE-2011-5107
432587463,cckuailong/reapoc,2017/CVE-2017-12615/vultarget/docker-compose.yml,93cf86c9fb1e29a670d4a35518df533c1030a5e5,CVE-2017-12615
432587463,cckuailong/reapoc,2020/CVE-2020-35598/poc/nuclei/CVE-2020-35598.yaml,943f2c7fc69ca06949244b8675fdc944f39fda4f,CVE-2020-35598
432587463,cckuailong/reapoc,2002/CVE-2002-1131/poc/nuclei/CVE-2002-1131.yaml,945a1724a4159b5a3900440491e77d76a178a906,CVE-2002-1131
432587463,cckuailong/reapoc,2021/CVE-2021-1497/poc/others/README.md,9478045ab005a5e87ee0c4a9acb79ee0d65ff544,CVE-2021-1497
432587463,cckuailong/reapoc,2018/CVE-2018-16836/poc/nuclei/CVE-2018-16836.yaml,94dc6774ce5468530e8ba75d0712371205a131df,CVE-2018-16836
432587463,cckuailong/reapoc,2021/CVE-2021-24176/poc/nuclei/CVE-2021-24176.yaml,9501b1c3e719af305f6d01578dc0ad47c276442d,CVE-2021-24176
432587463,cckuailong/reapoc,2017/CVE-2017-9841/vultarget/README.zh-cn.md,9502db782bdefaf7daeae76acb7881f8e78d0ed5,CVE-2017-9841
432587463,cckuailong/reapoc,2019/CVE-2019-5418/vultarget/Dockerfile,95c70ba3d24f3df9c755c0bcc675d1c7ca8873f1,CVE-2019-5418
432587463,cckuailong/reapoc,2019/CVE-2019-17564/vultarget/docker-compose.yml,95c9cc1dba3459d71b40d9c30bae0c5d1045146f,CVE-2019-17564
432587463,cckuailong/reapoc,2018/CVE-2018-7600/vultarget/README.zh-cn.md,95d1651955e2f1dd7199f2c5ff1791475446b46d,CVE-2018-7600
432587463,cckuailong/reapoc,2021/CVE-2021-37580/poc/others/README.md,95d4b5dabbabf65ebc9311d6ad6557badef45957,CVE-2021-37580
432587463,cckuailong/reapoc,2020/CVE-2020-7980/poc/xray/CVE-2020-7980.yml,962447ed05eb2f38c2d8b5653a27eaf495540d23,CVE-2020-7980
432587463,cckuailong/reapoc,2018/CVE-2018-10093/poc/nuclei/CVE-2018-10093.yaml,9639282f66f6fcd2122b2de46095c9c89ca644c4,CVE-2018-10093
432587463,cckuailong/reapoc,2020/CVE-2020-13942/vultarget/README.zh-cn.md,966cbb90d3f0cd80733cfd21867de2e2a2b2ebf5,CVE-2020-13942
432587463,cckuailong/reapoc,2018/CVE-2018-15517/poc/nuclei/CVE-2018-15517.yaml,96b06f41517580d5d5a2dcab0c8edcd05fe43524,CVE-2018-15517
432587463,cckuailong/reapoc,2021/CVE-2021-30049/poc/nuclei/CVE-2021-30049.yaml,96e2e5553ef5be778d9a830f18c30bab0b2c3108,CVE-2021-30049
432587463,cckuailong/reapoc,2019/CVE-2019-10475/poc/others/README.md,96eb458b6a7bd89d084e2dfdf8a4881cfe247aa2,CVE-2019-10475
432587463,cckuailong/reapoc,2018/CVE-2018-18778/vultarget/docker-compose.yml,971fcf37a0d6327272f66ed56350cc2d4ce03d30,CVE-2018-18778
432587463,cckuailong/reapoc,2010/CVE-2010-1540/poc/others/README.md,974368017fd3467f3ce86255ed8c9365874bf5e7,CVE-2010-1540
432587463,cckuailong/reapoc,2017/CVE-2017-9841/vultarget/README.md,974d1b0408c016e893ba2ed0f3559421629fcf89,CVE-2017-9841
432587463,cckuailong/reapoc,2018/CVE-2018-12634/poc/others/README.md,97837ffa2773b9a424cbd76b5da5c33b61d255ec,CVE-2018-12634
432587463,cckuailong/reapoc,2010/CVE-2010-1957/poc/others/README.md,97841bc1efa01cdc88857f0f849fd9b2d2d6902b,CVE-2010-1957
432587463,cckuailong/reapoc,2020/CVE-2020-8163/vultarget/README.md,97a4cb17d91f49224fa262a65ef7be5c1ad87e0f,CVE-2020-8163
432587463,cckuailong/reapoc,2017/CVE-2017-9841/poc/nuclei/CVE-2017-9841.yaml,97ac4236b2b7a2262b05d53fc4967f536fc67a71,CVE-2017-9841
432587463,cckuailong/reapoc,2021/CVE-2021-25281/poc/nuclei/CVE-2021-25281.yaml,97aeec0480d0509727155f8d9b60e6cfe320bd18,CVE-2021-25281
432587463,cckuailong/reapoc,2010/CVE-2010-1353/poc/others/README.md,9803cd672beb6bbc7516711864b78e594f3af01b,CVE-2010-1353
432587463,cckuailong/reapoc,2021/CVE-2021-21234/poc/xray/spring-boot-actuator-logview-read-file-cve-2021-21234.yml,980f07d05aade7c016cef8fb4f2c04f37b5e1a9f,CVE-2021-21234
432587463,cckuailong/reapoc,2021/CVE-2021-24495/poc/nuclei/CVE-2021-24495.yaml,9820d0842651e258d0511e990e2a36803b81422c,CVE-2021-24495
432587463,cckuailong/reapoc,2021/CVE-2021-44427/poc/nuclei/CVE-2021-44427.yaml,9824b8fbe5b486608e9e1294d6c6147cf67cc422,CVE-2021-44427
432587463,cckuailong/reapoc,2018/CVE-2018-7700/poc/nuclei/CVE-2018-7700.yaml,984621262b9f03f42ec625ad6065caed153307b0,CVE-2018-7700
432587463,cckuailong/reapoc,2020/CVE-2020-15500/poc/nuclei/CVE-2020-15500.yaml,98784f530f66410a0a164a7d0fafe96071d3ba65,CVE-2020-15500
432587463,cckuailong/reapoc,2018/CVE-2018-1273/poc/nuclei/CVE-2018-1273.yaml,987e0537e40468b426626b305213a702a0498954,CVE-2018-1273
432587463,cckuailong/reapoc,2019/CVE-2019-12461/poc/others/README.md,987efce6d42876aeb651eedbf81fb0cfef898f8d,CVE-2019-12461
432587463,cckuailong/reapoc,2017/CVE-2017-11610/vultarget/Dockerfile,9883d2269c5e50e9f12f2699688ca3d9eaf42ed2,CVE-2017-11610
432587463,cckuailong/reapoc,2016/CVE-2016-1000140/poc/nuclei/CVE-2016-1000140.yaml,98945e01ed2b98381485b7ac22ea265fd7971136,CVE-2016-1000140
432587463,cckuailong/reapoc,2010/CVE-2010-2861/poc/nuclei/CVE-2010-2861.yaml,98ad0d28a860755f1e028ed6f47b0e9f49f53650,CVE-2010-2861
432587463,cckuailong/reapoc,2012/CVE-2012-1226/poc/nuclei/CVE-2012-1226.yaml,98fb06db256964fb94d488eea2c89a398d2d5b05,CVE-2012-1226
432587463,cckuailong/reapoc,2017/CVE-2017-12615/poc/nuclei/CVE-2017-12615.yaml,992375de778ade7066316a16bd55ba41c4b55bb4,CVE-2017-12615
432587463,cckuailong/reapoc,2010/CVE-2010-1470/poc/nuclei/CVE-2010-1470.yaml,993ba5f9c1cdc075a7bee7926b3a95571426e30a,CVE-2010-1470
432587463,cckuailong/reapoc,2013/CVE-2013-2287/poc/others/README.md,9962779783d1bb1db0250fd6fa3d17c5fb6125bd,CVE-2013-2287
432587463,cckuailong/reapoc,2017/CVE-2017-17562/vultarget/README.zh-cn.md,9986fe571eace6f57be8fd9024139db107f14d04,CVE-2017-17562
432587463,cckuailong/reapoc,2010/CVE-2010-1603/poc/others/README.md,998ae4932a02afc9029d40993c5574a268fcfd91,CVE-2010-1603
432587463,cckuailong/reapoc,2012/CVE-2012-2371/poc/nuclei/CVE-2012-2371.yaml,99a241d5fcfbe850dd71e8ff1556bb52172adb84,CVE-2012-2371
432587463,cckuailong/reapoc,2019/CVE-2019-14974/poc/others/README.md,99a69dcfa1fa6d52168c01109c9d9f2d187e1b9c,CVE-2019-14974
432587463,cckuailong/reapoc,2021/CVE-2021-20092/poc/nuclei/CVE-2021-20092.yaml,99a89f915a104a800b18a1edb4e5a1baf18659a7,CVE-2021-20092
432587463,cckuailong/reapoc,2021/CVE-2021-20092/poc/nuclei/CVE-2021-20092.yaml,99a89f915a104a800b18a1edb4e5a1baf18659a7,CVE-2021-20090
432587463,cckuailong/reapoc,2021/CVE-2021-20092/poc/nuclei/CVE-2021-20092.yaml,99a89f915a104a800b18a1edb4e5a1baf18659a7,CVE-2021-20091
432587463,cckuailong/reapoc,2012/CVE-2012-0996/poc/nuclei/CVE-2012-0996.yaml,99b312312b111049b477bb3ca90da5dd8a9fddae,CVE-2012-0996
432587463,cckuailong/reapoc,2020/CVE-2020-28188/poc/nuclei/CVE-2020-28188.yaml,99cebc2e33c7d28bc1fba1d1b6a0cb2a2e7f4074,CVE-2020-28188
432587463,cckuailong/reapoc,2020/CVE-2020-9402/vultarget/src/CVE20209402/settings.py,99d71301e710bcacdbcea670d98475561d8d66cc,CVE-2020-9402
432587463,cckuailong/reapoc,2021/CVE-2021-34370/poc/nuclei/CVE-2021-34370.yaml,9a0b4a672d69ed993873d255d7e33f59fac0cb6d,CVE-2021-34370
432587463,cckuailong/reapoc,2020/CVE-2020-22840/poc/nuclei/CVE-2020-22840.yaml,9a3b5d42ae50c45ad8656af0e07206b6d16e872c,CVE-2020-22840
432587463,cckuailong/reapoc,2010/CVE-2010-2682/poc/nuclei/CVE-2010-2682.yaml,9a9947ac43499df97ae59e1024271bb7d0db3965,CVE-2010-2682
432587463,cckuailong/reapoc,2019/CVE-2019-19985/poc/nuclei/CVE-2019-19985.yaml,9abad8efef3ec6363849b52ae81810d806742cf6,CVE-2019-19985
432587463,cckuailong/reapoc,2020/CVE-2020-13942/vultarget/README.md,9acfaea1f63d60365645372c302a6739c21b8cbd,CVE-2020-13942
432587463,cckuailong/reapoc,2017/CVE-2017-0929/poc/nuclei/CVE-2017-0929.yaml,9ad76920203cee26099f10802e30851773c93e43,CVE-2017-0929
432587463,cckuailong/reapoc,2017/CVE-2017-14849/vultarget/www/app.js,9af9b9d395317acb2ca2de282afeff6a33211943,CVE-2017-14849
432587463,cckuailong/reapoc,2010/CVE-2010-1475/poc/others/README.md,9b4888901508b474c59dd9cd3430dc6ccfe585ff,CVE-2010-1475
432587463,cckuailong/reapoc,2017/CVE-2017-11610/poc/nuclei/CVE-2017-11610.yaml,9b70e6d540af927e8c983491f859e6bd7a6d7491,CVE-2017-11610
432587463,cckuailong/reapoc,2021/CVE-2021-3654/poc/nuclei/CVE-2021-3654.yaml,9b7c8e3286098bcf6ab9ade20184214e01cda9e5,CVE-2021-3654
432587463,cckuailong/reapoc,2015/CVE-2015-5531/vultarget/README.md,9b8c899f9e33ca63cc56ffb02a2987fb17708565,CVE-2015-5531
432587463,cckuailong/reapoc,2021/CVE-2021-24406/poc/nuclei/CVE-2021-24406.yaml,9be70ac79d5d3714e44c7bf86e20acf30aa967f8,CVE-2021-24406
432587463,cckuailong/reapoc,2021/CVE-2021-35042/vultarget/web/vuln/models.py,9c0d1826618f1a1a8faae69e18b69074b8eb4607,CVE-2021-35042
432587463,cckuailong/reapoc,2012/CVE-2012-1823/vultarget/README.md,9c3e1ac469772eb250db80532aa0d3a6773ce0f8,CVE-2012-2311
432587463,cckuailong/reapoc,2012/CVE-2012-1823/vultarget/README.md,9c3e1ac469772eb250db80532aa0d3a6773ce0f8,CVE-2012-1823
432587463,cckuailong/reapoc,2021/CVE-2021-40978/poc/nuclei/CVE-2021-40978.yaml,9c3ec3ce7ad1cc5bf755c67a1d30cbec160507e0,CVE-2021-40978
432587463,cckuailong/reapoc,2020/CVE-2020-3580/poc/others/README.md,9c5211cd999229ffe5675860b2f45deb7de09127,CVE-2020-3580
432587463,cckuailong/reapoc,2010/CVE-2010-2128/poc/others/README.md,9c99cf5f652e4ffdb9821030dced49f282ca50b8,CVE-2010-2128
432587463,cckuailong/reapoc,2008/CVE-2008-6668/poc/nuclei/CVE-2008-6668.yaml,9cf4b9bbaabf90607ce20d66a0efb1fa0f614912,CVE-2008-6668
432587463,cckuailong/reapoc,2011/CVE-2011-2744/poc/nuclei/CVE-2011-2744.yaml,9d6b6d8ccdaede5d35f6cfb4744c70a151fdc282,CVE-2011-2744
432587463,cckuailong/reapoc,2019/CVE-2019-16996/poc/xray/CVE-2019-16996.yml,9dc967bfd01f79d89c01c8768000f7f3a3ba5777,CVE-2019-16996
432587463,cckuailong/reapoc,2017/CVE-2017-12794/vultarget/xss/migrations/0001_initial.py,9dce3d4c30d7a6c6f1d070a6b058c92098175e54,CVE-2017-12794
432587463,cckuailong/reapoc,2020/CVE-2020-21224/poc/nuclei/CVE-2020-21224.yaml,9de593698e37cfdc8ba07e962d772a5f1feaab5f,CVE-2020-21224
432587463,cckuailong/reapoc,2016/CVE-2016-1000146/poc/nuclei/CVE-2016-1000146.yaml,9e08d6903b53f6a56bfe702980c9919df9da9bcc,CVE-2016-1000146
432587463,cckuailong/reapoc,2019/CVE-2019-9041/poc/others/README.md,9e27a2607bef7c98e8bfc73009c236a447508a35,CVE-2019-9041
432587463,cckuailong/reapoc,2020/CVE-2020-3452/poc/xray/CVE-2020-3452.yml,9e34f9835774f993f594f7216508838d763b5726,CVE-2020-3452
432587463,cckuailong/reapoc,2016/CVE-2016-6277/poc/others/README.md,9e5b0cc555f7e94cc5943d1e0eeacbd3eceeffaf,CVE-2016-6277
432587463,cckuailong/reapoc,2008/CVE-2008-6080/poc/others/README.md,9e61ae3eac4b2cdc7b766f9dc6100af289d2a2ea,CVE-2008-6080
432587463,cckuailong/reapoc,2021/CVE-2021-28164/vultarget/docker-compose.yml,9e6db57578bc29b06875bc0e57a35d3c2d5aab92,CVE-2021-28164
432587463,cckuailong/reapoc,2020/CVE-2020-9402/vultarget/src/vuln/apps.py,9e99c4e7076d8f3ad987f41e8f3df1aed702baee,CVE-2020-9402
432587463,cckuailong/reapoc,2015/CVE-2015-3306/poc/others/README.md,9eaaf2543a5c451f10f2040241220eda8f099fca,CVE-2015-3306
432587463,cckuailong/reapoc,2021/CVE-2021-38647/poc/nuclei/CVE-2021-38647.yaml,9ec5674271d0c616266b9d4568a7d169d79ecab8,CVE-2021-38647
432587463,cckuailong/reapoc,2020/CVE-2020-17519/poc/others/README.md,9ee3e29b954d776b66a3d040228163a55d9cadfb,CVE-2020-17519
432587463,cckuailong/reapoc,2017/CVE-2017-9822/poc/nuclei/CVE-2017-9822.yaml,9ef5e604cfbada22e59d1c6e531f5938e7bc5bf5,CVE-2017-9822
432587463,cckuailong/reapoc,2020/CVE-2020-7247/vultarget/README.md,9efdd08f3e6d63198542e67f1261dbd878232372,CVE-2020-7247
432587463,cckuailong/reapoc,2020/CVE-2020-8191/poc/nuclei/CVE-2020-8191.yaml,9f15eb36dc6a032892fda377d63ed3355acc78d5,CVE-2020-8191
432587463,cckuailong/reapoc,2016/CVE-2016-10033/vultarget/src/index.php,9f45d37da274dccaea2d7c2fc1791cd09c3b137a,CVE-2016-10033
432587463,cckuailong/reapoc,2021/CVE-2021-3019/vultarget/README.md,9f583a593753f348888ff2aaddb9ceaa19b4ac1f,CVE-2021-3019
432587463,cckuailong/reapoc,2021/CVE-2021-24316/poc/nuclei/CVE-2021-24316.yaml,9f9105c663c6c341b33ee9f723f37876c0fdaa6d,CVE-2021-24316
432587463,cckuailong/reapoc,2010/CVE-2010-1718/poc/nuclei/CVE-2010-1718.yaml,9fe1671a5cb00c0be39718b2b169a7dc15de58be,CVE-2010-1718
432587463,cckuailong/reapoc,2016/CVE-2016-0957/poc/nuclei/CVE-2016-0957.yaml,9ff98d85d9162b9984aef8d1ba6ed372c1b9f693,CVE-2016-0957
432587463,cckuailong/reapoc,2020/CVE-2020-21224/poc/others/README.md,9ffcde9cb6f451f59b81349b7441d704b7064d6b,CVE-2020-21224
432587463,cckuailong/reapoc,2018/CVE-2018-8770/poc/xray/CVE-2018-8770.yml,a0040ad76302b230b1a4312ed8c985d05eb1d1ab,CVE-2018-8770
432587463,cckuailong/reapoc,2018/CVE-2018-11686/poc/others/README.md,a00bc37c38c8741bec9f3f6be3ce8bd1d1fa8f74,CVE-2018-11686
432587463,cckuailong/reapoc,2010/CVE-2010-2036/poc/others/README.md,a04bb2d48f5f825ddc408059185885d7b2ddba2d,CVE-2010-2036
432587463,cckuailong/reapoc,2021/CVE-2021-41648/poc/others/README.md,a053b3e2846e27533295b4e8dcb2b838593dd0e4,CVE-2021-41648
432587463,cckuailong/reapoc,2021/CVE-2021-26084/vultarget/docker-compose.yml,a08c2306d2b7905c1ea9c9665f51d8b5f7636d86,CVE-2021-26084
432587463,cckuailong/reapoc,2021/CVE-2021-34371/vultarget/rhino_gadget/src/main/java/Neo4jAttacker.java,a09c3088ab26da87ae300c7a003301bc651026c3,CVE-2021-34371
432587463,cckuailong/reapoc,2011/CVE-2011-4804/poc/others/README.md,a0c933cf41b941c1415c99a6a4660a2de8f4b9ce,CVE-2011-4804
432587463,cckuailong/reapoc,2021/CVE-2021-41381/poc/others/README.md,a196d47546129ad6009a4ca1d33fcae8a89e2df3,CVE-2021-41381
432587463,cckuailong/reapoc,2017/CVE-2017-9506/poc/others/README.md,a1c06f8ed21f696a6b63a2eb34469eb9152cdf4a,CVE-2017-9506
432587463,cckuailong/reapoc,2017/CVE-2017-5521/poc/xray/CVE-2017-5521.yml,a1f4934e10951fbdf4f8ff1ddcf8f017c30eed80,CVE-2017-5521
432587463,cckuailong/reapoc,2019/CVE-2019-12276/poc/nuclei/CVE-2019-12276.yaml,a20ca9f5f29755ee0c22daa6e10a34e71e7d69c8,CVE-2019-12276
432587463,cckuailong/reapoc,2018/CVE-2018-11759/poc/others/README.md,a22f68416259bd293e7fd14425f13e08845fadb3,CVE-2018-11759
432587463,cckuailong/reapoc,2018/CVE-2018-2893/poc/others/README.md,a2368c9b841b1a82aef3f389f3e6999ef7b3fcb6,CVE-2018-2893
432587463,cckuailong/reapoc,2018/CVE-2018-12031/poc/nuclei/CVE-2018-12031.yaml,a2871d22b521ad234c911619cee369425f692366,CVE-2018-12031
432587463,cckuailong/reapoc,2021/CVE-2021-40868/poc/others/README.md,a2d0378ead8372f88dd249d39f77d819b27fe025,CVE-2021-40868
432587463,cckuailong/reapoc,2021/CVE-2021-30461/poc/xray/volpmonitor-cve-2021-30461.yml,a3bc1b0a25be80478a59b805447ed7911451d398,CVE-2021-30461
432587463,cckuailong/reapoc,2012/CVE-2012-4889/poc/nuclei/CVE-2012-4889.yaml,a3cb7edea454bad414f61ec681f34dcfefa73e75,CVE-2012-4889
432587463,cckuailong/reapoc,2012/CVE-2012-4889/poc/nuclei/CVE-2012-4889.yaml,a3cb7edea454bad414f61ec681f34dcfefa73e75,BID-52841
432587463,cckuailong/reapoc,2011/CVE-2011-4336/poc/others/README.md,a3cf87088d36ad24923664a907d3a81dedaa79fe,CVE-2011-4336
432587463,cckuailong/reapoc,2013/CVE-2013-3526/poc/others/README.md,a3d3f76fbe0996934dd87e70beed85f5660f62a5,CVE-2013-3526
432587463,cckuailong/reapoc,2021/CVE-2021-35042/vultarget/README.md,a3e2851cf0410333e7c0a6663325b230dfb4c4ac,CVE-2021-35042
432587463,cckuailong/reapoc,2014/CVE-2014-6308/poc/others/README.md,a401dc2c3d841a822c3e384e6d50453094078447,CVE-2014-6308
432587463,cckuailong/reapoc,2020/CVE-2020-14181/poc/xray/CVE-2020-14181.yml,a42d4b50e5b02918769d7e77262bdcafce60827f,CVE-2020-14181
432587463,cckuailong/reapoc,2016/CVE-2016-2389/poc/nuclei/CVE-2016-2389.yaml,a44073212f1809306f168d4f08848702ab579e86,CVE-2016-2389
432587463,cckuailong/reapoc,2019/CVE-2019-7238/poc/xray/CVE-2019-7238.yml,a44d1c3504fffd2fa47c9bf713e6f62fe7e8ac51,CVE-2019-7238
432587463,cckuailong/reapoc,2018/CVE-2018-16299/poc/nuclei/CVE-2018-16299.yaml,a45bd3d95b291f9d74478c23d247d5991b044f85,CVE-2018-16299
432587463,cckuailong/reapoc,2020/CVE-2020-13483/poc/nuclei/CVE-2020-13483.yaml,a46e8ed078f149f1266ae47dd5e066344e538356,CVE-2020-13483
432587463,cckuailong/reapoc,2021/CVE-2021-24235/poc/nuclei/CVE-2021-24235.yaml,a49385cae82aa6697a67122cf0a48536df05270e,CVE-2021-24235
432587463,cckuailong/reapoc,2017/CVE-2017-16806/poc/others/README.md,a4c5da11eea93f10f2573b671ecb7a65d50720cc,CVE-2017-16806
432587463,cckuailong/reapoc,2021/CVE-2021-28073/vultarget/poc.py,a4fd1f8957f789686c9a293c74ce6188865d2ad1,CVE-2021-28073
432587463,cckuailong/reapoc,2021/CVE-2021-28810/vultarget/poc.py,a4fd1f8957f789686c9a293c74ce6188865d2ad1,CVE-2021-28810
432587463,cckuailong/reapoc,2010/CVE-2010-1056/poc/others/README.md,a5b3a8eff1cca11beea85224bbcafc124cd654aa,CVE-2010-1056
432587463,cckuailong/reapoc,2020/CVE-2020-9047/poc/others/README.md,a5cd910df6cd5ebed732516fcedf458597d1f7dc,CVE-2020-9047
432587463,cckuailong/reapoc,2017/CVE-2017-9506/poc/nuclei/CVE-2017-9506.yaml,a5cef0905427b303a7e4f0eaa119b3ebf52af7d8,CVE-2017-9506
432587463,cckuailong/reapoc,2018/CVE-2018-14574/vultarget/app.py,a5d054f6cd6882f94132c8e0517d1e21cfd255d8,CVE-2018-14574
432587463,cckuailong/reapoc,2019/CVE-2019-6340/poc/others/README.md,a5f6df8dc47df6e35f781a1a6fc1d161abd98e2b,CVE-2019-6340
432587463,cckuailong/reapoc,2019/CVE-2019-16759/poc/xray/CVE-2019-16759.yml,a66ffb8ea81269a0b619a98bd624d52413a5c9ad,CVE-2019-16759
432587463,cckuailong/reapoc,2010/CVE-2010-1471/poc/others/README.md,a67532f3b1ed3395c2c7a40d544474e50fb07149,CVE-2010-1471
432587463,cckuailong/reapoc,2019/CVE-2019-7192/poc/xray/CVE-2019-7192.yml,a6ab2a4a2295ab8213d042a5e97c1591dc5c4d85,CVE-2019-7192
432587463,cckuailong/reapoc,2019/CVE-2019-9978/poc/others/README.md,a6ae3d8393f4eafae0399b6c8cb0b5214aecb4cb,CVE-2019-9978
432587463,cckuailong/reapoc,2019/CVE-2019-14696/poc/others/README.md,a6af1c0f082135b1f16e9a43f6400291cbfe3467,CVE-2019-14696
432587463,cckuailong/reapoc,2017/CVE-2017-18024/poc/nuclei/CVE-2017-18024.yaml,a7050e9d98e7640e9ea486d64a5726c2ee7ff107,CVE-2017-18024
432587463,cckuailong/reapoc,2019/CVE-2019-19781/poc/xray/CVE-2019-19781.yml,a7080a6ff3cad8d81e0504a8c577aed43b6c0631,CVE-2019-19781
432587463,cckuailong/reapoc,2020/CVE-2020-17530/poc/nuclei/CVE-2020-17530.yaml,a715c46270bdad37364d93545b0d131410ff0192,CVE-2020-17530
432587463,cckuailong/reapoc,2016/CVE-2016-6210/poc/nuclei/CVE-2016-6210.yaml,a7ad8d7471c34f919ba64da0d04be5454824bc3b,CVE-2016-6210
432587463,cckuailong/reapoc,2016/CVE-2016-10924/poc/nuclei/CVE-2016-10924.yaml,a7ce25f183db461db9b588fd1c6446412fa96bb7,CVE-2016-10924
432587463,cckuailong/reapoc,2015/CVE-2015-8399/poc/nuclei/CVE-2015-8399.yaml,a7dd2c3774b61daf1ba309f6b46cb543acedd81c,CVE-2015-8399
432587463,cckuailong/reapoc,2019/CVE-2019-8903/poc/others/README.md,a7fbfee612c35010c3f0f92f76773f26062c146d,CVE-2019-8903
432587463,cckuailong/reapoc,2019/CVE-2019-2579/poc/nuclei/CVE-2019-2579.yaml,a8279be0bbecda28588b27dbdc1e43e533908b44,CVE-2019-2579
432587463,cckuailong/reapoc,2021/CVE-2021-29203/poc/nuclei/CVE-2021-29203.yaml,a82fa62169113306f6b38fdd389f1733996c0837,CVE-2021-29203
432587463,cckuailong/reapoc,2011/CVE-2011-3315/poc/others/README.md,a84b33df5c2a2efdbe83e5158c50c3f7f89f0616,CVE-2011-3315
432587463,cckuailong/reapoc,2019/CVE-2019-20085/poc/others/README.md,a85f0f127dbc367b36dbf5127e01b40e472b0df3,CVE-2019-20085
432587463,cckuailong/reapoc,2019/CVE-2019-7192/poc/others/README.md,a87d15b918ee688d7f3d4325ecccaf26db4886b5,CVE-2019-7192
432587463,cckuailong/reapoc,2013/CVE-2013-5979/poc/others/README.md,a883741d45cb640eade8f89faf2322a15b0df85d,CVE-2013-5979
432587463,cckuailong/reapoc,2015/CVE-2015-7377/poc/nuclei/CVE-2015-7377.yaml,a8accac2c2512b3c8796a0b18c55ee4bd8a29278,CVE-2015-7377
432587463,cckuailong/reapoc,2018/CVE-2018-7600/poc/others/README.md,a8f2ef963710cdd534dc6190f98f44d4165e92ef,CVE-2018-7600
432587463,cckuailong/reapoc,2020/CVE-2020-5847/poc/nuclei/CVE-2020-5847.yaml,a8f36a8122592694d04c0fb8814f6eeec96b5c69,CVE-2020-5849
432587463,cckuailong/reapoc,2020/CVE-2020-5847/poc/nuclei/CVE-2020-5847.yaml,a8f36a8122592694d04c0fb8814f6eeec96b5c69,CVE-2020-5847
432587463,cckuailong/reapoc,2021/CVE-2021-28169/vultarget/src/css/base.css,a912315573e56a5b65540b9251cd4b6d52756fff,CVE-2021-28169
432587463,cckuailong/reapoc,2014/CVE-2014-2962/poc/nuclei/CVE-2014-2962.yaml,a93123dfdfe71c3bd48abb5096d99fd1c06df24f,CVE-2014-2962
432587463,cckuailong/reapoc,2010/CVE-2010-1718/poc/others/README.md,a941bb2f431dfa38ab320e7cc80040b4ad941172,CVE-2010-1718
432587463,cckuailong/reapoc,2017/CVE-2017-9805/poc/others/README.md,a96b43590aa2be9db06918e16548e6aae6f45286,CVE-2017-9805
432587463,cckuailong/reapoc,2019/CVE-2019-12314/poc/nuclei/CVE-2019-12314.yaml,a99253e3e74f804f38377d8cdf2bf2870e33c8d4,CVE-2019-12314
432587463,cckuailong/reapoc,2021/CVE-2021-26084/poc/nuclei/CVE-2021-26084.yaml,a99f8105ab58b22b5f6a8cc3b6244916202bc6ed,CVE-2021-26084
432587463,cckuailong/reapoc,2016/CVE-2016-3088/vultarget/README.md,a9e153072386cd9650f8c174e8244b9ba051363f,CVE-2016-3088
432587463,cckuailong/reapoc,2010/CVE-2010-2034/poc/nuclei/CVE-2010-2034.yaml,aa50ccdfe93a54429e7eb7d982e4052336a47c40,CVE-2010-2034
432587463,cckuailong/reapoc,2010/CVE-2010-2033/poc/others/README.md,aa9149208d4cdc2180adc643b30753cabab64edb,CVE-2010-2033
432587463,cckuailong/reapoc,2010/CVE-2010-1354/poc/others/README.md,aa94beb0a0b160b470c586d806ceb55223dc404a,CVE-2010-1354
432587463,cckuailong/reapoc,2018/CVE-2018-12054/poc/others/README.md,aa9da6e7ee4ec9897c46286af491afc42f1186bd,CVE-2018-12054
432587463,cckuailong/reapoc,2011/CVE-2011-5106/poc/others/README.md,aaac36b0045d367783d7df70325095448ccaaeab,CVE-2011-5106
432587463,cckuailong/reapoc,2019/CVE-2019-11869/poc/nuclei/CVE-2019-11869.yaml,aab8f2fbb717228a4ed01d60788d6501e43b1c41,CVE-2019-11869
432587463,cckuailong/reapoc,2016/CVE-2016-10033/vultarget/exp.sh,aac37e53a953b49c67c0a598b750003cd35e1ebb,CVE-2016-10033
432587463,cckuailong/reapoc,2019/CVE-2019-7256/poc/nuclei/CVE-2019-7256.yaml,aaeab268e85ff4db4f2a031d72461aef26843acd,CVE-2019-7256
432587463,cckuailong/reapoc,2016/CVE-2016-1000154/poc/nuclei/CVE-2016-1000154.yaml,aaf7f99882984fdb7b4a02003e6190d9e6b32a77,CVE-2016-1000154
432587463,cckuailong/reapoc,2018/CVE-2018-1000861/vultarget/poc.py,ab00a71db22421651b5874b54557052ce6eb8067,CVE-2019-1003005
432587463,cckuailong/reapoc,2018/CVE-2018-1000861/vultarget/poc.py,ab00a71db22421651b5874b54557052ce6eb8067,CVE-2018-1000861
432587463,cckuailong/reapoc,2020/CVE-2020-35846/poc/others/README.md,ab09dc63e17b04eb4ce3cda4e71a72d7e9f16315,CVE-2020-35846
432587463,cckuailong/reapoc,2021/CVE-2021-43778/poc/nuclei/CVE-2021-43778.yaml,ab22101ec99b9d4a4aa64aae45e33da3562a711c,CVE-2021-43778
432587463,cckuailong/reapoc,2020/CVE-2020-14179/poc/nuclei/CVE-2020-14179.yaml,ab25d75870708e3c0c675b59e0915b5dc1408ffb,CVE-2020-14179
432587463,cckuailong/reapoc,2016/CVE-2016-5649/poc/nuclei/CVE-2016-5649.yaml,ab31209d6e6eb1526af186fd63ddcd46216330e2,CVE-2016-5649
432587463,cckuailong/reapoc,2020/CVE-2020-5410/poc/others/README.md,ab41643fd1d6df3a8fd91210a1d5c350209d36dc,CVE-2020-5410
432587463,cckuailong/reapoc,2010/CVE-2010-0759/poc/others/README.md,ab7a2fc37c5dfa0bcf7d59afb1930e6fe60ed8d7,CVE-2010-0759
432587463,cckuailong/reapoc,2020/CVE-2020-14750/poc/others/README.md,ab7f671cd16ad60f18b8c46ad663139e2c463afd,CVE-2020-14750
432587463,cckuailong/reapoc,2020/CVE-2020-12800/poc/others/README.md,abac3bb17612f380e03ffe2ec44e4623ab5898b1,CVE-2020-12800
432587463,cckuailong/reapoc,2018/CVE-2018-7662/poc/xray/CVE-2018-7662.yml,abbeca49ad0a77d74f7848bdee41eadfb4ddf7bf,CVE-2018-7662
432587463,cckuailong/reapoc,2015/CVE-2015-4414/poc/nuclei/CVE-2015-4414.yaml,abc92e1feabab4bf6aed1dcf913c877f68326fb3,CVE-2015-4414
432587463,cckuailong/reapoc,2018/CVE-2018-16763/poc/nuclei/CVE-2018-16763.yaml,abde2e9b0e04fb0c3d9f01f9cb0778f269296676,CVE-2018-16763
432587463,cckuailong/reapoc,2013/CVE-2013-1965/poc/nuclei/CVE-2013-1965.yaml,ac093a93dc01b57877aae9427bb1a70c3eb2ade2,CVE-2013-1965
432587463,cckuailong/reapoc,2021/CVE-2021-3019/poc/nuclei/CVE-2021-3019.yaml,ac461c4e2c6666c870a8e30976460f7d6860e968,CVE-2021-3019
432587463,cckuailong/reapoc,2018/CVE-2018-19127/poc/others/README.md,ac7e38d8b1d83f51c117049b0de7a13256bb7fb0,CVE-2018-19127
432587463,cckuailong/reapoc,2021/CVE-2021-28810/vultarget/README.md,ac7fb891a130443f37b4de747aae07bf883ad2aa,CVE-2021-28073
432587463,cckuailong/reapoc,2021/CVE-2021-28810/vultarget/README.md,ac7fb891a130443f37b4de747aae07bf883ad2aa,CVE-2021-28810
432587463,cckuailong/reapoc,2017/CVE-2017-18536/poc/nuclei/CVE-2017-18536.yaml,ac8b1cb825f63f2a3f46c2422da9d1822eb88845,CVE-2017-18536
432587463,cckuailong/reapoc,2020/CVE-2020-26948/poc/nuclei/CVE-2020-26948.yaml,ac8fc2e83b6817ab8f2dacd5b75feadea40c4dc1,CVE-2020-26948
432587463,cckuailong/reapoc,2021/CVE-2021-33544/poc/nuclei/CVE-2021-33544.yaml,acaa6e15d78e7c48aaf12eb96472df1697fa0bec,CVE-2021-33544
432587463,cckuailong/reapoc,2018/CVE-2018-14728/poc/nuclei/CVE-2018-14728.yaml,acc4bc2e5dfbe825a5cf78993682fe223c33e61a,CVE-2018-14728
432587463,cckuailong/reapoc,2020/CVE-2020-14181/poc/others/README.md,acd4ec7fd8d5efe171ab82bedf3fc7b8ddab73f2,CVE-2020-14181
432587463,cckuailong/reapoc,2018/CVE-2018-2894/vultarget/README.md,ad2a8044242a62a38456e200c1d71c0cb36cf45e,CVE-2018-2894
432587463,cckuailong/reapoc,2021/CVE-2021-28150/poc/nuclei/CVE-2021-28150.yaml,ad3a6446dbd7ac602e23921d4a2e84f51bf09b8a,CVE-2021-28150
432587463,cckuailong/reapoc,2020/CVE-2020-29453/poc/nuclei/CVE-2020-29453.yaml,ada668030be9fcc739bb4328fa24a72b03e57052,CVE-2020-29453
432587463,cckuailong/reapoc,2021/CVE-2021-3297/poc/nuclei/CVE-2021-3297.yaml,adedbc95f26bb81949012b702949c734ad181462,CVE-2021-3297
432587463,cckuailong/reapoc,2018/CVE-2018-13379/poc/xray/CVE-2018-13379.yml,adf9e4d1519411f1ea6206ae17da55512b359673,CVE-2018-13379
432587463,cckuailong/reapoc,2019/CVE-2019-11013/poc/nuclei/CVE-2019-11013.yaml,ae27ab7942cf24886677b6776f21850340131cb9,CVE-2019-11013
432587463,cckuailong/reapoc,2021/CVE-2021-32820/poc/nuclei/CVE-2021-32820.yaml,ae5a607a2d21c0d4d166c8aa10f2c65ae9f3e2fd,CVE-2021-32820
432587463,cckuailong/reapoc,2019/CVE-2019-9618/poc/nuclei/CVE-2019-9618.yaml,ae62a3815538446be5e2dffdd77cd2c2320b63eb,CVE-2019-9618
432587463,cckuailong/reapoc,2009/CVE-2009-4223/poc/others/README.md,ae801f94ecb10075ac81758ef5ebc6f7b335b454,CVE-2009-4223
432587463,cckuailong/reapoc,2021/CVE-2021-43287/poc/nuclei/CVE-2021-43287.yaml,ae8c22228d6ec6357dca244a2b882f4849f63e9c,CVE-2021-43287
432587463,cckuailong/reapoc,2019/CVE-2019-19781/poc/others/README.md,aea14cc7d7de3aead7ab23fcff64afb4c335c6f1,CVE-2019-19781
432587463,cckuailong/reapoc,2020/CVE-2020-9402/vultarget/docker-entrypoint.sh,aea1b3e3ad221f53f3fb6a224b8d313e7b13537c,CVE-2020-9402
432587463,cckuailong/reapoc,2018/CVE-2018-16668/poc/nuclei/CVE-2018-16668.yaml,aeada233b933a4f08c6513a612b40ca4cfd366f8,CVE-2018-16668
432587463,cckuailong/reapoc,2019/CVE-2019-18922/poc/nuclei/CVE-2019-18922.yaml,af4fd08921c5056597b47ef57601ed5f06b36a13,CVE-2019-18922
432587463,cckuailong/reapoc,2018/CVE-2018-7490/vultarget/docker-compose.yml,af7eb70faaabe6ed0ef134b2f59bddbe5fb42411,CVE-2018-7490
432587463,cckuailong/reapoc,2021/CVE-2021-3129/poc/xray/CVE-2021-3129.yml,af81231a340fc524d2b8fc1ba85109f47b3dcf70,CVE-2021-3129
432587463,cckuailong/reapoc,2010/CVE-2010-2122/poc/nuclei/CVE-2010-2122.yaml,af8a8195c8ef01fb61bfcd47e6d8998836d61526,CVE-2010-2122
432587463,cckuailong/reapoc,2020/CVE-2020-9402/vultarget/src/vuln/admin.py,afcf05ffad7eddb0d611c1845c55016f2becc98d,CVE-2020-9402
432587463,cckuailong/reapoc,2021/CVE-2021-40438/vultarget/docker-compose.yml,afd5ded0106059c9bd117f92aa87100a18355cfd,CVE-2021-40438
432587463,cckuailong/reapoc,2021/CVE-2021-30151/poc/nuclei/CVE-2021-30151.yaml,b00312190822c50e0a78d7ce594af7defd9115ba,CVE-2021-30151
432587463,cckuailong/reapoc,2017/CVE-2017-11610/vultarget/docker-entrypoint.sh,b02613fd36684ec271908a07501c3d140b21f5ec,CVE-2017-11610
432587463,cckuailong/reapoc,2017/CVE-2017-10271/poc/nuclei/CVE-2017-10271.yaml,b030839f9f58968432b0511734d4d1e9d8056fd8,CVE-2017-10271
432587463,cckuailong/reapoc,2017/CVE-2017-8917/vultarget/docker-compose.yml,b03787d01dc030abbe1c4ebaf2338336afe2bf95,CVE-2017-8917
432587463,cckuailong/reapoc,2021/CVE-2021-22911/poc/others/README.md,b06314e0164755ed5047efc0df7b99d59f49a300,CVE-2021-22911
432587463,cckuailong/reapoc,2015/CVE-2015-5461/poc/nuclei/CVE-2015-5461.yaml,b09c29ad382e125c0e001792ca5e43295f7b10ea,CVE-2015-5461
432587463,cckuailong/reapoc,2020/CVE-2020-13942/poc/xray/unomi-rce-cve-2020-13942.yml,b0a7374211c58c93e388c94be0c6e39aa8847c18,CVE-2020-13942
432587463,cckuailong/reapoc,2019/CVE-2019-7481/poc/nuclei/CVE-2019-7481.yaml,b0ac9706421affba8f9d028aeb35df80aa0ebd28,CVE-2019-7481
432587463,cckuailong/reapoc,2019/CVE-2019-5127/poc/xray/CVE-2019-5127.yml,b0c6dd07b64285c21a1577be3d5092ed1ebb9e10,CVE-2019-5127
432587463,cckuailong/reapoc,2020/CVE-2020-8193/poc/others/README.md,b0ce7e36e640315912d5558b949cd9557795cb93,CVE-2020-8193
432587463,cckuailong/reapoc,2021/CVE-2021-31249/poc/others/README.md,b13b706ed4d93894d9347d301f47875ca4b0e439,CVE-2021-31249
432587463,cckuailong/reapoc,2019/CVE-2019-15043/poc/others/README.md,b1404d5f746a5f9c543a8b573e16d99e755e004b,CVE-2019-15043
432587463,cckuailong/reapoc,2020/CVE-2020-17519/vultarget/docker-compose.yml,b156777d56d3256f883847b7a23be7cedc1caffd,CVE-2020-17519
432587463,cckuailong/reapoc,2020/CVE-2020-25078/poc/others/README.md,b1886657ab707502fe10d3474e93552264050cce,CVE-2020-25078
432587463,cckuailong/reapoc,2010/CVE-2010-1315/poc/others/README.md,b18d2f5a40ceaec31fcb784c5fc6adc4cd4743fc,CVE-2010-1315
432587463,cckuailong/reapoc,2020/CVE-2020-9496/poc/xray/CVE-2020-9496.yml,b1944db8182935d0e0f1298e832a5684f260a1f3,CVE-2020-9496
432587463,cckuailong/reapoc,2018/CVE-2018-3760/vultarget/docker-compose.yml,b1b0891d5c5ef28a328cb75d6eb01a32c055b17c,CVE-2018-3760
432587463,cckuailong/reapoc,2018/CVE-2018-8715/vultarget/README.md,b1e3b706ac536d1634d70274a9a521126cb6b0fa,CVE-2018-8715
432587463,cckuailong/reapoc,2010/CVE-2010-1602/poc/nuclei/CVE-2010-1602.yaml,b1e7003d7a72fda87a377ad82114dd22f2215582,CVE-2010-1602
432587463,cckuailong/reapoc,2019/CVE-2019-13462/poc/nuclei/CVE-2019-13462.yaml,b1f7c4095f462852ca6b59edd064689dac49b015,CVE-2019-13462
432587463,cckuailong/reapoc,2014/CVE-2014-4558/poc/nuclei/CVE-2014-4558.yaml,b20948736f3c8908cfcb3ce7efc9033bed96e072,CVE-2014-4558
432587463,cckuailong/reapoc,2018/CVE-2018-14013/poc/nuclei/CVE-2018-14013.yaml,b2432d52bc44d5d744a28a4f92502a7edc55cb5f,CVE-2018-14013
432587463,cckuailong/reapoc,2021/CVE-2021-39327/poc/others/README.md,b277642e34a9cfee3ae430e8c7acd9f13d307c62,CVE-2021-39327
432587463,cckuailong/reapoc,2016/CVE-2016-4977/poc/others/README.md,b28fa71a180a7492ed42eb94d7780b36d9eadc7e,CVE-2016-4977
432587463,cckuailong/reapoc,2014/CVE-2014-4544/poc/nuclei/CVE-2014-4544.yaml,b2c064ac7f0fba08d539f7bd4045c1ffe19cf9e6,CVE-2014-4544
432587463,cckuailong/reapoc,2010/CVE-2010-1871/poc/others/README.md,b2ecacd9c15d6c47ea4d3521b318de7a3483ec1e,CVE-2010-1871
432587463,cckuailong/reapoc,2018/CVE-2018-2628/vultarget/README.md,b2ecce03428a74e0381354f982f117bbcbb8f167,CVE-2018-2628
432587463,cckuailong/reapoc,2021/CVE-2021-42566/poc/others/README.md,b2fdf34bb2bdb78104b9456056b2a82e886fca1b,CVE-2021-42566
432587463,cckuailong/reapoc,2021/CVE-2021-42565/poc/others/README.md,b2fdf34bb2bdb78104b9456056b2a82e886fca1b,CVE-2021-42565
432587463,cckuailong/reapoc,2020/CVE-2020-7980/poc/others/README.md,b31c9b40cce9f19c74408dde5fc4d0c2d1a2c97e,CVE-2020-7980
432587463,cckuailong/reapoc,2010/CVE-2010-1312/poc/others/README.md,b3552576844796e16ef402ad4d773d5c4f245d97,CVE-2010-1312
432587463,cckuailong/reapoc,2010/CVE-2010-2857/poc/nuclei/CVE-2010-2857.yaml,b39bf50aafaffbb839b1877ddfff9619922756a8,CVE-2010-2857
432587463,cckuailong/reapoc,2010/CVE-2010-1952/poc/others/README.md,b3a066482081f92b19c6cfcd35fb49c7d991321c,CVE-2010-1952
432587463,cckuailong/reapoc,2019/CVE-2019-3403/poc/others/README.md,b3ad071e4f66842ab024dbffadacb12b12fdb7d5,CVE-2019-3403
432587463,cckuailong/reapoc,2010/CVE-2010-0982/poc/nuclei/CVE-2010-0982.yaml,b3f389a1b57d61b558b076c698be46c772eddbed,CVE-2010-0982
432587463,cckuailong/reapoc,2019/CVE-2019-5128/poc/xray/CVE-2019-5128.yml,b41c78d96b5f6288d8f36a82fd6e968642ddba40,CVE-2019-5128
432587463,cckuailong/reapoc,2020/CVE-2020-16846/poc/nuclei/CVE-2020-16846.yaml,b427d3136d93b500621558b02a6fae7337b1f256,CVE-2020-16846
432587463,cckuailong/reapoc,2020/CVE-2020-10770/poc/others/README.md,b469a977693f292af166978c3a56fdb61e381ebe,CVE-2020-10770
432587463,cckuailong/reapoc,2020/CVE-2020-11991/poc/nuclei/CVE-2020-11991.yaml,b49144ffce737c3bf26a33e5caa866ef3e2d15a5,CVE-2020-11991
432587463,cckuailong/reapoc,2016/CVE-2016-1000130/poc/nuclei/CVE-2016-1000130.yaml,b4b32b89ee5a6eeb2f8e0f4e0df55d1de00fb3ae,CVE-2016-1000130
432587463,cckuailong/reapoc,2010/CVE-2010-4719/poc/nuclei/CVE-2010-4719.yaml,b4b8642474f7fb2d4d061634f809ccd219426e2f,CVE-2010-4719
432587463,cckuailong/reapoc,2020/CVE-2020-7961/vultarget/docker-compose.yml,b52e4c2694827885300e94e5458231b67510c83c,CVE-2020-7961
432587463,cckuailong/reapoc,2021/CVE-2021-42258/poc/nuclei/CVE-2021-42258.yaml,b535c2d20cada6752d78e662c58160c0ff8f4f64,CVE-2021-42258
432587463,cckuailong/reapoc,2020/CVE-2020-5515/poc/xray/CVE-2020-5515.yml,b56f803311a9fbc9107d4bc40c302901668bbbba,CVE-2020-5515
432587463,cckuailong/reapoc,2010/CVE-2010-1305/poc/others/README.md,b5a2f190dfcb2cb8fbc8ba6e58e69f6d3bb41664,CVE-2010-1305
432587463,cckuailong/reapoc,2021/CVE-2021-33044/poc/nuclei/CVE-2021-33044.yaml,b5aa5d25c8eec047a24b5c0eab6c5bfd71cc0f71,CVE-2021-33044
432587463,cckuailong/reapoc,2010/CVE-2010-1719/poc/others/README.md,b5e328a134af7fc9d35d9dc8f54f8c0716ff5730,CVE-2010-1719
432587463,cckuailong/reapoc,2021/CVE-2021-28164/poc/xray/CVE-2021-28164.yml,b5ea959322b1c28a0d4fd474e6c7316fcebc0f51,CVE-2021-28164
432587463,cckuailong/reapoc,2021/CVE-2021-31250/poc/nuclei/CVE-2021-31250.yaml,b6084b1522d6d6d4db67cfa5b0a03e5437ca9bf4,CVE-2021-31250
432587463,cckuailong/reapoc,2020/CVE-2020-10199/poc/others/README.md,b6135079fea3dc252c6ca9302d3f341e41339457,CVE-2020-10204
432587463,cckuailong/reapoc,2020/CVE-2020-10199/poc/others/README.md,b6135079fea3dc252c6ca9302d3f341e41339457,CVE-2020-10199
432587463,cckuailong/reapoc,2018/CVE-2018-17246/poc/others/README.md,b626901d003148055ba69c9c808cbc1b0e6b7ba1,CVE-2018-17246
432587463,cckuailong/reapoc,2021/CVE-2021-1499/poc/nuclei/CVE-2021-1499.yaml,b65180d60c057cda5718bfc5b1b028dc68cdfb90,CVE-2021-1499
432587463,cckuailong/reapoc,2015/CVE-2015-1427/poc/nuclei/CVE-2015-1427.yaml,b695379ca66ae391187bd174d19b53a59e1b22eb,CVE-2015-1427
432587463,cckuailong/reapoc,2010/CVE-2010-1533/poc/nuclei/CVE-2010-1533.yaml,b71d650ecca27190be8f27952f633f27c6b10942,CVE-2010-1533
432587463,cckuailong/reapoc,2020/CVE-2020-2036/poc/nuclei/CVE-2020-2036.yaml,b724504789bb52b9ea77d981c504cd4252a1a47b,CVE-2020-2036
432587463,cckuailong/reapoc,2018/CVE-2018-14064/poc/others/README.md,b732ab3afe35ac3a7fba96df5542aed0bd445624,CVE-2018-14064
432587463,cckuailong/reapoc,2020/CVE-2020-17530/poc/others/README.md,b73b19bd4df871a29b6a54001b4cad5df763c68d,CVE-2020-17530
432587463,cckuailong/reapoc,2021/CVE-2021-3129/vultarget/README.md,b78820a3d96c41ec8542e63b9e4ffcacbecd484c,CVE-2021-3129
432587463,cckuailong/reapoc,2019/CVE-2019-14322/poc/others/README.md,b78dc402d9d70dd0cbab5d35f6e3f7f87f41984a,CVE-2019-14322
432587463,cckuailong/reapoc,2016/CVE-2016-10134/vultarget/database/001_schema.sql,b7b437978be73bbdaa37aa91deca29801742441a,CVE-2016-10134
432587463,cckuailong/reapoc,2020/CVE-2020-13167/poc/nuclei/CVE-2020-13167.yaml,b7ca6db4e8e56085300bb8593d927e7867a98273,CVE-2020-13167
432587463,cckuailong/reapoc,2018/CVE-2018-9118/poc/nuclei/CVE-2018-9118.yaml,b7e0dfc80ff74f6cab10af92e725106e5ad02923,CVE-2018-9118
432587463,cckuailong/reapoc,2018/CVE-2018-15745/poc/nuclei/CVE-2018-15745.yaml,b7e58fb3606539154fd8f01cfebe5fb099f3113b,CVE-2018-15745
432587463,cckuailong/reapoc,2021/CVE-2021-21350/poc/goby/Weaver_e_cology_OA_XStream_RCE_CVE_2021_21350.go,b7e7d765fe3e06880fa72523968c10495c3571fc,CVE-2021-21350
432587463,cckuailong/reapoc,2010/CVE-2010-1461/poc/nuclei/CVE-2010-1461.yaml,b7eb2350c9b0a4188c13e27753fce8a6b2e86536,CVE-2010-1461
432587463,cckuailong/reapoc,2020/CVE-2020-8209/poc/nuclei/CVE-2020-8209.yaml,b7f470488fce6cfc0a8c965194b38786d7a48b64,CVE-2020-8209
432587463,cckuailong/reapoc,2010/CVE-2010-2045/poc/nuclei/CVE-2010-2045.yaml,b8343d955ba4c6d53b343f5a5ce9e8bfe1e1cd0e,CVE-2010-2045
432587463,cckuailong/reapoc,2012/CVE-2012-4878/poc/nuclei/CVE-2012-4878.yaml,b8409bd6d0cb36da174d504af7286b48e7ab4144,CVE-2012-4878
432587463,cckuailong/reapoc,2010/CVE-2010-1476/poc/others/README.md,b86e469e3044031ca36f9a01803786ac575a0587,CVE-2010-1476
432587463,cckuailong/reapoc,2021/CVE-2021-22911/vultarget/README.md,b8a1279286a2627a5cce90e4a3cdac6102267a5d,CVE-2021-22911
432587463,cckuailong/reapoc,2021/CVE-2021-28810/vultarget/docker-compose.yml,b8ba3a5bf17be350e9c33d374ba53f7538da2987,CVE-2021-28810
432587463,cckuailong/reapoc,2021/CVE-2021-28810/vultarget/docker-compose.yml,b8ba3a5bf17be350e9c33d374ba53f7538da2987,CVE-2021-28073
432587463,cckuailong/reapoc,2021/CVE-2021-42013/poc/nuclei/CVE-2021-42013.yaml,b941de375c065fb0396671e089f0c78e142dd2be,CVE-2021-42013
432587463,cckuailong/reapoc,2021/CVE-2021-42013/poc/nuclei/CVE-2021-42013.yaml,b941de375c065fb0396671e089f0c78e142dd2be,CVE-2021-41773
432587463,cckuailong/reapoc,2018/CVE-2018-8715/vultarget/appweb.conf,b95029544ff6f1261062c73cd20b8c90274a939d,CVE-2018-8715
432587463,cckuailong/reapoc,2010/CVE-2010-1491/poc/nuclei/CVE-2010-1491.yaml,b9d7758dd9f133f45263cff31bfd9d6bbdf8154c,CVE-2010-1491
432587463,cckuailong/reapoc,2018/CVE-2018-10736/poc/xray/CVE-2018-10736.yml,ba1bb4d73911c6e2f95441ae552481237d2e11d2,CVE-2018-10736
432587463,cckuailong/reapoc,2019/CVE-2019-16663/poc/others/README.md,ba7da8ca53cb3b65b4feb048ce3e5da8f9533c7a,CVE-2019-16663
432587463,cckuailong/reapoc,2019/CVE-2019-0221/poc/others/README.md,ba85e3d1a4eb6ece8e6de3cb4dcda5e9db99cd84,CVE-2019-0221
432587463,cckuailong/reapoc,2018/CVE-2018-7490/poc/xray/CVE-2018-7490.yml,ba8fac493d7777522d31ab12f1fc7cd6ba9e301b,CVE-2018-7490
432587463,cckuailong/reapoc,2019/CVE-2019-19985/poc/xray/CVE-2019-19985.yml,bad1bd792197ef5515a9383178a2ab3fe6a5758f,CVE-2019-19985
432587463,cckuailong/reapoc,2014/CVE-2014-5111/poc/nuclei/CVE-2014-5111.yaml,bade8d0d46f25eb1c8b52a3952c2fa597b14c7dc,CVE-2014-5111
432587463,cckuailong/reapoc,2012/CVE-2012-4273/poc/nuclei/CVE-2012-4273.yaml,baf731c6232f687b9ea1b1b4bb77b68109d3effc,CVE-2012-4273
432587463,cckuailong/reapoc,2019/CVE-2019-6340/poc/nuclei/CVE-2019-6340.yaml,bb2c94060c7777d6fa640974043127ce39c7af64,CVE-2019-6340
432587463,cckuailong/reapoc,2010/CVE-2010-1715/poc/nuclei/CVE-2010-1715.yaml,bb319b9d64e884231dac29f7be3408af188933fb,CVE-2010-1715
432587463,cckuailong/reapoc,2020/CVE-2020-14882/poc/nuclei/CVE-2020-14882.yaml,bb5d1f79a438898071606681321c62f92f0eb0fd,CVE-2020-14882
432587463,cckuailong/reapoc,2019/CVE-2019-19134/poc/nuclei/CVE-2019-19134.yaml,bb637fe01182b5ee816ddbcd4f08e6dda2ddbb8a,CVE-2019-19134
432587463,cckuailong/reapoc,2020/CVE-2020-14882/poc/others/README.md,bb6f0ba1b7e828611f3c3f26c640549682719dbe,CVE-2020-14882
432587463,cckuailong/reapoc,2010/CVE-2010-1340/poc/nuclei/CVE-2010-1340.yaml,bbc443d610c35accf791eaebd8b7704af3f7aad0,CVE-2010-1340
432587463,cckuailong/reapoc,2015/CVE-2015-9414/poc/nuclei/CVE-2015-9414.yaml,bbfc057ebe017c4ca39ec90fa2dd8165f3a256bf,CVE-2015-9414
432587463,cckuailong/reapoc,2021/CVE-2021-40870/poc/nuclei/CVE-2021-40870.yaml,bc69bec10d5386af6c0b948413a82641a962009f,CVE-2021-40870
432587463,cckuailong/reapoc,2009/CVE-2009-3053/poc/nuclei/CVE-2009-3053.yaml,bc90757ca04162a32fd4a8718f8e92178eb156a8,CVE-2009-3053
432587463,cckuailong/reapoc,2016/CVE-2016-1000136/poc/nuclei/CVE-2016-1000136.yaml,bcce11d97a6c21d6612bbac445d0aa641706432d,CVE-2016-1000136
432587463,cckuailong/reapoc,2020/CVE-2020-14179/poc/xray/CVE-2020-14179.yml,bcd520c7e1e062a473c99d03d12b8ab7c1385ce1,CVE-2020-14179
432587463,cckuailong/reapoc,2010/CVE-2010-1352/poc/nuclei/CVE-2010-1352.yaml,bd0938d3713ba7be5764141a9f6aee204b5a1bff,CVE-2010-1352
432587463,cckuailong/reapoc,2012/CVE-2012-4889/poc/others/README.md,bd09edbf70c32b632ab1fefce61afb79f294ccf4,CVE-2012-4889
432587463,cckuailong/reapoc,2015/CVE-2015-7450/poc/others/README.md,bd24d68117de3d3f0aba966b68bb99c2800526ef,CVE-2015-7450
432587463,cckuailong/reapoc,2018/CVE-2018-8033/poc/nuclei/CVE-2018-8033.yaml,bd3607eb3aa49eb5eb85a73c4aa470fa7075f9d3,CVE-2018-8033
432587463,cckuailong/reapoc,2021/CVE-2021-32819/poc/others/README.md,bd5c5dba0fd9b5445959ebf4376ee6bfe4b3e4bc,CVE-2021-32819
432587463,cckuailong/reapoc,2020/CVE-2020-7247/vultarget/poc.py,bd7be16a44f93147dd2142cee5ced9eb0fe4615e,CVE-2020-7247
432587463,cckuailong/reapoc,2019/CVE-2019-2729/poc/nuclei/CVE-2019-2729.yaml,bd81d4db60a38a5edb7be6245a84bc483947e710,CVE-2019-2729
432587463,cckuailong/reapoc,2011/CVE-2011-3315/poc/nuclei/CVE-2011-3315.yaml,bdc96dbaf87870a54d9e1c1b2150591225d9afd8,CVE-2011-3315
432587463,cckuailong/reapoc,2004/README.md,bddb55e5ba2befed0b917141ef844ee03b1c8e1b,CVE-2004-0519
432587463,cckuailong/reapoc,2017/CVE-2017-12615/vultarget/README.md,be11b39f67c444d1b1fe186219ae63fb797ef111,CVE-2017-12615
432587463,cckuailong/reapoc,2019/CVE-2019-20085/poc/xray/CVE-2019-20085.yml,be1fc9c09eb0daf0a3a8e5eeba9d9c216872c027,CVE-2019-20085
432587463,cckuailong/reapoc,2019/CVE-2019-15107/vultarget/docker-compose.yml,be8f161b8c23dfcfe445130337485d98355284aa,CVE-2019-15107
432587463,cckuailong/reapoc,2016/CVE-2016-10134/poc/xray/CVE-2016-10134.yml,be90879e8d9a5380f3e9e7af05b3ba25427d6663,CVE-2016-10134
432587463,cckuailong/reapoc,2020/CVE-2020-16846/vultarget/README.md,bed998850692637dc95a8e6fd32a0c1301bd10e1,CVE-2020-25592
432587463,cckuailong/reapoc,2020/CVE-2020-16846/vultarget/README.md,bed998850692637dc95a8e6fd32a0c1301bd10e1,CVE-2020-16846
432587463,cckuailong/reapoc,2010/CVE-2010-1981/poc/nuclei/CVE-2010-1981.yaml,bf3ed357372b2b171e3f49d1aeb5dbca8ca26721,CVE-2010-1981
432587463,cckuailong/reapoc,2013/CVE-2013-2251/poc/others/README.md,bf5e6ff4f786ff31a5c4ec51afb8ec6a1aff9724,CVE-2013-2251
432587463,cckuailong/reapoc,2010/CVE-2010-5278/poc/others/README.md,bf8d4ab8ffd003c51fed27460234fb8922357fd3,CVE-2010-5278
432587463,cckuailong/reapoc,2020/CVE-2020-6637/poc/nuclei/CVE-2020-6637.yaml,c01ed8c31ffbbc3c15cee79a91499c4f6bc6f68c,CVE-2020-6637
432587463,cckuailong/reapoc,2021/CVE-2021-3374/poc/nuclei/CVE-2021-3374.yaml,c04eceb3c78743f6778b7d391928fac9ebb87cf7,CVE-2021-3374
432587463,cckuailong/reapoc,2019/CVE-2019-13101/poc/others/README.md,c0589bbaa0a15e0b5ffc7914830baaf1281a8df1,CVE-2019-13101
432587463,cckuailong/reapoc,2019/CVE-2019-20141/poc/nuclei/CVE-2019-20141.yaml,c05faad3933caaf67670c87ddc95a146f8c38aad,CVE-2019-20141
432587463,cckuailong/reapoc,2021/CVE-2021-35265/poc/nuclei/CVE-2021-35265.yaml,c05fad6784dd6cf009974f4bd7bc54f00e759a66,CVE-2021-35265
432587463,cckuailong/reapoc,2015/CVE-2015-5531/vultarget/docker-compose.yml,c063eea873922d93405014c2fe075638d6f19424,CVE-2015-5531
432587463,cckuailong/reapoc,2020/CVE-2020-8641/poc/nuclei/CVE-2020-8641.yaml,c0b071ea2bdbef796df4eb4d4e98472105876569,CVE-2020-8641
432587463,cckuailong/reapoc,2016/CVE-2016-2004/poc/others/README.md,c0bfccd88928289f71998c26a4ac9cd5ccb7ec08,CVE-2016-2004
432587463,cckuailong/reapoc,2017/CVE-2017-7921/poc/others/README.md,c107d1640cfe91bcefc4da059d0e7f4b203dee5c,CVE-2017-7921
432587463,cckuailong/reapoc,2016/CVE-2016-1000132/poc/nuclei/CVE-2016-1000132.yaml,c10a7e2b7b1b38e506c3ec9b55a5e62080bd9eb6,CVE-2016-1000132
432587463,cckuailong/reapoc,2021/CVE-2021-40542/poc/nuclei/CVE-2021-40542.yaml,c142d377114f446503995d3e13df7fb3afaf1ec0,CVE-2021-40542
432587463,cckuailong/reapoc,2021/CVE-2021-40542/poc/nuclei/CVE-2021-40542.yaml,c142d377114f446503995d3e13df7fb3afaf1ec0,CVE-2021-38704
432587463,cckuailong/reapoc,2010/CVE-2010-4719/poc/others/README.md,c14c14677c827ca681b906c9168e52215181defa,CVE-2010-4719
432587463,cckuailong/reapoc,2019/CVE-2019-17558/vultarget/docker-compose.yml,c14e15c386ee9267a496f6958017774975d7805c,CVE-2019-17558
432587463,cckuailong/reapoc,2014/CVE-2014-4940/poc/nuclei/CVE-2014-4940.yaml,c1ae7d26eaa4aa8250f9f31e1e25de28295b17f8,CVE-2014-4940
432587463,cckuailong/reapoc,2019/CVE-2019-16662/poc/nuclei/CVE-2019-16662.yaml,c1b2462792c2a9c5dad6fcd2d594360e59e58f8e,CVE-2019-16663
432587463,cckuailong/reapoc,2019/CVE-2019-16662/poc/nuclei/CVE-2019-16662.yaml,c1b2462792c2a9c5dad6fcd2d594360e59e58f8e,CVE-2019-16662
432587463,cckuailong/reapoc,2020/CVE-2020-4463/poc/nuclei/CVE-2020-4463.yaml,c1b7f97b4bd66524bacbb51e3814d557fa58dc28,CVE-2020-4463
432587463,cckuailong/reapoc,2018/CVE-2018-13980/poc/nuclei/CVE-2018-13980.yaml,c1b92549e162ed45cde80a9cf3aeaecb9b825880,CVE-2018-13980
432587463,cckuailong/reapoc,2010/CVE-2010-2918/poc/nuclei/CVE-2010-2918.yaml,c1c980be39d1fcc8e89c22079ae6247fd800c71b,CVE-2010-2918
432587463,cckuailong/reapoc,2019/CVE-2019-2588/poc/nuclei/CVE-2019-2588.yaml,c1cae9c32296e7051d428151bec1f9b329d8d0e6,CVE-2019-2588
432587463,cckuailong/reapoc,2010/CVE-2010-2861/vultarget/docker-compose.yml,c21e59f2da50ba4a7b7ff5aa7a6e48cb5ef7681d,CVE-2010-2861
432587463,cckuailong/reapoc,2016/CVE-2016-1000148/poc/nuclei/CVE-2016-1000148.yaml,c24589c2781322ee056a73e2ad4ee1a4988c2f57,CVE-2016-1000148
432587463,cckuailong/reapoc,2018/CVE-2018-11759/vultarget/README.md,c256ea6e779e0f8ea061be2886bd7cc2a2426867,CVE-2018-11759
432587463,cckuailong/reapoc,2009/CVE-2009-2015/poc/others/README.md,c272b79d325fa11d44efacf940cb96082b5e826b,CVE-2009-2015
432587463,cckuailong/reapoc,2021/CVE-2021-27905/poc/others/README.md,c276c2a672a6e2b96b9c953114426fe00c887a0a,CVE-2021-27905
432587463,cckuailong/reapoc,2020/CVE-2020-9483/poc/xray/CVE-2020-9483.yml,c2e3d96519285cd899c90768fffd0a2261532e4a,CVE-2020-9483
432587463,cckuailong/reapoc,2015/CVE-2015-5471/poc/nuclei/CVE-2015-5471.yaml,c2f2f259cd2f1586892c0e60da191c2964007523,CVE-2015-5471
432587463,cckuailong/reapoc,2021/CVE-2021-41773/poc/xray/apache-httpd-cve-2021-41773-rce.yml,c2ffca94f5aa1de3e682cdb126f7b2e996491ff6,CVE-2021-41773
432587463,cckuailong/reapoc,2012/CVE-2012-4768/poc/others/README.md,c37d2fda922e5fc74c8104455d14b2cca23a160f,CVE-2012-4768
432587463,cckuailong/reapoc,2008/CVE-2008-2650/poc/nuclei/CVE-2008-2650.yaml,c380a839dc2d32bbd366f3ec4891113a03862b00,CVE-2008-2650
432587463,cckuailong/reapoc,2020/CVE-2020-24949/poc/others/README.md,c38f654e8f1e513dbf6233a26473b8ba42647241,CVE-2020-24949
432587463,cckuailong/reapoc,2018/CVE-2018-8033/poc/xray/CVE-2018-8033.yml,c3af61df716c1db4c3b7896e9a6ee21f24169e73,CVE-2018-8033
432587463,cckuailong/reapoc,2020/CVE-2020-25780/poc/nuclei/CVE-2020-25780.yaml,c3b65e411a3dd1eee064ff50641fed721015f96c,CVE-2020-25780
432587463,cckuailong/reapoc,2020/CVE-2020-27982/poc/nuclei/CVE-2020-27982.yaml,c3bc8f10b4ad990b6d97c3e524cc4944b98ce57c,CVE-2020-27982
432587463,cckuailong/reapoc,2019/CVE-2019-6340/poc/xray/CVE-2019-6340.yml,c3ce4e2b1da0c5fabb98b5034955ddf7de3e0aa1,CVE-2019-6340
432587463,cckuailong/reapoc,2020/CVE-2020-24589/poc/nuclei/CVE-2020-24589.yaml,c3cf5be8c28638ca87b5496133a89ac2ab1da9c0,CVE-2020-24589
432587463,cckuailong/reapoc,2018/CVE-2018-9845/poc/nuclei/CVE-2018-9845.yaml,c3e2ad59b26999f74215b132fc001610edadf4b8,CVE-2018-9845
432587463,cckuailong/reapoc,2014/CVE-2014-9094/poc/nuclei/CVE-2014-9094.yaml,c41dabe36b68ae2dd18c6cd3da706e2e742d3f5e,CVE-2014-9094
432587463,cckuailong/reapoc,2018/CVE-2018-12613/vultarget/README.zh-cn.md,c433338a6c6580c32cd9d63b374811d629784a89,CVE-2018-12613
432587463,cckuailong/reapoc,2019/CVE-2019-12725/poc/nuclei/CVE-2019-12725.yaml,c4853375c77dad6da518eaaca63d507942c0cee0,CVE-2019-12725
432587463,cckuailong/reapoc,2020/CVE-2020-10148/poc/others/README.md,c4b379cf5dd631d8b1ac0eebd71849a590c7c519,CVE-2020-10148
432587463,cckuailong/reapoc,2020/CVE-2020-10199/vultarget/docker-compose.yml,c4ce4235d3182afedce1a07b62befb04190517e6,CVE-2020-10199
432587463,cckuailong/reapoc,2019/CVE-2019-16663/poc/xray/CVE-2019-16663.yml,c4e4dc6a58ca883c55d9b7115c98e89145c7a451,CVE-2019-16662
432587463,cckuailong/reapoc,2019/CVE-2019-16663/poc/xray/CVE-2019-16663.yml,c4e4dc6a58ca883c55d9b7115c98e89145c7a451,CVE-2019-16663
432587463,cckuailong/reapoc,2020/CVE-2020-28188/poc/xray/CVE-2020-28188.yml,c547af2d3274442f9a1f316d944be50ea4680b5e,CVE-2020-28188
432587463,cckuailong/reapoc,2020/CVE-2020-28188/poc/xray/CVE-2020-28188.yml,c547af2d3274442f9a1f316d944be50ea4680b5e,CNNVD-202012-1548
432587463,cckuailong/reapoc,2021/CVE-2021-31856/poc/nuclei/CVE-2021-31856.yaml,c559fdbddde46b45706c0aab286ed9b34581cb74,CVE-2021-31856
432587463,cckuailong/reapoc,2020/CVE-2020-6207/poc/nuclei/CVE-2020-6207.yaml,c55e1e2ef6cd944f8a48c91e13af1a730d1a39c5,CVE-2020-6207
432587463,cckuailong/reapoc,2018/CVE-2018-1000861/poc/nuclei/CVE-2018-1000861.yaml,c5771619254b865abfd939b5e03e176986014eee,CVE-2018-1000861
432587463,cckuailong/reapoc,2016/CVE-2016-7552/poc/others/README.md,c5974fd437b6cd904342f34e27b4977eedf5d860,CVE-2016-7552
432587463,cckuailong/reapoc,2016/CVE-2016-10134/vultarget/README.md,c59b7641fad9c6a2da7ebfca2ae141ea340d8f64,CVE-2016-10134
432587463,cckuailong/reapoc,2020/CVE-2020-2096/poc/others/README.md,c5e06a49bf080f5726d14f133ef4669fe2836bf0,CVE-2020-2096
432587463,cckuailong/reapoc,2018/CVE-2018-10823/poc/nuclei/CVE-2018-10823.yaml,c5f5485221c4b91445eb186b2ea60986e89d1108,CVE-2018-10823
432587463,cckuailong/reapoc,2020/CVE-2020-19360/poc/nuclei/CVE-2020-19360.yaml,c634fcd79ce2e40502d914732795b4efab2339a9,CVE-2020-19360
432587463,cckuailong/reapoc,2010/CVE-2010-0157/poc/others/README.md,c651fe87d25af1ce01359ba17f0ae2702004530b,CVE-2010-0157
432587463,cckuailong/reapoc,2012/CVE-2012-0901/poc/others/README.md,c66194b1d77aae273898cdc45b81465ccf5e5855,CVE-2012-0901
432587463,cckuailong/reapoc,2019/CVE-2019-9978/poc/nuclei/CVE-2019-9978.yaml,c6980cf06d4a6616b929374315c8cb8ba3d2fc18,CVE-2019-9978
432587463,cckuailong/reapoc,2009/CVE-2009-0932/poc/nuclei/CVE-2009-0932.yaml,c6e9bb5b8897f785456ff5bc884d7ea6040825ab,CVE-2009-0932
432587463,cckuailong/reapoc,2020/CVE-2020-11710/poc/nuclei/CVE-2020-11710.yaml,c70ea3d1be7703f022eacb4a1de0e80cfafeea57,CVE-2020-11710
432587463,cckuailong/reapoc,2007/CVE-2007-0885/poc/nuclei/CVE-2007-0885.yaml,c7250d6deb3bd4deb0203608f0264dafc25499f4,CVE-2007-0885
432587463,cckuailong/reapoc,2021/CVE-2021-3654/poc/xray/CVE-2021-3654.yml,c727d32f71acc6e9a72e446fe969bf0a14f6fab4,CVE-2021-3654
432587463,cckuailong/reapoc,2015/CVE-2015-6477/poc/nuclei/CVE-2015-6477.yaml,c72c0a72c7787abeb4defd65396f2333c6336b58,CVE-2015-6477
432587463,cckuailong/reapoc,2021/CVE-2021-41878/poc/others/README.md,c737a8406e714eb672e133d90d4716f55a74d425,CVE-2021-41878
432587463,cckuailong/reapoc,2010/CVE-2010-3426/poc/others/README.md,c73899421f34a71de6748e71a9ee8f976a009943,CVE-2010-3426
432587463,cckuailong/reapoc,2017/CVE-2017-11610/vultarget/docker-compose.yml,c73b318cd5038260b731fbc7a6e4264897fc39b4,CVE-2017-11610
432587463,cckuailong/reapoc,2018/CVE-2018-7490/vultarget/README.zh-cn.md,c74d29931a5495596b69a0bd5da4b7a8bba52562,CVE-2018-7490
432587463,cckuailong/reapoc,2018/CVE-2018-3810/poc/nuclei/CVE-2018-3810.yaml,c76186284c23a9e27370e1e23949fd131452d00a,CVE-2018-3810
432587463,cckuailong/reapoc,2017/CVE-2017-17562/poc/others/README.md,c76bb90f0fa5bd224239ef64c5a56a5c8c25399d,CVE-2017-17562
432587463,cckuailong/reapoc,2018/CVE-2018-15535/poc/nuclei/CVE-2018-15535.yaml,c7739e89e598b9fbc4f6174b94c503fa6bf83ef9,CVE-2018-15535
432587463,cckuailong/reapoc,2021/CVE-2021-31249/poc/nuclei/CVE-2021-31249.yaml,c79c51f602ad30fa32cf2d13e5194391664dc124,CVE-2021-31249
432587463,cckuailong/reapoc,2015/README.md,c7a95d2dc3bd59c121c98a12c0bd22d1a7d7b29d,CVE-2015-7450
432587463,cckuailong/reapoc,2015/README.md,c7a95d2dc3bd59c121c98a12c0bd22d1a7d7b29d,CVE-2015-6920
432587463,cckuailong/reapoc,2015/README.md,c7a95d2dc3bd59c121c98a12c0bd22d1a7d7b29d,CVE-2015-3648
432587463,cckuailong/reapoc,2015/README.md,c7a95d2dc3bd59c121c98a12c0bd22d1a7d7b29d,CVE-2015-4050
432587463,cckuailong/reapoc,2015/README.md,c7a95d2dc3bd59c121c98a12c0bd22d1a7d7b29d,CVE-2015-4414
432587463,cckuailong/reapoc,2015/README.md,c7a95d2dc3bd59c121c98a12c0bd22d1a7d7b29d,CVE-2015-4694
432587463,cckuailong/reapoc,2015/README.md,c7a95d2dc3bd59c121c98a12c0bd22d1a7d7b29d,CVE-2015-5461
432587463,cckuailong/reapoc,2015/README.md,c7a95d2dc3bd59c121c98a12c0bd22d1a7d7b29d,CVE-2015-5471
432587463,cckuailong/reapoc,2015/README.md,c7a95d2dc3bd59c121c98a12c0bd22d1a7d7b29d,CVE-2015-5531
432587463,cckuailong/reapoc,2015/README.md,c7a95d2dc3bd59c121c98a12c0bd22d1a7d7b29d,CVE-2015-5688
432587463,cckuailong/reapoc,2015/README.md,c7a95d2dc3bd59c121c98a12c0bd22d1a7d7b29d,CVE-2015-6477
432587463,cckuailong/reapoc,2015/README.md,c7a95d2dc3bd59c121c98a12c0bd22d1a7d7b29d,CVE-2015-6544
432587463,cckuailong/reapoc,2015/README.md,c7a95d2dc3bd59c121c98a12c0bd22d1a7d7b29d,CVE-2015-7297
432587463,cckuailong/reapoc,2015/README.md,c7a95d2dc3bd59c121c98a12c0bd22d1a7d7b29d,CVE-2015-7377
432587463,cckuailong/reapoc,2015/README.md,c7a95d2dc3bd59c121c98a12c0bd22d1a7d7b29d,CVE-2015-7780
432587463,cckuailong/reapoc,2015/README.md,c7a95d2dc3bd59c121c98a12c0bd22d1a7d7b29d,CVE-2015-7823
432587463,cckuailong/reapoc,2015/README.md,c7a95d2dc3bd59c121c98a12c0bd22d1a7d7b29d,CVE-2015-8349
432587463,cckuailong/reapoc,2015/README.md,c7a95d2dc3bd59c121c98a12c0bd22d1a7d7b29d,CVE-2015-8399
432587463,cckuailong/reapoc,2015/README.md,c7a95d2dc3bd59c121c98a12c0bd22d1a7d7b29d,CVE-2015-8813
432587463,cckuailong/reapoc,2015/README.md,c7a95d2dc3bd59c121c98a12c0bd22d1a7d7b29d,CVE-2015-9414
432587463,cckuailong/reapoc,2015/README.md,c7a95d2dc3bd59c121c98a12c0bd22d1a7d7b29d,CVE-2015-9480
432587463,cckuailong/reapoc,2015/README.md,c7a95d2dc3bd59c121c98a12c0bd22d1a7d7b29d,CVE-2015-3337
432587463,cckuailong/reapoc,2015/README.md,c7a95d2dc3bd59c121c98a12c0bd22d1a7d7b29d,CVE-2015-3306
432587463,cckuailong/reapoc,2015/README.md,c7a95d2dc3bd59c121c98a12c0bd22d1a7d7b29d,CVE-2015-4632
432587463,cckuailong/reapoc,2015/README.md,c7a95d2dc3bd59c121c98a12c0bd22d1a7d7b29d,CVE-2015-2080
432587463,cckuailong/reapoc,2015/README.md,c7a95d2dc3bd59c121c98a12c0bd22d1a7d7b29d,CVE-2015-2068
432587463,cckuailong/reapoc,2015/README.md,c7a95d2dc3bd59c121c98a12c0bd22d1a7d7b29d,CVE-2015-2067
432587463,cckuailong/reapoc,2015/README.md,c7a95d2dc3bd59c121c98a12c0bd22d1a7d7b29d,CVE-2015-1880
432587463,cckuailong/reapoc,2015/README.md,c7a95d2dc3bd59c121c98a12c0bd22d1a7d7b29d,CVE-2015-1503
432587463,cckuailong/reapoc,2015/README.md,c7a95d2dc3bd59c121c98a12c0bd22d1a7d7b29d,CVE-2015-1427
432587463,cckuailong/reapoc,2015/README.md,c7a95d2dc3bd59c121c98a12c0bd22d1a7d7b29d,CVE-2015-1000012
432587463,cckuailong/reapoc,2015/README.md,c7a95d2dc3bd59c121c98a12c0bd22d1a7d7b29d,CVE-2015-2807
432587463,cckuailong/reapoc,2018/CVE-2018-7600/vultarget/README.md,c7b5e58a64e5ca4fdba9a798721a18b9ace75b49,CVE-2018-7600
432587463,cckuailong/reapoc,2019/CVE-2019-15501/poc/nuclei/CVE-2019-15501.yaml,c7df79f3f4550584934d76b38bfc24b29377c8a9,CVE-2019-15501
432587463,cckuailong/reapoc,2018/CVE-2018-8770/poc/nuclei/CVE-2018-8770.yaml,c7e678e61a0bc72b610e353a19fcd2d745775c35,CVE-2018-8770
432587463,cckuailong/reapoc,2018/CVE-2018-1271/poc/nuclei/CVE-2018-1271.yaml,c802163c9ca777838804d34e1f53ac51f2e8556e,CVE-2018-1271
432587463,cckuailong/reapoc,2020/CVE-2020-25078/poc/xray/CVE-2020-25078.yml,c804a2096d462d68be7f5fe4539ce94f2ba6e238,CVE-2020-25078
432587463,cckuailong/reapoc,2020/CVE-2020-10148/poc/xray/CVE-2020-10148.yml,c819fa9a11ff786f651b12d4a022992cfc405f36,VU#843464
432587463,cckuailong/reapoc,2020/CVE-2020-10148/poc/xray/CVE-2020-10148.yml,c819fa9a11ff786f651b12d4a022992cfc405f36,CVE-2020-10148
432587463,cckuailong/reapoc,2017/CVE-2017-15715/poc/nuclei/CVE-2017-15715.yaml,c831d7a8fd63e58d6d1a3562ce3a11f8452537cc,CVE-2017-15715
432587463,cckuailong/reapoc,2019/CVE-2019-19368/poc/others/README.md,c83826fed74e7606877c5421a3dff22c7bbd2746,CVE-2019-19368
432587463,cckuailong/reapoc,2021/CVE-2021-43287/poc/xray/CVE-2021-43287.yml,c85895796c40f38ce1280d457af5815cf9a16bff,CVE-2021-43287
432587463,cckuailong/reapoc,2017/CVE-2017-12611/poc/others/README.md,c85a87154baa8c2e10cfd0122e26478dd450b4f4,CVE-2017-12611
432587463,cckuailong/reapoc,2014/CVE-2014-5368/poc/others/README.md,c8a0f48401dfecdf6029a6946e5cdd5ebcf0f417,CVE-2014-5368
432587463,cckuailong/reapoc,2010/CVE-2010-2682/poc/others/README.md,c8bac79d7c6745cfe66d772fe03e75738a49c0ef,CVE-2010-2682
432587463,cckuailong/reapoc,2014/CVE-2014-3704/poc/xray/CVE-2014-3704.yml,c8c806a68e4207525f2db7518fb41efddca952c5,CVE-2014-3704
432587463,cckuailong/reapoc,2010/CVE-2010-5028/poc/nuclei/CVE-2010-5028.yaml,c8c8d3577ef11ea64683696248a8aa0dfef350eb,CVE-2010-5028
432587463,cckuailong/reapoc,2021/CVE-2021-24498/poc/nuclei/CVE-2021-24498.yaml,c8e4e4516343c55c84c5f30aee7c452fc9f4f21f,CVE-2021-24498
432587463,cckuailong/reapoc,2010/CVE-2010-1531/poc/nuclei/CVE-2010-1531.yaml,c8ef3a2818b5e827b5f46445a5007799c3b67ca4,CVE-2010-1531
432587463,cckuailong/reapoc,2018/CVE-2018-16299/poc/others/README.md,c91f41e63e0b07c979c2d1a77045d6ee7564e94a,CVE-2018-16299
432587463,cckuailong/reapoc,2021/CVE-2021-20114/poc/nuclei/CVE-2021-20114.yaml,c925288f07182c1c46d741aa00856e5428fb0349,CVE-2021-20114
432587463,cckuailong/reapoc,2007/CVE-2007-0885/poc/others/README.md,c936c83bcc6237ded4789ed09b3615292dbbe34d,CVE-2007-0885
432587463,cckuailong/reapoc,2018/CVE-2018-1000533/poc/xray/CVE-2018-1000533.yml,c93feb6e75ee65ba0b8727e1c0a8824256141580,CVE-2018-1000533
432587463,cckuailong/reapoc,2021/CVE-2021-21985/poc/nuclei/CVE-2021-21985.yaml,c95038c2fee5dc7479bea50235c034b753235d05,CVE-2021-21985
432587463,cckuailong/reapoc,2021/CVE-2021-29156/poc/others/README.md,c959b2d06ada432577eee9beeacee448410a7a91,CVE-2021-29156
432587463,cckuailong/reapoc,2021/CVE-2021-31602/poc/xray/CVE-2021-31602.yml,c97aabcf7c2bf483dd4746fb84d00eaac62c1cfb,CVE-2021-31602
432587463,cckuailong/reapoc,2008/CVE-2008-6080/poc/nuclei/CVE-2008-6080.yaml,c98bfe3851289d9a314275460ef242a332b3be5a,CVE-2008-6080
432587463,cckuailong/reapoc,2019/CVE-2019-11510/poc/nuclei/CVE-2019-11510.yaml,c98e876ee5f34e8dde159b6c842d4e0deca94788,CVE-2019-11510
432587463,cckuailong/reapoc,2020/CVE-2020-17496/poc/others/README.md,c9a2f698f1f2de48169d2fa07abc9b9309c6d965,CVE-2020-17496
432587463,cckuailong/reapoc,2019/CVE-2019-12616/poc/nuclei/CVE-2019-12616.yaml,c9a96a0e50da95ad5d3d0f92a886a3df7275d7d3,CVE-2019-12616
432587463,cckuailong/reapoc,2020/CVE-2020-25495/poc/others/README.md,c9bd478b181922fe4d3a2f2db70c947403b002d9,CVE-2020-25495
432587463,cckuailong/reapoc,2021/CVE-2021-36260/poc/xray/CVE-2021-36260.yml,ca23a2063b29e29e30f69307c03aca08706eb48b,CVE-2021-36260
432587463,cckuailong/reapoc,2021/CVE-2021-36260/poc/others/README.md,ca255a57bcaf043ca357a4190a6b776c70bf9740,CVE-2021-36260
432587463,cckuailong/reapoc,2014/CVE-2014-2321/poc/nuclei/CVE-2014-2321.yaml,ca293d01dbf7f370236f655296a6fad3855c9f1d,CVE-2014-2321
432587463,cckuailong/reapoc,2020/CVE-2020-5307/poc/nuclei/CVE-2020-5307.yaml,ca5a5200e89739990c2d252150dba38c0293c6d0,CVE-2020-5307
432587463,cckuailong/reapoc,2015/CVE-2015-7823/poc/nuclei/CVE-2015-7823.yaml,ca78ad39a76ba0a8899741ca0b6917d0a42c3474,CVE-2015-7823
432587463,cckuailong/reapoc,2019/CVE-2019-7275/poc/nuclei/CVE-2019-7275.yaml,ca979b84939d1c41b79170ec7097ddad9ed2cb85,CVE-2019-7275
432587463,cckuailong/reapoc,2019/CVE-2019-2588/poc/others/README.md,ca9bdfd864a5ef685fb0db83817573ee65ec96aa,CVE-2019-2588
432587463,cckuailong/reapoc,2018/CVE-2018-15473/poc/others/README.md,cabaa2efe532eb356732bc54fb4cc726a4a15d8d,CVE-2018-15473
432587463,cckuailong/reapoc,2020/CVE-2020-26214/poc/nuclei/CVE-2020-26214.yaml,cac3beb10cdca67fd0ad107329e4b1d43b0b1dd2,CVE-2020-26214
432587463,cckuailong/reapoc,2015/CVE-2015-8349/poc/nuclei/CVE-2015-8349.yaml,cac63e53bfefaa10942bd10b566fefcb25f03e3d,CVE-2015-8349
432587463,cckuailong/reapoc,2020/CVE-2020-17518/poc/nuclei/CVE-2020-17518.yaml,cacbcf10f248bd45114b1c4a5bb17a486148d902,CVE-2020-17519
432587463,cckuailong/reapoc,2020/CVE-2020-17518/poc/nuclei/CVE-2020-17518.yaml,cacbcf10f248bd45114b1c4a5bb17a486148d902,CVE-2020-17518
432587463,cckuailong/reapoc,2017/CVE-2017-3881/poc/others/README.md,cafb47a4ccd2446c24d3f27313180fee03ad8651,CVE-2017-3881
432587463,cckuailong/reapoc,2010/CVE-2010-1302/poc/nuclei/CVE-2010-1302.yaml,cb0f1a0869edf083ab1a6e8bd683110c5c71b121,CVE-2010-1302
432587463,cckuailong/reapoc,2020/CVE-2020-29453/vultarget/Dockerfile.smtpd,cb85ea05cd92c8bbcdcaec3fcc951f9a21affc5c,CVE-2020-29453
432587463,cckuailong/reapoc,2019/CVE-2019-11581/vultarget/Dockerfile.smtpd,cb85ea05cd92c8bbcdcaec3fcc951f9a21affc5c,CVE-2019-11581
432587463,cckuailong/reapoc,2019/CVE-2019-11510/poc/others/README.md,cbc0c8233435c7b9fd15be0869f17c288601655f,CVE-2019-11510
432587463,cckuailong/reapoc,2018/CVE-2018-12613/poc/others/README.md,cbf6afb1395b7a65f5fc4abacccd10814bb39cb4,CVE-2018-12613
432587463,cckuailong/reapoc,2021/CVE-2021-40539/poc/others/README.md,cc3f14866d186d14e5768e224a47eff5acad5c30,CVE-2021-40539
432587463,cckuailong/reapoc,2010/CVE-2010-1474/poc/nuclei/CVE-2010-1474.yaml,cc7930f0f6a3dc567981a03baf5f086ee0b5d568,CVE-2010-1474
432587463,cckuailong/reapoc,2020/CVE-2020-35729/poc/others/README.md,cc7a1bf0843882d0602cbfed90feda1151f95167,CVE-2020-35729
432587463,cckuailong/reapoc,2019/CVE-2019-15107/poc/nuclei/CVE-2019-15107.yaml,cc88af9196d0cffadd2153d544cbe9b0ac38ad88,CVE-2019-15107
432587463,cckuailong/reapoc,2010/CVE-2010-2680/poc/nuclei/CVE-2010-2680.yaml,cc94fc9777badde398693766538c4dcedfdc18fc,CVE-2010-2680
432587463,cckuailong/reapoc,2021/CVE-2021-28164/vultarget/README.md,ccc713f5812e47202747036ae253b24132d4c0cb,CVE-2021-28164
432587463,cckuailong/reapoc,2020/CVE-2020-13937/poc/nuclei/CVE-2020-13937.yaml,ccef13e0e0faf6da994b1c381aab739a0f51669f,CVE-2020-13937
432587463,cckuailong/reapoc,2010/CVE-2010-1313/poc/others/README.md,cd053a5cbb07136d593cd62571d3b68e6854b479,CVE-2010-1313
432587463,cckuailong/reapoc,2021/CVE-2021-37573/poc/nuclei/CVE-2021-37573.yaml,cd4f3b3d42956fdb68145c069f77525c5ada5ecc,CVE-2021-37573
432587463,cckuailong/reapoc,2021/CVE-2021-26710/poc/nuclei/CVE-2021-26710.yaml,cd6e9a365d127b5ac7153909c707464f3ae70825,CVE-2021-26710
432587463,cckuailong/reapoc,2017/CVE-2017-11610/poc/others/README.md,cdad064a0e97892ca7b47eb2e17d59ff9b84aa02,CVE-2017-11610
432587463,cckuailong/reapoc,2010/CVE-2010-2035/poc/nuclei/CVE-2010-2035.yaml,cdf14e0958aac0ba28108cc4dcd0601b6418e4cc,CVE-2010-2035
432587463,cckuailong/reapoc,2016/CVE-2016-1000129/poc/nuclei/CVE-2016-1000129.yaml,ce273c106f3248239b2bc5c6f04e1387a723e4ab,CVE-2016-1000129
432587463,cckuailong/reapoc,2008/CVE-2008-6222/poc/nuclei/CVE-2008-6222.yaml,ceaf19c5d937e6ae8bed98e9b7d32aef09ff6687,CVE-2008-6222
432587463,cckuailong/reapoc,2020/CVE-2020-29227/poc/nuclei/CVE-2020-29227.yaml,cec63119e7733a94acedcc7b1d63a6da50a7472a,CVE-2020-29227
432587463,cckuailong/reapoc,2021/CVE-2021-26086/poc/nuclei/CVE-2021-26086.yaml,cedd7926099755a5afcc4b1b67d361b410937904,CVE-2021-26086
432587463,cckuailong/reapoc,2021/CVE-2021-41653/poc/nuclei/CVE-2021-41653.yaml,cf308d3c2bfc86ca6dc4284d1b97d5458cd0a24b,CVE-2021-41653
432587463,cckuailong/reapoc,2021/CVE-2021-24291/poc/nuclei/CVE-2021-24291.yaml,cf3d2e5ffd31a27acce9653de062a3e1a4a5b992,CVE-2021-24291
432587463,cckuailong/reapoc,2010/CVE-2010-4769/poc/nuclei/CVE-2010-4769.yaml,cf42d2f212090691d4085ee097e3d1e0968ab333,CVE-2010-4769
432587463,cckuailong/reapoc,2014/CVE-2014-9617/poc/nuclei/CVE-2014-9617.yaml,cfd6ab181f38cf749f932858a256331c6a272481,CVE-2014-9617
432587463,cckuailong/reapoc,2013/CVE-2013-5979/poc/nuclei/CVE-2013-5979.yaml,cff94ea6e3ee07bfb47b4d49d4640b67806bea02,CVE-2013-5979
432587463,cckuailong/reapoc,2021/CVE-2021-21978/poc/nuclei/CVE-2021-21978.yaml,cffde2de6aefbefa96fe6bc768335922cbe34432,CVE-2021-21978
432587463,cckuailong/reapoc,2020/CVE-2020-8982/poc/nuclei/CVE-2020-8982.yaml,d02ce9d4787ca2f74fa21a4e9ca3e1320afb13da,CVE-2020-8982
432587463,cckuailong/reapoc,2020/CVE-2020-10204/vultarget/admin.password,d033e22ae348aeb5660fc2140aec35850c4da997,CVE-2020-10204
432587463,cckuailong/reapoc,2020/CVE-2020-10199/vultarget/admin.password,d033e22ae348aeb5660fc2140aec35850c4da997,CVE-2020-10199
432587463,cckuailong/reapoc,2018/CVE-2018-14574/vultarget/README.zh-cn.md,d05005bd16c7b99dddef106c5f37ef60ea9ba305,CVE-2018-14574
432587463,cckuailong/reapoc,2018/CVE-2018-2791/poc/others/README.md,d05dae94b5b911c5f737cf6dfbaa5009a557b340,CVE-2018-2791
432587463,cckuailong/reapoc,2018/CVE-2018-10822/poc/nuclei/CVE-2018-10822.yaml,d05ee07d886d9149848e5ceb82f6b113c724e0e7,CVE-2018-10822
432587463,cckuailong/reapoc,2017/CVE-2017-12794/vultarget/xss/migrations/__init__.py,d08f88df745fa7950b104e4a707a31cfce7b5841,CVE-2017-12794
432587463,cckuailong/reapoc,2020/CVE-2020-9402/vultarget/src/CVE20209402/__init__.py,d08f88df745fa7950b104e4a707a31cfce7b5841,CVE-2020-9402
432587463,cckuailong/reapoc,2021/CVE-2021-41349/poc/nuclei/CVE-2021-41349.yaml,d09acb7f8058e88545c72fce79f83f92d2220883,CVE-2021-42305
432587463,cckuailong/reapoc,2021/CVE-2021-41349/poc/nuclei/CVE-2021-41349.yaml,d09acb7f8058e88545c72fce79f83f92d2220883,CVE-2021-41349
432587463,cckuailong/reapoc,2005/README.md,d0a58c92776b12527bd514d1afbd883f752abedf,CVE-2005-2428
432587463,cckuailong/reapoc,2005/README.md,d0a58c92776b12527bd514d1afbd883f752abedf,CVE-2005-4385
432587463,cckuailong/reapoc,2020/CVE-2020-15505/poc/others/README.md,d0a6cd501d4541cef286e59a98d757ec11bebb09,CVE-2020-15505
432587463,cckuailong/reapoc,2020/CVE-2020-7209/poc/nuclei/CVE-2020-7209.yaml,d0b33095448154fbca02172e3118e27b25de80da,CVE-2020-7209
432587463,cckuailong/reapoc,2001/README.md,d0c3468a758933f16b9a8eca171094222277a52b,CVE-2001-1473
432587463,cckuailong/reapoc,2019/CVE-2019-7219/poc/others/README.md,d0ecaa14bdda37af4a3347914dd18a4f42694055,CVE-2019-7219
432587463,cckuailong/reapoc,2021/CVE-2021-1497/poc/nuclei/CVE-2021-1497.yaml,d103a49cc0f7a08eb4e3a76aaeb4963d59e0f051,CVE-2021-1498
432587463,cckuailong/reapoc,2021/CVE-2021-1497/poc/nuclei/CVE-2021-1497.yaml,d103a49cc0f7a08eb4e3a76aaeb4963d59e0f051,CVE-2021-1497
432587463,cckuailong/reapoc,2019/CVE-2019-18394/poc/nuclei/CVE-2019-18394.yaml,d12db1d2c96766b0a1d55ea29441c49df8fe520d,CVE-2019-18394
432587463,cckuailong/reapoc,2020/CVE-2020-12720/poc/nuclei/CVE-2020-12720.yaml,d1464cf20a5db39ac6a16365fa06df6542e117a8,CVE-2020-12720
432587463,cckuailong/reapoc,2020/CVE-2020-5777/poc/nuclei/CVE-2020-5777.yaml,d149030912c8fff8b6771ef912405c5019602fa1,CVE-2020-5777
432587463,cckuailong/reapoc,2019/CVE-2019-15858/poc/others/README.md,d14a8ada22124446c24c760ce285c8e648ff0007,CVE-2019-15858
432587463,cckuailong/reapoc,2021/CVE-2021-26475/poc/nuclei/CVE-2021-26475.yaml,d1cc3bb5e54a9d01b75f9f65ce980a0449d04b14,CVE-2021-26475
432587463,cckuailong/reapoc,2019/CVE-2019-17558/vultarget/README.md,d268b73bd53d3a3f7c49ec6400473cc15ee72b1e,CVE-2019-17558
432587463,cckuailong/reapoc,2020/CVE-2020-27986/poc/nuclei/CVE-2020-27986.yaml,d275228cdd4f5b2c42b6fca8ee8a5fec0f7e8310,CVE-2020-27986
432587463,cckuailong/reapoc,2020/CVE-2020-5412/poc/nuclei/CVE-2020-5412.yaml,d275503af5af50321220074609d5a150d0138c0c,CVE-2020-5412
432587463,cckuailong/reapoc,2021/CVE-2021-28169/vultarget/src/index.jsp,d280c7986f8effa426e844f69b290e0a8561c3e8,CVE-2021-28169
432587463,cckuailong/reapoc,2010/CVE-2010-1475/poc/nuclei/CVE-2010-1475.yaml,d28a6dc7507d69e57751df8d209bf6c0832da922,CVE-2010-1475
432587463,cckuailong/reapoc,2021/CVE-2021-31537/poc/nuclei/CVE-2021-31537.yaml,d292c93e436d81e2f9985a1434a640a382785be2,CVE-2021-31537
432587463,cckuailong/reapoc,2010/CVE-2010-1494/poc/nuclei/CVE-2010-1494.yaml,d295bb6ce2828c79b9c173e77d8f54f3e4063df2,CVE-2010-1494
432587463,cckuailong/reapoc,2010/CVE-2010-1979/poc/nuclei/CVE-2010-1979.yaml,d2ec5d0006819317b8f45ab63f4b28fba96529a9,CVE-2010-1979
432587463,cckuailong/reapoc,2010/CVE-2010-1977/poc/others/README.md,d2f37310adcc2cf84326032ddca57f0317cf882f,CVE-2010-1977
432587463,cckuailong/reapoc,2021/CVE-2021-43798/vultarget/README.zh-cn.md,d30a597831562b4c884cbb35a949f8a3d180fe18,CVE-2021-43798
432587463,cckuailong/reapoc,2012/CVE-2012-0996/poc/others/README.md,d30d66c8906735da003be000e40e7f5c67ddf360,CVE-2012-0996
432587463,cckuailong/reapoc,2015/CVE-2015-2068/poc/others/README.md,d33c8366df7953434820a177c8cd7982f54455d9,CVE-2015-2068
432587463,cckuailong/reapoc,2015/CVE-2015-2067/poc/others/README.md,d33c8366df7953434820a177c8cd7982f54455d9,CVE-2015-2067
432587463,cckuailong/reapoc,2010/CVE-2010-1081/poc/nuclei/CVE-2010-1081.yaml,d367bfebc9202e134d63efddd408dafb147552a3,CVE-2010-1081
432587463,cckuailong/reapoc,2009/CVE-2009-5114/poc/others/README.md,d3769ce1e9e2eb498e9d4c68e99b9fa9d384d127,CVE-2009-5114
432587463,cckuailong/reapoc,2021/CVE-2021-28164/vultarget/src/WEB-INF/web.xml,d37bb4b5bc9a8653a5df4621f51c8e7ce74935b2,CVE-2021-28164
432587463,cckuailong/reapoc,2021/CVE-2021-34429/vultarget/src/WEB-INF/web.xml,d37bb4b5bc9a8653a5df4621f51c8e7ce74935b2,CVE-2021-34429
432587463,cckuailong/reapoc,2010/CVE-2010-1314/poc/nuclei/CVE-2010-1314.yaml,d3977d83687278a173169ea72ee5883f248698ab,CVE-2010-1314
432587463,cckuailong/reapoc,2019/CVE-2019-0230/poc/others/README.md,d3cd02dc6d3792286296c2cf5ddd70322610eed4,CVE-2019-0230
432587463,cckuailong/reapoc,2015/CVE-2015-3337/poc/others/README.md,d3cf6413dcc378785bf67102bc0bab681cefd42e,CVE-2015-3337
432587463,cckuailong/reapoc,2009/CVE-2009-4202/poc/nuclei/CVE-2009-4202.yaml,d3dc0607900a8f07840cb4ea0c965271fb5aec9f,CVE-2009-4202
432587463,cckuailong/reapoc,2017/CVE-2017-5521/poc/nuclei/CVE-2017-5521.yaml,d4281a77e52099dc8b07e343dd2cd64470907544,CVE-2017-5521
432587463,cckuailong/reapoc,2010/CVE-2010-1304/poc/nuclei/CVE-2010-1304.yaml,d483b871fac3c071ffdc413e3b3a3297fc9e6112,CVE-2010-1304
432587463,cckuailong/reapoc,2020/CVE-2020-7796/poc/nuclei/CVE-2020-7796.yaml,d4bbd1eea8cf7e272c923d158072d202b7380cbf,CVE-2020-7796
432587463,cckuailong/reapoc,2015/CVE-2015-6920/poc/nuclei/CVE-2015-6920.yaml,d4bd26bbd82d64400142293502d2967542796e47,CVE-2015-6920
432587463,cckuailong/reapoc,2021/CVE-2021-24320/poc/nuclei/CVE-2021-24320.yaml,d50c9c8dfa26b1541a04f7f62a64b209ecb310c9,CVE-2021-24320
432587463,cckuailong/reapoc,2018/CVE-2018-19439/poc/nuclei/CVE-2018-19439.yaml,d516d985eabcc4e5dd35510626b7539bd7717282,CVE-2018-19439
432587463,cckuailong/reapoc,2018/CVE-2018-19439/poc/nuclei/CVE-2018-19439.yaml,d516d985eabcc4e5dd35510626b7539bd7717282,BID-106006
432587463,cckuailong/reapoc,2020/CVE-2020-8193/poc/nuclei/CVE-2020-8193.yaml,d534a1dc8152df2c58592d82ab899db0a1ea426e,CVE-2020-8193
432587463,cckuailong/reapoc,2018/CVE-2018-10818/poc/nuclei/CVE-2018-10818.yaml,d56e470d80d18351436a27c1c0db1cff4dd49858,CVE-2018-10818
432587463,cckuailong/reapoc,2018/CVE-2018-10818/poc/nuclei/CVE-2018-10818.yaml,d56e470d80d18351436a27c1c0db1cff4dd49858,CVE-2018-14839
432587463,cckuailong/reapoc,2021/CVE-2021-39320/poc/nuclei/CVE-2021-39320.yaml,d573e4f40445ee5683de8c80fe949e8270e62a40,CVE-2021-39320
432587463,cckuailong/reapoc,2021/CVE-2021-1499/poc/others/README.md,d63c6b14b65c6dbd0de2f5dfe43c517a461a77c5,CVE-2021-1499
432587463,cckuailong/reapoc,2021/CVE-2021-22145/poc/nuclei/CVE-2021-22145.yaml,d64bb49f3a6a0d65e79019f6eed91512a26cb18d,CVE-2021-22145
432587463,cckuailong/reapoc,2010/CVE-2010-1308/poc/others/README.md,d663bfad7da8531999531c6bfd962be4f5938208,CVE-2010-1308
432587463,cckuailong/reapoc,2010/CVE-2010-2122/poc/others/README.md,d6b009e7ac245a7b0fc4c92c9131a34b500cf706,CVE-2010-2122
432587463,cckuailong/reapoc,2021/CVE-2021-21389/poc/others/README.md,d6b2221ff0ba1e80e8942be6046588afcb6a5781,CVE-2021-21389
432587463,cckuailong/reapoc,2021/CVE-2021-29484/poc/nuclei/CVE-2021-29484.yaml,d6b26091e0dc15ea5ffb0da193c95d5aaaadcc10,CVE-2021-29484
432587463,cckuailong/reapoc,2021/CVE-2021-21802/poc/nuclei/CVE-2021-21802.yaml,d6e1ab3c66940efd387a2b07b13ad41587128b57,CVE-2021-21802
432587463,cckuailong/reapoc,2020/CVE-2020-8512/poc/nuclei/CVE-2020-8512.yaml,d6ed1772f5d57b602a9fe0cd8bd551f24d710fe3,CVE-2020-8512
432587463,cckuailong/reapoc,2021/CVE-2021-21801/poc/nuclei/CVE-2021-21801.yaml,d702a5112490b1060080066e3542cde5e8346658,CVE-2021-21801
432587463,cckuailong/reapoc,2020/CVE-2020-35489/poc/nuclei/CVE-2020-35489.yaml,d706bb6019550feb52a8162c15f290c29f4b3478,CVE-2020-35489
432587463,cckuailong/reapoc,2010/CVE-2010-1315/poc/nuclei/CVE-2010-1315.yaml,d72894c8742fe68db011c68ed3dae56a0833fed6,CVE-2010-1315
432587463,cckuailong/reapoc,2010/CVE-2010-1540/poc/nuclei/CVE-2010-1540.yaml,d728ed04cae83c5120e8f7c049f684e30c64066e,CVE-2010-1540
432587463,cckuailong/reapoc,2020/CVE-2020-5405/poc/nuclei/CVE-2020-5405.yaml,d763c5ca601eacc1bbabd499e22a1abce3a383ae,CVE-2020-5405
432587463,cckuailong/reapoc,2018/CVE-2018-7600/poc/xray/CVE-2018-7600.yml,d7ae1a551788653ffebba430f811293dfcafe63f,CVE-2018-7600
432587463,cckuailong/reapoc,2018/CVE-2018-3810/poc/others/README.md,d7af74216b2ebc1d174625def74906b3f33592b8,CVE-2018-3810
432587463,cckuailong/reapoc,2020/CVE-2020-6171/poc/nuclei/CVE-2020-6171.yaml,d7c2440f2188a4f0f095ea4f53c1600d45e51d99,CVE-2020-6171
432587463,cckuailong/reapoc,2016/CVE-2016-1000134/poc/nuclei/CVE-2016-1000134.yaml,d7e3eac548bc7b54a7ed3951411659366339c2e9,CVE-2016-1000134
432587463,cckuailong/reapoc,2019/CVE-2019-8937/poc/others/README.md,d80040e304c56182b6a553312babafd42cc0c210,CVE-2019-8937
432587463,cckuailong/reapoc,2019/CVE-2019-5129/poc/xray/CVE-2019-5129.yml,d840bb534819b71c0706f2c17ddcc5a909045b77,CVE-2019-5129
432587463,cckuailong/reapoc,2018/CVE-2018-1000533/vultarget/README.md,d860b6223279a3d1c23fde3cb0ac769acadbec03,CVE-2018-1000533
432587463,cckuailong/reapoc,2020/CVE-2020-13927/poc/nuclei/CVE-2020-13927.yaml,d86e76e7748f50cb35f480dff669f4cf9641b601,CVE-2020-13927
432587463,cckuailong/reapoc,2019/CVE-2019-3396/vultarget/README.zh-cn.md,d88d2578c294b9d2de8ca65ef2a509292c73d952,CVE-2019-3396
432587463,cckuailong/reapoc,2019/CVE-2019-11248/poc/nuclei/CVE-2019-11248.yaml,d8ba15e537d0bccd6575e16ab46d7c8e38c3de7c,CVE-2019-11248
432587463,cckuailong/reapoc,2020/CVE-2020-9402/vultarget/src/vuln/tests.py,d8ba9a8a1de20610ca7f80f8c8c6c515ece66a30,CVE-2020-9402
432587463,cckuailong/reapoc,2010/CVE-2010-1983/poc/others/README.md,d8f22ff3428554347b890f9bc8cf723cc4124eee,CVE-2010-1983
432587463,cckuailong/reapoc,2019/CVE-2019-16313/poc/xray/CVE-2019-16313.yml,d8fc21301028bc72a11f04d7703f8416fd2f1717,CVE-2019-16313
432587463,cckuailong/reapoc,2019/CVE-2019-16313/poc/xray/CVE-2019-16313.yml,d8fc21301028bc72a11f04d7703f8416fd2f1717,CVE-2019-16312
432587463,cckuailong/reapoc,2016/CVE-2016-1000133/poc/nuclei/CVE-2016-1000133.yaml,d911bfb6695bee5cd27a1b6b19444bddae40e14f,CVE-2016-1000133
432587463,cckuailong/reapoc,2011/CVE-2011-5181/poc/others/README.md,d9256fd7d0cc3b86984007f9c480966b5a289ebc,CVE-2011-5181
432587463,cckuailong/reapoc,2020/CVE-2020-35338/poc/nuclei/CVE-2020-35338.yaml,d93bfddef846348739f4a935485c75a27d802d23,CVE-2020-35338
432587463,cckuailong/reapoc,2009/CVE-2009-1872/poc/nuclei/CVE-2009-1872.yaml,d94c3c29cd26d6d6b34eaf4ddeee41b14110fc2f,CVE-2009-1872
432587463,cckuailong/reapoc,2010/CVE-2010-0985/poc/nuclei/CVE-2010-0985.yaml,d96c624da93b0b137ab6ad03d9edc16c47158e05,CVE-2010-0985
432587463,cckuailong/reapoc,2010/CVE-2010-1952/poc/nuclei/CVE-2010-1952.yaml,d96c7806c40e13ba74035dd85300f430875cce7d,CVE-2010-1952
432587463,cckuailong/reapoc,2018/CVE-2018-13980/poc/others/README.md,d96e092dd3ce46878900a4e8797f53f869fdaf63,CVE-2018-13980
432587463,cckuailong/reapoc,2010/CVE-2010-1715/poc/others/README.md,d9716dca839421bb908a86aacb738f06dd333451,CVE-2010-1715
432587463,cckuailong/reapoc,2019/CVE-2019-11581/poc/others/README.md,d99e615f059bc451aca71b3e070b554a72b0308c,CVE-2019-11581
432587463,cckuailong/reapoc,2018/CVE-2018-3167/poc/nuclei/CVE-2018-3167.yaml,d9ad71e1af1a677e757fbf01cf229081400ec28c,CVE-2018-3167
432587463,cckuailong/reapoc,2018/CVE-2018-3167/poc/nuclei/CVE-2018-3167.yaml,d9ad71e1af1a677e757fbf01cf229081400ec28c,BID-105627
432587463,cckuailong/reapoc,2010/CVE-2010-5286/poc/others/README.md,d9d0da7446ca3753046d2c0c3c07fb6cc22538bd,CVE-2010-5286
432587463,cckuailong/reapoc,2020/CVE-2020-26919/poc/nuclei/CVE-2020-26919.yaml,d9ee2aaa40be31a82bfb3b115885c9075b40b052,CVE-2020-26919
432587463,cckuailong/reapoc,2021/CVE-2021-34621/poc/others/README.md,da053381b22c5f3cce48e312dc520ef742707c9f,CVE-2021-34621
432587463,cckuailong/reapoc,2020/CVE-2020-26073/poc/nuclei/CVE-2020-26073.yaml,da2779a14ecb7c4ee66ae74fdfbe5e91723ebadf,CVE-2020-26073
432587463,cckuailong/reapoc,2021/CVE-2021-21978/poc/others/README.md,da2d61124f71b42f191ad592cb67ed9d0710e73e,CVE-2021-21978
432587463,cckuailong/reapoc,2020/CVE-2020-35476/vultarget/docker-compose.yml,da2fcfd2abd71276b248c8a03d683969ce0fec29,CVE-2020-35476
432587463,cckuailong/reapoc,2021/CVE-2021-35042/vultarget/web/vuln/__init__.py,da39a3ee5e6b4b0d3255bfef95601890afd80709,CVE-2021-35042
432587463,cckuailong/reapoc,2010/CVE-2010-2259/poc/nuclei/CVE-2010-2259.yaml,daba639ed23f72c4dea41a6a6ab7d81788a965fa,CVE-2010-2259
432587463,cckuailong/reapoc,2020/CVE-2020-8515/poc/xray/CVE-2020-8515.yml,dadab07281933b4f3ca32e2b39c46ac0ebd0fc87,CVE-2020-8515
432587463,cckuailong/reapoc,2018/CVE-2018-17254/poc/nuclei/CVE-2018-17254.yaml,db361f7df86f678ffc9d073690549c8d7b943f07,CVE-2018-17254
432587463,cckuailong/reapoc,2020/CVE-2020-10770/poc/nuclei/CVE-2020-10770.yaml,db47a5b0ff9d9a02e0897f70375dca197f2e3e28,CVE-2020-10770
432587463,cckuailong/reapoc,2021/CVE-2021-40438/poc/others/README.md,db8a6f15a90f947662ba57fb499d8ec6efc51c69,CVE-2021-40438
432587463,cckuailong/reapoc,2020/CVE-2020-8813/poc/others/README.md,dbfedb3c17827049767efa386ae410fa281dfa6d,CVE-2020-8813
432587463,cckuailong/reapoc,2021/CVE-2021-3377/poc/nuclei/CVE-2021-3377.yaml,dc018fafe74485846e36e72732017a17f4d82b51,CVE-2021-3377
432587463,cckuailong/reapoc,2014/CVE-2014-5111/poc/others/README.md,dc2993c9e8cf6133efb17b50ef551db72afc6518,CVE-2014-5111
432587463,cckuailong/reapoc,2019/CVE-2019-10232/poc/nuclei/CVE-2019-10232.yaml,dc3feb36366f99b0b7b3afe3e8552cc05b0d966b,CVE-2019-10232
432587463,cckuailong/reapoc,2013/CVE-2013-3526/poc/nuclei/CVE-2013-3526.yaml,dc417f33c38001a7f968aa53ec16701b83b36912,CVE-2013-3526
432587463,cckuailong/reapoc,2018/CVE-2018-1335/poc/others/README.md,dc6215a0584a6c70f05519d7f312c791fbfc78ee,CVE-2018-1335
432587463,cckuailong/reapoc,2018/CVE-2018-1000861/vultarget/README.md,dc635514f8078d4f40408a10f355badf18a17b05,CVE-2018-1000861
432587463,cckuailong/reapoc,2016/CVE-2016-10033/vultarget/README.md,dce9495d73463848de406d07ca891365ea0680aa,CVE-2016-10033
432587463,cckuailong/reapoc,2011/CVE-2011-5265/poc/others/README.md,dd485bd1908a0cf49dc3c2e24bebe7ad7486a13e,CVE-2011-5265
432587463,cckuailong/reapoc,2019/CVE-2019-16662/poc/others/README.md,ddbc220ade856103cfb70ac3dab8bc8f9a01c783,CVE-2019-16662
432587463,cckuailong/reapoc,2014/CVE-2014-3704/vultarget/README.zh-cn.md,ddc376de15592ba18209947e175f167cfd1a5205,CVE-2014-3704
432587463,cckuailong/reapoc,2021/CVE-2021-27132/poc/nuclei/CVE-2021-27132.yaml,ddd466dc579a361356e4adf21c17f44756b2739c,CVE-2021-27132
432587463,cckuailong/reapoc,2020/CVE-2020-17518/vultarget/docker-compose.yml,ddf46f81e752c1403715e7776c9cb0a9c1ecd37a,CVE-2020-17518
432587463,cckuailong/reapoc,2010/CVE-2010-1469/poc/others/README.md,de067392ce2f8c5ddac2f153efbfc9a0d4814b2d,CVE-2010-1469
432587463,cckuailong/reapoc,2010/CVE-2010-0467/poc/nuclei/CVE-2010-0467.yaml,de0e06d88e500569dadc317da168547e9c501b5c,CVE-2010-0467
432587463,cckuailong/reapoc,2018/CVE-2018-7600/poc/nuclei/CVE-2018-7600.yaml,de2be4f436d2f6b65d3d9015be8f7e5fc6fe1e08,CVE-2018-7600
432587463,cckuailong/reapoc,2014/CVE-2014-9607/poc/nuclei/CVE-2014-9607.yaml,de80c20f33de3933cc7ba52945273d5e56329d53,CVE-2014-9607
432587463,cckuailong/reapoc,2020/CVE-2020-35736/poc/xray/CVE-2020-35736.yml,def27e5aedf7c350b0b9f4ec3ed4ec23c9f51a66,CVE-2020-35736
432587463,cckuailong/reapoc,2018/CVE-2018-16133/poc/others/README.md,df1396e1014392907ab8416c837be7cff2864d69,CVE-2018-16133
432587463,cckuailong/reapoc,2018/CVE-2018-6910/poc/xray/CVE-2018-6910.yml,df581d2d2909871db694d4f19131260b250f1851,CVE-2018-6910
432587463,cckuailong/reapoc,2021/CVE-2021-22986/poc/others/README.md,df9f3468696520c397bc76ea413bd7032b99f019,CVE-2021-22986
432587463,cckuailong/reapoc,2021/CVE-2021-42566/poc/nuclei/CVE-2021-42566.yaml,dfbd46a3bde899f0e8a8f700f960bfb0248b2ebf,CVE-2021-42566
432587463,cckuailong/reapoc,2020/CVE-2020-6308/poc/nuclei/CVE-2020-6308.yaml,dfcacd74d016093589a2115dc09f997221dc08fa,CVE-2020-6308
432587463,cckuailong/reapoc,2018/CVE-2018-1000129/poc/nuclei/CVE-2018-1000129.yaml,dfed77bf986b40d489b1cdb7ca626c593984c13c,CVE-2018-1000129
432587463,cckuailong/reapoc,2017/CVE-2017-12635/vultarget/README.zh-cn.md,e0016811259b7cf81e51f6e9ef34a3b317ccd23d,CVE-2017-12635
432587463,cckuailong/reapoc,2017/CVE-2017-12635/vultarget/README.zh-cn.md,e0016811259b7cf81e51f6e9ef34a3b317ccd23d,CVE-2017-12636
432587463,cckuailong/reapoc,2021/CVE-2021-21315/poc/nuclei/CVE-2021-21315.yaml,e025a268f2cd15d8ec319246edeb9d3f893796d9,CVE-2021-21315
432587463,cckuailong/reapoc,2017/CVE-2017-17043/poc/nuclei/CVE-2017-17043.yaml,e05956bb146142a758a6ffaf7bcb18956411ff3f,CVE-2017-17043
432587463,cckuailong/reapoc,2019/CVE-2019-15107/vultarget/README.zh-cn.md,e06813d55fc52484e66aaf3f82849cab9b69f5d6,CVE-2019-15107
432587463,cckuailong/reapoc,2010/CVE-2010-1472/poc/others/README.md,e07972e2c7cdf06076bfb2224ccead01589cf93e,CVE-2010-1472
432587463,cckuailong/reapoc,2010/CVE-2010-5028/poc/others/README.md,e07e9e4efb535a7b2d0a7ca619afeb9125022ac1,CVE-2010-5028
432587463,cckuailong/reapoc,2020/CVE-2020-17519/poc/nuclei/CVE-2020-17519.yaml,e0816e2e4c9f8bacaff1c84ff581625917ff2736,CVE-2020-17519
432587463,cckuailong/reapoc,2021/CVE-2021-21287/poc/nuclei/CVE-2021-21287.yaml,e095debb21e02c097ce68769c63316ca51d18204,CVE-2021-21287
432587463,cckuailong/reapoc,2020/CVE-2020-27735/poc/nuclei/CVE-2020-27735.yaml,e09881ffa9c7b83433547722e936e70488c4d448,CVE-2020-27735
432587463,cckuailong/reapoc,2018/CVE-2018-1000130/poc/nuclei/CVE-2018-1000130.yaml,e11304cfaa23458f8423e45644a152b38588a63c,CVE-2018-1000130
432587463,cckuailong/reapoc,2010/CVE-2010-1953/poc/nuclei/CVE-2010-1953.yaml,e14db996caa0c6b9638d08772097a5add79373d7,CVE-2010-1953
432587463,cckuailong/reapoc,2018/CVE-2018-19458/poc/nuclei/CVE-2018-19458.yaml,e19778fcfac67a7bf253987f583d8c30a743f9f7,CVE-2018-19458
432587463,cckuailong/reapoc,2018/CVE-2018-19458/poc/nuclei/CVE-2018-19458.yaml,e19778fcfac67a7bf253987f583d8c30a743f9f7,CVE-2018-19246
432587463,cckuailong/reapoc,2021/CVE-2021-25282/poc/xray/CVE-2021-25282.yml,e2152ff1248a3f29f10368123e335163e657995c,CVE-2021-25282
432587463,cckuailong/reapoc,2021/CVE-2021-26084/poc/xray/CVE-2021-26084.yml,e2186d4d85b53a47117ddc0421193954cf4fc83d,CVE-2021-26084
432587463,cckuailong/reapoc,2019/CVE-2019-17418/poc/xray/CVE-2019-17418.yml,e2204c1bad108516b5afdc5b7f67167b1c6f9627,CVE-2019-17418
432587463,cckuailong/reapoc,2020/CVE-2020-12800/poc/nuclei/CVE-2020-12800.yaml,e226cb074e8ec9cd3cb0279ae5cdcd48ca6f3312,CVE-2020-12800
432587463,cckuailong/reapoc,2021/CVE-2021-24335/poc/nuclei/CVE-2021-24335.yaml,e22ae8dce46912c3c3aaa8715f92ff9fe32662f2,CVE-2021-24335
432587463,cckuailong/reapoc,2019/CVE-2019-3402/poc/nuclei/CVE-2019-3402.yaml,e2379b88bd001fd3125910a31356bdf0cf26a784,CVE-2019-3402
432587463,cckuailong/reapoc,2008/CVE-2008-4764/poc/nuclei/CVE-2008-4764.yaml,e2a44445960ba1842942721b806d367647d9be67,CVE-2008-4764
432587463,cckuailong/reapoc,2020/CVE-2020-13937/poc/others/README.md,e2b6f2f2f91e62040d97c2dc20e0ff9c132762e7,CVE-2020-13937
432587463,cckuailong/reapoc,2020/CVE-2020-15148/poc/others/README.md,e2cd7200a1d01c840bb72e3559e77af9f1136fe7,CVE-2020-15148
432587463,cckuailong/reapoc,2014/CVE-2014-3704/poc/nuclei/CVE-2014-3704.yaml,e2d04262afc2f9e93d2aa842c5f1178f35b295ad,CVE-2014-3704
432587463,cckuailong/reapoc,2015/CVE-2015-6544/poc/nuclei/CVE-2015-6544.yaml,e2d12472b1986787112632f324f8535e8627226f,CVE-2015-6544
432587463,cckuailong/reapoc,2017/CVE-2017-7615/poc/nuclei/CVE-2017-7615.yaml,e2d8d8cb99a7d4f51ac597e33b75dea8065459db,CVE-2017-7615
432587463,cckuailong/reapoc,2011/CVE-2011-1669/poc/others/README.md,e306dd7cbbe7b69028cf0711f728cbb5f790e111,CVE-2011-1669
432587463,cckuailong/reapoc,2021/CVE-2021-27905/poc/xray/solr-cve-2021-27905-ssrf.yml,e31a662fc0d0925cd15d0a9b6b527d696c3885dd,CVE-2021-27905
432587463,cckuailong/reapoc,2010/CVE-2010-1954/poc/others/README.md,e361f71a3918dec71e82f86aba9d219a31403bac,CVE-2010-1954
432587463,cckuailong/reapoc,2010/CVE-2010-1953/poc/others/README.md,e36734a0f9dbc4fcc0ae9808ca9e0110f33967fe,CVE-2010-1953
432587463,cckuailong/reapoc,2020/CVE-2020-16139/poc/nuclei/CVE-2020-16139.yaml,e39ca90f695492fdbc43c511e9cccc89cdac0b30,CVE-2020-16139
432587463,cckuailong/reapoc,2021/CVE-2021-24499/poc/others/README.md,e3a2b11f46253015932fcc336a6c35a3029d5db7,CVE-2021-24499
432587463,cckuailong/reapoc,2018/CVE-2018-5316/poc/nuclei/CVE-2018-5316.yaml,e3da19a4d477d845e60962fc16be7dcf58d35cb8,CVE-2018-5316
432587463,cckuailong/reapoc,2020/CVE-2020-23517/poc/nuclei/CVE-2020-23517.yaml,e3ea7a37de2d72be89120c5bb5d79acbf79760f0,CVE-2020-23517
432587463,cckuailong/reapoc,2012/CVE-2012-3153/poc/others/README.md,e43618b22436f157a84fbe08330b16168871588a,CVE-2012-3153
432587463,cckuailong/reapoc,2021/CVE-2021-21975/poc/nuclei/CVE-2021-21975.yaml,e444bcefa64be83a7ecce2f06637afa1305d0bd2,CVE-2021-21975
432587463,cckuailong/reapoc,2021/CVE-2021-21975/poc/nuclei/CVE-2021-21975.yaml,e444bcefa64be83a7ecce2f06637afa1305d0bd2,CVE-2021-21983
432587463,cckuailong/reapoc,2016/CVE-2016-6210/poc/others/README.md,e4acecd53880e15af758b77b4cbf16dbd57d6ec5,CVE-2016-6210
432587463,cckuailong/reapoc,2019/CVE-2019-18393/poc/nuclei/CVE-2019-18393.yaml,e4c8a5a0fb4ef79ad4a4bbb5f642ca6045638dec,CVE-2019-18393
432587463,cckuailong/reapoc,2019/CVE-2019-18394/poc/xray/CVE-2019-18394.yml,e4ca6546660ea4525ea27b7af424ed368c8c559c,CVE-2019-18394
432587463,cckuailong/reapoc,2020/CVE-2020-3187/poc/others/README.md,e4d01a5c6afe5232a002af4f1060f1ab8873c50d,CVE-2020-3187
432587463,cckuailong/reapoc,2010/CVE-2010-1491/poc/others/README.md,e4d2ed06cbcdac97d669c82ddf41ced83d5cf690,CVE-2010-1491
432587463,cckuailong/reapoc,2021/CVE-2021-22005/poc/nuclei/CVE-2021-22005.yaml,e4f25a9b0af8f2dee1c0d0b18a1b38e06c3a910a,CVE-2021-22005
432587463,cckuailong/reapoc,2007/CVE-2007-4504/poc/nuclei/CVE-2007-4504.yaml,e4f95bb17833a345269f460dba3d719d39a41f74,CVE-2007-4504
432587463,cckuailong/reapoc,2015/CVE-2015-7450/poc/nuclei/CVE-2015-7450.yaml,e514f9c322826bb8ca2b1cbf5bea6b8ac72b3966,CVE-2015-7450
432587463,cckuailong/reapoc,2021/CVE-2021-35042/vultarget/web/app.py,e594f5c16afe3ff3a6b74283657fe99a34c56c1d,CVE-2021-35042
432587463,cckuailong/reapoc,2020/CVE-2020-11455/poc/others/README.md,e59ac7532ef729854bc1d91de181757c9eff98e3,CVE-2020-11455
432587463,cckuailong/reapoc,2009/CVE-2009-1151/poc/nuclei/CVE-2009-1151.yaml,e5cecfbee37b955c1025f14013b7eb306de25cc7,CVE-2009-1151
432587463,cckuailong/reapoc,2021/CVE-2021-37580/poc/nuclei/CVE-2021-37580.yaml,e5e254b995af30f3190f4373d10114353c621d62,CVE-2021-37580
432587463,cckuailong/reapoc,2019/CVE-2019-15107/vultarget/README.md,e5f1538e4c027d6be92347785c0a8f1955bc8d01,CVE-2019-15107
432587463,cckuailong/reapoc,2019/CVE-2019-0193/poc/others/README.md,e617df5830f165e14d64bbc17314396552fd6f8d,CVE-2019-0193
432587463,cckuailong/reapoc,2010/CVE-2010-1314/poc/others/README.md,e62029febe5373eaef00faee7052ea8b4bcc5c04,CVE-2010-1314
432587463,cckuailong/reapoc,2021/CVE-2021-21234/poc/nuclei/CVE-2021-21234.yaml,e6543ccad86204e58cb17bf3bd60d4b28ab76b1f,CVE-2021-21234
432587463,cckuailong/reapoc,2018/CVE-2018-15473/vultarget/README.md,e656f1b20d769fb5b1bf8fe4131ba17e736f6347,CVE-2018-15473
432587463,cckuailong/reapoc,2018/CVE-2018-3760/vultarget/README.md,e6669aa1dd8fbac771f133d654cf05d4df155ae2,CVE-2018-3760
432587463,cckuailong/reapoc,2021/CVE-2021-34371/vultarget/rhino_gadget/pom.xml,e6dfc9dcf9d7f361f7d235a1e77d8c632e58b1bf,CVE-2021-34371
432587463,cckuailong/reapoc,2021/CVE-2021-40960/poc/nuclei/CVE-2021-40960.yaml,e706666cebb9fad072b0b97f2b260cb19e4eee95,CVE-2021-40960
432587463,cckuailong/reapoc,2020/CVE-2020-24579/poc/nuclei/CVE-2020-24579.yaml,e765f12e47fb3e62178ab02e105cce68d9880a08,CVE-2020-24579
432587463,cckuailong/reapoc,2017/CVE-2017-8917/poc/xray/CVE-2017-8917.yml,e7692c8b494d51dbab84651b01942b746b3636be,CVE-2017-8917
432587463,cckuailong/reapoc,2020/CVE-2020-17519/vultarget/README.md,e76edc4aaefeadb10113555a1d4f09342c089a7e,CVE-2020-17519
432587463,cckuailong/reapoc,2010/CVE-2010-1657/poc/others/README.md,e77d32516d134ee35e0832fa7f5db56da4e61e0e,CVE-2010-1657
432587463,cckuailong/reapoc,2000/CVE-2000-0114/poc/nuclei/CVE-2000-0114.yaml,e7972f45ce14882017f3f9765831f3937a06c358,CVE-2000-0114
432587463,cckuailong/reapoc,2021/CVE-2021-34370/poc/others/README.md,e7a02572a3527e35c95a35feff14a87e5f10d33c,CVE-2021-34370
432587463,cckuailong/reapoc,2014/CVE-2014-2962/poc/others/README.md,e7a5117293c928ee6083926eda9a60a4c9ce0b94,CVE-2014-2962
432587463,cckuailong/reapoc,2020/CVE-2020-9402/poc/nuclei/CVE-2020-9402.yaml,e7a9c27cc63263108a48c1cff6c38b89d41d5330,CVE-2020-9402
432587463,cckuailong/reapoc,2018/CVE-2018-2894/poc/nuclei/CVE-2018-2894.yaml,e7c021e26b5ccb471570d593c0496533c5660615,CVE-2018-2894
432587463,cckuailong/reapoc,2010/CVE-2010-0944/poc/nuclei/CVE-2010-0944.yaml,e7e3061e93aa779df61c1c69c0791cf50c041952,CVE-2010-0944
432587463,cckuailong/reapoc,2020/CVE-2020-35476/vultarget/README.md,e86ea03d312e3c1b7279cb5933e6e4dedbfc2b7a,CVE-2020-35476
432587463,cckuailong/reapoc,2019/CVE-2019-8449/poc/xray/CVE-2019-8449.yml,e87c347e15df76268f9915538cd8e45299eb8705,CVE-2019-8449
432587463,cckuailong/reapoc,2019/CVE-2019-3929/poc/nuclei/CVE-2019-3929.yaml,e8c58e0d43cacdfb8f3bf524dee710d681d60287,CVE-2019-3929
432587463,cckuailong/reapoc,2014/CVE-2014-4539/poc/nuclei/CVE-2014-4539.yaml,e9039ea1cd198a318626ec6a3de759b55c46e250,CVE-2014-4539
432587463,cckuailong/reapoc,2010/CVE-2010-1981/poc/others/README.md,e92117fe630529f3ec2cf6db273c4bf57a971525,CVE-2010-1981
432587463,cckuailong/reapoc,2020/CVE-2020-25213/poc/others/README.md,e95fbec048ab53e9dc304a981860a548c30b6d5a,CVE-2020-25213
432587463,cckuailong/reapoc,2017/CVE-2017-8917/vultarget/README.md,e9a16c11eb0a1bdcd437a4e974ea2c1c4d47b92c,CVE-2017-8917
432587463,cckuailong/reapoc,2018/CVE-2018-6008/poc/nuclei/CVE-2018-6008.yaml,e9b2f9d5f1f27f653504fddfc89ea648727c8611,CVE-2018-6008
432587463,cckuailong/reapoc,2018/CVE-2018-20462/poc/nuclei/CVE-2018-20462.yaml,e9e10e853c40e2877544af59cb06117a73bfcf3d,CVE-2018-20462
432587463,cckuailong/reapoc,2014/CVE-2014-9614/poc/nuclei/CVE-2014-9614.yaml,ea07d7c14570315492ff234964e07560cfb588f8,CVE-2014-9614
432587463,cckuailong/reapoc,2020/CVE-2020-35713/poc/nuclei/CVE-2020-35713.yaml,ea297f5c690e87645b505164af6782c154be2f2c,CVE-2020-35713
432587463,cckuailong/reapoc,2011/CVE-2011-4618/poc/others/README.md,ea33a2fa1360d8e6355facb001cc31d777bf90e7,CVE-2011-4618
432587463,cckuailong/reapoc,2012/CVE-2012-1823/poc/nuclei/CVE-2012-1823.yaml,ea5623ea251862a70d405b539177c5e4f6d28f93,CVE-2012-1823
432587463,cckuailong/reapoc,2010/CVE-2010-1607/poc/nuclei/CVE-2010-1607.yaml,ea626a4bc924dd006e0a4695b40d95ad61287e38,CVE-2010-1607
432587463,cckuailong/reapoc,2020/CVE-2020-28351/poc/nuclei/CVE-2020-28351.yaml,ea739d876c7139e0f4882d37139d78fd60b775a3,CVE-2020-28351
432587463,cckuailong/reapoc,2019/CVE-2019-7609/poc/nuclei/CVE-2019-7609.yaml,ea83bd06bd47b399009f7b7a2cc7aca55e9ae25a,CVE-2019-7609
432587463,cckuailong/reapoc,2018/CVE-2018-14728/poc/others/README.md,eabc25666c039452aaea0d6a1012b4401ea19b25,CVE-2018-14728
432587463,cckuailong/reapoc,2009/CVE-2009-5114/poc/nuclei/CVE-2009-5114.yaml,eb1fd2aff297f41627eb3530ec1f918723149560,CVE-2009-5114
432587463,cckuailong/reapoc,2019/CVE-2019-12593/poc/others/README.md,eb6e764fa69dfebd31445d843b6925377a245b0b,CVE-2019-12593
432587463,cckuailong/reapoc,2017/CVE-2017-16877/poc/xray/CVE-2017-16877.yml,eb6ef4ca20cbd5ba4eca9681de4667ef17adcb34,CVE-2017-16877
432587463,cckuailong/reapoc,2021/CVE-2021-40875/poc/others/README.md,eb739b180014e8f058803548e5234e58e5e77e8c,CVE-2021-40875
432587463,cckuailong/reapoc,2015/CVE-2015-3337/vultarget/README.md,eb9c315897538d782ab23200780a19d685bc876d,CVE-2015-3337
432587463,cckuailong/reapoc,2010/CVE-2010-1719/poc/nuclei/CVE-2010-1719.yaml,ebca9866c8ce430ae1732a88f20d98bf9c328a16,CVE-2010-1719
432587463,cckuailong/reapoc,2019/CVE-2019-7254/poc/nuclei/CVE-2019-7254.yaml,ebcb01a9eccfeb208c681fd568d3f8f1efa953b9,CVE-2019-7254
432587463,cckuailong/reapoc,2018/CVE-2018-18069/poc/nuclei/CVE-2018-18069.yaml,ebcd174880b8e41893e6577a4be53706a3876078,CVE-2018-18069
432587463,cckuailong/reapoc,2021/CVE-2021-31755/poc/nuclei/CVE-2021-31755.yaml,ebd916bcdea972e4e4bda64a4ca57c66ca4b24dc,CVE-2021-31755
432587463,cckuailong/reapoc,2020/CVE-2020-14883/poc/nuclei/CVE-2020-14883.yaml,ebe3d6bdef7addbcc3187655562383c357d54491,CVE-2020-14883
432587463,cckuailong/reapoc,2021/CVE-2021-41878/poc/nuclei/CVE-2021-41878.yaml,ec21585e35ab3b444d052025a0ce31ee64f3449c,CVE-2021-41878
432587463,cckuailong/reapoc,2020/CVE-2020-35713/poc/others/README.md,ec30ed56e2c89ed8318ddd139569ceaaca7e3d64,CVE-2020-35713
432587463,cckuailong/reapoc,2021/CVE-2021-25646/poc/others/README.md,ec4b5dbce691ae68fe6e611684c4d10cad4c9bfe,CVE-2021-25646
432587463,cckuailong/reapoc,2021/CVE-2021-25281/poc/others/README.md,ec51a661500270eb22e33b9c2f6db452bc7ea24d,CVE-2021-25281
432587463,cckuailong/reapoc,2012/CVE-2012-0392/poc/nuclei/CVE-2012-0392.yaml,ed052436a3b2c88309d30ad59fc5471c469d40f1,CVE-2012-0392
432587463,cckuailong/reapoc,2021/CVE-2021-37833/poc/others/README.md,ed0dfc62600a1e752c076fac44dd9f7425ee6dd5,CVE-2021-37833
432587463,cckuailong/reapoc,2020/CVE-2020-9344/poc/nuclei/CVE-2020-9344.yaml,ed3f9de2fce6f4e868e1dd3dc8e7faf8a47da877,CVE-2020-9344
432587463,cckuailong/reapoc,2021/CVE-2021-22986/poc/xray/CVE-2021-22986.yml,ed63ab9bb4fde74aeb48c674437d35d2f2537c60,CVE-2021-22986
432587463,cckuailong/reapoc,2021/CVE-2021-34045/poc/others/README.md,ed6e63f0396be54fc438fcbece202725f1de5227,CVE-2021-34045
432587463,cckuailong/reapoc,2016/CVE-2016-1000142/poc/nuclei/CVE-2016-1000142.yaml,ed895e3e1a1ed293cab0f43be14c47bd7f6aa45e,CVE-2016-1000142
432587463,cckuailong/reapoc,2019/CVE-2019-19368/poc/nuclei/CVE-2019-19368.yaml,ed8969d3d8c196488e7970999cf2f75aa8f94851,CVE-2019-19368
432587463,cckuailong/reapoc,2019/CVE-2019-0193/poc/xray/CVE-2019-0193.yml,ed8e7a6985e1bf7133de43be49b40038ecb0be87,CVE-2019-0193
432587463,cckuailong/reapoc,2017/CVE-2017-1000028/poc/xray/CVE-2017-1000028.yml,edbcc37e612444d55eb05777351ccd973ffa4a1d,CVE-2017-1000028
432587463,cckuailong/reapoc,2010/CVE-2010-1603/poc/nuclei/CVE-2010-1603.yaml,edc30637744e097a4bf4c0fc83cc88693edf97e2,CVE-2010-1603
432587463,cckuailong/reapoc,2019/CVE-2019-7543/poc/nuclei/CVE-2019-7543.yaml,edcb2369272b6377030a6de2d21363f4af4aa4d5,CVE-2019-7543
432587463,cckuailong/reapoc,2018/CVE-2018-16670/poc/nuclei/CVE-2018-16670.yaml,edec850580bfaec26144c2e454b5419d1a8dc9fb,CVE-2018-16670
432587463,cckuailong/reapoc,2010/CVE-2010-1306/poc/others/README.md,eded44e9501d5485c49e9d71b405d8238f44c1fd,CVE-2010-1306
432587463,cckuailong/reapoc,2010/CVE-2010-1219/poc/nuclei/CVE-2010-1219.yaml,ee0d3efe576001e079f4aa084b43a5b982e50dcf,CVE-2010-1219
432587463,cckuailong/reapoc,2004/CVE-2004-0519/poc/others/README.md,ee4412f62da3cf6c4da076481ebac8acffdcd66c,CVE-2004-0519
432587463,cckuailong/reapoc,2009/CVE-2009-4223/poc/nuclei/CVE-2009-4223.yaml,ee527e75107b860fda107e67738df6962f1c4ddf,CVE-2009-4223
432587463,cckuailong/reapoc,2017/CVE-2017-17059/poc/nuclei/CVE-2017-17059.yaml,ee6cff4952dbf86432eb039a984fb88e48f4f487,CVE-2017-17059
432587463,cckuailong/reapoc,2020/CVE-2020-9484/poc/nuclei/CVE-2020-9484.yaml,ee735657aa537d5b95a61b4443e29ebb262f7828,CVE-2020-9484
432587463,cckuailong/reapoc,2014/CVE-2014-8682/poc/nuclei/CVE-2014-8682.yaml,ee95f5c4f43e99ae1d06b75d86127b88c5c721e4,BID-71187
432587463,cckuailong/reapoc,2014/CVE-2014-8682/poc/nuclei/CVE-2014-8682.yaml,ee95f5c4f43e99ae1d06b75d86127b88c5c721e4,CVE-2014-8682
432587463,cckuailong/reapoc,2019/CVE-2019-14322/poc/nuclei/CVE-2019-14322.yaml,ee973f96d6b482a749b7dabb48827e5bf1b56d93,CVE-2019-14322
432587463,cckuailong/reapoc,2017/CVE-2017-12637/poc/nuclei/CVE-2017-12637.yaml,eea283a75c64982968b9befd62fb8a0cd3556147,CVE-2017-12637
432587463,cckuailong/reapoc,2018/CVE-2018-17431/poc/nuclei/CVE-2018-17431.yaml,eebea8ce6d9c5250e62828bc222e0c9a2a53479c,CVE-2018-17431
432587463,cckuailong/reapoc,2019/CVE-2019-20224/poc/xray/CVE-2019-20224.yml,eed681ed8f95362e7c3eef3ffa8716a74358289e,CVE-2019-20224
432587463,cckuailong/reapoc,2021/CVE-2021-43798/vultarget/docker-compose.yml,eef5630d7c637670b59df9f52a3beaaa0f82aff2,CVE-2021-43798
432587463,cckuailong/reapoc,2017/CVE-2017-16877/poc/nuclei/CVE-2017-16877.yaml,ef004bda7ea0b75514814d8d5cfcc9bd72fc4324,CVE-2017-16877
432587463,cckuailong/reapoc,2021/CVE-2021-24276/poc/nuclei/CVE-2021-24276.yaml,ef196f2c298b8588ddda9eb9f75612df14d1084c,CVE-2021-24276
432587463,cckuailong/reapoc,2019/CVE-2019-2767/poc/nuclei/CVE-2019-2767.yaml,ef41f8146909f89e98b890895c74957a35179e9d,CVE-2019-2767
432587463,cckuailong/reapoc,2014/CVE-2014-9606/poc/nuclei/CVE-2014-9606.yaml,ef4c44012a792c91b0ac306ab8d746f052553440,CVE-2014-9606
432587463,cckuailong/reapoc,2010/CVE-2010-1955/poc/others/README.md,ef4eb561dd7e4514082fb9c3c8ec5300133789cd,CVE-2010-1955
432587463,cckuailong/reapoc,2018/CVE-2018-10141/poc/nuclei/CVE-2018-10141.yaml,ef5759a28f48d2d0fd23f2ebec4f9a075c86df65,CVE-2018-10141
432587463,cckuailong/reapoc,2021/CVE-2021-3129/vultarget/docker-compose.yml,ef85a81435f371f6c7a629ad9e2c9f8a01129d8f,CVE-2021-3129
432587463,cckuailong/reapoc,2020/CVE-2020-13942/vultarget/docker-compose.yml,ef8a2c468299957b5cf25e0748956a4f95bbfdf8,CVE-2020-13942
432587463,cckuailong/reapoc,2015/CVE-2015-1427/poc/others/README.md,efa43355801422a2a004b6c96c8e611d2b1b98a6,CVE-2015-1427
432587463,cckuailong/reapoc,2008/CVE-2008-4668/poc/others/README.md,f014755ac8a5e2f7b07d828f6c7df30ddedd0fad,CVE-2008-4668
432587463,cckuailong/reapoc,2017/CVE-2017-5982/poc/nuclei/CVE-2017-5982.yaml,f054405418dfb909226a72de9d4e5f8489552cac,CVE-2017-5982
432587463,cckuailong/reapoc,2019/CVE-2019-7609/poc/others/README.md,f05c14f90b2984b7ed23368ef7b92c18e4ac8585,CVE-2019-7609
432587463,cckuailong/reapoc,2010/CVE-2010-1534/poc/others/README.md,f064d69d71244f3f7be01b8bfcb17906f4e786ff,CVE-2010-1534
432587463,cckuailong/reapoc,2021/CVE-2021-21402/poc/nuclei/CVE-2021-21402.yaml,f06c7b3192f814ee7d30083468f9557ce04ac15e,CVE-2021-21402
432587463,cckuailong/reapoc,2010/CVE-2010-0942/poc/nuclei/CVE-2010-0942.yaml,f08055fda7d2851bc28fdf9048747e1ec3f404b8,CVE-2010-0942
432587463,cckuailong/reapoc,2010/CVE-2010-4977/poc/others/README.md,f093bc46ff26eb389cc403aba0da11ba19e04a0e,CVE-2010-4977
432587463,cckuailong/reapoc,2015/CVE-2015-3648/poc/nuclei/CVE-2015-3648.yaml,f09eb691ad19b17eb991332f1a138a70dcaef339,CVE-2015-3648
432587463,cckuailong/reapoc,2015/CVE-2015-3648/poc/nuclei/CVE-2015-3648.yaml,f09eb691ad19b17eb991332f1a138a70dcaef339,BID-75019
432587463,cckuailong/reapoc,2015/CVE-2015-1427/vultarget/README.md,f0d961ca7f30c2b3a2a3122b9de0f1bb62277b3a,CVE-2014-3120
432587463,cckuailong/reapoc,2015/CVE-2015-1427/vultarget/README.md,f0d961ca7f30c2b3a2a3122b9de0f1bb62277b3a,CVE-2015-1427
432587463,cckuailong/reapoc,2019/CVE-2019-16278/poc/nuclei/CVE-2019-16278.yaml,f105c7fa88248e36a2deb0f97d6b65047e92aa1a,CVE-2019-16278
432587463,cckuailong/reapoc,2019/CVE-2019-2729/poc/xray/CVE-2019-2729.yml,f1102b02b25680a9849cca6e8d51faf8ee6e875b,CVE-2019-2729
432587463,cckuailong/reapoc,2018/CVE-2018-16341/poc/others/README.md,f11d51f80acab8b7cd0566bf38a4400bfc6c9533,CVE-2018-16341
432587463,cckuailong/reapoc,2017/CVE-2017-12629/poc/xray/CVE-2017-12629.yml,f11f8739c9e4a9d8dbde2fec21924177a4534816,CVE-2017-12629
432587463,cckuailong/reapoc,2021/CVE-2021-33564/poc/others/README.md,f15b32b57dcba25dba313fb862378d6b0c76edce,CVE-2021-33564
432587463,cckuailong/reapoc,2021/CVE-2021-29442/poc/others/README.md,f17309bb35ae49b7de8a27db597a2e73cca1e3ba,CVE-2021-29442
432587463,cckuailong/reapoc,2021/CVE-2021-35042/vultarget/web/vuln/views.py,f1792f818071195257eb15feeab5998d5ddb4f41,CVE-2021-35042
432587463,cckuailong/reapoc,2021/CVE-2021-29490/poc/nuclei/CVE-2021-29490.yaml,f17f7a6dd9c8e9ca54aa6821791a405a4e639327,CVE-2021-29490
432587463,cckuailong/reapoc,2018/CVE-2018-1207/poc/nuclei/CVE-2018-1207.yaml,f1a9208738a0a6a51295e53b7be94f22dd081dbc,CVE-2018-1207
432587463,cckuailong/reapoc,2021/CVE-2021-36260/poc/nuclei/CVE-2021-36260.yaml,f1dedaf8af96843dea88c327a5df4529d2e1c8e1,CVE-2021-36260
432587463,cckuailong/reapoc,2020/CVE-2020-2551/poc/nuclei/CVE-2020-2551.yaml,f21d734074b2273c6704675987820f8e96ffad61,CVE-2020-2551
432587463,cckuailong/reapoc,2021/CVE-2021-33564/poc/nuclei/CVE-2021-33564.yaml,f24559dc73737ffaf9171530d963f93a279d5a7c,CVE-2021-33564
432587463,cckuailong/reapoc,2019/CVE-2019-8982/poc/others/README.md,f284c87e0cb7629bc64c5553d8bca3106c472459,CVE-2019-8982
432587463,cckuailong/reapoc,2021/CVE-2021-3019/poc/others/README.md,f2955dcfa922fa87a975ac86d168fd8296c30af2,CVE-2021-3019
432587463,cckuailong/reapoc,2021/CVE-2021-41773/vultarget/README.zh-cn.md,f29cf2445db63ae266b41cce1b08a6c5b59dd9ad,CVE-2021-41773
432587463,cckuailong/reapoc,2019/CVE-2019-16278/poc/others/README.md,f2ddbdc3755cb773f5f4603915ec63fd5e4000a6,CVE-2019-16278
432587463,cckuailong/reapoc,2010/CVE-2010-1875/poc/nuclei/CVE-2010-1875.yaml,f2f066b873694599383d621dbda7e2f0c6ba73b7,CVE-2010-1875
432587463,cckuailong/reapoc,2010/CVE-2010-0157/poc/nuclei/CVE-2010-0157.yaml,f2f0e29b07e86980514806f11ab75fb7101cd80a,CVE-2010-0157
432587463,cckuailong/reapoc,2010/CVE-2010-1982/poc/others/README.md,f33679415f49da1de472ab4e85da4663c32ce2e9,CVE-2010-1982
432587463,cckuailong/reapoc,2021/CVE-2021-3223/poc/xray/CVE-2021-3223.yml,f35c81aebee9c9dc729390dfad3754ad6d954690,CVE-2021-3223
432587463,cckuailong/reapoc,2021/CVE-2021-24499/poc/nuclei/CVE-2021-24499.yaml,f36eeb80971851f1aa8f5355a7221d8367beaa9a,CVE-2021-24499
432587463,cckuailong/reapoc,2019/CVE-2019-11581/vultarget/README.md,f3762fc59a95b1f7363ab2d04401bb04f268557a,CVE-2019-3396
432587463,cckuailong/reapoc,2019/CVE-2019-11581/vultarget/README.md,f3762fc59a95b1f7363ab2d04401bb04f268557a,CVE-2019-11581
432587463,cckuailong/reapoc,2019/CVE-2019-16997/poc/xray/CVE-2019-16997.yml,f39dc459af4246caba08815912919cb59819e5e4,CVE-2019-16997
432587463,cckuailong/reapoc,2017/CVE-2017-9841/poc/others/README.md,f409802a18d53db83b72fb59bdb6009b0e7b8c43,CVE-2017-9841
432587463,cckuailong/reapoc,2017/CVE-2017-11610/poc/xray/CVE-2017-11610.yml,f416ddebc663aea114f203dff37462b5b2d4f9c4,CVE-2017-11610
432587463,cckuailong/reapoc,2017/CVE-2017-1000486/poc/nuclei/CVE-2017-1000486.yaml,f419f1ae09bbc23826fd7337f89047f2cfada6f4,CVE-2017-1000486
432587463,cckuailong/reapoc,2013/CVE-2013-1965/poc/others/README.md,f434306aafb01e2a9860bca9fa1af9f8eb0e9de8,CVE-2013-1965
432587463,cckuailong/reapoc,2018/CVE-2018-7251/poc/nuclei/CVE-2018-7251.yaml,f444c7ef6aa06043a2d17c74172d32e4303849cd,CVE-2018-7251
432587463,cckuailong/reapoc,2020/CVE-2020-9402/vultarget/src/manage.py,f492b162852ea1a2aed2e3e877dab3c67d3196af,CVE-2020-9402
432587463,cckuailong/reapoc,2017/CVE-2017-12794/vultarget/README.md,f4ba1f591f5463c9a8620bc7945ad86e2bd234cf,CVE-2017-12794
432587463,cckuailong/reapoc,2010/CVE-2010-0942/poc/others/README.md,f4ee330f5ff380e1f6e605a76cc644f7cf4873c1,CVE-2010-0942
432587463,cckuailong/reapoc,2009/CVE-2009-1558/poc/others/README.md,f50e105103d1613e8a071f91950413e7d7354f38,CVE-2009-1558
432587463,cckuailong/reapoc,2021/CVE-2021-35464/vultarget/docker-compose.yml,f53b8e0d40727396ef2afb79afc5bb5e7f405ba5,CVE-2021-35464
432587463,cckuailong/reapoc,2020/CVE-2020-26413/poc/nuclei/CVE-2020-26413.yaml,f545162aa68c62e5b5b8836ac27532237cc418fb,CVE-2020-26413
432587463,cckuailong/reapoc,2019/CVE-2019-5418/vultarget/README.md,f54543b4b2cb73507bc1cee6742517938684d215,CVE-2019-5418
432587463,cckuailong/reapoc,2012/CVE-2012-0981/poc/others/README.md,f570fd1bfa9487a1bbff48148d553d95c7568f7c,CVE-2012-0981
432587463,cckuailong/reapoc,2019/CVE-2019-8937/poc/nuclei/CVE-2019-8937.yaml,f5768635d5711c02826c3023e4ab62d5f04af6b5,CVE-2019-8937
432587463,cckuailong/reapoc,2020/CVE-2020-11034/poc/nuclei/CVE-2020-11034.yaml,f578046cb83e6e79d26bdb6cb44e0593be5492b4,CVE-2020-11034
432587463,cckuailong/reapoc,2019/CVE-2019-0230/poc/nuclei/CVE-2019-0230.yaml,f58a6919d4daff640c9cf7b7b65fb1a265e26691,CVE-2019-0230
432587463,cckuailong/reapoc,2018/CVE-2018-2791/poc/nuclei/CVE-2018-2791.yaml,f5a2c9c0e8d243d95836a05cf6d1fb81f51cc5e1,CVE-2018-2791
432587463,cckuailong/reapoc,2018/CVE-2018-2791/poc/nuclei/CVE-2018-2791.yaml,f5a2c9c0e8d243d95836a05cf6d1fb81f51cc5e1,BID-103800
432587463,cckuailong/reapoc,2021/CVE-2021-34473/poc/nuclei/CVE-2021-34473.yaml,f5ba4b5a2aa355a24e28d422c570f4d701861e0a,CVE-2021-31206
432587463,cckuailong/reapoc,2021/CVE-2021-34473/poc/nuclei/CVE-2021-34473.yaml,f5ba4b5a2aa355a24e28d422c570f4d701861e0a,CVE-2021-34473
432587463,cckuailong/reapoc,2021/CVE-2021-34473/poc/nuclei/CVE-2021-34473.yaml,f5ba4b5a2aa355a24e28d422c570f4d701861e0a,CVE-2021-31196
432587463,cckuailong/reapoc,2020/CVE-2020-10547/poc/nuclei/CVE-2020-10547.yaml,f5bd7137ef73f3c1483199d1e3af2091713ea8c1,CVE-2020-10547
432587463,cckuailong/reapoc,2019/CVE-2019-3799/poc/others/README.md,f5c0052b64a8b6a343741341823e1db1737cace4,CVE-2019-3799
432587463,cckuailong/reapoc,2009/CVE-2009-4679/poc/nuclei/CVE-2009-4679.yaml,f6079c1f10ebd02d1f8228a35d376c433f613f20,CVE-2009-4679
432587463,cckuailong/reapoc,2010/CVE-2010-2037/poc/nuclei/CVE-2010-2037.yaml,f6086ea98fde1be9b55beb02d2193b6890ccb01f,CVE-2010-2037
432587463,cckuailong/reapoc,2021/CVE-2021-29442/poc/nuclei/CVE-2021-29442.yaml,f60b539ca7a0699abf0dc3c2d3cfa96274feda1d,CVE-2021-29442
432587463,cckuailong/reapoc,2021/CVE-2021-26855/poc/others/README.md,f638c890da45f0d21a948dcebe8eac66c6865846,CVE-2021-26855
432587463,cckuailong/reapoc,2018/CVE-2018-14916/poc/nuclei/CVE-2018-14916.yaml,f64c19860df7ddf98659f729dc8e32deca05c98c,CVE-2018-14916
432587463,cckuailong/reapoc,2021/CVE-2021-30461/poc/nuclei/CVE-2021-30461.yaml,f664d35fd67a8276bff47605d569acc813c79ff7,CVE-2021-30461
432587463,cckuailong/reapoc,2021/CVE-2021-28937/poc/nuclei/CVE-2021-28937.yaml,f6d58a541c41a6e87363fdf8055855c71a033368,CVE-2021-28937
432587463,cckuailong/reapoc,2020/CVE-2020-5902/poc/xray/CVE-2020-5902.yml,f71260c7bd61569c43577e43a429985aa2cd8e32,CVE-2020-5902
432587463,cckuailong/reapoc,2017/CVE-2017-5982/poc/others/README.md,f727413a6de5385bd9e9c9ee06fdc2d7480d0cf8,CVE-2017-5982
432587463,cckuailong/reapoc,2019/CVE-2019-0221/poc/nuclei/CVE-2019-0221.yaml,f7357eef9edec9297f239874a8c9098a1a851305,CVE-2019-0221
432587463,cckuailong/reapoc,2021/CVE-2021-26084/vultarget/README.md,f767f80612d59da9c726e5541a1187739d74a682,CVE-2019-3396
432587463,cckuailong/reapoc,2021/CVE-2021-26084/vultarget/README.md,f767f80612d59da9c726e5541a1187739d74a682,CVE-2021-26084
432587463,cckuailong/reapoc,2020/CVE-2020-21224/poc/xray/CVE-2020-21224.yml,f773156d55bd8d6f4932ebdae93f7925f9b43fd6,CVE-2020-21224
432587463,cckuailong/reapoc,2021/CVE-2021-34045/vultarget/2.webp,f78f370c88edd92b18dc74a0d226f4db80277eeb,CVE-2021-34045
432587463,cckuailong/reapoc,2020/CVE-2020-5410/poc/nuclei/CVE-2020-5410.yaml,f7a8b77d8e7d9026ba2c03655f0e2f3baaa4c991,CVE-2020-5410
432587463,cckuailong/reapoc,2018/CVE-2018-13380/poc/nuclei/CVE-2018-13380.yaml,f7d20ff598867a8bb6029189873b252aa41f9e9d,CVE-2018-13380
432587463,cckuailong/reapoc,2021/CVE-2021-40978/poc/xray/mkdocs-cve-2021-40978.yml,f7ff8ef58401d49b07a0f30cf28e6642de25d17a,CVE-2021-40978
432587463,cckuailong/reapoc,2010/CVE-2010-4231/poc/others/README.md,f80f0e4459502a215ee1af06687aeecc9ae747e1,CVE-2010-4231
432587463,cckuailong/reapoc,2021/CVE-2021-21972/poc/xray/CVE-2021-21972.yml,f8228484b71e88f376445f5316eaccfebcf35262,CVE-2021-21972
432587463,cckuailong/reapoc,2017/CVE-2017-7921/poc/xray/CVE-2017-7921.yml,f82de2fd2ce21f885f05ea635c327738b9ef16c2,CVE-2017-7921
432587463,cckuailong/reapoc,2019/CVE-2019-12725/poc/xray/CVE-2019-12725.yml,f83fd27f74f9cbfe45433a6f68bc111d77c187a8,CVE-2019-12725
432587463,cckuailong/reapoc,2018/CVE-2018-11686/poc/xray/CVE-2018-11686.yml,f89a1f272d295dde96e507d8c915403d26efd547,CVE-2018-11686
432587463,cckuailong/reapoc,2019/CVE-2019-7219/poc/nuclei/CVE-2019-7219.yaml,f8efdcc6a7eca7a94d268884a9f2081b451bf763,CVE-2019-7219
432587463,cckuailong/reapoc,2018/CVE-2018-16836/poc/others/README.md,f8f992707a507e64e3b511f88c15ef2620a2c55c,CVE-2018-16836
432587463,cckuailong/reapoc,2021/CVE-2021-34045/vultarget/3.webp,f90d262a02ce4863ba57a77f44833063145abb8a,CVE-2021-34045
432587463,cckuailong/reapoc,2014/CVE-2014-10037/poc/nuclei/CVE-2014-10037.yaml,f93227348e6994ac53c8494b05285b868983cbf2,CVE-2014-10037
432587463,cckuailong/reapoc,2020/CVE-2020-17496/poc/nuclei/CVE-2020-17496.yaml,f950a157980a2313415ee9f48e5d3c64a411fb32,CVE-2020-17496
432587463,cckuailong/reapoc,2020/CVE-2020-17496/poc/nuclei/CVE-2020-17496.yaml,f950a157980a2313415ee9f48e5d3c64a411fb32,CVE-2019-16759
432587463,cckuailong/reapoc,2020/CVE-2020-17519/poc/xray/CVE-2020-17519.yml,f9aa707c56060fbbe6b50e7c64ffe3a46e731c48,CVE-2020-17519
432587463,cckuailong/reapoc,2021/CVE-2021-33357/poc/nuclei/CVE-2021-33357.yaml,f9d1b1284e4ae985296330c31b3256e2e61ce3f8,CVE-2021-33357
432587463,cckuailong/reapoc,2014/CVE-2014-8799/poc/others/README.md,fab0310006a5ffa0875936ffbcaf7805ec62d30f,CVE-2014-8799
432587463,cckuailong/reapoc,2018/CVE-2018-16283/poc/others/README.md,fab0b22e404c25917b289caa0033105995ef82ff,CVE-2018-16283
432587463,cckuailong/reapoc,2010/CVE-2010-2861/poc/others/README.md,faf1c7e973ea169e919518dcb74856b66fb13d75,CVE-2010-2861
432587463,cckuailong/reapoc,2021/CVE-2021-34371/vultarget/rhino_gadget/src/main/java/Utils/ClassFiles.java,fb0adf079243fb91fbecbb0da9817adb5cf3c9e5,CVE-2021-34371
432587463,cckuailong/reapoc,2017/CVE-2017-15647/poc/others/README.md,fb1f926866a7cf605add9c7fbd7cc85c8501f6bd,CVE-2017-15647
432587463,cckuailong/reapoc,2021/CVE-2021-32819/vultarget/docker-compose.yml,fb23c57256b627947322fa1299b219cf065176a8,CVE-2021-32819
432587463,cckuailong/reapoc,2021/CVE-2021-42013/poc/others/README.md,fb376e1b31d846914b979796f34e88dc4d03c1ce,CVE-2021-42013
432587463,cckuailong/reapoc,2018/CVE-2018-8715/vultarget/docker-compose.yml,fb8b1657c735148555687f8d9f817beaba42dbbe,CVE-2018-8715
432587463,cckuailong/reapoc,2020/CVE-2020-9402/vultarget/docker-compose.yml,fb8e5446373e4071906856d83b5f32ee8aebd06e,CVE-2020-9402
432587463,cckuailong/reapoc,2020/CVE-2020-23972/poc/nuclei/CVE-2020-23972.yaml,fb92c9e9f2b278b73f5221fb30426dda0cbf52b4,CVE-2020-23972
432587463,cckuailong/reapoc,2017/CVE-2017-14849/poc/nuclei/CVE-2017-14849.yaml,fc061f0d514db133aada6b4ec51ce3eeb8206e8a,BID-101056
432587463,cckuailong/reapoc,2017/CVE-2017-14849/poc/nuclei/CVE-2017-14849.yaml,fc061f0d514db133aada6b4ec51ce3eeb8206e8a,CVE-2017-14849
432587463,cckuailong/reapoc,2020/CVE-2020-24223/poc/nuclei/CVE-2020-24223.yaml,fc2af50f5cb68b2d22a12ec8d29385767d76ec20,CVE-2020-24223
432587463,cckuailong/reapoc,2018/CVE-2018-17246/vultarget/README.zh-cn.md,fc32f15fb084a6767264ddacdd9413b00be3ff16,CVE-2018-17246
432587463,cckuailong/reapoc,2020/CVE-2020-5775/poc/nuclei/CVE-2020-5775.yaml,fc4cb28ded5aecb157ac41ec256db8ffe765dd09,CVE-2020-5775
432587463,cckuailong/reapoc,2020/CVE-2020-9425/poc/nuclei/CVE-2020-9425.yaml,fc58ab6326e5772fd55e4e26319a027a4a851d0d,CVE-2020-9425
432587463,cckuailong/reapoc,2015/CVE-2015-4632/poc/others/README.md,fc779734611ab4500dea3b8301659719d7ed2dfe,CVE-2015-4632
432587463,cckuailong/reapoc,2014/CVE-2014-9609/poc/nuclei/CVE-2014-9609.yaml,fc790a28efacf2cae3fe2e52086e39cf8d86dad2,CVE-2014-9609
432587463,cckuailong/reapoc,2021/CVE-2021-34429/poc/others/README.md,fc9db4cdf03df080b341420b6a9ac65df4821054,CVE-2021-34429
432587463,cckuailong/reapoc,2017/CVE-2017-12794/vultarget/xss/apps.py,fcaba57eb9d31be1bc9ab02db5e5322947e45e67,CVE-2017-12794
432587463,cckuailong/reapoc,2021/CVE-2021-21307/poc/nuclei/CVE-2021-21307.yaml,fcb9048d8eab2bc8c0d22adfcdaf131b0fb7c1ac,CVE-2021-21307
432587463,cckuailong/reapoc,2010/CVE-2010-2918/poc/others/README.md,fcbc7df17817910325b593b06f90bbaa08ed9fb9,CVE-2010-2918
432587463,cckuailong/reapoc,2020/CVE-2020-5847/poc/others/README.md,fcf786ba513602bb30d3dac579e960e7b95c422d,CVE-2020-5847
432587463,cckuailong/reapoc,2021/CVE-2021-24342/poc/nuclei/CVE-2021-24342.yaml,fd10b32c92b3307e15faa32366087c648cd3c36d,CVE-2021-24342
432587463,cckuailong/reapoc,2021/CVE-2021-24237/poc/nuclei/CVE-2021-24237.yaml,fd431ffd4ed2ab56c55655ebc5fdb035b3071280,CVE-2021-24237
432587463,cckuailong/reapoc,2021/CVE-2021-35042/vultarget/docker-compose.yml,fd612243f071bae1931c3e37d6b1794603e2493f,CVE-2021-35042
432587463,cckuailong/reapoc,2019/CVE-2019-1010287/poc/nuclei/CVE-2019-1010287.yaml,fd6ab400de03ad67240210ee03b88c18375fcf8d,CVE-2019-1010287
432587463,cckuailong/reapoc,2021/CVE-2021-41653/poc/others/README.md,fd7ee3010c539b95cae697c9df06c4395501e239,CVE-2021-41653
432587463,cckuailong/reapoc,2019/CVE-2019-12616/poc/others/README.md,fd814ab770497a788afe92075ba56e496b323ca4,CVE-2019-12616
432587463,cckuailong/reapoc,2018/CVE-2018-2628/vultarget/docker-compose.yml,fd9bfcb0e4e4c62b6f6ddc6f1ad9de424b0913a3,CVE-2018-2628
432587463,cckuailong/reapoc,2021/CVE-2021-29622/poc/nuclei/CVE-2021-29622.yaml,fde06105d7f45df3ad08c455c89eb7b3a1dd6f37,CVE-2021-29622
432587463,cckuailong/reapoc,2020/CVE-2020-20982/poc/nuclei/CVE-2020-20982.yaml,fdefe08520835d8d9719e505ffb682472e61a112,CVE-2020-20982
432587463,cckuailong/reapoc,2020/CVE-2020-7247/vultarget/README.zh-cn.md,fdf4b3edbb351d9ef9616ddf33da242c244e6eed,CVE-2020-7247
432587463,cckuailong/reapoc,2019/CVE-2019-18818/poc/nuclei/CVE-2019-18818.yaml,fe26b50229237b2481372cfffde26ca70a01587b,CVE-2019-18818
432587463,cckuailong/reapoc,2017/CVE-2017-11444/poc/nuclei/CVE-2017-11444.yaml,fe55c0712338da0c4bbc31ec55934b775a5e950e,CVE-2017-11444
432587463,cckuailong/reapoc,2017/CVE-2017-14535/poc/nuclei/CVE-2017-14535.yaml,fe6ae65a72fe04083dc8733b62f02081a64098ca,CVE-2017-14535
432587463,cckuailong/reapoc,2018/CVE-2018-1000533/vultarget/docker-compose.yml,fe6fab3bca323a62b4fa6398956e24fd2e43e3da,CVE-2018-1000533
432587463,cckuailong/reapoc,2010/CVE-2010-1535/poc/nuclei/CVE-2010-1535.yaml,ff8b12ac0321f716b8cfcc596dec1d7fbce66e73,CVE-2010-1535
432587463,cckuailong/reapoc,2021/CVE-2021-20090/poc/nuclei/CVE-2021-20090.yaml,ffc254775e3072490d6b5d239cf5970a5565f8ed,CVE-2021-20090
432587463,cckuailong/reapoc,2010/CVE-2010-1983/poc/nuclei/CVE-2010-1983.yaml,ffc523bf1e1b6146094ef497ac1bc08aaa2f1169,CVE-2010-1983
