repo_id,repo_full_name,file,file_sha1,match
618921880,Pflegusch/metasploit-module-research,modules/post/windows/gather/credentials/dynazip_log.rb,001e5230f0991c59d77f8d1180462d31acbb0236,CVE-2001-0152
618921880,Pflegusch/metasploit-module-research,modules/post/windows/gather/credentials/dynazip_log.rb,001e5230f0991c59d77f8d1180462d31acbb0236,MS01-019
618921880,Pflegusch/metasploit-module-research,modules/exploits/multi/fileformat/ghostscript_failed_restore.rb,0032c80f76fa1485043364e45e30211709b0c942,GPZ-1640
618921880,Pflegusch/metasploit-module-research,modules/exploits/multi/fileformat/ghostscript_failed_restore.rb,0032c80f76fa1485043364e45e30211709b0c942,CVE-2018-16509
618921880,Pflegusch/metasploit-module-research,modules/exploits/windows/smb/timbuktu_plughntcommand_bof.rb,0048ab7264446b2aa5d89a93fd6902d6d1158258,CVE-2009-1394
618921880,Pflegusch/metasploit-module-research,modules/exploits/windows/smb/timbuktu_plughntcommand_bof.rb,0048ab7264446b2aa5d89a93fd6902d6d1158258,BID-35496
618921880,Pflegusch/metasploit-module-research,modules/exploits/windows/smb/timbuktu_plughntcommand_bof.rb,0048ab7264446b2aa5d89a93fd6902d6d1158258,OSVDB-55436
618921880,Pflegusch/metasploit-module-research,modules/exploits/windows/fileformat/openoffice_ole.rb,004acebb049e22dce6daaf0e1ecba558904bdd31,OSVDB-44472
618921880,Pflegusch/metasploit-module-research,modules/exploits/windows/fileformat/openoffice_ole.rb,004acebb049e22dce6daaf0e1ecba558904bdd31,BID-28819
618921880,Pflegusch/metasploit-module-research,modules/exploits/windows/fileformat/openoffice_ole.rb,004acebb049e22dce6daaf0e1ecba558904bdd31,CVE-2008-0320
618921880,Pflegusch/metasploit-module-research,modules/exploits/windows/browser/samsung_security_manager_put.rb,005c3361b1c3a0da2141fccbca40114ae9503570,ZDI-16-481
618921880,Pflegusch/metasploit-module-research,modules/exploits/windows/browser/samsung_security_manager_put.rb,005c3361b1c3a0da2141fccbca40114ae9503570,ZDI-15-156
618921880,Pflegusch/metasploit-module-research,modules/exploits/windows/browser/adobe_flashplayer_arrayindexing.rb,00644a1a700ce7c91040306c2208bedb4debd331,BID-48268
618921880,Pflegusch/metasploit-module-research,modules/exploits/windows/browser/adobe_flashplayer_arrayindexing.rb,00644a1a700ce7c91040306c2208bedb4debd331,OSVDB-73007
618921880,Pflegusch/metasploit-module-research,modules/exploits/windows/browser/adobe_flashplayer_arrayindexing.rb,00644a1a700ce7c91040306c2208bedb4debd331,CVE-2011-2110
618921880,Pflegusch/metasploit-module-research,modules/exploits/multi/http/nas4free_php_exec.rb,0068d1cadddbe778b437f5e04fd2f5d5ed6ff29b,CVE-2013-3631
618921880,Pflegusch/metasploit-module-research,modules/auxiliary/admin/oracle/osb_execqr.rb,00730b27a0444c730cf8671817b04c09c26cd17a,OSVDB-51342
618921880,Pflegusch/metasploit-module-research,modules/auxiliary/admin/oracle/osb_execqr.rb,00730b27a0444c730cf8671817b04c09c26cd17a,CVE-2008-5448
618921880,Pflegusch/metasploit-module-research,modules/exploits/linux/http/gitlist_exec.rb,007b2ac76ca0be7fc4c446ba205415d0acb580db,CVE-2014-4511
618921880,Pflegusch/metasploit-module-research,modules/exploits/windows/http/ibm_tsm_cad_header.rb,0092d74067251757e5737c4b59d1cc5af5205372,CVE-2007-4880
618921880,Pflegusch/metasploit-module-research,modules/exploits/windows/http/ibm_tsm_cad_header.rb,0092d74067251757e5737c4b59d1cc5af5205372,OSVDB-38161
618921880,Pflegusch/metasploit-module-research,modules/exploits/windows/http/ibm_tsm_cad_header.rb,0092d74067251757e5737c4b59d1cc5af5205372,BID-25743
618921880,Pflegusch/metasploit-module-research,modules/exploits/windows/antivirus/trendmicro_serverprotect_createbinding.rb,00996449ab0c02784a2c9fe82d963d74c704e244,OSVDB-35790
618921880,Pflegusch/metasploit-module-research,modules/exploits/windows/antivirus/trendmicro_serverprotect_createbinding.rb,00996449ab0c02784a2c9fe82d963d74c704e244,CVE-2007-2508
618921880,Pflegusch/metasploit-module-research,modules/exploits/windows/antivirus/trendmicro_serverprotect_createbinding.rb,00996449ab0c02784a2c9fe82d963d74c704e244,BID-23868
618921880,Pflegusch/metasploit-module-research,modules/exploits/windows/browser/apple_quicktime_rtsp.rb,00bf97fe9f8675df36af31bc58b6f38646723dce,CVE-2007-0015
618921880,Pflegusch/metasploit-module-research,modules/exploits/windows/browser/apple_quicktime_rtsp.rb,00bf97fe9f8675df36af31bc58b6f38646723dce,BID-21829
618921880,Pflegusch/metasploit-module-research,modules/exploits/windows/browser/apple_quicktime_rtsp.rb,00bf97fe9f8675df36af31bc58b6f38646723dce,OSVDB-31023
618921880,Pflegusch/metasploit-module-research,modules/exploits/multi/http/spring_framework_rce_spring4shell.rb,00d07c82ee80694fadd215a0d5726be5b8c4bfb0,CVE-2022-22965
618921880,Pflegusch/metasploit-module-research,modules/exploits/windows/ssh/freeftpd_key_exchange.rb,00e47fc0862f4dc9fee13245827d274d52d247de,OSVDB-25569
618921880,Pflegusch/metasploit-module-research,modules/exploits/windows/ssh/freeftpd_key_exchange.rb,00e47fc0862f4dc9fee13245827d274d52d247de,CVE-2006-2407
618921880,Pflegusch/metasploit-module-research,modules/exploits/windows/ssh/freeftpd_key_exchange.rb,00e47fc0862f4dc9fee13245827d274d52d247de,BID-17958
618921880,Pflegusch/metasploit-module-research,modules/exploits/windows/http/gitstack_rce.rb,00f11ee4368c0226f998a9f74b6acc58f52ab7cf,CVE-2018-5955
618921880,Pflegusch/metasploit-module-research,modules/exploits/linux/browser/adobe_flashplayer_aslaunch.rb,01340aa0f6efb9c1c67d22fe6f11f86613b02b6f,OSVDB-50796
618921880,Pflegusch/metasploit-module-research,modules/exploits/linux/browser/adobe_flashplayer_aslaunch.rb,01340aa0f6efb9c1c67d22fe6f11f86613b02b6f,BID-32896
618921880,Pflegusch/metasploit-module-research,modules/exploits/linux/browser/adobe_flashplayer_aslaunch.rb,01340aa0f6efb9c1c67d22fe6f11f86613b02b6f,CVE-2008-5499
618921880,Pflegusch/metasploit-module-research,modules/exploits/windows/browser/adobe_media_newplayer.rb,0164d1123cdd0e83f429dc0e54a0d42d1dd18809,OSVDB-60980
618921880,Pflegusch/metasploit-module-research,modules/exploits/windows/browser/adobe_media_newplayer.rb,0164d1123cdd0e83f429dc0e54a0d42d1dd18809,CVE-2009-4324
618921880,Pflegusch/metasploit-module-research,modules/exploits/windows/browser/adobe_media_newplayer.rb,0164d1123cdd0e83f429dc0e54a0d42d1dd18809,BID-37331
618921880,Pflegusch/metasploit-module-research,modules/exploits/windows/http/dnn_cookie_deserialization_rce.rb,017b8fbe5b9f8f4fcaf766a1958ba29d7983c6b9,CVE-2018-15811
618921880,Pflegusch/metasploit-module-research,modules/exploits/windows/http/dnn_cookie_deserialization_rce.rb,017b8fbe5b9f8f4fcaf766a1958ba29d7983c6b9,CVE-2017-9822
618921880,Pflegusch/metasploit-module-research,modules/exploits/windows/http/dnn_cookie_deserialization_rce.rb,017b8fbe5b9f8f4fcaf766a1958ba29d7983c6b9,CVE-2018-18326
618921880,Pflegusch/metasploit-module-research,modules/exploits/windows/http/dnn_cookie_deserialization_rce.rb,017b8fbe5b9f8f4fcaf766a1958ba29d7983c6b9,CVE-2018-18325
618921880,Pflegusch/metasploit-module-research,modules/exploits/windows/http/dnn_cookie_deserialization_rce.rb,017b8fbe5b9f8f4fcaf766a1958ba29d7983c6b9,CVE-2018-15812
618921880,Pflegusch/metasploit-module-research,modules/exploits/unix/http/twiki_debug_plugins.rb,0181188a6466ef8e1ee360c7032937c3f3c77c33,OSVDB-112977
618921880,Pflegusch/metasploit-module-research,modules/exploits/unix/http/twiki_debug_plugins.rb,0181188a6466ef8e1ee360c7032937c3f3c77c33,CVE-2014-7236
618921880,Pflegusch/metasploit-module-research,modules/exploits/multi/http/rails_dynamic_render_code_exec.rb,01c05a8176e4cde9da516d9042d77f8f93d60320,CVE-2016-0752
618921880,Pflegusch/metasploit-module-research,modules/exploits/windows/fileformat/proshow_cellimage_bof.rb,01c0e8fec0f0d0f3540160c79e1f9bfc4021b94f,CVE-2009-3214
618921880,Pflegusch/metasploit-module-research,modules/exploits/windows/fileformat/proshow_cellimage_bof.rb,01c0e8fec0f0d0f3540160c79e1f9bfc4021b94f,OSVDB-57226
618921880,Pflegusch/metasploit-module-research,modules/auxiliary/dos/dns/bind_tkey.rb,01c16e922bc0d4d4933e0331d0c3ce8fc9886ba4,CVE-2015-5477
618921880,Pflegusch/metasploit-module-research,modules/exploits/linux/http/cisco_prime_inf_rce.rb,01c5669ab9a4d5ac8551d22b95884d8ac018c459,CVE-2018-15379
618921880,Pflegusch/metasploit-module-research,modules/auxiliary/admin/oracle/osb_execqr2.rb,01fec7f4089fea2952bf52746edefdb6a64b3839,OSVDB-55903
618921880,Pflegusch/metasploit-module-research,modules/auxiliary/admin/oracle/osb_execqr2.rb,01fec7f4089fea2952bf52746edefdb6a64b3839,CVE-2009-1977
618921880,Pflegusch/metasploit-module-research,modules/auxiliary/admin/oracle/osb_execqr2.rb,01fec7f4089fea2952bf52746edefdb6a64b3839,CVE-2009-1978
618921880,Pflegusch/metasploit-module-research,modules/auxiliary/admin/oracle/osb_execqr2.rb,01fec7f4089fea2952bf52746edefdb6a64b3839,OSVDB-55904
618921880,Pflegusch/metasploit-module-research,modules/exploits/dialup/multi/login/manyargs.rb,021da3ce335da4fe6e09fbae4479b9f7e33f6bf1,CVE-2001-0797
618921880,Pflegusch/metasploit-module-research,modules/exploits/dialup/multi/login/manyargs.rb,021da3ce335da4fe6e09fbae4479b9f7e33f6bf1,OSVDB-691
618921880,Pflegusch/metasploit-module-research,modules/exploits/dialup/multi/login/manyargs.rb,021da3ce335da4fe6e09fbae4479b9f7e33f6bf1,BID-3681
618921880,Pflegusch/metasploit-module-research,modules/exploits/dialup/multi/login/manyargs.rb,021da3ce335da4fe6e09fbae4479b9f7e33f6bf1,OSVDB-690
618921880,Pflegusch/metasploit-module-research,modules/exploits/windows/browser/softartisans_getdrivename.rb,0259a99a0322cfb5d32abb9973c1410800237576,OSVDB-47794
618921880,Pflegusch/metasploit-module-research,modules/exploits/windows/browser/softartisans_getdrivename.rb,0259a99a0322cfb5d32abb9973c1410800237576,CVE-2007-1682
618921880,Pflegusch/metasploit-module-research,modules/exploits/windows/browser/softartisans_getdrivename.rb,0259a99a0322cfb5d32abb9973c1410800237576,BID-30826
618921880,Pflegusch/metasploit-module-research,modules/exploits/unix/webapp/citrix_access_gateway_exec.rb,02776cf7db457643410ba4959f572b711ceea50f,CVE-2010-4566
618921880,Pflegusch/metasploit-module-research,modules/exploits/unix/webapp/citrix_access_gateway_exec.rb,02776cf7db457643410ba4959f572b711ceea50f,BID-45402
618921880,Pflegusch/metasploit-module-research,modules/exploits/unix/webapp/citrix_access_gateway_exec.rb,02776cf7db457643410ba4959f572b711ceea50f,OSVDB-70099
618921880,Pflegusch/metasploit-module-research,modules/exploits/windows/browser/ms13_069_caret.rb,027d47e08d9ba76785ceb957a1f81502c77edeff,OSVDB-97094
618921880,Pflegusch/metasploit-module-research,modules/exploits/windows/browser/ms13_069_caret.rb,027d47e08d9ba76785ceb957a1f81502c77edeff,CVE-2013-3205
618921880,Pflegusch/metasploit-module-research,modules/exploits/windows/browser/ms13_069_caret.rb,027d47e08d9ba76785ceb957a1f81502c77edeff,MS13-069
618921880,Pflegusch/metasploit-module-research,modules/exploits/windows/smtp/mercury_cram_md5.rb,02cfda707a5e7dc47fad052575942e4173bed09d,CVE-2007-4440
618921880,Pflegusch/metasploit-module-research,modules/exploits/windows/smtp/mercury_cram_md5.rb,02cfda707a5e7dc47fad052575942e4173bed09d,BID-25357
618921880,Pflegusch/metasploit-module-research,modules/exploits/windows/smtp/mercury_cram_md5.rb,02cfda707a5e7dc47fad052575942e4173bed09d,OSVDB-39669
618921880,Pflegusch/metasploit-module-research,modules/exploits/windows/misc/hp_dataprotector_exec_bar.rb,0311190d43a07b66bda97194a9371d0d77a8731f,CVE-2013-2347
618921880,Pflegusch/metasploit-module-research,modules/exploits/windows/misc/hp_dataprotector_exec_bar.rb,0311190d43a07b66bda97194a9371d0d77a8731f,BID-64647
618921880,Pflegusch/metasploit-module-research,modules/auxiliary/scanner/ftp/easy_file_sharing_ftp.rb,033cb8a34681db07abe1c1a0aabef714aca886a9,CVE-2017-6510
618921880,Pflegusch/metasploit-module-research,modules/exploits/apple_ios/ssh/cydia_default_ssh.rb,0357d3d08011e957328350b281804135f63e0694,OSVDB-61284
618921880,Pflegusch/metasploit-module-research,modules/exploits/windows/http/plesk_mylittleadmin_viewstate.rb,03658c442a381885f09c37ff7c8338fa4ff4a190,CVE-2020-13166
618921880,Pflegusch/metasploit-module-research,modules/auxiliary/scanner/http/options.rb,039ab60e3852e212c18d4756989b836babc21e17,CVE-2005-3498
618921880,Pflegusch/metasploit-module-research,modules/auxiliary/scanner/http/options.rb,039ab60e3852e212c18d4756989b836babc21e17,BID-9506
618921880,Pflegusch/metasploit-module-research,modules/auxiliary/scanner/http/options.rb,039ab60e3852e212c18d4756989b836babc21e17,BID-9561
618921880,Pflegusch/metasploit-module-research,modules/auxiliary/scanner/http/options.rb,039ab60e3852e212c18d4756989b836babc21e17,BID-11604
618921880,Pflegusch/metasploit-module-research,modules/auxiliary/scanner/http/options.rb,039ab60e3852e212c18d4756989b836babc21e17,CVE-2005-3398
618921880,Pflegusch/metasploit-module-research,modules/auxiliary/scanner/http/options.rb,039ab60e3852e212c18d4756989b836babc21e17,OSVDB-877
618921880,Pflegusch/metasploit-module-research,modules/auxiliary/dos/scada/siemens_siprotec4.rb,039bcab42bbe45f32bc51c4a9229708fb81b90f0,CVE-2015-5374
618921880,Pflegusch/metasploit-module-research,modules/exploits/windows/browser/ms09_043_owc_msdso.rb,03a4fa2f9996b4b08ff7b154861028b049765a09,OSVDB-55806
618921880,Pflegusch/metasploit-module-research,modules/exploits/windows/browser/ms09_043_owc_msdso.rb,03a4fa2f9996b4b08ff7b154861028b049765a09,CVE-2009-1136
618921880,Pflegusch/metasploit-module-research,modules/exploits/windows/browser/ms09_043_owc_msdso.rb,03a4fa2f9996b4b08ff7b154861028b049765a09,MS09-043
618921880,Pflegusch/metasploit-module-research,modules/exploits/linux/http/multi_ncc_ping_exec.rb,03ce557e8d7716ff5ceb3677d8652bccc34f7e16,BID-72816
618921880,Pflegusch/metasploit-module-research,modules/exploits/linux/http/multi_ncc_ping_exec.rb,03ce557e8d7716ff5ceb3677d8652bccc34f7e16,CVE-2015-1187
618921880,Pflegusch/metasploit-module-research,modules/exploits/linux/pop3/cyrus_pop3d_popsubfolders.rb,03d1a732dfacb301a359729384a266b73c7d7e7d,OSVDB-25853
618921880,Pflegusch/metasploit-module-research,modules/exploits/linux/pop3/cyrus_pop3d_popsubfolders.rb,03d1a732dfacb301a359729384a266b73c7d7e7d,CVE-2006-2502
618921880,Pflegusch/metasploit-module-research,modules/exploits/linux/pop3/cyrus_pop3d_popsubfolders.rb,03d1a732dfacb301a359729384a266b73c7d7e7d,BID-18056
618921880,Pflegusch/metasploit-module-research,modules/exploits/windows/local/agnitum_outpost_acs.rb,03f3d30b8d75d0ab6c3c48ad9d3f40e50c91b86c,OSVDB-96208
618921880,Pflegusch/metasploit-module-research,modules/auxiliary/admin/smb/samba_symlink_traversal.rb,03f5ade0bef791eb4d0ba0596963670f6f249f22,CVE-2010-0926
618921880,Pflegusch/metasploit-module-research,modules/auxiliary/admin/smb/samba_symlink_traversal.rb,03f5ade0bef791eb4d0ba0596963670f6f249f22,OSVDB-62145
618921880,Pflegusch/metasploit-module-research,modules/exploits/multi/http/git_submodule_command_exec.rb,04183c96bbbcbda8a17f2c002159759a234086f2,CVE-2017-1000117
618921880,Pflegusch/metasploit-module-research,modules/exploits/android/local/futex_requeue.rb,042418235e6db52f537cd96e7854c2eff67e6b49,CVE-2014-3153
618921880,Pflegusch/metasploit-module-research,modules/auxiliary/scanner/http/nagios_xi_scanner.rb,0438179d0c53ff295b9eeee4e5e10e86657cef42,CVE-2020-5792
618921880,Pflegusch/metasploit-module-research,modules/auxiliary/scanner/http/nagios_xi_scanner.rb,0438179d0c53ff295b9eeee4e5e10e86657cef42,CVE-2019-15949
618921880,Pflegusch/metasploit-module-research,modules/auxiliary/scanner/http/nagios_xi_scanner.rb,0438179d0c53ff295b9eeee4e5e10e86657cef42,CVE-2020-35578
618921880,Pflegusch/metasploit-module-research,modules/auxiliary/scanner/http/nagios_xi_scanner.rb,0438179d0c53ff295b9eeee4e5e10e86657cef42,CVE-2021-37343
618921880,Pflegusch/metasploit-module-research,modules/auxiliary/scanner/http/nagios_xi_scanner.rb,0438179d0c53ff295b9eeee4e5e10e86657cef42,CVE-2020-5791
618921880,Pflegusch/metasploit-module-research,modules/auxiliary/scanner/http/wp_chopslider_id_sqli.rb,047b433024a3366be6a225e7da90e1d0d61f625c,CVE-2020-11530
618921880,Pflegusch/metasploit-module-research,modules/auxiliary/admin/http/axigen_file_access.rb,047f8664f689bc190e1d3dba180e12ec9f3d4a98,CVE-2012-4940
618921880,Pflegusch/metasploit-module-research,modules/auxiliary/admin/http/axigen_file_access.rb,047f8664f689bc190e1d3dba180e12ec9f3d4a98,OSVDB-86802
618921880,Pflegusch/metasploit-module-research,modules/auxiliary/dos/http/ua_parser_js_redos.rb,048786816bc299095f257293ee6c4494021aac0b,CVE-2017-16086
618921880,Pflegusch/metasploit-module-research,modules/exploits/linux/http/alienvault_exec.rb,048c7f2d90fc49a79d6ea07e4deb4770130c11ee,CVE-2016-8582
618921880,Pflegusch/metasploit-module-research,modules/exploits/multi/browser/java_jre17_driver_manager.rb,04b00a8152ae9612047e455cf2ca31c979e86574,CVE-2013-1488
618921880,Pflegusch/metasploit-module-research,modules/exploits/multi/browser/java_jre17_driver_manager.rb,04b00a8152ae9612047e455cf2ca31c979e86574,OSVDB-91472
618921880,Pflegusch/metasploit-module-research,modules/exploits/multi/browser/java_jre17_driver_manager.rb,04b00a8152ae9612047e455cf2ca31c979e86574,BID-58504
618921880,Pflegusch/metasploit-module-research,modules/exploits/linux/http/nagios_xi_chained_rce_2_electric_boogaloo.rb,04d3986bdb2ca4490214a1399ced4744bd15bb66,CVE-2018-8735
618921880,Pflegusch/metasploit-module-research,modules/exploits/linux/http/nagios_xi_chained_rce_2_electric_boogaloo.rb,04d3986bdb2ca4490214a1399ced4744bd15bb66,CVE-2018-8736
618921880,Pflegusch/metasploit-module-research,modules/exploits/linux/http/nagios_xi_chained_rce_2_electric_boogaloo.rb,04d3986bdb2ca4490214a1399ced4744bd15bb66,CVE-2018-8734
618921880,Pflegusch/metasploit-module-research,modules/exploits/linux/http/nagios_xi_chained_rce_2_electric_boogaloo.rb,04d3986bdb2ca4490214a1399ced4744bd15bb66,CVE-2018-8733
618921880,Pflegusch/metasploit-module-research,modules/exploits/linux/http/grandstream_ucm62xx_sendemail_rce.rb,04d527ca0c37447e7e39d6ec4443e2a41a64f24e,CVE-2020-5722
618921880,Pflegusch/metasploit-module-research,modules/exploits/linux/http/grandstream_ucm62xx_sendemail_rce.rb,04d527ca0c37447e7e39d6ec4443e2a41a64f24e,CVE-2019-10662
618921880,Pflegusch/metasploit-module-research,modules/auxiliary/scanner/http/symantec_brightmail_logfile.rb,04e925f6db4b8aa63ce61aa2d0bb502163d3b8ec,CVE-2012-4347
618921880,Pflegusch/metasploit-module-research,modules/auxiliary/scanner/http/symantec_brightmail_logfile.rb,04e925f6db4b8aa63ce61aa2d0bb502163d3b8ec,BID-56789
618921880,Pflegusch/metasploit-module-research,modules/auxiliary/scanner/http/symantec_brightmail_logfile.rb,04e925f6db4b8aa63ce61aa2d0bb502163d3b8ec,OSVDB-88165
618921880,Pflegusch/metasploit-module-research,modules/exploits/windows/http/dlink_central_wifimanager_rce.rb,04f091bc9ccc9b06cbfdd00d51788aa202892abd,CVE-2019-13372
618921880,Pflegusch/metasploit-module-research,modules/exploits/windows/ftp/globalscapeftp_input.rb,04fd7ad708662de4e5bb1ddc503714aee5fde909,BID-13454
618921880,Pflegusch/metasploit-module-research,modules/exploits/windows/ftp/globalscapeftp_input.rb,04fd7ad708662de4e5bb1ddc503714aee5fde909,OSVDB-16049
618921880,Pflegusch/metasploit-module-research,modules/exploits/windows/ftp/globalscapeftp_input.rb,04fd7ad708662de4e5bb1ddc503714aee5fde909,CVE-2005-1415
618921880,Pflegusch/metasploit-module-research,modules/exploits/windows/browser/sonicwall_addrouteentry.rb,051fc52fef08a7d1a445e202f068c220a08212a7,OSVDB-39069
618921880,Pflegusch/metasploit-module-research,modules/exploits/windows/browser/sonicwall_addrouteentry.rb,051fc52fef08a7d1a445e202f068c220a08212a7,CVE-2007-5603
618921880,Pflegusch/metasploit-module-research,modules/exploits/windows/browser/persits_xupload_traversal.rb,052d047fc6502215d3f55d23b15c4cf75531bdd2,OSVDB-60001
618921880,Pflegusch/metasploit-module-research,modules/exploits/windows/browser/persits_xupload_traversal.rb,052d047fc6502215d3f55d23b15c4cf75531bdd2,CVE-2009-3693
618921880,Pflegusch/metasploit-module-research,modules/post/windows/escalate/unmarshal_cmd_exec.rb,05910c0eac333ea7e2042150cd8c68a834154a84,CVE-2018-0824
618921880,Pflegusch/metasploit-module-research,modules/exploits/windows/fileformat/word_msdtjs_rce.rb,05c96e01cfc7167d5fd5d7d1cd456bc1a4878a69,CVE-2022-30190
618921880,Pflegusch/metasploit-module-research,modules/exploits/windows/http/intrasrv_bof.rb,05eae77c429140102e56ebe201d88a37a0cc4141,OSVDB-94097
618921880,Pflegusch/metasploit-module-research,modules/auxiliary/admin/http/mantisbt_password_reset.rb,05f244e56899571d67f1af21e673b351bac7cbb2,CVE-2017-7615
618921880,Pflegusch/metasploit-module-research,modules/auxiliary/server/jsse_skiptls_mitm_proxy.rb,060260e7e29eb74a19ce12ddffd409f8010ed730,CVE-2014-6593
618921880,Pflegusch/metasploit-module-research,modules/auxiliary/gather/huawei_wifi_info.rb,060ac0613f7777bd410d60b0d9bc42a65fd73622,CVE-2013-6031
618921880,Pflegusch/metasploit-module-research,modules/exploits/windows/local/cve_2022_21999_spoolfool_privesc.rb,06179c0e73062f47bf8598dea32c003e5ed16cda,CVE-2022-21999
618921880,Pflegusch/metasploit-module-research,modules/exploits/windows/local/cve_2022_21999_spoolfool_privesc.rb,06179c0e73062f47bf8598dea32c003e5ed16cda,CVE-2022-22718
618921880,Pflegusch/metasploit-module-research,modules/auxiliary/admin/http/joomla_registration_privesc.rb,06645ed892313c9c6f15a58b5674b5c223d453a3,CVE-2016-8869
618921880,Pflegusch/metasploit-module-research,modules/auxiliary/admin/http/joomla_registration_privesc.rb,06645ed892313c9c6f15a58b5674b5c223d453a3,CVE-2016-8870
618921880,Pflegusch/metasploit-module-research,modules/auxiliary/scanner/http/rewrite_proxy_bypass.rb,066ac9bd271199f1756e9ac007c4fd3dcb5af3cd,CVE-2011-3368
618921880,Pflegusch/metasploit-module-research,modules/auxiliary/scanner/scada/sielco_winlog_fileaccess.rb,066c9beac2b525c0516c4bd00ee0b48dfeb87805,BID-54212
618921880,Pflegusch/metasploit-module-research,modules/auxiliary/scanner/scada/sielco_winlog_fileaccess.rb,066c9beac2b525c0516c4bd00ee0b48dfeb87805,CVE-2012-4356
618921880,Pflegusch/metasploit-module-research,modules/auxiliary/scanner/scada/sielco_winlog_fileaccess.rb,066c9beac2b525c0516c4bd00ee0b48dfeb87805,OSVDB-83275
618921880,Pflegusch/metasploit-module-research,modules/exploits/windows/browser/hyleos_chemviewx_activex.rb,067af235055e6afab6accb0be88bcb93934a4378,CVE-2010-0679
618921880,Pflegusch/metasploit-module-research,modules/exploits/windows/browser/hyleos_chemviewx_activex.rb,067af235055e6afab6accb0be88bcb93934a4378,OSVDB-62276
618921880,Pflegusch/metasploit-module-research,modules/exploits/windows/vpn/safenet_ike_11.rb,06b23caa0e0f21d2f250dcdccb4441523c3c7d7f,BID-35154
618921880,Pflegusch/metasploit-module-research,modules/exploits/windows/vpn/safenet_ike_11.rb,06b23caa0e0f21d2f250dcdccb4441523c3c7d7f,CVE-2009-1943
618921880,Pflegusch/metasploit-module-research,modules/exploits/windows/vpn/safenet_ike_11.rb,06b23caa0e0f21d2f250dcdccb4441523c3c7d7f,OSVDB-54831
618921880,Pflegusch/metasploit-module-research,modules/auxiliary/admin/http/netgear_auth_download.rb,06d59c6920d9125aeeb47442c2562cef57aa3ea4,CVE-2016-1524
618921880,Pflegusch/metasploit-module-research,modules/exploits/linux/misc/zabbix_server_exec.rb,06d5f0be85b311ca2f0117b187cf71fd098c4892,CVE-2009-4498
618921880,Pflegusch/metasploit-module-research,modules/exploits/linux/misc/zabbix_server_exec.rb,06d5f0be85b311ca2f0117b187cf71fd098c4892,BID-37989
618921880,Pflegusch/metasploit-module-research,modules/exploits/linux/misc/zabbix_server_exec.rb,06d5f0be85b311ca2f0117b187cf71fd098c4892,OSVDB-60965
618921880,Pflegusch/metasploit-module-research,modules/auxiliary/gather/alienvault_newpolicyform_sqli.rb,06d789cb7f44b756a7ff662c4e52349b26c7c1d2,OSVDB-106815
618921880,Pflegusch/metasploit-module-research,modules/auxiliary/gather/alienvault_newpolicyform_sqli.rb,06d789cb7f44b756a7ff662c4e52349b26c7c1d2,CVE-2014-5383
618921880,Pflegusch/metasploit-module-research,modules/exploits/windows/antivirus/symantec_workspace_streaming_exec.rb,06dc971aac3832883659a8d0339e18d712252740,OSVDB-106923
618921880,Pflegusch/metasploit-module-research,modules/exploits/windows/antivirus/symantec_workspace_streaming_exec.rb,06dc971aac3832883659a8d0339e18d712252740,CVE-2014-1649
618921880,Pflegusch/metasploit-module-research,modules/exploits/windows/antivirus/symantec_workspace_streaming_exec.rb,06dc971aac3832883659a8d0339e18d712252740,BID-67189
618921880,Pflegusch/metasploit-module-research,modules/exploits/multi/http/gitlab_shell_exec.rb,06f660fe67a04591c5c2848beb734074a40ea323,CVE-2013-4490
618921880,Pflegusch/metasploit-module-research,modules/exploits/linux/http/sourcegraph_gitserver_sshcmd.rb,070245827e8008178156ca35afcd3fb93bc6d75e,GHSA-QCMP-FX72-Q8Q9
618921880,Pflegusch/metasploit-module-research,modules/exploits/linux/http/sourcegraph_gitserver_sshcmd.rb,070245827e8008178156ca35afcd3fb93bc6d75e,CVE-2022-23642
618921880,Pflegusch/metasploit-module-research,modules/exploits/windows/browser/baofeng_storm_onbeforevideodownload.rb,070596d1471818d15c8ebdc731fe3ccbd6277c92,CVE-2009-1612
618921880,Pflegusch/metasploit-module-research,modules/exploits/windows/browser/baofeng_storm_onbeforevideodownload.rb,070596d1471818d15c8ebdc731fe3ccbd6277c92,BID-34789
618921880,Pflegusch/metasploit-module-research,modules/exploits/windows/browser/baofeng_storm_onbeforevideodownload.rb,070596d1471818d15c8ebdc731fe3ccbd6277c92,OSVDB-54169
618921880,Pflegusch/metasploit-module-research,modules/auxiliary/scanner/http/allegro_rompager_misfortune_cookie.rb,0706055668cee97ce8e190351cf02b25338a4fea,CVE-2014-9222
618921880,Pflegusch/metasploit-module-research,modules/exploits/windows/browser/adobe_flash_casi32_int_overflow.rb,0715e851da283c8abd42c7c323d8df73d1bacc88,CVE-2014-0569
618921880,Pflegusch/metasploit-module-research,modules/exploits/windows/browser/adobe_flash_casi32_int_overflow.rb,0715e851da283c8abd42c7c323d8df73d1bacc88,OSVDB-113199
618921880,Pflegusch/metasploit-module-research,modules/exploits/unix/irc/unreal_ircd_3281_backdoor.rb,071b0f4de032cf76514724f00c7fb11ee87788dc,OSVDB-65445
618921880,Pflegusch/metasploit-module-research,modules/exploits/unix/irc/unreal_ircd_3281_backdoor.rb,071b0f4de032cf76514724f00c7fb11ee87788dc,CVE-2010-2075
618921880,Pflegusch/metasploit-module-research,modules/exploits/windows/browser/ibmegath_getxmlvalue.rb,071be6dd2ec1e841e258d5d290080c181023e959,OSVDB-52958
618921880,Pflegusch/metasploit-module-research,modules/exploits/windows/browser/ibmegath_getxmlvalue.rb,071be6dd2ec1e841e258d5d290080c181023e959,CVE-2009-0215
618921880,Pflegusch/metasploit-module-research,modules/exploits/windows/browser/ibmegath_getxmlvalue.rb,071be6dd2ec1e841e258d5d290080c181023e959,BID-34228
618921880,Pflegusch/metasploit-module-research,modules/exploits/unix/webapp/open_flash_chart_upload_exec.rb,073666dc0bce967c54ca5bef1ca8139e2c174d54,BID-37314
618921880,Pflegusch/metasploit-module-research,modules/exploits/unix/webapp/open_flash_chart_upload_exec.rb,073666dc0bce967c54ca5bef1ca8139e2c174d54,OSVDB-59051
618921880,Pflegusch/metasploit-module-research,modules/exploits/unix/webapp/open_flash_chart_upload_exec.rb,073666dc0bce967c54ca5bef1ca8139e2c174d54,CVE-2009-4140
618921880,Pflegusch/metasploit-module-research,modules/auxiliary/scanner/postgres/postgres_dbname_flag_injection.rb,0741cca2934bee3d722b4c5c447a0d760d87ee60,CVE-2013-1899
618921880,Pflegusch/metasploit-module-research,modules/exploits/linux/http/wd_mycloud_multiupload_upload.rb,07587ab77e6551deccb9533795fff0fe6e3c2db0,CVE-2017-17560
618921880,Pflegusch/metasploit-module-research,modules/exploits/unix/webapp/wp_infusionsoft_upload.rb,076ca6c349d252dc1dcb876557f9f4edaccbbd99,CVE-2014-6446
618921880,Pflegusch/metasploit-module-research,modules/exploits/windows/browser/symantec_appstream_unsafe.rb,077348a2c9e27b302f5b90336256e34698c630dd,OSVDB-51410
618921880,Pflegusch/metasploit-module-research,modules/exploits/windows/browser/symantec_appstream_unsafe.rb,077348a2c9e27b302f5b90336256e34698c630dd,CVE-2008-4388
618921880,Pflegusch/metasploit-module-research,modules/exploits/osx/local/vmware_bash_function_root.rb,07b50b147ab2f1bd696755a06d324580e6efda6a,CVE-2014-6271
618921880,Pflegusch/metasploit-module-research,modules/exploits/osx/local/vmware_bash_function_root.rb,07b50b147ab2f1bd696755a06d324580e6efda6a,OSVDB-112004
618921880,Pflegusch/metasploit-module-research,modules/exploits/windows/browser/sapgui_saveviewtosessionfile.rb,07c89a9ac2fbe21d70ade8370541621ebdd57a81,OSVDB-53066
618921880,Pflegusch/metasploit-module-research,modules/exploits/windows/browser/sapgui_saveviewtosessionfile.rb,07c89a9ac2fbe21d70ade8370541621ebdd57a81,CVE-2007-4475
618921880,Pflegusch/metasploit-module-research,modules/exploits/windows/isapi/ms00_094_pbserver.rb,07d5b14aabf0b95e6d8cc918c3a876d4df2ccae5,MS00-094
618921880,Pflegusch/metasploit-module-research,modules/exploits/windows/isapi/ms00_094_pbserver.rb,07d5b14aabf0b95e6d8cc918c3a876d4df2ccae5,CVE-2000-1089
618921880,Pflegusch/metasploit-module-research,modules/exploits/windows/isapi/ms00_094_pbserver.rb,07d5b14aabf0b95e6d8cc918c3a876d4df2ccae5,BID-2048
618921880,Pflegusch/metasploit-module-research,modules/exploits/windows/isapi/ms00_094_pbserver.rb,07d5b14aabf0b95e6d8cc918c3a876d4df2ccae5,OSVDB-463
618921880,Pflegusch/metasploit-module-research,modules/auxiliary/scanner/http/wordpress_ghost_scanner.rb,07e401b99e0c4db02c55b6665df11e438255ef43,CVE-2015-0235
618921880,Pflegusch/metasploit-module-research,modules/auxiliary/dos/mdns/avahi_portzero.rb,07f396fb31f0720549597ea7b6d443ebd84bf856,CVE-2008-5081
618921880,Pflegusch/metasploit-module-research,modules/auxiliary/dos/mdns/avahi_portzero.rb,07f396fb31f0720549597ea7b6d443ebd84bf856,OSVDB-50929
618921880,Pflegusch/metasploit-module-research,modules/exploits/windows/smtp/wmailserver.rb,0826e6a365b59170aa2e965f8dab63ffd796a764,OSVDB-17883
618921880,Pflegusch/metasploit-module-research,modules/exploits/windows/smtp/wmailserver.rb,0826e6a365b59170aa2e965f8dab63ffd796a764,BID-14213
618921880,Pflegusch/metasploit-module-research,modules/exploits/windows/smtp/wmailserver.rb,0826e6a365b59170aa2e965f8dab63ffd796a764,CVE-2005-2287
618921880,Pflegusch/metasploit-module-research,modules/exploits/windows/fileformat/winamp_maki_bof.rb,082a9908357c1c76383c6cfc32586d50a026dbd0,BID-35052
618921880,Pflegusch/metasploit-module-research,modules/exploits/windows/fileformat/winamp_maki_bof.rb,082a9908357c1c76383c6cfc32586d50a026dbd0,OSVDB-54902
618921880,Pflegusch/metasploit-module-research,modules/exploits/windows/fileformat/winamp_maki_bof.rb,082a9908357c1c76383c6cfc32586d50a026dbd0,CVE-2009-1831
618921880,Pflegusch/metasploit-module-research,modules/exploits/windows/browser/intrust_annotatex_add.rb,0831ea0ade36e76ff9b7c4c94bba9512c0ec6395,BID-52765
618921880,Pflegusch/metasploit-module-research,modules/exploits/windows/browser/intrust_annotatex_add.rb,0831ea0ade36e76ff9b7c4c94bba9512c0ec6395,OSVDB-80662
618921880,Pflegusch/metasploit-module-research,modules/exploits/windows/browser/intrust_annotatex_add.rb,0831ea0ade36e76ff9b7c4c94bba9512c0ec6395,CVE-2012-5896
618921880,Pflegusch/metasploit-module-research,modules/exploits/windows/ftp/ftppad_list_reply.rb,084a0f9b425204104cb274bf906f1e6abf2fb04f,OSVDB-68714
618921880,Pflegusch/metasploit-module-research,modules/exploits/windows/ftp/vermillion_ftpd_port.rb,085d7956d097995f626126b742fbcb02296dee75,OSVDB-62163
618921880,Pflegusch/metasploit-module-research,modules/exploits/unix/webapp/nagios_graph_explorer.rb,088207c836264b7650654a7a113dec76c385fe46,OSVDB-83552
618921880,Pflegusch/metasploit-module-research,modules/exploits/unix/webapp/nagios_graph_explorer.rb,088207c836264b7650654a7a113dec76c385fe46,BID-54263
618921880,Pflegusch/metasploit-module-research,modules/exploits/multi/http/op5_license.rb,08843fe61a09e093eb8384420859f6b1b1e9c5d7,CVE-2012-0261
618921880,Pflegusch/metasploit-module-research,modules/exploits/multi/http/op5_license.rb,08843fe61a09e093eb8384420859f6b1b1e9c5d7,OSVDB-78064
618921880,Pflegusch/metasploit-module-research,modules/exploits/unix/webapp/aerohive_netconfig_lfi_log_poison_rce.rb,08a35004b9fad0c6dabed2f65c92348fb3752419,CVE-2020-16152
618921880,Pflegusch/metasploit-module-research,modules/exploits/windows/fileformat/dvdx_plf_bof.rb,08b391712c3a6cfa6399f7124b5ecc4b1bb3f279,BID-24278
618921880,Pflegusch/metasploit-module-research,modules/exploits/windows/fileformat/dvdx_plf_bof.rb,08b391712c3a6cfa6399f7124b5ecc4b1bb3f279,OSVDB-36956
618921880,Pflegusch/metasploit-module-research,modules/exploits/windows/fileformat/dvdx_plf_bof.rb,08b391712c3a6cfa6399f7124b5ecc4b1bb3f279,CVE-2007-3068
618921880,Pflegusch/metasploit-module-research,modules/auxiliary/scanner/rdp/ms12_020_check.rb,08ccf9da852061cb69d3df5eac0e64074dfd6f4e,MS12-020
618921880,Pflegusch/metasploit-module-research,modules/auxiliary/scanner/rdp/ms12_020_check.rb,08ccf9da852061cb69d3df5eac0e64074dfd6f4e,CVE-2012-0002
618921880,Pflegusch/metasploit-module-research,modules/exploits/windows/fileformat/tfm_mmplayer_m3u_ppl_bof.rb,08e8b19c8e3f9b434cb34c44326d318c97311851,BID-52698
618921880,Pflegusch/metasploit-module-research,modules/exploits/windows/fileformat/tfm_mmplayer_m3u_ppl_bof.rb,08e8b19c8e3f9b434cb34c44326d318c97311851,OSVDB-80532
618921880,Pflegusch/metasploit-module-research,modules/exploits/windows/fileformat/tfm_mmplayer_m3u_ppl_bof.rb,08e8b19c8e3f9b434cb34c44326d318c97311851,CVE-2009-2566
618921880,Pflegusch/metasploit-module-research,modules/auxiliary/gather/ldap_hashdump.rb,090c1f03a81a15adf075a126a049f2b3f848d235,CVE-2020-3952
618921880,Pflegusch/metasploit-module-research,modules/exploits/multi/samba/nttrans.rb,0923d43c584a8f33b15b725871f37408dc38f3b6,OSVDB-14525
618921880,Pflegusch/metasploit-module-research,modules/exploits/multi/samba/nttrans.rb,0923d43c584a8f33b15b725871f37408dc38f3b6,BID-6210
618921880,Pflegusch/metasploit-module-research,modules/exploits/multi/samba/nttrans.rb,0923d43c584a8f33b15b725871f37408dc38f3b6,CVE-2002-1318
618921880,Pflegusch/metasploit-module-research,modules/auxiliary/gather/dolibarr_creds_sqli.rb,092bd54f63136b28abd599daf51c5d3016c0334b,CVE-2018-10094
618921880,Pflegusch/metasploit-module-research,modules/exploits/linux/http/ipfire_bashbug_exec.rb,0931a560c9584c1ef62581dfa6ea73eb1b980747,CVE-2014-6271
618921880,Pflegusch/metasploit-module-research,modules/exploits/multi/fileformat/nodejs_js_yaml_load_code_exec.rb,0934d387a211e3b9fd0ffddfe205e1d9362562b2,CVE-2013-4660
618921880,Pflegusch/metasploit-module-research,modules/exploits/multi/fileformat/nodejs_js_yaml_load_code_exec.rb,0934d387a211e3b9fd0ffddfe205e1d9362562b2,BID-60867
618921880,Pflegusch/metasploit-module-research,modules/exploits/multi/fileformat/nodejs_js_yaml_load_code_exec.rb,0934d387a211e3b9fd0ffddfe205e1d9362562b2,OSVDB-94656
618921880,Pflegusch/metasploit-module-research,modules/exploits/linux/local/zimbra_slapper_priv_esc.rb,095bc98e0185450e98c5935ac6f256ca7586a0e8,CVE-2022-37393
618921880,Pflegusch/metasploit-module-research,modules/exploits/windows/smb/psexec.rb,0968839b02291a66d5413668f41752c2221ae944,CVE-1999-0504
618921880,Pflegusch/metasploit-module-research,modules/exploits/windows/smb/psexec.rb,0968839b02291a66d5413668f41752c2221ae944,OSVDB-3106
618921880,Pflegusch/metasploit-module-research,modules/exploits/windows/http/edirectory_host.rb,098da19dbb15c426afd14aae4e5033fa0dffbf9b,CVE-2006-5478
618921880,Pflegusch/metasploit-module-research,modules/exploits/windows/http/edirectory_host.rb,098da19dbb15c426afd14aae4e5033fa0dffbf9b,BID-20655
618921880,Pflegusch/metasploit-module-research,modules/exploits/windows/http/edirectory_host.rb,098da19dbb15c426afd14aae4e5033fa0dffbf9b,OSVDB-29993
618921880,Pflegusch/metasploit-module-research,modules/exploits/windows/fileformat/vlc_smb_uri.rb,09aaac871998838d1287923fcf680bb1f0a7bd7f,CVE-2009-2484
618921880,Pflegusch/metasploit-module-research,modules/exploits/windows/fileformat/vlc_smb_uri.rb,09aaac871998838d1287923fcf680bb1f0a7bd7f,BID-35500
618921880,Pflegusch/metasploit-module-research,modules/exploits/windows/fileformat/vlc_smb_uri.rb,09aaac871998838d1287923fcf680bb1f0a7bd7f,OSVDB-55509
618921880,Pflegusch/metasploit-module-research,modules/exploits/multi/fileformat/maple_maplet.rb,09c802aadf0a5aeeed84415cc0f24f1693603a47,OSVDB-64541
618921880,Pflegusch/metasploit-module-research,modules/exploits/windows/http/hp_nnm_toolbar_02.rb,09d2523a1b4609151c56cc58d84dd5b83b03456d,OSVDB-53242
618921880,Pflegusch/metasploit-module-research,modules/exploits/windows/http/hp_nnm_toolbar_02.rb,09d2523a1b4609151c56cc58d84dd5b83b03456d,CVE-2009-0920
618921880,Pflegusch/metasploit-module-research,modules/exploits/windows/http/hp_nnm_toolbar_02.rb,09d2523a1b4609151c56cc58d84dd5b83b03456d,BID-34294
618921880,Pflegusch/metasploit-module-research,modules/auxiliary/gather/pulse_secure_file_disclosure.rb,09e1f6cdb434c232e31b934c921f646346b6ddbe,CVE-2019-11510
618921880,Pflegusch/metasploit-module-research,modules/exploits/linux/http/eyesofnetwork_autodiscovery_rce.rb,0a3f22ba8705abd402b978933c9901fcd7a4bbfd,CVE-2020-8655
618921880,Pflegusch/metasploit-module-research,modules/exploits/linux/http/eyesofnetwork_autodiscovery_rce.rb,0a3f22ba8705abd402b978933c9901fcd7a4bbfd,CVE-2020-8656
618921880,Pflegusch/metasploit-module-research,modules/exploits/linux/http/eyesofnetwork_autodiscovery_rce.rb,0a3f22ba8705abd402b978933c9901fcd7a4bbfd,CVE-2020-8657
618921880,Pflegusch/metasploit-module-research,modules/exploits/linux/http/eyesofnetwork_autodiscovery_rce.rb,0a3f22ba8705abd402b978933c9901fcd7a4bbfd,CVE-2020-9465
618921880,Pflegusch/metasploit-module-research,modules/exploits/linux/http/eyesofnetwork_autodiscovery_rce.rb,0a3f22ba8705abd402b978933c9901fcd7a4bbfd,CVE-2020-8654
618921880,Pflegusch/metasploit-module-research,modules/exploits/linux/http/apache_ofbiz_deserialization.rb,0a78907909125adeed6f1d2e08776de53993d6f9,CVE-2020-9496
618921880,Pflegusch/metasploit-module-research,modules/exploits/windows/browser/mozilla_firefox_xmlserializer.rb,0a8fa6b118c9b7e3d2f62466efcd95fc25825973,BID-57209
618921880,Pflegusch/metasploit-module-research,modules/exploits/windows/browser/mozilla_firefox_xmlserializer.rb,0a8fa6b118c9b7e3d2f62466efcd95fc25825973,CVE-2013-0753
618921880,Pflegusch/metasploit-module-research,modules/exploits/windows/browser/mozilla_firefox_xmlserializer.rb,0a8fa6b118c9b7e3d2f62466efcd95fc25825973,OSVDB-89021
618921880,Pflegusch/metasploit-module-research,modules/exploits/osx/local/sudo_password_bypass.rb,0ab61475685b2655c28f2c9a9d1db26efee5ff40,CVE-2013-1775
618921880,Pflegusch/metasploit-module-research,modules/exploits/osx/local/sudo_password_bypass.rb,0ab61475685b2655c28f2c9a9d1db26efee5ff40,BID-58203
618921880,Pflegusch/metasploit-module-research,modules/exploits/osx/local/sudo_password_bypass.rb,0ab61475685b2655c28f2c9a9d1db26efee5ff40,OSVDB-90677
618921880,Pflegusch/metasploit-module-research,modules/exploits/windows/fileformat/winrar_name_spoofing.rb,0ae160510ab693685dbed3a5a2cec912922339dc,OSVDB-62610
618921880,Pflegusch/metasploit-module-research,modules/exploits/windows/fileformat/winrar_name_spoofing.rb,0ae160510ab693685dbed3a5a2cec912922339dc,BID-66383
618921880,Pflegusch/metasploit-module-research,modules/exploits/windows/http/webster_http.rb,0aea8de0c11a27d1887fae29f29628d5c0fe3a96,CVE-2002-2268
618921880,Pflegusch/metasploit-module-research,modules/exploits/windows/http/webster_http.rb,0aea8de0c11a27d1887fae29f29628d5c0fe3a96,OSVDB-44106
618921880,Pflegusch/metasploit-module-research,modules/exploits/windows/http/webster_http.rb,0aea8de0c11a27d1887fae29f29628d5c0fe3a96,BID-6289
618921880,Pflegusch/metasploit-module-research,modules/exploits/multi/postgres/postgres_copy_from_program_cmd_exec.rb,0b1dc62bc2ff9cd9d0028e2dc600975d3033799c,CVE-2019-9193
618921880,Pflegusch/metasploit-module-research,modules/exploits/windows/browser/awingsoft_winds3d_sceneurl.rb,0b386a0269492cec2258dcad82395058fa0de7eb,CVE-2009-4850
618921880,Pflegusch/metasploit-module-research,modules/exploits/windows/browser/awingsoft_winds3d_sceneurl.rb,0b386a0269492cec2258dcad82395058fa0de7eb,OSVDB-60049
618921880,Pflegusch/metasploit-module-research,modules/auxiliary/admin/http/wp_gdpr_compliance_privesc.rb,0b44961cb81307b383fc219f587c85c464aaace0,CVE-2018-19207
618921880,Pflegusch/metasploit-module-research,modules/auxiliary/scanner/http/zenworks_assetmanagement_getconfig.rb,0b5cb406701f73b27a98e5fd81d8cdb7e8854dd1,CVE-2012-4933
618921880,Pflegusch/metasploit-module-research,modules/exploits/windows/browser/dell_webcam_crazytalk.rb,0b9a0f503b89a5fbf5bbcdb5e4834838b382d271,OSVDB-80205
618921880,Pflegusch/metasploit-module-research,modules/auxiliary/scanner/http/apache_mod_cgi_bash_env.rb,0bbbd89a000d8a9ca7a29befc180a4eb525bcf75,OSVDB-112004
618921880,Pflegusch/metasploit-module-research,modules/auxiliary/scanner/http/apache_mod_cgi_bash_env.rb,0bbbd89a000d8a9ca7a29befc180a4eb525bcf75,CVE-2014-6271
618921880,Pflegusch/metasploit-module-research,modules/auxiliary/scanner/http/apache_mod_cgi_bash_env.rb,0bbbd89a000d8a9ca7a29befc180a4eb525bcf75,CVE-2014-6278
618921880,Pflegusch/metasploit-module-research,modules/exploits/multi/http/wikka_spam_exec.rb,0bbfebc5117afa3426168a571759eafac9bb7650,OSVDB-77393
618921880,Pflegusch/metasploit-module-research,modules/exploits/multi/http/wikka_spam_exec.rb,0bbfebc5117afa3426168a571759eafac9bb7650,CVE-2011-4451
618921880,Pflegusch/metasploit-module-research,modules/exploits/multi/http/bitbucket_env_var_rce.rb,0bf3b79d75bf90546528bfb6bedc9372669352fb,CVE-2022-43781
618921880,Pflegusch/metasploit-module-research,modules/auxiliary/scanner/http/ms09_020_webdav_unicode_bypass.rb,0c11712cea0f387a0ff9460daee0f5c09ca4d407,OSVDB-54555
618921880,Pflegusch/metasploit-module-research,modules/auxiliary/scanner/http/ms09_020_webdav_unicode_bypass.rb,0c11712cea0f387a0ff9460daee0f5c09ca4d407,MS09-020
618921880,Pflegusch/metasploit-module-research,modules/auxiliary/scanner/http/ms09_020_webdav_unicode_bypass.rb,0c11712cea0f387a0ff9460daee0f5c09ca4d407,BID-34993
618921880,Pflegusch/metasploit-module-research,modules/auxiliary/scanner/http/ms09_020_webdav_unicode_bypass.rb,0c11712cea0f387a0ff9460daee0f5c09ca4d407,CVE-2009-1535
618921880,Pflegusch/metasploit-module-research,modules/auxiliary/scanner/http/ms09_020_webdav_unicode_bypass.rb,0c11712cea0f387a0ff9460daee0f5c09ca4d407,CVE-2009-1122
618921880,Pflegusch/metasploit-module-research,modules/exploits/windows/http/fdm_auth_header.rb,0c4d2a43458dc9d815ce4c74fa3e07554571002d,OSVDB-51745
618921880,Pflegusch/metasploit-module-research,modules/exploits/windows/http/fdm_auth_header.rb,0c4d2a43458dc9d815ce4c74fa3e07554571002d,CVE-2009-0183
618921880,Pflegusch/metasploit-module-research,modules/exploits/windows/http/zentao_pro_rce.rb,0c4df85e389f9258a3b3bb8077f2ed7456b5207f,CVE-2020-7361
618921880,Pflegusch/metasploit-module-research,modules/exploits/multi/browser/opera_configoverwrite.rb,0c5820d89856185956d9cb6da9bbec65b75edec7,OSVDB-66472
618921880,Pflegusch/metasploit-module-research,modules/exploits/windows/http/hp_openview_insight_backdoor.rb,0c72b35759cf30e32d9e2614600e4dedf7177f40,CVE-2011-0276
618921880,Pflegusch/metasploit-module-research,modules/exploits/windows/http/hp_openview_insight_backdoor.rb,0c72b35759cf30e32d9e2614600e4dedf7177f40,OSVDB-70754
618921880,Pflegusch/metasploit-module-research,modules/exploits/linux/http/f5_icontrol_rce.rb,0c8f76f7c8b6dde763b78d22a209b3d287dfb363,CVE-2022-1388
618921880,Pflegusch/metasploit-module-research,modules/exploits/multi/http/sonicwall_gms_upload.rb,0c93eafae13990539540a2ea5d82c51fba30edf0,BID-57445
618921880,Pflegusch/metasploit-module-research,modules/exploits/multi/http/sonicwall_gms_upload.rb,0c93eafae13990539540a2ea5d82c51fba30edf0,OSVDB-89347
618921880,Pflegusch/metasploit-module-research,modules/exploits/multi/http/sonicwall_gms_upload.rb,0c93eafae13990539540a2ea5d82c51fba30edf0,CVE-2013-1359
618921880,Pflegusch/metasploit-module-research,modules/exploits/windows/http/peercast_url.rb,0c9d0df4ea53604f01ea41cb67bae2f903c37fa8,CVE-2006-1148
618921880,Pflegusch/metasploit-module-research,modules/exploits/windows/http/peercast_url.rb,0c9d0df4ea53604f01ea41cb67bae2f903c37fa8,OSVDB-23777
618921880,Pflegusch/metasploit-module-research,modules/exploits/windows/http/peercast_url.rb,0c9d0df4ea53604f01ea41cb67bae2f903c37fa8,BID-17040
618921880,Pflegusch/metasploit-module-research,modules/auxiliary/admin/http/manageengine_dir_listing.rb,0c9ee861f091a7f04dc5fe1d7d28b1a5481c4b6c,CVE-2014-7863
618921880,Pflegusch/metasploit-module-research,modules/auxiliary/admin/http/manageengine_dir_listing.rb,0c9ee861f091a7f04dc5fe1d7d28b1a5481c4b6c,OSVDB-117696
618921880,Pflegusch/metasploit-module-research,modules/auxiliary/scanner/ntp/ntp_peer_list_sum_dos.rb,0cbe06d79307a9fd4d0a78341f43e95d8b29187c,CVE-2013-5211
618921880,Pflegusch/metasploit-module-research,modules/exploits/linux/misc/asus_infosvr_auth_bypass_exec.rb,0cc740c1ed4508a66876e42a6c61e3b9a75efcf3,CVE-2014-9583
618921880,Pflegusch/metasploit-module-research,modules/exploits/windows/http/tomcat_cgi_cmdlineargs.rb,0cf1aa2c460f4709c43f172efd299926c631c670,CVE-2019-0232
618921880,Pflegusch/metasploit-module-research,modules/exploits/multi/http/apprain_upload_exec.rb,0cf33687fdbbd90e2332a1f3c726fc0de24639b9,CVE-2012-1153
618921880,Pflegusch/metasploit-module-research,modules/exploits/multi/http/apprain_upload_exec.rb,0cf33687fdbbd90e2332a1f3c726fc0de24639b9,OSVDB-78473
618921880,Pflegusch/metasploit-module-research,modules/exploits/multi/http/apprain_upload_exec.rb,0cf33687fdbbd90e2332a1f3c726fc0de24639b9,BID-51576
618921880,Pflegusch/metasploit-module-research,modules/auxiliary/scanner/vmware/vmware_update_manager_traversal.rb,0d0fa2e9f9f8d8318f85b9ea53bd9c43089e2cae,CVE-2011-4404
618921880,Pflegusch/metasploit-module-research,modules/exploits/windows/fileformat/iftp_schedule_bof.rb,0d3537eb322daaac9f7cdb0e82965def74be6ecb,OSVDB-114279
618921880,Pflegusch/metasploit-module-research,modules/exploits/windows/brightstor/sql_agent.rb,0d3a8642d62a98f720100bc63c745d733286595b,CVE-2005-1272
618921880,Pflegusch/metasploit-module-research,modules/exploits/windows/brightstor/sql_agent.rb,0d3a8642d62a98f720100bc63c745d733286595b,BID-14453
618921880,Pflegusch/metasploit-module-research,modules/exploits/windows/brightstor/sql_agent.rb,0d3a8642d62a98f720100bc63c745d733286595b,OSVDB-18501
618921880,Pflegusch/metasploit-module-research,modules/auxiliary/admin/http/ibm_drm_download.rb,0d4017ae31712b5294c59367797bb559b4f170c7,CVE-2020-4430
618921880,Pflegusch/metasploit-module-research,modules/auxiliary/admin/http/ibm_drm_download.rb,0d4017ae31712b5294c59367797bb559b4f170c7,CVE-2020-4429
618921880,Pflegusch/metasploit-module-research,modules/auxiliary/admin/http/ibm_drm_download.rb,0d4017ae31712b5294c59367797bb559b4f170c7,CVE-2020-4428
618921880,Pflegusch/metasploit-module-research,modules/auxiliary/admin/http/ibm_drm_download.rb,0d4017ae31712b5294c59367797bb559b4f170c7,CVE-2020-4427
618921880,Pflegusch/metasploit-module-research,modules/exploits/linux/http/f5_icontrol_exec.rb,0d52fbc5c24eb1d6a337bb4fa3b508207e717e79,CVE-2014-2928
618921880,Pflegusch/metasploit-module-research,modules/exploits/linux/http/linear_emerge_unauth_rce_cve_2019_7256.rb,0d7713b6dd1ba23bc1b14a14bd80bc4531ee355d,CVE-2019-7256
618921880,Pflegusch/metasploit-module-research,modules/exploits/windows/http/cayin_xpost_sql_rce.rb,0d9bbabb6d560229687460e374c533a4a359d5b8,CVE-2020-7356
618921880,Pflegusch/metasploit-module-research,modules/exploits/windows/http/cayin_xpost_sql_rce.rb,0d9bbabb6d560229687460e374c533a4a359d5b8,ZSL-2020-5571
618921880,Pflegusch/metasploit-module-research,modules/exploits/windows/http/httpdx_tolog_format.rb,0ddd34c8bd6665c58e1e91e54131c5717c5b9631,CVE-2009-4769
618921880,Pflegusch/metasploit-module-research,modules/exploits/windows/http/httpdx_tolog_format.rb,0ddd34c8bd6665c58e1e91e54131c5717c5b9631,OSVDB-60182
618921880,Pflegusch/metasploit-module-research,modules/exploits/multi/http/sonicwall_scrutinizer_methoddetail_sqli.rb,0de44177c6ee6ff8924008be53c08c76057bc955,CVE-2014-4977
618921880,Pflegusch/metasploit-module-research,modules/exploits/multi/http/sonicwall_scrutinizer_methoddetail_sqli.rb,0de44177c6ee6ff8924008be53c08c76057bc955,BID-68495
618921880,Pflegusch/metasploit-module-research,modules/exploits/multi/misc/pbot_exec.rb,0e0c2e332fae4b57930cab737459176648f38d5b,OSVDB-84913
618921880,Pflegusch/metasploit-module-research,modules/exploits/multi/http/struts_dmi_rest_exec.rb,0e43b9f8636381f3c204ce4aafcc991720e51965,CVE-2016-3087
618921880,Pflegusch/metasploit-module-research,modules/exploits/linux/http/sophos_utm_webadmin_sid_cmd_injection.rb,0e4c19260fab6df0fd6386c3baeaea1eb0a0a74a,CVE-2020-25223
618921880,Pflegusch/metasploit-module-research,modules/auxiliary/scanner/sage/x3_adxsrv_login.rb,0e8a8c7fcd05b02eb55aefb839ba6c91eb24d32d,CVE-2020-7387
618921880,Pflegusch/metasploit-module-research,modules/exploits/windows/misc/solidworks_workgroup_pdmwservice_file_write.rb,0eba88b210f89e5a23c934193f797cadbbcfec80,OSVDB-103671
618921880,Pflegusch/metasploit-module-research,modules/exploits/windows/misc/solidworks_workgroup_pdmwservice_file_write.rb,0eba88b210f89e5a23c934193f797cadbbcfec80,CVE-2014-100015
618921880,Pflegusch/metasploit-module-research,modules/auxiliary/sqli/oracle/dbms_cdc_subscribe_activate_subscription.rb,0ebee7cec532dca103031aecd208df4b3a3d9a53,BID-13236
618921880,Pflegusch/metasploit-module-research,modules/auxiliary/sqli/oracle/dbms_cdc_subscribe_activate_subscription.rb,0ebee7cec532dca103031aecd208df4b3a3d9a53,OSVDB-15553
618921880,Pflegusch/metasploit-module-research,modules/auxiliary/sqli/oracle/dbms_cdc_subscribe_activate_subscription.rb,0ebee7cec532dca103031aecd208df4b3a3d9a53,CVE-2005-4832
618921880,Pflegusch/metasploit-module-research,modules/exploits/unix/webapp/sphpblog_file_upload.rb,0ec0246f83cdda6b6d90d06720a6e23686646a3b,BID-14667
618921880,Pflegusch/metasploit-module-research,modules/exploits/unix/webapp/sphpblog_file_upload.rb,0ec0246f83cdda6b6d90d06720a6e23686646a3b,CVE-2005-2733
618921880,Pflegusch/metasploit-module-research,modules/exploits/unix/webapp/sphpblog_file_upload.rb,0ec0246f83cdda6b6d90d06720a6e23686646a3b,OSVDB-19012
618921880,Pflegusch/metasploit-module-research,modules/exploits/multi/http/movabletype_upgrade_exec.rb,0ec66379edb9b6ff7f7d8542346a6b089a8f3850,CVE-2013-0209
618921880,Pflegusch/metasploit-module-research,modules/exploits/multi/http/movabletype_upgrade_exec.rb,0ec66379edb9b6ff7f7d8542346a6b089a8f3850,CVE-2012-6315
618921880,Pflegusch/metasploit-module-research,modules/exploits/multi/http/movabletype_upgrade_exec.rb,0ec66379edb9b6ff7f7d8542346a6b089a8f3850,OSVDB-89322
618921880,Pflegusch/metasploit-module-research,modules/exploits/multi/http/wp_ninja_forms_unauthenticated_file_upload.rb,0ed98e0c6d994bf5222abd0a6f50b1f41ec2f4c8,CVE-2016-1209
618921880,Pflegusch/metasploit-module-research,modules/exploits/unix/webapp/horde_unserialize_exec.rb,0eecc046e8eaa0bf6512e747b02cefdfaf6904da,CVE-2014-1691
618921880,Pflegusch/metasploit-module-research,modules/exploits/multi/http/ajaxplorer_checkinstall_exec.rb,0ef1adb720ca40194b63d019f16cf7d5950d4777,OSVDB-63552
618921880,Pflegusch/metasploit-module-research,modules/exploits/multi/http/ajaxplorer_checkinstall_exec.rb,0ef1adb720ca40194b63d019f16cf7d5950d4777,BID-39334
618921880,Pflegusch/metasploit-module-research,modules/exploits/windows/scada/advantech_webaccess_webvrpcs_bof.rb,0f20a3651afd3370c205eeb23554a375ddedbe22,CVE-2017-14016
618921880,Pflegusch/metasploit-module-research,modules/exploits/windows/misc/disk_savvy_adm.rb,0f225eb246fb4c4709faabbd9183c9ea17c83a29,CVE-2018-6481
618921880,Pflegusch/metasploit-module-research,modules/exploits/multi/http/gitlist_arg_injection.rb,0f254fbae38c5496d7e9c091ebc628e3f1d6830b,CVE-2018-1000533
618921880,Pflegusch/metasploit-module-research,modules/exploits/windows/fileformat/adobe_reader_u3d.rb,0f413ddfd1f5e3f19c8a5996258fd3ef07b11358,BID-50922
618921880,Pflegusch/metasploit-module-research,modules/exploits/windows/fileformat/adobe_reader_u3d.rb,0f413ddfd1f5e3f19c8a5996258fd3ef07b11358,CVE-2011-2462
618921880,Pflegusch/metasploit-module-research,modules/exploits/windows/fileformat/adobe_reader_u3d.rb,0f413ddfd1f5e3f19c8a5996258fd3ef07b11358,OSVDB-77529
618921880,Pflegusch/metasploit-module-research,modules/exploits/windows/fileformat/adobe_reader_u3d.rb,0f413ddfd1f5e3f19c8a5996258fd3ef07b11358,CVE-2009-2990
618921880,Pflegusch/metasploit-module-research,modules/exploits/windows/fileformat/watermark_master.rb,0f4be366f66f82b5fe1779d33be9f635fff80b39,CVE-2013-6935
618921880,Pflegusch/metasploit-module-research,modules/exploits/windows/fileformat/watermark_master.rb,0f4be366f66f82b5fe1779d33be9f635fff80b39,OSVDB-99226
618921880,Pflegusch/metasploit-module-research,modules/exploits/linux/http/webmin_packageup_rce.rb,0f7060b87ba46ace798e41ec108567c5aeab6d44,CVE-2019-12840
618921880,Pflegusch/metasploit-module-research,modules/exploits/linux/http/wanem_exec.rb,0f723c0858d82bf6872acfa0babf9270d867e8be,OSVDB-85345
618921880,Pflegusch/metasploit-module-research,modules/exploits/linux/http/wanem_exec.rb,0f723c0858d82bf6872acfa0babf9270d867e8be,OSVDB-85344
618921880,Pflegusch/metasploit-module-research,modules/exploits/unix/webapp/foswiki_maketext.rb,0f74d9fd9aff56dd4982c83f5b7b038709418ea1,OSVDB-88410
618921880,Pflegusch/metasploit-module-research,modules/exploits/unix/webapp/foswiki_maketext.rb,0f74d9fd9aff56dd4982c83f5b7b038709418ea1,CVE-2012-6330
618921880,Pflegusch/metasploit-module-research,modules/exploits/unix/webapp/foswiki_maketext.rb,0f74d9fd9aff56dd4982c83f5b7b038709418ea1,CVE-2012-6329
618921880,Pflegusch/metasploit-module-research,modules/exploits/windows/brightstor/lgserver_rxsuselicenseini.rb,0fb6628b6c911b5b70d2fc2c2eb3ee9118f7bc2d,BID-24348
618921880,Pflegusch/metasploit-module-research,modules/exploits/windows/brightstor/lgserver_rxsuselicenseini.rb,0fb6628b6c911b5b70d2fc2c2eb3ee9118f7bc2d,CVE-2007-3216
618921880,Pflegusch/metasploit-module-research,modules/exploits/windows/brightstor/lgserver_rxsuselicenseini.rb,0fb6628b6c911b5b70d2fc2c2eb3ee9118f7bc2d,OSVDB-35329
618921880,Pflegusch/metasploit-module-research,modules/exploits/unix/webapp/base_qry_common.rb,0fb7557a1a0f482abd720da72e76586820f14a49,BID-18298
618921880,Pflegusch/metasploit-module-research,modules/exploits/unix/webapp/base_qry_common.rb,0fb7557a1a0f482abd720da72e76586820f14a49,CVE-2006-2685
618921880,Pflegusch/metasploit-module-research,modules/exploits/unix/webapp/base_qry_common.rb,0fb7557a1a0f482abd720da72e76586820f14a49,OSVDB-49366
618921880,Pflegusch/metasploit-module-research,modules/exploits/windows/vnc/realvnc_client.rb,0fd333e4255217201de48c9d09a0b46e0784bf07,BID-2305
618921880,Pflegusch/metasploit-module-research,modules/exploits/windows/vnc/realvnc_client.rb,0fd333e4255217201de48c9d09a0b46e0784bf07,OSVDB-6281
618921880,Pflegusch/metasploit-module-research,modules/exploits/windows/vnc/realvnc_client.rb,0fd333e4255217201de48c9d09a0b46e0784bf07,CVE-2001-0167
618921880,Pflegusch/metasploit-module-research,modules/exploits/windows/http/geutebrueck_gcore_x64_rce_bo.rb,0ff8f17e4ad2df874b67a5c8f9ce583c9e68ac86,CVE-2017-11517
618921880,Pflegusch/metasploit-module-research,modules/exploits/windows/misc/allmediaserver_bof.rb,1010cbc03b4c91f8b211c0afa12bf8884e61f9a4,CVE-2017-17932
618921880,Pflegusch/metasploit-module-research,modules/exploits/windows/misc/allmediaserver_bof.rb,1010cbc03b4c91f8b211c0afa12bf8884e61f9a4,OSVDB-83889
618921880,Pflegusch/metasploit-module-research,modules/auxiliary/gather/samsung_browser_sop_bypass.rb,10114639d194d15089894fa2370f7a9f9667dd9c,CVE-2017-17692
618921880,Pflegusch/metasploit-module-research,modules/exploits/netware/smb/lsass_cifs.rb,1026f5c3adb35a5a0335d09d1e6af2cc03d1d0c2,CVE-2005-2852
618921880,Pflegusch/metasploit-module-research,modules/exploits/netware/smb/lsass_cifs.rb,1026f5c3adb35a5a0335d09d1e6af2cc03d1d0c2,OSVDB-12790
618921880,Pflegusch/metasploit-module-research,modules/exploits/windows/http/oracle_beehive_evaluation.rb,106f14ecb93a83255d624abc9161e8b976cf2b5a,CVE-2010-4417
618921880,Pflegusch/metasploit-module-research,modules/auxiliary/gather/netgear_password_disclosure.rb,1077e3945cc2ca2bd30946557248a7154a3c2133,CVE-2017-5521
618921880,Pflegusch/metasploit-module-research,modules/exploits/windows/misc/fb_svc_attach.rb,107fe0cc8e308743a50781827232c3b51b42c751,CVE-2007-5243
618921880,Pflegusch/metasploit-module-research,modules/exploits/windows/misc/fb_svc_attach.rb,107fe0cc8e308743a50781827232c3b51b42c751,OSVDB-38605
618921880,Pflegusch/metasploit-module-research,modules/exploits/windows/misc/fb_svc_attach.rb,107fe0cc8e308743a50781827232c3b51b42c751,BID-25917
618921880,Pflegusch/metasploit-module-research,modules/exploits/multi/http/opmanager_socialit_file_upload.rb,108ed1d72c41bb25e9c1c682244f96a910f09ab0,CVE-2014-6034
618921880,Pflegusch/metasploit-module-research,modules/exploits/multi/http/opmanager_socialit_file_upload.rb,108ed1d72c41bb25e9c1c682244f96a910f09ab0,OSVDB-112276
618921880,Pflegusch/metasploit-module-research,modules/exploits/linux/http/gpsd_format_string.rb,109636c7dc3584c4be04d383cdcacfd2785c6e07,OSVDB-13199
618921880,Pflegusch/metasploit-module-research,modules/exploits/linux/http/gpsd_format_string.rb,109636c7dc3584c4be04d383cdcacfd2785c6e07,CVE-2004-1388
618921880,Pflegusch/metasploit-module-research,modules/exploits/linux/http/gpsd_format_string.rb,109636c7dc3584c4be04d383cdcacfd2785c6e07,BID-12371
618921880,Pflegusch/metasploit-module-research,modules/auxiliary/scanner/http/binom3_login_config_pass_dump.rb,10a3ed35d84494176c7af533a94192eec2e1e4ac,CVE-2017-5162
618921880,Pflegusch/metasploit-module-research,modules/exploits/linux/misc/cisco_rv340_sslvpn.rb,10a80a0f423b0d4a0575854ff4933e0c5948ebe2,CVE-2022-20699
618921880,Pflegusch/metasploit-module-research,modules/exploits/linux/http/accellion_fta_getstatus_oauth.rb,10c4ae67198c2634c5f7ed126efc43fb0ef75278,CVE-2015-2857
618921880,Pflegusch/metasploit-module-research,modules/exploits/windows/misc/altiris_ds_sqli.rb,10c9818cfd2934a02a648e1e95062f4237d40b65,CVE-2008-2286
618921880,Pflegusch/metasploit-module-research,modules/exploits/windows/misc/altiris_ds_sqli.rb,10c9818cfd2934a02a648e1e95062f4237d40b65,BID-29198
618921880,Pflegusch/metasploit-module-research,modules/exploits/windows/misc/altiris_ds_sqli.rb,10c9818cfd2934a02a648e1e95062f4237d40b65,OSVDB-45313
618921880,Pflegusch/metasploit-module-research,modules/exploits/windows/misc/altiris_ds_sqli.rb,10c9818cfd2934a02a648e1e95062f4237d40b65,ZDI-08-024
618921880,Pflegusch/metasploit-module-research,modules/exploits/multi/http/drupal_drupageddon.rb,1121a889c32ba823fae42301f976efdb88864b05,CVE-2014-3704
618921880,Pflegusch/metasploit-module-research,modules/exploits/windows/misc/commvault_cmd_exec.rb,112a8dc17d9d83f6bbc0c36da6a526356e76a617,CVE-2017-18044
618921880,Pflegusch/metasploit-module-research,modules/exploits/osx/browser/software_update.rb,1135714a056dc37152e28f38c68b222f1d7dda0b,OSVDB-40722
618921880,Pflegusch/metasploit-module-research,modules/exploits/osx/browser/software_update.rb,1135714a056dc37152e28f38c68b222f1d7dda0b,CVE-2007-5863
618921880,Pflegusch/metasploit-module-research,modules/auxiliary/scanner/http/yaws_traversal.rb,1160244460898a4601a39b0697801afeb35a63f2,OSVDB-77581
618921880,Pflegusch/metasploit-module-research,modules/auxiliary/scanner/http/yaws_traversal.rb,1160244460898a4601a39b0697801afeb35a63f2,CVE-2011-4350
618921880,Pflegusch/metasploit-module-research,modules/auxiliary/admin/http/ulterius_file_download.rb,118be1f53cc88247cb43b926dc11f01e04d569d3,CVE-2017-16806
618921880,Pflegusch/metasploit-module-research,modules/exploits/multi/local/xorg_x11_suid_server_modulepath.rb,11af3ee321aa9420777228392c1d0d2231038399,BID-105741
618921880,Pflegusch/metasploit-module-research,modules/exploits/multi/local/xorg_x11_suid_server_modulepath.rb,11af3ee321aa9420777228392c1d0d2231038399,CVE-2018-14665
618921880,Pflegusch/metasploit-module-research,modules/auxiliary/dos/http/apache_range_dos.rb,11bfe080700a6c6177a659fe9341aecd388b0b14,CVE-2011-3192
618921880,Pflegusch/metasploit-module-research,modules/auxiliary/dos/http/apache_range_dos.rb,11bfe080700a6c6177a659fe9341aecd388b0b14,OSVDB-74721
618921880,Pflegusch/metasploit-module-research,modules/auxiliary/dos/http/apache_range_dos.rb,11bfe080700a6c6177a659fe9341aecd388b0b14,BID-49303
618921880,Pflegusch/metasploit-module-research,modules/exploits/multi/browser/chrome_object_create.rb,11d349d25f072833f6fbbc6298ec4231f299431a,CVE-2018-17463
618921880,Pflegusch/metasploit-module-research,modules/exploits/multi/browser/chrome_object_create.rb,11d349d25f072833f6fbbc6298ec4231f299431a,CVE-2019-1458
618921880,Pflegusch/metasploit-module-research,modules/exploits/multi/http/mybb_rce_cve_2022_24734.rb,11e7ac7a9cec3ee306fffd7a3d3ee2998f32dde7,ZDI-22-503
618921880,Pflegusch/metasploit-module-research,modules/exploits/multi/http/mybb_rce_cve_2022_24734.rb,11e7ac7a9cec3ee306fffd7a3d3ee2998f32dde7,GHSA-876V-GWGH-W57F
618921880,Pflegusch/metasploit-module-research,modules/exploits/multi/http/mybb_rce_cve_2022_24734.rb,11e7ac7a9cec3ee306fffd7a3d3ee2998f32dde7,CVE-2022-24734
618921880,Pflegusch/metasploit-module-research,modules/exploits/windows/browser/realplayer_import.rb,120a55d74455d8d183030e228dd384f477a68a23,OSVDB-41430
618921880,Pflegusch/metasploit-module-research,modules/exploits/windows/browser/realplayer_import.rb,120a55d74455d8d183030e228dd384f477a68a23,BID-26130
618921880,Pflegusch/metasploit-module-research,modules/exploits/windows/browser/realplayer_import.rb,120a55d74455d8d183030e228dd384f477a68a23,CVE-2007-5601
618921880,Pflegusch/metasploit-module-research,modules/exploits/multi/http/vbulletin_widgetconfig_rce.rb,124f2a71a43962fca88eeac5e4c6cd22bbdf7f6a,CVE-2019-16759
618921880,Pflegusch/metasploit-module-research,modules/exploits/windows/misc/splayer_content_type.rb,1269aa189f74f8952f297d97bdda0964b2a5cdf2,OSVDB-72181
618921880,Pflegusch/metasploit-module-research,modules/auxiliary/dos/scada/yokogawa_logsvr.rb,12704ade3737326d693cb8916788159453011d7d,CVE-2014-0781
618921880,Pflegusch/metasploit-module-research,modules/auxiliary/gather/firefox_pdfjs_file_theft.rb,127392a83c08b433266abec0adce5ef0a264af13,CVE-2015-4495
618921880,Pflegusch/metasploit-module-research,modules/auxiliary/gather/cisco_rv320_config.rb,12818c7992da5f02af85cc4f174bcc758a26b55e,BID-106732
618921880,Pflegusch/metasploit-module-research,modules/auxiliary/gather/cisco_rv320_config.rb,12818c7992da5f02af85cc4f174bcc758a26b55e,CVE-2019-1653
618921880,Pflegusch/metasploit-module-research,modules/exploits/windows/local/cve_2017_8464_lnk_lpe.rb,1296f5e56c98c2a2e69d4faafc1707ca4c4b1b87,MS15-020
618921880,Pflegusch/metasploit-module-research,modules/exploits/windows/local/cve_2017_8464_lnk_lpe.rb,1296f5e56c98c2a2e69d4faafc1707ca4c4b1b87,CVE-2017-8464
618921880,Pflegusch/metasploit-module-research,modules/exploits/windows/local/cve_2017_8464_lnk_lpe.rb,1296f5e56c98c2a2e69d4faafc1707ca4c4b1b87,CVE-2015-0096
618921880,Pflegusch/metasploit-module-research,modules/exploits/windows/browser/ms10_018_ie_behaviors.rb,12c18ffa0487b1a4f12bf8608924134590f020d3,MS10-018
618921880,Pflegusch/metasploit-module-research,modules/exploits/windows/browser/ms10_018_ie_behaviors.rb,12c18ffa0487b1a4f12bf8608924134590f020d3,MS10-090
618921880,Pflegusch/metasploit-module-research,modules/exploits/windows/browser/ms10_018_ie_behaviors.rb,12c18ffa0487b1a4f12bf8608924134590f020d3,CVE-2010-0806
618921880,Pflegusch/metasploit-module-research,modules/exploits/windows/browser/ms10_018_ie_behaviors.rb,12c18ffa0487b1a4f12bf8608924134590f020d3,BID-38615
618921880,Pflegusch/metasploit-module-research,modules/exploits/windows/browser/ms10_018_ie_behaviors.rb,12c18ffa0487b1a4f12bf8608924134590f020d3,OSVDB-62810
618921880,Pflegusch/metasploit-module-research,modules/exploits/unix/webapp/nagios3_statuswml_ping.rb,12d9d2d0109823b1b34753879c51c5895a0da481,CVE-2009-2288
618921880,Pflegusch/metasploit-module-research,modules/exploits/unix/webapp/nagios3_statuswml_ping.rb,12d9d2d0109823b1b34753879c51c5895a0da481,OSVDB-55281
618921880,Pflegusch/metasploit-module-research,modules/exploits/linux/http/vmware_view_planner_4_6_uploadlog_rce.rb,1300dfe569958e35b09818e506e175cc6d7a3818,CVE-2021-21978
618921880,Pflegusch/metasploit-module-research,modules/exploits/unix/webapp/awstatstotals_multisort.rb,132216b84216634b2720e5332806dee8fc399ed1,BID-30856
618921880,Pflegusch/metasploit-module-research,modules/exploits/unix/webapp/awstatstotals_multisort.rb,132216b84216634b2720e5332806dee8fc399ed1,CVE-2008-3922
618921880,Pflegusch/metasploit-module-research,modules/exploits/unix/webapp/awstatstotals_multisort.rb,132216b84216634b2720e5332806dee8fc399ed1,OSVDB-47807
618921880,Pflegusch/metasploit-module-research,modules/auxiliary/scanner/http/hp_sitescope_getsitescopeconfiguration.rb,134a961f64d302b08c409511d9910f6dec3257c4,OSVDB-85120
618921880,Pflegusch/metasploit-module-research,modules/auxiliary/scanner/http/hp_sitescope_getsitescopeconfiguration.rb,134a961f64d302b08c409511d9910f6dec3257c4,BID-55269
618921880,Pflegusch/metasploit-module-research,modules/exploits/windows/fileformat/apple_quicktime_texml.rb,13aa83c60bdd88e35d532654491d7964804b8b45,BID-53571
618921880,Pflegusch/metasploit-module-research,modules/exploits/windows/fileformat/apple_quicktime_texml.rb,13aa83c60bdd88e35d532654491d7964804b8b45,OSVDB-81934
618921880,Pflegusch/metasploit-module-research,modules/exploits/windows/fileformat/apple_quicktime_texml.rb,13aa83c60bdd88e35d532654491d7964804b8b45,CVE-2012-0664
618921880,Pflegusch/metasploit-module-research,modules/exploits/windows/fileformat/apple_quicktime_texml.rb,13aa83c60bdd88e35d532654491d7964804b8b45,CVE-2012-0663
618921880,Pflegusch/metasploit-module-research,modules/exploits/windows/ftp/servu_chmod.rb,13aff32a53352bbd02c050544bd3fe2afd6016be,CVE-2004-2111
618921880,Pflegusch/metasploit-module-research,modules/exploits/windows/ftp/servu_chmod.rb,13aff32a53352bbd02c050544bd3fe2afd6016be,OSVDB-3713
618921880,Pflegusch/metasploit-module-research,modules/exploits/windows/ftp/servu_chmod.rb,13aff32a53352bbd02c050544bd3fe2afd6016be,BID-9483
618921880,Pflegusch/metasploit-module-research,modules/auxiliary/admin/http/netgear_wnr2000_pass_recovery.rb,13c4b7479afaa71bc18a2c5adf053bbcb4684d81,CVE-2016-10175
618921880,Pflegusch/metasploit-module-research,modules/auxiliary/admin/http/netgear_wnr2000_pass_recovery.rb,13c4b7479afaa71bc18a2c5adf053bbcb4684d81,CVE-2016-10176
618921880,Pflegusch/metasploit-module-research,modules/exploits/unix/webapp/opensis_modname_exec.rb,13dc7a46f7f876f74b055d128e5367cfd190de10,OSVDB-100676
618921880,Pflegusch/metasploit-module-research,modules/exploits/unix/webapp/opensis_modname_exec.rb,13dc7a46f7f876f74b055d128e5367cfd190de10,CVE-2013-1349
618921880,Pflegusch/metasploit-module-research,modules/auxiliary/scanner/http/joomla_bruteforce_login.rb,13e828768d185986850ef941e518c9bd0899194b,CVE-1999-0502
618921880,Pflegusch/metasploit-module-research,modules/exploits/windows/fileformat/fdm_torrent.rb,13e9628dabd6cb71a9ebbb1ca73d4db4eb9441b4,CVE-2009-0184
618921880,Pflegusch/metasploit-module-research,modules/exploits/windows/fileformat/fdm_torrent.rb,13e9628dabd6cb71a9ebbb1ca73d4db4eb9441b4,BID-33555
618921880,Pflegusch/metasploit-module-research,modules/exploits/windows/fileformat/fdm_torrent.rb,13e9628dabd6cb71a9ebbb1ca73d4db4eb9441b4,OSVDB-54033
618921880,Pflegusch/metasploit-module-research,modules/auxiliary/scanner/http/exchange_web_server_pushsubscription.rb,140c1ce1c92dc19111064c6d885e5d8ae18d5c18,CVE-2019-0724
618921880,Pflegusch/metasploit-module-research,modules/exploits/linux/http/geutebruck_instantrec_bof.rb,142977878ac84972cf93bf9d2df8a698d682f68f,CVE-2021-33549
618921880,Pflegusch/metasploit-module-research,modules/auxiliary/dos/http/metasploit_httphandler_dos.rb,145969aae97141637d834a3eaa23b8642c8cd8b6,CVE-2019-5645
618921880,Pflegusch/metasploit-module-research,modules/exploits/linux/local/cve_2021_4034_pwnkit_lpe_pkexec.rb,1477703482863289497d1bde359bdb17db993b72,CVE-2021-4034
618921880,Pflegusch/metasploit-module-research,modules/exploits/multi/http/glossword_upload_exec.rb,148e974b2ddea36d727053abc60457ba759f05e7,OSVDB-89960
618921880,Pflegusch/metasploit-module-research,modules/exploits/multi/fileformat/libreoffice_macro_exec.rb,14966981ec7c6dd70e7b9350589a43c75758c214,CVE-2018-16858
618921880,Pflegusch/metasploit-module-research,modules/exploits/windows/fileformat/adobe_pdf_embedded_exe.rb,14c6fa607acb9046e7e34b94729e021079f21044,CVE-2010-1240
618921880,Pflegusch/metasploit-module-research,modules/exploits/windows/fileformat/adobe_pdf_embedded_exe.rb,14c6fa607acb9046e7e34b94729e021079f21044,OSVDB-63667
618921880,Pflegusch/metasploit-module-research,modules/exploits/windows/http/badblue_passthru.rb,14d79e18185ebb8bda1e28da378d2fd31d4cbb5e,BID-26803
618921880,Pflegusch/metasploit-module-research,modules/exploits/windows/http/badblue_passthru.rb,14d79e18185ebb8bda1e28da378d2fd31d4cbb5e,OSVDB-42416
618921880,Pflegusch/metasploit-module-research,modules/exploits/windows/http/badblue_passthru.rb,14d79e18185ebb8bda1e28da378d2fd31d4cbb5e,CVE-2007-6377
618921880,Pflegusch/metasploit-module-research,modules/exploits/linux/http/cisco_rv32x_rce.rb,1502664d79875743a84f44ce38942008296b9c0a,CVE-2019-1652
618921880,Pflegusch/metasploit-module-research,modules/exploits/linux/http/cisco_rv32x_rce.rb,1502664d79875743a84f44ce38942008296b9c0a,CVE-2019-1653
618921880,Pflegusch/metasploit-module-research,modules/exploits/multi/http/coldfusion_rds_auth_bypass.rb,15121d17e424d6001088abdcb3329daa50104e0c,CVE-2013-0632
618921880,Pflegusch/metasploit-module-research,modules/auxiliary/scanner/http/jboss_status.rb,151984eddfc8368c6b19e95fd57163384677458f,CVE-2008-3273
618921880,Pflegusch/metasploit-module-research,modules/auxiliary/scanner/http/jboss_status.rb,151984eddfc8368c6b19e95fd57163384677458f,CVE-2010-1429
618921880,Pflegusch/metasploit-module-research,modules/exploits/windows/fileformat/ca_cab.rb,151abd5df36824440803465b9f08015c42f8ed7a,OSVDB-35245
618921880,Pflegusch/metasploit-module-research,modules/exploits/windows/fileformat/ca_cab.rb,151abd5df36824440803465b9f08015c42f8ed7a,BID-24330
618921880,Pflegusch/metasploit-module-research,modules/exploits/windows/fileformat/ca_cab.rb,151abd5df36824440803465b9f08015c42f8ed7a,CVE-2007-2864
618921880,Pflegusch/metasploit-module-research,modules/auxiliary/scanner/upnp/ssdp_msearch.rb,1528ad83896139ca9630a2865b35f47f3793de04,CVE-2012-5958
618921880,Pflegusch/metasploit-module-research,modules/auxiliary/scanner/upnp/ssdp_msearch.rb,1528ad83896139ca9630a2865b35f47f3793de04,CVE-2012-5959
618921880,Pflegusch/metasploit-module-research,modules/auxiliary/scanner/upnp/ssdp_msearch.rb,1528ad83896139ca9630a2865b35f47f3793de04,CVE-2013-0229
618921880,Pflegusch/metasploit-module-research,modules/auxiliary/scanner/upnp/ssdp_msearch.rb,1528ad83896139ca9630a2865b35f47f3793de04,CVE-2013-0230
618921880,Pflegusch/metasploit-module-research,modules/auxiliary/scanner/http/cisco_ssl_vpn_priv_esc.rb,15326a17caed41db25a26124560beb11ed8cdefa,CVE-2014-2127
618921880,Pflegusch/metasploit-module-research,modules/exploits/osx/browser/safari_file_policy.rb,154fc103c426a41fc259776a86584a18659f5d2f,CVE-2011-3230
618921880,Pflegusch/metasploit-module-research,modules/exploits/osx/browser/safari_file_policy.rb,154fc103c426a41fc259776a86584a18659f5d2f,OSVDB-76389
618921880,Pflegusch/metasploit-module-research,modules/exploits/unix/webapp/openemr_upload_exec.rb,158c9b3324413eff9513fea274eebc3f16b8c06a,ZSL-2013-5126
618921880,Pflegusch/metasploit-module-research,modules/exploits/unix/webapp/openemr_upload_exec.rb,158c9b3324413eff9513fea274eebc3f16b8c06a,OSVDB-90222
618921880,Pflegusch/metasploit-module-research,modules/exploits/unix/webapp/openemr_upload_exec.rb,158c9b3324413eff9513fea274eebc3f16b8c06a,BID-37314
618921880,Pflegusch/metasploit-module-research,modules/exploits/unix/webapp/openemr_upload_exec.rb,158c9b3324413eff9513fea274eebc3f16b8c06a,CVE-2009-4140
618921880,Pflegusch/metasploit-module-research,modules/exploits/windows/browser/nctaudiofile2_setformatlikesample.rb,15b9b3e5b069d5383bb9d0509baec45b9d3ea088,BID-22196
618921880,Pflegusch/metasploit-module-research,modules/exploits/windows/browser/nctaudiofile2_setformatlikesample.rb,15b9b3e5b069d5383bb9d0509baec45b9d3ea088,CVE-2007-0018
618921880,Pflegusch/metasploit-module-research,modules/exploits/windows/browser/nctaudiofile2_setformatlikesample.rb,15b9b3e5b069d5383bb9d0509baec45b9d3ea088,OSVDB-32032
618921880,Pflegusch/metasploit-module-research,modules/exploits/windows/browser/viscom_movieplayer_drawtext.rb,15bdd5fa0de5bb14b49b47c5a197a6d3e96b0773,CVE-2010-0356
618921880,Pflegusch/metasploit-module-research,modules/exploits/windows/browser/viscom_movieplayer_drawtext.rb,15bdd5fa0de5bb14b49b47c5a197a6d3e96b0773,OSVDB-61634
618921880,Pflegusch/metasploit-module-research,modules/exploits/windows/proxy/proxypro_http_get.rb,15e582ec7aab8862b2bc0bffb911fdb9554d0409,BID-9716
618921880,Pflegusch/metasploit-module-research,modules/exploits/windows/proxy/proxypro_http_get.rb,15e582ec7aab8862b2bc0bffb911fdb9554d0409,OSVDB-4027
618921880,Pflegusch/metasploit-module-research,modules/exploits/windows/proxy/proxypro_http_get.rb,15e582ec7aab8862b2bc0bffb911fdb9554d0409,CVE-2004-0326
618921880,Pflegusch/metasploit-module-research,modules/exploits/windows/fileformat/allplayer_m3u_bof.rb,16340cc6b6881a110a082f29c5a8e49619027240,CVE-2013-7409
618921880,Pflegusch/metasploit-module-research,modules/exploits/windows/fileformat/allplayer_m3u_bof.rb,16340cc6b6881a110a082f29c5a8e49619027240,BID-63896
618921880,Pflegusch/metasploit-module-research,modules/exploits/windows/fileformat/allplayer_m3u_bof.rb,16340cc6b6881a110a082f29c5a8e49619027240,BID-62926
618921880,Pflegusch/metasploit-module-research,modules/exploits/windows/fileformat/allplayer_m3u_bof.rb,16340cc6b6881a110a082f29c5a8e49619027240,OSVDB-98283
618921880,Pflegusch/metasploit-module-research,modules/exploits/windows/smb/ms10_061_spoolss.rb,16485c3fa66ddd911f481243472fbed552f49263,CVE-2010-2729
618921880,Pflegusch/metasploit-module-research,modules/exploits/windows/smb/ms10_061_spoolss.rb,16485c3fa66ddd911f481243472fbed552f49263,MS10-061
618921880,Pflegusch/metasploit-module-research,modules/exploits/windows/smb/ms10_061_spoolss.rb,16485c3fa66ddd911f481243472fbed552f49263,OSVDB-67988
618921880,Pflegusch/metasploit-module-research,modules/exploits/unix/webapp/xoda_file_upload.rb,16952f7a437cb52fcdcdace0f44426606e38e832,OSVDB-85117
618921880,Pflegusch/metasploit-module-research,modules/exploits/unix/webapp/xoda_file_upload.rb,16952f7a437cb52fcdcdace0f44426606e38e832,BID-55127
618921880,Pflegusch/metasploit-module-research,modules/exploits/windows/misc/sap_2005_license.rb,169d9ae6e91c4ce1cac207a9b07b054d94086b35,BID-35933
618921880,Pflegusch/metasploit-module-research,modules/exploits/windows/misc/sap_2005_license.rb,169d9ae6e91c4ce1cac207a9b07b054d94086b35,CVE-2009-4988
618921880,Pflegusch/metasploit-module-research,modules/exploits/windows/misc/sap_2005_license.rb,169d9ae6e91c4ce1cac207a9b07b054d94086b35,OSVDB-56837
618921880,Pflegusch/metasploit-module-research,modules/exploits/windows/browser/ntr_activex_check_bof.rb,16cda0025227d32093a037df79a36783b04eb524,BID-51374
618921880,Pflegusch/metasploit-module-research,modules/exploits/windows/browser/ntr_activex_check_bof.rb,16cda0025227d32093a037df79a36783b04eb524,OSVDB-78252
618921880,Pflegusch/metasploit-module-research,modules/exploits/windows/browser/ntr_activex_check_bof.rb,16cda0025227d32093a037df79a36783b04eb524,CVE-2012-0266
618921880,Pflegusch/metasploit-module-research,modules/auxiliary/admin/http/rails_devise_pass_reset.rb,16cdda2676fc8547b5abd571d118a25955939d34,BID-57577
618921880,Pflegusch/metasploit-module-research,modules/auxiliary/admin/http/rails_devise_pass_reset.rb,16cdda2676fc8547b5abd571d118a25955939d34,OSVDB-89642
618921880,Pflegusch/metasploit-module-research,modules/auxiliary/admin/http/rails_devise_pass_reset.rb,16cdda2676fc8547b5abd571d118a25955939d34,CVE-2013-0233
618921880,Pflegusch/metasploit-module-research,modules/exploits/windows/http/psoproxy91_overflow.rb,16ce24ea9a5460abce85191c1633fc2135327204,BID-9706
618921880,Pflegusch/metasploit-module-research,modules/exploits/windows/http/psoproxy91_overflow.rb,16ce24ea9a5460abce85191c1633fc2135327204,CVE-2004-0313
618921880,Pflegusch/metasploit-module-research,modules/exploits/windows/http/psoproxy91_overflow.rb,16ce24ea9a5460abce85191c1633fc2135327204,OSVDB-4028
618921880,Pflegusch/metasploit-module-research,modules/exploits/windows/browser/novelliprint_executerequest.rb,16fafde24189baba38669f33adb59a8e438925e8,CVE-2008-0935
618921880,Pflegusch/metasploit-module-research,modules/exploits/windows/browser/novelliprint_executerequest.rb,16fafde24189baba38669f33adb59a8e438925e8,BID-27939
618921880,Pflegusch/metasploit-module-research,modules/exploits/windows/browser/novelliprint_executerequest.rb,16fafde24189baba38669f33adb59a8e438925e8,OSVDB-42063
618921880,Pflegusch/metasploit-module-research,modules/exploits/windows/local/ms10_015_kitrap0d.rb,171d19c823192b8b080b041142105df88cde4c62,CVE-2010-0232
618921880,Pflegusch/metasploit-module-research,modules/exploits/windows/local/ms10_015_kitrap0d.rb,171d19c823192b8b080b041142105df88cde4c62,MS10-015
618921880,Pflegusch/metasploit-module-research,modules/exploits/windows/local/ms10_015_kitrap0d.rb,171d19c823192b8b080b041142105df88cde4c62,OSVDB-61854
618921880,Pflegusch/metasploit-module-research,modules/exploits/windows/smb/ipass_pipe_exec.rb,17263c29ac21791b86d9fa39eea487ba96a8eb87,CVE-2015-0925
618921880,Pflegusch/metasploit-module-research,modules/exploits/windows/smb/ipass_pipe_exec.rb,17263c29ac21791b86d9fa39eea487ba96a8eb87,BID-72265
618921880,Pflegusch/metasploit-module-research,modules/exploits/windows/smb/ipass_pipe_exec.rb,17263c29ac21791b86d9fa39eea487ba96a8eb87,OSVDB-117423
618921880,Pflegusch/metasploit-module-research,modules/exploits/osx/mdns/upnp_location.rb,1750a30718f34c0a3d9422098809e177925a6332,OSVDB-35142
618921880,Pflegusch/metasploit-module-research,modules/exploits/osx/mdns/upnp_location.rb,1750a30718f34c0a3d9422098809e177925a6332,CVE-2007-2386
618921880,Pflegusch/metasploit-module-research,modules/exploits/osx/mdns/upnp_location.rb,1750a30718f34c0a3d9422098809e177925a6332,BID-24144
618921880,Pflegusch/metasploit-module-research,modules/exploits/windows/http/prtg_authenticated_rce.rb,1751d611eaaec700621631e7b5e182a973ff6204,CVE-2018-9276
618921880,Pflegusch/metasploit-module-research,modules/exploits/windows/browser/adobe_utilprintf.rb,1771adb7227160b89aed596fc4f43565ab600476,CVE-2008-2992
618921880,Pflegusch/metasploit-module-research,modules/exploits/windows/browser/adobe_utilprintf.rb,1771adb7227160b89aed596fc4f43565ab600476,OSVDB-49520
618921880,Pflegusch/metasploit-module-research,modules/exploits/windows/browser/novell_groupwise_gwcls1_actvx.rb,17bffaa182be77f5674d935e90ab3e16b3fa481d,OSVDB-89700
618921880,Pflegusch/metasploit-module-research,modules/exploits/windows/browser/novell_groupwise_gwcls1_actvx.rb,17bffaa182be77f5674d935e90ab3e16b3fa481d,CVE-2012-0439
618921880,Pflegusch/metasploit-module-research,modules/exploits/linux/http/dlink_hnap_login_bof.rb,17cc5d3bdaf9aa9a3219b379f751178a037361b9,CVE-2016-6563
618921880,Pflegusch/metasploit-module-research,modules/exploits/windows/scada/yokogawa_bkfsim_vhfd.rb,17ceef373b7908ba7ac07898e9f2285fb971ef7c,CVE-2014-3888
618921880,Pflegusch/metasploit-module-research,modules/exploits/windows/scada/yokogawa_bkfsim_vhfd.rb,17ceef373b7908ba7ac07898e9f2285fb971ef7c,VU#95045914
618921880,Pflegusch/metasploit-module-research,modules/exploits/linux/local/nested_namespace_idmap_limit_priv_esc.rb,17d26d39b3037e8a7387b815ba78c438df8f57b8,GPZ-1712
618921880,Pflegusch/metasploit-module-research,modules/exploits/linux/local/nested_namespace_idmap_limit_priv_esc.rb,17d26d39b3037e8a7387b815ba78c438df8f57b8,CVE-2018-18955
618921880,Pflegusch/metasploit-module-research,modules/exploits/linux/local/nested_namespace_idmap_limit_priv_esc.rb,17d26d39b3037e8a7387b815ba78c438df8f57b8,BID-105941
618921880,Pflegusch/metasploit-module-research,modules/exploits/linux/http/dlink_diagnostic_exec_noauth.rb,17eacacfbee90d1e5848d7ea214aeeee7d4fbb8a,BID-58938
618921880,Pflegusch/metasploit-module-research,modules/exploits/linux/http/dlink_diagnostic_exec_noauth.rb,17eacacfbee90d1e5848d7ea214aeeee7d4fbb8a,OSVDB-92144
618921880,Pflegusch/metasploit-module-research,modules/exploits/linux/http/dlink_diagnostic_exec_noauth.rb,17eacacfbee90d1e5848d7ea214aeeee7d4fbb8a,CVE-2014-100005
618921880,Pflegusch/metasploit-module-research,modules/exploits/linux/http/groundwork_monarch_cmd_exec.rb,17ef2331f2f6bcda461cc0763bdc6faa4bf8e59d,OSVDB-91051
618921880,Pflegusch/metasploit-module-research,modules/exploits/linux/http/groundwork_monarch_cmd_exec.rb,17ef2331f2f6bcda461cc0763bdc6faa4bf8e59d,CVE-2013-3502
618921880,Pflegusch/metasploit-module-research,modules/exploits/windows/sip/aim_triton_cseq.rb,181d6103b96333f6a3ceb39994a57e1e012217e1,OSVDB-27122
618921880,Pflegusch/metasploit-module-research,modules/exploits/windows/sip/aim_triton_cseq.rb,181d6103b96333f6a3ceb39994a57e1e012217e1,BID-18906
618921880,Pflegusch/metasploit-module-research,modules/exploits/windows/sip/aim_triton_cseq.rb,181d6103b96333f6a3ceb39994a57e1e012217e1,CVE-2006-3524
618921880,Pflegusch/metasploit-module-research,modules/exploits/linux/http/denyall_waf_exec.rb,182208e6c9563d95f0ea7f8237e138926dbcb96f,CVE-2017-14706
618921880,Pflegusch/metasploit-module-research,modules/auxiliary/admin/ms/ms08_059_his2006.rb,1827103eeb75e880160897464459756f24c27df3,OSVDB-49068
618921880,Pflegusch/metasploit-module-research,modules/auxiliary/admin/ms/ms08_059_his2006.rb,1827103eeb75e880160897464459756f24c27df3,MS08-059
618921880,Pflegusch/metasploit-module-research,modules/auxiliary/admin/ms/ms08_059_his2006.rb,1827103eeb75e880160897464459756f24c27df3,CVE-2008-3466
618921880,Pflegusch/metasploit-module-research,modules/exploits/windows/http/manageengine_endpoint_central_saml_rce_cve_2022_47966.rb,182955e9b2698e0fb16998fbd521c163b03a997f,CVE-2022-47966
618921880,Pflegusch/metasploit-module-research,modules/exploits/windows/local/ms16_075_reflection.rb,1831283cd0fd54513a6fbc19567b0c42cb884d4b,MS16-075
618921880,Pflegusch/metasploit-module-research,modules/exploits/windows/local/ms16_075_reflection.rb,1831283cd0fd54513a6fbc19567b0c42cb884d4b,CVE-2014-4113
618921880,Pflegusch/metasploit-module-research,modules/exploits/windows/local/ms16_075_reflection.rb,1831283cd0fd54513a6fbc19567b0c42cb884d4b,CVE-2016-3225
618921880,Pflegusch/metasploit-module-research,modules/exploits/windows/browser/symantec_backupexec_pvcalendar.rb,1847b4ecc4a168b7f56fa10e9a5998bb62dd643f,CVE-2007-6016
618921880,Pflegusch/metasploit-module-research,modules/exploits/windows/browser/symantec_backupexec_pvcalendar.rb,1847b4ecc4a168b7f56fa10e9a5998bb62dd643f,OSVDB-42358
618921880,Pflegusch/metasploit-module-research,modules/exploits/windows/browser/symantec_backupexec_pvcalendar.rb,1847b4ecc4a168b7f56fa10e9a5998bb62dd643f,BID-26904
618921880,Pflegusch/metasploit-module-research,modules/exploits/windows/ftp/cesarftp_mkd.rb,184d5748dcca593273b025867b8815dbde0d83ca,BID-18586
618921880,Pflegusch/metasploit-module-research,modules/exploits/windows/ftp/cesarftp_mkd.rb,184d5748dcca593273b025867b8815dbde0d83ca,CVE-2006-2961
618921880,Pflegusch/metasploit-module-research,modules/exploits/windows/ftp/cesarftp_mkd.rb,184d5748dcca593273b025867b8815dbde0d83ca,OSVDB-26364
618921880,Pflegusch/metasploit-module-research,modules/exploits/windows/fileformat/vlc_webm.rb,185450bb7e78efdc51a8fdecaa94889accb0c456,OSVDB-70698
618921880,Pflegusch/metasploit-module-research,modules/exploits/windows/fileformat/vlc_webm.rb,185450bb7e78efdc51a8fdecaa94889accb0c456,BID-46060
618921880,Pflegusch/metasploit-module-research,modules/exploits/windows/fileformat/vlc_webm.rb,185450bb7e78efdc51a8fdecaa94889accb0c456,CVE-2011-0531
618921880,Pflegusch/metasploit-module-research,modules/exploits/windows/fileformat/ms14_064_packager_python.rb,18706700476958dbac409505087cba44b44fa0a4,MS14-060
618921880,Pflegusch/metasploit-module-research,modules/exploits/windows/fileformat/ms14_064_packager_python.rb,18706700476958dbac409505087cba44b44fa0a4,BID-70690
618921880,Pflegusch/metasploit-module-research,modules/exploits/windows/fileformat/ms14_064_packager_python.rb,18706700476958dbac409505087cba44b44fa0a4,CVE-2014-6352
618921880,Pflegusch/metasploit-module-research,modules/exploits/windows/fileformat/ms14_064_packager_python.rb,18706700476958dbac409505087cba44b44fa0a4,MS14-064
618921880,Pflegusch/metasploit-module-research,modules/exploits/windows/fileformat/ms14_064_packager_python.rb,18706700476958dbac409505087cba44b44fa0a4,CVE-2014-4114
618921880,Pflegusch/metasploit-module-research,modules/exploits/multi/http/cisco_dcnm_upload_2019.rb,1872703b688f8b0d81c4024968a586fdfb0d7fdc,CVE-2019-1619
618921880,Pflegusch/metasploit-module-research,modules/exploits/multi/http/cisco_dcnm_upload_2019.rb,1872703b688f8b0d81c4024968a586fdfb0d7fdc,CVE-2019-1622
618921880,Pflegusch/metasploit-module-research,modules/exploits/multi/http/cisco_dcnm_upload_2019.rb,1872703b688f8b0d81c4024968a586fdfb0d7fdc,CVE-2019-1620
618921880,Pflegusch/metasploit-module-research,modules/auxiliary/gather/d20pass.rb,187d3627e19974af9f56976669d3f6c32f270ee8,CVE-2012-6663
618921880,Pflegusch/metasploit-module-research,modules/exploits/apple_ios/browser/webkit_createthis.rb,1889c69a780beecd69601edf1cd25db022844179,CVE-2018-4233
618921880,Pflegusch/metasploit-module-research,modules/exploits/apple_ios/browser/webkit_createthis.rb,1889c69a780beecd69601edf1cd25db022844179,GPZ-1417
618921880,Pflegusch/metasploit-module-research,modules/exploits/apple_ios/browser/webkit_createthis.rb,1889c69a780beecd69601edf1cd25db022844179,CVE-2017-13861
618921880,Pflegusch/metasploit-module-research,modules/exploits/multi/http/jboss_invoke_deploy.rb,18b7b9cdc905dc7eb10bfb1e9ff24c32abb91e35,OSVDB-33744
618921880,Pflegusch/metasploit-module-research,modules/exploits/multi/http/jboss_invoke_deploy.rb,18b7b9cdc905dc7eb10bfb1e9ff24c32abb91e35,CVE-2007-1036
618921880,Pflegusch/metasploit-module-research,modules/auxiliary/dos/misc/memcached.rb,18bcc70506b17c02b0ee9eee2966c49e66b34bf3,OSVDB-92867
618921880,Pflegusch/metasploit-module-research,modules/auxiliary/dos/misc/memcached.rb,18bcc70506b17c02b0ee9eee2966c49e66b34bf3,CVE-2011-4971
618921880,Pflegusch/metasploit-module-research,modules/exploits/unix/webapp/instantcms_exec.rb,18c880a86d78451916929e1c114321b6d549c869,BID-60816
618921880,Pflegusch/metasploit-module-research,modules/exploits/windows/browser/ms10_002_ie_object.rb,18efc6c58df3410c73cc142731dbff222851ccde,OSVDB-61914
618921880,Pflegusch/metasploit-module-research,modules/exploits/windows/browser/ms10_002_ie_object.rb,18efc6c58df3410c73cc142731dbff222851ccde,MS10-002
618921880,Pflegusch/metasploit-module-research,modules/exploits/windows/browser/ms10_002_ie_object.rb,18efc6c58df3410c73cc142731dbff222851ccde,CVE-2010-0248
618921880,Pflegusch/metasploit-module-research,modules/exploits/linux/http/sophos_wpa_iface_exec.rb,1903fab631b1102283e9191fd80c1df021f93569,CVE-2014-2849
618921880,Pflegusch/metasploit-module-research,modules/exploits/linux/http/sophos_wpa_iface_exec.rb,1903fab631b1102283e9191fd80c1df021f93569,ZDI-14-069
618921880,Pflegusch/metasploit-module-research,modules/exploits/linux/http/sophos_wpa_iface_exec.rb,1903fab631b1102283e9191fd80c1df021f93569,CVE-2014-2850
618921880,Pflegusch/metasploit-module-research,modules/auxiliary/scanner/dcerpc/petitpotam.rb,19087f3e9b44d2cf2c03e9c65de01821be3cac56,CVE-2021-36942
618921880,Pflegusch/metasploit-module-research,modules/exploits/windows/browser/aol_ampx_convertfile.rb,191580aa6755a3d0d231624cd2e6829742625367,OSVDB-54706
618921880,Pflegusch/metasploit-module-research,modules/exploits/windows/browser/aol_ampx_convertfile.rb,191580aa6755a3d0d231624cd2e6829742625367,BID-35028
618921880,Pflegusch/metasploit-module-research,modules/exploits/windows/fileformat/realplayer_ver_attribute_bof.rb,191b57032687eafad17abc024a82650d3d38da93,CVE-2013-7260
618921880,Pflegusch/metasploit-module-research,modules/exploits/windows/fileformat/realplayer_ver_attribute_bof.rb,191b57032687eafad17abc024a82650d3d38da93,BID-64695
618921880,Pflegusch/metasploit-module-research,modules/exploits/windows/fileformat/realplayer_ver_attribute_bof.rb,191b57032687eafad17abc024a82650d3d38da93,OSVDB-101356
618921880,Pflegusch/metasploit-module-research,modules/exploits/windows/browser/trendmicro_extsetowner.rb,192127ccbc65eb8ab1218c66830bf536c4ceb165,CVE-2010-3189
618921880,Pflegusch/metasploit-module-research,modules/exploits/windows/browser/trendmicro_extsetowner.rb,192127ccbc65eb8ab1218c66830bf536c4ceb165,OSVDB-67561
618921880,Pflegusch/metasploit-module-research,modules/exploits/windows/browser/trendmicro_extsetowner.rb,192127ccbc65eb8ab1218c66830bf536c4ceb165,ZDI-10-165
618921880,Pflegusch/metasploit-module-research,modules/exploits/windows/http/lexmark_markvision_gfd_upload.rb,192ad36020f4e3b3dda7e4dd188e9b72d0df37fb,CVE-2014-8741
618921880,Pflegusch/metasploit-module-research,modules/exploits/unix/webapp/rconfig_install_cmd_exec.rb,194ae14c87dd6eb6d69282a01122289203e8f4d3,CVE-2019-16662
618921880,Pflegusch/metasploit-module-research,modules/exploits/unix/webapp/rconfig_install_cmd_exec.rb,194ae14c87dd6eb6d69282a01122289203e8f4d3,CVE-2019-16663
618921880,Pflegusch/metasploit-module-research,modules/exploits/linux/http/vmware_workspace_one_access_cve_2022_22954.rb,1950b6959ee72a28883186d09dacebd9aa5915d4,CVE-2022-22954
618921880,Pflegusch/metasploit-module-research,modules/exploits/multi/http/rails_actionpack_inline_exec.rb,19652decc523140e6578cbb02a9d7e111f2616de,CVE-2016-2098
618921880,Pflegusch/metasploit-module-research,modules/exploits/multi/browser/java_storeimagearray.rb,19726b97bee11d3929eba69d0613977421cccb72,CVE-2013-2465
618921880,Pflegusch/metasploit-module-research,modules/exploits/multi/browser/java_storeimagearray.rb,19726b97bee11d3929eba69d0613977421cccb72,OSVDB-96269
618921880,Pflegusch/metasploit-module-research,modules/exploits/linux/http/gravcms_exec.rb,198f6b32d1a082e52c9dc0955ed734a64016af1b,CVE-2021-21425
618921880,Pflegusch/metasploit-module-research,modules/exploits/linux/http/dreambox_openpli_shell.rb,199199505daab902a6251eb3d645bd0d2763f64c,OSVDB-90230
618921880,Pflegusch/metasploit-module-research,modules/exploits/linux/http/dreambox_openpli_shell.rb,199199505daab902a6251eb3d645bd0d2763f64c,BID-57943
618921880,Pflegusch/metasploit-module-research,modules/exploits/multi/http/stunshell_exec.rb,19a52dd73d79150e23e0b2426dec1ab2f700c766,OSVDB-91842
618921880,Pflegusch/metasploit-module-research,modules/exploits/multi/http/jboss_deploymentfilerepository.rb,19b51f2e082b84524dd29c754ad99cb1e3862321,CVE-2010-0738
618921880,Pflegusch/metasploit-module-research,modules/exploits/multi/http/jboss_deploymentfilerepository.rb,19b51f2e082b84524dd29c754ad99cb1e3862321,OSVDB-64171
618921880,Pflegusch/metasploit-module-research,modules/auxiliary/scanner/vmware/vmauthd_login.rb,19be3adb772ba521d132255a85ca35d4106a89d9,CVE-1999-0502
618921880,Pflegusch/metasploit-module-research,modules/exploits/windows/browser/adobe_flash_worker_byte_array_uaf.rb,19c6bc54f90bc814d76c547ed86b10c77c7a70d9,CVE-2015-0313
618921880,Pflegusch/metasploit-module-research,modules/exploits/multi/http/hp_sitescope_uploadfileshandler.rb,19dc6af39cbdac5451bd895787d7f719c532b06a,BID-55269
618921880,Pflegusch/metasploit-module-research,modules/exploits/multi/http/hp_sitescope_uploadfileshandler.rb,19dc6af39cbdac5451bd895787d7f719c532b06a,BID-55273
618921880,Pflegusch/metasploit-module-research,modules/exploits/multi/http/hp_sitescope_uploadfileshandler.rb,19dc6af39cbdac5451bd895787d7f719c532b06a,OSVDB-85151
618921880,Pflegusch/metasploit-module-research,modules/exploits/multi/http/hp_sitescope_uploadfileshandler.rb,19dc6af39cbdac5451bd895787d7f719c532b06a,OSVDB-85121
618921880,Pflegusch/metasploit-module-research,modules/exploits/multi/http/hp_sitescope_uploadfileshandler.rb,19dc6af39cbdac5451bd895787d7f719c532b06a,CVE-2012-3261
618921880,Pflegusch/metasploit-module-research,modules/exploits/multi/http/hp_sitescope_uploadfileshandler.rb,19dc6af39cbdac5451bd895787d7f719c532b06a,CVE-2012-3260
618921880,Pflegusch/metasploit-module-research,modules/exploits/windows/misc/ms10_104_sharepoint.rb,1a125798d219e456218ac7325e23cabdded2af06,BID-45264
618921880,Pflegusch/metasploit-module-research,modules/exploits/windows/misc/ms10_104_sharepoint.rb,1a125798d219e456218ac7325e23cabdded2af06,MS10-104
618921880,Pflegusch/metasploit-module-research,modules/exploits/windows/misc/ms10_104_sharepoint.rb,1a125798d219e456218ac7325e23cabdded2af06,CVE-2010-3964
618921880,Pflegusch/metasploit-module-research,modules/exploits/windows/misc/ms10_104_sharepoint.rb,1a125798d219e456218ac7325e23cabdded2af06,OSVDB-69817
618921880,Pflegusch/metasploit-module-research,modules/exploits/multi/browser/itms_overflow.rb,1a706ded4d05e281ed07bd190526d2b67e633213,CVE-2009-0950
618921880,Pflegusch/metasploit-module-research,modules/exploits/multi/browser/itms_overflow.rb,1a706ded4d05e281ed07bd190526d2b67e633213,OSVDB-54833
618921880,Pflegusch/metasploit-module-research,modules/exploits/windows/smb/ms04_031_netdde.rb,1a928e9ad97e45b8c50c83d21e77435579f0def3,OSVDB-10689
618921880,Pflegusch/metasploit-module-research,modules/exploits/windows/smb/ms04_031_netdde.rb,1a928e9ad97e45b8c50c83d21e77435579f0def3,BID-11372
618921880,Pflegusch/metasploit-module-research,modules/exploits/windows/smb/ms04_031_netdde.rb,1a928e9ad97e45b8c50c83d21e77435579f0def3,MS04-031
618921880,Pflegusch/metasploit-module-research,modules/exploits/windows/smb/ms04_031_netdde.rb,1a928e9ad97e45b8c50c83d21e77435579f0def3,CVE-2004-0206
618921880,Pflegusch/metasploit-module-research,modules/auxiliary/scanner/ssh/libssh_auth_bypass.rb,1a9f63a58a685701442a7007f2f0a166e979ba30,CVE-2018-10933
618921880,Pflegusch/metasploit-module-research,modules/exploits/windows/http/minishare_get_overflow.rb,1aa24d7ba38f4e65b22ca0cfba59b0dacd3481cd,CVE-2004-2271
618921880,Pflegusch/metasploit-module-research,modules/exploits/windows/http/minishare_get_overflow.rb,1aa24d7ba38f4e65b22ca0cfba59b0dacd3481cd,OSVDB-11530
618921880,Pflegusch/metasploit-module-research,modules/exploits/windows/http/minishare_get_overflow.rb,1aa24d7ba38f4e65b22ca0cfba59b0dacd3481cd,BID-11620
618921880,Pflegusch/metasploit-module-research,modules/exploits/windows/http/serviio_checkstreamurl_cmd_exec.rb,1aa8a683948c88d1a83751a7993e61e00c1ac0de,OSVDB-41961
618921880,Pflegusch/metasploit-module-research,modules/exploits/windows/http/serviio_checkstreamurl_cmd_exec.rb,1aa8a683948c88d1a83751a7993e61e00c1ac0de,ZSL-2017-5408
618921880,Pflegusch/metasploit-module-research,modules/auxiliary/dos/windows/ftp/xmeasy560_nlst.rb,1ab52d0513c742ecb1b5b5203931efe17350d071,CVE-2008-5626
618921880,Pflegusch/metasploit-module-research,modules/auxiliary/dos/windows/ftp/xmeasy560_nlst.rb,1ab52d0513c742ecb1b5b5203931efe17350d071,OSVDB-50837
618921880,Pflegusch/metasploit-module-research,modules/exploits/windows/browser/siemens_solid_edge_selistctrlx.rb,1aea9803de29c622c49a902ffd48722b4516c498,OSVDB-93696
618921880,Pflegusch/metasploit-module-research,modules/exploits/windows/browser/ms11_093_ole32.rb,1b15edeea9481e20f342a3e21718163ef8ae3f19,CVE-2011-3400
618921880,Pflegusch/metasploit-module-research,modules/exploits/windows/browser/ms11_093_ole32.rb,1b15edeea9481e20f342a3e21718163ef8ae3f19,BID-50977
618921880,Pflegusch/metasploit-module-research,modules/exploits/windows/browser/ms11_093_ole32.rb,1b15edeea9481e20f342a3e21718163ef8ae3f19,MS11-093
618921880,Pflegusch/metasploit-module-research,modules/exploits/windows/browser/ms11_093_ole32.rb,1b15edeea9481e20f342a3e21718163ef8ae3f19,OSVDB-77663
618921880,Pflegusch/metasploit-module-research,modules/exploits/windows/ftp/warftpd_165_user.rb,1b38259f9429bed24a4e4a17160c39d67221f176,CVE-1999-0256
618921880,Pflegusch/metasploit-module-research,modules/exploits/windows/ftp/warftpd_165_user.rb,1b38259f9429bed24a4e4a17160c39d67221f176,OSVDB-875
618921880,Pflegusch/metasploit-module-research,modules/exploits/windows/ftp/warftpd_165_user.rb,1b38259f9429bed24a4e4a17160c39d67221f176,BID-10078
618921880,Pflegusch/metasploit-module-research,modules/exploits/windows/browser/mozilla_firefox_onreadystatechange.rb,1b6804445673854501f3bee3884c4e37e60598fc,CVE-2013-1690
618921880,Pflegusch/metasploit-module-research,modules/exploits/windows/browser/mozilla_firefox_onreadystatechange.rb,1b6804445673854501f3bee3884c4e37e60598fc,OSVDB-94584
618921880,Pflegusch/metasploit-module-research,modules/exploits/windows/browser/mozilla_firefox_onreadystatechange.rb,1b6804445673854501f3bee3884c4e37e60598fc,BID-60778
618921880,Pflegusch/metasploit-module-research,modules/exploits/windows/arkeia/type77.rb,1b68a5f4c0023435c31c9827f284fab99f616c29,CVE-2005-0491
618921880,Pflegusch/metasploit-module-research,modules/exploits/windows/arkeia/type77.rb,1b68a5f4c0023435c31c9827f284fab99f616c29,OSVDB-14011
618921880,Pflegusch/metasploit-module-research,modules/exploits/windows/arkeia/type77.rb,1b68a5f4c0023435c31c9827f284fab99f616c29,BID-12594
618921880,Pflegusch/metasploit-module-research,modules/exploits/multi/http/cve_2021_35464_forgerock_openam.rb,1b6eef6f825fa4cc876b75e26005d0810787d79a,CVE-2021-35464
618921880,Pflegusch/metasploit-module-research,modules/exploits/linux/http/esva_exec.rb,1b843f2db96150cf1b04a4af0b64de1baf158533,OSVDB-85462
618921880,Pflegusch/metasploit-module-research,modules/exploits/linux/http/esva_exec.rb,1b843f2db96150cf1b04a4af0b64de1baf158533,BID-55050
618921880,Pflegusch/metasploit-module-research,modules/exploits/windows/fileformat/adobe_media_newplayer.rb,1b8df1a07ea4cdffe65fceae5270c79da0e37ee0,OSVDB-60980
618921880,Pflegusch/metasploit-module-research,modules/exploits/windows/fileformat/adobe_media_newplayer.rb,1b8df1a07ea4cdffe65fceae5270c79da0e37ee0,CVE-2009-4324
618921880,Pflegusch/metasploit-module-research,modules/exploits/windows/fileformat/adobe_media_newplayer.rb,1b8df1a07ea4cdffe65fceae5270c79da0e37ee0,BID-37331
618921880,Pflegusch/metasploit-module-research,modules/exploits/linux/local/af_packet_packet_set_ring_priv_esc.rb,1b9ae2c38aae13d2427cb391d4950792d2fcccc9,BID-97234
618921880,Pflegusch/metasploit-module-research,modules/exploits/linux/local/af_packet_packet_set_ring_priv_esc.rb,1b9ae2c38aae13d2427cb391d4950792d2fcccc9,CVE-2017-7308
618921880,Pflegusch/metasploit-module-research,modules/exploits/windows/tftp/tftpserver_wrq_bof.rb,1ba64b0923f0debc3a4dc991b2ad13b483263bb8,OSVDB-43785
618921880,Pflegusch/metasploit-module-research,modules/exploits/windows/tftp/tftpserver_wrq_bof.rb,1ba64b0923f0debc3a4dc991b2ad13b483263bb8,BID-18345
618921880,Pflegusch/metasploit-module-research,modules/exploits/windows/tftp/tftpserver_wrq_bof.rb,1ba64b0923f0debc3a4dc991b2ad13b483263bb8,CVE-2008-1611
618921880,Pflegusch/metasploit-module-research,modules/auxiliary/pdf/foxit/authbypass.rb,1bd90e24f6bdbdff8662d0b1cf564fd257f9f278,BID-34035
618921880,Pflegusch/metasploit-module-research,modules/auxiliary/pdf/foxit/authbypass.rb,1bd90e24f6bdbdff8662d0b1cf564fd257f9f278,CVE-2009-0836
618921880,Pflegusch/metasploit-module-research,modules/auxiliary/pdf/foxit/authbypass.rb,1bd90e24f6bdbdff8662d0b1cf564fd257f9f278,OSVDB-55615
618921880,Pflegusch/metasploit-module-research,modules/exploits/multi/http/processmaker_exec.rb,1bffe617a0f0e9803bba71a8a66af53d1639d007,OSVDB-99199
618921880,Pflegusch/metasploit-module-research,modules/exploits/multi/http/processmaker_exec.rb,1bffe617a0f0e9803bba71a8a66af53d1639d007,BID-63411
618921880,Pflegusch/metasploit-module-research,modules/exploits/unix/dhcp/bash_environment.rb,1c07ac229cbf9115164fffd449726c1ebb0662f9,OSVDB-112004
618921880,Pflegusch/metasploit-module-research,modules/exploits/unix/dhcp/bash_environment.rb,1c07ac229cbf9115164fffd449726c1ebb0662f9,CVE-2014-6271
618921880,Pflegusch/metasploit-module-research,modules/auxiliary/dos/http/flexense_http_server_dos.rb,1c238ba31fd6f9a3445462c5751ce700eaeabd18,CVE-2018-8065
618921880,Pflegusch/metasploit-module-research,modules/exploits/windows/browser/firefox_smil_uaf.rb,1c3c667808939e842a59d263c2babc5517f4967e,CVE-2016-9079
618921880,Pflegusch/metasploit-module-research,modules/exploits/linux/smtp/apache_james_exec.rb,1c3dedb347c644f011d3bbd84dcc18452b15a842,CVE-2015-7611
618921880,Pflegusch/metasploit-module-research,modules/exploits/multi/http/sflog_upload_exec.rb,1c5a4a7486988c9780d28886d9d33b871c2f03f1,OSVDB-83767
618921880,Pflegusch/metasploit-module-research,modules/exploits/windows/iis/iis_webdav_upload_asp.rb,1c659b4889ea6a448290607946e896de1377c268,OSVDB-397
618921880,Pflegusch/metasploit-module-research,modules/exploits/windows/iis/iis_webdav_upload_asp.rb,1c659b4889ea6a448290607946e896de1377c268,BID-12141
618921880,Pflegusch/metasploit-module-research,modules/exploits/unix/webapp/joomla_comfields_sqli_rce.rb,1ca672522f19df2ae6bdd869bff356c671b10bcf,CVE-2017-8917
618921880,Pflegusch/metasploit-module-research,modules/exploits/unix/webapp/google_proxystylesheet_exec.rb,1cac5b0a5f24afa2ae43d1d16bfacefa41aa5c85,OSVDB-20981
618921880,Pflegusch/metasploit-module-research,modules/exploits/unix/webapp/google_proxystylesheet_exec.rb,1cac5b0a5f24afa2ae43d1d16bfacefa41aa5c85,BID-15509
618921880,Pflegusch/metasploit-module-research,modules/exploits/unix/webapp/google_proxystylesheet_exec.rb,1cac5b0a5f24afa2ae43d1d16bfacefa41aa5c85,CVE-2005-3757
618921880,Pflegusch/metasploit-module-research,modules/exploits/windows/http/desktopcentral_statusupdate_upload.rb,1ccc9fe8d7e8e3a18087bf96a479e62dcd4a5340,CVE-2014-5005
618921880,Pflegusch/metasploit-module-research,modules/exploits/windows/http/desktopcentral_statusupdate_upload.rb,1ccc9fe8d7e8e3a18087bf96a479e62dcd4a5340,OSVDB-110643
618921880,Pflegusch/metasploit-module-research,modules/exploits/windows/ftp/aasync_list_reply.rb,1cd7eb7fd5338b16cbac2fe737c4eb5fb4b167e8,OSVDB-68701
618921880,Pflegusch/metasploit-module-research,modules/exploits/windows/fileformat/ms14_064_packager_run_as_admin.rb,1ce28e61a7d63d2628dfc4236ea7ad4309e12bf0,MS14-060
618921880,Pflegusch/metasploit-module-research,modules/exploits/windows/fileformat/ms14_064_packager_run_as_admin.rb,1ce28e61a7d63d2628dfc4236ea7ad4309e12bf0,BID-70690
618921880,Pflegusch/metasploit-module-research,modules/exploits/windows/fileformat/ms14_064_packager_run_as_admin.rb,1ce28e61a7d63d2628dfc4236ea7ad4309e12bf0,MS14-064
618921880,Pflegusch/metasploit-module-research,modules/exploits/windows/fileformat/ms14_064_packager_run_as_admin.rb,1ce28e61a7d63d2628dfc4236ea7ad4309e12bf0,CVE-2014-6352
618921880,Pflegusch/metasploit-module-research,modules/auxiliary/scanner/http/totaljs_traversal.rb,1cf0c08d84f7f2c031e0e751e6d82eb2415b98f9,CVE-2019-8903
618921880,Pflegusch/metasploit-module-research,modules/exploits/windows/ftp/dreamftp_format.rb,1d00d66c7e2bcd1fbbb306b2efad48279ba168b7,OSVDB-4986
618921880,Pflegusch/metasploit-module-research,modules/exploits/windows/ftp/dreamftp_format.rb,1d00d66c7e2bcd1fbbb306b2efad48279ba168b7,CVE-2004-2074
618921880,Pflegusch/metasploit-module-research,modules/exploits/windows/ftp/dreamftp_format.rb,1d00d66c7e2bcd1fbbb306b2efad48279ba168b7,BID-9800
618921880,Pflegusch/metasploit-module-research,modules/exploits/windows/fileformat/esignal_styletemplate_bof.rb,1d2a8a5aefd8ca4401ee6412722ea408a2e896c2,OSVDB-75456
618921880,Pflegusch/metasploit-module-research,modules/exploits/windows/fileformat/esignal_styletemplate_bof.rb,1d2a8a5aefd8ca4401ee6412722ea408a2e896c2,BID-49600
618921880,Pflegusch/metasploit-module-research,modules/exploits/windows/fileformat/esignal_styletemplate_bof.rb,1d2a8a5aefd8ca4401ee6412722ea408a2e896c2,CVE-2011-3494
618921880,Pflegusch/metasploit-module-research,modules/exploits/windows/ftp/httpdx_tolog_format.rb,1d30a325cd0c68ae49b98fc58037b45ec40a1b6f,CVE-2009-4769
618921880,Pflegusch/metasploit-module-research,modules/exploits/windows/ftp/httpdx_tolog_format.rb,1d30a325cd0c68ae49b98fc58037b45ec40a1b6f,OSVDB-60181
618921880,Pflegusch/metasploit-module-research,modules/exploits/windows/scada/factorylink_vrn_09.rb,1d909500f58d1af1afeb0e805ee94d7b9b8e62e8,OSVDB-72815
618921880,Pflegusch/metasploit-module-research,modules/auxiliary/admin/http/iomega_storcenterpro_sessionid.rb,1dab896cdd7204ad7286cb6b851637f202333292,OSVDB-55586
618921880,Pflegusch/metasploit-module-research,modules/auxiliary/admin/http/iomega_storcenterpro_sessionid.rb,1dab896cdd7204ad7286cb6b851637f202333292,CVE-2009-2367
618921880,Pflegusch/metasploit-module-research,modules/exploits/linux/http/kaltura_unserialize_cookie_rce.rb,1db1b231b1e33d8ca5eff996daa7ea24be667707,CVE-2017-14143
618921880,Pflegusch/metasploit-module-research,modules/exploits/windows/fileformat/videospirit_visprj.rb,1db9cc3e9764c41541a83c630707ca92e367b6e2,OSVDB-70619
618921880,Pflegusch/metasploit-module-research,modules/exploits/windows/fileformat/videospirit_visprj.rb,1db9cc3e9764c41541a83c630707ca92e367b6e2,CVE-2011-0500
618921880,Pflegusch/metasploit-module-research,modules/exploits/windows/fileformat/videospirit_visprj.rb,1db9cc3e9764c41541a83c630707ca92e367b6e2,CVE-2011-0499
618921880,Pflegusch/metasploit-module-research,modules/auxiliary/scanner/http/dlink_dir_615h_http_login.rb,1dcafcaca1ff80ccdba0a21e9981e4260141a9b2,CVE-1999-0502
618921880,Pflegusch/metasploit-module-research,modules/exploits/windows/fileformat/free_mp3_ripper_wav.rb,1df47d4f5fc9504433093ae5f01104a59ff8140a,CVE-2011-5165
618921880,Pflegusch/metasploit-module-research,modules/exploits/windows/fileformat/free_mp3_ripper_wav.rb,1df47d4f5fc9504433093ae5f01104a59ff8140a,OSVDB-63349
618921880,Pflegusch/metasploit-module-research,modules/exploits/windows/browser/keyhelp_launchtripane_exec.rb,1e13f5d13d301c22dbf58d3a80bc2684c751e5cf,OSVDB-83311
618921880,Pflegusch/metasploit-module-research,modules/exploits/windows/browser/keyhelp_launchtripane_exec.rb,1e13f5d13d301c22dbf58d3a80bc2684c751e5cf,CVE-2012-2516
618921880,Pflegusch/metasploit-module-research,modules/exploits/windows/browser/keyhelp_launchtripane_exec.rb,1e13f5d13d301c22dbf58d3a80bc2684c751e5cf,BID-55265
618921880,Pflegusch/metasploit-module-research,modules/auxiliary/scanner/ntp/ntp_readvar.rb,1e2b87108f8ddf79e3dcc044924bbbfb667ec126,CVE-2013-5211
618921880,Pflegusch/metasploit-module-research,modules/auxiliary/admin/http/sysaid_admin_acct.rb,1e54da8127889f25281d3bfdbf354371b10b3930,CVE-2015-2993
618921880,Pflegusch/metasploit-module-research,modules/exploits/windows/http/bea_weblogic_transfer_encoding.rb,1e74d273eba95c23cfcc9cbaa6eec31ccc2cd974,CVE-2008-4008
618921880,Pflegusch/metasploit-module-research,modules/exploits/windows/http/bea_weblogic_transfer_encoding.rb,1e74d273eba95c23cfcc9cbaa6eec31ccc2cd974,OSVDB-49283
618921880,Pflegusch/metasploit-module-research,modules/exploits/multi/misc/ibm_tm1_unauth_rce.rb,1e7fe08a8ec2bce97098d709f225bcc3b8c421e7,CVE-2019-4716
618921880,Pflegusch/metasploit-module-research,modules/post/windows/escalate/ms10_073_kbdlayout.rb,1e99cad807ac1b60251d528d61415b03d71f8b70,CVE-2010-2743
618921880,Pflegusch/metasploit-module-research,modules/post/windows/escalate/ms10_073_kbdlayout.rb,1e99cad807ac1b60251d528d61415b03d71f8b70,MS10-073
618921880,Pflegusch/metasploit-module-research,modules/post/windows/escalate/ms10_073_kbdlayout.rb,1e99cad807ac1b60251d528d61415b03d71f8b70,OSVDB-68552
618921880,Pflegusch/metasploit-module-research,modules/exploits/linux/misc/ib_inet_connect.rb,1e9b2f56ec4b4701d0844f1bbb4e7d1b8b725b86,OSVDB-38605
618921880,Pflegusch/metasploit-module-research,modules/exploits/linux/misc/ib_inet_connect.rb,1e9b2f56ec4b4701d0844f1bbb4e7d1b8b725b86,BID-25917
618921880,Pflegusch/metasploit-module-research,modules/exploits/linux/misc/ib_inet_connect.rb,1e9b2f56ec4b4701d0844f1bbb4e7d1b8b725b86,CVE-2007-5243
618921880,Pflegusch/metasploit-module-research,modules/exploits/windows/http/zenworks_uploadservlet.rb,1eb568e3db399fa538a082d03bbd86d18d434e6d,OSVDB-63412
618921880,Pflegusch/metasploit-module-research,modules/exploits/windows/http/zenworks_uploadservlet.rb,1eb568e3db399fa538a082d03bbd86d18d434e6d,CVE-2010-5324
618921880,Pflegusch/metasploit-module-research,modules/exploits/windows/http/zenworks_uploadservlet.rb,1eb568e3db399fa538a082d03bbd86d18d434e6d,BID-39114
618921880,Pflegusch/metasploit-module-research,modules/exploits/windows/http/zenworks_uploadservlet.rb,1eb568e3db399fa538a082d03bbd86d18d434e6d,ZDI-10-078
618921880,Pflegusch/metasploit-module-research,modules/exploits/windows/oracle/osb_ndmp_auth.rb,1ee56e91bf8c5ea22c1d29eb0a45b104d734e4b8,CVE-2008-5444
618921880,Pflegusch/metasploit-module-research,modules/exploits/windows/oracle/osb_ndmp_auth.rb,1ee56e91bf8c5ea22c1d29eb0a45b104d734e4b8,OSVDB-51340
618921880,Pflegusch/metasploit-module-research,modules/exploits/windows/browser/ie_execcommand_uaf.rb,1ef25690fefac0e4adbf80470b3bd083071b75a1,CVE-2012-4969
618921880,Pflegusch/metasploit-module-research,modules/exploits/windows/browser/ie_execcommand_uaf.rb,1ef25690fefac0e4adbf80470b3bd083071b75a1,MS12-063
618921880,Pflegusch/metasploit-module-research,modules/exploits/windows/browser/ie_execcommand_uaf.rb,1ef25690fefac0e4adbf80470b3bd083071b75a1,OSVDB-85532
618921880,Pflegusch/metasploit-module-research,modules/exploits/windows/smb/ms06_070_wkssvc.rb,1f020f7309248eab7e9903a0295bdba34ed3a596,BID-20985
618921880,Pflegusch/metasploit-module-research,modules/exploits/windows/smb/ms06_070_wkssvc.rb,1f020f7309248eab7e9903a0295bdba34ed3a596,MS06-070
618921880,Pflegusch/metasploit-module-research,modules/exploits/windows/smb/ms06_070_wkssvc.rb,1f020f7309248eab7e9903a0295bdba34ed3a596,CVE-2006-4691
618921880,Pflegusch/metasploit-module-research,modules/exploits/windows/smb/ms06_070_wkssvc.rb,1f020f7309248eab7e9903a0295bdba34ed3a596,OSVDB-30263
618921880,Pflegusch/metasploit-module-research,modules/exploits/windows/http/manageengine_connectionid_write.rb,1f173e0597131af3d7a6fc7e6c53dd54db08248a,CVE-2015-8249
618921880,Pflegusch/metasploit-module-research,modules/exploits/multi/http/cmsms_object_injection_rce.rb,1f272d86a71ae64a0962a88a61ff12e30d9d4abf,CVE-2019-9055
618921880,Pflegusch/metasploit-module-research,modules/exploits/windows/browser/clear_quest_cqole.rb,1f54bf47f9c9fb53c4965ca8b1cb9a09edca46a5,OSVDB-81443
618921880,Pflegusch/metasploit-module-research,modules/exploits/windows/browser/clear_quest_cqole.rb,1f54bf47f9c9fb53c4965ca8b1cb9a09edca46a5,BID-53170
618921880,Pflegusch/metasploit-module-research,modules/exploits/windows/browser/clear_quest_cqole.rb,1f54bf47f9c9fb53c4965ca8b1cb9a09edca46a5,CVE-2012-0708
618921880,Pflegusch/metasploit-module-research,modules/auxiliary/scanner/telnet/telnet_login.rb,1f7b6eb0457173fd40012fa691d966dd6442ba25,CVE-1999-0502
618921880,Pflegusch/metasploit-module-research,modules/exploits/windows/http/kaseya_uploadimage_file_upload.rb,1f7bf74ff57d3c1b49d5ae7e9b25642bf75c41db,OSVDB-99984
618921880,Pflegusch/metasploit-module-research,modules/exploits/windows/http/kaseya_uploadimage_file_upload.rb,1f7bf74ff57d3c1b49d5ae7e9b25642bf75c41db,BID-63782
618921880,Pflegusch/metasploit-module-research,modules/exploits/linux/http/saltstack_salt_api_cmd_exec.rb,1f844f33349da556bff1370fb0dfade3c5348d0f,ZDI-CAN-11143
618921880,Pflegusch/metasploit-module-research,modules/exploits/linux/http/saltstack_salt_api_cmd_exec.rb,1f844f33349da556bff1370fb0dfade3c5348d0f,CVE-2020-16846
618921880,Pflegusch/metasploit-module-research,modules/exploits/linux/http/saltstack_salt_api_cmd_exec.rb,1f844f33349da556bff1370fb0dfade3c5348d0f,CVE-2020-25592
618921880,Pflegusch/metasploit-module-research,modules/exploits/windows/http/hp_nnm_nnmrptconfig_schdparams.rb,1f8c241d6b145fb01e3153c8e765505a13a8ccad,OSVDB-70473
618921880,Pflegusch/metasploit-module-research,modules/exploits/windows/http/hp_nnm_nnmrptconfig_schdparams.rb,1f8c241d6b145fb01e3153c8e765505a13a8ccad,CVE-2011-0267
618921880,Pflegusch/metasploit-module-research,modules/exploits/linux/http/panos_op_cmd_exec.rb,1f90aa7a8bfb0c9cedfc5af380f24dfe5dc6d123,CVE-2020-2038
618921880,Pflegusch/metasploit-module-research,modules/exploits/multi/http/git_client_command_exec.rb,1f96dd564174ce7e75d7a7a6b55936b34363624c,CVE-2014-9390
618921880,Pflegusch/metasploit-module-research,modules/exploits/windows/browser/ms12_004_midi.rb,1fc35bd251195f7421f5f326bbbff024296e5e95,MS12-004
618921880,Pflegusch/metasploit-module-research,modules/exploits/windows/browser/ms12_004_midi.rb,1fc35bd251195f7421f5f326bbbff024296e5e95,CVE-2012-0003
618921880,Pflegusch/metasploit-module-research,modules/exploits/windows/browser/ms12_004_midi.rb,1fc35bd251195f7421f5f326bbbff024296e5e95,BID-51292
618921880,Pflegusch/metasploit-module-research,modules/exploits/windows/browser/ms12_004_midi.rb,1fc35bd251195f7421f5f326bbbff024296e5e95,OSVDB-78210
618921880,Pflegusch/metasploit-module-research,modules/exploits/multi/ids/snort_dce_rpc.rb,1fc6e768514a90e3b324f5910ccb60a8aba69c32,CVE-2006-5276
618921880,Pflegusch/metasploit-module-research,modules/exploits/multi/ids/snort_dce_rpc.rb,1fc6e768514a90e3b324f5910ccb60a8aba69c32,OSVDB-32094
618921880,Pflegusch/metasploit-module-research,modules/exploits/windows/brightstor/hsmserver.rb,1fcc2c622d7ff21de307d2541797a5652eda92a0,BID-25823
618921880,Pflegusch/metasploit-module-research,modules/exploits/windows/brightstor/hsmserver.rb,1fcc2c622d7ff21de307d2541797a5652eda92a0,OSVDB-41363
618921880,Pflegusch/metasploit-module-research,modules/exploits/windows/brightstor/hsmserver.rb,1fcc2c622d7ff21de307d2541797a5652eda92a0,CVE-2007-5082
618921880,Pflegusch/metasploit-module-research,modules/exploits/windows/browser/autodesk_idrop.rb,1fce7fa57eaa83801f244a29f27ce88d0e6b4916,BID-34352
618921880,Pflegusch/metasploit-module-research,modules/exploits/windows/browser/autodesk_idrop.rb,1fce7fa57eaa83801f244a29f27ce88d0e6b4916,OSVDB-53265
618921880,Pflegusch/metasploit-module-research,modules/exploits/windows/lpd/wincomlpd_admin.rb,1fd8dfd66e686ce9491c35a1aba44474cb74516a,OSVDB-42861
618921880,Pflegusch/metasploit-module-research,modules/exploits/windows/lpd/wincomlpd_admin.rb,1fd8dfd66e686ce9491c35a1aba44474cb74516a,CVE-2008-5159
618921880,Pflegusch/metasploit-module-research,modules/exploits/windows/lpd/wincomlpd_admin.rb,1fd8dfd66e686ce9491c35a1aba44474cb74516a,BID-27614
618921880,Pflegusch/metasploit-module-research,modules/exploits/windows/fileformat/beetel_netconfig_ini_bof.rb,1fec8c76166c71e661daf246e42ebf3e54f98682,OSVDB-98714
618921880,Pflegusch/metasploit-module-research,modules/auxiliary/admin/ldap/vmware_vcenter_vmdir_auth_bypass.rb,2037d1140f47a9ab7dceef3a8fdaf8ca576d30c3,CVE-2020-3952
618921880,Pflegusch/metasploit-module-research,modules/exploits/windows/misc/citrix_streamprocess_data_msg.rb,20404fcc5d980e7edac62d84c4b08b84f55c9456,BID-49803
618921880,Pflegusch/metasploit-module-research,modules/exploits/windows/misc/citrix_streamprocess_data_msg.rb,20404fcc5d980e7edac62d84c4b08b84f55c9456,OSVDB-75780
618921880,Pflegusch/metasploit-module-research,modules/exploits/unix/webapp/openemr_sqli_privesc_upload.rb,206037296c479ac4789cbe212926f77e88d686aa,OSVDB-97482
618921880,Pflegusch/metasploit-module-research,modules/auxiliary/scanner/http/netdecision_traversal.rb,2063a937571e5557ae1f643a8209e157e66f1660,CVE-2012-1465
618921880,Pflegusch/metasploit-module-research,modules/auxiliary/scanner/http/netdecision_traversal.rb,2063a937571e5557ae1f643a8209e157e66f1660,OSVDB-79863
618921880,Pflegusch/metasploit-module-research,modules/exploits/windows/smb/ms17_010_psexec.rb,208d179a68fa6131b17a6faeb9b150c0a34840b3,CVE-2017-0147
618921880,Pflegusch/metasploit-module-research,modules/exploits/windows/smb/ms17_010_psexec.rb,208d179a68fa6131b17a6faeb9b150c0a34840b3,MS17-010
618921880,Pflegusch/metasploit-module-research,modules/exploits/windows/smb/ms17_010_psexec.rb,208d179a68fa6131b17a6faeb9b150c0a34840b3,CVE-2017-0146
618921880,Pflegusch/metasploit-module-research,modules/exploits/windows/smb/ms17_010_psexec.rb,208d179a68fa6131b17a6faeb9b150c0a34840b3,CVE-2017-0143
618921880,Pflegusch/metasploit-module-research,modules/exploits/multi/misc/bmc_server_automation_rscd_nsh_rce.rb,20958ce9c80e48b15dd8dae70b9b642047687b6d,CVE-2016-1542
618921880,Pflegusch/metasploit-module-research,modules/exploits/multi/misc/bmc_server_automation_rscd_nsh_rce.rb,20958ce9c80e48b15dd8dae70b9b642047687b6d,CVE-2016-1543
618921880,Pflegusch/metasploit-module-research,modules/exploits/windows/fileformat/audio_wkstn_pls.rb,20a84672fee6347f81b97b983796ba0148268594,CVE-2009-0476
618921880,Pflegusch/metasploit-module-research,modules/exploits/windows/fileformat/audio_wkstn_pls.rb,20a84672fee6347f81b97b983796ba0148268594,OSVDB-55424
618921880,Pflegusch/metasploit-module-research,modules/exploits/windows/http/easyftp_list.rb,20b8bc2bb8472a036edc3ffec3eefeb606d6c61b,OSVDB-66614
618921880,Pflegusch/metasploit-module-research,modules/exploits/linux/http/linksys_wvbr0_user_agent_exec_noauth.rb,20c85b12f9ed0e25d82548e1cdc1239608a5f7f4,CVE-2017-17411
618921880,Pflegusch/metasploit-module-research,modules/exploits/windows/local/canon_driver_privesc.rb,20c8cc4c04787cd2e726076bfee4aac46a583f64,CVE-2021-38085
618921880,Pflegusch/metasploit-module-research,modules/auxiliary/scanner/http/apache_activemq_source_disclosure.rb,210eaadedebc91b3bbada8cba41951628e77db1b,BID-39636
618921880,Pflegusch/metasploit-module-research,modules/auxiliary/scanner/http/apache_activemq_source_disclosure.rb,210eaadedebc91b3bbada8cba41951628e77db1b,CVE-2010-1587
618921880,Pflegusch/metasploit-module-research,modules/auxiliary/scanner/http/apache_activemq_source_disclosure.rb,210eaadedebc91b3bbada8cba41951628e77db1b,OSVDB-64020
618921880,Pflegusch/metasploit-module-research,modules/exploits/windows/ftp/easyftp_cwd_fixret.rb,21342c8177f8e59f0fb50f593c877201233cff4b,OSVDB-62134
618921880,Pflegusch/metasploit-module-research,modules/exploits/windows/ftp/easyftp_cwd_fixret.rb,21342c8177f8e59f0fb50f593c877201233cff4b,BID-38262
618921880,Pflegusch/metasploit-module-research,modules/exploits/windows/http/altn_securitygateway.rb,2134aacc25acb7df3c66da40d70273c26c14aa26,OSVDB-45854
618921880,Pflegusch/metasploit-module-research,modules/exploits/windows/http/altn_securitygateway.rb,2134aacc25acb7df3c66da40d70273c26c14aa26,CVE-2008-4193
618921880,Pflegusch/metasploit-module-research,modules/exploits/windows/http/altn_securitygateway.rb,2134aacc25acb7df3c66da40d70273c26c14aa26,BID-29457
618921880,Pflegusch/metasploit-module-research,modules/exploits/windows/tftp/threectftpsvc_long_mode.rb,2176a0fab1988c9ecd81c50790113717632391f9,OSVDB-30758
618921880,Pflegusch/metasploit-module-research,modules/exploits/windows/tftp/threectftpsvc_long_mode.rb,2176a0fab1988c9ecd81c50790113717632391f9,CVE-2006-6183
618921880,Pflegusch/metasploit-module-research,modules/exploits/windows/tftp/threectftpsvc_long_mode.rb,2176a0fab1988c9ecd81c50790113717632391f9,BID-21301
618921880,Pflegusch/metasploit-module-research,modules/exploits/windows/http/sharepoint_ssi_viewstate.rb,21aa59d149ee6e9b0f74ffc2956f978c787e09cd,CVE-2020-16952
618921880,Pflegusch/metasploit-module-research,modules/exploits/linux/http/dlink_dspw215_info_cgi_bof.rb,21ab8b02427d349551e5ca9632885b7708010112,OSVDB-108249
618921880,Pflegusch/metasploit-module-research,modules/exploits/osx/browser/safari_metadata_archive.rb,21f129a2f2b745b97f561ea17a616ae5e2601a9a,OSVDB-23510
618921880,Pflegusch/metasploit-module-research,modules/exploits/osx/browser/safari_metadata_archive.rb,21f129a2f2b745b97f561ea17a616ae5e2601a9a,BID-16736
618921880,Pflegusch/metasploit-module-research,modules/exploits/osx/browser/safari_metadata_archive.rb,21f129a2f2b745b97f561ea17a616ae5e2601a9a,CVE-2006-0848
618921880,Pflegusch/metasploit-module-research,modules/auxiliary/dos/http/novell_file_reporter_heap_bof.rb,222ae64e5b8326f1308bf9e3479e25d1dbf23d6e,CVE-2012-4959
618921880,Pflegusch/metasploit-module-research,modules/auxiliary/dos/http/novell_file_reporter_heap_bof.rb,222ae64e5b8326f1308bf9e3479e25d1dbf23d6e,CVE-2012-4956
618921880,Pflegusch/metasploit-module-research,modules/auxiliary/spoof/arp/arp_poisoning.rb,2256906aee187e57e1e166c49d0e9820df491e12,OSVDB-11169
618921880,Pflegusch/metasploit-module-research,modules/auxiliary/spoof/arp/arp_poisoning.rb,2256906aee187e57e1e166c49d0e9820df491e12,CVE-1999-0667
618921880,Pflegusch/metasploit-module-research,modules/exploits/multi/http/orientdb_exec.rb,225889c4c5d8d72d4cd79ca3c5584f9d5cc77ba0,CVE-2017-11467
618921880,Pflegusch/metasploit-module-research,modules/exploits/windows/http/exchange_proxynotshell_rce.rb,22594f8d9278d46aa867d23a6523a2223b7ea45b,CVE-2022-41040
618921880,Pflegusch/metasploit-module-research,modules/exploits/windows/http/exchange_proxynotshell_rce.rb,22594f8d9278d46aa867d23a6523a2223b7ea45b,CVE-2022-41082
618921880,Pflegusch/metasploit-module-research,modules/exploits/unix/http/pfsense_graph_injection_exec.rb,226c19276e560cdc35487073ad53f4bcf8e838af,CVE-2016-10709
618921880,Pflegusch/metasploit-module-research,modules/exploits/windows/unicenter/cam_log_security.rb,22d63a0fe9fda6c57e5bac5025755e9cb497d52e,CVE-2005-2668
618921880,Pflegusch/metasploit-module-research,modules/exploits/windows/unicenter/cam_log_security.rb,22d63a0fe9fda6c57e5bac5025755e9cb497d52e,OSVDB-18916
618921880,Pflegusch/metasploit-module-research,modules/exploits/windows/unicenter/cam_log_security.rb,22d63a0fe9fda6c57e5bac5025755e9cb497d52e,BID-14622
618921880,Pflegusch/metasploit-module-research,modules/exploits/linux/games/ut2004_secure.rb,22d7590ae82d1b815512acae686d02c2e382b042,OSVDB-7217
618921880,Pflegusch/metasploit-module-research,modules/exploits/linux/games/ut2004_secure.rb,22d7590ae82d1b815512acae686d02c2e382b042,CVE-2004-0608
618921880,Pflegusch/metasploit-module-research,modules/exploits/linux/games/ut2004_secure.rb,22d7590ae82d1b815512acae686d02c2e382b042,BID-10570
618921880,Pflegusch/metasploit-module-research,modules/exploits/unix/fileformat/metasploit_libnotify_cmd_injection.rb,22db0aae7724c8b1f47790ab814cdb749e3ab1ab,CVE-2020-7350
618921880,Pflegusch/metasploit-module-research,modules/auxiliary/scanner/http/hp_imc_ictdownloadservlet_traversal.rb,22e57990605e52c9cd2cb598444664cd70c2b0d5,CVE-2012-5204
618921880,Pflegusch/metasploit-module-research,modules/auxiliary/scanner/http/hp_imc_ictdownloadservlet_traversal.rb,22e57990605e52c9cd2cb598444664cd70c2b0d5,BID-58676
618921880,Pflegusch/metasploit-module-research,modules/auxiliary/scanner/http/hp_imc_ictdownloadservlet_traversal.rb,22e57990605e52c9cd2cb598444664cd70c2b0d5,OSVDB-91029
618921880,Pflegusch/metasploit-module-research,modules/exploits/linux/http/apache_spark_rce_cve_2022_33891.rb,230e4787e1df4ec0e26f87273f542a631146f8ce,CVE-2022-33891
618921880,Pflegusch/metasploit-module-research,modules/exploits/windows/browser/adobe_flash_regex_value.rb,231cd2b65e114a5a69167f42b19a691ec8bcca23,OSVDB-89936
618921880,Pflegusch/metasploit-module-research,modules/exploits/windows/browser/adobe_flash_regex_value.rb,231cd2b65e114a5a69167f42b19a691ec8bcca23,MS13-063
618921880,Pflegusch/metasploit-module-research,modules/exploits/windows/browser/adobe_flash_regex_value.rb,231cd2b65e114a5a69167f42b19a691ec8bcca23,CVE-2013-0634
618921880,Pflegusch/metasploit-module-research,modules/exploits/windows/browser/adobe_flash_regex_value.rb,231cd2b65e114a5a69167f42b19a691ec8bcca23,BID-57787
618921880,Pflegusch/metasploit-module-research,modules/exploits/windows/browser/communicrypt_mail_activex.rb,233426d01cd534b95d1e455b09dcfb47049cd9d4,OSVDB-64839
618921880,Pflegusch/metasploit-module-research,modules/auxiliary/scanner/misc/dvr_config_disclosure.rb,235fa8083ca257200b3d12b940ce52bed1520c68,CVE-2013-1391
618921880,Pflegusch/metasploit-module-research,modules/exploits/multi/http/magento_unserialize.rb,2389b764ce80bc668d463ff26bd63ccaa933d45d,CVE-2016-4010
618921880,Pflegusch/metasploit-module-research,modules/exploits/windows/misc/hp_dataprotector_crs.rb,23aeebf6c3a652d89b4aa08df47fc298f75c16a8,CVE-2013-2333
618921880,Pflegusch/metasploit-module-research,modules/exploits/windows/misc/hp_dataprotector_crs.rb,23aeebf6c3a652d89b4aa08df47fc298f75c16a8,OSVDB-93867
618921880,Pflegusch/metasploit-module-research,modules/exploits/windows/misc/hp_dataprotector_crs.rb,23aeebf6c3a652d89b4aa08df47fc298f75c16a8,BID-60309
618921880,Pflegusch/metasploit-module-research,modules/exploits/multi/fileformat/swagger_param_inject.rb,23be2bd7cc4cdd9c4b29e846218d9d28763e0b18,CVE-2016-5641
618921880,Pflegusch/metasploit-module-research,modules/auxiliary/scanner/vmware/vmware_server_dir_trav.rb,23c0fbf43a7b5344f98b781597d0e822ead154ff,OSVDB-59440
618921880,Pflegusch/metasploit-module-research,modules/auxiliary/scanner/vmware/vmware_server_dir_trav.rb,23c0fbf43a7b5344f98b781597d0e822ead154ff,CVE-2009-3733
618921880,Pflegusch/metasploit-module-research,modules/auxiliary/scanner/vmware/vmware_server_dir_trav.rb,23c0fbf43a7b5344f98b781597d0e822ead154ff,BID-36842
618921880,Pflegusch/metasploit-module-research,modules/exploits/windows/http/sysax_create_folder.rb,23ee4f5169b272559861d56b98d2d89e65c06ea0,CVE-2012-6530
618921880,Pflegusch/metasploit-module-research,modules/exploits/windows/http/sysax_create_folder.rb,23ee4f5169b272559861d56b98d2d89e65c06ea0,OSVDB-82329
618921880,Pflegusch/metasploit-module-research,modules/auxiliary/dos/http/monkey_headers.rb,240dc8d4e81f85106ee6d0716e948849e9eeadf9,BID-60333
618921880,Pflegusch/metasploit-module-research,modules/auxiliary/dos/http/monkey_headers.rb,240dc8d4e81f85106ee6d0716e948849e9eeadf9,CVE-2013-3843
618921880,Pflegusch/metasploit-module-research,modules/auxiliary/dos/http/monkey_headers.rb,240dc8d4e81f85106ee6d0716e948849e9eeadf9,OSVDB-93853
618921880,Pflegusch/metasploit-module-research,modules/exploits/windows/emc/alphastor_device_manager_exec.rb,2418dbe6ef4535e6e3757e9793b4fcfefcb7db6d,CVE-2013-0928
618921880,Pflegusch/metasploit-module-research,modules/exploits/windows/telnet/goodtech_telnet.rb,242337f1949a14fcdca3488da4c331bee6021b8f,CVE-2005-0768
618921880,Pflegusch/metasploit-module-research,modules/exploits/windows/telnet/goodtech_telnet.rb,242337f1949a14fcdca3488da4c331bee6021b8f,BID-12815
618921880,Pflegusch/metasploit-module-research,modules/exploits/windows/telnet/goodtech_telnet.rb,242337f1949a14fcdca3488da4c331bee6021b8f,OSVDB-14806
618921880,Pflegusch/metasploit-module-research,modules/auxiliary/scanner/snmp/arris_dg950.rb,242429ccb1b4f986edd663bdd067e99ef125d6c9,CVE-2014-4863
618921880,Pflegusch/metasploit-module-research,modules/auxiliary/scanner/snmp/arris_dg950.rb,242429ccb1b4f986edd663bdd067e99ef125d6c9,CVE-2014-4862
618921880,Pflegusch/metasploit-module-research,modules/exploits/unix/http/quest_kace_systems_management_rce.rb,24941ac21e1c670c70d86d09ded669b88db29cd6,CVE-2018-11138
618921880,Pflegusch/metasploit-module-research,modules/exploits/linux/misc/ib_open_marker_file.rb,24b1a823a15e5b3ba93fac63b1e023cf4ead619e,CVE-2007-5244
618921880,Pflegusch/metasploit-module-research,modules/exploits/linux/misc/ib_open_marker_file.rb,24b1a823a15e5b3ba93fac63b1e023cf4ead619e,OSVDB-38610
618921880,Pflegusch/metasploit-module-research,modules/exploits/linux/misc/ib_open_marker_file.rb,24b1a823a15e5b3ba93fac63b1e023cf4ead619e,BID-25917
618921880,Pflegusch/metasploit-module-research,modules/exploits/windows/http/amlibweb_webquerydll_app.rb,24c80a7408014d52d60fc32aeb1d30282a6a8333,BID-42293
618921880,Pflegusch/metasploit-module-research,modules/exploits/windows/http/amlibweb_webquerydll_app.rb,24c80a7408014d52d60fc32aeb1d30282a6a8333,OSVDB-66814
618921880,Pflegusch/metasploit-module-research,modules/exploits/windows/fileformat/icofx_bof.rb,253737512bf329f0fc4faff49b808d761f505871,CVE-2013-4988
618921880,Pflegusch/metasploit-module-research,modules/exploits/windows/fileformat/icofx_bof.rb,253737512bf329f0fc4faff49b808d761f505871,OSVDB-100826
618921880,Pflegusch/metasploit-module-research,modules/exploits/windows/fileformat/icofx_bof.rb,253737512bf329f0fc4faff49b808d761f505871,BID-64221
618921880,Pflegusch/metasploit-module-research,modules/exploits/linux/http/symantec_web_gateway_exec.rb,257826f838ad6cd88e5ffb11f4d70ea2cbf4fd96,OSVDB-82925
618921880,Pflegusch/metasploit-module-research,modules/exploits/linux/http/symantec_web_gateway_exec.rb,257826f838ad6cd88e5ffb11f4d70ea2cbf4fd96,BID-53444
618921880,Pflegusch/metasploit-module-research,modules/exploits/linux/http/symantec_web_gateway_exec.rb,257826f838ad6cd88e5ffb11f4d70ea2cbf4fd96,CVE-2012-0297
618921880,Pflegusch/metasploit-module-research,modules/exploits/linux/misc/hp_jetdirect_path_traversal.rb,259015a5c1e346605e83e9249eb3ec1339581828,CVE-2017-2741
618921880,Pflegusch/metasploit-module-research,modules/exploits/multi/samba/usermap_script.rb,259995794cdacbc72d753ab6239ce47f1aa71feb,BID-23972
618921880,Pflegusch/metasploit-module-research,modules/exploits/multi/samba/usermap_script.rb,259995794cdacbc72d753ab6239ce47f1aa71feb,OSVDB-34700
618921880,Pflegusch/metasploit-module-research,modules/exploits/multi/samba/usermap_script.rb,259995794cdacbc72d753ab6239ce47f1aa71feb,CVE-2007-2447
618921880,Pflegusch/metasploit-module-research,modules/exploits/multi/http/manageengine_adselfservice_plus_saml_rce_cve_2022_47966.rb,259af44fda6d639cd0f4499a2a283be7d89e413c,CVE-2022-47966
618921880,Pflegusch/metasploit-module-research,modules/exploits/linux/local/vmwgfx_fd_priv_esc.rb,259f0af6a81464f33f5a0da519e5e3a06cc8c928,CVE-2022-22942
618921880,Pflegusch/metasploit-module-research,modules/exploits/linux/http/f5_icontrol_rpmspec_rce_cve_2022_41800.rb,25e1f24795d5b6e95ee6310605b4a147d8dca8f3,CVE-2022-41800
618921880,Pflegusch/metasploit-module-research,modules/exploits/linux/http/f5_icontrol_rpmspec_rce_cve_2022_41800.rb,25e1f24795d5b6e95ee6310605b4a147d8dca8f3,CVE-2022-41622
618921880,Pflegusch/metasploit-module-research,modules/auxiliary/gather/android_htmlfileprovider.rb,25ed66fc3d15ac271658c6a063df40821781e319,CVE-2010-4804
618921880,Pflegusch/metasploit-module-research,modules/exploits/windows/http/umbraco_upload_aspx.rb,25f962eb49599037b43dd5ea01e652d22400356e,OSVDB-83765
618921880,Pflegusch/metasploit-module-research,modules/auxiliary/scanner/http/smt_ipmi_cgi_scanner.rb,25ff434612ad1f383613c5aeb60f356c4af37d2f,CVE-2013-3623
618921880,Pflegusch/metasploit-module-research,modules/auxiliary/scanner/http/smt_ipmi_cgi_scanner.rb,25ff434612ad1f383613c5aeb60f356c4af37d2f,CVE-2013-3621
618921880,Pflegusch/metasploit-module-research,modules/exploits/multi/http/mediawiki_thumb.rb,263ba6fd1fa92a1f743b7a038f605e691429975d,OSVDB-102630
618921880,Pflegusch/metasploit-module-research,modules/exploits/multi/http/mediawiki_thumb.rb,263ba6fd1fa92a1f743b7a038f605e691429975d,CVE-2014-1610
618921880,Pflegusch/metasploit-module-research,modules/exploits/unix/http/epmp1000_ping_cmd_shell.rb,2643c872ee170ae2767958f6a27b70c2049b1176,CVE-2017-5255
618921880,Pflegusch/metasploit-module-research,modules/auxiliary/admin/vxworks/wdbrpc_reboot.rb,266401c5bbc7b4afa00c278d8ef96cfae6712e79,OSVDB-66842
618921880,Pflegusch/metasploit-module-research,modules/exploits/multi/http/solarwinds_store_manager_auth_filter.rb,266d816421b2cae663a536d06e8e579f2b46e418,CVE-2015-5371
618921880,Pflegusch/metasploit-module-research,modules/exploits/windows/browser/ms10_046_shortcut_icon_dllloader.rb,266d8224460a7e35e573bba891df0713a8c2bb93,CVE-2010-2568
618921880,Pflegusch/metasploit-module-research,modules/exploits/windows/browser/ms10_046_shortcut_icon_dllloader.rb,266d8224460a7e35e573bba891df0713a8c2bb93,MS10-046
618921880,Pflegusch/metasploit-module-research,modules/exploits/windows/browser/ms10_046_shortcut_icon_dllloader.rb,266d8224460a7e35e573bba891df0713a8c2bb93,OSVDB-66387
618921880,Pflegusch/metasploit-module-research,modules/auxiliary/admin/http/wp_google_maps_sqli.rb,267f1362c65e26d63031dc33cdbba7687814929a,CVE-2019-10692
618921880,Pflegusch/metasploit-module-research,modules/auxiliary/dos/windows/smtp/ms06_019_exchange.rb,2684fc327c76a13a225b089e5a699ad20e4e97eb,MS06-019
618921880,Pflegusch/metasploit-module-research,modules/auxiliary/dos/windows/smtp/ms06_019_exchange.rb,2684fc327c76a13a225b089e5a699ad20e4e97eb,CVE-2006-0027
618921880,Pflegusch/metasploit-module-research,modules/auxiliary/dos/windows/smtp/ms06_019_exchange.rb,2684fc327c76a13a225b089e5a699ad20e4e97eb,BID-17908
618921880,Pflegusch/metasploit-module-research,modules/exploits/multi/browser/firefox_webidl_injection.rb,26b27dd21f39d3c1b95af03d5064116c09528df0,CVE-2014-1510
618921880,Pflegusch/metasploit-module-research,modules/exploits/multi/browser/firefox_webidl_injection.rb,26b27dd21f39d3c1b95af03d5064116c09528df0,CVE-2014-1511
618921880,Pflegusch/metasploit-module-research,modules/exploits/linux/http/librenms_collectd_cmd_inject.rb,26b3fb5c93b9fd9805aeba638896f5b31b7631b9,CVE-2019-10669
618921880,Pflegusch/metasploit-module-research,modules/exploits/linux/local/hp_xglance_priv_esc.rb,26ccbddebaad7da90495c626cfcedf578223f029,CVE-2014-2630
618921880,Pflegusch/metasploit-module-research,modules/auxiliary/scanner/http/litespeed_source_disclosure.rb,2727532b395de5280cfa07bbd343f4980c3a9c8d,CVE-2010-2333
618921880,Pflegusch/metasploit-module-research,modules/auxiliary/scanner/http/litespeed_source_disclosure.rb,2727532b395de5280cfa07bbd343f4980c3a9c8d,OSVDB-65476
618921880,Pflegusch/metasploit-module-research,modules/auxiliary/scanner/http/litespeed_source_disclosure.rb,2727532b395de5280cfa07bbd343f4980c3a9c8d,BID-40815
618921880,Pflegusch/metasploit-module-research,modules/auxiliary/admin/db2/db2rcmd.rb,27303a632493fdaa9c38686563fd2b762d353db9,OSVDB-4180
618921880,Pflegusch/metasploit-module-research,modules/auxiliary/admin/db2/db2rcmd.rb,27303a632493fdaa9c38686563fd2b762d353db9,CVE-2004-0795
618921880,Pflegusch/metasploit-module-research,modules/auxiliary/admin/db2/db2rcmd.rb,27303a632493fdaa9c38686563fd2b762d353db9,BID-9821
618921880,Pflegusch/metasploit-module-research,modules/auxiliary/sqli/oracle/lt_removeworkspace.rb,273f66a677468a7463dd496d7cda72413fec78d8,CVE-2008-3984
618921880,Pflegusch/metasploit-module-research,modules/auxiliary/sqli/oracle/lt_removeworkspace.rb,273f66a677468a7463dd496d7cda72413fec78d8,OSVDB-49326
618921880,Pflegusch/metasploit-module-research,modules/exploits/windows/imap/mdaemon_cram_md5.rb,2749c0c9b644d77f3ba9f449ef2c95876aa62788,OSVDB-11838
618921880,Pflegusch/metasploit-module-research,modules/exploits/windows/imap/mdaemon_cram_md5.rb,2749c0c9b644d77f3ba9f449ef2c95876aa62788,CVE-2004-1520
618921880,Pflegusch/metasploit-module-research,modules/exploits/windows/imap/mdaemon_cram_md5.rb,2749c0c9b644d77f3ba9f449ef2c95876aa62788,BID-11675
618921880,Pflegusch/metasploit-module-research,modules/exploits/multi/misc/arkeia_agent_exec.rb,277b6f96b73bb2a1929a03fc5fdbf22c6ecfb763,CVE-2015-7709
618921880,Pflegusch/metasploit-module-research,modules/exploits/windows/browser/ntr_activex_stopmodule.rb,2780b03c0fc16c74a9afd825e51e5d5b75ebe6d8,CVE-2012-0267
618921880,Pflegusch/metasploit-module-research,modules/exploits/windows/browser/ntr_activex_stopmodule.rb,2780b03c0fc16c74a9afd825e51e5d5b75ebe6d8,BID-51374
618921880,Pflegusch/metasploit-module-research,modules/exploits/windows/browser/ntr_activex_stopmodule.rb,2780b03c0fc16c74a9afd825e51e5d5b75ebe6d8,OSVDB-78253
618921880,Pflegusch/metasploit-module-research,modules/exploits/windows/http/advantech_iview_unauth_rce.rb,278e6a2d8722f3baa478f9167e66c3d7140f73e4,CVE-2021-22652
618921880,Pflegusch/metasploit-module-research,modules/exploits/unix/webapp/wp_symposium_shell_upload.rb,279a4c6761d0f443b4b18317f1fe8f33845b1c47,OSVDB-116046
618921880,Pflegusch/metasploit-module-research,modules/exploits/windows/novell/zenworks_preboot_op6c_bof.rb,27d00363599364226b60e5fa3c3e075dafeaa6dc,BID-52659
618921880,Pflegusch/metasploit-module-research,modules/exploits/windows/novell/zenworks_preboot_op6c_bof.rb,27d00363599364226b60e5fa3c3e075dafeaa6dc,CVE-2011-3175
618921880,Pflegusch/metasploit-module-research,modules/exploits/windows/novell/zenworks_preboot_op6c_bof.rb,27d00363599364226b60e5fa3c3e075dafeaa6dc,OSVDB-80231
618921880,Pflegusch/metasploit-module-research,modules/exploits/windows/http/mdaemon_worldclient_form2raw.rb,27d6797072e757c4fafa6ddc76355fc2bdda98bd,CVE-2003-1200
618921880,Pflegusch/metasploit-module-research,modules/exploits/windows/http/mdaemon_worldclient_form2raw.rb,27d6797072e757c4fafa6ddc76355fc2bdda98bd,OSVDB-3255
618921880,Pflegusch/metasploit-module-research,modules/exploits/windows/http/mdaemon_worldclient_form2raw.rb,27d6797072e757c4fafa6ddc76355fc2bdda98bd,BID-9317
618921880,Pflegusch/metasploit-module-research,modules/exploits/linux/http/trueonline_p660hn_v1_rce.rb,27facc88e92a95ebf0c4771005d38150bd6e0e9e,CVE-2017-18368
618921880,Pflegusch/metasploit-module-research,modules/auxiliary/scanner/http/log4shell_scanner.rb,2801811e85bf86522ed318ee80fcae969a371a49,CVE-2021-45046
618921880,Pflegusch/metasploit-module-research,modules/auxiliary/scanner/http/log4shell_scanner.rb,2801811e85bf86522ed318ee80fcae969a371a49,CVE-2021-44228
618921880,Pflegusch/metasploit-module-research,modules/exploits/multi/veritas/beagent_sha_auth_rce.rb,2837f7496584e1814aa21abe2ba13197b77304c8,CVE-2021-27878
618921880,Pflegusch/metasploit-module-research,modules/exploits/multi/veritas/beagent_sha_auth_rce.rb,2837f7496584e1814aa21abe2ba13197b77304c8,CVE-2021-27877
618921880,Pflegusch/metasploit-module-research,modules/exploits/multi/veritas/beagent_sha_auth_rce.rb,2837f7496584e1814aa21abe2ba13197b77304c8,CVE-2021-27876
618921880,Pflegusch/metasploit-module-research,modules/exploits/multi/http/sun_jsws_dav_options.rb,283e50d321878cdf9b686bc3847f44873c01abc4,OSVDB-61851
618921880,Pflegusch/metasploit-module-research,modules/exploits/multi/http/sun_jsws_dav_options.rb,283e50d321878cdf9b686bc3847f44873c01abc4,CVE-2010-0361
618921880,Pflegusch/metasploit-module-research,modules/exploits/linux/local/sudo_baron_samedit.rb,28541b568a264ffe910656bfe73caa1285985ea0,CVE-2021-3156
618921880,Pflegusch/metasploit-module-research,modules/exploits/windows/novell/zenworks_preboot_op4c_bof.rb,28767171abe5b9603b2426c8f3f674dd6e5cff5f,OSVDB-80231
618921880,Pflegusch/metasploit-module-research,modules/exploits/windows/novell/zenworks_preboot_op4c_bof.rb,28767171abe5b9603b2426c8f3f674dd6e5cff5f,CVE-2011-3176
618921880,Pflegusch/metasploit-module-research,modules/exploits/windows/novell/zenworks_preboot_op4c_bof.rb,28767171abe5b9603b2426c8f3f674dd6e5cff5f,BID-52659
618921880,Pflegusch/metasploit-module-research,modules/auxiliary/admin/http/cnpilot_r_cmd_exec.rb,2884c11031219d46d1b00d0fd10459c22238df0a,CVE-2017-5259
618921880,Pflegusch/metasploit-module-research,modules/exploits/linux/local/ktsuss_suid_priv_esc.rb,28a62bf181ffad7da41b0133d7621e2e6962d12c,CVE-2011-2921
618921880,Pflegusch/metasploit-module-research,modules/exploits/windows/smb/ms06_025_rras.rb,28a6abd796ccfd74f0e6a01fd2dbe93badba550e,MS06-025
618921880,Pflegusch/metasploit-module-research,modules/exploits/windows/smb/ms06_025_rras.rb,28a6abd796ccfd74f0e6a01fd2dbe93badba550e,CVE-2006-2370
618921880,Pflegusch/metasploit-module-research,modules/exploits/windows/smb/ms06_025_rras.rb,28a6abd796ccfd74f0e6a01fd2dbe93badba550e,BID-18325
618921880,Pflegusch/metasploit-module-research,modules/exploits/windows/smb/ms06_025_rras.rb,28a6abd796ccfd74f0e6a01fd2dbe93badba550e,OSVDB-26437
618921880,Pflegusch/metasploit-module-research,modules/auxiliary/scanner/http/exchange_proxylogon.rb,28ad82a5dfa344dadb828ee1a8835049441ee2cf,CVE-2021-27065
618921880,Pflegusch/metasploit-module-research,modules/auxiliary/scanner/http/exchange_proxylogon.rb,28ad82a5dfa344dadb828ee1a8835049441ee2cf,CVE-2021-26855
618921880,Pflegusch/metasploit-module-research,modules/auxiliary/scanner/udp/example.rb,28c85dcfb7ac650db74a936dfdedfd2c8da3e8ba,CVE-0000-0000
618921880,Pflegusch/metasploit-module-research,modules/exploits/windows/browser/winamp_playlist_unc.rb,28d78ed37ec164de9aee88285fb897e020c5bc23,BID-16410
618921880,Pflegusch/metasploit-module-research,modules/exploits/windows/browser/winamp_playlist_unc.rb,28d78ed37ec164de9aee88285fb897e020c5bc23,OSVDB-22789
618921880,Pflegusch/metasploit-module-research,modules/exploits/windows/browser/winamp_playlist_unc.rb,28d78ed37ec164de9aee88285fb897e020c5bc23,CVE-2006-0476
618921880,Pflegusch/metasploit-module-research,modules/exploits/multi/http/zpanel_information_disclosure_rce.rb,28ec1093a98891790a9b495f5606db36bfc67ffa,OSVDB-102595
618921880,Pflegusch/metasploit-module-research,modules/exploits/windows/browser/creative_software_cachefolder.rb,28f28d70eb99c1e3fc8ab1b1e403900c037fbaf2,OSVDB-45655
618921880,Pflegusch/metasploit-module-research,modules/exploits/windows/browser/creative_software_cachefolder.rb,28f28d70eb99c1e3fc8ab1b1e403900c037fbaf2,CVE-2008-0955
618921880,Pflegusch/metasploit-module-research,modules/exploits/windows/nimsoft/nimcontroller_bof.rb,28f4dd6a05780b7dcec07ebec2c2f882044f157b,CVE-2020-8012
618921880,Pflegusch/metasploit-module-research,modules/exploits/windows/nimsoft/nimcontroller_bof.rb,28f4dd6a05780b7dcec07ebec2c2f882044f157b,CVE-2020-8010
618921880,Pflegusch/metasploit-module-research,modules/exploits/linux/http/centreon_sqli_exec.rb,2904d0e80a100743d5b24eb485c13eea9ec1b697,CVE-2014-3828
618921880,Pflegusch/metasploit-module-research,modules/exploits/linux/http/centreon_sqli_exec.rb,2904d0e80a100743d5b24eb485c13eea9ec1b697,CVE-2014-3829
618921880,Pflegusch/metasploit-module-research,modules/exploits/windows/http/syncbreeze_bof.rb,291d5e930969bb14d4ad898a1b68eab8059e8d98,CVE-2017-14980
618921880,Pflegusch/metasploit-module-research,modules/exploits/windows/fileformat/ezip_wizard_bof.rb,294859201e887cd4caaddbddf406f6dbd4b1867f,OSVDB-52815
618921880,Pflegusch/metasploit-module-research,modules/exploits/windows/fileformat/ezip_wizard_bof.rb,294859201e887cd4caaddbddf406f6dbd4b1867f,CVE-2009-1028
618921880,Pflegusch/metasploit-module-research,modules/exploits/windows/fileformat/ezip_wizard_bof.rb,294859201e887cd4caaddbddf406f6dbd4b1867f,BID-34044
618921880,Pflegusch/metasploit-module-research,modules/auxiliary/sqli/oracle/lt_rollbackworkspace.rb,29642e87f73dc4fe8f57ecb3801c57697e8b2c63,CVE-2009-0978
618921880,Pflegusch/metasploit-module-research,modules/auxiliary/sqli/oracle/lt_rollbackworkspace.rb,29642e87f73dc4fe8f57ecb3801c57697e8b2c63,OSVDB-53734
618921880,Pflegusch/metasploit-module-research,modules/exploits/windows/http/manageengine_adaudit_plus_cve_2022_28219.rb,2980da934cab6fb0603f032a1313248518885181,CVE-2022-28219
618921880,Pflegusch/metasploit-module-research,modules/exploits/windows/fileformat/irfanview_jpeg2000_bof.rb,2982ee713102863d6cabf9bc04c82ecbed06b43a,CVE-2012-0897
618921880,Pflegusch/metasploit-module-research,modules/exploits/windows/fileformat/irfanview_jpeg2000_bof.rb,2982ee713102863d6cabf9bc04c82ecbed06b43a,BID-51426
618921880,Pflegusch/metasploit-module-research,modules/exploits/windows/fileformat/irfanview_jpeg2000_bof.rb,2982ee713102863d6cabf9bc04c82ecbed06b43a,OSVDB-78333
618921880,Pflegusch/metasploit-module-research,modules/exploits/windows/http/kaseya_uploader.rb,29a0cd306a11dcd50ff30c850eff2d45b45c0b45,CVE-2015-6922
618921880,Pflegusch/metasploit-module-research,modules/exploits/multi/browser/mozilla_compareto.rb,2a08ff5558dbb07fd14eaa374626aa5f53b65a68,BID-14242
618921880,Pflegusch/metasploit-module-research,modules/exploits/multi/browser/mozilla_compareto.rb,2a08ff5558dbb07fd14eaa374626aa5f53b65a68,CVE-2005-2265
618921880,Pflegusch/metasploit-module-research,modules/exploits/multi/browser/mozilla_compareto.rb,2a08ff5558dbb07fd14eaa374626aa5f53b65a68,OSVDB-17968
618921880,Pflegusch/metasploit-module-research,modules/auxiliary/dos/windows/smb/ms09_001_write.rb,2a237cc37d8808ffee43b6da43acf578e182384b,OSVDB-48153
618921880,Pflegusch/metasploit-module-research,modules/auxiliary/dos/windows/smb/ms09_001_write.rb,2a237cc37d8808ffee43b6da43acf578e182384b,BID-31179
618921880,Pflegusch/metasploit-module-research,modules/auxiliary/dos/windows/smb/ms09_001_write.rb,2a237cc37d8808ffee43b6da43acf578e182384b,MS09-001
618921880,Pflegusch/metasploit-module-research,modules/auxiliary/dos/windows/smb/ms09_001_write.rb,2a237cc37d8808ffee43b6da43acf578e182384b,CVE-2008-4114
618921880,Pflegusch/metasploit-module-research,modules/auxiliary/gather/browser_lanipleak.rb,2a2eae1ec353d2e6109377e0fec45608d9ab8039,CVE-2018-6849
618921880,Pflegusch/metasploit-module-research,modules/exploits/linux/local/vcenter_java_wrapper_vmon_priv_esc.rb,2a53883d47d1c2f494081684125a2e7c919b6889,CVE-2021-22015
618921880,Pflegusch/metasploit-module-research,modules/exploits/windows/http/bea_weblogic_post_bof.rb,2a5802a0440cb1e27426deaabb2f9b2aee171dcf,OSVDB-47096
618921880,Pflegusch/metasploit-module-research,modules/exploits/windows/http/bea_weblogic_post_bof.rb,2a5802a0440cb1e27426deaabb2f9b2aee171dcf,BID-30273
618921880,Pflegusch/metasploit-module-research,modules/exploits/windows/http/bea_weblogic_post_bof.rb,2a5802a0440cb1e27426deaabb2f9b2aee171dcf,CVE-2008-3257
618921880,Pflegusch/metasploit-module-research,modules/exploits/multi/http/bassmaster_js_injection.rb,2a5da7a41657e293456697ad23a060dfd01d3159,CVE-2014-7205
618921880,Pflegusch/metasploit-module-research,modules/exploits/multi/http/polarcms_upload_exec.rb,2a7c5ed518b7d2b0a4a961dd10247e39c1088614,OSVDB-90627
618921880,Pflegusch/metasploit-module-research,modules/exploits/multi/http/polarcms_upload_exec.rb,2a7c5ed518b7d2b0a4a961dd10247e39c1088614,CVE-2013-0803
618921880,Pflegusch/metasploit-module-research,modules/exploits/linux/local/vmware_mount.rb,2a8756ff6afb6420b27c68065a1f5d3ae1e9faf4,OSVDB-96588
618921880,Pflegusch/metasploit-module-research,modules/exploits/linux/local/vmware_mount.rb,2a8756ff6afb6420b27c68065a1f5d3ae1e9faf4,BID-61966
618921880,Pflegusch/metasploit-module-research,modules/exploits/linux/local/vmware_mount.rb,2a8756ff6afb6420b27c68065a1f5d3ae1e9faf4,CVE-2013-1662
618921880,Pflegusch/metasploit-module-research,modules/exploits/linux/http/symantec_web_gateway_lfi.rb,2a94995c2db26a5308f89182f02fe165943e47bb,OSVDB-82023
618921880,Pflegusch/metasploit-module-research,modules/exploits/linux/http/symantec_web_gateway_lfi.rb,2a94995c2db26a5308f89182f02fe165943e47bb,CVE-2012-0297
618921880,Pflegusch/metasploit-module-research,modules/exploits/windows/games/mohaa_getinfo.rb,2a9be8e6804d0cb3a49493ca4841da136717d222,OSVDB-8061
618921880,Pflegusch/metasploit-module-research,modules/exploits/windows/games/mohaa_getinfo.rb,2a9be8e6804d0cb3a49493ca4841da136717d222,BID-10743
618921880,Pflegusch/metasploit-module-research,modules/exploits/windows/games/mohaa_getinfo.rb,2a9be8e6804d0cb3a49493ca4841da136717d222,CVE-2004-0735
618921880,Pflegusch/metasploit-module-research,modules/auxiliary/admin/emc/alphastor_devicemanager_exec.rb,2aa68a23589e25e59290e2050cb2c7c5357198ff,OSVDB-45715
618921880,Pflegusch/metasploit-module-research,modules/auxiliary/admin/emc/alphastor_devicemanager_exec.rb,2aa68a23589e25e59290e2050cb2c7c5357198ff,CVE-2008-2157
618921880,Pflegusch/metasploit-module-research,modules/auxiliary/admin/emc/alphastor_devicemanager_exec.rb,2aa68a23589e25e59290e2050cb2c7c5357198ff,BID-29398
618921880,Pflegusch/metasploit-module-research,modules/auxiliary/scanner/http/http_sickrage_password_leak.rb,2ad284c5291e8d087dc2d907bea1925f683b5819,CVE-2018-9160
618921880,Pflegusch/metasploit-module-research,modules/exploits/multi/http/atutor_sqli.rb,2b12599acf3614ace696057facda55dd5fae7ef6,CVE-2016-2555
618921880,Pflegusch/metasploit-module-research,modules/exploits/unix/webapp/nagios3_history_cgi.rb,2b2aba37c896a6412072118a92d3f379ec18f1b8,CVE-2012-6096
618921880,Pflegusch/metasploit-module-research,modules/exploits/unix/webapp/nagios3_history_cgi.rb,2b2aba37c896a6412072118a92d3f379ec18f1b8,OSVDB-88322
618921880,Pflegusch/metasploit-module-research,modules/exploits/unix/webapp/nagios3_history_cgi.rb,2b2aba37c896a6412072118a92d3f379ec18f1b8,BID-56879
618921880,Pflegusch/metasploit-module-research,modules/exploits/irix/lpd/tagprinter_exec.rb,2b78e4a7ba3e8613b7691d67d0208e6250d9bd5e,OSVDB-8573
618921880,Pflegusch/metasploit-module-research,modules/exploits/irix/lpd/tagprinter_exec.rb,2b78e4a7ba3e8613b7691d67d0208e6250d9bd5e,CVE-2001-0800
618921880,Pflegusch/metasploit-module-research,modules/exploits/windows/license/calicserv_getconfig.rb,2b9f86cd57fde6e3bf37cc4f182dce6ffb8e3be3,CVE-2005-0581
618921880,Pflegusch/metasploit-module-research,modules/exploits/windows/license/calicserv_getconfig.rb,2b9f86cd57fde6e3bf37cc4f182dce6ffb8e3be3,OSVDB-14389
618921880,Pflegusch/metasploit-module-research,modules/exploits/windows/license/calicserv_getconfig.rb,2b9f86cd57fde6e3bf37cc4f182dce6ffb8e3be3,BID-12705
618921880,Pflegusch/metasploit-module-research,modules/auxiliary/admin/emc/alphastor_librarymanager_exec.rb,2bb298da1c4cda946db3858c79ffb182c66c856f,CVE-2008-2157
618921880,Pflegusch/metasploit-module-research,modules/auxiliary/admin/emc/alphastor_librarymanager_exec.rb,2bb298da1c4cda946db3858c79ffb182c66c856f,OSVDB-45715
618921880,Pflegusch/metasploit-module-research,modules/auxiliary/admin/emc/alphastor_librarymanager_exec.rb,2bb298da1c4cda946db3858c79ffb182c66c856f,BID-29398
618921880,Pflegusch/metasploit-module-research,modules/exploits/windows/tftp/tftpd32_long_filename.rb,2bb558b30f33e3a43c307ac904cb52a3c131ca53,CVE-2002-2226
618921880,Pflegusch/metasploit-module-research,modules/exploits/windows/tftp/tftpd32_long_filename.rb,2bb558b30f33e3a43c307ac904cb52a3c131ca53,BID-6199
618921880,Pflegusch/metasploit-module-research,modules/exploits/windows/tftp/tftpd32_long_filename.rb,2bb558b30f33e3a43c307ac904cb52a3c131ca53,OSVDB-45903
618921880,Pflegusch/metasploit-module-research,modules/exploits/multi/http/gogs_git_hooks_rce.rb,2be2acdff68f29ea982d575ef6d0713a8052d3a2,CVE-2020-14144
618921880,Pflegusch/metasploit-module-research,modules/exploits/multi/http/gogs_git_hooks_rce.rb,2be2acdff68f29ea982d575ef6d0713a8052d3a2,CVE-2020-15867
618921880,Pflegusch/metasploit-module-research,modules/exploits/linux/http/f5_icontrol_soap_csrf_rce_cve_2022_41622.rb,2bef9891932429325ec3b8cd0791989074e56829,CVE-2022-41622
618921880,Pflegusch/metasploit-module-research,modules/exploits/linux/http/f5_icontrol_soap_csrf_rce_cve_2022_41622.rb,2bef9891932429325ec3b8cd0791989074e56829,CVE-2022-41800
618921880,Pflegusch/metasploit-module-research,modules/exploits/multi/http/wp_plugin_elementor_auth_upload_rce.rb,2bf8f28644b6504b55b743a592b94fe16908b032,CVE-2022-1329
618921880,Pflegusch/metasploit-module-research,modules/auxiliary/dos/windows/http/pi3web_isapi.rb,2c109c8093c6e823071311eb6041408061cd8ff2,CVE-2008-6938
618921880,Pflegusch/metasploit-module-research,modules/auxiliary/dos/windows/http/pi3web_isapi.rb,2c109c8093c6e823071311eb6041408061cd8ff2,OSVDB-49998
618921880,Pflegusch/metasploit-module-research,modules/auxiliary/scanner/ntp/ntp_nak_to_the_future.rb,2c39b57ac709fdfcb7fa3de2a5db9587776fa180,CVE-2015-7871
618921880,Pflegusch/metasploit-module-research,modules/auxiliary/dos/dhcp/isc_dhcpd_clientid.rb,2c3c452b01ec8309a27daaeadce0fbdd590c9460,CVE-2010-2156
618921880,Pflegusch/metasploit-module-research,modules/auxiliary/dos/dhcp/isc_dhcpd_clientid.rb,2c3c452b01ec8309a27daaeadce0fbdd590c9460,OSVDB-65246
618921880,Pflegusch/metasploit-module-research,modules/auxiliary/scanner/http/apache_normalize_path.rb,2c9ad4fbd37772243f457303ee88fd916d0de539,CVE-2021-42013
618921880,Pflegusch/metasploit-module-research,modules/auxiliary/scanner/http/apache_normalize_path.rb,2c9ad4fbd37772243f457303ee88fd916d0de539,CVE-2021-41773
618921880,Pflegusch/metasploit-module-research,modules/exploits/unix/webapp/wp_lastpost_exec.rb,2cc6789dff17cd2261dcba51dacd923b8c545b96,BID-14533
618921880,Pflegusch/metasploit-module-research,modules/exploits/unix/webapp/wp_lastpost_exec.rb,2cc6789dff17cd2261dcba51dacd923b8c545b96,CVE-2005-2612
618921880,Pflegusch/metasploit-module-research,modules/exploits/unix/webapp/wp_lastpost_exec.rb,2cc6789dff17cd2261dcba51dacd923b8c545b96,OSVDB-18672
618921880,Pflegusch/metasploit-module-research,modules/exploits/linux/imap/imap_uw_lsub.rb,2cfae03a651e36fb735756ae1ca0162a4c62309c,OSVDB-12037
618921880,Pflegusch/metasploit-module-research,modules/exploits/linux/imap/imap_uw_lsub.rb,2cfae03a651e36fb735756ae1ca0162a4c62309c,CVE-2000-0284
618921880,Pflegusch/metasploit-module-research,modules/exploits/linux/imap/imap_uw_lsub.rb,2cfae03a651e36fb735756ae1ca0162a4c62309c,BID-1110
618921880,Pflegusch/metasploit-module-research,modules/auxiliary/gather/flash_rosetta_jsonp_url_disclosure.rb,2d0368b5aed031179c5862cbab4c159fc3fd56cc,CVE-2014-4671
618921880,Pflegusch/metasploit-module-research,modules/auxiliary/scanner/http/wangkongbao_traversal.rb,2d06524c81e5bc9c7e106665bf170dd56ce9cfe4,CVE-2012-4031
618921880,Pflegusch/metasploit-module-research,modules/exploits/windows/fileformat/csound_getnum_bof.rb,2d0716b6b64c515d9411e1385dbc76165a16a55f,OSVDB-79491
618921880,Pflegusch/metasploit-module-research,modules/exploits/windows/fileformat/csound_getnum_bof.rb,2d0716b6b64c515d9411e1385dbc76165a16a55f,BID-52144
618921880,Pflegusch/metasploit-module-research,modules/exploits/windows/fileformat/csound_getnum_bof.rb,2d0716b6b64c515d9411e1385dbc76165a16a55f,CVE-2012-0270
618921880,Pflegusch/metasploit-module-research,modules/auxiliary/admin/vnc/realvnc_41_bypass.rb,2d7cbe5a0a11178e71f95514b0567c2efe2fd6dd,CVE-2006-2369
618921880,Pflegusch/metasploit-module-research,modules/auxiliary/admin/vnc/realvnc_41_bypass.rb,2d7cbe5a0a11178e71f95514b0567c2efe2fd6dd,OSVDB-25479
618921880,Pflegusch/metasploit-module-research,modules/auxiliary/admin/vnc/realvnc_41_bypass.rb,2d7cbe5a0a11178e71f95514b0567c2efe2fd6dd,BID-17978
618921880,Pflegusch/metasploit-module-research,modules/exploits/windows/http/zoho_password_manager_pro_xml_rpc_rce.rb,2d864a5f48deae9d44042eea89904c4a9e1ac0f7,CVE-2022-35405
618921880,Pflegusch/metasploit-module-research,modules/exploits/linux/http/nagios_xi_mibs_authenticated_rce.rb,2d8e49713ad97905425f401e7bb09faea9c35b3e,CVE-2020-5791
618921880,Pflegusch/metasploit-module-research,modules/exploits/windows/fileformat/ms10_038_excel_obj_bof.rb,2dc682be98e0c8d487f96ef64524e837ae0dadcf,CVE-2010-0822
618921880,Pflegusch/metasploit-module-research,modules/exploits/windows/fileformat/ms10_038_excel_obj_bof.rb,2dc682be98e0c8d487f96ef64524e837ae0dadcf,OSVDB-65236
618921880,Pflegusch/metasploit-module-research,modules/exploits/windows/fileformat/ms10_038_excel_obj_bof.rb,2dc682be98e0c8d487f96ef64524e837ae0dadcf,BID-40520
618921880,Pflegusch/metasploit-module-research,modules/exploits/windows/fileformat/ms10_038_excel_obj_bof.rb,2dc682be98e0c8d487f96ef64524e837ae0dadcf,MS11-038
618921880,Pflegusch/metasploit-module-research,modules/exploits/windows/fileformat/ms10_038_excel_obj_bof.rb,2dc682be98e0c8d487f96ef64524e837ae0dadcf,MS10-038
618921880,Pflegusch/metasploit-module-research,modules/exploits/unix/webapp/awstats_configdir_exec.rb,2dd54a3c84924cf4ffd31b619dff06339b390d0a,BID-12298
618921880,Pflegusch/metasploit-module-research,modules/exploits/unix/webapp/awstats_configdir_exec.rb,2dd54a3c84924cf4ffd31b619dff06339b390d0a,OSVDB-13002
618921880,Pflegusch/metasploit-module-research,modules/exploits/unix/webapp/awstats_configdir_exec.rb,2dd54a3c84924cf4ffd31b619dff06339b390d0a,CVE-2005-0116
618921880,Pflegusch/metasploit-module-research,modules/exploits/windows/browser/symantec_altirisdeployment_runcmd.rb,2dd851472d11c7a9532ffbd21282694663efa144,CVE-2009-3033
618921880,Pflegusch/metasploit-module-research,modules/exploits/windows/browser/symantec_altirisdeployment_runcmd.rb,2dd851472d11c7a9532ffbd21282694663efa144,BID-37092
618921880,Pflegusch/metasploit-module-research,modules/exploits/windows/browser/symantec_altirisdeployment_runcmd.rb,2dd851472d11c7a9532ffbd21282694663efa144,OSVDB-60496
618921880,Pflegusch/metasploit-module-research,modules/exploits/unix/webapp/cakephp_cache_corruption.rb,2ddd0f84e6659083ab6613f0328f4d3000943d14,OSVDB-69352
618921880,Pflegusch/metasploit-module-research,modules/exploits/unix/webapp/cakephp_cache_corruption.rb,2ddd0f84e6659083ab6613f0328f4d3000943d14,BID-44852
618921880,Pflegusch/metasploit-module-research,modules/exploits/unix/webapp/cakephp_cache_corruption.rb,2ddd0f84e6659083ab6613f0328f4d3000943d14,CVE-2010-4335
618921880,Pflegusch/metasploit-module-research,modules/exploits/windows/http/sambar6_search_results.rb,2e05204a4d1d3e203180e8bfe54465608e94342d,BID-9607
618921880,Pflegusch/metasploit-module-research,modules/exploits/windows/http/sambar6_search_results.rb,2e05204a4d1d3e203180e8bfe54465608e94342d,OSVDB-5786
618921880,Pflegusch/metasploit-module-research,modules/exploits/windows/http/sambar6_search_results.rb,2e05204a4d1d3e203180e8bfe54465608e94342d,CVE-2004-2086
618921880,Pflegusch/metasploit-module-research,modules/exploits/unix/webapp/joomla_akeeba_unserialize.rb,2e2164e228c79dd8f6440a4392ccdff4678af635,CVE-2014-7228
618921880,Pflegusch/metasploit-module-research,modules/exploits/unix/webapp/joomla_comjce_imgmanager.rb,2e2e8df9f503d629d82c95e8b66fdf2fdd3aa73a,BID-49338
618921880,Pflegusch/metasploit-module-research,modules/exploits/unix/webapp/joomla_comjce_imgmanager.rb,2e2e8df9f503d629d82c95e8b66fdf2fdd3aa73a,OSVDB-74839
618921880,Pflegusch/metasploit-module-research,modules/exploits/linux/local/pihole_remove_commands_lpe.rb,2e2ea6e52b35865dbded33efeb339c7f46723c0b,CVE-2021-29449
618921880,Pflegusch/metasploit-module-research,modules/exploits/linux/local/pihole_remove_commands_lpe.rb,2e2ea6e52b35865dbded33efeb339c7f46723c0b,GHSA-3597-244C-WRPJ
618921880,Pflegusch/metasploit-module-research,modules/exploits/windows/local/ipass_launch_app.rb,2e4c1bac10d92c1d4ccc0d5cdef57541f88417bf,CVE-2015-0925
618921880,Pflegusch/metasploit-module-research,modules/exploits/unix/webapp/drupal_drupalgeddon2.rb,2e739b1c0ea14258446d8e03512f357a37ea8c17,CVE-2018-7600
618921880,Pflegusch/metasploit-module-research,modules/exploits/multi/http/struts_dmi_exec.rb,2e7bc2157f079e7f069a973d653009255a2bc54a,CVE-2016-3081
618921880,Pflegusch/metasploit-module-research,modules/exploits/osx/rtsp/quicktime_rtsp_content_type.rb,2ec607f418cabafd90bebe9d44f7592cefc941d2,OSVDB-40876
618921880,Pflegusch/metasploit-module-research,modules/exploits/osx/rtsp/quicktime_rtsp_content_type.rb,2ec607f418cabafd90bebe9d44f7592cefc941d2,BID-26549
618921880,Pflegusch/metasploit-module-research,modules/exploits/osx/rtsp/quicktime_rtsp_content_type.rb,2ec607f418cabafd90bebe9d44f7592cefc941d2,CVE-2007-6166
618921880,Pflegusch/metasploit-module-research,modules/exploits/unix/http/contentkeeperweb_mimencode.rb,2f34ec248ed4f386c151cc1e99d2dee0d5835c99,OSVDB-54552
618921880,Pflegusch/metasploit-module-research,modules/exploits/unix/http/contentkeeperweb_mimencode.rb,2f34ec248ed4f386c151cc1e99d2dee0d5835c99,OSVDB-54551
618921880,Pflegusch/metasploit-module-research,modules/auxiliary/scanner/sip/sipdroid_ext_enum.rb,2f65f266272883bad52c457f60efcc66634f6a73,BID-47710
618921880,Pflegusch/metasploit-module-research,modules/exploits/windows/fileformat/djstudio_pls_bof.rb,2f6bf8538b046b172cd7855cdc04e872640645c3,OSVDB-58159
618921880,Pflegusch/metasploit-module-research,modules/exploits/windows/fileformat/djstudio_pls_bof.rb,2f6bf8538b046b172cd7855cdc04e872640645c3,CVE-2009-4656
618921880,Pflegusch/metasploit-module-research,modules/auxiliary/admin/networking/cisco_asa_extrabacon.rb,2f76b7308eb60ac33e1b88d378ff299a1f593fb3,CVE-2016-6366
618921880,Pflegusch/metasploit-module-research,modules/exploits/linux/http/pineapp_test_li_conn_exec.rb,2f8af64d08fcb3088473786a6dda9fee43c68546,OSVDB-95782
618921880,Pflegusch/metasploit-module-research,modules/exploits/linux/http/pineapp_test_li_conn_exec.rb,2f8af64d08fcb3088473786a6dda9fee43c68546,CVE-2013-6829
618921880,Pflegusch/metasploit-module-research,modules/auxiliary/dos/ssl/dtls_fragment_overflow.rb,2fb97831f4cb7fee87865384ffb328b2fc7db237,CVE-2014-0195
618921880,Pflegusch/metasploit-module-research,modules/auxiliary/dos/ssl/dtls_fragment_overflow.rb,2fb97831f4cb7fee87865384ffb328b2fc7db237,ZDI-14-173
618921880,Pflegusch/metasploit-module-research,modules/auxiliary/dos/ssl/dtls_fragment_overflow.rb,2fb97831f4cb7fee87865384ffb328b2fc7db237,BID-67900
618921880,Pflegusch/metasploit-module-research,modules/auxiliary/sqli/openemr/openemr_sqli_dump.rb,2fe345738a5af27e38143d26077f4440ea5d57a2,CVE-2018-17179
618921880,Pflegusch/metasploit-module-research,modules/exploits/windows/iis/ms01_033_idq.rb,2fe993b903536a052ba52fcb711f099b264bb21d,MS01-033
618921880,Pflegusch/metasploit-module-research,modules/exploits/windows/iis/ms01_033_idq.rb,2fe993b903536a052ba52fcb711f099b264bb21d,CVE-2001-0500
618921880,Pflegusch/metasploit-module-research,modules/exploits/windows/iis/ms01_033_idq.rb,2fe993b903536a052ba52fcb711f099b264bb21d,BID-2880
618921880,Pflegusch/metasploit-module-research,modules/exploits/windows/iis/ms01_033_idq.rb,2fe993b903536a052ba52fcb711f099b264bb21d,OSVDB-568
618921880,Pflegusch/metasploit-module-research,modules/exploits/windows/browser/adobe_flash_mp4_cprt.rb,2ff1ad437ed6d862a28a3d77ab6e922264ebaa19,CVE-2012-0754
618921880,Pflegusch/metasploit-module-research,modules/exploits/windows/browser/adobe_flash_mp4_cprt.rb,2ff1ad437ed6d862a28a3d77ab6e922264ebaa19,OSVDB-79300
618921880,Pflegusch/metasploit-module-research,modules/exploits/windows/browser/adobe_flash_mp4_cprt.rb,2ff1ad437ed6d862a28a3d77ab6e922264ebaa19,BID-52034
618921880,Pflegusch/metasploit-module-research,modules/exploits/unix/webapp/invision_pboard_unserialize_exec.rb,302881f7d4db0861fc83a97fe120446bff501f88,BID-56288
618921880,Pflegusch/metasploit-module-research,modules/exploits/unix/webapp/invision_pboard_unserialize_exec.rb,302881f7d4db0861fc83a97fe120446bff501f88,CVE-2012-5692
618921880,Pflegusch/metasploit-module-research,modules/exploits/unix/webapp/invision_pboard_unserialize_exec.rb,302881f7d4db0861fc83a97fe120446bff501f88,OSVDB-86702
618921880,Pflegusch/metasploit-module-research,modules/exploits/linux/http/linuxki_rce.rb,302a1f4e7459c64d8583ff6e9dbbf07495ed2daa,CVE-2020-7209
618921880,Pflegusch/metasploit-module-research,modules/exploits/windows/fileformat/office_word_hta.rb,303a2c4bd42cfc12bb22774b14776eebcab54201,CVE-2017-0199
618921880,Pflegusch/metasploit-module-research,modules/exploits/windows/oracle/tns_service_name.rb,3041d82e90ec99507314f5223a84aa43857e00cc,CVE-2002-0965
618921880,Pflegusch/metasploit-module-research,modules/exploits/windows/oracle/tns_service_name.rb,3041d82e90ec99507314f5223a84aa43857e00cc,OSVDB-5041
618921880,Pflegusch/metasploit-module-research,modules/exploits/windows/oracle/tns_service_name.rb,3041d82e90ec99507314f5223a84aa43857e00cc,BID-4845
618921880,Pflegusch/metasploit-module-research,modules/auxiliary/admin/http/hikvision_unauth_pwd_reset_cve_2017_7921.rb,3059301b1fa8234c7de767ce001471588d9de4ca,CVE-2017-7921
618921880,Pflegusch/metasploit-module-research,modules/exploits/multi/browser/firefox_svg_plugin.rb,307fa487081c8d4029923e170820394a1e0f3428,OSVDB-89020
618921880,Pflegusch/metasploit-module-research,modules/exploits/multi/browser/firefox_svg_plugin.rb,307fa487081c8d4029923e170820394a1e0f3428,CVE-2013-0757
618921880,Pflegusch/metasploit-module-research,modules/exploits/multi/browser/firefox_svg_plugin.rb,307fa487081c8d4029923e170820394a1e0f3428,OSVDB-89019
618921880,Pflegusch/metasploit-module-research,modules/exploits/multi/browser/firefox_svg_plugin.rb,307fa487081c8d4029923e170820394a1e0f3428,CVE-2013-0758
618921880,Pflegusch/metasploit-module-research,modules/auxiliary/gather/peplink_bauth_sqli.rb,30809195d5b827f93cc74f51315d42b514a6cd64,CVE-2017-8835
618921880,Pflegusch/metasploit-module-research,modules/exploits/osx/local/dyld_print_to_file_root.rb,308ea2e3d4afd1dfb77eb464df5d96616b7b11cf,CVE-2015-3760
618921880,Pflegusch/metasploit-module-research,modules/exploits/unix/misc/spamassassin_exec.rb,30aad2fb6d702d9e5e857da38581a6add6ea0dad,CVE-2006-2447
618921880,Pflegusch/metasploit-module-research,modules/exploits/unix/misc/spamassassin_exec.rb,30aad2fb6d702d9e5e857da38581a6add6ea0dad,BID-18290
618921880,Pflegusch/metasploit-module-research,modules/exploits/unix/misc/spamassassin_exec.rb,30aad2fb6d702d9e5e857da38581a6add6ea0dad,OSVDB-26177
618921880,Pflegusch/metasploit-module-research,modules/exploits/linux/http/geutebruck_testaction_exec.rb,30ba98a955bf048c82205966d2494dd55f12777d,CVE-2020-16205
618921880,Pflegusch/metasploit-module-research,modules/exploits/windows/fileformat/ms14_017_rtf.rb,30cf1458021b339f7e0cf5c1091114c6e1fd88b4,CVE-2014-1761
618921880,Pflegusch/metasploit-module-research,modules/exploits/windows/fileformat/ms14_017_rtf.rb,30cf1458021b339f7e0cf5c1091114c6e1fd88b4,MS14-017
618921880,Pflegusch/metasploit-module-research,modules/exploits/freebsd/webapp/spamtitan_unauth_rce.rb,30e9b0d58a46be899f5e3e6067c8a5071eccb7c5,CVE-2020-11698
618921880,Pflegusch/metasploit-module-research,modules/auxiliary/dos/http/wordpress_directory_traversal_dos.rb,30f2034152aa80427d25bf4fbe50ce8928e101df,CVE-2016-6897
618921880,Pflegusch/metasploit-module-research,modules/auxiliary/dos/http/wordpress_directory_traversal_dos.rb,30f2034152aa80427d25bf4fbe50ce8928e101df,CVE-2016-6896
618921880,Pflegusch/metasploit-module-research,modules/exploits/android/local/put_user_vroot.rb,312d8654fb00251dfd253158d1be2bcd98f81715,CVE-2013-6282
618921880,Pflegusch/metasploit-module-research,modules/exploits/linux/http/apache_ofbiz_deserialization_soap.rb,318e530ac80bba18a31ba6371f5f4ace83a8f045,CVE-2021-26295
618921880,Pflegusch/metasploit-module-research,modules/exploits/linux/http/zabbix_sqli.rb,31ac351705bdfe91fe459cf56b676ba1502e7672,CVE-2013-5743
618921880,Pflegusch/metasploit-module-research,modules/exploits/multi/http/cockpit_cms_rce.rb,31adea18114ab131ef5ca6e9468fed3d6491e340,CVE-2020-35846
618921880,Pflegusch/metasploit-module-research,modules/exploits/multi/http/cockpit_cms_rce.rb,31adea18114ab131ef5ca6e9468fed3d6491e340,CVE-2020-35847
618921880,Pflegusch/metasploit-module-research,modules/exploits/linux/misc/opennms_java_serialize.rb,31e02b5b419a16280c7a16b12addcfc350631be8,CVE-2015-8103
618921880,Pflegusch/metasploit-module-research,modules/exploits/unix/local/exim_perl_startup.rb,31e7bb366061edcada5ffabb781c3a37aac305b6,CVE-2016-1531
618921880,Pflegusch/metasploit-module-research,modules/exploits/multi/http/open_web_analytics_rce.rb,31f30f753154e31dc3689f96e1bedd520f493588,CVE-2022-24637
618921880,Pflegusch/metasploit-module-research,modules/exploits/linux/http/cisco_hyperflex_file_upload_rce.rb,32004a7b7d17f853765a856503b8d82d681413ae,CVE-2021-1499
618921880,Pflegusch/metasploit-module-research,modules/auxiliary/dos/misc/dopewars.rb,3203b8f604b48a41ac041e9a22d865c93846571d,CVE-2009-3591
618921880,Pflegusch/metasploit-module-research,modules/auxiliary/dos/misc/dopewars.rb,3203b8f604b48a41ac041e9a22d865c93846571d,OSVDB-58884
618921880,Pflegusch/metasploit-module-research,modules/auxiliary/dos/misc/dopewars.rb,3203b8f604b48a41ac041e9a22d865c93846571d,BID-36606
618921880,Pflegusch/metasploit-module-research,modules/exploits/windows/local/ms15_004_tswbproxy.rb,32138af8f349f4e46f27450f90ed5d77156977da,CVE-2015-0016
618921880,Pflegusch/metasploit-module-research,modules/exploits/windows/local/ms15_004_tswbproxy.rb,32138af8f349f4e46f27450f90ed5d77156977da,MS15-004
618921880,Pflegusch/metasploit-module-research,modules/exploits/multi/http/kordil_edms_upload_exec.rb,3259d071034beef4c93f821202478ce79782119b,OSVDB-90645
618921880,Pflegusch/metasploit-module-research,modules/exploits/windows/license/sentinel_lm7_udp.rb,3259ee78011ec4cbed5f9b9c023c390612b120ff,CVE-2005-0353
618921880,Pflegusch/metasploit-module-research,modules/exploits/windows/license/sentinel_lm7_udp.rb,3259ee78011ec4cbed5f9b9c023c390612b120ff,OSVDB-14605
618921880,Pflegusch/metasploit-module-research,modules/exploits/windows/license/sentinel_lm7_udp.rb,3259ee78011ec4cbed5f9b9c023c390612b120ff,BID-12742
618921880,Pflegusch/metasploit-module-research,modules/exploits/linux/proxy/squid_ntlm_authenticate.rb,329490c3b881b1392824988d7f9c8b995b93d946,OSVDB-6791
618921880,Pflegusch/metasploit-module-research,modules/exploits/linux/proxy/squid_ntlm_authenticate.rb,329490c3b881b1392824988d7f9c8b995b93d946,CVE-2004-0541
618921880,Pflegusch/metasploit-module-research,modules/exploits/linux/proxy/squid_ntlm_authenticate.rb,329490c3b881b1392824988d7f9c8b995b93d946,BID-10500
618921880,Pflegusch/metasploit-module-research,modules/auxiliary/admin/http/tomcat_ghostcat.rb,32c0c39e187562370a40d79541d967d3d4cb12b8,CVE-2020-1938
618921880,Pflegusch/metasploit-module-research,modules/exploits/windows/fileformat/sascam_get.rb,32d881b074f9153491f51cacf73b574d8140de59,CVE-2008-6898
618921880,Pflegusch/metasploit-module-research,modules/exploits/windows/fileformat/sascam_get.rb,32d881b074f9153491f51cacf73b574d8140de59,OSVDB-55945
618921880,Pflegusch/metasploit-module-research,modules/exploits/android/local/janus.rb,32e3035caaa25072954bfae000735f6061b7ffe7,CVE-2017-13156
618921880,Pflegusch/metasploit-module-research,modules/exploits/windows/browser/juniper_sslvpn_ive_setupdll.rb,33077d6c75a5c3f8bb6993115f571779bdae763f,CVE-2006-2086
618921880,Pflegusch/metasploit-module-research,modules/exploits/windows/browser/juniper_sslvpn_ive_setupdll.rb,33077d6c75a5c3f8bb6993115f571779bdae763f,OSVDB-25001
618921880,Pflegusch/metasploit-module-research,modules/exploits/windows/browser/juniper_sslvpn_ive_setupdll.rb,33077d6c75a5c3f8bb6993115f571779bdae763f,BID-17712
618921880,Pflegusch/metasploit-module-research,modules/auxiliary/scanner/ssh/ssh_enumusers.rb,331077c6faddcaa62a6a3c13527c64db44e56eb2,OSVDB-32721
618921880,Pflegusch/metasploit-module-research,modules/auxiliary/scanner/ssh/ssh_enumusers.rb,331077c6faddcaa62a6a3c13527c64db44e56eb2,CVE-2016-6210
618921880,Pflegusch/metasploit-module-research,modules/auxiliary/scanner/ssh/ssh_enumusers.rb,331077c6faddcaa62a6a3c13527c64db44e56eb2,BID-20418
618921880,Pflegusch/metasploit-module-research,modules/auxiliary/scanner/ssh/ssh_enumusers.rb,331077c6faddcaa62a6a3c13527c64db44e56eb2,CVE-2018-15473
618921880,Pflegusch/metasploit-module-research,modules/auxiliary/scanner/ssh/ssh_enumusers.rb,331077c6faddcaa62a6a3c13527c64db44e56eb2,CVE-2006-5229
618921880,Pflegusch/metasploit-module-research,modules/auxiliary/scanner/ssh/ssh_enumusers.rb,331077c6faddcaa62a6a3c13527c64db44e56eb2,CVE-2003-0190
618921880,Pflegusch/metasploit-module-research,modules/auxiliary/scanner/http/simple_webserver_traversal.rb,3311e1e948dcaa8b796a901ad00fa14e5e534861,CVE-2002-1864
618921880,Pflegusch/metasploit-module-research,modules/auxiliary/scanner/http/simple_webserver_traversal.rb,3311e1e948dcaa8b796a901ad00fa14e5e534861,OSVDB-88877
618921880,Pflegusch/metasploit-module-research,modules/auxiliary/scanner/http/tvt_nvms_traversal.rb,333a8b9f478c69661aa536b7c7d2879f19a78721,CVE-2019-20085
618921880,Pflegusch/metasploit-module-research,modules/exploits/windows/scada/winlog_runtime.rb,337553d9880c310a971c7d21bcc3b68d081f327c,OSVDB-70418
618921880,Pflegusch/metasploit-module-research,modules/exploits/windows/scada/winlog_runtime.rb,337553d9880c310a971c7d21bcc3b68d081f327c,CVE-2011-0517
618921880,Pflegusch/metasploit-module-research,modules/exploits/windows/ftp/easyftp_list_fixret.rb,33881d85811c78ec72388772b2b1799879cb9b18,OSVDB-62134
618921880,Pflegusch/metasploit-module-research,modules/exploits/linux/http/mailcleaner_exec.rb,33ad82c31d899c267a63a9fcc2a25c079f0014c0,CVE-2018-20323
618921880,Pflegusch/metasploit-module-research,modules/exploits/linux/http/ibm_drm_rce.rb,33cd4afe5f0aab52995cdad8f12845863e79f437,CVE-2020-4428
618921880,Pflegusch/metasploit-module-research,modules/exploits/linux/http/ibm_drm_rce.rb,33cd4afe5f0aab52995cdad8f12845863e79f437,CVE-2020-4429
618921880,Pflegusch/metasploit-module-research,modules/exploits/linux/http/ibm_drm_rce.rb,33cd4afe5f0aab52995cdad8f12845863e79f437,CVE-2020-4427
618921880,Pflegusch/metasploit-module-research,modules/exploits/linux/http/ibm_drm_rce.rb,33cd4afe5f0aab52995cdad8f12845863e79f437,CVE-2020-4430
618921880,Pflegusch/metasploit-module-research,modules/exploits/windows/browser/inotes_dwa85w_bof.rb,340670f4c4310d97f1fb2e05889483c4a04db6eb,OSVDB-82755
618921880,Pflegusch/metasploit-module-research,modules/exploits/windows/browser/inotes_dwa85w_bof.rb,340670f4c4310d97f1fb2e05889483c4a04db6eb,BID-53879
618921880,Pflegusch/metasploit-module-research,modules/exploits/windows/browser/inotes_dwa85w_bof.rb,340670f4c4310d97f1fb2e05889483c4a04db6eb,CVE-2012-2175
618921880,Pflegusch/metasploit-module-research,modules/exploits/osx/browser/safari_user_assisted_applescript_exec.rb,34199b971d1962c36298b535f9e6e8d2ec392110,CVE-2015-7007
618921880,Pflegusch/metasploit-module-research,modules/exploits/multi/http/phptax_exec.rb,348a37085deaa73ef8a747956f04cab9b92ab53d,OSVDB-86992
618921880,Pflegusch/metasploit-module-research,modules/exploits/linux/http/pineapp_ldapsyncnow_exec.rb,34a74ab5c60e514adf5e9327ccfb16dc219a452d,OSVDB-95781
618921880,Pflegusch/metasploit-module-research,modules/exploits/linux/local/sophos_wpa_clear_keys.rb,34b085e5bf38553d5aa30e663139290d9706de3e,OSVDB-97028
618921880,Pflegusch/metasploit-module-research,modules/exploits/linux/local/sophos_wpa_clear_keys.rb,34b085e5bf38553d5aa30e663139290d9706de3e,CVE-2013-4984
618921880,Pflegusch/metasploit-module-research,modules/exploits/linux/local/sophos_wpa_clear_keys.rb,34b085e5bf38553d5aa30e663139290d9706de3e,BID-62265
618921880,Pflegusch/metasploit-module-research,modules/exploits/windows/browser/hp_easy_printer_care_xmlsimpleaccessor.rb,34f8a7e155fe296ea735e81ca90b359f1c7c2234,OSVDB-74510
618921880,Pflegusch/metasploit-module-research,modules/exploits/windows/browser/hp_easy_printer_care_xmlsimpleaccessor.rb,34f8a7e155fe296ea735e81ca90b359f1c7c2234,BID-49100
618921880,Pflegusch/metasploit-module-research,modules/exploits/windows/browser/hp_easy_printer_care_xmlsimpleaccessor.rb,34f8a7e155fe296ea735e81ca90b359f1c7c2234,CVE-2011-2404
618921880,Pflegusch/metasploit-module-research,modules/exploits/windows/browser/hp_easy_printer_care_xmlsimpleaccessor.rb,34f8a7e155fe296ea735e81ca90b359f1c7c2234,MS10-026
618921880,Pflegusch/metasploit-module-research,modules/auxiliary/admin/http/webnms_file_download.rb,34faf4299934dfcaa76836ecd5b07a2f81591a90,CVE-2016-6601
618921880,Pflegusch/metasploit-module-research,modules/exploits/windows/browser/oracle_dc_submittoexpress.rb,35024637c721ad76202a4712476a132eb2533c3d,OSVDB-38335
618921880,Pflegusch/metasploit-module-research,modules/exploits/windows/browser/oracle_dc_submittoexpress.rb,35024637c721ad76202a4712476a132eb2533c3d,CVE-2007-4607
618921880,Pflegusch/metasploit-module-research,modules/exploits/windows/browser/oracle_dc_submittoexpress.rb,35024637c721ad76202a4712476a132eb2533c3d,BID-25467
618921880,Pflegusch/metasploit-module-research,modules/exploits/windows/browser/ms13_080_cdisplaypointer.rb,350808ccbe51ec2856c636285a684984ba8c54ec,OSVDB-98207
618921880,Pflegusch/metasploit-module-research,modules/exploits/windows/browser/ms13_080_cdisplaypointer.rb,350808ccbe51ec2856c636285a684984ba8c54ec,MS13-080
618921880,Pflegusch/metasploit-module-research,modules/exploits/windows/browser/ms13_080_cdisplaypointer.rb,350808ccbe51ec2856c636285a684984ba8c54ec,CVE-2013-3897
618921880,Pflegusch/metasploit-module-research,modules/exploits/windows/browser/ms13_080_cdisplaypointer.rb,350808ccbe51ec2856c636285a684984ba8c54ec,CVE-2013-3893
618921880,Pflegusch/metasploit-module-research,modules/exploits/linux/http/suitecrm_log_file_rce.rb,351533ce8ecf5f357d7df045af6731424b899225,CVE-2020-28320
618921880,Pflegusch/metasploit-module-research,modules/exploits/linux/http/suitecrm_log_file_rce.rb,351533ce8ecf5f357d7df045af6731424b899225,CVE-2021-42840
618921880,Pflegusch/metasploit-module-research,modules/exploits/linux/http/suitecrm_log_file_rce.rb,351533ce8ecf5f357d7df045af6731424b899225,CVE-2020-28328
618921880,Pflegusch/metasploit-module-research,modules/exploits/linux/local/netfilter_nft_set_elem_init_privesc.rb,3516365aa1ccc8d4db38660582ebffb826ee137d,CVE-2022-34918
618921880,Pflegusch/metasploit-module-research,modules/auxiliary/scanner/chargen/chargen_probe.rb,352cc19f70038243fa6e6f2a66d3c979a9e09973,CVE-1999-0103
618921880,Pflegusch/metasploit-module-research,modules/exploits/windows/fileformat/orbital_viewer_orb.rb,352e55578baf8503793b0b0ad3359e369181b470,CVE-2010-0688
618921880,Pflegusch/metasploit-module-research,modules/exploits/windows/fileformat/orbital_viewer_orb.rb,352e55578baf8503793b0b0ad3359e369181b470,OSVDB-62580
618921880,Pflegusch/metasploit-module-research,modules/exploits/windows/fileformat/orbital_viewer_orb.rb,352e55578baf8503793b0b0ad3359e369181b470,BID-38436
618921880,Pflegusch/metasploit-module-research,modules/exploits/android/browser/webview_addjavascriptinterface.rb,357182a55bd823eabe59581684cf2392fbd5966d,OSVDB-97520
618921880,Pflegusch/metasploit-module-research,modules/exploits/android/browser/webview_addjavascriptinterface.rb,357182a55bd823eabe59581684cf2392fbd5966d,CVE-2012-6636
618921880,Pflegusch/metasploit-module-research,modules/exploits/android/browser/webview_addjavascriptinterface.rb,357182a55bd823eabe59581684cf2392fbd5966d,CVE-2013-4710
618921880,Pflegusch/metasploit-module-research,modules/exploits/multi/http/apache_couchdb_erlang_rce.rb,358b8f6b9f9644fe4acb9b55e1144bf35022bbc4,CVE-2022-24706
618921880,Pflegusch/metasploit-module-research,modules/exploits/multi/http/qdpm_upload_exec.rb,35a16828e89654a2db81851423023a07cffdf978,OSVDB-82978
618921880,Pflegusch/metasploit-module-research,modules/exploits/apple_ios/browser/safari_jit.rb,35a52ed46d1626830aa79972506bbcaaa55dedff,GPZ-882
618921880,Pflegusch/metasploit-module-research,modules/exploits/apple_ios/browser/safari_jit.rb,35a52ed46d1626830aa79972506bbcaaa55dedff,CVE-2018-4162
618921880,Pflegusch/metasploit-module-research,modules/exploits/apple_ios/browser/safari_jit.rb,35a52ed46d1626830aa79972506bbcaaa55dedff,CVE-2016-4669
618921880,Pflegusch/metasploit-module-research,modules/exploits/windows/ibm/ibm_was_dmgr_java_deserialization_rce.rb,35be7159a36e963cc0ca73e16114eb98f5bfe505,CVE-2019-4279
618921880,Pflegusch/metasploit-module-research,modules/exploits/linux/http/hp_system_management.rb,35e680d987ba7e121c718c9d86d9fd3a4ecc08fc,OSVDB-91812
618921880,Pflegusch/metasploit-module-research,modules/post/linux/dos/xen_420_dos.rb,361959831dcb48100832bc2340083a123c1553e7,CVE-2012-5525
618921880,Pflegusch/metasploit-module-research,modules/exploits/windows/local/cve_2020_1054_drawiconex_lpe.rb,3622050fb06a8dbe270585eeafd807b47eba3950,CVE-2020-1054
618921880,Pflegusch/metasploit-module-research,modules/post/solaris/escalate/srsexec_readline.rb,3623cf518f96ba649bc82ef789afc789ab49f87b,CVE-2007-2617
618921880,Pflegusch/metasploit-module-research,modules/post/solaris/escalate/srsexec_readline.rb,3623cf518f96ba649bc82ef789afc789ab49f87b,BID-23915
618921880,Pflegusch/metasploit-module-research,modules/auxiliary/scanner/vxworks/urgent11_check.rb,3629f437360b99e317a33b4b0e22e0ff7aa5020d,CVE-2019-12258
618921880,Pflegusch/metasploit-module-research,modules/exploits/unix/webapp/moinmoin_twikidraw.rb,363a6e68f0011e21004577bf31bf74dd84401c71,BID-57082
618921880,Pflegusch/metasploit-module-research,modules/exploits/unix/webapp/moinmoin_twikidraw.rb,363a6e68f0011e21004577bf31bf74dd84401c71,OSVDB-88825
618921880,Pflegusch/metasploit-module-research,modules/exploits/unix/webapp/moinmoin_twikidraw.rb,363a6e68f0011e21004577bf31bf74dd84401c71,CVE-2012-6081
618921880,Pflegusch/metasploit-module-research,modules/exploits/windows/browser/quickr_qp2_bof.rb,36623c0e3d01333e03df4aa8ff3478f89c45c286,BID-53678
618921880,Pflegusch/metasploit-module-research,modules/exploits/windows/browser/quickr_qp2_bof.rb,36623c0e3d01333e03df4aa8ff3478f89c45c286,CVE-2012-2176
618921880,Pflegusch/metasploit-module-research,modules/exploits/windows/browser/quickr_qp2_bof.rb,36623c0e3d01333e03df4aa8ff3478f89c45c286,OSVDB-82166
618921880,Pflegusch/metasploit-module-research,modules/exploits/windows/imap/novell_netmail_append.rb,366b88bf18f681d0cb6f57e6a33279f08b3bb240,BID-21723
618921880,Pflegusch/metasploit-module-research,modules/exploits/windows/imap/novell_netmail_append.rb,366b88bf18f681d0cb6f57e6a33279f08b3bb240,CVE-2006-6425
618921880,Pflegusch/metasploit-module-research,modules/exploits/windows/imap/novell_netmail_append.rb,366b88bf18f681d0cb6f57e6a33279f08b3bb240,OSVDB-31362
618921880,Pflegusch/metasploit-module-research,modules/auxiliary/scanner/http/apache_activemq_traversal.rb,368ef17838f0ea4576c0a3b5087901b0622779f7,OSVDB-86401
618921880,Pflegusch/metasploit-module-research,modules/auxiliary/scanner/http/webdav_internal_ip.rb,36d7637791967db927d744626ca8f32e4650a51a,CVE-2002-0422
618921880,Pflegusch/metasploit-module-research,modules/auxiliary/admin/http/cfme_manageiq_evm_pass_reset.rb,36efc418de5db3c5faf1862790c393eaf7200a9a,CVE-2013-2050
618921880,Pflegusch/metasploit-module-research,modules/exploits/unix/webapp/arkeia_upload_exec.rb,3715ca4298c04b356dfd3ef7515712747e127adc,OSVDB-97614
618921880,Pflegusch/metasploit-module-research,modules/exploits/unix/webapp/arkeia_upload_exec.rb,3715ca4298c04b356dfd3ef7515712747e127adc,OSVDB-97615
618921880,Pflegusch/metasploit-module-research,modules/exploits/unix/http/pfsense_clickjacking.rb,3734b559fdba7217577f25b4c8dd39e0dc02c3b0,CVE-2017-1000479
618921880,Pflegusch/metasploit-module-research,modules/exploits/multi/http/splunk_mappy_exec.rb,373962ba7a51ffd8f81af5907125e6e32d40a6f6,BID-51061
618921880,Pflegusch/metasploit-module-research,modules/exploits/multi/http/splunk_mappy_exec.rb,373962ba7a51ffd8f81af5907125e6e32d40a6f6,CVE-2011-4642
618921880,Pflegusch/metasploit-module-research,modules/exploits/multi/http/splunk_mappy_exec.rb,373962ba7a51ffd8f81af5907125e6e32d40a6f6,OSVDB-77695
618921880,Pflegusch/metasploit-module-research,modules/exploits/windows/misc/mirc_privmsg_server.rb,3761e706770e415c614fae23334d4d44e530696c,BID-31552
618921880,Pflegusch/metasploit-module-research,modules/exploits/windows/misc/mirc_privmsg_server.rb,3761e706770e415c614fae23334d4d44e530696c,OSVDB-48752
618921880,Pflegusch/metasploit-module-research,modules/exploits/windows/misc/mirc_privmsg_server.rb,3761e706770e415c614fae23334d4d44e530696c,CVE-2008-4449
618921880,Pflegusch/metasploit-module-research,modules/exploits/linux/http/ibm_qradar_unauth_rce.rb,37690a8342856433c35630c06d9415751fdd7b5e,CVE-2016-9722
618921880,Pflegusch/metasploit-module-research,modules/exploits/linux/http/ibm_qradar_unauth_rce.rb,37690a8342856433c35630c06d9415751fdd7b5e,CVE-2018-1418
618921880,Pflegusch/metasploit-module-research,modules/exploits/linux/http/ibm_qradar_unauth_rce.rb,37690a8342856433c35630c06d9415751fdd7b5e,CVE-2018-1612
618921880,Pflegusch/metasploit-module-research,modules/exploits/windows/http/hp_imc_bims_upload.rb,3797b80bcb661e0437eb4a36ad110d683046ceaa,CVE-2013-4822
618921880,Pflegusch/metasploit-module-research,modules/exploits/windows/http/hp_imc_bims_upload.rb,3797b80bcb661e0437eb4a36ad110d683046ceaa,OSVDB-98247
618921880,Pflegusch/metasploit-module-research,modules/exploits/windows/http/hp_imc_bims_upload.rb,3797b80bcb661e0437eb4a36ad110d683046ceaa,BID-62895
618921880,Pflegusch/metasploit-module-research,modules/exploits/windows/ftp/bison_ftp_bof.rb,37b59199032ea3c5b23fd9d6b8cf82189673bde8,BID-49109
618921880,Pflegusch/metasploit-module-research,modules/exploits/windows/ftp/bison_ftp_bof.rb,37b59199032ea3c5b23fd9d6b8cf82189673bde8,CVE-1999-1510
618921880,Pflegusch/metasploit-module-research,modules/exploits/multi/http/struts_code_exec.rb,37c50a3f00d086daf789bfd033ff153a1c62acab,OSVDB-66280
618921880,Pflegusch/metasploit-module-research,modules/exploits/multi/http/struts_code_exec.rb,37c50a3f00d086daf789bfd033ff153a1c62acab,CVE-2010-1870
618921880,Pflegusch/metasploit-module-research,modules/exploits/windows/fileformat/word_mshtml_rce.rb,3830dfe3be6ea4cce0a09202a0cfe945d79756c1,CVE-2021-40444
618921880,Pflegusch/metasploit-module-research,modules/exploits/windows/http/sap_host_control_cmd_exec.rb,3884d2114bd19a427149b69fdd2949c8eace7ee0,OSVDB-84821
618921880,Pflegusch/metasploit-module-research,modules/exploits/windows/http/hp_pcm_snac_update_domain.rb,389a0c99c9a1f52573e2b83062b58b1e1ab7cf2d,CVE-2013-4811
618921880,Pflegusch/metasploit-module-research,modules/exploits/windows/http/hp_pcm_snac_update_domain.rb,389a0c99c9a1f52573e2b83062b58b1e1ab7cf2d,OSVDB-97154
618921880,Pflegusch/metasploit-module-research,modules/exploits/windows/http/hp_pcm_snac_update_domain.rb,389a0c99c9a1f52573e2b83062b58b1e1ab7cf2d,BID-62349
618921880,Pflegusch/metasploit-module-research,modules/auxiliary/scanner/rservices/rsh_login.rb,38a9afb73e73fd6649d4f3873dbc11c3ab215364,CVE-1999-0502
618921880,Pflegusch/metasploit-module-research,modules/auxiliary/scanner/rservices/rsh_login.rb,38a9afb73e73fd6649d4f3873dbc11c3ab215364,CVE-1999-0651
618921880,Pflegusch/metasploit-module-research,modules/exploits/windows/ftp/sasser_ftpd_port.rb,38b279fbc30d6be8ebfe9bdb848cdcef40c369cb,OSVDB-6197
618921880,Pflegusch/metasploit-module-research,modules/exploits/windows/browser/novelliprint_getdriversettings_2.rb,38beb9b5232aaeb86bab4050938e16f7cfdbdcfb,OSVDB-69357
618921880,Pflegusch/metasploit-module-research,modules/exploits/windows/browser/novelliprint_getdriversettings_2.rb,38beb9b5232aaeb86bab4050938e16f7cfdbdcfb,CVE-2010-4321
618921880,Pflegusch/metasploit-module-research,modules/exploits/windows/browser/novelliprint_getdriversettings_2.rb,38beb9b5232aaeb86bab4050938e16f7cfdbdcfb,BID-44966
618921880,Pflegusch/metasploit-module-research,modules/exploits/windows/fileformat/dupscout_xml.rb,39140c1e57700ee209c640a42cbb1ad021a06fe0,CVE-2017-7310
618921880,Pflegusch/metasploit-module-research,modules/auxiliary/admin/http/typo3_sa_2010_020.rb,391589cce8d3ad4faa91da576a3d36d7db1e5608,CVE-2010-3714
618921880,Pflegusch/metasploit-module-research,modules/auxiliary/dos/http/hashcollision_dos.rb,391b99a017969fe41980cc827e03431652bfdad1,CVE-2011-5035
618921880,Pflegusch/metasploit-module-research,modules/auxiliary/dos/http/hashcollision_dos.rb,391b99a017969fe41980cc827e03431652bfdad1,CVE-2011-4858
618921880,Pflegusch/metasploit-module-research,modules/auxiliary/dos/http/hashcollision_dos.rb,391b99a017969fe41980cc827e03431652bfdad1,CVE-2011-5034
618921880,Pflegusch/metasploit-module-research,modules/auxiliary/dos/http/hashcollision_dos.rb,391b99a017969fe41980cc827e03431652bfdad1,CVE-2011-4885
618921880,Pflegusch/metasploit-module-research,modules/exploits/windows/fileformat/ms13_071_theme.rb,39357c16329eed2c06b6ab640e0c71df2eea5daa,CVE-2013-0810
618921880,Pflegusch/metasploit-module-research,modules/exploits/windows/fileformat/ms13_071_theme.rb,39357c16329eed2c06b6ab640e0c71df2eea5daa,OSVDB-97136
618921880,Pflegusch/metasploit-module-research,modules/exploits/windows/fileformat/ms13_071_theme.rb,39357c16329eed2c06b6ab640e0c71df2eea5daa,MS13-071
618921880,Pflegusch/metasploit-module-research,modules/exploits/windows/fileformat/ms13_071_theme.rb,39357c16329eed2c06b6ab640e0c71df2eea5daa,BID-62176
618921880,Pflegusch/metasploit-module-research,modules/auxiliary/sqli/oracle/lt_findricset_cursor.rb,394a3d1435711352df678fd3c4cd1863c7e37388,CVE-2007-5511
618921880,Pflegusch/metasploit-module-research,modules/auxiliary/sqli/oracle/lt_findricset_cursor.rb,394a3d1435711352df678fd3c4cd1863c7e37388,BID-26098
618921880,Pflegusch/metasploit-module-research,modules/auxiliary/sqli/oracle/lt_findricset_cursor.rb,394a3d1435711352df678fd3c4cd1863c7e37388,OSVDB-40079
618921880,Pflegusch/metasploit-module-research,modules/auxiliary/gather/pimcore_creds_sqli.rb,395fac7ef9846c708086224ff4c351189486c5ad,CVE-2018-14058
618921880,Pflegusch/metasploit-module-research,modules/auxiliary/scanner/http/manageengine_securitymanager_traversal.rb,396f7518e129b13d340e70818b8b929b48d3c1bb,OSVDB-86563
618921880,Pflegusch/metasploit-module-research,modules/exploits/windows/ftp/quickshare_traversal_write.rb,397feb1f086710227ad318fe99074236778f8163,OSVDB-70776
618921880,Pflegusch/metasploit-module-research,modules/exploits/windows/scada/codesys_gateway_server_traversal.rb,39cdbf2cc15d98a8dcfc6c4fb6ab70d229695225,CVE-2012-4705
618921880,Pflegusch/metasploit-module-research,modules/exploits/windows/scada/codesys_gateway_server_traversal.rb,39cdbf2cc15d98a8dcfc6c4fb6ab70d229695225,OSVDB-90368
618921880,Pflegusch/metasploit-module-research,modules/auxiliary/admin/backupexec/registry.rb,3a2856964af3e9533b49664be911db4d30254f76,CVE-2005-0771
618921880,Pflegusch/metasploit-module-research,modules/auxiliary/admin/backupexec/registry.rb,3a2856964af3e9533b49664be911db4d30254f76,OSVDB-17627
618921880,Pflegusch/metasploit-module-research,modules/exploits/windows/local/mqac_write.rb,3a3df83ab41ad3d1801756cd5b26cd38f5e49e45,CVE-2014-4971
618921880,Pflegusch/metasploit-module-research,modules/exploits/linux/http/zenoss_showdaemonxmlconfig_exec.rb,3a691b9b07c14b50c671c0059054848d977b2054,OSVDB-84408
618921880,Pflegusch/metasploit-module-research,modules/auxiliary/scanner/tftp/ipswitch_whatsupgold_tftp.rb,3a6d854da3f2ed1eda180ad23bcadab39b90c329,CVE-2011-4722
618921880,Pflegusch/metasploit-module-research,modules/auxiliary/scanner/tftp/ipswitch_whatsupgold_tftp.rb,3a6d854da3f2ed1eda180ad23bcadab39b90c329,OSVDB-77455
618921880,Pflegusch/metasploit-module-research,modules/auxiliary/scanner/tftp/ipswitch_whatsupgold_tftp.rb,3a6d854da3f2ed1eda180ad23bcadab39b90c329,BID-50890
618921880,Pflegusch/metasploit-module-research,modules/auxiliary/scanner/http/rails_json_yaml_scanner.rb,3aa1ddc1dcc1568fb6817dbc0a988b33d8fd54e6,CVE-2013-0156
618921880,Pflegusch/metasploit-module-research,modules/auxiliary/scanner/http/rails_json_yaml_scanner.rb,3aa1ddc1dcc1568fb6817dbc0a988b33d8fd54e6,CVE-2013-0333
618921880,Pflegusch/metasploit-module-research,modules/auxiliary/scanner/http/tomcat_mgr_login.rb,3ad2ff9793309b6cf828ace78a56d5331374d769,CVE-2010-4094
618921880,Pflegusch/metasploit-module-research,modules/auxiliary/scanner/http/tomcat_mgr_login.rb,3ad2ff9793309b6cf828ace78a56d5331374d769,CVE-1999-0502
618921880,Pflegusch/metasploit-module-research,modules/auxiliary/scanner/http/tomcat_mgr_login.rb,3ad2ff9793309b6cf828ace78a56d5331374d769,OSVDB-60176
618921880,Pflegusch/metasploit-module-research,modules/auxiliary/scanner/http/tomcat_mgr_login.rb,3ad2ff9793309b6cf828ace78a56d5331374d769,OSVDB-60317
618921880,Pflegusch/metasploit-module-research,modules/auxiliary/scanner/http/tomcat_mgr_login.rb,3ad2ff9793309b6cf828ace78a56d5331374d769,BID-37086
618921880,Pflegusch/metasploit-module-research,modules/auxiliary/scanner/http/tomcat_mgr_login.rb,3ad2ff9793309b6cf828ace78a56d5331374d769,BID-36954
618921880,Pflegusch/metasploit-module-research,modules/auxiliary/scanner/http/tomcat_mgr_login.rb,3ad2ff9793309b6cf828ace78a56d5331374d769,CVE-2010-0557
618921880,Pflegusch/metasploit-module-research,modules/auxiliary/scanner/http/tomcat_mgr_login.rb,3ad2ff9793309b6cf828ace78a56d5331374d769,CVE-2009-4189
618921880,Pflegusch/metasploit-module-research,modules/auxiliary/scanner/http/tomcat_mgr_login.rb,3ad2ff9793309b6cf828ace78a56d5331374d769,CVE-2009-3843
618921880,Pflegusch/metasploit-module-research,modules/auxiliary/scanner/http/tomcat_mgr_login.rb,3ad2ff9793309b6cf828ace78a56d5331374d769,BID-38084
618921880,Pflegusch/metasploit-module-research,modules/auxiliary/scanner/http/tomcat_mgr_login.rb,3ad2ff9793309b6cf828ace78a56d5331374d769,OSVDB-60670
618921880,Pflegusch/metasploit-module-research,modules/auxiliary/scanner/http/tomcat_mgr_login.rb,3ad2ff9793309b6cf828ace78a56d5331374d769,CVE-2009-3548
618921880,Pflegusch/metasploit-module-research,modules/auxiliary/scanner/http/tomcat_mgr_login.rb,3ad2ff9793309b6cf828ace78a56d5331374d769,CVE-2009-4188
618921880,Pflegusch/metasploit-module-research,modules/exploits/multi/fileformat/evince_cbt_cmd_injection.rb,3ad33f9bd799693ff34f96730d756b7158c20291,CVE-2017-1000083
618921880,Pflegusch/metasploit-module-research,modules/exploits/multi/fileformat/evince_cbt_cmd_injection.rb,3ad33f9bd799693ff34f96730d756b7158c20291,BID-99597
618921880,Pflegusch/metasploit-module-research,modules/exploits/windows/browser/maxthon_history_xcs.rb,3b2032a261927ef880d1a6eb271888dc21915561,OSVDB-88191
618921880,Pflegusch/metasploit-module-research,modules/exploits/windows/misc/ibm_director_cim_dllinject.rb,3b3b87922c5d0d0b95c00723b259ce4296fe7868,BID-34065
618921880,Pflegusch/metasploit-module-research,modules/exploits/windows/misc/ibm_director_cim_dllinject.rb,3b3b87922c5d0d0b95c00723b259ce4296fe7868,OSVDB-52616
618921880,Pflegusch/metasploit-module-research,modules/exploits/windows/misc/ibm_director_cim_dllinject.rb,3b3b87922c5d0d0b95c00723b259ce4296fe7868,CVE-2009-0880
618921880,Pflegusch/metasploit-module-research,modules/exploits/windows/misc/ibm_director_cim_dllinject.rb,3b3b87922c5d0d0b95c00723b259ce4296fe7868,OSVDB-88102
618921880,Pflegusch/metasploit-module-research,modules/exploits/windows/license/calicclnt_getconfig.rb,3b42307974cbe0304ac90e8805053af166c7f1fd,CVE-2005-0581
618921880,Pflegusch/metasploit-module-research,modules/exploits/windows/license/calicclnt_getconfig.rb,3b42307974cbe0304ac90e8805053af166c7f1fd,OSVDB-14389
618921880,Pflegusch/metasploit-module-research,modules/exploits/windows/license/calicclnt_getconfig.rb,3b42307974cbe0304ac90e8805053af166c7f1fd,BID-12705
618921880,Pflegusch/metasploit-module-research,modules/exploits/windows/browser/ie_iscomponentinstalled.rb,3b4678b478c30a21e531f6ff5ab66c7cfea65842,CVE-2006-1016
618921880,Pflegusch/metasploit-module-research,modules/exploits/windows/browser/ie_iscomponentinstalled.rb,3b4678b478c30a21e531f6ff5ab66c7cfea65842,OSVDB-31647
618921880,Pflegusch/metasploit-module-research,modules/exploits/windows/browser/ie_iscomponentinstalled.rb,3b4678b478c30a21e531f6ff5ab66c7cfea65842,BID-16870
618921880,Pflegusch/metasploit-module-research,modules/auxiliary/dos/windows/tftp/solarwinds.rb,3b5b853aa0326609851a5893e6b33794c1faac9e,OSVDB-64845
618921880,Pflegusch/metasploit-module-research,modules/auxiliary/dos/windows/tftp/solarwinds.rb,3b5b853aa0326609851a5893e6b33794c1faac9e,CVE-2010-2115
618921880,Pflegusch/metasploit-module-research,modules/exploits/linux/http/php_imap_open_rce.rb,3b61686ab4211244d95496f703284e21367784b2,CVE-2018-19518
618921880,Pflegusch/metasploit-module-research,modules/exploits/linux/http/php_imap_open_rce.rb,3b61686ab4211244d95496f703284e21367784b2,CVE-2018-1000859
618921880,Pflegusch/metasploit-module-research,modules/auxiliary/admin/http/pihole_domains_api_exec.rb,3b668b95f940f8eba4c13a5bd542894740e0630f,CVE-2021-32706
618921880,Pflegusch/metasploit-module-research,modules/auxiliary/admin/http/pihole_domains_api_exec.rb,3b668b95f940f8eba4c13a5bd542894740e0630f,GHSA-5CM9-6P3M-V259
618921880,Pflegusch/metasploit-module-research,modules/auxiliary/scanner/rservices/rlogin_login.rb,3b7956da564664bff15eec80d62390f2f8bd5588,CVE-1999-0502
618921880,Pflegusch/metasploit-module-research,modules/auxiliary/scanner/rservices/rlogin_login.rb,3b7956da564664bff15eec80d62390f2f8bd5588,CVE-1999-0651
618921880,Pflegusch/metasploit-module-research,modules/auxiliary/scanner/http/http_put.rb,3b7b6ec751f99dc8dd5113b960fe77613b27e267,OSVDB-397
618921880,Pflegusch/metasploit-module-research,modules/auxiliary/dos/windows/ftp/filezilla_admin_user.rb,3b80fab35bcb762590372f2ef90e817c04b91582,BID-15346
618921880,Pflegusch/metasploit-module-research,modules/auxiliary/dos/windows/ftp/filezilla_admin_user.rb,3b80fab35bcb762590372f2ef90e817c04b91582,CVE-2005-3589
618921880,Pflegusch/metasploit-module-research,modules/auxiliary/dos/windows/ftp/filezilla_admin_user.rb,3b80fab35bcb762590372f2ef90e817c04b91582,OSVDB-20817
618921880,Pflegusch/metasploit-module-research,modules/exploits/windows/local/wmi.rb,3b88fc4a2ccc85e179f8d0b8b5ad974578500784,OSVDB-3106
618921880,Pflegusch/metasploit-module-research,modules/exploits/windows/local/wmi.rb,3b88fc4a2ccc85e179f8d0b8b5ad974578500784,CVE-1999-0504
618921880,Pflegusch/metasploit-module-research,modules/exploits/linux/http/webmin_file_manager_rce.rb,3bac0a83584d9b42601287df8185341016b8c4ec,CVE-2022-0824
618921880,Pflegusch/metasploit-module-research,modules/exploits/linux/local/apport_abrt_chroot_priv_esc.rb,3bbb95f8f4ddf8d8ed0a1c7498a696eef0c65cd3,CVE-2015-1318
618921880,Pflegusch/metasploit-module-research,modules/exploits/windows/fileformat/adobe_geticon.rb,3bc10be12a7a12f63b43680ee32d18b92d91f144,OSVDB-53647
618921880,Pflegusch/metasploit-module-research,modules/exploits/windows/fileformat/adobe_geticon.rb,3bc10be12a7a12f63b43680ee32d18b92d91f144,CVE-2009-0927
618921880,Pflegusch/metasploit-module-research,modules/exploits/windows/scada/realwin_scpc_txtevent.rb,3bd2f5e4021c572d89f99321278769734073b750,CVE-2010-4142
618921880,Pflegusch/metasploit-module-research,modules/exploits/windows/scada/realwin_scpc_txtevent.rb,3bd2f5e4021c572d89f99321278769734073b750,OSVDB-68812
618921880,Pflegusch/metasploit-module-research,modules/exploits/linux/http/realtek_miniigd_upnp_exec_noauth.rb,3c046f2e8d9d5e808884f72d538bccfd714e7001,CVE-2014-8361
618921880,Pflegusch/metasploit-module-research,modules/exploits/windows/misc/hp_dataprotector_encrypted_comms.rb,3c0feb0e281b56a7cfbac2c593c70f81648dabc9,CVE-2016-2004
618921880,Pflegusch/metasploit-module-research,modules/exploits/windows/sage/x3_adxsrv_auth_bypass_cmd_exec.rb,3c1086e65c6b492c4dc16395567de0e6369c5a4f,CVE-2020-7388
618921880,Pflegusch/metasploit-module-research,modules/exploits/windows/sage/x3_adxsrv_auth_bypass_cmd_exec.rb,3c1086e65c6b492c4dc16395567de0e6369c5a4f,CVE-2020-7387
618921880,Pflegusch/metasploit-module-research,modules/exploits/windows/browser/mozilla_nstreerange.rb,3c6179cf42b3a030a0c24dc48876384191fa6335,CVE-2011-0073
618921880,Pflegusch/metasploit-module-research,modules/exploits/windows/browser/mozilla_nstreerange.rb,3c6179cf42b3a030a0c24dc48876384191fa6335,BID-47663
618921880,Pflegusch/metasploit-module-research,modules/exploits/windows/browser/mozilla_nstreerange.rb,3c6179cf42b3a030a0c24dc48876384191fa6335,OSVDB-72087
618921880,Pflegusch/metasploit-module-research,modules/exploits/windows/iis/ms01_023_printer.rb,3c7aab396a1a1c994b1794fd0535a361120b9bf5,BID-2674
618921880,Pflegusch/metasploit-module-research,modules/exploits/windows/iis/ms01_023_printer.rb,3c7aab396a1a1c994b1794fd0535a361120b9bf5,OSVDB-3323
618921880,Pflegusch/metasploit-module-research,modules/exploits/windows/iis/ms01_023_printer.rb,3c7aab396a1a1c994b1794fd0535a361120b9bf5,MS01-023
618921880,Pflegusch/metasploit-module-research,modules/exploits/windows/iis/ms01_023_printer.rb,3c7aab396a1a1c994b1794fd0535a361120b9bf5,CVE-2001-0241
618921880,Pflegusch/metasploit-module-research,modules/exploits/multi/http/nostromo_code_exec.rb,3c9251473e1013db94a794f2f3de01c02892ca2c,CVE-2019-16278
618921880,Pflegusch/metasploit-module-research,modules/exploits/windows/smb/ms06_025_rasmans_reg.rb,3cbe35088a23b7ab284dac8c3c8b6a8345cc162d,BID-18325
618921880,Pflegusch/metasploit-module-research,modules/exploits/windows/smb/ms06_025_rasmans_reg.rb,3cbe35088a23b7ab284dac8c3c8b6a8345cc162d,MS06-025
618921880,Pflegusch/metasploit-module-research,modules/exploits/windows/smb/ms06_025_rasmans_reg.rb,3cbe35088a23b7ab284dac8c3c8b6a8345cc162d,CVE-2006-2370
618921880,Pflegusch/metasploit-module-research,modules/exploits/windows/smb/ms06_025_rasmans_reg.rb,3cbe35088a23b7ab284dac8c3c8b6a8345cc162d,OSVDB-26437
618921880,Pflegusch/metasploit-module-research,modules/exploits/unix/local/netbsd_mail_local.rb,3cbf1898696b41fc4bd4d4ca1b8a447871d92b3a,CVE-2016-6253
618921880,Pflegusch/metasploit-module-research,modules/exploits/linux/ftp/proftp_sreplace.rb,3cd83ee19fcfaaf7a569585e6def19043c3d22d9,OSVDB-68985
618921880,Pflegusch/metasploit-module-research,modules/exploits/linux/ftp/proftp_sreplace.rb,3cd83ee19fcfaaf7a569585e6def19043c3d22d9,CVE-2006-5815
618921880,Pflegusch/metasploit-module-research,modules/exploits/linux/ftp/proftp_sreplace.rb,3cd83ee19fcfaaf7a569585e6def19043c3d22d9,BID-20992
618921880,Pflegusch/metasploit-module-research,modules/exploits/multi/browser/chrome_jscreate_sideeffect.rb,3cdd4dd3af1dfdf878002f25a0046d2064856b92,CVE-2020-6418
618921880,Pflegusch/metasploit-module-research,modules/exploits/windows/fileformat/orbit_download_failed_bof.rb,3ce01805ba4cdb8bfd517833761c394dbda32fa8,BID-28541
618921880,Pflegusch/metasploit-module-research,modules/exploits/windows/fileformat/orbit_download_failed_bof.rb,3ce01805ba4cdb8bfd517833761c394dbda32fa8,OSVDB-44036
618921880,Pflegusch/metasploit-module-research,modules/exploits/windows/fileformat/orbit_download_failed_bof.rb,3ce01805ba4cdb8bfd517833761c394dbda32fa8,CVE-2008-1602
618921880,Pflegusch/metasploit-module-research,modules/exploits/osx/browser/adobe_flash_delete_range_tl_op.rb,3ced5c445cee467f177f896293b70033db88ea94,CVE-2016-4117
618921880,Pflegusch/metasploit-module-research,modules/exploits/osx/browser/adobe_flash_delete_range_tl_op.rb,3ced5c445cee467f177f896293b70033db88ea94,BID-90505
618921880,Pflegusch/metasploit-module-research,modules/exploits/windows/browser/mcafee_mcsubmgr_vsprintf.rb,3d0ebbbc525b3d3fa541d733ff7ba5950af8e0b7,BID-19265
618921880,Pflegusch/metasploit-module-research,modules/exploits/windows/browser/mcafee_mcsubmgr_vsprintf.rb,3d0ebbbc525b3d3fa541d733ff7ba5950af8e0b7,CVE-2006-3961
618921880,Pflegusch/metasploit-module-research,modules/exploits/windows/browser/mcafee_mcsubmgr_vsprintf.rb,3d0ebbbc525b3d3fa541d733ff7ba5950af8e0b7,OSVDB-27698
618921880,Pflegusch/metasploit-module-research,modules/auxiliary/scanner/ssh/cerberus_sftp_enumusers.rb,3d2bf2deaeebd4918ab11a89980b702b53764558,BID-67707
618921880,Pflegusch/metasploit-module-research,modules/post/linux/gather/vcenter_secrets_dump.rb,3d388ebc7876e4e5cc8bb8ce33dd30b568efbfa6,CVE-2022-22948
618921880,Pflegusch/metasploit-module-research,modules/exploits/linux/local/zyxel_suid_cp_lpe.rb,3d405b1f0da6efed073edc9e7ad62613a2a1cc7a,CVE-2022-30525
618921880,Pflegusch/metasploit-module-research,modules/exploits/linux/local/zyxel_suid_cp_lpe.rb,3d405b1f0da6efed073edc9e7ad62613a2a1cc7a,CVE-2022-30526
618921880,Pflegusch/metasploit-module-research,modules/exploits/unix/webapp/mitel_awc_exec.rb,3d4c7cf704063480d001c04aa3a940afd4ea3bca,OSVDB-69934
618921880,Pflegusch/metasploit-module-research,modules/exploits/windows/misc/bigant_server_dupf_upload.rb,3d5b9379dcdcd7fc3f3a3fd27bccf96730c90ca5,BID-57214
618921880,Pflegusch/metasploit-module-research,modules/exploits/windows/misc/bigant_server_dupf_upload.rb,3d5b9379dcdcd7fc3f3a3fd27bccf96730c90ca5,CVE-2012-6274
618921880,Pflegusch/metasploit-module-research,modules/exploits/windows/misc/bigant_server_dupf_upload.rb,3d5b9379dcdcd7fc3f3a3fd27bccf96730c90ca5,OSVDB-89342
618921880,Pflegusch/metasploit-module-research,modules/auxiliary/dos/windows/rdp/ms12_020_maxchannelids.rb,3d708194e65f3f716554751069a0334f68d57937,CVE-2012-0002
618921880,Pflegusch/metasploit-module-research,modules/auxiliary/dos/windows/rdp/ms12_020_maxchannelids.rb,3d708194e65f3f716554751069a0334f68d57937,MS12-020
618921880,Pflegusch/metasploit-module-research,modules/exploits/unix/webapp/wp_phpmailer_host_header.rb,3d70a9a8765d6af3d8bc29cec71aeabb56d8eac0,CVE-2016-10033
618921880,Pflegusch/metasploit-module-research,modules/exploits/linux/mysql/mysql_yassl_getname.rb,3db04ce74cb18f5efa6c24139d96d498c8756687,BID-37640
618921880,Pflegusch/metasploit-module-research,modules/exploits/linux/mysql/mysql_yassl_getname.rb,3db04ce74cb18f5efa6c24139d96d498c8756687,BID-37943
618921880,Pflegusch/metasploit-module-research,modules/exploits/linux/mysql/mysql_yassl_getname.rb,3db04ce74cb18f5efa6c24139d96d498c8756687,BID-37974
618921880,Pflegusch/metasploit-module-research,modules/exploits/linux/mysql/mysql_yassl_getname.rb,3db04ce74cb18f5efa6c24139d96d498c8756687,CVE-2009-4484
618921880,Pflegusch/metasploit-module-research,modules/exploits/linux/mysql/mysql_yassl_getname.rb,3db04ce74cb18f5efa6c24139d96d498c8756687,OSVDB-61956
618921880,Pflegusch/metasploit-module-research,modules/exploits/unix/webapp/sugarcrm_unserialize_exec.rb,3dbb1af63fbea1d59809fec90d9af51179287a84,OSVDB-83361
618921880,Pflegusch/metasploit-module-research,modules/exploits/unix/webapp/sugarcrm_unserialize_exec.rb,3dbb1af63fbea1d59809fec90d9af51179287a84,CVE-2012-0694
618921880,Pflegusch/metasploit-module-research,modules/exploits/windows/browser/ms05_054_onload.rb,3dd0cca8397a7863ac3113e20cb34e8e77e3c189,CVE-2005-1790
618921880,Pflegusch/metasploit-module-research,modules/exploits/windows/browser/ms05_054_onload.rb,3dd0cca8397a7863ac3113e20cb34e8e77e3c189,BID-13799
618921880,Pflegusch/metasploit-module-research,modules/exploits/windows/browser/ms05_054_onload.rb,3dd0cca8397a7863ac3113e20cb34e8e77e3c189,MS05-054
618921880,Pflegusch/metasploit-module-research,modules/exploits/windows/browser/ms05_054_onload.rb,3dd0cca8397a7863ac3113e20cb34e8e77e3c189,OSVDB-17094
618921880,Pflegusch/metasploit-module-research,modules/exploits/windows/http/ca_totaldefense_regeneratereports.rb,3de15fd45a2e7a9f641bdd1a1e56554e916661db,CVE-2011-1653
618921880,Pflegusch/metasploit-module-research,modules/exploits/windows/http/ca_totaldefense_regeneratereports.rb,3de15fd45a2e7a9f641bdd1a1e56554e916661db,OSVDB-74968
618921880,Pflegusch/metasploit-module-research,modules/exploits/linux/http/unraid_auth_bypass_exec.rb,3de9cbb6d7059826a7847de7cc4b1b0cb3bbaf04,CVE-2020-5847
618921880,Pflegusch/metasploit-module-research,modules/exploits/linux/http/unraid_auth_bypass_exec.rb,3de9cbb6d7059826a7847de7cc4b1b0cb3bbaf04,CVE-2020-5849
618921880,Pflegusch/metasploit-module-research,modules/auxiliary/scanner/http/citrix_dir_traversal.rb,3dfd5eead2ad663fc5af1ede34a31c15e6abc137,CVE-2019-19781
618921880,Pflegusch/metasploit-module-research,modules/exploits/multi/ftp/pureftpd_bash_env_exec.rb,3e08e1829b95513e656f29d2847ff4a4f98dd0fc,OSVDB-112004
618921880,Pflegusch/metasploit-module-research,modules/exploits/multi/ftp/pureftpd_bash_env_exec.rb,3e08e1829b95513e656f29d2847ff4a4f98dd0fc,CVE-2014-6271
618921880,Pflegusch/metasploit-module-research,modules/auxiliary/scanner/snmp/cnpilot_r_snmp_loot.rb,3e0ac82c91c318fb3102590dad9e273d0e79a39f,CVE-2017-5262
618921880,Pflegusch/metasploit-module-research,modules/auxiliary/admin/http/cnpilot_r_fpt.rb,3e2cedbe87002b27c7a67a1e2b1aa67751bd768a,CVE-2017-5261
618921880,Pflegusch/metasploit-module-research,modules/auxiliary/admin/http/intersil_pass_reset.rb,3e485a35c835fbc2e72a79a75dd67a0b5bb489ac,CVE-2007-4915
618921880,Pflegusch/metasploit-module-research,modules/auxiliary/admin/http/intersil_pass_reset.rb,3e485a35c835fbc2e72a79a75dd67a0b5bb489ac,BID-25676
618921880,Pflegusch/metasploit-module-research,modules/exploits/windows/tftp/dlink_long_filename.rb,3e5443debd31630d38a1f88938e6c84d5f49b397,OSVDB-33977
618921880,Pflegusch/metasploit-module-research,modules/exploits/windows/tftp/dlink_long_filename.rb,3e5443debd31630d38a1f88938e6c84d5f49b397,BID-22923
618921880,Pflegusch/metasploit-module-research,modules/exploits/windows/tftp/dlink_long_filename.rb,3e5443debd31630d38a1f88938e6c84d5f49b397,CVE-2007-1435
618921880,Pflegusch/metasploit-module-research,modules/auxiliary/sqli/oracle/droptable_trigger.rb,3eb18765b1316ec1230cdc7e7c4a7f81a15560b4,CVE-2008-3979
618921880,Pflegusch/metasploit-module-research,modules/auxiliary/sqli/oracle/droptable_trigger.rb,3eb18765b1316ec1230cdc7e7c4a7f81a15560b4,OSVDB-51354
618921880,Pflegusch/metasploit-module-research,modules/exploits/windows/http/sonicwall_scrutinizer_sqli.rb,3eb4f69921943fe69f9532fe86bc118abcc2ad1c,OSVDB-84232
618921880,Pflegusch/metasploit-module-research,modules/exploits/windows/http/sonicwall_scrutinizer_sqli.rb,3eb4f69921943fe69f9532fe86bc118abcc2ad1c,CVE-2012-2962
618921880,Pflegusch/metasploit-module-research,modules/exploits/windows/http/sonicwall_scrutinizer_sqli.rb,3eb4f69921943fe69f9532fe86bc118abcc2ad1c,BID-54625
618921880,Pflegusch/metasploit-module-research,modules/exploits/windows/http/hp_power_manager_filename.rb,3ecb8047e1de648e7168e45ee633fe1280ba0013,BID-37867
618921880,Pflegusch/metasploit-module-research,modules/exploits/windows/http/hp_power_manager_filename.rb,3ecb8047e1de648e7168e45ee633fe1280ba0013,CVE-2009-3999
618921880,Pflegusch/metasploit-module-research,modules/exploits/windows/http/hp_power_manager_filename.rb,3ecb8047e1de648e7168e45ee633fe1280ba0013,OSVDB-61848
618921880,Pflegusch/metasploit-module-research,modules/exploits/windows/imap/mailenable_login.rb,3ed37ba6885c1da056ea95d303d69810d474a0a2,BID-21492
618921880,Pflegusch/metasploit-module-research,modules/exploits/windows/imap/mailenable_login.rb,3ed37ba6885c1da056ea95d303d69810d474a0a2,OSVDB-32125
618921880,Pflegusch/metasploit-module-research,modules/exploits/windows/imap/mailenable_login.rb,3ed37ba6885c1da056ea95d303d69810d474a0a2,CVE-2006-6423
618921880,Pflegusch/metasploit-module-research,modules/exploits/linux/ssh/microfocus_obr_shrboadmin.rb,3ef65a36ec7b12778d0789d12c7ff539aaa22812,CVE-2020-11857
618921880,Pflegusch/metasploit-module-research,modules/exploits/windows/imap/imail_delete.rb,3f00917ca206d1c0ddfd6604fec25e06bd3b94fe,OSVDB-11838
618921880,Pflegusch/metasploit-module-research,modules/exploits/windows/imap/imail_delete.rb,3f00917ca206d1c0ddfd6604fec25e06bd3b94fe,BID-11675
618921880,Pflegusch/metasploit-module-research,modules/exploits/windows/imap/imail_delete.rb,3f00917ca206d1c0ddfd6604fec25e06bd3b94fe,CVE-2004-1520
618921880,Pflegusch/metasploit-module-research,modules/exploits/unix/local/chkrootkit.rb,3f100a85da118f19d214a2d889ac328c7991eb99,BID-67813
618921880,Pflegusch/metasploit-module-research,modules/exploits/unix/local/chkrootkit.rb,3f100a85da118f19d214a2d889ac328c7991eb99,CVE-2014-0476
618921880,Pflegusch/metasploit-module-research,modules/exploits/unix/local/chkrootkit.rb,3f100a85da118f19d214a2d889ac328c7991eb99,OSVDB-107710
618921880,Pflegusch/metasploit-module-research,modules/exploits/linux/local/ptrace_traceme_pkexec_helper.rb,3f1b36dbbfa82118efc85769ff7e6dc352ba826b,GPZ-1903
618921880,Pflegusch/metasploit-module-research,modules/exploits/linux/local/ptrace_traceme_pkexec_helper.rb,3f1b36dbbfa82118efc85769ff7e6dc352ba826b,CVE-2019-13272
618921880,Pflegusch/metasploit-module-research,modules/auxiliary/scanner/memcached/memcached_amp.rb,3f9b8c350d5ec2bfa4ddb3edbe95e30f7ffbb683,CVE-2018-1000115
618921880,Pflegusch/metasploit-module-research,modules/exploits/multi/http/monitorr_webshell_rce_cve_2020_28871.rb,3fb78f5772f3bee7bb448b5465b5c1bda1d9af8a,CVE-2020-28871
618921880,Pflegusch/metasploit-module-research,modules/exploits/windows/browser/mirc_irc_url.rb,401ce7d77f84f59076ca909473a7b893db306ed5,BID-8819
618921880,Pflegusch/metasploit-module-research,modules/exploits/windows/browser/mirc_irc_url.rb,401ce7d77f84f59076ca909473a7b893db306ed5,CVE-2003-1336
618921880,Pflegusch/metasploit-module-research,modules/exploits/windows/browser/mirc_irc_url.rb,401ce7d77f84f59076ca909473a7b893db306ed5,OSVDB-2665
618921880,Pflegusch/metasploit-module-research,modules/exploits/linux/http/webid_converter.rb,40237e22b0e6bea9c54366fe4725c7d07d6443ba,OSVDB-73609
618921880,Pflegusch/metasploit-module-research,modules/exploits/windows/smb/netidentity_xtierrpcpipe.rb,40352abb06a92ed261219af9ac85fca979fd753e,BID-34400
618921880,Pflegusch/metasploit-module-research,modules/exploits/windows/smb/netidentity_xtierrpcpipe.rb,40352abb06a92ed261219af9ac85fca979fd753e,OSVDB-53351
618921880,Pflegusch/metasploit-module-research,modules/exploits/windows/smb/netidentity_xtierrpcpipe.rb,40352abb06a92ed261219af9ac85fca979fd753e,CVE-2009-1350
618921880,Pflegusch/metasploit-module-research,modules/exploits/windows/http/trackit_file_upload.rb,408ca9d67451d7a73d706b5b840b1ee976e57863,CVE-2014-4872
618921880,Pflegusch/metasploit-module-research,modules/exploits/windows/http/trackit_file_upload.rb,408ca9d67451d7a73d706b5b840b1ee976e57863,OSVDB-112741
618921880,Pflegusch/metasploit-module-research,modules/post/windows/manage/dell_memory_protect.rb,4091e02544699674c3e893bf613e25cf64f1f5e0,CVE-2021-21551
618921880,Pflegusch/metasploit-module-research,modules/exploits/windows/games/racer_503beta5.rb,40a1ce39cc5a45b3cc601a8c5941174132242e66,OSVDB-39601
618921880,Pflegusch/metasploit-module-research,modules/exploits/windows/games/racer_503beta5.rb,40a1ce39cc5a45b3cc601a8c5941174132242e66,CVE-2007-4370
618921880,Pflegusch/metasploit-module-research,modules/exploits/windows/games/racer_503beta5.rb,40a1ce39cc5a45b3cc601a8c5941174132242e66,BID-25297
618921880,Pflegusch/metasploit-module-research,modules/exploits/windows/http/jira_collector_traversal.rb,40b12b243d4d3c22055cc4db6b44aa433c231f13,BID-65849
618921880,Pflegusch/metasploit-module-research,modules/exploits/windows/http/jira_collector_traversal.rb,40b12b243d4d3c22055cc4db6b44aa433c231f13,OSVDB-103807
618921880,Pflegusch/metasploit-module-research,modules/exploits/windows/http/jira_collector_traversal.rb,40b12b243d4d3c22055cc4db6b44aa433c231f13,CVE-2014-2314
618921880,Pflegusch/metasploit-module-research,modules/exploits/linux/ssh/mercurial_ssh_exec.rb,40bf163351dbefecdec299879a9dd973eccb5532,CVE-2017-9462
618921880,Pflegusch/metasploit-module-research,modules/auxiliary/admin/http/sysaid_file_download.rb,40ea573c7bd640186fdf5bb96fa4686af9aedb15,CVE-2015-2996
618921880,Pflegusch/metasploit-module-research,modules/auxiliary/admin/http/sysaid_file_download.rb,40ea573c7bd640186fdf5bb96fa4686af9aedb15,CVE-2015-2997
618921880,Pflegusch/metasploit-module-research,modules/exploits/multi/misc/bmc_patrol_cmd_exec.rb,411edb64f13da007910d21390511046733d7c800,CVE-2018-20735
618921880,Pflegusch/metasploit-module-research,modules/auxiliary/dos/hp/data_protector_rds.rb,41458e458f6a00d8b1c07826960786cf4248ad50,OSVDB-70617
618921880,Pflegusch/metasploit-module-research,modules/auxiliary/dos/hp/data_protector_rds.rb,41458e458f6a00d8b1c07826960786cf4248ad50,CVE-2011-0514
618921880,Pflegusch/metasploit-module-research,modules/exploits/windows/browser/ms10_002_aurora.rb,4153d7617f1df3bacb98927f478fdda5f2a7003c,OSVDB-61697
618921880,Pflegusch/metasploit-module-research,modules/exploits/windows/browser/ms10_002_aurora.rb,4153d7617f1df3bacb98927f478fdda5f2a7003c,CVE-2010-0249
618921880,Pflegusch/metasploit-module-research,modules/exploits/windows/browser/ms10_002_aurora.rb,4153d7617f1df3bacb98927f478fdda5f2a7003c,MS10-002
618921880,Pflegusch/metasploit-module-research,modules/exploits/windows/browser/ms10_002_aurora.rb,4153d7617f1df3bacb98927f478fdda5f2a7003c,MS10-018
618921880,Pflegusch/metasploit-module-research,modules/exploits/linux/local/cve_2021_3490_ebpf_alu32_bounds_check_lpe.rb,417e4dfa7cb9fe4e0646af65faaf91f1477f7eef,ZDI-21-606
618921880,Pflegusch/metasploit-module-research,modules/exploits/linux/local/cve_2021_3490_ebpf_alu32_bounds_check_lpe.rb,417e4dfa7cb9fe4e0646af65faaf91f1477f7eef,CVE-2020-8835
618921880,Pflegusch/metasploit-module-research,modules/exploits/linux/local/cve_2021_3490_ebpf_alu32_bounds_check_lpe.rb,417e4dfa7cb9fe4e0646af65faaf91f1477f7eef,CVE-2021-3490
618921880,Pflegusch/metasploit-module-research,modules/exploits/solaris/local/rsh_stack_clash_priv_esc.rb,4190814af4e7b900eea3673f5121dd7944366bf8,CVE-2017-3630
618921880,Pflegusch/metasploit-module-research,modules/exploits/solaris/local/rsh_stack_clash_priv_esc.rb,4190814af4e7b900eea3673f5121dd7944366bf8,BID-99153
618921880,Pflegusch/metasploit-module-research,modules/exploits/solaris/local/rsh_stack_clash_priv_esc.rb,4190814af4e7b900eea3673f5121dd7944366bf8,BID-99151
618921880,Pflegusch/metasploit-module-research,modules/exploits/solaris/local/rsh_stack_clash_priv_esc.rb,4190814af4e7b900eea3673f5121dd7944366bf8,CVE-2017-1000364
618921880,Pflegusch/metasploit-module-research,modules/exploits/solaris/local/rsh_stack_clash_priv_esc.rb,4190814af4e7b900eea3673f5121dd7944366bf8,CVE-2017-3629
618921880,Pflegusch/metasploit-module-research,modules/exploits/solaris/local/rsh_stack_clash_priv_esc.rb,4190814af4e7b900eea3673f5121dd7944366bf8,CVE-2017-3631
618921880,Pflegusch/metasploit-module-research,modules/exploits/windows/http/desktopcentral_file_upload.rb,419dd19c4ee3bb6e93cebec6ff436b6496b1b5e5,CVE-2013-7390
618921880,Pflegusch/metasploit-module-research,modules/exploits/windows/http/desktopcentral_file_upload.rb,419dd19c4ee3bb6e93cebec6ff436b6496b1b5e5,OSVDB-100008
618921880,Pflegusch/metasploit-module-research,modules/exploits/linux/http/trend_micro_imsva_exec.rb,41ab4c957fcf2ce1e4d6295da4de5f85664d0e7d,CVE-2017-6398
618921880,Pflegusch/metasploit-module-research,modules/exploits/windows/browser/logitechvideocall_start.rb,41bf446fb398f3a1d1f405fc28f549874da2eef4,BID-24254
618921880,Pflegusch/metasploit-module-research,modules/exploits/windows/browser/logitechvideocall_start.rb,41bf446fb398f3a1d1f405fc28f549874da2eef4,CVE-2007-2918
618921880,Pflegusch/metasploit-module-research,modules/exploits/windows/browser/logitechvideocall_start.rb,41bf446fb398f3a1d1f405fc28f549874da2eef4,OSVDB-36820
618921880,Pflegusch/metasploit-module-research,modules/exploits/multi/http/confluence_widget_connector.rb,41cea33b6412d4cf7c095102f2f23dba051923bc,CVE-2019-3396
618921880,Pflegusch/metasploit-module-research,modules/exploits/unix/http/zivif_ipcheck_exec.rb,41ebc3eb3a1ed4136006942c8f58ed08e20b4ca8,CVE-2017-171069
618921880,Pflegusch/metasploit-module-research,modules/exploits/unix/http/zivif_ipcheck_exec.rb,41ebc3eb3a1ed4136006942c8f58ed08e20b4ca8,CVE-2017-17105
618921880,Pflegusch/metasploit-module-research,modules/exploits/linux/http/alcatel_omnipcx_mastercgi_exec.rb,42429927c8b025ba5687266c000e8d29ab7ea934,CVE-2007-3010
618921880,Pflegusch/metasploit-module-research,modules/exploits/linux/http/alcatel_omnipcx_mastercgi_exec.rb,42429927c8b025ba5687266c000e8d29ab7ea934,OSVDB-40521
618921880,Pflegusch/metasploit-module-research,modules/exploits/linux/http/alcatel_omnipcx_mastercgi_exec.rb,42429927c8b025ba5687266c000e8d29ab7ea934,BID-25694
618921880,Pflegusch/metasploit-module-research,modules/exploits/windows/brightstor/lgserver_rxssetdatagrowthscheduleandfilter.rb,427ccd93317aa6af783914300eeb3560cd48f994,OSVDB-35329
618921880,Pflegusch/metasploit-module-research,modules/exploits/windows/brightstor/lgserver_rxssetdatagrowthscheduleandfilter.rb,427ccd93317aa6af783914300eeb3560cd48f994,BID-24348
618921880,Pflegusch/metasploit-module-research,modules/exploits/windows/brightstor/lgserver_rxssetdatagrowthscheduleandfilter.rb,427ccd93317aa6af783914300eeb3560cd48f994,CVE-2007-3216
618921880,Pflegusch/metasploit-module-research,modules/exploits/windows/browser/ms11_081_option.rb,4296a10d72a4a05f87dbeb964745f6cc89f9d931,CVE-2011-1996
618921880,Pflegusch/metasploit-module-research,modules/exploits/windows/browser/ms11_081_option.rb,4296a10d72a4a05f87dbeb964745f6cc89f9d931,OSVDB-76208
618921880,Pflegusch/metasploit-module-research,modules/exploits/windows/browser/ms11_081_option.rb,4296a10d72a4a05f87dbeb964745f6cc89f9d931,MS11-081
618921880,Pflegusch/metasploit-module-research,modules/exploits/windows/scada/procyon_core_server.rb,42bf1a0117dd4ee2363f1b649577bf79e0899879,OSVDB-75371
618921880,Pflegusch/metasploit-module-research,modules/exploits/windows/scada/procyon_core_server.rb,42bf1a0117dd4ee2363f1b649577bf79e0899879,CVE-2011-3322
618921880,Pflegusch/metasploit-module-research,modules/exploits/unix/webapp/wp_photo_gallery_unrestricted_file_upload.rb,433521d3edf1ee4a2f4489c10d7497ad5e174ff2,OSVDB-117676
618921880,Pflegusch/metasploit-module-research,modules/exploits/unix/webapp/wp_photo_gallery_unrestricted_file_upload.rb,433521d3edf1ee4a2f4489c10d7497ad5e174ff2,CVE-2014-9312
618921880,Pflegusch/metasploit-module-research,modules/post/hardware/automotive/pdt.rb,434f5b8601ab6a43dee2b84ef843c867f152af62,CVE-2017-14937
618921880,Pflegusch/metasploit-module-research,modules/exploits/linux/http/nginx_chunked_size.rb,43769f0cb199f4936e5dc3844f509ac00fe0b07d,CVE-2013-2028
618921880,Pflegusch/metasploit-module-research,modules/exploits/linux/http/nginx_chunked_size.rb,43769f0cb199f4936e5dc3844f509ac00fe0b07d,OSVDB-93037
618921880,Pflegusch/metasploit-module-research,modules/exploits/windows/http/exchange_ecp_dlp_policy.rb,437b341d12a3d6600f9c139e6270f33587eff2bd,CVE-2020-17132
618921880,Pflegusch/metasploit-module-research,modules/exploits/windows/http/exchange_ecp_dlp_policy.rb,437b341d12a3d6600f9c139e6270f33587eff2bd,CVE-2020-16875
618921880,Pflegusch/metasploit-module-research,modules/exploits/windows/local/ms15_051_client_copy_image.rb,4392d1335668d49d1edd17fecd78e750d487c5e2,MS15-051
618921880,Pflegusch/metasploit-module-research,modules/exploits/windows/local/ms15_051_client_copy_image.rb,4392d1335668d49d1edd17fecd78e750d487c5e2,CVE-2015-1701
618921880,Pflegusch/metasploit-module-research,modules/auxiliary/dos/windows/ssh/sysax_sshd_kexchange.rb,439b7464e7babf17782c61ae188c52abcb1ac6ef,OSVDB-92081
618921880,Pflegusch/metasploit-module-research,modules/exploits/linux/misc/nagios_nrpe_arguments.rb,43b3bc2f70bd06b68f84f0bfae3c2f7a9ca2ff66,CVE-2013-1362
618921880,Pflegusch/metasploit-module-research,modules/exploits/linux/misc/nagios_nrpe_arguments.rb,43b3bc2f70bd06b68f84f0bfae3c2f7a9ca2ff66,BID-58142
618921880,Pflegusch/metasploit-module-research,modules/exploits/linux/misc/nagios_nrpe_arguments.rb,43b3bc2f70bd06b68f84f0bfae3c2f7a9ca2ff66,OSVDB-90582
618921880,Pflegusch/metasploit-module-research,modules/exploits/multi/http/rocket_servergraph_file_requestor_rce.rb,43bf96c687d77a6c8047db727e94d8d0354e43fc,BID-67779
618921880,Pflegusch/metasploit-module-research,modules/exploits/multi/http/rocket_servergraph_file_requestor_rce.rb,43bf96c687d77a6c8047db727e94d8d0354e43fc,CVE-2014-3914
618921880,Pflegusch/metasploit-module-research,modules/exploits/windows/http/integard_password_bof.rb,43c3182235bb7d143737236a4c29ff481dd3c245,OSVDB-67909
618921880,Pflegusch/metasploit-module-research,modules/auxiliary/scanner/tftp/netdecision_tftp.rb,43ea6ef68b431aee1f1482fe96dbb57cb460d5ce,CVE-2009-1730
618921880,Pflegusch/metasploit-module-research,modules/auxiliary/scanner/tftp/netdecision_tftp.rb,43ea6ef68b431aee1f1482fe96dbb57cb460d5ce,OSVDB-54607
618921880,Pflegusch/metasploit-module-research,modules/auxiliary/scanner/tftp/netdecision_tftp.rb,43ea6ef68b431aee1f1482fe96dbb57cb460d5ce,BID-35002
618921880,Pflegusch/metasploit-module-research,modules/exploits/multi/http/phpmoadmin_exec.rb,43ef6829ac66fc45caad6a170344becc4d47de6a,CVE-2015-2208
618921880,Pflegusch/metasploit-module-research,modules/exploits/windows/fileformat/xion_m3u_sehbof.rb,44074b29441c5c01350c2645eef52c2bb9d65470,OSVDB-66912
618921880,Pflegusch/metasploit-module-research,modules/exploits/multi/http/apache_mod_cgi_bash_env_exec.rb,4411b8e33b8b767a7e7fa97120b3b204555d254d,OSVDB-112004
618921880,Pflegusch/metasploit-module-research,modules/exploits/multi/http/apache_mod_cgi_bash_env_exec.rb,4411b8e33b8b767a7e7fa97120b3b204555d254d,CVE-2014-6278
618921880,Pflegusch/metasploit-module-research,modules/exploits/multi/http/apache_mod_cgi_bash_env_exec.rb,4411b8e33b8b767a7e7fa97120b3b204555d254d,CVE-2014-6271
618921880,Pflegusch/metasploit-module-research,modules/post/windows/gather/credentials/gpp.rb,441432c522abb38cca7a84996c894d2d84561391,MS14-025
618921880,Pflegusch/metasploit-module-research,modules/exploits/linux/http/xplico_exec.rb,442bd9bcdbdf8d97c9cca920f7632d0d0a19ef26,CVE-2017-16666
618921880,Pflegusch/metasploit-module-research,modules/exploits/linux/misc/hp_vsa_login_bof.rb,443a7c4f4564681bd77ba1b585b83edc72fb3d78,OSVDB-94701
618921880,Pflegusch/metasploit-module-research,modules/exploits/linux/misc/hp_vsa_login_bof.rb,443a7c4f4564681bd77ba1b585b83edc72fb3d78,CVE-2013-2343
618921880,Pflegusch/metasploit-module-research,modules/auxiliary/scanner/http/wp_wps_hide_login_revealer.rb,446ce2aedeeab2927a0e287d9d4d7514a80c5176,CVE-2021-24917
618921880,Pflegusch/metasploit-module-research,modules/auxiliary/gather/billquick_txtid_sqli.rb,4482e0389c1dfcb63eac91e196f9c40036b00508,CVE-2021-42258
618921880,Pflegusch/metasploit-module-research,modules/exploits/windows/misc/hp_operations_agent_coda_34.rb,44a6542b5273824e253ce6c25a9c4d7e80d62612,OSVDB-83673
618921880,Pflegusch/metasploit-module-research,modules/exploits/windows/misc/hp_operations_agent_coda_34.rb,44a6542b5273824e253ce6c25a9c4d7e80d62612,CVE-2012-2019
618921880,Pflegusch/metasploit-module-research,modules/exploits/windows/misc/hp_operations_agent_coda_34.rb,44a6542b5273824e253ce6c25a9c4d7e80d62612,BID-54362
618921880,Pflegusch/metasploit-module-research,modules/exploits/windows/misc/crosschex_device_bof.rb,44b9c22b2c894ba078c68a2a46a154239dbd3679,CVE-2019-12518
618921880,Pflegusch/metasploit-module-research,modules/exploits/multi/http/vbulletin_widget_template_rce.rb,44e551b4d7491e14a914128118c41d2044cca619,CVE-2019-16759
618921880,Pflegusch/metasploit-module-research,modules/exploits/multi/http/vbulletin_widget_template_rce.rb,44e551b4d7491e14a914128118c41d2044cca619,CVE-2020-17496
618921880,Pflegusch/metasploit-module-research,modules/exploits/windows/local/ms_ndproxy.rb,454e2dd207dce82213589170339a4c36bbfa2547,MS14-002
618921880,Pflegusch/metasploit-module-research,modules/exploits/windows/local/ms_ndproxy.rb,454e2dd207dce82213589170339a4c36bbfa2547,CVE-2013-5065
618921880,Pflegusch/metasploit-module-research,modules/exploits/windows/http/dupscts_bof.rb,45575c7097cfb09293040a7f38f8d359e62733c4,CVE-2017-13696
618921880,Pflegusch/metasploit-module-research,modules/exploits/windows/fileformat/ccmplayer_m3u_bof.rb,4559349bc03ec66ea5d1794b90a9f46a8fa7ea26,OSVDB-77453
618921880,Pflegusch/metasploit-module-research,modules/exploits/windows/fileformat/ccmplayer_m3u_bof.rb,4559349bc03ec66ea5d1794b90a9f46a8fa7ea26,CVE-2011-5170
618921880,Pflegusch/metasploit-module-research,modules/exploits/multi/misc/indesign_server_soap.rb,459956c2b680db3e8201fc91476c9290add69834,OSVDB-87548
618921880,Pflegusch/metasploit-module-research,modules/exploits/windows/browser/msxml_get_definition_code_exec.rb,45a20d1b76cf73af2c7e040c6a1e491437548f6c,CVE-2012-1889
618921880,Pflegusch/metasploit-module-research,modules/exploits/windows/browser/msxml_get_definition_code_exec.rb,45a20d1b76cf73af2c7e040c6a1e491437548f6c,BID-53934
618921880,Pflegusch/metasploit-module-research,modules/exploits/windows/browser/msxml_get_definition_code_exec.rb,45a20d1b76cf73af2c7e040c6a1e491437548f6c,MS12-043
618921880,Pflegusch/metasploit-module-research,modules/exploits/windows/browser/msxml_get_definition_code_exec.rb,45a20d1b76cf73af2c7e040c6a1e491437548f6c,OSVDB-82873
618921880,Pflegusch/metasploit-module-research,modules/exploits/linux/misc/ueb9_bpserverd.rb,45b356a2710192d4b8d575e3b5e713c39b65e6c4,CVE-2017-12477
618921880,Pflegusch/metasploit-module-research,modules/auxiliary/scanner/http/majordomo2_directory_traversal.rb,45d9580a4ebeb6d2f5d6e7a207eb6ab560fe8f9e,OSVDB-70762
618921880,Pflegusch/metasploit-module-research,modules/auxiliary/scanner/http/majordomo2_directory_traversal.rb,45d9580a4ebeb6d2f5d6e7a207eb6ab560fe8f9e,CVE-2011-0063
618921880,Pflegusch/metasploit-module-research,modules/auxiliary/scanner/http/majordomo2_directory_traversal.rb,45d9580a4ebeb6d2f5d6e7a207eb6ab560fe8f9e,CVE-2011-0049
618921880,Pflegusch/metasploit-module-research,modules/auxiliary/admin/vxworks/wdbrpc_memory_dump.rb,45e06e122e7cb8642a3031e82a9537ae6248a39b,OSVDB-66842
618921880,Pflegusch/metasploit-module-research,modules/exploits/windows/http/desktopcentral_deserialization.rb,45ebd6d8ad5ee42e8020caf49f9284e373c07cc3,CVE-2020-10189
618921880,Pflegusch/metasploit-module-research,modules/exploits/linux/http/trueonline_billion_5200w_rce.rb,45f78ccf1b0014f080d26bda2a34890ae3177886,CVE-2017-18369
618921880,Pflegusch/metasploit-module-research,modules/exploits/linux/http/trueonline_billion_5200w_rce.rb,45f78ccf1b0014f080d26bda2a34890ae3177886,CVE-2017-18372
618921880,Pflegusch/metasploit-module-research,modules/exploits/unix/smtp/exim4_string_format.rb,4612def7c7e0dbf76d6f64f2d7007fbb92d8a2fc,CVE-2010-4345
618921880,Pflegusch/metasploit-module-research,modules/exploits/unix/smtp/exim4_string_format.rb,4612def7c7e0dbf76d6f64f2d7007fbb92d8a2fc,OSVDB-69860
618921880,Pflegusch/metasploit-module-research,modules/exploits/unix/smtp/exim4_string_format.rb,4612def7c7e0dbf76d6f64f2d7007fbb92d8a2fc,CVE-2010-4344
618921880,Pflegusch/metasploit-module-research,modules/exploits/unix/smtp/exim4_string_format.rb,4612def7c7e0dbf76d6f64f2d7007fbb92d8a2fc,BID-45308
618921880,Pflegusch/metasploit-module-research,modules/exploits/unix/smtp/exim4_string_format.rb,4612def7c7e0dbf76d6f64f2d7007fbb92d8a2fc,OSVDB-69685
618921880,Pflegusch/metasploit-module-research,modules/exploits/unix/smtp/exim4_string_format.rb,4612def7c7e0dbf76d6f64f2d7007fbb92d8a2fc,BID-45341
618921880,Pflegusch/metasploit-module-research,modules/exploits/multi/browser/java_jre17_exec.rb,4616193bc6c186b2b59a9783e5f3e27d9a557d64,OSVDB-84867
618921880,Pflegusch/metasploit-module-research,modules/exploits/multi/browser/java_jre17_exec.rb,4616193bc6c186b2b59a9783e5f3e27d9a557d64,CVE-2012-4681
618921880,Pflegusch/metasploit-module-research,modules/exploits/windows/fileformat/office_ms17_11882.rb,46552e431408be00e2e9905189334ffdcf8d05e2,CVE-2017-11882
618921880,Pflegusch/metasploit-module-research,modules/exploits/windows/fileformat/office_ms17_11882.rb,46552e431408be00e2e9905189334ffdcf8d05e2,MS17-11882
618921880,Pflegusch/metasploit-module-research,modules/exploits/windows/isapi/ms03_022_nsiislog_post.rb,4673fa0b0a1d365a7a13e4ed2dfecc8422c5ddc1,CVE-2003-0349
618921880,Pflegusch/metasploit-module-research,modules/exploits/windows/isapi/ms03_022_nsiislog_post.rb,4673fa0b0a1d365a7a13e4ed2dfecc8422c5ddc1,OSVDB-4535
618921880,Pflegusch/metasploit-module-research,modules/exploits/windows/isapi/ms03_022_nsiislog_post.rb,4673fa0b0a1d365a7a13e4ed2dfecc8422c5ddc1,MS03-019
618921880,Pflegusch/metasploit-module-research,modules/exploits/windows/isapi/ms03_022_nsiislog_post.rb,4673fa0b0a1d365a7a13e4ed2dfecc8422c5ddc1,MS03-022
618921880,Pflegusch/metasploit-module-research,modules/exploits/windows/isapi/ms03_022_nsiislog_post.rb,4673fa0b0a1d365a7a13e4ed2dfecc8422c5ddc1,BID-8035
618921880,Pflegusch/metasploit-module-research,modules/exploits/linux/http/nuuo_nvrmini_auth_rce.rb,467bd83a2d7e335eedb8480a1ec297593ad2e744,CVE-2016-5675
618921880,Pflegusch/metasploit-module-research,modules/exploits/windows/fileformat/zinfaudioplayer221_pls.rb,4689afd87468889fef3eb66cf954d12d78db9c83,BID-11248
618921880,Pflegusch/metasploit-module-research,modules/exploits/windows/fileformat/zinfaudioplayer221_pls.rb,4689afd87468889fef3eb66cf954d12d78db9c83,OSVDB-10416
618921880,Pflegusch/metasploit-module-research,modules/exploits/windows/fileformat/zinfaudioplayer221_pls.rb,4689afd87468889fef3eb66cf954d12d78db9c83,CVE-2004-0964
618921880,Pflegusch/metasploit-module-research,modules/exploits/freebsd/http/watchguard_cmd_exec.rb,46bc260d82a0c1c6cafb0b78f53239f6dbce8e38,CVE-2015-5453
618921880,Pflegusch/metasploit-module-research,modules/auxiliary/scanner/http/ms15_034_http_sys_memory_dump.rb,470c9194afdca005cf360475b74c9f791cd6ff6f,MS15-034
618921880,Pflegusch/metasploit-module-research,modules/auxiliary/scanner/http/ms15_034_http_sys_memory_dump.rb,470c9194afdca005cf360475b74c9f791cd6ff6f,CVE-2015-1635
618921880,Pflegusch/metasploit-module-research,modules/exploits/unix/http/vmturbo_vmtadmin_exec_noauth.rb,4720621a368dec20088d37460bc1c0a91b035b4d,CVE-2014-5073
618921880,Pflegusch/metasploit-module-research,modules/exploits/unix/http/vmturbo_vmtadmin_exec_noauth.rb,4720621a368dec20088d37460bc1c0a91b035b4d,OSVDB-109572
618921880,Pflegusch/metasploit-module-research,modules/exploits/windows/http/oracle_event_processing_upload.rb,472102c0e006094229ae58b86d7c7bedb698a5cc,CVE-2014-2424
618921880,Pflegusch/metasploit-module-research,modules/exploits/windows/http/oracle_event_processing_upload.rb,472102c0e006094229ae58b86d7c7bedb698a5cc,BID-66871
618921880,Pflegusch/metasploit-module-research,modules/exploits/multi/http/manage_engine_dc_pmp_sqli.rb,475099fc05a11c1dcb79613c3f14840b20c168db,OSVDB-110198
618921880,Pflegusch/metasploit-module-research,modules/exploits/multi/http/manage_engine_dc_pmp_sqli.rb,475099fc05a11c1dcb79613c3f14840b20c168db,CVE-2014-3996
618921880,Pflegusch/metasploit-module-research,modules/exploits/multi/browser/java_setdifficm_bof.rb,47554ccda2c492f0689ce3efd8ceec3ca5928e02,CVE-2009-3869
618921880,Pflegusch/metasploit-module-research,modules/exploits/multi/browser/java_setdifficm_bof.rb,47554ccda2c492f0689ce3efd8ceec3ca5928e02,BID-36881
618921880,Pflegusch/metasploit-module-research,modules/exploits/multi/browser/java_setdifficm_bof.rb,47554ccda2c492f0689ce3efd8ceec3ca5928e02,OSVDB-59710
618921880,Pflegusch/metasploit-module-research,modules/exploits/windows/fileformat/lattice_pac_bof.rb,47740d976f4f3a8044166f5d5a149a8ee2da3d8f,OSVDB-82001
618921880,Pflegusch/metasploit-module-research,modules/exploits/windows/fileformat/lattice_pac_bof.rb,47740d976f4f3a8044166f5d5a149a8ee2da3d8f,BID-53566
618921880,Pflegusch/metasploit-module-research,modules/exploits/windows/fileformat/lattice_pac_bof.rb,47740d976f4f3a8044166f5d5a149a8ee2da3d8f,CVE-2012-2915
618921880,Pflegusch/metasploit-module-research,modules/exploits/windows/misc/ib_isc_attach_database.rb,47a972c95011c2b9a3a708f20bbc9b663ff55b4e,BID-25917
618921880,Pflegusch/metasploit-module-research,modules/exploits/windows/misc/ib_isc_attach_database.rb,47a972c95011c2b9a3a708f20bbc9b663ff55b4e,CVE-2007-5243
618921880,Pflegusch/metasploit-module-research,modules/exploits/windows/misc/ib_isc_attach_database.rb,47a972c95011c2b9a3a708f20bbc9b663ff55b4e,OSVDB-38607
618921880,Pflegusch/metasploit-module-research,modules/exploits/windows/browser/novelliprint_datetime.rb,47e683e04f8a7d7c003d2db8d67846d185082417,BID-37242
618921880,Pflegusch/metasploit-module-research,modules/exploits/windows/browser/novelliprint_datetime.rb,47e683e04f8a7d7c003d2db8d67846d185082417,OSVDB-60804
618921880,Pflegusch/metasploit-module-research,modules/exploits/windows/browser/novelliprint_datetime.rb,47e683e04f8a7d7c003d2db8d67846d185082417,CVE-2009-1569
618921880,Pflegusch/metasploit-module-research,modules/exploits/linux/http/artica_proxy_auth_bypass_service_cmds_peform_command_injection.rb,481c17709e7f1433f81395731ba5af8e900bd818,CVE-2020-17505
618921880,Pflegusch/metasploit-module-research,modules/exploits/linux/http/artica_proxy_auth_bypass_service_cmds_peform_command_injection.rb,481c17709e7f1433f81395731ba5af8e900bd818,CVE-2020-17506
618921880,Pflegusch/metasploit-module-research,modules/exploits/windows/fileformat/ms10_087_rtf_pfragments_bof.rb,483d22fa1cb493da43a504d8c8bcd026dbefb294,BID-44652
618921880,Pflegusch/metasploit-module-research,modules/exploits/windows/fileformat/ms10_087_rtf_pfragments_bof.rb,483d22fa1cb493da43a504d8c8bcd026dbefb294,CVE-2010-3333
618921880,Pflegusch/metasploit-module-research,modules/exploits/windows/fileformat/ms10_087_rtf_pfragments_bof.rb,483d22fa1cb493da43a504d8c8bcd026dbefb294,MS10-087
618921880,Pflegusch/metasploit-module-research,modules/exploits/windows/fileformat/ms10_087_rtf_pfragments_bof.rb,483d22fa1cb493da43a504d8c8bcd026dbefb294,OSVDB-69085
618921880,Pflegusch/metasploit-module-research,modules/exploits/windows/browser/honeywell_hscremotedeploy_exec.rb,483d9ac503fdd856626f9787cdfdff7b68b0749b,OSVDB-90583
618921880,Pflegusch/metasploit-module-research,modules/exploits/windows/browser/honeywell_hscremotedeploy_exec.rb,483d9ac503fdd856626f9787cdfdff7b68b0749b,CVE-2013-0108
618921880,Pflegusch/metasploit-module-research,modules/exploits/windows/browser/honeywell_hscremotedeploy_exec.rb,483d9ac503fdd856626f9787cdfdff7b68b0749b,BID-58134
618921880,Pflegusch/metasploit-module-research,modules/post/windows/gather/credentials/mdaemon_cred_collector.rb,4841c6182ee279547ef77c1f87e593cf06659e14,BID-4686
618921880,Pflegusch/metasploit-module-research,modules/auxiliary/dos/http/marked_redos.rb,4849777e27db7dd6d5351179bd58a78bdcc1217c,CVE-2017-17461
618921880,Pflegusch/metasploit-module-research,modules/exploits/multi/sap/cve_2020_6207_solman_rs.rb,4865cb215fe5204cf89915dad0c4dc86bdff5309,CVE-2020-6207
618921880,Pflegusch/metasploit-module-research,modules/exploits/freebsd/local/mmap.rb,48b08defa15a016a26c5f09f9bee0b132bb6502a,OSVDB-94414
618921880,Pflegusch/metasploit-module-research,modules/exploits/freebsd/local/mmap.rb,48b08defa15a016a26c5f09f9bee0b132bb6502a,BID-60615
618921880,Pflegusch/metasploit-module-research,modules/exploits/freebsd/local/mmap.rb,48b08defa15a016a26c5f09f9bee0b132bb6502a,CVE-2013-2171
618921880,Pflegusch/metasploit-module-research,modules/exploits/linux/local/abrt_sosreport_priv_esc.rb,48c32cf710edbe82018247ae535efa7c1275df0a,CVE-2015-5287
618921880,Pflegusch/metasploit-module-research,modules/exploits/linux/local/abrt_sosreport_priv_esc.rb,48c32cf710edbe82018247ae535efa7c1275df0a,BID-78137
618921880,Pflegusch/metasploit-module-research,modules/exploits/linux/http/cisco_firepower_useradd.rb,48c541efbf573b3776aef822a70d1cb959811f84,CVE-2016-6433
618921880,Pflegusch/metasploit-module-research,modules/auxiliary/dos/syslog/rsyslog_long_tag.rb,48d56b84d9d92160e1c88a62e27153b587a9048e,CVE-2011-3200
618921880,Pflegusch/metasploit-module-research,modules/exploits/windows/ftp/ftpshell_cli_bof.rb,48ea8ca6283aca89d0893a838cf666831fe18afa,CVE-2018-7573
618921880,Pflegusch/metasploit-module-research,modules/auxiliary/scanner/sap/sap_icm_urlscan.rb,4904defc2d500e5a95a3aa9ab3d4869888a9893e,CVE-2010-0738
618921880,Pflegusch/metasploit-module-research,modules/exploits/multi/http/oracle_weblogic_wsat_deserialization_rce.rb,49198f7bd2ff90b6df01089203a2c870e0a89720,CVE-2017-10271
618921880,Pflegusch/metasploit-module-research,modules/exploits/multi/misc/zend_java_bridge.rb,492808575cab35150e0c20b261a14551f43b556b,OSVDB-71420
618921880,Pflegusch/metasploit-module-research,modules/exploits/windows/smb/ms10_046_shortcut_icon_dllloader.rb,49676ed9cd566cf6b2475d4b52225a834cebc460,OSVDB-66387
618921880,Pflegusch/metasploit-module-research,modules/exploits/windows/smb/ms10_046_shortcut_icon_dllloader.rb,49676ed9cd566cf6b2475d4b52225a834cebc460,CVE-2010-2568
618921880,Pflegusch/metasploit-module-research,modules/exploits/windows/smb/ms10_046_shortcut_icon_dllloader.rb,49676ed9cd566cf6b2475d4b52225a834cebc460,MS10-046
618921880,Pflegusch/metasploit-module-research,modules/exploits/windows/browser/blackice_downloadimagefileurl.rb,49710cbdeeccaf5c3509ca8c64047b87a9542a24,CVE-2008-2683
618921880,Pflegusch/metasploit-module-research,modules/exploits/windows/browser/blackice_downloadimagefileurl.rb,49710cbdeeccaf5c3509ca8c64047b87a9542a24,OSVDB-46007
618921880,Pflegusch/metasploit-module-research,modules/exploits/windows/browser/blackice_downloadimagefileurl.rb,49710cbdeeccaf5c3509ca8c64047b87a9542a24,BID-29577
618921880,Pflegusch/metasploit-module-research,modules/exploits/multi/browser/adobe_flash_net_connection_confusion.rb,498982159c0c2fc620d2b300dff57a18802a0f70,CVE-2015-0336
618921880,Pflegusch/metasploit-module-research,modules/exploits/multi/http/sugarcrm_webshell_cve_2023_22952.rb,49aa111b3fa1241294d276995e90718cdcab0eea,CVE-2023-22952
618921880,Pflegusch/metasploit-module-research,modules/exploits/unix/http/pihole_blocklist_exec.rb,49e21d9d3df6a56c1376d5776a76b3b36f329f6e,CVE-2020-11108
618921880,Pflegusch/metasploit-module-research,modules/exploits/windows/brightstor/discovery_udp.rb,49f914f8e0d1398564940918dd03f19fb944d51d,BID-12491
618921880,Pflegusch/metasploit-module-research,modules/exploits/windows/brightstor/discovery_udp.rb,49f914f8e0d1398564940918dd03f19fb944d51d,OSVDB-13613
618921880,Pflegusch/metasploit-module-research,modules/exploits/windows/brightstor/discovery_udp.rb,49f914f8e0d1398564940918dd03f19fb944d51d,CVE-2005-0260
618921880,Pflegusch/metasploit-module-research,modules/auxiliary/scanner/ntp/ntp_req_nonce_dos.rb,49fd02489d6701c993684fe80a6f5541ed9c8032,CVE-2013-5211
618921880,Pflegusch/metasploit-module-research,modules/exploits/windows/fileformat/microp_mppl.rb,4a253aade3480d2efe52f8f04620f27093333706,OSVDB-73627
618921880,Pflegusch/metasploit-module-research,modules/exploits/windows/fileformat/microp_mppl.rb,4a253aade3480d2efe52f8f04620f27093333706,CVE-2010-5299
618921880,Pflegusch/metasploit-module-research,modules/exploits/windows/fileformat/total_video_player_ini_bof.rb,4a3d6b4cc785b80bf95134082a89bf1455d1ec48,OSVDB-100619
618921880,Pflegusch/metasploit-module-research,modules/exploits/multi/http/pmwiki_pagelist.rb,4a47a35fc2ec40bb1a08a2ccbd9e741e37f139ef,CVE-2011-4453
618921880,Pflegusch/metasploit-module-research,modules/exploits/multi/http/pmwiki_pagelist.rb,4a47a35fc2ec40bb1a08a2ccbd9e741e37f139ef,OSVDB-77261
618921880,Pflegusch/metasploit-module-research,modules/exploits/multi/http/pmwiki_pagelist.rb,4a47a35fc2ec40bb1a08a2ccbd9e741e37f139ef,BID-50776
618921880,Pflegusch/metasploit-module-research,modules/exploits/windows/http/dup_scout_enterprise_login_bof.rb,4a51965de0d86a4429982246e65abfce998b0375,CVE-2017-13696
618921880,Pflegusch/metasploit-module-research,modules/exploits/multi/http/wp_plugin_modern_events_calendar_rce.rb,4a6d8d4d3f35381dbc591166b7dbf490214cc9e2,CVE-2021-24145
618921880,Pflegusch/metasploit-module-research,modules/auxiliary/scanner/misc/zenworks_preboot_fileaccess.rb,4a7d301f7a4c4447c3f28169e5c4b417c1bb74de,CVE-2012-2215
618921880,Pflegusch/metasploit-module-research,modules/auxiliary/scanner/misc/zenworks_preboot_fileaccess.rb,4a7d301f7a4c4447c3f28169e5c4b417c1bb74de,OSVDB-80230
618921880,Pflegusch/metasploit-module-research,modules/auxiliary/scanner/http/emby_version_ssrf.rb,4a916e240328f791a7d4d68b2e989a5c88afc74d,CVE-2020-26948
618921880,Pflegusch/metasploit-module-research,modules/exploits/windows/scada/sunway_force_control_netdbsrv.rb,4b2055643cee8c191810612a4452db89b28f2d4a,OSVDB-75798
618921880,Pflegusch/metasploit-module-research,modules/exploits/windows/scada/sunway_force_control_netdbsrv.rb,4b2055643cee8c191810612a4452db89b28f2d4a,BID-49747
618921880,Pflegusch/metasploit-module-research,modules/auxiliary/scanner/http/cisco_firepower_download.rb,4b441aa6bf027a25f4760e9101dc18252b908fbf,CVE-2016-6435
618921880,Pflegusch/metasploit-module-research,modules/exploits/windows/misc/hp_dataprotector_new_folder.rb,4b475efc59a673401788754b1c10265375773837,OSVDB-80105
618921880,Pflegusch/metasploit-module-research,modules/exploits/windows/misc/hp_dataprotector_new_folder.rb,4b475efc59a673401788754b1c10265375773837,CVE-2012-0124
618921880,Pflegusch/metasploit-module-research,modules/exploits/windows/misc/hp_dataprotector_new_folder.rb,4b475efc59a673401788754b1c10265375773837,BID-52431
618921880,Pflegusch/metasploit-module-research,modules/auxiliary/dos/scada/igss9_dataserver.rb,4b6396a4639fe24e68212f52e5af0c6a2685e4cf,CVE-2011-4050
618921880,Pflegusch/metasploit-module-research,modules/auxiliary/dos/scada/igss9_dataserver.rb,4b6396a4639fe24e68212f52e5af0c6a2685e4cf,OSVDB-77976
618921880,Pflegusch/metasploit-module-research,modules/auxiliary/gather/citrix_published_bruteforce.rb,4b9650393462aaafb7e599f6f8346245d50e3922,OSVDB-50617
618921880,Pflegusch/metasploit-module-research,modules/auxiliary/gather/citrix_published_bruteforce.rb,4b9650393462aaafb7e599f6f8346245d50e3922,BID-5817
618921880,Pflegusch/metasploit-module-research,modules/auxiliary/server/netbios_spoof_nat.rb,4bab12fc594eef01ba827548346334ec3bb324d6,MS16-063
618921880,Pflegusch/metasploit-module-research,modules/auxiliary/server/netbios_spoof_nat.rb,4bab12fc594eef01ba827548346334ec3bb324d6,CVE-2016-3236
618921880,Pflegusch/metasploit-module-research,modules/auxiliary/server/netbios_spoof_nat.rb,4bab12fc594eef01ba827548346334ec3bb324d6,CVE-2016-3213
618921880,Pflegusch/metasploit-module-research,modules/auxiliary/server/netbios_spoof_nat.rb,4bab12fc594eef01ba827548346334ec3bb324d6,MS16-077
618921880,Pflegusch/metasploit-module-research,modules/exploits/windows/smb/smb_relay.rb,4bb4e62a18411c61f979d47002af2c0a38d58c68,CVE-2008-4037
618921880,Pflegusch/metasploit-module-research,modules/exploits/windows/smb/smb_relay.rb,4bb4e62a18411c61f979d47002af2c0a38d58c68,OSVDB-49736
618921880,Pflegusch/metasploit-module-research,modules/exploits/windows/smb/smb_relay.rb,4bb4e62a18411c61f979d47002af2c0a38d58c68,MS08-068
618921880,Pflegusch/metasploit-module-research,modules/exploits/multi/http/cisco_dcnm_upload.rb,4bb5142d89ae25645b4b715d6b8d3cb11ee785d7,OSVDB-97426
618921880,Pflegusch/metasploit-module-research,modules/exploits/multi/http/cisco_dcnm_upload.rb,4bb5142d89ae25645b4b715d6b8d3cb11ee785d7,CVE-2013-5486
618921880,Pflegusch/metasploit-module-research,modules/exploits/windows/http/netgear_nms_rce.rb,4bbe61a666e6b87ed69b1070213bde532d7e3da0,CVE-2016-1525
618921880,Pflegusch/metasploit-module-research,modules/exploits/solaris/samba/trans2open.rb,4bfb1e593a084a87e9f80aeb89b2e86bc6a1810e,BID-7294
618921880,Pflegusch/metasploit-module-research,modules/exploits/solaris/samba/trans2open.rb,4bfb1e593a084a87e9f80aeb89b2e86bc6a1810e,CVE-2003-0201
618921880,Pflegusch/metasploit-module-research,modules/exploits/solaris/samba/trans2open.rb,4bfb1e593a084a87e9f80aeb89b2e86bc6a1810e,OSVDB-4469
618921880,Pflegusch/metasploit-module-research,modules/exploits/linux/ssh/vyos_restricted_shell_privesc.rb,4c1d35bf3b3d70f5fd143f5a27dff7a18e7ac33a,CVE-2018-18556
618921880,Pflegusch/metasploit-module-research,modules/exploits/windows/http/sharepoint_unsafe_control.rb,4c3850640ccd18d24f5505246069f404b3f794fb,CVE-2021-31181
618921880,Pflegusch/metasploit-module-research,modules/exploits/unix/http/syncovery_linux_rce_2022_36534.rb,4c4bd4c646eb98116cf260763b19fa59344a1d5e,CVE-2022-36534
618921880,Pflegusch/metasploit-module-research,modules/exploits/windows/scada/daq_factory_bof.rb,4c749f2ba955232a900942d743a07d00f766bbac,CVE-2011-3492
618921880,Pflegusch/metasploit-module-research,modules/exploits/windows/scada/daq_factory_bof.rb,4c749f2ba955232a900942d743a07d00f766bbac,OSVDB-75496
618921880,Pflegusch/metasploit-module-research,modules/exploits/windows/misc/avaya_winpmd_unihostrouter.rb,4c80c99b4bcf96f12f9195478e18c78bfbc19adb,OSVDB-73269
618921880,Pflegusch/metasploit-module-research,modules/exploits/windows/misc/avaya_winpmd_unihostrouter.rb,4c80c99b4bcf96f12f9195478e18c78bfbc19adb,BID-47947
618921880,Pflegusch/metasploit-module-research,modules/exploits/windows/misc/avaya_winpmd_unihostrouter.rb,4c80c99b4bcf96f12f9195478e18c78bfbc19adb,OSVDB-82764
618921880,Pflegusch/metasploit-module-research,modules/exploits/apple_ios/email/mobilemail_libtiff.rb,4ca8a280f715380013815076c01302a0019826d4,CVE-2006-3459
618921880,Pflegusch/metasploit-module-research,modules/exploits/apple_ios/email/mobilemail_libtiff.rb,4ca8a280f715380013815076c01302a0019826d4,OSVDB-27723
618921880,Pflegusch/metasploit-module-research,modules/exploits/apple_ios/email/mobilemail_libtiff.rb,4ca8a280f715380013815076c01302a0019826d4,BID-19283
618921880,Pflegusch/metasploit-module-research,modules/exploits/linux/misc/sercomm_exec.rb,4ceb268fe90577c4d1d62cdb2c6764d33b6e5b75,OSVDB-101653
618921880,Pflegusch/metasploit-module-research,modules/exploits/multi/http/netwin_surgeftp_exec.rb,4d0073339064a897774bb5d78efb16c3b0e2beb4,OSVDB-89105
618921880,Pflegusch/metasploit-module-research,modules/auxiliary/scanner/mssql/mssql_login.rb,4d19dce412108a55081ef09bb7c4778bb3d8b0bc,CVE-1999-0506
618921880,Pflegusch/metasploit-module-research,modules/exploits/windows/misc/fb_cnct_group.rb,4d20da874057cf3eac14d190c5575ea93745d255,CVE-2013-2492
618921880,Pflegusch/metasploit-module-research,modules/exploits/windows/misc/fb_cnct_group.rb,4d20da874057cf3eac14d190c5575ea93745d255,OSVDB-91044
618921880,Pflegusch/metasploit-module-research,modules/exploits/multi/http/snortreport_exec.rb,4d422915ec49f2feee7b11af6ee0a4f024baebc6,OSVDB-67739
618921880,Pflegusch/metasploit-module-research,modules/exploits/windows/fileformat/mcafee_hercules_deletesnapshot.rb,4d4c0a830241f34e6f819bbe2980b5343efd37fa,OSVDB-94540
618921880,Pflegusch/metasploit-module-research,modules/exploits/windows/misc/eureka_mail_err.rb,4d56978a6f1ceb7c27684ead9794b4ade168fdcc,CVE-2009-3837
618921880,Pflegusch/metasploit-module-research,modules/exploits/windows/misc/eureka_mail_err.rb,4d56978a6f1ceb7c27684ead9794b4ade168fdcc,OSVDB-59262
618921880,Pflegusch/metasploit-module-research,modules/exploits/multi/ssh/sshexec.rb,4d745147f3fe38528b0b9ed99bdf789a17bac1f3,CVE-1999-0502
618921880,Pflegusch/metasploit-module-research,modules/exploits/linux/local/udev_netlink.rb,4d8d94db744c4f50cd77b4e429dc2729c1e227e0,BID-34536
618921880,Pflegusch/metasploit-module-research,modules/exploits/linux/local/udev_netlink.rb,4d8d94db744c4f50cd77b4e429dc2729c1e227e0,OSVDB-53810
618921880,Pflegusch/metasploit-module-research,modules/exploits/linux/local/udev_netlink.rb,4d8d94db744c4f50cd77b4e429dc2729c1e227e0,CVE-2009-1185
618921880,Pflegusch/metasploit-module-research,modules/exploits/windows/fileformat/ursoft_w32dasm.rb,4dae3ea38c68309e15ee62d43dd953509b58c606,CVE-2005-0308
618921880,Pflegusch/metasploit-module-research,modules/exploits/windows/fileformat/ursoft_w32dasm.rb,4dae3ea38c68309e15ee62d43dd953509b58c606,BID-12352
618921880,Pflegusch/metasploit-module-research,modules/exploits/windows/fileformat/ursoft_w32dasm.rb,4dae3ea38c68309e15ee62d43dd953509b58c606,OSVDB-13169
618921880,Pflegusch/metasploit-module-research,modules/exploits/windows/local/ricoh_driver_privesc.rb,4dbee2dcacf36b69fc1ca3eef104108b8d709d78,CVE-2019-19363
618921880,Pflegusch/metasploit-module-research,modules/exploits/multi/http/phpmyadmin_preg_replace.rb,4dd719310dd3168005623ee96abb4c8e71ff3673,CVE-2013-3238
618921880,Pflegusch/metasploit-module-research,modules/exploits/multi/http/phpmyadmin_preg_replace.rb,4dd719310dd3168005623ee96abb4c8e71ff3673,OSVDB-92793
618921880,Pflegusch/metasploit-module-research,modules/auxiliary/dos/windows/smb/ms10_006_negotiate_response_loop.rb,4de9e0a279673a6ef1c16dab81fc600f7bd05096,MS10-006
618921880,Pflegusch/metasploit-module-research,modules/auxiliary/dos/windows/smb/ms10_006_negotiate_response_loop.rb,4de9e0a279673a6ef1c16dab81fc600f7bd05096,OSVDB-62244
618921880,Pflegusch/metasploit-module-research,modules/auxiliary/dos/windows/smb/ms10_006_negotiate_response_loop.rb,4de9e0a279673a6ef1c16dab81fc600f7bd05096,CVE-2010-0017
618921880,Pflegusch/metasploit-module-research,modules/auxiliary/admin/android/google_play_store_uxss_xframe_rce.rb,4e12a6dd63989b63f33db709824ddb1627b96553,CVE-2014-6041
618921880,Pflegusch/metasploit-module-research,modules/auxiliary/admin/android/google_play_store_uxss_xframe_rce.rb,4e12a6dd63989b63f33db709824ddb1627b96553,OSVDB-110664
618921880,Pflegusch/metasploit-module-research,modules/exploits/windows/browser/novelliprint_getdriversettings.rb,4e41cf2798caf63f53b4bcf51f0c50dc43757c3d,OSVDB-46194
618921880,Pflegusch/metasploit-module-research,modules/exploits/windows/browser/novelliprint_getdriversettings.rb,4e41cf2798caf63f53b4bcf51f0c50dc43757c3d,CVE-2008-2908
618921880,Pflegusch/metasploit-module-research,modules/exploits/multi/http/jboss_maindeployer.rb,4eb658c146fca41520f3fb51b43e57f26ff60514,CVE-2010-0738
618921880,Pflegusch/metasploit-module-research,modules/exploits/multi/http/jboss_maindeployer.rb,4eb658c146fca41520f3fb51b43e57f26ff60514,OSVDB-33744
618921880,Pflegusch/metasploit-module-research,modules/exploits/multi/http/jboss_maindeployer.rb,4eb658c146fca41520f3fb51b43e57f26ff60514,CVE-2007-1036
618921880,Pflegusch/metasploit-module-research,modules/exploits/windows/misc/shixxnote_font.rb,4ef878851bdceb2960dd0770c269a3c683cfcd0c,BID-11409
618921880,Pflegusch/metasploit-module-research,modules/exploits/windows/misc/shixxnote_font.rb,4ef878851bdceb2960dd0770c269a3c683cfcd0c,OSVDB-10721
618921880,Pflegusch/metasploit-module-research,modules/exploits/windows/misc/shixxnote_font.rb,4ef878851bdceb2960dd0770c269a3c683cfcd0c,CVE-2004-1595
618921880,Pflegusch/metasploit-module-research,modules/auxiliary/scanner/ntp/ntp_unsettrap_dos.rb,4f1d2e0bc0abc8cc0b51e7692c75e49121dc3b2a,CVE-2013-5211
618921880,Pflegusch/metasploit-module-research,modules/exploits/linux/http/roxy_wi_exec.rb,4f2495cd5ffcea93b1947e0e195ab2b4f702574e,GHSA-53R2-MQ99-F532
618921880,Pflegusch/metasploit-module-research,modules/exploits/linux/http/roxy_wi_exec.rb,4f2495cd5ffcea93b1947e0e195ab2b4f702574e,CVE-2022-3113
618921880,Pflegusch/metasploit-module-research,modules/exploits/linux/http/roxy_wi_exec.rb,4f2495cd5ffcea93b1947e0e195ab2b4f702574e,CVE-2022-31137
618921880,Pflegusch/metasploit-module-research,modules/auxiliary/scanner/http/epmp1000_reset_pass.rb,4f2fe95ea0266bab4565ff59a0c2c72f502e93ab,CVE-2017-5254
618921880,Pflegusch/metasploit-module-research,modules/exploits/windows/http/intersystems_cache.rb,4f4971b0cded1bcdcaf39afe729a4d8cf8680a34,BID-37177
618921880,Pflegusch/metasploit-module-research,modules/exploits/windows/http/intersystems_cache.rb,4f4971b0cded1bcdcaf39afe729a4d8cf8680a34,OSVDB-60549
618921880,Pflegusch/metasploit-module-research,modules/exploits/windows/browser/chilkat_crypt_writefile.rb,4f70c9f13f8744afb1b2751f4ab25ca82e298a52,BID-32073
618921880,Pflegusch/metasploit-module-research,modules/exploits/windows/browser/chilkat_crypt_writefile.rb,4f70c9f13f8744afb1b2751f4ab25ca82e298a52,CVE-2008-5002
618921880,Pflegusch/metasploit-module-research,modules/exploits/windows/browser/chilkat_crypt_writefile.rb,4f70c9f13f8744afb1b2751f4ab25ca82e298a52,OSVDB-49510
618921880,Pflegusch/metasploit-module-research,modules/exploits/linux/local/tomcat_rhel_based_temp_priv_esc.rb,4f7156ab982929f2d28aa16bd8d82ffac5255ac3,CVE-2016-5425
618921880,Pflegusch/metasploit-module-research,modules/exploits/windows/browser/windvd7_applicationtype.rb,4f83d325008873894f9d78da1bdb101c9a7a1086,OSVDB-34315
618921880,Pflegusch/metasploit-module-research,modules/exploits/windows/browser/windvd7_applicationtype.rb,4f83d325008873894f9d78da1bdb101c9a7a1086,BID-23071
618921880,Pflegusch/metasploit-module-research,modules/exploits/windows/browser/windvd7_applicationtype.rb,4f83d325008873894f9d78da1bdb101c9a7a1086,CVE-2007-0348
618921880,Pflegusch/metasploit-module-research,modules/exploits/multi/http/phpmyadmin_lfi_rce.rb,4f86e6c80ff7b6aa2c7f3fe9919d7403301300ce,CVE-2018-12613
618921880,Pflegusch/metasploit-module-research,modules/exploits/multi/http/phpmyadmin_lfi_rce.rb,4f86e6c80ff7b6aa2c7f3fe9919d7403301300ce,BID-104532
618921880,Pflegusch/metasploit-module-research,modules/exploits/windows/smtp/ms03_046_exchange2000_xexch50.rb,4f92c4a9ed6824f8af0c4044707337b17d0858b3,BID-8838
618921880,Pflegusch/metasploit-module-research,modules/exploits/windows/smtp/ms03_046_exchange2000_xexch50.rb,4f92c4a9ed6824f8af0c4044707337b17d0858b3,MS03-046
618921880,Pflegusch/metasploit-module-research,modules/exploits/windows/smtp/ms03_046_exchange2000_xexch50.rb,4f92c4a9ed6824f8af0c4044707337b17d0858b3,CVE-2003-0714
618921880,Pflegusch/metasploit-module-research,modules/exploits/windows/smtp/ms03_046_exchange2000_xexch50.rb,4f92c4a9ed6824f8af0c4044707337b17d0858b3,OSVDB-2674
618921880,Pflegusch/metasploit-module-research,modules/exploits/unix/webapp/wp_frontend_editor_file_upload.rb,4f9ad4c97fd5408c2137f575b1f7370a04f183d6,OSVDB-83637
618921880,Pflegusch/metasploit-module-research,modules/exploits/windows/local/ms14_070_tcpip_ioctl.rb,4fcb2b8a97526c986e2bc499059ec3ecfde8c3b9,MS14-070
618921880,Pflegusch/metasploit-module-research,modules/exploits/windows/local/ms14_070_tcpip_ioctl.rb,4fcb2b8a97526c986e2bc499059ec3ecfde8c3b9,OSVDB-114532
618921880,Pflegusch/metasploit-module-research,modules/exploits/windows/local/ms14_070_tcpip_ioctl.rb,4fcb2b8a97526c986e2bc499059ec3ecfde8c3b9,CVE-2014-4076
618921880,Pflegusch/metasploit-module-research,modules/auxiliary/scanner/http/hp_imc_bims_downloadservlet_traversal.rb,4fcf5745f168fbccd6d220613a423a6b55bca18d,OSVDB-98248
618921880,Pflegusch/metasploit-module-research,modules/auxiliary/scanner/http/hp_imc_bims_downloadservlet_traversal.rb,4fcf5745f168fbccd6d220613a423a6b55bca18d,CVE-2013-4823
618921880,Pflegusch/metasploit-module-research,modules/auxiliary/scanner/http/hp_imc_bims_downloadservlet_traversal.rb,4fcf5745f168fbccd6d220613a423a6b55bca18d,BID-62897
618921880,Pflegusch/metasploit-module-research,modules/exploits/linux/http/asuswrt_lan_rce.rb,501d29b1defed049fe0c644721289d9950050173,CVE-2018-5999
618921880,Pflegusch/metasploit-module-research,modules/exploits/linux/http/asuswrt_lan_rce.rb,501d29b1defed049fe0c644721289d9950050173,CVE-2018-6000
618921880,Pflegusch/metasploit-module-research,modules/exploits/osx/email/mailapp_image_exec.rb,502c245ecdac1479f1de6369702bd66b09989dab,CVE-2007-6165
618921880,Pflegusch/metasploit-module-research,modules/exploits/osx/email/mailapp_image_exec.rb,502c245ecdac1479f1de6369702bd66b09989dab,BID-26510
618921880,Pflegusch/metasploit-module-research,modules/exploits/osx/email/mailapp_image_exec.rb,502c245ecdac1479f1de6369702bd66b09989dab,BID-16907
618921880,Pflegusch/metasploit-module-research,modules/exploits/osx/email/mailapp_image_exec.rb,502c245ecdac1479f1de6369702bd66b09989dab,OSVDB-40875
618921880,Pflegusch/metasploit-module-research,modules/exploits/osx/email/mailapp_image_exec.rb,502c245ecdac1479f1de6369702bd66b09989dab,CVE-2006-0395
618921880,Pflegusch/metasploit-module-research,modules/exploits/windows/fileformat/coolpdf_image_stream_bof.rb,5036c5f87f4747a74d77a3ef80d8825589251fbb,OSVDB-89349
618921880,Pflegusch/metasploit-module-research,modules/exploits/windows/fileformat/coolpdf_image_stream_bof.rb,5036c5f87f4747a74d77a3ef80d8825589251fbb,CVE-2012-4914
618921880,Pflegusch/metasploit-module-research,modules/exploits/windows/fileformat/vlc_modplug_s3m.rb,5060245ca0d267d6c322023adee34cc2683e062c,CVE-2011-1574
618921880,Pflegusch/metasploit-module-research,modules/exploits/windows/fileformat/vlc_modplug_s3m.rb,5060245ca0d267d6c322023adee34cc2683e062c,OSVDB-72143
618921880,Pflegusch/metasploit-module-research,modules/exploits/linux/http/librenms_addhost_cmd_inject.rb,506d762f7989a77a163c515b7ed4ca5cab53dfd1,CVE-2018-20434
618921880,Pflegusch/metasploit-module-research,modules/exploits/linux/http/f5_bigip_tmui_rce.rb,5091c22996cb639fc36a5849c529c4cfa49da163,CVE-2020-5902
618921880,Pflegusch/metasploit-module-research,modules/exploits/multi/misc/w3tw0rk_exec.rb,509b7d3cc2ba5f1146e0b05447e69c4ffcc669e3,OSVDB-120384
618921880,Pflegusch/metasploit-module-research,modules/exploits/multi/misc/legend_bot_exec.rb,50c586abc4f5a2032df574ff73e7afb1d8a8ca04,OSVDB-121681
618921880,Pflegusch/metasploit-module-research,modules/exploits/linux/http/nagios_xi_plugins_filename_authenticated_rce.rb,50d537dd05d8d20428074809fc5463cf0ef9a4fc,CVE-2020-35578
618921880,Pflegusch/metasploit-module-research,modules/exploits/multi/http/spring_cloud_function_spel_injection.rb,50d89b5b80dbdb73299fc27ddf22ea433c8eaa42,CVE-2022-22963
618921880,Pflegusch/metasploit-module-research,modules/exploits/solaris/ssh/pam_username_bof.rb,50f3ca714d39e949b280cc13f69b2b3556ee0087,CVE-2020-18471
618921880,Pflegusch/metasploit-module-research,modules/exploits/solaris/ssh/pam_username_bof.rb,50f3ca714d39e949b280cc13f69b2b3556ee0087,CVE-2020-14871
618921880,Pflegusch/metasploit-module-research,modules/exploits/multi/misc/java_jmx_server.rb,50f8479f1468f5fff36c93b90d3400c6a41ed6f0,CVE-2015-2342
618921880,Pflegusch/metasploit-module-research,modules/exploits/windows/misc/ahsay_backup_fileupload.rb,510a6231eafa75f3ebed52dfee5373b869216bee,CVE-2019-10267
618921880,Pflegusch/metasploit-module-research,modules/exploits/windows/fileformat/lotusnotes_lzh.rb,510bd220908f6d8cfa5a57871ddc0f7e39fd0cb3,OSVDB-72706
618921880,Pflegusch/metasploit-module-research,modules/exploits/windows/fileformat/lotusnotes_lzh.rb,510bd220908f6d8cfa5a57871ddc0f7e39fd0cb3,BID-48018
618921880,Pflegusch/metasploit-module-research,modules/exploits/windows/fileformat/lotusnotes_lzh.rb,510bd220908f6d8cfa5a57871ddc0f7e39fd0cb3,CVE-2011-1213
618921880,Pflegusch/metasploit-module-research,modules/auxiliary/dos/http/ibm_lotus_notes.rb,5134e52323e8d60f570b0697cec4f002796bd78c,CVE-2017-1129
618921880,Pflegusch/metasploit-module-research,modules/exploits/windows/misc/asus_dpcproxy_overflow.rb,51505d616c565539975f5879fb70975a82040427,OSVDB-43638
618921880,Pflegusch/metasploit-module-research,modules/exploits/windows/misc/asus_dpcproxy_overflow.rb,51505d616c565539975f5879fb70975a82040427,BID-28394
618921880,Pflegusch/metasploit-module-research,modules/exploits/windows/misc/asus_dpcproxy_overflow.rb,51505d616c565539975f5879fb70975a82040427,CVE-2008-1491
618921880,Pflegusch/metasploit-module-research,modules/exploits/linux/http/pineapp_livelog_exec.rb,5150819b4705962a65ed7b7d7115f2bf06d3c8e9,OSVDB-95779
618921880,Pflegusch/metasploit-module-research,modules/auxiliary/scanner/snmp/snmp_login.rb,51700995a4b719d459b68957747da5e8d3442d83,CVE-1999-0508
618921880,Pflegusch/metasploit-module-research,modules/exploits/unix/webapp/seportal_sqli_exec.rb,51ac50c51c45bcc39c962adf966c6eac0f87b3bc,CVE-2008-5191
618921880,Pflegusch/metasploit-module-research,modules/exploits/unix/webapp/seportal_sqli_exec.rb,51ac50c51c45bcc39c962adf966c6eac0f87b3bc,OSVDB-46567
618921880,Pflegusch/metasploit-module-research,modules/exploits/windows/http/ektron_xslt_exec.rb,51cd0c51c1498bf7e4a869d816fa367fdaf52f5e,CVE-2012-5357
618921880,Pflegusch/metasploit-module-research,modules/exploits/windows/http/ektron_xslt_exec.rb,51cd0c51c1498bf7e4a869d816fa367fdaf52f5e,OSVDB-88107
618921880,Pflegusch/metasploit-module-research,modules/exploits/windows/http/ektron_xslt_exec.rb,51cd0c51c1498bf7e4a869d816fa367fdaf52f5e,CVE-1012-5358
618921880,Pflegusch/metasploit-module-research,modules/exploits/multi/http/wp_catch_themes_demo_import.rb,51def8f883172b2e3f84ce73048d65374afe399d,CVE-2021-39352
618921880,Pflegusch/metasploit-module-research,modules/exploits/windows/http/hp_nnm_ovwebhelp.rb,51fb1b7ef1348bd7bbc579ab467b5fd8d36688f1,CVE-2009-4178
618921880,Pflegusch/metasploit-module-research,modules/exploits/windows/http/hp_nnm_ovwebhelp.rb,51fb1b7ef1348bd7bbc579ab467b5fd8d36688f1,OSVDB-60929
618921880,Pflegusch/metasploit-module-research,modules/exploits/windows/http/hp_nnm_ovwebhelp.rb,51fb1b7ef1348bd7bbc579ab467b5fd8d36688f1,BID-37340
618921880,Pflegusch/metasploit-module-research,modules/exploits/windows/local/ms11_080_afdjoinleaf.rb,5202eaaade7dfe4e7ce954d81d23c095f3f3c650,MS11-080
618921880,Pflegusch/metasploit-module-research,modules/auxiliary/dos/scada/allen_bradley_pccc.rb,5213765c85842d5ab734b08cbd5da2b53317ab5e,CVE-2017-7924
618921880,Pflegusch/metasploit-module-research,modules/exploits/windows/misc/cve_2022_28381_allmediaserver_bof.rb,5226d7e7c3895560865a5509fd0a8cea49bd1f1f,CVE-2022-28381
618921880,Pflegusch/metasploit-module-research,modules/exploits/linux/http/lucee_admin_imgprocess_file_write.rb,5235e1cbf56fb3e1dbcf50e10a720134a9a17e55,GHSA-2XVV-723C-8P7R
618921880,Pflegusch/metasploit-module-research,modules/exploits/linux/http/lucee_admin_imgprocess_file_write.rb,5235e1cbf56fb3e1dbcf50e10a720134a9a17e55,CVE-2021-21307
618921880,Pflegusch/metasploit-module-research,modules/auxiliary/scanner/sap/sap_hostctrl_getcomputersystem.rb,524bc6983110481c1c07a14fbcf670091e686a74,BID-61402
618921880,Pflegusch/metasploit-module-research,modules/auxiliary/scanner/sap/sap_hostctrl_getcomputersystem.rb,524bc6983110481c1c07a14fbcf670091e686a74,CVE-2013-3319
618921880,Pflegusch/metasploit-module-research,modules/auxiliary/scanner/sap/sap_hostctrl_getcomputersystem.rb,524bc6983110481c1c07a14fbcf670091e686a74,OSVDB-95616
618921880,Pflegusch/metasploit-module-research,modules/exploits/windows/browser/hp_loadrunner_addfile.rb,52721252c860fc866535a53ad2e9866cff1b6cb7,CVE-2008-0492
618921880,Pflegusch/metasploit-module-research,modules/exploits/windows/browser/hp_loadrunner_addfile.rb,52721252c860fc866535a53ad2e9866cff1b6cb7,BID-27456
618921880,Pflegusch/metasploit-module-research,modules/exploits/windows/browser/hp_loadrunner_addfile.rb,52721252c860fc866535a53ad2e9866cff1b6cb7,OSVDB-40762
618921880,Pflegusch/metasploit-module-research,modules/exploits/windows/fileformat/blazedvd_plf.rb,528609521c31873117810577de5592ee57b13ee1,BID-35918
618921880,Pflegusch/metasploit-module-research,modules/exploits/windows/fileformat/blazedvd_plf.rb,528609521c31873117810577de5592ee57b13ee1,OSVDB-30770
618921880,Pflegusch/metasploit-module-research,modules/auxiliary/admin/networking/cisco_dcnm_auth_bypass.rb,52942c503a4ec0f60af810a99ba07db54e4c7694,CVE-2019-15975
618921880,Pflegusch/metasploit-module-research,modules/exploits/multi/http/testlink_upload_exec.rb,52a723c1ad4f7d6a1db4526d88e246fb4febe3d0,OSVDB-85446
618921880,Pflegusch/metasploit-module-research,modules/exploits/multi/http/testlink_upload_exec.rb,52a723c1ad4f7d6a1db4526d88e246fb4febe3d0,CVE-2012-0938
618921880,Pflegusch/metasploit-module-research,modules/auxiliary/scanner/smb/smb_uninit_cred.rb,52ad34e20d4ee08f2b0e5588565a50dafc4befb4,CVE-2015-0240
618921880,Pflegusch/metasploit-module-research,modules/auxiliary/scanner/smb/smb_uninit_cred.rb,52ad34e20d4ee08f2b0e5588565a50dafc4befb4,OSVDB-118637
618921880,Pflegusch/metasploit-module-research,modules/exploits/solaris/lpd/sendmail_exec.rb,52b1c4e8295c0a535ea8c3389731be1efeec62d4,OSVDB-15131
618921880,Pflegusch/metasploit-module-research,modules/exploits/solaris/lpd/sendmail_exec.rb,52b1c4e8295c0a535ea8c3389731be1efeec62d4,BID-3274
618921880,Pflegusch/metasploit-module-research,modules/exploits/solaris/lpd/sendmail_exec.rb,52b1c4e8295c0a535ea8c3389731be1efeec62d4,CVE-2001-1583
618921880,Pflegusch/metasploit-module-research,modules/exploits/windows/browser/imgeviewer_tifmergemultifiles.rb,52bb986c1c2e148942c3c6ec1739f52b81a870c1,CVE-2010-5193
618921880,Pflegusch/metasploit-module-research,modules/exploits/windows/browser/imgeviewer_tifmergemultifiles.rb,52bb986c1c2e148942c3c6ec1739f52b81a870c1,OSVDB-78102
618921880,Pflegusch/metasploit-module-research,modules/exploits/windows/scada/iconics_genbroker.rb,52c7eec6cc472bb10fd4918724ed53b8c85d3596,OSVDB-72817
618921880,Pflegusch/metasploit-module-research,modules/exploits/freebsd/local/ip6_setpktopt_uaf_priv_esc.rb,52d8b8cee2d4b159fffc91225c2a39ba1cf12a28,CVE-2020-7457
618921880,Pflegusch/metasploit-module-research,modules/exploits/windows/browser/indusoft_issymbol_internationalseparator.rb,52e92013fc7fb7cf6545fcd82e89feaf723a79aa,BID-47596
618921880,Pflegusch/metasploit-module-research,modules/exploits/windows/browser/indusoft_issymbol_internationalseparator.rb,52e92013fc7fb7cf6545fcd82e89feaf723a79aa,CVE-2011-0340
618921880,Pflegusch/metasploit-module-research,modules/exploits/windows/browser/indusoft_issymbol_internationalseparator.rb,52e92013fc7fb7cf6545fcd82e89feaf723a79aa,OSVDB-72865
618921880,Pflegusch/metasploit-module-research,modules/exploits/linux/local/tomcat_ubuntu_log_init_priv_esc.rb,52f3e634c251ffdaac484cd390593eb8a2bc3996,CVE-2016-1240
618921880,Pflegusch/metasploit-module-research,modules/auxiliary/scanner/http/es_file_explorer_open_port.rb,5318d3fe3c6c99cb773f1a5c0a35736bb7c4bea8,CVE-2019-6447
618921880,Pflegusch/metasploit-module-research,modules/exploits/windows/local/ntusermndragover.rb,53334b1309d7e609a53892ecf36afa37c84eb51d,CVE-2019-0808
618921880,Pflegusch/metasploit-module-research,modules/exploits/windows/browser/realplayer_smil.rb,53987f0d707776cb0fdcd029563919588f30bb78,OSVDB-14305
618921880,Pflegusch/metasploit-module-research,modules/exploits/windows/browser/realplayer_smil.rb,53987f0d707776cb0fdcd029563919588f30bb78,BID-12698
618921880,Pflegusch/metasploit-module-research,modules/exploits/windows/browser/realplayer_smil.rb,53987f0d707776cb0fdcd029563919588f30bb78,CVE-2005-0455
618921880,Pflegusch/metasploit-module-research,modules/auxiliary/scanner/http/intel_amt_digest_bypass.rb,53b003836308f54176ab84751c1520bfc7c12391,CVE-2017-5689
618921880,Pflegusch/metasploit-module-research,modules/auxiliary/server/teamviewer_uri_smb_redirect.rb,53b6855f1060652c00456b210b30999142c07133,CVE-2020-13699
618921880,Pflegusch/metasploit-module-research,modules/exploits/windows/local/novell_client_nwfs.rb,53bd29591e589922ea02dab9707a81e63ea2eff9,CVE-2008-3158
618921880,Pflegusch/metasploit-module-research,modules/exploits/windows/local/novell_client_nwfs.rb,53bd29591e589922ea02dab9707a81e63ea2eff9,OSVDB-46578
618921880,Pflegusch/metasploit-module-research,modules/exploits/windows/local/novell_client_nwfs.rb,53bd29591e589922ea02dab9707a81e63ea2eff9,BID-30001
618921880,Pflegusch/metasploit-module-research,modules/auxiliary/scanner/http/meteocontrol_weblog_extractadmin.rb,54069a0bf6bf709c4f7474c3eb01c7369c42f4b6,CVE-2016-2298
618921880,Pflegusch/metasploit-module-research,modules/auxiliary/scanner/http/meteocontrol_weblog_extractadmin.rb,54069a0bf6bf709c4f7474c3eb01c7369c42f4b6,CVE-2016-2296
618921880,Pflegusch/metasploit-module-research,modules/exploits/linux/ids/snortbopre.rb,540eccda0c0bb052c06a8f6f0d8f2dba9297b9d2,BID-15131
618921880,Pflegusch/metasploit-module-research,modules/exploits/linux/ids/snortbopre.rb,540eccda0c0bb052c06a8f6f0d8f2dba9297b9d2,CVE-2005-3252
618921880,Pflegusch/metasploit-module-research,modules/exploits/linux/ids/snortbopre.rb,540eccda0c0bb052c06a8f6f0d8f2dba9297b9d2,OSVDB-20034
618921880,Pflegusch/metasploit-module-research,modules/auxiliary/scanner/http/wp_secure_copy_content_protection_sqli.rb,5423d4bac89f038216d52f49ed3eba002acff1f8,CVE-2021-24931
618921880,Pflegusch/metasploit-module-research,modules/exploits/windows/http/altn_webadmin.rb,5430117dafa1e68d234d42112141a9333a9d8e02,BID-8024
618921880,Pflegusch/metasploit-module-research,modules/exploits/windows/http/altn_webadmin.rb,5430117dafa1e68d234d42112141a9333a9d8e02,CVE-2003-0471
618921880,Pflegusch/metasploit-module-research,modules/exploits/windows/http/altn_webadmin.rb,5430117dafa1e68d234d42112141a9333a9d8e02,OSVDB-2207
618921880,Pflegusch/metasploit-module-research,modules/exploits/windows/iis/ms01_026_dbldecode.rb,543bb908c96bd665f62f39c03c2d4da56b8be49f,BID-2708
618921880,Pflegusch/metasploit-module-research,modules/exploits/windows/iis/ms01_026_dbldecode.rb,543bb908c96bd665f62f39c03c2d4da56b8be49f,OSVDB-556
618921880,Pflegusch/metasploit-module-research,modules/exploits/windows/iis/ms01_026_dbldecode.rb,543bb908c96bd665f62f39c03c2d4da56b8be49f,MS01-026
618921880,Pflegusch/metasploit-module-research,modules/exploits/windows/iis/ms01_026_dbldecode.rb,543bb908c96bd665f62f39c03c2d4da56b8be49f,CVE-2001-0333
618921880,Pflegusch/metasploit-module-research,modules/auxiliary/scanner/http/sybase_easerver_traversal.rb,5453fade6e76108c19aa09af250de4768a6d6397,CVE-2011-2474
618921880,Pflegusch/metasploit-module-research,modules/auxiliary/scanner/http/sybase_easerver_traversal.rb,5453fade6e76108c19aa09af250de4768a6d6397,OSVDB-72498
618921880,Pflegusch/metasploit-module-research,modules/exploits/multi/local/magnicomp_sysinfo_mcsiwrapper_priv_esc.rb,547e93e842e62f7532ea2e7a450ae87ec12e80f4,BID-96934
618921880,Pflegusch/metasploit-module-research,modules/exploits/multi/local/magnicomp_sysinfo_mcsiwrapper_priv_esc.rb,547e93e842e62f7532ea2e7a450ae87ec12e80f4,CVE-2017-6516
618921880,Pflegusch/metasploit-module-research,modules/exploits/unix/webapp/tikiwiki_jhot_exec.rb,5495bd0235258babe58cd5743913d91170ff809b,OSVDB-28456
618921880,Pflegusch/metasploit-module-research,modules/exploits/unix/webapp/tikiwiki_jhot_exec.rb,5495bd0235258babe58cd5743913d91170ff809b,CVE-2006-4602
618921880,Pflegusch/metasploit-module-research,modules/exploits/unix/webapp/tikiwiki_jhot_exec.rb,5495bd0235258babe58cd5743913d91170ff809b,BID-19819
618921880,Pflegusch/metasploit-module-research,modules/auxiliary/scanner/misc/sercomm_backdoor_scanner.rb,54affe83a1f1e19834bd0e9bd12454580af0c7a9,OSVDB-101653
618921880,Pflegusch/metasploit-module-research,modules/auxiliary/scanner/misc/sercomm_backdoor_scanner.rb,54affe83a1f1e19834bd0e9bd12454580af0c7a9,CVE-2014-0659
618921880,Pflegusch/metasploit-module-research,modules/exploits/windows/antivirus/trendmicro_serverprotect.rb,54dbb4f5ca687b211e0b30b68add24e8b59cc36e,CVE-2007-1070
618921880,Pflegusch/metasploit-module-research,modules/exploits/windows/antivirus/trendmicro_serverprotect.rb,54dbb4f5ca687b211e0b30b68add24e8b59cc36e,BID-22639
618921880,Pflegusch/metasploit-module-research,modules/exploits/windows/antivirus/trendmicro_serverprotect.rb,54dbb4f5ca687b211e0b30b68add24e8b59cc36e,OSVDB-33042
618921880,Pflegusch/metasploit-module-research,modules/exploits/linux/http/axis_srv_parhand_rce.rb,54f07abc0bcc6ffab83e749ad3b2eb1ceeedde28,CVE-2018-10661
618921880,Pflegusch/metasploit-module-research,modules/exploits/linux/http/axis_srv_parhand_rce.rb,54f07abc0bcc6ffab83e749ad3b2eb1ceeedde28,CVE-2018-10662
618921880,Pflegusch/metasploit-module-research,modules/exploits/linux/http/axis_srv_parhand_rce.rb,54f07abc0bcc6ffab83e749ad3b2eb1ceeedde28,CVE-2018-10660
618921880,Pflegusch/metasploit-module-research,modules/exploits/windows/local/powershell_remoting.rb,551b52cf2f0e5b32ed1772207919f59c158100c4,CVE-1999-0504
618921880,Pflegusch/metasploit-module-research,modules/exploits/windows/local/powershell_remoting.rb,551b52cf2f0e5b32ed1772207919f59c158100c4,OSVDB-3106
618921880,Pflegusch/metasploit-module-research,modules/exploits/windows/antivirus/symantec_rtvscan.rb,5559cbe126037c2bfb7b31563f1b3bfe17eb67b1,BID-18107
618921880,Pflegusch/metasploit-module-research,modules/exploits/windows/antivirus/symantec_rtvscan.rb,5559cbe126037c2bfb7b31563f1b3bfe17eb67b1,CVE-2006-2630
618921880,Pflegusch/metasploit-module-research,modules/exploits/windows/antivirus/symantec_rtvscan.rb,5559cbe126037c2bfb7b31563f1b3bfe17eb67b1,OSVDB-25846
618921880,Pflegusch/metasploit-module-research,modules/exploits/linux/http/opentsdb_yrange_cmd_injection.rb,55b21af0b9f2248825341b2dad8f66a97f1ef30d,CVE-2020-35476
618921880,Pflegusch/metasploit-module-research,modules/exploits/windows/misc/citrix_streamprocess_get_footer.rb,55d1bc280dd33ff775dd3c2cf7e8cc4dc0f4102d,OSVDB-75780
618921880,Pflegusch/metasploit-module-research,modules/exploits/windows/misc/citrix_streamprocess_get_footer.rb,55d1bc280dd33ff775dd3c2cf7e8cc4dc0f4102d,BID-49803
618921880,Pflegusch/metasploit-module-research,modules/exploits/windows/smtp/ypops_overflow1.rb,55d294091ea02993b30dd9de8219252048346020,CVE-2004-1558
618921880,Pflegusch/metasploit-module-research,modules/exploits/windows/smtp/ypops_overflow1.rb,55d294091ea02993b30dd9de8219252048346020,OSVDB-10367
618921880,Pflegusch/metasploit-module-research,modules/exploits/windows/smtp/ypops_overflow1.rb,55d294091ea02993b30dd9de8219252048346020,BID-11256
618921880,Pflegusch/metasploit-module-research,modules/exploits/windows/misc/fb_isc_create_database.rb,55da01b9901525fcf4075d1957f425fa293a3b56,BID-25917
618921880,Pflegusch/metasploit-module-research,modules/exploits/windows/misc/fb_isc_create_database.rb,55da01b9901525fcf4075d1957f425fa293a3b56,CVE-2007-5243
618921880,Pflegusch/metasploit-module-research,modules/exploits/windows/misc/fb_isc_create_database.rb,55da01b9901525fcf4075d1957f425fa293a3b56,OSVDB-38606
618921880,Pflegusch/metasploit-module-research,modules/auxiliary/scanner/http/apache_flink_jobmanager_traversal.rb,55e0a30c5a2236601167fbf60a793e02c8599d22,CVE-2020-17519
618921880,Pflegusch/metasploit-module-research,modules/exploits/multi/browser/adobe_flash_shader_drawing_fill.rb,56101953b49f28a8d49f5c92baab13aef5696182,CVE-2015-3105
618921880,Pflegusch/metasploit-module-research,modules/exploits/windows/brightstor/lgserver_rxrlogin.rb,561d84d6991f8b774e4251a86cb4feb280cabb00,OSVDB-41353
618921880,Pflegusch/metasploit-module-research,modules/exploits/windows/brightstor/lgserver_rxrlogin.rb,561d84d6991f8b774e4251a86cb4feb280cabb00,BID-24348
618921880,Pflegusch/metasploit-module-research,modules/exploits/windows/brightstor/lgserver_rxrlogin.rb,561d84d6991f8b774e4251a86cb4feb280cabb00,CVE-2007-5003
618921880,Pflegusch/metasploit-module-research,modules/exploits/windows/ssl/ms04_011_pct.rb,5624b095a7bbc4c87ce3390851bca2b054be7457,BID-10116
618921880,Pflegusch/metasploit-module-research,modules/exploits/windows/ssl/ms04_011_pct.rb,5624b095a7bbc4c87ce3390851bca2b054be7457,CVE-2003-0719
618921880,Pflegusch/metasploit-module-research,modules/exploits/windows/ssl/ms04_011_pct.rb,5624b095a7bbc4c87ce3390851bca2b054be7457,MS04-011
618921880,Pflegusch/metasploit-module-research,modules/exploits/windows/ssl/ms04_011_pct.rb,5624b095a7bbc4c87ce3390851bca2b054be7457,OSVDB-5250
618921880,Pflegusch/metasploit-module-research,modules/exploits/windows/fileformat/vuplayer_m3u.rb,563c76a6d97d8c8537e3a574a71977d030d12610,OSVDB-31710
618921880,Pflegusch/metasploit-module-research,modules/exploits/windows/fileformat/vuplayer_m3u.rb,563c76a6d97d8c8537e3a574a71977d030d12610,CVE-2006-6251
618921880,Pflegusch/metasploit-module-research,modules/auxiliary/scanner/http/bitweaver_overlay_type_traversal.rb,565c0691aa5b587da1991e085911f882e7708bc0,OSVDB-86599
618921880,Pflegusch/metasploit-module-research,modules/auxiliary/scanner/http/bitweaver_overlay_type_traversal.rb,565c0691aa5b587da1991e085911f882e7708bc0,CVE-2012-5192
618921880,Pflegusch/metasploit-module-research,modules/auxiliary/scanner/http/springcloud_traversal.rb,5695cf2f25bffa1b1857a58c2de89b94f2178bae,CVE-2019-3799
618921880,Pflegusch/metasploit-module-research,modules/exploits/unix/webapp/wp_easycart_unrestricted_file_upload.rb,56ed9d8fd77e3424d44a6ba6354c38aa81f2d8ba,CVE-2014-9308
618921880,Pflegusch/metasploit-module-research,modules/exploits/unix/webapp/wp_easycart_unrestricted_file_upload.rb,56ed9d8fd77e3424d44a6ba6354c38aa81f2d8ba,OSVDB-116806
618921880,Pflegusch/metasploit-module-research,modules/exploits/unix/webapp/twiki_history.rb,5745715f5d3b91bad8722f3bb5990c7895788c62,BID-14834
618921880,Pflegusch/metasploit-module-research,modules/exploits/unix/webapp/twiki_history.rb,5745715f5d3b91bad8722f3bb5990c7895788c62,OSVDB-19403
618921880,Pflegusch/metasploit-module-research,modules/exploits/unix/webapp/twiki_history.rb,5745715f5d3b91bad8722f3bb5990c7895788c62,CVE-2005-2877
618921880,Pflegusch/metasploit-module-research,modules/auxiliary/admin/http/wp_masterstudy_privesc.rb,574b12eb96be37d2d57634108d320d79891931fd,CVE-2022-0441
618921880,Pflegusch/metasploit-module-research,modules/exploits/linux/http/fortinet_authentication_bypass_cve_2022_40684.rb,57628b4b817d1d091514ce1e798d3eb44db21b06,CVE-2022-40684
618921880,Pflegusch/metasploit-module-research,modules/exploits/windows/local/plantronics_hub_spokesupdateservice_privesc.rb,57841e9bd6f5676d4b38b324b77ae99d1f107dab,CVE-2019-15742
618921880,Pflegusch/metasploit-module-research,modules/exploits/osx/local/root_no_password.rb,5793bf2977998e6be694572ffdb59f207e775d7c,CVE-2017-13872
618921880,Pflegusch/metasploit-module-research,modules/exploits/linux/http/linksys_wrt160nv2_apply_exec.rb,57ca69c93aa57cd8fa164a48d4063072b5123cce,BID-57887
618921880,Pflegusch/metasploit-module-research,modules/exploits/linux/http/linksys_wrt160nv2_apply_exec.rb,57ca69c93aa57cd8fa164a48d4063072b5123cce,OSVDB-90093
618921880,Pflegusch/metasploit-module-research,modules/exploits/windows/local/razer_zwopenprocess.rb,57f0723298a9923e09fd9303c325db088ea193e9,CVE-2017-9769
618921880,Pflegusch/metasploit-module-research,modules/exploits/windows/ftp/proftp_banner.rb,5803c13100bec15ac45a0c5e42f8fd70ab492204,CVE-2009-3976
618921880,Pflegusch/metasploit-module-research,modules/exploits/windows/ftp/proftp_banner.rb,5803c13100bec15ac45a0c5e42f8fd70ab492204,OSVDB-57394
618921880,Pflegusch/metasploit-module-research,modules/exploits/windows/fileformat/hhw_hhp_contentfile_bof.rb,5842decda996aaa6eb9262bb384477e0ae57bb9c,OSVDB-22941
618921880,Pflegusch/metasploit-module-research,modules/exploits/windows/fileformat/hhw_hhp_contentfile_bof.rb,5842decda996aaa6eb9262bb384477e0ae57bb9c,CVE-2006-0564
618921880,Pflegusch/metasploit-module-research,modules/auxiliary/scanner/couchdb/couchdb_enum.rb,58531c3fd13c32b37db0bf7ed9cfaf487a3b04c2,CVE-2017-12635
618921880,Pflegusch/metasploit-module-research,modules/exploits/multi/misc/weblogic_deserialize_asyncresponseservice.rb,588fe3ceabe59cff0f6d44396ba8fcfb62f8f6b4,CVE-2019-2725
618921880,Pflegusch/metasploit-module-research,modules/exploits/windows/browser/ms11_050_mshtml_cobjectelement.rb,58a5b1b41a1d54d2d964ec5d741147e1054a9012,MS11-050
618921880,Pflegusch/metasploit-module-research,modules/exploits/windows/browser/ms11_050_mshtml_cobjectelement.rb,58a5b1b41a1d54d2d964ec5d741147e1054a9012,OSVDB-72950
618921880,Pflegusch/metasploit-module-research,modules/exploits/windows/browser/ms11_050_mshtml_cobjectelement.rb,58a5b1b41a1d54d2d964ec5d741147e1054a9012,CVE-2011-1260
618921880,Pflegusch/metasploit-module-research,modules/exploits/windows/browser/java_docbase_bof.rb,58e7572c1ad18a229457a8d607b162f2d20efbde,OSVDB-68873
618921880,Pflegusch/metasploit-module-research,modules/exploits/windows/browser/java_docbase_bof.rb,58e7572c1ad18a229457a8d607b162f2d20efbde,CVE-2010-3552
618921880,Pflegusch/metasploit-module-research,modules/exploits/windows/browser/java_docbase_bof.rb,58e7572c1ad18a229457a8d607b162f2d20efbde,BID-44023
618921880,Pflegusch/metasploit-module-research,modules/exploits/windows/fileformat/mcafee_showreport_exec.rb,58eb054d957a9c8b646f8da9705e45a82ae8c059,OSVDB-78310
618921880,Pflegusch/metasploit-module-research,modules/exploits/windows/fileformat/mcafee_showreport_exec.rb,58eb054d957a9c8b646f8da9705e45a82ae8c059,BID-51397
618921880,Pflegusch/metasploit-module-research,modules/exploits/linux/http/synology_dsm_smart_exec_auth.rb,58fafb04f6b19976d1275fd1813ebf7de90709d8,CVE-2017-15889
618921880,Pflegusch/metasploit-module-research,modules/exploits/linux/http/wepresent_cmd_injection.rb,5916d3f937245d4150c165ab65e1524f89b6214c,CVE-2019-3929
618921880,Pflegusch/metasploit-module-research,modules/exploits/windows/mysql/mysql_mof.rb,591dcd86421ffc41c0e8a9c1a30f2871981adc72,OSVDB-88118
618921880,Pflegusch/metasploit-module-research,modules/exploits/windows/mysql/mysql_mof.rb,591dcd86421ffc41c0e8a9c1a30f2871981adc72,CVE-2012-5613
618921880,Pflegusch/metasploit-module-research,modules/auxiliary/sqli/oracle/dbms_export_extension.rb,59306fbeec35a0c8fb73e511ec8604e0a3c86037,CVE-2006-2081
618921880,Pflegusch/metasploit-module-research,modules/auxiliary/sqli/oracle/dbms_export_extension.rb,59306fbeec35a0c8fb73e511ec8604e0a3c86037,OSVDB-25002
618921880,Pflegusch/metasploit-module-research,modules/auxiliary/sqli/oracle/dbms_export_extension.rb,59306fbeec35a0c8fb73e511ec8604e0a3c86037,BID-17699
618921880,Pflegusch/metasploit-module-research,modules/auxiliary/gather/emc_cta_xxe.rb,59390ebae7ed7b7b06edbcc0b471c4cca1ced082,CVE-2014-0644
618921880,Pflegusch/metasploit-module-research,modules/exploits/multi/http/cmsms_upload_rename_rce.rb,594b853033456600146262b97b32f8b46496454f,CVE-2018-1000094
618921880,Pflegusch/metasploit-module-research,modules/exploits/windows/local/nvidia_nvsvc.rb,59618bf312a2790f402e4b303fee34c72fc65dd2,CVE-2013-0109
618921880,Pflegusch/metasploit-module-research,modules/exploits/windows/local/nvidia_nvsvc.rb,59618bf312a2790f402e4b303fee34c72fc65dd2,OSVDB-88745
618921880,Pflegusch/metasploit-module-research,modules/exploits/windows/http/kolibri_http.rb,59a355b677dc37eb8be09f076147800eacc79fd5,OSVDB-70808
618921880,Pflegusch/metasploit-module-research,modules/exploits/windows/http/kolibri_http.rb,59a355b677dc37eb8be09f076147800eacc79fd5,BID-6289
618921880,Pflegusch/metasploit-module-research,modules/exploits/windows/http/kolibri_http.rb,59a355b677dc37eb8be09f076147800eacc79fd5,CVE-2002-2268
618921880,Pflegusch/metasploit-module-research,modules/exploits/multi/http/auxilium_upload_exec.rb,59b6ff1ebad510a26a064356beb2ac60531dc220,OSVDB-85554
618921880,Pflegusch/metasploit-module-research,modules/exploits/multi/http/moodle_spelling_path_rce.rb,59d0dc9a6f82a4b8a1154913636759a216830db4,CVE-2021-21809
618921880,Pflegusch/metasploit-module-research,modules/exploits/multi/http/moodle_spelling_path_rce.rb,59d0dc9a6f82a4b8a1154913636759a216830db4,CVE-2013-3630
618921880,Pflegusch/metasploit-module-research,modules/auxiliary/scanner/http/elasticsearch_traversal.rb,59dc8351a23eb37c9293e5c3923787408c7c4d0b,CVE-2015-5531
618921880,Pflegusch/metasploit-module-research,modules/exploits/unix/ssh/tectia_passwd_changereq.rb,59eb31c8ec9cb1f299316056361a0468a7c30a06,CVE-2012-5975
618921880,Pflegusch/metasploit-module-research,modules/exploits/unix/ssh/tectia_passwd_changereq.rb,59eb31c8ec9cb1f299316056361a0468a7c30a06,OSVDB-88103
618921880,Pflegusch/metasploit-module-research,modules/exploits/windows/local/bthpan.rb,5a243444886d15a18fcb0710b93b4d4b272d8afb,OSVDB-109387
618921880,Pflegusch/metasploit-module-research,modules/exploits/windows/local/bthpan.rb,5a243444886d15a18fcb0710b93b4d4b272d8afb,MS14-062
618921880,Pflegusch/metasploit-module-research,modules/exploits/windows/local/bthpan.rb,5a243444886d15a18fcb0710b93b4d4b272d8afb,CVE-2014-4971
618921880,Pflegusch/metasploit-module-research,modules/exploits/multi/http/getsimplecms_unauth_code_exec.rb,5a4c3f272e56ff46de4ded329dd4b30802fffe1b,CVE-2019-11231
618921880,Pflegusch/metasploit-module-research,modules/exploits/unix/webapp/tuleap_rest_unserialize_exec.rb,5a6891eebe07391326fa30431df0201fc5bd16ed,CVE-2017-7411
618921880,Pflegusch/metasploit-module-research,modules/exploits/unix/webapp/coppermine_piceditor.rb,5a7fd2dd3c6af5ca656168fcb6dc9ce0d4971fd8,CVE-2008-0506
618921880,Pflegusch/metasploit-module-research,modules/exploits/unix/webapp/coppermine_piceditor.rb,5a7fd2dd3c6af5ca656168fcb6dc9ce0d4971fd8,OSVDB-41676
618921880,Pflegusch/metasploit-module-research,modules/exploits/windows/ftp/open_ftpd_wbem.rb,5a831227b35fcf127f41e281e376e8765d9d9368,CVE-2010-2620
618921880,Pflegusch/metasploit-module-research,modules/exploits/windows/ftp/open_ftpd_wbem.rb,5a831227b35fcf127f41e281e376e8765d9d9368,OSVDB-65687
618921880,Pflegusch/metasploit-module-research,modules/exploits/solaris/local/extremeparr_dtappgather_priv_esc.rb,5a9066adc42e7841a85008e09f08b149b8a43617,CVE-2017-3622
618921880,Pflegusch/metasploit-module-research,modules/exploits/solaris/local/extremeparr_dtappgather_priv_esc.rb,5a9066adc42e7841a85008e09f08b149b8a43617,BID-97774
618921880,Pflegusch/metasploit-module-research,modules/auxiliary/scanner/http/oracle_demantra_file_retrieval.rb,5abc8dd2a5e4bc65cdfb9455db2fb3818089aeda,CVE-2013-5877
618921880,Pflegusch/metasploit-module-research,modules/auxiliary/scanner/http/oracle_demantra_file_retrieval.rb,5abc8dd2a5e4bc65cdfb9455db2fb3818089aeda,CVE-2013-5880
618921880,Pflegusch/metasploit-module-research,modules/auxiliary/scanner/ssl/openssl_heartbleed.rb,5ac6d97ba640ba74d71767d2bc97a3333ecf8892,CVE-2014-0160
618921880,Pflegusch/metasploit-module-research,modules/auxiliary/admin/hp/hp_data_protector_cmd.rb,5afad3b5bcf9159c3797078f2fae33fd406f99d9,OSVDB-72526
618921880,Pflegusch/metasploit-module-research,modules/auxiliary/admin/hp/hp_data_protector_cmd.rb,5afad3b5bcf9159c3797078f2fae33fd406f99d9,CVE-2011-0923
618921880,Pflegusch/metasploit-module-research,modules/exploits/osx/local/setuid_viscosity.rb,5b2a26d1e1ba4ec04a24ee52b07aef3cbc970c7a,CVE-2012-4284
618921880,Pflegusch/metasploit-module-research,modules/exploits/osx/local/setuid_viscosity.rb,5b2a26d1e1ba4ec04a24ee52b07aef3cbc970c7a,OSVDB-84709
618921880,Pflegusch/metasploit-module-research,modules/exploits/windows/browser/c6_messenger_downloaderactivex.rb,5b3e9b0a9d4d5de278e41caf0103f1e645cb956d,BID-29519
618921880,Pflegusch/metasploit-module-research,modules/exploits/windows/browser/c6_messenger_downloaderactivex.rb,5b3e9b0a9d4d5de278e41caf0103f1e645cb956d,OSVDB-45960
618921880,Pflegusch/metasploit-module-research,modules/exploits/windows/browser/c6_messenger_downloaderactivex.rb,5b3e9b0a9d4d5de278e41caf0103f1e645cb956d,CVE-2008-2551
618921880,Pflegusch/metasploit-module-research,modules/exploits/linux/http/cisco_rv340_lan.rb,5b542d8fd06319dbdc7ff2c59718267f5ce36452,CVE-2022-20705
618921880,Pflegusch/metasploit-module-research,modules/exploits/linux/http/cisco_rv340_lan.rb,5b542d8fd06319dbdc7ff2c59718267f5ce36452,CVE-2022-20707
618921880,Pflegusch/metasploit-module-research,modules/auxiliary/sqli/dlink/dlink_central_wifimanager_sqli.rb,5b7b04eff33662ba2318f26d750692914d5a97c2,CVE-2019-13373
618921880,Pflegusch/metasploit-module-research,modules/exploits/multi/http/manageengine_servicedesk_plus_saml_rce_cve_2022_47966.rb,5b7d3ab0122383b5615ae0772cf0ffea67f5cf40,CVE-2022-47966
618921880,Pflegusch/metasploit-module-research,modules/exploits/multi/browser/qtjava_pointer.rb,5b7e1babed162137f0d7f044a5e7adfd02efcfd7,BID-23608
618921880,Pflegusch/metasploit-module-research,modules/exploits/multi/browser/qtjava_pointer.rb,5b7e1babed162137f0d7f044a5e7adfd02efcfd7,OSVDB-34178
618921880,Pflegusch/metasploit-module-research,modules/exploits/multi/browser/qtjava_pointer.rb,5b7e1babed162137f0d7f044a5e7adfd02efcfd7,CVE-2007-2175
618921880,Pflegusch/metasploit-module-research,modules/exploits/windows/browser/java_mixer_sequencer.rb,5b7e55754666dc7a444f31e8dec979b23187c06e,BID-39077
618921880,Pflegusch/metasploit-module-research,modules/exploits/windows/browser/java_mixer_sequencer.rb,5b7e55754666dc7a444f31e8dec979b23187c06e,OSVDB-63493
618921880,Pflegusch/metasploit-module-research,modules/exploits/windows/browser/java_mixer_sequencer.rb,5b7e55754666dc7a444f31e8dec979b23187c06e,CVE-2010-0842
618921880,Pflegusch/metasploit-module-research,modules/auxiliary/admin/http/typo3_sa_2009_001.rb,5b813b601bd3649b7ccf7a53c9ff62f29e11d0b6,CVE-2009-0255
618921880,Pflegusch/metasploit-module-research,modules/auxiliary/admin/http/typo3_sa_2009_001.rb,5b813b601bd3649b7ccf7a53c9ff62f29e11d0b6,OSVDB-51536
618921880,Pflegusch/metasploit-module-research,modules/exploits/multi/fileformat/adobe_u3d_meshcont.rb,5b94ab2278ec5f9259fa7f98b95b3913abdc78a8,OSVDB-58920
618921880,Pflegusch/metasploit-module-research,modules/exploits/multi/fileformat/adobe_u3d_meshcont.rb,5b94ab2278ec5f9259fa7f98b95b3913abdc78a8,CVE-2009-2990
618921880,Pflegusch/metasploit-module-research,modules/exploits/multi/fileformat/adobe_u3d_meshcont.rb,5b94ab2278ec5f9259fa7f98b95b3913abdc78a8,BID-36665
618921880,Pflegusch/metasploit-module-research,modules/exploits/windows/browser/nis2004_antispam.rb,5ba3c27657e358cd80273b1ecd17dc53eb7377b6,OSVDB-6249
618921880,Pflegusch/metasploit-module-research,modules/exploits/windows/browser/nis2004_antispam.rb,5ba3c27657e358cd80273b1ecd17dc53eb7377b6,BID-9916
618921880,Pflegusch/metasploit-module-research,modules/exploits/windows/browser/nis2004_antispam.rb,5ba3c27657e358cd80273b1ecd17dc53eb7377b6,CVE-2004-0363
618921880,Pflegusch/metasploit-module-research,modules/exploits/windows/fileformat/emc_appextender_keyworks.rb,5baa208f3da6c6ecc23b475a36adfd21689a5f4a,CVE-2012-2515
618921880,Pflegusch/metasploit-module-research,modules/exploits/windows/fileformat/emc_appextender_keyworks.rb,5baa208f3da6c6ecc23b475a36adfd21689a5f4a,OSVDB-58423
618921880,Pflegusch/metasploit-module-research,modules/exploits/windows/fileformat/emc_appextender_keyworks.rb,5baa208f3da6c6ecc23b475a36adfd21689a5f4a,BID-36546
618921880,Pflegusch/metasploit-module-research,modules/exploits/windows/http/sharepoint_workflows_xoml.rb,5bb68c1da4a1a2ca9ddc6637a85b89992b240035,CVE-2020-0646
618921880,Pflegusch/metasploit-module-research,modules/exploits/unix/ssh/arista_tacplus_shell.rb,5be620502278bc40bc29fc6667123a399d12c558,CVE-2020-9015
618921880,Pflegusch/metasploit-module-research,modules/auxiliary/dos/windows/smb/ms09_050_smb2_session_logoff.rb,5c0048213065e24775d18fd8e3cb8f98a529b283,CVE-2009-3103
618921880,Pflegusch/metasploit-module-research,modules/auxiliary/dos/windows/smb/ms09_050_smb2_session_logoff.rb,5c0048213065e24775d18fd8e3cb8f98a529b283,OSVDB-57799
618921880,Pflegusch/metasploit-module-research,modules/auxiliary/dos/windows/smb/ms09_050_smb2_session_logoff.rb,5c0048213065e24775d18fd8e3cb8f98a529b283,MS09-050
618921880,Pflegusch/metasploit-module-research,modules/exploits/linux/http/nagios_xi_magpie_debug.rb,5c5fb22cb462143f5927c133c2575162730395b1,CVE-2018-15708
618921880,Pflegusch/metasploit-module-research,modules/exploits/linux/http/nagios_xi_magpie_debug.rb,5c5fb22cb462143f5927c133c2575162730395b1,CVE-2018-15710
618921880,Pflegusch/metasploit-module-research,modules/exploits/windows/misc/citrix_streamprocess_get_boot_record_request.rb,5c7be89e7c48c2a64f93e9ff0862b57b55dadee2,BID-49803
618921880,Pflegusch/metasploit-module-research,modules/exploits/windows/misc/citrix_streamprocess_get_boot_record_request.rb,5c7be89e7c48c2a64f93e9ff0862b57b55dadee2,OSVDB-75780
618921880,Pflegusch/metasploit-module-research,modules/exploits/windows/misc/bcaaa_bof.rb,5ca4675c90469efe5e916777001a3df5770b7dc4,CVE-2011-5124
618921880,Pflegusch/metasploit-module-research,modules/exploits/windows/misc/bcaaa_bof.rb,5ca4675c90469efe5e916777001a3df5770b7dc4,OSVDB-72095
618921880,Pflegusch/metasploit-module-research,modules/exploits/linux/misc/cve_2021_38647_omigod.rb,5cae52454ff8b3b76c5adcaba270ab7f02a89534,CVE-2021-38647
618921880,Pflegusch/metasploit-module-research,modules/exploits/linux/http/foreman_openstack_satellite_code_exec.rb,5cd5414b0461883c9204f1756087c4a25a577559,BID-60833
618921880,Pflegusch/metasploit-module-research,modules/exploits/linux/http/foreman_openstack_satellite_code_exec.rb,5cd5414b0461883c9204f1756087c4a25a577559,CVE-2013-2121
618921880,Pflegusch/metasploit-module-research,modules/exploits/linux/http/foreman_openstack_satellite_code_exec.rb,5cd5414b0461883c9204f1756087c4a25a577559,OSVDB-94671
618921880,Pflegusch/metasploit-module-research,modules/auxiliary/scanner/http/canon_wireless.rb,5d46df1c5623a2d069ebf7fab1c034277fa4f697,OSVDB-94417
618921880,Pflegusch/metasploit-module-research,modules/auxiliary/scanner/http/canon_wireless.rb,5d46df1c5623a2d069ebf7fab1c034277fa4f697,CVE-2013-4614
618921880,Pflegusch/metasploit-module-research,modules/exploits/windows/browser/hp_easy_printer_care_xmlcachemgr.rb,5d4728184ced337bc08e53d498f0e3776a643923,CVE-2011-4786
618921880,Pflegusch/metasploit-module-research,modules/exploits/windows/browser/hp_easy_printer_care_xmlcachemgr.rb,5d4728184ced337bc08e53d498f0e3776a643923,MS10-026
618921880,Pflegusch/metasploit-module-research,modules/exploits/windows/browser/hp_easy_printer_care_xmlcachemgr.rb,5d4728184ced337bc08e53d498f0e3776a643923,BID-51396
618921880,Pflegusch/metasploit-module-research,modules/exploits/windows/browser/hp_easy_printer_care_xmlcachemgr.rb,5d4728184ced337bc08e53d498f0e3776a643923,OSVDB-78306
618921880,Pflegusch/metasploit-module-research,modules/exploits/windows/scada/scadapro_cmdexe.rb,5d4f3cef26aab6b56147992179d5ff5d43a24b20,BID-49613
618921880,Pflegusch/metasploit-module-research,modules/exploits/windows/scada/scadapro_cmdexe.rb,5d4f3cef26aab6b56147992179d5ff5d43a24b20,OSVDB-75490
618921880,Pflegusch/metasploit-module-research,modules/exploits/windows/scada/scadapro_cmdexe.rb,5d4f3cef26aab6b56147992179d5ff5d43a24b20,CVE-2011-3497
618921880,Pflegusch/metasploit-module-research,modules/auxiliary/admin/smb/webexec_command.rb,5d616ab6dc4dca3612acb71908c1c4b3bd96f36c,CVE-2018-15442
618921880,Pflegusch/metasploit-module-research,modules/auxiliary/dos/windows/smb/rras_vls_null_deref.rb,5d7ef1ccb233b5e508ad96dc14ffcbcbf8ce283e,OSVDB-64340
618921880,Pflegusch/metasploit-module-research,modules/exploits/multi/browser/java_rmi_connection_impl.rb,5d9b3bd52a2398d0f9b40c6f58f17b415510bcea,CVE-2010-0094
618921880,Pflegusch/metasploit-module-research,modules/exploits/multi/browser/java_rmi_connection_impl.rb,5d9b3bd52a2398d0f9b40c6f58f17b415510bcea,OSVDB-63484
618921880,Pflegusch/metasploit-module-research,modules/exploits/osx/misc/ufo_ai.rb,5da0386b967d128d8cfd3e0420b83d5f99f9899e,OSVDB-65689
618921880,Pflegusch/metasploit-module-research,modules/exploits/windows/oracle/tns_auth_sesskey.rb,5da0ccfceed5b3d26789cd19b2abeec3565f7d2e,CVE-2009-1979
618921880,Pflegusch/metasploit-module-research,modules/exploits/windows/oracle/tns_auth_sesskey.rb,5da0ccfceed5b3d26789cd19b2abeec3565f7d2e,OSVDB-59110
618921880,Pflegusch/metasploit-module-research,modules/exploits/windows/oracle/tns_auth_sesskey.rb,5da0ccfceed5b3d26789cd19b2abeec3565f7d2e,BID-36747
618921880,Pflegusch/metasploit-module-research,modules/auxiliary/gather/apache_rave_creds.rb,5e02864d8633feeb228e99af7156be7b548265eb,CVE-2013-1814
618921880,Pflegusch/metasploit-module-research,modules/auxiliary/gather/apache_rave_creds.rb,5e02864d8633feeb228e99af7156be7b548265eb,BID-58455
618921880,Pflegusch/metasploit-module-research,modules/auxiliary/gather/apache_rave_creds.rb,5e02864d8633feeb228e99af7156be7b548265eb,OSVDB-91235
618921880,Pflegusch/metasploit-module-research,modules/post/windows/gather/enum_snmp.rb,5e0af3a5a6b23a59182d342e420fd3371577d424,MS00-096
618921880,Pflegusch/metasploit-module-research,modules/exploits/osx/samba/lsa_transnames_heap.rb,5e0e57464c0f4ac259b094ae8eac558479bb5d61,OSVDB-34699
618921880,Pflegusch/metasploit-module-research,modules/exploits/osx/samba/lsa_transnames_heap.rb,5e0e57464c0f4ac259b094ae8eac558479bb5d61,CVE-2007-2446
618921880,Pflegusch/metasploit-module-research,modules/exploits/windows/brightstor/universal_agent.rb,5e17fc355dd34e21c594378b584aadf5c1e60bf8,CVE-2005-1018
618921880,Pflegusch/metasploit-module-research,modules/exploits/windows/brightstor/universal_agent.rb,5e17fc355dd34e21c594378b584aadf5c1e60bf8,BID-13102
618921880,Pflegusch/metasploit-module-research,modules/exploits/windows/brightstor/universal_agent.rb,5e17fc355dd34e21c594378b584aadf5c1e60bf8,OSVDB-15471
618921880,Pflegusch/metasploit-module-research,modules/exploits/android/browser/stagefright_mp4_tx3g_64bit.rb,5e213f17b5f4f121cd0cc18650788659c6e61a32,CVE-2015-3864
618921880,Pflegusch/metasploit-module-research,modules/exploits/windows/http/efs_easychatserver_username.rb,5e36d653549c0ffa180e1a95ac9e003106615128,OSVDB-106841
618921880,Pflegusch/metasploit-module-research,modules/exploits/windows/http/efs_easychatserver_username.rb,5e36d653549c0ffa180e1a95ac9e003106615128,BID-25328
618921880,Pflegusch/metasploit-module-research,modules/exploits/windows/http/efs_easychatserver_username.rb,5e36d653549c0ffa180e1a95ac9e003106615128,CVE-2004-2466
618921880,Pflegusch/metasploit-module-research,modules/exploits/windows/http/efs_easychatserver_username.rb,5e36d653549c0ffa180e1a95ac9e003106615128,OSVDB-7416
618921880,Pflegusch/metasploit-module-research,modules/exploits/windows/fileformat/ms15_020_shortcut_icon_dllloader.rb,5e3894a233344891476c21b91b644598a329dc77,MS15-020
618921880,Pflegusch/metasploit-module-research,modules/exploits/windows/fileformat/ms15_020_shortcut_icon_dllloader.rb,5e3894a233344891476c21b91b644598a329dc77,MS14-027
618921880,Pflegusch/metasploit-module-research,modules/exploits/windows/fileformat/ms15_020_shortcut_icon_dllloader.rb,5e3894a233344891476c21b91b644598a329dc77,CVE-2015-0096
618921880,Pflegusch/metasploit-module-research,modules/exploits/windows/fileformat/ms15_020_shortcut_icon_dllloader.rb,5e3894a233344891476c21b91b644598a329dc77,MS10-046
618921880,Pflegusch/metasploit-module-research,modules/auxiliary/scanner/smb/psexec_loggedin_users.rb,5e7824b5739efef0416e16dece948b4392d1fcd1,CVE-1999-0504
618921880,Pflegusch/metasploit-module-research,modules/auxiliary/scanner/smb/psexec_loggedin_users.rb,5e7824b5739efef0416e16dece948b4392d1fcd1,OSVDB-3106
618921880,Pflegusch/metasploit-module-research,modules/auxiliary/dos/windows/http/http_sys_accept_encoding_dos_cve_2021_31166.rb,5e86d63c4a0f0eafb1bbaca5f1bb509307da9a4c,CVE-2021-31166
618921880,Pflegusch/metasploit-module-research,modules/exploits/windows/vnc/winvnc_http_get.rb,5e9d8253a6be53afbd7e98a4d7c5dd014d09c0d8,CVE-2001-0168
618921880,Pflegusch/metasploit-module-research,modules/exploits/windows/vnc/winvnc_http_get.rb,5e9d8253a6be53afbd7e98a4d7c5dd014d09c0d8,OSVDB-6280
618921880,Pflegusch/metasploit-module-research,modules/exploits/windows/vnc/winvnc_http_get.rb,5e9d8253a6be53afbd7e98a4d7c5dd014d09c0d8,BID-2306
618921880,Pflegusch/metasploit-module-research,modules/exploits/linux/http/netgear_dnslookup_cmd_exec.rb,5eb2477cae2ad700ceeabfddcf44120b7733985f,CVE-2017-6334
618921880,Pflegusch/metasploit-module-research,modules/exploits/windows/fileformat/gsm_sim.rb,5ecc9ee0088c1145f0883ee710b67a869313a5fd,OSVDB-81161
618921880,Pflegusch/metasploit-module-research,modules/exploits/windows/fileformat/gsm_sim.rb,5ecc9ee0088c1145f0883ee710b67a869313a5fd,CVE-2015-1171
618921880,Pflegusch/metasploit-module-research,modules/auxiliary/spoof/dns/bailiwicked_domain.rb,5ed878530537969e35baa2509290c44116352280,CVE-2008-1447
618921880,Pflegusch/metasploit-module-research,modules/auxiliary/spoof/dns/bailiwicked_domain.rb,5ed878530537969e35baa2509290c44116352280,OSVDB-46776
618921880,Pflegusch/metasploit-module-research,modules/exploits/aix/rpc_cmsd_opcode21.rb,5ef4a14a446d0297bf31033ef7d1cbd14ed88572,OSVDB-58726
618921880,Pflegusch/metasploit-module-research,modules/exploits/aix/rpc_cmsd_opcode21.rb,5ef4a14a446d0297bf31033ef7d1cbd14ed88572,CVE-2009-3699
618921880,Pflegusch/metasploit-module-research,modules/exploits/aix/rpc_cmsd_opcode21.rb,5ef4a14a446d0297bf31033ef7d1cbd14ed88572,BID-36615
618921880,Pflegusch/metasploit-module-research,modules/exploits/unix/webapp/tikiwiki_unserialize_exec.rb,5ef6833a67384474356bff743c8f5903618600b9,OSVDB-83534
618921880,Pflegusch/metasploit-module-research,modules/exploits/unix/webapp/tikiwiki_unserialize_exec.rb,5ef6833a67384474356bff743c8f5903618600b9,CVE-2012-0911
618921880,Pflegusch/metasploit-module-research,modules/exploits/unix/webapp/tikiwiki_unserialize_exec.rb,5ef6833a67384474356bff743c8f5903618600b9,BID-54298
618921880,Pflegusch/metasploit-module-research,modules/exploits/multi/ntp/ntp_overflow.rb,5f0c27e55d6bdf6428e5f62a18c2ac61faf8268d,OSVDB-805
618921880,Pflegusch/metasploit-module-research,modules/exploits/multi/ntp/ntp_overflow.rb,5f0c27e55d6bdf6428e5f62a18c2ac61faf8268d,BID-2540
618921880,Pflegusch/metasploit-module-research,modules/exploits/multi/ntp/ntp_overflow.rb,5f0c27e55d6bdf6428e5f62a18c2ac61faf8268d,CVE-2001-0414
618921880,Pflegusch/metasploit-module-research,modules/exploits/windows/fileformat/ovf_format_string.rb,5f14d2e2f854a52a22504bd23833d55f4d7b5cbb,OSVDB-87117
618921880,Pflegusch/metasploit-module-research,modules/exploits/windows/fileformat/ovf_format_string.rb,5f14d2e2f854a52a22504bd23833d55f4d7b5cbb,CVE-2012-3569
618921880,Pflegusch/metasploit-module-research,modules/exploits/windows/fileformat/ovf_format_string.rb,5f14d2e2f854a52a22504bd23833d55f4d7b5cbb,BID-56468
618921880,Pflegusch/metasploit-module-research,modules/exploits/windows/fileformat/etrust_pestscan.rb,5f2f5de9b6bb710e154d02276356c332b41103ce,CVE-2009-4225
618921880,Pflegusch/metasploit-module-research,modules/exploits/windows/fileformat/etrust_pestscan.rb,5f2f5de9b6bb710e154d02276356c332b41103ce,OSVDB-60862
618921880,Pflegusch/metasploit-module-research,modules/exploits/windows/ftp/seagull_list_reply.rb,5f57edcca6f7a882600f5ee523ea82db2521b799,OSVDB-94556
618921880,Pflegusch/metasploit-module-research,modules/exploits/windows/browser/oracle_autovue_setmarkupmode.rb,5f5e0ba9d9695873eae2c6e226656eaa868578b6,CVE-2012-0549
618921880,Pflegusch/metasploit-module-research,modules/exploits/windows/browser/oracle_autovue_setmarkupmode.rb,5f5e0ba9d9695873eae2c6e226656eaa868578b6,OSVDB-81439
618921880,Pflegusch/metasploit-module-research,modules/exploits/windows/browser/oracle_autovue_setmarkupmode.rb,5f5e0ba9d9695873eae2c6e226656eaa868578b6,BID-53077
618921880,Pflegusch/metasploit-module-research,modules/exploits/multi/http/stunshell_eval.rb,5fb8e5f8a6a2a595b6198cc9b08f23a3fa2132b8,OSVDB-91842
618921880,Pflegusch/metasploit-module-research,modules/exploits/linux/http/ipfire_pakfire_exec.rb,5fd18c6383d57aca6317a8ffa44e23173f5f9d9d,CVE-2021-33393
618921880,Pflegusch/metasploit-module-research,modules/post/multi/escalate/metasploit_pcaplog.rb,6001f375fdf1e763b926ebf80119802723211b6e,BID-54472
618921880,Pflegusch/metasploit-module-research,modules/exploits/windows/browser/symantec_consoleutilities_browseandsavefile.rb,60174733d6bd30ef20d49db795fc8bb226e157c6,OSVDB-59597
618921880,Pflegusch/metasploit-module-research,modules/exploits/windows/browser/symantec_consoleutilities_browseandsavefile.rb,60174733d6bd30ef20d49db795fc8bb226e157c6,BID-36698
618921880,Pflegusch/metasploit-module-research,modules/exploits/windows/browser/symantec_consoleutilities_browseandsavefile.rb,60174733d6bd30ef20d49db795fc8bb226e157c6,CVE-2009-3031
618921880,Pflegusch/metasploit-module-research,modules/exploits/windows/browser/ms11_003_ie_css_import.rb,6023005514f966ec616d9c70ae7b427985bd620a,CVE-2010-3971
618921880,Pflegusch/metasploit-module-research,modules/exploits/windows/browser/ms11_003_ie_css_import.rb,6023005514f966ec616d9c70ae7b427985bd620a,MS11-003
618921880,Pflegusch/metasploit-module-research,modules/exploits/windows/browser/ms11_003_ie_css_import.rb,6023005514f966ec616d9c70ae7b427985bd620a,OSVDB-69796
618921880,Pflegusch/metasploit-module-research,modules/exploits/windows/browser/ms11_003_ie_css_import.rb,6023005514f966ec616d9c70ae7b427985bd620a,BID-45246
618921880,Pflegusch/metasploit-module-research,modules/exploits/windows/browser/realplayer_console.rb,606583444a9588ac6e5fbc5f05906329b1589eea,CVE-2008-1309
618921880,Pflegusch/metasploit-module-research,modules/exploits/windows/browser/realplayer_console.rb,606583444a9588ac6e5fbc5f05906329b1589eea,OSVDB-42946
618921880,Pflegusch/metasploit-module-research,modules/exploits/windows/browser/realplayer_console.rb,606583444a9588ac6e5fbc5f05906329b1589eea,BID-28157
618921880,Pflegusch/metasploit-module-research,modules/exploits/solaris/local/xscreensaver_log_priv_esc.rb,606b7c675b259c2953f9e9d24072032131856517,CVE-2019-3010
618921880,Pflegusch/metasploit-module-research,modules/auxiliary/admin/tikiwiki/tikidblib.rb,606e2281d088ffc1144880068adee2c09a54fcbb,BID-20858
618921880,Pflegusch/metasploit-module-research,modules/auxiliary/admin/tikiwiki/tikidblib.rb,606e2281d088ffc1144880068adee2c09a54fcbb,CVE-2006-5702
618921880,Pflegusch/metasploit-module-research,modules/auxiliary/admin/tikiwiki/tikidblib.rb,606e2281d088ffc1144880068adee2c09a54fcbb,OSVDB-30172
618921880,Pflegusch/metasploit-module-research,modules/exploits/windows/brightstor/discovery_tcp.rb,6084a1dd1fd281feb3b2ac965d0da2d37617aefa,OSVDB-13814
618921880,Pflegusch/metasploit-module-research,modules/exploits/windows/brightstor/discovery_tcp.rb,6084a1dd1fd281feb3b2ac965d0da2d37617aefa,CVE-2005-2535
618921880,Pflegusch/metasploit-module-research,modules/exploits/windows/brightstor/discovery_tcp.rb,6084a1dd1fd281feb3b2ac965d0da2d37617aefa,BID-12536
618921880,Pflegusch/metasploit-module-research,modules/exploits/linux/local/netfilter_xtables_heap_oob_write_priv_esc.rb,60946c3ffde050cefd6ca23a6bff3f3ea256b421,CVE-2021-22555
618921880,Pflegusch/metasploit-module-research,modules/exploits/linux/local/netfilter_priv_esc_ipv4.rb,60aa36b79edabdc03e958fa066f8a717818b32c5,CVE-2016-4998
618921880,Pflegusch/metasploit-module-research,modules/exploits/linux/local/netfilter_priv_esc_ipv4.rb,60aa36b79edabdc03e958fa066f8a717818b32c5,CVE-2016-4997
618921880,Pflegusch/metasploit-module-research,modules/exploits/linux/local/f5_create_user.rb,60cfcef669bf6d0d0b6aeb67dc6d5df8f10a091b,CVE-2022-41622
618921880,Pflegusch/metasploit-module-research,modules/exploits/linux/local/f5_create_user.rb,60cfcef669bf6d0d0b6aeb67dc6d5df8f10a091b,CVE-2022-41800
618921880,Pflegusch/metasploit-module-research,modules/exploits/linux/http/vap2500_tools_command_exec.rb,60d9d3648bf3fe7246c134b2e30e580ab30bd480,OSVDB-115045
618921880,Pflegusch/metasploit-module-research,modules/exploits/linux/http/vap2500_tools_command_exec.rb,60d9d3648bf3fe7246c134b2e30e580ab30bd480,CVE-2014-8423
618921880,Pflegusch/metasploit-module-research,modules/exploits/linux/http/vap2500_tools_command_exec.rb,60d9d3648bf3fe7246c134b2e30e580ab30bd480,BID-71299
618921880,Pflegusch/metasploit-module-research,modules/exploits/linux/http/vap2500_tools_command_exec.rb,60d9d3648bf3fe7246c134b2e30e580ab30bd480,CVE-2014-8424
618921880,Pflegusch/metasploit-module-research,modules/exploits/linux/http/vap2500_tools_command_exec.rb,60d9d3648bf3fe7246c134b2e30e580ab30bd480,BID-71297
618921880,Pflegusch/metasploit-module-research,modules/exploits/linux/http/vap2500_tools_command_exec.rb,60d9d3648bf3fe7246c134b2e30e580ab30bd480,OSVDB-115046
618921880,Pflegusch/metasploit-module-research,modules/exploits/solaris/sunrpc/sadmind_exec.rb,60f13935312d913c2c8e86bd4ecd41c921d01ee6,BID-8615
618921880,Pflegusch/metasploit-module-research,modules/exploits/solaris/sunrpc/sadmind_exec.rb,60f13935312d913c2c8e86bd4ecd41c921d01ee6,OSVDB-4585
618921880,Pflegusch/metasploit-module-research,modules/exploits/solaris/sunrpc/sadmind_exec.rb,60f13935312d913c2c8e86bd4ecd41c921d01ee6,CVE-2003-0722
618921880,Pflegusch/metasploit-module-research,modules/exploits/windows/browser/citrix_gateway_actx.rb,60f41b47561cff12824315116bd6c8289526ad06,OSVDB-74191
618921880,Pflegusch/metasploit-module-research,modules/exploits/windows/browser/citrix_gateway_actx.rb,60f41b47561cff12824315116bd6c8289526ad06,CVE-2011-2882
618921880,Pflegusch/metasploit-module-research,modules/auxiliary/dos/mirageos/qubes_mirage_firewall_dos.rb,60fdb2c79ea070ab4a2a26b1cdcf674b0dcf6dff,CVE-2022-46770
618921880,Pflegusch/metasploit-module-research,modules/exploits/windows/email/ms10_045_outlook_ref_only.rb,610a2b4c9c6fef481f516e2b0aaf4186d12d070f,CVE-2010-0266
618921880,Pflegusch/metasploit-module-research,modules/exploits/windows/email/ms10_045_outlook_ref_only.rb,610a2b4c9c6fef481f516e2b0aaf4186d12d070f,MS10-045
618921880,Pflegusch/metasploit-module-research,modules/exploits/windows/email/ms10_045_outlook_ref_only.rb,610a2b4c9c6fef481f516e2b0aaf4186d12d070f,BID-41446
618921880,Pflegusch/metasploit-module-research,modules/exploits/windows/email/ms10_045_outlook_ref_only.rb,610a2b4c9c6fef481f516e2b0aaf4186d12d070f,OSVDB-66296
618921880,Pflegusch/metasploit-module-research,modules/exploits/multi/http/git_lfs_clone_command_exec.rb,610e5332a6d8032fc488af6736890608ee4f33f2,CVE-2021-21300
618921880,Pflegusch/metasploit-module-research,modules/exploits/windows/http/ia_webmail.rb,611ed60de122009ed75cde7e47ce6b14dcc1e43d,CVE-2003-1192
618921880,Pflegusch/metasploit-module-research,modules/exploits/windows/http/ia_webmail.rb,611ed60de122009ed75cde7e47ce6b14dcc1e43d,OSVDB-2757
618921880,Pflegusch/metasploit-module-research,modules/exploits/windows/http/ia_webmail.rb,611ed60de122009ed75cde7e47ce6b14dcc1e43d,BID-8965
618921880,Pflegusch/metasploit-module-research,modules/auxiliary/scanner/http/glassfish_login.rb,617dad3b4bd6446ed9846e5d42d6c7c021d45e84,OSVDB-71948
618921880,Pflegusch/metasploit-module-research,modules/auxiliary/scanner/http/glassfish_login.rb,617dad3b4bd6446ed9846e5d42d6c7c021d45e84,CVE-2011-0807
618921880,Pflegusch/metasploit-module-research,modules/auxiliary/gather/trackit_sql_domain_creds.rb,61863326b44ef181c1e1913b0c4bb9f41e83e632,OSVDB-112741
618921880,Pflegusch/metasploit-module-research,modules/auxiliary/gather/trackit_sql_domain_creds.rb,61863326b44ef181c1e1913b0c4bb9f41e83e632,CVE-2014-4872
618921880,Pflegusch/metasploit-module-research,modules/exploits/windows/local/cve_2020_1337_printerdemon.rb,61a836ec4485a6d5ea7a01d32bf4043700fb213b,CVE-2020-1337
618921880,Pflegusch/metasploit-module-research,modules/exploits/linux/local/vmware_workspace_one_access_certproxy_lpe.rb,61d982479de577ddafbcf8bebc9a733489402a4b,CVE-2022-31660
618921880,Pflegusch/metasploit-module-research,modules/exploits/multi/http/rails_double_tap.rb,61dcbf36b9c19ee6b17f1fba279d1cde9782cd83,CVE-2019-5420
618921880,Pflegusch/metasploit-module-research,modules/exploits/multi/http/atlassian_crowd_pdkinstall_plugin_upload_rce.rb,61e6ae0ccb2f97262df22660e3a977f9604f849e,CVE-2019-11580
618921880,Pflegusch/metasploit-module-research,modules/exploits/windows/browser/ms06_001_wmf_setabortproc.rb,62038aa2f926bc4e84ef271ed585b66152e05fdf,CVE-2005-4560
618921880,Pflegusch/metasploit-module-research,modules/exploits/windows/browser/ms06_001_wmf_setabortproc.rb,62038aa2f926bc4e84ef271ed585b66152e05fdf,BID-16074
618921880,Pflegusch/metasploit-module-research,modules/exploits/windows/browser/ms06_001_wmf_setabortproc.rb,62038aa2f926bc4e84ef271ed585b66152e05fdf,OSVDB-21987
618921880,Pflegusch/metasploit-module-research,modules/exploits/windows/browser/ms06_001_wmf_setabortproc.rb,62038aa2f926bc4e84ef271ed585b66152e05fdf,MS06-001
618921880,Pflegusch/metasploit-module-research,modules/exploits/windows/browser/adobe_flash_copy_pixels_to_byte_array.rb,621518d32edb79cc9ba19cfd2478f6af92db6795,CVE-2014-0556
618921880,Pflegusch/metasploit-module-research,modules/exploits/windows/browser/adobe_flash_copy_pixels_to_byte_array.rb,621518d32edb79cc9ba19cfd2478f6af92db6795,OSVDB-111110
618921880,Pflegusch/metasploit-module-research,modules/exploits/windows/browser/adobe_flash_copy_pixels_to_byte_array.rb,621518d32edb79cc9ba19cfd2478f6af92db6795,GPZ-46
618921880,Pflegusch/metasploit-module-research,modules/exploits/windows/browser/verypdf_pdfview.rb,62171aa1eae89529023803d37adbffe1d3e5199a,CVE-2008-5492
618921880,Pflegusch/metasploit-module-research,modules/exploits/windows/browser/verypdf_pdfview.rb,62171aa1eae89529023803d37adbffe1d3e5199a,OSVDB-49871
618921880,Pflegusch/metasploit-module-research,modules/exploits/linux/http/mobileiron_core_log4shell.rb,62195dedbec90051289cec4d3ee41b55ad35d31e,CVE-2021-44228
618921880,Pflegusch/metasploit-module-research,modules/auxiliary/admin/backupexec/dump.rb,6232c87e20de70b72ccafb003fb09b4c00d45ac5,OSVDB-18695
618921880,Pflegusch/metasploit-module-research,modules/auxiliary/admin/backupexec/dump.rb,6232c87e20de70b72ccafb003fb09b4c00d45ac5,CVE-2005-2611
618921880,Pflegusch/metasploit-module-research,modules/auxiliary/admin/backupexec/dump.rb,6232c87e20de70b72ccafb003fb09b4c00d45ac5,BID-14551
618921880,Pflegusch/metasploit-module-research,modules/exploits/windows/browser/teechart_pro.rb,624b56c93194852e7e0456fcb7db7b677c868c97,OSVDB-74446
618921880,Pflegusch/metasploit-module-research,modules/exploits/windows/fileformat/ms10_004_textbytesatom.rb,62552cbd39818d98d47894f77bda3dbf6a6a3368,CVE-2010-0033
618921880,Pflegusch/metasploit-module-research,modules/exploits/windows/fileformat/ms10_004_textbytesatom.rb,62552cbd39818d98d47894f77bda3dbf6a6a3368,OSVDB-62241
618921880,Pflegusch/metasploit-module-research,modules/exploits/windows/fileformat/ms10_004_textbytesatom.rb,62552cbd39818d98d47894f77bda3dbf6a6a3368,MS10-004
618921880,Pflegusch/metasploit-module-research,modules/exploits/multi/http/horizontcms_upload_exec.rb,627c6580b18e9939c651d5bbd745b9e8394523f4,CVE-2020-27387
618921880,Pflegusch/metasploit-module-research,modules/exploits/windows/misc/borland_starteam.rb,6286e7396c89e1a146fd608bae43c955f23e079b,OSVDB-44039
618921880,Pflegusch/metasploit-module-research,modules/exploits/windows/misc/borland_starteam.rb,6286e7396c89e1a146fd608bae43c955f23e079b,CVE-2008-0311
618921880,Pflegusch/metasploit-module-research,modules/exploits/windows/misc/borland_starteam.rb,6286e7396c89e1a146fd608bae43c955f23e079b,BID-28602
618921880,Pflegusch/metasploit-module-research,modules/exploits/windows/browser/ms10_042_helpctr_xss_cmd_exec.rb,6291256b2a8d47e9052f249490d75790a7b44a45,OSVDB-65264
618921880,Pflegusch/metasploit-module-research,modules/exploits/windows/browser/ms10_042_helpctr_xss_cmd_exec.rb,6291256b2a8d47e9052f249490d75790a7b44a45,CVE-2010-1885
618921880,Pflegusch/metasploit-module-research,modules/exploits/windows/browser/ms10_042_helpctr_xss_cmd_exec.rb,6291256b2a8d47e9052f249490d75790a7b44a45,MS10-042
618921880,Pflegusch/metasploit-module-research,modules/exploits/multi/browser/adobe_flash_pixel_bender_bof.rb,6295906def5f31e9a7ae3078052d7c1b1a2c01cb,CVE-2014-0515
618921880,Pflegusch/metasploit-module-research,modules/exploits/multi/browser/adobe_flash_pixel_bender_bof.rb,6295906def5f31e9a7ae3078052d7c1b1a2c01cb,BID-67092
618921880,Pflegusch/metasploit-module-research,modules/exploits/windows/browser/java_codebase_trust.rb,62f0c17dfb9a09a29266473b444573e42fd46fae,OSVDB-71193
618921880,Pflegusch/metasploit-module-research,modules/exploits/windows/browser/java_codebase_trust.rb,62f0c17dfb9a09a29266473b444573e42fd46fae,ZDI-11-084
618921880,Pflegusch/metasploit-module-research,modules/exploits/windows/browser/java_codebase_trust.rb,62f0c17dfb9a09a29266473b444573e42fd46fae,CVE-2010-4452
618921880,Pflegusch/metasploit-module-research,modules/exploits/windows/browser/java_ws_double_quote.rb,630f05b3ce0c25ba9d8e4335ee833764eb6ce15d,CVE-2012-1533
618921880,Pflegusch/metasploit-module-research,modules/exploits/windows/browser/java_ws_double_quote.rb,630f05b3ce0c25ba9d8e4335ee833764eb6ce15d,OSVDB-86348
618921880,Pflegusch/metasploit-module-research,modules/exploits/windows/browser/java_ws_double_quote.rb,630f05b3ce0c25ba9d8e4335ee833764eb6ce15d,CVE-2012-0500
618921880,Pflegusch/metasploit-module-research,modules/exploits/multi/http/gitea_git_hooks_rce.rb,633b0addb9eeb975790a396d149c5fdfe7d78746,CVE-2020-14144
618921880,Pflegusch/metasploit-module-research,modules/exploits/windows/browser/zenturiprogramchecker_unsafe.rb,634598f8f9954b29bde80a3ffe26eb0fc96a7238,BID-24217
618921880,Pflegusch/metasploit-module-research,modules/exploits/windows/browser/zenturiprogramchecker_unsafe.rb,634598f8f9954b29bde80a3ffe26eb0fc96a7238,OSVDB-36715
618921880,Pflegusch/metasploit-module-research,modules/exploits/windows/browser/zenturiprogramchecker_unsafe.rb,634598f8f9954b29bde80a3ffe26eb0fc96a7238,CVE-2007-2987
618921880,Pflegusch/metasploit-module-research,modules/exploits/windows/fileformat/ms11_006_createsizeddibsection.rb,636d8a19b57dbba71b3d521e970998c59e191504,BID-45662
618921880,Pflegusch/metasploit-module-research,modules/exploits/windows/fileformat/ms11_006_createsizeddibsection.rb,636d8a19b57dbba71b3d521e970998c59e191504,MS11-006
618921880,Pflegusch/metasploit-module-research,modules/exploits/windows/fileformat/ms11_006_createsizeddibsection.rb,636d8a19b57dbba71b3d521e970998c59e191504,CVE-2010-3970
618921880,Pflegusch/metasploit-module-research,modules/exploits/windows/fileformat/ms11_006_createsizeddibsection.rb,636d8a19b57dbba71b3d521e970998c59e191504,OSVDB-70263
618921880,Pflegusch/metasploit-module-research,modules/auxiliary/scanner/vnc/vnc_none_auth.rb,63ac3bc4263795b96be49af3891613624f05511e,CVE-2006-2369
618921880,Pflegusch/metasploit-module-research,modules/auxiliary/scanner/ftp/titanftp_xcrc_traversal.rb,63bdfe6b05d4392b06ba7bb4775bc3ff4fdb0da4,CVE-2010-2426
618921880,Pflegusch/metasploit-module-research,modules/auxiliary/scanner/ftp/titanftp_xcrc_traversal.rb,63bdfe6b05d4392b06ba7bb4775bc3ff4fdb0da4,OSVDB-65533
618921880,Pflegusch/metasploit-module-research,modules/exploits/windows/ftp/filewrangler_list_reply.rb,63e2f994dc62b383ea6c10164a735556ce3dec95,OSVDB-94555
618921880,Pflegusch/metasploit-module-research,modules/exploits/multi/browser/chrome_simplifiedlowering_overflow.rb,640ca1e4ed8d516ec8de6288baf8409864ee799b,CVE-2020-16040
618921880,Pflegusch/metasploit-module-research,modules/exploits/windows/fileformat/msworks_wkspictureinterface.rb,6430b1d2befb9e6ea9b90e835385103153918582,OSVDB-44458
618921880,Pflegusch/metasploit-module-research,modules/exploits/unix/smtp/qmail_bash_env_exec.rb,643706e7a580246ba9cd34075bd338f78417eaa4,CVE-2014-6271
618921880,Pflegusch/metasploit-module-research,modules/exploits/unix/smtp/qmail_bash_env_exec.rb,643706e7a580246ba9cd34075bd338f78417eaa4,OSVDB-112004
618921880,Pflegusch/metasploit-module-research,modules/exploits/windows/local/alpc_taskscheduler.rb,644b94bf78bf77b4f483ad021b5192a560863087,CVE-2018-8440
618921880,Pflegusch/metasploit-module-research,modules/exploits/windows/ssh/securecrt_ssh1.rb,646aa5a0b7f35cbe8f5f2b8abce280a772fa91ad,CVE-2002-1059
618921880,Pflegusch/metasploit-module-research,modules/exploits/windows/ssh/securecrt_ssh1.rb,646aa5a0b7f35cbe8f5f2b8abce280a772fa91ad,OSVDB-4991
618921880,Pflegusch/metasploit-module-research,modules/exploits/windows/ssh/securecrt_ssh1.rb,646aa5a0b7f35cbe8f5f2b8abce280a772fa91ad,BID-5287
618921880,Pflegusch/metasploit-module-research,modules/exploits/linux/upnp/dlink_dir859_exec_ssdpcgi.rb,646bb9b81dd37ba89c30bef0afa0a54bb72686ff,CVE-2019-20215
618921880,Pflegusch/metasploit-module-research,modules/exploits/windows/http/xitami_if_mod_since.rb,646c1bb620a7e5158b136e5c4139e18e36b9b393,CVE-2007-5067
618921880,Pflegusch/metasploit-module-research,modules/exploits/windows/http/xitami_if_mod_since.rb,646c1bb620a7e5158b136e5c4139e18e36b9b393,OSVDB-40595
618921880,Pflegusch/metasploit-module-research,modules/exploits/windows/http/xitami_if_mod_since.rb,646c1bb620a7e5158b136e5c4139e18e36b9b393,BID-25772
618921880,Pflegusch/metasploit-module-research,modules/exploits/windows/http/xitami_if_mod_since.rb,646c1bb620a7e5158b136e5c4139e18e36b9b393,OSVDB-40594
618921880,Pflegusch/metasploit-module-research,modules/exploits/windows/misc/eiqnetworks_esa.rb,6481f3ec9e8375d853a22e1885a94db8441718a2,CVE-2006-3838
618921880,Pflegusch/metasploit-module-research,modules/exploits/windows/misc/eiqnetworks_esa.rb,6481f3ec9e8375d853a22e1885a94db8441718a2,OSVDB-27526
618921880,Pflegusch/metasploit-module-research,modules/exploits/windows/misc/eiqnetworks_esa.rb,6481f3ec9e8375d853a22e1885a94db8441718a2,BID-19163
618921880,Pflegusch/metasploit-module-research,modules/exploits/windows/http/disksavvy_get_bof.rb,649922c8298151f89d718609d4f767a75147eb9d,CVE-2017-6187
618921880,Pflegusch/metasploit-module-research,modules/exploits/multi/browser/firefox_escape_retval.rb,64b3cb347fccdcd61edb5639a26b742778157bea,CVE-2009-2477
618921880,Pflegusch/metasploit-module-research,modules/exploits/multi/browser/firefox_escape_retval.rb,64b3cb347fccdcd61edb5639a26b742778157bea,OSVDB-55846
618921880,Pflegusch/metasploit-module-research,modules/exploits/multi/browser/firefox_escape_retval.rb,64b3cb347fccdcd61edb5639a26b742778157bea,BID-35660
618921880,Pflegusch/metasploit-module-research,modules/exploits/windows/brightstor/tape_engine.rb,64bf45f5f4266808d58e0a63e1085b69669267ee,BID-21221
618921880,Pflegusch/metasploit-module-research,modules/exploits/windows/brightstor/tape_engine.rb,64bf45f5f4266808d58e0a63e1085b69669267ee,CVE-2006-6076
618921880,Pflegusch/metasploit-module-research,modules/exploits/windows/brightstor/tape_engine.rb,64bf45f5f4266808d58e0a63e1085b69669267ee,OSVDB-30637
618921880,Pflegusch/metasploit-module-research,modules/exploits/linux/http/netgear_dgn1000b_setup_exec.rb,64cd7e7ad5ba39e543bd2b23a1d1c13d780a2c19,BID-57836
618921880,Pflegusch/metasploit-module-research,modules/exploits/linux/http/netgear_dgn1000b_setup_exec.rb,64cd7e7ad5ba39e543bd2b23a1d1c13d780a2c19,OSVDB-89985
618921880,Pflegusch/metasploit-module-research,modules/exploits/windows/local/ms16_016_webdav.rb,6505c60f7b95ccf64b17ad7841f73abe0720eba1,MS16-016
618921880,Pflegusch/metasploit-module-research,modules/exploits/windows/local/ms16_016_webdav.rb,6505c60f7b95ccf64b17ad7841f73abe0720eba1,CVE-2016-0051
618921880,Pflegusch/metasploit-module-research,modules/exploits/linux/http/webmin_package_updates_rce.rb,6534d7b8a8e1e548ce4bfaf947ea84e77a8ccc8b,CVE-2022-36446
618921880,Pflegusch/metasploit-module-research,modules/exploits/windows/misc/vmhgfs_webdav_dll_sideload.rb,653d4bbe881af46a575ec7774392267cfa327c0c,CVE-2016-5330
618921880,Pflegusch/metasploit-module-research,modules/exploits/windows/browser/real_arcade_installerdlg.rb,654659be4cca6c30942dc96d5b42901971d1a2b1,OSVDB-71559
618921880,Pflegusch/metasploit-module-research,modules/exploits/windows/backupexec/ssl_uaf.rb,654c78ab0ce8cc81ff6032a92b2fee5734f7c067,CVE-2017-8895
618921880,Pflegusch/metasploit-module-research,modules/exploits/multi/browser/opera_historysearch.rb,65528f68bd25d3d32878b272629abcd782562aa7,BID-31869
618921880,Pflegusch/metasploit-module-research,modules/exploits/multi/browser/opera_historysearch.rb,65528f68bd25d3d32878b272629abcd782562aa7,OSVDB-49472
618921880,Pflegusch/metasploit-module-research,modules/exploits/multi/browser/opera_historysearch.rb,65528f68bd25d3d32878b272629abcd782562aa7,CVE-2008-4696
618921880,Pflegusch/metasploit-module-research,modules/exploits/windows/browser/apple_quicktime_texml_font_table.rb,6567df6bf9e20043f5355101006debe2e4aea08e,OSVDB-87087
618921880,Pflegusch/metasploit-module-research,modules/exploits/windows/browser/apple_quicktime_texml_font_table.rb,6567df6bf9e20043f5355101006debe2e4aea08e,BID-56557
618921880,Pflegusch/metasploit-module-research,modules/exploits/windows/browser/apple_quicktime_texml_font_table.rb,6567df6bf9e20043f5355101006debe2e4aea08e,CVE-2012-3752
618921880,Pflegusch/metasploit-module-research,modules/exploits/windows/fileformat/bsplayer_m3u.rb,6593c55ba6f1d7b5ce415ff361ae14efa484f197,OSVDB-82528
618921880,Pflegusch/metasploit-module-research,modules/exploits/linux/http/tp_link_ncxxx_bonjour_command_injection.rb,65f236c4322b4a28dd773b897002b94264a85a22,CVE-2020-12109
618921880,Pflegusch/metasploit-module-research,modules/exploits/linux/http/tp_link_ncxxx_bonjour_command_injection.rb,65f236c4322b4a28dd773b897002b94264a85a22,CVE-2020-12110
618921880,Pflegusch/metasploit-module-research,modules/exploits/windows/fileformat/aviosoft_plf_buf.rb,66273c6c235bd863c1eb411c95835a2fa1c36ac0,OSVDB-77043
618921880,Pflegusch/metasploit-module-research,modules/auxiliary/sqli/oracle/jvm_os_code_11g.rb,6682f259fff2afff09c8f47096cba5efd65c0f6a,OSVDB-62184
618921880,Pflegusch/metasploit-module-research,modules/auxiliary/sqli/oracle/jvm_os_code_11g.rb,6682f259fff2afff09c8f47096cba5efd65c0f6a,CVE-2010-0866
618921880,Pflegusch/metasploit-module-research,modules/exploits/windows/browser/ms06_067_keyframe.rb,66c36e73f36e96c47d5c5ee520951069bec06b6d,BID-20047
618921880,Pflegusch/metasploit-module-research,modules/exploits/windows/browser/ms06_067_keyframe.rb,66c36e73f36e96c47d5c5ee520951069bec06b6d,CVE-2006-4777
618921880,Pflegusch/metasploit-module-research,modules/exploits/windows/browser/ms06_067_keyframe.rb,66c36e73f36e96c47d5c5ee520951069bec06b6d,MS10-018
618921880,Pflegusch/metasploit-module-research,modules/exploits/windows/browser/ms06_067_keyframe.rb,66c36e73f36e96c47d5c5ee520951069bec06b6d,MS06-067
618921880,Pflegusch/metasploit-module-research,modules/exploits/windows/browser/ms06_067_keyframe.rb,66c36e73f36e96c47d5c5ee520951069bec06b6d,OSVDB-28842
618921880,Pflegusch/metasploit-module-research,modules/exploits/multi/misc/weblogic_deserialize.rb,66d291558f03f878b69b2a74767c916e0ac8b830,CVE-2018-2628
618921880,Pflegusch/metasploit-module-research,modules/exploits/windows/fileformat/foxit_reader_uaf.rb,66f52790a9e6562c55bef63deb0972519eb83ac5,CVE-2018-9948
618921880,Pflegusch/metasploit-module-research,modules/exploits/windows/fileformat/foxit_reader_uaf.rb,66f52790a9e6562c55bef63deb0972519eb83ac5,CVE-2018-9958
618921880,Pflegusch/metasploit-module-research,modules/exploits/windows/fileformat/foxit_reader_uaf.rb,66f52790a9e6562c55bef63deb0972519eb83ac5,CVE-2018-0099
618921880,Pflegusch/metasploit-module-research,modules/exploits/windows/http/icecast_header.rb,67095ccb3b812cb09e6286567140084fdad9d515,OSVDB-10406
618921880,Pflegusch/metasploit-module-research,modules/exploits/windows/http/icecast_header.rb,67095ccb3b812cb09e6286567140084fdad9d515,BID-11271
618921880,Pflegusch/metasploit-module-research,modules/exploits/windows/http/icecast_header.rb,67095ccb3b812cb09e6286567140084fdad9d515,CVE-2004-1561
618921880,Pflegusch/metasploit-module-research,modules/exploits/linux/http/apache_druid_js_rce.rb,670c4505cd1839f10366d70870cfaf5e762d86fe,CVE-2021-25646
618921880,Pflegusch/metasploit-module-research,modules/exploits/linux/ssh/solarwinds_lem_exec.rb,670e3b69f95ed68240f49e69a301b67c11649116,CVE-2017-7722
618921880,Pflegusch/metasploit-module-research,modules/exploits/windows/http/trendmicro_officescan_widget_exec.rb,673431145ba3e17ff68cb973c0aa23a7d072010c,ZDI-17-521
618921880,Pflegusch/metasploit-module-research,modules/exploits/windows/http/trendmicro_officescan_widget_exec.rb,673431145ba3e17ff68cb973c0aa23a7d072010c,CVE-2017-11394
618921880,Pflegusch/metasploit-module-research,modules/exploits/linux/http/bitbucket_git_cmd_injection.rb,674c675cd128f28976776785891da8024c15455d,CVE-2022-36804
618921880,Pflegusch/metasploit-module-research,modules/exploits/windows/http/httpdx_handlepeer.rb,6754a451962d82754e380e91e305c1d994b93e35,CVE-2009-3711
618921880,Pflegusch/metasploit-module-research,modules/exploits/windows/http/httpdx_handlepeer.rb,6754a451962d82754e380e91e305c1d994b93e35,OSVDB-58714
618921880,Pflegusch/metasploit-module-research,modules/exploits/multi/http/joomla_http_header_rce.rb,67945afbdbbba3f946fb37413c56e58ea145ab75,CVE-2015-8562
618921880,Pflegusch/metasploit-module-research,modules/exploits/multi/http/joomla_http_header_rce.rb,67945afbdbbba3f946fb37413c56e58ea145ab75,CVE-2015-6835
618921880,Pflegusch/metasploit-module-research,modules/exploits/multi/browser/mozilla_navigatorjava.rb,67a65177d41c2fa3feb7444f94004834af9ca6de,OSVDB-27559
618921880,Pflegusch/metasploit-module-research,modules/exploits/multi/browser/mozilla_navigatorjava.rb,67a65177d41c2fa3feb7444f94004834af9ca6de,CVE-2006-3677
618921880,Pflegusch/metasploit-module-research,modules/exploits/multi/browser/mozilla_navigatorjava.rb,67a65177d41c2fa3feb7444f94004834af9ca6de,BID-19192
618921880,Pflegusch/metasploit-module-research,modules/exploits/linux/samba/setinfopolicy_heap.rb,67ad23554f5c8c74f7b567db25a20210efae003a,CVE-2012-1182
618921880,Pflegusch/metasploit-module-research,modules/exploits/linux/samba/setinfopolicy_heap.rb,67ad23554f5c8c74f7b567db25a20210efae003a,BID-52973
618921880,Pflegusch/metasploit-module-research,modules/exploits/linux/samba/setinfopolicy_heap.rb,67ad23554f5c8c74f7b567db25a20210efae003a,OSVDB-81303
618921880,Pflegusch/metasploit-module-research,modules/exploits/unix/webapp/openmediavault_rpc_rce.rb,67c109abe5d09a35cc2896fd456138aa0004f19e,CVE-2020-26124
618921880,Pflegusch/metasploit-module-research,modules/post/osx/escalate/tccbypass.rb,67dea6acc5dc429d2d4fe7deed17d5da8f7d0db1,CVE-2020-9934
618921880,Pflegusch/metasploit-module-research,modules/exploits/linux/misc/qnap_transcode_server.rb,67e81533da718a84b3cd0a3cfbf40cd70f2589fe,CVE-2017-13067
618921880,Pflegusch/metasploit-module-research,modules/exploits/windows/misc/mercury_phonebook.rb,68416b34d71a1fb7f2f4c82c9a2bc91c09d2a421,BID-16396
618921880,Pflegusch/metasploit-module-research,modules/exploits/windows/misc/mercury_phonebook.rb,68416b34d71a1fb7f2f4c82c9a2bc91c09d2a421,OSVDB-22103
618921880,Pflegusch/metasploit-module-research,modules/exploits/windows/misc/mercury_phonebook.rb,68416b34d71a1fb7f2f4c82c9a2bc91c09d2a421,CVE-2005-4411
618921880,Pflegusch/metasploit-module-research,modules/exploits/multi/http/git_submodule_url_exec.rb,68508a28ecc49acc5a3313bf735aedb069415706,CVE-2018-17456
618921880,Pflegusch/metasploit-module-research,modules/exploits/linux/pptp/poptop_negative_read.rb,6869246a8fd9383a219aadfbf3c707fca6a43cb1,OSVDB-3293
618921880,Pflegusch/metasploit-module-research,modules/exploits/linux/pptp/poptop_negative_read.rb,6869246a8fd9383a219aadfbf3c707fca6a43cb1,CVE-2003-0213
618921880,Pflegusch/metasploit-module-research,modules/auxiliary/sqli/oracle/dbms_cdc_publish3.rb,68824bef7384369a5157d6f4cdc8f03e5b5da59d,CVE-2010-2415
618921880,Pflegusch/metasploit-module-research,modules/auxiliary/sqli/oracle/dbms_cdc_publish3.rb,68824bef7384369a5157d6f4cdc8f03e5b5da59d,OSVDB-70078
618921880,Pflegusch/metasploit-module-research,modules/exploits/windows/misc/bigant_server.rb,68865cbf58add47658b497e3a0e1b5481c048fea,BID-28795
618921880,Pflegusch/metasploit-module-research,modules/exploits/windows/misc/bigant_server.rb,68865cbf58add47658b497e3a0e1b5481c048fea,OSVDB-44454
618921880,Pflegusch/metasploit-module-research,modules/exploits/windows/misc/bigant_server.rb,68865cbf58add47658b497e3a0e1b5481c048fea,CVE-2008-1914
618921880,Pflegusch/metasploit-module-research,modules/exploits/windows/http/bea_weblogic_jsessionid.rb,68c3bd1e60605ef21de105622b09478bc92a8c87,CVE-2008-5457
618921880,Pflegusch/metasploit-module-research,modules/exploits/windows/http/bea_weblogic_jsessionid.rb,68c3bd1e60605ef21de105622b09478bc92a8c87,OSVDB-51311
618921880,Pflegusch/metasploit-module-research,modules/exploits/windows/ftp/odin_list_reply.rb,68cc4da09004bc36444c73dc8b46acaab4fbcf11,OSVDB-68824
618921880,Pflegusch/metasploit-module-research,modules/exploits/windows/local/ms14_009_ie_dfsvc.rb,68d043b8a02d842fba761043481983379b658f4b,CVE-2014-0257
618921880,Pflegusch/metasploit-module-research,modules/exploits/windows/local/ms14_009_ie_dfsvc.rb,68d043b8a02d842fba761043481983379b658f4b,BID-65417
618921880,Pflegusch/metasploit-module-research,modules/exploits/windows/local/ms14_009_ie_dfsvc.rb,68d043b8a02d842fba761043481983379b658f4b,MS14-009
618921880,Pflegusch/metasploit-module-research,modules/exploits/windows/local/ms13_097_ie_registry_symlink.rb,68d1503e01221ba721450c8c849c6c9d2f7733bb,CVE-2013-5045
618921880,Pflegusch/metasploit-module-research,modules/exploits/windows/local/ms13_097_ie_registry_symlink.rb,68d1503e01221ba721450c8c849c6c9d2f7733bb,BID-64115
618921880,Pflegusch/metasploit-module-research,modules/exploits/windows/local/ms13_097_ie_registry_symlink.rb,68d1503e01221ba721450c8c849c6c9d2f7733bb,MS13-097
618921880,Pflegusch/metasploit-module-research,modules/exploits/multi/http/clipbucket_fileupload_exec.rb,68d4fefd0c7e9196171b7900190302bcdadec7e7,CVE-2018-7665
618921880,Pflegusch/metasploit-module-research,modules/exploits/windows/misc/poisonivy_bof.rb,68f414cd79c04d97a5e0d034f3101943f1e7e7bc,OSVDB-83774
618921880,Pflegusch/metasploit-module-research,modules/auxiliary/gather/ie_uxss_injection.rb,69037caeab996b367c58c467b4ab61bc46d8ddfe,OSVDB-117876
618921880,Pflegusch/metasploit-module-research,modules/auxiliary/gather/ie_uxss_injection.rb,69037caeab996b367c58c467b4ab61bc46d8ddfe,MS15-018
618921880,Pflegusch/metasploit-module-research,modules/auxiliary/gather/ie_uxss_injection.rb,69037caeab996b367c58c467b4ab61bc46d8ddfe,CVE-2015-0072
618921880,Pflegusch/metasploit-module-research,modules/exploits/windows/misc/enterasys_netsight_syslog_bof.rb,69182dd86d4cc986d1cf85e277ae1283cdefc9ae,BID-51124
618921880,Pflegusch/metasploit-module-research,modules/exploits/windows/misc/enterasys_netsight_syslog_bof.rb,69182dd86d4cc986d1cf85e277ae1283cdefc9ae,CVE-2011-5227
618921880,Pflegusch/metasploit-module-research,modules/exploits/windows/misc/enterasys_netsight_syslog_bof.rb,69182dd86d4cc986d1cf85e277ae1283cdefc9ae,OSVDB-77971
618921880,Pflegusch/metasploit-module-research,modules/auxiliary/dos/sap/sap_soap_rfc_eps_delete_file.rb,6927b7bcda7f1291f8ec58b90ccc17cb3d156b4d,OSVDB-74780
618921880,Pflegusch/metasploit-module-research,modules/auxiliary/fileformat/odt_badodt.rb,694684801a1af25250363e7f327b4f487da7a3d7,CVE-2018-10583
618921880,Pflegusch/metasploit-module-research,modules/exploits/windows/http/git_lfs_rce.rb,6957ede0f2d3c6153f4616c92ce05513a7f4d5d9,CVE-2020-27955
618921880,Pflegusch/metasploit-module-research,modules/auxiliary/scanner/http/wordpress_login_enum.rb,695bce69f5241faf9e16c3a9431c32894451d588,CVE-2009-2335
618921880,Pflegusch/metasploit-module-research,modules/auxiliary/scanner/http/wordpress_login_enum.rb,695bce69f5241faf9e16c3a9431c32894451d588,OSVDB-55713
618921880,Pflegusch/metasploit-module-research,modules/auxiliary/scanner/http/wordpress_login_enum.rb,695bce69f5241faf9e16c3a9431c32894451d588,BID-35581
618921880,Pflegusch/metasploit-module-research,modules/exploits/windows/misc/bopup_comm.rb,698882a8f08c34760211e631915c8eb72205016e,CVE-2009-2227
618921880,Pflegusch/metasploit-module-research,modules/exploits/windows/misc/bopup_comm.rb,698882a8f08c34760211e631915c8eb72205016e,OSVDB-55275
618921880,Pflegusch/metasploit-module-research,modules/exploits/windows/browser/wellintech_kingscada_kxclientdownload.rb,69a46dad9ce074d5b585c5fe43da47e82af3da7d,CVE-2013-2827
618921880,Pflegusch/metasploit-module-research,modules/exploits/windows/browser/wellintech_kingscada_kxclientdownload.rb,69a46dad9ce074d5b585c5fe43da47e82af3da7d,OSVDB-102135
618921880,Pflegusch/metasploit-module-research,modules/exploits/windows/browser/wellintech_kingscada_kxclientdownload.rb,69a46dad9ce074d5b585c5fe43da47e82af3da7d,BID-64941
618921880,Pflegusch/metasploit-module-research,modules/auxiliary/server/openssl_heartbeat_client_memory.rb,69d32ef3a933b830c0e84ff6eb9d0686facdb924,CVE-2014-0160
618921880,Pflegusch/metasploit-module-research,modules/exploits/windows/scada/ge_proficy_cimplicity_gefebt.rb,6a09cc6521008092afc705dd98ec7028fbac909d,CVE-2014-0750
618921880,Pflegusch/metasploit-module-research,modules/auxiliary/scanner/telnet/brocade_enable_login.rb,6a7a032c6dacba7f81249bdea1a6b86ca31be4b9,CVE-1999-0502
618921880,Pflegusch/metasploit-module-research,modules/exploits/unix/dhcp/rhel_dhcp_client_command_injection.rb,6a950182c0b7244a8c069f9b352eab2ba1ef9da2,CVE-2018-1111
618921880,Pflegusch/metasploit-module-research,modules/exploits/windows/browser/ms14_012_textrange.rb,6a9b9b0249d6534eeec0b30d69a886c125e180ad,MS14-012
618921880,Pflegusch/metasploit-module-research,modules/exploits/windows/browser/ms14_012_textrange.rb,6a9b9b0249d6534eeec0b30d69a886c125e180ad,CVE-2014-0307
618921880,Pflegusch/metasploit-module-research,modules/exploits/multi/local/allwinner_backdoor.rb,6a9e305bd9819a2887cc6c00548cc7f39d250827,CVE-2016-10225
618921880,Pflegusch/metasploit-module-research,modules/exploits/multi/browser/firefox_queryinterface.rb,6b272cd979946fab7b72eb79a73fb5e2ab25326b,BID-16476
618921880,Pflegusch/metasploit-module-research,modules/exploits/multi/browser/firefox_queryinterface.rb,6b272cd979946fab7b72eb79a73fb5e2ab25326b,OSVDB-22893
618921880,Pflegusch/metasploit-module-research,modules/exploits/multi/browser/firefox_queryinterface.rb,6b272cd979946fab7b72eb79a73fb5e2ab25326b,CVE-2006-0295
618921880,Pflegusch/metasploit-module-research,modules/auxiliary/gather/manageengine_datasecurity_plus_xnode_enum.rb,6b2a4b4c7a84556a64ecfe8201498946c6be02db,CVE-2020-11532
618921880,Pflegusch/metasploit-module-research,modules/exploits/osx/http/evocam_webserver.rb,6b4323fc9ced5eff82e6fd7c14ac5caa17e1dcad,CVE-2010-2309
618921880,Pflegusch/metasploit-module-research,modules/exploits/osx/http/evocam_webserver.rb,6b4323fc9ced5eff82e6fd7c14ac5caa17e1dcad,OSVDB-65043
618921880,Pflegusch/metasploit-module-research,modules/exploits/windows/fileformat/ms09_067_excel_featheader.rb,6b68ece1945f970b7e9097e6f22616a9a9502194,MS09-067
618921880,Pflegusch/metasploit-module-research,modules/exploits/windows/fileformat/ms09_067_excel_featheader.rb,6b68ece1945f970b7e9097e6f22616a9a9502194,OSVDB-59860
618921880,Pflegusch/metasploit-module-research,modules/exploits/windows/fileformat/ms09_067_excel_featheader.rb,6b68ece1945f970b7e9097e6f22616a9a9502194,BID-36945
618921880,Pflegusch/metasploit-module-research,modules/exploits/windows/http/cogent_datahub_request_headers_bof.rb,6b8d5fa4bffc8a4d291c5e1a616394b33d5dd3d7,BID-53455
618921880,Pflegusch/metasploit-module-research,modules/exploits/windows/http/cogent_datahub_request_headers_bof.rb,6b8d5fa4bffc8a4d291c5e1a616394b33d5dd3d7,ZDI-CAN-1915
618921880,Pflegusch/metasploit-module-research,modules/exploits/windows/http/cogent_datahub_request_headers_bof.rb,6b8d5fa4bffc8a4d291c5e1a616394b33d5dd3d7,CVE-2013-0680
618921880,Pflegusch/metasploit-module-research,modules/exploits/windows/http/cogent_datahub_request_headers_bof.rb,6b8d5fa4bffc8a4d291c5e1a616394b33d5dd3d7,OSVDB-95819
618921880,Pflegusch/metasploit-module-research,modules/exploits/windows/http/apache_chunked.rb,6b9e59a288d9c301e9b0ae464c838c5a1923e527,BID-5033
618921880,Pflegusch/metasploit-module-research,modules/exploits/windows/http/apache_chunked.rb,6b9e59a288d9c301e9b0ae464c838c5a1923e527,CVE-2002-0392
618921880,Pflegusch/metasploit-module-research,modules/exploits/windows/http/apache_chunked.rb,6b9e59a288d9c301e9b0ae464c838c5a1923e527,OSVDB-838
618921880,Pflegusch/metasploit-module-research,modules/exploits/linux/http/sophos_wpa_sblistpack_exec.rb,6bc8bc0bbbb39534c899d862e461603b519ff95f,CVE-2013-4983
618921880,Pflegusch/metasploit-module-research,modules/exploits/linux/http/sophos_wpa_sblistpack_exec.rb,6bc8bc0bbbb39534c899d862e461603b519ff95f,BID-62263
618921880,Pflegusch/metasploit-module-research,modules/exploits/linux/http/sophos_wpa_sblistpack_exec.rb,6bc8bc0bbbb39534c899d862e461603b519ff95f,OSVDB-97029
618921880,Pflegusch/metasploit-module-research,modules/exploits/linux/local/cve_2022_1043_io_uring_priv_esc.rb,6bd73b4fac332d363f87dfc4baa4a32114d0e107,CVE-2022-1043
618921880,Pflegusch/metasploit-module-research,modules/exploits/linux/local/rds_rds_page_copy_user_priv_esc.rb,6bd8dc5a14f5e76639a174a6018a9866749ac2a7,CVE-2010-3904
618921880,Pflegusch/metasploit-module-research,modules/exploits/linux/local/rds_rds_page_copy_user_priv_esc.rb,6bd8dc5a14f5e76639a174a6018a9866749ac2a7,BID-44219
618921880,Pflegusch/metasploit-module-research,modules/auxiliary/dos/windows/llmnr/ms11_030_dnsapi.rb,6bdd66be22bd4ae5c84a27be1b97e05e45959428,OSVDB-71780
618921880,Pflegusch/metasploit-module-research,modules/auxiliary/dos/windows/llmnr/ms11_030_dnsapi.rb,6bdd66be22bd4ae5c84a27be1b97e05e45959428,MS11-030
618921880,Pflegusch/metasploit-module-research,modules/auxiliary/dos/windows/llmnr/ms11_030_dnsapi.rb,6bdd66be22bd4ae5c84a27be1b97e05e45959428,CVE-2011-0657
618921880,Pflegusch/metasploit-module-research,modules/exploits/multi/http/apache_activemq_upload_jsp.rb,6bea328a6e1b14c0436066277278cbeb379a9a9d,CVE-2016-3088
618921880,Pflegusch/metasploit-module-research,modules/exploits/windows/browser/vlc_mms_bof.rb,6bee425688f03a091954d2e16e0058016199d75e,CVE-2012-1775
618921880,Pflegusch/metasploit-module-research,modules/exploits/windows/browser/vlc_mms_bof.rb,6bee425688f03a091954d2e16e0058016199d75e,OSVDB-80188
618921880,Pflegusch/metasploit-module-research,modules/auxiliary/server/webkit_xslt_dropper.rb,6c084d0ca9ea5bf66dbeee7a2db2a131338dff88,CVE-2011-1774
618921880,Pflegusch/metasploit-module-research,modules/exploits/windows/fileformat/djvu_imageurl.rb,6c0f3c7bf642c5e8a4b89f43be0ab798f0ea4789,OSVDB-49592
618921880,Pflegusch/metasploit-module-research,modules/exploits/windows/fileformat/djvu_imageurl.rb,6c0f3c7bf642c5e8a4b89f43be0ab798f0ea4789,CVE-2008-4922
618921880,Pflegusch/metasploit-module-research,modules/exploits/windows/fileformat/djvu_imageurl.rb,6c0f3c7bf642c5e8a4b89f43be0ab798f0ea4789,BID-31987
618921880,Pflegusch/metasploit-module-research,modules/exploits/linux/http/dolibarr_cmd_exec.rb,6c168e8caa389a12b7fb96821343e0594565b2af,OSVDB-80980
618921880,Pflegusch/metasploit-module-research,modules/exploits/unix/webapp/wp_advanced_custom_fields_exec.rb,6c5210ed9e9db3e552f761547b71b22cd5b8b86d,OSVDB-87353
618921880,Pflegusch/metasploit-module-research,modules/exploits/windows/fileformat/ibm_forms_viewer_fontname.rb,6c8d643f4c8d7eaa483106d425cb919106a3f180,CVE-2013-5447
618921880,Pflegusch/metasploit-module-research,modules/exploits/windows/fileformat/ibm_forms_viewer_fontname.rb,6c8d643f4c8d7eaa483106d425cb919106a3f180,OSVDB-100732
618921880,Pflegusch/metasploit-module-research,modules/exploits/linux/samba/is_known_pipename.rb,6c9a1cecf7e82ca8fdf5a8f1566ee75887a6fde6,CVE-2017-7494
618921880,Pflegusch/metasploit-module-research,modules/exploits/windows/ftp/goldenftp_pass_bof.rb,6c9e3b288a84811430b92dbf7f4958fec8cbce00,CVE-2006-6576
618921880,Pflegusch/metasploit-module-research,modules/exploits/windows/ftp/goldenftp_pass_bof.rb,6c9e3b288a84811430b92dbf7f4958fec8cbce00,OSVDB-35951
618921880,Pflegusch/metasploit-module-research,modules/exploits/windows/ftp/goldenftp_pass_bof.rb,6c9e3b288a84811430b92dbf7f4958fec8cbce00,BID-45957
618921880,Pflegusch/metasploit-module-research,modules/exploits/windows/local/appxsvc_hard_link_privesc.rb,6ccfc1b6b75bc877f14f8eac86c90741b488e573,CVE-2019-0841
618921880,Pflegusch/metasploit-module-research,modules/auxiliary/admin/pop2/uw_fileretrieval.rb,6d369e3f3f3dc803f5987c1ac250a631f75f9d0b,BID-1484
618921880,Pflegusch/metasploit-module-research,modules/auxiliary/admin/pop2/uw_fileretrieval.rb,6d369e3f3f3dc803f5987c1ac250a631f75f9d0b,OSVDB-368
618921880,Pflegusch/metasploit-module-research,modules/exploits/unix/webapp/drupal_restws_unserialize.rb,6d5757709bc0e84d880d227afa7b9d41779744f6,CVE-2019-6340
618921880,Pflegusch/metasploit-module-research,modules/exploits/multi/fileformat/libreoffice_logo_exec.rb,6d5b88bfa90ff9d58d2c037e151590f2bdbd6311,CVE-2019-9851
618921880,Pflegusch/metasploit-module-research,modules/exploits/multi/fileformat/libreoffice_logo_exec.rb,6d5b88bfa90ff9d58d2c037e151590f2bdbd6311,CVE-2018-16858
618921880,Pflegusch/metasploit-module-research,modules/exploits/multi/fileformat/libreoffice_logo_exec.rb,6d5b88bfa90ff9d58d2c037e151590f2bdbd6311,CVE-2019-9848
618921880,Pflegusch/metasploit-module-research,modules/exploits/windows/http/trendmicro_officescan.rb,6d63d4884280da9a1f5162ab95474237b13f741a,CVE-2008-1365
618921880,Pflegusch/metasploit-module-research,modules/exploits/windows/http/trendmicro_officescan.rb,6d63d4884280da9a1f5162ab95474237b13f741a,OSVDB-42499
618921880,Pflegusch/metasploit-module-research,modules/auxiliary/admin/2wire/xslt_password_reset.rb,6d83eccbff8e3e7e6ad2fc09ed4a8b0b3a903829,OSVDB-37667
618921880,Pflegusch/metasploit-module-research,modules/auxiliary/admin/2wire/xslt_password_reset.rb,6d83eccbff8e3e7e6ad2fc09ed4a8b0b3a903829,CVE-2007-4387
618921880,Pflegusch/metasploit-module-research,modules/auxiliary/admin/2wire/xslt_password_reset.rb,6d83eccbff8e3e7e6ad2fc09ed4a8b0b3a903829,BID-36075
618921880,Pflegusch/metasploit-module-research,modules/exploits/linux/http/flir_ax8_unauth_rce_cve_2022_37061.rb,6e0bac4c6e5731dcbe214ab777a4416a3e9dc4cf,CVE-2022-37061
618921880,Pflegusch/metasploit-module-research,modules/exploits/windows/ftp/ms09_053_ftpd_nlst.rb,6e2ecf39397f59e9f7e7f6a22ee7b9a0fd5a97a9,MS09-053
618921880,Pflegusch/metasploit-module-research,modules/exploits/windows/ftp/ms09_053_ftpd_nlst.rb,6e2ecf39397f59e9f7e7f6a22ee7b9a0fd5a97a9,CVE-2009-3023
618921880,Pflegusch/metasploit-module-research,modules/exploits/windows/ftp/ms09_053_ftpd_nlst.rb,6e2ecf39397f59e9f7e7f6a22ee7b9a0fd5a97a9,BID-36189
618921880,Pflegusch/metasploit-module-research,modules/exploits/windows/ftp/ms09_053_ftpd_nlst.rb,6e2ecf39397f59e9f7e7f6a22ee7b9a0fd5a97a9,OSVDB-57589
618921880,Pflegusch/metasploit-module-research,modules/exploits/unix/webapp/wp_revslider_upload_execute.rb,6e501c61cdad14c03f262eb4b7a2533053a2e2b2,CVE-2014-9735
618921880,Pflegusch/metasploit-module-research,modules/exploits/unix/webapp/wp_revslider_upload_execute.rb,6e501c61cdad14c03f262eb4b7a2533053a2e2b2,OSVDB-115118
618921880,Pflegusch/metasploit-module-research,modules/auxiliary/gather/enum_dns.rb,6e8483a0cd33d7dfc141c7e8df728c241683d281,CVE-1999-0532
618921880,Pflegusch/metasploit-module-research,modules/auxiliary/gather/enum_dns.rb,6e8483a0cd33d7dfc141c7e8df728c241683d281,OSVDB-492
618921880,Pflegusch/metasploit-module-research,modules/exploits/windows/browser/ms03_020_ie_objecttype.rb,6e94d2c8a7e2ce8dcb339e8ba9a43654754f3ae3,CVE-2003-0344
618921880,Pflegusch/metasploit-module-research,modules/exploits/windows/browser/ms03_020_ie_objecttype.rb,6e94d2c8a7e2ce8dcb339e8ba9a43654754f3ae3,BID-7806
618921880,Pflegusch/metasploit-module-research,modules/exploits/windows/browser/ms03_020_ie_objecttype.rb,6e94d2c8a7e2ce8dcb339e8ba9a43654754f3ae3,MS03-020
618921880,Pflegusch/metasploit-module-research,modules/exploits/windows/browser/ms03_020_ie_objecttype.rb,6e94d2c8a7e2ce8dcb339e8ba9a43654754f3ae3,OSVDB-2967
618921880,Pflegusch/metasploit-module-research,modules/exploits/linux/http/panos_readsessionvars.rb,6e97da1334e7d78aba0354ffd3e1aa85ea452b81,BID-102079
618921880,Pflegusch/metasploit-module-research,modules/exploits/linux/http/panos_readsessionvars.rb,6e97da1334e7d78aba0354ffd3e1aa85ea452b81,CVE-2017-15944
618921880,Pflegusch/metasploit-module-research,modules/exploits/multi/browser/java_jre17_jmxbean.rb,6eb6ce3710d2bf6eaa9dca059d68b85c9dafdb28,OSVDB-89059
618921880,Pflegusch/metasploit-module-research,modules/exploits/multi/browser/java_jre17_jmxbean.rb,6eb6ce3710d2bf6eaa9dca059d68b85c9dafdb28,CVE-2013-0422
618921880,Pflegusch/metasploit-module-research,modules/exploits/windows/fileformat/ultraiso_cue.rb,6ec3884a5d909c5c186eb57778628f95a534a886,BID-24140
618921880,Pflegusch/metasploit-module-research,modules/exploits/windows/fileformat/ultraiso_cue.rb,6ec3884a5d909c5c186eb57778628f95a534a886,OSVDB-36570
618921880,Pflegusch/metasploit-module-research,modules/exploits/windows/fileformat/ultraiso_cue.rb,6ec3884a5d909c5c186eb57778628f95a534a886,CVE-2007-2888
618921880,Pflegusch/metasploit-module-research,modules/exploits/windows/local/ms16_032_secondary_logon_handle_privesc.rb,6edd2345960fdd79742a6f1180d3d9c92d83cc80,MS16-032
618921880,Pflegusch/metasploit-module-research,modules/exploits/windows/local/ms16_032_secondary_logon_handle_privesc.rb,6edd2345960fdd79742a6f1180d3d9c92d83cc80,CVE-2016-0099
618921880,Pflegusch/metasploit-module-research,modules/exploits/windows/dcerpc/ms07_029_msdns_zonename.rb,6edf09fc1872dd8b78852e952f0964b846c05742,CVE-2007-1748
618921880,Pflegusch/metasploit-module-research,modules/exploits/windows/dcerpc/ms07_029_msdns_zonename.rb,6edf09fc1872dd8b78852e952f0964b846c05742,MS07-029
618921880,Pflegusch/metasploit-module-research,modules/exploits/windows/dcerpc/ms07_029_msdns_zonename.rb,6edf09fc1872dd8b78852e952f0964b846c05742,OSVDB-34100
618921880,Pflegusch/metasploit-module-research,modules/exploits/windows/misc/avidphoneticindexer.rb,6f2558c09408897867f9784983a1d591328f9476,CVE-2011-5003
618921880,Pflegusch/metasploit-module-research,modules/exploits/windows/misc/avidphoneticindexer.rb,6f2558c09408897867f9784983a1d591328f9476,OSVDB-77376
618921880,Pflegusch/metasploit-module-research,modules/exploits/windows/browser/java_ws_arginject_altjvm.rb,6f31811338594287e8bee88724fd0504f8c1430a,OSVDB-63648
618921880,Pflegusch/metasploit-module-research,modules/exploits/windows/browser/java_ws_arginject_altjvm.rb,6f31811338594287e8bee88724fd0504f8c1430a,CVE-2010-0886
618921880,Pflegusch/metasploit-module-research,modules/exploits/windows/browser/java_ws_arginject_altjvm.rb,6f31811338594287e8bee88724fd0504f8c1430a,BID-39346
618921880,Pflegusch/metasploit-module-research,modules/exploits/windows/browser/java_ws_arginject_altjvm.rb,6f31811338594287e8bee88724fd0504f8c1430a,CVE-2010-1423
618921880,Pflegusch/metasploit-module-research,modules/exploits/windows/mssql/ms09_004_sp_replwritetovarbin.rb,6f31c36e0271ecc54879232b4cf8d9213273bb1a,MS09-004
618921880,Pflegusch/metasploit-module-research,modules/exploits/windows/mssql/ms09_004_sp_replwritetovarbin.rb,6f31c36e0271ecc54879232b4cf8d9213273bb1a,CVE-2008-5416
618921880,Pflegusch/metasploit-module-research,modules/exploits/windows/mssql/ms09_004_sp_replwritetovarbin.rb,6f31c36e0271ecc54879232b4cf8d9213273bb1a,BID-32710
618921880,Pflegusch/metasploit-module-research,modules/exploits/windows/mssql/ms09_004_sp_replwritetovarbin.rb,6f31c36e0271ecc54879232b4cf8d9213273bb1a,OSVDB-50589
618921880,Pflegusch/metasploit-module-research,modules/exploits/windows/fileformat/mplayer_sami_bof.rb,6f6a9e3dfab455a308e3eb711b43cade724e2bc6,OSVDB-74604
618921880,Pflegusch/metasploit-module-research,modules/exploits/windows/fileformat/mplayer_sami_bof.rb,6f6a9e3dfab455a308e3eb711b43cade724e2bc6,BID-49149
618921880,Pflegusch/metasploit-module-research,modules/exploits/multi/http/eaton_nsm_code_exec.rb,6fae9e48731a7097c942a5e64ce91e97ffac8aee,OSVDB-83199
618921880,Pflegusch/metasploit-module-research,modules/auxiliary/admin/http/netgear_soap_password_extractor.rb,6fd8f20725030234b659c1d07aa1039cccc726db,OSVDB-118316
618921880,Pflegusch/metasploit-module-research,modules/auxiliary/admin/http/netgear_soap_password_extractor.rb,6fd8f20725030234b659c1d07aa1039cccc726db,BID-72640
618921880,Pflegusch/metasploit-module-research,modules/exploits/windows/fileformat/winrar_ace.rb,701a5456edd8f8f0fde4360d48f95eb2857cb22e,BID-106948
618921880,Pflegusch/metasploit-module-research,modules/exploits/windows/fileformat/winrar_ace.rb,701a5456edd8f8f0fde4360d48f95eb2857cb22e,CVE-2018-20250
618921880,Pflegusch/metasploit-module-research,modules/exploits/windows/brightstor/ca_arcserve_342.rb,7037d2783bc76db3942ec01d23481296d19fcd8a,CVE-2008-4397
618921880,Pflegusch/metasploit-module-research,modules/exploits/windows/brightstor/ca_arcserve_342.rb,7037d2783bc76db3942ec01d23481296d19fcd8a,BID-31684
618921880,Pflegusch/metasploit-module-research,modules/exploits/windows/brightstor/ca_arcserve_342.rb,7037d2783bc76db3942ec01d23481296d19fcd8a,OSVDB-49468
618921880,Pflegusch/metasploit-module-research,modules/auxiliary/admin/http/novell_file_reporter_filedelete.rb,7051bcf7529ad609bbd49ea885f6a2a72ff417b9,OSVDB-73729
618921880,Pflegusch/metasploit-module-research,modules/auxiliary/admin/http/novell_file_reporter_filedelete.rb,7051bcf7529ad609bbd49ea885f6a2a72ff417b9,CVE-2011-2750
618921880,Pflegusch/metasploit-module-research,modules/exploits/windows/fileformat/apple_quicktime_rdrf.rb,707f152819f58f46890c868361d3e066c93b5aa8,BID-60097
618921880,Pflegusch/metasploit-module-research,modules/exploits/windows/fileformat/apple_quicktime_rdrf.rb,707f152819f58f46890c868361d3e066c93b5aa8,CVE-2013-1017
618921880,Pflegusch/metasploit-module-research,modules/exploits/windows/fileformat/apple_quicktime_rdrf.rb,707f152819f58f46890c868361d3e066c93b5aa8,OSVDB-93625
618921880,Pflegusch/metasploit-module-research,modules/exploits/windows/ftp/slimftpd_list_concat.rb,707fb2f2000c02e35abdfd294a485ea163cf68f0,OSVDB-18172
618921880,Pflegusch/metasploit-module-research,modules/exploits/windows/ftp/slimftpd_list_concat.rb,707fb2f2000c02e35abdfd294a485ea163cf68f0,BID-14339
618921880,Pflegusch/metasploit-module-research,modules/exploits/windows/ftp/slimftpd_list_concat.rb,707fb2f2000c02e35abdfd294a485ea163cf68f0,CVE-2005-2373
618921880,Pflegusch/metasploit-module-research,modules/auxiliary/dos/windows/browser/ms09_065_eot_integer.rb,7082812fcb2c5ea7175bc1b0867e41305e0e5909,CVE-2009-2514
618921880,Pflegusch/metasploit-module-research,modules/auxiliary/dos/windows/browser/ms09_065_eot_integer.rb,7082812fcb2c5ea7175bc1b0867e41305e0e5909,OSVDB-59869
618921880,Pflegusch/metasploit-module-research,modules/auxiliary/dos/windows/browser/ms09_065_eot_integer.rb,7082812fcb2c5ea7175bc1b0867e41305e0e5909,MS09-065
618921880,Pflegusch/metasploit-module-research,modules/exploits/linux/http/symantec_messaging_gateway_exec.rb,7087b9c79f63bc2b1f7fc9a9e2a5c295b4ea172e,CVE-2017-6326
618921880,Pflegusch/metasploit-module-research,modules/exploits/windows/fileformat/shadow_stream_recorder_bof.rb,70c0bb6b998a39ee4f628f478e827ed28f97b593,OSVDB-81487
618921880,Pflegusch/metasploit-module-research,modules/exploits/windows/fileformat/shadow_stream_recorder_bof.rb,70c0bb6b998a39ee4f628f478e827ed28f97b593,BID-34864
618921880,Pflegusch/metasploit-module-research,modules/exploits/windows/fileformat/shadow_stream_recorder_bof.rb,70c0bb6b998a39ee4f628f478e827ed28f97b593,CVE-2009-1641
618921880,Pflegusch/metasploit-module-research,modules/exploits/windows/smb/smb_rras_erraticgopher.rb,70d0672adb1e1441b1b231e48c0ec14ce063dce2,CVE-2017-8461
618921880,Pflegusch/metasploit-module-research,modules/exploits/windows/smb/smb_rras_erraticgopher.rb,70d0672adb1e1441b1b231e48c0ec14ce063dce2,BID-99012
618921880,Pflegusch/metasploit-module-research,modules/auxiliary/scanner/http/jenkins_command.rb,70f37f688f0bd339718079ccc5dc750139e233ad,CVE-2015-8103
618921880,Pflegusch/metasploit-module-research,modules/exploits/windows/fileformat/millenium_mp3_pls.rb,711eff9e57a6f0dff0fa08ca93bb30f6600910e7,OSVDB-56574
618921880,Pflegusch/metasploit-module-research,modules/exploits/windows/smb/ms15_020_shortcut_icon_dllloader.rb,712f13c227d08af6d0b3bd4aae3c691445bd0180,MS10-046
618921880,Pflegusch/metasploit-module-research,modules/exploits/windows/smb/ms15_020_shortcut_icon_dllloader.rb,712f13c227d08af6d0b3bd4aae3c691445bd0180,MS14-027
618921880,Pflegusch/metasploit-module-research,modules/exploits/windows/smb/ms15_020_shortcut_icon_dllloader.rb,712f13c227d08af6d0b3bd4aae3c691445bd0180,CVE-2015-0096
618921880,Pflegusch/metasploit-module-research,modules/exploits/windows/smb/ms15_020_shortcut_icon_dllloader.rb,712f13c227d08af6d0b3bd4aae3c691445bd0180,MS15-020
618921880,Pflegusch/metasploit-module-research,modules/auxiliary/scanner/http/manageengine_deviceexpert_traversal.rb,713f63444cf56a7b2d1c0c6316254a1812e6df1e,OSVDB-80262
618921880,Pflegusch/metasploit-module-research,modules/exploits/windows/http/hp_power_manager_login.rb,717c09097b1c04029c3fbc8d5b9bbed7edf86adf,OSVDB-59684
618921880,Pflegusch/metasploit-module-research,modules/exploits/windows/http/hp_power_manager_login.rb,717c09097b1c04029c3fbc8d5b9bbed7edf86adf,CVE-2009-2685
618921880,Pflegusch/metasploit-module-research,modules/exploits/windows/imap/mercury_login.rb,7199ae066c1940e4feb625e19245423363b80d15,CVE-2007-1373
618921880,Pflegusch/metasploit-module-research,modules/exploits/windows/http/hp_nnm_nnmrptconfig_nameparams.rb,71a0b4122409bd7378309977164932767a81cedb,CVE-2011-0266
618921880,Pflegusch/metasploit-module-research,modules/exploits/windows/http/hp_nnm_nnmrptconfig_nameparams.rb,71a0b4122409bd7378309977164932767a81cedb,OSVDB-70473
618921880,Pflegusch/metasploit-module-research,modules/exploits/linux/http/cisco_ucs_rce.rb,71c6ba0f52cc19dca00d97c7175e5864ad0a8320,CVE-2019-1937
618921880,Pflegusch/metasploit-module-research,modules/exploits/linux/http/cisco_ucs_rce.rb,71c6ba0f52cc19dca00d97c7175e5864ad0a8320,CVE-2019-1936
618921880,Pflegusch/metasploit-module-research,modules/exploits/windows/mysql/mysql_start_up.rb,71e7debe2d54c3a7592ad9644d139c23967baae2,OSVDB-88118
618921880,Pflegusch/metasploit-module-research,modules/exploits/windows/mysql/mysql_start_up.rb,71e7debe2d54c3a7592ad9644d139c23967baae2,CVE-2012-5613
618921880,Pflegusch/metasploit-module-research,modules/auxiliary/dos/wireshark/cldap.rb,7204cb55778448ae099728d00de4a79ae4d044c1,CVE-2011-1140
618921880,Pflegusch/metasploit-module-research,modules/auxiliary/dos/wireshark/cldap.rb,7204cb55778448ae099728d00de4a79ae4d044c1,OSVDB-71552
618921880,Pflegusch/metasploit-module-research,modules/exploits/unix/webapp/phpcollab_upload_exec.rb,7205e0ab4504d373342ffddbf3b0afe8a30d6d7a,CVE-2017-6090
618921880,Pflegusch/metasploit-module-research,modules/exploits/multi/http/coldfusion_ckeditor_file_upload.rb,7238e01cb9acddbf01e5a03e8573d4d37ef8461d,CVE-2018-15961
618921880,Pflegusch/metasploit-module-research,modules/exploits/multi/http/coldfusion_ckeditor_file_upload.rb,7238e01cb9acddbf01e5a03e8573d4d37ef8461d,BID-105314
618921880,Pflegusch/metasploit-module-research,modules/post/linux/gather/f5_loot_mcp.rb,7251f4cd895eb26c214a3c5e8251487e842b3bd6,CVE-2022-41622
618921880,Pflegusch/metasploit-module-research,modules/post/linux/gather/f5_loot_mcp.rb,7251f4cd895eb26c214a3c5e8251487e842b3bd6,CVE-2022-41800
618921880,Pflegusch/metasploit-module-research,modules/exploits/multi/fileformat/archive_tar_arb_file_write.rb,7271823fd80086823477b04ef227ab1018feef7e,CVE-2020-28949
618921880,Pflegusch/metasploit-module-research,modules/exploits/windows/misc/nettransport.rb,7280e61d0a20d4896cb93b4b791b3a83ce05c08d,CVE-2017-17968
618921880,Pflegusch/metasploit-module-research,modules/exploits/windows/misc/nettransport.rb,7280e61d0a20d4896cb93b4b791b3a83ce05c08d,OSVDB-61435
618921880,Pflegusch/metasploit-module-research,modules/exploits/unix/misc/zabbix_agent_exec.rb,72a764edc2ad4c9be6cac2c0146dd34162147859,CVE-2009-4502
618921880,Pflegusch/metasploit-module-research,modules/exploits/unix/misc/zabbix_agent_exec.rb,72a764edc2ad4c9be6cac2c0146dd34162147859,OSVDB-60956
618921880,Pflegusch/metasploit-module-research,modules/exploits/multi/http/php_volunteer_upload_exec.rb,72c49f23edb87eb57ad5ac9b84d80b7655827c20,OSVDB-82391
618921880,Pflegusch/metasploit-module-research,modules/exploits/linux/http/cayin_cms_ntp.rb,72e51ae3238454e88f388a637f21883bff818d43,CVE-2020-7357
618921880,Pflegusch/metasploit-module-research,modules/exploits/linux/http/cayin_cms_ntp.rb,72e51ae3238454e88f388a637f21883bff818d43,ZSL-2020-5571
618921880,Pflegusch/metasploit-module-research,modules/exploits/multi/http/openmrs_deserialization.rb,72fe0fdfeae0fe63bc27c2a6e5f5d1efa154686b,CVE-2018-19276
618921880,Pflegusch/metasploit-module-research,modules/post/android/local/koffee.rb,72fe46f009af02200a00e290ef382c42a778bf3a,CVE-2020-8539
618921880,Pflegusch/metasploit-module-research,modules/exploits/windows/http/ca_arcserve_rpc_authbypass.rb,7302305c0532cea045c98ba88973b1cc94a4a45c,CVE-2011-3011
618921880,Pflegusch/metasploit-module-research,modules/exploits/windows/http/ca_arcserve_rpc_authbypass.rb,7302305c0532cea045c98ba88973b1cc94a4a45c,OSVDB-74162
618921880,Pflegusch/metasploit-module-research,modules/auxiliary/gather/android_stock_browser_uxss.rb,7327be9f81212266d17a643c76fecbe4bdb34653,CVE-2014-6041
618921880,Pflegusch/metasploit-module-research,modules/auxiliary/gather/android_stock_browser_uxss.rb,7327be9f81212266d17a643c76fecbe4bdb34653,OSVDB-110664
618921880,Pflegusch/metasploit-module-research,modules/exploits/linux/local/libuser_roothelper_priv_esc.rb,7333dc102e0343cf425b92dd9b874f182bb98cb7,CVE-2015-3245
618921880,Pflegusch/metasploit-module-research,modules/exploits/linux/local/libuser_roothelper_priv_esc.rb,7333dc102e0343cf425b92dd9b874f182bb98cb7,CVE-2015-3246
618921880,Pflegusch/metasploit-module-research,modules/exploits/linux/local/libuser_roothelper_priv_esc.rb,7333dc102e0343cf425b92dd9b874f182bb98cb7,BID-76022
618921880,Pflegusch/metasploit-module-research,modules/exploits/linux/local/libuser_roothelper_priv_esc.rb,7333dc102e0343cf425b92dd9b874f182bb98cb7,BID-76021
618921880,Pflegusch/metasploit-module-research,modules/exploits/windows/scada/realwin_on_fc_binfile_a.rb,733686bf4bb8ef202c83e3eac93686eb38ed9ab3,BID-46937
618921880,Pflegusch/metasploit-module-research,modules/exploits/windows/scada/realwin_on_fc_binfile_a.rb,733686bf4bb8ef202c83e3eac93686eb38ed9ab3,CVE-2011-1563
618921880,Pflegusch/metasploit-module-research,modules/exploits/windows/scada/realwin_on_fc_binfile_a.rb,733686bf4bb8ef202c83e3eac93686eb38ed9ab3,OSVDB-72826
618921880,Pflegusch/metasploit-module-research,modules/auxiliary/scanner/http/wp_bulletproofsecurity_backups.rb,7370e9fc11f87b6a511fd1b0e6822512ae9c9e68,CVE-2021-39327
618921880,Pflegusch/metasploit-module-research,modules/exploits/windows/browser/ms09_002_memory_corruption.rb,737b8ed711e7ff3c47fb777127a7bb98808fc508,OSVDB-51839
618921880,Pflegusch/metasploit-module-research,modules/exploits/windows/browser/ms09_002_memory_corruption.rb,737b8ed711e7ff3c47fb777127a7bb98808fc508,CVE-2009-0075
618921880,Pflegusch/metasploit-module-research,modules/exploits/windows/browser/ms09_002_memory_corruption.rb,737b8ed711e7ff3c47fb777127a7bb98808fc508,MS10-018
618921880,Pflegusch/metasploit-module-research,modules/exploits/windows/browser/ms09_002_memory_corruption.rb,737b8ed711e7ff3c47fb777127a7bb98808fc508,MS09-002
618921880,Pflegusch/metasploit-module-research,modules/auxiliary/gather/wp_w3_total_cache_hash_extract.rb,73a6da2b8d2929d39618b00039851a3970930984,OSVDB-88744
618921880,Pflegusch/metasploit-module-research,modules/exploits/windows/browser/asus_net4switch_ipswcom.rb,73acde94d1502ac7d166bfb3299c57cbb0f35000,OSVDB-79438
618921880,Pflegusch/metasploit-module-research,modules/exploits/windows/browser/asus_net4switch_ipswcom.rb,73acde94d1502ac7d166bfb3299c57cbb0f35000,CVE-2012-4924
618921880,Pflegusch/metasploit-module-research,modules/auxiliary/gather/cve_2021_27850_apache_tapestry_hmac_key.rb,73cc6e16576e0ea94d838c2b956610c38d25f255,CVE-2021-27850
618921880,Pflegusch/metasploit-module-research,modules/exploits/windows/fileformat/aol_desktop_linktag.rb,73e3505ddcba4bfaedf51037c40c6edd16abd958,OSVDB-70741
618921880,Pflegusch/metasploit-module-research,modules/exploits/multi/browser/java_jre17_jaxws.rb,73fd2fcb140b2d274fa68fe9078d2cf6b01536c3,CVE-2012-5067
618921880,Pflegusch/metasploit-module-research,modules/exploits/multi/browser/java_jre17_jaxws.rb,73fd2fcb140b2d274fa68fe9078d2cf6b01536c3,CVE-2012-5076
618921880,Pflegusch/metasploit-module-research,modules/exploits/multi/browser/java_jre17_jaxws.rb,73fd2fcb140b2d274fa68fe9078d2cf6b01536c3,BID-56054
618921880,Pflegusch/metasploit-module-research,modules/exploits/multi/browser/java_jre17_jaxws.rb,73fd2fcb140b2d274fa68fe9078d2cf6b01536c3,OSVDB-86363
618921880,Pflegusch/metasploit-module-research,modules/auxiliary/dos/windows/ftp/iis_list_exhaustion.rb,740114397fc9b37378497a0eddcc715140f03111,BID-36273
618921880,Pflegusch/metasploit-module-research,modules/auxiliary/dos/windows/ftp/iis_list_exhaustion.rb,740114397fc9b37378497a0eddcc715140f03111,OSVDB-57753
618921880,Pflegusch/metasploit-module-research,modules/auxiliary/dos/windows/ftp/iis_list_exhaustion.rb,740114397fc9b37378497a0eddcc715140f03111,CVE-2009-2521
618921880,Pflegusch/metasploit-module-research,modules/auxiliary/dos/windows/ftp/iis_list_exhaustion.rb,740114397fc9b37378497a0eddcc715140f03111,MS09-053
618921880,Pflegusch/metasploit-module-research,modules/exploits/windows/misc/ibm_websphere_java_deserialize.rb,7410701eda766fcaf5b010ecb8c846d6bb3f7ea6,CVE-2015-7450
618921880,Pflegusch/metasploit-module-research,modules/auxiliary/dos/samba/read_nttrans_ea_list.rb,74145b1393c0347b00c9b13d9ff115f9c299f219,OSVDB-95969
618921880,Pflegusch/metasploit-module-research,modules/auxiliary/dos/samba/read_nttrans_ea_list.rb,74145b1393c0347b00c9b13d9ff115f9c299f219,BID-61597
618921880,Pflegusch/metasploit-module-research,modules/auxiliary/dos/samba/read_nttrans_ea_list.rb,74145b1393c0347b00c9b13d9ff115f9c299f219,CVE-2013-4124
618921880,Pflegusch/metasploit-module-research,modules/auxiliary/scanner/ssh/ssh_login.rb,741be317931eea186abbfd3e92aa469f60ea87d3,CVE-1999-0502
618921880,Pflegusch/metasploit-module-research,modules/exploits/windows/misc/hp_dataprotector_dtbclslogin.rb,74213bbb28ac96ccb28cd6b0f32348f5f799127c,CVE-2010-3007
618921880,Pflegusch/metasploit-module-research,modules/exploits/windows/misc/hp_dataprotector_dtbclslogin.rb,74213bbb28ac96ccb28cd6b0f32348f5f799127c,OSVDB-67973
618921880,Pflegusch/metasploit-module-research,modules/exploits/windows/misc/hp_dataprotector_dtbclslogin.rb,74213bbb28ac96ccb28cd6b0f32348f5f799127c,BID-43105
618921880,Pflegusch/metasploit-module-research,modules/exploits/windows/ftp/freefloatftp_user.rb,7422b864bd70b3340fede66a9c83065078f0c507,OSVDB-69621
618921880,Pflegusch/metasploit-module-research,modules/exploits/windows/http/efs_fmws_userid_bof.rb,7448c761cfff6ad1d56e9975fc8f20429f248e82,OSVDB-107241
618921880,Pflegusch/metasploit-module-research,modules/exploits/windows/http/efs_fmws_userid_bof.rb,7448c761cfff6ad1d56e9975fc8f20429f248e82,BID-67542
618921880,Pflegusch/metasploit-module-research,modules/exploits/windows/http/efs_fmws_userid_bof.rb,7448c761cfff6ad1d56e9975fc8f20429f248e82,CVE-2014-3791
618921880,Pflegusch/metasploit-module-research,modules/exploits/solaris/dtspcd/heap_noir.rb,744ece48c1ce2bdb34e433d0e64caa6a68a924c7,BID-3517
618921880,Pflegusch/metasploit-module-research,modules/exploits/solaris/dtspcd/heap_noir.rb,744ece48c1ce2bdb34e433d0e64caa6a68a924c7,CVE-2001-0803
618921880,Pflegusch/metasploit-module-research,modules/exploits/solaris/dtspcd/heap_noir.rb,744ece48c1ce2bdb34e433d0e64caa6a68a924c7,OSVDB-4503
618921880,Pflegusch/metasploit-module-research,modules/auxiliary/scanner/oracle/oracle_login.rb,7464e824b432f1e5cba5a035c0ef9f618af1d146,CVE-1999-0502
618921880,Pflegusch/metasploit-module-research,modules/exploits/windows/fileformat/mediajukebox.rb,746f1af329453a1e0c39f1f92257f29fad705570,OSVDB-55924
618921880,Pflegusch/metasploit-module-research,modules/exploits/windows/fileformat/mediajukebox.rb,746f1af329453a1e0c39f1f92257f29fad705570,CVE-2009-2650
618921880,Pflegusch/metasploit-module-research,modules/auxiliary/scanner/http/clansphere_traversal.rb,7472580c85bf5f0a575d4a01e1cafbace2450195,OSVDB-86720
618921880,Pflegusch/metasploit-module-research,modules/exploits/linux/postgres/postgres_payload.rb,748a0d76119b240d49d010d06a35d5764c4fbe14,CVE-2007-3280
618921880,Pflegusch/metasploit-module-research,modules/exploits/windows/scada/realwin.rb,74f7b1fd56bd972a69152433770f287eedf41be8,CVE-2008-4322
618921880,Pflegusch/metasploit-module-research,modules/exploits/windows/scada/realwin.rb,74f7b1fd56bd972a69152433770f287eedf41be8,BID-31418
618921880,Pflegusch/metasploit-module-research,modules/exploits/windows/scada/realwin.rb,74f7b1fd56bd972a69152433770f287eedf41be8,OSVDB-48606
618921880,Pflegusch/metasploit-module-research,modules/auxiliary/scanner/scada/moxa_discover.rb,75167c557e084171d9e752fe37588d185eea99f7,CVE-2016-9361
618921880,Pflegusch/metasploit-module-research,modules/exploits/windows/http/badblue_ext_overflow.rb,75402b4b4aff681fc22ccdea368c7ea0914d5b91,BID-7387
618921880,Pflegusch/metasploit-module-research,modules/exploits/windows/http/badblue_ext_overflow.rb,75402b4b4aff681fc22ccdea368c7ea0914d5b91,OSVDB-14238
618921880,Pflegusch/metasploit-module-research,modules/exploits/windows/http/badblue_ext_overflow.rb,75402b4b4aff681fc22ccdea368c7ea0914d5b91,CVE-2005-0595
618921880,Pflegusch/metasploit-module-research,modules/auxiliary/dos/android/android_stock_browser_iframe.rb,754a60f2b623342fbe27aec865b60dd66609b41f,CVE-2012-6301
618921880,Pflegusch/metasploit-module-research,modules/exploits/windows/imap/mercur_login.rb,755cfb5f004c20225e4b95f58d25a19a864824ee,CVE-2006-1255
618921880,Pflegusch/metasploit-module-research,modules/exploits/windows/imap/mercur_login.rb,755cfb5f004c20225e4b95f58d25a19a864824ee,OSVDB-23950
618921880,Pflegusch/metasploit-module-research,modules/exploits/windows/imap/mercur_login.rb,755cfb5f004c20225e4b95f58d25a19a864824ee,BID-17138
618921880,Pflegusch/metasploit-module-research,modules/exploits/multi/misc/openview_omniback_exec.rb,7592281087de9c54bac99c7131e1115f94d23e53,OSVDB-6018
618921880,Pflegusch/metasploit-module-research,modules/exploits/multi/misc/openview_omniback_exec.rb,7592281087de9c54bac99c7131e1115f94d23e53,BID-11032
618921880,Pflegusch/metasploit-module-research,modules/exploits/multi/misc/openview_omniback_exec.rb,7592281087de9c54bac99c7131e1115f94d23e53,CVE-2001-0311
618921880,Pflegusch/metasploit-module-research,modules/exploits/windows/isapi/w3who_query.rb,759869644a21d23b3c72b05332bbb02c05ef1c01,OSVDB-12258
618921880,Pflegusch/metasploit-module-research,modules/exploits/windows/isapi/w3who_query.rb,759869644a21d23b3c72b05332bbb02c05ef1c01,CVE-2004-1134
618921880,Pflegusch/metasploit-module-research,modules/exploits/windows/isapi/w3who_query.rb,759869644a21d23b3c72b05332bbb02c05ef1c01,BID-11820
618921880,Pflegusch/metasploit-module-research,modules/exploits/linux/local/ubuntu_enlightenment_mount_priv_esc.rb,7598f24aecff99352d8f886bc65b72609cdc64bd,CVE-2022-37706
618921880,Pflegusch/metasploit-module-research,modules/exploits/windows/local/cve_2020_1048_printerdemon.rb,7598ff5302729c3e6b69901b22da4b1ec2fe3e6c,CVE-2020-1048
618921880,Pflegusch/metasploit-module-research,modules/exploits/multi/http/familycms_less_exec.rb,75b21e745a1a0fca5233e9b9fe060ab17c6679f9,CVE-2011-5130
618921880,Pflegusch/metasploit-module-research,modules/exploits/multi/http/familycms_less_exec.rb,75b21e745a1a0fca5233e9b9fe060ab17c6679f9,OSVDB-77492
618921880,Pflegusch/metasploit-module-research,modules/exploits/windows/ftp/easyfilesharing_pass.rb,75bb7874d64449a5caac240da193af738bcf6b97,CVE-2006-3952
618921880,Pflegusch/metasploit-module-research,modules/exploits/windows/ftp/easyfilesharing_pass.rb,75bb7874d64449a5caac240da193af738bcf6b97,BID-19243
618921880,Pflegusch/metasploit-module-research,modules/exploits/windows/ftp/easyfilesharing_pass.rb,75bb7874d64449a5caac240da193af738bcf6b97,OSVDB-27646
618921880,Pflegusch/metasploit-module-research,modules/exploits/multi/http/struts_code_exec_classloader.rb,75c741194f0dcc387922f343c61cfdcfa87dc182,CVE-2014-0114
618921880,Pflegusch/metasploit-module-research,modules/exploits/multi/http/struts_code_exec_classloader.rb,75c741194f0dcc387922f343c61cfdcfa87dc182,CVE-2014-0094
618921880,Pflegusch/metasploit-module-research,modules/exploits/multi/http/struts_code_exec_classloader.rb,75c741194f0dcc387922f343c61cfdcfa87dc182,CVE-2014-0112
618921880,Pflegusch/metasploit-module-research,modules/auxiliary/gather/qnap_lfi.rb,75e153fef49c859fb11584e026a13059a55b6306,CVE-2019-7195
618921880,Pflegusch/metasploit-module-research,modules/auxiliary/gather/qnap_lfi.rb,75e153fef49c859fb11584e026a13059a55b6306,CVE-2019-7192
618921880,Pflegusch/metasploit-module-research,modules/auxiliary/gather/qnap_lfi.rb,75e153fef49c859fb11584e026a13059a55b6306,CVE-2019-7194
618921880,Pflegusch/metasploit-module-research,modules/auxiliary/scanner/sap/sap_soap_rfc_rzl_read_dir.rb,75fae350b8ba45b540d021afa63ecbb32f7bdfac,OSVDB-92732
618921880,Pflegusch/metasploit-module-research,modules/auxiliary/admin/http/netflow_file_download.rb,760477f710c6e85682d0eca2bf7453d76dbcbb9a,OSVDB-115340
618921880,Pflegusch/metasploit-module-research,modules/auxiliary/admin/http/netflow_file_download.rb,760477f710c6e85682d0eca2bf7453d76dbcbb9a,CVE-2014-5445
618921880,Pflegusch/metasploit-module-research,modules/exploits/linux/local/rds_atomic_free_op_null_pointer_deref_priv_esc.rb,76207fd540b4839c4ab9ee334600985685bccf63,CVE-2019-9213
618921880,Pflegusch/metasploit-module-research,modules/exploits/linux/local/rds_atomic_free_op_null_pointer_deref_priv_esc.rb,76207fd540b4839c4ab9ee334600985685bccf63,BID-102510
618921880,Pflegusch/metasploit-module-research,modules/exploits/linux/local/rds_atomic_free_op_null_pointer_deref_priv_esc.rb,76207fd540b4839c4ab9ee334600985685bccf63,CVE-2018-5333
618921880,Pflegusch/metasploit-module-research,modules/exploits/linux/local/rds_atomic_free_op_null_pointer_deref_priv_esc.rb,76207fd540b4839c4ab9ee334600985685bccf63,GPZ-1792
618921880,Pflegusch/metasploit-module-research,modules/exploits/windows/browser/adobe_flashplayer_newfunction.rb,7641e268d1d4455587107187ece64792cd07f8f0,OSVDB-65141
618921880,Pflegusch/metasploit-module-research,modules/exploits/windows/browser/adobe_flashplayer_newfunction.rb,7641e268d1d4455587107187ece64792cd07f8f0,BID-40586
618921880,Pflegusch/metasploit-module-research,modules/exploits/windows/browser/adobe_flashplayer_newfunction.rb,7641e268d1d4455587107187ece64792cd07f8f0,CVE-2010-1297
618921880,Pflegusch/metasploit-module-research,modules/exploits/multi/http/phpfilemanager_rce.rb,7652a7b1e098ff7ea77ce06600d02f2cd42af3d2,CVE-2015-5958
618921880,Pflegusch/metasploit-module-research,modules/auxiliary/fileformat/multidrop.rb,7653b098ed03e8e478b8f1dcd50ff5b09f4b1ebb,MS08-068
618921880,Pflegusch/metasploit-module-research,modules/auxiliary/fileformat/multidrop.rb,7653b098ed03e8e478b8f1dcd50ff5b09f4b1ebb,MS10-046
618921880,Pflegusch/metasploit-module-research,modules/exploits/unix/fileformat/ghostscript_type_confusion.rb,765ed08a4c92d0cf206fb58ce019a6e57d786f61,CVE-2017-8291
618921880,Pflegusch/metasploit-module-research,modules/exploits/windows/ldap/imail_thc.rb,76a36abf13643995eb365e39e7f79a740a9de1f9,OSVDB-3984
618921880,Pflegusch/metasploit-module-research,modules/exploits/windows/ldap/imail_thc.rb,76a36abf13643995eb365e39e7f79a740a9de1f9,BID-9682
618921880,Pflegusch/metasploit-module-research,modules/exploits/windows/ldap/imail_thc.rb,76a36abf13643995eb365e39e7f79a740a9de1f9,CVE-2004-0297
618921880,Pflegusch/metasploit-module-research,modules/exploits/multi/http/struts2_multi_eval_ognl.rb,76c3deaf49322f8eb2602f918a42f3088726ca8c,CVE-2020-17530
618921880,Pflegusch/metasploit-module-research,modules/exploits/multi/http/struts2_multi_eval_ognl.rb,76c3deaf49322f8eb2602f918a42f3088726ca8c,CVE-2019-0230
618921880,Pflegusch/metasploit-module-research,modules/exploits/multi/http/struts2_code_exec_showcase.rb,76c7504fa3899f402f6f4e9ce91010080fd602c0,CVE-2017-9791
618921880,Pflegusch/metasploit-module-research,modules/exploits/multi/http/struts2_code_exec_showcase.rb,76c7504fa3899f402f6f4e9ce91010080fd602c0,BID-99484
618921880,Pflegusch/metasploit-module-research,modules/auxiliary/admin/http/dlink_dir_300_600_exec_noauth.rb,76c873939eb00bfe809e44a1ffacf4d276acc19a,OSVDB-89861
618921880,Pflegusch/metasploit-module-research,modules/exploits/windows/emc/replication_manager_exec.rb,77056aaec8104856dbc5e0cd571c50947c00224b,CVE-2011-0647
618921880,Pflegusch/metasploit-module-research,modules/exploits/windows/emc/replication_manager_exec.rb,77056aaec8104856dbc5e0cd571c50947c00224b,OSVDB-70853
618921880,Pflegusch/metasploit-module-research,modules/exploits/windows/emc/replication_manager_exec.rb,77056aaec8104856dbc5e0cd571c50947c00224b,BID-46235
618921880,Pflegusch/metasploit-module-research,modules/exploits/windows/http/oracle9i_xdb_pass.rb,77093f0345156c1671c81e533ab5ab4ce9a7c8fb,OSVDB-2449
618921880,Pflegusch/metasploit-module-research,modules/exploits/windows/http/oracle9i_xdb_pass.rb,77093f0345156c1671c81e533ab5ab4ce9a7c8fb,BID-8375
618921880,Pflegusch/metasploit-module-research,modules/exploits/windows/http/oracle9i_xdb_pass.rb,77093f0345156c1671c81e533ab5ab4ce9a7c8fb,CVE-2003-0727
618921880,Pflegusch/metasploit-module-research,modules/exploits/linux/local/ntfs3g_priv_esc.rb,77475b4680e2cd93162bf389b6166a624b3fa975,GPZ-1072
618921880,Pflegusch/metasploit-module-research,modules/exploits/linux/local/ntfs3g_priv_esc.rb,77475b4680e2cd93162bf389b6166a624b3fa975,CVE-2017-0358
618921880,Pflegusch/metasploit-module-research,modules/exploits/multi/http/vbulletin_getindexablecontent.rb,776014f524191304513dabbef5fdf85e345e5558,CVE-2020-12720
618921880,Pflegusch/metasploit-module-research,modules/exploits/unix/webapp/squash_yaml_exec.rb,777280a8146d71c50fa80eb5260612811afa77f9,OSVDB-95992
618921880,Pflegusch/metasploit-module-research,modules/exploits/unix/webapp/squash_yaml_exec.rb,777280a8146d71c50fa80eb5260612811afa77f9,CVE-2013-5036
618921880,Pflegusch/metasploit-module-research,modules/exploits/windows/fileformat/publishit_pui.rb,7783d44bbd88068662bda3a815f4185610f841c0,OSVDB-102911
618921880,Pflegusch/metasploit-module-research,modules/exploits/windows/fileformat/publishit_pui.rb,7783d44bbd88068662bda3a815f4185610f841c0,CVE-2014-0980
618921880,Pflegusch/metasploit-module-research,modules/auxiliary/admin/http/wp_easycart_privilege_escalation.rb,77bd1ef8e0e6e55a2b0a74feedf3a17afee76bab,CVE-2015-2673
618921880,Pflegusch/metasploit-module-research,modules/exploits/windows/scada/igss9_igssdataserver_rename.rb,77cee2c7407ece5b5212f0d1af273beb9c9e430a,OSVDB-72352
618921880,Pflegusch/metasploit-module-research,modules/exploits/windows/scada/igss9_igssdataserver_rename.rb,77cee2c7407ece5b5212f0d1af273beb9c9e430a,CVE-2011-1567
618921880,Pflegusch/metasploit-module-research,modules/auxiliary/scanner/ftp/bison_ftp_traversal.rb,77ddf7cfbda86567c78a381fc0161107b10602f7,CVE-2015-7602
618921880,Pflegusch/metasploit-module-research,modules/exploits/linux/http/pulse_secure_cmd_exec.rb,781174b4c11379585ff4c47b8ce91a2c65c7f218,CVE-2019-11539
618921880,Pflegusch/metasploit-module-research,modules/exploits/windows/fileformat/feeddemon_opml.rb,781fa8b35e97d898dff612c848170d4f5f61b49e,BID-33630
618921880,Pflegusch/metasploit-module-research,modules/exploits/windows/fileformat/feeddemon_opml.rb,781fa8b35e97d898dff612c848170d4f5f61b49e,OSVDB-51753
618921880,Pflegusch/metasploit-module-research,modules/exploits/windows/fileformat/feeddemon_opml.rb,781fa8b35e97d898dff612c848170d4f5f61b49e,CVE-2009-0546
618921880,Pflegusch/metasploit-module-research,modules/exploits/windows/fileformat/zahir_enterprise_plus_csv.rb,78293121d7f6204f96d3f7b2efe7768229feaf30,CVE-2018-17408
618921880,Pflegusch/metasploit-module-research,modules/auxiliary/scanner/http/titan_ftp_admin_pwd.rb,78329763193e4717c75b53dae182818fddaaf6af,CVE-2013-1625
618921880,Pflegusch/metasploit-module-research,modules/auxiliary/dos/solaris/lpd/cascade_delete.rb,7839cb9c524cb0f822a2ccf60164f7eace7ebfd0,OSVDB-18650
618921880,Pflegusch/metasploit-module-research,modules/auxiliary/dos/solaris/lpd/cascade_delete.rb,7839cb9c524cb0f822a2ccf60164f7eace7ebfd0,BID-14510
618921880,Pflegusch/metasploit-module-research,modules/auxiliary/dos/solaris/lpd/cascade_delete.rb,7839cb9c524cb0f822a2ccf60164f7eace7ebfd0,CVE-2005-4797
618921880,Pflegusch/metasploit-module-research,modules/exploits/windows/misc/veeam_one_agent_deserialization.rb,7859735d057782effe1ee29b56547d565c1ded1c,CVE-2020-10914
618921880,Pflegusch/metasploit-module-research,modules/exploits/windows/misc/veeam_one_agent_deserialization.rb,7859735d057782effe1ee29b56547d565c1ded1c,CVE-2020-10915
618921880,Pflegusch/metasploit-module-research,modules/auxiliary/scanner/http/support_center_plus_directory_traversal.rb,787dcca59cfbdef1d2beb0c4aefaebaf639ae916,BID-65199
618921880,Pflegusch/metasploit-module-research,modules/auxiliary/scanner/http/support_center_plus_directory_traversal.rb,787dcca59cfbdef1d2beb0c4aefaebaf639ae916,CVE-2014-100002
618921880,Pflegusch/metasploit-module-research,modules/auxiliary/scanner/http/support_center_plus_directory_traversal.rb,787dcca59cfbdef1d2beb0c4aefaebaf639ae916,OSVDB-102656
618921880,Pflegusch/metasploit-module-research,modules/exploits/linux/samba/chain_reply.rb,78beeaf43fa989f4c52bc89ae4e6aaac1d0e32cb,OSVDB-65518
618921880,Pflegusch/metasploit-module-research,modules/exploits/linux/samba/chain_reply.rb,78beeaf43fa989f4c52bc89ae4e6aaac1d0e32cb,CVE-2010-2063
618921880,Pflegusch/metasploit-module-research,modules/exploits/windows/ftp/servu_mdtm.rb,78ca3ae325af1de295844b78119a96395864628c,BID-9751
618921880,Pflegusch/metasploit-module-research,modules/exploits/windows/ftp/servu_mdtm.rb,78ca3ae325af1de295844b78119a96395864628c,CVE-2004-0330
618921880,Pflegusch/metasploit-module-research,modules/exploits/windows/ftp/servu_mdtm.rb,78ca3ae325af1de295844b78119a96395864628c,OSVDB-4073
618921880,Pflegusch/metasploit-module-research,modules/exploits/windows/fileformat/ms15_100_mcl_exe.rb,78de435c1adb1f8e7e3692ac187778fcb06eb056,MS15-100
618921880,Pflegusch/metasploit-module-research,modules/exploits/windows/fileformat/ms15_100_mcl_exe.rb,78de435c1adb1f8e7e3692ac187778fcb06eb056,CVE-2015-2509
618921880,Pflegusch/metasploit-module-research,modules/exploits/multi/http/mediawiki_syntaxhighlight.rb,78f326c55f8ac833f1ae2dadcccdfa9ba7656440,CVE-2017-0372
618921880,Pflegusch/metasploit-module-research,modules/exploits/multi/http/zabbix_script_exec.rb,790eab9028fd75b46cd1d0124daa9986493faa8d,CVE-2013-3628
618921880,Pflegusch/metasploit-module-research,modules/exploits/windows/misc/poppeeper_date.rb,7941e20a6bb09bd5bff630d0159be2fe27e3a931,BID-34093
618921880,Pflegusch/metasploit-module-research,modules/exploits/windows/misc/poppeeper_date.rb,7941e20a6bb09bd5bff630d0159be2fe27e3a931,OSVDB-53560
618921880,Pflegusch/metasploit-module-research,modules/exploits/windows/misc/poppeeper_date.rb,7941e20a6bb09bd5bff630d0159be2fe27e3a931,CVE-2009-1029
618921880,Pflegusch/metasploit-module-research,modules/exploits/windows/misc/bigant_server_sch_dupf_bof.rb,7957abddce4ee5157fbd65502706dfe7b0c4faa0,CVE-2012-6275
618921880,Pflegusch/metasploit-module-research,modules/exploits/windows/misc/bigant_server_sch_dupf_bof.rb,7957abddce4ee5157fbd65502706dfe7b0c4faa0,OSVDB-89344
618921880,Pflegusch/metasploit-module-research,modules/exploits/windows/misc/bigant_server_sch_dupf_bof.rb,7957abddce4ee5157fbd65502706dfe7b0c4faa0,BID-57214
618921880,Pflegusch/metasploit-module-research,modules/exploits/windows/fileformat/blazedvd_hdtv_bof.rb,7961e85fa6772366249a38ee5087d6c608bd2341,OSVDB-80896
618921880,Pflegusch/metasploit-module-research,modules/exploits/multi/http/ubiquiti_unifi_log4shell.rb,7965bf67b93aaf4e77a1d07b0611fbfcad284e9f,CVE-2021-44228
618921880,Pflegusch/metasploit-module-research,modules/auxiliary/scanner/http/mediawiki_svg_fileaccess.rb,796608e5ced398fc487e7f6ff75a30ef3351c8d1,OSVDB-92490
618921880,Pflegusch/metasploit-module-research,modules/exploits/windows/fileformat/vuplayer_cue.rb,798674e0069272d834af9d81939039ab01f5abc7,OSVDB-64581
618921880,Pflegusch/metasploit-module-research,modules/exploits/windows/fileformat/vuplayer_cue.rb,798674e0069272d834af9d81939039ab01f5abc7,BID-33960
618921880,Pflegusch/metasploit-module-research,modules/exploits/multi/http/plone_popen2.rb,79bf80b2bbf039f5cf334f3476b4e04d108ba5bb,OSVDB-76105
618921880,Pflegusch/metasploit-module-research,modules/exploits/multi/http/plone_popen2.rb,79bf80b2bbf039f5cf334f3476b4e04d108ba5bb,CVE-2011-3587
618921880,Pflegusch/metasploit-module-research,modules/exploits/osx/local/acronis_trueimage_xpc_privesc.rb,7a0a2437380854c76a5adda6fac7b1e2cc24e050,CVE-2020-25736
618921880,Pflegusch/metasploit-module-research,modules/exploits/linux/local/hp_smhstart.rb,7a17b7e1b56dd23ce5cb60d156457ef870ca4478,OSVDB-91990
618921880,Pflegusch/metasploit-module-research,modules/exploits/windows/scada/abb_wserver_exec.rb,7a229bd5df7567c7850dd85b13a3783774606c8d,CVE-2019-5620
618921880,Pflegusch/metasploit-module-research,modules/exploits/windows/scada/abb_wserver_exec.rb,7a229bd5df7567c7850dd85b13a3783774606c8d,OSVDB-100324
618921880,Pflegusch/metasploit-module-research,modules/exploits/windows/scada/codesys_web_server.rb,7a36904a78f0ca17162221fdfc759a78544d0775,CVE-2011-5007
618921880,Pflegusch/metasploit-module-research,modules/exploits/windows/scada/codesys_web_server.rb,7a36904a78f0ca17162221fdfc759a78544d0775,OSVDB-77387
618921880,Pflegusch/metasploit-module-research,modules/exploits/linux/misc/nimbus_gettopologyhistory_cmd_exec.rb,7a37242063aa94d0b2266420be0f7b65e38bc486,CVE-2021-38294
618921880,Pflegusch/metasploit-module-research,modules/auxiliary/scanner/http/epmp1000_get_chart_cmd_exec.rb,7a5766da2abf665b1b001b30db062629ba304bd5,CVE-2017-5255
618921880,Pflegusch/metasploit-module-research,modules/exploits/windows/local/ppr_flatten_rec.rb,7a6b465120b999ede5fb531b4b2c274efc4e6491,CVE-2013-3660
618921880,Pflegusch/metasploit-module-research,modules/exploits/windows/local/ppr_flatten_rec.rb,7a6b465120b999ede5fb531b4b2c274efc4e6491,OSVDB-93539
618921880,Pflegusch/metasploit-module-research,modules/exploits/windows/local/ppr_flatten_rec.rb,7a6b465120b999ede5fb531b4b2c274efc4e6491,MS13-053
618921880,Pflegusch/metasploit-module-research,modules/exploits/windows/local/ms16_014_wmi_recv_notif.rb,7a9d0dc6a04caeb3edff3f08d8a3baf7d2788226,CVE-2016-0040
618921880,Pflegusch/metasploit-module-research,modules/exploits/windows/local/ms16_014_wmi_recv_notif.rb,7a9d0dc6a04caeb3edff3f08d8a3baf7d2788226,MS16-014
618921880,Pflegusch/metasploit-module-research,modules/exploits/windows/http/hp_nnm_ovwebsnmpsrv_ovutil.rb,7ac01239fd245ae39d42ca591f420986ff805b92,BID-40638
618921880,Pflegusch/metasploit-module-research,modules/exploits/windows/http/hp_nnm_ovwebsnmpsrv_ovutil.rb,7ac01239fd245ae39d42ca591f420986ff805b92,CVE-2010-1964
618921880,Pflegusch/metasploit-module-research,modules/exploits/windows/http/hp_nnm_ovwebsnmpsrv_ovutil.rb,7ac01239fd245ae39d42ca591f420986ff805b92,OSVDB-65428
618921880,Pflegusch/metasploit-module-research,modules/exploits/windows/http/hp_nnm_ovwebsnmpsrv_ovutil.rb,7ac01239fd245ae39d42ca591f420986ff805b92,CVE-2010-1961
618921880,Pflegusch/metasploit-module-research,modules/auxiliary/dos/http/rails_action_view.rb,7ad2f2fbb0929d28df7ac0608c2e2233d7d72c35,OSVDB-100525
618921880,Pflegusch/metasploit-module-research,modules/auxiliary/dos/http/rails_action_view.rb,7ad2f2fbb0929d28df7ac0608c2e2233d7d72c35,BID-64074
618921880,Pflegusch/metasploit-module-research,modules/auxiliary/dos/http/rails_action_view.rb,7ad2f2fbb0929d28df7ac0608c2e2233d7d72c35,CVE-2013-6414
618921880,Pflegusch/metasploit-module-research,modules/exploits/osx/local/vmware_fusion_lpe.rb,7aec262f44d10f7d1ff0d82145ad46a630e6d6eb,CVE-2020-3950
618921880,Pflegusch/metasploit-module-research,modules/exploits/multi/http/glassfish_deployer.rb,7b0bf505e7fcc5f2107e5ee67f8b6a16a0bf6c0c,CVE-2011-0807
618921880,Pflegusch/metasploit-module-research,modules/exploits/multi/http/glassfish_deployer.rb,7b0bf505e7fcc5f2107e5ee67f8b6a16a0bf6c0c,OSVDB-71948
618921880,Pflegusch/metasploit-module-research,modules/exploits/unix/webapp/skybluecanvas_exec.rb,7b3d3c6ade8f0b15e45847902b172c72c2d5feac,OSVDB-102586
618921880,Pflegusch/metasploit-module-research,modules/exploits/unix/webapp/skybluecanvas_exec.rb,7b3d3c6ade8f0b15e45847902b172c72c2d5feac,CVE-2014-1683
618921880,Pflegusch/metasploit-module-research,modules/exploits/unix/webapp/skybluecanvas_exec.rb,7b3d3c6ade8f0b15e45847902b172c72c2d5feac,BID-65129
618921880,Pflegusch/metasploit-module-research,modules/exploits/unix/webapp/wp_wpdiscuz_unauthenticated_file_upload.rb,7ba1a7d7cf85042fbb1d65365f90339ce9b3be17,CVE-2020-24186
618921880,Pflegusch/metasploit-module-research,modules/auxiliary/scanner/http/cisco_directory_traversal.rb,7bdab04a65036ba5b851bd094ad45544bab15bb2,CVE-2018-0296
618921880,Pflegusch/metasploit-module-research,modules/exploits/multi/http/visual_mining_netcharts_upload.rb,7be70cd0602a38e4400e9011c2e5e6632be7360b,CVE-2014-8516
618921880,Pflegusch/metasploit-module-research,modules/exploits/windows/local/cve_2020_0796_smbghost.rb,7bf5bf601c42c61f733b54ee0001266750145951,CVE-2020-0796
618921880,Pflegusch/metasploit-module-research,modules/auxiliary/scanner/upnp/ssdp_amp.rb,7c1d38d38913c78405f6140ce00b741f9b7c1cef,CVE-2013-5211
618921880,Pflegusch/metasploit-module-research,modules/exploits/windows/http/hp_nnm_getnnmdata_maxage.rb,7c5b2ae4bbd31efce741588f938fe49fa1fc45ae,CVE-2010-1553
618921880,Pflegusch/metasploit-module-research,modules/exploits/windows/http/hp_nnm_getnnmdata_maxage.rb,7c5b2ae4bbd31efce741588f938fe49fa1fc45ae,OSVDB-64976
618921880,Pflegusch/metasploit-module-research,modules/exploits/windows/http/ezserver_http.rb,7c5ead358e68a56be9d8f7af5fb44b3631fb0fdb,BID-54056
618921880,Pflegusch/metasploit-module-research,modules/exploits/windows/http/ezserver_http.rb,7c5ead358e68a56be9d8f7af5fb44b3631fb0fdb,OSVDB-83065
618921880,Pflegusch/metasploit-module-research,modules/exploits/windows/local/druva_insync_insynccphwnet64_rcp_type_5_priv_esc.rb,7c6db6fc9b74d7e20686f27afb2d3c280556c80d,CVE-2019-3999
618921880,Pflegusch/metasploit-module-research,modules/exploits/windows/local/druva_insync_insynccphwnet64_rcp_type_5_priv_esc.rb,7c6db6fc9b74d7e20686f27afb2d3c280556c80d,CVE-2020-5752
618921880,Pflegusch/metasploit-module-research,modules/exploits/linux/ssh/ibm_drm_a3user.rb,7c788ed65df7aa3aab88482f3187ac17581e9ee9,CVE-2020-4430
618921880,Pflegusch/metasploit-module-research,modules/exploits/linux/ssh/ibm_drm_a3user.rb,7c788ed65df7aa3aab88482f3187ac17581e9ee9,CVE-2020-4428
618921880,Pflegusch/metasploit-module-research,modules/exploits/linux/ssh/ibm_drm_a3user.rb,7c788ed65df7aa3aab88482f3187ac17581e9ee9,CVE-2020-4429
618921880,Pflegusch/metasploit-module-research,modules/exploits/linux/ssh/ibm_drm_a3user.rb,7c788ed65df7aa3aab88482f3187ac17581e9ee9,CVE-2020-4427
618921880,Pflegusch/metasploit-module-research,modules/exploits/osx/browser/mozilla_mchannel.rb,7c8d6f5534bcffa054484fa840fe695e2e2d0593,OSVDB-72085
618921880,Pflegusch/metasploit-module-research,modules/exploits/osx/browser/mozilla_mchannel.rb,7c8d6f5534bcffa054484fa840fe695e2e2d0593,CVE-2011-0065
618921880,Pflegusch/metasploit-module-research,modules/auxiliary/admin/http/allegro_rompager_auth_bypass.rb,7c9cea4acae46cee1d53e0ed32f13e563f5c33d8,CVE-2014-9222
618921880,Pflegusch/metasploit-module-research,modules/exploits/linux/http/dlink_hnap_bof.rb,7cc6bc0a9302bf5cdaa5622023ff31de8d02c8ef,CVE-2014-3936
618921880,Pflegusch/metasploit-module-research,modules/exploits/linux/http/dlink_hnap_bof.rb,7cc6bc0a9302bf5cdaa5622023ff31de8d02c8ef,BID-67651
618921880,Pflegusch/metasploit-module-research,modules/auxiliary/gather/xymon_info.rb,7ccb9606d3e62140f32578c72291ab862cd8bd6d,CVE-2016-2055
618921880,Pflegusch/metasploit-module-research,modules/auxiliary/admin/sap/sap_igs_xmlchart_xxe.rb,7cd43f6d0693b7a4a88a9e8ae692e827c028ee95,CVE-2018-2393
618921880,Pflegusch/metasploit-module-research,modules/auxiliary/admin/sap/sap_igs_xmlchart_xxe.rb,7cd43f6d0693b7a4a88a9e8ae692e827c028ee95,CVE-2018-2392
618921880,Pflegusch/metasploit-module-research,modules/exploits/multi/misc/hp_vsa_exec.rb,7cdbf0171ac4debba7d7d1030f63ed8e64d1fbe1,CVE-2012-4361
618921880,Pflegusch/metasploit-module-research,modules/exploits/multi/misc/hp_vsa_exec.rb,7cdbf0171ac4debba7d7d1030f63ed8e64d1fbe1,OSVDB-82087
618921880,Pflegusch/metasploit-module-research,modules/auxiliary/scanner/http/wp_paid_membership_pro_code_sqli.rb,7cf80d2a6c970f64fbd2deee8c000703380cdbba,CVE-2023-23488
618921880,Pflegusch/metasploit-module-research,modules/exploits/multi/misc/weblogic_deserialize_marshalledobject.rb,7cfb41642f5af225532c35a80f9b1af9887ce496,CVE-2016-3510
618921880,Pflegusch/metasploit-module-research,modules/exploits/multi/http/struts2_namespace_ognl.rb,7d59ef3525d8c4a56191a123fd4c0b905ad7f77d,CVE-2018-11776
618921880,Pflegusch/metasploit-module-research,modules/exploits/windows/mmsp/ms10_025_wmss_connect_funnel.rb,7d825377f468b238972d39b7691847d59ea527c1,MS10-025
618921880,Pflegusch/metasploit-module-research,modules/exploits/windows/mmsp/ms10_025_wmss_connect_funnel.rb,7d825377f468b238972d39b7691847d59ea527c1,CVE-2010-0478
618921880,Pflegusch/metasploit-module-research,modules/exploits/windows/mmsp/ms10_025_wmss_connect_funnel.rb,7d825377f468b238972d39b7691847d59ea527c1,OSVDB-63726
618921880,Pflegusch/metasploit-module-research,modules/exploits/unix/http/laravel_token_unserialize_exec.rb,7dc4252b7056ac8c1d51516a6aeec50b9e6138d2,CVE-2017-16894
618921880,Pflegusch/metasploit-module-research,modules/exploits/unix/http/laravel_token_unserialize_exec.rb,7dc4252b7056ac8c1d51516a6aeec50b9e6138d2,CVE-2018-15133
618921880,Pflegusch/metasploit-module-research,modules/exploits/multi/http/vtiger_logo_upload_exec.rb,7dd263ada7e624d1db49f61cb18fe35529c45c55,CVE-2015-6000
618921880,Pflegusch/metasploit-module-research,modules/exploits/windows/http/landesk_thinkmanagement_upload_asp.rb,7e16daed0a9639fa0541d8543d673de822d262f7,OSVDB-79276
618921880,Pflegusch/metasploit-module-research,modules/exploits/windows/http/landesk_thinkmanagement_upload_asp.rb,7e16daed0a9639fa0541d8543d673de822d262f7,OSVDB-79277
618921880,Pflegusch/metasploit-module-research,modules/exploits/windows/http/landesk_thinkmanagement_upload_asp.rb,7e16daed0a9639fa0541d8543d673de822d262f7,CVE-2012-1195
618921880,Pflegusch/metasploit-module-research,modules/exploits/windows/http/landesk_thinkmanagement_upload_asp.rb,7e16daed0a9639fa0541d8543d673de822d262f7,BID-52023
618921880,Pflegusch/metasploit-module-research,modules/exploits/windows/http/landesk_thinkmanagement_upload_asp.rb,7e16daed0a9639fa0541d8543d673de822d262f7,CVE-2012-1196
618921880,Pflegusch/metasploit-module-research,modules/exploits/unix/webapp/twiki_search.rb,7e220a50585e1cfc687dfa3631033b977c5386a1,BID-11674
618921880,Pflegusch/metasploit-module-research,modules/exploits/unix/webapp/twiki_search.rb,7e220a50585e1cfc687dfa3631033b977c5386a1,CVE-2004-1037
618921880,Pflegusch/metasploit-module-research,modules/exploits/unix/webapp/twiki_search.rb,7e220a50585e1cfc687dfa3631033b977c5386a1,OSVDB-11714
618921880,Pflegusch/metasploit-module-research,modules/exploits/windows/local/cve_2022_26904_superprofile.rb,7e2abfd062dc624337e69403ca1739153d000ce1,CVE-2022-26904
618921880,Pflegusch/metasploit-module-research,modules/exploits/windows/local/cve_2022_26904_superprofile.rb,7e2abfd062dc624337e69403ca1739153d000ce1,CVE-2022-21919
618921880,Pflegusch/metasploit-module-research,modules/exploits/windows/local/cve_2022_26904_superprofile.rb,7e2abfd062dc624337e69403ca1739153d000ce1,CVE-2021-34484
618921880,Pflegusch/metasploit-module-research,modules/exploits/windows/browser/ms10_026_avi_nsamplespersec.rb,7e2ba29ed88d36aa1bcae7d031e22c3327a43fc0,CVE-2010-0480
618921880,Pflegusch/metasploit-module-research,modules/exploits/windows/browser/ms10_026_avi_nsamplespersec.rb,7e2ba29ed88d36aa1bcae7d031e22c3327a43fc0,MS10-026
618921880,Pflegusch/metasploit-module-research,modules/exploits/windows/browser/ms10_026_avi_nsamplespersec.rb,7e2ba29ed88d36aa1bcae7d031e22c3327a43fc0,BID-39303
618921880,Pflegusch/metasploit-module-research,modules/exploits/windows/browser/ms10_026_avi_nsamplespersec.rb,7e2ba29ed88d36aa1bcae7d031e22c3327a43fc0,OSVDB-63749
618921880,Pflegusch/metasploit-module-research,modules/auxiliary/admin/http/katello_satellite_priv_esc.rb,7e66324618434c4fa455e8a29a9ff159e7850bbd,CVE-2013-2143
618921880,Pflegusch/metasploit-module-research,modules/exploits/unix/webapp/sixapart_movabletype_storable_exec.rb,7e9651cff885d82a18255ad75a3eb501a7dd69af,CVE-2015-1592
618921880,Pflegusch/metasploit-module-research,modules/exploits/windows/fileformat/mplayer_m3u_bof.rb,7ea5dc9da8d61875a24d5da676a3549e9aba7c3b,BID-46926
618921880,Pflegusch/metasploit-module-research,modules/auxiliary/admin/http/dlink_dsl320b_password_extractor.rb,7ec43f876b73db8302e522de3ddd0ca032ac1f80,OSVDB-93013
618921880,Pflegusch/metasploit-module-research,modules/exploits/windows/local/cve_2020_1313_system_orchestrator.rb,7ed1881f41c285ae23b13ea1f124f76f218b8726,CVE-2020-1313
618921880,Pflegusch/metasploit-module-research,modules/exploits/multi/http/pandora_upload_exec.rb,7edb3e7a1bc3a4d64d07b0c3df34caa4cd316ee1,CVE-2010-4279
618921880,Pflegusch/metasploit-module-research,modules/exploits/multi/http/pandora_upload_exec.rb,7edb3e7a1bc3a4d64d07b0c3df34caa4cd316ee1,OSVDB-69549
618921880,Pflegusch/metasploit-module-research,modules/exploits/multi/http/pandora_upload_exec.rb,7edb3e7a1bc3a4d64d07b0c3df34caa4cd316ee1,BID-45112
618921880,Pflegusch/metasploit-module-research,modules/auxiliary/gather/oats_downloadservlet_traversal.rb,7efe28c5224680941aef4a517025ecd82984eafe,CVE-2019-2557
618921880,Pflegusch/metasploit-module-research,modules/exploits/unix/webapp/guestbook_ssi_exec.rb,7f009720d1d6bda9c1573c3b50f01a0ce7ec7019,CVE-1999-1053
618921880,Pflegusch/metasploit-module-research,modules/exploits/unix/webapp/guestbook_ssi_exec.rb,7f009720d1d6bda9c1573c3b50f01a0ce7ec7019,BID-776
618921880,Pflegusch/metasploit-module-research,modules/exploits/unix/webapp/guestbook_ssi_exec.rb,7f009720d1d6bda9c1573c3b50f01a0ce7ec7019,OSVDB-84
618921880,Pflegusch/metasploit-module-research,modules/exploits/multi/browser/firefox_jit_use_after_free.rb,7f145b048633962685503a0068b0a15047ca95e7,CVE-2020-26950
618921880,Pflegusch/metasploit-module-research,modules/exploits/windows/misc/ib_svc_attach.rb,7f3d976dd3f2ea135c1ee7a22da990bd7813484e,OSVDB-38605
618921880,Pflegusch/metasploit-module-research,modules/exploits/windows/misc/ib_svc_attach.rb,7f3d976dd3f2ea135c1ee7a22da990bd7813484e,BID-25917
618921880,Pflegusch/metasploit-module-research,modules/exploits/windows/misc/ib_svc_attach.rb,7f3d976dd3f2ea135c1ee7a22da990bd7813484e,CVE-2007-5243
618921880,Pflegusch/metasploit-module-research,modules/exploits/linux/http/bludit_upload_images_exec.rb,7f5b413f913c4726b1abdd68da74f22eb0626be1,CVE-2019-16113
618921880,Pflegusch/metasploit-module-research,modules/auxiliary/sqli/oracle/lt_mergeworkspace.rb,7f5cfa7be7133b94723e59b565a72bff56c67712,OSVDB-49325
618921880,Pflegusch/metasploit-module-research,modules/auxiliary/sqli/oracle/lt_mergeworkspace.rb,7f5cfa7be7133b94723e59b565a72bff56c67712,CVE-2008-3983
618921880,Pflegusch/metasploit-module-research,modules/exploits/unix/webapp/elfinder_php_connector_exiftran_cmd_injection.rb,7f65eccfc7d6ab7af6069c26117a2b65095f4553,CVE-2019-9194
618921880,Pflegusch/metasploit-module-research,modules/exploits/linux/http/fritzbox_echo_exec.rb,7fad4739189c4354734ef21fa1afe1db1fba1613,BID-65520
618921880,Pflegusch/metasploit-module-research,modules/exploits/linux/http/fritzbox_echo_exec.rb,7fad4739189c4354734ef21fa1afe1db1fba1613,OSVDB-103289
618921880,Pflegusch/metasploit-module-research,modules/exploits/linux/http/fritzbox_echo_exec.rb,7fad4739189c4354734ef21fa1afe1db1fba1613,CVE-2014-9727
618921880,Pflegusch/metasploit-module-research,modules/auxiliary/scanner/winrm/winrm_login.rb,7fe17405798784d43a44d1d0b382c35f587a9bcd,CVE-1999-0502
618921880,Pflegusch/metasploit-module-research,modules/exploits/windows/browser/ms09_072_style_object.rb,801f1df85ba5f3e6f315eeaa1c14e464b5911c81,CVE-2009-3672
618921880,Pflegusch/metasploit-module-research,modules/exploits/windows/browser/ms09_072_style_object.rb,801f1df85ba5f3e6f315eeaa1c14e464b5911c81,MS10-018
618921880,Pflegusch/metasploit-module-research,modules/exploits/windows/browser/ms09_072_style_object.rb,801f1df85ba5f3e6f315eeaa1c14e464b5911c81,BID-37085
618921880,Pflegusch/metasploit-module-research,modules/exploits/windows/browser/ms09_072_style_object.rb,801f1df85ba5f3e6f315eeaa1c14e464b5911c81,MS09-072
618921880,Pflegusch/metasploit-module-research,modules/exploits/windows/browser/ms09_072_style_object.rb,801f1df85ba5f3e6f315eeaa1c14e464b5911c81,OSVDB-50622
618921880,Pflegusch/metasploit-module-research,modules/exploits/windows/fileformat/ms12_005.rb,802da52279d75296fd3c7ba042040f5e63616bd4,CVE-2012-0013
618921880,Pflegusch/metasploit-module-research,modules/exploits/windows/fileformat/ms12_005.rb,802da52279d75296fd3c7ba042040f5e63616bd4,MS12-005
618921880,Pflegusch/metasploit-module-research,modules/exploits/windows/fileformat/ms12_005.rb,802da52279d75296fd3c7ba042040f5e63616bd4,BID-51284
618921880,Pflegusch/metasploit-module-research,modules/exploits/windows/fileformat/ms12_005.rb,802da52279d75296fd3c7ba042040f5e63616bd4,OSVDB-78207
618921880,Pflegusch/metasploit-module-research,modules/exploits/freebsd/local/intel_sysret_priv_esc.rb,8038988df0c27d541e757931f533bfa855ea1414,BID-53856
618921880,Pflegusch/metasploit-module-research,modules/exploits/freebsd/local/intel_sysret_priv_esc.rb,8038988df0c27d541e757931f533bfa855ea1414,CVE-2012-0217
618921880,Pflegusch/metasploit-module-research,modules/exploits/linux/misc/cve_2020_13160_anydesk.rb,80433f1ea08681f6b7c6876b3962445c88201df9,CVE-2020-13160
618921880,Pflegusch/metasploit-module-research,modules/exploits/windows/browser/cisco_webex_ext.rb,8053878f32eb659a60ca1e626f9f9c9d8900fbde,CVE-2017-3823
618921880,Pflegusch/metasploit-module-research,modules/auxiliary/admin/http/tomcat_utf8_traversal.rb,806effd2b3f5273137658cb0b9b0b2b39eca2f74,OSVDB-47464
618921880,Pflegusch/metasploit-module-research,modules/auxiliary/admin/http/tomcat_utf8_traversal.rb,806effd2b3f5273137658cb0b9b0b2b39eca2f74,CVE-2008-2938
618921880,Pflegusch/metasploit-module-research,modules/exploits/windows/local/microfocus_operations_privesc.rb,80a9ffdd5a6a7f596eb6efac3c4dfdae2d8880d0,CVE-2020-11858
618921880,Pflegusch/metasploit-module-research,modules/exploits/windows/local/microfocus_operations_privesc.rb,80a9ffdd5a6a7f596eb6efac3c4dfdae2d8880d0,CVE-2020-11855
618921880,Pflegusch/metasploit-module-research,modules/exploits/windows/scada/iconics_webhmi_setactivexguid.rb,80b8bd9eb2ff79e238477cd39c8a50777bc07ff6,CVE-2011-2089
618921880,Pflegusch/metasploit-module-research,modules/exploits/windows/scada/iconics_webhmi_setactivexguid.rb,80b8bd9eb2ff79e238477cd39c8a50777bc07ff6,OSVDB-72135
618921880,Pflegusch/metasploit-module-research,modules/exploits/windows/emc/networker_format_string.rb,80bcb5b0977cae3538e6edb32668aef989beb707,CVE-2012-2288
618921880,Pflegusch/metasploit-module-research,modules/exploits/windows/emc/networker_format_string.rb,80bcb5b0977cae3538e6edb32668aef989beb707,BID-55330
618921880,Pflegusch/metasploit-module-research,modules/exploits/windows/emc/networker_format_string.rb,80bcb5b0977cae3538e6edb32668aef989beb707,OSVDB-85116
618921880,Pflegusch/metasploit-module-research,modules/exploits/windows/misc/poppeeper_uidl.rb,80e06dc30a660d3a27f5b7599235b8c711e25774,BID-33926
618921880,Pflegusch/metasploit-module-research,modules/exploits/windows/misc/poppeeper_uidl.rb,80e06dc30a660d3a27f5b7599235b8c711e25774,CVE-2009-1029
618921880,Pflegusch/metasploit-module-research,modules/exploits/windows/misc/poppeeper_uidl.rb,80e06dc30a660d3a27f5b7599235b8c711e25774,OSVDB-53559
618921880,Pflegusch/metasploit-module-research,modules/auxiliary/admin/scada/moxa_credentials_recovery.rb,80fb06b6b96f396b102af089f2d4dba6c3145a76,CVE-2016-9361
618921880,Pflegusch/metasploit-module-research,modules/auxiliary/admin/scada/moxa_credentials_recovery.rb,80fb06b6b96f396b102af089f2d4dba6c3145a76,BID-85965
618921880,Pflegusch/metasploit-module-research,modules/auxiliary/admin/http/scrutinizer_add_user.rb,8138d44f97768b56e7a37be1b62934ef8f6584bf,OSVDB-84318
618921880,Pflegusch/metasploit-module-research,modules/auxiliary/admin/http/scrutinizer_add_user.rb,8138d44f97768b56e7a37be1b62934ef8f6584bf,CVE-2012-2626
618921880,Pflegusch/metasploit-module-research,modules/exploits/windows/brightstor/tape_engine_0x8a.rb,813dbc8c4c2c2623c5e82675ac8d6bbce72ec622,OSVDB-68330
618921880,Pflegusch/metasploit-module-research,modules/auxiliary/server/wget_symlink_file_write.rb,8143bd51a0f6ab0d2b8248d8b2997804dd4b8bb6,CVE-2014-4877
618921880,Pflegusch/metasploit-module-research,modules/exploits/solaris/local/libnspr_nspr_log_file_priv_esc.rb,81480433cb1b9a96176ef69bfd976bd0fecff350,BID-20471
618921880,Pflegusch/metasploit-module-research,modules/exploits/solaris/local/libnspr_nspr_log_file_priv_esc.rb,81480433cb1b9a96176ef69bfd976bd0fecff350,CVE-2006-4842
618921880,Pflegusch/metasploit-module-research,modules/exploits/windows/http/ericom_access_now_bof.rb,81a5c4610da593e6649115e931860c703ebc9f41,CVE-2014-3913
618921880,Pflegusch/metasploit-module-research,modules/exploits/windows/http/ericom_access_now_bof.rb,81a5c4610da593e6649115e931860c703ebc9f41,BID-67777
618921880,Pflegusch/metasploit-module-research,modules/auxiliary/scanner/http/wp_duplicator_file_read.rb,81ae8a1bbcda1bd6b7404d72c9d2f4a617e398b2,CVE-2020-11738
618921880,Pflegusch/metasploit-module-research,modules/exploits/multi/php/ignition_laravel_debug_rce.rb,81b9bc50fc7607f62827fcad8a123b38fe2ad6ef,CVE-2021-3129
618921880,Pflegusch/metasploit-module-research,modules/auxiliary/scanner/ssh/fortinet_backdoor.rb,81e3bd175ac781028992236a92b98a63b12eaa25,CVE-2016-1909
618921880,Pflegusch/metasploit-module-research,modules/exploits/linux/http/mobileiron_mdm_hessian_rce.rb,81e6c3ee9df6c3fc7afbaf69c35fc9e0e1a87927,CVE-2020-15505
618921880,Pflegusch/metasploit-module-research,modules/auxiliary/admin/networking/cisco_secure_acs_bypass.rb,81f6274f2e8c2a8c03ce4938a626b3fb601e6d88,CVE-2011-0951
618921880,Pflegusch/metasploit-module-research,modules/auxiliary/admin/networking/cisco_secure_acs_bypass.rb,81f6274f2e8c2a8c03ce4938a626b3fb601e6d88,BID-47093
618921880,Pflegusch/metasploit-module-research,modules/auxiliary/scanner/oracle/tnspoison_checker.rb,81fe6c1f248e55b960a2788546e602c4ced3be17,CVE-2012-1675
618921880,Pflegusch/metasploit-module-research,modules/exploits/unix/http/lifesize_room.rb,82346490cf6d07f071a3d797c85f2aa98ff601c8,CVE-2011-2763
618921880,Pflegusch/metasploit-module-research,modules/exploits/unix/http/lifesize_room.rb,82346490cf6d07f071a3d797c85f2aa98ff601c8,OSVDB-75212
618921880,Pflegusch/metasploit-module-research,modules/auxiliary/scanner/misc/dahua_dvr_auth_bypass.rb,826a82b1dbf30197f55629f599f1e621cc3c2d39,CVE-2013-6117
618921880,Pflegusch/metasploit-module-research,modules/exploits/windows/local/cve_2020_0787_bits_arbitrary_file_move.rb,829d4aca38ecf16ac2ebffd98b962a0f550d5087,CVE-2020-0787
618921880,Pflegusch/metasploit-module-research,modules/exploits/windows/local/cve_2020_0787_bits_arbitrary_file_move.rb,829d4aca38ecf16ac2ebffd98b962a0f550d5087,CVE-2020-0688
618921880,Pflegusch/metasploit-module-research,modules/exploits/windows/ftp/ftpshell51_pwd_reply.rb,82a3d22bf65bafea9d2b374fe51bc62580de9488,OSVDB-68639
618921880,Pflegusch/metasploit-module-research,modules/exploits/windows/smb/webexec.rb,82b2a28b4885e750ce1888fbc0b5f187cac03000,CVE-2018-15442
618921880,Pflegusch/metasploit-module-research,modules/exploits/multi/http/gitlab_exif_rce.rb,82d8a584e6000844cf2d67fa7bc6db96096f5257,CVE-2021-22205
618921880,Pflegusch/metasploit-module-research,modules/exploits/multi/http/gitlab_exif_rce.rb,82d8a584e6000844cf2d67fa7bc6db96096f5257,CVE-2021-22204
618921880,Pflegusch/metasploit-module-research,modules/auxiliary/admin/sunrpc/solaris_kcms_readfile.rb,82dd8e0d6fa910ee48987c0db989a82faf9a969b,BID-6665
618921880,Pflegusch/metasploit-module-research,modules/auxiliary/admin/sunrpc/solaris_kcms_readfile.rb,82dd8e0d6fa910ee48987c0db989a82faf9a969b,CVE-2003-0027
618921880,Pflegusch/metasploit-module-research,modules/auxiliary/admin/sunrpc/solaris_kcms_readfile.rb,82dd8e0d6fa910ee48987c0db989a82faf9a969b,OSVDB-8201
618921880,Pflegusch/metasploit-module-research,modules/auxiliary/scanner/http/dnalims_file_retrieve.rb,8301192f608d520201e79db606c57bbeaedb5f11,CVE-2017-6527
618921880,Pflegusch/metasploit-module-research,modules/auxiliary/scanner/ssh/eaton_xpert_backdoor.rb,83068084f6ce468cdbacdcf67071bed54b35508e,CVE-2018-16158
618921880,Pflegusch/metasploit-module-research,modules/exploits/multi/misc/batik_svg_java.rb,8344b85694413c1452fb15897bc47066cf38c42d,OSVDB-81965
618921880,Pflegusch/metasploit-module-research,modules/exploits/windows/browser/adobe_flash_filters_type_confusion.rb,83493eef8e45614b4b49b4cd28fe429679e1e80f,OSVDB-100774
618921880,Pflegusch/metasploit-module-research,modules/exploits/windows/browser/adobe_flash_filters_type_confusion.rb,83493eef8e45614b4b49b4cd28fe429679e1e80f,BID-64199
618921880,Pflegusch/metasploit-module-research,modules/exploits/windows/browser/adobe_flash_filters_type_confusion.rb,83493eef8e45614b4b49b4cd28fe429679e1e80f,CVE-2013-5331
618921880,Pflegusch/metasploit-module-research,modules/exploits/multi/http/vbseo_proc_deutf.rb,8353913baaba66ea6a4454c30a3d4c21ac1bde7c,BID-51647
618921880,Pflegusch/metasploit-module-research,modules/exploits/multi/http/vbseo_proc_deutf.rb,8353913baaba66ea6a4454c30a3d4c21ac1bde7c,OSVDB-78508
618921880,Pflegusch/metasploit-module-research,modules/exploits/multi/http/vbseo_proc_deutf.rb,8353913baaba66ea6a4454c30a3d4c21ac1bde7c,CVE-2012-5223
618921880,Pflegusch/metasploit-module-research,modules/auxiliary/admin/http/jboss_deploymentfilerepository.rb,83aab6f438e69a2e398bbd7ed4ebe97be9d500e7,OSVDB-64171
618921880,Pflegusch/metasploit-module-research,modules/auxiliary/admin/http/jboss_deploymentfilerepository.rb,83aab6f438e69a2e398bbd7ed4ebe97be9d500e7,CVE-2010-0738
618921880,Pflegusch/metasploit-module-research,modules/auxiliary/scanner/mysql/mysql_login.rb,83c45043a2250da37e5be33eff9b1f4e0cb55309,CVE-1999-0502
618921880,Pflegusch/metasploit-module-research,modules/exploits/linux/local/bpf_priv_esc.rb,83e14599ae2d9f6334b49b763cfc81154b4e76e6,CVE-2016-4557
618921880,Pflegusch/metasploit-module-research,modules/exploits/linux/local/bpf_priv_esc.rb,83e14599ae2d9f6334b49b763cfc81154b4e76e6,GPZ-808
618921880,Pflegusch/metasploit-module-research,modules/exploits/linux/local/bpf_priv_esc.rb,83e14599ae2d9f6334b49b763cfc81154b4e76e6,BID-90309
618921880,Pflegusch/metasploit-module-research,modules/exploits/windows/browser/wmi_admintools.rb,83e1493482d270762f35c7770a01d4381d2396ee,OSVDB-69942
618921880,Pflegusch/metasploit-module-research,modules/exploits/windows/browser/wmi_admintools.rb,83e1493482d270762f35c7770a01d4381d2396ee,CVE-2010-3973
618921880,Pflegusch/metasploit-module-research,modules/exploits/windows/browser/wmi_admintools.rb,83e1493482d270762f35c7770a01d4381d2396ee,BID-45546
618921880,Pflegusch/metasploit-module-research,modules/auxiliary/dos/ssl/openssl_aesni.rb,83f36fe45c76813342aecde470d4db2cac45e982,CVE-2012-2686
618921880,Pflegusch/metasploit-module-research,modules/exploits/unix/webapp/wp_asset_manager_upload_exec.rb,83f5433d2071a9c1162467288b3434061a16239e,OSVDB-82653
618921880,Pflegusch/metasploit-module-research,modules/exploits/unix/webapp/wp_asset_manager_upload_exec.rb,83f5433d2071a9c1162467288b3434061a16239e,BID-53809
618921880,Pflegusch/metasploit-module-research,modules/auxiliary/admin/http/wp_symposium_sql_injection.rb,83f609c50a951298e9d75dfb554d3ad9d2b73037,CVE-2015-6522
618921880,Pflegusch/metasploit-module-research,modules/exploits/unix/webapp/basilic_diff_exec.rb,83fb1a87cbd0d0bff57f7a2d687b8ce0eadff48f,CVE-2012-3399
618921880,Pflegusch/metasploit-module-research,modules/exploits/unix/webapp/basilic_diff_exec.rb,83fb1a87cbd0d0bff57f7a2d687b8ce0eadff48f,BID-54234
618921880,Pflegusch/metasploit-module-research,modules/exploits/unix/webapp/basilic_diff_exec.rb,83fb1a87cbd0d0bff57f7a2d687b8ce0eadff48f,OSVDB-83719
618921880,Pflegusch/metasploit-module-research,modules/auxiliary/scanner/http/cisco_ios_auth_bypass.rb,8418fe06c8f43daa5d8d2aa4896265e18bffad0a,BID-2936
618921880,Pflegusch/metasploit-module-research,modules/auxiliary/scanner/http/cisco_ios_auth_bypass.rb,8418fe06c8f43daa5d8d2aa4896265e18bffad0a,OSVDB-578
618921880,Pflegusch/metasploit-module-research,modules/auxiliary/scanner/http/cisco_ios_auth_bypass.rb,8418fe06c8f43daa5d8d2aa4896265e18bffad0a,CVE-2001-0537
618921880,Pflegusch/metasploit-module-research,modules/exploits/multi/http/horde_form_file_upload.rb,8428a790ffe8f0a3debddc22fd4f53cb98297d40,CVE-2019-9858
618921880,Pflegusch/metasploit-module-research,modules/exploits/windows/fileformat/ibm_pcm_ws.rb,8429fa0de5a7fa3451dbe7eca54fdb3af7823dd2,OSVDB-79657
618921880,Pflegusch/metasploit-module-research,modules/exploits/windows/fileformat/ibm_pcm_ws.rb,8429fa0de5a7fa3451dbe7eca54fdb3af7823dd2,CVE-2012-0201
618921880,Pflegusch/metasploit-module-research,modules/exploits/unix/webapp/wp_plainview_activity_monitor_rce.rb,8448ac06b81ebcaa18da714e32e77dbd814f28b8,CVE-2018-15877
618921880,Pflegusch/metasploit-module-research,modules/exploits/linux/local/glibc_realpath_priv_esc.rb,844e563d39ee7e8db49ae16f5c4f24afe8180eb6,BID-102525
618921880,Pflegusch/metasploit-module-research,modules/exploits/linux/local/glibc_realpath_priv_esc.rb,844e563d39ee7e8db49ae16f5c4f24afe8180eb6,CVE-2018-1000001
618921880,Pflegusch/metasploit-module-research,modules/exploits/windows/misc/hp_imc_dbman_restartdb_unauth_rce.rb,8465aeb809b60f36349b10eb01551d73051d9f42,CVE-2017-5816
618921880,Pflegusch/metasploit-module-research,modules/exploits/windows/misc/hp_imc_dbman_restartdb_unauth_rce.rb,8465aeb809b60f36349b10eb01551d73051d9f42,BID-98469
618921880,Pflegusch/metasploit-module-research,modules/post/windows/gather/credentials/teamviewer_passwords.rb,8472000217848b3018db1d97bbbb2dbf40ea6810,CVE-2019-18988
618921880,Pflegusch/metasploit-module-research,modules/exploits/linux/upnp/dlink_dir859_subscribe_exec.rb,8474ecf593130b836ece7eaff8c73d9499fcf74b,CVE-2019-17621
618921880,Pflegusch/metasploit-module-research,modules/exploits/windows/fileformat/destinymediaplayer16.rb,847bc15c940388ae147dba419e9f9c490cf3634f,CVE-2009-3429
618921880,Pflegusch/metasploit-module-research,modules/exploits/windows/fileformat/destinymediaplayer16.rb,847bc15c940388ae147dba419e9f9c490cf3634f,BID-33091
618921880,Pflegusch/metasploit-module-research,modules/exploits/windows/fileformat/destinymediaplayer16.rb,847bc15c940388ae147dba419e9f9c490cf3634f,OSVDB-53249
618921880,Pflegusch/metasploit-module-research,modules/exploits/windows/tftp/attftp_long_filename.rb,848389076061773f004be3eccdf1cf5983b41ff9,OSVDB-11350
618921880,Pflegusch/metasploit-module-research,modules/exploits/windows/tftp/attftp_long_filename.rb,848389076061773f004be3eccdf1cf5983b41ff9,CVE-2006-6184
618921880,Pflegusch/metasploit-module-research,modules/exploits/windows/tftp/attftp_long_filename.rb,848389076061773f004be3eccdf1cf5983b41ff9,BID-21320
618921880,Pflegusch/metasploit-module-research,modules/exploits/windows/http/novell_messenger_acceptlang.rb,8484c8978c72b3729671e3d1f442e3a63f67156f,CVE-2006-0992
618921880,Pflegusch/metasploit-module-research,modules/exploits/windows/http/novell_messenger_acceptlang.rb,8484c8978c72b3729671e3d1f442e3a63f67156f,BID-17503
618921880,Pflegusch/metasploit-module-research,modules/exploits/windows/http/novell_messenger_acceptlang.rb,8484c8978c72b3729671e3d1f442e3a63f67156f,OSVDB-24617
618921880,Pflegusch/metasploit-module-research,modules/exploits/windows/http/disksorter_bof.rb,8485b1934bb789be4e0c5564edacce3d8e79a06c,CVE-2017-7230
618921880,Pflegusch/metasploit-module-research,modules/exploits/multi/local/xorg_x11_suid_server.rb,84c92c2a33c5fd71e23f927177d912d6798eab3c,CVE-2018-14665
618921880,Pflegusch/metasploit-module-research,modules/exploits/multi/local/xorg_x11_suid_server.rb,84c92c2a33c5fd71e23f927177d912d6798eab3c,BID-105741
618921880,Pflegusch/metasploit-module-research,modules/exploits/windows/ftp/ayukov_nftp.rb,84e4d574386482e7f953ddc20e16d0cd98504e6c,CVE-2017-15222
618921880,Pflegusch/metasploit-module-research,modules/exploits/windows/fileformat/office_ole_multiple_dll_hijack.rb,84ec44958c643b0af3e1876ce61ee602aea03b15,MS16-070
618921880,Pflegusch/metasploit-module-research,modules/exploits/windows/fileformat/office_ole_multiple_dll_hijack.rb,84ec44958c643b0af3e1876ce61ee602aea03b15,CVE-2016-0100
618921880,Pflegusch/metasploit-module-research,modules/exploits/windows/fileformat/office_ole_multiple_dll_hijack.rb,84ec44958c643b0af3e1876ce61ee602aea03b15,MS16-041
618921880,Pflegusch/metasploit-module-research,modules/exploits/windows/fileformat/office_ole_multiple_dll_hijack.rb,84ec44958c643b0af3e1876ce61ee602aea03b15,MS16-025
618921880,Pflegusch/metasploit-module-research,modules/exploits/windows/fileformat/office_ole_multiple_dll_hijack.rb,84ec44958c643b0af3e1876ce61ee602aea03b15,CVE-2016-0041
618921880,Pflegusch/metasploit-module-research,modules/exploits/windows/fileformat/office_ole_multiple_dll_hijack.rb,84ec44958c643b0af3e1876ce61ee602aea03b15,CVE-2015-6132
618921880,Pflegusch/metasploit-module-research,modules/exploits/windows/fileformat/office_ole_multiple_dll_hijack.rb,84ec44958c643b0af3e1876ce61ee602aea03b15,CVE-2015-6133
618921880,Pflegusch/metasploit-module-research,modules/exploits/windows/fileformat/office_ole_multiple_dll_hijack.rb,84ec44958c643b0af3e1876ce61ee602aea03b15,CVE-2016-3235
618921880,Pflegusch/metasploit-module-research,modules/exploits/windows/fileformat/office_ole_multiple_dll_hijack.rb,84ec44958c643b0af3e1876ce61ee602aea03b15,MS15-132
618921880,Pflegusch/metasploit-module-research,modules/exploits/windows/fileformat/office_ole_multiple_dll_hijack.rb,84ec44958c643b0af3e1876ce61ee602aea03b15,CVE-2015-6128
618921880,Pflegusch/metasploit-module-research,modules/exploits/windows/fileformat/office_ole_multiple_dll_hijack.rb,84ec44958c643b0af3e1876ce61ee602aea03b15,MS16-014
618921880,Pflegusch/metasploit-module-research,modules/exploits/windows/browser/ebook_flipviewer_fviewerloading.rb,84fc3314d97c484f8f3674f9f7c7496472320e55,BID-24328
618921880,Pflegusch/metasploit-module-research,modules/exploits/windows/browser/ebook_flipviewer_fviewerloading.rb,84fc3314d97c484f8f3674f9f7c7496472320e55,CVE-2007-2919
618921880,Pflegusch/metasploit-module-research,modules/exploits/windows/browser/ebook_flipviewer_fviewerloading.rb,84fc3314d97c484f8f3674f9f7c7496472320e55,OSVDB-37042
618921880,Pflegusch/metasploit-module-research,modules/auxiliary/scanner/http/wp_loginizer_log_sqli.rb,8518b12bcbad85c4f75f8359a0a2f7861bfae378,CVE-2020-27615
618921880,Pflegusch/metasploit-module-research,modules/exploits/windows/dcerpc/ms05_017_msmq.rb,8537569e651a7298dd3c305bf8e47ca8dd44e55d,BID-13112
618921880,Pflegusch/metasploit-module-research,modules/exploits/windows/dcerpc/ms05_017_msmq.rb,8537569e651a7298dd3c305bf8e47ca8dd44e55d,OSVDB-15458
618921880,Pflegusch/metasploit-module-research,modules/exploits/windows/dcerpc/ms05_017_msmq.rb,8537569e651a7298dd3c305bf8e47ca8dd44e55d,CVE-2005-0059
618921880,Pflegusch/metasploit-module-research,modules/exploits/windows/dcerpc/ms05_017_msmq.rb,8537569e651a7298dd3c305bf8e47ca8dd44e55d,MS05-017
618921880,Pflegusch/metasploit-module-research,modules/exploits/unix/webapp/openview_connectednodes_exec.rb,854f39d5ea290284bfcda5992248d7c9fbfe0159,CVE-2005-2773
618921880,Pflegusch/metasploit-module-research,modules/exploits/unix/webapp/openview_connectednodes_exec.rb,854f39d5ea290284bfcda5992248d7c9fbfe0159,BID-14662
618921880,Pflegusch/metasploit-module-research,modules/exploits/unix/webapp/openview_connectednodes_exec.rb,854f39d5ea290284bfcda5992248d7c9fbfe0159,OSVDB-19057
618921880,Pflegusch/metasploit-module-research,modules/exploits/linux/local/blueman_set_dhcp_handler_dbus_priv_esc.rb,8570fdfd9a1258b15fd4e5bcc2e4b4be4799f4cf,CVE-2015-8612
618921880,Pflegusch/metasploit-module-research,modules/exploits/linux/local/blueman_set_dhcp_handler_dbus_priv_esc.rb,8570fdfd9a1258b15fd4e5bcc2e4b4be4799f4cf,BID-79688
618921880,Pflegusch/metasploit-module-research,modules/exploits/linux/http/astium_sqli_upload.rb,8574d8ca9412b3c0fb43e9adaa6e0961a53c1b97,OSVDB-88860
618921880,Pflegusch/metasploit-module-research,modules/exploits/windows/browser/java_cmm.rb,8579c40ac7d14278685680f8bc835b2539f2cce9,CVE-2013-1493
618921880,Pflegusch/metasploit-module-research,modules/exploits/windows/browser/java_cmm.rb,8579c40ac7d14278685680f8bc835b2539f2cce9,OSVDB-90737
618921880,Pflegusch/metasploit-module-research,modules/exploits/windows/browser/java_cmm.rb,8579c40ac7d14278685680f8bc835b2539f2cce9,BID-58238
618921880,Pflegusch/metasploit-module-research,modules/exploits/multi/http/rails_secret_deserialization.rb,859f600a1dad0356ba00d6c8a2056283ca64d77f,CVE-2013-0156
618921880,Pflegusch/metasploit-module-research,modules/exploits/linux/ids/alienvault_centerd_soap_exec.rb,85fed512c33fe341116dfe9799fbfe73071995ca,CVE-2014-3804
618921880,Pflegusch/metasploit-module-research,modules/exploits/linux/ids/alienvault_centerd_soap_exec.rb,85fed512c33fe341116dfe9799fbfe73071995ca,BID-67999
618921880,Pflegusch/metasploit-module-research,modules/exploits/windows/oracle/client_system_analyzer_upload.rb,8604ef25846b791d10d4ff0c5cb1207d78600b2b,OSVDB-70546
618921880,Pflegusch/metasploit-module-research,modules/exploits/windows/oracle/client_system_analyzer_upload.rb,8604ef25846b791d10d4ff0c5cb1207d78600b2b,CVE-2010-3600
618921880,Pflegusch/metasploit-module-research,modules/exploits/windows/oracle/client_system_analyzer_upload.rb,8604ef25846b791d10d4ff0c5cb1207d78600b2b,BID-45883
618921880,Pflegusch/metasploit-module-research,modules/auxiliary/admin/scada/ge_proficy_substitute_traversal.rb,861cef3fb5b3f2f59057ab84a336bdb6546cd2a2,BID-57505
618921880,Pflegusch/metasploit-module-research,modules/auxiliary/admin/scada/ge_proficy_substitute_traversal.rb,861cef3fb5b3f2f59057ab84a336bdb6546cd2a2,CVE-2013-0653
618921880,Pflegusch/metasploit-module-research,modules/auxiliary/admin/scada/ge_proficy_substitute_traversal.rb,861cef3fb5b3f2f59057ab84a336bdb6546cd2a2,OSVDB-89490
618921880,Pflegusch/metasploit-module-research,modules/exploits/linux/http/froxlor_log_path_rce.rb,8646a8bcfe03c99e20aba1c5ea2ea601bbac8613,CVE-2023-0315
618921880,Pflegusch/metasploit-module-research,modules/exploits/windows/scada/realwin_on_fcs_login.rb,867f939f6eb7d7aff5d1752181eed44d2ceb1bf4,OSVDB-72824
618921880,Pflegusch/metasploit-module-research,modules/exploits/windows/scada/realwin_on_fcs_login.rb,867f939f6eb7d7aff5d1752181eed44d2ceb1bf4,CVE-2011-1563
618921880,Pflegusch/metasploit-module-research,modules/exploits/multi/misc/wireshark_lwres_getaddrbyname_loop.rb,86864973dd3448d6b25b9066c6cf415cda904eae,CVE-2010-0304
618921880,Pflegusch/metasploit-module-research,modules/exploits/multi/misc/wireshark_lwres_getaddrbyname_loop.rb,86864973dd3448d6b25b9066c6cf415cda904eae,BID-37985
618921880,Pflegusch/metasploit-module-research,modules/exploits/multi/misc/wireshark_lwres_getaddrbyname_loop.rb,86864973dd3448d6b25b9066c6cf415cda904eae,OSVDB-61987
618921880,Pflegusch/metasploit-module-research,modules/exploits/linux/http/symantec_web_gateway_restore.rb,869c2cc2296686710e058072fcae6ddbd48995a8,CVE-2014-7285
618921880,Pflegusch/metasploit-module-research,modules/exploits/linux/http/symantec_web_gateway_restore.rb,869c2cc2296686710e058072fcae6ddbd48995a8,BID-71620
618921880,Pflegusch/metasploit-module-research,modules/exploits/linux/http/symantec_web_gateway_restore.rb,869c2cc2296686710e058072fcae6ddbd48995a8,OSVDB-116009
618921880,Pflegusch/metasploit-module-research,modules/exploits/linux/http/vestacp_exec.rb,86b4536e083fdd5fd386a1162ae8c6d9b3737f34,CVE-2020-10808
618921880,Pflegusch/metasploit-module-research,modules/exploits/windows/tftp/opentftp_error_code.rb,86be6e8bf3e4fc16835d8a427525229638e63378,CVE-2008-2161
618921880,Pflegusch/metasploit-module-research,modules/exploits/windows/tftp/opentftp_error_code.rb,86be6e8bf3e4fc16835d8a427525229638e63378,BID-29111
618921880,Pflegusch/metasploit-module-research,modules/exploits/windows/tftp/opentftp_error_code.rb,86be6e8bf3e4fc16835d8a427525229638e63378,OSVDB-44904
618921880,Pflegusch/metasploit-module-research,modules/exploits/multi/http/openmediavault_cmd_exec.rb,86ca1dadce9c609b960babf1f71f83cf33ba17fd,CVE-2013-3632
618921880,Pflegusch/metasploit-module-research,modules/exploits/windows/browser/ms08_053_mediaencoder.rb,86ca599a094f72b2f6f46f21c686385d0189f8d8,MS08-053
618921880,Pflegusch/metasploit-module-research,modules/exploits/windows/browser/ms08_053_mediaencoder.rb,86ca599a094f72b2f6f46f21c686385d0189f8d8,OSVDB-47962
618921880,Pflegusch/metasploit-module-research,modules/exploits/windows/browser/ms08_053_mediaencoder.rb,86ca599a094f72b2f6f46f21c686385d0189f8d8,BID-31065
618921880,Pflegusch/metasploit-module-research,modules/exploits/windows/browser/ms08_053_mediaencoder.rb,86ca599a094f72b2f6f46f21c686385d0189f8d8,CVE-2008-3008
618921880,Pflegusch/metasploit-module-research,modules/exploits/multi/http/churchinfo_upload_exec.rb,86cef4a1b4fa41db7710859b57a0f90dd23644cf,CVE-2021-43258
618921880,Pflegusch/metasploit-module-research,modules/exploits/linux/misc/lprng_format_string.rb,86d8392c2adfa92e0f2787692a04aa6dc2ce1f2e,BID-1712
618921880,Pflegusch/metasploit-module-research,modules/exploits/linux/misc/lprng_format_string.rb,86d8392c2adfa92e0f2787692a04aa6dc2ce1f2e,OSVDB-421
618921880,Pflegusch/metasploit-module-research,modules/exploits/linux/misc/lprng_format_string.rb,86d8392c2adfa92e0f2787692a04aa6dc2ce1f2e,CVE-2000-0917
618921880,Pflegusch/metasploit-module-research,modules/exploits/linux/snmp/awind_snmp_exec.rb,86e494c4b9da956c05b2b233c6e251b18bd415d4,CVE-2017-16709
618921880,Pflegusch/metasploit-module-research,modules/auxiliary/scanner/http/vicidial_multiple_sqli.rb,870cff5cce94f3a77d6c544ecfe6408c1a57ce55,CVE-2022-34878
618921880,Pflegusch/metasploit-module-research,modules/auxiliary/scanner/http/vicidial_multiple_sqli.rb,870cff5cce94f3a77d6c544ecfe6408c1a57ce55,CVE-2022-34877
618921880,Pflegusch/metasploit-module-research,modules/auxiliary/scanner/http/vicidial_multiple_sqli.rb,870cff5cce94f3a77d6c544ecfe6408c1a57ce55,CVE-2022-34876
618921880,Pflegusch/metasploit-module-research,modules/exploits/windows/browser/mozilla_attribchildremoved.rb,8710c5aa9fe488b6333ba4fd7a1f51a02272c100,CVE-2011-3659
618921880,Pflegusch/metasploit-module-research,modules/exploits/windows/browser/mozilla_attribchildremoved.rb,8710c5aa9fe488b6333ba4fd7a1f51a02272c100,OSVDB-78736
618921880,Pflegusch/metasploit-module-research,modules/exploits/multi/browser/chrome_array_map.rb,8712d69c38ed1883c27fd1488d45a9916d6cdf72,CVE-2019-5825
618921880,Pflegusch/metasploit-module-research,modules/exploits/windows/misc/bakbone_netvault_heap.rb,87359383375e55541f0b0230dc248689be05d726,OSVDB-15234
618921880,Pflegusch/metasploit-module-research,modules/exploits/windows/misc/bakbone_netvault_heap.rb,87359383375e55541f0b0230dc248689be05d726,BID-12967
618921880,Pflegusch/metasploit-module-research,modules/exploits/windows/misc/bakbone_netvault_heap.rb,87359383375e55541f0b0230dc248689be05d726,CVE-2005-1009
618921880,Pflegusch/metasploit-module-research,modules/exploits/linux/local/systemtap_modprobe_options_priv_esc.rb,87432c194518f2ec7f8661ca617df5f1ac100a6e,CVE-2010-4170
618921880,Pflegusch/metasploit-module-research,modules/exploits/linux/local/systemtap_modprobe_options_priv_esc.rb,87432c194518f2ec7f8661ca617df5f1ac100a6e,BID-44914
618921880,Pflegusch/metasploit-module-research,modules/auxiliary/scanner/pcanywhere/pcanywhere_login.rb,87558f6fe8c5343a3fd80a2e6a22b0118dbced04,CVE-1999-0502
618921880,Pflegusch/metasploit-module-research,modules/exploits/windows/fileformat/audiotran_pls.rb,8770a75dcae77d061509dbe07efede6ddab6c5be,CVE-2009-0476
618921880,Pflegusch/metasploit-module-research,modules/exploits/windows/fileformat/audiotran_pls.rb,8770a75dcae77d061509dbe07efede6ddab6c5be,OSVDB-55424
618921880,Pflegusch/metasploit-module-research,modules/exploits/windows/fileformat/chasys_draw_ies_bmp_bof.rb,87c41e8a9057bad42f8f8b24f4de373cdd91d393,OSVDB-95689
618921880,Pflegusch/metasploit-module-research,modules/exploits/windows/fileformat/chasys_draw_ies_bmp_bof.rb,87c41e8a9057bad42f8f8b24f4de373cdd91d393,BID-61463
618921880,Pflegusch/metasploit-module-research,modules/exploits/windows/fileformat/chasys_draw_ies_bmp_bof.rb,87c41e8a9057bad42f8f8b24f4de373cdd91d393,CVE-2013-3928
618921880,Pflegusch/metasploit-module-research,modules/exploits/windows/license/flexnet_lmgrd_bof.rb,87c5df039a75cdbe14d1f9c309407b1ae67346c4,OSVDB-81899
618921880,Pflegusch/metasploit-module-research,modules/exploits/windows/license/flexnet_lmgrd_bof.rb,87c5df039a75cdbe14d1f9c309407b1ae67346c4,BID-52718
618921880,Pflegusch/metasploit-module-research,modules/exploits/windows/misc/realtek_playlist.rb,87de5c4ab82a954f3311d10440db71ecc88fb672,CVE-2008-5664
618921880,Pflegusch/metasploit-module-research,modules/exploits/windows/misc/realtek_playlist.rb,87de5c4ab82a954f3311d10440db71ecc88fb672,OSVDB-50715
618921880,Pflegusch/metasploit-module-research,modules/exploits/windows/misc/realtek_playlist.rb,87de5c4ab82a954f3311d10440db71ecc88fb672,BID-32860
618921880,Pflegusch/metasploit-module-research,modules/exploits/windows/http/exchange_ecp_viewstate.rb,87e5ce8c90ca7bf571a1673006d033f3d8cb6b29,CVE-2020-0688
618921880,Pflegusch/metasploit-module-research,modules/auxiliary/scanner/ntp/ntp_monlist.rb,87e773e59823478fdc66401924368bc2e28c3934,CVE-2013-5211
618921880,Pflegusch/metasploit-module-research,modules/auxiliary/scanner/ike/cisco_ike_benigncertain.rb,8873215d1326650cf0ad060f7fdb293313f85493,CVE-2016-6415
618921880,Pflegusch/metasploit-module-research,modules/exploits/linux/http/ddwrt_cgibin_exec.rb,88807e0aebd9a7b6995a9a5e3ad738127d97cfc3,CVE-2009-2765
618921880,Pflegusch/metasploit-module-research,modules/exploits/linux/http/ddwrt_cgibin_exec.rb,88807e0aebd9a7b6995a9a5e3ad738127d97cfc3,BID-35742
618921880,Pflegusch/metasploit-module-research,modules/exploits/linux/http/ddwrt_cgibin_exec.rb,88807e0aebd9a7b6995a9a5e3ad738127d97cfc3,OSVDB-55990
618921880,Pflegusch/metasploit-module-research,modules/exploits/windows/misc/bomberclone_overflow.rb,88af99f6d8a9b5ebfe4958267018bb95c2435f7a,CVE-2006-0460
618921880,Pflegusch/metasploit-module-research,modules/exploits/windows/misc/bomberclone_overflow.rb,88af99f6d8a9b5ebfe4958267018bb95c2435f7a,OSVDB-23263
618921880,Pflegusch/metasploit-module-research,modules/exploits/windows/misc/bomberclone_overflow.rb,88af99f6d8a9b5ebfe4958267018bb95c2435f7a,BID-16697
618921880,Pflegusch/metasploit-module-research,modules/exploits/windows/oracle/tns_arguments.rb,88e386aab07038592fad75366433c1da16a430ec,CVE-2001-0499
618921880,Pflegusch/metasploit-module-research,modules/exploits/windows/oracle/tns_arguments.rb,88e386aab07038592fad75366433c1da16a430ec,BID-2941
618921880,Pflegusch/metasploit-module-research,modules/exploits/windows/oracle/tns_arguments.rb,88e386aab07038592fad75366433c1da16a430ec,OSVDB-9427
618921880,Pflegusch/metasploit-module-research,modules/exploits/multi/scada/inductive_ignition_rce.rb,88e4334102d2e12e8689c63e0c46daf0ff4b822a,CVE-2020-12004
618921880,Pflegusch/metasploit-module-research,modules/exploits/multi/scada/inductive_ignition_rce.rb,88e4334102d2e12e8689c63e0c46daf0ff4b822a,CVE-2020-10644
618921880,Pflegusch/metasploit-module-research,modules/exploits/multi/http/navigate_cms_rce.rb,88e46c4a3605f3e8ece44ba485daf4525c76ed53,CVE-2018-17553
618921880,Pflegusch/metasploit-module-research,modules/exploits/multi/http/navigate_cms_rce.rb,88e46c4a3605f3e8ece44ba485daf4525c76ed53,CVE-2018-17552
618921880,Pflegusch/metasploit-module-research,modules/exploits/windows/http/manage_engine_opmanager_rce.rb,88eac7028c45ccb01278cc864e299795a3f07396,CVE-2015-7765
618921880,Pflegusch/metasploit-module-research,modules/exploits/windows/http/manage_engine_opmanager_rce.rb,88eac7028c45ccb01278cc864e299795a3f07396,CVE-2015-7766
618921880,Pflegusch/metasploit-module-research,modules/auxiliary/dos/http/ms15_034_ulonglongadd.rb,891603d7cbaa83655b5fcb15b30db05ec1218e9e,CVE-2015-1635
618921880,Pflegusch/metasploit-module-research,modules/auxiliary/dos/http/ms15_034_ulonglongadd.rb,891603d7cbaa83655b5fcb15b30db05ec1218e9e,MS15-034
618921880,Pflegusch/metasploit-module-research,modules/auxiliary/gather/exchange_proxylogon_collector.rb,8932ae2332636e2a0267e7cf14cf4ee92719ee56,CVE-2021-26855
618921880,Pflegusch/metasploit-module-research,modules/exploits/windows/http/ipswitch_wug_maincfgret.rb,8934ac12021078e8b1f82c01e1976cbe6451f3e7,CVE-2004-0798
618921880,Pflegusch/metasploit-module-research,modules/exploits/windows/http/ipswitch_wug_maincfgret.rb,8934ac12021078e8b1f82c01e1976cbe6451f3e7,BID-11043
618921880,Pflegusch/metasploit-module-research,modules/exploits/windows/http/ipswitch_wug_maincfgret.rb,8934ac12021078e8b1f82c01e1976cbe6451f3e7,OSVDB-9177
618921880,Pflegusch/metasploit-module-research,modules/exploits/windows/http/exchange_chainedserializationbinder_rce.rb,893aef7ceb89bdb7bd00cdf46f294607aa8f5c38,CVE-2022-23277
618921880,Pflegusch/metasploit-module-research,modules/exploits/windows/http/exchange_chainedserializationbinder_rce.rb,893aef7ceb89bdb7bd00cdf46f294607aa8f5c38,CVE-2021-42321
618921880,Pflegusch/metasploit-module-research,modules/auxiliary/dos/http/tautulli_shutdown_exec.rb,89540074a52e1501018a9fb21bd1682aad55e3ce,CVE-2019-19833
618921880,Pflegusch/metasploit-module-research,modules/exploits/windows/nntp/ms05_030_nntp.rb,897ffb68dfc057f18dc615d3ea7346ce31b3e24c,MS05-030
618921880,Pflegusch/metasploit-module-research,modules/exploits/windows/nntp/ms05_030_nntp.rb,897ffb68dfc057f18dc615d3ea7346ce31b3e24c,BID-13951
618921880,Pflegusch/metasploit-module-research,modules/exploits/windows/nntp/ms05_030_nntp.rb,897ffb68dfc057f18dc615d3ea7346ce31b3e24c,CVE-2005-1213
618921880,Pflegusch/metasploit-module-research,modules/exploits/windows/nntp/ms05_030_nntp.rb,897ffb68dfc057f18dc615d3ea7346ce31b3e24c,OSVDB-17306
618921880,Pflegusch/metasploit-module-research,modules/exploits/multi/http/shiro_rememberme_v124_deserialize.rb,89a058855f38678a16d480c9f604b00696fb5658,CVE-2016-4437
618921880,Pflegusch/metasploit-module-research,modules/exploits/multi/http/bolt_file_upload.rb,8a052ace00ee86a35c1e60ff1c00dcc84928cfbd,CVE-2015-7309
618921880,Pflegusch/metasploit-module-research,modules/auxiliary/dos/scada/beckhoff_twincat.rb,8a317bdeac71a37952b97d50534206f63ade3c37,CVE-2011-3486
618921880,Pflegusch/metasploit-module-research,modules/auxiliary/dos/scada/beckhoff_twincat.rb,8a317bdeac71a37952b97d50534206f63ade3c37,OSVDB-75495
618921880,Pflegusch/metasploit-module-research,modules/exploits/windows/fileformat/ideal_migration_ipj.rb,8a5aa8abfc7375b1a2efa903a203bb6074a6ff1c,CVE-2009-4265
618921880,Pflegusch/metasploit-module-research,modules/exploits/windows/fileformat/ideal_migration_ipj.rb,8a5aa8abfc7375b1a2efa903a203bb6074a6ff1c,OSVDB-60681
618921880,Pflegusch/metasploit-module-research,modules/exploits/windows/browser/ms14_012_cmarkup_uaf.rb,8ac6a91ce8b268d9654eb8c74b31963d6a7c209d,BID-65551
618921880,Pflegusch/metasploit-module-research,modules/exploits/windows/browser/ms14_012_cmarkup_uaf.rb,8ac6a91ce8b268d9654eb8c74b31963d6a7c209d,CVE-2014-0322
618921880,Pflegusch/metasploit-module-research,modules/exploits/windows/browser/ms14_012_cmarkup_uaf.rb,8ac6a91ce8b268d9654eb8c74b31963d6a7c209d,MS14-012
618921880,Pflegusch/metasploit-module-research,modules/exploits/windows/ftp/trellian_client_pasv.rb,8ad2af6f4a38e7525b3ee77b0b13f79d92b0cbc1,CVE-2010-1465
618921880,Pflegusch/metasploit-module-research,modules/exploits/windows/ftp/trellian_client_pasv.rb,8ad2af6f4a38e7525b3ee77b0b13f79d92b0cbc1,OSVDB-63812
618921880,Pflegusch/metasploit-module-research,modules/exploits/windows/browser/aim_goaway.rb,8ae9125bc63c9d2d5e1f43de826caa3c39e6e372,OSVDB-8398
618921880,Pflegusch/metasploit-module-research,modules/exploits/windows/browser/aim_goaway.rb,8ae9125bc63c9d2d5e1f43de826caa3c39e6e372,BID-10889
618921880,Pflegusch/metasploit-module-research,modules/exploits/windows/browser/aim_goaway.rb,8ae9125bc63c9d2d5e1f43de826caa3c39e6e372,CVE-2004-0636
618921880,Pflegusch/metasploit-module-research,modules/exploits/multi/http/vmware_vcenter_uploadova_rce.rb,8aea0ed045e9b1d006bd4c959bfced06d2095196,CVE-2021-21972
618921880,Pflegusch/metasploit-module-research,modules/exploits/windows/http/ssrs_navcorrector_viewstate.rb,8b0d88dc60fdad0220c5ba57eb0a4b71433f54de,CVE-2020-0618
618921880,Pflegusch/metasploit-module-research,modules/exploits/linux/http/cve_2019_1663_cisco_rmi_rce.rb,8b0e6d4e22808c81d5e06932c4a98ec4db40d695,CVE-2019-1663
618921880,Pflegusch/metasploit-module-research,modules/exploits/linux/http/cve_2019_1663_cisco_rmi_rce.rb,8b0e6d4e22808c81d5e06932c4a98ec4db40d695,BID-107185
618921880,Pflegusch/metasploit-module-research,modules/exploits/windows/novell/netiq_pum_eval.rb,8b205f998a8bea94263fa7834347ed89ba7ed439,CVE-2012-5932
618921880,Pflegusch/metasploit-module-research,modules/exploits/windows/novell/netiq_pum_eval.rb,8b205f998a8bea94263fa7834347ed89ba7ed439,OSVDB-87334
618921880,Pflegusch/metasploit-module-research,modules/exploits/windows/novell/netiq_pum_eval.rb,8b205f998a8bea94263fa7834347ed89ba7ed439,BID-56539
618921880,Pflegusch/metasploit-module-research,modules/exploits/linux/http/webcalendar_settings_exec.rb,8b2a40e70d95155d9567cd136ced47b2da5050fb,CVE-2012-1495
618921880,Pflegusch/metasploit-module-research,modules/exploits/linux/http/webcalendar_settings_exec.rb,8b2a40e70d95155d9567cd136ced47b2da5050fb,OSVDB-81329
618921880,Pflegusch/metasploit-module-research,modules/exploits/linux/http/linksys_wrt110_cmd_exec.rb,8b2ae39807fb9d75e565c22da958f526b720c916,CVE-2013-3568
618921880,Pflegusch/metasploit-module-research,modules/exploits/linux/http/linksys_wrt110_cmd_exec.rb,8b2ae39807fb9d75e565c22da958f526b720c916,BID-61151
618921880,Pflegusch/metasploit-module-research,modules/exploits/windows/browser/realplayer_cdda_uri.rb,8b36cd84f1cab2c232aad852da26ece6e7ab2269,BID-44144
618921880,Pflegusch/metasploit-module-research,modules/exploits/windows/browser/realplayer_cdda_uri.rb,8b36cd84f1cab2c232aad852da26ece6e7ab2269,CVE-2010-3747
618921880,Pflegusch/metasploit-module-research,modules/exploits/windows/browser/realplayer_cdda_uri.rb,8b36cd84f1cab2c232aad852da26ece6e7ab2269,OSVDB-68673
618921880,Pflegusch/metasploit-module-research,modules/exploits/multi/http/wp_popular_posts_rce.rb,8b3d0e6c39d775bd0f2384d76ca042213dbdb7bd,CVE-2021-42362
618921880,Pflegusch/metasploit-module-research,modules/exploits/windows/ssh/sysax_ssh_username.rb,8b4daa4db516850c872aa96639e311cc8376c05f,OSVDB-79689
618921880,Pflegusch/metasploit-module-research,modules/exploits/linux/http/mutiny_frontend_upload.rb,8bacfef1a40db67449bab150e846abc3df33a1f8,CVE-2013-0136
618921880,Pflegusch/metasploit-module-research,modules/exploits/linux/http/mutiny_frontend_upload.rb,8bacfef1a40db67449bab150e846abc3df33a1f8,OSVDB-93444
618921880,Pflegusch/metasploit-module-research,modules/auxiliary/scanner/smb/smb_enum_gpp.rb,8bb14dc85e33929ae4282d1dc4ac1913059817d7,CVE-2014-1812
618921880,Pflegusch/metasploit-module-research,modules/auxiliary/scanner/smb/smb_enum_gpp.rb,8bb14dc85e33929ae4282d1dc4ac1913059817d7,MS14-025
618921880,Pflegusch/metasploit-module-research,modules/auxiliary/scanner/portmap/portmap_amp.rb,8bf50162d470bd950da9a94b68ddba993cdfd019,CVE-2013-5211
618921880,Pflegusch/metasploit-module-research,modules/exploits/linux/http/dlink_dwl_2600_command_injection.rb,8c041f33312bdab026350571beea9e18722bc92b,CVE-2019-20499
618921880,Pflegusch/metasploit-module-research,modules/exploits/windows/smb/ms06_066_nwwks.rb,8c3ae735982500f70e27613326c57a71f6353abe,OSVDB-30260
618921880,Pflegusch/metasploit-module-research,modules/exploits/windows/smb/ms06_066_nwwks.rb,8c3ae735982500f70e27613326c57a71f6353abe,CVE-2006-4688
618921880,Pflegusch/metasploit-module-research,modules/exploits/windows/smb/ms06_066_nwwks.rb,8c3ae735982500f70e27613326c57a71f6353abe,MS06-066
618921880,Pflegusch/metasploit-module-research,modules/exploits/windows/smb/ms06_066_nwwks.rb,8c3ae735982500f70e27613326c57a71f6353abe,BID-21023
618921880,Pflegusch/metasploit-module-research,modules/auxiliary/gather/opennms_xxe.rb,8c48a6137d48f438aa175c8c36dff380b7c2613a,CVE-2015-0975
618921880,Pflegusch/metasploit-module-research,modules/exploits/multi/http/gitlab_file_read_rce.rb,8c5a46a9df76bd5a015cf58c4073ddc2a7500327,CVE-2020-10977
618921880,Pflegusch/metasploit-module-research,modules/exploits/windows/browser/enjoysapgui_comp_download.rb,8c727efa072d2d7ce6cf2afde6517247a5baf7c3,OSVDB-53680
618921880,Pflegusch/metasploit-module-research,modules/exploits/windows/browser/enjoysapgui_comp_download.rb,8c727efa072d2d7ce6cf2afde6517247a5baf7c3,CVE-2008-4830
618921880,Pflegusch/metasploit-module-research,modules/exploits/windows/isapi/rsa_webagent_redirect.rb,8c7745bd495087890cc3f7bcd46d2f9baaca1ef9,CVE-2005-4734
618921880,Pflegusch/metasploit-module-research,modules/exploits/windows/isapi/rsa_webagent_redirect.rb,8c7745bd495087890cc3f7bcd46d2f9baaca1ef9,OSVDB-20151
618921880,Pflegusch/metasploit-module-research,modules/exploits/windows/browser/adobe_flash_sps.rb,8c7c6273287d06aa010ebc2e0bf6cc6780604084,OSVDB-74439
618921880,Pflegusch/metasploit-module-research,modules/exploits/windows/browser/adobe_flash_sps.rb,8c7c6273287d06aa010ebc2e0bf6cc6780604084,CVE-2011-2140
618921880,Pflegusch/metasploit-module-research,modules/exploits/windows/browser/adobe_flash_sps.rb,8c7c6273287d06aa010ebc2e0bf6cc6780604084,BID-49083
618921880,Pflegusch/metasploit-module-research,modules/exploits/linux/http/nagios_xi_autodiscovery_webshell.rb,8caaa296b85d2222dbb4d3e061bdf44986c0282d,CVE-2021-37343
618921880,Pflegusch/metasploit-module-research,modules/exploits/windows/browser/adobe_flashplayer_avm.rb,8cbdc799070926a38deccf5812c3ff65ecdd33be,CVE-2011-0609
618921880,Pflegusch/metasploit-module-research,modules/exploits/windows/browser/adobe_flashplayer_avm.rb,8cbdc799070926a38deccf5812c3ff65ecdd33be,OSVDB-71254
618921880,Pflegusch/metasploit-module-research,modules/exploits/windows/browser/vlc_amv.rb,8cefec41f18270e3a10b3beba286aebb69ce3839,OSVDB-71277
618921880,Pflegusch/metasploit-module-research,modules/exploits/windows/browser/vlc_amv.rb,8cefec41f18270e3a10b3beba286aebb69ce3839,CVE-2010-3275
618921880,Pflegusch/metasploit-module-research,modules/exploits/windows/browser/ie_createobject.rb,8cf9457df1bad8077eed861f7ebf55401bfff40d,OSVDB-24517
618921880,Pflegusch/metasploit-module-research,modules/exploits/windows/browser/ie_createobject.rb,8cf9457df1bad8077eed861f7ebf55401bfff40d,OSVDB-30155
618921880,Pflegusch/metasploit-module-research,modules/exploits/windows/browser/ie_createobject.rb,8cf9457df1bad8077eed861f7ebf55401bfff40d,MS06-073
618921880,Pflegusch/metasploit-module-research,modules/exploits/windows/browser/ie_createobject.rb,8cf9457df1bad8077eed861f7ebf55401bfff40d,CVE-2006-4704
618921880,Pflegusch/metasploit-module-research,modules/exploits/windows/browser/ie_createobject.rb,8cf9457df1bad8077eed861f7ebf55401bfff40d,CVE-2006-0003
618921880,Pflegusch/metasploit-module-research,modules/exploits/windows/browser/ie_createobject.rb,8cf9457df1bad8077eed861f7ebf55401bfff40d,MS06-014
618921880,Pflegusch/metasploit-module-research,modules/exploits/unix/webapp/oracle_vm_agent_utl.rb,8d1bf5c9de0bf0901b62e02ea2ed4b1b7aa7e804,CVE-2010-3585
618921880,Pflegusch/metasploit-module-research,modules/exploits/unix/webapp/oracle_vm_agent_utl.rb,8d1bf5c9de0bf0901b62e02ea2ed4b1b7aa7e804,OSVDB-68797
618921880,Pflegusch/metasploit-module-research,modules/exploits/unix/webapp/oracle_vm_agent_utl.rb,8d1bf5c9de0bf0901b62e02ea2ed4b1b7aa7e804,BID-44047
618921880,Pflegusch/metasploit-module-research,modules/exploits/linux/http/pulse_secure_gzip_rce.rb,8d49cdde316492c15602749ff86ec63065bd4143,CVE-2020-8260
618921880,Pflegusch/metasploit-module-research,modules/exploits/linux/http/cacti_unauthenticated_cmd_injection.rb,8d4a9602d44f0b800811c568992d9fa75c844b5f,CVE-2022-46169
618921880,Pflegusch/metasploit-module-research,modules/exploits/linux/http/cacti_unauthenticated_cmd_injection.rb,8d4a9602d44f0b800811c568992d9fa75c844b5f,GHSA-6P93-P743-35GF
618921880,Pflegusch/metasploit-module-research,modules/exploits/freebsd/tacacs/xtacacsd_report.rb,8df91c80fd985f3ab43b126495a7a5490b228c97,OSVDB-58140
618921880,Pflegusch/metasploit-module-research,modules/exploits/freebsd/tacacs/xtacacsd_report.rb,8df91c80fd985f3ab43b126495a7a5490b228c97,CVE-2008-7232
618921880,Pflegusch/metasploit-module-research,modules/exploits/windows/http/sybase_easerver.rb,8e2546a560a2a9ccfb3d14185eb21d3c39989394,BID-14287
618921880,Pflegusch/metasploit-module-research,modules/exploits/windows/http/sybase_easerver.rb,8e2546a560a2a9ccfb3d14185eb21d3c39989394,OSVDB-17996
618921880,Pflegusch/metasploit-module-research,modules/exploits/windows/http/sybase_easerver.rb,8e2546a560a2a9ccfb3d14185eb21d3c39989394,CVE-2005-2297
618921880,Pflegusch/metasploit-module-research,modules/exploits/windows/http/kentico_staging_syncserver.rb,8e2850eb94b6e535222af52e23b2457589a18422,CVE-2019-10068
618921880,Pflegusch/metasploit-module-research,modules/exploits/windows/browser/apple_quicktime_smil_debug.rb,8e292f4aaf9419e7c0438806a1ebdcc23e772699,CVE-2010-1799
618921880,Pflegusch/metasploit-module-research,modules/exploits/windows/browser/apple_quicktime_smil_debug.rb,8e292f4aaf9419e7c0438806a1ebdcc23e772699,BID-41962
618921880,Pflegusch/metasploit-module-research,modules/exploits/windows/browser/apple_quicktime_smil_debug.rb,8e292f4aaf9419e7c0438806a1ebdcc23e772699,OSVDB-66636
618921880,Pflegusch/metasploit-module-research,modules/auxiliary/dos/ssl/dtls_changecipherspec.rb,8e42a8d98087a152b56e2ed93060f5c9747f0d0e,OSVDB-55073
618921880,Pflegusch/metasploit-module-research,modules/auxiliary/dos/ssl/dtls_changecipherspec.rb,8e42a8d98087a152b56e2ed93060f5c9747f0d0e,CVE-2009-1386
618921880,Pflegusch/metasploit-module-research,modules/exploits/windows/browser/ms12_037_ie_colspan.rb,8e5e99d6ff14b65adcbc407705c46b94fde4ee85,CVE-2012-1876
618921880,Pflegusch/metasploit-module-research,modules/exploits/windows/browser/ms12_037_ie_colspan.rb,8e5e99d6ff14b65adcbc407705c46b94fde4ee85,OSVDB-82866
618921880,Pflegusch/metasploit-module-research,modules/exploits/windows/browser/ms12_037_ie_colspan.rb,8e5e99d6ff14b65adcbc407705c46b94fde4ee85,MS12-037
618921880,Pflegusch/metasploit-module-research,modules/exploits/windows/browser/ms12_037_ie_colspan.rb,8e5e99d6ff14b65adcbc407705c46b94fde4ee85,BID-53848
618921880,Pflegusch/metasploit-module-research,modules/exploits/windows/novell/nmap_stor.rb,8e61a1a8c258e7a46047a661b258390796a3bcdf,OSVDB-31363
618921880,Pflegusch/metasploit-module-research,modules/exploits/windows/novell/nmap_stor.rb,8e61a1a8c258e7a46047a661b258390796a3bcdf,CVE-2006-6424
618921880,Pflegusch/metasploit-module-research,modules/exploits/windows/novell/nmap_stor.rb,8e61a1a8c258e7a46047a661b258390796a3bcdf,BID-21725
618921880,Pflegusch/metasploit-module-research,modules/exploits/multi/http/jboss_seam_upload_exec.rb,8e62a33fc4e3b5fcde28aac1170cd751ea7dbada,CVE-2010-1871
618921880,Pflegusch/metasploit-module-research,modules/exploits/windows/fileformat/adobe_collectemailinfo.rb,8ecc37414f7d5234e8c7058fe10ea79f41e758a9,OSVDB-41495
618921880,Pflegusch/metasploit-module-research,modules/exploits/windows/fileformat/adobe_collectemailinfo.rb,8ecc37414f7d5234e8c7058fe10ea79f41e758a9,CVE-2007-5659
618921880,Pflegusch/metasploit-module-research,modules/exploits/windows/local/cve_2018_8453_win32k_priv_esc.rb,8ed4613b87282265521cf0b99f9f7a7e78051f66,CVE-2018-8453
618921880,Pflegusch/metasploit-module-research,modules/auxiliary/sqli/oracle/dbms_cdc_publish2.rb,8ed71bba83be64ed5fb010be8198140f3ac47a1b,CVE-2010-0870
618921880,Pflegusch/metasploit-module-research,modules/auxiliary/sqli/oracle/dbms_cdc_publish2.rb,8ed71bba83be64ed5fb010be8198140f3ac47a1b,OSVDB-63772
618921880,Pflegusch/metasploit-module-research,modules/exploits/unix/webapp/wp_pixabay_images_upload.rb,8f17f90c450e184933f18d6c20c93c7754c18c2b,OSVDB-117145
618921880,Pflegusch/metasploit-module-research,modules/exploits/unix/webapp/wp_pixabay_images_upload.rb,8f17f90c450e184933f18d6c20c93c7754c18c2b,OSVDB-117146
618921880,Pflegusch/metasploit-module-research,modules/exploits/unix/webapp/wp_pixabay_images_upload.rb,8f17f90c450e184933f18d6c20c93c7754c18c2b,CVE-2015-1376
618921880,Pflegusch/metasploit-module-research,modules/auxiliary/scanner/http/synology_forget_passwd_user_enum.rb,8f2cd41a23632aeecfde65f28c4de31ad4f14475,CVE-2017-9554
618921880,Pflegusch/metasploit-module-research,modules/exploits/linux/http/zimbra_cpio_cve_2022_41352.rb,8f330fa21f9b17690e3f658a9374f9b13742e189,CVE-2015-1197
618921880,Pflegusch/metasploit-module-research,modules/exploits/linux/http/zimbra_cpio_cve_2022_41352.rb,8f330fa21f9b17690e3f658a9374f9b13742e189,CVE-2022-41352
618921880,Pflegusch/metasploit-module-research,modules/auxiliary/dos/samba/lsa_addprivs_heap.rb,8f57a8dd6671ed49f25108789e12b3c32a04709f,CVE-2007-2446
618921880,Pflegusch/metasploit-module-research,modules/auxiliary/dos/samba/lsa_addprivs_heap.rb,8f57a8dd6671ed49f25108789e12b3c32a04709f,OSVDB-34699
618921880,Pflegusch/metasploit-module-research,modules/exploits/windows/fileformat/actfax_import_users_bof.rb,8f6db4f5bf3389bcff825c52669c77c25501a55e,OSVDB-85175
618921880,Pflegusch/metasploit-module-research,modules/auxiliary/scanner/http/limesurvey_zip_traversals.rb,8fa7fe368547ebc03cd3884778329f24a904ed2c,CVE-2019-9960
618921880,Pflegusch/metasploit-module-research,modules/auxiliary/scanner/http/limesurvey_zip_traversals.rb,8fa7fe368547ebc03cd3884778329f24a904ed2c,CVE-2020-11455
618921880,Pflegusch/metasploit-module-research,modules/exploits/apple_ios/browser/webkit_trident.rb,8fb53cfa075a5315ffc8727a613d981854bf4359,CVE-2016-4656
618921880,Pflegusch/metasploit-module-research,modules/exploits/apple_ios/browser/webkit_trident.rb,8fb53cfa075a5315ffc8727a613d981854bf4359,BID-92652
618921880,Pflegusch/metasploit-module-research,modules/exploits/apple_ios/browser/webkit_trident.rb,8fb53cfa075a5315ffc8727a613d981854bf4359,BID-92653
618921880,Pflegusch/metasploit-module-research,modules/exploits/apple_ios/browser/webkit_trident.rb,8fb53cfa075a5315ffc8727a613d981854bf4359,BID-92651
618921880,Pflegusch/metasploit-module-research,modules/exploits/apple_ios/browser/webkit_trident.rb,8fb53cfa075a5315ffc8727a613d981854bf4359,CVE-2016-4655
618921880,Pflegusch/metasploit-module-research,modules/exploits/apple_ios/browser/webkit_trident.rb,8fb53cfa075a5315ffc8727a613d981854bf4359,CVE-2016-4657
618921880,Pflegusch/metasploit-module-research,modules/exploits/multi/php/php_unserialize_zval_cookie.rb,8fb963d145e5b1edcbc22122c5bcf243db3c66ef,OSVDB-32771
618921880,Pflegusch/metasploit-module-research,modules/exploits/multi/php/php_unserialize_zval_cookie.rb,8fb963d145e5b1edcbc22122c5bcf243db3c66ef,CVE-2007-1286
618921880,Pflegusch/metasploit-module-research,modules/exploits/windows/fileformat/adobe_jbig2decode.rb,8fc158db6f9d49f935704510c5cc71e3b1195b5e,OSVDB-52073
618921880,Pflegusch/metasploit-module-research,modules/exploits/multi/http/sysaid_auth_file_upload.rb,8ff2368dd978cd7f65568a8f58805f1fb7c6dfcc,CVE-2015-2994
618921880,Pflegusch/metasploit-module-research,modules/exploits/linux/http/tr064_ntpserver_cmdinject.rb,8ffb9a61fe11f37021c52f75953aba5b7a6869f8,CVE-2016-10372
618921880,Pflegusch/metasploit-module-research,modules/auxiliary/scanner/http/gavazzi_em_login_loot.rb,9015c3f8c1c55c5888b3a7ec79ae9a4c49506084,CVE-2017-5146
618921880,Pflegusch/metasploit-module-research,modules/exploits/windows/http/hp_nnm_ovbuildpath_textfile.rb,9049aaf6fb276ee69c7021a870af782434c8f65f,CVE-2011-3167
618921880,Pflegusch/metasploit-module-research,modules/exploits/windows/http/hp_nnm_ovbuildpath_textfile.rb,9049aaf6fb276ee69c7021a870af782434c8f65f,BID-50471
618921880,Pflegusch/metasploit-module-research,modules/exploits/windows/http/hp_nnm_ovbuildpath_textfile.rb,9049aaf6fb276ee69c7021a870af782434c8f65f,OSVDB-76775
618921880,Pflegusch/metasploit-module-research,modules/auxiliary/scanner/http/wordpress_pingback_access.rb,907880b5c6740d482e7eeec5742b96585ee2ff11,CVE-2013-0235
618921880,Pflegusch/metasploit-module-research,modules/exploits/linux/http/piranha_passwd_exec.rb,908b8d8d2b8488249223153275a500ecd6017de6,BID-1148
618921880,Pflegusch/metasploit-module-research,modules/exploits/linux/http/piranha_passwd_exec.rb,908b8d8d2b8488249223153275a500ecd6017de6,BID-1149
618921880,Pflegusch/metasploit-module-research,modules/exploits/linux/http/piranha_passwd_exec.rb,908b8d8d2b8488249223153275a500ecd6017de6,CVE-2000-0322
618921880,Pflegusch/metasploit-module-research,modules/exploits/linux/http/piranha_passwd_exec.rb,908b8d8d2b8488249223153275a500ecd6017de6,CVE-2000-0248
618921880,Pflegusch/metasploit-module-research,modules/exploits/linux/http/piranha_passwd_exec.rb,908b8d8d2b8488249223153275a500ecd6017de6,OSVDB-1300
618921880,Pflegusch/metasploit-module-research,modules/exploits/linux/http/piranha_passwd_exec.rb,908b8d8d2b8488249223153275a500ecd6017de6,OSVDB-289
618921880,Pflegusch/metasploit-module-research,modules/exploits/multi/http/struts_default_action_mapper.rb,90a0768034364732cd89d12581007826aa2539ec,BID-61189
618921880,Pflegusch/metasploit-module-research,modules/exploits/multi/http/struts_default_action_mapper.rb,90a0768034364732cd89d12581007826aa2539ec,OSVDB-95405
618921880,Pflegusch/metasploit-module-research,modules/exploits/multi/http/struts_default_action_mapper.rb,90a0768034364732cd89d12581007826aa2539ec,CVE-2013-2251
618921880,Pflegusch/metasploit-module-research,modules/exploits/windows/fileformat/erdas_er_viewer_bof.rb,90a4efc30ad2b9c3e9a9610da40f29fd830c3534,BID-59379
618921880,Pflegusch/metasploit-module-research,modules/exploits/windows/fileformat/erdas_er_viewer_bof.rb,90a4efc30ad2b9c3e9a9610da40f29fd830c3534,OSVDB-92694
618921880,Pflegusch/metasploit-module-research,modules/exploits/windows/fileformat/erdas_er_viewer_bof.rb,90a4efc30ad2b9c3e9a9610da40f29fd830c3534,CVE-2013-0726
618921880,Pflegusch/metasploit-module-research,modules/auxiliary/admin/http/linksys_e1500_e2500_exec.rb,90ad05fb2784606005a8d8d91abf5ff223ec9b59,OSVDB-89912
618921880,Pflegusch/metasploit-module-research,modules/auxiliary/admin/http/linksys_e1500_e2500_exec.rb,90ad05fb2784606005a8d8d91abf5ff223ec9b59,BID-57760
618921880,Pflegusch/metasploit-module-research,modules/exploits/linux/ftp/proftp_telnet_iac.rb,90ae4e5475ec33f69929a21273136b12ba31ef89,BID-44562
618921880,Pflegusch/metasploit-module-research,modules/exploits/linux/ftp/proftp_telnet_iac.rb,90ae4e5475ec33f69929a21273136b12ba31ef89,CVE-2010-4221
618921880,Pflegusch/metasploit-module-research,modules/exploits/linux/ftp/proftp_telnet_iac.rb,90ae4e5475ec33f69929a21273136b12ba31ef89,OSVDB-68985
618921880,Pflegusch/metasploit-module-research,modules/auxiliary/admin/http/kaseya_master_admin.rb,90d439d935108d74356b1b9713377642f413c924,CVE-2015-6922
618921880,Pflegusch/metasploit-module-research,modules/auxiliary/admin/motorola/wr850g_cred.rb,911b75ca73645f792a858508e9507be299e35e40,OSVDB-10232
618921880,Pflegusch/metasploit-module-research,modules/auxiliary/admin/motorola/wr850g_cred.rb,911b75ca73645f792a858508e9507be299e35e40,CVE-2004-1550
618921880,Pflegusch/metasploit-module-research,modules/exploits/multi/browser/java_jre17_glassfish_averagerangestatisticimpl.rb,91289aabfd947d5ff2cd6935f896c8fdc640346a,OSVDB-86363
618921880,Pflegusch/metasploit-module-research,modules/exploits/multi/browser/java_jre17_glassfish_averagerangestatisticimpl.rb,91289aabfd947d5ff2cd6935f896c8fdc640346a,BID-56054
618921880,Pflegusch/metasploit-module-research,modules/exploits/multi/browser/java_jre17_glassfish_averagerangestatisticimpl.rb,91289aabfd947d5ff2cd6935f896c8fdc640346a,CVE-2012-5076
618921880,Pflegusch/metasploit-module-research,modules/auxiliary/admin/http/webnms_cred_disclosure.rb,917107e754f28599b1ba250bd4dc91cd92972eab,CVE-2016-6602
618921880,Pflegusch/metasploit-module-research,modules/auxiliary/admin/http/webnms_cred_disclosure.rb,917107e754f28599b1ba250bd4dc91cd92972eab,CVE-2016-6601
618921880,Pflegusch/metasploit-module-research,modules/exploits/unix/webapp/narcissus_backend_exec.rb,91716b6d06ac0134f5429b3cacf87da5554a8fc0,OSVDB-87410
618921880,Pflegusch/metasploit-module-research,modules/exploits/multi/php/wp_duplicator_code_inject.rb,918d7ea629be00186bfb86444f8e19a7af158d61,CVE-2018-17207
618921880,Pflegusch/metasploit-module-research,modules/exploits/windows/browser/adobe_jbig2decode.rb,9191daa985afbe38d24ebb2af350654aa63edac0,OSVDB-52073
618921880,Pflegusch/metasploit-module-research,modules/exploits/unix/webapp/twiki_maketext.rb,91a162b3c2b2e83707fc12ee2b8bcbb44021b48a,BID-56950
618921880,Pflegusch/metasploit-module-research,modules/exploits/unix/webapp/twiki_maketext.rb,91a162b3c2b2e83707fc12ee2b8bcbb44021b48a,OSVDB-88460
618921880,Pflegusch/metasploit-module-research,modules/exploits/unix/webapp/twiki_maketext.rb,91a162b3c2b2e83707fc12ee2b8bcbb44021b48a,CVE-2012-6329
618921880,Pflegusch/metasploit-module-research,modules/exploits/windows/imap/mercury_rename.rb,91aa460e2af6633c595d4234b7efdc6a3c0ec789,OSVDB-12508
618921880,Pflegusch/metasploit-module-research,modules/exploits/windows/imap/mercury_rename.rb,91aa460e2af6633c595d4234b7efdc6a3c0ec789,CVE-2004-1211
618921880,Pflegusch/metasploit-module-research,modules/exploits/windows/imap/mercury_rename.rb,91aa460e2af6633c595d4234b7efdc6a3c0ec789,BID-11775
618921880,Pflegusch/metasploit-module-research,modules/exploits/windows/fileformat/easycdda_pls_bof.rb,91ac6ff8ede9dab2f29343a59ef897e2763a5a05,OSVDB-65256
618921880,Pflegusch/metasploit-module-research,modules/exploits/windows/fileformat/easycdda_pls_bof.rb,91ac6ff8ede9dab2f29343a59ef897e2763a5a05,BID-40631
618921880,Pflegusch/metasploit-module-research,modules/exploits/windows/fileformat/easycdda_pls_bof.rb,91ac6ff8ede9dab2f29343a59ef897e2763a5a05,CVE-2010-2343
618921880,Pflegusch/metasploit-module-research,modules/exploits/linux/http/rconfig_ajaxarchivefiles_rce.rb,91b0bd0d4950e95a565a33dd57144bd2914e3649,CVE-2020-10220
618921880,Pflegusch/metasploit-module-research,modules/exploits/linux/http/rconfig_ajaxarchivefiles_rce.rb,91b0bd0d4950e95a565a33dd57144bd2914e3649,CVE-2019-19585
618921880,Pflegusch/metasploit-module-research,modules/exploits/linux/http/rconfig_ajaxarchivefiles_rce.rb,91b0bd0d4950e95a565a33dd57144bd2914e3649,CVE-2019-19509
618921880,Pflegusch/metasploit-module-research,modules/auxiliary/scanner/x11/open_x11.rb,91f6ab21c82027c51fd1f5c90da76103917d75c3,CVE-1999-0526
618921880,Pflegusch/metasploit-module-research,modules/auxiliary/scanner/x11/open_x11.rb,91f6ab21c82027c51fd1f5c90da76103917d75c3,OSVDB-309
618921880,Pflegusch/metasploit-module-research,modules/exploits/multi/http/sit_file_upload.rb,9204800bf36b10259a0c5999ed1c877616f507b3,OSVDB-76999
618921880,Pflegusch/metasploit-module-research,modules/exploits/multi/http/sit_file_upload.rb,9204800bf36b10259a0c5999ed1c877616f507b3,CVE-2011-3829
618921880,Pflegusch/metasploit-module-research,modules/exploits/multi/http/sit_file_upload.rb,9204800bf36b10259a0c5999ed1c877616f507b3,OSVDB-77003
618921880,Pflegusch/metasploit-module-research,modules/exploits/multi/http/sit_file_upload.rb,9204800bf36b10259a0c5999ed1c877616f507b3,CVE-2011-3833
618921880,Pflegusch/metasploit-module-research,modules/exploits/multi/browser/java_verifier_field_access.rb,92137d3e86b5015e1e92554cd4b94c065ee85756,CVE-2012-1723
618921880,Pflegusch/metasploit-module-research,modules/exploits/multi/browser/java_verifier_field_access.rb,92137d3e86b5015e1e92554cd4b94c065ee85756,BID-52161
618921880,Pflegusch/metasploit-module-research,modules/exploits/multi/browser/java_verifier_field_access.rb,92137d3e86b5015e1e92554cd4b94c065ee85756,OSVDB-82877
618921880,Pflegusch/metasploit-module-research,modules/auxiliary/dos/http/apache_mod_isapi.rb,9248898714a80462bb7861d9a9b914a28810c5fc,OSVDB-62674
618921880,Pflegusch/metasploit-module-research,modules/auxiliary/dos/http/apache_mod_isapi.rb,9248898714a80462bb7861d9a9b914a28810c5fc,BID-38494
618921880,Pflegusch/metasploit-module-research,modules/auxiliary/dos/http/apache_mod_isapi.rb,9248898714a80462bb7861d9a9b914a28810c5fc,CVE-2010-0425
618921880,Pflegusch/metasploit-module-research,modules/exploits/windows/ftp/xftp_client_pwd.rb,928bd55b6dc7201ce05208a5b1b17183da4fa4c4,OSVDB-63968
618921880,Pflegusch/metasploit-module-research,modules/exploits/windows/browser/foxit_reader_plugin_url_bof.rb,929c4c677ea5eef0e82907827523e4eb90a0d7a2,OSVDB-89030
618921880,Pflegusch/metasploit-module-research,modules/exploits/windows/browser/foxit_reader_plugin_url_bof.rb,929c4c677ea5eef0e82907827523e4eb90a0d7a2,BID-57174
618921880,Pflegusch/metasploit-module-research,modules/exploits/multi/http/log1cms_ajax_create_folder.rb,92b663730ff38a30475622c0703ebd9b3f7bb5c7,OSVDB-76928
618921880,Pflegusch/metasploit-module-research,modules/exploits/multi/http/log1cms_ajax_create_folder.rb,92b663730ff38a30475622c0703ebd9b3f7bb5c7,CVE-2011-4825
618921880,Pflegusch/metasploit-module-research,modules/auxiliary/admin/http/manage_engine_dc_create_admin.rb,92efbbf562802ee14eb17f9421e74797b7802217,CVE-2014-7862
618921880,Pflegusch/metasploit-module-research,modules/auxiliary/admin/http/manage_engine_dc_create_admin.rb,92efbbf562802ee14eb17f9421e74797b7802217,OSVDB-116554
618921880,Pflegusch/metasploit-module-research,modules/exploits/linux/http/smt_ipmi_close_window_bof.rb,92f988bd581b9153e1c53805a2b7812b0798e527,CVE-2013-3623
618921880,Pflegusch/metasploit-module-research,modules/exploits/windows/tftp/netdecision_tftp_traversal.rb,92ff0b32d29610daa420705b15665a207e4e5709,OSVDB-54607
618921880,Pflegusch/metasploit-module-research,modules/exploits/windows/tftp/netdecision_tftp_traversal.rb,92ff0b32d29610daa420705b15665a207e4e5709,CVE-2009-1730
618921880,Pflegusch/metasploit-module-research,modules/exploits/windows/tftp/netdecision_tftp_traversal.rb,92ff0b32d29610daa420705b15665a207e4e5709,BID-35002
618921880,Pflegusch/metasploit-module-research,modules/exploits/linux/http/glpi_htmlawed_php_injection.rb,931b9f617aea088f14e67d65ebaaa406476e760e,CVE-2022-35914
618921880,Pflegusch/metasploit-module-research,modules/exploits/windows/browser/hp_loadrunner_addfolder.rb,931e2f066741e479f49450777629d9731f47b060,CVE-2007-6530
618921880,Pflegusch/metasploit-module-research,modules/exploits/windows/browser/hp_loadrunner_addfolder.rb,931e2f066741e479f49450777629d9731f47b060,BID-27025
618921880,Pflegusch/metasploit-module-research,modules/exploits/windows/browser/hp_loadrunner_addfolder.rb,931e2f066741e479f49450777629d9731f47b060,OSVDB-39901
618921880,Pflegusch/metasploit-module-research,modules/exploits/windows/http/servu_session_cookie.rb,93305391bc3f6eb2be0be5d1284ac1e1aaca1b75,OSVDB-59772
618921880,Pflegusch/metasploit-module-research,modules/exploits/windows/http/servu_session_cookie.rb,93305391bc3f6eb2be0be5d1284ac1e1aaca1b75,CVE-2009-4006
618921880,Pflegusch/metasploit-module-research,modules/exploits/windows/vnc/ultravnc_viewer_bof.rb,93378974cca773ca67b48c0f901986b6a05ce953,CVE-2008-0610
618921880,Pflegusch/metasploit-module-research,modules/exploits/windows/vnc/ultravnc_viewer_bof.rb,93378974cca773ca67b48c0f901986b6a05ce953,OSVDB-42840
618921880,Pflegusch/metasploit-module-research,modules/exploits/windows/vnc/ultravnc_viewer_bof.rb,93378974cca773ca67b48c0f901986b6a05ce953,BID-27561
618921880,Pflegusch/metasploit-module-research,modules/auxiliary/scanner/http/rails_xml_yaml_scanner.rb,934a11c4905bbe38040453fa276310d094034246,CVE-2013-0156
618921880,Pflegusch/metasploit-module-research,modules/exploits/multi/http/horde_csv_rce.rb,9352313134bc57a847fec765d1d164abc9c4cf4e,CVE-2020-8518
618921880,Pflegusch/metasploit-module-research,modules/exploits/windows/browser/notes_handler_cmdinject.rb,937ad6bbb6cee2e62e36bfd33c4c78ff1a74cdfa,BID-54070
618921880,Pflegusch/metasploit-module-research,modules/exploits/windows/browser/notes_handler_cmdinject.rb,937ad6bbb6cee2e62e36bfd33c4c78ff1a74cdfa,OSVDB-83063
618921880,Pflegusch/metasploit-module-research,modules/exploits/windows/browser/notes_handler_cmdinject.rb,937ad6bbb6cee2e62e36bfd33c4c78ff1a74cdfa,CVE-2012-2174
618921880,Pflegusch/metasploit-module-research,modules/auxiliary/admin/http/pfadmin_set_protected_alias.rb,93aafb793085246c8b19258a4b5a1906b3e2a909,CVE-2017-5930
618921880,Pflegusch/metasploit-module-research,modules/auxiliary/admin/http/pfadmin_set_protected_alias.rb,93aafb793085246c8b19258a4b5a1906b3e2a909,BID-96142
618921880,Pflegusch/metasploit-module-research,modules/exploits/unix/webapp/squirrelmail_pgp_plugin.rb,93ba1a22827ee030beacc9661d52a5c84f7a1f7f,OSVDB-3178
618921880,Pflegusch/metasploit-module-research,modules/exploits/unix/webapp/squirrelmail_pgp_plugin.rb,93ba1a22827ee030beacc9661d52a5c84f7a1f7f,CVE-2003-0990
618921880,Pflegusch/metasploit-module-research,modules/exploits/windows/brightstor/message_engine_heap.rb,93c0eb50e0f8a588766b5d7861ab35fd149c7652,BID-20365
618921880,Pflegusch/metasploit-module-research,modules/exploits/windows/brightstor/message_engine_heap.rb,93c0eb50e0f8a588766b5d7861ab35fd149c7652,CVE-2006-5143
618921880,Pflegusch/metasploit-module-research,modules/exploits/windows/brightstor/message_engine_heap.rb,93c0eb50e0f8a588766b5d7861ab35fd149c7652,OSVDB-29533
618921880,Pflegusch/metasploit-module-research,modules/exploits/windows/mssql/ms09_004_sp_replwritetovarbin_sqli.rb,93decae82b0dd0e2ed5d23c8d1a531768d3c759b,BID-32710
618921880,Pflegusch/metasploit-module-research,modules/exploits/windows/mssql/ms09_004_sp_replwritetovarbin_sqli.rb,93decae82b0dd0e2ed5d23c8d1a531768d3c759b,MS09-004
618921880,Pflegusch/metasploit-module-research,modules/exploits/windows/mssql/ms09_004_sp_replwritetovarbin_sqli.rb,93decae82b0dd0e2ed5d23c8d1a531768d3c759b,OSVDB-50589
618921880,Pflegusch/metasploit-module-research,modules/exploits/windows/mssql/ms09_004_sp_replwritetovarbin_sqli.rb,93decae82b0dd0e2ed5d23c8d1a531768d3c759b,CVE-2008-5416
618921880,Pflegusch/metasploit-module-research,modules/exploits/windows/imap/mdaemon_fetch.rb,93e9b3f65aad0952c027acd4b305144fafa2aeb4,BID-28245
618921880,Pflegusch/metasploit-module-research,modules/exploits/windows/imap/mdaemon_fetch.rb,93e9b3f65aad0952c027acd4b305144fafa2aeb4,OSVDB-43111
618921880,Pflegusch/metasploit-module-research,modules/exploits/windows/imap/mdaemon_fetch.rb,93e9b3f65aad0952c027acd4b305144fafa2aeb4,CVE-2008-1358
618921880,Pflegusch/metasploit-module-research,modules/exploits/windows/fileformat/adobe_flashplayer_button.rb,93f224bf870cdbbf3d55953197db603a63cafd30,OSVDB-68932
618921880,Pflegusch/metasploit-module-research,modules/exploits/windows/fileformat/adobe_flashplayer_button.rb,93f224bf870cdbbf3d55953197db603a63cafd30,CVE-2010-3654
618921880,Pflegusch/metasploit-module-research,modules/exploits/windows/fileformat/adobe_flashplayer_button.rb,93f224bf870cdbbf3d55953197db603a63cafd30,BID-44504
618921880,Pflegusch/metasploit-module-research,modules/auxiliary/dos/tcp/junos_tcp_opt.rb,943dcb0a2ea1ef6265c75ea823f18f1b64e55b15,BID-37670
618921880,Pflegusch/metasploit-module-research,modules/auxiliary/dos/tcp/junos_tcp_opt.rb,943dcb0a2ea1ef6265c75ea823f18f1b64e55b15,OSVDB-61538
618921880,Pflegusch/metasploit-module-research,modules/exploits/windows/browser/nis2004_get.rb,94444087fddcb39e33230d8a57d7dce758ad07b6,OSVDB-36164
618921880,Pflegusch/metasploit-module-research,modules/exploits/windows/browser/nis2004_get.rb,94444087fddcb39e33230d8a57d7dce758ad07b6,CVE-2007-1689
618921880,Pflegusch/metasploit-module-research,modules/exploits/windows/brightstor/message_engine_72.rb,944a272453d72965910b2a34c574f9e8ae72bc3e,OSVDB-68329
618921880,Pflegusch/metasploit-module-research,modules/exploits/windows/http/exchange_proxylogon_rce.rb,94858f0a266e9a8d67685a1c53d74efeb3a26e7a,CVE-2021-27065
618921880,Pflegusch/metasploit-module-research,modules/exploits/windows/http/exchange_proxylogon_rce.rb,94858f0a266e9a8d67685a1c53d74efeb3a26e7a,CVE-2021-26855
618921880,Pflegusch/metasploit-module-research,modules/exploits/linux/http/efw_chpasswd_exec.rb,949a77bffd81c9f740ab96b7c9e64030d1b7b066,CVE-2015-5082
618921880,Pflegusch/metasploit-module-research,modules/exploits/multi/http/jboss_bshdeployer.rb,94a17036285667f4d48fd7394b61bc22983cff4f,OSVDB-64171
618921880,Pflegusch/metasploit-module-research,modules/exploits/multi/http/jboss_bshdeployer.rb,94a17036285667f4d48fd7394b61bc22983cff4f,CVE-2010-0738
618921880,Pflegusch/metasploit-module-research,modules/exploits/unix/http/epmp1000_get_chart_cmd_shell.rb,94b04729006700a1ca1f7c7f1dd0f131745cc60c,CVE-2017-5255
618921880,Pflegusch/metasploit-module-research,modules/exploits/windows/backupexec/name_service.rb,94bbcc5b4a8ccbbc06eb9883810663cab2d0b8de,OSVDB-12418
618921880,Pflegusch/metasploit-module-research,modules/exploits/windows/backupexec/name_service.rb,94bbcc5b4a8ccbbc06eb9883810663cab2d0b8de,CVE-2004-1172
618921880,Pflegusch/metasploit-module-research,modules/exploits/windows/backupexec/name_service.rb,94bbcc5b4a8ccbbc06eb9883810663cab2d0b8de,BID-11974
618921880,Pflegusch/metasploit-module-research,modules/exploits/windows/misc/talkative_response.rb,94bd2820309d1fd29b7fd56f00e28fdf9195fe69,BID-34141
618921880,Pflegusch/metasploit-module-research,modules/exploits/windows/misc/talkative_response.rb,94bd2820309d1fd29b7fd56f00e28fdf9195fe69,OSVDB-64582
618921880,Pflegusch/metasploit-module-research,modules/exploits/windows/browser/ultraoffice_httpupload.rb,94c0d33c9b4835546545799af8b5ba9c4d321d90,OSVDB-47866
618921880,Pflegusch/metasploit-module-research,modules/exploits/windows/browser/ultraoffice_httpupload.rb,94c0d33c9b4835546545799af8b5ba9c4d321d90,BID-30861
618921880,Pflegusch/metasploit-module-research,modules/exploits/windows/browser/ultraoffice_httpupload.rb,94c0d33c9b4835546545799af8b5ba9c4d321d90,CVE-2008-3878
618921880,Pflegusch/metasploit-module-research,modules/auxiliary/scanner/http/axis_local_file_include.rb,94e52659205f9e58c8278e2467042b5d93852bdd,OSVDB-59001
618921880,Pflegusch/metasploit-module-research,modules/exploits/windows/smb/cve_2020_0796_smbghost.rb,950d691e7022321fedadcc7a1f63b15fbaeda8c5,CVE-2020-0796
618921880,Pflegusch/metasploit-module-research,modules/exploits/unix/webapp/wp_optimizepress_upload.rb,9522b72781e19c4bd3c9027bf0c573fbe3e24184,CVE-2013-7102
618921880,Pflegusch/metasploit-module-research,modules/exploits/windows/vnc/ultravnc_client.rb,95253e8909b12c9dff4ebed3dcd3bb73e0a5f634,BID-17378
618921880,Pflegusch/metasploit-module-research,modules/exploits/windows/vnc/ultravnc_client.rb,95253e8909b12c9dff4ebed3dcd3bb73e0a5f634,OSVDB-24456
618921880,Pflegusch/metasploit-module-research,modules/exploits/windows/vnc/ultravnc_client.rb,95253e8909b12c9dff4ebed3dcd3bb73e0a5f634,CVE-2006-1652
618921880,Pflegusch/metasploit-module-research,modules/exploits/linux/ssh/exagrid_known_privkey.rb,95504b4ccb816a2935c2be06e9e6ca7ed3c233f2,CVE-2016-1560
618921880,Pflegusch/metasploit-module-research,modules/exploits/linux/ssh/exagrid_known_privkey.rb,95504b4ccb816a2935c2be06e9e6ca7ed3c233f2,CVE-2016-1561
618921880,Pflegusch/metasploit-module-research,modules/exploits/multi/misc/java_jdwp_debugger.rb,957713bb69d42591d65f66d05e001cffc719869c,OSVDB-96066
618921880,Pflegusch/metasploit-module-research,modules/exploits/windows/fileformat/adobe_pdf_embedded_exe_nojs.rb,95771badb7d1248822d9497d307e3704cdf77ab6,OSVDB-63667
618921880,Pflegusch/metasploit-module-research,modules/exploits/windows/fileformat/adobe_pdf_embedded_exe_nojs.rb,95771badb7d1248822d9497d307e3704cdf77ab6,CVE-2010-1240
618921880,Pflegusch/metasploit-module-research,modules/exploits/multi/browser/java_atomicreferencearray.rb,958d65ce50a4f1f9d0d884750b206a124240849a,CVE-2012-0507
618921880,Pflegusch/metasploit-module-research,modules/exploits/multi/browser/java_atomicreferencearray.rb,958d65ce50a4f1f9d0d884750b206a124240849a,OSVDB-80724
618921880,Pflegusch/metasploit-module-research,modules/exploits/multi/browser/java_atomicreferencearray.rb,958d65ce50a4f1f9d0d884750b206a124240849a,BID-52161
618921880,Pflegusch/metasploit-module-research,modules/auxiliary/scanner/http/gitlab_graphql_user_enum.rb,95b2fa52313e40dca4dafeb242893e749b894b15,CVE-2021-4191
618921880,Pflegusch/metasploit-module-research,modules/exploits/windows/browser/ms13_090_cardspacesigninhelper.rb,95bf0c6677ef29abab2cc15be759338b85e7aa8c,BID-63631
618921880,Pflegusch/metasploit-module-research,modules/exploits/windows/browser/ms13_090_cardspacesigninhelper.rb,95bf0c6677ef29abab2cc15be759338b85e7aa8c,CVE-2013-3918
618921880,Pflegusch/metasploit-module-research,modules/exploits/windows/browser/ms13_090_cardspacesigninhelper.rb,95bf0c6677ef29abab2cc15be759338b85e7aa8c,MS13-090
618921880,Pflegusch/metasploit-module-research,modules/exploits/windows/browser/ms13_090_cardspacesigninhelper.rb,95bf0c6677ef29abab2cc15be759338b85e7aa8c,OSVDB-99555
618921880,Pflegusch/metasploit-module-research,modules/exploits/windows/ftp/oracle9i_xdb_ftp_pass.rb,9600e516605dd14889c5532104a8f83ec35b8cc6,BID-8375
618921880,Pflegusch/metasploit-module-research,modules/exploits/windows/ftp/oracle9i_xdb_ftp_pass.rb,9600e516605dd14889c5532104a8f83ec35b8cc6,CVE-2003-0727
618921880,Pflegusch/metasploit-module-research,modules/exploits/windows/ftp/oracle9i_xdb_ftp_pass.rb,9600e516605dd14889c5532104a8f83ec35b8cc6,OSVDB-2449
618921880,Pflegusch/metasploit-module-research,modules/exploits/unix/http/pfsense_diag_routes_webshell.rb,96266942ef0323c9525ca97af21f5526867947f5,CVE-2021-41282
618921880,Pflegusch/metasploit-module-research,modules/exploits/linux/http/advantech_switch_bash_env_exec.rb,963d2385be7903672e377134c67be53175ce7a62,CVE-2014-6271
618921880,Pflegusch/metasploit-module-research,modules/exploits/linux/http/advantech_switch_bash_env_exec.rb,963d2385be7903672e377134c67be53175ce7a62,OSVDB-112004
618921880,Pflegusch/metasploit-module-research,modules/exploits/windows/ftp/freeftpd_pass.rb,9652e9cb56331c3c60eef46b2239bad4dcf9f7ed,BID-61905
618921880,Pflegusch/metasploit-module-research,modules/exploits/windows/ftp/freeftpd_pass.rb,9652e9cb56331c3c60eef46b2239bad4dcf9f7ed,OSVDB-96517
618921880,Pflegusch/metasploit-module-research,modules/exploits/windows/misc/citrix_streamprocess_get_objects.rb,9660e10600d74745f650f5a18691dccdcbc3b17a,OSVDB-75780
618921880,Pflegusch/metasploit-module-research,modules/exploits/windows/misc/citrix_streamprocess_get_objects.rb,9660e10600d74745f650f5a18691dccdcbc3b17a,BID-49803
618921880,Pflegusch/metasploit-module-research,modules/exploits/windows/browser/ms10_090_ie_css_clip.rb,969432a2d0e69d81a74fb3f48a6d0d72dcb8bef6,OSVDB-68987
618921880,Pflegusch/metasploit-module-research,modules/exploits/windows/browser/ms10_090_ie_css_clip.rb,969432a2d0e69d81a74fb3f48a6d0d72dcb8bef6,CVE-2010-3962
618921880,Pflegusch/metasploit-module-research,modules/exploits/windows/browser/ms10_090_ie_css_clip.rb,969432a2d0e69d81a74fb3f48a6d0d72dcb8bef6,MS10-090
618921880,Pflegusch/metasploit-module-research,modules/exploits/windows/browser/ms10_090_ie_css_clip.rb,969432a2d0e69d81a74fb3f48a6d0d72dcb8bef6,BID-44536
618921880,Pflegusch/metasploit-module-research,modules/auxiliary/dos/windows/ftp/filezilla_server_port.rb,96e3694f9b3835dedf151b7fd413182b913d2dcf,OSVDB-34435
618921880,Pflegusch/metasploit-module-research,modules/auxiliary/dos/windows/ftp/filezilla_server_port.rb,96e3694f9b3835dedf151b7fd413182b913d2dcf,BID-21542
618921880,Pflegusch/metasploit-module-research,modules/auxiliary/dos/windows/ftp/filezilla_server_port.rb,96e3694f9b3835dedf151b7fd413182b913d2dcf,CVE-2006-6565
618921880,Pflegusch/metasploit-module-research,modules/auxiliary/dos/windows/ftp/filezilla_server_port.rb,96e3694f9b3835dedf151b7fd413182b913d2dcf,BID-21549
618921880,Pflegusch/metasploit-module-research,modules/exploits/windows/fileformat/mini_stream_pls_bof.rb,96ed3527f501f4cf609fd774d4c7b1cf7055bf87,BID-34514
618921880,Pflegusch/metasploit-module-research,modules/exploits/windows/fileformat/mini_stream_pls_bof.rb,96ed3527f501f4cf609fd774d4c7b1cf7055bf87,OSVDB-78078
618921880,Pflegusch/metasploit-module-research,modules/exploits/windows/fileformat/mini_stream_pls_bof.rb,96ed3527f501f4cf609fd774d4c7b1cf7055bf87,CVE-2010-5081
618921880,Pflegusch/metasploit-module-research,modules/exploits/windows/browser/barcode_ax49.rb,96fd42a34dcb935a73ab9f5c625ae6fa05e17792,BID-24596
618921880,Pflegusch/metasploit-module-research,modules/exploits/windows/browser/barcode_ax49.rb,96fd42a34dcb935a73ab9f5c625ae6fa05e17792,CVE-2007-3435
618921880,Pflegusch/metasploit-module-research,modules/exploits/windows/browser/barcode_ax49.rb,96fd42a34dcb935a73ab9f5c625ae6fa05e17792,OSVDB-37482
618921880,Pflegusch/metasploit-module-research,modules/exploits/multi/http/v0pcr3w_exec.rb,970644f3a25503075f5c0eadf62b25e72aac08c3,OSVDB-91841
618921880,Pflegusch/metasploit-module-research,modules/exploits/multi/misc/weblogic_deserialize_badattr_extcomp.rb,9708ab01655aebf8b931f5ba184c138f7f7963b2,CVE-2020-2883
618921880,Pflegusch/metasploit-module-research,modules/exploits/multi/http/liferay_java_unmarshalling.rb,971b54488d2e47bcafc5431a75c82a48147f4a63,CVE-2020-7961
618921880,Pflegusch/metasploit-module-research,modules/exploits/unix/webapp/flashchat_upload_exec.rb,97443fd9ce6256c434528f5736ab02beb34abe23,OSVDB-98233
618921880,Pflegusch/metasploit-module-research,modules/exploits/windows/http/cyclope_ess_sqli.rb,975f8d7380b8a0c149c165d60f89c072d37901b3,OSVDB-84517
618921880,Pflegusch/metasploit-module-research,modules/auxiliary/admin/smb/ms17_010_command.rb,9765a5425c52dff7fb38e4504b1dbb45450062ab,CVE-2017-0146
618921880,Pflegusch/metasploit-module-research,modules/auxiliary/admin/smb/ms17_010_command.rb,9765a5425c52dff7fb38e4504b1dbb45450062ab,CVE-2017-0143
618921880,Pflegusch/metasploit-module-research,modules/auxiliary/admin/smb/ms17_010_command.rb,9765a5425c52dff7fb38e4504b1dbb45450062ab,CVE-2017-0147
618921880,Pflegusch/metasploit-module-research,modules/auxiliary/admin/smb/ms17_010_command.rb,9765a5425c52dff7fb38e4504b1dbb45450062ab,MS17-010
618921880,Pflegusch/metasploit-module-research,modules/exploits/unix/webapp/trixbox_langchoice.rb,976b0a82102ff30aca6538ee3cbb2c8a77d239ad,BID-30135
618921880,Pflegusch/metasploit-module-research,modules/exploits/unix/webapp/trixbox_langchoice.rb,976b0a82102ff30aca6538ee3cbb2c8a77d239ad,CVE-2008-6825
618921880,Pflegusch/metasploit-module-research,modules/exploits/unix/webapp/trixbox_langchoice.rb,976b0a82102ff30aca6538ee3cbb2c8a77d239ad,OSVDB-50421
618921880,Pflegusch/metasploit-module-research,modules/exploits/multi/http/maracms_upload_exec.rb,97939b4e822d246246448f1363786b19ebaa2bd7,CVE-2020-25042
618921880,Pflegusch/metasploit-module-research,modules/exploits/linux/local/vmware_alsa_config.rb,97ab96a29af1ac1049833c0b28bf20890792331b,BID-98566
618921880,Pflegusch/metasploit-module-research,modules/exploits/linux/local/vmware_alsa_config.rb,97ab96a29af1ac1049833c0b28bf20890792331b,CVE-2017-4915
618921880,Pflegusch/metasploit-module-research,modules/exploits/linux/local/vmware_alsa_config.rb,97ab96a29af1ac1049833c0b28bf20890792331b,GPZ-1142
618921880,Pflegusch/metasploit-module-research,modules/exploits/windows/fileformat/hhw_hhp_indexfile_bof.rb,97c57ce5ac19240a23771211f94df80fd33df502,OSVDB-22941
618921880,Pflegusch/metasploit-module-research,modules/exploits/windows/fileformat/hhw_hhp_indexfile_bof.rb,97c57ce5ac19240a23771211f94df80fd33df502,BID-33189
618921880,Pflegusch/metasploit-module-research,modules/exploits/windows/fileformat/hhw_hhp_indexfile_bof.rb,97c57ce5ac19240a23771211f94df80fd33df502,CVE-2009-0133
618921880,Pflegusch/metasploit-module-research,modules/exploits/windows/browser/yahoomessenger_fvcom.rb,97debdfee75fe2a0573716938f8d709e28fb7554,BID-25494
618921880,Pflegusch/metasploit-module-research,modules/exploits/windows/browser/yahoomessenger_fvcom.rb,97debdfee75fe2a0573716938f8d709e28fb7554,OSVDB-37739
618921880,Pflegusch/metasploit-module-research,modules/exploits/windows/browser/yahoomessenger_fvcom.rb,97debdfee75fe2a0573716938f8d709e28fb7554,CVE-2007-4515
618921880,Pflegusch/metasploit-module-research,modules/exploits/windows/http/adobe_robohelper_authbypass.rb,980f8ee38a7793832f64381471edc5082ff9050d,OSVDB-57896
618921880,Pflegusch/metasploit-module-research,modules/exploits/windows/http/adobe_robohelper_authbypass.rb,980f8ee38a7793832f64381471edc5082ff9050d,CVE-2009-3068
618921880,Pflegusch/metasploit-module-research,modules/exploits/multi/http/phpmailer_arg_injection.rb,9824cc6574a64d5ff69cb3c51307104f6b27930a,CVE-2016-10033
618921880,Pflegusch/metasploit-module-research,modules/exploits/multi/http/phpmailer_arg_injection.rb,9824cc6574a64d5ff69cb3c51307104f6b27930a,CVE-2016-10045
618921880,Pflegusch/metasploit-module-research,modules/exploits/windows/http/apache_modjk_overflow.rb,983c807f770d187fc27244d00d8142fc3477406f,OSVDB-33855
618921880,Pflegusch/metasploit-module-research,modules/exploits/windows/http/apache_modjk_overflow.rb,983c807f770d187fc27244d00d8142fc3477406f,BID-22791
618921880,Pflegusch/metasploit-module-research,modules/exploits/windows/http/apache_modjk_overflow.rb,983c807f770d187fc27244d00d8142fc3477406f,CVE-2007-0774
618921880,Pflegusch/metasploit-module-research,modules/exploits/windows/fileformat/ms14_060_sandworm.rb,98424045d21bbe287ae7f7ae4cc1d57e0cfda9cf,BID-70419
618921880,Pflegusch/metasploit-module-research,modules/exploits/windows/fileformat/ms14_060_sandworm.rb,98424045d21bbe287ae7f7ae4cc1d57e0cfda9cf,OSVDB-113140
618921880,Pflegusch/metasploit-module-research,modules/exploits/windows/fileformat/ms14_060_sandworm.rb,98424045d21bbe287ae7f7ae4cc1d57e0cfda9cf,CVE-2014-4114
618921880,Pflegusch/metasploit-module-research,modules/exploits/windows/fileformat/ms14_060_sandworm.rb,98424045d21bbe287ae7f7ae4cc1d57e0cfda9cf,MS14-060
618921880,Pflegusch/metasploit-module-research,modules/exploits/multi/misc/claymore_dual_miner_remote_manager_rce.rb,9842c443188990b039b3e143531c6e04b2322cc7,CVE-2018-1000049
618921880,Pflegusch/metasploit-module-research,modules/exploits/multi/http/atlassian_confluence_namespace_ognl_injection.rb,9866871a9eb3f91b2bfc38b18f5bcd980b3f3b61,CVE-2022-26134
618921880,Pflegusch/metasploit-module-research,modules/auxiliary/admin/vxworks/dlink_i2eye_autoanswer.rb,9875cb11f265607218977f3be67f0cfefe27b43b,OSVDB-66842
618921880,Pflegusch/metasploit-module-research,modules/auxiliary/scanner/http/dir_webdav_unicode_bypass.rb,987a3f32bf6200fca7745801e03915a0c027d3f6,CVE-2009-1535
618921880,Pflegusch/metasploit-module-research,modules/auxiliary/scanner/http/dir_webdav_unicode_bypass.rb,987a3f32bf6200fca7745801e03915a0c027d3f6,BID-34993
618921880,Pflegusch/metasploit-module-research,modules/auxiliary/scanner/http/dir_webdav_unicode_bypass.rb,987a3f32bf6200fca7745801e03915a0c027d3f6,OSVDB-54555
618921880,Pflegusch/metasploit-module-research,modules/auxiliary/scanner/http/dir_webdav_unicode_bypass.rb,987a3f32bf6200fca7745801e03915a0c027d3f6,MS09-020
618921880,Pflegusch/metasploit-module-research,modules/auxiliary/scanner/http/dir_webdav_unicode_bypass.rb,987a3f32bf6200fca7745801e03915a0c027d3f6,CVE-2009-1122
618921880,Pflegusch/metasploit-module-research,modules/exploits/windows/misc/apple_quicktime_rtsp_response.rb,989835f904cf346cf32b4e7816f515c517bc59c5,CVE-2007-6166
618921880,Pflegusch/metasploit-module-research,modules/exploits/windows/misc/apple_quicktime_rtsp_response.rb,989835f904cf346cf32b4e7816f515c517bc59c5,OSVDB-40876
618921880,Pflegusch/metasploit-module-research,modules/exploits/windows/misc/apple_quicktime_rtsp_response.rb,989835f904cf346cf32b4e7816f515c517bc59c5,BID-26549
618921880,Pflegusch/metasploit-module-research,modules/exploits/windows/lpd/saplpd.rb,989c169fdbee41670b9f5d58e4c5d9f7017987b8,OSVDB-41127
618921880,Pflegusch/metasploit-module-research,modules/exploits/windows/lpd/saplpd.rb,989c169fdbee41670b9f5d58e4c5d9f7017987b8,BID-27613
618921880,Pflegusch/metasploit-module-research,modules/exploits/windows/lpd/saplpd.rb,989c169fdbee41670b9f5d58e4c5d9f7017987b8,CVE-2008-0621
618921880,Pflegusch/metasploit-module-research,modules/auxiliary/admin/http/gitstack_rest.rb,98cb6c58b5df1975772898fec884ef6426fa0b04,CVE-2018-5955
618921880,Pflegusch/metasploit-module-research,modules/exploits/windows/browser/mozilla_mchannel.rb,98cf6b6a3b192831285b09ebb447724a40dd26dc,CVE-2011-0065
618921880,Pflegusch/metasploit-module-research,modules/exploits/windows/browser/mozilla_mchannel.rb,98cf6b6a3b192831285b09ebb447724a40dd26dc,OSVDB-72085
618921880,Pflegusch/metasploit-module-research,modules/exploits/windows/mssql/ms02_056_hello.rb,98e62415c8b917828bef0e0a199de21266b442f4,BID-5411
618921880,Pflegusch/metasploit-module-research,modules/exploits/windows/mssql/ms02_056_hello.rb,98e62415c8b917828bef0e0a199de21266b442f4,OSVDB-10132
618921880,Pflegusch/metasploit-module-research,modules/exploits/windows/mssql/ms02_056_hello.rb,98e62415c8b917828bef0e0a199de21266b442f4,CVE-2002-1123
618921880,Pflegusch/metasploit-module-research,modules/exploits/windows/mssql/ms02_056_hello.rb,98e62415c8b917828bef0e0a199de21266b442f4,MS02-056
618921880,Pflegusch/metasploit-module-research,modules/exploits/freebsd/samba/trans2open.rb,98eaca1a3fc77a5a607416006d77d6c645ab2d28,OSVDB-4469
618921880,Pflegusch/metasploit-module-research,modules/exploits/freebsd/samba/trans2open.rb,98eaca1a3fc77a5a607416006d77d6c645ab2d28,CVE-2003-0201
618921880,Pflegusch/metasploit-module-research,modules/exploits/freebsd/samba/trans2open.rb,98eaca1a3fc77a5a607416006d77d6c645ab2d28,BID-7294
618921880,Pflegusch/metasploit-module-research,modules/auxiliary/admin/serverprotect/file.rb,9938f4986506eacf73ef2beaf9b32f9215d0b3fe,CVE-2007-6507
618921880,Pflegusch/metasploit-module-research,modules/auxiliary/admin/serverprotect/file.rb,9938f4986506eacf73ef2beaf9b32f9215d0b3fe,OSVDB-44318
618921880,Pflegusch/metasploit-module-research,modules/exploits/multi/http/opmanager_sumpdu_deserialization.rb,99c64bf7e755844f3667ea6d26c3ea4d2246bd3e,CVE-2021-3287
618921880,Pflegusch/metasploit-module-research,modules/exploits/multi/http/opmanager_sumpdu_deserialization.rb,99c64bf7e755844f3667ea6d26c3ea4d2246bd3e,CVE-2020-28653
618921880,Pflegusch/metasploit-module-research,modules/auxiliary/gather/nuuo_cms_bruteforce.rb,99f9de6d0eefea2a3d7f5168784f90b2b0fe0c73,CVE-2018-17888
618921880,Pflegusch/metasploit-module-research,modules/auxiliary/dos/windows/smb/ms11_019_electbowser.rb,9a26341eef692632c691000d1d327cd940a0128d,OSVDB-70881
618921880,Pflegusch/metasploit-module-research,modules/auxiliary/dos/windows/smb/ms11_019_electbowser.rb,9a26341eef692632c691000d1d327cd940a0128d,MS11-019
618921880,Pflegusch/metasploit-module-research,modules/auxiliary/dos/windows/smb/ms11_019_electbowser.rb,9a26341eef692632c691000d1d327cd940a0128d,BID-46360
618921880,Pflegusch/metasploit-module-research,modules/auxiliary/dos/windows/smb/ms11_019_electbowser.rb,9a26341eef692632c691000d1d327cd940a0128d,CVE-2011-0654
618921880,Pflegusch/metasploit-module-research,modules/exploits/windows/browser/amaya_bdo.rb,9a4cd4bd24b56c629677c7b9d2d3b9a481a971c8,CVE-2009-0323
618921880,Pflegusch/metasploit-module-research,modules/exploits/windows/browser/amaya_bdo.rb,9a4cd4bd24b56c629677c7b9d2d3b9a481a971c8,BID-33047
618921880,Pflegusch/metasploit-module-research,modules/exploits/windows/browser/amaya_bdo.rb,9a4cd4bd24b56c629677c7b9d2d3b9a481a971c8,OSVDB-55721
618921880,Pflegusch/metasploit-module-research,modules/exploits/windows/browser/amaya_bdo.rb,9a4cd4bd24b56c629677c7b9d2d3b9a481a971c8,BID-33046
618921880,Pflegusch/metasploit-module-research,modules/exploits/linux/http/synology_dsm_sliceupload_exec_noauth.rb,9a5106286a15f5170bb5bcc7d582f1cbcc0609e7,CVE-2013-6955
618921880,Pflegusch/metasploit-module-research,modules/exploits/linux/http/synology_dsm_sliceupload_exec_noauth.rb,9a5106286a15f5170bb5bcc7d582f1cbcc0609e7,OSVDB-101247
618921880,Pflegusch/metasploit-module-research,modules/exploits/multi/http/phpmyadmin_3522_backdoor.rb,9a707f0a911335d4c12264d28fdfc65f2c3b38d0,OSVDB-85739
618921880,Pflegusch/metasploit-module-research,modules/exploits/multi/http/phpmyadmin_3522_backdoor.rb,9a707f0a911335d4c12264d28fdfc65f2c3b38d0,CVE-2012-5159
618921880,Pflegusch/metasploit-module-research,modules/exploits/windows/novell/zenworks_desktop_agent.rb,9a746c8da942a0f356c38707f2818b859ee0b0a5,CVE-2005-1543
618921880,Pflegusch/metasploit-module-research,modules/exploits/windows/novell/zenworks_desktop_agent.rb,9a746c8da942a0f356c38707f2818b859ee0b0a5,OSVDB-16698
618921880,Pflegusch/metasploit-module-research,modules/exploits/windows/novell/zenworks_desktop_agent.rb,9a746c8da942a0f356c38707f2818b859ee0b0a5,BID-13678
618921880,Pflegusch/metasploit-module-research,modules/exploits/multi/http/oracle_reports_rce.rb,9a7dc2be1b3cde9072bddc17b146460b0bb1d350,OSVDB-86394
618921880,Pflegusch/metasploit-module-research,modules/exploits/multi/http/oracle_reports_rce.rb,9a7dc2be1b3cde9072bddc17b146460b0bb1d350,OSVDB-86395
618921880,Pflegusch/metasploit-module-research,modules/exploits/multi/http/oracle_reports_rce.rb,9a7dc2be1b3cde9072bddc17b146460b0bb1d350,CVE-2012-3153
618921880,Pflegusch/metasploit-module-research,modules/exploits/multi/http/oracle_reports_rce.rb,9a7dc2be1b3cde9072bddc17b146460b0bb1d350,CVE-2012-3152
618921880,Pflegusch/metasploit-module-research,modules/exploits/windows/browser/safari_xslt_output.rb,9a84bbcc1e31de07605cc0b68ea258789e7ca2a7,OSVDB-74017
618921880,Pflegusch/metasploit-module-research,modules/exploits/windows/browser/safari_xslt_output.rb,9a84bbcc1e31de07605cc0b68ea258789e7ca2a7,CVE-2011-1774
618921880,Pflegusch/metasploit-module-research,modules/exploits/windows/local/cve_2022_21882_win32k.rb,9a89bb3452fb72b4171499f6780c7e5ca8d30f87,CVE-2022-21882
618921880,Pflegusch/metasploit-module-research,modules/exploits/windows/local/cve_2022_21882_win32k.rb,9a89bb3452fb72b4171499f6780c7e5ca8d30f87,CVE-2016-7255
618921880,Pflegusch/metasploit-module-research,modules/exploits/windows/local/cve_2022_21882_win32k.rb,9a89bb3452fb72b4171499f6780c7e5ca8d30f87,CVE-2021-1732
618921880,Pflegusch/metasploit-module-research,modules/exploits/windows/http/hp_nnm_ovalarm_lang.rb,9a926a7d233ec2cf13c525b074a30889b2ef62f6,BID-37347
618921880,Pflegusch/metasploit-module-research,modules/exploits/windows/http/hp_nnm_ovalarm_lang.rb,9a926a7d233ec2cf13c525b074a30889b2ef62f6,CVE-2009-4179
618921880,Pflegusch/metasploit-module-research,modules/exploits/windows/http/hp_nnm_ovalarm_lang.rb,9a926a7d233ec2cf13c525b074a30889b2ef62f6,OSVDB-60930
618921880,Pflegusch/metasploit-module-research,modules/exploits/linux/local/cve_2021_38648_omigod.rb,9ac0d97f1197ebe63df9aa968a32a32930661c5a,CVE-2021-38648
618921880,Pflegusch/metasploit-module-research,modules/exploits/linux/local/cve_2021_38648_omigod.rb,9ac0d97f1197ebe63df9aa968a32a32930661c5a,CVE-2021-38647
618921880,Pflegusch/metasploit-module-research,modules/exploits/windows/ftp/labf_nfsaxe.rb,9ac47b6373b81b394a398051b4b1c40bd705f62d,CVE-2017-18047
618921880,Pflegusch/metasploit-module-research,modules/exploits/multi/http/struts_include_params.rb,9ad15e8e729a92583d4d13579e04178a3de7dba3,CVE-2013-2115
618921880,Pflegusch/metasploit-module-research,modules/exploits/multi/http/struts_include_params.rb,9ad15e8e729a92583d4d13579e04178a3de7dba3,CVE-2013-1966
618921880,Pflegusch/metasploit-module-research,modules/exploits/multi/http/struts_include_params.rb,9ad15e8e729a92583d4d13579e04178a3de7dba3,OSVDB-93645
618921880,Pflegusch/metasploit-module-research,modules/exploits/multi/http/dotcms_file_upload_rce.rb,9b3ea15cc78ea865ca8f79167dffe07d7913bc5e,CVE-2022-26352
618921880,Pflegusch/metasploit-module-research,modules/exploits/multi/http/mantisbt_manage_proj_page_rce.rb,9b470205a857760ff919fa6fb527791011116dc8,CVE-2008-4687
618921880,Pflegusch/metasploit-module-research,modules/exploits/linux/http/linksys_e1500_apply_exec.rb,9b4786b2a0bd633fcf2956bfe65376e2fb2bdf2d,BID-57760
618921880,Pflegusch/metasploit-module-research,modules/exploits/linux/http/linksys_e1500_apply_exec.rb,9b4786b2a0bd633fcf2956bfe65376e2fb2bdf2d,OSVDB-89912
618921880,Pflegusch/metasploit-module-research,modules/exploits/linux/http/cpi_tararchive_upload.rb,9b4f358dde0ff14109e835d24dc5e3624a165190,CVE-2019-1821
618921880,Pflegusch/metasploit-module-research,modules/exploits/windows/misc/ibm_tsm_cad_ping.rb,9b81c57470a461a6c972df7b082b260b46960de6,CVE-2009-3853
618921880,Pflegusch/metasploit-module-research,modules/exploits/windows/misc/ibm_tsm_cad_ping.rb,9b81c57470a461a6c972df7b082b260b46960de6,OSVDB-59632
618921880,Pflegusch/metasploit-module-research,modules/exploits/windows/http/maxdb_webdbm_get_overflow.rb,9b86d9467fe09156d7706c396915a19cb55b6cb3,OSVDB-15816
618921880,Pflegusch/metasploit-module-research,modules/exploits/windows/http/maxdb_webdbm_get_overflow.rb,9b86d9467fe09156d7706c396915a19cb55b6cb3,CVE-2005-0684
618921880,Pflegusch/metasploit-module-research,modules/exploits/windows/http/maxdb_webdbm_get_overflow.rb,9b86d9467fe09156d7706c396915a19cb55b6cb3,BID-13368
618921880,Pflegusch/metasploit-module-research,modules/auxiliary/scanner/http/http_login.rb,9bb0784bb46d5e4e9a2234e4c26b3a6157289f8a,CVE-1999-0502
618921880,Pflegusch/metasploit-module-research,modules/exploits/linux/local/overlayfs_priv_esc.rb,9bb5c695d057adfcf09136a1034501607bf0b023,CVE-2015-8660
618921880,Pflegusch/metasploit-module-research,modules/exploits/linux/local/overlayfs_priv_esc.rb,9bb5c695d057adfcf09136a1034501607bf0b023,CVE-2015-1328
618921880,Pflegusch/metasploit-module-research,modules/exploits/unix/webapp/webtester_exec.rb,9bc0433210c87941c4ed54bde7ebe9911ac23867,OSVDB-98750
618921880,Pflegusch/metasploit-module-research,modules/exploits/osx/local/iokit_keyboard_root.rb,9be84c44ea7b47068d4ce3edca32c6deacf7a26d,CVE-2014-4404
618921880,Pflegusch/metasploit-module-research,modules/exploits/osx/local/iokit_keyboard_root.rb,9be84c44ea7b47068d4ce3edca32c6deacf7a26d,GPZ-40
618921880,Pflegusch/metasploit-module-research,modules/exploits/osx/local/iokit_keyboard_root.rb,9be84c44ea7b47068d4ce3edca32c6deacf7a26d,GPZ-126
618921880,Pflegusch/metasploit-module-research,modules/exploits/windows/local/docker_credential_wincred.rb,9bf97bda6f672949790520d30dbe487b333e7e1c,CVE-2019-15752
618921880,Pflegusch/metasploit-module-research,modules/auxiliary/scanner/smb/smb_login.rb,9c0d5e8e7e56304b1335932c07f6dc99c2a4913c,CVE-1999-0506
618921880,Pflegusch/metasploit-module-research,modules/exploits/windows/browser/adobe_flash_uncompress_zlib_uninitialized.rb,9c5195d2cffb639c53f76c9a05caa20715ff121b,CVE-2014-8440
618921880,Pflegusch/metasploit-module-research,modules/exploits/multi/http/wp_file_manager_rce.rb,9c8880b198d8661f4cd009c93e8e4d87acc7ffdc,CVE-2020-25213
618921880,Pflegusch/metasploit-module-research,modules/exploits/linux/local/cve_2022_0995_watch_queue.rb,9cd77a7e70fd7ca1e7b1d5e442790a794b63ff32,CVE-2022-0995
618921880,Pflegusch/metasploit-module-research,modules/exploits/windows/fileformat/cyberlink_lpp_bof.rb,9ce35ae15b893b940914d35303bb8dadac914772,CVE-2017-14627
618921880,Pflegusch/metasploit-module-research,modules/exploits/linux/misc/jenkins_java_deserialize.rb,9cf00abf9d31e411288fa9248bced35a8e0712e2,CVE-2015-8103
618921880,Pflegusch/metasploit-module-research,modules/auxiliary/scanner/http/dlink_dir_300_615_http_login.rb,9cf60a638699b1847d63d8ddd568d1fd363e6f1e,CVE-1999-0502
618921880,Pflegusch/metasploit-module-research,modules/exploits/bsdi/softcart/mercantec_softcart.rb,9cf9d894a26fdfe4e66ebc5952a503547f8bbe0f,BID-10926
618921880,Pflegusch/metasploit-module-research,modules/exploits/bsdi/softcart/mercantec_softcart.rb,9cf9d894a26fdfe4e66ebc5952a503547f8bbe0f,CVE-2004-2221
618921880,Pflegusch/metasploit-module-research,modules/exploits/bsdi/softcart/mercantec_softcart.rb,9cf9d894a26fdfe4e66ebc5952a503547f8bbe0f,OSVDB-9011
618921880,Pflegusch/metasploit-module-research,modules/auxiliary/scanner/http/thinvnc_traversal.rb,9cfa13f101575df33fa4ea4f158a737aeb9e7c90,CVE-2019-17662
618921880,Pflegusch/metasploit-module-research,modules/exploits/windows/fileformat/gta_samp.rb,9d1242dab45ab76d09fb4032e93f848364825e85,OSVDB-83433
618921880,Pflegusch/metasploit-module-research,modules/exploits/windows/iis/ms03_007_ntdll_webdav.rb,9d2a1984e71c5bff8d5409d4f015087cf2bf90a3,BID-7116
618921880,Pflegusch/metasploit-module-research,modules/exploits/windows/iis/ms03_007_ntdll_webdav.rb,9d2a1984e71c5bff8d5409d4f015087cf2bf90a3,CVE-2003-0109
618921880,Pflegusch/metasploit-module-research,modules/exploits/windows/iis/ms03_007_ntdll_webdav.rb,9d2a1984e71c5bff8d5409d4f015087cf2bf90a3,OSVDB-4467
618921880,Pflegusch/metasploit-module-research,modules/exploits/windows/iis/ms03_007_ntdll_webdav.rb,9d2a1984e71c5bff8d5409d4f015087cf2bf90a3,MS03-007
618921880,Pflegusch/metasploit-module-research,modules/exploits/windows/scada/advantech_webaccess_dashboard_file_upload.rb,9d36b0561e5afa0931af1ea424b50b494e8e4f41,CVE-2016-0854
618921880,Pflegusch/metasploit-module-research,modules/exploits/windows/scada/yokogawa_bkhodeq_bof.rb,9d46558508415287aa6a68b6af8eda62b0d13b5b,CVE-2014-0783
618921880,Pflegusch/metasploit-module-research,modules/auxiliary/admin/http/linksys_tmunblock_admin_reset_bof.rb,9d79625d9de476ae1fbe33df1d295b9f554c981d,OSVDB-103521
618921880,Pflegusch/metasploit-module-research,modules/auxiliary/dos/http/squid_range_dos.rb,9d7aebcffb0068cbdd9608cbe5c2c8c883848dc8,CVE-2021-31806
618921880,Pflegusch/metasploit-module-research,modules/auxiliary/dos/http/squid_range_dos.rb,9d7aebcffb0068cbdd9608cbe5c2c8c883848dc8,CVE-2021-31807
618921880,Pflegusch/metasploit-module-research,modules/exploits/windows/local/novell_client_nicm.rb,9d80fffea3b218cc13efd67663c638d074d994b0,CVE-2013-3956
618921880,Pflegusch/metasploit-module-research,modules/exploits/windows/local/novell_client_nicm.rb,9d80fffea3b218cc13efd67663c638d074d994b0,OSVDB-93718
618921880,Pflegusch/metasploit-module-research,modules/exploits/unix/webapp/zeroshell_exec.rb,9d8dd64d4ca1a71f362e4177d7478f9bce400771,CVE-2009-0545
618921880,Pflegusch/metasploit-module-research,modules/exploits/windows/http/php_apache_request_headers_bof.rb,9daf2e97e2c7530029a19336743092958864706a,BID-53455
618921880,Pflegusch/metasploit-module-research,modules/exploits/windows/http/php_apache_request_headers_bof.rb,9daf2e97e2c7530029a19336743092958864706a,OSVDB-82215
618921880,Pflegusch/metasploit-module-research,modules/exploits/windows/http/php_apache_request_headers_bof.rb,9daf2e97e2c7530029a19336743092958864706a,CVE-2012-2329
618921880,Pflegusch/metasploit-module-research,modules/exploits/windows/fileformat/nuance_pdf_launch_overflow.rb,9dbb499255eae38edee6ae912d69835891fbaaf3,OSVDB-68514
618921880,Pflegusch/metasploit-module-research,modules/exploits/windows/browser/ms08_070_visual_studio_msmask.rb,9dbb8c10771e48b8ebabf94d01ab45df69828ae6,CVE-2008-3704
618921880,Pflegusch/metasploit-module-research,modules/exploits/windows/browser/ms08_070_visual_studio_msmask.rb,9dbb8c10771e48b8ebabf94d01ab45df69828ae6,OSVDB-47475
618921880,Pflegusch/metasploit-module-research,modules/exploits/windows/browser/ms08_070_visual_studio_msmask.rb,9dbb8c10771e48b8ebabf94d01ab45df69828ae6,MS08-070
618921880,Pflegusch/metasploit-module-research,modules/exploits/windows/browser/ms08_070_visual_studio_msmask.rb,9dbb8c10771e48b8ebabf94d01ab45df69828ae6,BID-30674
618921880,Pflegusch/metasploit-module-research,modules/auxiliary/dos/windows/http/ms10_065_ii6_asp_dos.rb,9dc3fa2b95d7b8a7a150bceb659a89706b425d48,CVE-2010-1899
618921880,Pflegusch/metasploit-module-research,modules/auxiliary/dos/windows/http/ms10_065_ii6_asp_dos.rb,9dc3fa2b95d7b8a7a150bceb659a89706b425d48,MS10-065
618921880,Pflegusch/metasploit-module-research,modules/auxiliary/dos/windows/http/ms10_065_ii6_asp_dos.rb,9dc3fa2b95d7b8a7a150bceb659a89706b425d48,OSVDB-67978
618921880,Pflegusch/metasploit-module-research,modules/exploits/linux/local/omniresolve_suid_priv_esc.rb,9dd24d742b3859858efbdd4dd520fe2489019d30,CVE-2019-11660
618921880,Pflegusch/metasploit-module-research,modules/exploits/linux/http/cisco_hyperflex_hx_data_platform_cmd_exec.rb,9e1670b675acaaeaed383f74d8b63db4b4e7d94f,CVE-2021-1497
618921880,Pflegusch/metasploit-module-research,modules/exploits/linux/http/cisco_hyperflex_hx_data_platform_cmd_exec.rb,9e1670b675acaaeaed383f74d8b63db4b4e7d94f,CVE-2021-1498
618921880,Pflegusch/metasploit-module-research,modules/auxiliary/scanner/ntp/ntp_peer_list_dos.rb,9e2e6405c4ca591eb0da700fbe086ef6c57d5966,CVE-2013-5211
618921880,Pflegusch/metasploit-module-research,modules/exploits/multi/upnp/libupnp_ssdp_overflow.rb,9e391f3e0bc981891c735e6cbac39d164b2ec814,CVE-2012-5958
618921880,Pflegusch/metasploit-module-research,modules/exploits/multi/upnp/libupnp_ssdp_overflow.rb,9e391f3e0bc981891c735e6cbac39d164b2ec814,OSVDB-89611
618921880,Pflegusch/metasploit-module-research,modules/auxiliary/gather/ibm_sametime_enumerate_users.rb,9e6d12a9fe2535a82ef66ab3987f673d2bd6db2e,CVE-2013-3975
618921880,Pflegusch/metasploit-module-research,modules/exploits/windows/browser/hp_loadrunner_writefilestring.rb,9e872333792484caff61ea7aad9dcad3099e826d,CVE-2013-4798
618921880,Pflegusch/metasploit-module-research,modules/exploits/windows/browser/hp_loadrunner_writefilestring.rb,9e872333792484caff61ea7aad9dcad3099e826d,BID-61443
618921880,Pflegusch/metasploit-module-research,modules/exploits/windows/browser/hp_loadrunner_writefilestring.rb,9e872333792484caff61ea7aad9dcad3099e826d,OSVDB-95642
618921880,Pflegusch/metasploit-module-research,modules/exploits/linux/http/cisco_rv_series_authbypass_and_rce.rb,9e8972cbf2054f03b1a6a2eb8c75532e46aec006,CVE-2021-1473
618921880,Pflegusch/metasploit-module-research,modules/exploits/linux/http/cisco_rv_series_authbypass_and_rce.rb,9e8972cbf2054f03b1a6a2eb8c75532e46aec006,CVE-2021-1472
618921880,Pflegusch/metasploit-module-research,modules/auxiliary/scanner/http/cisco_nac_manager_traversal.rb,9e8a752282014c643481837e0fc01169f3a2c7e4,OSVDB-76080
618921880,Pflegusch/metasploit-module-research,modules/auxiliary/scanner/http/cisco_nac_manager_traversal.rb,9e8a752282014c643481837e0fc01169f3a2c7e4,CVE-2011-3305
618921880,Pflegusch/metasploit-module-research,modules/auxiliary/scanner/http/atlassian_crowd_fileaccess.rb,9e9c6200211b32ed2f2c33aae838c3a109c82655,BID-53595
618921880,Pflegusch/metasploit-module-research,modules/auxiliary/scanner/http/atlassian_crowd_fileaccess.rb,9e9c6200211b32ed2f2c33aae838c3a109c82655,CVE-2012-2926
618921880,Pflegusch/metasploit-module-research,modules/auxiliary/scanner/http/atlassian_crowd_fileaccess.rb,9e9c6200211b32ed2f2c33aae838c3a109c82655,OSVDB-82274
618921880,Pflegusch/metasploit-module-research,modules/exploits/aix/rpc_ttdbserverd_realpath.rb,9ea95644b1a98ec19de76b8392c5f25336fce674,OSVDB-55151
618921880,Pflegusch/metasploit-module-research,modules/exploits/aix/rpc_ttdbserverd_realpath.rb,9ea95644b1a98ec19de76b8392c5f25336fce674,CVE-2009-2727
618921880,Pflegusch/metasploit-module-research,modules/exploits/linux/http/cisco_asax_sfr_rce.rb,9efa9062483df373391b24ddbd853076f1901499,CVE-2022-20828
618921880,Pflegusch/metasploit-module-research,modules/exploits/windows/dcerpc/ms03_026_dcom.rb,9f0857dc16929e396b700d9ba4f4010a2f8d4068,BID-8205
618921880,Pflegusch/metasploit-module-research,modules/exploits/windows/dcerpc/ms03_026_dcom.rb,9f0857dc16929e396b700d9ba4f4010a2f8d4068,MS03-026
618921880,Pflegusch/metasploit-module-research,modules/exploits/windows/dcerpc/ms03_026_dcom.rb,9f0857dc16929e396b700d9ba4f4010a2f8d4068,CVE-2003-0352
618921880,Pflegusch/metasploit-module-research,modules/exploits/windows/dcerpc/ms03_026_dcom.rb,9f0857dc16929e396b700d9ba4f4010a2f8d4068,OSVDB-2100
618921880,Pflegusch/metasploit-module-research,modules/exploits/windows/misc/hp_imc_dbman_restoredbase_unauth_rce.rb,9f2b4ab27ae696eecde028be4d2589aca9a2eb07,CVE-2017-5817
618921880,Pflegusch/metasploit-module-research,modules/exploits/windows/misc/hp_imc_dbman_restoredbase_unauth_rce.rb,9f2b4ab27ae696eecde028be4d2589aca9a2eb07,BID-98469
618921880,Pflegusch/metasploit-module-research,modules/auxiliary/scanner/backdoor/energizer_duo_detect.rb,9f74865c1402029f83cab6a05daec5b0a60594d3,OSVDB-62782
618921880,Pflegusch/metasploit-module-research,modules/auxiliary/scanner/backdoor/energizer_duo_detect.rb,9f74865c1402029f83cab6a05daec5b0a60594d3,CVE-2010-0103
618921880,Pflegusch/metasploit-module-research,modules/exploits/windows/browser/java_basicservice_impl.rb,9f7c687bf67c7c7de345e6087059b9dc2d419d4e,OSVDB-69043
618921880,Pflegusch/metasploit-module-research,modules/exploits/windows/browser/java_basicservice_impl.rb,9f7c687bf67c7c7de345e6087059b9dc2d419d4e,CVE-2010-3563
618921880,Pflegusch/metasploit-module-research,modules/exploits/unix/webapp/pajax_remote_exec.rb,9f94d85b1a66e687af02b3bf4150b11fdb51cac3,OSVDB-24618
618921880,Pflegusch/metasploit-module-research,modules/exploits/unix/webapp/pajax_remote_exec.rb,9f94d85b1a66e687af02b3bf4150b11fdb51cac3,CVE-2006-1551
618921880,Pflegusch/metasploit-module-research,modules/exploits/unix/webapp/pajax_remote_exec.rb,9f94d85b1a66e687af02b3bf4150b11fdb51cac3,BID-17519
618921880,Pflegusch/metasploit-module-research,modules/exploits/windows/http/mcafee_epolicy_source.rb,9fce7659a17cf3beb47d7abacd73f5716bb6094d,CVE-2006-5156
618921880,Pflegusch/metasploit-module-research,modules/exploits/windows/http/mcafee_epolicy_source.rb,9fce7659a17cf3beb47d7abacd73f5716bb6094d,OSVDB-29421
618921880,Pflegusch/metasploit-module-research,modules/exploits/windows/http/mcafee_epolicy_source.rb,9fce7659a17cf3beb47d7abacd73f5716bb6094d,BID-20288
618921880,Pflegusch/metasploit-module-research,modules/auxiliary/admin/vxworks/apple_airport_extreme_password.rb,9fd885ba5618b202bee7859bc47b205e62f9ea86,OSVDB-66842
618921880,Pflegusch/metasploit-module-research,modules/exploits/windows/ftp/pcman_put.rb,9fdd70a3e3ac3f4619fc8eeab3dddfe37adf5aaf,CVE-2013-4730
618921880,Pflegusch/metasploit-module-research,modules/exploits/windows/ftp/pcman_put.rb,9fdd70a3e3ac3f4619fc8eeab3dddfe37adf5aaf,OSVDB-94624
618921880,Pflegusch/metasploit-module-research,modules/exploits/windows/ssh/freesshd_key_exchange.rb,a004b8e5ee8479f71461ed8faec03f320d935a74,CVE-2006-2407
618921880,Pflegusch/metasploit-module-research,modules/exploits/windows/ssh/freesshd_key_exchange.rb,a004b8e5ee8479f71461ed8faec03f320d935a74,OSVDB-25463
618921880,Pflegusch/metasploit-module-research,modules/exploits/windows/ssh/freesshd_key_exchange.rb,a004b8e5ee8479f71461ed8faec03f320d935a74,BID-17958
618921880,Pflegusch/metasploit-module-research,modules/exploits/multi/http/jenkins_metaprogramming.rb,a017ea7f74f6ec68a00313681677987753852743,CVE-2018-1000408
618921880,Pflegusch/metasploit-module-research,modules/exploits/multi/http/jenkins_metaprogramming.rb,a017ea7f74f6ec68a00313681677987753852743,CVE-2019-1003005
618921880,Pflegusch/metasploit-module-research,modules/exploits/multi/http/jenkins_metaprogramming.rb,a017ea7f74f6ec68a00313681677987753852743,CVE-2019-1003000
618921880,Pflegusch/metasploit-module-research,modules/exploits/multi/http/jenkins_metaprogramming.rb,a017ea7f74f6ec68a00313681677987753852743,CVE-2018-1000861
618921880,Pflegusch/metasploit-module-research,modules/exploits/multi/http/jenkins_metaprogramming.rb,a017ea7f74f6ec68a00313681677987753852743,CVE-2019-1003002
618921880,Pflegusch/metasploit-module-research,modules/exploits/multi/http/jenkins_metaprogramming.rb,a017ea7f74f6ec68a00313681677987753852743,CVE-2019-1003029
618921880,Pflegusch/metasploit-module-research,modules/exploits/multi/http/jenkins_metaprogramming.rb,a017ea7f74f6ec68a00313681677987753852743,CVE-2019-1003001
618921880,Pflegusch/metasploit-module-research,modules/exploits/windows/local/ms13_081_track_popup_menu.rb,a0848f609d57ad7859bd2ee71ebd6f32641094bd,BID-62830
618921880,Pflegusch/metasploit-module-research,modules/exploits/windows/local/ms13_081_track_popup_menu.rb,a0848f609d57ad7859bd2ee71ebd6f32641094bd,OSVDB-98212
618921880,Pflegusch/metasploit-module-research,modules/exploits/windows/local/ms13_081_track_popup_menu.rb,a0848f609d57ad7859bd2ee71ebd6f32641094bd,CVE-2013-3881
618921880,Pflegusch/metasploit-module-research,modules/exploits/windows/local/ms13_081_track_popup_menu.rb,a0848f609d57ad7859bd2ee71ebd6f32641094bd,MS13-081
618921880,Pflegusch/metasploit-module-research,modules/exploits/windows/http/hp_nnm_snmpviewer_actapp.rb,a09a5234615e6a88b0308b05e5c0ed2b83553b53,OSVDB-64975
618921880,Pflegusch/metasploit-module-research,modules/exploits/windows/http/hp_nnm_snmpviewer_actapp.rb,a09a5234615e6a88b0308b05e5c0ed2b83553b53,CVE-2010-1552
618921880,Pflegusch/metasploit-module-research,modules/exploits/windows/http/hp_nnm_snmpviewer_actapp.rb,a09a5234615e6a88b0308b05e5c0ed2b83553b53,BID-40068
618921880,Pflegusch/metasploit-module-research,modules/exploits/linux/smtp/exim_gethostbyname_bof.rb,a0bf7bcdea29db3f2fc2ab4d8cccb9cd97a52c2b,OSVDB-117579
618921880,Pflegusch/metasploit-module-research,modules/exploits/linux/smtp/exim_gethostbyname_bof.rb,a0bf7bcdea29db3f2fc2ab4d8cccb9cd97a52c2b,CVE-2015-0235
618921880,Pflegusch/metasploit-module-research,modules/exploits/linux/smtp/exim_gethostbyname_bof.rb,a0bf7bcdea29db3f2fc2ab4d8cccb9cd97a52c2b,BID-72325
618921880,Pflegusch/metasploit-module-research,modules/exploits/windows/email/ms10_045_outlook_ref_resolve.rb,a0c77d11be8050ace919ffb22d18a44f4dc1ffb2,CVE-2010-0266
618921880,Pflegusch/metasploit-module-research,modules/exploits/windows/email/ms10_045_outlook_ref_resolve.rb,a0c77d11be8050ace919ffb22d18a44f4dc1ffb2,BID-41446
618921880,Pflegusch/metasploit-module-research,modules/exploits/windows/email/ms10_045_outlook_ref_resolve.rb,a0c77d11be8050ace919ffb22d18a44f4dc1ffb2,MS10-045
618921880,Pflegusch/metasploit-module-research,modules/exploits/windows/email/ms10_045_outlook_ref_resolve.rb,a0c77d11be8050ace919ffb22d18a44f4dc1ffb2,OSVDB-66296
618921880,Pflegusch/metasploit-module-research,modules/exploits/windows/http/privatewire_gateway.rb,a0c9386dfdd21b1cbf303a7ef524b2be2ea5035b,BID-18647
618921880,Pflegusch/metasploit-module-research,modules/exploits/windows/http/privatewire_gateway.rb,a0c9386dfdd21b1cbf303a7ef524b2be2ea5035b,CVE-2006-3252
618921880,Pflegusch/metasploit-module-research,modules/exploits/windows/http/privatewire_gateway.rb,a0c9386dfdd21b1cbf303a7ef524b2be2ea5035b,OSVDB-26861
618921880,Pflegusch/metasploit-module-research,modules/exploits/windows/smb/ms09_050_smb2_negotiate_func_index.rb,a0d252b5cab10c901d5498be63ce79cb8df6fd07,OSVDB-57799
618921880,Pflegusch/metasploit-module-research,modules/exploits/windows/smb/ms09_050_smb2_negotiate_func_index.rb,a0d252b5cab10c901d5498be63ce79cb8df6fd07,CVE-2009-3103
618921880,Pflegusch/metasploit-module-research,modules/exploits/windows/smb/ms09_050_smb2_negotiate_func_index.rb,a0d252b5cab10c901d5498be63ce79cb8df6fd07,MS09-050
618921880,Pflegusch/metasploit-module-research,modules/exploits/windows/smb/ms09_050_smb2_negotiate_func_index.rb,a0d252b5cab10c901d5498be63ce79cb8df6fd07,BID-36299
618921880,Pflegusch/metasploit-module-research,modules/exploits/windows/ssh/freesshd_authbypass.rb,a0d35fd2d3de090e2e8aa0cd56a5c3e9b11ac2a2,CVE-2012-6066
618921880,Pflegusch/metasploit-module-research,modules/exploits/windows/ssh/freesshd_authbypass.rb,a0d35fd2d3de090e2e8aa0cd56a5c3e9b11ac2a2,BID-56785
618921880,Pflegusch/metasploit-module-research,modules/exploits/windows/ssh/freesshd_authbypass.rb,a0d35fd2d3de090e2e8aa0cd56a5c3e9b11ac2a2,OSVDB-88006
618921880,Pflegusch/metasploit-module-research,modules/auxiliary/gather/vmware_vcenter_vmdir_ldap.rb,a0ee7b378d8939f1d4297ae2160836fca062644e,CVE-2020-3952
618921880,Pflegusch/metasploit-module-research,modules/exploits/unix/webapp/kimai_sqli.rb,a10e71f00200e8f00a6d7344c6b5fcc0842150c9,OSVDB-93547
618921880,Pflegusch/metasploit-module-research,modules/exploits/windows/http/ibm_tpmfosd_overflow.rb,a12e12025caff0b01a143ba97acffa3a98ca9017,BID-23264
618921880,Pflegusch/metasploit-module-research,modules/exploits/windows/http/ibm_tpmfosd_overflow.rb,a12e12025caff0b01a143ba97acffa3a98ca9017,OSVDB-34678
618921880,Pflegusch/metasploit-module-research,modules/exploits/windows/http/ibm_tpmfosd_overflow.rb,a12e12025caff0b01a143ba97acffa3a98ca9017,CVE-2007-1868
618921880,Pflegusch/metasploit-module-research,modules/exploits/windows/fileformat/xradio_xrl_sehbof.rb,a14c6dc70137ae56c90b49ef5fc9429fe34ea9ad,CVE-2008-2789
618921880,Pflegusch/metasploit-module-research,modules/exploits/windows/fileformat/xradio_xrl_sehbof.rb,a14c6dc70137ae56c90b49ef5fc9429fe34ea9ad,BID-46290
618921880,Pflegusch/metasploit-module-research,modules/exploits/multi/http/spree_search_exec.rb,a157a7672562a6ac149077dd3f7eff4b61c56051,OSVDB-76011
618921880,Pflegusch/metasploit-module-research,modules/auxiliary/scanner/ftp/pcman_ftp_traversal.rb,a183ab227e967ffad03795592bba89d516e1ed34,CVE-2015-7601
618921880,Pflegusch/metasploit-module-research,modules/exploits/windows/browser/adobe_flash_domain_memory_uaf.rb,a19a9d9171e66b278592cf7c4ded97fcf0f8cf79,CVE-2015-0359
618921880,Pflegusch/metasploit-module-research,modules/exploits/windows/local/ms14_058_track_popup_menu.rb,a1b8c6afc512378d27c86c63e4872dd0349bb053,CVE-2014-4113
618921880,Pflegusch/metasploit-module-research,modules/exploits/windows/local/ms14_058_track_popup_menu.rb,a1b8c6afc512378d27c86c63e4872dd0349bb053,MS14-058
618921880,Pflegusch/metasploit-module-research,modules/exploits/windows/local/ms14_058_track_popup_menu.rb,a1b8c6afc512378d27c86c63e4872dd0349bb053,BID-70364
618921880,Pflegusch/metasploit-module-research,modules/exploits/windows/local/ms14_058_track_popup_menu.rb,a1b8c6afc512378d27c86c63e4872dd0349bb053,OSVDB-113167
618921880,Pflegusch/metasploit-module-research,modules/exploits/multi/http/pimcore_unserialize_rce.rb,a1bc9f8cc1853e40fd36a4db5bdedac5189a3974,CVE-2019-10867
618921880,Pflegusch/metasploit-module-research,modules/exploits/multi/http/phpscheduleit_start_date.rb,a1c3f60c7cb4de15cf8abb8a3d02cb7f757d7573,CVE-2008-6132
618921880,Pflegusch/metasploit-module-research,modules/exploits/multi/http/phpscheduleit_start_date.rb,a1c3f60c7cb4de15cf8abb8a3d02cb7f757d7573,BID-31520
618921880,Pflegusch/metasploit-module-research,modules/exploits/multi/http/phpscheduleit_start_date.rb,a1c3f60c7cb4de15cf8abb8a3d02cb7f757d7573,OSVDB-48797
618921880,Pflegusch/metasploit-module-research,modules/exploits/solaris/telnet/ttyprompt.rb,a1c79b49be56be35f0ad6f065d645e533423bc77,CVE-2001-0797
618921880,Pflegusch/metasploit-module-research,modules/exploits/solaris/telnet/ttyprompt.rb,a1c79b49be56be35f0ad6f065d645e533423bc77,BID-5531
618921880,Pflegusch/metasploit-module-research,modules/exploits/solaris/telnet/ttyprompt.rb,a1c79b49be56be35f0ad6f065d645e533423bc77,OSVDB-690
618921880,Pflegusch/metasploit-module-research,modules/exploits/unix/webapp/zoneminder_lang_exec.rb,a1d23b0dc30404884680515303eb6ca464e40abf,CVE-2022-29806
618921880,Pflegusch/metasploit-module-research,modules/exploits/multi/svn/svnserve_date.rb,a2219781b49b2ba9a31fe3c897749cc321bd93ca,CVE-2004-0397
618921880,Pflegusch/metasploit-module-research,modules/exploits/multi/svn/svnserve_date.rb,a2219781b49b2ba9a31fe3c897749cc321bd93ca,BID-10386
618921880,Pflegusch/metasploit-module-research,modules/exploits/multi/svn/svnserve_date.rb,a2219781b49b2ba9a31fe3c897749cc321bd93ca,OSVDB-6301
618921880,Pflegusch/metasploit-module-research,modules/exploits/linux/http/tp_link_sc2020n_authenticated_telnet_injection.rb,a23a9b9924a39eeec298bdff5695ec26283ae3d9,CVE-2013-2578
618921880,Pflegusch/metasploit-module-research,modules/auxiliary/scanner/varnish/varnish_cli_login.rb,a2a2d0beacacda3c81ce58997f9a2b51159eb712,CVE-2009-2936
618921880,Pflegusch/metasploit-module-research,modules/auxiliary/scanner/varnish/varnish_cli_login.rb,a2a2d0beacacda3c81ce58997f9a2b51159eb712,OSVDB-67670
618921880,Pflegusch/metasploit-module-research,modules/exploits/unix/webapp/zimbra_lfi.rb,a2b7d0084b1dcbf274f4c29896d231b32e9fdd06,OSVDB-100747
618921880,Pflegusch/metasploit-module-research,modules/exploits/unix/webapp/zimbra_lfi.rb,a2b7d0084b1dcbf274f4c29896d231b32e9fdd06,CVE-2013-7091
618921880,Pflegusch/metasploit-module-research,modules/exploits/unix/webapp/zimbra_lfi.rb,a2b7d0084b1dcbf274f4c29896d231b32e9fdd06,BID-64149
618921880,Pflegusch/metasploit-module-research,modules/exploits/windows/browser/dxstudio_player_exec.rb,a2c37a9831c18e6c5328dffceb1ef0eee25a2705,CVE-2009-2011
618921880,Pflegusch/metasploit-module-research,modules/exploits/windows/browser/dxstudio_player_exec.rb,a2c37a9831c18e6c5328dffceb1ef0eee25a2705,OSVDB-54969
618921880,Pflegusch/metasploit-module-research,modules/exploits/windows/browser/dxstudio_player_exec.rb,a2c37a9831c18e6c5328dffceb1ef0eee25a2705,BID-35273
618921880,Pflegusch/metasploit-module-research,modules/exploits/windows/misc/ms07_064_sami.rb,a2da86cd34595a97a68d96cfc7c26f53b6279c8d,MS07-064
618921880,Pflegusch/metasploit-module-research,modules/exploits/windows/misc/ms07_064_sami.rb,a2da86cd34595a97a68d96cfc7c26f53b6279c8d,OSVDB-39126
618921880,Pflegusch/metasploit-module-research,modules/exploits/windows/misc/ms07_064_sami.rb,a2da86cd34595a97a68d96cfc7c26f53b6279c8d,BID-26789
618921880,Pflegusch/metasploit-module-research,modules/exploits/windows/misc/ms07_064_sami.rb,a2da86cd34595a97a68d96cfc7c26f53b6279c8d,CVE-2007-3901
618921880,Pflegusch/metasploit-module-research,modules/auxiliary/gather/mantisbt_admin_sqli.rb,a2e381ffeda8698c2bc325497113e8069d642989,CVE-2014-2238
618921880,Pflegusch/metasploit-module-research,modules/exploits/osx/local/libxpc_mitm_ssudo.rb,a2fe7fd11f5c15ce96412fe12c51189d72f242a4,CVE-2018-4237
618921880,Pflegusch/metasploit-module-research,modules/exploits/windows/fileformat/bpftp_client_bps_bof.rb,a31b957d37ef6db5d57fc8be83cce0c5630fa085,OSVDB-109547
618921880,Pflegusch/metasploit-module-research,modules/exploits/windows/fileformat/bpftp_client_bps_bof.rb,a31b957d37ef6db5d57fc8be83cce0c5630fa085,CVE-2014-2973
618921880,Pflegusch/metasploit-module-research,modules/exploits/windows/scada/realwin_scpc_initialize_rf.rb,a31f183b5df01200fcd65e32da053e13fa997f52,OSVDB-68812
618921880,Pflegusch/metasploit-module-research,modules/exploits/windows/scada/realwin_scpc_initialize_rf.rb,a31f183b5df01200fcd65e32da053e13fa997f52,CVE-2010-4142
618921880,Pflegusch/metasploit-module-research,modules/exploits/hpux/lpd/cleanup_exec.rb,a32478df9fb1ae95e5d9bd3be72b481ae3a2086f,OSVDB-9638
618921880,Pflegusch/metasploit-module-research,modules/exploits/hpux/lpd/cleanup_exec.rb,a32478df9fb1ae95e5d9bd3be72b481ae3a2086f,CVE-2002-1473
618921880,Pflegusch/metasploit-module-research,modules/exploits/windows/novell/zenworks_preboot_op6_bof.rb,a331f470c9ff227653c7bb3c2171cc9553ccc8c9,OSVDB-65361
618921880,Pflegusch/metasploit-module-research,modules/exploits/windows/novell/zenworks_preboot_op6_bof.rb,a331f470c9ff227653c7bb3c2171cc9553ccc8c9,BID-40486
618921880,Pflegusch/metasploit-module-research,modules/auxiliary/dos/http/webrick_regex.rb,a343d2490c99b7971858f6f145cd31e4cb20b180,CVE-2008-3656
618921880,Pflegusch/metasploit-module-research,modules/auxiliary/dos/http/webrick_regex.rb,a343d2490c99b7971858f6f145cd31e4cb20b180,BID-30644
618921880,Pflegusch/metasploit-module-research,modules/auxiliary/dos/http/webrick_regex.rb,a343d2490c99b7971858f6f145cd31e4cb20b180,OSVDB-47471
618921880,Pflegusch/metasploit-module-research,modules/exploits/windows/http/hp_imc_mibfileupload.rb,a3469ffe30d0cf1f1a88f6822af60a928219af1b,OSVDB-91026
618921880,Pflegusch/metasploit-module-research,modules/exploits/windows/http/hp_imc_mibfileupload.rb,a3469ffe30d0cf1f1a88f6822af60a928219af1b,BID-58385
618921880,Pflegusch/metasploit-module-research,modules/exploits/windows/http/hp_imc_mibfileupload.rb,a3469ffe30d0cf1f1a88f6822af60a928219af1b,CVE-2012-5201
618921880,Pflegusch/metasploit-module-research,modules/exploits/windows/scada/yokogawa_bkesimmgr_bof.rb,a375514da3dfe2561382674a09731aeadf26277d,CVE-2014-0782
618921880,Pflegusch/metasploit-module-research,modules/exploits/multi/http/apache_apisix_api_default_token_rce.rb,a383165e514b7f25b6bb155a673e6e7d9dded548,CVE-2022-24112
618921880,Pflegusch/metasploit-module-research,modules/exploits/multi/http/apache_apisix_api_default_token_rce.rb,a383165e514b7f25b6bb155a673e6e7d9dded548,CVE-2020-13945
618921880,Pflegusch/metasploit-module-research,modules/auxiliary/dos/http/dell_openmanage_post.rb,a394300f3604e5840c010d6e2bf7d26f974fb944,OSVDB-4077
618921880,Pflegusch/metasploit-module-research,modules/auxiliary/dos/http/dell_openmanage_post.rb,a394300f3604e5840c010d6e2bf7d26f974fb944,BID-9750
618921880,Pflegusch/metasploit-module-research,modules/auxiliary/dos/http/dell_openmanage_post.rb,a394300f3604e5840c010d6e2bf7d26f974fb944,CVE-2004-0331
618921880,Pflegusch/metasploit-module-research,modules/auxiliary/scanner/vnc/vnc_login.rb,a398f141a5d4eb3caba5140ba5af7a223b809d9b,CVE-1999-0506
618921880,Pflegusch/metasploit-module-research,modules/exploits/unix/webapp/wp_foxypress_upload.rb,a3baee179bda933d8ea116bbda1666d31b7f3011,BID-53805
618921880,Pflegusch/metasploit-module-research,modules/exploits/windows/scada/yokogawa_bkbcopyd_bof.rb,a3bd9112bf6af05cd648e5b45773b79dc97083ac,CVE-2014-0784
618921880,Pflegusch/metasploit-module-research,modules/exploits/linux/http/cfme_manageiq_evm_upload_exec.rb,a3c8f83ca75d793fa84216331002bdb597eea424,CVE-2013-2068
618921880,Pflegusch/metasploit-module-research,modules/exploits/multi/http/apache_jetspeed_file_upload.rb,a3dafbf9d36c1a2f8c52d2e94aab92a9434b4dec,CVE-2016-0710
618921880,Pflegusch/metasploit-module-research,modules/exploits/multi/http/apache_jetspeed_file_upload.rb,a3dafbf9d36c1a2f8c52d2e94aab92a9434b4dec,CVE-2016-0709
618921880,Pflegusch/metasploit-module-research,modules/exploits/linux/http/nagios_xi_snmptrap_authenticated_rce.rb,a3e3bed2d5e9bc1298660f4530ad9e094aa25ead,CVE-2020-5792
618921880,Pflegusch/metasploit-module-research,modules/post/windows/gather/credentials/windows_sam_hivenightmare.rb,a3eb5052d6e6508785a3acb15018463786101a59,CVE-2021-36934
618921880,Pflegusch/metasploit-module-research,modules/exploits/osx/afp/loginext.rb,a3ebeae8802ac3df88ba9c10d7fef749d3155ead,CVE-2004-0430
618921880,Pflegusch/metasploit-module-research,modules/exploits/osx/afp/loginext.rb,a3ebeae8802ac3df88ba9c10d7fef749d3155ead,BID-10271
618921880,Pflegusch/metasploit-module-research,modules/exploits/osx/afp/loginext.rb,a3ebeae8802ac3df88ba9c10d7fef749d3155ead,OSVDB-5762
618921880,Pflegusch/metasploit-module-research,modules/auxiliary/scanner/http/netgear_sph200d_traversal.rb,a3f026cf33231498e8f6893d79bc5f65dbe0ae5e,BID-57660
618921880,Pflegusch/metasploit-module-research,modules/auxiliary/gather/mcafee_epo_xxe.rb,a3f1205c9805064502d1ded3baaefaf1a3bce18c,CVE-2015-0921
618921880,Pflegusch/metasploit-module-research,modules/auxiliary/gather/mcafee_epo_xxe.rb,a3f1205c9805064502d1ded3baaefaf1a3bce18c,CVE-2015-0922
618921880,Pflegusch/metasploit-module-research,modules/auxiliary/dos/dns/bind_tsig.rb,a4543d4d85aea0dacf25ad78554aaed5686eca92,CVE-2016-2776
618921880,Pflegusch/metasploit-module-research,modules/exploits/multi/http/microfocus_ucmdb_unauth_deser.rb,a46e681439b6c253d5be742c2e4b06f4913a2347,CVE-2020-11854
618921880,Pflegusch/metasploit-module-research,modules/exploits/multi/http/microfocus_ucmdb_unauth_deser.rb,a46e681439b6c253d5be742c2e4b06f4913a2347,CVE-2020-11853
618921880,Pflegusch/metasploit-module-research,modules/auxiliary/admin/misc/sercomm_dump_config.rb,a471d46f0753ddd83e80e2aea07d75921866ceb7,OSVDB-101653
618921880,Pflegusch/metasploit-module-research,modules/auxiliary/dos/wireshark/ldap.rb,a4747bd5e26e634e1e631076170420061150faa7,OSVDB-43840
618921880,Pflegusch/metasploit-module-research,modules/auxiliary/dos/wireshark/ldap.rb,a4747bd5e26e634e1e631076170420061150faa7,CVE-2008-1562
618921880,Pflegusch/metasploit-module-research,modules/exploits/windows/antivirus/ams_hndlrsvc.rb,a475afb1a36cdd39952f0cde405cd476d9e8c8ca,OSVDB-66807
618921880,Pflegusch/metasploit-module-research,modules/exploits/windows/antivirus/ams_hndlrsvc.rb,a475afb1a36cdd39952f0cde405cd476d9e8c8ca,BID-41959
618921880,Pflegusch/metasploit-module-research,modules/exploits/windows/antivirus/ams_hndlrsvc.rb,a475afb1a36cdd39952f0cde405cd476d9e8c8ca,CVE-2010-0111
618921880,Pflegusch/metasploit-module-research,modules/exploits/linux/http/goahead_ldpreload.rb,a48273d0d5caf3cc82623fe40ec4c62e577e5d97,CVE-2017-17562
618921880,Pflegusch/metasploit-module-research,modules/exploits/unix/webapp/spip_connect_exec.rb,a49a074235c2e45704b9035e0e03362d8a67f126,OSVDB-83543
618921880,Pflegusch/metasploit-module-research,modules/exploits/unix/webapp/spip_connect_exec.rb,a49a074235c2e45704b9035e0e03362d8a67f126,BID-54292
618921880,Pflegusch/metasploit-module-research,modules/exploits/linux/http/geutebruck_cmdinject_cve_2021_335xx.rb,a4c0010d6a35281989e758e9131caee98be7e097,CVE-2021-33554
618921880,Pflegusch/metasploit-module-research,modules/exploits/linux/http/geutebruck_cmdinject_cve_2021_335xx.rb,a4c0010d6a35281989e758e9131caee98be7e097,CVE-2021-33544
618921880,Pflegusch/metasploit-module-research,modules/exploits/linux/http/geutebruck_cmdinject_cve_2021_335xx.rb,a4c0010d6a35281989e758e9131caee98be7e097,CVE-2021-33553
618921880,Pflegusch/metasploit-module-research,modules/exploits/linux/http/geutebruck_cmdinject_cve_2021_335xx.rb,a4c0010d6a35281989e758e9131caee98be7e097,CVE-2021-33543
618921880,Pflegusch/metasploit-module-research,modules/exploits/linux/http/geutebruck_cmdinject_cve_2021_335xx.rb,a4c0010d6a35281989e758e9131caee98be7e097,CVE-2021-33551
618921880,Pflegusch/metasploit-module-research,modules/exploits/linux/http/geutebruck_cmdinject_cve_2021_335xx.rb,a4c0010d6a35281989e758e9131caee98be7e097,CVE-2021-33552
618921880,Pflegusch/metasploit-module-research,modules/exploits/linux/http/geutebruck_cmdinject_cve_2021_335xx.rb,a4c0010d6a35281989e758e9131caee98be7e097,CVE-2021-0335
618921880,Pflegusch/metasploit-module-research,modules/exploits/linux/http/geutebruck_cmdinject_cve_2021_335xx.rb,a4c0010d6a35281989e758e9131caee98be7e097,CVE-2021-33548
618921880,Pflegusch/metasploit-module-research,modules/exploits/linux/http/geutebruck_cmdinject_cve_2021_335xx.rb,a4c0010d6a35281989e758e9131caee98be7e097,CVE-2021-33550
618921880,Pflegusch/metasploit-module-research,modules/auxiliary/dos/misc/ibm_sametime_webplayer_dos.rb,a4e154e40c923787503b965fd98def5dc9c09fcd,BID-63611
618921880,Pflegusch/metasploit-module-research,modules/auxiliary/dos/misc/ibm_sametime_webplayer_dos.rb,a4e154e40c923787503b965fd98def5dc9c09fcd,OSVDB-99552
618921880,Pflegusch/metasploit-module-research,modules/auxiliary/dos/misc/ibm_sametime_webplayer_dos.rb,a4e154e40c923787503b965fd98def5dc9c09fcd,CVE-2013-3986
618921880,Pflegusch/metasploit-module-research,modules/exploits/windows/fileformat/abbs_amp_lst.rb,a4ec912d437de0b43f542ef299680d3f5c100f80,OSVDB-75096
618921880,Pflegusch/metasploit-module-research,modules/auxiliary/admin/networking/cisco_vpn_3000_ftp_bypass.rb,a4fea3e2ee35375bde75720b4af0ef50b6bb7c53,OSVDB-28138
618921880,Pflegusch/metasploit-module-research,modules/auxiliary/admin/networking/cisco_vpn_3000_ftp_bypass.rb,a4fea3e2ee35375bde75720b4af0ef50b6bb7c53,BID-19680
618921880,Pflegusch/metasploit-module-research,modules/auxiliary/admin/networking/cisco_vpn_3000_ftp_bypass.rb,a4fea3e2ee35375bde75720b4af0ef50b6bb7c53,CVE-2006-4313
618921880,Pflegusch/metasploit-module-research,modules/auxiliary/admin/networking/cisco_vpn_3000_ftp_bypass.rb,a4fea3e2ee35375bde75720b4af0ef50b6bb7c53,OSVDB-28139
618921880,Pflegusch/metasploit-module-research,modules/exploits/windows/http/hp_nnm_webappmon_execvp.rb,a50b70f3439d7a1315046d31571dbd0b7114dfed,CVE-2010-2703
618921880,Pflegusch/metasploit-module-research,modules/exploits/windows/http/hp_nnm_webappmon_execvp.rb,a50b70f3439d7a1315046d31571dbd0b7114dfed,BID-41829
618921880,Pflegusch/metasploit-module-research,modules/exploits/windows/http/hp_nnm_webappmon_execvp.rb,a50b70f3439d7a1315046d31571dbd0b7114dfed,OSVDB-66514
618921880,Pflegusch/metasploit-module-research,modules/exploits/windows/browser/malwarebytes_update_exec.rb,a5114fc8ad065736bfbb1c8c7111107f459938f0,CVE-2014-4936
618921880,Pflegusch/metasploit-module-research,modules/exploits/windows/browser/malwarebytes_update_exec.rb,a5114fc8ad065736bfbb1c8c7111107f459938f0,OSVDB-116050
618921880,Pflegusch/metasploit-module-research,modules/exploits/linux/http/supervisor_xmlrpc_exec.rb,a52719d01ebcaf5974d25fd18f15b9875170f263,CVE-2017-11610
618921880,Pflegusch/metasploit-module-research,modules/exploits/windows/browser/adobe_shockwave_rcsl_corruption.rb,a5310f36f969ca8712a0d1f7b16433f7d2f86f9b,CVE-2010-3653
618921880,Pflegusch/metasploit-module-research,modules/exploits/windows/browser/adobe_shockwave_rcsl_corruption.rb,a5310f36f969ca8712a0d1f7b16433f7d2f86f9b,OSVDB-68803
618921880,Pflegusch/metasploit-module-research,modules/exploits/linux/http/zimbra_mboximport_cve_2022_27925.rb,a53958071f5df10a73740a55c246596b7d7dcb7a,CVE-2022-27925
618921880,Pflegusch/metasploit-module-research,modules/exploits/linux/http/zimbra_mboximport_cve_2022_27925.rb,a53958071f5df10a73740a55c246596b7d7dcb7a,CVE-2022-37042
618921880,Pflegusch/metasploit-module-research,modules/exploits/windows/fileformat/kingview_kingmess_kvl.rb,a54799422308c836d49b05ecfb08633710061fb3,OSVDB-89690
618921880,Pflegusch/metasploit-module-research,modules/exploits/windows/fileformat/kingview_kingmess_kvl.rb,a54799422308c836d49b05ecfb08633710061fb3,BID-57909
618921880,Pflegusch/metasploit-module-research,modules/exploits/windows/fileformat/kingview_kingmess_kvl.rb,a54799422308c836d49b05ecfb08633710061fb3,CVE-2012-4711
618921880,Pflegusch/metasploit-module-research,modules/auxiliary/scanner/sap/sap_soap_rfc_system_info.rb,a54d9d87b3230f6f96a2c851536d4f1d52d4869a,CVE-2006-6010
618921880,Pflegusch/metasploit-module-research,modules/exploits/multi/http/phpwiki_ploticus_exec.rb,a56c5b033352ffde303e55f1e9790ad6653adaaf,OSVDB-110576
618921880,Pflegusch/metasploit-module-research,modules/exploits/multi/http/phpwiki_ploticus_exec.rb,a56c5b033352ffde303e55f1e9790ad6653adaaf,CVE-2014-5519
618921880,Pflegusch/metasploit-module-research,modules/auxiliary/admin/zend/java_bridge.rb,a5779e02ab013765c89ca428ac7401a1f0cc9e67,OSVDB-71420
618921880,Pflegusch/metasploit-module-research,modules/exploits/windows/antivirus/symantec_iao.rb,a57de3e6f9c67f786e78deb69ca5c49b8962cc7d,OSVDB-54159
618921880,Pflegusch/metasploit-module-research,modules/exploits/windows/antivirus/symantec_iao.rb,a57de3e6f9c67f786e78deb69ca5c49b8962cc7d,BID-34674
618921880,Pflegusch/metasploit-module-research,modules/exploits/windows/antivirus/symantec_iao.rb,a57de3e6f9c67f786e78deb69ca5c49b8962cc7d,CVE-2009-1430
618921880,Pflegusch/metasploit-module-research,modules/exploits/windows/http/ektron_xslt_exec_ws.rb,a5998412f309ea240af23db60b70b1674b1d9792,CVE-2015-0923
618921880,Pflegusch/metasploit-module-research,modules/exploits/windows/browser/roxio_cineplayer.rb,a5a3d041e4851ae88855ae4684ec97708ed5f3d1,BID-23412
618921880,Pflegusch/metasploit-module-research,modules/exploits/windows/browser/roxio_cineplayer.rb,a5a3d041e4851ae88855ae4684ec97708ed5f3d1,OSVDB-34779
618921880,Pflegusch/metasploit-module-research,modules/exploits/windows/browser/roxio_cineplayer.rb,a5a3d041e4851ae88855ae4684ec97708ed5f3d1,CVE-2007-1559
618921880,Pflegusch/metasploit-module-research,modules/exploits/multi/http/rails_json_yaml_code_exec.rb,a5af3668f1c1cafbd0b7ed4a027fcf296140decd,CVE-2013-0156
618921880,Pflegusch/metasploit-module-research,modules/exploits/multi/http/rails_json_yaml_code_exec.rb,a5af3668f1c1cafbd0b7ed4a027fcf296140decd,CVE-2013-0333
618921880,Pflegusch/metasploit-module-research,modules/exploits/multi/http/rails_json_yaml_code_exec.rb,a5af3668f1c1cafbd0b7ed4a027fcf296140decd,OSVDB-89594
618921880,Pflegusch/metasploit-module-research,modules/exploits/multi/http/eventlog_file_upload.rb,a5b2bf0876fe7d577f99f77783e36672144f6e9c,OSVDB-110642
618921880,Pflegusch/metasploit-module-research,modules/exploits/multi/http/eventlog_file_upload.rb,a5b2bf0876fe7d577f99f77783e36672144f6e9c,CVE-2014-6037
618921880,Pflegusch/metasploit-module-research,modules/exploits/linux/http/apache_couchdb_cmd_exec.rb,a5bc89b6bd6b8563e228c0d420e6a9c7d067d54a,CVE-2017-12635
618921880,Pflegusch/metasploit-module-research,modules/exploits/linux/http/apache_couchdb_cmd_exec.rb,a5bc89b6bd6b8563e228c0d420e6a9c7d067d54a,CVE-2017-12636
618921880,Pflegusch/metasploit-module-research,modules/exploits/multi/http/mobilecartly_upload_exec.rb,a5c424e2bd4115e26bcdc20eccee57e8f87905c3,BID-55399
618921880,Pflegusch/metasploit-module-research,modules/exploits/multi/http/mobilecartly_upload_exec.rb,a5c424e2bd4115e26bcdc20eccee57e8f87905c3,OSVDB-85509
618921880,Pflegusch/metasploit-module-research,modules/exploits/windows/browser/ubisoft_uplay_cmd_exec.rb,a5c5a3152a859c65fc3830ee0cca8d90cc8a121c,OSVDB-84402
618921880,Pflegusch/metasploit-module-research,modules/exploits/windows/browser/ubisoft_uplay_cmd_exec.rb,a5c5a3152a859c65fc3830ee0cca8d90cc8a121c,CVE-2012-4177
618921880,Pflegusch/metasploit-module-research,modules/exploits/linux/misc/aerospike_database_udf_cmd_exec.rb,a5cebc933aac5e40f1be7adf3a82d8423ed30992,CVE-2020-13151
618921880,Pflegusch/metasploit-module-research,modules/exploits/multi/http/traq_plugin_exec.rb,a5d05d1aa489675f588cfc221ba66ae84f8b28ce,OSVDB-77556
618921880,Pflegusch/metasploit-module-research,modules/exploits/windows/local/cve_2022_3699_lenovo_diagnostics_driver.rb,a5e740a8a9b45fd24c5de8f252b3b8b4b3a25d8f,CVE-2022-3699
618921880,Pflegusch/metasploit-module-research,modules/exploits/multi/http/webnms_file_upload.rb,a610b341747e0ba3f10d8fb67eaeb3ee62ba8309,CVE-2016-6600
618921880,Pflegusch/metasploit-module-research,modules/exploits/multi/http/openx_backdoor_php.rb,a648980f7b4c634459c16e1d5ecf3bc1fef3d91e,CVE-2013-4211
618921880,Pflegusch/metasploit-module-research,modules/exploits/multi/http/openx_backdoor_php.rb,a648980f7b4c634459c16e1d5ecf3bc1fef3d91e,OSVDB-96073
618921880,Pflegusch/metasploit-module-research,modules/exploits/windows/fileformat/adobe_toolbutton.rb,a65911a323697b48467430e56b9f12f3b2a4d07d,CVE-2013-3346
618921880,Pflegusch/metasploit-module-research,modules/exploits/windows/fileformat/adobe_toolbutton.rb,a65911a323697b48467430e56b9f12f3b2a4d07d,OSVDB-96745
618921880,Pflegusch/metasploit-module-research,modules/exploits/multi/http/apache_normalize_path_rce.rb,a69c7bef71fde6fd57c091fda5a38f9a933f7b70,CVE-2021-42013
618921880,Pflegusch/metasploit-module-research,modules/exploits/multi/http/apache_normalize_path_rce.rb,a69c7bef71fde6fd57c091fda5a38f9a933f7b70,CVE-2021-41773
618921880,Pflegusch/metasploit-module-research,modules/exploits/linux/http/zen_load_balancer_exec.rb,a6af3c50b1f0e4db1afe47ec497d9fa3cb62a5f4,OSVDB-85654
618921880,Pflegusch/metasploit-module-research,modules/exploits/unix/webapp/openx_banner_edit.rb,a6d1dd306d208550302c0c5b6a3c54d5dfb30f92,BID-37110
618921880,Pflegusch/metasploit-module-research,modules/exploits/unix/webapp/openx_banner_edit.rb,a6d1dd306d208550302c0c5b6a3c54d5dfb30f92,CVE-2009-4098
618921880,Pflegusch/metasploit-module-research,modules/exploits/unix/webapp/openx_banner_edit.rb,a6d1dd306d208550302c0c5b6a3c54d5dfb30f92,OSVDB-60499
618921880,Pflegusch/metasploit-module-research,modules/exploits/windows/local/ms13_005_hwnd_broadcast.rb,a6db8fc5c2314848f1b16090cbb51c60ceec29ad,MS13-005
618921880,Pflegusch/metasploit-module-research,modules/exploits/windows/local/ms13_005_hwnd_broadcast.rb,a6db8fc5c2314848f1b16090cbb51c60ceec29ad,CVE-2013-0008
618921880,Pflegusch/metasploit-module-research,modules/exploits/windows/local/ms13_005_hwnd_broadcast.rb,a6db8fc5c2314848f1b16090cbb51c60ceec29ad,OSVDB-88966
618921880,Pflegusch/metasploit-module-research,modules/exploits/windows/misc/ibm_tsm_rca_dicugetidentify.rb,a6e7a0a2e8e549833fc789dd63b3159b08c3d027,BID-34803
618921880,Pflegusch/metasploit-module-research,modules/exploits/windows/misc/ibm_tsm_rca_dicugetidentify.rb,a6e7a0a2e8e549833fc789dd63b3159b08c3d027,OSVDB-54232
618921880,Pflegusch/metasploit-module-research,modules/exploits/windows/misc/ibm_tsm_rca_dicugetidentify.rb,a6e7a0a2e8e549833fc789dd63b3159b08c3d027,CVE-2008-4828
618921880,Pflegusch/metasploit-module-research,modules/exploits/windows/http/hp_nnm_toolbar_01.rb,a6eb29cc14095dfc396ca5aa6facbbe52b31091d,CVE-2008-0067
618921880,Pflegusch/metasploit-module-research,modules/exploits/windows/http/hp_nnm_toolbar_01.rb,a6eb29cc14095dfc396ca5aa6facbbe52b31091d,BID-33147
618921880,Pflegusch/metasploit-module-research,modules/exploits/windows/http/hp_nnm_toolbar_01.rb,a6eb29cc14095dfc396ca5aa6facbbe52b31091d,OSVDB-53222
618921880,Pflegusch/metasploit-module-research,modules/auxiliary/scanner/telnet/telnet_ruggedcom.rb,a70c1b2114609c92db4aa2b67964cbc3e6712671,CVE-2012-1803
618921880,Pflegusch/metasploit-module-research,modules/exploits/windows/misc/wifi_mouse_rce.rb,a70fb5696fd15aa471d71994c66fcde228b3234c,CVE-2022-3218
618921880,Pflegusch/metasploit-module-research,modules/exploits/windows/http/rejetto_hfs_exec.rb,a71afa9a45223fbc60f3d2fa822610775e3fef50,OSVDB-111386
618921880,Pflegusch/metasploit-module-research,modules/exploits/windows/http/rejetto_hfs_exec.rb,a71afa9a45223fbc60f3d2fa822610775e3fef50,CVE-2014-6287
618921880,Pflegusch/metasploit-module-research,modules/exploits/freebsd/ftp/proftp_telnet_iac.rb,a71d93299f588f19222262c586866284b19c0130,CVE-2010-4221
618921880,Pflegusch/metasploit-module-research,modules/exploits/freebsd/ftp/proftp_telnet_iac.rb,a71d93299f588f19222262c586866284b19c0130,OSVDB-68985
618921880,Pflegusch/metasploit-module-research,modules/exploits/freebsd/ftp/proftp_telnet_iac.rb,a71d93299f588f19222262c586866284b19c0130,BID-44562
618921880,Pflegusch/metasploit-module-research,modules/auxiliary/admin/http/sysaid_sql_creds.rb,a7203f4539ddb7820ba9cd4c7e6ab6a447fc42ec,CVE-2015-2998
618921880,Pflegusch/metasploit-module-research,modules/auxiliary/admin/http/sysaid_sql_creds.rb,a7203f4539ddb7820ba9cd4c7e6ab6a447fc42ec,CVE-2015-2996
618921880,Pflegusch/metasploit-module-research,modules/exploits/windows/antivirus/trendmicro_serverprotect_earthagent.rb,a750eb6e3f60388752cec17d60f5a6ab21b6b590,BID-23866
618921880,Pflegusch/metasploit-module-research,modules/exploits/windows/antivirus/trendmicro_serverprotect_earthagent.rb,a750eb6e3f60388752cec17d60f5a6ab21b6b590,CVE-2007-2508
618921880,Pflegusch/metasploit-module-research,modules/exploits/windows/antivirus/trendmicro_serverprotect_earthagent.rb,a750eb6e3f60388752cec17d60f5a6ab21b6b590,OSVDB-35789
618921880,Pflegusch/metasploit-module-research,modules/auxiliary/dos/dns/bind_tsig_badtime.rb,a75fd74e50667ea481190a0e4f8501d057baf025,CVE-2020-8617
618921880,Pflegusch/metasploit-module-research,modules/exploits/windows/fileformat/wireshark_mpeg_overflow.rb,a797c85cc071c90bac92d1b0954a6d0b5ddac247,CVE-2014-2299
618921880,Pflegusch/metasploit-module-research,modules/exploits/windows/fileformat/wireshark_mpeg_overflow.rb,a797c85cc071c90bac92d1b0954a6d0b5ddac247,BID-66066
618921880,Pflegusch/metasploit-module-research,modules/exploits/windows/nfs/xlink_nfsd.rb,a7d38a96672b42c68ded8154738f8b275189cde4,BID-20941
618921880,Pflegusch/metasploit-module-research,modules/exploits/windows/nfs/xlink_nfsd.rb,a7d38a96672b42c68ded8154738f8b275189cde4,OSVDB-30224
618921880,Pflegusch/metasploit-module-research,modules/exploits/windows/nfs/xlink_nfsd.rb,a7d38a96672b42c68ded8154738f8b275189cde4,CVE-2006-5780
618921880,Pflegusch/metasploit-module-research,modules/exploits/multi/http/jira_hipchat_template.rb,a7e3f5186795fa286ce559a805f73b44b4124dda,CVE-2015-5603
618921880,Pflegusch/metasploit-module-research,modules/exploits/multi/http/jira_hipchat_template.rb,a7e3f5186795fa286ce559a805f73b44b4124dda,BID-76698
618921880,Pflegusch/metasploit-module-research,modules/exploits/multi/browser/firefox_tostring_console_injection.rb,a837bbca43ad2dd24df33aa0b08b18f8fcbd8447,CVE-2013-1670
618921880,Pflegusch/metasploit-module-research,modules/exploits/multi/browser/firefox_tostring_console_injection.rb,a837bbca43ad2dd24df33aa0b08b18f8fcbd8447,CVE-2013-1710
618921880,Pflegusch/metasploit-module-research,modules/exploits/windows/http/osb_uname_jlist.rb,a8459faabd4b44f4be606a2d28d54a7d56e3ef16,OSVDB-66338
618921880,Pflegusch/metasploit-module-research,modules/exploits/windows/http/osb_uname_jlist.rb,a8459faabd4b44f4be606a2d28d54a7d56e3ef16,CVE-2010-0904
618921880,Pflegusch/metasploit-module-research,modules/exploits/windows/browser/enjoysapgui_preparetoposthtml.rb,a84c2bc2c00f9aefb8040ca781e2d7051853bb00,OSVDB-37690
618921880,Pflegusch/metasploit-module-research,modules/exploits/windows/browser/enjoysapgui_preparetoposthtml.rb,a84c2bc2c00f9aefb8040ca781e2d7051853bb00,BID-24772
618921880,Pflegusch/metasploit-module-research,modules/exploits/windows/browser/enjoysapgui_preparetoposthtml.rb,a84c2bc2c00f9aefb8040ca781e2d7051853bb00,CVE-2007-3605
618921880,Pflegusch/metasploit-module-research,modules/exploits/windows/browser/ms06_013_createtextrange.rb,a87946e031c06734e4131ee9d9dab40a6303dd60,BID-17196
618921880,Pflegusch/metasploit-module-research,modules/exploits/windows/browser/ms06_013_createtextrange.rb,a87946e031c06734e4131ee9d9dab40a6303dd60,CVE-2006-1359
618921880,Pflegusch/metasploit-module-research,modules/exploits/windows/browser/ms06_013_createtextrange.rb,a87946e031c06734e4131ee9d9dab40a6303dd60,MS06-013
618921880,Pflegusch/metasploit-module-research,modules/exploits/windows/browser/ms06_013_createtextrange.rb,a87946e031c06734e4131ee9d9dab40a6303dd60,OSVDB-24050
618921880,Pflegusch/metasploit-module-research,modules/auxiliary/scanner/http/bmc_trackit_passwd_reset.rb,a87c308f1d505a698839cc9160c2565e51c2db5c,ZDI-14-419
618921880,Pflegusch/metasploit-module-research,modules/auxiliary/scanner/http/bmc_trackit_passwd_reset.rb,a87c308f1d505a698839cc9160c2565e51c2db5c,CVE-2014-8270
618921880,Pflegusch/metasploit-module-research,modules/exploits/windows/fileformat/netop.rb,a88c72586d15ff242ca6714560a6b7bf262b7a25,OSVDB-72291
618921880,Pflegusch/metasploit-module-research,modules/exploits/multi/http/microfocus_obm_auth_rce.rb,a891fc4c9734d57b216b3dd4a9e1ddfdf7c7774c,CVE-2020-11853
618921880,Pflegusch/metasploit-module-research,modules/post/windows/gather/credentials/whatsupgold_credential_dump.rb,a89871f778d627c7a3c26ca2abe54d0bb2dbb517,CVE-2022-29846
618921880,Pflegusch/metasploit-module-research,modules/post/windows/gather/credentials/whatsupgold_credential_dump.rb,a89871f778d627c7a3c26ca2abe54d0bb2dbb517,CVE-2022-29845
618921880,Pflegusch/metasploit-module-research,modules/post/windows/gather/credentials/whatsupgold_credential_dump.rb,a89871f778d627c7a3c26ca2abe54d0bb2dbb517,CVE-2022-29848
618921880,Pflegusch/metasploit-module-research,modules/post/windows/gather/credentials/whatsupgold_credential_dump.rb,a89871f778d627c7a3c26ca2abe54d0bb2dbb517,CVE-2022-29847
618921880,Pflegusch/metasploit-module-research,modules/exploits/windows/browser/winamp_ultravox.rb,a8ee9522682bdc449ef90f812ef39d1c1a814b8d,BID-27344
618921880,Pflegusch/metasploit-module-research,modules/exploits/windows/browser/winamp_ultravox.rb,a8ee9522682bdc449ef90f812ef39d1c1a814b8d,OSVDB-41707
618921880,Pflegusch/metasploit-module-research,modules/exploits/windows/browser/winamp_ultravox.rb,a8ee9522682bdc449ef90f812ef39d1c1a814b8d,CVE-2008-0065
618921880,Pflegusch/metasploit-module-research,modules/exploits/freebsd/local/rtld_execl_priv_esc.rb,a8fc2af5bc588093e38956af1ca128d33f904615,CVE-2009-4147
618921880,Pflegusch/metasploit-module-research,modules/exploits/freebsd/local/rtld_execl_priv_esc.rb,a8fc2af5bc588093e38956af1ca128d33f904615,CVE-2009-4146
618921880,Pflegusch/metasploit-module-research,modules/exploits/freebsd/local/rtld_execl_priv_esc.rb,a8fc2af5bc588093e38956af1ca128d33f904615,BID-37154
618921880,Pflegusch/metasploit-module-research,modules/exploits/multi/browser/adobe_flash_nellymoser_bof.rb,a8fcad18ced4444ab1a8fe865851f7664ec3d0b6,CVE-2015-3043
618921880,Pflegusch/metasploit-module-research,modules/exploits/multi/browser/adobe_flash_nellymoser_bof.rb,a8fcad18ced4444ab1a8fe865851f7664ec3d0b6,CVE-2015-3113
618921880,Pflegusch/metasploit-module-research,modules/exploits/windows/fileformat/cytel_studio_cy3.rb,a91e9428c4edd527862f9504115671d043c19fbb,OSVDB-75991
618921880,Pflegusch/metasploit-module-research,modules/exploits/windows/fileformat/cytel_studio_cy3.rb,a91e9428c4edd527862f9504115671d043c19fbb,BID-49924
618921880,Pflegusch/metasploit-module-research,modules/exploits/windows/fileformat/mymp3player_m3u.rb,a95489d00125ec12ff6b249946f1ce07730662f7,OSVDB-64580
618921880,Pflegusch/metasploit-module-research,modules/auxiliary/admin/http/iis_auth_bypass.rb,a97757a948b0874726802a878b32db743ae663a2,OSVDB-66160
618921880,Pflegusch/metasploit-module-research,modules/auxiliary/admin/http/iis_auth_bypass.rb,a97757a948b0874726802a878b32db743ae663a2,CVE-2010-2731
618921880,Pflegusch/metasploit-module-research,modules/auxiliary/admin/http/iis_auth_bypass.rb,a97757a948b0874726802a878b32db743ae663a2,MS10-065
618921880,Pflegusch/metasploit-module-research,modules/exploits/multi/browser/firefox_proto_crmfrequest.rb,a99b9171c6ba3ad45b0314dea212990231a5eb66,CVE-2013-1710
618921880,Pflegusch/metasploit-module-research,modules/exploits/multi/browser/firefox_proto_crmfrequest.rb,a99b9171c6ba3ad45b0314dea212990231a5eb66,CVE-2012-3993
618921880,Pflegusch/metasploit-module-research,modules/exploits/windows/imap/novell_netmail_subscribe.rb,a9a2cc8b62dceb1532dfc444eb961487a8ed0b68,BID-21728
618921880,Pflegusch/metasploit-module-research,modules/exploits/windows/imap/novell_netmail_subscribe.rb,a9a2cc8b62dceb1532dfc444eb961487a8ed0b68,CVE-2006-6761
618921880,Pflegusch/metasploit-module-research,modules/exploits/windows/imap/novell_netmail_subscribe.rb,a9a2cc8b62dceb1532dfc444eb961487a8ed0b68,OSVDB-31360
618921880,Pflegusch/metasploit-module-research,modules/auxiliary/gather/saltstack_salt_root_key.rb,a9d4e2d6f61d0b990a35778b51500086988cde64,CVE-2020-11652
618921880,Pflegusch/metasploit-module-research,modules/auxiliary/gather/saltstack_salt_root_key.rb,a9d4e2d6f61d0b990a35778b51500086988cde64,CVE-2020-11651
618921880,Pflegusch/metasploit-module-research,modules/exploits/windows/misc/itunes_extm3u_bof.rb,a9e9c8fed5c5e9c605ca28d2a9e2f3cc0e18e259,OSVDB-83220
618921880,Pflegusch/metasploit-module-research,modules/exploits/windows/ftp/xlink_server.rb,aa330abc6adcb1ce9045be3e9034b307651febf9,OSVDB-58646
618921880,Pflegusch/metasploit-module-research,modules/exploits/windows/ftp/xlink_server.rb,aa330abc6adcb1ce9045be3e9034b307651febf9,CVE-2006-5792
618921880,Pflegusch/metasploit-module-research,modules/exploits/windows/local/ms13_053_schlamperei.rb,aa37394f79d8e47ec8ea292c27a8b5439c69e87f,CVE-2013-1300
618921880,Pflegusch/metasploit-module-research,modules/exploits/windows/local/ms13_053_schlamperei.rb,aa37394f79d8e47ec8ea292c27a8b5439c69e87f,MS13-053
618921880,Pflegusch/metasploit-module-research,modules/exploits/linux/redis/redis_debian_sandbox_escape.rb,aa44edbd6710f18d3932e2fe2e13af2dc2bebc70,CVE-2022-0543
618921880,Pflegusch/metasploit-module-research,modules/auxiliary/admin/sap/sap_configservlet_exec_noauth.rb,aa85605e4321deb0509db41ed9d8fc86e63b9a00,OSVDB-92704
618921880,Pflegusch/metasploit-module-research,modules/exploits/windows/iis/msadc.rb,aa90a1ff0c088602b8d055b010344daa2b911a0b,CVE-1999-1011
618921880,Pflegusch/metasploit-module-research,modules/exploits/windows/iis/msadc.rb,aa90a1ff0c088602b8d055b010344daa2b911a0b,BID-529
618921880,Pflegusch/metasploit-module-research,modules/exploits/windows/iis/msadc.rb,aa90a1ff0c088602b8d055b010344daa2b911a0b,OSVDB-272
618921880,Pflegusch/metasploit-module-research,modules/exploits/windows/iis/msadc.rb,aa90a1ff0c088602b8d055b010344daa2b911a0b,MS99-025
618921880,Pflegusch/metasploit-module-research,modules/exploits/windows/iis/msadc.rb,aa90a1ff0c088602b8d055b010344daa2b911a0b,MS98-004
618921880,Pflegusch/metasploit-module-research,modules/exploits/unix/webapp/qtss_parse_xml_exec.rb,aa95550aab00155d9b154e300778ebfea2ebf29f,BID-6954
618921880,Pflegusch/metasploit-module-research,modules/exploits/unix/webapp/qtss_parse_xml_exec.rb,aa95550aab00155d9b154e300778ebfea2ebf29f,OSVDB-10562
618921880,Pflegusch/metasploit-module-research,modules/exploits/unix/webapp/qtss_parse_xml_exec.rb,aa95550aab00155d9b154e300778ebfea2ebf29f,CVE-2003-0050
618921880,Pflegusch/metasploit-module-research,modules/exploits/linux/http/netgear_r7000_cgibin_exec.rb,aa98ed61e6157268daa7388eae418fe42fed404f,CVE-2016-582384
618921880,Pflegusch/metasploit-module-research,modules/exploits/linux/http/netgear_r7000_cgibin_exec.rb,aa98ed61e6157268daa7388eae418fe42fed404f,CVE-2016-6277
618921880,Pflegusch/metasploit-module-research,modules/exploits/windows/fileformat/foxit_title_bof.rb,aa9eb01eacc67db63369b5a67ed61d7b7a1d6d33,OSVDB-68648
618921880,Pflegusch/metasploit-module-research,modules/exploits/windows/fileformat/nitro_reader_jsapi.rb,aab11dea2117873c84e4f2a0bb4f72294d53871e,CVE-2017-7442
618921880,Pflegusch/metasploit-module-research,modules/exploits/windows/fileformat/acdsee_fotoslate_string.rb,ab02c1c4b568c62b0f5ff496418eca748d55ed8d,CVE-2011-2595
618921880,Pflegusch/metasploit-module-research,modules/exploits/windows/fileformat/acdsee_fotoslate_string.rb,ab02c1c4b568c62b0f5ff496418eca748d55ed8d,OSVDB-75425
618921880,Pflegusch/metasploit-module-research,modules/exploits/windows/fileformat/acdsee_fotoslate_string.rb,ab02c1c4b568c62b0f5ff496418eca748d55ed8d,BID-49558
618921880,Pflegusch/metasploit-module-research,modules/exploits/windows/firewall/kerio_auth.rb,ab10347ab5a6cee881ce7a8f8e757ce02ef98515,CVE-2003-0220
618921880,Pflegusch/metasploit-module-research,modules/exploits/windows/firewall/kerio_auth.rb,ab10347ab5a6cee881ce7a8f8e757ce02ef98515,OSVDB-6294
618921880,Pflegusch/metasploit-module-research,modules/exploits/windows/firewall/kerio_auth.rb,ab10347ab5a6cee881ce7a8f8e757ce02ef98515,BID-7180
618921880,Pflegusch/metasploit-module-research,modules/exploits/windows/http/hp_nnm_ovas.rb,ab2619894b963b9f92ecc6348cb562de3386102d,CVE-2008-1697
618921880,Pflegusch/metasploit-module-research,modules/exploits/windows/http/hp_nnm_ovas.rb,ab2619894b963b9f92ecc6348cb562de3386102d,BID-28569
618921880,Pflegusch/metasploit-module-research,modules/exploits/windows/http/hp_nnm_ovas.rb,ab2619894b963b9f92ecc6348cb562de3386102d,OSVDB-43992
618921880,Pflegusch/metasploit-module-research,modules/exploits/android/browser/samsung_knox_smdm_url.rb,ab2809f66c02e82b05532790e09fe39a5559092a,OSVDB-114590
618921880,Pflegusch/metasploit-module-research,modules/auxiliary/scanner/http/wp_easy_wp_smtp.rb,ab2f3a4a2aaba4392eb4f944c9496ead5f5b89f3,CVE-2020-35234
618921880,Pflegusch/metasploit-module-research,modules/auxiliary/scanner/telnet/telnet_encrypt_overflow.rb,ab30cdcc9ad303f82d8f5b8b373c8a2567ad064b,CVE-2011-4862
618921880,Pflegusch/metasploit-module-research,modules/auxiliary/scanner/telnet/telnet_encrypt_overflow.rb,ab30cdcc9ad303f82d8f5b8b373c8a2567ad064b,BID-51182
618921880,Pflegusch/metasploit-module-research,modules/auxiliary/dos/windows/appian/appian_bpm.rb,ab30fa0404a2aa2f682101d7123bc46300ceb50b,OSVDB-39500
618921880,Pflegusch/metasploit-module-research,modules/auxiliary/dos/windows/appian/appian_bpm.rb,ab30fa0404a2aa2f682101d7123bc46300ceb50b,CVE-2007-6509
618921880,Pflegusch/metasploit-module-research,modules/exploits/multi/http/moodle_teacher_enrollment_priv_esc_to_rce.rb,ab6555c4964608dd491090ab8ac5832a5e291543,CVE-2020-14321
618921880,Pflegusch/metasploit-module-research,modules/exploits/windows/misc/hp_operations_agent_coda_8c.rb,ab7f71c2c3bb02a489a63992213bd732b5824402,BID-54362
618921880,Pflegusch/metasploit-module-research,modules/exploits/windows/misc/hp_operations_agent_coda_8c.rb,ab7f71c2c3bb02a489a63992213bd732b5824402,OSVDB-83674
618921880,Pflegusch/metasploit-module-research,modules/exploits/windows/misc/hp_operations_agent_coda_8c.rb,ab7f71c2c3bb02a489a63992213bd732b5824402,CVE-2012-2020
618921880,Pflegusch/metasploit-module-research,modules/exploits/windows/browser/aladdin_choosefilepath_bof.rb,ab8a25a55697f1427bd871ec9c63afc11fde3ea0,OSVDB-86723
618921880,Pflegusch/metasploit-module-research,modules/exploits/windows/http/apache_mod_rewrite_ldap.rb,ab8ba9a6083f14bbb07e638c3183a749d91db178,OSVDB-27588
618921880,Pflegusch/metasploit-module-research,modules/exploits/windows/http/apache_mod_rewrite_ldap.rb,ab8ba9a6083f14bbb07e638c3183a749d91db178,CVE-2006-3747
618921880,Pflegusch/metasploit-module-research,modules/exploits/windows/http/apache_mod_rewrite_ldap.rb,ab8ba9a6083f14bbb07e638c3183a749d91db178,BID-19204
618921880,Pflegusch/metasploit-module-research,modules/exploits/unix/webapp/joomla_contenthistory_sqli_rce.rb,ab8c8cf2a453962193a43d0b656b18fbf99f8d2e,CVE-2015-7297
618921880,Pflegusch/metasploit-module-research,modules/exploits/unix/webapp/joomla_contenthistory_sqli_rce.rb,ab8c8cf2a453962193a43d0b656b18fbf99f8d2e,CVE-2015-7858
618921880,Pflegusch/metasploit-module-research,modules/exploits/unix/webapp/joomla_contenthistory_sqli_rce.rb,ab8c8cf2a453962193a43d0b656b18fbf99f8d2e,CVE-2015-7857
618921880,Pflegusch/metasploit-module-research,modules/exploits/windows/misc/landesk_aolnsrvr.rb,ab8d487fc5243415d9d5c0da69681ef1c6495002,CVE-2007-1674
618921880,Pflegusch/metasploit-module-research,modules/exploits/windows/misc/landesk_aolnsrvr.rb,ab8d487fc5243415d9d5c0da69681ef1c6495002,OSVDB-34964
618921880,Pflegusch/metasploit-module-research,modules/exploits/windows/brightstor/etrust_itm_alert.rb,ab9e7117642c419222228de51c8d05faf8686efe,BID-28605
618921880,Pflegusch/metasploit-module-research,modules/exploits/windows/brightstor/etrust_itm_alert.rb,ab9e7117642c419222228de51c8d05faf8686efe,OSVDB-44040
618921880,Pflegusch/metasploit-module-research,modules/exploits/windows/brightstor/etrust_itm_alert.rb,ab9e7117642c419222228de51c8d05faf8686efe,CVE-2007-4620
618921880,Pflegusch/metasploit-module-research,modules/auxiliary/gather/ibm_sametime_version.rb,abaa5289fbeb93a0928e4fb138ef552666ade0d7,CVE-2013-3982
618921880,Pflegusch/metasploit-module-research,modules/auxiliary/scanner/nntp/nntp_login.rb,abd267ecf303d6d87ac325194cb44a2f5567a7fb,CVE-1999-0502
618921880,Pflegusch/metasploit-module-research,modules/exploits/unix/webapp/mambo_cache_lite.rb,abd36f97c62c315c892a7ba5a49a153bb682ded1,BID-29716
618921880,Pflegusch/metasploit-module-research,modules/exploits/unix/webapp/mambo_cache_lite.rb,abd36f97c62c315c892a7ba5a49a153bb682ded1,CVE-2008-2905
618921880,Pflegusch/metasploit-module-research,modules/exploits/unix/webapp/mambo_cache_lite.rb,abd36f97c62c315c892a7ba5a49a153bb682ded1,OSVDB-46173
618921880,Pflegusch/metasploit-module-research,modules/auxiliary/dos/http/sonicwall_ssl_format.rb,abe854540dd06c40d9c51a2747066fe576d95d25,OSVDB-54881
618921880,Pflegusch/metasploit-module-research,modules/auxiliary/dos/http/sonicwall_ssl_format.rb,abe854540dd06c40d9c51a2747066fe576d95d25,BID-35145
618921880,Pflegusch/metasploit-module-research,modules/exploits/linux/local/glibc_ld_audit_dso_load_priv_esc.rb,abf9f44bca2442b57c79497b6fe90522e3bc55c6,CVE-2010-3856
618921880,Pflegusch/metasploit-module-research,modules/exploits/linux/local/glibc_ld_audit_dso_load_priv_esc.rb,abf9f44bca2442b57c79497b6fe90522e3bc55c6,BID-44154
618921880,Pflegusch/metasploit-module-research,modules/exploits/linux/local/glibc_ld_audit_dso_load_priv_esc.rb,abf9f44bca2442b57c79497b6fe90522e3bc55c6,BID-44347
618921880,Pflegusch/metasploit-module-research,modules/exploits/linux/local/glibc_ld_audit_dso_load_priv_esc.rb,abf9f44bca2442b57c79497b6fe90522e3bc55c6,CVE-2010-3847
618921880,Pflegusch/metasploit-module-research,modules/auxiliary/scanner/http/cnpilot_r_web_login_loot.rb,abfe91284e52a9f48a65c4e4a30a0f42a0ed77d8,CVE-2017-5260
618921880,Pflegusch/metasploit-module-research,modules/exploits/unix/webapp/jquery_file_upload.rb,ac17d565062a646b9f57d2ca5711e76847529d34,CVE-2018-9206
618921880,Pflegusch/metasploit-module-research,modules/auxiliary/scanner/http/kodi_traversal.rb,ac2ba95283b552bf85bfe8f11015badfc7612798,CVE-2017-5982
618921880,Pflegusch/metasploit-module-research,modules/auxiliary/scanner/db2/db2_auth.rb,ac32f6dab589ee365407bf31f90456f3a67eaec7,CVE-1999-0502
618921880,Pflegusch/metasploit-module-research,modules/exploits/windows/fileformat/visiwave_vwr_type.rb,ac3f563221aa82326198aabea4ddbedd1dabe139,OSVDB-72464
618921880,Pflegusch/metasploit-module-research,modules/exploits/windows/fileformat/visiwave_vwr_type.rb,ac3f563221aa82326198aabea4ddbedd1dabe139,CVE-2011-2386
618921880,Pflegusch/metasploit-module-research,modules/exploits/windows/fileformat/scadaphone_zip.rb,ac45082871d3c0bce9d1f23b325adbc35046ba56,OSVDB-75375
618921880,Pflegusch/metasploit-module-research,modules/exploits/windows/fileformat/scadaphone_zip.rb,ac45082871d3c0bce9d1f23b325adbc35046ba56,CVE-2011-4535
618921880,Pflegusch/metasploit-module-research,modules/exploits/windows/http/hp_nnm_ovwebsnmpsrv_main.rb,ac621c575ea3bbb611554c7a543cf2d500ca0e3c,CVE-2010-1961
618921880,Pflegusch/metasploit-module-research,modules/exploits/windows/http/hp_nnm_ovwebsnmpsrv_main.rb,ac621c575ea3bbb611554c7a543cf2d500ca0e3c,CVE-2010-1964
618921880,Pflegusch/metasploit-module-research,modules/exploits/windows/http/hp_nnm_ovwebsnmpsrv_main.rb,ac621c575ea3bbb611554c7a543cf2d500ca0e3c,BID-40873
618921880,Pflegusch/metasploit-module-research,modules/exploits/windows/http/hp_nnm_ovwebsnmpsrv_main.rb,ac621c575ea3bbb611554c7a543cf2d500ca0e3c,OSVDB-65552
618921880,Pflegusch/metasploit-module-research,modules/exploits/multi/http/openfire_auth_bypass.rb,ac662c5e2adf8d56b04b9a75bc2c44eb927b9f56,BID-32189
618921880,Pflegusch/metasploit-module-research,modules/exploits/multi/http/openfire_auth_bypass.rb,ac662c5e2adf8d56b04b9a75bc2c44eb927b9f56,OSVDB-49663
618921880,Pflegusch/metasploit-module-research,modules/exploits/multi/http/openfire_auth_bypass.rb,ac662c5e2adf8d56b04b9a75bc2c44eb927b9f56,CVE-2008-6508
618921880,Pflegusch/metasploit-module-research,modules/exploits/multi/http/novell_servicedesk_rce.rb,ac687b86c3cc8eb994cab3fa03d475dfa7708e97,CVE-2016-1593
618921880,Pflegusch/metasploit-module-research,modules/exploits/windows/scada/igss9_misc.rb,ac6c56748335af1ab08a6c0bd1f2018a6763adaa,CVE-2011-1566
618921880,Pflegusch/metasploit-module-research,modules/exploits/windows/scada/igss9_misc.rb,ac6c56748335af1ab08a6c0bd1f2018a6763adaa,CVE-2011-1565
618921880,Pflegusch/metasploit-module-research,modules/exploits/windows/scada/igss9_misc.rb,ac6c56748335af1ab08a6c0bd1f2018a6763adaa,OSVDB-72349
618921880,Pflegusch/metasploit-module-research,modules/exploits/windows/scada/igss9_misc.rb,ac6c56748335af1ab08a6c0bd1f2018a6763adaa,OSVDB-72354
618921880,Pflegusch/metasploit-module-research,modules/auxiliary/scanner/http/wp_learnpress_sqli.rb,ac834eba79fb96c483d44f04b9fba454f7d5ffd0,CVE-2020-6010
618921880,Pflegusch/metasploit-module-research,modules/exploits/linux/http/oracle_ebs_rce_cve_2022_21587.rb,ac86df7c15fb0fea758980fb26b0f90ede6330f4,CVE-2022-21587
618921880,Pflegusch/metasploit-module-research,modules/auxiliary/admin/dcerpc/cve_2022_26923_certifried.rb,aca52f553ffb20691294872b4066d1aabac77823,CVE-2022-26923
618921880,Pflegusch/metasploit-module-research,modules/exploits/multi/misc/weblogic_deserialize_rawobject.rb,acb04988c882f37a93b9c092221563519ddff643,CVE-2015-4852
618921880,Pflegusch/metasploit-module-research,modules/exploits/linux/http/alienvault_sqli_exec.rb,accec67202bc4bc0ab814d3e06548b34b38b840d,CVE-2016-8581
618921880,Pflegusch/metasploit-module-research,modules/exploits/linux/http/alienvault_sqli_exec.rb,accec67202bc4bc0ab814d3e06548b34b38b840d,OSVDB-106252
618921880,Pflegusch/metasploit-module-research,modules/exploits/osx/local/feedback_assistant_root.rb,acff87d5ae86a1d613afc50a0a285f6e87837bb7,CVE-2019-8565
618921880,Pflegusch/metasploit-module-research,modules/exploits/windows/browser/ms13_055_canchor.rb,ad0e3e4d081e2d5b0342ed297f51bed40b041b2f,CVE-2013-3163
618921880,Pflegusch/metasploit-module-research,modules/exploits/windows/browser/ms13_055_canchor.rb,ad0e3e4d081e2d5b0342ed297f51bed40b041b2f,OSVDB-94981
618921880,Pflegusch/metasploit-module-research,modules/exploits/windows/browser/ms13_055_canchor.rb,ad0e3e4d081e2d5b0342ed297f51bed40b041b2f,MS13-055
618921880,Pflegusch/metasploit-module-research,modules/exploits/unix/webapp/wp_inboundio_marketing_file_upload.rb,ad35cb35695bf88be9e1851ed69cb6d73d848036,OSVDB-119890
618921880,Pflegusch/metasploit-module-research,modules/exploits/windows/misc/manageengine_eventlog_analyzer_rce.rb,ad46d1f0ae7b35dd41a918531127b1bd61c04062,CVE-2015-7387
618921880,Pflegusch/metasploit-module-research,modules/auxiliary/scanner/http/novell_mdm_creds.rb,ad529b02ce4325492636a1aab70a7eb4c87a79fa,OSVDB-91119
618921880,Pflegusch/metasploit-module-research,modules/auxiliary/scanner/http/novell_mdm_creds.rb,ad529b02ce4325492636a1aab70a7eb4c87a79fa,CVE-2013-1081
618921880,Pflegusch/metasploit-module-research,modules/exploits/windows/browser/cisco_playerpt_setsource_surl.rb,ad9c2a613ff4d0972256f6fe0cb5498825e58e40,CVE-2012-0284
618921880,Pflegusch/metasploit-module-research,modules/exploits/windows/browser/cisco_playerpt_setsource_surl.rb,ad9c2a613ff4d0972256f6fe0cb5498825e58e40,BID-54588
618921880,Pflegusch/metasploit-module-research,modules/exploits/windows/browser/cisco_playerpt_setsource_surl.rb,ad9c2a613ff4d0972256f6fe0cb5498825e58e40,OSVDB-84309
618921880,Pflegusch/metasploit-module-research,modules/exploits/unix/http/ctek_skyrouter.rb,ae2884c397a89c724fdc681113e9ae853556496b,OSVDB-77497
618921880,Pflegusch/metasploit-module-research,modules/exploits/unix/http/ctek_skyrouter.rb,ae2884c397a89c724fdc681113e9ae853556496b,CVE-2011-5010
618921880,Pflegusch/metasploit-module-research,modules/exploits/windows/misc/tiny_identd_overflow.rb,ae31b1eb0a8657352080c19adddde77cebc66321,BID-23981
618921880,Pflegusch/metasploit-module-research,modules/exploits/windows/misc/tiny_identd_overflow.rb,ae31b1eb0a8657352080c19adddde77cebc66321,CVE-2007-2711
618921880,Pflegusch/metasploit-module-research,modules/exploits/windows/misc/tiny_identd_overflow.rb,ae31b1eb0a8657352080c19adddde77cebc66321,OSVDB-36053
618921880,Pflegusch/metasploit-module-research,modules/exploits/multi/http/gitea_git_fetch_rce.rb,ae3ebf8593aace41fb31b7b58e169d1c9f8eb6f9,CVE-2022-30781
618921880,Pflegusch/metasploit-module-research,modules/exploits/windows/browser/macrovision_downloadandexecute.rb,ae3f87f013af373c39e27067c0e8077a76d2542f,OSVDB-38347
618921880,Pflegusch/metasploit-module-research,modules/exploits/windows/browser/macrovision_downloadandexecute.rb,ae3f87f013af373c39e27067c0e8077a76d2542f,CVE-2007-5660
618921880,Pflegusch/metasploit-module-research,modules/auxiliary/scanner/smb/smb_ms17_010.rb,ae70207fb337fa6abb8d0df45bf84960a52ade17,CVE-2017-0143
618921880,Pflegusch/metasploit-module-research,modules/auxiliary/scanner/smb/smb_ms17_010.rb,ae70207fb337fa6abb8d0df45bf84960a52ade17,CVE-2017-0144
618921880,Pflegusch/metasploit-module-research,modules/auxiliary/scanner/smb/smb_ms17_010.rb,ae70207fb337fa6abb8d0df45bf84960a52ade17,CVE-2017-0145
618921880,Pflegusch/metasploit-module-research,modules/auxiliary/scanner/smb/smb_ms17_010.rb,ae70207fb337fa6abb8d0df45bf84960a52ade17,CVE-2017-0146
618921880,Pflegusch/metasploit-module-research,modules/auxiliary/scanner/smb/smb_ms17_010.rb,ae70207fb337fa6abb8d0df45bf84960a52ade17,MS17-010
618921880,Pflegusch/metasploit-module-research,modules/auxiliary/scanner/smb/smb_ms17_010.rb,ae70207fb337fa6abb8d0df45bf84960a52ade17,CVE-2017-0147
618921880,Pflegusch/metasploit-module-research,modules/auxiliary/scanner/smb/smb_ms17_010.rb,ae70207fb337fa6abb8d0df45bf84960a52ade17,CVE-2017-0148
618921880,Pflegusch/metasploit-module-research,modules/exploits/multi/http/cups_bash_env_exec.rb,ae9af328919abc5e48299e0a8f1fa813fb1004a7,CVE-2014-6271
618921880,Pflegusch/metasploit-module-research,modules/exploits/multi/http/cups_bash_env_exec.rb,ae9af328919abc5e48299e0a8f1fa813fb1004a7,CVE-2014-6278
618921880,Pflegusch/metasploit-module-research,modules/exploits/multi/http/cups_bash_env_exec.rb,ae9af328919abc5e48299e0a8f1fa813fb1004a7,OSVDB-112004
618921880,Pflegusch/metasploit-module-research,modules/exploits/linux/http/f5_icontrol_rest_ssrf_rce.rb,aea7025ba58d74e33ffaff25a2dbd1fd101fc413,CVE-2021-22986
618921880,Pflegusch/metasploit-module-research,modules/exploits/windows/smb/ms05_039_pnp.rb,aeacc1acde21850330f6bf713d2028f616163594,BID-14513
618921880,Pflegusch/metasploit-module-research,modules/exploits/windows/smb/ms05_039_pnp.rb,aeacc1acde21850330f6bf713d2028f616163594,OSVDB-18605
618921880,Pflegusch/metasploit-module-research,modules/exploits/windows/smb/ms05_039_pnp.rb,aeacc1acde21850330f6bf713d2028f616163594,MS05-039
618921880,Pflegusch/metasploit-module-research,modules/exploits/windows/smb/ms05_039_pnp.rb,aeacc1acde21850330f6bf713d2028f616163594,CVE-2005-1983
618921880,Pflegusch/metasploit-module-research,modules/auxiliary/dos/cisco/ios_telnet_rocem.rb,aeb18c5709ef54b329ed346e2406238b9c31a8d4,BID-96960
618921880,Pflegusch/metasploit-module-research,modules/auxiliary/dos/cisco/ios_telnet_rocem.rb,aeb18c5709ef54b329ed346e2406238b9c31a8d4,CVE-2017-3881
618921880,Pflegusch/metasploit-module-research,modules/exploits/linux/local/abrt_raceabrt_priv_esc.rb,aebead6afa9ac87f449010f57e3bb5c53fd51ec8,CVE-2015-1862
618921880,Pflegusch/metasploit-module-research,modules/exploits/linux/local/abrt_raceabrt_priv_esc.rb,aebead6afa9ac87f449010f57e3bb5c53fd51ec8,BID-75117
618921880,Pflegusch/metasploit-module-research,modules/exploits/linux/local/abrt_raceabrt_priv_esc.rb,aebead6afa9ac87f449010f57e3bb5c53fd51ec8,CVE-2015-3315
618921880,Pflegusch/metasploit-module-research,modules/exploits/windows/nuuo/nuuo_cms_fu.rb,aec4344743ee96c588056b81150e8d59c78f5363,CVE-2018-17936
618921880,Pflegusch/metasploit-module-research,modules/exploits/unix/webapp/wp_creativecontactform_file_upload.rb,af2758e2e38f722a9e8ede22c3ac3fedf8ce5b21,OSVDB-113669
618921880,Pflegusch/metasploit-module-research,modules/exploits/windows/browser/novelliprint_callbackurl.rb,af29528e5cd419b320e1345eaa2c99d36c40b39a,CVE-2010-1527
618921880,Pflegusch/metasploit-module-research,modules/exploits/windows/browser/novelliprint_callbackurl.rb,af29528e5cd419b320e1345eaa2c99d36c40b39a,OSVDB-67411
618921880,Pflegusch/metasploit-module-research,modules/exploits/multi/http/tomcat_mgr_deploy.rb,af43f3c7169a0d421dfa7931ba67c3a968bfdf9f,CVE-2010-0557
618921880,Pflegusch/metasploit-module-research,modules/exploits/multi/http/tomcat_mgr_deploy.rb,af43f3c7169a0d421dfa7931ba67c3a968bfdf9f,OSVDB-60176
618921880,Pflegusch/metasploit-module-research,modules/exploits/multi/http/tomcat_mgr_deploy.rb,af43f3c7169a0d421dfa7931ba67c3a968bfdf9f,CVE-2009-4188
618921880,Pflegusch/metasploit-module-research,modules/exploits/multi/http/tomcat_mgr_deploy.rb,af43f3c7169a0d421dfa7931ba67c3a968bfdf9f,BID-38084
618921880,Pflegusch/metasploit-module-research,modules/exploits/multi/http/tomcat_mgr_deploy.rb,af43f3c7169a0d421dfa7931ba67c3a968bfdf9f,CVE-2010-4094
618921880,Pflegusch/metasploit-module-research,modules/exploits/multi/http/tomcat_mgr_deploy.rb,af43f3c7169a0d421dfa7931ba67c3a968bfdf9f,OSVDB-60670
618921880,Pflegusch/metasploit-module-research,modules/exploits/multi/http/tomcat_mgr_deploy.rb,af43f3c7169a0d421dfa7931ba67c3a968bfdf9f,CVE-2009-3843
618921880,Pflegusch/metasploit-module-research,modules/exploits/multi/http/tomcat_mgr_deploy.rb,af43f3c7169a0d421dfa7931ba67c3a968bfdf9f,OSVDB-60317
618921880,Pflegusch/metasploit-module-research,modules/exploits/multi/http/tomcat_mgr_deploy.rb,af43f3c7169a0d421dfa7931ba67c3a968bfdf9f,CVE-2009-4189
618921880,Pflegusch/metasploit-module-research,modules/exploits/multi/http/tomcat_mgr_deploy.rb,af43f3c7169a0d421dfa7931ba67c3a968bfdf9f,CVE-2009-3548
618921880,Pflegusch/metasploit-module-research,modules/exploits/multi/http/tomcat_mgr_deploy.rb,af43f3c7169a0d421dfa7931ba67c3a968bfdf9f,BID-36954
618921880,Pflegusch/metasploit-module-research,modules/auxiliary/scanner/http/axis_login.rb,af5f0aae9090eff5efb47cedf61c74639f620cc3,CVE-2010-0219
618921880,Pflegusch/metasploit-module-research,modules/auxiliary/scanner/http/axis_login.rb,af5f0aae9090eff5efb47cedf61c74639f620cc3,OSVDB-68662
618921880,Pflegusch/metasploit-module-research,modules/exploits/unix/webapp/tuleap_unserialize_exec.rb,af68e6da259921ae5f037fc5c4ced22a0ce1188a,CVE-2014-8791
618921880,Pflegusch/metasploit-module-research,modules/exploits/windows/http/hp_autopass_license_traversal.rb,af6a320a0b39dfa934ea1b236b4e87c482b77ed5,BID-67989
618921880,Pflegusch/metasploit-module-research,modules/exploits/windows/http/hp_autopass_license_traversal.rb,af6a320a0b39dfa934ea1b236b4e87c482b77ed5,CVE-2013-6221
618921880,Pflegusch/metasploit-module-research,modules/exploits/linux/http/hikvision_cve_2021_36260_blind.rb,af6fd2e935b96c5c8dd730b31705a4d6bbd89152,CVE-2021-36260
618921880,Pflegusch/metasploit-module-research,modules/exploits/windows/lotus/domino_sametime_stmux.rb,afe752f1a4b0d121cc91b0dcbeae371e23226f59,CVE-2008-2499
618921880,Pflegusch/metasploit-module-research,modules/exploits/windows/lotus/domino_sametime_stmux.rb,afe752f1a4b0d121cc91b0dcbeae371e23226f59,BID-29328
618921880,Pflegusch/metasploit-module-research,modules/exploits/windows/lotus/domino_sametime_stmux.rb,afe752f1a4b0d121cc91b0dcbeae371e23226f59,OSVDB-45610
618921880,Pflegusch/metasploit-module-research,modules/exploits/windows/ftp/xlink_client.rb,afee59fa7fca81b9082397ef323ed8b4a8127877,OSVDB-33969
618921880,Pflegusch/metasploit-module-research,modules/exploits/windows/ftp/xlink_client.rb,afee59fa7fca81b9082397ef323ed8b4a8127877,CVE-2006-5792
618921880,Pflegusch/metasploit-module-research,modules/exploits/windows/novell/groupwisemessenger_client.rb,aff23ec35f3c45ee36663001d6cd151a42185dc3,CVE-2008-2703
618921880,Pflegusch/metasploit-module-research,modules/exploits/windows/novell/groupwisemessenger_client.rb,aff23ec35f3c45ee36663001d6cd151a42185dc3,OSVDB-46041
618921880,Pflegusch/metasploit-module-research,modules/exploits/windows/novell/groupwisemessenger_client.rb,aff23ec35f3c45ee36663001d6cd151a42185dc3,BID-29602
618921880,Pflegusch/metasploit-module-research,modules/exploits/linux/http/belkin_login_bof.rb,b006923b04ddb5d622b35640a9900d58297b382e,BID-70977
618921880,Pflegusch/metasploit-module-research,modules/exploits/linux/http/belkin_login_bof.rb,b006923b04ddb5d622b35640a9900d58297b382e,CVE-2014-1635
618921880,Pflegusch/metasploit-module-research,modules/exploits/linux/http/belkin_login_bof.rb,b006923b04ddb5d622b35640a9900d58297b382e,OSVDB-114345
618921880,Pflegusch/metasploit-module-research,modules/exploits/multi/http/wp_plugin_sp_project_document_rce.rb,b00752bb50554bd44991b7783027ebfd9d09f541,CVE-2021-24347
618921880,Pflegusch/metasploit-module-research,modules/exploits/multi/http/gitlab_github_import_rce_cve_2022_2992.rb,b009ec2bb81c208951fffb404580270c6a06172a,CVE-2022-2992
618921880,Pflegusch/metasploit-module-research,modules/exploits/windows/scada/igss_exec_17.rb,b017e67c81dbcf21c27c0f21041101cc4e6cd8f8,CVE-2011-1566
618921880,Pflegusch/metasploit-module-research,modules/exploits/windows/scada/igss_exec_17.rb,b017e67c81dbcf21c27c0f21041101cc4e6cd8f8,OSVDB-72349
618921880,Pflegusch/metasploit-module-research,modules/exploits/linux/http/trueonline_p660hn_v2_rce.rb,b03c505b451e69c445b477890bf60d407ecd291a,CVE-2017-18371
618921880,Pflegusch/metasploit-module-research,modules/exploits/linux/http/trueonline_p660hn_v2_rce.rb,b03c505b451e69c445b477890bf60d407ecd291a,CVE-2017-18370
618921880,Pflegusch/metasploit-module-research,modules/exploits/multi/browser/firefox_pdfjs_privilege_escalation.rb,b04c7a8f1be59e7c4a23ed82a546e23f30fef5b3,CVE-2015-0816
618921880,Pflegusch/metasploit-module-research,modules/exploits/multi/browser/firefox_pdfjs_privilege_escalation.rb,b04c7a8f1be59e7c4a23ed82a546e23f30fef5b3,CVE-2015-0802
618921880,Pflegusch/metasploit-module-research,modules/exploits/multi/misc/persistent_hpca_radexec_exec.rb,b0b28be46d43e732ae9e1e5e71539a1c5b638c11,CVE-2015-1497
618921880,Pflegusch/metasploit-module-research,modules/auxiliary/scanner/ftp/konica_ftp_traversal.rb,b0e30216cb8112dcf0ebd9a8b90ca5df84c1eace,CVE-2015-7603
618921880,Pflegusch/metasploit-module-research,modules/exploits/windows/browser/adobe_cooltype_sing.rb,b0f9504d94cd29ccbf893733c88670880fd964f7,OSVDB-67849
618921880,Pflegusch/metasploit-module-research,modules/exploits/windows/browser/adobe_cooltype_sing.rb,b0f9504d94cd29ccbf893733c88670880fd964f7,CVE-2010-2883
618921880,Pflegusch/metasploit-module-research,modules/exploits/unix/webapp/webmin_upload_exec.rb,b14fc928637a4d57c3ca957a4d318c4fc849e3bb,CVE-2019-9624
618921880,Pflegusch/metasploit-module-research,modules/exploits/multi/http/sysaid_rdslogs_file_upload.rb,b161f4578af6b71d8149922c55e30c65d78d529a,CVE-2015-2995
618921880,Pflegusch/metasploit-module-research,modules/exploits/windows/brightstor/lgserver_multi.rb,b174507456a3c5897856439013b9b657754ef2ff,CVE-2007-3216
618921880,Pflegusch/metasploit-module-research,modules/exploits/windows/brightstor/lgserver_multi.rb,b174507456a3c5897856439013b9b657754ef2ff,OSVDB-35329
618921880,Pflegusch/metasploit-module-research,modules/exploits/windows/brightstor/lgserver_multi.rb,b174507456a3c5897856439013b9b657754ef2ff,BID-24348
618921880,Pflegusch/metasploit-module-research,modules/exploits/windows/http/hpe_sim_76_amf_deserialization.rb,b1a244fc5b9d19ac7254669685aea32e688b16c4,CVE-2020-7200
618921880,Pflegusch/metasploit-module-research,modules/exploits/windows/http/hpe_sim_76_amf_deserialization.rb,b1a244fc5b9d19ac7254669685aea32e688b16c4,ZDI-20-1449
618921880,Pflegusch/metasploit-module-research,modules/exploits/windows/browser/ms13_022_silverlight_script_object.rb,b1ae50ee6b90badafcaa73d4fc46fedcb5b5985b,CVE-2013-0074
618921880,Pflegusch/metasploit-module-research,modules/exploits/windows/browser/ms13_022_silverlight_script_object.rb,b1ae50ee6b90badafcaa73d4fc46fedcb5b5985b,BID-62793
618921880,Pflegusch/metasploit-module-research,modules/exploits/windows/browser/ms13_022_silverlight_script_object.rb,b1ae50ee6b90badafcaa73d4fc46fedcb5b5985b,OSVDB-98223
618921880,Pflegusch/metasploit-module-research,modules/exploits/windows/browser/ms13_022_silverlight_script_object.rb,b1ae50ee6b90badafcaa73d4fc46fedcb5b5985b,MS13-087
618921880,Pflegusch/metasploit-module-research,modules/exploits/windows/browser/ms13_022_silverlight_script_object.rb,b1ae50ee6b90badafcaa73d4fc46fedcb5b5985b,OSVDB-91147
618921880,Pflegusch/metasploit-module-research,modules/exploits/windows/browser/ms13_022_silverlight_script_object.rb,b1ae50ee6b90badafcaa73d4fc46fedcb5b5985b,CVE-2013-3896
618921880,Pflegusch/metasploit-module-research,modules/exploits/windows/browser/ms13_022_silverlight_script_object.rb,b1ae50ee6b90badafcaa73d4fc46fedcb5b5985b,BID-58327
618921880,Pflegusch/metasploit-module-research,modules/exploits/windows/browser/ms13_022_silverlight_script_object.rb,b1ae50ee6b90badafcaa73d4fc46fedcb5b5985b,MS13-022
618921880,Pflegusch/metasploit-module-research,modules/exploits/windows/browser/synactis_connecttosynactis_bof.rb,b1b3007dce8a7f292be49a944e616f185e0b8efe,OSVDB-93754
618921880,Pflegusch/metasploit-module-research,modules/exploits/windows/browser/ms10_022_ie_vbscript_winhlp32.rb,b1b790aedc0c3d76eb6664eafc4b55e492f6a14f,OSVDB-62632
618921880,Pflegusch/metasploit-module-research,modules/exploits/windows/browser/ms10_022_ie_vbscript_winhlp32.rb,b1b790aedc0c3d76eb6664eafc4b55e492f6a14f,MS10-022
618921880,Pflegusch/metasploit-module-research,modules/exploits/windows/browser/ms10_022_ie_vbscript_winhlp32.rb,b1b790aedc0c3d76eb6664eafc4b55e492f6a14f,CVE-2010-0483
618921880,Pflegusch/metasploit-module-research,modules/exploits/linux/local/ufo_privilege_escalation.rb,b1bd8e081e2c10de16d79aae37b83faea7c7b639,BID-100262
618921880,Pflegusch/metasploit-module-research,modules/exploits/linux/local/ufo_privilege_escalation.rb,b1bd8e081e2c10de16d79aae37b83faea7c7b639,CVE-2017-1000112
618921880,Pflegusch/metasploit-module-research,modules/exploits/multi/browser/adobe_flash_shader_job_overflow.rb,b1dbb7810ae924cc4e04210189c686e65eef396c,CVE-2015-3090
618921880,Pflegusch/metasploit-module-research,modules/exploits/linux/ssh/f5_bigip_known_privkey.rb,b227dfda323b2aa50f6c5f85cff675bb7ad44f4f,CVE-2012-1493
618921880,Pflegusch/metasploit-module-research,modules/exploits/linux/ssh/f5_bigip_known_privkey.rb,b227dfda323b2aa50f6c5f85cff675bb7ad44f4f,OSVDB-82780
618921880,Pflegusch/metasploit-module-research,modules/exploits/windows/browser/winzip_fileview.rb,b23f50250800437e6400f96d635a827ce7a5c8df,OSVDB-30433
618921880,Pflegusch/metasploit-module-research,modules/exploits/multi/ftp/wuftpd_site_exec_format.rb,b2417ab1c7e30bf03e9fc707145cf77b8be9cb73,CVE-2000-0573
618921880,Pflegusch/metasploit-module-research,modules/exploits/multi/ftp/wuftpd_site_exec_format.rb,b2417ab1c7e30bf03e9fc707145cf77b8be9cb73,BID-1387
618921880,Pflegusch/metasploit-module-research,modules/exploits/multi/ftp/wuftpd_site_exec_format.rb,b2417ab1c7e30bf03e9fc707145cf77b8be9cb73,OSVDB-11805
618921880,Pflegusch/metasploit-module-research,modules/exploits/multi/browser/java_rhino.rb,b2466a13b6a5b6f7a906a88752a34940614ce9ae,CVE-2011-3544
618921880,Pflegusch/metasploit-module-research,modules/exploits/multi/browser/java_rhino.rb,b2466a13b6a5b6f7a906a88752a34940614ce9ae,OSVDB-76500
618921880,Pflegusch/metasploit-module-research,modules/exploits/windows/imap/novell_netmail_status.rb,b249853e86f03c750ff946f271c52e635a59d11c,BID-15491
618921880,Pflegusch/metasploit-module-research,modules/exploits/windows/imap/novell_netmail_status.rb,b249853e86f03c750ff946f271c52e635a59d11c,CVE-2005-3314
618921880,Pflegusch/metasploit-module-research,modules/exploits/windows/imap/novell_netmail_status.rb,b249853e86f03c750ff946f271c52e635a59d11c,OSVDB-20956
618921880,Pflegusch/metasploit-module-research,modules/exploits/unix/webapp/barracuda_img_exec.rb,b2564a2ccb18dc3384ad3ab66a721abb782a6732,OSVDB-19279
618921880,Pflegusch/metasploit-module-research,modules/exploits/unix/webapp/barracuda_img_exec.rb,b2564a2ccb18dc3384ad3ab66a721abb782a6732,BID-14712
618921880,Pflegusch/metasploit-module-research,modules/exploits/unix/webapp/barracuda_img_exec.rb,b2564a2ccb18dc3384ad3ab66a721abb782a6732,CVE-2005-2847
618921880,Pflegusch/metasploit-module-research,modules/auxiliary/admin/edirectory/edirectory_edirutil.rb,b28a8905ad8e516e8bbfc5616890f6149d73911f,CVE-2008-0926
618921880,Pflegusch/metasploit-module-research,modules/auxiliary/admin/edirectory/edirectory_edirutil.rb,b28a8905ad8e516e8bbfc5616890f6149d73911f,OSVDB-43690
618921880,Pflegusch/metasploit-module-research,modules/auxiliary/admin/edirectory/edirectory_edirutil.rb,b28a8905ad8e516e8bbfc5616890f6149d73911f,BID-28441
618921880,Pflegusch/metasploit-module-research,modules/auxiliary/scanner/http/wp_modern_events_calendar_sqli.rb,b28f2e0405db2d72dbb3765b12c7576093e639d8,CVE-2021-24946
618921880,Pflegusch/metasploit-module-research,modules/exploits/windows/fileformat/audio_coder_m3u.rb,b2a3aa4d62e55db043a561712f7ebf44fc8df798,CVE-2017-8870
618921880,Pflegusch/metasploit-module-research,modules/exploits/windows/fileformat/audio_coder_m3u.rb,b2a3aa4d62e55db043a561712f7ebf44fc8df798,OSVDB-92939
618921880,Pflegusch/metasploit-module-research,modules/exploits/windows/http/solarwinds_storage_manager_sql.rb,b2ce98846edbec1d856b39c431a1f2c8a751fb93,OSVDB-81634
618921880,Pflegusch/metasploit-module-research,modules/auxiliary/dos/windows/ftp/xmeasy570_nlst.rb,b2d29ebb2d42221e09854055070a874fdf1f7081,OSVDB-50837
618921880,Pflegusch/metasploit-module-research,modules/auxiliary/dos/windows/ftp/xmeasy570_nlst.rb,b2d29ebb2d42221e09854055070a874fdf1f7081,CVE-2008-5626
618921880,Pflegusch/metasploit-module-research,modules/exploits/windows/http/sws_connection_bof.rb,b2e2c33028646e5ec93a9d61fe31673069234bc7,OSVDB-84310
618921880,Pflegusch/metasploit-module-research,modules/exploits/windows/http/cogent_datahub_command.rb,b2f644973f9c7223de5baeff79f5fad6bb627c08,CVE-2014-3789
618921880,Pflegusch/metasploit-module-research,modules/exploits/windows/http/cogent_datahub_command.rb,b2f644973f9c7223de5baeff79f5fad6bb627c08,BID-67486
618921880,Pflegusch/metasploit-module-research,modules/exploits/multi/http/extplorer_upload_exec.rb,b32b814265bbb5cd2b064123317575b28278bfdc,OSVDB-88751
618921880,Pflegusch/metasploit-module-research,modules/exploits/multi/http/extplorer_upload_exec.rb,b32b814265bbb5cd2b064123317575b28278bfdc,BID-57058
618921880,Pflegusch/metasploit-module-research,modules/exploits/multi/http/zenworks_configuration_management_upload.rb,b33f2106512b2e8116a04c1f7fc0a8fc3d416a1d,CVE-2015-0779
618921880,Pflegusch/metasploit-module-research,modules/exploits/multi/http/zenworks_configuration_management_upload.rb,b33f2106512b2e8116a04c1f7fc0a8fc3d416a1d,OSVDB-63412
618921880,Pflegusch/metasploit-module-research,modules/exploits/multi/http/zenworks_configuration_management_upload.rb,b33f2106512b2e8116a04c1f7fc0a8fc3d416a1d,OSVDB-120382
618921880,Pflegusch/metasploit-module-research,modules/exploits/multi/http/zenworks_configuration_management_upload.rb,b33f2106512b2e8116a04c1f7fc0a8fc3d416a1d,ZDI-10-078
618921880,Pflegusch/metasploit-module-research,modules/exploits/windows/browser/ovftool_format_string.rb,b3429aff064e911caf920b187d55a0e849b763df,BID-56468
618921880,Pflegusch/metasploit-module-research,modules/exploits/windows/browser/ovftool_format_string.rb,b3429aff064e911caf920b187d55a0e849b763df,OSVDB-87117
618921880,Pflegusch/metasploit-module-research,modules/exploits/windows/browser/ovftool_format_string.rb,b3429aff064e911caf920b187d55a0e849b763df,CVE-2012-3569
618921880,Pflegusch/metasploit-module-research,modules/exploits/windows/browser/ms12_037_same_id.rb,b3438e7bd04aaabd73999bd98d7171216b8fa270,OSVDB-82865
618921880,Pflegusch/metasploit-module-research,modules/exploits/windows/browser/ms12_037_same_id.rb,b3438e7bd04aaabd73999bd98d7171216b8fa270,MS12-037
618921880,Pflegusch/metasploit-module-research,modules/exploits/windows/browser/ms12_037_same_id.rb,b3438e7bd04aaabd73999bd98d7171216b8fa270,CVE-2012-1875
618921880,Pflegusch/metasploit-module-research,modules/exploits/windows/fileformat/corelpdf_fusion_bof.rb,b355d57ee5d99f4f0e0cde45146086c35f9a935a,CVE-2013-3248
618921880,Pflegusch/metasploit-module-research,modules/exploits/windows/fileformat/corelpdf_fusion_bof.rb,b355d57ee5d99f4f0e0cde45146086c35f9a935a,BID-61010
618921880,Pflegusch/metasploit-module-research,modules/exploits/windows/fileformat/corelpdf_fusion_bof.rb,b355d57ee5d99f4f0e0cde45146086c35f9a935a,OSVDB-94933
618921880,Pflegusch/metasploit-module-research,modules/exploits/linux/ssh/cisco_ucs_scpuser.rb,b35937fafb79e1acf96a178b1702001675ebeb02,CVE-2019-1935
618921880,Pflegusch/metasploit-module-research,modules/exploits/windows/fileformat/vlc_realtext.rb,b367a9f766e866b3022632486e99bdf6f147d712,BID-32125
618921880,Pflegusch/metasploit-module-research,modules/exploits/windows/fileformat/vlc_realtext.rb,b367a9f766e866b3022632486e99bdf6f147d712,OSVDB-49809
618921880,Pflegusch/metasploit-module-research,modules/exploits/windows/fileformat/vlc_realtext.rb,b367a9f766e866b3022632486e99bdf6f147d712,CVE-2008-5036
618921880,Pflegusch/metasploit-module-research,modules/exploits/windows/fileformat/proshow_load_bof.rb,b3689088ba7ceaa3b16598e6d84a8f61f6060b11,OSVDB-83745
618921880,Pflegusch/metasploit-module-research,modules/exploits/linux/http/nexus_repo_manager_el_injection.rb,b39b5823514bb6d94d6a968b5ca58512bb08d324,CVE-2020-10199
618921880,Pflegusch/metasploit-module-research,modules/auxiliary/admin/http/vbulletin_upgrade_admin.rb,b3b8774749ea3eaef7b6b83ad68515ffff1426c5,CVE-2013-6129
618921880,Pflegusch/metasploit-module-research,modules/auxiliary/admin/http/vbulletin_upgrade_admin.rb,b3b8774749ea3eaef7b6b83ad68515ffff1426c5,OSVDB-98370
618921880,Pflegusch/metasploit-module-research,modules/auxiliary/scanner/http/hp_sitescope_loadfilecontent_fileaccess.rb,b40d992b7105c6119e531e4c4ee73b4df46298da,BID-55269
618921880,Pflegusch/metasploit-module-research,modules/auxiliary/scanner/http/hp_sitescope_loadfilecontent_fileaccess.rb,b40d992b7105c6119e531e4c4ee73b4df46298da,OSVDB-85118
618921880,Pflegusch/metasploit-module-research,modules/exploits/windows/mssql/lyris_listmanager_weak_pass.rb,b41b23af30819049d63a407d95a459715367dfcc,CVE-2005-4145
618921880,Pflegusch/metasploit-module-research,modules/exploits/windows/mssql/lyris_listmanager_weak_pass.rb,b41b23af30819049d63a407d95a459715367dfcc,OSVDB-21559
618921880,Pflegusch/metasploit-module-research,modules/exploits/multi/http/wp_plugin_backup_guard_rce.rb,b4255d284a6193fce69cf5072456287a61ae8768,CVE-2021-24155
618921880,Pflegusch/metasploit-module-research,modules/exploits/unix/webapp/tikiwiki_graph_formula_exec.rb,b44521933b9e83051a38ebd1f209099d2f2886e1,OSVDB-40478
618921880,Pflegusch/metasploit-module-research,modules/exploits/unix/webapp/tikiwiki_graph_formula_exec.rb,b44521933b9e83051a38ebd1f209099d2f2886e1,CVE-2007-5423
618921880,Pflegusch/metasploit-module-research,modules/exploits/unix/webapp/tikiwiki_graph_formula_exec.rb,b44521933b9e83051a38ebd1f209099d2f2886e1,BID-26006
618921880,Pflegusch/metasploit-module-research,modules/exploits/multi/http/axis2_deployer.rb,b4572c4c29def2eb6a61ba3e9a86c45979bd25c1,OSVDB-68662
618921880,Pflegusch/metasploit-module-research,modules/exploits/multi/http/axis2_deployer.rb,b4572c4c29def2eb6a61ba3e9a86c45979bd25c1,CVE-2010-0219
618921880,Pflegusch/metasploit-module-research,modules/exploits/unix/webapp/get_simple_cms_upload_exec.rb,b49aad87465a4a3db115202f5cd610121feba8be,OSVDB-93034
618921880,Pflegusch/metasploit-module-research,modules/exploits/multi/http/totaljs_cms_widget_exec.rb,b4c2c3f0848e8e227abc552120f589ee644849dc,CVE-2019-15954
618921880,Pflegusch/metasploit-module-research,modules/exploits/windows/browser/kazaa_altnet_heap.rb,b4d33d18e1b14c0d88e4bcbe2383df9b5372ddfc,CVE-2007-5217
618921880,Pflegusch/metasploit-module-research,modules/exploits/windows/browser/kazaa_altnet_heap.rb,b4d33d18e1b14c0d88e4bcbe2383df9b5372ddfc,OSVDB-37785
618921880,Pflegusch/metasploit-module-research,modules/auxiliary/dos/windows/ftp/winftp230_nlst.rb,b500ab874a2754cb37a4fd807ac6d4722f1eb4a1,CVE-2008-5666
618921880,Pflegusch/metasploit-module-research,modules/auxiliary/dos/windows/ftp/winftp230_nlst.rb,b500ab874a2754cb37a4fd807ac6d4722f1eb4a1,OSVDB-49043
618921880,Pflegusch/metasploit-module-research,modules/exploits/apple_ios/browser/safari_libtiff.rb,b521d90947405fc7c95a65201bca9fa36702b818,BID-19283
618921880,Pflegusch/metasploit-module-research,modules/exploits/apple_ios/browser/safari_libtiff.rb,b521d90947405fc7c95a65201bca9fa36702b818,CVE-2006-3459
618921880,Pflegusch/metasploit-module-research,modules/exploits/apple_ios/browser/safari_libtiff.rb,b521d90947405fc7c95a65201bca9fa36702b818,OSVDB-27723
618921880,Pflegusch/metasploit-module-research,modules/exploits/windows/imap/mailenable_status.rb,b526d66e9580b10bba25ba18476d45967795a787,BID-14243
618921880,Pflegusch/metasploit-module-research,modules/exploits/windows/imap/mailenable_status.rb,b526d66e9580b10bba25ba18476d45967795a787,CVE-2005-2278
618921880,Pflegusch/metasploit-module-research,modules/exploits/windows/imap/mailenable_status.rb,b526d66e9580b10bba25ba18476d45967795a787,OSVDB-17844
618921880,Pflegusch/metasploit-module-research,modules/exploits/unix/webapp/fusionpbx_operator_panel_exec_cmd_exec.rb,b528dc2be2201b61e36023483b21e7d949b8c3b3,CVE-2019-11409
618921880,Pflegusch/metasploit-module-research,modules/exploits/windows/browser/ms13_059_cflatmarkuppointer.rb,b52dc27ee564a9136f4f0f8895baa89a1d368ea5,CVE-2013-3184
618921880,Pflegusch/metasploit-module-research,modules/exploits/windows/browser/ms13_059_cflatmarkuppointer.rb,b52dc27ee564a9136f4f0f8895baa89a1d368ea5,MS13-059
618921880,Pflegusch/metasploit-module-research,modules/exploits/windows/browser/ms13_059_cflatmarkuppointer.rb,b52dc27ee564a9136f4f0f8895baa89a1d368ea5,BID-61668
618921880,Pflegusch/metasploit-module-research,modules/exploits/windows/browser/ms13_059_cflatmarkuppointer.rb,b52dc27ee564a9136f4f0f8895baa89a1d368ea5,OSVDB-96182
618921880,Pflegusch/metasploit-module-research,modules/exploits/multi/http/mutiny_subnetmask_exec.rb,b53529a08d1f7bda2ae82a9b35af57d4025139e1,OSVDB-86570
618921880,Pflegusch/metasploit-module-research,modules/exploits/multi/http/mutiny_subnetmask_exec.rb,b53529a08d1f7bda2ae82a9b35af57d4025139e1,CVE-2012-3001
618921880,Pflegusch/metasploit-module-research,modules/exploits/multi/http/mutiny_subnetmask_exec.rb,b53529a08d1f7bda2ae82a9b35af57d4025139e1,BID-56165
618921880,Pflegusch/metasploit-module-research,modules/exploits/windows/misc/citrix_streamprocess.rb,b54a852cfba2643c8336c7dfb8c94d26c6fb079c,OSVDB-70597
618921880,Pflegusch/metasploit-module-research,modules/exploits/linux/http/zimbra_unrar_cve_2022_30333.rb,b5545e4df6a202dc44d9b0ccda3c7c666ffcdbec,CVE-2022-30333
618921880,Pflegusch/metasploit-module-research,modules/exploits/windows/misc/ufo_ai.rb,b567293d4c31d68df03968b0a8fcf3d0c1814f6e,OSVDB-65689
618921880,Pflegusch/metasploit-module-research,modules/exploits/multi/http/spree_searchlogic_exec.rb,b56fc76d177c7422567f508439f843c4ac1e557d,OSVDB-71900
618921880,Pflegusch/metasploit-module-research,modules/exploits/windows/fileformat/adobe_flashplayer_newfunction.rb,b571967c9ec547ea049e68aa36d5be7c93c3c85a,CVE-2010-1297
618921880,Pflegusch/metasploit-module-research,modules/exploits/windows/fileformat/adobe_flashplayer_newfunction.rb,b571967c9ec547ea049e68aa36d5be7c93c3c85a,BID-40586
618921880,Pflegusch/metasploit-module-research,modules/exploits/windows/fileformat/adobe_flashplayer_newfunction.rb,b571967c9ec547ea049e68aa36d5be7c93c3c85a,OSVDB-65141
618921880,Pflegusch/metasploit-module-research,modules/auxiliary/scanner/http/apache_userdir_enum.rb,b5ddc5922170d8963d02d7798802b1343d257cac,OSVDB-637
618921880,Pflegusch/metasploit-module-research,modules/auxiliary/scanner/http/apache_userdir_enum.rb,b5ddc5922170d8963d02d7798802b1343d257cac,CVE-2001-1013
618921880,Pflegusch/metasploit-module-research,modules/auxiliary/scanner/http/apache_userdir_enum.rb,b5ddc5922170d8963d02d7798802b1343d257cac,BID-3335
618921880,Pflegusch/metasploit-module-research,modules/exploits/unix/http/tnftp_savefile.rb,b5f034b367856aa302c01826061dbf56ad814c40,CVE-2014-8517
618921880,Pflegusch/metasploit-module-research,modules/exploits/windows/http/exchange_proxyshell_rce.rb,b5f07ef050d58110490a0af3163ba994ffabcce3,CVE-2021-34523
618921880,Pflegusch/metasploit-module-research,modules/exploits/windows/http/exchange_proxyshell_rce.rb,b5f07ef050d58110490a0af3163ba994ffabcce3,CVE-2021-34473
618921880,Pflegusch/metasploit-module-research,modules/exploits/windows/http/exchange_proxyshell_rce.rb,b5f07ef050d58110490a0af3163ba994ffabcce3,CVE-2021-31207
618921880,Pflegusch/metasploit-module-research,modules/auxiliary/sqli/oracle/dbms_cdc_ipublish.rb,b60b89c0e25092d75d4f42ba000e06f2c0c2783d,CVE-2008-3996
618921880,Pflegusch/metasploit-module-research,modules/auxiliary/sqli/oracle/dbms_cdc_ipublish.rb,b60b89c0e25092d75d4f42ba000e06f2c0c2783d,OSVDB-49321
618921880,Pflegusch/metasploit-module-research,modules/exploits/multi/http/uptime_file_upload_1.rb,b62de020eff5448d0abb39c30b1a1f78223c44e9,OSVDB-100423
618921880,Pflegusch/metasploit-module-research,modules/exploits/multi/http/uptime_file_upload_1.rb,b62de020eff5448d0abb39c30b1a1f78223c44e9,BID-64031
618921880,Pflegusch/metasploit-module-research,modules/exploits/windows/misc/ib_isc_create_database.rb,b632c54530d859b8f87b4e9748f96f46c82de449,OSVDB-38606
618921880,Pflegusch/metasploit-module-research,modules/exploits/windows/misc/ib_isc_create_database.rb,b632c54530d859b8f87b4e9748f96f46c82de449,BID-25917
618921880,Pflegusch/metasploit-module-research,modules/exploits/windows/misc/ib_isc_create_database.rb,b632c54530d859b8f87b4e9748f96f46c82de449,CVE-2007-5243
618921880,Pflegusch/metasploit-module-research,modules/auxiliary/admin/sap/cve_2020_6287_ws_add_user.rb,b6608b1e67c3224ffa429488b64a5e3d94e26f84,CVE-2020-6287
618921880,Pflegusch/metasploit-module-research,modules/exploits/windows/misc/hp_dataprotector_cmd_exec.rb,b67c51d21b0d44ffbbe7119007b6378224613c11,OSVDB-109069
618921880,Pflegusch/metasploit-module-research,modules/exploits/windows/misc/hp_dataprotector_cmd_exec.rb,b67c51d21b0d44ffbbe7119007b6378224613c11,CVE-2014-2623
618921880,Pflegusch/metasploit-module-research,modules/auxiliary/dos/windows/nat/nat_helper.rb,b68d5d4b406d00d09356fae1512ac2d0c769bc70,CVE-2006-5614
618921880,Pflegusch/metasploit-module-research,modules/auxiliary/dos/windows/nat/nat_helper.rb,b68d5d4b406d00d09356fae1512ac2d0c769bc70,BID-20804
618921880,Pflegusch/metasploit-module-research,modules/auxiliary/dos/windows/nat/nat_helper.rb,b68d5d4b406d00d09356fae1512ac2d0c769bc70,OSVDB-30096
618921880,Pflegusch/metasploit-module-research,modules/exploits/linux/misc/quest_pmmasterd_bof.rb,b6aed31d9be33e618e7c53419d12af7bd5a70c27,CVE-2017-6554
618921880,Pflegusch/metasploit-module-research,modules/exploits/linux/misc/quest_pmmasterd_bof.rb,b6aed31d9be33e618e7c53419d12af7bd5a70c27,CVE-2017-6553
618921880,Pflegusch/metasploit-module-research,modules/exploits/windows/iis/iis_webdav_scstoragepathfromurl.rb,b6bfe4ac4a0ad277cf9835c6119da3ebc17834ca,CVE-2017-7269
618921880,Pflegusch/metasploit-module-research,modules/exploits/windows/iis/iis_webdav_scstoragepathfromurl.rb,b6bfe4ac4a0ad277cf9835c6119da3ebc17834ca,BID-97127
618921880,Pflegusch/metasploit-module-research,modules/exploits/unix/http/pihole_dhcp_mac_exec.rb,b6d4420a54f53b6d3cc7ebb192dc1ea642da72c6,CVE-2020-8816
618921880,Pflegusch/metasploit-module-research,modules/exploits/windows/scada/citect_scada_odbc.rb,b73296d393292796077d92de676aedc04e0cdfde,CVE-2008-2639
618921880,Pflegusch/metasploit-module-research,modules/exploits/windows/scada/citect_scada_odbc.rb,b73296d393292796077d92de676aedc04e0cdfde,BID-29634
618921880,Pflegusch/metasploit-module-research,modules/exploits/windows/scada/citect_scada_odbc.rb,b73296d393292796077d92de676aedc04e0cdfde,OSVDB-46105
618921880,Pflegusch/metasploit-module-research,modules/exploits/windows/browser/ms06_057_webview_setslice.rb,b7426c686ef16a939deb7660451c4d34d7b8ba91,MS06-057
618921880,Pflegusch/metasploit-module-research,modules/exploits/windows/browser/ms06_057_webview_setslice.rb,b7426c686ef16a939deb7660451c4d34d7b8ba91,CVE-2006-3730
618921880,Pflegusch/metasploit-module-research,modules/exploits/windows/browser/ms06_057_webview_setslice.rb,b7426c686ef16a939deb7660451c4d34d7b8ba91,BID-19030
618921880,Pflegusch/metasploit-module-research,modules/exploits/windows/browser/ms06_057_webview_setslice.rb,b7426c686ef16a939deb7660451c4d34d7b8ba91,OSVDB-27110
618921880,Pflegusch/metasploit-module-research,modules/exploits/windows/browser/ms06_057_webview_setslice.rb,b7426c686ef16a939deb7660451c4d34d7b8ba91,VU#42
618921880,Pflegusch/metasploit-module-research,modules/exploits/linux/http/trendmicro_sps_exec.rb,b74343bb232b2a56fda9670c7bda03120ac38438,CVE-2016-6267
618921880,Pflegusch/metasploit-module-research,modules/exploits/windows/browser/honeywell_tema_exec.rb,b74ad432813f27bcf676f13c62fad57416807806,BID-50078
618921880,Pflegusch/metasploit-module-research,modules/exploits/windows/browser/honeywell_tema_exec.rb,b74ad432813f27bcf676f13c62fad57416807806,OSVDB-76681
618921880,Pflegusch/metasploit-module-research,modules/exploits/linux/http/linksys_themoon_exec.rb,b7928b05613de2b1822401c779a073e25b3977e0,OSVDB-103321
618921880,Pflegusch/metasploit-module-research,modules/exploits/linux/http/linksys_themoon_exec.rb,b7928b05613de2b1822401c779a073e25b3977e0,BID-65585
618921880,Pflegusch/metasploit-module-research,modules/auxiliary/dos/http/canon_wireless_printer.rb,b795d3f221a71deb5ed07fe38cd2ce26d0415267,CVE-2013-4615
618921880,Pflegusch/metasploit-module-research,modules/exploits/multi/http/phpmyadmin_null_termination_exec.rb,b81d48888de0d24409726af6eccc841f53525c0a,BID-91387
618921880,Pflegusch/metasploit-module-research,modules/exploits/multi/http/phpmyadmin_null_termination_exec.rb,b81d48888de0d24409726af6eccc841f53525c0a,CVE-2016-5734
618921880,Pflegusch/metasploit-module-research,modules/auxiliary/scanner/http/host_header_injection.rb,b8302ea05b504aceda12ae8a6733347f8b9484be,CVE-2016-10073
618921880,Pflegusch/metasploit-module-research,modules/exploits/windows/browser/gom_openurl.rb,b8396b0f2e7374a9bf645196ed5c5eae18d94be6,OSVDB-38282
618921880,Pflegusch/metasploit-module-research,modules/exploits/windows/browser/gom_openurl.rb,b8396b0f2e7374a9bf645196ed5c5eae18d94be6,CVE-2007-5779
618921880,Pflegusch/metasploit-module-research,modules/exploits/unix/webapp/dogfood_spell_exec.rb,b85b0c9f7c8cec876030cc33a57d6f681b754129,OSVDB-54707
618921880,Pflegusch/metasploit-module-research,modules/exploits/windows/ftp/warftpd_165_pass.rb,b86d0880153629b99a6288d9f32f81ca28ef64bf,BID-10078
618921880,Pflegusch/metasploit-module-research,modules/exploits/windows/ftp/warftpd_165_pass.rb,b86d0880153629b99a6288d9f32f81ca28ef64bf,CVE-1999-0256
618921880,Pflegusch/metasploit-module-research,modules/exploits/windows/ftp/warftpd_165_pass.rb,b86d0880153629b99a6288d9f32f81ca28ef64bf,OSVDB-875
618921880,Pflegusch/metasploit-module-research,modules/auxiliary/gather/hikvision_info_disclosure_cve_2017_7921.rb,b871e38fe1e01deeff1ea5ee1f373a2c3d6fb518,CVE-2017-7921
618921880,Pflegusch/metasploit-module-research,modules/exploits/windows/browser/facebook_extractiptc.rb,b872c073f2ca4f42d39dbf54b20dfad51a0ae7b6,BID-27534
618921880,Pflegusch/metasploit-module-research,modules/exploits/windows/browser/facebook_extractiptc.rb,b872c073f2ca4f42d39dbf54b20dfad51a0ae7b6,OSVDB-41073
618921880,Pflegusch/metasploit-module-research,modules/exploits/windows/browser/facebook_extractiptc.rb,b872c073f2ca4f42d39dbf54b20dfad51a0ae7b6,CVE-2008-5711
618921880,Pflegusch/metasploit-module-research,modules/exploits/multi/http/cmsms_showtime2_rce.rb,b87ba0bea85a6f5e55280ddf836ccf6a0aef4868,CVE-2019-9692
618921880,Pflegusch/metasploit-module-research,modules/exploits/multi/http/fortra_goanywhere_rce_cve_2023_0669.rb,b87da710c5bbe59acbe9635e9bf92d8036bb516b,CVE-2023-0669
618921880,Pflegusch/metasploit-module-research,modules/exploits/linux/http/klog_server_authenticate_user_unauth_command_injection.rb,b889c0fbfa82e8d9250a66a60101ce3fecae5d6b,CVE-2020-35729
618921880,Pflegusch/metasploit-module-research,modules/exploits/windows/fileformat/mswin_tiff_overflow.rb,b88fe7730bc82fc9d89369acbc9f97550520d3da,MS13-096
618921880,Pflegusch/metasploit-module-research,modules/exploits/windows/fileformat/mswin_tiff_overflow.rb,b88fe7730bc82fc9d89369acbc9f97550520d3da,CVE-2013-3906
618921880,Pflegusch/metasploit-module-research,modules/exploits/windows/fileformat/mswin_tiff_overflow.rb,b88fe7730bc82fc9d89369acbc9f97550520d3da,OSVDB-99376
618921880,Pflegusch/metasploit-module-research,modules/exploits/windows/ftp/ability_server_stor.rb,b8a8de7eb3ef85d0fd5d0e839abdeb7590ad69c8,CVE-2004-1626
618921880,Pflegusch/metasploit-module-research,modules/exploits/windows/ftp/ability_server_stor.rb,b8a8de7eb3ef85d0fd5d0e839abdeb7590ad69c8,OSVDB-11030
618921880,Pflegusch/metasploit-module-research,modules/exploits/unix/webapp/projectpier_upload_exec.rb,b8b2e25cf359f9966194ada61d6f74f630368c08,OSVDB-85881
618921880,Pflegusch/metasploit-module-research,modules/exploits/windows/dcerpc/cve_2021_1675_printnightmare.rb,b8bff9c516b506c680114ccb328787a0ecb6849d,CVE-2021-34527
618921880,Pflegusch/metasploit-module-research,modules/exploits/windows/dcerpc/cve_2021_1675_printnightmare.rb,b8bff9c516b506c680114ccb328787a0ecb6849d,CVE-2021-1675
618921880,Pflegusch/metasploit-module-research,modules/exploits/windows/http/hp_mpa_job_acct.rb,b8e74c703d9437fea30b4eeed1073534e83063e5,OSVDB-78015
618921880,Pflegusch/metasploit-module-research,modules/exploits/windows/http/hp_mpa_job_acct.rb,b8e74c703d9437fea30b4eeed1073534e83063e5,CVE-2011-4166
618921880,Pflegusch/metasploit-module-research,modules/exploits/windows/http/hp_mpa_job_acct.rb,b8e74c703d9437fea30b4eeed1073534e83063e5,BID-51174
618921880,Pflegusch/metasploit-module-research,modules/exploits/linux/local/polkit_dbus_auth_bypass.rb,b90788cd889a4fa78929abc29dfba69f3fd92da5,CVE-2021-3560
618921880,Pflegusch/metasploit-module-research,modules/exploits/windows/isapi/ms03_051_fp30reg_chunked.rb,b94617345ccee4c69ca3bb6d48682beabe78814e,BID-9007
618921880,Pflegusch/metasploit-module-research,modules/exploits/windows/isapi/ms03_051_fp30reg_chunked.rb,b94617345ccee4c69ca3bb6d48682beabe78814e,OSVDB-2952
618921880,Pflegusch/metasploit-module-research,modules/exploits/windows/isapi/ms03_051_fp30reg_chunked.rb,b94617345ccee4c69ca3bb6d48682beabe78814e,MS03-051
618921880,Pflegusch/metasploit-module-research,modules/exploits/windows/isapi/ms03_051_fp30reg_chunked.rb,b94617345ccee4c69ca3bb6d48682beabe78814e,CVE-2003-0822
618921880,Pflegusch/metasploit-module-research,modules/auxiliary/scanner/http/webpagetest_traversal.rb,b955cb731980cf8643a812c3965764ff2a56f444,OSVDB-83817
618921880,Pflegusch/metasploit-module-research,modules/auxiliary/admin/http/netgear_r7000_backup_cgi_heap_overflow_rce.rb,b97aadf5097ed28f6b76689b6c691b0c9b02aea0,CVE-2021-31802
618921880,Pflegusch/metasploit-module-research,modules/exploits/openbsd/local/dynamic_loader_chpass_privesc.rb,b98aac2412644faa8d7bc6b53eee04674daad219,CVE-2019-19726
618921880,Pflegusch/metasploit-module-research,modules/exploits/linux/http/microfocus_secure_messaging_gateway.rb,b99748968f1220ec11750bb83f1a2baa789325cb,CVE-2018-12464
618921880,Pflegusch/metasploit-module-research,modules/exploits/linux/http/microfocus_secure_messaging_gateway.rb,b99748968f1220ec11750bb83f1a2baa789325cb,CVE-2018-12465
618921880,Pflegusch/metasploit-module-research,modules/exploits/windows/ftp/scriptftp_list.rb,b9b8698374162334ae51a7cd09f7ec9f2dfb6eaf,CVE-2011-3976
618921880,Pflegusch/metasploit-module-research,modules/exploits/windows/ftp/scriptftp_list.rb,b9b8698374162334ae51a7cd09f7ec9f2dfb6eaf,OSVDB-75633
618921880,Pflegusch/metasploit-module-research,modules/encoders/x86/avoid_underscore_tolower.rb,b9bc51bbfd7156b56fc331c1cfb2327b323eb789,CVE-2012-2329
618921880,Pflegusch/metasploit-module-research,modules/exploits/windows/fileformat/deepburner_path.rb,b9c3ac302f537155b34ea9315cefe4d7e434b311,OSVDB-32356
618921880,Pflegusch/metasploit-module-research,modules/exploits/windows/fileformat/deepburner_path.rb,b9c3ac302f537155b34ea9315cefe4d7e434b311,BID-21657
618921880,Pflegusch/metasploit-module-research,modules/exploits/windows/fileformat/deepburner_path.rb,b9c3ac302f537155b34ea9315cefe4d7e434b311,CVE-2006-6665
618921880,Pflegusch/metasploit-module-research,modules/exploits/windows/scada/moxa_mdmtool.rb,b9ebef21cf2a2a94542a33bf80966a0d80d3b25f,OSVDB-69027
618921880,Pflegusch/metasploit-module-research,modules/exploits/windows/scada/moxa_mdmtool.rb,b9ebef21cf2a2a94542a33bf80966a0d80d3b25f,CVE-2010-4741
618921880,Pflegusch/metasploit-module-research,modules/auxiliary/scanner/http/hp_imc_som_file_download.rb,ba00e60a21ffcf49a86e237919a261484c0874e2,CVE-2013-4826
618921880,Pflegusch/metasploit-module-research,modules/auxiliary/scanner/http/hp_imc_som_file_download.rb,ba00e60a21ffcf49a86e237919a261484c0874e2,OSVDB-98251
618921880,Pflegusch/metasploit-module-research,modules/auxiliary/scanner/http/hp_imc_som_file_download.rb,ba00e60a21ffcf49a86e237919a261484c0874e2,BID-62898
618921880,Pflegusch/metasploit-module-research,modules/exploits/linux/http/cisco_ucs_cloupia_script_rce.rb,ba4688a009ce8f197839780b500c29be99eb5271,CVE-2020-3250
618921880,Pflegusch/metasploit-module-research,modules/exploits/linux/http/cisco_ucs_cloupia_script_rce.rb,ba4688a009ce8f197839780b500c29be99eb5271,CVE-2020-3243
618921880,Pflegusch/metasploit-module-research,modules/exploits/multi/http/atutor_upload_traversal.rb,ba8906df7caf91c224ae7ce6cbd4cedb248c3e14,CVE-2019-12169
618921880,Pflegusch/metasploit-module-research,modules/exploits/windows/browser/apple_quicktime_marshaled_punk.rb,babf722e31eb1687a3017df44b782430351cf4a5,CVE-2010-1818
618921880,Pflegusch/metasploit-module-research,modules/exploits/windows/browser/apple_quicktime_marshaled_punk.rb,babf722e31eb1687a3017df44b782430351cf4a5,OSVDB-67705
618921880,Pflegusch/metasploit-module-research,modules/exploits/multi/browser/java_jre17_provider_skeleton.rb,bac7afad539771551b8d8d092f175af2e283dca9,OSVDB-94346
618921880,Pflegusch/metasploit-module-research,modules/exploits/multi/browser/java_jre17_provider_skeleton.rb,bac7afad539771551b8d8d092f175af2e283dca9,CVE-2013-2460
618921880,Pflegusch/metasploit-module-research,modules/exploits/linux/http/qnap_qcenter_change_passwd_exec.rb,bacacd3416f022a9c87b6561c0369adbcb6827d9,CVE-2018-0707
618921880,Pflegusch/metasploit-module-research,modules/exploits/linux/http/qnap_qcenter_change_passwd_exec.rb,bacacd3416f022a9c87b6561c0369adbcb6827d9,CVE-2018-0706
618921880,Pflegusch/metasploit-module-research,modules/exploits/windows/motorola/timbuktu_fileupload.rb,bb33ea62cb6c3e642ae5cf12594dbd5a9d6b3c78,OSVDB-43544
618921880,Pflegusch/metasploit-module-research,modules/exploits/windows/motorola/timbuktu_fileupload.rb,bb33ea62cb6c3e642ae5cf12594dbd5a9d6b3c78,CVE-2008-1117
618921880,Pflegusch/metasploit-module-research,modules/exploits/windows/mssql/mssql_payload_sqli.rb,bb3f74427acededc9681fc061b94968d37c97f34,CVE-2000-0402
618921880,Pflegusch/metasploit-module-research,modules/exploits/windows/mssql/mssql_payload_sqli.rb,bb3f74427acededc9681fc061b94968d37c97f34,CVE-2000-1209
618921880,Pflegusch/metasploit-module-research,modules/exploits/windows/mssql/mssql_payload_sqli.rb,bb3f74427acededc9681fc061b94968d37c97f34,OSVDB-557
618921880,Pflegusch/metasploit-module-research,modules/exploits/windows/mssql/mssql_payload_sqli.rb,bb3f74427acededc9681fc061b94968d37c97f34,BID-4797
618921880,Pflegusch/metasploit-module-research,modules/exploits/windows/mssql/mssql_payload_sqli.rb,bb3f74427acededc9681fc061b94968d37c97f34,OSVDB-15757
618921880,Pflegusch/metasploit-module-research,modules/exploits/windows/mssql/mssql_payload_sqli.rb,bb3f74427acededc9681fc061b94968d37c97f34,BID-1281
618921880,Pflegusch/metasploit-module-research,modules/auxiliary/scanner/http/novell_file_reporter_fsfui_fileaccess.rb,bb4d0104ed03ebc29c61de89da1e7962c3e91df7,CVE-2012-4958
618921880,Pflegusch/metasploit-module-research,modules/auxiliary/scanner/http/novell_file_reporter_fsfui_fileaccess.rb,bb4d0104ed03ebc29c61de89da1e7962c3e91df7,CVE-2012-4959
618921880,Pflegusch/metasploit-module-research,modules/auxiliary/scanner/http/apache_optionsbleed.rb,bb5bae5b5208593d2a858985cfce95b2847c5b17,CVE-2017-9798
618921880,Pflegusch/metasploit-module-research,modules/auxiliary/admin/http/netgear_r6700_pass_reset.rb,bb68523b164023ed397f303f7a0638dce93410a6,ZDI-20-704
618921880,Pflegusch/metasploit-module-research,modules/auxiliary/admin/http/netgear_r6700_pass_reset.rb,bb68523b164023ed397f303f7a0638dce93410a6,CVE-2020-10923
618921880,Pflegusch/metasploit-module-research,modules/auxiliary/admin/http/netgear_r6700_pass_reset.rb,bb68523b164023ed397f303f7a0638dce93410a6,CVE-2020-10924
618921880,Pflegusch/metasploit-module-research,modules/auxiliary/admin/http/netgear_r6700_pass_reset.rb,bb68523b164023ed397f303f7a0638dce93410a6,ZDI-20-703
618921880,Pflegusch/metasploit-module-research,modules/exploits/unix/webapp/php_vbulletin_template.rb,bb6a7b1fb77b6818dbe1834cf9228acd1cc31b3c,BID-12622
618921880,Pflegusch/metasploit-module-research,modules/exploits/unix/webapp/php_vbulletin_template.rb,bb6a7b1fb77b6818dbe1834cf9228acd1cc31b3c,OSVDB-14047
618921880,Pflegusch/metasploit-module-research,modules/exploits/unix/webapp/php_vbulletin_template.rb,bb6a7b1fb77b6818dbe1834cf9228acd1cc31b3c,CVE-2005-0511
618921880,Pflegusch/metasploit-module-research,modules/exploits/linux/http/vcms_upload.rb,bb77c73ea23a4a7309632dd5b4e07d2412558e98,BID-50706
618921880,Pflegusch/metasploit-module-research,modules/exploits/linux/http/vcms_upload.rb,bb77c73ea23a4a7309632dd5b4e07d2412558e98,CVE-2011-4828
618921880,Pflegusch/metasploit-module-research,modules/exploits/linux/http/vcms_upload.rb,bb77c73ea23a4a7309632dd5b4e07d2412558e98,OSVDB-77183
618921880,Pflegusch/metasploit-module-research,modules/auxiliary/admin/http/dlink_dir_645_password_extractor.rb,bb9834abb4d3b705f50e186b5f6ca0516f1a5d81,BID-58231
618921880,Pflegusch/metasploit-module-research,modules/auxiliary/admin/http/dlink_dir_645_password_extractor.rb,bb9834abb4d3b705f50e186b5f6ca0516f1a5d81,OSVDB-90733
618921880,Pflegusch/metasploit-module-research,modules/exploits/windows/lotus/domino_http_accept_language.rb,bbb2e45854b8acc3413afaeb42e1879fa95d6c70,BID-29310
618921880,Pflegusch/metasploit-module-research,modules/exploits/windows/lotus/domino_http_accept_language.rb,bbb2e45854b8acc3413afaeb42e1879fa95d6c70,OSVDB-45415
618921880,Pflegusch/metasploit-module-research,modules/exploits/windows/lotus/domino_http_accept_language.rb,bbb2e45854b8acc3413afaeb42e1879fa95d6c70,CVE-2008-2240
618921880,Pflegusch/metasploit-module-research,modules/exploits/unix/webapp/hastymail_exec.rb,bbde12831c434f0c3291d5ea90489a773274c731,OSVDB-77331
618921880,Pflegusch/metasploit-module-research,modules/exploits/unix/webapp/hastymail_exec.rb,bbde12831c434f0c3291d5ea90489a773274c731,CVE-2011-4542
618921880,Pflegusch/metasploit-module-research,modules/exploits/unix/webapp/hastymail_exec.rb,bbde12831c434f0c3291d5ea90489a773274c731,BID-50791
618921880,Pflegusch/metasploit-module-research,modules/exploits/linux/http/dlink_upnp_exec_noauth.rb,bbe2af14aa37fa1fcbd11cd812b61cb277647278,CVE-2014-8361
618921880,Pflegusch/metasploit-module-research,modules/exploits/linux/http/dlink_upnp_exec_noauth.rb,bbe2af14aa37fa1fcbd11cd812b61cb277647278,OSVDB-94924
618921880,Pflegusch/metasploit-module-research,modules/exploits/linux/http/dlink_upnp_exec_noauth.rb,bbe2af14aa37fa1fcbd11cd812b61cb277647278,BID-61005
618921880,Pflegusch/metasploit-module-research,modules/exploits/windows/http/shoutcast_format.rb,bbf84f4ab172c0485a3daa10f87c45f42e303ce8,OSVDB-12585
618921880,Pflegusch/metasploit-module-research,modules/exploits/windows/http/shoutcast_format.rb,bbf84f4ab172c0485a3daa10f87c45f42e303ce8,CVE-2004-1373
618921880,Pflegusch/metasploit-module-research,modules/exploits/windows/http/shoutcast_format.rb,bbf84f4ab172c0485a3daa10f87c45f42e303ce8,BID-12096
618921880,Pflegusch/metasploit-module-research,modules/post/windows/gather/forensics/fanny_bmp_check.rb,bc134a886653d0d1d5a76d78050b57ef7f952b1c,CVE-2010-2568
618921880,Pflegusch/metasploit-module-research,modules/exploits/windows/local/anyconnect_lpe.rb,bc298419362a6e8eca3ba5bad7f851ccd4f2fcac,CVE-2020-3434
618921880,Pflegusch/metasploit-module-research,modules/exploits/windows/local/anyconnect_lpe.rb,bc298419362a6e8eca3ba5bad7f851ccd4f2fcac,CVE-2020-3153
618921880,Pflegusch/metasploit-module-research,modules/exploits/windows/local/anyconnect_lpe.rb,bc298419362a6e8eca3ba5bad7f851ccd4f2fcac,CVE-2020-3433
618921880,Pflegusch/metasploit-module-research,modules/exploits/windows/local/cve_2019_1458_wizardopium.rb,bc2ddc8a8f1cb3cae67d284a8a9a82e026c88eee,CVE-2019-1458
618921880,Pflegusch/metasploit-module-research,modules/auxiliary/scanner/http/accellion_fta_statecode_file_read.rb,bc3f747b76e3e788514f19c443c628fffa797ba8,CVE-2015-2856
618921880,Pflegusch/metasploit-module-research,modules/auxiliary/scanner/http/accellion_fta_statecode_file_read.rb,bc3f747b76e3e788514f19c443c628fffa797ba8,CVE-2015-2857
618921880,Pflegusch/metasploit-module-research,modules/exploits/multi/http/cuteflow_upload_exec.rb,bc4830af10fc0bd41f5031823ac9c7cefd421866,OSVDB-84829
618921880,Pflegusch/metasploit-module-research,modules/auxiliary/scanner/http/a10networks_ax_directory_traversal.rb,bc4d9a7ac2d0f40de8e8c73e702a6abcef4f793e,OSVDB-102657
618921880,Pflegusch/metasploit-module-research,modules/auxiliary/scanner/http/a10networks_ax_directory_traversal.rb,bc4d9a7ac2d0f40de8e8c73e702a6abcef4f793e,BID-65206
618921880,Pflegusch/metasploit-module-research,modules/exploits/windows/http/novell_imanager_upload.rb,bc88c8c8683458510058a9c499dce4f0114fc84e,OSVDB-68320
618921880,Pflegusch/metasploit-module-research,modules/exploits/windows/fileformat/visio_dxf_bof.rb,bc8969afea7b35209666d330b2726bb76b18d3c3,MS10-028
618921880,Pflegusch/metasploit-module-research,modules/exploits/windows/fileformat/visio_dxf_bof.rb,bc8969afea7b35209666d330b2726bb76b18d3c3,OSVDB-64446
618921880,Pflegusch/metasploit-module-research,modules/exploits/windows/fileformat/visio_dxf_bof.rb,bc8969afea7b35209666d330b2726bb76b18d3c3,BID-39836
618921880,Pflegusch/metasploit-module-research,modules/exploits/osx/local/mac_dirty_cow.rb,bcaa6970b5a2b5de47430e6ed8073359a1558e4e,CVE-2022-46689
618921880,Pflegusch/metasploit-module-research,modules/exploits/windows/browser/symantec_altirisdeployment_downloadandinstall.rb,bce1ba77d78fe34ac247af0edbaeb980a1db7adf,OSVDB-57893
618921880,Pflegusch/metasploit-module-research,modules/exploits/windows/browser/symantec_altirisdeployment_downloadandinstall.rb,bce1ba77d78fe34ac247af0edbaeb980a1db7adf,BID-36346
618921880,Pflegusch/metasploit-module-research,modules/exploits/windows/browser/symantec_altirisdeployment_downloadandinstall.rb,bce1ba77d78fe34ac247af0edbaeb980a1db7adf,CVE-2009-3028
618921880,Pflegusch/metasploit-module-research,modules/exploits/windows/smb/ms08_067_netapi.rb,bd0669a73aa8f8236d059fe73ee62bc360a44fb8,MS08-067
618921880,Pflegusch/metasploit-module-research,modules/exploits/windows/fileformat/syncbreeze_xml.rb,bd34ca0a62d702f9e251437aa0e83db97e591f7a,CVE-2017-7310
618921880,Pflegusch/metasploit-module-research,modules/exploits/windows/fileformat/adobe_flatedecode_predictor02.rb,bd376af938e8fdfa55d76e57e5737e74c05bfc76,OSVDB-58729
618921880,Pflegusch/metasploit-module-research,modules/exploits/windows/fileformat/adobe_flatedecode_predictor02.rb,bd376af938e8fdfa55d76e57e5737e74c05bfc76,BID-36600
618921880,Pflegusch/metasploit-module-research,modules/exploits/windows/fileformat/adobe_flatedecode_predictor02.rb,bd376af938e8fdfa55d76e57e5737e74c05bfc76,CVE-2009-3459
618921880,Pflegusch/metasploit-module-research,modules/exploits/multi/browser/java_jre17_reflection_types.rb,bd63091e74b99e2038918e76f97511e74bbb952a,OSVDB-92348
618921880,Pflegusch/metasploit-module-research,modules/exploits/multi/browser/java_jre17_reflection_types.rb,bd63091e74b99e2038918e76f97511e74bbb952a,CVE-2013-2423
618921880,Pflegusch/metasploit-module-research,modules/exploits/multi/browser/java_jre17_reflection_types.rb,bd63091e74b99e2038918e76f97511e74bbb952a,BID-59162
618921880,Pflegusch/metasploit-module-research,modules/exploits/multi/http/atlassian_confluence_webwork_ognl_injection.rb,bd687e7e9d74630b172d76f924d2b46696e23e7f,CVE-2021-26084
618921880,Pflegusch/metasploit-module-research,modules/exploits/android/fileformat/adobe_reader_pdf_js_interface.rb,bdaccba55f703157a81a71c63f65f5fbf83e59ec,OSVDB-105781
618921880,Pflegusch/metasploit-module-research,modules/exploits/android/fileformat/adobe_reader_pdf_js_interface.rb,bdaccba55f703157a81a71c63f65f5fbf83e59ec,CVE-2014-0514
618921880,Pflegusch/metasploit-module-research,modules/exploits/unix/webapp/wp_slideshowgallery_upload.rb,bddeed12d21a3e80fdd676a0459b930cc9e81d22,CVE-2014-5460
618921880,Pflegusch/metasploit-module-research,modules/auxiliary/gather/wp_bookingpress_category_services_sqli.rb,bde21edec3e8867868960f9e6af82ee5ce5a1291,CVE-2022-0739
618921880,Pflegusch/metasploit-module-research,modules/exploits/windows/misc/ais_esel_server_rce.rb,be0677f4727fb7fb150b176c78a0f12d44f21f9d,CVE-2019-10123
618921880,Pflegusch/metasploit-module-research,modules/auxiliary/admin/http/trendmicro_dlp_traversal.rb,be0f737884b8b44c4f88883a468f869ce1ccc194,OSVDB-47464
618921880,Pflegusch/metasploit-module-research,modules/auxiliary/admin/http/trendmicro_dlp_traversal.rb,be0f737884b8b44c4f88883a468f869ce1ccc194,CVE-2008-2938
618921880,Pflegusch/metasploit-module-research,modules/auxiliary/admin/http/trendmicro_dlp_traversal.rb,be0f737884b8b44c4f88883a468f869ce1ccc194,OSVDB-73447
618921880,Pflegusch/metasploit-module-research,modules/auxiliary/admin/http/trendmicro_dlp_traversal.rb,be0f737884b8b44c4f88883a468f869ce1ccc194,BID-48225
618921880,Pflegusch/metasploit-module-research,modules/exploits/windows/misc/gimp_script_fu.rb,be1f15130c01b822a23d01a809ddeeb245f00e72,CVE-2012-2763
618921880,Pflegusch/metasploit-module-research,modules/exploits/windows/misc/gimp_script_fu.rb,be1f15130c01b822a23d01a809ddeeb245f00e72,OSVDB-82429
618921880,Pflegusch/metasploit-module-research,modules/exploits/windows/misc/gimp_script_fu.rb,be1f15130c01b822a23d01a809ddeeb245f00e72,BID-53741
618921880,Pflegusch/metasploit-module-research,modules/exploits/linux/local/docker_runc_escape.rb,be3406f320aef1975df2a836c4f9c642f71510ae,CVE-2018-5736
618921880,Pflegusch/metasploit-module-research,modules/exploits/linux/local/docker_runc_escape.rb,be3406f320aef1975df2a836c4f9c642f71510ae,CVE-2019-5736
618921880,Pflegusch/metasploit-module-research,modules/auxiliary/scanner/ftp/ftp_login.rb,be4d86299b0e7fc68a0dc3ae060f05ebdd4b2f22,CVE-1999-0502
618921880,Pflegusch/metasploit-module-research,modules/exploits/linux/http/control_web_panel_login_cmd_exec.rb,be5e3d3f6b17333680e7c3dca4a8f82dffdd1026,CVE-2022-44877
618921880,Pflegusch/metasploit-module-research,modules/auxiliary/dos/http/brother_debut_dos.rb,be73a019cf5e11a15710b37d183e9b9f5ce1b764,CVE-2017-16249
618921880,Pflegusch/metasploit-module-research,modules/post/windows/gather/forensics/duqu_check.rb,be8a6fdb604fe2051864d6287df12681876a97d5,CVE-2011-3402
618921880,Pflegusch/metasploit-module-research,modules/exploits/linux/misc/accellion_fta_mpipe2.rb,be9dc70239ce3bcc006638c398dd9404523555a4,OSVDB-71362
618921880,Pflegusch/metasploit-module-research,modules/exploits/linux/misc/accellion_fta_mpipe2.rb,be9dc70239ce3bcc006638c398dd9404523555a4,OSVDB-71363
618921880,Pflegusch/metasploit-module-research,modules/exploits/linux/mysql/mysql_yassl_hello.rb,be9e1969cd8a572a789e21c02d395f579982010e,BID-27140
618921880,Pflegusch/metasploit-module-research,modules/exploits/linux/mysql/mysql_yassl_hello.rb,be9e1969cd8a572a789e21c02d395f579982010e,OSVDB-41195
618921880,Pflegusch/metasploit-module-research,modules/exploits/linux/mysql/mysql_yassl_hello.rb,be9e1969cd8a572a789e21c02d395f579982010e,CVE-2008-0226
618921880,Pflegusch/metasploit-module-research,modules/exploits/windows/lpd/niprint.rb,bea6932b75fdd6027d95427c7c56f3665f752119,OSVDB-2774
618921880,Pflegusch/metasploit-module-research,modules/exploits/windows/lpd/niprint.rb,bea6932b75fdd6027d95427c7c56f3665f752119,BID-8968
618921880,Pflegusch/metasploit-module-research,modules/exploits/windows/lpd/niprint.rb,bea6932b75fdd6027d95427c7c56f3665f752119,CVE-2003-1141
618921880,Pflegusch/metasploit-module-research,modules/exploits/windows/fileformat/magix_musikmaker_16_mmm.rb,bf24e2efef2177af4f7782c1980ac913309e7f36,OSVDB-72063
618921880,Pflegusch/metasploit-module-research,modules/auxiliary/admin/dcerpc/cve_2020_1472_zerologon.rb,bf49d85ab81438547639aa894bd19dc5e7be6617,CVE-2020-1472
618921880,Pflegusch/metasploit-module-research,modules/exploits/windows/browser/adobe_flatedecode_predictor02.rb,bf4de63c9a43285c099100d7e6540aed32c38df8,OSVDB-58729
618921880,Pflegusch/metasploit-module-research,modules/exploits/windows/browser/adobe_flatedecode_predictor02.rb,bf4de63c9a43285c099100d7e6540aed32c38df8,CVE-2009-3459
618921880,Pflegusch/metasploit-module-research,modules/exploits/windows/browser/adobe_flatedecode_predictor02.rb,bf4de63c9a43285c099100d7e6540aed32c38df8,BID-36600
618921880,Pflegusch/metasploit-module-research,modules/exploits/windows/scada/winlog_runtime_2.rb,bf6993af3eea6ba4d804b875ba4ebef1b30088c0,OSVDB-82654
618921880,Pflegusch/metasploit-module-research,modules/exploits/windows/scada/winlog_runtime_2.rb,bf6993af3eea6ba4d804b875ba4ebef1b30088c0,CVE-2012-3815
618921880,Pflegusch/metasploit-module-research,modules/exploits/windows/scada/winlog_runtime_2.rb,bf6993af3eea6ba4d804b875ba4ebef1b30088c0,BID-53811
618921880,Pflegusch/metasploit-module-research,modules/exploits/linux/local/af_packet_chocobo_root_priv_esc.rb,bf8fd7aaa133c7d602fae8acda77706bf08c9c2b,BID-94692
618921880,Pflegusch/metasploit-module-research,modules/exploits/linux/local/af_packet_chocobo_root_priv_esc.rb,bf8fd7aaa133c7d602fae8acda77706bf08c9c2b,CVE-2016-8655
618921880,Pflegusch/metasploit-module-research,modules/exploits/multi/http/tomcat_mgr_upload.rb,bf9dffbc96447653157f078684bc87eb58653a8c,CVE-2009-4188
618921880,Pflegusch/metasploit-module-research,modules/exploits/multi/http/tomcat_mgr_upload.rb,bf9dffbc96447653157f078684bc87eb58653a8c,CVE-2009-4189
618921880,Pflegusch/metasploit-module-research,modules/exploits/multi/http/tomcat_mgr_upload.rb,bf9dffbc96447653157f078684bc87eb58653a8c,CVE-2009-3548
618921880,Pflegusch/metasploit-module-research,modules/exploits/multi/http/tomcat_mgr_upload.rb,bf9dffbc96447653157f078684bc87eb58653a8c,OSVDB-60317
618921880,Pflegusch/metasploit-module-research,modules/exploits/multi/http/tomcat_mgr_upload.rb,bf9dffbc96447653157f078684bc87eb58653a8c,OSVDB-60670
618921880,Pflegusch/metasploit-module-research,modules/exploits/multi/http/tomcat_mgr_upload.rb,bf9dffbc96447653157f078684bc87eb58653a8c,BID-38084
618921880,Pflegusch/metasploit-module-research,modules/exploits/multi/http/tomcat_mgr_upload.rb,bf9dffbc96447653157f078684bc87eb58653a8c,BID-36954
618921880,Pflegusch/metasploit-module-research,modules/exploits/multi/http/tomcat_mgr_upload.rb,bf9dffbc96447653157f078684bc87eb58653a8c,OSVDB-60176
618921880,Pflegusch/metasploit-module-research,modules/exploits/multi/http/tomcat_mgr_upload.rb,bf9dffbc96447653157f078684bc87eb58653a8c,CVE-2010-4094
618921880,Pflegusch/metasploit-module-research,modules/exploits/multi/http/tomcat_mgr_upload.rb,bf9dffbc96447653157f078684bc87eb58653a8c,CVE-2010-0557
618921880,Pflegusch/metasploit-module-research,modules/exploits/multi/http/tomcat_mgr_upload.rb,bf9dffbc96447653157f078684bc87eb58653a8c,CVE-2009-3843
618921880,Pflegusch/metasploit-module-research,modules/exploits/windows/misc/hp_ovtrace.rb,bfa2b898cd7e978a90ae4bb227ab161a7340e4fd,OSVDB-39527
618921880,Pflegusch/metasploit-module-research,modules/exploits/windows/misc/hp_ovtrace.rb,bfa2b898cd7e978a90ae4bb227ab161a7340e4fd,BID-25255
618921880,Pflegusch/metasploit-module-research,modules/exploits/windows/misc/hp_ovtrace.rb,bfa2b898cd7e978a90ae4bb227ab161a7340e4fd,CVE-2007-3872
618921880,Pflegusch/metasploit-module-research,modules/exploits/windows/misc/hp_loadrunner_magentproc.rb,bfdef5abcdd437851d1ca67ab7a4d92afd734d8e,CVE-2013-4800
618921880,Pflegusch/metasploit-module-research,modules/exploits/windows/misc/hp_loadrunner_magentproc.rb,bfdef5abcdd437851d1ca67ab7a4d92afd734d8e,OSVDB-95644
618921880,Pflegusch/metasploit-module-research,modules/exploits/unix/webapp/graphite_pickle_exec.rb,c001be5e358511fe565776bfc560a933e9814b3c,CVE-2013-5093
618921880,Pflegusch/metasploit-module-research,modules/exploits/linux/http/symantec_web_gateway_pbcontrol.rb,c006c80602dcf23b5b0dc1d1b64c9bc5b967f5d6,BID-54426
618921880,Pflegusch/metasploit-module-research,modules/exploits/linux/http/symantec_web_gateway_pbcontrol.rb,c006c80602dcf23b5b0dc1d1b64c9bc5b967f5d6,CVE-2012-2953
618921880,Pflegusch/metasploit-module-research,modules/exploits/linux/http/symantec_web_gateway_pbcontrol.rb,c006c80602dcf23b5b0dc1d1b64c9bc5b967f5d6,OSVDB-84120
618921880,Pflegusch/metasploit-module-research,modules/exploits/windows/ftp/wsftp_server_505_xmd5.rb,c00d65ff524591b62a2412b414dc2d2286323756,BID-20076
618921880,Pflegusch/metasploit-module-research,modules/exploits/windows/ftp/wsftp_server_505_xmd5.rb,c00d65ff524591b62a2412b414dc2d2286323756,OSVDB-28939
618921880,Pflegusch/metasploit-module-research,modules/exploits/windows/ftp/wsftp_server_505_xmd5.rb,c00d65ff524591b62a2412b414dc2d2286323756,CVE-2006-4847
618921880,Pflegusch/metasploit-module-research,modules/exploits/windows/fileformat/vlc_mkv.rb,c01af5322fa1248e20fe9cae1a8bd2a875aede76,CVE-2018-11529
618921880,Pflegusch/metasploit-module-research,modules/auxiliary/scanner/misc/java_rmi_server.rb,c05344853238d008fcb814e6eafce1160b2ab934,CVE-2011-3556
618921880,Pflegusch/metasploit-module-research,modules/exploits/unix/webapp/vicidial_manager_send_cmd_exec.rb,c056b141ad163a5ab9b4a4670eaf268d1e406645,OSVDB-98902
618921880,Pflegusch/metasploit-module-research,modules/exploits/unix/webapp/vicidial_manager_send_cmd_exec.rb,c056b141ad163a5ab9b4a4670eaf268d1e406645,OSVDB-98903
618921880,Pflegusch/metasploit-module-research,modules/exploits/unix/webapp/vicidial_manager_send_cmd_exec.rb,c056b141ad163a5ab9b4a4670eaf268d1e406645,BID-63288
618921880,Pflegusch/metasploit-module-research,modules/exploits/unix/webapp/vicidial_manager_send_cmd_exec.rb,c056b141ad163a5ab9b4a4670eaf268d1e406645,CVE-2013-4467
618921880,Pflegusch/metasploit-module-research,modules/exploits/unix/webapp/vicidial_manager_send_cmd_exec.rb,c056b141ad163a5ab9b4a4670eaf268d1e406645,CVE-2013-4468
618921880,Pflegusch/metasploit-module-research,modules/exploits/unix/webapp/vicidial_manager_send_cmd_exec.rb,c056b141ad163a5ab9b4a4670eaf268d1e406645,BID-63340
618921880,Pflegusch/metasploit-module-research,modules/exploits/windows/http/avaya_ccr_imageupload_exec.rb,c065a4ecf9d6d2fb48e4ad10615499b2f4223159,BID-54225
618921880,Pflegusch/metasploit-module-research,modules/exploits/windows/http/avaya_ccr_imageupload_exec.rb,c065a4ecf9d6d2fb48e4ad10615499b2f4223159,OSVDB-83399
618921880,Pflegusch/metasploit-module-research,modules/exploits/windows/http/avaya_ccr_imageupload_exec.rb,c065a4ecf9d6d2fb48e4ad10615499b2f4223159,CVE-2012-3811
618921880,Pflegusch/metasploit-module-research,modules/exploits/windows/scada/indusoft_webstudio_exec.rb,c0a1662937f3eab943cd1243f4b1f3ab542a2124,OSVDB-77179
618921880,Pflegusch/metasploit-module-research,modules/exploits/windows/scada/indusoft_webstudio_exec.rb,c0a1662937f3eab943cd1243f4b1f3ab542a2124,CVE-2011-4051
618921880,Pflegusch/metasploit-module-research,modules/exploits/windows/scada/indusoft_webstudio_exec.rb,c0a1662937f3eab943cd1243f4b1f3ab542a2124,BID-50675
618921880,Pflegusch/metasploit-module-research,modules/exploits/linux/ssh/symantec_smg_ssh.rb,c0cf2e7357e6e12e4476c7b341009265b9eeefa0,BID-55143
618921880,Pflegusch/metasploit-module-research,modules/exploits/linux/ssh/symantec_smg_ssh.rb,c0cf2e7357e6e12e4476c7b341009265b9eeefa0,CVE-2012-3579
618921880,Pflegusch/metasploit-module-research,modules/exploits/linux/ssh/symantec_smg_ssh.rb,c0cf2e7357e6e12e4476c7b341009265b9eeefa0,OSVDB-85028
618921880,Pflegusch/metasploit-module-research,modules/exploits/windows/email/ms07_017_ani_loadimage_chunksize.rb,c0f3f1d0849209fddd150536547b528792b6adc1,CVE-2007-1765
618921880,Pflegusch/metasploit-module-research,modules/exploits/windows/email/ms07_017_ani_loadimage_chunksize.rb,c0f3f1d0849209fddd150536547b528792b6adc1,OSVDB-33629
618921880,Pflegusch/metasploit-module-research,modules/exploits/windows/email/ms07_017_ani_loadimage_chunksize.rb,c0f3f1d0849209fddd150536547b528792b6adc1,MS07-017
618921880,Pflegusch/metasploit-module-research,modules/exploits/windows/email/ms07_017_ani_loadimage_chunksize.rb,c0f3f1d0849209fddd150536547b528792b6adc1,CVE-2007-0038
618921880,Pflegusch/metasploit-module-research,modules/exploits/windows/email/ms07_017_ani_loadimage_chunksize.rb,c0f3f1d0849209fddd150536547b528792b6adc1,BID-23194
618921880,Pflegusch/metasploit-module-research,modules/exploits/linux/http/zyxel_ztp_rce.rb,c1038d2af75377b55dc29e9160698340345dc18f,CVE-2022-30525
618921880,Pflegusch/metasploit-module-research,modules/exploits/multi/misc/weblogic_deserialize_badattrval.rb,c1162a8df66b6bf58c8981af3e6516bf2fe1a9dd,CVE-2020-2555
618921880,Pflegusch/metasploit-module-research,modules/exploits/multi/http/weblogic_admin_handle_rce.rb,c12c890b3aa9c9b558e1f2d069b2c373bbda92ca,CVE-2020-14750
618921880,Pflegusch/metasploit-module-research,modules/exploits/multi/http/weblogic_admin_handle_rce.rb,c12c890b3aa9c9b558e1f2d069b2c373bbda92ca,CVE-2020-14882
618921880,Pflegusch/metasploit-module-research,modules/exploits/multi/http/weblogic_admin_handle_rce.rb,c12c890b3aa9c9b558e1f2d069b2c373bbda92ca,CVE-2020-14883
618921880,Pflegusch/metasploit-module-research,modules/auxiliary/gather/ssllabs_scan.rb,c1315ca0a0acbfa1113c9fd7960c93da16be7197,CVE-2014-0224
618921880,Pflegusch/metasploit-module-research,modules/exploits/windows/http/hp_loadrunner_copyfiletoserver.rb,c150aefd2b45cb443a524840ad11da67271e824d,OSVDB-99231
618921880,Pflegusch/metasploit-module-research,modules/exploits/windows/http/hp_loadrunner_copyfiletoserver.rb,c150aefd2b45cb443a524840ad11da67271e824d,CVE-2013-4837
618921880,Pflegusch/metasploit-module-research,modules/exploits/windows/http/hp_loadrunner_copyfiletoserver.rb,c150aefd2b45cb443a524840ad11da67271e824d,BID-63475
618921880,Pflegusch/metasploit-module-research,modules/exploits/windows/proxy/ccproxy_telnet_ping.rb,c17e4c54722a67d11dae76cbe4c671bbdff6abf3,OSVDB-11593
618921880,Pflegusch/metasploit-module-research,modules/exploits/windows/proxy/ccproxy_telnet_ping.rb,c17e4c54722a67d11dae76cbe4c671bbdff6abf3,CVE-2004-2416
618921880,Pflegusch/metasploit-module-research,modules/exploits/windows/proxy/ccproxy_telnet_ping.rb,c17e4c54722a67d11dae76cbe4c671bbdff6abf3,BID-11666
618921880,Pflegusch/metasploit-module-research,modules/auxiliary/scanner/http/wp_email_sub_news_sqli.rb,c18481dd3180d7625e6a292f027a09ba54b55ab3,CVE-2019-20361
618921880,Pflegusch/metasploit-module-research,modules/exploits/multi/http/rails_xml_yaml_code_exec.rb,c185767ea59576ffbb3d6edbc1a5762d8feba3f5,OSVDB-89026
618921880,Pflegusch/metasploit-module-research,modules/exploits/multi/http/rails_xml_yaml_code_exec.rb,c185767ea59576ffbb3d6edbc1a5762d8feba3f5,CVE-2013-0156
618921880,Pflegusch/metasploit-module-research,modules/exploits/linux/http/netsweeper_webadmin_unixlogin.rb,c185b2eaa8b1bceabe395a344f7740b0ad9e5666,CVE-2020-13167
618921880,Pflegusch/metasploit-module-research,modules/auxiliary/scanner/http/dlink_dir_session_cgi_http_login.rb,c1899f1057ef9af5bacfec9db83c45385de6beb6,CVE-1999-0502
618921880,Pflegusch/metasploit-module-research,modules/auxiliary/sqli/oracle/dbms_cdc_publish.rb,c1a0d5ed428d852a2d3f0727003f535113b75b90,CVE-2008-3995
618921880,Pflegusch/metasploit-module-research,modules/auxiliary/sqli/oracle/dbms_cdc_publish.rb,c1a0d5ed428d852a2d3f0727003f535113b75b90,OSVDB-49320
618921880,Pflegusch/metasploit-module-research,modules/exploits/windows/emc/alphastor_agent.rb,c1b24a4ef4f74590522a6dd6e98346f17e3913cd,OSVDB-45714
618921880,Pflegusch/metasploit-module-research,modules/exploits/windows/emc/alphastor_agent.rb,c1b24a4ef4f74590522a6dd6e98346f17e3913cd,CVE-2008-2158
618921880,Pflegusch/metasploit-module-research,modules/exploits/windows/misc/remote_mouse_rce.rb,c1b8d57d5555de39f5a00d03b112f25792b6a7b7,CVE-2022-3365
618921880,Pflegusch/metasploit-module-research,modules/auxiliary/admin/maxdb/maxdb_cons_exec.rb,c1e9064df1f9a895303dbfaca0565b743ec7687b,OSVDB-40210
618921880,Pflegusch/metasploit-module-research,modules/auxiliary/admin/maxdb/maxdb_cons_exec.rb,c1e9064df1f9a895303dbfaca0565b743ec7687b,BID-27206
618921880,Pflegusch/metasploit-module-research,modules/auxiliary/admin/maxdb/maxdb_cons_exec.rb,c1e9064df1f9a895303dbfaca0565b743ec7687b,CVE-2008-0244
618921880,Pflegusch/metasploit-module-research,modules/exploits/windows/browser/ms06_055_vml_method.rb,c1fc4cba8f151301d3d91d29be42e4147041abaa,CVE-2006-4868
618921880,Pflegusch/metasploit-module-research,modules/exploits/windows/browser/ms06_055_vml_method.rb,c1fc4cba8f151301d3d91d29be42e4147041abaa,MS06-055
618921880,Pflegusch/metasploit-module-research,modules/exploits/windows/browser/ms06_055_vml_method.rb,c1fc4cba8f151301d3d91d29be42e4147041abaa,OSVDB-28946
618921880,Pflegusch/metasploit-module-research,modules/exploits/windows/browser/ms06_055_vml_method.rb,c1fc4cba8f151301d3d91d29be42e4147041abaa,BID-20096
618921880,Pflegusch/metasploit-module-research,modules/exploits/windows/fileformat/somplplayer_m3u.rb,c213e12b0ea1b2dab84ee5336bd8e468f04a7951,OSVDB-64368
618921880,Pflegusch/metasploit-module-research,modules/exploits/windows/scada/realwin_scpc_initialize.rb,c216cdca4aa5487688fa125c8ea5adb9e248a389,OSVDB-68812
618921880,Pflegusch/metasploit-module-research,modules/exploits/windows/scada/realwin_scpc_initialize.rb,c216cdca4aa5487688fa125c8ea5adb9e248a389,CVE-2010-4142
618921880,Pflegusch/metasploit-module-research,modules/exploits/linux/http/nagios_xi_configwizards_authenticated_rce.rb,c21769240cf1fe3fd610946c31784959ede43be0,CVE-2021-25297
618921880,Pflegusch/metasploit-module-research,modules/exploits/linux/http/nagios_xi_configwizards_authenticated_rce.rb,c21769240cf1fe3fd610946c31784959ede43be0,CVE-2021-25296
618921880,Pflegusch/metasploit-module-research,modules/exploits/linux/http/nagios_xi_configwizards_authenticated_rce.rb,c21769240cf1fe3fd610946c31784959ede43be0,CVE-2021-25298
618921880,Pflegusch/metasploit-module-research,modules/exploits/windows/tftp/tftpdwin_long_filename.rb,c217a5f52c948c5d98d516fac4c26bca837cbd24,BID-20131
618921880,Pflegusch/metasploit-module-research,modules/exploits/windows/tftp/tftpdwin_long_filename.rb,c217a5f52c948c5d98d516fac4c26bca837cbd24,CVE-2006-4948
618921880,Pflegusch/metasploit-module-research,modules/exploits/windows/tftp/tftpdwin_long_filename.rb,c217a5f52c948c5d98d516fac4c26bca837cbd24,OSVDB-29032
618921880,Pflegusch/metasploit-module-research,modules/exploits/windows/scada/delta_ia_commgr_bof.rb,c23edc737b3b9d02de3ff1bf24622fe79cd6b5eb,BID-104529
618921880,Pflegusch/metasploit-module-research,modules/exploits/windows/scada/delta_ia_commgr_bof.rb,c23edc737b3b9d02de3ff1bf24622fe79cd6b5eb,CVE-2018-10594
618921880,Pflegusch/metasploit-module-research,modules/exploits/multi/http/rails_web_console_v2_code_exec.rb,c27566e97c5e5250ac9d3cd1c78a51351af2656d,CVE-2015-3224
618921880,Pflegusch/metasploit-module-research,modules/exploits/linux/telnet/telnet_encrypt_keyid.rb,c27f3fde8d786cd9aa6ffaeedc137667040c97e8,CVE-2011-4862
618921880,Pflegusch/metasploit-module-research,modules/exploits/linux/telnet/telnet_encrypt_keyid.rb,c27f3fde8d786cd9aa6ffaeedc137667040c97e8,BID-51182
618921880,Pflegusch/metasploit-module-research,modules/exploits/linux/telnet/telnet_encrypt_keyid.rb,c27f3fde8d786cd9aa6ffaeedc137667040c97e8,OSVDB-78020
618921880,Pflegusch/metasploit-module-research,modules/exploits/freebsd/http/citrix_dir_traversal_rce.rb,c284bd742ad14ecbec961f26147aefcf2b7c4cb3,CVE-2019-19781
618921880,Pflegusch/metasploit-module-research,modules/exploits/windows/local/ms10_092_schelevator.rb,c28e57e6e3496615c80506b6051d6f9d2cbd8340,OSVDB-68518
618921880,Pflegusch/metasploit-module-research,modules/exploits/windows/local/ms10_092_schelevator.rb,c28e57e6e3496615c80506b6051d6f9d2cbd8340,CVE-2010-3338
618921880,Pflegusch/metasploit-module-research,modules/exploits/windows/local/ms10_092_schelevator.rb,c28e57e6e3496615c80506b6051d6f9d2cbd8340,MS10-092
618921880,Pflegusch/metasploit-module-research,modules/exploits/windows/local/ms10_092_schelevator.rb,c28e57e6e3496615c80506b6051d6f9d2cbd8340,BID-44357
618921880,Pflegusch/metasploit-module-research,modules/auxiliary/gather/eventlog_cred_disclosure.rb,c2a155284bcfc446d56f35070a398a788496d8dc,CVE-2014-6039
618921880,Pflegusch/metasploit-module-research,modules/auxiliary/gather/eventlog_cred_disclosure.rb,c2a155284bcfc446d56f35070a398a788496d8dc,OSVDB-114342
618921880,Pflegusch/metasploit-module-research,modules/auxiliary/gather/eventlog_cred_disclosure.rb,c2a155284bcfc446d56f35070a398a788496d8dc,OSVDB-114344
618921880,Pflegusch/metasploit-module-research,modules/auxiliary/gather/eventlog_cred_disclosure.rb,c2a155284bcfc446d56f35070a398a788496d8dc,CVE-2014-6038
618921880,Pflegusch/metasploit-module-research,modules/exploits/windows/browser/yahoomessenger_server.rb,c2a7bf8ab09b3b307f9be7664527ae24ed3cac7e,CVE-2007-3147
618921880,Pflegusch/metasploit-module-research,modules/exploits/windows/browser/yahoomessenger_server.rb,c2a7bf8ab09b3b307f9be7664527ae24ed3cac7e,OSVDB-37082
618921880,Pflegusch/metasploit-module-research,modules/exploits/windows/imap/eudora_list.rb,c2b9ed7b354659632fd9841e55080fbe76828393,OSVDB-22097
618921880,Pflegusch/metasploit-module-research,modules/exploits/windows/imap/eudora_list.rb,c2b9ed7b354659632fd9841e55080fbe76828393,BID-15980
618921880,Pflegusch/metasploit-module-research,modules/exploits/windows/imap/eudora_list.rb,c2b9ed7b354659632fd9841e55080fbe76828393,CVE-2005-4267
618921880,Pflegusch/metasploit-module-research,modules/exploits/linux/http/peercast_url.rb,c2bf66206c3e0f719fbeed939732ef24bb11e780,BID-17040
618921880,Pflegusch/metasploit-module-research,modules/exploits/linux/http/peercast_url.rb,c2bf66206c3e0f719fbeed939732ef24bb11e780,CVE-2006-1148
618921880,Pflegusch/metasploit-module-research,modules/exploits/linux/http/peercast_url.rb,c2bf66206c3e0f719fbeed939732ef24bb11e780,OSVDB-23777
618921880,Pflegusch/metasploit-module-research,modules/exploits/windows/browser/samsung_neti_wiewer_backuptoavi_bof.rb,c2d081adba44a1c5e489a1e00d902176b7efed92,OSVDB-81453
618921880,Pflegusch/metasploit-module-research,modules/exploits/windows/browser/samsung_neti_wiewer_backuptoavi_bof.rb,c2d081adba44a1c5e489a1e00d902176b7efed92,BID-53193
618921880,Pflegusch/metasploit-module-research,modules/exploits/windows/browser/samsung_neti_wiewer_backuptoavi_bof.rb,c2d081adba44a1c5e489a1e00d902176b7efed92,CVE-2012-4333
618921880,Pflegusch/metasploit-module-research,modules/exploits/linux/local/sock_sendpage.rb,c2f8d972189a81e63de713d987aaa13d9de45d1f,BID-36038
618921880,Pflegusch/metasploit-module-research,modules/exploits/linux/local/sock_sendpage.rb,c2f8d972189a81e63de713d987aaa13d9de45d1f,CVE-2009-2692
618921880,Pflegusch/metasploit-module-research,modules/auxiliary/scanner/misc/java_jmx_server.rb,c38ee309d4b024e1cb9b53263aac866489b368d4,CVE-2015-2342
618921880,Pflegusch/metasploit-module-research,modules/exploits/windows/imap/mercur_imap_select_overflow.rb,c3a5c3ff61b07a5658e64688e6fc258513e78856,OSVDB-23950
618921880,Pflegusch/metasploit-module-research,modules/exploits/windows/imap/mercur_imap_select_overflow.rb,c3a5c3ff61b07a5658e64688e6fc258513e78856,BID-17138
618921880,Pflegusch/metasploit-module-research,modules/exploits/windows/imap/mercur_imap_select_overflow.rb,c3a5c3ff61b07a5658e64688e6fc258513e78856,CVE-2006-1255
618921880,Pflegusch/metasploit-module-research,modules/exploits/solaris/samba/lsa_transnames_heap.rb,c3c58249c5f6e3149473970b0e038f763b5c724b,OSVDB-34699
618921880,Pflegusch/metasploit-module-research,modules/exploits/solaris/samba/lsa_transnames_heap.rb,c3c58249c5f6e3149473970b0e038f763b5c724b,CVE-2007-2446
618921880,Pflegusch/metasploit-module-research,modules/auxiliary/scanner/http/wp_registrationmagic_sqli.rb,c3d91f207f32b8908791d2f562a789763ef72c9b,CVE-2021-24862
618921880,Pflegusch/metasploit-module-research,modules/exploits/unix/webapp/awstats_migrate_exec.rb,c3f30e1af93f90a79d71ad0cf48ffa4c4be7ac94,BID-17844
618921880,Pflegusch/metasploit-module-research,modules/exploits/unix/webapp/awstats_migrate_exec.rb,c3f30e1af93f90a79d71ad0cf48ffa4c4be7ac94,OSVDB-25284
618921880,Pflegusch/metasploit-module-research,modules/exploits/unix/webapp/awstats_migrate_exec.rb,c3f30e1af93f90a79d71ad0cf48ffa4c4be7ac94,CVE-2006-2237
618921880,Pflegusch/metasploit-module-research,modules/exploits/windows/browser/realplayer_qcp.rb,c3ff32ff52f7ebbefedba13722dd47784e70019b,OSVDB-74549
618921880,Pflegusch/metasploit-module-research,modules/exploits/windows/browser/realplayer_qcp.rb,c3ff32ff52f7ebbefedba13722dd47784e70019b,CVE-2011-2950
618921880,Pflegusch/metasploit-module-research,modules/exploits/windows/browser/realplayer_qcp.rb,c3ff32ff52f7ebbefedba13722dd47784e70019b,BID-49172
618921880,Pflegusch/metasploit-module-research,modules/exploits/windows/wins/ms04_045_wins.rb,c4115eb3ee06795896ca17800c558c8ba6f04d4b,OSVDB-12378
618921880,Pflegusch/metasploit-module-research,modules/exploits/windows/wins/ms04_045_wins.rb,c4115eb3ee06795896ca17800c558c8ba6f04d4b,CVE-2004-1080
618921880,Pflegusch/metasploit-module-research,modules/exploits/windows/wins/ms04_045_wins.rb,c4115eb3ee06795896ca17800c558c8ba6f04d4b,MS04-045
618921880,Pflegusch/metasploit-module-research,modules/exploits/windows/wins/ms04_045_wins.rb,c4115eb3ee06795896ca17800c558c8ba6f04d4b,BID-11763
618921880,Pflegusch/metasploit-module-research,modules/exploits/windows/smb/smb_doublepulsar_rce.rb,c4157559cc111680e52fd41b9c65ee3fdf2b71f3,CVE-2017-0145
618921880,Pflegusch/metasploit-module-research,modules/exploits/windows/smb/smb_doublepulsar_rce.rb,c4157559cc111680e52fd41b9c65ee3fdf2b71f3,CVE-2017-0146
618921880,Pflegusch/metasploit-module-research,modules/exploits/windows/smb/smb_doublepulsar_rce.rb,c4157559cc111680e52fd41b9c65ee3fdf2b71f3,CVE-2017-0143
618921880,Pflegusch/metasploit-module-research,modules/exploits/windows/smb/smb_doublepulsar_rce.rb,c4157559cc111680e52fd41b9c65ee3fdf2b71f3,CVE-2017-0147
618921880,Pflegusch/metasploit-module-research,modules/exploits/windows/smb/smb_doublepulsar_rce.rb,c4157559cc111680e52fd41b9c65ee3fdf2b71f3,CVE-2017-0144
618921880,Pflegusch/metasploit-module-research,modules/exploits/windows/smb/smb_doublepulsar_rce.rb,c4157559cc111680e52fd41b9c65ee3fdf2b71f3,CVE-2017-0148
618921880,Pflegusch/metasploit-module-research,modules/exploits/windows/smb/smb_doublepulsar_rce.rb,c4157559cc111680e52fd41b9c65ee3fdf2b71f3,MS17-010
618921880,Pflegusch/metasploit-module-research,modules/auxiliary/scanner/http/s40_traversal.rb,c41beab76bc3598eca8a92616c2afc464ab7d131,OSVDB-82469
618921880,Pflegusch/metasploit-module-research,modules/auxiliary/admin/scada/yokogawa_bkbcopyd_client.rb,c4374708906075617b09a2b3c17309530a91c98e,CVE-2014-5208
618921880,Pflegusch/metasploit-module-research,modules/exploits/linux/misc/hikvision_rtsp_bof.rb,c45f29714487541629a8b89c78ff42d646cf5bc1,CVE-2014-4880
618921880,Pflegusch/metasploit-module-research,modules/exploits/windows/misc/fb_isc_attach_database.rb,c45f32ba4fc59d18f88be876944ca926e5049e3d,OSVDB-38607
618921880,Pflegusch/metasploit-module-research,modules/exploits/windows/misc/fb_isc_attach_database.rb,c45f32ba4fc59d18f88be876944ca926e5049e3d,BID-25917
618921880,Pflegusch/metasploit-module-research,modules/exploits/windows/misc/fb_isc_attach_database.rb,c45f32ba4fc59d18f88be876944ca926e5049e3d,CVE-2007-5243
618921880,Pflegusch/metasploit-module-research,modules/exploits/windows/ftp/easyftp_mkd_fixret.rb,c463e0192f0f99b8d4919a2c09357fe94c938c82,OSVDB-62134
618921880,Pflegusch/metasploit-module-research,modules/exploits/multi/http/solr_velocity_rce.rb,c4cfd2aebfdf930d990e9b589e6ff10b6160fdd9,CVE-2019-17558
618921880,Pflegusch/metasploit-module-research,modules/exploits/windows/browser/greendam_url.rb,c5003469ecd625316d0a993dae87189f0e828749,OSVDB-55126
618921880,Pflegusch/metasploit-module-research,modules/auxiliary/dos/http/rails_json_float_dos.rb,c5019de65e78891401abe806f3fe162e25c1a991,CVE-2013-4164
618921880,Pflegusch/metasploit-module-research,modules/auxiliary/dos/http/rails_json_float_dos.rb,c5019de65e78891401abe806f3fe162e25c1a991,OSVDB-100113
618921880,Pflegusch/metasploit-module-research,modules/exploits/windows/games/ut2004_secure.rb,c52056898311d62358afd18d6b80403b5307880b,BID-10570
618921880,Pflegusch/metasploit-module-research,modules/exploits/windows/games/ut2004_secure.rb,c52056898311d62358afd18d6b80403b5307880b,OSVDB-7217
618921880,Pflegusch/metasploit-module-research,modules/exploits/windows/games/ut2004_secure.rb,c52056898311d62358afd18d6b80403b5307880b,CVE-2004-0608
618921880,Pflegusch/metasploit-module-research,modules/auxiliary/scanner/http/oracle_demantra_database_credentials_leak.rb,c52cd0107d287a4d1b1325c8812f7f188a845e7f,CVE-2013-5795
618921880,Pflegusch/metasploit-module-research,modules/auxiliary/scanner/http/oracle_demantra_database_credentials_leak.rb,c52cd0107d287a4d1b1325c8812f7f188a845e7f,CVE-2013-5880
618921880,Pflegusch/metasploit-module-research,modules/exploits/linux/fileformat/unrar_cve_2022_30333.rb,c54837796801c5a6a613d2412bd62e7cf41651cb,CVE-2022-30333
618921880,Pflegusch/metasploit-module-research,modules/auxiliary/scanner/vmware/vmware_http_login.rb,c549adcbe44d59516721cb20c7e73e59236a7280,CVE-1999-0502
618921880,Pflegusch/metasploit-module-research,modules/exploits/windows/fileformat/fatplayer_wav.rb,c54a99927038bbcaa2f5469e314435730b72a738,OSVDB-57343
618921880,Pflegusch/metasploit-module-research,modules/exploits/windows/fileformat/fatplayer_wav.rb,c54a99927038bbcaa2f5469e314435730b72a738,CVE-2009-4962
618921880,Pflegusch/metasploit-module-research,modules/exploits/unix/misc/distcc_exec.rb,c550335105b8ec2c128a511082ca17673bd89f50,CVE-2004-2687
618921880,Pflegusch/metasploit-module-research,modules/exploits/unix/misc/distcc_exec.rb,c550335105b8ec2c128a511082ca17673bd89f50,OSVDB-13378
618921880,Pflegusch/metasploit-module-research,modules/exploits/multi/http/php_cgi_arg_injection.rb,c5a6d7a151010c34fc3ae7736eb2bfa49ec0efa5,CVE-2012-1823
618921880,Pflegusch/metasploit-module-research,modules/exploits/multi/http/php_cgi_arg_injection.rb,c5a6d7a151010c34fc3ae7736eb2bfa49ec0efa5,OSVDB-93979
618921880,Pflegusch/metasploit-module-research,modules/exploits/multi/http/php_cgi_arg_injection.rb,c5a6d7a151010c34fc3ae7736eb2bfa49ec0efa5,OSVDB-81633
618921880,Pflegusch/metasploit-module-research,modules/auxiliary/admin/webmin/edit_html_fileaccess.rb,c5b8458181edb8c7282bb24ac988c84b693f1fc9,BID-55446
618921880,Pflegusch/metasploit-module-research,modules/auxiliary/admin/webmin/edit_html_fileaccess.rb,c5b8458181edb8c7282bb24ac988c84b693f1fc9,CVE-2012-2983
618921880,Pflegusch/metasploit-module-research,modules/auxiliary/admin/webmin/edit_html_fileaccess.rb,c5b8458181edb8c7282bb24ac988c84b693f1fc9,OSVDB-85247
618921880,Pflegusch/metasploit-module-research,modules/exploits/netware/sunrpc/pkernel_callit.rb,c5bce0e60837d2a943c6c3297257e270fcb9b5f2,BID-36564
618921880,Pflegusch/metasploit-module-research,modules/exploits/netware/sunrpc/pkernel_callit.rb,c5bce0e60837d2a943c6c3297257e270fcb9b5f2,OSVDB-58447
618921880,Pflegusch/metasploit-module-research,modules/exploits/windows/fileformat/mjm_coreplayer2011_s3m.rb,c616f91fda5191d2187742816ed4358d4a278f03,OSVDB-72101
618921880,Pflegusch/metasploit-module-research,modules/exploits/linux/local/network_manager_vpnc_username_priv_esc.rb,c61acec02765a9cabecb8ea342b17e91e5065e68,CVE-2018-10900
618921880,Pflegusch/metasploit-module-research,modules/exploits/multi/fileformat/peazip_command_injection.rb,c61e356119ed941239e6b47580f3a7decf101aba,CVE-2009-2261
618921880,Pflegusch/metasploit-module-research,modules/exploits/multi/fileformat/peazip_command_injection.rb,c61e356119ed941239e6b47580f3a7decf101aba,OSVDB-54966
618921880,Pflegusch/metasploit-module-research,modules/exploits/windows/fileformat/cutezip_bof.rb,c641e04aeb80fd08348d2751bf04c95e464eea5f,BID-46375
618921880,Pflegusch/metasploit-module-research,modules/exploits/windows/fileformat/cutezip_bof.rb,c641e04aeb80fd08348d2751bf04c95e464eea5f,OSVDB-85709
618921880,Pflegusch/metasploit-module-research,modules/auxiliary/admin/http/manageengine_file_download.rb,c65ebfc7744da57f278c239166172c310acb8669,OSVDB-117695
618921880,Pflegusch/metasploit-module-research,modules/auxiliary/admin/http/manageengine_file_download.rb,c65ebfc7744da57f278c239166172c310acb8669,CVE-2014-7863
618921880,Pflegusch/metasploit-module-research,modules/exploits/multi/http/uptime_file_upload_2.rb,c66204d8bf8aaafb2adc727f83554edd49cacfc8,ZSL-2015-5254
618921880,Pflegusch/metasploit-module-research,modules/exploits/windows/ftp/freeftpd_user.rb,c6668a1191100909036a3975926e85ff65d66c8f,OSVDB-20909
618921880,Pflegusch/metasploit-module-research,modules/exploits/windows/ftp/freeftpd_user.rb,c6668a1191100909036a3975926e85ff65d66c8f,CVE-2005-3683
618921880,Pflegusch/metasploit-module-research,modules/exploits/windows/ftp/freeftpd_user.rb,c6668a1191100909036a3975926e85ff65d66c8f,BID-15457
618921880,Pflegusch/metasploit-module-research,modules/exploits/unix/webapp/wp_property_upload_exec.rb,c69233d1bc9576360a780e0b1d9bbdfcf68686f4,OSVDB-82656
618921880,Pflegusch/metasploit-module-research,modules/exploits/unix/webapp/wp_property_upload_exec.rb,c69233d1bc9576360a780e0b1d9bbdfcf68686f4,BID-53787
618921880,Pflegusch/metasploit-module-research,modules/exploits/linux/http/samsung_srv_1670d_upload_exec.rb,c6bcab46a2eb179adbd7ae1d44ea71fc5908bab1,CVE-2017-16524
618921880,Pflegusch/metasploit-module-research,modules/exploits/linux/http/samsung_srv_1670d_upload_exec.rb,c6bcab46a2eb179adbd7ae1d44ea71fc5908bab1,CVE-2015-8279
618921880,Pflegusch/metasploit-module-research,modules/exploits/windows/browser/advantech_webaccess_dvs_getcolor.rb,c711b9a04567640c2147fbfd1faf726fc8d99f3c,CVE-2014-2364
618921880,Pflegusch/metasploit-module-research,modules/auxiliary/scanner/http/grafana_plugin_traversal.rb,c719954a00f360ecf2f246be541875cd6cf3c942,CVE-2021-43798
618921880,Pflegusch/metasploit-module-research,modules/auxiliary/scanner/http/grafana_plugin_traversal.rb,c719954a00f360ecf2f246be541875cd6cf3c942,GHSA-8PJX-JJ86-J47P
618921880,Pflegusch/metasploit-module-research,modules/auxiliary/scanner/http/hp_imc_faultdownloadservlet_traversal.rb,c7678ef2babb653e158b4ba4b04cd07cf1ffb8a4,OSVDB-91027
618921880,Pflegusch/metasploit-module-research,modules/auxiliary/scanner/http/hp_imc_faultdownloadservlet_traversal.rb,c7678ef2babb653e158b4ba4b04cd07cf1ffb8a4,CVE-2012-5202
618921880,Pflegusch/metasploit-module-research,modules/auxiliary/scanner/http/hp_imc_faultdownloadservlet_traversal.rb,c7678ef2babb653e158b4ba4b04cd07cf1ffb8a4,BID-58675
618921880,Pflegusch/metasploit-module-research,modules/exploits/osx/browser/osx_gatekeeper_bypass.rb,c7ab9a7995523a96fcd213d3447d38b410d55385,CVE-2021-30657
618921880,Pflegusch/metasploit-module-research,modules/exploits/osx/browser/osx_gatekeeper_bypass.rb,c7ab9a7995523a96fcd213d3447d38b410d55385,CVE-2022-22616
618921880,Pflegusch/metasploit-module-research,modules/exploits/windows/http/hp_nnm_openview5.rb,c7b047d4f04705db15e0464db26bf9eb8343ae2a,CVE-2007-6204
618921880,Pflegusch/metasploit-module-research,modules/exploits/windows/http/hp_nnm_openview5.rb,c7b047d4f04705db15e0464db26bf9eb8343ae2a,OSVDB-39530
618921880,Pflegusch/metasploit-module-research,modules/exploits/windows/http/hp_nnm_openview5.rb,c7b047d4f04705db15e0464db26bf9eb8343ae2a,BID-26741
618921880,Pflegusch/metasploit-module-research,modules/auxiliary/scanner/http/hp_sitescope_getfileinternal_fileaccess.rb,c7cb0ef7cd46fad5d0b6439cb6aebddb6843abc5,BID-55269
618921880,Pflegusch/metasploit-module-research,modules/auxiliary/scanner/http/hp_sitescope_getfileinternal_fileaccess.rb,c7cb0ef7cd46fad5d0b6439cb6aebddb6843abc5,OSVDB-85119
618921880,Pflegusch/metasploit-module-research,modules/auxiliary/gather/ms14_052_xmldom.rb,c7da31aef329957c95d30cb18b5eca0f022f4a74,MS14-052
618921880,Pflegusch/metasploit-module-research,modules/auxiliary/gather/ms14_052_xmldom.rb,c7da31aef329957c95d30cb18b5eca0f022f4a74,CVE-2013-7331
618921880,Pflegusch/metasploit-module-research,modules/exploits/windows/browser/aol_icq_downloadagent.rb,c7e057bc152139145988ebaa0ea1ed9c66560efc,OSVDB-30220
618921880,Pflegusch/metasploit-module-research,modules/exploits/windows/browser/aol_icq_downloadagent.rb,c7e057bc152139145988ebaa0ea1ed9c66560efc,BID-20930
618921880,Pflegusch/metasploit-module-research,modules/exploits/windows/browser/aol_icq_downloadagent.rb,c7e057bc152139145988ebaa0ea1ed9c66560efc,CVE-2006-5650
618921880,Pflegusch/metasploit-module-research,modules/exploits/multi/http/vtiger_install_rce.rb,c7e4284e226cfaeca343520ddd0422bc4af41cc7,CVE-2014-2268
618921880,Pflegusch/metasploit-module-research,modules/exploits/multi/http/vtiger_install_rce.rb,c7e4284e226cfaeca343520ddd0422bc4af41cc7,CVE-2014-2269
618921880,Pflegusch/metasploit-module-research,modules/exploits/windows/fileformat/adobe_u3d_meshdecl.rb,c7e78fd136eb975a22b6d5dd0cb29256e73854b2,OSVDB-61690
618921880,Pflegusch/metasploit-module-research,modules/exploits/windows/fileformat/adobe_u3d_meshdecl.rb,c7e78fd136eb975a22b6d5dd0cb29256e73854b2,CVE-2009-3953
618921880,Pflegusch/metasploit-module-research,modules/exploits/windows/browser/tom_sawyer_tsgetx71ex552.rb,c7ea573722c550e934e45921abdba0df4320a615,CVE-2011-2217
618921880,Pflegusch/metasploit-module-research,modules/exploits/windows/browser/tom_sawyer_tsgetx71ex552.rb,c7ea573722c550e934e45921abdba0df4320a615,BID-48099
618921880,Pflegusch/metasploit-module-research,modules/exploits/windows/browser/tom_sawyer_tsgetx71ex552.rb,c7ea573722c550e934e45921abdba0df4320a615,OSVDB-73211
618921880,Pflegusch/metasploit-module-research,modules/exploits/windows/fileformat/safenet_softremote_groupname.rb,c7ebfa4de5a3f14ae0f3ca06e36056671cfb7536,OSVDB-59660
618921880,Pflegusch/metasploit-module-research,modules/exploits/windows/fileformat/safenet_softremote_groupname.rb,c7ebfa4de5a3f14ae0f3ca06e36056671cfb7536,CVE-2009-3861
618921880,Pflegusch/metasploit-module-research,modules/exploits/unix/smtp/opensmtpd_mail_from_rce.rb,c80f853f2069515450814534f00140daaaddde20,CVE-2020-7247
618921880,Pflegusch/metasploit-module-research,modules/exploits/unix/webapp/libretto_upload_exec.rb,c81da8915f88cbf038e9c1bba2a6c02a8469b1ab,OSVDB-94391
618921880,Pflegusch/metasploit-module-research,modules/exploits/windows/fileformat/adobe_cooltype_sing.rb,c82df011143cffed6b321d125b3f0eeff1c547bf,OSVDB-67849
618921880,Pflegusch/metasploit-module-research,modules/exploits/windows/fileformat/adobe_cooltype_sing.rb,c82df011143cffed6b321d125b3f0eeff1c547bf,CVE-2010-2883
618921880,Pflegusch/metasploit-module-research,modules/exploits/windows/mssql/mssql_payload.rb,c84340905d1300bcc0f072bf85b97f5089113bc4,OSVDB-557
618921880,Pflegusch/metasploit-module-research,modules/exploits/windows/mssql/mssql_payload.rb,c84340905d1300bcc0f072bf85b97f5089113bc4,CVE-2000-1209
618921880,Pflegusch/metasploit-module-research,modules/exploits/windows/mssql/mssql_payload.rb,c84340905d1300bcc0f072bf85b97f5089113bc4,BID-1281
618921880,Pflegusch/metasploit-module-research,modules/exploits/windows/mssql/mssql_payload.rb,c84340905d1300bcc0f072bf85b97f5089113bc4,CVE-2000-0402
618921880,Pflegusch/metasploit-module-research,modules/exploits/windows/mssql/mssql_payload.rb,c84340905d1300bcc0f072bf85b97f5089113bc4,BID-4797
618921880,Pflegusch/metasploit-module-research,modules/exploits/windows/mssql/mssql_payload.rb,c84340905d1300bcc0f072bf85b97f5089113bc4,OSVDB-15757
618921880,Pflegusch/metasploit-module-research,modules/auxiliary/dos/windows/smb/ms05_047_pnp.rb,c843abec9f44ef88723939a67b281f4ffb021a33,BID-15065
618921880,Pflegusch/metasploit-module-research,modules/auxiliary/dos/windows/smb/ms05_047_pnp.rb,c843abec9f44ef88723939a67b281f4ffb021a33,OSVDB-18830
618921880,Pflegusch/metasploit-module-research,modules/auxiliary/dos/windows/smb/ms05_047_pnp.rb,c843abec9f44ef88723939a67b281f4ffb021a33,CVE-2005-2120
618921880,Pflegusch/metasploit-module-research,modules/auxiliary/dos/windows/smb/ms05_047_pnp.rb,c843abec9f44ef88723939a67b281f4ffb021a33,MS05-047
618921880,Pflegusch/metasploit-module-research,modules/exploits/linux/local/glibc_origin_expansion_priv_esc.rb,c8508f4d71b80267929b6f524f0842cec0031408,CVE-2010-3847
618921880,Pflegusch/metasploit-module-research,modules/exploits/linux/local/glibc_origin_expansion_priv_esc.rb,c8508f4d71b80267929b6f524f0842cec0031408,BID-44154
618921880,Pflegusch/metasploit-module-research,modules/exploits/windows/browser/ie_cgenericelement_uaf.rb,c85e28e328b4f6ce4b397ece318cc610d2fadd58,CVE-2013-1347
618921880,Pflegusch/metasploit-module-research,modules/exploits/windows/browser/ie_cgenericelement_uaf.rb,c85e28e328b4f6ce4b397ece318cc610d2fadd58,MS13-038
618921880,Pflegusch/metasploit-module-research,modules/exploits/windows/browser/ie_cgenericelement_uaf.rb,c85e28e328b4f6ce4b397ece318cc610d2fadd58,OSVDB-92993
618921880,Pflegusch/metasploit-module-research,modules/exploits/linux/http/airties_login_cgi_bof.rb,c8669cb8773631981eadfff5f2a928ac959aa412,CVE-2015-2797
618921880,Pflegusch/metasploit-module-research,modules/exploits/linux/http/zimbra_xxe_rce.rb,c876b7b4a583841641a779795275a1dbb75a99d7,CVE-2019-9670
618921880,Pflegusch/metasploit-module-research,modules/exploits/linux/http/zimbra_xxe_rce.rb,c876b7b4a583841641a779795275a1dbb75a99d7,CVE-2019-9621
618921880,Pflegusch/metasploit-module-research,modules/exploits/windows/ftp/3cdaemon_ftp_user.rb,c87fbfd16ac040e6d3d0c2a8f29d5540f650924b,OSVDB-12811
618921880,Pflegusch/metasploit-module-research,modules/exploits/windows/ftp/3cdaemon_ftp_user.rb,c87fbfd16ac040e6d3d0c2a8f29d5540f650924b,CVE-2005-0277
618921880,Pflegusch/metasploit-module-research,modules/exploits/windows/ftp/3cdaemon_ftp_user.rb,c87fbfd16ac040e6d3d0c2a8f29d5540f650924b,BID-12155
618921880,Pflegusch/metasploit-module-research,modules/exploits/windows/ftp/3cdaemon_ftp_user.rb,c87fbfd16ac040e6d3d0c2a8f29d5540f650924b,OSVDB-12810
618921880,Pflegusch/metasploit-module-research,modules/exploits/multi/http/manageengine_auth_upload.rb,c8b5caf2ef6b6990ded0923d62719d8e64e13d4a,CVE-2014-5301
618921880,Pflegusch/metasploit-module-research,modules/exploits/multi/http/manageengine_auth_upload.rb,c8b5caf2ef6b6990ded0923d62719d8e64e13d4a,OSVDB-116733
618921880,Pflegusch/metasploit-module-research,modules/auxiliary/gather/ie_sandbox_findfiles.rb,c8ef504f9a08aa07d03158299de4655991977091,CVE-2016-3321
618921880,Pflegusch/metasploit-module-research,modules/auxiliary/gather/ie_sandbox_findfiles.rb,c8ef504f9a08aa07d03158299de4655991977091,MS16-095
618921880,Pflegusch/metasploit-module-research,modules/exploits/osx/ftp/webstar_ftp_user.rb,c9231f142a86c4ed77d1f8b144a9a81efdceb7bc,CVE-2004-0695
618921880,Pflegusch/metasploit-module-research,modules/exploits/osx/ftp/webstar_ftp_user.rb,c9231f142a86c4ed77d1f8b144a9a81efdceb7bc,BID-10720
618921880,Pflegusch/metasploit-module-research,modules/exploits/osx/ftp/webstar_ftp_user.rb,c9231f142a86c4ed77d1f8b144a9a81efdceb7bc,OSVDB-7794
618921880,Pflegusch/metasploit-module-research,modules/auxiliary/scanner/smtp/smtp_enum.rb,c92cee7d79e7c70ba2a779152bc06293cb6edb39,CVE-1999-0531
618921880,Pflegusch/metasploit-module-research,modules/auxiliary/scanner/smtp/smtp_enum.rb,c92cee7d79e7c70ba2a779152bc06293cb6edb39,OSVDB-12551
618921880,Pflegusch/metasploit-module-research,modules/exploits/windows/http/oats_weblogic_console.rb,c937266fd626538e98fc8841c99abf4f4826a1e5,CVE-2007-2699
618921880,Pflegusch/metasploit-module-research,modules/exploits/windows/mysql/scrutinizer_upload_exec.rb,c97c04a547bfa2e447db5514552cff318f3b3a11,CVE-2012-3951
618921880,Pflegusch/metasploit-module-research,modules/exploits/windows/mysql/scrutinizer_upload_exec.rb,c97c04a547bfa2e447db5514552cff318f3b3a11,OSVDB-84317
618921880,Pflegusch/metasploit-module-research,modules/exploits/windows/http/sepm_auth_bypass_rce.rb,c9ac49d7ba980d0b1a682f434e54cdc4b4ed2bbc,CVE-2015-1486
618921880,Pflegusch/metasploit-module-research,modules/exploits/windows/http/sepm_auth_bypass_rce.rb,c9ac49d7ba980d0b1a682f434e54cdc4b4ed2bbc,CVE-2015-1487
618921880,Pflegusch/metasploit-module-research,modules/exploits/windows/http/sepm_auth_bypass_rce.rb,c9ac49d7ba980d0b1a682f434e54cdc4b4ed2bbc,CVE-2015-1489
618921880,Pflegusch/metasploit-module-research,modules/exploits/linux/http/dlink_dir615_up_exec.rb,c9ac9b6cea13a6f2668667557ed1075c12754d9b,BID-57882
618921880,Pflegusch/metasploit-module-research,modules/exploits/linux/http/dlink_dir615_up_exec.rb,c9ac9b6cea13a6f2668667557ed1075c12754d9b,OSVDB-90174
618921880,Pflegusch/metasploit-module-research,modules/exploits/windows/browser/ca_brightstor_addcolumn.rb,c9c22847169bc2c0fd8450150529cfbf7224b150,OSVDB-43214
618921880,Pflegusch/metasploit-module-research,modules/exploits/windows/browser/ca_brightstor_addcolumn.rb,c9c22847169bc2c0fd8450150529cfbf7224b150,CVE-2008-1472
618921880,Pflegusch/metasploit-module-research,modules/exploits/unix/webapp/xymon_useradm_cmd_exec.rb,c9d29e0b86dc5c44d9b19785b5930d6fc390f69e,CVE-2016-2056
618921880,Pflegusch/metasploit-module-research,modules/exploits/unix/misc/xerox_mfp.rb,c9e0626e55f67be8b0775589173414a0503f7d11,BID-52483
618921880,Pflegusch/metasploit-module-research,modules/auxiliary/dos/http/wordpress_long_password_dos.rb,ca0793119abc0c5e54dd5755e5424e34b8e955c2,OSVDB-114857
618921880,Pflegusch/metasploit-module-research,modules/auxiliary/dos/http/wordpress_long_password_dos.rb,ca0793119abc0c5e54dd5755e5424e34b8e955c2,CVE-2014-9016
618921880,Pflegusch/metasploit-module-research,modules/auxiliary/dos/http/wordpress_long_password_dos.rb,ca0793119abc0c5e54dd5755e5424e34b8e955c2,CVE-2014-9034
618921880,Pflegusch/metasploit-module-research,modules/exploits/linux/http/linksys_apply_cgi.rb,ca1d429450c53746c00959803d4df545b2b6311f,CVE-2005-2799
618921880,Pflegusch/metasploit-module-research,modules/exploits/linux/http/linksys_apply_cgi.rb,ca1d429450c53746c00959803d4df545b2b6311f,OSVDB-19389
618921880,Pflegusch/metasploit-module-research,modules/exploits/windows/misc/hp_omniinet_2.rb,ca4ce7e45404bcfc14228f54943b470a5d5f8949,CVE-2009-3844
618921880,Pflegusch/metasploit-module-research,modules/exploits/windows/misc/hp_omniinet_2.rb,ca4ce7e45404bcfc14228f54943b470a5d5f8949,BID-37250
618921880,Pflegusch/metasploit-module-research,modules/exploits/windows/misc/hp_omniinet_2.rb,ca4ce7e45404bcfc14228f54943b470a5d5f8949,OSVDB-60852
618921880,Pflegusch/metasploit-module-research,modules/exploits/windows/http/hp_nnm_snmp.rb,ca71120ae9b2b0ece48c0be09d8db8b436c4e3f2,CVE-2009-3849
618921880,Pflegusch/metasploit-module-research,modules/exploits/windows/http/hp_nnm_snmp.rb,ca71120ae9b2b0ece48c0be09d8db8b436c4e3f2,OSVDB-60933
618921880,Pflegusch/metasploit-module-research,modules/exploits/multi/http/activecollab_chat.rb,ca751b4f5c2d7fae1b2abaff65133cc248b6fece,CVE-2012-6554
618921880,Pflegusch/metasploit-module-research,modules/exploits/multi/http/activecollab_chat.rb,ca751b4f5c2d7fae1b2abaff65133cc248b6fece,OSVDB-81966
618921880,Pflegusch/metasploit-module-research,modules/exploits/windows/http/hp_nnm_getnnmdata_hostname.rb,caaff6c1b4c3d36b97a1656e05081800248fdebc,OSVDB-64976
618921880,Pflegusch/metasploit-module-research,modules/exploits/windows/http/hp_nnm_getnnmdata_hostname.rb,caaff6c1b4c3d36b97a1656e05081800248fdebc,CVE-2010-1555
618921880,Pflegusch/metasploit-module-research,modules/auxiliary/scanner/dns/dns_amp.rb,cb106ca8818935ea9fc94b8546ce0bcf3f678d8c,CVE-2006-0988
618921880,Pflegusch/metasploit-module-research,modules/auxiliary/scanner/dns/dns_amp.rb,cb106ca8818935ea9fc94b8546ce0bcf3f678d8c,CVE-2006-0987
618921880,Pflegusch/metasploit-module-research,modules/exploits/windows/browser/ms06_071_xml_core.rb,cb21a86f2deb6910c5fa7feb599d9a1f7753ef74,BID-20915
618921880,Pflegusch/metasploit-module-research,modules/exploits/windows/browser/ms06_071_xml_core.rb,cb21a86f2deb6910c5fa7feb599d9a1f7753ef74,OSVDB-29425
618921880,Pflegusch/metasploit-module-research,modules/exploits/windows/browser/ms06_071_xml_core.rb,cb21a86f2deb6910c5fa7feb599d9a1f7753ef74,CVE-2006-5745
618921880,Pflegusch/metasploit-module-research,modules/exploits/windows/browser/ms06_071_xml_core.rb,cb21a86f2deb6910c5fa7feb599d9a1f7753ef74,MS06-071
618921880,Pflegusch/metasploit-module-research,modules/exploits/windows/browser/mcafee_mvt_exec.rb,cb34a6fab505e16767340091be503b212808a219,CVE-2012-4598
618921880,Pflegusch/metasploit-module-research,modules/exploits/windows/browser/mcafee_mvt_exec.rb,cb34a6fab505e16767340091be503b212808a219,OSVDB-81657
618921880,Pflegusch/metasploit-module-research,modules/exploits/windows/browser/ms08_078_xml_corruption.rb,cb3551e3421bb891f06490033100e07cd9ebcdd2,CVE-2008-4844
618921880,Pflegusch/metasploit-module-research,modules/exploits/windows/browser/ms08_078_xml_corruption.rb,cb3551e3421bb891f06490033100e07cd9ebcdd2,OSVDB-50622
618921880,Pflegusch/metasploit-module-research,modules/exploits/windows/browser/ms08_078_xml_corruption.rb,cb3551e3421bb891f06490033100e07cd9ebcdd2,MS08-078
618921880,Pflegusch/metasploit-module-research,modules/exploits/windows/browser/ms08_078_xml_corruption.rb,cb3551e3421bb891f06490033100e07cd9ebcdd2,BID-32721
618921880,Pflegusch/metasploit-module-research,modules/exploits/windows/browser/ms08_078_xml_corruption.rb,cb3551e3421bb891f06490033100e07cd9ebcdd2,MS10-018
618921880,Pflegusch/metasploit-module-research,modules/auxiliary/sqli/oracle/lt_compressworkspace.rb,cb5d666420e7ddf81985adfaf74f416b40955fee,OSVDB-49324
618921880,Pflegusch/metasploit-module-research,modules/auxiliary/sqli/oracle/lt_compressworkspace.rb,cb5d666420e7ddf81985adfaf74f416b40955fee,CVE-2008-3982
618921880,Pflegusch/metasploit-module-research,modules/auxiliary/admin/edirectory/edirectory_dhost_cookie.rb,cb600403dc31bf3707413a65cbc3c1a7df6b3513,CVE-2009-4655
618921880,Pflegusch/metasploit-module-research,modules/auxiliary/admin/edirectory/edirectory_dhost_cookie.rb,cb600403dc31bf3707413a65cbc3c1a7df6b3513,OSVDB-60035
618921880,Pflegusch/metasploit-module-research,modules/exploits/windows/http/apache_activemq_traversal_upload.rb,cb67d06b212bba8a8df0dddd972c9959b224b5f7,CVE-2015-1830
618921880,Pflegusch/metasploit-module-research,modules/exploits/windows/fileformat/bacnet_csv.rb,cb6fcb8fc5f89ff3b67da43281d4ccff7ac3c784,OSVDB-68096
618921880,Pflegusch/metasploit-module-research,modules/exploits/windows/fileformat/bacnet_csv.rb,cb6fcb8fc5f89ff3b67da43281d4ccff7ac3c784,BID-43289
618921880,Pflegusch/metasploit-module-research,modules/exploits/windows/fileformat/bacnet_csv.rb,cb6fcb8fc5f89ff3b67da43281d4ccff7ac3c784,CVE-2010-4740
618921880,Pflegusch/metasploit-module-research,modules/auxiliary/dos/windows/smb/ms10_054_queryfs_pool_overflow.rb,cb718a7bbec888b9703f3f217c2945a41a5573be,CVE-2010-2550
618921880,Pflegusch/metasploit-module-research,modules/auxiliary/dos/windows/smb/ms10_054_queryfs_pool_overflow.rb,cb718a7bbec888b9703f3f217c2945a41a5573be,OSVDB-66974
618921880,Pflegusch/metasploit-module-research,modules/auxiliary/dos/windows/smb/ms10_054_queryfs_pool_overflow.rb,cb718a7bbec888b9703f3f217c2945a41a5573be,MS10-054
618921880,Pflegusch/metasploit-module-research,modules/exploits/windows/dcerpc/ms07_065_msmq.rb,cb8e8386ae2a8ef28e67570bdfd8c5e2cb04e660,MS07-065
618921880,Pflegusch/metasploit-module-research,modules/exploits/windows/dcerpc/ms07_065_msmq.rb,cb8e8386ae2a8ef28e67570bdfd8c5e2cb04e660,CVE-2007-3039
618921880,Pflegusch/metasploit-module-research,modules/exploits/windows/dcerpc/ms07_065_msmq.rb,cb8e8386ae2a8ef28e67570bdfd8c5e2cb04e660,OSVDB-39123
618921880,Pflegusch/metasploit-module-research,modules/exploits/windows/misc/hp_dataprotector_install_service.rb,cbf37791b68471541210ade6db2d65a04ad7127f,CVE-2011-0922
618921880,Pflegusch/metasploit-module-research,modules/exploits/windows/browser/exodus.rb,cc0bf29447e7cc0be9fcab12433d42a0856295a5,CVE-2018-1000006
618921880,Pflegusch/metasploit-module-research,modules/exploits/windows/browser/exodus.rb,cc0bf29447e7cc0be9fcab12433d42a0856295a5,BID-102796
618921880,Pflegusch/metasploit-module-research,modules/exploits/windows/browser/hpmqc_progcolor.rb,cc1472a482f85147329e71844599fcaff2180845,OSVDB-34317
618921880,Pflegusch/metasploit-module-research,modules/exploits/windows/browser/hpmqc_progcolor.rb,cc1472a482f85147329e71844599fcaff2180845,CVE-2007-1819
618921880,Pflegusch/metasploit-module-research,modules/exploits/windows/browser/hpmqc_progcolor.rb,cc1472a482f85147329e71844599fcaff2180845,BID-23239
618921880,Pflegusch/metasploit-module-research,modules/exploits/windows/browser/pcvue_func.rb,cc2d759f9a56a820cc5e1dfad5032cd78a02f89c,BID-49795
618921880,Pflegusch/metasploit-module-research,modules/exploits/windows/browser/pcvue_func.rb,cc2d759f9a56a820cc5e1dfad5032cd78a02f89c,OSVDB-77561
618921880,Pflegusch/metasploit-module-research,modules/exploits/windows/browser/pcvue_func.rb,cc2d759f9a56a820cc5e1dfad5032cd78a02f89c,CVE-2011-4044
618921880,Pflegusch/metasploit-module-research,modules/exploits/unix/webapp/freepbx_config_exec.rb,cc3968fbd7956545458e9ade5cc448bdfb6fb0ad,CVE-2014-1903
618921880,Pflegusch/metasploit-module-research,modules/exploits/unix/webapp/freepbx_config_exec.rb,cc3968fbd7956545458e9ade5cc448bdfb6fb0ad,OSVDB-103240
618921880,Pflegusch/metasploit-module-research,modules/auxiliary/admin/http/mutiny_frontend_read_delete.rb,cc72581bcd1463cd23dc3ca16b70469ea4c7e2fa,CVE-2013-0136
618921880,Pflegusch/metasploit-module-research,modules/exploits/osx/browser/safari_proxy_object_type_confusion.rb,cc87849476f765e3752c07a880174909ac122c48,CVE-2018-4404
618921880,Pflegusch/metasploit-module-research,modules/exploits/osx/browser/safari_proxy_object_type_confusion.rb,cc87849476f765e3752c07a880174909ac122c48,CVE-2018-4233
618921880,Pflegusch/metasploit-module-research,modules/exploits/windows/imap/mailenable_w3c_select.rb,cc93a76dd2011f94e2e03d9b2cf6dc3310ceaeb9,CVE-2005-3155
618921880,Pflegusch/metasploit-module-research,modules/exploits/windows/imap/mailenable_w3c_select.rb,cc93a76dd2011f94e2e03d9b2cf6dc3310ceaeb9,BID-15006
618921880,Pflegusch/metasploit-module-research,modules/exploits/windows/imap/mailenable_w3c_select.rb,cc93a76dd2011f94e2e03d9b2cf6dc3310ceaeb9,OSVDB-19842
618921880,Pflegusch/metasploit-module-research,modules/auxiliary/dos/http/apache_tomcat_transfer_encoding.rb,cca29ec332d97ceedc30047ac18d04c83e2e6498,BID-41544
618921880,Pflegusch/metasploit-module-research,modules/auxiliary/dos/http/apache_tomcat_transfer_encoding.rb,cca29ec332d97ceedc30047ac18d04c83e2e6498,OSVDB-66319
618921880,Pflegusch/metasploit-module-research,modules/auxiliary/dos/http/apache_tomcat_transfer_encoding.rb,cca29ec332d97ceedc30047ac18d04c83e2e6498,CVE-2010-2227
618921880,Pflegusch/metasploit-module-research,modules/exploits/unix/webapp/vbulletin_vote_sqli_exec.rb,cca993816c006d5444163f2aac80237524516f71,OSVDB-92031
618921880,Pflegusch/metasploit-module-research,modules/exploits/unix/webapp/vbulletin_vote_sqli_exec.rb,cca993816c006d5444163f2aac80237524516f71,CVE-2013-3522
618921880,Pflegusch/metasploit-module-research,modules/exploits/unix/webapp/vbulletin_vote_sqli_exec.rb,cca993816c006d5444163f2aac80237524516f71,BID-58754
618921880,Pflegusch/metasploit-module-research,modules/exploits/linux/local/cve_2021_3493_overlayfs.rb,cccbcf00dd9ef1b8eb1fe3233acc29f459edf5dc,CVE-2021-3493
618921880,Pflegusch/metasploit-module-research,modules/exploits/windows/firewall/blackice_pam_icq.rb,cd011313f20e96b63b0194d0930018f23e01c8b3,CVE-2004-0362
618921880,Pflegusch/metasploit-module-research,modules/exploits/windows/firewall/blackice_pam_icq.rb,cd011313f20e96b63b0194d0930018f23e01c8b3,OSVDB-4355
618921880,Pflegusch/metasploit-module-research,modules/exploits/linux/http/ueb_api_rce.rb,cd252aa71ebb0db77935aab311c37f25fe229031,CVE-2018-6328
618921880,Pflegusch/metasploit-module-research,modules/exploits/linux/http/ueb_api_rce.rb,cd252aa71ebb0db77935aab311c37f25fe229031,CVE-2017-12478
618921880,Pflegusch/metasploit-module-research,modules/exploits/windows/fileformat/videolan_tivo.rb,cd3096e8839a27d37d5400f0eb8a2eb3024303e2,CVE-2008-4654
618921880,Pflegusch/metasploit-module-research,modules/exploits/windows/fileformat/videolan_tivo.rb,cd3096e8839a27d37d5400f0eb8a2eb3024303e2,BID-31813
618921880,Pflegusch/metasploit-module-research,modules/exploits/windows/fileformat/videolan_tivo.rb,cd3096e8839a27d37d5400f0eb8a2eb3024303e2,OSVDB-49181
618921880,Pflegusch/metasploit-module-research,modules/exploits/windows/browser/ms10_018_ie_tabular_activex.rb,cd379fafce3a5f28b7a5e4a1795a6205999b6bc4,CVE-2010-0805
618921880,Pflegusch/metasploit-module-research,modules/exploits/windows/browser/ms10_018_ie_tabular_activex.rb,cd379fafce3a5f28b7a5e4a1795a6205999b6bc4,BID-39025
618921880,Pflegusch/metasploit-module-research,modules/exploits/windows/browser/ms10_018_ie_tabular_activex.rb,cd379fafce3a5f28b7a5e4a1795a6205999b6bc4,OSVDB-63329
618921880,Pflegusch/metasploit-module-research,modules/exploits/windows/browser/ms10_018_ie_tabular_activex.rb,cd379fafce3a5f28b7a5e4a1795a6205999b6bc4,MS10-018
618921880,Pflegusch/metasploit-module-research,modules/exploits/multi/realserver/describe.rb,cd38c2eed9cba3e782c37fc8fc859c5eaa7b8fa4,CVE-2002-1643
618921880,Pflegusch/metasploit-module-research,modules/exploits/multi/realserver/describe.rb,cd38c2eed9cba3e782c37fc8fc859c5eaa7b8fa4,OSVDB-4468
618921880,Pflegusch/metasploit-module-research,modules/exploits/multi/http/vbulletin_unserialize.rb,cd3ded49b18535741cbaf79b9ce6aeae8050dcca,CVE-2015-7808
618921880,Pflegusch/metasploit-module-research,modules/auxiliary/scanner/http/barracuda_directory_traversal.rb,cd5a90e8ef16123f28d6fe7b4449d41c9dc2f8af,OSVDB-68301
618921880,Pflegusch/metasploit-module-research,modules/auxiliary/gather/nuuo_cms_file_download.rb,cd6117d9896f43a5f9827519a63e3dd7a3290c73,CVE-2018-17934
618921880,Pflegusch/metasploit-module-research,modules/exploits/unix/webapp/wp_reflexgallery_file_upload.rb,cd6697444002a2a2672f37f34252b6b0a36e0eaf,CVE-2015-4133
618921880,Pflegusch/metasploit-module-research,modules/exploits/unix/webapp/wp_reflexgallery_file_upload.rb,cd6697444002a2a2672f37f34252b6b0a36e0eaf,OSVDB-88853
618921880,Pflegusch/metasploit-module-research,modules/exploits/windows/misc/stream_down_bof.rb,cd9f6a283e71a6de85b39c2ccdee118f5327b439,CVE-2011-5052
618921880,Pflegusch/metasploit-module-research,modules/exploits/windows/misc/stream_down_bof.rb,cd9f6a283e71a6de85b39c2ccdee118f5327b439,BID-51190
618921880,Pflegusch/metasploit-module-research,modules/exploits/windows/misc/stream_down_bof.rb,cd9f6a283e71a6de85b39c2ccdee118f5327b439,OSVDB-78043
618921880,Pflegusch/metasploit-module-research,modules/auxiliary/scanner/ipmi/ipmi_cipher_zero.rb,cdc3c4717e2226a65f41622e646c9c7236f49f17,OSVDB-93040
618921880,Pflegusch/metasploit-module-research,modules/auxiliary/scanner/ipmi/ipmi_cipher_zero.rb,cdc3c4717e2226a65f41622e646c9c7236f49f17,OSVDB-93038
618921880,Pflegusch/metasploit-module-research,modules/auxiliary/scanner/ipmi/ipmi_cipher_zero.rb,cdc3c4717e2226a65f41622e646c9c7236f49f17,OSVDB-93039
618921880,Pflegusch/metasploit-module-research,modules/auxiliary/scanner/ipmi/ipmi_cipher_zero.rb,cdc3c4717e2226a65f41622e646c9c7236f49f17,CVE-2013-4782
618921880,Pflegusch/metasploit-module-research,modules/exploits/multi/http/trendmicro_threat_discovery_admin_sys_time_cmdi.rb,cddea95025b006be39e000422fca6b62a1c3fe04,CVE-2016-7547
618921880,Pflegusch/metasploit-module-research,modules/exploits/multi/http/trendmicro_threat_discovery_admin_sys_time_cmdi.rb,cddea95025b006be39e000422fca6b62a1c3fe04,CVE-2016-7552
618921880,Pflegusch/metasploit-module-research,modules/auxiliary/dos/windows/ftp/vicftps50_list.rb,cddfc30e0ccd92d62033169026128739fed39025,CVE-2008-2031
618921880,Pflegusch/metasploit-module-research,modules/auxiliary/dos/windows/ftp/vicftps50_list.rb,cddfc30e0ccd92d62033169026128739fed39025,OSVDB-44608
618921880,Pflegusch/metasploit-module-research,modules/auxiliary/dos/windows/ftp/vicftps50_list.rb,cddfc30e0ccd92d62033169026128739fed39025,CVE-2008-6829
618921880,Pflegusch/metasploit-module-research,modules/exploits/multi/http/lcms_php_exec.rb,cde0ad9ad70040188dfc91a15d6047866fdd6c4f,OSVDB-75095
618921880,Pflegusch/metasploit-module-research,modules/exploits/multi/http/lcms_php_exec.rb,cde0ad9ad70040188dfc91a15d6047866fdd6c4f,CVE-2011-0518
618921880,Pflegusch/metasploit-module-research,modules/auxiliary/dos/http/cable_haunt_websocket_dos.rb,cdf74b5171e61ab4ecd6c1b7095a517ce711c859,CVE-2019-19494
618921880,Pflegusch/metasploit-module-research,modules/exploits/osx/local/setuid_tunnelblick.rb,ce11b87fc97c3e7e496722967da1bbb0c2fc9716,OSVDB-84706
618921880,Pflegusch/metasploit-module-research,modules/exploits/osx/local/setuid_tunnelblick.rb,ce11b87fc97c3e7e496722967da1bbb0c2fc9716,CVE-2012-3485
618921880,Pflegusch/metasploit-module-research,modules/exploits/windows/misc/sap_netweaver_dispatcher.rb,ce474345c0081ca51bafb06b44f292ed09a7607d,CVE-2012-2611
618921880,Pflegusch/metasploit-module-research,modules/exploits/windows/misc/sap_netweaver_dispatcher.rb,ce474345c0081ca51bafb06b44f292ed09a7607d,BID-53424
618921880,Pflegusch/metasploit-module-research,modules/exploits/windows/misc/sap_netweaver_dispatcher.rb,ce474345c0081ca51bafb06b44f292ed09a7607d,OSVDB-81759
618921880,Pflegusch/metasploit-module-research,modules/exploits/windows/fileformat/ht_mp3player_ht3_bof.rb,ce49ded48a90d9cc971bade0096342a69683ef98,OSVDB-55449
618921880,Pflegusch/metasploit-module-research,modules/exploits/windows/fileformat/ht_mp3player_ht3_bof.rb,ce49ded48a90d9cc971bade0096342a69683ef98,CVE-2009-2485
618921880,Pflegusch/metasploit-module-research,modules/auxiliary/scanner/http/jira_user_enum.rb,ce7e44f6d0bb5c06d79e3adca63664885085c1ea,CVE-2020-14181
618921880,Pflegusch/metasploit-module-research,modules/exploits/multi/http/php_fpm_rce.rb,cea343e7600cbfb1ae9e1f6b79fb2a5ae0724717,CVE-2019-11043
618921880,Pflegusch/metasploit-module-research,modules/exploits/windows/http/hp_pcm_snac_update_certificates.rb,cebb937b879d48d357f71fe3c88673006fc8fdc2,OSVDB-97155
618921880,Pflegusch/metasploit-module-research,modules/exploits/windows/http/hp_pcm_snac_update_certificates.rb,cebb937b879d48d357f71fe3c88673006fc8fdc2,BID-62348
618921880,Pflegusch/metasploit-module-research,modules/exploits/windows/http/hp_pcm_snac_update_certificates.rb,cebb937b879d48d357f71fe3c88673006fc8fdc2,CVE-2013-4812
618921880,Pflegusch/metasploit-module-research,modules/auxiliary/scanner/ssh/juniper_backdoor.rb,cecf3dfa7d552af14205e12cd9538d4622712b63,CVE-2015-7755
618921880,Pflegusch/metasploit-module-research,modules/auxiliary/admin/http/supra_smart_cloud_tv_rfi.rb,ced7ccd62b533f3014bd1dc54943e98005df87b6,CVE-2019-12477
618921880,Pflegusch/metasploit-module-research,modules/exploits/windows/browser/adobe_flash_avm2.rb,ceda264fa842258a884ca4c8ff721765e10acc79,CVE-2014-0497
618921880,Pflegusch/metasploit-module-research,modules/exploits/windows/browser/adobe_flash_avm2.rb,ceda264fa842258a884ca4c8ff721765e10acc79,BID-65327
618921880,Pflegusch/metasploit-module-research,modules/exploits/windows/browser/adobe_flash_avm2.rb,ceda264fa842258a884ca4c8ff721765e10acc79,OSVDB-102849
618921880,Pflegusch/metasploit-module-research,modules/auxiliary/admin/scada/advantech_webaccess_dbvisitor_sqli.rb,cedc67a6d024bb4d74074bd742d5d78c33c7f718,CVE-2014-0763
618921880,Pflegusch/metasploit-module-research,modules/auxiliary/admin/scada/advantech_webaccess_dbvisitor_sqli.rb,cedc67a6d024bb4d74074bd742d5d78c33c7f718,BID-66740
618921880,Pflegusch/metasploit-module-research,modules/auxiliary/admin/scada/advantech_webaccess_dbvisitor_sqli.rb,cedc67a6d024bb4d74074bd742d5d78c33c7f718,OSVDB-105572
618921880,Pflegusch/metasploit-module-research,modules/exploits/linux/http/elfinder_archive_cmd_injection.rb,cee2f660fd97cf7df613e6f231531cd39baa6228,CVE-2021-32682
618921880,Pflegusch/metasploit-module-research,modules/exploits/windows/misc/eiqnetworks_esa_topology.rb,cef28e1ee573f2fb28185bf2a25cb51fe2a3df66,BID-19164
618921880,Pflegusch/metasploit-module-research,modules/exploits/windows/misc/eiqnetworks_esa_topology.rb,cef28e1ee573f2fb28185bf2a25cb51fe2a3df66,OSVDB-27528
618921880,Pflegusch/metasploit-module-research,modules/exploits/windows/misc/eiqnetworks_esa_topology.rb,cef28e1ee573f2fb28185bf2a25cb51fe2a3df66,CVE-2006-3838
618921880,Pflegusch/metasploit-module-research,modules/exploits/linux/http/trendmicro_websecurity_exec.rb,cef7698bbb18c0261169a48df89126b4676ddd06,CVE-2020-8606
618921880,Pflegusch/metasploit-module-research,modules/exploits/linux/http/trendmicro_websecurity_exec.rb,cef7698bbb18c0261169a48df89126b4676ddd06,CVE-2020-8605
618921880,Pflegusch/metasploit-module-research,modules/exploits/linux/http/trendmicro_websecurity_exec.rb,cef7698bbb18c0261169a48df89126b4676ddd06,CVE-2020-8604
618921880,Pflegusch/metasploit-module-research,modules/auxiliary/server/ms15_134_mcl_leak.rb,cef8236219b3a9c9a68285e379c503c5cce4413a,MS15-134
618921880,Pflegusch/metasploit-module-research,modules/auxiliary/server/ms15_134_mcl_leak.rb,cef8236219b3a9c9a68285e379c503c5cce4413a,CVE-2015-6127
618921880,Pflegusch/metasploit-module-research,modules/exploits/windows/browser/ms14_064_ole_code_execution.rb,cefebfe76e7513c9906921d587612a3a106c8bf5,OSVDB-114533
618921880,Pflegusch/metasploit-module-research,modules/exploits/windows/browser/ms14_064_ole_code_execution.rb,cefebfe76e7513c9906921d587612a3a106c8bf5,MS14-064
618921880,Pflegusch/metasploit-module-research,modules/exploits/windows/browser/ms14_064_ole_code_execution.rb,cefebfe76e7513c9906921d587612a3a106c8bf5,CVE-2014-6332
618921880,Pflegusch/metasploit-module-research,modules/exploits/unix/ftp/proftpd_133c_backdoor.rb,cf137e6373de94ad8adaf19f03c5b0a80d6f8c5b,BID-45150
618921880,Pflegusch/metasploit-module-research,modules/exploits/unix/ftp/proftpd_133c_backdoor.rb,cf137e6373de94ad8adaf19f03c5b0a80d6f8c5b,OSVDB-69562
618921880,Pflegusch/metasploit-module-research,modules/exploits/windows/http/hp_sitescope_runomagentcommand.rb,cf43bde686471b61114f139fbc3318f2085f36f7,BID-61506
618921880,Pflegusch/metasploit-module-research,modules/exploits/windows/http/hp_sitescope_runomagentcommand.rb,cf43bde686471b61114f139fbc3318f2085f36f7,OSVDB-95824
618921880,Pflegusch/metasploit-module-research,modules/exploits/windows/http/hp_sitescope_runomagentcommand.rb,cf43bde686471b61114f139fbc3318f2085f36f7,CVE-2013-2367
618921880,Pflegusch/metasploit-module-research,modules/exploits/windows/fileformat/tugzip.rb,cf896054e03bdc99051e699c2f221b5566dbe6af,OSVDB-49371
618921880,Pflegusch/metasploit-module-research,modules/exploits/windows/fileformat/tugzip.rb,cf896054e03bdc99051e699c2f221b5566dbe6af,BID-31913
618921880,Pflegusch/metasploit-module-research,modules/exploits/windows/fileformat/tugzip.rb,cf896054e03bdc99051e699c2f221b5566dbe6af,CVE-2008-4779
618921880,Pflegusch/metasploit-module-research,modules/exploits/windows/http/advantech_iview_networkservlet_cmd_inject.rb,cf8f56deffd18b9765b89e844a0c7548d09c86b1,CVE-2022-2143
618921880,Pflegusch/metasploit-module-research,modules/auxiliary/gather/zabbix_toggleids_sqli.rb,cf994b1c5d76d280146973e95a1d5bc039e1022a,CVE-2016-10134
618921880,Pflegusch/metasploit-module-research,modules/exploits/multi/misc/veritas_netbackup_cmdexec.rb,cfb8dac3666488431801b176e38510f740e41099,CVE-2004-1389
618921880,Pflegusch/metasploit-module-research,modules/exploits/multi/misc/veritas_netbackup_cmdexec.rb,cfb8dac3666488431801b176e38510f740e41099,BID-11494
618921880,Pflegusch/metasploit-module-research,modules/exploits/multi/misc/veritas_netbackup_cmdexec.rb,cfb8dac3666488431801b176e38510f740e41099,OSVDB-11026
618921880,Pflegusch/metasploit-module-research,modules/exploits/unix/webapp/joomla_tinybrowser.rb,cfd764576d8e25984a75668140615683b31de15a,OSVDB-64578
618921880,Pflegusch/metasploit-module-research,modules/exploits/unix/webapp/joomla_tinybrowser.rb,cfd764576d8e25984a75668140615683b31de15a,CVE-2011-4908
618921880,Pflegusch/metasploit-module-research,modules/auxiliary/server/dhclient_bash_env.rb,cfd8d187a8b534921079f54cbbdb273a05bfbe24,OSVDB-112004
618921880,Pflegusch/metasploit-module-research,modules/auxiliary/server/dhclient_bash_env.rb,cfd8d187a8b534921079f54cbbdb273a05bfbe24,CVE-2014-6271
618921880,Pflegusch/metasploit-module-research,modules/exploits/windows/fileformat/mediacoder_m3u.rb,cfdfae34b680923627a26027a2112fd265109b83,OSVDB-94522
618921880,Pflegusch/metasploit-module-research,modules/exploits/windows/fileformat/mediacoder_m3u.rb,cfdfae34b680923627a26027a2112fd265109b83,CVE-2017-8869
618921880,Pflegusch/metasploit-module-research,modules/auxiliary/dos/windows/tftp/pt360_write.rb,cff0bb05105204ef569afcdb9aa591190a2f38a1,OSVDB-42932
618921880,Pflegusch/metasploit-module-research,modules/auxiliary/dos/windows/tftp/pt360_write.rb,cff0bb05105204ef569afcdb9aa591190a2f38a1,CVE-2008-1311
618921880,Pflegusch/metasploit-module-research,modules/auxiliary/scanner/http/emby_ssrf_scanner.rb,d0258eb1a2b380c4bcf0f6e38dcdded9c109a17b,CVE-2020-26948
618921880,Pflegusch/metasploit-module-research,modules/exploits/linux/ssh/ceragon_fibeair_known_privkey.rb,d02fd72caa08c4ebbc6cf43cb0a2185187e689c3,CVE-2015-0936
618921880,Pflegusch/metasploit-module-research,modules/exploits/multi/http/tomcat_jsp_upload_bypass.rb,d053e61a91afdef0c2982d4354462ed4340ddad0,CVE-2017-12617
618921880,Pflegusch/metasploit-module-research,modules/exploits/windows/browser/ms16_051_vbscript.rb,d061191f940e4b217f1799739a932d17533e6f55,CVE-2016-0189
618921880,Pflegusch/metasploit-module-research,modules/exploits/windows/browser/ms16_051_vbscript.rb,d061191f940e4b217f1799739a932d17533e6f55,MS16-051
618921880,Pflegusch/metasploit-module-research,modules/auxiliary/gather/vbulletin_vote_sqli.rb,d06244a3995652ed2b7a48f65c4bdc1b19b47c99,CVE-2013-3522
618921880,Pflegusch/metasploit-module-research,modules/auxiliary/gather/vbulletin_vote_sqli.rb,d06244a3995652ed2b7a48f65c4bdc1b19b47c99,OSVDB-92031
618921880,Pflegusch/metasploit-module-research,modules/auxiliary/gather/vbulletin_vote_sqli.rb,d06244a3995652ed2b7a48f65c4bdc1b19b47c99,BID-58754
618921880,Pflegusch/metasploit-module-research,modules/exploits/windows/fileformat/apple_quicktime_pnsize.rb,d0696bbc24ecabbb748534999b643358276325a9,OSVDB-74687
618921880,Pflegusch/metasploit-module-research,modules/exploits/windows/fileformat/apple_quicktime_pnsize.rb,d0696bbc24ecabbb748534999b643358276325a9,CVE-2011-0257
618921880,Pflegusch/metasploit-module-research,modules/exploits/windows/fileformat/apple_quicktime_pnsize.rb,d0696bbc24ecabbb748534999b643358276325a9,BID-49144
618921880,Pflegusch/metasploit-module-research,modules/exploits/windows/proxy/bluecoat_winproxy_host.rb,d0c815df1efe2e8e7d7e60fb5668b5074ee7430a,BID-16147
618921880,Pflegusch/metasploit-module-research,modules/exploits/windows/proxy/bluecoat_winproxy_host.rb,d0c815df1efe2e8e7d7e60fb5668b5074ee7430a,CVE-2005-4085
618921880,Pflegusch/metasploit-module-research,modules/exploits/windows/proxy/bluecoat_winproxy_host.rb,d0c815df1efe2e8e7d7e60fb5668b5074ee7430a,OSVDB-22238
618921880,Pflegusch/metasploit-module-research,modules/auxiliary/scanner/http/fortimail_login_bypass_detection.rb,d0db587d06397952f21a34651e6958b3b447145c,CVE-2020-9294
618921880,Pflegusch/metasploit-module-research,modules/exploits/multi/browser/firefox_proxy_prototype.rb,d1088e113b6596b2998e9a43fbf2166ff51472e8,CVE-2014-8636
618921880,Pflegusch/metasploit-module-research,modules/exploits/multi/browser/firefox_proxy_prototype.rb,d1088e113b6596b2998e9a43fbf2166ff51472e8,CVE-2015-0802
618921880,Pflegusch/metasploit-module-research,modules/exploits/windows/browser/ms13_037_svg_dashstyle.rb,d11e36d0b96644f55863bbeba1e77060b5111907,MS13-037
618921880,Pflegusch/metasploit-module-research,modules/exploits/windows/browser/ms13_037_svg_dashstyle.rb,d11e36d0b96644f55863bbeba1e77060b5111907,CVE-2013-2551
618921880,Pflegusch/metasploit-module-research,modules/exploits/windows/browser/ms13_037_svg_dashstyle.rb,d11e36d0b96644f55863bbeba1e77060b5111907,OSVDB-91197
618921880,Pflegusch/metasploit-module-research,modules/exploits/windows/browser/ms13_037_svg_dashstyle.rb,d11e36d0b96644f55863bbeba1e77060b5111907,MS12-001
618921880,Pflegusch/metasploit-module-research,modules/exploits/windows/browser/ms13_037_svg_dashstyle.rb,d11e36d0b96644f55863bbeba1e77060b5111907,BID-58570
618921880,Pflegusch/metasploit-module-research,modules/exploits/linux/http/dlink_hedwig_cgi_bof.rb,d12877626cc6b3ef48ce9fb496ab12a4c2b3927c,OSVDB-95950
618921880,Pflegusch/metasploit-module-research,modules/exploits/windows/browser/systemrequirementslab_unsafe.rb,d14dbcf9a2bb5bd421719b46e4ff6ff7b183e85f,OSVDB-50122
618921880,Pflegusch/metasploit-module-research,modules/exploits/windows/browser/systemrequirementslab_unsafe.rb,d14dbcf9a2bb5bd421719b46e4ff6ff7b183e85f,CVE-2008-4385
618921880,Pflegusch/metasploit-module-research,modules/exploits/linux/http/pandora_fms_events_exec.rb,d1650ba097385568f19b5adf27578622893615a4,CVE-2020-13851
618921880,Pflegusch/metasploit-module-research,modules/exploits/windows/fileformat/xenorate_xpl_bof.rb,d184254adfd4c94a4d960c8452108d5f5c4ea8f5,OSVDB-57162
618921880,Pflegusch/metasploit-module-research,modules/exploits/windows/browser/lpviewer_url.rb,d18bce2561135a3598413d46f10acd5687a71751,BID-31604
618921880,Pflegusch/metasploit-module-research,modules/exploits/windows/browser/lpviewer_url.rb,d18bce2561135a3598413d46f10acd5687a71751,CVE-2008-4384
618921880,Pflegusch/metasploit-module-research,modules/exploits/windows/browser/lpviewer_url.rb,d18bce2561135a3598413d46f10acd5687a71751,OSVDB-48946
618921880,Pflegusch/metasploit-module-research,modules/exploits/unix/webapp/trixbox_ce_endpoint_devicemap_rce.rb,d1963040b7bc1a0fe78ec19d9d7f8a2eed1b3995,CVE-2020-7351
618921880,Pflegusch/metasploit-module-research,modules/auxiliary/voip/cisco_cucdm_call_forward.rb,d1ba3dc58adb24341f4abf19ba73c82ca2295337,CVE-2014-3300
618921880,Pflegusch/metasploit-module-research,modules/auxiliary/voip/cisco_cucdm_call_forward.rb,d1ba3dc58adb24341f4abf19ba73c82ca2295337,BID-68331
618921880,Pflegusch/metasploit-module-research,modules/exploits/windows/fileformat/cve_2017_8464_lnk_rce.rb,d1cbeac503d48382d73dd4b4720c588881d79113,MS15-020
618921880,Pflegusch/metasploit-module-research,modules/exploits/windows/fileformat/cve_2017_8464_lnk_rce.rb,d1cbeac503d48382d73dd4b4720c588881d79113,CVE-2017-8464
618921880,Pflegusch/metasploit-module-research,modules/exploits/windows/fileformat/cve_2017_8464_lnk_rce.rb,d1cbeac503d48382d73dd4b4720c588881d79113,CVE-2015-0096
618921880,Pflegusch/metasploit-module-research,modules/exploits/windows/http/savant_31_overflow.rb,d2043e64c4ff2a79e398f01bf70ed4c8da5e141a,BID-5686
618921880,Pflegusch/metasploit-module-research,modules/exploits/windows/http/savant_31_overflow.rb,d2043e64c4ff2a79e398f01bf70ed4c8da5e141a,OSVDB-9829
618921880,Pflegusch/metasploit-module-research,modules/exploits/windows/http/savant_31_overflow.rb,d2043e64c4ff2a79e398f01bf70ed4c8da5e141a,CVE-2002-1120
618921880,Pflegusch/metasploit-module-research,modules/exploits/multi/http/freenas_exec_raw.rb,d20a9c4c2631cf916dbd917bdaff80038be1ed86,OSVDB-94441
618921880,Pflegusch/metasploit-module-research,modules/auxiliary/scanner/http/hp_imc_reportimgservlt_traversal.rb,d21bda882f00aadd970c53f1535d95c7905f0e7f,BID-58672
618921880,Pflegusch/metasploit-module-research,modules/auxiliary/scanner/http/hp_imc_reportimgservlt_traversal.rb,d21bda882f00aadd970c53f1535d95c7905f0e7f,OSVDB-91028
618921880,Pflegusch/metasploit-module-research,modules/auxiliary/scanner/http/hp_imc_reportimgservlt_traversal.rb,d21bda882f00aadd970c53f1535d95c7905f0e7f,CVE-2012-5203
618921880,Pflegusch/metasploit-module-research,modules/exploits/windows/fileformat/mjm_quickplayer_s3m.rb,d224312ee68a775da27f982c672219136a4edee7,OSVDB-72102
618921880,Pflegusch/metasploit-module-research,modules/exploits/multi/http/vtiger_php_exec.rb,d23fc884f773ad09ca7ae4cdfb5283cedd325ba6,CVE-2013-3591
618921880,Pflegusch/metasploit-module-research,modules/exploits/windows/fileformat/galan_fileformat_bof.rb,d2486ce2e04befae8be1d7ba5e7c405c0ed224d2,OSVDB-60897
618921880,Pflegusch/metasploit-module-research,modules/exploits/linux/http/f5_icall_cmd.rb,d259337a14754ff9928696ca151f33d5829906de,CVE-2015-3628
618921880,Pflegusch/metasploit-module-research,modules/exploits/windows/fileformat/subtitle_processor_m3u_bof.rb,d25d41ffaa7f7da77675faff65a4c4b991936027,OSVDB-72050
618921880,Pflegusch/metasploit-module-research,modules/exploits/linux/misc/novell_edirectory_ncp_bof.rb,d2635fcdb50fce5a0bb8d4595c6fc412f797c7e1,BID-57038
618921880,Pflegusch/metasploit-module-research,modules/exploits/linux/misc/novell_edirectory_ncp_bof.rb,d2635fcdb50fce5a0bb8d4595c6fc412f797c7e1,CVE-2012-0432
618921880,Pflegusch/metasploit-module-research,modules/exploits/linux/misc/novell_edirectory_ncp_bof.rb,d2635fcdb50fce5a0bb8d4595c6fc412f797c7e1,OSVDB-88718
618921880,Pflegusch/metasploit-module-research,modules/auxiliary/admin/oracle/osb_execqr3.rb,d2841b1ceb9737967caf54105f1e2e2b25e1f677,CVE-2010-0904
618921880,Pflegusch/metasploit-module-research,modules/auxiliary/admin/oracle/osb_execqr3.rb,d2841b1ceb9737967caf54105f1e2e2b25e1f677,OSVDB-66338
618921880,Pflegusch/metasploit-module-research,modules/auxiliary/scanner/http/glassfish_traversal.rb,d2849bd29429519e5199c9ea3827a82b2dc5ea0e,CVE-2017-1000028
618921880,Pflegusch/metasploit-module-research,modules/auxiliary/scanner/http/wp_dukapress_file_read.rb,d28a36e2fc9cac633807ecf6acc7ac2348cc90d5,OSVDB-115130
618921880,Pflegusch/metasploit-module-research,modules/auxiliary/scanner/http/wp_dukapress_file_read.rb,d28a36e2fc9cac633807ecf6acc7ac2348cc90d5,CVE-2014-8799
618921880,Pflegusch/metasploit-module-research,modules/exploits/windows/local/adobe_sandbox_adobecollabsync.rb,d2a8aea5c23b04e2f7a6c7d68a75ec9c94dad724,CVE-2013-2730
618921880,Pflegusch/metasploit-module-research,modules/exploits/windows/local/adobe_sandbox_adobecollabsync.rb,d2a8aea5c23b04e2f7a6c7d68a75ec9c94dad724,OSVDB-93355
618921880,Pflegusch/metasploit-module-research,modules/exploits/windows/misc/unified_remote_rce.rb,d2c299366c69bb8cada6e9d34a1f61e7afd53c7d,CVE-2022-3229
618921880,Pflegusch/metasploit-module-research,modules/exploits/windows/http/steamcast_useragent.rb,d2d160b6f8e3607883cec2b22a87e3cc0c0bfa66,CVE-2008-0550
618921880,Pflegusch/metasploit-module-research,modules/exploits/windows/http/steamcast_useragent.rb,d2d160b6f8e3607883cec2b22a87e3cc0c0bfa66,BID-33898
618921880,Pflegusch/metasploit-module-research,modules/exploits/windows/http/steamcast_useragent.rb,d2d160b6f8e3607883cec2b22a87e3cc0c0bfa66,OSVDB-42670
618921880,Pflegusch/metasploit-module-research,modules/exploits/multi/browser/chrome_cve_2021_21220_v8_insufficient_validation.rb,d2d802ed41d619a7d7fecc318f08844fe00d5f43,CVE-2021-21220
618921880,Pflegusch/metasploit-module-research,modules/exploits/multi/browser/chrome_cve_2021_21220_v8_insufficient_validation.rb,d2d802ed41d619a7d7fecc318f08844fe00d5f43,ZDI-21-411
618921880,Pflegusch/metasploit-module-research,modules/auxiliary/scanner/vnc/ard_root_pw.rb,d2dd33d85fed632429f528665ae1a3604901a7e9,CVE-2017-13872
618921880,Pflegusch/metasploit-module-research,modules/exploits/windows/nuuo/nuuo_cms_sqli.rb,d2df37864c3ba615551e41560918cfbdc96a9a52,CVE-2018-18982
618921880,Pflegusch/metasploit-module-research,modules/exploits/linux/http/goautodial_3_rce_command_injection.rb,d2eff04c834e3e99c4a06a722c1a50cee963b2c7,CVE-2015-2845
618921880,Pflegusch/metasploit-module-research,modules/exploits/linux/http/goautodial_3_rce_command_injection.rb,d2eff04c834e3e99c4a06a722c1a50cee963b2c7,CVE-2015-2843
618921880,Pflegusch/metasploit-module-research,modules/exploits/windows/fileformat/real_player_url_property_bof.rb,d2f212f8adf3bc60f029ba61f37ead8124376565,OSVDB-88486
618921880,Pflegusch/metasploit-module-research,modules/exploits/windows/fileformat/real_player_url_property_bof.rb,d2f212f8adf3bc60f029ba61f37ead8124376565,BID-56956
618921880,Pflegusch/metasploit-module-research,modules/exploits/windows/fileformat/real_player_url_property_bof.rb,d2f212f8adf3bc60f029ba61f37ead8124376565,CVE-2012-5691
618921880,Pflegusch/metasploit-module-research,modules/exploits/multi/http/hp_sys_mgmt_exec.rb,d3104b66d92871ea24e21cbb5d925cc204af76bd,CVE-2013-3576
618921880,Pflegusch/metasploit-module-research,modules/exploits/multi/http/hp_sys_mgmt_exec.rb,d3104b66d92871ea24e21cbb5d925cc204af76bd,OSVDB-94191
618921880,Pflegusch/metasploit-module-research,modules/exploits/windows/tftp/quick_tftp_pro_mode.rb,d3219c24cf3b6b635b84586161380a2bc171256d,CVE-2008-1610
618921880,Pflegusch/metasploit-module-research,modules/exploits/windows/tftp/quick_tftp_pro_mode.rb,d3219c24cf3b6b635b84586161380a2bc171256d,OSVDB-43784
618921880,Pflegusch/metasploit-module-research,modules/exploits/windows/tftp/quick_tftp_pro_mode.rb,d3219c24cf3b6b635b84586161380a2bc171256d,BID-28459
618921880,Pflegusch/metasploit-module-research,modules/exploits/windows/misc/bigant_server_250.rb,d3447b11f6bd7b17f7d4ca85c194d0cb2e08a6c6,CVE-2008-1914
618921880,Pflegusch/metasploit-module-research,modules/exploits/windows/misc/bigant_server_250.rb,d3447b11f6bd7b17f7d4ca85c194d0cb2e08a6c6,OSVDB-44454
618921880,Pflegusch/metasploit-module-research,modules/exploits/windows/http/ultraminihttp_bof.rb,d346194366ff3c7390c0f356f4f488fbe6a347fd,OSVDB-95164
618921880,Pflegusch/metasploit-module-research,modules/exploits/windows/mysql/mysql_yassl_hello.rb,d34c600e985792cbf9ececd5d2694e9329bb5215,BID-27140
618921880,Pflegusch/metasploit-module-research,modules/exploits/windows/mysql/mysql_yassl_hello.rb,d34c600e985792cbf9ececd5d2694e9329bb5215,CVE-2008-0226
618921880,Pflegusch/metasploit-module-research,modules/exploits/windows/mysql/mysql_yassl_hello.rb,d34c600e985792cbf9ececd5d2694e9329bb5215,OSVDB-41195
618921880,Pflegusch/metasploit-module-research,modules/auxiliary/voip/cisco_cucdm_speed_dials.rb,d35771fe8bce25524e2f1339533f34cd21bfdd97,CVE-2014-3300
618921880,Pflegusch/metasploit-module-research,modules/auxiliary/voip/cisco_cucdm_speed_dials.rb,d35771fe8bce25524e2f1339533f34cd21bfdd97,BID-68331
618921880,Pflegusch/metasploit-module-research,modules/exploits/windows/browser/tumbleweed_filetransfer.rb,d36d5c561f16ce6631cfa4b2cd31b1e6a230ec89,CVE-2008-1724
618921880,Pflegusch/metasploit-module-research,modules/exploits/windows/browser/tumbleweed_filetransfer.rb,d36d5c561f16ce6631cfa4b2cd31b1e6a230ec89,OSVDB-44252
618921880,Pflegusch/metasploit-module-research,modules/exploits/windows/browser/ea_checkrequirements.rb,d3813f0388e60714ba6fb8fd3b24e606015a63ac,OSVDB-37723
618921880,Pflegusch/metasploit-module-research,modules/exploits/windows/browser/ea_checkrequirements.rb,d3813f0388e60714ba6fb8fd3b24e606015a63ac,CVE-2007-4466
618921880,Pflegusch/metasploit-module-research,modules/exploits/linux/upnp/miniupnpd_soap_bof.rb,d38e8636e3ff521dd276f25036a5da51fc64de9a,BID-57608
618921880,Pflegusch/metasploit-module-research,modules/exploits/linux/upnp/miniupnpd_soap_bof.rb,d38e8636e3ff521dd276f25036a5da51fc64de9a,CVE-2013-0230
618921880,Pflegusch/metasploit-module-research,modules/exploits/linux/upnp/miniupnpd_soap_bof.rb,d38e8636e3ff521dd276f25036a5da51fc64de9a,OSVDB-89624
618921880,Pflegusch/metasploit-module-research,modules/exploits/windows/browser/ms09_043_owc_htmlurl.rb,d396351c0d3c73603877ff0560ac03fc801016ba,BID-35992
618921880,Pflegusch/metasploit-module-research,modules/exploits/windows/browser/ms09_043_owc_htmlurl.rb,d396351c0d3c73603877ff0560ac03fc801016ba,MS09-043
618921880,Pflegusch/metasploit-module-research,modules/exploits/windows/browser/ms09_043_owc_htmlurl.rb,d396351c0d3c73603877ff0560ac03fc801016ba,OSVDB-56916
618921880,Pflegusch/metasploit-module-research,modules/exploits/windows/browser/ms09_043_owc_htmlurl.rb,d396351c0d3c73603877ff0560ac03fc801016ba,CVE-2009-1534
618921880,Pflegusch/metasploit-module-research,modules/exploits/linux/http/netgear_readynas_exec.rb,d3defc9001e410b7adb005dca16f41f1f87b9766,OSVDB-98826
618921880,Pflegusch/metasploit-module-research,modules/exploits/linux/http/netgear_readynas_exec.rb,d3defc9001e410b7adb005dca16f41f1f87b9766,CVE-2013-2751
618921880,Pflegusch/metasploit-module-research,modules/auxiliary/admin/http/jboss_seam_exec.rb,d3fb7216d679edc78f12cf145ac1598fcc196d79,OSVDB-66881
618921880,Pflegusch/metasploit-module-research,modules/auxiliary/admin/http/jboss_seam_exec.rb,d3fb7216d679edc78f12cf145ac1598fcc196d79,CVE-2010-1871
618921880,Pflegusch/metasploit-module-research,modules/exploits/windows/fileformat/erdas_er_viewer_rf_report_error.rb,d4223647d6a1aef07a067aa5ff9afc0f613d6138,CVE-2013-3482
618921880,Pflegusch/metasploit-module-research,modules/exploits/windows/fileformat/erdas_er_viewer_rf_report_error.rb,d4223647d6a1aef07a067aa5ff9afc0f613d6138,OSVDB-93650
618921880,Pflegusch/metasploit-module-research,modules/exploits/unix/webapp/redmine_scm_exec.rb,d42418395fc69756f3bfc525be3f4d32d6a9a474,OSVDB-70090
618921880,Pflegusch/metasploit-module-research,modules/exploits/unix/webapp/redmine_scm_exec.rb,d42418395fc69756f3bfc525be3f4d32d6a9a474,CVE-2011-4929
618921880,Pflegusch/metasploit-module-research,modules/auxiliary/dos/wireshark/capwap.rb,d435edd861cfce88318d53785741c1fffbeb3783,BID-60500
618921880,Pflegusch/metasploit-module-research,modules/auxiliary/dos/wireshark/capwap.rb,d435edd861cfce88318d53785741c1fffbeb3783,CVE-2013-4074
618921880,Pflegusch/metasploit-module-research,modules/auxiliary/dos/wireshark/capwap.rb,d435edd861cfce88318d53785741c1fffbeb3783,OSVDB-94091
618921880,Pflegusch/metasploit-module-research,modules/exploits/unix/webapp/phpbb_highlight.rb,d44daff9327c27511e6786b1ea04b942113f79ab,BID-14086
618921880,Pflegusch/metasploit-module-research,modules/exploits/unix/webapp/phpbb_highlight.rb,d44daff9327c27511e6786b1ea04b942113f79ab,CVE-2005-2086
618921880,Pflegusch/metasploit-module-research,modules/exploits/unix/webapp/phpbb_highlight.rb,d44daff9327c27511e6786b1ea04b942113f79ab,CVE-2004-1315
618921880,Pflegusch/metasploit-module-research,modules/exploits/unix/webapp/phpbb_highlight.rb,d44daff9327c27511e6786b1ea04b942113f79ab,BID-10701
618921880,Pflegusch/metasploit-module-research,modules/exploits/unix/webapp/phpbb_highlight.rb,d44daff9327c27511e6786b1ea04b942113f79ab,OSVDB-17613
618921880,Pflegusch/metasploit-module-research,modules/exploits/unix/webapp/phpbb_highlight.rb,d44daff9327c27511e6786b1ea04b942113f79ab,OSVDB-11719
618921880,Pflegusch/metasploit-module-research,modules/auxiliary/scanner/http/novell_file_reporter_srs_fileaccess.rb,d48f1c151555017887bc825333acf7c2c30c884c,CVE-2012-4959
618921880,Pflegusch/metasploit-module-research,modules/auxiliary/scanner/http/novell_file_reporter_srs_fileaccess.rb,d48f1c151555017887bc825333acf7c2c30c884c,CVE-2012-4957
618921880,Pflegusch/metasploit-module-research,modules/exploits/linux/http/sonicwall_cve_2021_20039.rb,d4b5aebf49fcf0a2f83e1694f91563e217ab0837,CVE-2021-20038
618921880,Pflegusch/metasploit-module-research,modules/exploits/linux/http/sonicwall_cve_2021_20039.rb,d4b5aebf49fcf0a2f83e1694f91563e217ab0837,CVE-2021-20039
618921880,Pflegusch/metasploit-module-research,modules/exploits/linux/misc/saltstack_salt_unauth_rce.rb,d4daf2f7dac2cb1749fde52f6bc401eb46696ce9,CVE-2020-11651
618921880,Pflegusch/metasploit-module-research,modules/exploits/linux/misc/saltstack_salt_unauth_rce.rb,d4daf2f7dac2cb1749fde52f6bc401eb46696ce9,CVE-2020-11652
618921880,Pflegusch/metasploit-module-research,modules/post/multi/escalate/cups_root_file_read.rb,d50d5e7ba7be979e7df56009031af82ead8e7c66,OSVDB-87635
618921880,Pflegusch/metasploit-module-research,modules/post/multi/escalate/cups_root_file_read.rb,d50d5e7ba7be979e7df56009031af82ead8e7c66,CVE-2012-5519
618921880,Pflegusch/metasploit-module-research,modules/auxiliary/scanner/http/dell_idrac.rb,d517bd499728792bcb2c57d3073e1b5d0ab1d8be,CVE-1999-0502
618921880,Pflegusch/metasploit-module-research,modules/exploits/linux/http/ipfire_oinkcode_exec.rb,d53aa6625959db595080d8a1a23f0635d91b3939,CVE-2017-9757
618921880,Pflegusch/metasploit-module-research,modules/exploits/windows/browser/cisco_anyconnect_exec.rb,d53ae317a13acd433b39f01eec435e55ae37f34a,CVE-2011-2039
618921880,Pflegusch/metasploit-module-research,modules/exploits/windows/browser/cisco_anyconnect_exec.rb,d53ae317a13acd433b39f01eec435e55ae37f34a,OSVDB-72714
618921880,Pflegusch/metasploit-module-research,modules/auxiliary/scanner/postgres/postgres_login.rb,d59911ecfa87833e398c7fb82a44cbb60d7520ce,CVE-1999-0502
618921880,Pflegusch/metasploit-module-research,modules/exploits/windows/http/solarwinds_fsm_userlogin.rb,d5acdf21eba6f5d2fb26a07be2c7e3e6d532328a,OSVDB-81634
618921880,Pflegusch/metasploit-module-research,modules/exploits/windows/http/solarwinds_fsm_userlogin.rb,d5acdf21eba6f5d2fb26a07be2c7e3e6d532328a,CVE-2015-2284
618921880,Pflegusch/metasploit-module-research,modules/auxiliary/scanner/snmp/sbg6580_enum.rb,d5b381babd565c92fc453d618362c3eb9d8dd771,OSVDB-110555
618921880,Pflegusch/metasploit-module-research,modules/post/multi/sap/smdagent_get_properties.rb,d5b53466f8ab6ed0b6e7b2077ccf4ca0819b5aa7,CVE-2019-0307
618921880,Pflegusch/metasploit-module-research,modules/exploits/multi/browser/java_calendar_deserialize.rb,d5c2ef8880e781dafd71199ab0c572a71690f002,OSVDB-50500
618921880,Pflegusch/metasploit-module-research,modules/exploits/multi/browser/java_calendar_deserialize.rb,d5c2ef8880e781dafd71199ab0c572a71690f002,CVE-2008-5353
618921880,Pflegusch/metasploit-module-research,modules/exploits/windows/sip/sipxphone_cseq.rb,d6053f180b641fa76fad43c644225303d44837ca,OSVDB-27122
618921880,Pflegusch/metasploit-module-research,modules/exploits/windows/sip/sipxphone_cseq.rb,d6053f180b641fa76fad43c644225303d44837ca,BID-18906
618921880,Pflegusch/metasploit-module-research,modules/exploits/windows/sip/sipxphone_cseq.rb,d6053f180b641fa76fad43c644225303d44837ca,CVE-2006-3524
618921880,Pflegusch/metasploit-module-research,modules/exploits/windows/http/ibm_tivoli_endpoint_bof.rb,d60f98e42fe13eca7d5515d48bd61234951c1adb,OSVDB-72713
618921880,Pflegusch/metasploit-module-research,modules/exploits/windows/http/ibm_tivoli_endpoint_bof.rb,d60f98e42fe13eca7d5515d48bd61234951c1adb,OSVDB-72751
618921880,Pflegusch/metasploit-module-research,modules/exploits/windows/http/ibm_tivoli_endpoint_bof.rb,d60f98e42fe13eca7d5515d48bd61234951c1adb,CVE-2011-1220
618921880,Pflegusch/metasploit-module-research,modules/exploits/windows/http/ibm_tivoli_endpoint_bof.rb,d60f98e42fe13eca7d5515d48bd61234951c1adb,BID-48049
618921880,Pflegusch/metasploit-module-research,modules/exploits/linux/http/mida_solutions_eframework_ajaxreq_rce.rb,d6260c2484c5e5872588749f4943c0fc853343ee,CVE-2020-15920
618921880,Pflegusch/metasploit-module-research,modules/exploits/windows/misc/borland_interbase.rb,d62e515128cac413600377dc50762ca162714a69,CVE-2007-3566
618921880,Pflegusch/metasploit-module-research,modules/exploits/windows/misc/borland_interbase.rb,d62e515128cac413600377dc50762ca162714a69,OSVDB-38602
618921880,Pflegusch/metasploit-module-research,modules/exploits/multi/http/phpldapadmin_query_engine.rb,d665afe773445bf146ebc692dff98ea7137266ec,OSVDB-76594
618921880,Pflegusch/metasploit-module-research,modules/exploits/multi/http/phpldapadmin_query_engine.rb,d665afe773445bf146ebc692dff98ea7137266ec,CVE-2011-4075
618921880,Pflegusch/metasploit-module-research,modules/exploits/multi/http/phpldapadmin_query_engine.rb,d665afe773445bf146ebc692dff98ea7137266ec,BID-50331
618921880,Pflegusch/metasploit-module-research,modules/exploits/multi/http/playsms_template_injection.rb,d6a925eea9c49de66bdd2f963f0d25c5236b7158,CVE-2020-8644
618921880,Pflegusch/metasploit-module-research,modules/exploits/windows/misc/hp_dataprotector_traversal.rb,d6ac954a9257974669b0de863c2d6127e6ec81c3,CVE-2013-6194
618921880,Pflegusch/metasploit-module-research,modules/exploits/windows/misc/hp_dataprotector_traversal.rb,d6ac954a9257974669b0de863c2d6127e6ec81c3,BID-64647
618921880,Pflegusch/metasploit-module-research,modules/exploits/windows/misc/hp_dataprotector_traversal.rb,d6ac954a9257974669b0de863c2d6127e6ec81c3,OSVDB-101630
618921880,Pflegusch/metasploit-module-research,modules/exploits/windows/http/maxdb_webdbm_database.rb,d6ba18f7d40a01fe2c6ec8d92a59996eb401e0be,CVE-2006-4305
618921880,Pflegusch/metasploit-module-research,modules/exploits/windows/http/maxdb_webdbm_database.rb,d6ba18f7d40a01fe2c6ec8d92a59996eb401e0be,BID-19660
618921880,Pflegusch/metasploit-module-research,modules/exploits/windows/http/maxdb_webdbm_database.rb,d6ba18f7d40a01fe2c6ec8d92a59996eb401e0be,OSVDB-28300
618921880,Pflegusch/metasploit-module-research,modules/exploits/windows/browser/apple_quicktime_mime_type.rb,d6e083f72d0e8dbf6fc9541368cdd51112fb9e7b,OSVDB-87088
618921880,Pflegusch/metasploit-module-research,modules/exploits/windows/browser/apple_quicktime_mime_type.rb,d6e083f72d0e8dbf6fc9541368cdd51112fb9e7b,BID-56438
618921880,Pflegusch/metasploit-module-research,modules/exploits/windows/browser/apple_quicktime_mime_type.rb,d6e083f72d0e8dbf6fc9541368cdd51112fb9e7b,CVE-2012-3753
618921880,Pflegusch/metasploit-module-research,modules/auxiliary/scanner/mysql/mysql_authbypass_hashdump.rb,d6e9f5763e7e8c0114e09c30a79725237230f274,OSVDB-82804
618921880,Pflegusch/metasploit-module-research,modules/auxiliary/scanner/mysql/mysql_authbypass_hashdump.rb,d6e9f5763e7e8c0114e09c30a79725237230f274,CVE-2012-2122
618921880,Pflegusch/metasploit-module-research,modules/exploits/windows/browser/mozilla_nssvgvalue.rb,d727b71e50dbd6c9f608bb5666ffe433f4e1caee,OSVDB-77953
618921880,Pflegusch/metasploit-module-research,modules/exploits/windows/browser/mozilla_nssvgvalue.rb,d727b71e50dbd6c9f608bb5666ffe433f4e1caee,CVE-2011-3658
618921880,Pflegusch/metasploit-module-research,modules/exploits/linux/http/netgear_dgn2200b_pppoe_exec.rb,d7345754ccda2335059bcc7d3f6a241dade2b108,OSVDB-90320
618921880,Pflegusch/metasploit-module-research,modules/exploits/linux/http/netgear_dgn2200b_pppoe_exec.rb,d7345754ccda2335059bcc7d3f6a241dade2b108,BID-57998
618921880,Pflegusch/metasploit-module-research,modules/auxiliary/admin/http/typo3_sa_2009_002.rb,d7470c3d3b60a53b2f764c5155ae951dce4b49aa,CVE-2009-0815
618921880,Pflegusch/metasploit-module-research,modules/auxiliary/admin/http/typo3_sa_2009_002.rb,d7470c3d3b60a53b2f764c5155ae951dce4b49aa,OSVDB-52048
618921880,Pflegusch/metasploit-module-research,modules/exploits/multi/http/struts_dev_mode.rb,d7716f819fcec1ae86d546fb1dafc382b1de311b,OSVDB-78276
618921880,Pflegusch/metasploit-module-research,modules/exploits/multi/http/struts_dev_mode.rb,d7716f819fcec1ae86d546fb1dafc382b1de311b,CVE-2012-0394
618921880,Pflegusch/metasploit-module-research,modules/exploits/windows/http/manageengine_adselfservice_plus_cve_2021_40539.rb,d7837adc933ad52679336f705132d1694f4ad167,CVE-2021-40539
618921880,Pflegusch/metasploit-module-research,modules/exploits/windows/novell/zenworks_preboot_op21_bof.rb,d794bacd3843d17c44cca9fa829a775e945724cd,OSVDB-65361
618921880,Pflegusch/metasploit-module-research,modules/exploits/windows/novell/zenworks_preboot_op21_bof.rb,d794bacd3843d17c44cca9fa829a775e945724cd,BID-40486
618921880,Pflegusch/metasploit-module-research,modules/exploits/windows/novell/zenworks_preboot_op21_bof.rb,d794bacd3843d17c44cca9fa829a775e945724cd,CVE-2012-2215
618921880,Pflegusch/metasploit-module-research,modules/exploits/windows/http/plex_unpickle_dict_rce.rb,d7ac19ade48ac533a709a2db3935942a9a20e11a,CVE-2020-5741
618921880,Pflegusch/metasploit-module-research,modules/auxiliary/dos/http/nodejs_pipelining.rb,d7ef1f7a1368b01cffbb3320507a09f4fc44184f,CVE-2013-4450
618921880,Pflegusch/metasploit-module-research,modules/auxiliary/dos/http/nodejs_pipelining.rb,d7ef1f7a1368b01cffbb3320507a09f4fc44184f,OSVDB-98724
618921880,Pflegusch/metasploit-module-research,modules/exploits/unix/http/pfsense_pfblockerng_webshell.rb,d7ef444377698e1a1b9e63463c862e7af631e2e0,CVE-2022-31814
618921880,Pflegusch/metasploit-module-research,modules/exploits/unix/http/cacti_filter_sqli_rce.rb,d7fddbbc16192a18aec79be01fd34d77cc20e0f6,CVE-2020-14295
618921880,Pflegusch/metasploit-module-research,modules/exploits/multi/misc/ra1nx_pubcall_exec.rb,d80af4cfc04e7dcc30619d855cc76b94e8627238,OSVDB-91663
618921880,Pflegusch/metasploit-module-research,modules/exploits/windows/scada/rockwell_factorytalk_rce.rb,d827a4d7ef51d84c85a1538d6955417779ed04e7,CVE-2020-12027
618921880,Pflegusch/metasploit-module-research,modules/exploits/windows/scada/rockwell_factorytalk_rce.rb,d827a4d7ef51d84c85a1538d6955417779ed04e7,CVE-2020-12028
618921880,Pflegusch/metasploit-module-research,modules/exploits/windows/scada/rockwell_factorytalk_rce.rb,d827a4d7ef51d84c85a1538d6955417779ed04e7,CVE-2020-12029
618921880,Pflegusch/metasploit-module-research,modules/exploits/windows/ftp/wsftp_server_503_mkd.rb,d85dd56de38a671fd5f3113c98ac568e4a522080,BID-11772
618921880,Pflegusch/metasploit-module-research,modules/exploits/windows/ftp/wsftp_server_503_mkd.rb,d85dd56de38a671fd5f3113c98ac568e4a522080,OSVDB-12509
618921880,Pflegusch/metasploit-module-research,modules/exploits/windows/ftp/wsftp_server_503_mkd.rb,d85dd56de38a671fd5f3113c98ac568e4a522080,CVE-2004-1135
618921880,Pflegusch/metasploit-module-research,modules/exploits/windows/ftp/absolute_ftp_list_bof.rb,d86dac50088e90577bb9d889c94fbb7043b87e2f,OSVDB-77105
618921880,Pflegusch/metasploit-module-research,modules/exploits/windows/ftp/absolute_ftp_list_bof.rb,d86dac50088e90577bb9d889c94fbb7043b87e2f,CVE-2011-5164
618921880,Pflegusch/metasploit-module-research,modules/exploits/solaris/sunrpc/ypupdated_exec.rb,d86ee8f2e8dcc553227ade05190557a4261cc6ed,CVE-1999-0209
618921880,Pflegusch/metasploit-module-research,modules/exploits/solaris/sunrpc/ypupdated_exec.rb,d86ee8f2e8dcc553227ade05190557a4261cc6ed,BID-1749
618921880,Pflegusch/metasploit-module-research,modules/exploits/solaris/sunrpc/ypupdated_exec.rb,d86ee8f2e8dcc553227ade05190557a4261cc6ed,OSVDB-11517
618921880,Pflegusch/metasploit-module-research,modules/exploits/windows/browser/ibm_spss_c1sizer.rb,d87359f5d7c9cb8092f849850dfe2277960ec368,OSVDB-92845
618921880,Pflegusch/metasploit-module-research,modules/exploits/windows/browser/ibm_spss_c1sizer.rb,d87359f5d7c9cb8092f849850dfe2277960ec368,CVE-2012-5946
618921880,Pflegusch/metasploit-module-research,modules/exploits/windows/browser/ibm_spss_c1sizer.rb,d87359f5d7c9cb8092f849850dfe2277960ec368,BID-59559
618921880,Pflegusch/metasploit-module-research,modules/auxiliary/gather/ibm_sametime_room_brute.rb,d885bf3535588ead2dc3a97d5aa533a54002d494,CVE-2013-3977
618921880,Pflegusch/metasploit-module-research,modules/exploits/windows/browser/adobe_flash_otf_font.rb,d8a9402c6196e93b1cc795363ce0a3239357bde8,OSVDB-84607
618921880,Pflegusch/metasploit-module-research,modules/exploits/windows/browser/adobe_flash_otf_font.rb,d8a9402c6196e93b1cc795363ce0a3239357bde8,CVE-2012-1535
618921880,Pflegusch/metasploit-module-research,modules/exploits/windows/browser/adobe_flash_otf_font.rb,d8a9402c6196e93b1cc795363ce0a3239357bde8,BID-55009
618921880,Pflegusch/metasploit-module-research,modules/auxiliary/scanner/http/tomcat_enum.rb,d8c8f03321bb13aa457e81c97974491ede46f92d,OSVDB-55055
618921880,Pflegusch/metasploit-module-research,modules/auxiliary/scanner/http/tomcat_enum.rb,d8c8f03321bb13aa457e81c97974491ede46f92d,CVE-2009-0580
618921880,Pflegusch/metasploit-module-research,modules/auxiliary/scanner/http/tomcat_enum.rb,d8c8f03321bb13aa457e81c97974491ede46f92d,BID-35196
618921880,Pflegusch/metasploit-module-research,modules/exploits/multi/http/mantisbt_php_exec.rb,d8e06835bfb0dfd048e865772e1369568adf657c,CVE-2014-8598
618921880,Pflegusch/metasploit-module-research,modules/exploits/multi/http/mantisbt_php_exec.rb,d8e06835bfb0dfd048e865772e1369568adf657c,CVE-2014-7146
618921880,Pflegusch/metasploit-module-research,modules/exploits/linux/http/spark_unauth_rce.rb,d8f8bbd1c721c6b151f946cc6d68048f17e6c13d,CVE-2018-11770
618921880,Pflegusch/metasploit-module-research,modules/exploits/unix/http/schneider_electric_net55xx_encoder.rb,d9086009f7614ad6f960beb4edf167e4b43d144d,CVE-2019-6814
618921880,Pflegusch/metasploit-module-research,modules/auxiliary/gather/rails_doubletap_file_read.rb,d92637767b4f444473616a175979f69a72cd48e9,CVE-2019-5418
618921880,Pflegusch/metasploit-module-research,modules/exploits/linux/http/dlink_authentication_cgi_bof.rb,d93261dafe50c7bc0ae040fbd082034da8e6a36b,OSVDB-95951
618921880,Pflegusch/metasploit-module-research,modules/exploits/windows/misc/mini_stream.rb,d93958eed0241061cccdc30cc3eb60c3289a8023,CVE-2009-5109
618921880,Pflegusch/metasploit-module-research,modules/exploits/windows/misc/mini_stream.rb,d93958eed0241061cccdc30cc3eb60c3289a8023,OSVDB-61341
618921880,Pflegusch/metasploit-module-research,modules/exploits/windows/http/sitecore_xp_cve_2021_42237.rb,d955ad64845dd18e30fadf2106f6eafc6806fc2d,CVE-2021-42237
618921880,Pflegusch/metasploit-module-research,modules/exploits/windows/browser/zenworks_helplauncher_exec.rb,d95e2ab0dcbfd342647f2ab8f760c1040415fa91,CVE-2011-2657
618921880,Pflegusch/metasploit-module-research,modules/exploits/windows/browser/zenworks_helplauncher_exec.rb,d95e2ab0dcbfd342647f2ab8f760c1040415fa91,OSVDB-76700
618921880,Pflegusch/metasploit-module-research,modules/exploits/windows/browser/zenworks_helplauncher_exec.rb,d95e2ab0dcbfd342647f2ab8f760c1040415fa91,BID-50274
618921880,Pflegusch/metasploit-module-research,modules/exploits/windows/http/netmotion_mobility_mvcutil_deserialization.rb,d9611f636c6da0f92a14fb03fed19481c3bad784,CVE-2021-26914
618921880,Pflegusch/metasploit-module-research,modules/exploits/windows/rdp/cve_2019_0708_bluekeep_rce.rb,d96b5405c9472d6f12d3f9f565208fe9c1b2cb52,CVE-2019-0708
618921880,Pflegusch/metasploit-module-research,modules/exploits/windows/browser/adobe_geticon.rb,d96d88b4ae9bd446c5439e7e9866e65e471a8b5f,OSVDB-53647
618921880,Pflegusch/metasploit-module-research,modules/exploits/windows/browser/adobe_geticon.rb,d96d88b4ae9bd446c5439e7e9866e65e471a8b5f,CVE-2009-0927
618921880,Pflegusch/metasploit-module-research,modules/exploits/windows/browser/ultramjcam_openfiledig_bof.rb,d9766cdcb5dd5aeed0d689f92ee9a1fd86b55312,OSVDB-80661
618921880,Pflegusch/metasploit-module-research,modules/exploits/windows/browser/ultramjcam_openfiledig_bof.rb,d9766cdcb5dd5aeed0d689f92ee9a1fd86b55312,CVE-2012-4876
618921880,Pflegusch/metasploit-module-research,modules/exploits/windows/browser/chrome_filereader_uaf.rb,d976c2ab7621212c1ffba40c855e7499664f0bd7,CVE-2019-5786
618921880,Pflegusch/metasploit-module-research,modules/exploits/unix/webapp/datalife_preview_exec.rb,d97eed90b035ee2d5edde9f7c55c114b47c0f4ef,CVE-2013-1412
618921880,Pflegusch/metasploit-module-research,modules/exploits/unix/webapp/datalife_preview_exec.rb,d97eed90b035ee2d5edde9f7c55c114b47c0f4ef,BID-57603
618921880,Pflegusch/metasploit-module-research,modules/exploits/unix/webapp/datalife_preview_exec.rb,d97eed90b035ee2d5edde9f7c55c114b47c0f4ef,OSVDB-89662
618921880,Pflegusch/metasploit-module-research,modules/exploits/unix/ftp/vsftpd_234_backdoor.rb,d9abe102e3a6c48ed084bbb5cd95a38f4f59ab9f,OSVDB-73573
618921880,Pflegusch/metasploit-module-research,modules/auxiliary/fileformat/badpdf.rb,d9b0f2a39b10506bbd9dc380c48e400bac324c0c,CVE-2018-4993
618921880,Pflegusch/metasploit-module-research,modules/exploits/windows/http/navicopa_get_overflow.rb,d9b24e93f8584686ef3b2e29a52adcc96dc8d675,OSVDB-29257
618921880,Pflegusch/metasploit-module-research,modules/exploits/windows/http/navicopa_get_overflow.rb,d9b24e93f8584686ef3b2e29a52adcc96dc8d675,BID-20250
618921880,Pflegusch/metasploit-module-research,modules/exploits/windows/http/navicopa_get_overflow.rb,d9b24e93f8584686ef3b2e29a52adcc96dc8d675,CVE-2006-5112
618921880,Pflegusch/metasploit-module-research,modules/auxiliary/dos/windows/ftp/iis75_ftpd_iac_bof.rb,d9c72dc114fb0df1560a42f1244e572b8d245cfd,MS11-004
618921880,Pflegusch/metasploit-module-research,modules/auxiliary/dos/windows/ftp/iis75_ftpd_iac_bof.rb,d9c72dc114fb0df1560a42f1244e572b8d245cfd,BID-45542
618921880,Pflegusch/metasploit-module-research,modules/auxiliary/dos/windows/ftp/iis75_ftpd_iac_bof.rb,d9c72dc114fb0df1560a42f1244e572b8d245cfd,OSVDB-70167
618921880,Pflegusch/metasploit-module-research,modules/auxiliary/dos/windows/ftp/iis75_ftpd_iac_bof.rb,d9c72dc114fb0df1560a42f1244e572b8d245cfd,CVE-2010-3972
618921880,Pflegusch/metasploit-module-research,modules/exploits/unix/ftp/proftpd_modcopy_exec.rb,d9d265757447c4cc438e4b6635f0d2cdf0f883d2,CVE-2015-3306
618921880,Pflegusch/metasploit-module-research,modules/exploits/unix/webapp/oscommerce_filemanager.rb,d9d3885c8ac61fdbbdb27f246052d404bd9caa36,OSVDB-60018
618921880,Pflegusch/metasploit-module-research,modules/exploits/windows/fileformat/aol_phobos_bof.rb,d9e11782d157b114e83d0d6abd7b12f77aed817c,OSVDB-61964
618921880,Pflegusch/metasploit-module-research,modules/exploits/windows/http/coldfusion_fckeditor.rb,d9e97dcc6e0b16e768131375a4f97b7c78a54588,CVE-2009-2265
618921880,Pflegusch/metasploit-module-research,modules/exploits/windows/http/coldfusion_fckeditor.rb,d9e97dcc6e0b16e768131375a4f97b7c78a54588,OSVDB-55684
618921880,Pflegusch/metasploit-module-research,modules/auxiliary/gather/advantech_webaccess_creds.rb,d9f295a3541c0537091e3f56d2e91d8bf1adb001,CVE-2017-5154
618921880,Pflegusch/metasploit-module-research,modules/auxiliary/gather/advantech_webaccess_creds.rb,d9f295a3541c0537091e3f56d2e91d8bf1adb001,CVE-2016-5810
618921880,Pflegusch/metasploit-module-research,modules/post/linux/gather/haserl_read.rb,d9fdba758cbcd58d1a8c717a2bf7405bf551d456,CVE-2021-29133
618921880,Pflegusch/metasploit-module-research,modules/exploits/unix/webapp/wp_google_document_embedder_exec.rb,da351adbd89f0199283054ec8ec103bd0ba3d4f2,CVE-2012-4915
618921880,Pflegusch/metasploit-module-research,modules/exploits/unix/webapp/wp_google_document_embedder_exec.rb,da351adbd89f0199283054ec8ec103bd0ba3d4f2,OSVDB-88891
618921880,Pflegusch/metasploit-module-research,modules/auxiliary/scanner/ntp/ntp_reslist_dos.rb,da3b434157ff37b1cb5af2e792f99c8fa300663a,CVE-2013-5211
618921880,Pflegusch/metasploit-module-research,modules/exploits/multi/http/vtiger_soap_upload.rb,da3c0b9bb0a703e8293703cdbdb076d588f9862d,CVE-2013-3214
618921880,Pflegusch/metasploit-module-research,modules/exploits/multi/http/vtiger_soap_upload.rb,da3c0b9bb0a703e8293703cdbdb076d588f9862d,BID-61558
618921880,Pflegusch/metasploit-module-research,modules/exploits/multi/http/vtiger_soap_upload.rb,da3c0b9bb0a703e8293703cdbdb076d588f9862d,BID-61559
618921880,Pflegusch/metasploit-module-research,modules/exploits/multi/http/vtiger_soap_upload.rb,da3c0b9bb0a703e8293703cdbdb076d588f9862d,OSVDB-95902
618921880,Pflegusch/metasploit-module-research,modules/exploits/multi/http/vtiger_soap_upload.rb,da3c0b9bb0a703e8293703cdbdb076d588f9862d,CVE-2013-3215
618921880,Pflegusch/metasploit-module-research,modules/exploits/multi/http/vtiger_soap_upload.rb,da3c0b9bb0a703e8293703cdbdb076d588f9862d,OSVDB-95903
618921880,Pflegusch/metasploit-module-research,modules/exploits/windows/ftp/oracle9i_xdb_ftp_unlock.rb,da596afeb515a5c0e87f171dd23f9e27d314dbeb,BID-8375
618921880,Pflegusch/metasploit-module-research,modules/exploits/windows/ftp/oracle9i_xdb_ftp_unlock.rb,da596afeb515a5c0e87f171dd23f9e27d314dbeb,CVE-2003-0727
618921880,Pflegusch/metasploit-module-research,modules/exploits/windows/ftp/oracle9i_xdb_ftp_unlock.rb,da596afeb515a5c0e87f171dd23f9e27d314dbeb,OSVDB-2449
618921880,Pflegusch/metasploit-module-research,modules/auxiliary/scanner/http/jboss_vulnscan.rb,da69e2fe9dbae47ba8b91205f5c8e94a162655ab,CVE-2010-0738
618921880,Pflegusch/metasploit-module-research,modules/auxiliary/scanner/http/jboss_vulnscan.rb,da69e2fe9dbae47ba8b91205f5c8e94a162655ab,CVE-2010-1429
618921880,Pflegusch/metasploit-module-research,modules/auxiliary/scanner/http/jboss_vulnscan.rb,da69e2fe9dbae47ba8b91205f5c8e94a162655ab,CVE-2008-3273
618921880,Pflegusch/metasploit-module-research,modules/auxiliary/scanner/http/jboss_vulnscan.rb,da69e2fe9dbae47ba8b91205f5c8e94a162655ab,CVE-2010-1428
618921880,Pflegusch/metasploit-module-research,modules/auxiliary/scanner/http/jboss_vulnscan.rb,da69e2fe9dbae47ba8b91205f5c8e94a162655ab,CVE-2017-12149
618921880,Pflegusch/metasploit-module-research,modules/exploits/windows/browser/adobe_flash_pcre.rb,daa67a917be8495c10f698ac7410bdafa4506b88,CVE-2015-0318
618921880,Pflegusch/metasploit-module-research,modules/exploits/windows/browser/adobe_flash_pcre.rb,daa67a917be8495c10f698ac7410bdafa4506b88,GPZ-199
618921880,Pflegusch/metasploit-module-research,modules/exploits/windows/ftp/pcman_stor.rb,daa842d1a7aa55500079ee5541ea87469be7a4c0,OSVDB-94624
618921880,Pflegusch/metasploit-module-research,modules/exploits/windows/ftp/pcman_stor.rb,daa842d1a7aa55500079ee5541ea87469be7a4c0,CVE-2013-4730
618921880,Pflegusch/metasploit-module-research,modules/auxiliary/dos/freebsd/nfsd/nfsd_mount.rb,dafd7008bf98240323e4ecc42484bebd7224b535,BID-16838
618921880,Pflegusch/metasploit-module-research,modules/auxiliary/dos/freebsd/nfsd/nfsd_mount.rb,dafd7008bf98240323e4ecc42484bebd7224b535,CVE-2006-0900
618921880,Pflegusch/metasploit-module-research,modules/auxiliary/dos/freebsd/nfsd/nfsd_mount.rb,dafd7008bf98240323e4ecc42484bebd7224b535,OSVDB-23511
618921880,Pflegusch/metasploit-module-research,modules/exploits/windows/http/edirectory_imonitor.rb,db17ba3fc1c30bf8efc99602d8885acf72986f16,BID-14548
618921880,Pflegusch/metasploit-module-research,modules/exploits/windows/http/edirectory_imonitor.rb,db17ba3fc1c30bf8efc99602d8885acf72986f16,CVE-2005-2551
618921880,Pflegusch/metasploit-module-research,modules/exploits/windows/http/edirectory_imonitor.rb,db17ba3fc1c30bf8efc99602d8885acf72986f16,OSVDB-18703
618921880,Pflegusch/metasploit-module-research,modules/auxiliary/dos/misc/ibm_tsm_dos.rb,db26939a5539e54b793da4abe1890b3a5157262d,OSVDB-132307
618921880,Pflegusch/metasploit-module-research,modules/auxiliary/dos/upnp/miniupnpd_dos.rb,db3c2f8c0398e15414f75b5a86db7418b1b9976a,CVE-2013-0229
618921880,Pflegusch/metasploit-module-research,modules/auxiliary/dos/upnp/miniupnpd_dos.rb,db3c2f8c0398e15414f75b5a86db7418b1b9976a,OSVDB-89625
618921880,Pflegusch/metasploit-module-research,modules/auxiliary/dos/upnp/miniupnpd_dos.rb,db3c2f8c0398e15414f75b5a86db7418b1b9976a,BID-57607
618921880,Pflegusch/metasploit-module-research,modules/exploits/windows/sip/sipxezphone_cseq.rb,db79c76cb97b2f5aa6ef0950efb154b379756996,OSVDB-27122
618921880,Pflegusch/metasploit-module-research,modules/exploits/windows/sip/sipxezphone_cseq.rb,db79c76cb97b2f5aa6ef0950efb154b379756996,BID-18906
618921880,Pflegusch/metasploit-module-research,modules/exploits/windows/sip/sipxezphone_cseq.rb,db79c76cb97b2f5aa6ef0950efb154b379756996,CVE-2006-3524
618921880,Pflegusch/metasploit-module-research,modules/auxiliary/dos/windows/smb/vista_negotiate_stop.rb,db8c9f0935b189e743fb83ff3f475cadfb45c904,OSVDB-64341
618921880,Pflegusch/metasploit-module-research,modules/exploits/windows/brightstor/lgserver.rb,db93ddc84c2fdf9632a1f78887683a8fb5d4ecb1,OSVDB-31593
618921880,Pflegusch/metasploit-module-research,modules/exploits/windows/brightstor/lgserver.rb,db93ddc84c2fdf9632a1f78887683a8fb5d4ecb1,BID-22342
618921880,Pflegusch/metasploit-module-research,modules/exploits/windows/brightstor/lgserver.rb,db93ddc84c2fdf9632a1f78887683a8fb5d4ecb1,CVE-2007-0449
618921880,Pflegusch/metasploit-module-research,modules/exploits/multi/misc/wireshark_lwres_getaddrbyname.rb,db9f1b1eb67b6b766244da7a45ec3711646abbb8,OSVDB-61987
618921880,Pflegusch/metasploit-module-research,modules/exploits/multi/misc/wireshark_lwres_getaddrbyname.rb,db9f1b1eb67b6b766244da7a45ec3711646abbb8,CVE-2010-0304
618921880,Pflegusch/metasploit-module-research,modules/exploits/multi/misc/wireshark_lwres_getaddrbyname.rb,db9f1b1eb67b6b766244da7a45ec3711646abbb8,BID-37985
618921880,Pflegusch/metasploit-module-research,modules/auxiliary/scanner/http/goahead_traversal.rb,dbb4f6b7bcc4737d327504cb0afc9e0c5ddbc87c,CVE-2014-9707
618921880,Pflegusch/metasploit-module-research,modules/exploits/windows/proxy/qbik_wingate_wwwproxy.rb,dbcb357f5362c6b37b7a0bd4d896215c32c76766,OSVDB-26214
618921880,Pflegusch/metasploit-module-research,modules/exploits/windows/proxy/qbik_wingate_wwwproxy.rb,dbcb357f5362c6b37b7a0bd4d896215c32c76766,BID-18312
618921880,Pflegusch/metasploit-module-research,modules/exploits/windows/proxy/qbik_wingate_wwwproxy.rb,dbcb357f5362c6b37b7a0bd4d896215c32c76766,CVE-2006-2926
618921880,Pflegusch/metasploit-module-research,modules/exploits/windows/smb/ms06_040_netapi.rb,dbdf264bcb3ed6c32b17df7b55aeaa7050214193,CVE-2006-3439
618921880,Pflegusch/metasploit-module-research,modules/exploits/windows/smb/ms06_040_netapi.rb,dbdf264bcb3ed6c32b17df7b55aeaa7050214193,OSVDB-27845
618921880,Pflegusch/metasploit-module-research,modules/exploits/windows/smb/ms06_040_netapi.rb,dbdf264bcb3ed6c32b17df7b55aeaa7050214193,MS06-040
618921880,Pflegusch/metasploit-module-research,modules/exploits/windows/smb/ms06_040_netapi.rb,dbdf264bcb3ed6c32b17df7b55aeaa7050214193,BID-19409
618921880,Pflegusch/metasploit-module-research,modules/exploits/unix/local/opensmtpd_oob_read_lpe.rb,dbdf74be8a185a10309516d82a601fec48805b91,CVE-2020-8794
618921880,Pflegusch/metasploit-module-research,modules/exploits/windows/lpd/hummingbird_exceed.rb,dc02f4d131c84f170632cbef8646a8c29b50d455,BID-13788
618921880,Pflegusch/metasploit-module-research,modules/exploits/windows/lpd/hummingbird_exceed.rb,dc02f4d131c84f170632cbef8646a8c29b50d455,OSVDB-16957
618921880,Pflegusch/metasploit-module-research,modules/exploits/windows/lpd/hummingbird_exceed.rb,dc02f4d131c84f170632cbef8646a8c29b50d455,CVE-2005-1815
618921880,Pflegusch/metasploit-module-research,modules/exploits/windows/fileformat/real_networks_netzip_bof.rb,dc1c92d1f1517ef84e0ec6e8837a375cc8315e0b,BID-46059
618921880,Pflegusch/metasploit-module-research,modules/exploits/windows/fileformat/real_networks_netzip_bof.rb,dc1c92d1f1517ef84e0ec6e8837a375cc8315e0b,OSVDB-83436
618921880,Pflegusch/metasploit-module-research,modules/exploits/windows/ftp/kmftp_utility_cwd.rb,dc32657b3e5890d48a73e08f97e5b1210da31845,CVE-2015-7768
618921880,Pflegusch/metasploit-module-research,modules/exploits/multi/vpn/tincd_bof.rb,dc42cdec342d40e9a2e814650a3808aca4e85ad1,CVE-2013-1428
618921880,Pflegusch/metasploit-module-research,modules/exploits/multi/vpn/tincd_bof.rb,dc42cdec342d40e9a2e814650a3808aca4e85ad1,OSVDB-92653
618921880,Pflegusch/metasploit-module-research,modules/exploits/multi/vpn/tincd_bof.rb,dc42cdec342d40e9a2e814650a3808aca4e85ad1,BID-59369
618921880,Pflegusch/metasploit-module-research,modules/auxiliary/scanner/dlsw/dlsw_leak_capture.rb,dc539cb9425a96dc64188602ee65b0a11a313c27,CVE-2014-7992
618921880,Pflegusch/metasploit-module-research,modules/exploits/windows/tftp/distinct_tftp_traversal.rb,dc8ff428ad064e6366640e73f6fdb37be2478893,CVE-2012-6664
618921880,Pflegusch/metasploit-module-research,modules/exploits/windows/tftp/distinct_tftp_traversal.rb,dc8ff428ad064e6366640e73f6fdb37be2478893,OSVDB-80984
618921880,Pflegusch/metasploit-module-research,modules/exploits/windows/smb/ms07_029_msdns_zonename.rb,dc93e42d371170636f4585c754529cd5c2b888f3,CVE-2007-1748
618921880,Pflegusch/metasploit-module-research,modules/exploits/windows/smb/ms07_029_msdns_zonename.rb,dc93e42d371170636f4585c754529cd5c2b888f3,MS07-029
618921880,Pflegusch/metasploit-module-research,modules/exploits/windows/smb/ms07_029_msdns_zonename.rb,dc93e42d371170636f4585c754529cd5c2b888f3,OSVDB-34100
618921880,Pflegusch/metasploit-module-research,modules/exploits/windows/fileformat/a_pdf_wav_to_mp3.rb,dca66bb642fdcde1805c877b723e7dd9b75bb5fc,OSVDB-67241
618921880,Pflegusch/metasploit-module-research,modules/exploits/windows/misc/bigant_server_usv.rb,dcc2e355e73dea8ea438b8ef2a6ef45f61cde149,OSVDB-61386
618921880,Pflegusch/metasploit-module-research,modules/exploits/windows/misc/bigant_server_usv.rb,dcc2e355e73dea8ea438b8ef2a6ef45f61cde149,CVE-2009-4660
618921880,Pflegusch/metasploit-module-research,modules/exploits/windows/local/ms18_8120_win32k_privesc.rb,dcd7ec9ac413459f5ae20e6948e3792e3cab2884,CVE-2018-8120
618921880,Pflegusch/metasploit-module-research,modules/exploits/windows/local/ms18_8120_win32k_privesc.rb,dcd7ec9ac413459f5ae20e6948e3792e3cab2884,MS18-8120
618921880,Pflegusch/metasploit-module-research,modules/exploits/windows/local/ms18_8120_win32k_privesc.rb,dcd7ec9ac413459f5ae20e6948e3792e3cab2884,BID-104034
618921880,Pflegusch/metasploit-module-research,modules/exploits/windows/misc/nvidia_mental_ray.rb,dcdb52821b6af2578e0d033deab68e4bafc1fe39,OSVDB-100827
618921880,Pflegusch/metasploit-module-research,modules/exploits/unix/webapp/thinkphp_rce.rb,dce0ecbc351b97eb1ef35e65f7174d45bb0f335f,CVE-2019-9082
618921880,Pflegusch/metasploit-module-research,modules/exploits/unix/webapp/thinkphp_rce.rb,dce0ecbc351b97eb1ef35e65f7174d45bb0f335f,CVE-2018-20062
618921880,Pflegusch/metasploit-module-research,modules/exploits/windows/browser/ie_setmousecapture_uaf.rb,dceaa38dba9e625f13a36b0ee7a7ad2d0a98985d,OSVDB-97380
618921880,Pflegusch/metasploit-module-research,modules/exploits/windows/browser/ie_setmousecapture_uaf.rb,dceaa38dba9e625f13a36b0ee7a7ad2d0a98985d,MS13-080
618921880,Pflegusch/metasploit-module-research,modules/exploits/windows/browser/ie_setmousecapture_uaf.rb,dceaa38dba9e625f13a36b0ee7a7ad2d0a98985d,CVE-2013-3893
618921880,Pflegusch/metasploit-module-research,modules/exploits/windows/browser/hp_alm_xgo_setshapenodetype_exec.rb,dcf4f91c792ef5f0029b545494719a16b7a58176,OSVDB-85152
618921880,Pflegusch/metasploit-module-research,modules/exploits/windows/browser/hp_alm_xgo_setshapenodetype_exec.rb,dcf4f91c792ef5f0029b545494719a16b7a58176,BID-55272
618921880,Pflegusch/metasploit-module-research,modules/exploits/windows/fileformat/acdsee_xpm.rb,dd09b60df637ca6abf036c46602b79a41bb696dd,BID-23620
618921880,Pflegusch/metasploit-module-research,modules/exploits/windows/fileformat/acdsee_xpm.rb,dd09b60df637ca6abf036c46602b79a41bb696dd,OSVDB-35236
618921880,Pflegusch/metasploit-module-research,modules/exploits/windows/fileformat/acdsee_xpm.rb,dd09b60df637ca6abf036c46602b79a41bb696dd,CVE-2007-2193
618921880,Pflegusch/metasploit-module-research,modules/exploits/windows/local/cve_2021_21551_dbutil_memmove.rb,dd37cecdf049291ae826e36b5fe0efe51ad40623,CVE-2021-21551
618921880,Pflegusch/metasploit-module-research,modules/exploits/windows/imap/ipswitch_search.rb,dd41ea1c6fbf969bf6a0bb41d6373515ca40ca92,BID-24962
618921880,Pflegusch/metasploit-module-research,modules/exploits/windows/imap/ipswitch_search.rb,dd41ea1c6fbf969bf6a0bb41d6373515ca40ca92,OSVDB-36219
618921880,Pflegusch/metasploit-module-research,modules/exploits/windows/imap/ipswitch_search.rb,dd41ea1c6fbf969bf6a0bb41d6373515ca40ca92,CVE-2007-3925
618921880,Pflegusch/metasploit-module-research,modules/auxiliary/scanner/http/cisco_device_manager.rb,dd5adb981a00fca00ee48c15ff68e6354e7ebd2d,CVE-2000-0945
618921880,Pflegusch/metasploit-module-research,modules/auxiliary/scanner/http/cisco_device_manager.rb,dd5adb981a00fca00ee48c15ff68e6354e7ebd2d,BID-1846
618921880,Pflegusch/metasploit-module-research,modules/auxiliary/scanner/http/cisco_device_manager.rb,dd5adb981a00fca00ee48c15ff68e6354e7ebd2d,OSVDB-444
618921880,Pflegusch/metasploit-module-research,modules/exploits/windows/browser/webex_ucf_newobject.rb,dd6352a8912fe83115fcc0fc176b7b45b7014849,BID-30578
618921880,Pflegusch/metasploit-module-research,modules/exploits/windows/browser/webex_ucf_newobject.rb,dd6352a8912fe83115fcc0fc176b7b45b7014849,CVE-2008-3558
618921880,Pflegusch/metasploit-module-research,modules/exploits/windows/browser/webex_ucf_newobject.rb,dd6352a8912fe83115fcc0fc176b7b45b7014849,OSVDB-47344
618921880,Pflegusch/metasploit-module-research,modules/exploits/multi/browser/adobe_flash_opaque_background_uaf.rb,dd6c0cb172915e4514df6dd85061ee77d6c7c8f1,CVE-2015-5122
618921880,Pflegusch/metasploit-module-research,modules/exploits/linux/http/seagate_nas_php_exec_noauth.rb,ddb94f15b5e463407000f5b25b98a594334dd28d,CVE-2014-8687
618921880,Pflegusch/metasploit-module-research,modules/exploits/linux/http/seagate_nas_php_exec_noauth.rb,ddb94f15b5e463407000f5b25b98a594334dd28d,CVE-2014-8684
618921880,Pflegusch/metasploit-module-research,modules/exploits/linux/http/seagate_nas_php_exec_noauth.rb,ddb94f15b5e463407000f5b25b98a594334dd28d,CVE-2014-8686
618921880,Pflegusch/metasploit-module-research,modules/exploits/unix/webapp/webmin_show_cgi_exec.rb,ddde8f7cb47f07bed5cd6cdd122345ab897d4359,OSVDB-85248
618921880,Pflegusch/metasploit-module-research,modules/exploits/unix/webapp/webmin_show_cgi_exec.rb,ddde8f7cb47f07bed5cd6cdd122345ab897d4359,BID-55446
618921880,Pflegusch/metasploit-module-research,modules/exploits/unix/webapp/webmin_show_cgi_exec.rb,ddde8f7cb47f07bed5cd6cdd122345ab897d4359,CVE-2012-2982
618921880,Pflegusch/metasploit-module-research,modules/exploits/linux/http/dlink_dir300_exec_telnet.rb,de0dc63e15c10becab3ceb248d60b4b24c99e890,OSVDB-92698
618921880,Pflegusch/metasploit-module-research,modules/exploits/linux/http/dlink_dir300_exec_telnet.rb,de0dc63e15c10becab3ceb248d60b4b24c99e890,BID-59405
618921880,Pflegusch/metasploit-module-research,modules/exploits/windows/browser/xmplay_asx.rb,de0e935638e1219536616ee4e65db771565a837d,CVE-2006-6063
618921880,Pflegusch/metasploit-module-research,modules/exploits/windows/browser/xmplay_asx.rb,de0e935638e1219536616ee4e65db771565a837d,OSVDB-30537
618921880,Pflegusch/metasploit-module-research,modules/exploits/windows/browser/xmplay_asx.rb,de0e935638e1219536616ee4e65db771565a837d,BID-21206
618921880,Pflegusch/metasploit-module-research,modules/exploits/linux/http/linksys_wrt54gl_apply_exec.rb,de0eab0d5dc67dff96a04649d78c6fefe3fce949,OSVDB-89912
618921880,Pflegusch/metasploit-module-research,modules/exploits/linux/http/linksys_wrt54gl_apply_exec.rb,de0eab0d5dc67dff96a04649d78c6fefe3fce949,BID-57459
618921880,Pflegusch/metasploit-module-research,modules/exploits/linux/http/linksys_wrt54gl_apply_exec.rb,de0eab0d5dc67dff96a04649d78c6fefe3fce949,CVE-2005-2799
618921880,Pflegusch/metasploit-module-research,modules/exploits/multi/http/ibm_openadmin_tool_soap_welcomeserver_exec.rb,de261c1e6404545b0da3dc7e0b2fd61f78f89e58,CVE-2017-1092
618921880,Pflegusch/metasploit-module-research,modules/exploits/linux/misc/tplink_archer_a7_c7_lan_rce.rb,de7da0ddcce006d2223dbb60563184f7781011fb,CVE-2020-10882
618921880,Pflegusch/metasploit-module-research,modules/exploits/linux/misc/tplink_archer_a7_c7_lan_rce.rb,de7da0ddcce006d2223dbb60563184f7781011fb,CVE-2020-10883
618921880,Pflegusch/metasploit-module-research,modules/exploits/linux/misc/tplink_archer_a7_c7_lan_rce.rb,de7da0ddcce006d2223dbb60563184f7781011fb,CVE-2020-10884
618921880,Pflegusch/metasploit-module-research,modules/exploits/linux/misc/tplink_archer_a7_c7_lan_rce.rb,de7da0ddcce006d2223dbb60563184f7781011fb,CVE-2020-28347
618921880,Pflegusch/metasploit-module-research,modules/exploits/windows/http/sap_configservlet_exec_noauth.rb,dea1ab52a75f066de92d6974a7705d0ccb497651,OSVDB-92704
618921880,Pflegusch/metasploit-module-research,modules/exploits/windows/local/cve_2020_17136.rb,deab7b388c3c19fd88f27a41aa9210ec9854fead,CVE-2020-1170
618921880,Pflegusch/metasploit-module-research,modules/exploits/windows/local/cve_2020_17136.rb,deab7b388c3c19fd88f27a41aa9210ec9854fead,GPZ-2082
618921880,Pflegusch/metasploit-module-research,modules/exploits/windows/local/cve_2020_17136.rb,deab7b388c3c19fd88f27a41aa9210ec9854fead,CVE-2020-17136
618921880,Pflegusch/metasploit-module-research,modules/exploits/windows/http/oracle_btm_writetofile.rb,dee12f8f9afbbfa2de5c24b7090c33b85e8185c3,BID-54839
618921880,Pflegusch/metasploit-module-research,modules/exploits/windows/http/oracle_btm_writetofile.rb,dee12f8f9afbbfa2de5c24b7090c33b85e8185c3,OSVDB-85087
618921880,Pflegusch/metasploit-module-research,modules/exploits/osx/local/cfprefsd_race_condition.rb,dee85a504d1587e49f1cce2c2869dcf839e1d025,CVE-2020-9839
618921880,Pflegusch/metasploit-module-research,modules/auxiliary/gather/drupal_openid_xxe.rb,df0736386a3c694bdf8ab584df1c405479f5c941,BID-56103
618921880,Pflegusch/metasploit-module-research,modules/auxiliary/gather/drupal_openid_xxe.rb,df0736386a3c694bdf8ab584df1c405479f5c941,CVE-2012-4554
618921880,Pflegusch/metasploit-module-research,modules/auxiliary/gather/drupal_openid_xxe.rb,df0736386a3c694bdf8ab584df1c405479f5c941,OSVDB-86429
618921880,Pflegusch/metasploit-module-research,modules/exploits/windows/fileformat/adobe_libtiff.rb,df826f49db974925e0e88a7c4905bb7277f573af,OSVDB-62526
618921880,Pflegusch/metasploit-module-research,modules/exploits/windows/fileformat/adobe_libtiff.rb,df826f49db974925e0e88a7c4905bb7277f573af,BID-38195
618921880,Pflegusch/metasploit-module-research,modules/exploits/windows/fileformat/adobe_libtiff.rb,df826f49db974925e0e88a7c4905bb7277f573af,CVE-2010-0188
618921880,Pflegusch/metasploit-module-research,modules/exploits/windows/novell/file_reporter_fsfui_upload.rb,df8e7f1fa6863456846df35d2fd0f4b1ad004032,CVE-2012-4959
618921880,Pflegusch/metasploit-module-research,modules/exploits/windows/novell/file_reporter_fsfui_upload.rb,df8e7f1fa6863456846df35d2fd0f4b1ad004032,OSVDB-87573
618921880,Pflegusch/metasploit-module-research,modules/auxiliary/admin/http/linksys_wrt54gl_exec.rb,dfb7408ccb3bfa08cbf8de92446bd382d1f1ae1a,OSVDB-89421
618921880,Pflegusch/metasploit-module-research,modules/auxiliary/admin/http/linksys_wrt54gl_exec.rb,dfb7408ccb3bfa08cbf8de92446bd382d1f1ae1a,BID-57459
618921880,Pflegusch/metasploit-module-research,modules/post/windows/gather/credentials/pulse_secure.rb,dfbcbd5f570a9ae28b56c0633aea1981d8800c43,CVE-2020-8956
618921880,Pflegusch/metasploit-module-research,modules/auxiliary/scanner/http/tplink_traversal_noauth.rb,dfc3df7aa4616db38af560fcbdb3068244d6484b,BID-57969
618921880,Pflegusch/metasploit-module-research,modules/auxiliary/scanner/http/tplink_traversal_noauth.rb,dfc3df7aa4616db38af560fcbdb3068244d6484b,OSVDB-86881
618921880,Pflegusch/metasploit-module-research,modules/auxiliary/scanner/http/tplink_traversal_noauth.rb,dfc3df7aa4616db38af560fcbdb3068244d6484b,CVE-2012-5687
618921880,Pflegusch/metasploit-module-research,modules/exploits/linux/local/kloxo_lxsuexec.rb,dfce3c1bb2cb37c98d0e9985fc401958911953ae,OSVDB-93287
618921880,Pflegusch/metasploit-module-research,modules/exploits/windows/ftp/filecopa_list_overflow.rb,dfdb601f2b0f4a2eebb1a6eea70fdf98477864fa,OSVDB-27389
618921880,Pflegusch/metasploit-module-research,modules/exploits/windows/ftp/filecopa_list_overflow.rb,dfdb601f2b0f4a2eebb1a6eea70fdf98477864fa,BID-19065
618921880,Pflegusch/metasploit-module-research,modules/exploits/windows/ftp/filecopa_list_overflow.rb,dfdb601f2b0f4a2eebb1a6eea70fdf98477864fa,CVE-2006-3726
618921880,Pflegusch/metasploit-module-research,modules/exploits/linux/misc/ib_jrd8_create_database.rb,dfdee2aceff1d9e41563e754e8f7229089c076a4,BID-25917
618921880,Pflegusch/metasploit-module-research,modules/exploits/linux/misc/ib_jrd8_create_database.rb,dfdee2aceff1d9e41563e754e8f7229089c076a4,OSVDB-38606
618921880,Pflegusch/metasploit-module-research,modules/exploits/linux/misc/ib_jrd8_create_database.rb,dfdee2aceff1d9e41563e754e8f7229089c076a4,CVE-2007-5243
618921880,Pflegusch/metasploit-module-research,modules/auxiliary/dos/pptp/ms02_063_pptp_dos.rb,dff6484951a89f4c7dec3c8242818b6534abd069,BID-5807
618921880,Pflegusch/metasploit-module-research,modules/auxiliary/dos/pptp/ms02_063_pptp_dos.rb,dff6484951a89f4c7dec3c8242818b6534abd069,MS02-063
618921880,Pflegusch/metasploit-module-research,modules/auxiliary/dos/pptp/ms02_063_pptp_dos.rb,dff6484951a89f4c7dec3c8242818b6534abd069,CVE-2002-1214
618921880,Pflegusch/metasploit-module-research,modules/auxiliary/dos/pptp/ms02_063_pptp_dos.rb,dff6484951a89f4c7dec3c8242818b6534abd069,OSVDB-13422
618921880,Pflegusch/metasploit-module-research,modules/exploits/linux/http/vmware_vcenter_vsan_health_rce.rb,e003b2b618006273e2af5a1baa193afa68b80703,CVE-2021-21985
618921880,Pflegusch/metasploit-module-research,modules/exploits/linux/http/vmware_vcenter_vsan_health_rce.rb,e003b2b618006273e2af5a1baa193afa68b80703,CVE-2021-2021
618921880,Pflegusch/metasploit-module-research,modules/exploits/freebsd/telnet/telnet_encrypt_keyid.rb,e00a2dcb77e268c07f9658775ac08ff1ba846cce,CVE-2011-4862
618921880,Pflegusch/metasploit-module-research,modules/exploits/freebsd/telnet/telnet_encrypt_keyid.rb,e00a2dcb77e268c07f9658775ac08ff1ba846cce,OSVDB-78020
618921880,Pflegusch/metasploit-module-research,modules/exploits/freebsd/telnet/telnet_encrypt_keyid.rb,e00a2dcb77e268c07f9658775ac08ff1ba846cce,BID-51182
618921880,Pflegusch/metasploit-module-research,modules/exploits/windows/browser/novelliprint_target_frame.rb,e00b95d5c3642ed821aa9194edd4ad5fb7aac2e5,BID-37242
618921880,Pflegusch/metasploit-module-research,modules/exploits/windows/browser/novelliprint_target_frame.rb,e00b95d5c3642ed821aa9194edd4ad5fb7aac2e5,OSVDB-60803
618921880,Pflegusch/metasploit-module-research,modules/exploits/windows/browser/novelliprint_target_frame.rb,e00b95d5c3642ed821aa9194edd4ad5fb7aac2e5,CVE-2009-1568
618921880,Pflegusch/metasploit-module-research,modules/exploits/windows/antivirus/symantec_endpoint_manager_rce.rb,e024e110c377274e28da3806b049d6aee65d0324,CVE-2013-5015
618921880,Pflegusch/metasploit-module-research,modules/exploits/windows/antivirus/symantec_endpoint_manager_rce.rb,e024e110c377274e28da3806b049d6aee65d0324,CVE-2013-5014
618921880,Pflegusch/metasploit-module-research,modules/exploits/windows/antivirus/symantec_endpoint_manager_rce.rb,e024e110c377274e28da3806b049d6aee65d0324,OSVDB-103306
618921880,Pflegusch/metasploit-module-research,modules/exploits/windows/antivirus/symantec_endpoint_manager_rce.rb,e024e110c377274e28da3806b049d6aee65d0324,OSVDB-103305
618921880,Pflegusch/metasploit-module-research,modules/auxiliary/admin/kerberos/ms14_068_kerberos_checksum.rb,e02dcf5459dce524be76cd3d7b25160297abf615,CVE-2014-6324
618921880,Pflegusch/metasploit-module-research,modules/auxiliary/admin/kerberos/ms14_068_kerberos_checksum.rb,e02dcf5459dce524be76cd3d7b25160297abf615,MS14-068
618921880,Pflegusch/metasploit-module-research,modules/auxiliary/admin/kerberos/ms14_068_kerberos_checksum.rb,e02dcf5459dce524be76cd3d7b25160297abf615,OSVDB-114751
618921880,Pflegusch/metasploit-module-research,modules/exploits/linux/misc/mongod_native_helper.rb,e0300996bc2e4d3af3395f88b6b89e7e3eadf26d,OSVDB-91632
618921880,Pflegusch/metasploit-module-research,modules/exploits/linux/misc/mongod_native_helper.rb,e0300996bc2e4d3af3395f88b6b89e7e3eadf26d,CVE-2013-1892
618921880,Pflegusch/metasploit-module-research,modules/exploits/linux/misc/mongod_native_helper.rb,e0300996bc2e4d3af3395f88b6b89e7e3eadf26d,BID-58695
618921880,Pflegusch/metasploit-module-research,modules/exploits/windows/browser/novelliprint_executerequest_dbg.rb,e048e34c86c74496ff843598b5b85ce44a4869d6,CVE-2010-3106
618921880,Pflegusch/metasploit-module-research,modules/exploits/windows/browser/novelliprint_executerequest_dbg.rb,e048e34c86c74496ff843598b5b85ce44a4869d6,OSVDB-66960
618921880,Pflegusch/metasploit-module-research,modules/exploits/windows/browser/ms13_009_ie_slayoutrun_uaf.rb,e0540e0da877de1c6425eb2f748d3a1e773115c8,CVE-2013-0025
618921880,Pflegusch/metasploit-module-research,modules/exploits/windows/browser/ms13_009_ie_slayoutrun_uaf.rb,e0540e0da877de1c6425eb2f748d3a1e773115c8,OSVDB-90122
618921880,Pflegusch/metasploit-module-research,modules/exploits/windows/browser/ms13_009_ie_slayoutrun_uaf.rb,e0540e0da877de1c6425eb2f748d3a1e773115c8,MS13-009
618921880,Pflegusch/metasploit-module-research,modules/exploits/windows/browser/apple_quicktime_rdrf.rb,e05d3b0d442acd1182d62d0e8b32e8d980d0ab67,OSVDB-93625
618921880,Pflegusch/metasploit-module-research,modules/exploits/windows/browser/apple_quicktime_rdrf.rb,e05d3b0d442acd1182d62d0e8b32e8d980d0ab67,BID-60097
618921880,Pflegusch/metasploit-module-research,modules/exploits/windows/browser/apple_quicktime_rdrf.rb,e05d3b0d442acd1182d62d0e8b32e8d980d0ab67,CVE-2013-1017
618921880,Pflegusch/metasploit-module-research,modules/auxiliary/dos/http/webkitplus.rb,e095c8c331c7af388eaf71a7699a8733f011ecc9,CVE-2018-11646
618921880,Pflegusch/metasploit-module-research,modules/exploits/multi/browser/java_jre17_jmxbean_2.rb,e09eeca916a4ff8ee887c3ef472c43dfc9ddaa6e,BID-57726
618921880,Pflegusch/metasploit-module-research,modules/exploits/multi/browser/java_jre17_jmxbean_2.rb,e09eeca916a4ff8ee887c3ef472c43dfc9ddaa6e,CVE-2013-0431
618921880,Pflegusch/metasploit-module-research,modules/exploits/multi/browser/java_jre17_jmxbean_2.rb,e09eeca916a4ff8ee887c3ef472c43dfc9ddaa6e,OSVDB-89613
618921880,Pflegusch/metasploit-module-research,modules/auxiliary/gather/eaton_nsm_creds.rb,e0c624ec0f1aeb55fb28753f653e6f73c66212f6,OSVDB-83199
618921880,Pflegusch/metasploit-module-research,modules/exploits/windows/browser/mozilla_interleaved_write.rb,e0ce475a012fca600316b45cbc352a19457d24a6,OSVDB-68905
618921880,Pflegusch/metasploit-module-research,modules/exploits/windows/browser/mozilla_interleaved_write.rb,e0ce475a012fca600316b45cbc352a19457d24a6,CVE-2010-3765
618921880,Pflegusch/metasploit-module-research,modules/exploits/windows/browser/mozilla_interleaved_write.rb,e0ce475a012fca600316b45cbc352a19457d24a6,BID-15352
618921880,Pflegusch/metasploit-module-research,modules/auxiliary/admin/networking/cisco_dcnm_download.rb,e0e74feab109e12d84463b4db248c888e4ce8e9a,CVE-2019-1621
618921880,Pflegusch/metasploit-module-research,modules/auxiliary/admin/networking/cisco_dcnm_download.rb,e0e74feab109e12d84463b4db248c888e4ce8e9a,CVE-2019-1619
618921880,Pflegusch/metasploit-module-research,modules/exploits/windows/misc/trendmicro_cmdprocessor_addtask.rb,e0f0a823462c7dfcefef70968792c4f8a26f50e9,CVE-2011-5001
618921880,Pflegusch/metasploit-module-research,modules/exploits/windows/misc/trendmicro_cmdprocessor_addtask.rb,e0f0a823462c7dfcefef70968792c4f8a26f50e9,OSVDB-77585
618921880,Pflegusch/metasploit-module-research,modules/exploits/linux/local/cve_2022_0847_dirtypipe.rb,e0fe6933778846846d097dbb38edd3685ace9f15,CVE-2022-0847
618921880,Pflegusch/metasploit-module-research,modules/auxiliary/scanner/http/springcloud_directory_traversal.rb,e1108176e85f89ab6c16942c0bcb8c016921d389,CVE-2020-5410
618921880,Pflegusch/metasploit-module-research,modules/exploits/windows/browser/mswhale_checkforupdates.rb,e112fe2c9ce8697f1bcdbc42fa6b6e53bc373823,CVE-2007-2238
618921880,Pflegusch/metasploit-module-research,modules/exploits/windows/browser/mswhale_checkforupdates.rb,e112fe2c9ce8697f1bcdbc42fa6b6e53bc373823,OSVDB-53933
618921880,Pflegusch/metasploit-module-research,modules/exploits/linux/http/vmware_nsxmgr_xstream_rce_cve_2021_39144.rb,e114c3ca70f6362626e2baa19fa9becfd05d167c,CVE-2021-39144
618921880,Pflegusch/metasploit-module-research,modules/exploits/linux/http/nuuo_nvrmini_unauth_rce.rb,e129d515eee839bcd6cfff6ac8b586c21586f6fc,CVE-2016-5674
618921880,Pflegusch/metasploit-module-research,modules/exploits/windows/local/comahawk.rb,e130d7bab1435089afb819d7ee593b5c2cf8805f,CVE-2019-1405
618921880,Pflegusch/metasploit-module-research,modules/exploits/windows/local/comahawk.rb,e130d7bab1435089afb819d7ee593b5c2cf8805f,CVE-2019-1322
618921880,Pflegusch/metasploit-module-research,modules/exploits/windows/ftp/netterm_netftpd_user.rb,e1320a5dd78478252eba520fc10b564f92e7e26c,BID-13396
618921880,Pflegusch/metasploit-module-research,modules/exploits/windows/ftp/netterm_netftpd_user.rb,e1320a5dd78478252eba520fc10b564f92e7e26c,OSVDB-15865
618921880,Pflegusch/metasploit-module-research,modules/exploits/windows/ftp/netterm_netftpd_user.rb,e1320a5dd78478252eba520fc10b564f92e7e26c,CVE-2005-1323
618921880,Pflegusch/metasploit-module-research,modules/exploits/windows/fileformat/ms12_027_mscomctl_bof.rb,e13daee6c02e0f78d82671425499de7e5c0b0c66,MS12-027
618921880,Pflegusch/metasploit-module-research,modules/exploits/windows/fileformat/ms12_027_mscomctl_bof.rb,e13daee6c02e0f78d82671425499de7e5c0b0c66,OSVDB-81125
618921880,Pflegusch/metasploit-module-research,modules/exploits/windows/fileformat/ms12_027_mscomctl_bof.rb,e13daee6c02e0f78d82671425499de7e5c0b0c66,CVE-2012-0158
618921880,Pflegusch/metasploit-module-research,modules/exploits/windows/fileformat/ms12_027_mscomctl_bof.rb,e13daee6c02e0f78d82671425499de7e5c0b0c66,BID-52911
618921880,Pflegusch/metasploit-module-research,modules/exploits/windows/local/lexmark_driver_privesc.rb,e151de501efa908e12a44fd69485af1708b1a658,CVE-2021-35449
618921880,Pflegusch/metasploit-module-research,modules/exploits/windows/browser/crystal_reports_printcontrol.rb,e17db8faf5426e6d861a75fa412c6cb6003cedf1,CVE-2010-2590
618921880,Pflegusch/metasploit-module-research,modules/exploits/windows/browser/crystal_reports_printcontrol.rb,e17db8faf5426e6d861a75fa412c6cb6003cedf1,BID-45387
618921880,Pflegusch/metasploit-module-research,modules/exploits/windows/browser/crystal_reports_printcontrol.rb,e17db8faf5426e6d861a75fa412c6cb6003cedf1,OSVDB-69917
618921880,Pflegusch/metasploit-module-research,modules/exploits/windows/misc/agentxpp_receive_agentx.rb,e18110b2cc52dc1abfee84a3cc80f050d5caf0ef,CVE-2010-1318
618921880,Pflegusch/metasploit-module-research,modules/exploits/windows/misc/agentxpp_receive_agentx.rb,e18110b2cc52dc1abfee84a3cc80f050d5caf0ef,OSVDB-63919
618921880,Pflegusch/metasploit-module-research,modules/exploits/windows/misc/hp_omniinet_4.rb,e18bbe0b4e053f5d3ff096b64b9963c260b41481,CVE-2011-1865
618921880,Pflegusch/metasploit-module-research,modules/exploits/windows/misc/hp_omniinet_4.rb,e18bbe0b4e053f5d3ff096b64b9963c260b41481,OSVDB-73571
618921880,Pflegusch/metasploit-module-research,modules/exploits/windows/browser/athocgov_completeinstallation.rb,e1906251c2769634659b79e2d041eee4801371eb,OSVDB-94557
618921880,Pflegusch/metasploit-module-research,modules/exploits/windows/browser/cisco_playerpt_setsource.rb,e1c238c78775ab0e2ffa9b85e923a7abe4c91c6c,OSVDB-80297
618921880,Pflegusch/metasploit-module-research,modules/exploits/windows/browser/cisco_playerpt_setsource.rb,e1c238c78775ab0e2ffa9b85e923a7abe4c91c6c,CVE-2012-0284
618921880,Pflegusch/metasploit-module-research,modules/exploits/solaris/sunrpc/sadmind_adm_build_path.rb,e216dcef12e46e8a7c44b58e5e858b3adc9a38bb,OSVDB-49111
618921880,Pflegusch/metasploit-module-research,modules/exploits/solaris/sunrpc/sadmind_adm_build_path.rb,e216dcef12e46e8a7c44b58e5e858b3adc9a38bb,CVE-2008-4556
618921880,Pflegusch/metasploit-module-research,modules/exploits/windows/misc/hp_omniinet_3.rb,e217af01a7d4d413e6956057b6504514bc8b340f,CVE-2011-1865
618921880,Pflegusch/metasploit-module-research,modules/exploits/windows/misc/hp_omniinet_3.rb,e217af01a7d4d413e6956057b6504514bc8b340f,OSVDB-73571
618921880,Pflegusch/metasploit-module-research,modules/exploits/windows/lotus/domino_icalendar_organizer.rb,e21c1e0b3676175419323b7370bb00762bedecae,CVE-2010-3407
618921880,Pflegusch/metasploit-module-research,modules/exploits/windows/lotus/domino_icalendar_organizer.rb,e21c1e0b3676175419323b7370bb00762bedecae,OSVDB-68040
618921880,Pflegusch/metasploit-module-research,modules/auxiliary/scanner/http/smt_ipmi_static_cert_scanner.rb,e22507281efa51b6184a0f4944832678de944cfd,CVE-2013-3619
618921880,Pflegusch/metasploit-module-research,modules/auxiliary/admin/http/sophos_wpa_traversal.rb,e22d92bf15be26846e42b32f92b67c96cf86534c,BID-58833
618921880,Pflegusch/metasploit-module-research,modules/auxiliary/admin/http/sophos_wpa_traversal.rb,e22d92bf15be26846e42b32f92b67c96cf86534c,OSVDB-91953
618921880,Pflegusch/metasploit-module-research,modules/auxiliary/admin/http/sophos_wpa_traversal.rb,e22d92bf15be26846e42b32f92b67c96cf86534c,CVE-2013-2641
618921880,Pflegusch/metasploit-module-research,modules/auxiliary/scanner/udp/udp_amplification.rb,e22dd5c6868708d34aee83f3576e0987a8551236,CVE-2013-5211
618921880,Pflegusch/metasploit-module-research,modules/auxiliary/gather/coldfusion_pwd_props.rb,e22fb6335ac023b7c6398c4f8b7c21a1fedbddf2,OSVDB-93114
618921880,Pflegusch/metasploit-module-research,modules/auxiliary/gather/coldfusion_pwd_props.rb,e22fb6335ac023b7c6398c4f8b7c21a1fedbddf2,CVE-2013-3336
618921880,Pflegusch/metasploit-module-research,modules/auxiliary/admin/http/openbravo_xxe.rb,e27e0bdd9a810b07eefbf66a5b838ddfe518f96e,OSVDB-99141
618921880,Pflegusch/metasploit-module-research,modules/auxiliary/admin/http/openbravo_xxe.rb,e27e0bdd9a810b07eefbf66a5b838ddfe518f96e,BID-63431
618921880,Pflegusch/metasploit-module-research,modules/auxiliary/admin/http/openbravo_xxe.rb,e27e0bdd9a810b07eefbf66a5b838ddfe518f96e,CVE-2013-3617
618921880,Pflegusch/metasploit-module-research,modules/exploits/linux/misc/hplip_hpssd_exec.rb,e2925b7b81e42ae488db4fd4c3ac27fefa1cc666,CVE-2007-5208
618921880,Pflegusch/metasploit-module-research,modules/exploits/linux/misc/hplip_hpssd_exec.rb,e2925b7b81e42ae488db4fd4c3ac27fefa1cc666,BID-26054
618921880,Pflegusch/metasploit-module-research,modules/exploits/linux/misc/hplip_hpssd_exec.rb,e2925b7b81e42ae488db4fd4c3ac27fefa1cc666,OSVDB-41693
618921880,Pflegusch/metasploit-module-research,modules/exploits/windows/tftp/futuresoft_transfermode.rb,e2a42eed21dfd62cae5d8ed49b2ebe017df8adfc,OSVDB-16954
618921880,Pflegusch/metasploit-module-research,modules/exploits/windows/tftp/futuresoft_transfermode.rb,e2a42eed21dfd62cae5d8ed49b2ebe017df8adfc,BID-13821
618921880,Pflegusch/metasploit-module-research,modules/exploits/windows/tftp/futuresoft_transfermode.rb,e2a42eed21dfd62cae5d8ed49b2ebe017df8adfc,CVE-2005-1812
618921880,Pflegusch/metasploit-module-research,modules/exploits/linux/http/grandstream_gxv31xx_settimezone_unauth_cmd_exec.rb,e2dcee939ab6cd4c6cd6084343ec5ba48804f307,CVE-2019-10655
618921880,Pflegusch/metasploit-module-research,modules/exploits/linux/http/ivanti_csa_unauth_rce_cve_2021_44529.rb,e2de3f18772df45ab2f2e3cc5c77a0cbec88a484,CVE-2021-44529
618921880,Pflegusch/metasploit-module-research,modules/exploits/windows/browser/ms07_017_ani_loadimage_chunksize.rb,e2f41bcb7e46e297bf09ac22eaa9480326ef8f99,MS07-017
618921880,Pflegusch/metasploit-module-research,modules/exploits/windows/browser/ms07_017_ani_loadimage_chunksize.rb,e2f41bcb7e46e297bf09ac22eaa9480326ef8f99,BID-23194
618921880,Pflegusch/metasploit-module-research,modules/exploits/windows/browser/ms07_017_ani_loadimage_chunksize.rb,e2f41bcb7e46e297bf09ac22eaa9480326ef8f99,MS05-002
618921880,Pflegusch/metasploit-module-research,modules/exploits/windows/browser/ms07_017_ani_loadimage_chunksize.rb,e2f41bcb7e46e297bf09ac22eaa9480326ef8f99,CVE-2007-0038
618921880,Pflegusch/metasploit-module-research,modules/exploits/windows/browser/ms07_017_ani_loadimage_chunksize.rb,e2f41bcb7e46e297bf09ac22eaa9480326ef8f99,OSVDB-33629
618921880,Pflegusch/metasploit-module-research,modules/exploits/windows/browser/getgodm_http_response_bof.rb,e30fa9ee8590a48e808d1571040f834b32c667f5,CVE-2014-2206
618921880,Pflegusch/metasploit-module-research,modules/exploits/windows/browser/getgodm_http_response_bof.rb,e30fa9ee8590a48e808d1571040f834b32c667f5,OSVDB-103910
618921880,Pflegusch/metasploit-module-research,modules/exploits/windows/http/apache_tika_jp2_jscript.rb,e338988c2e7f51564dfe9d51ccfea33301e5cf66,CVE-2018-1335
618921880,Pflegusch/metasploit-module-research,modules/auxiliary/admin/http/typo3_news_module_sqli.rb,e33c9896058dee173404aa99d243167bf8d27849,CVE-2017-7581
618921880,Pflegusch/metasploit-module-research,modules/auxiliary/scanner/http/linksys_e1500_traversal.rb,e353c061c95760458c16124e232086758ffcd237,BID-57760
618921880,Pflegusch/metasploit-module-research,modules/auxiliary/scanner/http/linksys_e1500_traversal.rb,e353c061c95760458c16124e232086758ffcd237,OSVDB-89911
618921880,Pflegusch/metasploit-module-research,modules/exploits/windows/local/virtual_box_guest_additions.rb,e36531b2a68510118bcf212d398b13e8e1f1fe20,CVE-2014-2477
618921880,Pflegusch/metasploit-module-research,modules/exploits/windows/misc/actfax_raw_server_bof.rb,e367e49338f71ddb1e47a21ffe95ad877918abf6,OSVDB-89944
618921880,Pflegusch/metasploit-module-research,modules/exploits/windows/misc/actfax_raw_server_bof.rb,e367e49338f71ddb1e47a21ffe95ad877918abf6,BID-57789
618921880,Pflegusch/metasploit-module-research,modules/exploits/windows/local/current_user_psexec.rb,e373123399564f812d86bc86ca8440f8793d78de,CVE-1999-0504
618921880,Pflegusch/metasploit-module-research,modules/exploits/windows/local/current_user_psexec.rb,e373123399564f812d86bc86ca8440f8793d78de,OSVDB-3106
618921880,Pflegusch/metasploit-module-research,modules/exploits/multi/http/log4shell_header_injection.rb,e3893020f8d046520f1d7c12add7e2b171621865,CVE-2021-44228
618921880,Pflegusch/metasploit-module-research,modules/exploits/windows/telnet/gamsoft_telsrv_username.rb,e3bee4f0ad5bb2059a6a2d59b50080165323652d,CVE-2000-0665
618921880,Pflegusch/metasploit-module-research,modules/exploits/windows/telnet/gamsoft_telsrv_username.rb,e3bee4f0ad5bb2059a6a2d59b50080165323652d,BID-1478
618921880,Pflegusch/metasploit-module-research,modules/exploits/windows/telnet/gamsoft_telsrv_username.rb,e3bee4f0ad5bb2059a6a2d59b50080165323652d,OSVDB-373
618921880,Pflegusch/metasploit-module-research,modules/exploits/unix/webapp/phpmyadmin_config.rb,e3d73e2077e545147b875a69f73a192e4c60d914,OSVDB-53076
618921880,Pflegusch/metasploit-module-research,modules/exploits/unix/webapp/phpmyadmin_config.rb,e3d73e2077e545147b875a69f73a192e4c60d914,CVE-2009-1151
618921880,Pflegusch/metasploit-module-research,modules/exploits/windows/browser/adobe_flashplayer_flash10o.rb,e3f8095c01dff061ce3902fe9bc1b0e3877f258a,BID-47314
618921880,Pflegusch/metasploit-module-research,modules/exploits/windows/browser/adobe_flashplayer_flash10o.rb,e3f8095c01dff061ce3902fe9bc1b0e3877f258a,CVE-2011-0611
618921880,Pflegusch/metasploit-module-research,modules/exploits/windows/browser/adobe_flashplayer_flash10o.rb,e3f8095c01dff061ce3902fe9bc1b0e3877f258a,OSVDB-71686
618921880,Pflegusch/metasploit-module-research,modules/exploits/multi/http/struts2_rest_xstream.rb,e4015205a5ac9befb009afed54567201371f461f,CVE-2017-9805
618921880,Pflegusch/metasploit-module-research,modules/exploits/windows/brightstor/message_engine.rb,e401b95bdf71ec19da7880c854a0bd47c9001163,BID-22005
618921880,Pflegusch/metasploit-module-research,modules/exploits/windows/brightstor/message_engine.rb,e401b95bdf71ec19da7880c854a0bd47c9001163,OSVDB-31318
618921880,Pflegusch/metasploit-module-research,modules/exploits/windows/brightstor/message_engine.rb,e401b95bdf71ec19da7880c854a0bd47c9001163,CVE-2007-0169
618921880,Pflegusch/metasploit-module-research,modules/exploits/windows/fileformat/activepdf_webgrabber.rb,e403f365a8c8b19f43ae762f702e8f2ba4c6f7b4,OSVDB-64579
618921880,Pflegusch/metasploit-module-research,modules/exploits/linux/misc/hp_data_protector_cmd_exec.rb,e40785960c00eca1d651a03700874fcdeb1da180,OSVDB-72526
618921880,Pflegusch/metasploit-module-research,modules/exploits/linux/misc/hp_data_protector_cmd_exec.rb,e40785960c00eca1d651a03700874fcdeb1da180,CVE-2011-0923
618921880,Pflegusch/metasploit-module-research,modules/auxiliary/admin/http/contentkeeper_fileaccess.rb,e4344f3eb4f2ffca76b040f380a5ec3c03194540,OSVDB-54551
618921880,Pflegusch/metasploit-module-research,modules/exploits/windows/http/mailenable_auth_header.rb,e47523de98df80637341a255784a60c401aac2d3,OSVDB-15737
618921880,Pflegusch/metasploit-module-research,modules/exploits/windows/http/mailenable_auth_header.rb,e47523de98df80637341a255784a60c401aac2d3,CVE-2005-1348
618921880,Pflegusch/metasploit-module-research,modules/exploits/windows/http/mailenable_auth_header.rb,e47523de98df80637341a255784a60c401aac2d3,BID-13350
618921880,Pflegusch/metasploit-module-research,modules/exploits/windows/http/mailenable_auth_header.rb,e47523de98df80637341a255784a60c401aac2d3,OSVDB-15913
618921880,Pflegusch/metasploit-module-research,modules/exploits/linux/misc/jenkins_ldap_deserialize.rb,e485f256180f0f4c7e9eb3e43eeb898d63e59a3b,CVE-2016-9299
618921880,Pflegusch/metasploit-module-research,modules/exploits/windows/smb/ms06_066_nwapi.rb,e489624460feb15e219304815d166bc5e32933b9,CVE-2006-4688
618921880,Pflegusch/metasploit-module-research,modules/exploits/windows/smb/ms06_066_nwapi.rb,e489624460feb15e219304815d166bc5e32933b9,OSVDB-30260
618921880,Pflegusch/metasploit-module-research,modules/exploits/windows/smb/ms06_066_nwapi.rb,e489624460feb15e219304815d166bc5e32933b9,BID-21023
618921880,Pflegusch/metasploit-module-research,modules/exploits/windows/smb/ms06_066_nwapi.rb,e489624460feb15e219304815d166bc5e32933b9,MS06-066
618921880,Pflegusch/metasploit-module-research,modules/exploits/android/local/binder_uaf.rb,e49addcb7bf26fa81fe281c779f2fb690dd49cb4,GPZ-1942
618921880,Pflegusch/metasploit-module-research,modules/exploits/android/local/binder_uaf.rb,e49addcb7bf26fa81fe281c779f2fb690dd49cb4,CVE-2019-2215
618921880,Pflegusch/metasploit-module-research,modules/exploits/windows/http/fortilogger_arbitrary_fileupload.rb,e4fedbba094be99535f2495636f7ecf4038aed85,CVE-2021-3378
618921880,Pflegusch/metasploit-module-research,modules/exploits/windows/ftp/ricoh_dl_bof.rb,e501c4798cfbc651736fd38ab329c8dcf17727ed,OSVDB-79691
618921880,Pflegusch/metasploit-module-research,modules/exploits/windows/ftp/ricoh_dl_bof.rb,e501c4798cfbc651736fd38ab329c8dcf17727ed,CVE-2012-5002
618921880,Pflegusch/metasploit-module-research,modules/exploits/windows/local/ntapphelpcachecontrol.rb,e51354250120c47c4a57d93b4dbc5a003c188a91,GPZ-118
618921880,Pflegusch/metasploit-module-research,modules/exploits/windows/local/ntapphelpcachecontrol.rb,e51354250120c47c4a57d93b4dbc5a003c188a91,MS15-001
618921880,Pflegusch/metasploit-module-research,modules/exploits/windows/local/ntapphelpcachecontrol.rb,e51354250120c47c4a57d93b4dbc5a003c188a91,CVE-2015-0002
618921880,Pflegusch/metasploit-module-research,modules/exploits/windows/browser/macrovision_unsafe.rb,e52af9bfc649470328dfc9fc94cf8bde908a73ab,BID-26280
618921880,Pflegusch/metasploit-module-research,modules/exploits/windows/browser/macrovision_unsafe.rb,e52af9bfc649470328dfc9fc94cf8bde908a73ab,OSVDB-38347
618921880,Pflegusch/metasploit-module-research,modules/exploits/windows/browser/macrovision_unsafe.rb,e52af9bfc649470328dfc9fc94cf8bde908a73ab,CVE-2007-5660
618921880,Pflegusch/metasploit-module-research,modules/auxiliary/admin/http/jboss_bshdeployer.rb,e567db4215ad079f2b8c7a4612b3f68e782fe4fb,OSVDB-64171
618921880,Pflegusch/metasploit-module-research,modules/auxiliary/admin/http/jboss_bshdeployer.rb,e567db4215ad079f2b8c7a4612b3f68e782fe4fb,CVE-2010-0738
618921880,Pflegusch/metasploit-module-research,modules/exploits/windows/ftp/ftpgetter_pwd_reply.rb,e57ff73b89d1b7b43f3341746031f046dca47de7,OSVDB-68638
618921880,Pflegusch/metasploit-module-research,modules/exploits/windows/browser/mcafeevisualtrace_tracetarget.rb,e590f4b2bd1041a7429f76c0af5711eea991ca26,OSVDB-32399
618921880,Pflegusch/metasploit-module-research,modules/exploits/windows/browser/mcafeevisualtrace_tracetarget.rb,e590f4b2bd1041a7429f76c0af5711eea991ca26,CVE-2006-6707
618921880,Pflegusch/metasploit-module-research,modules/exploits/windows/smb/ms04_011_lsass.rb,e5a228501a35369ef642edc1bb47ae9e6df16537,BID-10108
618921880,Pflegusch/metasploit-module-research,modules/exploits/windows/smb/ms04_011_lsass.rb,e5a228501a35369ef642edc1bb47ae9e6df16537,MS04-011
618921880,Pflegusch/metasploit-module-research,modules/exploits/windows/smb/ms04_011_lsass.rb,e5a228501a35369ef642edc1bb47ae9e6df16537,CVE-2003-0533
618921880,Pflegusch/metasploit-module-research,modules/exploits/windows/smb/ms04_011_lsass.rb,e5a228501a35369ef642edc1bb47ae9e6df16537,OSVDB-5248
618921880,Pflegusch/metasploit-module-research,modules/exploits/linux/local/ueb_bpserverd_privesc.rb,e5afb37a456401adfbc07fcc4a548c47e53b3ad7,CVE-2018-6329
618921880,Pflegusch/metasploit-module-research,modules/exploits/multi/misc/java_rmi_server.rb,e5b13c7e84abdb7bf10430d0b7584e1e65931ce8,CVE-2011-3556
618921880,Pflegusch/metasploit-module-research,modules/auxiliary/scanner/http/manageengine_deviceexpert_user_creds.rb,e5f8e08c60d1507b0825cba79e37f4b318e97069,CVE-2014-5377
618921880,Pflegusch/metasploit-module-research,modules/auxiliary/scanner/http/manageengine_deviceexpert_user_creds.rb,e5f8e08c60d1507b0825cba79e37f4b318e97069,OSVDB-110522
618921880,Pflegusch/metasploit-module-research,modules/exploits/windows/fileformat/wireshark_packet_dect.rb,e6238a90cbaec9344139fc82f0d8f709a66d53dd,CVE-2011-1591
618921880,Pflegusch/metasploit-module-research,modules/exploits/windows/fileformat/wireshark_packet_dect.rb,e6238a90cbaec9344139fc82f0d8f709a66d53dd,OSVDB-71848
618921880,Pflegusch/metasploit-module-research,modules/auxiliary/dos/windows/ftp/guildftp_cwdlist.rb,e62e8588851b727f1d6b224c3b3963eabb7a0973,OSVDB-49045
618921880,Pflegusch/metasploit-module-research,modules/auxiliary/dos/windows/ftp/guildftp_cwdlist.rb,e62e8588851b727f1d6b224c3b3963eabb7a0973,CVE-2008-4572
618921880,Pflegusch/metasploit-module-research,modules/exploits/windows/misc/lianja_db_net.rb,e63afc051faaebcfdbb40cd0b4dc7e2d709f017a,CVE-2013-3563
618921880,Pflegusch/metasploit-module-research,modules/exploits/windows/misc/lianja_db_net.rb,e63afc051faaebcfdbb40cd0b4dc7e2d709f017a,OSVDB-93759
618921880,Pflegusch/metasploit-module-research,modules/exploits/linux/http/dlink_dir605l_captcha_bof.rb,e63ed561ffcf9bcf0277f7b6f7b1fbb22db47cb5,OSVDB-86824
618921880,Pflegusch/metasploit-module-research,modules/exploits/windows/local/cve_2021_40449.rb,e63f863e47a419099c0099f21566329b1b1ec355,CVE-2021-40449
618921880,Pflegusch/metasploit-module-research,modules/exploits/windows/misc/windows_rsh.rb,e6521a7ce15d2a2054cbaf294cbcf4f4a5a30307,BID-25044
618921880,Pflegusch/metasploit-module-research,modules/exploits/windows/misc/windows_rsh.rb,e6521a7ce15d2a2054cbaf294cbcf4f4a5a30307,OSVDB-38572
618921880,Pflegusch/metasploit-module-research,modules/exploits/windows/misc/windows_rsh.rb,e6521a7ce15d2a2054cbaf294cbcf4f4a5a30307,CVE-2007-4006
618921880,Pflegusch/metasploit-module-research,modules/exploits/multi/http/moodle_admin_shell_upload.rb,e67f7d25dcafb4d4a1ce5ceb17d9c4e0e45eaf54,CVE-2019-11631
618921880,Pflegusch/metasploit-module-research,modules/exploits/aix/local/ibstat_path.rb,e6a6d3f6f8d73f3fe0cfd9fdfa606844252f1fed,OSVDB-95420
618921880,Pflegusch/metasploit-module-research,modules/exploits/aix/local/ibstat_path.rb,e6a6d3f6f8d73f3fe0cfd9fdfa606844252f1fed,CVE-2013-4011
618921880,Pflegusch/metasploit-module-research,modules/exploits/aix/local/ibstat_path.rb,e6a6d3f6f8d73f3fe0cfd9fdfa606844252f1fed,BID-61287
618921880,Pflegusch/metasploit-module-research,modules/auxiliary/scanner/http/joomla_ecommercewd_sqli_scanner.rb,e6b3120150fe85cada22cb9123bbf6f266a0d6c9,CVE-2015-2562
618921880,Pflegusch/metasploit-module-research,modules/auxiliary/dos/ntp/ntpd_reserved_dos.rb,e6b86b6fc898f36c27e416cd80889eb2eab0356b,CVE-2009-3563
618921880,Pflegusch/metasploit-module-research,modules/auxiliary/dos/ntp/ntpd_reserved_dos.rb,e6b86b6fc898f36c27e416cd80889eb2eab0356b,OSVDB-60847
618921880,Pflegusch/metasploit-module-research,modules/auxiliary/dos/ntp/ntpd_reserved_dos.rb,e6b86b6fc898f36c27e416cd80889eb2eab0356b,BID-37255
618921880,Pflegusch/metasploit-module-research,modules/exploits/windows/http/sapdb_webtools.rb,e6beeae1d062b342c32ce091f2005a26d2751a4f,OSVDB-37838
618921880,Pflegusch/metasploit-module-research,modules/exploits/windows/http/sapdb_webtools.rb,e6beeae1d062b342c32ce091f2005a26d2751a4f,CVE-2007-3614
618921880,Pflegusch/metasploit-module-research,modules/exploits/windows/http/sapdb_webtools.rb,e6beeae1d062b342c32ce091f2005a26d2751a4f,BID-24773
618921880,Pflegusch/metasploit-module-research,modules/auxiliary/admin/officescan/tmlisten_traversal.rb,e6cd057a771a81d9cff8d791d21e6e032c544f27,BID-31531
618921880,Pflegusch/metasploit-module-research,modules/auxiliary/admin/officescan/tmlisten_traversal.rb,e6cd057a771a81d9cff8d791d21e6e032c544f27,OSVDB-48730
618921880,Pflegusch/metasploit-module-research,modules/auxiliary/admin/officescan/tmlisten_traversal.rb,e6cd057a771a81d9cff8d791d21e6e032c544f27,CVE-2008-2439
618921880,Pflegusch/metasploit-module-research,modules/exploits/windows/misc/ibm_cognos_tm1admsd_bof.rb,e6e2eb1b918a266e2eb5004228cf74ad3dbb4338,BID-52847
618921880,Pflegusch/metasploit-module-research,modules/exploits/windows/misc/ibm_cognos_tm1admsd_bof.rb,e6e2eb1b918a266e2eb5004228cf74ad3dbb4338,OSVDB-80876
618921880,Pflegusch/metasploit-module-research,modules/exploits/windows/misc/ibm_cognos_tm1admsd_bof.rb,e6e2eb1b918a266e2eb5004228cf74ad3dbb4338,CVE-2012-0202
618921880,Pflegusch/metasploit-module-research,modules/exploits/multi/http/ispconfig_php_exec.rb,e6f5f08af1855bcde18724185a025eee6210084f,CVE-2013-3629
618921880,Pflegusch/metasploit-module-research,modules/auxiliary/scanner/http/cgit_traversal.rb,e711a09fa89381419f68ac07307074b6d29cbb04,GPZ-1627
618921880,Pflegusch/metasploit-module-research,modules/auxiliary/scanner/http/cgit_traversal.rb,e711a09fa89381419f68ac07307074b6d29cbb04,CVE-2018-14912
618921880,Pflegusch/metasploit-module-research,modules/auxiliary/admin/http/nuuo_nvrmini_reset.rb,e717d5c1f8c4fc2acfc993556ddd2080dcea70c6,CVE-2016-5676
618921880,Pflegusch/metasploit-module-research,modules/auxiliary/scanner/rservices/rexec_login.rb,e754c41ff5ac10ec9a7fb7ac41548e4bcf1db7a2,CVE-1999-0502
618921880,Pflegusch/metasploit-module-research,modules/auxiliary/scanner/rservices/rexec_login.rb,e754c41ff5ac10ec9a7fb7ac41548e4bcf1db7a2,CVE-1999-0651
618921880,Pflegusch/metasploit-module-research,modules/auxiliary/dos/wireshark/chunked.rb,e75add398b57713692cc6fdf4cdc1fc5a0a45db7,OSVDB-37643
618921880,Pflegusch/metasploit-module-research,modules/auxiliary/dos/wireshark/chunked.rb,e75add398b57713692cc6fdf4cdc1fc5a0a45db7,CVE-2007-3389
618921880,Pflegusch/metasploit-module-research,modules/auxiliary/admin/scada/phoenix_command.rb,e75cdce7e4b0525d204957a11e69563b5e506526,CVE-2014-9195
618921880,Pflegusch/metasploit-module-research,modules/auxiliary/admin/hp/hp_ilo_create_admin_account.rb,e77704312d6b7728e127c9826e35945001293906,BID-100467
618921880,Pflegusch/metasploit-module-research,modules/auxiliary/admin/hp/hp_ilo_create_admin_account.rb,e77704312d6b7728e127c9826e35945001293906,CVE-2017-12542
618921880,Pflegusch/metasploit-module-research,modules/exploits/windows/http/manageengine_appmanager_exec.rb,e78186ce1dc5a856237d31a6ab99d85e09940371,CVE-2018-7890
618921880,Pflegusch/metasploit-module-research,modules/exploits/windows/http/manageengine_appmanager_exec.rb,e78186ce1dc5a856237d31a6ab99d85e09940371,BID-103358
618921880,Pflegusch/metasploit-module-research,modules/exploits/multi/http/nibbleblog_file_upload.rb,e7c600cc51147ae684dbd62b8e44b3a33cde7102,CVE-2015-6967
618921880,Pflegusch/metasploit-module-research,modules/exploits/unix/webapp/joomla_media_upload_exec.rb,e7d7cb1cef8e81c5b11c7257813be1086ea9232c,CVE-2013-5576
618921880,Pflegusch/metasploit-module-research,modules/exploits/unix/webapp/joomla_media_upload_exec.rb,e7d7cb1cef8e81c5b11c7257813be1086ea9232c,OSVDB-95933
618921880,Pflegusch/metasploit-module-research,modules/exploits/windows/http/nowsms.rb,e817bd0a0e0bffc70f1b8e5244684c6165ef0c67,BID-27896
618921880,Pflegusch/metasploit-module-research,modules/exploits/windows/http/nowsms.rb,e817bd0a0e0bffc70f1b8e5244684c6165ef0c67,OSVDB-42953
618921880,Pflegusch/metasploit-module-research,modules/exploits/windows/http/nowsms.rb,e817bd0a0e0bffc70f1b8e5244684c6165ef0c67,CVE-2008-0871
618921880,Pflegusch/metasploit-module-research,modules/exploits/linux/smtp/exim4_dovecot_exec.rb,e837622b70c8794263db70b332e3448bc5a8afa5,OSVDB-93004
618921880,Pflegusch/metasploit-module-research,modules/auxiliary/scanner/http/iis_internal_ip.rb,e8567bc099f59a2f9d0caefcb838c0c7f6c66ba2,CVE-2002-0422
618921880,Pflegusch/metasploit-module-research,modules/auxiliary/scanner/http/iis_internal_ip.rb,e8567bc099f59a2f9d0caefcb838c0c7f6c66ba2,BID-1499
618921880,Pflegusch/metasploit-module-research,modules/auxiliary/scanner/http/iis_internal_ip.rb,e8567bc099f59a2f9d0caefcb838c0c7f6c66ba2,CVE-2000-0649
618921880,Pflegusch/metasploit-module-research,modules/exploits/multi/elasticsearch/script_mvel_rce.rb,e8586fee56d58d3a6e9cf7fce6ebd71c7fae0312,CVE-2014-3120
618921880,Pflegusch/metasploit-module-research,modules/exploits/multi/elasticsearch/script_mvel_rce.rb,e8586fee56d58d3a6e9cf7fce6ebd71c7fae0312,OSVDB-106949
618921880,Pflegusch/metasploit-module-research,modules/exploits/linux/http/pineapple_bypass_cmdinject.rb,e85b222a2c6b1d47f599bcd3c7de10d3e61710dc,CVE-2015-4624
618921880,Pflegusch/metasploit-module-research,modules/exploits/solaris/telnet/fuser.rb,e85f08182bdee3ad848877bcbb4194531032ec65,OSVDB-31881
618921880,Pflegusch/metasploit-module-research,modules/exploits/solaris/telnet/fuser.rb,e85f08182bdee3ad848877bcbb4194531032ec65,CVE-2007-0882
618921880,Pflegusch/metasploit-module-research,modules/exploits/solaris/telnet/fuser.rb,e85f08182bdee3ad848877bcbb4194531032ec65,BID-22512
618921880,Pflegusch/metasploit-module-research,modules/exploits/windows/browser/hp_loadrunner_writefilebinary.rb,e876a53ecd18656248ca771119d9d65da366287d,BID-61441
618921880,Pflegusch/metasploit-module-research,modules/exploits/windows/browser/hp_loadrunner_writefilebinary.rb,e876a53ecd18656248ca771119d9d65da366287d,CVE-2013-2370
618921880,Pflegusch/metasploit-module-research,modules/exploits/windows/browser/hp_loadrunner_writefilebinary.rb,e876a53ecd18656248ca771119d9d65da366287d,OSVDB-95640
618921880,Pflegusch/metasploit-module-research,modules/exploits/windows/browser/mozilla_reduceright.rb,e87b0c5b42136c49ce2e5c8036a0c28b3f8e0ced,OSVDB-73184
618921880,Pflegusch/metasploit-module-research,modules/exploits/windows/browser/mozilla_reduceright.rb,e87b0c5b42136c49ce2e5c8036a0c28b3f8e0ced,CVE-2011-2371
618921880,Pflegusch/metasploit-module-research,modules/exploits/unix/webapp/havalite_upload_exec.rb,e8833f73ad0a44d56ed84f0ee4e4b10f948472b5,OSVDB-94405
618921880,Pflegusch/metasploit-module-research,modules/exploits/windows/misc/hp_loadrunner_magentproc_cmdexec.rb,e894b2b9a18a8eae2a2cda1973b6f217b729815d,BID-39965
618921880,Pflegusch/metasploit-module-research,modules/exploits/windows/misc/hp_loadrunner_magentproc_cmdexec.rb,e894b2b9a18a8eae2a2cda1973b6f217b729815d,CVE-2010-1549
618921880,Pflegusch/metasploit-module-research,modules/exploits/multi/http/hp_sitescope_issuesiebelcmd.rb,e8ae95515c6ef408b5e2b512132e3b1435837f89,BID-63478
618921880,Pflegusch/metasploit-module-research,modules/exploits/multi/http/hp_sitescope_issuesiebelcmd.rb,e8ae95515c6ef408b5e2b512132e3b1435837f89,OSVDB-99230
618921880,Pflegusch/metasploit-module-research,modules/exploits/multi/http/hp_sitescope_issuesiebelcmd.rb,e8ae95515c6ef408b5e2b512132e3b1435837f89,CVE-2013-4835
618921880,Pflegusch/metasploit-module-research,modules/exploits/multi/http/struts_code_exec_exception_delegator.rb,e8ba32ed2855b8aae5a615e02dbf248f5ac7441c,CVE-2012-0391
618921880,Pflegusch/metasploit-module-research,modules/exploits/multi/http/struts_code_exec_exception_delegator.rb,e8ba32ed2855b8aae5a615e02dbf248f5ac7441c,OSVDB-78277
618921880,Pflegusch/metasploit-module-research,modules/exploits/unix/webapp/php_charts_exec.rb,e8bced78ea95d4ddc3fb62240d5ff47c2be3f1cc,BID-57448
618921880,Pflegusch/metasploit-module-research,modules/exploits/unix/webapp/php_charts_exec.rb,e8bced78ea95d4ddc3fb62240d5ff47c2be3f1cc,OSVDB-89334
618921880,Pflegusch/metasploit-module-research,modules/exploits/windows/fileformat/cain_abel_4918_rdp.rb,e8e6cbc706e70c6d717d885f551f1bb5fd33f0f5,OSVDB-50342
618921880,Pflegusch/metasploit-module-research,modules/exploits/windows/fileformat/cain_abel_4918_rdp.rb,e8e6cbc706e70c6d717d885f551f1bb5fd33f0f5,CVE-2008-5405
618921880,Pflegusch/metasploit-module-research,modules/exploits/windows/fileformat/cain_abel_4918_rdp.rb,e8e6cbc706e70c6d717d885f551f1bb5fd33f0f5,BID-32543
618921880,Pflegusch/metasploit-module-research,modules/auxiliary/scanner/http/adobe_xml_inject.rb,e8f3f5f34818ff606c90573ac95a5c6c1a66b3ef,CVE-2009-3960
618921880,Pflegusch/metasploit-module-research,modules/auxiliary/scanner/http/adobe_xml_inject.rb,e8f3f5f34818ff606c90573ac95a5c6c1a66b3ef,OSVDB-62292
618921880,Pflegusch/metasploit-module-research,modules/auxiliary/scanner/http/adobe_xml_inject.rb,e8f3f5f34818ff606c90573ac95a5c6c1a66b3ef,BID-38197
618921880,Pflegusch/metasploit-module-research,modules/exploits/multi/sap/sap_soap_rfc_sxpg_call_system_exec.rb,e8f93b81363b972ac860a24826df5d0f05b0215a,OSVDB-93537
618921880,Pflegusch/metasploit-module-research,modules/exploits/linux/http/dnalims_admin_exec.rb,e97d3666af80949534428f5714ec6720a7e5ee9a,CVE-2017-6526
618921880,Pflegusch/metasploit-module-research,modules/exploits/windows/browser/ie_cbutton_uaf.rb,e9a9af90d7e785fe3f7be90d2f09e2398d10fcf5,MS13-008
618921880,Pflegusch/metasploit-module-research,modules/exploits/windows/browser/ie_cbutton_uaf.rb,e9a9af90d7e785fe3f7be90d2f09e2398d10fcf5,CVE-2012-4792
618921880,Pflegusch/metasploit-module-research,modules/exploits/windows/browser/ie_cbutton_uaf.rb,e9a9af90d7e785fe3f7be90d2f09e2398d10fcf5,BID-57070
618921880,Pflegusch/metasploit-module-research,modules/exploits/windows/browser/ie_cbutton_uaf.rb,e9a9af90d7e785fe3f7be90d2f09e2398d10fcf5,OSVDB-88774
618921880,Pflegusch/metasploit-module-research,modules/exploits/linux/misc/netsupport_manager_agent.rb,e9abc31d5c87f25a723507902faccc19d844f1af,CVE-2011-0404
618921880,Pflegusch/metasploit-module-research,modules/exploits/linux/misc/netsupport_manager_agent.rb,e9abc31d5c87f25a723507902faccc19d844f1af,BID-45728
618921880,Pflegusch/metasploit-module-research,modules/exploits/linux/misc/netsupport_manager_agent.rb,e9abc31d5c87f25a723507902faccc19d844f1af,OSVDB-70408
618921880,Pflegusch/metasploit-module-research,modules/exploits/linux/http/openfiler_networkcard_exec.rb,e9e5152b8cde364bc6a6eafd69963e5fbea478fd,BID-55490
618921880,Pflegusch/metasploit-module-research,modules/exploits/linux/http/openfiler_networkcard_exec.rb,e9e5152b8cde364bc6a6eafd69963e5fbea478fd,OSVDB-93881
618921880,Pflegusch/metasploit-module-research,modules/exploits/multi/http/zenworks_control_center_upload.rb,e9eaebc7766f7f040d51a3ca4f7c047c8d20311c,OSVDB-91627
618921880,Pflegusch/metasploit-module-research,modules/exploits/multi/http/zenworks_control_center_upload.rb,e9eaebc7766f7f040d51a3ca4f7c047c8d20311c,CVE-2013-1080
618921880,Pflegusch/metasploit-module-research,modules/exploits/multi/http/zenworks_control_center_upload.rb,e9eaebc7766f7f040d51a3ca4f7c047c8d20311c,BID-58668
618921880,Pflegusch/metasploit-module-research,modules/exploits/unix/webapp/zoneminder_packagecontrol_exec.rb,ea03cf34b0af7bb10f23eb70af18fe70eb9bb7db,CVE-2013-0232
618921880,Pflegusch/metasploit-module-research,modules/exploits/unix/webapp/zoneminder_packagecontrol_exec.rb,ea03cf34b0af7bb10f23eb70af18fe70eb9bb7db,OSVDB-89529
618921880,Pflegusch/metasploit-module-research,modules/exploits/windows/http/zenworks_assetmgmt_uploadservlet.rb,ea0ddd562e89b8131402f628b0002b5a7400edf3,BID-50966
618921880,Pflegusch/metasploit-module-research,modules/exploits/windows/http/zenworks_assetmgmt_uploadservlet.rb,ea0ddd562e89b8131402f628b0002b5a7400edf3,OSVDB-77583
618921880,Pflegusch/metasploit-module-research,modules/exploits/windows/http/zenworks_assetmgmt_uploadservlet.rb,ea0ddd562e89b8131402f628b0002b5a7400edf3,CVE-2011-2653
618921880,Pflegusch/metasploit-module-research,modules/exploits/windows/misc/cloudme_sync.rb,ea4663fb1bec55c0d3aeafa399cf0902c1e98692,CVE-2018-6892
618921880,Pflegusch/metasploit-module-research,modules/post/android/manage/remove_lock.rb,eaed6110da958f14f53ed80ca1dbc06c8fd3735b,CVE-2013-6271
618921880,Pflegusch/metasploit-module-research,modules/exploits/windows/fileformat/ispvm_xcf_ispxcf.rb,eafb70348509bdfedf9bb24602d4ae78ff039d1f,BID-53562
618921880,Pflegusch/metasploit-module-research,modules/exploits/windows/fileformat/ispvm_xcf_ispxcf.rb,eafb70348509bdfedf9bb24602d4ae78ff039d1f,OSVDB-82000
618921880,Pflegusch/metasploit-module-research,modules/exploits/aix/local/xorg_x11_server.rb,eafcfc301fe42550e7e5be07e480ea7946fb221d,CVE-2018-14665
618921880,Pflegusch/metasploit-module-research,modules/auxiliary/scanner/http/nginx_source_disclosure.rb,eb02884efc305b66fce5b48651fd51c75187365b,OSVDB-65531
618921880,Pflegusch/metasploit-module-research,modules/auxiliary/scanner/http/nginx_source_disclosure.rb,eb02884efc305b66fce5b48651fd51c75187365b,BID-40760
618921880,Pflegusch/metasploit-module-research,modules/auxiliary/scanner/http/nginx_source_disclosure.rb,eb02884efc305b66fce5b48651fd51c75187365b,CVE-2010-2263
618921880,Pflegusch/metasploit-module-research,modules/auxiliary/scanner/ssl/ssl_version.rb,eb279ca63e1112a54dcc10161794c0f0b9f96ffb,CVE-2014-3566
618921880,Pflegusch/metasploit-module-research,modules/auxiliary/scanner/ssl/ssl_version.rb,eb279ca63e1112a54dcc10161794c0f0b9f96ffb,CVE-2011-3389
618921880,Pflegusch/metasploit-module-research,modules/auxiliary/scanner/ssl/ssl_version.rb,eb279ca63e1112a54dcc10161794c0f0b9f96ffb,CVE-2016-0800
618921880,Pflegusch/metasploit-module-research,modules/auxiliary/scanner/ssl/ssl_version.rb,eb279ca63e1112a54dcc10161794c0f0b9f96ffb,CVE-2015-4000
618921880,Pflegusch/metasploit-module-research,modules/auxiliary/scanner/ssl/ssl_version.rb,eb279ca63e1112a54dcc10161794c0f0b9f96ffb,CVE-2022-3358
618921880,Pflegusch/metasploit-module-research,modules/auxiliary/scanner/ssl/ssl_version.rb,eb279ca63e1112a54dcc10161794c0f0b9f96ffb,CVE-2013-2566
618921880,Pflegusch/metasploit-module-research,modules/exploits/osx/browser/safari_in_operator_side_effect.rb,eb2ba83d1dd566e860011eae624bf318f3cbfd52,CVE-2020-9801
618921880,Pflegusch/metasploit-module-research,modules/exploits/osx/browser/safari_in_operator_side_effect.rb,eb2ba83d1dd566e860011eae624bf318f3cbfd52,CVE-2020-9856
618921880,Pflegusch/metasploit-module-research,modules/exploits/osx/browser/safari_in_operator_side_effect.rb,eb2ba83d1dd566e860011eae624bf318f3cbfd52,CVE-2020-9850
618921880,Pflegusch/metasploit-module-research,modules/auxiliary/gather/jetty_web_inf_disclosure.rb,eb376ddfc773947e0396d2173dd78cf5b021e848,GHSA-V7FF-8WCX-GMC5
618921880,Pflegusch/metasploit-module-research,modules/auxiliary/gather/jetty_web_inf_disclosure.rb,eb376ddfc773947e0396d2173dd78cf5b021e848,GHSA-VJV5-GP2W-65VM
618921880,Pflegusch/metasploit-module-research,modules/auxiliary/gather/jetty_web_inf_disclosure.rb,eb376ddfc773947e0396d2173dd78cf5b021e848,CVE-2021-34429
618921880,Pflegusch/metasploit-module-research,modules/auxiliary/gather/jetty_web_inf_disclosure.rb,eb376ddfc773947e0396d2173dd78cf5b021e848,CVE-2021-28164
618921880,Pflegusch/metasploit-module-research,modules/exploits/windows/pop3/seattlelab_pass.rb,eb4ca878e87148ce51bf872b89f7b9aca3d4d4c8,OSVDB-11975
618921880,Pflegusch/metasploit-module-research,modules/exploits/windows/pop3/seattlelab_pass.rb,eb4ca878e87148ce51bf872b89f7b9aca3d4d4c8,BID-7519
618921880,Pflegusch/metasploit-module-research,modules/exploits/windows/pop3/seattlelab_pass.rb,eb4ca878e87148ce51bf872b89f7b9aca3d4d4c8,CVE-2003-0264
618921880,Pflegusch/metasploit-module-research,modules/exploits/linux/ssh/vmware_vdp_known_privkey.rb,eb52fec6988f2489b61e7eb35a2c1b7c67662fb4,CVE-2016-7456
618921880,Pflegusch/metasploit-module-research,modules/exploits/windows/local/cve_2020_0668_service_tracing.rb,eb73b6db9d7655d1b7db3e5ee403ca68ef12c52e,CVE-2020-0668
618921880,Pflegusch/metasploit-module-research,modules/exploits/multi/browser/java_trusted_chain.rb,eb846250f6f6f7254a6aa1dd9763fd9cdf2edc4c,CVE-2010-0840
618921880,Pflegusch/metasploit-module-research,modules/exploits/multi/browser/java_trusted_chain.rb,eb846250f6f6f7254a6aa1dd9763fd9cdf2edc4c,OSVDB-63483
618921880,Pflegusch/metasploit-module-research,modules/auxiliary/dos/http/wordpress_xmlrpc_dos.rb,eba3952dfe771b534b776808c38460b83cde7f38,CVE-2014-5266
618921880,Pflegusch/metasploit-module-research,modules/exploits/windows/iis/ms02_018_htr.rb,ebbe63613648667c99e76077b97df8d1eaa36591,MS02-018
618921880,Pflegusch/metasploit-module-research,modules/exploits/windows/iis/ms02_018_htr.rb,ebbe63613648667c99e76077b97df8d1eaa36591,CVE-1999-0874
618921880,Pflegusch/metasploit-module-research,modules/exploits/windows/iis/ms02_018_htr.rb,ebbe63613648667c99e76077b97df8d1eaa36591,OSVDB-3325
618921880,Pflegusch/metasploit-module-research,modules/exploits/windows/iis/ms02_018_htr.rb,ebbe63613648667c99e76077b97df8d1eaa36591,BID-307
618921880,Pflegusch/metasploit-module-research,modules/auxiliary/dos/samba/lsa_transnames_heap.rb,ebc4caa9b28c5938f7131e5c7799dbf8865ae91a,OSVDB-34699
618921880,Pflegusch/metasploit-module-research,modules/auxiliary/dos/samba/lsa_transnames_heap.rb,ebc4caa9b28c5938f7131e5c7799dbf8865ae91a,CVE-2007-2446
618921880,Pflegusch/metasploit-module-research,modules/auxiliary/scanner/http/wildfly_traversal.rb,ebde07996cabcd7befe88bf054daf658910ec53b,CVE-2014-7816
618921880,Pflegusch/metasploit-module-research,modules/auxiliary/dos/cisco/ios_http_percentpercent.rb,ec1770b2be86383cf489b88890beb82f280513f9,BID-1154
618921880,Pflegusch/metasploit-module-research,modules/auxiliary/dos/cisco/ios_http_percentpercent.rb,ec1770b2be86383cf489b88890beb82f280513f9,OSVDB-1302
618921880,Pflegusch/metasploit-module-research,modules/auxiliary/dos/cisco/ios_http_percentpercent.rb,ec1770b2be86383cf489b88890beb82f280513f9,CVE-2000-0380
618921880,Pflegusch/metasploit-module-research,modules/exploits/multi/http/wso2_file_upload_rce.rb,ec1ce9bbbca48e8385be7cb9fc5137a175035341,CVE-2022-29464
618921880,Pflegusch/metasploit-module-research,modules/exploits/osx/local/timemachine_cmd_injection.rb,ec50aa92532dd636c98de62ea12d6780cbe6d6e1,CVE-2019-8513
618921880,Pflegusch/metasploit-module-research,modules/exploits/windows/fileformat/moxa_mediadbplayback.rb,ec7303b97834d5d62807ef004454660819b2b4e4,OSVDB-68986
618921880,Pflegusch/metasploit-module-research,modules/exploits/windows/fileformat/moxa_mediadbplayback.rb,ec7303b97834d5d62807ef004454660819b2b4e4,CVE-2010-4742
618921880,Pflegusch/metasploit-module-research,modules/exploits/windows/misc/hp_magentservice.rb,ec98bf18a1b4e2d606ae1259161a4c8456cb3631,CVE-2011-4789
618921880,Pflegusch/metasploit-module-research,modules/exploits/windows/misc/hp_magentservice.rb,ec98bf18a1b4e2d606ae1259161a4c8456cb3631,OSVDB-72815
618921880,Pflegusch/metasploit-module-research,modules/exploits/windows/ftp/comsnd_ftpd_fmtstr.rb,ec99a087172dac21decab5862956610c8dab2c40,OSVDB-82798
618921880,Pflegusch/metasploit-module-research,modules/exploits/windows/browser/ibmlotusdomino_dwa_uploadmodule.rb,ecbd35cac6ebf9e66b27e58a2792081ffc08b978,BID-26972
618921880,Pflegusch/metasploit-module-research,modules/exploits/windows/browser/ibmlotusdomino_dwa_uploadmodule.rb,ecbd35cac6ebf9e66b27e58a2792081ffc08b978,CVE-2007-4474
618921880,Pflegusch/metasploit-module-research,modules/exploits/windows/browser/ibmlotusdomino_dwa_uploadmodule.rb,ecbd35cac6ebf9e66b27e58a2792081ffc08b978,OSVDB-40954
618921880,Pflegusch/metasploit-module-research,modules/auxiliary/admin/http/arris_motorola_surfboard_backdoor_xss.rb,ecc5c56872d49d44c5b6407910449dc03b09815c,CVE-2015-0966
618921880,Pflegusch/metasploit-module-research,modules/auxiliary/admin/http/arris_motorola_surfboard_backdoor_xss.rb,ecc5c56872d49d44c5b6407910449dc03b09815c,CVE-2015-0965
618921880,Pflegusch/metasploit-module-research,modules/auxiliary/admin/http/arris_motorola_surfboard_backdoor_xss.rb,ecc5c56872d49d44c5b6407910449dc03b09815c,CVE-2015-0964
618921880,Pflegusch/metasploit-module-research,modules/exploits/windows/http/hp_nnm_ovwebsnmpsrv_uro.rb,eccf4c8bba248021791c03d6fe9bf8a6a800bc3f,CVE-2010-1960
618921880,Pflegusch/metasploit-module-research,modules/exploits/windows/http/hp_nnm_ovwebsnmpsrv_uro.rb,eccf4c8bba248021791c03d6fe9bf8a6a800bc3f,OSVDB-65427
618921880,Pflegusch/metasploit-module-research,modules/exploits/windows/http/hp_nnm_ovwebsnmpsrv_uro.rb,eccf4c8bba248021791c03d6fe9bf8a6a800bc3f,BID-40637
618921880,Pflegusch/metasploit-module-research,modules/exploits/unix/webapp/php_xmlrpc_eval.rb,ecdc7648a9af941fc498f9553e4e6b251a96914d,OSVDB-17793
618921880,Pflegusch/metasploit-module-research,modules/exploits/unix/webapp/php_xmlrpc_eval.rb,ecdc7648a9af941fc498f9553e4e6b251a96914d,BID-14088
618921880,Pflegusch/metasploit-module-research,modules/exploits/unix/webapp/php_xmlrpc_eval.rb,ecdc7648a9af941fc498f9553e4e6b251a96914d,CVE-2005-1921
618921880,Pflegusch/metasploit-module-research,modules/auxiliary/gather/manageengine_adaudit_plus_xnode_enum.rb,ecebdd465529b4d1f42e6cd046c3a5ed7fb42773,CVE-2020-11532
618921880,Pflegusch/metasploit-module-research,modules/exploits/multi/http/x7chat2_php_exec.rb,ed1c24127ea786638964767db6c34d9613356a8c,BID-71014
618921880,Pflegusch/metasploit-module-research,modules/exploits/multi/http/x7chat2_php_exec.rb,ed1c24127ea786638964767db6c34d9613356a8c,CVE-2014-8998
618921880,Pflegusch/metasploit-module-research,modules/exploits/windows/http/manageengine_adselfservice_plus_cve_2022_28810.rb,ed352161b698bc154e93636eac36775d2d82b4d4,CVE-2022-28810
618921880,Pflegusch/metasploit-module-research,modules/exploits/windows/http/oracle_endeca_exec.rb,ed45b68fbd96b39c6430cdbf479a6985e2354c4f,BID-61217
618921880,Pflegusch/metasploit-module-research,modules/exploits/windows/http/oracle_endeca_exec.rb,ed45b68fbd96b39c6430cdbf479a6985e2354c4f,OSVDB-95269
618921880,Pflegusch/metasploit-module-research,modules/exploits/windows/http/oracle_endeca_exec.rb,ed45b68fbd96b39c6430cdbf479a6985e2354c4f,CVE-2013-3763
618921880,Pflegusch/metasploit-module-research,modules/auxiliary/admin/http/hp_web_jetadmin_exec.rb,ed4eb6863986ef89af6a786a09fadc384032b5a5,BID-10224
618921880,Pflegusch/metasploit-module-research,modules/auxiliary/admin/http/hp_web_jetadmin_exec.rb,ed4eb6863986ef89af6a786a09fadc384032b5a5,OSVDB-5798
618921880,Pflegusch/metasploit-module-research,modules/exploits/windows/http/netdecision_http_bof.rb,eda607439c201212eec6b12db8e741f003db6b96,CVE-2012-1465
618921880,Pflegusch/metasploit-module-research,modules/exploits/windows/http/netdecision_http_bof.rb,eda607439c201212eec6b12db8e741f003db6b96,OSVDB-79651
618921880,Pflegusch/metasploit-module-research,modules/exploits/multi/browser/adobe_flash_hacking_team_uaf.rb,eda651acf5f3aec38368c64c6b7ea85ec3e97684,CVE-2015-5119
618921880,Pflegusch/metasploit-module-research,modules/exploits/windows/http/hp_imc_java_deserialize.rb,edb1f48796666d2147ba49b3993058d25f05065f,CVE-2017-12557
618921880,Pflegusch/metasploit-module-research,modules/exploits/windows/http/hp_imc_java_deserialize.rb,edb1f48796666d2147ba49b3993058d25f05065f,VU#29
618921880,Pflegusch/metasploit-module-research,modules/exploits/windows/http/hp_imc_java_deserialize.rb,edb1f48796666d2147ba49b3993058d25f05065f,ZDI-17-832
618921880,Pflegusch/metasploit-module-research,modules/exploits/windows/local/ms15_078_atmfd_bof.rb,edead2d7561e67857e65dbf519ab54708eb23187,MS15-080
618921880,Pflegusch/metasploit-module-research,modules/exploits/windows/local/ms15_078_atmfd_bof.rb,edead2d7561e67857e65dbf519ab54708eb23187,MS15-078
618921880,Pflegusch/metasploit-module-research,modules/exploits/windows/local/ms15_078_atmfd_bof.rb,edead2d7561e67857e65dbf519ab54708eb23187,CVE-2015-2433
618921880,Pflegusch/metasploit-module-research,modules/exploits/windows/local/ms15_078_atmfd_bof.rb,edead2d7561e67857e65dbf519ab54708eb23187,GPZ-480
618921880,Pflegusch/metasploit-module-research,modules/exploits/windows/local/ms15_078_atmfd_bof.rb,edead2d7561e67857e65dbf519ab54708eb23187,GPZ-369
618921880,Pflegusch/metasploit-module-research,modules/exploits/windows/local/ms15_078_atmfd_bof.rb,edead2d7561e67857e65dbf519ab54708eb23187,CVE-2015-2426
618921880,Pflegusch/metasploit-module-research,modules/exploits/linux/http/railo_cfml_rfi.rb,ee60e2152971eb3e4fc366ab3daed8fa7e451985,CVE-2014-5468
618921880,Pflegusch/metasploit-module-research,modules/exploits/unix/webapp/maarch_letterbox_file_upload.rb,eea5f1e816f54594ceb562e4bbd5b16e96d095cb,CVE-2015-1587
618921880,Pflegusch/metasploit-module-research,modules/exploits/windows/fileformat/foxit_reader_launch.rb,eeb7a53c177759332b9bcc6ab0ca3889a3b43352,BID-34035
618921880,Pflegusch/metasploit-module-research,modules/exploits/windows/fileformat/foxit_reader_launch.rb,eeb7a53c177759332b9bcc6ab0ca3889a3b43352,OSVDB-55614
618921880,Pflegusch/metasploit-module-research,modules/exploits/windows/http/hp_nnm_getnnmdata_icount.rb,eecd29cc8007237ecb943d18c056521c9b017d69,OSVDB-64976
618921880,Pflegusch/metasploit-module-research,modules/exploits/windows/http/hp_nnm_getnnmdata_icount.rb,eecd29cc8007237ecb943d18c056521c9b017d69,CVE-2010-1554
618921880,Pflegusch/metasploit-module-research,modules/exploits/windows/imap/novell_netmail_auth.rb,eef02196eb45fc962f6850ec016cd9fb1e11dd24,OSVDB-55175
618921880,Pflegusch/metasploit-module-research,modules/exploits/unix/webapp/mybb_backdoor.rb,ef0dde22c66ddd675696ab57c8e1aac8cb7d831d,BID-49993
618921880,Pflegusch/metasploit-module-research,modules/exploits/unix/webapp/mybb_backdoor.rb,ef0dde22c66ddd675696ab57c8e1aac8cb7d831d,OSVDB-76111
618921880,Pflegusch/metasploit-module-research,modules/exploits/linux/misc/ib_pwd_db_aliased.rb,ef1270c290f51854f8db008b848d7542c18de3a3,CVE-2007-5243
618921880,Pflegusch/metasploit-module-research,modules/exploits/linux/misc/ib_pwd_db_aliased.rb,ef1270c290f51854f8db008b848d7542c18de3a3,OSVDB-38607
618921880,Pflegusch/metasploit-module-research,modules/exploits/linux/misc/ib_pwd_db_aliased.rb,ef1270c290f51854f8db008b848d7542c18de3a3,BID-25917
618921880,Pflegusch/metasploit-module-research,modules/auxiliary/scanner/snmp/epmp1000_snmp_loot.rb,ef1d92aacd20f4f2a74228fdf4b50db061e9af74,CVE-2017-7922
618921880,Pflegusch/metasploit-module-research,modules/auxiliary/scanner/snmp/epmp1000_snmp_loot.rb,ef1d92aacd20f4f2a74228fdf4b50db061e9af74,CVE-2017-7918
618921880,Pflegusch/metasploit-module-research,modules/exploits/windows/http/telerik_rau_deserialization.rb,ef40b66b98956a6fb222b5ff0b52a29ee9998cee,CVE-2019-18935
618921880,Pflegusch/metasploit-module-research,modules/exploits/windows/http/telerik_rau_deserialization.rb,ef40b66b98956a6fb222b5ff0b52a29ee9998cee,CVE-2017-11317
618921880,Pflegusch/metasploit-module-research,modules/exploits/windows/antivirus/ams_xfr.rb,ef4c40daa731a5b0be29fa42ae284a4cd76d7fd4,BID-34671
618921880,Pflegusch/metasploit-module-research,modules/exploits/windows/antivirus/ams_xfr.rb,ef4c40daa731a5b0be29fa42ae284a4cd76d7fd4,OSVDB-54157
618921880,Pflegusch/metasploit-module-research,modules/exploits/windows/antivirus/ams_xfr.rb,ef4c40daa731a5b0be29fa42ae284a4cd76d7fd4,CVE-2009-1429
618921880,Pflegusch/metasploit-module-research,modules/exploits/windows/misc/wireshark_lua.rb,ef4e46cd52ae2e3cbcc6917474f6b34e2a310a78,CVE-2011-3360
618921880,Pflegusch/metasploit-module-research,modules/exploits/windows/misc/wireshark_lua.rb,ef4e46cd52ae2e3cbcc6917474f6b34e2a310a78,OSVDB-75347
618921880,Pflegusch/metasploit-module-research,modules/exploits/multi/http/manageengine_search_sqli.rb,ef66d49adf2911424b5308b1426546578db9224a,BID-56138
618921880,Pflegusch/metasploit-module-research,modules/exploits/multi/http/manageengine_search_sqli.rb,ef66d49adf2911424b5308b1426546578db9224a,OSVDB-86562
618921880,Pflegusch/metasploit-module-research,modules/exploits/linux/misc/gld_postfix.rb,ef8a07d37dc7154e50ba06e0527ea3cc691ebe75,OSVDB-15492
618921880,Pflegusch/metasploit-module-research,modules/exploits/linux/misc/gld_postfix.rb,ef8a07d37dc7154e50ba06e0527ea3cc691ebe75,BID-13129
618921880,Pflegusch/metasploit-module-research,modules/exploits/linux/misc/gld_postfix.rb,ef8a07d37dc7154e50ba06e0527ea3cc691ebe75,CVE-2005-1099
618921880,Pflegusch/metasploit-module-research,modules/exploits/windows/ftp/leapftp_list_reply.rb,ef8ec0fc6fb98ebcbc6a2f3964efe9753e371cf8,OSVDB-68640
618921880,Pflegusch/metasploit-module-research,modules/exploits/unix/ssh/array_vxag_vapv_privkey_privesc.rb,ef939c3e9c73d57e89310bb7c56e892dd11b79cb,OSVDB-104652
618921880,Pflegusch/metasploit-module-research,modules/exploits/unix/ssh/array_vxag_vapv_privkey_privesc.rb,ef939c3e9c73d57e89310bb7c56e892dd11b79cb,OSVDB-104653
618921880,Pflegusch/metasploit-module-research,modules/exploits/unix/ssh/array_vxag_vapv_privkey_privesc.rb,ef939c3e9c73d57e89310bb7c56e892dd11b79cb,OSVDB-104654
618921880,Pflegusch/metasploit-module-research,modules/exploits/unix/webapp/cacti_graphimage_exec.rb,ef959af7b1c79eda8934c2b226094b0cfa9996ac,BID-14042
618921880,Pflegusch/metasploit-module-research,modules/exploits/unix/webapp/cacti_graphimage_exec.rb,ef959af7b1c79eda8934c2b226094b0cfa9996ac,OSVDB-17539
618921880,Pflegusch/metasploit-module-research,modules/exploits/windows/fileformat/hhw_hhp_compiledfile_bof.rb,ef97924b9555770f761c1d5d353e59c7fc14ad1e,OSVDB-22941
618921880,Pflegusch/metasploit-module-research,modules/exploits/windows/fileformat/hhw_hhp_compiledfile_bof.rb,ef97924b9555770f761c1d5d353e59c7fc14ad1e,CVE-2006-0564
618921880,Pflegusch/metasploit-module-research,modules/exploits/windows/ftp/leapftp_pasv_reply.rb,efa8587ab2f05ae4ce7bd5e613c6c7981394813e,OSVDB-4587
618921880,Pflegusch/metasploit-module-research,modules/exploits/windows/ftp/leapftp_pasv_reply.rb,efa8587ab2f05ae4ce7bd5e613c6c7981394813e,BID-7860
618921880,Pflegusch/metasploit-module-research,modules/exploits/windows/ftp/leapftp_pasv_reply.rb,efa8587ab2f05ae4ce7bd5e613c6c7981394813e,CVE-2003-0558
618921880,Pflegusch/metasploit-module-research,modules/exploits/linux/http/fortinac_keyupload_file_write.rb,efbd024cfa58396dc250674a20db694a13bb3d3a,CVE-2022-39952
618921880,Pflegusch/metasploit-module-research,modules/exploits/windows/misc/hp_omniinet_1.rb,efc720555219c11d3ae376d2b24506003006cc27,BID-37396
618921880,Pflegusch/metasploit-module-research,modules/exploits/windows/misc/hp_omniinet_1.rb,efc720555219c11d3ae376d2b24506003006cc27,CVE-2007-2280
618921880,Pflegusch/metasploit-module-research,modules/exploits/windows/misc/hp_omniinet_1.rb,efc720555219c11d3ae376d2b24506003006cc27,OSVDB-61206
618921880,Pflegusch/metasploit-module-research,modules/exploits/linux/http/saltstack_salt_wheel_async_rce.rb,eff17dac5cbdf5621d6a7d3721b7c0f1e6a77b44,CVE-2021-25282
618921880,Pflegusch/metasploit-module-research,modules/exploits/linux/http/saltstack_salt_wheel_async_rce.rb,eff17dac5cbdf5621d6a7d3721b7c0f1e6a77b44,CVE-2021-25281
618921880,Pflegusch/metasploit-module-research,modules/exploits/multi/http/horde_href_backdoor.rb,eff471d5837ce9346faf2b549c3126c4bab0161b,CVE-2012-0209
618921880,Pflegusch/metasploit-module-research,modules/exploits/multi/http/horde_href_backdoor.rb,eff471d5837ce9346faf2b549c3126c4bab0161b,OSVDB-79246
618921880,Pflegusch/metasploit-module-research,modules/auxiliary/gather/grandstream_ucm62xx_sql_account_guess.rb,f06d1f7f985ba66c3fdf4426643751ff7a6d6054,CVE-2020-5723
618921880,Pflegusch/metasploit-module-research,modules/auxiliary/gather/grandstream_ucm62xx_sql_account_guess.rb,f06d1f7f985ba66c3fdf4426643751ff7a6d6054,CVE-2020-5724
618921880,Pflegusch/metasploit-module-research,modules/exploits/osx/local/rsh_libmalloc.rb,f08394470df08eb3481a86528aab652ad72b731d,CVE-2015-5889
618921880,Pflegusch/metasploit-module-research,modules/exploits/windows/local/ms16_075_reflection_juicy.rb,f084ab47b9f17bb8c7ec782a2edbc7e6d5c53585,CVE-2016-3225
618921880,Pflegusch/metasploit-module-research,modules/exploits/windows/local/ms16_075_reflection_juicy.rb,f084ab47b9f17bb8c7ec782a2edbc7e6d5c53585,CVE-2014-4113
618921880,Pflegusch/metasploit-module-research,modules/exploits/windows/local/ms16_075_reflection_juicy.rb,f084ab47b9f17bb8c7ec782a2edbc7e6d5c53585,MS16-075
618921880,Pflegusch/metasploit-module-research,modules/auxiliary/gather/safari_file_url_navigation.rb,f08a4d9114e9714ce06d51fa5fe58fb9019318b6,CVE-2015-1155
618921880,Pflegusch/metasploit-module-research,modules/exploits/linux/http/dlink_dcs931l_upload.rb,f0b2d3e70b1d0f089495cb6ece154d186a24b829,CVE-2015-2049
618921880,Pflegusch/metasploit-module-research,modules/exploits/windows/browser/aventail_epi_activex.rb,f1321b6a02d54744b34ec058e87f4650225039fe,OSVDB-67286
618921880,Pflegusch/metasploit-module-research,modules/exploits/windows/local/mov_ss.rb,f137de73adab10d2c0459d95b81a1784120f800c,BID-104071
618921880,Pflegusch/metasploit-module-research,modules/exploits/windows/local/mov_ss.rb,f137de73adab10d2c0459d95b81a1784120f800c,CVE-2018-8897
618921880,Pflegusch/metasploit-module-research,modules/auxiliary/scanner/ipmi/ipmi_dumphashes.rb,f149aa84f096aae392f5e47ddb7961fcb86c138f,CVE-2013-4786
618921880,Pflegusch/metasploit-module-research,modules/auxiliary/scanner/ipmi/ipmi_dumphashes.rb,f149aa84f096aae392f5e47ddb7961fcb86c138f,OSVDB-95057
618921880,Pflegusch/metasploit-module-research,modules/auxiliary/scanner/ipmi/ipmi_dumphashes.rb,f149aa84f096aae392f5e47ddb7961fcb86c138f,BID-61076
618921880,Pflegusch/metasploit-module-research,modules/exploits/windows/http/vmware_vcenter_chargeback_upload.rb,f14d6c6f87e53aa3db45def3e6edd22e3908ce9b,CVE-2013-3520
618921880,Pflegusch/metasploit-module-research,modules/exploits/windows/http/vmware_vcenter_chargeback_upload.rb,f14d6c6f87e53aa3db45def3e6edd22e3908ce9b,BID-60484
618921880,Pflegusch/metasploit-module-research,modules/exploits/windows/http/vmware_vcenter_chargeback_upload.rb,f14d6c6f87e53aa3db45def3e6edd22e3908ce9b,OSVDB-94188
618921880,Pflegusch/metasploit-module-research,modules/exploits/windows/ftp/sami_ftpd_list.rb,f15201b575d0c9a4be5e6f3bc42bed723a71067d,OSVDB-90815
618921880,Pflegusch/metasploit-module-research,modules/exploits/windows/ftp/sami_ftpd_list.rb,f15201b575d0c9a4be5e6f3bc42bed723a71067d,BID-58247
618921880,Pflegusch/metasploit-module-research,modules/exploits/windows/local/lenovo_systemupdate.rb,f163a5fd7003296b13564d9bb256b774792f05c8,CVE-2015-2219
618921880,Pflegusch/metasploit-module-research,modules/exploits/windows/local/lenovo_systemupdate.rb,f163a5fd7003296b13564d9bb256b774792f05c8,OSVDB-121522
618921880,Pflegusch/metasploit-module-research,modules/exploits/windows/browser/ms08_041_snapshotviewer.rb,f1780e01690d5558102636a24c3736fb056d80b5,BID-30114
618921880,Pflegusch/metasploit-module-research,modules/exploits/windows/browser/ms08_041_snapshotviewer.rb,f1780e01690d5558102636a24c3736fb056d80b5,OSVDB-46749
618921880,Pflegusch/metasploit-module-research,modules/exploits/windows/browser/ms08_041_snapshotviewer.rb,f1780e01690d5558102636a24c3736fb056d80b5,CVE-2008-2463
618921880,Pflegusch/metasploit-module-research,modules/exploits/windows/browser/ms08_041_snapshotviewer.rb,f1780e01690d5558102636a24c3736fb056d80b5,MS08-041
618921880,Pflegusch/metasploit-module-research,modules/exploits/linux/local/pkexec.rb,f197874cbceaf0916ab0ae6017f62529ab004251,CVE-2011-1485
618921880,Pflegusch/metasploit-module-research,modules/exploits/linux/local/pkexec.rb,f197874cbceaf0916ab0ae6017f62529ab004251,OSVDB-72261
618921880,Pflegusch/metasploit-module-research,modules/exploits/windows/fileformat/boxoft_wav_to_mp3.rb,f19afef18b8c3c9df9ef67059b037c1b9ffc0f3f,CVE-2015-7243
618921880,Pflegusch/metasploit-module-research,modules/auxiliary/gather/joomla_contenthistory_sqli.rb,f1c13e79f8aad07b17be90bc0c76001d910592d5,CVE-2015-7297
618921880,Pflegusch/metasploit-module-research,modules/exploits/linux/http/nagios_xi_plugins_check_plugin_authenticated_rce.rb,f1e2a28c76bb06042a10d368233913df544f9e8a,CVE-2019-15949
618921880,Pflegusch/metasploit-module-research,modules/exploits/windows/http/manageengine_servicedesk_plus_cve_2021_44077.rb,f1e695216f4e29bd1bd5d9d164d1af26c39a6599,CVE-2021-44077
618921880,Pflegusch/metasploit-module-research,modules/exploits/multi/http/vmware_vcenter_log4shell.rb,f20b4cf75fb14402e5a160590633e4b7c8f961da,CVE-2021-44228
618921880,Pflegusch/metasploit-module-research,modules/auxiliary/admin/http/manageengine_pmp_privesc.rb,f21d1e494bcdc9eb8dd164db070343bcec6f4d00,OSVDB-114485
618921880,Pflegusch/metasploit-module-research,modules/auxiliary/admin/http/manageengine_pmp_privesc.rb,f21d1e494bcdc9eb8dd164db070343bcec6f4d00,CVE-2014-8499
618921880,Pflegusch/metasploit-module-research,modules/auxiliary/scanner/http/coldfusion_locale_traversal.rb,f2263c7e6899cbbbbb953d1b918daff676d1eaeb,OSVDB-67047
618921880,Pflegusch/metasploit-module-research,modules/auxiliary/scanner/http/coldfusion_locale_traversal.rb,f2263c7e6899cbbbbb953d1b918daff676d1eaeb,CVE-2010-2861
618921880,Pflegusch/metasploit-module-research,modules/auxiliary/scanner/http/coldfusion_locale_traversal.rb,f2263c7e6899cbbbbb953d1b918daff676d1eaeb,BID-42342
618921880,Pflegusch/metasploit-module-research,modules/auxiliary/dos/windows/smb/ms06_063_trans.rb,f226509c27303e2e7de5fb6a42020d987c3100c1,MS06-063
618921880,Pflegusch/metasploit-module-research,modules/auxiliary/dos/windows/smb/ms06_063_trans.rb,f226509c27303e2e7de5fb6a42020d987c3100c1,OSVDB-27644
618921880,Pflegusch/metasploit-module-research,modules/auxiliary/dos/windows/smb/ms06_063_trans.rb,f226509c27303e2e7de5fb6a42020d987c3100c1,CVE-2006-3942
618921880,Pflegusch/metasploit-module-research,modules/auxiliary/dos/windows/smb/ms06_063_trans.rb,f226509c27303e2e7de5fb6a42020d987c3100c1,BID-19215
618921880,Pflegusch/metasploit-module-research,modules/exploits/unix/webapp/zpanel_username_exec.rb,f2312dfd66f815fa3ca807447145b0decbddda09,OSVDB-94038
618921880,Pflegusch/metasploit-module-research,modules/exploits/multi/elasticsearch/search_groovy_script.rb,f2391dcd0fb3b7889086f0087a222112c1c31555,CVE-2015-1427
618921880,Pflegusch/metasploit-module-research,modules/auxiliary/dos/windows/smb/ms09_050_smb2_negotiate_pidhigh.rb,f23bdf502fa956a2e8915d707dab39959cc6a14e,BID-36299
618921880,Pflegusch/metasploit-module-research,modules/auxiliary/dos/windows/smb/ms09_050_smb2_negotiate_pidhigh.rb,f23bdf502fa956a2e8915d707dab39959cc6a14e,OSVDB-57799
618921880,Pflegusch/metasploit-module-research,modules/auxiliary/dos/windows/smb/ms09_050_smb2_negotiate_pidhigh.rb,f23bdf502fa956a2e8915d707dab39959cc6a14e,MS09-050
618921880,Pflegusch/metasploit-module-research,modules/auxiliary/dos/windows/smb/ms09_050_smb2_negotiate_pidhigh.rb,f23bdf502fa956a2e8915d707dab39959cc6a14e,CVE-2009-3103
618921880,Pflegusch/metasploit-module-research,modules/exploits/windows/browser/adobe_flash_rtmp.rb,f253d532bdc11879474931f5a446779cf731ae60,OSVDB-81656
618921880,Pflegusch/metasploit-module-research,modules/exploits/windows/browser/adobe_flash_rtmp.rb,f253d532bdc11879474931f5a446779cf731ae60,CVE-2012-0779
618921880,Pflegusch/metasploit-module-research,modules/exploits/windows/browser/adobe_flash_rtmp.rb,f253d532bdc11879474931f5a446779cf731ae60,BID-53395
618921880,Pflegusch/metasploit-module-research,modules/exploits/windows/misc/netcat110_nt.rb,f272ae07c1f86a021f587c3bd3a4158fd9847c74,BID-12106
618921880,Pflegusch/metasploit-module-research,modules/exploits/windows/misc/netcat110_nt.rb,f272ae07c1f86a021f587c3bd3a4158fd9847c74,CVE-2004-1317
618921880,Pflegusch/metasploit-module-research,modules/exploits/windows/misc/netcat110_nt.rb,f272ae07c1f86a021f587c3bd3a4158fd9847c74,OSVDB-12612
618921880,Pflegusch/metasploit-module-research,modules/exploits/windows/browser/apple_itunes_playlist.rb,f285ed717ab00b74474ddb8d0bbe02a036dc3731,OSVDB-12833
618921880,Pflegusch/metasploit-module-research,modules/exploits/windows/browser/apple_itunes_playlist.rb,f285ed717ab00b74474ddb8d0bbe02a036dc3731,BID-12238
618921880,Pflegusch/metasploit-module-research,modules/exploits/windows/browser/apple_itunes_playlist.rb,f285ed717ab00b74474ddb8d0bbe02a036dc3731,CVE-2005-0043
618921880,Pflegusch/metasploit-module-research,modules/exploits/windows/misc/doubletake.rb,f295d016b898f224747009d0039be6eec6f169a1,CVE-2008-1661
618921880,Pflegusch/metasploit-module-research,modules/exploits/windows/misc/doubletake.rb,f295d016b898f224747009d0039be6eec6f169a1,OSVDB-45924
618921880,Pflegusch/metasploit-module-research,modules/exploits/linux/http/trendmicro_imsva_widget_exec.rb,f2ab015e30303e09dcefc9e7b764d7263185b401,ZDI-17-521
618921880,Pflegusch/metasploit-module-research,modules/exploits/linux/http/netgear_unauth_exec.rb,f2ac33185ea33516acb0665b04ee0008b199c0c3,CVE-2016-1555
618921880,Pflegusch/metasploit-module-research,modules/exploits/linux/http/vmware_vrops_mgr_ssrf_rce.rb,f2ae86582a762417ac9646681578886645728840,CVE-2021-21983
618921880,Pflegusch/metasploit-module-research,modules/exploits/linux/http/vmware_vrops_mgr_ssrf_rce.rb,f2ae86582a762417ac9646681578886645728840,CVE-2021-21975
618921880,Pflegusch/metasploit-module-research,modules/exploits/multi/http/wp_dnd_mul_file_rce.rb,f2b9dd890c0ac2b7cdc1ca05123fcbe4872fb6a0,CVE-2020-12800
618921880,Pflegusch/metasploit-module-research,modules/exploits/multi/http/jenkins_xstream_deserialize.rb,f2d6e2c3bed8eeae9526d3d19fee2fcd3ff6a446,CVE-2016-0792
618921880,Pflegusch/metasploit-module-research,modules/exploits/windows/smtp/sysgauge_client_bof.rb,f2d7d23c055fb8506167be035e20c1cc1fbccd69,CVE-2017-6416
618921880,Pflegusch/metasploit-module-research,modules/exploits/windows/http/belkin_bulldog.rb,f2d9e522178c9d6985e5abaa3b486d5857becccd,OSVDB-54395
618921880,Pflegusch/metasploit-module-research,modules/exploits/windows/http/belkin_bulldog.rb,f2d9e522178c9d6985e5abaa3b486d5857becccd,BID-34033
618921880,Pflegusch/metasploit-module-research,modules/exploits/linux/misc/hp_nnmi_pmd_bof.rb,f31432dddf167745438717a162bda83f59d59ba9,CVE-2014-2624
618921880,Pflegusch/metasploit-module-research,modules/exploits/linux/http/symantec_web_gateway_file_upload.rb,f31f041909fb7873f1868f1b50829258b6459e8d,CVE-2012-0299
618921880,Pflegusch/metasploit-module-research,modules/exploits/linux/http/symantec_web_gateway_file_upload.rb,f31f041909fb7873f1868f1b50829258b6459e8d,BID-53443
618921880,Pflegusch/metasploit-module-research,modules/exploits/linux/http/symantec_web_gateway_file_upload.rb,f31f041909fb7873f1868f1b50829258b6459e8d,OSVDB-82025
618921880,Pflegusch/metasploit-module-research,modules/auxiliary/admin/sap/cve_2020_6207_solman_rce.rb,f33802edd984aeb5035a62624ea7b0524ac2d135,CVE-2020-6207
618921880,Pflegusch/metasploit-module-research,modules/exploits/windows/fileformat/ultraiso_ccd.rb,f33f375529117e75630ccd702a15f76fd577c68e,BID-34363
618921880,Pflegusch/metasploit-module-research,modules/exploits/windows/fileformat/ultraiso_ccd.rb,f33f375529117e75630ccd702a15f76fd577c68e,BID-38613
618921880,Pflegusch/metasploit-module-research,modules/exploits/windows/fileformat/ultraiso_ccd.rb,f33f375529117e75630ccd702a15f76fd577c68e,CVE-2009-1260
618921880,Pflegusch/metasploit-module-research,modules/exploits/windows/fileformat/ultraiso_ccd.rb,f33f375529117e75630ccd702a15f76fd577c68e,OSVDB-53275
618921880,Pflegusch/metasploit-module-research,modules/auxiliary/dos/rpc/rpcbomb.rb,f343cb54fee118bac5852897e56863b20ae002c0,BID-98325
618921880,Pflegusch/metasploit-module-research,modules/auxiliary/dos/rpc/rpcbomb.rb,f343cb54fee118bac5852897e56863b20ae002c0,CVE-2017-8779
618921880,Pflegusch/metasploit-module-research,modules/auxiliary/dos/windows/smb/ms06_035_mailslot.rb,f34e01452b3f34888081df542d4824e52d80f3b2,CVE-2006-3942
618921880,Pflegusch/metasploit-module-research,modules/auxiliary/dos/windows/smb/ms06_035_mailslot.rb,f34e01452b3f34888081df542d4824e52d80f3b2,OSVDB-27644
618921880,Pflegusch/metasploit-module-research,modules/auxiliary/dos/windows/smb/ms06_035_mailslot.rb,f34e01452b3f34888081df542d4824e52d80f3b2,BID-19215
618921880,Pflegusch/metasploit-module-research,modules/auxiliary/dos/windows/smb/ms06_035_mailslot.rb,f34e01452b3f34888081df542d4824e52d80f3b2,MS06-035
618921880,Pflegusch/metasploit-module-research,modules/exploits/unix/webapp/egallery_upload_exec.rb,f34e6b66285b8b87dca971be241cd71aedc8aa98,OSVDB-83891
618921880,Pflegusch/metasploit-module-research,modules/exploits/unix/webapp/egallery_upload_exec.rb,f34e6b66285b8b87dca971be241cd71aedc8aa98,BID-54464
618921880,Pflegusch/metasploit-module-research,modules/exploits/multi/http/gitorious_graph.rb,f36166d4d0ca2234a84ba75e84ca22a0343af8a0,OSVDB-78480
618921880,Pflegusch/metasploit-module-research,modules/exploits/windows/http/rabidhamster_r4_log.rb,f38e277c6c7e11e62537d27c9bd64e73a594c0e9,OSVDB-79007
618921880,Pflegusch/metasploit-module-research,modules/exploits/multi/http/nuuo_nvrmini_upgrade_rce.rb,f3a4c8e035741632d2f54f34f888ed833758c36e,CVE-2018-14933
618921880,Pflegusch/metasploit-module-research,modules/exploits/windows/http/trackercam_phparg_overflow.rb,f3b21d3100ba90aae1f7229078aea1489cb85214,OSVDB-13953
618921880,Pflegusch/metasploit-module-research,modules/exploits/windows/http/trackercam_phparg_overflow.rb,f3b21d3100ba90aae1f7229078aea1489cb85214,OSVDB-13955
618921880,Pflegusch/metasploit-module-research,modules/exploits/windows/http/trackercam_phparg_overflow.rb,f3b21d3100ba90aae1f7229078aea1489cb85214,CVE-2005-0478
618921880,Pflegusch/metasploit-module-research,modules/exploits/windows/http/trackercam_phparg_overflow.rb,f3b21d3100ba90aae1f7229078aea1489cb85214,BID-12592
618921880,Pflegusch/metasploit-module-research,modules/exploits/multi/misc/weblogic_deserialize_unicastref.rb,f3b9469c9301d82dc670a33222b3d3dfa044d3e5,CVE-2017-3248
618921880,Pflegusch/metasploit-module-research,modules/exploits/windows/http/shttpd_post.rb,f3c894582b2f9afb4b8aaec80444ed26226b5be8,BID-20393
618921880,Pflegusch/metasploit-module-research,modules/exploits/windows/http/shttpd_post.rb,f3c894582b2f9afb4b8aaec80444ed26226b5be8,OSVDB-29565
618921880,Pflegusch/metasploit-module-research,modules/exploits/windows/http/shttpd_post.rb,f3c894582b2f9afb4b8aaec80444ed26226b5be8,CVE-2006-5216
618921880,Pflegusch/metasploit-module-research,modules/exploits/windows/browser/java_ws_vmargs.rb,f3f3f68cdb3207c62d21f91b3dd7aa2b9ad944ab,CVE-2012-0500
618921880,Pflegusch/metasploit-module-research,modules/exploits/windows/browser/java_ws_vmargs.rb,f3f3f68cdb3207c62d21f91b3dd7aa2b9ad944ab,BID-52015
618921880,Pflegusch/metasploit-module-research,modules/exploits/windows/browser/java_ws_vmargs.rb,f3f3f68cdb3207c62d21f91b3dd7aa2b9ad944ab,OSVDB-79227
618921880,Pflegusch/metasploit-module-research,modules/exploits/windows/smb/ms04_007_killbill.rb,f409a01a13b803bcc11b76bd7b5b627b8f71cd28,BID-9633
618921880,Pflegusch/metasploit-module-research,modules/exploits/windows/smb/ms04_007_killbill.rb,f409a01a13b803bcc11b76bd7b5b627b8f71cd28,OSVDB-3902
618921880,Pflegusch/metasploit-module-research,modules/exploits/windows/smb/ms04_007_killbill.rb,f409a01a13b803bcc11b76bd7b5b627b8f71cd28,CVE-2003-0818
618921880,Pflegusch/metasploit-module-research,modules/exploits/windows/smb/ms04_007_killbill.rb,f409a01a13b803bcc11b76bd7b5b627b8f71cd28,MS04-007
618921880,Pflegusch/metasploit-module-research,modules/exploits/linux/http/microfocus_obr_cmd_injection.rb,f4106b043926bc73e1c77913b396683fcee6b46c,CVE-2021-22502
618921880,Pflegusch/metasploit-module-research,modules/auxiliary/scanner/scada/indusoft_ntwebserver_fileaccess.rb,f42375408a3ce38f31d17a28955334ddd641591c,CVE-2011-1900
618921880,Pflegusch/metasploit-module-research,modules/auxiliary/scanner/scada/indusoft_ntwebserver_fileaccess.rb,f42375408a3ce38f31d17a28955334ddd641591c,BID-47842
618921880,Pflegusch/metasploit-module-research,modules/auxiliary/scanner/scada/indusoft_ntwebserver_fileaccess.rb,f42375408a3ce38f31d17a28955334ddd641591c,OSVDB-73413
618921880,Pflegusch/metasploit-module-research,modules/exploits/unix/http/freepbx_callmenum.rb,f435af87db4fa681838479418a56f9c5e569152a,CVE-2012-4869
618921880,Pflegusch/metasploit-module-research,modules/exploits/unix/http/freepbx_callmenum.rb,f435af87db4fa681838479418a56f9c5e569152a,OSVDB-80544
618921880,Pflegusch/metasploit-module-research,modules/auxiliary/scanner/http/wordpress_xmlrpc_login.rb,f43827ad2a21e59b8a84300363da81dde6fad900,CVE-1999-0502
618921880,Pflegusch/metasploit-module-research,modules/exploits/windows/iis/ms02_065_msadc.rb,f43ee1bb229011f8df81398d94fa16a5db3ac9db,MS02-065
618921880,Pflegusch/metasploit-module-research,modules/exploits/windows/iis/ms02_065_msadc.rb,f43ee1bb229011f8df81398d94fa16a5db3ac9db,BID-6214
618921880,Pflegusch/metasploit-module-research,modules/exploits/windows/iis/ms02_065_msadc.rb,f43ee1bb229011f8df81398d94fa16a5db3ac9db,CVE-2002-1142
618921880,Pflegusch/metasploit-module-research,modules/exploits/windows/iis/ms02_065_msadc.rb,f43ee1bb229011f8df81398d94fa16a5db3ac9db,OSVDB-14502
618921880,Pflegusch/metasploit-module-research,modules/exploits/windows/http/hp_nnm_webappmon_ovjavalocale.rb,f49233d452e1364f2818ff31710cb9aceb905f4c,OSVDB-66932
618921880,Pflegusch/metasploit-module-research,modules/exploits/windows/http/hp_nnm_webappmon_ovjavalocale.rb,f49233d452e1364f2818ff31710cb9aceb905f4c,BID-42154
618921880,Pflegusch/metasploit-module-research,modules/exploits/windows/http/hp_nnm_webappmon_ovjavalocale.rb,f49233d452e1364f2818ff31710cb9aceb905f4c,CVE-2010-2709
618921880,Pflegusch/metasploit-module-research,modules/exploits/windows/smb/ms03_049_netapi.rb,f4baa30144e0e177518f9fea5e365ea51d9cab4d,CVE-2003-0812
618921880,Pflegusch/metasploit-module-research,modules/exploits/windows/smb/ms03_049_netapi.rb,f4baa30144e0e177518f9fea5e365ea51d9cab4d,BID-9011
618921880,Pflegusch/metasploit-module-research,modules/exploits/windows/smb/ms03_049_netapi.rb,f4baa30144e0e177518f9fea5e365ea51d9cab4d,MS03-049
618921880,Pflegusch/metasploit-module-research,modules/exploits/windows/smb/ms03_049_netapi.rb,f4baa30144e0e177518f9fea5e365ea51d9cab4d,OSVDB-11461
618921880,Pflegusch/metasploit-module-research,modules/exploits/windows/ssh/putty_msg_debug.rb,f4bdfc26332802f2f8f98d9e405681728635af45,OSVDB-8044
618921880,Pflegusch/metasploit-module-research,modules/exploits/windows/ssh/putty_msg_debug.rb,f4bdfc26332802f2f8f98d9e405681728635af45,BID-6407
618921880,Pflegusch/metasploit-module-research,modules/exploits/windows/ssh/putty_msg_debug.rb,f4bdfc26332802f2f8f98d9e405681728635af45,CVE-2002-1359
618921880,Pflegusch/metasploit-module-research,modules/auxiliary/scanner/http/trace.rb,f4d5db89e90ecac78a5b779419b391488c4ed360,CVE-2005-3398
618921880,Pflegusch/metasploit-module-research,modules/auxiliary/server/openssl_altchainsforgery_mitm_proxy.rb,f4fa7d2cfb768b8695f2209029dde945c16c934d,CVE-2015-1793
618921880,Pflegusch/metasploit-module-research,modules/exploits/linux/http/jenkins_cli_deserialization.rb,f50e8dea18c2a8c6cbc70ec24c5897e0ab59408a,CVE-2017-1000353
618921880,Pflegusch/metasploit-module-research,modules/auxiliary/scanner/varnish/varnish_cli_file_read.rb,f51ef2f5cd6e7dada9f32b0eb9f1038ac063a47a,CVE-2009-2936
618921880,Pflegusch/metasploit-module-research,modules/auxiliary/scanner/varnish/varnish_cli_file_read.rb,f51ef2f5cd6e7dada9f32b0eb9f1038ac063a47a,OSVDB-67670
618921880,Pflegusch/metasploit-module-research,modules/exploits/linux/http/vmware_vcenter_analytics_file_upload.rb,f51f230e33e86bce27b12a0920f69dd48903bf7e,CVE-2021-22005
618921880,Pflegusch/metasploit-module-research,modules/exploits/windows/local/virtual_box_opengl_escape.rb,f52986e1276f9abcc83b9c6ee0e6b09e6a40496f,BID-66133
618921880,Pflegusch/metasploit-module-research,modules/exploits/windows/local/virtual_box_opengl_escape.rb,f52986e1276f9abcc83b9c6ee0e6b09e6a40496f,CVE-2014-0983
618921880,Pflegusch/metasploit-module-research,modules/exploits/windows/local/webexec.rb,f53fd39b55bf2f2b16dccd8b30880420224c8cc0,CVE-2018-15442
618921880,Pflegusch/metasploit-module-research,modules/exploits/linux/http/dlink_command_php_exec_noauth.rb,f546ec56b76fe1353c5e646a0a60d783a43a790c,BID-57734
618921880,Pflegusch/metasploit-module-research,modules/exploits/linux/http/dlink_command_php_exec_noauth.rb,f546ec56b76fe1353c5e646a0a60d783a43a790c,OSVDB-89861
618921880,Pflegusch/metasploit-module-research,modules/exploits/osx/samba/trans2open.rb,f557f19b7e76da6d3a49ddcc1331bbd066dd8a8f,OSVDB-4469
618921880,Pflegusch/metasploit-module-research,modules/exploits/osx/samba/trans2open.rb,f557f19b7e76da6d3a49ddcc1331bbd066dd8a8f,BID-7294
618921880,Pflegusch/metasploit-module-research,modules/exploits/osx/samba/trans2open.rb,f557f19b7e76da6d3a49ddcc1331bbd066dd8a8f,CVE-2003-0201
618921880,Pflegusch/metasploit-module-research,modules/exploits/windows/backdoor/energizer_duo_payload.rb,f56768e2c5a62a57d1f802555133c95346b79b56,CVE-2010-0103
618921880,Pflegusch/metasploit-module-research,modules/exploits/windows/backdoor/energizer_duo_payload.rb,f56768e2c5a62a57d1f802555133c95346b79b56,OSVDB-62782
618921880,Pflegusch/metasploit-module-research,modules/exploits/windows/http/sharepoint_data_deserialization.rb,f5f3af9cca29b98065ece744f8cc5ac93a44be39,CVE-2020-1147
618921880,Pflegusch/metasploit-module-research,modules/exploits/linux/local/servu_ftp_server_prepareinstallation_priv_esc.rb,f5f5e3328ae6b046037a55953947bf6ad64c90b1,VU#15
618921880,Pflegusch/metasploit-module-research,modules/exploits/linux/local/servu_ftp_server_prepareinstallation_priv_esc.rb,f5f5e3328ae6b046037a55953947bf6ad64c90b1,CVE-2019-12181
618921880,Pflegusch/metasploit-module-research,modules/auxiliary/scanner/http/syncovery_linux_token_cve_2022_36536.rb,f5fda49b8a6395ab91e0405622c4afdde23cca84,CVE-2022-36536
618921880,Pflegusch/metasploit-module-research,modules/exploits/windows/http/miniweb_upload_wbem.rb,f6115525fa52eb4a8c9398b00e2f746663792a4d,OSVDB-92198
618921880,Pflegusch/metasploit-module-research,modules/exploits/windows/http/miniweb_upload_wbem.rb,f6115525fa52eb4a8c9398b00e2f746663792a4d,OSVDB-92200
618921880,Pflegusch/metasploit-module-research,modules/exploits/windows/browser/awingsoft_web3d_bof.rb,f6168ed998540216b4363a77e879433a21dc2c79,CVE-2009-4588
618921880,Pflegusch/metasploit-module-research,modules/exploits/windows/browser/awingsoft_web3d_bof.rb,f6168ed998540216b4363a77e879433a21dc2c79,OSVDB-60017
618921880,Pflegusch/metasploit-module-research,modules/auxiliary/dos/http/3com_superstack_switch.rb,f64df6e02c84bfc1d778fdab940d3e0933168a6b,OSVDB-7246
618921880,Pflegusch/metasploit-module-research,modules/auxiliary/dos/http/3com_superstack_switch.rb,f64df6e02c84bfc1d778fdab940d3e0933168a6b,CVE-2004-2691
618921880,Pflegusch/metasploit-module-research,modules/auxiliary/scanner/http/groupwise_agents_http_traversal.rb,f65341634aa55f81ba153747a4d6d950a76dc727,CVE-2012-0419
618921880,Pflegusch/metasploit-module-research,modules/auxiliary/scanner/http/groupwise_agents_http_traversal.rb,f65341634aa55f81ba153747a4d6d950a76dc727,BID-55648
618921880,Pflegusch/metasploit-module-research,modules/auxiliary/scanner/http/groupwise_agents_http_traversal.rb,f65341634aa55f81ba153747a4d6d950a76dc727,OSVDB-85801
618921880,Pflegusch/metasploit-module-research,modules/exploits/linux/http/spring_cloud_gateway_rce.rb,f666e4f07c194cf3d38db036c7e8c49fc19ad070,CVE-2022-22947
618921880,Pflegusch/metasploit-module-research,modules/exploits/windows/ftp/freefloatftp_wbem.rb,f67b843abde03c07a430d00b9617f3b8bb37bed5,OSVDB-88302
618921880,Pflegusch/metasploit-module-research,modules/exploits/windows/ftp/freefloatftp_wbem.rb,f67b843abde03c07a430d00b9617f3b8bb37bed5,OSVDB-88303
618921880,Pflegusch/metasploit-module-research,modules/exploits/windows/http/flexdotnetcms_upload_exec.rb,f6921b789ac4979210304487cc0375bdcf88d5d6,CVE-2020-27386
618921880,Pflegusch/metasploit-module-research,modules/auxiliary/gather/apple_safari_ftp_url_cookie_theft.rb,f69d0b47cacdb73bc37e93ad2cfe56f5d12593f8,CVE-2015-1126
618921880,Pflegusch/metasploit-module-research,modules/exploits/windows/ftp/turboftp_port.rb,f6b8e71292461fa799133c7cf59e39389ab2b685,OSVDB-85887
618921880,Pflegusch/metasploit-module-research,modules/exploits/multi/http/webpagetest_upload_exec.rb,f6d07fd44fcbc1c1888c47e2529a7e114d334e54,OSVDB-83822
618921880,Pflegusch/metasploit-module-research,modules/exploits/windows/ftp/gekkomgr_list_reply.rb,f6d9a4d881003b7cb13dd8cc60d0848a2d002ae9,OSVDB-68641
618921880,Pflegusch/metasploit-module-research,modules/exploits/osx/local/rootpipe_entitlements.rb,f6ec38656cf6e0f97d7390116b17fc54c1924333,CVE-2015-3673
618921880,Pflegusch/metasploit-module-research,modules/auxiliary/scanner/sap/sap_soap_rfc_pfl_check_os_file_existence.rb,f70b95202fcac114a0d41dcd7085771f18248832,OSVDB-78537
618921880,Pflegusch/metasploit-module-research,modules/auxiliary/scanner/sap/sap_soap_rfc_pfl_check_os_file_existence.rb,f70b95202fcac114a0d41dcd7085771f18248832,BID-51645
618921880,Pflegusch/metasploit-module-research,modules/exploits/windows/local/windscribe_windscribeservice_priv_esc.rb,f714747ac71baf093ab513a903de75db2edd3805,CVE-2018-11479
618921880,Pflegusch/metasploit-module-research,modules/exploits/unix/smtp/clamav_milter_blackhole.rb,f720b0f85a467064b51090caff45b2b84a811e56,BID-25439
618921880,Pflegusch/metasploit-module-research,modules/exploits/unix/smtp/clamav_milter_blackhole.rb,f720b0f85a467064b51090caff45b2b84a811e56,CVE-2007-4560
618921880,Pflegusch/metasploit-module-research,modules/exploits/unix/smtp/clamav_milter_blackhole.rb,f720b0f85a467064b51090caff45b2b84a811e56,OSVDB-36909
618921880,Pflegusch/metasploit-module-research,modules/exploits/windows/fileformat/ms_visual_basic_vbp.rb,f72b3c0763a177b102da6f19eb87c35cc38429cc,OSVDB-36936
618921880,Pflegusch/metasploit-module-research,modules/exploits/windows/fileformat/ms_visual_basic_vbp.rb,f72b3c0763a177b102da6f19eb87c35cc38429cc,CVE-2007-4776
618921880,Pflegusch/metasploit-module-research,modules/exploits/windows/fileformat/ms_visual_basic_vbp.rb,f72b3c0763a177b102da6f19eb87c35cc38429cc,BID-25629
618921880,Pflegusch/metasploit-module-research,modules/exploits/windows/backupexec/remote_agent.rb,f72f1d5069dd148050c792e7d0e871d8363d9b7d,CVE-2005-0773
618921880,Pflegusch/metasploit-module-research,modules/exploits/windows/backupexec/remote_agent.rb,f72f1d5069dd148050c792e7d0e871d8363d9b7d,BID-14022
618921880,Pflegusch/metasploit-module-research,modules/exploits/windows/backupexec/remote_agent.rb,f72f1d5069dd148050c792e7d0e871d8363d9b7d,OSVDB-17624
618921880,Pflegusch/metasploit-module-research,modules/exploits/multi/browser/adobe_flash_uncompress_zlib_uaf.rb,f736f13830192b06353e4c321e8f93ffbcd17a6f,CVE-2015-0311
618921880,Pflegusch/metasploit-module-research,modules/exploits/linux/http/netgear_wnr2000_rce.rb,f753609b9999be52263cbb9ce4dc501459500208,CVE-2016-10174
618921880,Pflegusch/metasploit-module-research,modules/exploits/windows/fileformat/altap_salamander_pdb.rb,f75fc1612d8eec1cead28941566a0cb4ca2b9c8a,CVE-2007-3314
618921880,Pflegusch/metasploit-module-research,modules/exploits/windows/fileformat/altap_salamander_pdb.rb,f75fc1612d8eec1cead28941566a0cb4ca2b9c8a,OSVDB-37579
618921880,Pflegusch/metasploit-module-research,modules/exploits/windows/fileformat/altap_salamander_pdb.rb,f75fc1612d8eec1cead28941566a0cb4ca2b9c8a,BID-24557
618921880,Pflegusch/metasploit-module-research,modules/exploits/windows/browser/trendmicro_officescan.rb,f785429ed80a579fd39a3ab0e35a680a6547d517,BID-22585
618921880,Pflegusch/metasploit-module-research,modules/exploits/windows/browser/trendmicro_officescan.rb,f785429ed80a579fd39a3ab0e35a680a6547d517,OSVDB-33040
618921880,Pflegusch/metasploit-module-research,modules/exploits/windows/browser/trendmicro_officescan.rb,f785429ed80a579fd39a3ab0e35a680a6547d517,CVE-2007-0325
618921880,Pflegusch/metasploit-module-research,modules/exploits/multi/http/qdpm_authenticated_rce.rb,f81a6280687c176b0a64df9ce115499c188034b6,CVE-2020-7246
618921880,Pflegusch/metasploit-module-research,modules/exploits/multi/http/qdpm_authenticated_rce.rb,f81a6280687c176b0a64df9ce115499c188034b6,CVE-2015-3884
618921880,Pflegusch/metasploit-module-research,modules/exploits/unix/fileformat/metasploit_msfvenom_apk_template_cmd_injection.rb,f83569057ad19480bc17f5b5cd8fe0ffde2c44d5,CVE-2020-7384
618921880,Pflegusch/metasploit-module-research,modules/exploits/multi/http/op5_welcome.rb,f8374aa2fccd7ac80c68aecc3530a893a3f17451,OSVDB-78065
618921880,Pflegusch/metasploit-module-research,modules/exploits/multi/http/op5_welcome.rb,f8374aa2fccd7ac80c68aecc3530a893a3f17451,CVE-2012-0262
618921880,Pflegusch/metasploit-module-research,modules/exploits/linux/local/recvmmsg_priv_esc.rb,f84527f1376e67cf1c9069a36549ea8a5864d457,BID-65255
618921880,Pflegusch/metasploit-module-research,modules/exploits/linux/local/recvmmsg_priv_esc.rb,f84527f1376e67cf1c9069a36549ea8a5864d457,CVE-2014-0038
618921880,Pflegusch/metasploit-module-research,modules/exploits/linux/local/zimbra_postfix_priv_esc.rb,f864203ee88fb4f729635d7139c2b0829ed2afbe,CVE-2022-3569
618921880,Pflegusch/metasploit-module-research,modules/exploits/windows/ftp/32bitftp_list_reply.rb,f8680da4f2288ad1668ba19454907285e6235833,OSVDB-68703
618921880,Pflegusch/metasploit-module-research,modules/exploits/windows/fileformat/cyberlink_p2g_bof.rb,f8b34ca9b967877c459a575fa7077c33647aa813,CVE-2011-5171
618921880,Pflegusch/metasploit-module-research,modules/exploits/windows/fileformat/cyberlink_p2g_bof.rb,f8b34ca9b967877c459a575fa7077c33647aa813,OSVDB-77600
618921880,Pflegusch/metasploit-module-research,modules/exploits/windows/fileformat/cyberlink_p2g_bof.rb,f8b34ca9b967877c459a575fa7077c33647aa813,BID-50997
618921880,Pflegusch/metasploit-module-research,modules/exploits/windows/fileformat/ms11_021_xlb_bof.rb,f8c2c08413ca941dd3fc55e12b443cdef5c6bf43,OSVDB-71765
618921880,Pflegusch/metasploit-module-research,modules/exploits/windows/fileformat/ms11_021_xlb_bof.rb,f8c2c08413ca941dd3fc55e12b443cdef5c6bf43,MS11-021
618921880,Pflegusch/metasploit-module-research,modules/exploits/windows/fileformat/ms11_021_xlb_bof.rb,f8c2c08413ca941dd3fc55e12b443cdef5c6bf43,CVE-2011-0105
618921880,Pflegusch/metasploit-module-research,modules/exploits/qnx/local/ifwatchd_priv_esc.rb,f8c6cb603a3daadf6cc38d08870a593ef4b7b218,BID-66449
618921880,Pflegusch/metasploit-module-research,modules/exploits/qnx/local/ifwatchd_priv_esc.rb,f8c6cb603a3daadf6cc38d08870a593ef4b7b218,CVE-2014-2533
618921880,Pflegusch/metasploit-module-research,modules/auxiliary/admin/webmin/file_disclosure.rb,f8df677b935270a9fc3e05d7c662e884d778d4c8,OSVDB-26772
618921880,Pflegusch/metasploit-module-research,modules/auxiliary/admin/webmin/file_disclosure.rb,f8df677b935270a9fc3e05d7c662e884d778d4c8,BID-18744
618921880,Pflegusch/metasploit-module-research,modules/auxiliary/admin/webmin/file_disclosure.rb,f8df677b935270a9fc3e05d7c662e884d778d4c8,CVE-2006-3392
618921880,Pflegusch/metasploit-module-research,modules/exploits/windows/brightstor/license_gcr.rb,f8e9f1cb8bf8308a9687327a637935d61f602428,BID-12705
618921880,Pflegusch/metasploit-module-research,modules/exploits/windows/brightstor/license_gcr.rb,f8e9f1cb8bf8308a9687327a637935d61f602428,CVE-2005-0581
618921880,Pflegusch/metasploit-module-research,modules/exploits/windows/brightstor/license_gcr.rb,f8e9f1cb8bf8308a9687327a637935d61f602428,OSVDB-14389
618921880,Pflegusch/metasploit-module-research,modules/exploits/windows/browser/ask_shortformat.rb,f8fea804b8beb5812731d2c8390768c1a10c3f04,OSVDB-37735
618921880,Pflegusch/metasploit-module-research,modules/exploits/windows/browser/ask_shortformat.rb,f8fea804b8beb5812731d2c8390768c1a10c3f04,CVE-2007-5107
618921880,Pflegusch/metasploit-module-research,modules/auxiliary/dos/windows/ftp/titan626_site.rb,f90b40170b338ffe8436d0435cce1e5dfa993ec5,CVE-2008-6082
618921880,Pflegusch/metasploit-module-research,modules/auxiliary/dos/windows/ftp/titan626_site.rb,f90b40170b338ffe8436d0435cce1e5dfa993ec5,OSVDB-49177
618921880,Pflegusch/metasploit-module-research,modules/exploits/windows/browser/oracle_webcenter_checkoutandopen.rb,f9163cd75be0c2891fd279cf411435bdcbbb4999,CVE-2013-1559
618921880,Pflegusch/metasploit-module-research,modules/exploits/windows/browser/oracle_webcenter_checkoutandopen.rb,f9163cd75be0c2891fd279cf411435bdcbbb4999,BID-59122
618921880,Pflegusch/metasploit-module-research,modules/exploits/windows/browser/oracle_webcenter_checkoutandopen.rb,f9163cd75be0c2891fd279cf411435bdcbbb4999,OSVDB-92386
618921880,Pflegusch/metasploit-module-research,modules/exploits/windows/ldap/pgp_keyserver7.rb,f9164c9248576b09f06e422cb12830b2e498832c,OSVDB-4742
618921880,Pflegusch/metasploit-module-research,modules/exploits/windows/ldap/pgp_keyserver7.rb,f9164c9248576b09f06e422cb12830b2e498832c,BID-3046
618921880,Pflegusch/metasploit-module-research,modules/exploits/windows/ldap/pgp_keyserver7.rb,f9164c9248576b09f06e422cb12830b2e498832c,CVE-2001-1320
618921880,Pflegusch/metasploit-module-research,modules/exploits/windows/fileformat/foxit_reader_filewrite.rb,f9170308c328d8f6e443bf4f0b35acebb5b745a8,OSVDB-71104
618921880,Pflegusch/metasploit-module-research,modules/exploits/windows/browser/orbit_connecting.rb,f91cd78b9dcdda7798189d2f0df925eb060061ce,CVE-2009-0187
618921880,Pflegusch/metasploit-module-research,modules/exploits/windows/browser/orbit_connecting.rb,f91cd78b9dcdda7798189d2f0df925eb060061ce,BID-33894
618921880,Pflegusch/metasploit-module-research,modules/exploits/windows/browser/orbit_connecting.rb,f91cd78b9dcdda7798189d2f0df925eb060061ce,OSVDB-52294
618921880,Pflegusch/metasploit-module-research,modules/exploits/linux/http/raidsonic_nas_ib5220_exec_noauth.rb,f91e36542f7a6b26112362175a2ee68bf2ca2959,OSVDB-90221
618921880,Pflegusch/metasploit-module-research,modules/exploits/linux/http/raidsonic_nas_ib5220_exec_noauth.rb,f91e36542f7a6b26112362175a2ee68bf2ca2959,BID-57958
618921880,Pflegusch/metasploit-module-research,modules/auxiliary/dos/http/apache_commons_fileupload_dos.rb,f93aefceb634a9694d3bb7fefac2c1ff879e70b1,CVE-2014-0050
618921880,Pflegusch/metasploit-module-research,modules/exploits/multi/http/wp_crop_rce.rb,f95b4a12cafea33a833a9f202312e04f3dcb94c2,CVE-2019-8942
618921880,Pflegusch/metasploit-module-research,modules/exploits/multi/http/wp_crop_rce.rb,f95b4a12cafea33a833a9f202312e04f3dcb94c2,CVE-2019-8943
618921880,Pflegusch/metasploit-module-research,modules/exploits/unix/webapp/actualanalyzer_ant_cookie_exec.rb,f962f7a4e7e9a737ecf396c5fb1bd1be82fe13ee,CVE-2014-5470
618921880,Pflegusch/metasploit-module-research,modules/exploits/unix/webapp/actualanalyzer_ant_cookie_exec.rb,f962f7a4e7e9a737ecf396c5fb1bd1be82fe13ee,OSVDB-110601
618921880,Pflegusch/metasploit-module-research,modules/exploits/windows/fileformat/digital_music_pad_pls.rb,f9a38136b722951f7da8f88c60d27d747fc7c0f0,OSVDB-68178
618921880,Pflegusch/metasploit-module-research,modules/exploits/windows/scada/igss9_igssdataserver_listall.rb,f9a7d148e7f0bb9fec1740294ec401231ff14fe6,OSVDB-72353
618921880,Pflegusch/metasploit-module-research,modules/exploits/windows/scada/igss9_igssdataserver_listall.rb,f9a7d148e7f0bb9fec1740294ec401231ff14fe6,CVE-2011-1567
618921880,Pflegusch/metasploit-module-research,modules/exploits/windows/browser/adobe_toolbutton.rb,f9b0f94e63aa7c0950c3bb46a22d8e12c0990836,OSVDB-96745
618921880,Pflegusch/metasploit-module-research,modules/exploits/windows/browser/adobe_toolbutton.rb,f9b0f94e63aa7c0950c3bb46a22d8e12c0990836,CVE-2013-3346
618921880,Pflegusch/metasploit-module-research,modules/exploits/windows/fileformat/adobe_illustrator_v14_eps.rb,f9cf3016015e984379bab742afa572c388a7b4a4,BID-37192
618921880,Pflegusch/metasploit-module-research,modules/exploits/windows/fileformat/adobe_illustrator_v14_eps.rb,f9cf3016015e984379bab742afa572c388a7b4a4,CVE-2009-4195
618921880,Pflegusch/metasploit-module-research,modules/exploits/windows/fileformat/adobe_illustrator_v14_eps.rb,f9cf3016015e984379bab742afa572c388a7b4a4,OSVDB-60632
618921880,Pflegusch/metasploit-module-research,modules/auxiliary/scanner/http/wp_contus_video_gallery_sqli.rb,f9eb0efa53c474af121b58444ea3507cf7911a7f,CVE-2015-2065
618921880,Pflegusch/metasploit-module-research,modules/exploits/windows/mssql/ms02_039_slammer.rb,fa125fef7a9f4d502877e822fc18ecf1c5e28910,CVE-2002-0649
618921880,Pflegusch/metasploit-module-research,modules/exploits/windows/mssql/ms02_039_slammer.rb,fa125fef7a9f4d502877e822fc18ecf1c5e28910,OSVDB-4578
618921880,Pflegusch/metasploit-module-research,modules/exploits/windows/mssql/ms02_039_slammer.rb,fa125fef7a9f4d502877e822fc18ecf1c5e28910,MS02-039
618921880,Pflegusch/metasploit-module-research,modules/exploits/windows/mssql/ms02_039_slammer.rb,fa125fef7a9f4d502877e822fc18ecf1c5e28910,BID-5310
618921880,Pflegusch/metasploit-module-research,modules/exploits/windows/smb/ms17_010_eternalblue.rb,fa262f5b9ac85a0c94df75793e1d8140bf6a557f,CVE-2017-0148
618921880,Pflegusch/metasploit-module-research,modules/exploits/windows/smb/ms17_010_eternalblue.rb,fa262f5b9ac85a0c94df75793e1d8140bf6a557f,CVE-2017-0143
618921880,Pflegusch/metasploit-module-research,modules/exploits/windows/smb/ms17_010_eternalblue.rb,fa262f5b9ac85a0c94df75793e1d8140bf6a557f,CVE-2017-0146
618921880,Pflegusch/metasploit-module-research,modules/exploits/windows/smb/ms17_010_eternalblue.rb,fa262f5b9ac85a0c94df75793e1d8140bf6a557f,CVE-2017-0144
618921880,Pflegusch/metasploit-module-research,modules/exploits/windows/smb/ms17_010_eternalblue.rb,fa262f5b9ac85a0c94df75793e1d8140bf6a557f,CVE-2017-0147
618921880,Pflegusch/metasploit-module-research,modules/exploits/windows/smb/ms17_010_eternalblue.rb,fa262f5b9ac85a0c94df75793e1d8140bf6a557f,MS17-010
618921880,Pflegusch/metasploit-module-research,modules/exploits/windows/smb/ms17_010_eternalblue.rb,fa262f5b9ac85a0c94df75793e1d8140bf6a557f,CVE-2017-0145
618921880,Pflegusch/metasploit-module-research,modules/exploits/windows/http/ca_igateway_debug.rb,fa46a5cb009c5e906f8575bce42c3f2efe5b40f0,OSVDB-19920
618921880,Pflegusch/metasploit-module-research,modules/exploits/windows/http/ca_igateway_debug.rb,fa46a5cb009c5e906f8575bce42c3f2efe5b40f0,BID-15025
618921880,Pflegusch/metasploit-module-research,modules/exploits/windows/http/ca_igateway_debug.rb,fa46a5cb009c5e906f8575bce42c3f2efe5b40f0,CVE-2005-3190
618921880,Pflegusch/metasploit-module-research,modules/exploits/linux/http/pineapple_preconfig_cmdinject.rb,fa601fa0b36e0df149a482a992534a95e4aeea17,CVE-2015-4624
618921880,Pflegusch/metasploit-module-research,modules/exploits/multi/http/shopware_createinstancefromnamedarguments_rce.rb,fa63d2e66a9e8dc72a39c8f0db7c23c7292afb84,CVE-2017-18357
618921880,Pflegusch/metasploit-module-research,modules/exploits/multi/http/shopware_createinstancefromnamedarguments_rce.rb,fa63d2e66a9e8dc72a39c8f0db7c23c7292afb84,CVE-2019-12799
618921880,Pflegusch/metasploit-module-research,modules/exploits/windows/ftp/wftpd_size.rb,faab54c3634a6ed172bedfd37cf1bfbf8ef8c9ec,BID-19617
618921880,Pflegusch/metasploit-module-research,modules/exploits/windows/ftp/wftpd_size.rb,faab54c3634a6ed172bedfd37cf1bfbf8ef8c9ec,OSVDB-28134
618921880,Pflegusch/metasploit-module-research,modules/exploits/windows/ftp/wftpd_size.rb,faab54c3634a6ed172bedfd37cf1bfbf8ef8c9ec,CVE-2006-4318
618921880,Pflegusch/metasploit-module-research,modules/exploits/windows/browser/msvidctl_mpeg2.rb,faccf1f7cf8a786a3b3efb9aba7909e37a07f0f5,OSVDB-55651
618921880,Pflegusch/metasploit-module-research,modules/exploits/windows/browser/msvidctl_mpeg2.rb,faccf1f7cf8a786a3b3efb9aba7909e37a07f0f5,BID-35558
618921880,Pflegusch/metasploit-module-research,modules/exploits/windows/browser/msvidctl_mpeg2.rb,faccf1f7cf8a786a3b3efb9aba7909e37a07f0f5,CVE-2008-0015
618921880,Pflegusch/metasploit-module-research,modules/exploits/windows/browser/msvidctl_mpeg2.rb,faccf1f7cf8a786a3b3efb9aba7909e37a07f0f5,MS09-037
618921880,Pflegusch/metasploit-module-research,modules/exploits/windows/browser/msvidctl_mpeg2.rb,faccf1f7cf8a786a3b3efb9aba7909e37a07f0f5,MS09-032
618921880,Pflegusch/metasploit-module-research,modules/exploits/multi/http/apache_roller_ognl_injection.rb,fae8489b8dbc6ef19b3583ded63de34d9a161b69,CVE-2013-4212
618921880,Pflegusch/metasploit-module-research,modules/auxiliary/spoof/dns/bailiwicked_host.rb,faee1071eb1b4f5ed4e5645e2a7efe45ad2bdc4d,OSVDB-46776
618921880,Pflegusch/metasploit-module-research,modules/auxiliary/spoof/dns/bailiwicked_host.rb,faee1071eb1b4f5ed4e5645e2a7efe45ad2bdc4d,CVE-2008-1447
618921880,Pflegusch/metasploit-module-research,modules/exploits/multi/wyse/hagent_untrusted_hsdata.rb,faee320eb292cfea2352a4a26ac3d14d2864d5ef,CVE-2009-0695
618921880,Pflegusch/metasploit-module-research,modules/exploits/multi/wyse/hagent_untrusted_hsdata.rb,faee320eb292cfea2352a4a26ac3d14d2864d5ef,OSVDB-55839
618921880,Pflegusch/metasploit-module-research,modules/exploits/windows/misc/hp_imc_uam.rb,fb2859c3e3c2ddea6d8c013705df4bcd9f8b097d,CVE-2012-3274
618921880,Pflegusch/metasploit-module-research,modules/exploits/windows/misc/hp_imc_uam.rb,fb2859c3e3c2ddea6d8c013705df4bcd9f8b097d,BID-55271
618921880,Pflegusch/metasploit-module-research,modules/exploits/windows/misc/hp_imc_uam.rb,fb2859c3e3c2ddea6d8c013705df4bcd9f8b097d,OSVDB-85060
618921880,Pflegusch/metasploit-module-research,modules/auxiliary/dos/http/ibm_lotus_notes2.rb,fb3c5161df91b499386c83091c0ddeb38aafebb2,CVE-2017-1130
618921880,Pflegusch/metasploit-module-research,modules/auxiliary/scanner/rdp/cve_2019_0708_bluekeep.rb,fb79f51e85062a11fb095ee663d13456f1153212,CVE-2019-0708
618921880,Pflegusch/metasploit-module-research,modules/post/linux/gather/mimipenguin.rb,fb91cba09b7f6e0aeeed2a5bed23d1e039adcf80,CVE-2018-20781
618921880,Pflegusch/metasploit-module-research,modules/auxiliary/admin/http/foreman_openstack_satellite_priv_esc.rb,fba707395b1f2ce1daede915ff77ec8d9deec131,CVE-2013-2113
618921880,Pflegusch/metasploit-module-research,modules/auxiliary/admin/http/foreman_openstack_satellite_priv_esc.rb,fba707395b1f2ce1daede915ff77ec8d9deec131,OSVDB-94655
618921880,Pflegusch/metasploit-module-research,modules/auxiliary/admin/http/foreman_openstack_satellite_priv_esc.rb,fba707395b1f2ce1daede915ff77ec8d9deec131,BID-60835
618921880,Pflegusch/metasploit-module-research,modules/exploits/unix/fileformat/exiftool_djvu_ant_perl_injection.rb,fbb49664b82f213f3f7bed623cbf4724649b6e24,CVE-2021-22204
618921880,Pflegusch/metasploit-module-research,modules/auxiliary/scanner/http/zenworks_assetmanagement_fileaccess.rb,fbbe66ae2885127dc252c04e5592aed3866fb01b,CVE-2012-4933
618921880,Pflegusch/metasploit-module-research,modules/exploits/windows/smtp/njstar_smtp_bof.rb,fbc481935b54cbc72a65130db2b027d5d2f70780,CVE-2011-4040
618921880,Pflegusch/metasploit-module-research,modules/exploits/windows/smtp/njstar_smtp_bof.rb,fbc481935b54cbc72a65130db2b027d5d2f70780,OSVDB-76728
618921880,Pflegusch/metasploit-module-research,modules/exploits/unix/webapp/opensis_chain_exec.rb,fbd7bc623a852da669a2be5e046671c403a1487d,CVE-2020-13383
618921880,Pflegusch/metasploit-module-research,modules/exploits/unix/webapp/opensis_chain_exec.rb,fbd7bc623a852da669a2be5e046671c403a1487d,CVE-2020-13382
618921880,Pflegusch/metasploit-module-research,modules/exploits/unix/webapp/opensis_chain_exec.rb,fbd7bc623a852da669a2be5e046671c403a1487d,CVE-2020-13381
618921880,Pflegusch/metasploit-module-research,modules/auxiliary/dos/smtp/sendmail_prescan.rb,fbdc750885a5acbd7848e492797e56c47d5d1278,OSVDB-2577
618921880,Pflegusch/metasploit-module-research,modules/auxiliary/dos/smtp/sendmail_prescan.rb,fbdc750885a5acbd7848e492797e56c47d5d1278,CVE-2003-0694
618921880,Pflegusch/metasploit-module-research,modules/auxiliary/dos/smtp/sendmail_prescan.rb,fbdc750885a5acbd7848e492797e56c47d5d1278,BID-8641
618921880,Pflegusch/metasploit-module-research,modules/exploits/linux/samba/lsa_transnames_heap.rb,fbe54f04b6690deb65fa5010e551880ae3c8ffe1,OSVDB-34699
618921880,Pflegusch/metasploit-module-research,modules/exploits/linux/samba/lsa_transnames_heap.rb,fbe54f04b6690deb65fa5010e551880ae3c8ffe1,CVE-2007-2446
618921880,Pflegusch/metasploit-module-research,modules/exploits/osx/local/rootpipe.rb,fc10c6ddadbee7d76295a6a07627cb2316657372,OSVDB-114114
618921880,Pflegusch/metasploit-module-research,modules/exploits/osx/local/rootpipe.rb,fc10c6ddadbee7d76295a6a07627cb2316657372,CVE-2015-1130
618921880,Pflegusch/metasploit-module-research,modules/exploits/windows/smtp/mailcarrier_smtp_ehlo.rb,fc1b75654a4f0313d727880082642d7f2f527d0d,BID-11535
618921880,Pflegusch/metasploit-module-research,modules/exploits/windows/smtp/mailcarrier_smtp_ehlo.rb,fc1b75654a4f0313d727880082642d7f2f527d0d,CVE-2004-1638
618921880,Pflegusch/metasploit-module-research,modules/exploits/windows/smtp/mailcarrier_smtp_ehlo.rb,fc1b75654a4f0313d727880082642d7f2f527d0d,OSVDB-11174
618921880,Pflegusch/metasploit-module-research,modules/exploits/multi/http/struts2_content_type_ognl.rb,fc249547f0b7efe872d0b910996e687d14cb0d3b,CVE-2017-5638
618921880,Pflegusch/metasploit-module-research,modules/exploits/linux/http/webmin_backdoor.rb,fc3002713c59231402778c498bbf8bd2421c796a,CVE-2019-15107
618921880,Pflegusch/metasploit-module-research,modules/exploits/windows/fileformat/wm_downloader_m3u.rb,fc465aa3a62f13fc41cedbe708d43ba237911ed8,OSVDB-66911
618921880,Pflegusch/metasploit-module-research,modules/exploits/multi/http/moodle_spelling_binary_rce.rb,fc5216bdb2f1bae22345714b5915efe91447fe3e,CVE-2013-4341
618921880,Pflegusch/metasploit-module-research,modules/exploits/multi/http/moodle_spelling_binary_rce.rb,fc5216bdb2f1bae22345714b5915efe91447fe3e,CVE-2013-3630
618921880,Pflegusch/metasploit-module-research,modules/exploits/multi/http/moodle_spelling_binary_rce.rb,fc5216bdb2f1bae22345714b5915efe91447fe3e,CVE-2021-21809
618921880,Pflegusch/metasploit-module-research,modules/exploits/linux/local/bpf_sign_extension_priv_esc.rb,fc58c52d368ef862b3fcf530e407ae828c93c956,GPZ-1454
618921880,Pflegusch/metasploit-module-research,modules/exploits/linux/local/bpf_sign_extension_priv_esc.rb,fc58c52d368ef862b3fcf530e407ae828c93c956,CVE-2017-16995
618921880,Pflegusch/metasploit-module-research,modules/exploits/linux/local/bpf_sign_extension_priv_esc.rb,fc58c52d368ef862b3fcf530e407ae828c93c956,BID-102288
618921880,Pflegusch/metasploit-module-research,modules/auxiliary/scanner/telnet/satel_cmd_exec.rb,fc7c67b8fd9bf3caa70aef438fde6360a9fc380c,CVE-2017-6048
618921880,Pflegusch/metasploit-module-research,modules/auxiliary/gather/vbulletin_getindexablecontent_sqli.rb,fcc46b735deeec7afcaf9857b0d4605ee4323f41,CVE-2020-12720
618921880,Pflegusch/metasploit-module-research,modules/exploits/windows/misc/wireshark_packet_dect.rb,fccae26492db4fa8518f7bf8038edf7efe7905b2,OSVDB-71848
618921880,Pflegusch/metasploit-module-research,modules/exploits/windows/misc/wireshark_packet_dect.rb,fccae26492db4fa8518f7bf8038edf7efe7905b2,CVE-2011-1591
618921880,Pflegusch/metasploit-module-research,modules/auxiliary/scanner/nfs/nfsmount.rb,fcd81bb9775cb89448f12a54812732def9237f63,CVE-1999-0170
618921880,Pflegusch/metasploit-module-research,modules/exploits/multi/http/glpi_install_rce.rb,fcf11ef85633a94b03694b5488a5f4daf64df4c2,CVE-2013-5696
618921880,Pflegusch/metasploit-module-research,modules/exploits/linux/samba/trans2open.rb,fd465dbf262824f5af8ac1f095353d6fe11ef582,BID-7294
618921880,Pflegusch/metasploit-module-research,modules/exploits/linux/samba/trans2open.rb,fd465dbf262824f5af8ac1f095353d6fe11ef582,CVE-2003-0201
618921880,Pflegusch/metasploit-module-research,modules/exploits/linux/samba/trans2open.rb,fd465dbf262824f5af8ac1f095353d6fe11ef582,OSVDB-4469
618921880,Pflegusch/metasploit-module-research,modules/exploits/windows/ftp/sami_ftpd_user.rb,fd468e07ace5abd92708e426abfb97956eb632cf,BID-16370
618921880,Pflegusch/metasploit-module-research,modules/exploits/windows/ftp/sami_ftpd_user.rb,fd468e07ace5abd92708e426abfb97956eb632cf,BID-17835
618921880,Pflegusch/metasploit-module-research,modules/exploits/windows/ftp/sami_ftpd_user.rb,fd468e07ace5abd92708e426abfb97956eb632cf,CVE-2006-0441
618921880,Pflegusch/metasploit-module-research,modules/exploits/windows/ftp/sami_ftpd_user.rb,fd468e07ace5abd92708e426abfb97956eb632cf,CVE-2006-2212
618921880,Pflegusch/metasploit-module-research,modules/exploits/windows/ftp/sami_ftpd_user.rb,fd468e07ace5abd92708e426abfb97956eb632cf,BID-22045
618921880,Pflegusch/metasploit-module-research,modules/exploits/windows/ftp/sami_ftpd_user.rb,fd468e07ace5abd92708e426abfb97956eb632cf,OSVDB-25670
618921880,Pflegusch/metasploit-module-research,modules/exploits/windows/fileformat/varicad_dwb.rb,fd74e6d80afdd17222a677ab8e0bb713cdabf838,OSVDB-63067
618921880,Pflegusch/metasploit-module-research,modules/exploits/windows/fileformat/varicad_dwb.rb,fd74e6d80afdd17222a677ab8e0bb713cdabf838,BID-38815
618921880,Pflegusch/metasploit-module-research,modules/auxiliary/admin/hp/hp_imc_som_create_account.rb,fd93c4ca535dded80e3d4767ec12b6165bc5d293,BID-62902
618921880,Pflegusch/metasploit-module-research,modules/auxiliary/admin/hp/hp_imc_som_create_account.rb,fd93c4ca535dded80e3d4767ec12b6165bc5d293,OSVDB-98249
618921880,Pflegusch/metasploit-module-research,modules/auxiliary/admin/hp/hp_imc_som_create_account.rb,fd93c4ca535dded80e3d4767ec12b6165bc5d293,CVE-2013-4824
618921880,Pflegusch/metasploit-module-research,modules/exploits/windows/fileformat/adobe_utilprintf.rb,fdcf7532a2f47e4f90cb208e4048a914cf426a02,OSVDB-49520
618921880,Pflegusch/metasploit-module-research,modules/exploits/windows/fileformat/adobe_utilprintf.rb,fdcf7532a2f47e4f90cb208e4048a914cf426a02,CVE-2008-2992
618921880,Pflegusch/metasploit-module-research,modules/exploits/windows/lotus/lotusnotes_lzh.rb,fdd72d85c84bb760efcc8e341dc2d98de20e244b,BID-48018
618921880,Pflegusch/metasploit-module-research,modules/exploits/windows/lotus/lotusnotes_lzh.rb,fdd72d85c84bb760efcc8e341dc2d98de20e244b,OSVDB-72706
618921880,Pflegusch/metasploit-module-research,modules/exploits/windows/lotus/lotusnotes_lzh.rb,fdd72d85c84bb760efcc8e341dc2d98de20e244b,CVE-2011-1213
618921880,Pflegusch/metasploit-module-research,modules/exploits/linux/http/pyload_js2py_exec.rb,fdee49957d8e300bb6f427300401ebdf0f601c36,CVE-2023-0297
618921880,Pflegusch/metasploit-module-research,modules/exploits/osx/arkeia/type77.rb,fe0af152e03de7dc7a93530073f4e2114b6d1f89,CVE-2005-0491
618921880,Pflegusch/metasploit-module-research,modules/exploits/osx/arkeia/type77.rb,fe0af152e03de7dc7a93530073f4e2114b6d1f89,OSVDB-14011
618921880,Pflegusch/metasploit-module-research,modules/exploits/osx/arkeia/type77.rb,fe0af152e03de7dc7a93530073f4e2114b6d1f89,BID-12594
618921880,Pflegusch/metasploit-module-research,modules/exploits/multi/http/struts_code_exec_parameters.rb,fe27d6b70f6869a718fb6964b2c280b1a540696d,CVE-2011-3923
618921880,Pflegusch/metasploit-module-research,modules/exploits/multi/http/struts_code_exec_parameters.rb,fe27d6b70f6869a718fb6964b2c280b1a540696d,OSVDB-78501
618921880,Pflegusch/metasploit-module-research,modules/exploits/windows/local/gog_galaxyclientservice_privesc.rb,fe42eb7f11526a5774de8ee47a1656c1da4f3fc0,CVE-2020-7352
618921880,Pflegusch/metasploit-module-research,modules/exploits/windows/brightstor/mediasrv_sunrpc.rb,fe7380bda3ea405d634c01e7d3f9241379144b21,BID-23635
618921880,Pflegusch/metasploit-module-research,modules/exploits/windows/brightstor/mediasrv_sunrpc.rb,fe7380bda3ea405d634c01e7d3f9241379144b21,CVE-2007-2139
618921880,Pflegusch/metasploit-module-research,modules/exploits/windows/brightstor/mediasrv_sunrpc.rb,fe7380bda3ea405d634c01e7d3f9241379144b21,OSVDB-35326
618921880,Pflegusch/metasploit-module-research,modules/exploits/multi/browser/java_jre17_method_handle.rb,fe7e512f041d6075e4a79f3faf3a3757b0393ac8,BID-56057
618921880,Pflegusch/metasploit-module-research,modules/exploits/multi/browser/java_jre17_method_handle.rb,fe7e512f041d6075e4a79f3faf3a3757b0393ac8,OSVDB-86352
618921880,Pflegusch/metasploit-module-research,modules/exploits/multi/browser/java_jre17_method_handle.rb,fe7e512f041d6075e4a79f3faf3a3757b0393ac8,CVE-2012-5088
618921880,Pflegusch/metasploit-module-research,modules/auxiliary/gather/solarwinds_orion_sqli.rb,fe9c8ddd6e866da8c0a9bf55fa6b43fc57babb93,CVE-2014-9566
618921880,Pflegusch/metasploit-module-research,modules/exploits/linux/local/juju_run_agent_priv_esc.rb,fec84f419e18ceced6dec0738502bc0a9233b146,CVE-2017-9232
618921880,Pflegusch/metasploit-module-research,modules/exploits/linux/local/juju_run_agent_priv_esc.rb,fec84f419e18ceced6dec0738502bc0a9233b146,BID-98737
618921880,Pflegusch/metasploit-module-research,modules/exploits/windows/http/novell_mdm_lfi.rb,ff0a9063cc3276126d1393ab8b45b2b528406995,OSVDB-91119
618921880,Pflegusch/metasploit-module-research,modules/exploits/windows/http/novell_mdm_lfi.rb,ff0a9063cc3276126d1393ab8b45b2b528406995,CVE-2013-1081
618921880,Pflegusch/metasploit-module-research,modules/exploits/windows/browser/ibm_tivoli_pme_activex_bof.rb,ff258b67a5c680c533a2d2ab64ded46a13d45f66,BID-52252
618921880,Pflegusch/metasploit-module-research,modules/exploits/windows/browser/ibm_tivoli_pme_activex_bof.rb,ff258b67a5c680c533a2d2ab64ded46a13d45f66,CVE-2012-0198
618921880,Pflegusch/metasploit-module-research,modules/exploits/windows/browser/ibm_tivoli_pme_activex_bof.rb,ff258b67a5c680c533a2d2ab64ded46a13d45f66,OSVDB-79735
618921880,Pflegusch/metasploit-module-research,modules/exploits/multi/browser/java_getsoundbank_bof.rb,ff4b25cfa0b27d41f5ea595d0932221c66d52b41,CVE-2009-3867
618921880,Pflegusch/metasploit-module-research,modules/exploits/multi/browser/java_getsoundbank_bof.rb,ff4b25cfa0b27d41f5ea595d0932221c66d52b41,BID-36881
618921880,Pflegusch/metasploit-module-research,modules/exploits/multi/browser/java_getsoundbank_bof.rb,ff4b25cfa0b27d41f5ea595d0932221c66d52b41,OSVDB-59711
618921880,Pflegusch/metasploit-module-research,modules/auxiliary/scanner/ssl/openssl_ccs.rb,ff5e07097ce9142f51c6dd0470611c130d0b7c94,CVE-2014-0224
618921880,Pflegusch/metasploit-module-research,modules/exploits/windows/scada/factorylink_csservice.rb,ff8548127424f419c185525bb25d19806827e7cc,OSVDB-72812
618921880,Pflegusch/metasploit-module-research,modules/auxiliary/sqli/oracle/jvm_os_code_10g.rb,ffa6ee672e926e9d433b62d7947fd51ee5dae2b8,OSVDB-62184
618921880,Pflegusch/metasploit-module-research,modules/auxiliary/sqli/oracle/jvm_os_code_10g.rb,ffa6ee672e926e9d433b62d7947fd51ee5dae2b8,CVE-2010-0866
618921880,Pflegusch/metasploit-module-research,modules/exploits/unix/webapp/wp_total_cache_exec.rb,ffb96a573bc407ec3bce35d9ab30416cc04b3373,BID-59316
618921880,Pflegusch/metasploit-module-research,modules/exploits/unix/webapp/wp_total_cache_exec.rb,ffb96a573bc407ec3bce35d9ab30416cc04b3373,CVE-2013-2010
618921880,Pflegusch/metasploit-module-research,modules/exploits/unix/webapp/wp_total_cache_exec.rb,ffb96a573bc407ec3bce35d9ab30416cc04b3373,OSVDB-92652
618921880,Pflegusch/metasploit-module-research,modules/exploits/windows/fileformat/videocharge_studio.rb,ffd34387de7fb5f2b2d1236fa9ec1e012e3b8628,OSVDB-69616
618921880,Pflegusch/metasploit-module-research,modules/exploits/linux/local/exim4_deliver_message_priv_esc.rb,ffe14dc454c04580aa6731421035c245ae0dd74c,CVE-2019-10149
618921880,Pflegusch/metasploit-module-research,modules/exploits/unix/webapp/wp_holding_pattern_file_upload.rb,ffff309ac949563d2406a7b0af44c85a2ef6b724,CVE-2015-1172
