repo_id,repo_full_name,file,file_sha1,match
450360735,AlphabugX/CVE-2022-RCE,README.md,32d99e5a5a26e28a10bbc20ab4b4fff2d99c1da5,CVE-2022-20550
450360735,AlphabugX/CVE-2022-RCE,README.md,32d99e5a5a26e28a10bbc20ab4b4fff2d99c1da5,CVE-2022-22736
450360735,AlphabugX/CVE-2022-RCE,README.md,32d99e5a5a26e28a10bbc20ab4b4fff2d99c1da5,CVE-2022-22737
450360735,AlphabugX/CVE-2022-RCE,README.md,32d99e5a5a26e28a10bbc20ab4b4fff2d99c1da5,CVE-2022-22738
450360735,AlphabugX/CVE-2022-RCE,README.md,32d99e5a5a26e28a10bbc20ab4b4fff2d99c1da5,CVE-2022-22739
450360735,AlphabugX/CVE-2022-RCE,README.md,32d99e5a5a26e28a10bbc20ab4b4fff2d99c1da5,CVE-2022-22740
450360735,AlphabugX/CVE-2022-RCE,README.md,32d99e5a5a26e28a10bbc20ab4b4fff2d99c1da5,CVE-2022-22741
450360735,AlphabugX/CVE-2022-RCE,README.md,32d99e5a5a26e28a10bbc20ab4b4fff2d99c1da5,CVE-2022-22742
450360735,AlphabugX/CVE-2022-RCE,README.md,32d99e5a5a26e28a10bbc20ab4b4fff2d99c1da5,CVE-2022-22743
450360735,AlphabugX/CVE-2022-RCE,README.md,32d99e5a5a26e28a10bbc20ab4b4fff2d99c1da5,CVE-2022-22744
450360735,AlphabugX/CVE-2022-RCE,README.md,32d99e5a5a26e28a10bbc20ab4b4fff2d99c1da5,CVE-2022-22735
450360735,AlphabugX/CVE-2022-RCE,README.md,32d99e5a5a26e28a10bbc20ab4b4fff2d99c1da5,CVE-2022-22745
450360735,AlphabugX/CVE-2022-RCE,README.md,32d99e5a5a26e28a10bbc20ab4b4fff2d99c1da5,CVE-2022-22747
450360735,AlphabugX/CVE-2022-RCE,README.md,32d99e5a5a26e28a10bbc20ab4b4fff2d99c1da5,CVE-2022-22748
450360735,AlphabugX/CVE-2022-RCE,README.md,32d99e5a5a26e28a10bbc20ab4b4fff2d99c1da5,CVE-2022-22749
450360735,AlphabugX/CVE-2022-RCE,README.md,32d99e5a5a26e28a10bbc20ab4b4fff2d99c1da5,CVE-2022-22750
450360735,AlphabugX/CVE-2022-RCE,README.md,32d99e5a5a26e28a10bbc20ab4b4fff2d99c1da5,CVE-2022-22751
450360735,AlphabugX/CVE-2022-RCE,README.md,32d99e5a5a26e28a10bbc20ab4b4fff2d99c1da5,CVE-2022-22752
450360735,AlphabugX/CVE-2022-RCE,README.md,32d99e5a5a26e28a10bbc20ab4b4fff2d99c1da5,CVE-2022-22753
450360735,AlphabugX/CVE-2022-RCE,README.md,32d99e5a5a26e28a10bbc20ab4b4fff2d99c1da5,CVE-2022-22754
450360735,AlphabugX/CVE-2022-RCE,README.md,32d99e5a5a26e28a10bbc20ab4b4fff2d99c1da5,CVE-2022-22755
450360735,AlphabugX/CVE-2022-RCE,README.md,32d99e5a5a26e28a10bbc20ab4b4fff2d99c1da5,CVE-2022-22746
450360735,AlphabugX/CVE-2022-RCE,README.md,32d99e5a5a26e28a10bbc20ab4b4fff2d99c1da5,CVE-2022-22734
450360735,AlphabugX/CVE-2022-RCE,README.md,32d99e5a5a26e28a10bbc20ab4b4fff2d99c1da5,CVE-2022-22733
450360735,AlphabugX/CVE-2022-RCE,README.md,32d99e5a5a26e28a10bbc20ab4b4fff2d99c1da5,CVE-2022-22732
450360735,AlphabugX/CVE-2022-RCE,README.md,32d99e5a5a26e28a10bbc20ab4b4fff2d99c1da5,CVE-2022-22709
450360735,AlphabugX/CVE-2022-RCE,README.md,32d99e5a5a26e28a10bbc20ab4b4fff2d99c1da5,CVE-2022-22710
450360735,AlphabugX/CVE-2022-RCE,README.md,32d99e5a5a26e28a10bbc20ab4b4fff2d99c1da5,CVE-2022-22711
450360735,AlphabugX/CVE-2022-RCE,README.md,32d99e5a5a26e28a10bbc20ab4b4fff2d99c1da5,CVE-2022-22712
450360735,AlphabugX/CVE-2022-RCE,README.md,32d99e5a5a26e28a10bbc20ab4b4fff2d99c1da5,CVE-2022-22713
450360735,AlphabugX/CVE-2022-RCE,README.md,32d99e5a5a26e28a10bbc20ab4b4fff2d99c1da5,CVE-2022-22714
450360735,AlphabugX/CVE-2022-RCE,README.md,32d99e5a5a26e28a10bbc20ab4b4fff2d99c1da5,CVE-2022-22715
450360735,AlphabugX/CVE-2022-RCE,README.md,32d99e5a5a26e28a10bbc20ab4b4fff2d99c1da5,CVE-2022-22716
450360735,AlphabugX/CVE-2022-RCE,README.md,32d99e5a5a26e28a10bbc20ab4b4fff2d99c1da5,CVE-2022-22717
450360735,AlphabugX/CVE-2022-RCE,README.md,32d99e5a5a26e28a10bbc20ab4b4fff2d99c1da5,CVE-2022-22718
450360735,AlphabugX/CVE-2022-RCE,README.md,32d99e5a5a26e28a10bbc20ab4b4fff2d99c1da5,CVE-2022-22719
450360735,AlphabugX/CVE-2022-RCE,README.md,32d99e5a5a26e28a10bbc20ab4b4fff2d99c1da5,CVE-2022-22720
450360735,AlphabugX/CVE-2022-RCE,README.md,32d99e5a5a26e28a10bbc20ab4b4fff2d99c1da5,CVE-2022-22721
450360735,AlphabugX/CVE-2022-RCE,README.md,32d99e5a5a26e28a10bbc20ab4b4fff2d99c1da5,CVE-2022-22722
450360735,AlphabugX/CVE-2022-RCE,README.md,32d99e5a5a26e28a10bbc20ab4b4fff2d99c1da5,CVE-2022-22723
450360735,AlphabugX/CVE-2022-RCE,README.md,32d99e5a5a26e28a10bbc20ab4b4fff2d99c1da5,CVE-2022-22724
450360735,AlphabugX/CVE-2022-RCE,README.md,32d99e5a5a26e28a10bbc20ab4b4fff2d99c1da5,CVE-2022-22725
450360735,AlphabugX/CVE-2022-RCE,README.md,32d99e5a5a26e28a10bbc20ab4b4fff2d99c1da5,CVE-2022-22726
450360735,AlphabugX/CVE-2022-RCE,README.md,32d99e5a5a26e28a10bbc20ab4b4fff2d99c1da5,CVE-2022-22727
450360735,AlphabugX/CVE-2022-RCE,README.md,32d99e5a5a26e28a10bbc20ab4b4fff2d99c1da5,CVE-2022-22728
450360735,AlphabugX/CVE-2022-RCE,README.md,32d99e5a5a26e28a10bbc20ab4b4fff2d99c1da5,CVE-2022-22731
450360735,AlphabugX/CVE-2022-RCE,README.md,32d99e5a5a26e28a10bbc20ab4b4fff2d99c1da5,CVE-2022-22756
450360735,AlphabugX/CVE-2022-RCE,README.md,32d99e5a5a26e28a10bbc20ab4b4fff2d99c1da5,CVE-2022-22708
450360735,AlphabugX/CVE-2022-RCE,README.md,32d99e5a5a26e28a10bbc20ab4b4fff2d99c1da5,CVE-2022-22757
450360735,AlphabugX/CVE-2022-RCE,README.md,32d99e5a5a26e28a10bbc20ab4b4fff2d99c1da5,CVE-2022-22759
450360735,AlphabugX/CVE-2022-RCE,README.md,32d99e5a5a26e28a10bbc20ab4b4fff2d99c1da5,CVE-2022-22785
450360735,AlphabugX/CVE-2022-RCE,README.md,32d99e5a5a26e28a10bbc20ab4b4fff2d99c1da5,CVE-2022-22786
450360735,AlphabugX/CVE-2022-RCE,README.md,32d99e5a5a26e28a10bbc20ab4b4fff2d99c1da5,CVE-2022-22787
450360735,AlphabugX/CVE-2022-RCE,README.md,32d99e5a5a26e28a10bbc20ab4b4fff2d99c1da5,CVE-2022-22788
450360735,AlphabugX/CVE-2022-RCE,README.md,32d99e5a5a26e28a10bbc20ab4b4fff2d99c1da5,CVE-2022-22789
450360735,AlphabugX/CVE-2022-RCE,README.md,32d99e5a5a26e28a10bbc20ab4b4fff2d99c1da5,CVE-2022-22790
450360735,AlphabugX/CVE-2022-RCE,README.md,32d99e5a5a26e28a10bbc20ab4b4fff2d99c1da5,CVE-2022-22791
450360735,AlphabugX/CVE-2022-RCE,README.md,32d99e5a5a26e28a10bbc20ab4b4fff2d99c1da5,CVE-2022-22792
450360735,AlphabugX/CVE-2022-RCE,README.md,32d99e5a5a26e28a10bbc20ab4b4fff2d99c1da5,CVE-2022-22793
450360735,AlphabugX/CVE-2022-RCE,README.md,32d99e5a5a26e28a10bbc20ab4b4fff2d99c1da5,CVE-2022-22784
450360735,AlphabugX/CVE-2022-RCE,README.md,32d99e5a5a26e28a10bbc20ab4b4fff2d99c1da5,CVE-2022-22794
450360735,AlphabugX/CVE-2022-RCE,README.md,32d99e5a5a26e28a10bbc20ab4b4fff2d99c1da5,CVE-2022-22796
450360735,AlphabugX/CVE-2022-RCE,README.md,32d99e5a5a26e28a10bbc20ab4b4fff2d99c1da5,CVE-2022-22797
450360735,AlphabugX/CVE-2022-RCE,README.md,32d99e5a5a26e28a10bbc20ab4b4fff2d99c1da5,CVE-2022-22798
450360735,AlphabugX/CVE-2022-RCE,README.md,32d99e5a5a26e28a10bbc20ab4b4fff2d99c1da5,CVE-2022-22799
450360735,AlphabugX/CVE-2022-RCE,README.md,32d99e5a5a26e28a10bbc20ab4b4fff2d99c1da5,CVE-2022-22800
450360735,AlphabugX/CVE-2022-RCE,README.md,32d99e5a5a26e28a10bbc20ab4b4fff2d99c1da5,CVE-2022-22801
450360735,AlphabugX/CVE-2022-RCE,README.md,32d99e5a5a26e28a10bbc20ab4b4fff2d99c1da5,CVE-2022-22802
450360735,AlphabugX/CVE-2022-RCE,README.md,32d99e5a5a26e28a10bbc20ab4b4fff2d99c1da5,CVE-2022-22803
450360735,AlphabugX/CVE-2022-RCE,README.md,32d99e5a5a26e28a10bbc20ab4b4fff2d99c1da5,CVE-2022-22804
450360735,AlphabugX/CVE-2022-RCE,README.md,32d99e5a5a26e28a10bbc20ab4b4fff2d99c1da5,CVE-2022-22795
450360735,AlphabugX/CVE-2022-RCE,README.md,32d99e5a5a26e28a10bbc20ab4b4fff2d99c1da5,CVE-2022-22783
450360735,AlphabugX/CVE-2022-RCE,README.md,32d99e5a5a26e28a10bbc20ab4b4fff2d99c1da5,CVE-2022-22782
450360735,AlphabugX/CVE-2022-RCE,README.md,32d99e5a5a26e28a10bbc20ab4b4fff2d99c1da5,CVE-2022-22781
450360735,AlphabugX/CVE-2022-RCE,README.md,32d99e5a5a26e28a10bbc20ab4b4fff2d99c1da5,CVE-2022-22760
450360735,AlphabugX/CVE-2022-RCE,README.md,32d99e5a5a26e28a10bbc20ab4b4fff2d99c1da5,CVE-2022-22761
450360735,AlphabugX/CVE-2022-RCE,README.md,32d99e5a5a26e28a10bbc20ab4b4fff2d99c1da5,CVE-2022-22762
450360735,AlphabugX/CVE-2022-RCE,README.md,32d99e5a5a26e28a10bbc20ab4b4fff2d99c1da5,CVE-2022-22763
450360735,AlphabugX/CVE-2022-RCE,README.md,32d99e5a5a26e28a10bbc20ab4b4fff2d99c1da5,CVE-2022-22764
450360735,AlphabugX/CVE-2022-RCE,README.md,32d99e5a5a26e28a10bbc20ab4b4fff2d99c1da5,CVE-2022-22765
450360735,AlphabugX/CVE-2022-RCE,README.md,32d99e5a5a26e28a10bbc20ab4b4fff2d99c1da5,CVE-2022-22766
450360735,AlphabugX/CVE-2022-RCE,README.md,32d99e5a5a26e28a10bbc20ab4b4fff2d99c1da5,CVE-2022-22767
450360735,AlphabugX/CVE-2022-RCE,README.md,32d99e5a5a26e28a10bbc20ab4b4fff2d99c1da5,CVE-2022-22768
450360735,AlphabugX/CVE-2022-RCE,README.md,32d99e5a5a26e28a10bbc20ab4b4fff2d99c1da5,CVE-2022-22769
450360735,AlphabugX/CVE-2022-RCE,README.md,32d99e5a5a26e28a10bbc20ab4b4fff2d99c1da5,CVE-2022-22770
450360735,AlphabugX/CVE-2022-RCE,README.md,32d99e5a5a26e28a10bbc20ab4b4fff2d99c1da5,CVE-2022-22771
450360735,AlphabugX/CVE-2022-RCE,README.md,32d99e5a5a26e28a10bbc20ab4b4fff2d99c1da5,CVE-2022-22772
450360735,AlphabugX/CVE-2022-RCE,README.md,32d99e5a5a26e28a10bbc20ab4b4fff2d99c1da5,CVE-2022-22773
450360735,AlphabugX/CVE-2022-RCE,README.md,32d99e5a5a26e28a10bbc20ab4b4fff2d99c1da5,CVE-2022-22774
450360735,AlphabugX/CVE-2022-RCE,README.md,32d99e5a5a26e28a10bbc20ab4b4fff2d99c1da5,CVE-2022-22775
450360735,AlphabugX/CVE-2022-RCE,README.md,32d99e5a5a26e28a10bbc20ab4b4fff2d99c1da5,CVE-2022-22776
450360735,AlphabugX/CVE-2022-RCE,README.md,32d99e5a5a26e28a10bbc20ab4b4fff2d99c1da5,CVE-2022-22777
450360735,AlphabugX/CVE-2022-RCE,README.md,32d99e5a5a26e28a10bbc20ab4b4fff2d99c1da5,CVE-2022-22778
450360735,AlphabugX/CVE-2022-RCE,README.md,32d99e5a5a26e28a10bbc20ab4b4fff2d99c1da5,CVE-2022-22779
450360735,AlphabugX/CVE-2022-RCE,README.md,32d99e5a5a26e28a10bbc20ab4b4fff2d99c1da5,CVE-2022-22780
450360735,AlphabugX/CVE-2022-RCE,README.md,32d99e5a5a26e28a10bbc20ab4b4fff2d99c1da5,CVE-2022-22758
450360735,AlphabugX/CVE-2022-RCE,README.md,32d99e5a5a26e28a10bbc20ab4b4fff2d99c1da5,CVE-2022-22707
450360735,AlphabugX/CVE-2022-RCE,README.md,32d99e5a5a26e28a10bbc20ab4b4fff2d99c1da5,CVE-2022-22706
450360735,AlphabugX/CVE-2022-RCE,README.md,32d99e5a5a26e28a10bbc20ab4b4fff2d99c1da5,CVE-2022-22705
450360735,AlphabugX/CVE-2022-RCE,README.md,32d99e5a5a26e28a10bbc20ab4b4fff2d99c1da5,CVE-2022-22635
450360735,AlphabugX/CVE-2022-RCE,README.md,32d99e5a5a26e28a10bbc20ab4b4fff2d99c1da5,CVE-2022-22636
450360735,AlphabugX/CVE-2022-RCE,README.md,32d99e5a5a26e28a10bbc20ab4b4fff2d99c1da5,CVE-2022-22637
450360735,AlphabugX/CVE-2022-RCE,README.md,32d99e5a5a26e28a10bbc20ab4b4fff2d99c1da5,CVE-2022-22638
450360735,AlphabugX/CVE-2022-RCE,README.md,32d99e5a5a26e28a10bbc20ab4b4fff2d99c1da5,CVE-2022-22639
450360735,AlphabugX/CVE-2022-RCE,README.md,32d99e5a5a26e28a10bbc20ab4b4fff2d99c1da5,CVE-2022-22640
450360735,AlphabugX/CVE-2022-RCE,README.md,32d99e5a5a26e28a10bbc20ab4b4fff2d99c1da5,CVE-2022-22641
450360735,AlphabugX/CVE-2022-RCE,README.md,32d99e5a5a26e28a10bbc20ab4b4fff2d99c1da5,CVE-2022-22642
450360735,AlphabugX/CVE-2022-RCE,README.md,32d99e5a5a26e28a10bbc20ab4b4fff2d99c1da5,CVE-2022-22643
450360735,AlphabugX/CVE-2022-RCE,README.md,32d99e5a5a26e28a10bbc20ab4b4fff2d99c1da5,CVE-2022-22634
450360735,AlphabugX/CVE-2022-RCE,README.md,32d99e5a5a26e28a10bbc20ab4b4fff2d99c1da5,CVE-2022-22644
450360735,AlphabugX/CVE-2022-RCE,README.md,32d99e5a5a26e28a10bbc20ab4b4fff2d99c1da5,CVE-2022-22646
450360735,AlphabugX/CVE-2022-RCE,README.md,32d99e5a5a26e28a10bbc20ab4b4fff2d99c1da5,CVE-2022-22647
450360735,AlphabugX/CVE-2022-RCE,README.md,32d99e5a5a26e28a10bbc20ab4b4fff2d99c1da5,CVE-2022-22648
450360735,AlphabugX/CVE-2022-RCE,README.md,32d99e5a5a26e28a10bbc20ab4b4fff2d99c1da5,CVE-2022-22649
450360735,AlphabugX/CVE-2022-RCE,README.md,32d99e5a5a26e28a10bbc20ab4b4fff2d99c1da5,CVE-2022-22650
450360735,AlphabugX/CVE-2022-RCE,README.md,32d99e5a5a26e28a10bbc20ab4b4fff2d99c1da5,CVE-2022-22651
450360735,AlphabugX/CVE-2022-RCE,README.md,32d99e5a5a26e28a10bbc20ab4b4fff2d99c1da5,CVE-2022-22652
450360735,AlphabugX/CVE-2022-RCE,README.md,32d99e5a5a26e28a10bbc20ab4b4fff2d99c1da5,CVE-2022-22653
450360735,AlphabugX/CVE-2022-RCE,README.md,32d99e5a5a26e28a10bbc20ab4b4fff2d99c1da5,CVE-2022-22654
450360735,AlphabugX/CVE-2022-RCE,README.md,32d99e5a5a26e28a10bbc20ab4b4fff2d99c1da5,CVE-2022-22645
450360735,AlphabugX/CVE-2022-RCE,README.md,32d99e5a5a26e28a10bbc20ab4b4fff2d99c1da5,CVE-2022-22633
450360735,AlphabugX/CVE-2022-RCE,README.md,32d99e5a5a26e28a10bbc20ab4b4fff2d99c1da5,CVE-2022-22632
450360735,AlphabugX/CVE-2022-RCE,README.md,32d99e5a5a26e28a10bbc20ab4b4fff2d99c1da5,CVE-2022-22631
450360735,AlphabugX/CVE-2022-RCE,README.md,32d99e5a5a26e28a10bbc20ab4b4fff2d99c1da5,CVE-2022-22610
450360735,AlphabugX/CVE-2022-RCE,README.md,32d99e5a5a26e28a10bbc20ab4b4fff2d99c1da5,CVE-2022-22611
450360735,AlphabugX/CVE-2022-RCE,README.md,32d99e5a5a26e28a10bbc20ab4b4fff2d99c1da5,CVE-2022-22612
450360735,AlphabugX/CVE-2022-RCE,README.md,32d99e5a5a26e28a10bbc20ab4b4fff2d99c1da5,CVE-2022-22613
450360735,AlphabugX/CVE-2022-RCE,README.md,32d99e5a5a26e28a10bbc20ab4b4fff2d99c1da5,CVE-2022-22614
450360735,AlphabugX/CVE-2022-RCE,README.md,32d99e5a5a26e28a10bbc20ab4b4fff2d99c1da5,CVE-2022-22615
450360735,AlphabugX/CVE-2022-RCE,README.md,32d99e5a5a26e28a10bbc20ab4b4fff2d99c1da5,CVE-2022-22616
450360735,AlphabugX/CVE-2022-RCE,README.md,32d99e5a5a26e28a10bbc20ab4b4fff2d99c1da5,CVE-2022-22617
450360735,AlphabugX/CVE-2022-RCE,README.md,32d99e5a5a26e28a10bbc20ab4b4fff2d99c1da5,CVE-2022-22618
450360735,AlphabugX/CVE-2022-RCE,README.md,32d99e5a5a26e28a10bbc20ab4b4fff2d99c1da5,CVE-2022-22619
450360735,AlphabugX/CVE-2022-RCE,README.md,32d99e5a5a26e28a10bbc20ab4b4fff2d99c1da5,CVE-2022-22620
450360735,AlphabugX/CVE-2022-RCE,README.md,32d99e5a5a26e28a10bbc20ab4b4fff2d99c1da5,CVE-2022-22621
450360735,AlphabugX/CVE-2022-RCE,README.md,32d99e5a5a26e28a10bbc20ab4b4fff2d99c1da5,CVE-2022-22622
450360735,AlphabugX/CVE-2022-RCE,README.md,32d99e5a5a26e28a10bbc20ab4b4fff2d99c1da5,CVE-2022-22623
450360735,AlphabugX/CVE-2022-RCE,README.md,32d99e5a5a26e28a10bbc20ab4b4fff2d99c1da5,CVE-2022-22624
450360735,AlphabugX/CVE-2022-RCE,README.md,32d99e5a5a26e28a10bbc20ab4b4fff2d99c1da5,CVE-2022-22625
450360735,AlphabugX/CVE-2022-RCE,README.md,32d99e5a5a26e28a10bbc20ab4b4fff2d99c1da5,CVE-2022-22626
450360735,AlphabugX/CVE-2022-RCE,README.md,32d99e5a5a26e28a10bbc20ab4b4fff2d99c1da5,CVE-2022-22627
450360735,AlphabugX/CVE-2022-RCE,README.md,32d99e5a5a26e28a10bbc20ab4b4fff2d99c1da5,CVE-2022-22628
450360735,AlphabugX/CVE-2022-RCE,README.md,32d99e5a5a26e28a10bbc20ab4b4fff2d99c1da5,CVE-2022-22629
450360735,AlphabugX/CVE-2022-RCE,README.md,32d99e5a5a26e28a10bbc20ab4b4fff2d99c1da5,CVE-2022-22630
450360735,AlphabugX/CVE-2022-RCE,README.md,32d99e5a5a26e28a10bbc20ab4b4fff2d99c1da5,CVE-2022-22655
450360735,AlphabugX/CVE-2022-RCE,README.md,32d99e5a5a26e28a10bbc20ab4b4fff2d99c1da5,CVE-2022-22656
450360735,AlphabugX/CVE-2022-RCE,README.md,32d99e5a5a26e28a10bbc20ab4b4fff2d99c1da5,CVE-2022-22657
450360735,AlphabugX/CVE-2022-RCE,README.md,32d99e5a5a26e28a10bbc20ab4b4fff2d99c1da5,CVE-2022-22658
450360735,AlphabugX/CVE-2022-RCE,README.md,32d99e5a5a26e28a10bbc20ab4b4fff2d99c1da5,CVE-2022-22684
450360735,AlphabugX/CVE-2022-RCE,README.md,32d99e5a5a26e28a10bbc20ab4b4fff2d99c1da5,CVE-2022-22685
450360735,AlphabugX/CVE-2022-RCE,README.md,32d99e5a5a26e28a10bbc20ab4b4fff2d99c1da5,CVE-2022-22686
450360735,AlphabugX/CVE-2022-RCE,README.md,32d99e5a5a26e28a10bbc20ab4b4fff2d99c1da5,CVE-2022-22687
450360735,AlphabugX/CVE-2022-RCE,README.md,32d99e5a5a26e28a10bbc20ab4b4fff2d99c1da5,CVE-2022-22688
450360735,AlphabugX/CVE-2022-RCE,README.md,32d99e5a5a26e28a10bbc20ab4b4fff2d99c1da5,CVE-2022-22689
450360735,AlphabugX/CVE-2022-RCE,README.md,32d99e5a5a26e28a10bbc20ab4b4fff2d99c1da5,CVE-2022-22690
450360735,AlphabugX/CVE-2022-RCE,README.md,32d99e5a5a26e28a10bbc20ab4b4fff2d99c1da5,CVE-2022-22691
450360735,AlphabugX/CVE-2022-RCE,README.md,32d99e5a5a26e28a10bbc20ab4b4fff2d99c1da5,CVE-2022-22692
450360735,AlphabugX/CVE-2022-RCE,README.md,32d99e5a5a26e28a10bbc20ab4b4fff2d99c1da5,CVE-2022-22693
450360735,AlphabugX/CVE-2022-RCE,README.md,32d99e5a5a26e28a10bbc20ab4b4fff2d99c1da5,CVE-2022-22694
450360735,AlphabugX/CVE-2022-RCE,README.md,32d99e5a5a26e28a10bbc20ab4b4fff2d99c1da5,CVE-2022-22695
450360735,AlphabugX/CVE-2022-RCE,README.md,32d99e5a5a26e28a10bbc20ab4b4fff2d99c1da5,CVE-2022-22696
450360735,AlphabugX/CVE-2022-RCE,README.md,32d99e5a5a26e28a10bbc20ab4b4fff2d99c1da5,CVE-2022-22697
450360735,AlphabugX/CVE-2022-RCE,README.md,32d99e5a5a26e28a10bbc20ab4b4fff2d99c1da5,CVE-2022-22698
450360735,AlphabugX/CVE-2022-RCE,README.md,32d99e5a5a26e28a10bbc20ab4b4fff2d99c1da5,CVE-2022-22699
450360735,AlphabugX/CVE-2022-RCE,README.md,32d99e5a5a26e28a10bbc20ab4b4fff2d99c1da5,CVE-2022-22700
450360735,AlphabugX/CVE-2022-RCE,README.md,32d99e5a5a26e28a10bbc20ab4b4fff2d99c1da5,CVE-2022-22701
450360735,AlphabugX/CVE-2022-RCE,README.md,32d99e5a5a26e28a10bbc20ab4b4fff2d99c1da5,CVE-2022-22702
450360735,AlphabugX/CVE-2022-RCE,README.md,32d99e5a5a26e28a10bbc20ab4b4fff2d99c1da5,CVE-2022-22703
450360735,AlphabugX/CVE-2022-RCE,README.md,32d99e5a5a26e28a10bbc20ab4b4fff2d99c1da5,CVE-2022-22704
450360735,AlphabugX/CVE-2022-RCE,README.md,32d99e5a5a26e28a10bbc20ab4b4fff2d99c1da5,CVE-2022-22683
450360735,AlphabugX/CVE-2022-RCE,README.md,32d99e5a5a26e28a10bbc20ab4b4fff2d99c1da5,CVE-2022-22805
450360735,AlphabugX/CVE-2022-RCE,README.md,32d99e5a5a26e28a10bbc20ab4b4fff2d99c1da5,CVE-2022-22682
450360735,AlphabugX/CVE-2022-RCE,README.md,32d99e5a5a26e28a10bbc20ab4b4fff2d99c1da5,CVE-2022-22680
450360735,AlphabugX/CVE-2022-RCE,README.md,32d99e5a5a26e28a10bbc20ab4b4fff2d99c1da5,CVE-2022-22659
450360735,AlphabugX/CVE-2022-RCE,README.md,32d99e5a5a26e28a10bbc20ab4b4fff2d99c1da5,CVE-2022-22660
450360735,AlphabugX/CVE-2022-RCE,README.md,32d99e5a5a26e28a10bbc20ab4b4fff2d99c1da5,CVE-2022-22661
450360735,AlphabugX/CVE-2022-RCE,README.md,32d99e5a5a26e28a10bbc20ab4b4fff2d99c1da5,CVE-2022-22662
450360735,AlphabugX/CVE-2022-RCE,README.md,32d99e5a5a26e28a10bbc20ab4b4fff2d99c1da5,CVE-2022-22663
450360735,AlphabugX/CVE-2022-RCE,README.md,32d99e5a5a26e28a10bbc20ab4b4fff2d99c1da5,CVE-2022-22664
450360735,AlphabugX/CVE-2022-RCE,README.md,32d99e5a5a26e28a10bbc20ab4b4fff2d99c1da5,CVE-2022-22665
450360735,AlphabugX/CVE-2022-RCE,README.md,32d99e5a5a26e28a10bbc20ab4b4fff2d99c1da5,CVE-2022-22666
450360735,AlphabugX/CVE-2022-RCE,README.md,32d99e5a5a26e28a10bbc20ab4b4fff2d99c1da5,CVE-2022-22667
450360735,AlphabugX/CVE-2022-RCE,README.md,32d99e5a5a26e28a10bbc20ab4b4fff2d99c1da5,CVE-2022-22668
450360735,AlphabugX/CVE-2022-RCE,README.md,32d99e5a5a26e28a10bbc20ab4b4fff2d99c1da5,CVE-2022-22669
450360735,AlphabugX/CVE-2022-RCE,README.md,32d99e5a5a26e28a10bbc20ab4b4fff2d99c1da5,CVE-2022-22670
450360735,AlphabugX/CVE-2022-RCE,README.md,32d99e5a5a26e28a10bbc20ab4b4fff2d99c1da5,CVE-2022-22671
450360735,AlphabugX/CVE-2022-RCE,README.md,32d99e5a5a26e28a10bbc20ab4b4fff2d99c1da5,CVE-2022-22672
450360735,AlphabugX/CVE-2022-RCE,README.md,32d99e5a5a26e28a10bbc20ab4b4fff2d99c1da5,CVE-2022-22673
450360735,AlphabugX/CVE-2022-RCE,README.md,32d99e5a5a26e28a10bbc20ab4b4fff2d99c1da5,CVE-2022-22674
450360735,AlphabugX/CVE-2022-RCE,README.md,32d99e5a5a26e28a10bbc20ab4b4fff2d99c1da5,CVE-2022-22675
450360735,AlphabugX/CVE-2022-RCE,README.md,32d99e5a5a26e28a10bbc20ab4b4fff2d99c1da5,CVE-2022-22676
450360735,AlphabugX/CVE-2022-RCE,README.md,32d99e5a5a26e28a10bbc20ab4b4fff2d99c1da5,CVE-2022-22677
450360735,AlphabugX/CVE-2022-RCE,README.md,32d99e5a5a26e28a10bbc20ab4b4fff2d99c1da5,CVE-2022-22678
450360735,AlphabugX/CVE-2022-RCE,README.md,32d99e5a5a26e28a10bbc20ab4b4fff2d99c1da5,CVE-2022-22679
450360735,AlphabugX/CVE-2022-RCE,README.md,32d99e5a5a26e28a10bbc20ab4b4fff2d99c1da5,CVE-2022-22681
450360735,AlphabugX/CVE-2022-RCE,README.md,32d99e5a5a26e28a10bbc20ab4b4fff2d99c1da5,CVE-2022-22609
450360735,AlphabugX/CVE-2022-RCE,README.md,32d99e5a5a26e28a10bbc20ab4b4fff2d99c1da5,CVE-2022-22806
450360735,AlphabugX/CVE-2022-RCE,README.md,32d99e5a5a26e28a10bbc20ab4b4fff2d99c1da5,CVE-2022-22808
450360735,AlphabugX/CVE-2022-RCE,README.md,32d99e5a5a26e28a10bbc20ab4b4fff2d99c1da5,CVE-2022-22933
450360735,AlphabugX/CVE-2022-RCE,README.md,32d99e5a5a26e28a10bbc20ab4b4fff2d99c1da5,CVE-2022-22934
450360735,AlphabugX/CVE-2022-RCE,README.md,32d99e5a5a26e28a10bbc20ab4b4fff2d99c1da5,CVE-2022-22935
450360735,AlphabugX/CVE-2022-RCE,README.md,32d99e5a5a26e28a10bbc20ab4b4fff2d99c1da5,CVE-2022-22936
450360735,AlphabugX/CVE-2022-RCE,README.md,32d99e5a5a26e28a10bbc20ab4b4fff2d99c1da5,CVE-2022-22937
450360735,AlphabugX/CVE-2022-RCE,README.md,32d99e5a5a26e28a10bbc20ab4b4fff2d99c1da5,CVE-2022-22938
450360735,AlphabugX/CVE-2022-RCE,README.md,32d99e5a5a26e28a10bbc20ab4b4fff2d99c1da5,CVE-2022-22939
450360735,AlphabugX/CVE-2022-RCE,README.md,32d99e5a5a26e28a10bbc20ab4b4fff2d99c1da5,CVE-2022-22940
450360735,AlphabugX/CVE-2022-RCE,README.md,32d99e5a5a26e28a10bbc20ab4b4fff2d99c1da5,CVE-2022-22941
450360735,AlphabugX/CVE-2022-RCE,README.md,32d99e5a5a26e28a10bbc20ab4b4fff2d99c1da5,CVE-2022-22932
450360735,AlphabugX/CVE-2022-RCE,README.md,32d99e5a5a26e28a10bbc20ab4b4fff2d99c1da5,CVE-2022-22942
450360735,AlphabugX/CVE-2022-RCE,README.md,32d99e5a5a26e28a10bbc20ab4b4fff2d99c1da5,CVE-2022-22944
450360735,AlphabugX/CVE-2022-RCE,README.md,32d99e5a5a26e28a10bbc20ab4b4fff2d99c1da5,CVE-2022-22945
450360735,AlphabugX/CVE-2022-RCE,README.md,32d99e5a5a26e28a10bbc20ab4b4fff2d99c1da5,CVE-2022-22946
450360735,AlphabugX/CVE-2022-RCE,README.md,32d99e5a5a26e28a10bbc20ab4b4fff2d99c1da5,CVE-2022-22947
450360735,AlphabugX/CVE-2022-RCE,README.md,32d99e5a5a26e28a10bbc20ab4b4fff2d99c1da5,CVE-2022-22948
450360735,AlphabugX/CVE-2022-RCE,README.md,32d99e5a5a26e28a10bbc20ab4b4fff2d99c1da5,CVE-2022-22949
450360735,AlphabugX/CVE-2022-RCE,README.md,32d99e5a5a26e28a10bbc20ab4b4fff2d99c1da5,CVE-2022-22950
450360735,AlphabugX/CVE-2022-RCE,README.md,32d99e5a5a26e28a10bbc20ab4b4fff2d99c1da5,CVE-2022-22951
450360735,AlphabugX/CVE-2022-RCE,README.md,32d99e5a5a26e28a10bbc20ab4b4fff2d99c1da5,CVE-2022-22952
450360735,AlphabugX/CVE-2022-RCE,README.md,32d99e5a5a26e28a10bbc20ab4b4fff2d99c1da5,CVE-2022-22943
450360735,AlphabugX/CVE-2022-RCE,README.md,32d99e5a5a26e28a10bbc20ab4b4fff2d99c1da5,CVE-2022-22931
450360735,AlphabugX/CVE-2022-RCE,README.md,32d99e5a5a26e28a10bbc20ab4b4fff2d99c1da5,CVE-2022-22930
450360735,AlphabugX/CVE-2022-RCE,README.md,32d99e5a5a26e28a10bbc20ab4b4fff2d99c1da5,CVE-2022-22929
450360735,AlphabugX/CVE-2022-RCE,README.md,32d99e5a5a26e28a10bbc20ab4b4fff2d99c1da5,CVE-2022-22908
450360735,AlphabugX/CVE-2022-RCE,README.md,32d99e5a5a26e28a10bbc20ab4b4fff2d99c1da5,CVE-2022-22909
450360735,AlphabugX/CVE-2022-RCE,README.md,32d99e5a5a26e28a10bbc20ab4b4fff2d99c1da5,CVE-2022-22910
450360735,AlphabugX/CVE-2022-RCE,README.md,32d99e5a5a26e28a10bbc20ab4b4fff2d99c1da5,CVE-2022-22911
450360735,AlphabugX/CVE-2022-RCE,README.md,32d99e5a5a26e28a10bbc20ab4b4fff2d99c1da5,CVE-2022-22912
450360735,AlphabugX/CVE-2022-RCE,README.md,32d99e5a5a26e28a10bbc20ab4b4fff2d99c1da5,CVE-2022-22913
450360735,AlphabugX/CVE-2022-RCE,README.md,32d99e5a5a26e28a10bbc20ab4b4fff2d99c1da5,CVE-2022-22914
450360735,AlphabugX/CVE-2022-RCE,README.md,32d99e5a5a26e28a10bbc20ab4b4fff2d99c1da5,CVE-2022-22915
450360735,AlphabugX/CVE-2022-RCE,README.md,32d99e5a5a26e28a10bbc20ab4b4fff2d99c1da5,CVE-2022-22916
450360735,AlphabugX/CVE-2022-RCE,README.md,32d99e5a5a26e28a10bbc20ab4b4fff2d99c1da5,CVE-2022-22917
450360735,AlphabugX/CVE-2022-RCE,README.md,32d99e5a5a26e28a10bbc20ab4b4fff2d99c1da5,CVE-2022-22918
450360735,AlphabugX/CVE-2022-RCE,README.md,32d99e5a5a26e28a10bbc20ab4b4fff2d99c1da5,CVE-2022-22919
450360735,AlphabugX/CVE-2022-RCE,README.md,32d99e5a5a26e28a10bbc20ab4b4fff2d99c1da5,CVE-2022-22920
450360735,AlphabugX/CVE-2022-RCE,README.md,32d99e5a5a26e28a10bbc20ab4b4fff2d99c1da5,CVE-2022-22921
450360735,AlphabugX/CVE-2022-RCE,README.md,32d99e5a5a26e28a10bbc20ab4b4fff2d99c1da5,CVE-2022-22922
450360735,AlphabugX/CVE-2022-RCE,README.md,32d99e5a5a26e28a10bbc20ab4b4fff2d99c1da5,CVE-2022-22923
450360735,AlphabugX/CVE-2022-RCE,README.md,32d99e5a5a26e28a10bbc20ab4b4fff2d99c1da5,CVE-2022-22924
450360735,AlphabugX/CVE-2022-RCE,README.md,32d99e5a5a26e28a10bbc20ab4b4fff2d99c1da5,CVE-2022-22925
450360735,AlphabugX/CVE-2022-RCE,README.md,32d99e5a5a26e28a10bbc20ab4b4fff2d99c1da5,CVE-2022-22926
450360735,AlphabugX/CVE-2022-RCE,README.md,32d99e5a5a26e28a10bbc20ab4b4fff2d99c1da5,CVE-2022-22927
450360735,AlphabugX/CVE-2022-RCE,README.md,32d99e5a5a26e28a10bbc20ab4b4fff2d99c1da5,CVE-2022-22928
450360735,AlphabugX/CVE-2022-RCE,README.md,32d99e5a5a26e28a10bbc20ab4b4fff2d99c1da5,CVE-2022-22953
450360735,AlphabugX/CVE-2022-RCE,README.md,32d99e5a5a26e28a10bbc20ab4b4fff2d99c1da5,CVE-2022-22907
450360735,AlphabugX/CVE-2022-RCE,README.md,32d99e5a5a26e28a10bbc20ab4b4fff2d99c1da5,CVE-2022-22954
450360735,AlphabugX/CVE-2022-RCE,README.md,32d99e5a5a26e28a10bbc20ab4b4fff2d99c1da5,CVE-2022-22956
450360735,AlphabugX/CVE-2022-RCE,README.md,32d99e5a5a26e28a10bbc20ab4b4fff2d99c1da5,CVE-2022-22982
450360735,AlphabugX/CVE-2022-RCE,README.md,32d99e5a5a26e28a10bbc20ab4b4fff2d99c1da5,CVE-2022-22983
450360735,AlphabugX/CVE-2022-RCE,README.md,32d99e5a5a26e28a10bbc20ab4b4fff2d99c1da5,CVE-2022-22988
450360735,AlphabugX/CVE-2022-RCE,README.md,32d99e5a5a26e28a10bbc20ab4b4fff2d99c1da5,CVE-2022-22989
450360735,AlphabugX/CVE-2022-RCE,README.md,32d99e5a5a26e28a10bbc20ab4b4fff2d99c1da5,CVE-2022-22990
450360735,AlphabugX/CVE-2022-RCE,README.md,32d99e5a5a26e28a10bbc20ab4b4fff2d99c1da5,CVE-2022-22991
450360735,AlphabugX/CVE-2022-RCE,README.md,32d99e5a5a26e28a10bbc20ab4b4fff2d99c1da5,CVE-2022-22992
450360735,AlphabugX/CVE-2022-RCE,README.md,32d99e5a5a26e28a10bbc20ab4b4fff2d99c1da5,CVE-2022-22993
450360735,AlphabugX/CVE-2022-RCE,README.md,32d99e5a5a26e28a10bbc20ab4b4fff2d99c1da5,CVE-2022-22994
450360735,AlphabugX/CVE-2022-RCE,README.md,32d99e5a5a26e28a10bbc20ab4b4fff2d99c1da5,CVE-2022-22981
450360735,AlphabugX/CVE-2022-RCE,README.md,32d99e5a5a26e28a10bbc20ab4b4fff2d99c1da5,CVE-2022-22995
450360735,AlphabugX/CVE-2022-RCE,README.md,32d99e5a5a26e28a10bbc20ab4b4fff2d99c1da5,CVE-2022-22997
450360735,AlphabugX/CVE-2022-RCE,README.md,32d99e5a5a26e28a10bbc20ab4b4fff2d99c1da5,CVE-2022-22998
450360735,AlphabugX/CVE-2022-RCE,README.md,32d99e5a5a26e28a10bbc20ab4b4fff2d99c1da5,CVE-2022-22999
450360735,AlphabugX/CVE-2022-RCE,README.md,32d99e5a5a26e28a10bbc20ab4b4fff2d99c1da5,CVE-2022-23000
450360735,AlphabugX/CVE-2022-RCE,README.md,32d99e5a5a26e28a10bbc20ab4b4fff2d99c1da5,CVE-2022-23001
450360735,AlphabugX/CVE-2022-RCE,README.md,32d99e5a5a26e28a10bbc20ab4b4fff2d99c1da5,CVE-2022-23002
450360735,AlphabugX/CVE-2022-RCE,README.md,32d99e5a5a26e28a10bbc20ab4b4fff2d99c1da5,CVE-2022-23003
450360735,AlphabugX/CVE-2022-RCE,README.md,32d99e5a5a26e28a10bbc20ab4b4fff2d99c1da5,CVE-2022-23004
450360735,AlphabugX/CVE-2022-RCE,README.md,32d99e5a5a26e28a10bbc20ab4b4fff2d99c1da5,CVE-2022-23005
450360735,AlphabugX/CVE-2022-RCE,README.md,32d99e5a5a26e28a10bbc20ab4b4fff2d99c1da5,CVE-2022-22996
450360735,AlphabugX/CVE-2022-RCE,README.md,32d99e5a5a26e28a10bbc20ab4b4fff2d99c1da5,CVE-2022-22980
450360735,AlphabugX/CVE-2022-RCE,README.md,32d99e5a5a26e28a10bbc20ab4b4fff2d99c1da5,CVE-2022-22979
450360735,AlphabugX/CVE-2022-RCE,README.md,32d99e5a5a26e28a10bbc20ab4b4fff2d99c1da5,CVE-2022-22978
450360735,AlphabugX/CVE-2022-RCE,README.md,32d99e5a5a26e28a10bbc20ab4b4fff2d99c1da5,CVE-2022-22957
450360735,AlphabugX/CVE-2022-RCE,README.md,32d99e5a5a26e28a10bbc20ab4b4fff2d99c1da5,CVE-2022-22958
450360735,AlphabugX/CVE-2022-RCE,README.md,32d99e5a5a26e28a10bbc20ab4b4fff2d99c1da5,CVE-2022-22959
450360735,AlphabugX/CVE-2022-RCE,README.md,32d99e5a5a26e28a10bbc20ab4b4fff2d99c1da5,CVE-2022-22960
450360735,AlphabugX/CVE-2022-RCE,README.md,32d99e5a5a26e28a10bbc20ab4b4fff2d99c1da5,CVE-2022-22961
450360735,AlphabugX/CVE-2022-RCE,README.md,32d99e5a5a26e28a10bbc20ab4b4fff2d99c1da5,CVE-2022-22962
450360735,AlphabugX/CVE-2022-RCE,README.md,32d99e5a5a26e28a10bbc20ab4b4fff2d99c1da5,CVE-2022-22963
450360735,AlphabugX/CVE-2022-RCE,README.md,32d99e5a5a26e28a10bbc20ab4b4fff2d99c1da5,CVE-2022-22964
450360735,AlphabugX/CVE-2022-RCE,README.md,32d99e5a5a26e28a10bbc20ab4b4fff2d99c1da5,CVE-2022-22965
450360735,AlphabugX/CVE-2022-RCE,README.md,32d99e5a5a26e28a10bbc20ab4b4fff2d99c1da5,CVE-2022-22966
450360735,AlphabugX/CVE-2022-RCE,README.md,32d99e5a5a26e28a10bbc20ab4b4fff2d99c1da5,CVE-2022-22967
450360735,AlphabugX/CVE-2022-RCE,README.md,32d99e5a5a26e28a10bbc20ab4b4fff2d99c1da5,CVE-2022-22968
450360735,AlphabugX/CVE-2022-RCE,README.md,32d99e5a5a26e28a10bbc20ab4b4fff2d99c1da5,CVE-2022-22969
450360735,AlphabugX/CVE-2022-RCE,README.md,32d99e5a5a26e28a10bbc20ab4b4fff2d99c1da5,CVE-2022-22970
450360735,AlphabugX/CVE-2022-RCE,README.md,32d99e5a5a26e28a10bbc20ab4b4fff2d99c1da5,CVE-2022-22971
450360735,AlphabugX/CVE-2022-RCE,README.md,32d99e5a5a26e28a10bbc20ab4b4fff2d99c1da5,CVE-2022-22972
450360735,AlphabugX/CVE-2022-RCE,README.md,32d99e5a5a26e28a10bbc20ab4b4fff2d99c1da5,CVE-2022-22973
450360735,AlphabugX/CVE-2022-RCE,README.md,32d99e5a5a26e28a10bbc20ab4b4fff2d99c1da5,CVE-2022-22974
450360735,AlphabugX/CVE-2022-RCE,README.md,32d99e5a5a26e28a10bbc20ab4b4fff2d99c1da5,CVE-2022-22975
450360735,AlphabugX/CVE-2022-RCE,README.md,32d99e5a5a26e28a10bbc20ab4b4fff2d99c1da5,CVE-2022-22976
450360735,AlphabugX/CVE-2022-RCE,README.md,32d99e5a5a26e28a10bbc20ab4b4fff2d99c1da5,CVE-2022-22977
450360735,AlphabugX/CVE-2022-RCE,README.md,32d99e5a5a26e28a10bbc20ab4b4fff2d99c1da5,CVE-2022-22955
450360735,AlphabugX/CVE-2022-RCE,README.md,32d99e5a5a26e28a10bbc20ab4b4fff2d99c1da5,CVE-2022-22906
450360735,AlphabugX/CVE-2022-RCE,README.md,32d99e5a5a26e28a10bbc20ab4b4fff2d99c1da5,CVE-2022-22905
450360735,AlphabugX/CVE-2022-RCE,README.md,32d99e5a5a26e28a10bbc20ab4b4fff2d99c1da5,CVE-2022-22904
450360735,AlphabugX/CVE-2022-RCE,README.md,32d99e5a5a26e28a10bbc20ab4b4fff2d99c1da5,CVE-2022-22834
450360735,AlphabugX/CVE-2022-RCE,README.md,32d99e5a5a26e28a10bbc20ab4b4fff2d99c1da5,CVE-2022-22835
450360735,AlphabugX/CVE-2022-RCE,README.md,32d99e5a5a26e28a10bbc20ab4b4fff2d99c1da5,CVE-2022-22836
450360735,AlphabugX/CVE-2022-RCE,README.md,32d99e5a5a26e28a10bbc20ab4b4fff2d99c1da5,CVE-2022-22837
450360735,AlphabugX/CVE-2022-RCE,README.md,32d99e5a5a26e28a10bbc20ab4b4fff2d99c1da5,CVE-2022-22838
450360735,AlphabugX/CVE-2022-RCE,README.md,32d99e5a5a26e28a10bbc20ab4b4fff2d99c1da5,CVE-2022-22839
450360735,AlphabugX/CVE-2022-RCE,README.md,32d99e5a5a26e28a10bbc20ab4b4fff2d99c1da5,CVE-2022-22840
450360735,AlphabugX/CVE-2022-RCE,README.md,32d99e5a5a26e28a10bbc20ab4b4fff2d99c1da5,CVE-2022-22841
450360735,AlphabugX/CVE-2022-RCE,README.md,32d99e5a5a26e28a10bbc20ab4b4fff2d99c1da5,CVE-2022-22842
450360735,AlphabugX/CVE-2022-RCE,README.md,32d99e5a5a26e28a10bbc20ab4b4fff2d99c1da5,CVE-2022-22833
450360735,AlphabugX/CVE-2022-RCE,README.md,32d99e5a5a26e28a10bbc20ab4b4fff2d99c1da5,CVE-2022-22843
450360735,AlphabugX/CVE-2022-RCE,README.md,32d99e5a5a26e28a10bbc20ab4b4fff2d99c1da5,CVE-2022-22845
450360735,AlphabugX/CVE-2022-RCE,README.md,32d99e5a5a26e28a10bbc20ab4b4fff2d99c1da5,CVE-2022-22846
450360735,AlphabugX/CVE-2022-RCE,README.md,32d99e5a5a26e28a10bbc20ab4b4fff2d99c1da5,CVE-2022-22847
450360735,AlphabugX/CVE-2022-RCE,README.md,32d99e5a5a26e28a10bbc20ab4b4fff2d99c1da5,CVE-2022-22848
450360735,AlphabugX/CVE-2022-RCE,README.md,32d99e5a5a26e28a10bbc20ab4b4fff2d99c1da5,CVE-2022-22849
450360735,AlphabugX/CVE-2022-RCE,README.md,32d99e5a5a26e28a10bbc20ab4b4fff2d99c1da5,CVE-2022-22850
450360735,AlphabugX/CVE-2022-RCE,README.md,32d99e5a5a26e28a10bbc20ab4b4fff2d99c1da5,CVE-2022-22851
450360735,AlphabugX/CVE-2022-RCE,README.md,32d99e5a5a26e28a10bbc20ab4b4fff2d99c1da5,CVE-2022-22852
450360735,AlphabugX/CVE-2022-RCE,README.md,32d99e5a5a26e28a10bbc20ab4b4fff2d99c1da5,CVE-2022-22853
450360735,AlphabugX/CVE-2022-RCE,README.md,32d99e5a5a26e28a10bbc20ab4b4fff2d99c1da5,CVE-2022-22844
450360735,AlphabugX/CVE-2022-RCE,README.md,32d99e5a5a26e28a10bbc20ab4b4fff2d99c1da5,CVE-2022-22832
450360735,AlphabugX/CVE-2022-RCE,README.md,32d99e5a5a26e28a10bbc20ab4b4fff2d99c1da5,CVE-2022-22831
450360735,AlphabugX/CVE-2022-RCE,README.md,32d99e5a5a26e28a10bbc20ab4b4fff2d99c1da5,CVE-2022-22830
450360735,AlphabugX/CVE-2022-RCE,README.md,32d99e5a5a26e28a10bbc20ab4b4fff2d99c1da5,CVE-2022-22809
450360735,AlphabugX/CVE-2022-RCE,README.md,32d99e5a5a26e28a10bbc20ab4b4fff2d99c1da5,CVE-2022-22810
450360735,AlphabugX/CVE-2022-RCE,README.md,32d99e5a5a26e28a10bbc20ab4b4fff2d99c1da5,CVE-2022-22811
450360735,AlphabugX/CVE-2022-RCE,README.md,32d99e5a5a26e28a10bbc20ab4b4fff2d99c1da5,CVE-2022-22812
450360735,AlphabugX/CVE-2022-RCE,README.md,32d99e5a5a26e28a10bbc20ab4b4fff2d99c1da5,CVE-2022-22813
450360735,AlphabugX/CVE-2022-RCE,README.md,32d99e5a5a26e28a10bbc20ab4b4fff2d99c1da5,CVE-2022-22814
450360735,AlphabugX/CVE-2022-RCE,README.md,32d99e5a5a26e28a10bbc20ab4b4fff2d99c1da5,CVE-2022-22815
450360735,AlphabugX/CVE-2022-RCE,README.md,32d99e5a5a26e28a10bbc20ab4b4fff2d99c1da5,CVE-2022-22816
450360735,AlphabugX/CVE-2022-RCE,README.md,32d99e5a5a26e28a10bbc20ab4b4fff2d99c1da5,CVE-2022-22817
450360735,AlphabugX/CVE-2022-RCE,README.md,32d99e5a5a26e28a10bbc20ab4b4fff2d99c1da5,CVE-2022-22818
450360735,AlphabugX/CVE-2022-RCE,README.md,32d99e5a5a26e28a10bbc20ab4b4fff2d99c1da5,CVE-2022-22819
450360735,AlphabugX/CVE-2022-RCE,README.md,32d99e5a5a26e28a10bbc20ab4b4fff2d99c1da5,CVE-2022-22820
450360735,AlphabugX/CVE-2022-RCE,README.md,32d99e5a5a26e28a10bbc20ab4b4fff2d99c1da5,CVE-2022-22821
450360735,AlphabugX/CVE-2022-RCE,README.md,32d99e5a5a26e28a10bbc20ab4b4fff2d99c1da5,CVE-2022-22822
450360735,AlphabugX/CVE-2022-RCE,README.md,32d99e5a5a26e28a10bbc20ab4b4fff2d99c1da5,CVE-2022-22823
450360735,AlphabugX/CVE-2022-RCE,README.md,32d99e5a5a26e28a10bbc20ab4b4fff2d99c1da5,CVE-2022-22824
450360735,AlphabugX/CVE-2022-RCE,README.md,32d99e5a5a26e28a10bbc20ab4b4fff2d99c1da5,CVE-2022-22825
450360735,AlphabugX/CVE-2022-RCE,README.md,32d99e5a5a26e28a10bbc20ab4b4fff2d99c1da5,CVE-2022-22826
450360735,AlphabugX/CVE-2022-RCE,README.md,32d99e5a5a26e28a10bbc20ab4b4fff2d99c1da5,CVE-2022-22827
450360735,AlphabugX/CVE-2022-RCE,README.md,32d99e5a5a26e28a10bbc20ab4b4fff2d99c1da5,CVE-2022-22828
450360735,AlphabugX/CVE-2022-RCE,README.md,32d99e5a5a26e28a10bbc20ab4b4fff2d99c1da5,CVE-2022-22829
450360735,AlphabugX/CVE-2022-RCE,README.md,32d99e5a5a26e28a10bbc20ab4b4fff2d99c1da5,CVE-2022-22854
450360735,AlphabugX/CVE-2022-RCE,README.md,32d99e5a5a26e28a10bbc20ab4b4fff2d99c1da5,CVE-2022-22855
450360735,AlphabugX/CVE-2022-RCE,README.md,32d99e5a5a26e28a10bbc20ab4b4fff2d99c1da5,CVE-2022-22856
450360735,AlphabugX/CVE-2022-RCE,README.md,32d99e5a5a26e28a10bbc20ab4b4fff2d99c1da5,CVE-2022-22857
450360735,AlphabugX/CVE-2022-RCE,README.md,32d99e5a5a26e28a10bbc20ab4b4fff2d99c1da5,CVE-2022-22883
450360735,AlphabugX/CVE-2022-RCE,README.md,32d99e5a5a26e28a10bbc20ab4b4fff2d99c1da5,CVE-2022-22884
450360735,AlphabugX/CVE-2022-RCE,README.md,32d99e5a5a26e28a10bbc20ab4b4fff2d99c1da5,CVE-2022-22885
450360735,AlphabugX/CVE-2022-RCE,README.md,32d99e5a5a26e28a10bbc20ab4b4fff2d99c1da5,CVE-2022-22886
450360735,AlphabugX/CVE-2022-RCE,README.md,32d99e5a5a26e28a10bbc20ab4b4fff2d99c1da5,CVE-2022-22887
450360735,AlphabugX/CVE-2022-RCE,README.md,32d99e5a5a26e28a10bbc20ab4b4fff2d99c1da5,CVE-2022-22888
450360735,AlphabugX/CVE-2022-RCE,README.md,32d99e5a5a26e28a10bbc20ab4b4fff2d99c1da5,CVE-2022-22889
450360735,AlphabugX/CVE-2022-RCE,README.md,32d99e5a5a26e28a10bbc20ab4b4fff2d99c1da5,CVE-2022-22890
450360735,AlphabugX/CVE-2022-RCE,README.md,32d99e5a5a26e28a10bbc20ab4b4fff2d99c1da5,CVE-2022-22891
450360735,AlphabugX/CVE-2022-RCE,README.md,32d99e5a5a26e28a10bbc20ab4b4fff2d99c1da5,CVE-2022-22892
450360735,AlphabugX/CVE-2022-RCE,README.md,32d99e5a5a26e28a10bbc20ab4b4fff2d99c1da5,CVE-2022-22893
450360735,AlphabugX/CVE-2022-RCE,README.md,32d99e5a5a26e28a10bbc20ab4b4fff2d99c1da5,CVE-2022-22894
450360735,AlphabugX/CVE-2022-RCE,README.md,32d99e5a5a26e28a10bbc20ab4b4fff2d99c1da5,CVE-2022-22895
450360735,AlphabugX/CVE-2022-RCE,README.md,32d99e5a5a26e28a10bbc20ab4b4fff2d99c1da5,CVE-2022-22896
450360735,AlphabugX/CVE-2022-RCE,README.md,32d99e5a5a26e28a10bbc20ab4b4fff2d99c1da5,CVE-2022-22897
450360735,AlphabugX/CVE-2022-RCE,README.md,32d99e5a5a26e28a10bbc20ab4b4fff2d99c1da5,CVE-2022-22898
450360735,AlphabugX/CVE-2022-RCE,README.md,32d99e5a5a26e28a10bbc20ab4b4fff2d99c1da5,CVE-2022-22899
450360735,AlphabugX/CVE-2022-RCE,README.md,32d99e5a5a26e28a10bbc20ab4b4fff2d99c1da5,CVE-2022-22900
450360735,AlphabugX/CVE-2022-RCE,README.md,32d99e5a5a26e28a10bbc20ab4b4fff2d99c1da5,CVE-2022-22901
450360735,AlphabugX/CVE-2022-RCE,README.md,32d99e5a5a26e28a10bbc20ab4b4fff2d99c1da5,CVE-2022-22902
450360735,AlphabugX/CVE-2022-RCE,README.md,32d99e5a5a26e28a10bbc20ab4b4fff2d99c1da5,CVE-2022-22903
450360735,AlphabugX/CVE-2022-RCE,README.md,32d99e5a5a26e28a10bbc20ab4b4fff2d99c1da5,CVE-2022-22882
450360735,AlphabugX/CVE-2022-RCE,README.md,32d99e5a5a26e28a10bbc20ab4b4fff2d99c1da5,CVE-2022-22807
450360735,AlphabugX/CVE-2022-RCE,README.md,32d99e5a5a26e28a10bbc20ab4b4fff2d99c1da5,CVE-2022-22881
450360735,AlphabugX/CVE-2022-RCE,README.md,32d99e5a5a26e28a10bbc20ab4b4fff2d99c1da5,CVE-2022-22879
450360735,AlphabugX/CVE-2022-RCE,README.md,32d99e5a5a26e28a10bbc20ab4b4fff2d99c1da5,CVE-2022-22858
450360735,AlphabugX/CVE-2022-RCE,README.md,32d99e5a5a26e28a10bbc20ab4b4fff2d99c1da5,CVE-2022-22859
450360735,AlphabugX/CVE-2022-RCE,README.md,32d99e5a5a26e28a10bbc20ab4b4fff2d99c1da5,CVE-2022-22860
450360735,AlphabugX/CVE-2022-RCE,README.md,32d99e5a5a26e28a10bbc20ab4b4fff2d99c1da5,CVE-2022-22861
450360735,AlphabugX/CVE-2022-RCE,README.md,32d99e5a5a26e28a10bbc20ab4b4fff2d99c1da5,CVE-2022-22862
450360735,AlphabugX/CVE-2022-RCE,README.md,32d99e5a5a26e28a10bbc20ab4b4fff2d99c1da5,CVE-2022-22863
450360735,AlphabugX/CVE-2022-RCE,README.md,32d99e5a5a26e28a10bbc20ab4b4fff2d99c1da5,CVE-2022-22864
450360735,AlphabugX/CVE-2022-RCE,README.md,32d99e5a5a26e28a10bbc20ab4b4fff2d99c1da5,CVE-2022-22865
450360735,AlphabugX/CVE-2022-RCE,README.md,32d99e5a5a26e28a10bbc20ab4b4fff2d99c1da5,CVE-2022-22866
450360735,AlphabugX/CVE-2022-RCE,README.md,32d99e5a5a26e28a10bbc20ab4b4fff2d99c1da5,CVE-2022-22867
450360735,AlphabugX/CVE-2022-RCE,README.md,32d99e5a5a26e28a10bbc20ab4b4fff2d99c1da5,CVE-2022-22868
450360735,AlphabugX/CVE-2022-RCE,README.md,32d99e5a5a26e28a10bbc20ab4b4fff2d99c1da5,CVE-2022-22869
450360735,AlphabugX/CVE-2022-RCE,README.md,32d99e5a5a26e28a10bbc20ab4b4fff2d99c1da5,CVE-2022-22870
450360735,AlphabugX/CVE-2022-RCE,README.md,32d99e5a5a26e28a10bbc20ab4b4fff2d99c1da5,CVE-2022-22871
450360735,AlphabugX/CVE-2022-RCE,README.md,32d99e5a5a26e28a10bbc20ab4b4fff2d99c1da5,CVE-2022-22872
450360735,AlphabugX/CVE-2022-RCE,README.md,32d99e5a5a26e28a10bbc20ab4b4fff2d99c1da5,CVE-2022-22873
450360735,AlphabugX/CVE-2022-RCE,README.md,32d99e5a5a26e28a10bbc20ab4b4fff2d99c1da5,CVE-2022-22874
450360735,AlphabugX/CVE-2022-RCE,README.md,32d99e5a5a26e28a10bbc20ab4b4fff2d99c1da5,CVE-2022-22875
450360735,AlphabugX/CVE-2022-RCE,README.md,32d99e5a5a26e28a10bbc20ab4b4fff2d99c1da5,CVE-2022-22876
450360735,AlphabugX/CVE-2022-RCE,README.md,32d99e5a5a26e28a10bbc20ab4b4fff2d99c1da5,CVE-2022-22877
450360735,AlphabugX/CVE-2022-RCE,README.md,32d99e5a5a26e28a10bbc20ab4b4fff2d99c1da5,CVE-2022-22878
450360735,AlphabugX/CVE-2022-RCE,README.md,32d99e5a5a26e28a10bbc20ab4b4fff2d99c1da5,CVE-2022-22880
450360735,AlphabugX/CVE-2022-RCE,README.md,32d99e5a5a26e28a10bbc20ab4b4fff2d99c1da5,CVE-2022-22608
450360735,AlphabugX/CVE-2022-RCE,README.md,32d99e5a5a26e28a10bbc20ab4b4fff2d99c1da5,CVE-2022-22607
450360735,AlphabugX/CVE-2022-RCE,README.md,32d99e5a5a26e28a10bbc20ab4b4fff2d99c1da5,CVE-2022-22606
450360735,AlphabugX/CVE-2022-RCE,README.md,32d99e5a5a26e28a10bbc20ab4b4fff2d99c1da5,CVE-2022-22339
450360735,AlphabugX/CVE-2022-RCE,README.md,32d99e5a5a26e28a10bbc20ab4b4fff2d99c1da5,CVE-2022-22340
450360735,AlphabugX/CVE-2022-RCE,README.md,32d99e5a5a26e28a10bbc20ab4b4fff2d99c1da5,CVE-2022-22341
450360735,AlphabugX/CVE-2022-RCE,README.md,32d99e5a5a26e28a10bbc20ab4b4fff2d99c1da5,CVE-2022-22342
450360735,AlphabugX/CVE-2022-RCE,README.md,32d99e5a5a26e28a10bbc20ab4b4fff2d99c1da5,CVE-2022-22343
450360735,AlphabugX/CVE-2022-RCE,README.md,32d99e5a5a26e28a10bbc20ab4b4fff2d99c1da5,CVE-2022-22344
450360735,AlphabugX/CVE-2022-RCE,README.md,32d99e5a5a26e28a10bbc20ab4b4fff2d99c1da5,CVE-2022-22345
450360735,AlphabugX/CVE-2022-RCE,README.md,32d99e5a5a26e28a10bbc20ab4b4fff2d99c1da5,CVE-2022-22346
450360735,AlphabugX/CVE-2022-RCE,README.md,32d99e5a5a26e28a10bbc20ab4b4fff2d99c1da5,CVE-2022-22347
450360735,AlphabugX/CVE-2022-RCE,README.md,32d99e5a5a26e28a10bbc20ab4b4fff2d99c1da5,CVE-2022-22338
450360735,AlphabugX/CVE-2022-RCE,README.md,32d99e5a5a26e28a10bbc20ab4b4fff2d99c1da5,CVE-2022-22348
450360735,AlphabugX/CVE-2022-RCE,README.md,32d99e5a5a26e28a10bbc20ab4b4fff2d99c1da5,CVE-2022-22350
450360735,AlphabugX/CVE-2022-RCE,README.md,32d99e5a5a26e28a10bbc20ab4b4fff2d99c1da5,CVE-2022-22351
450360735,AlphabugX/CVE-2022-RCE,README.md,32d99e5a5a26e28a10bbc20ab4b4fff2d99c1da5,CVE-2022-22352
450360735,AlphabugX/CVE-2022-RCE,README.md,32d99e5a5a26e28a10bbc20ab4b4fff2d99c1da5,CVE-2022-22353
450360735,AlphabugX/CVE-2022-RCE,README.md,32d99e5a5a26e28a10bbc20ab4b4fff2d99c1da5,CVE-2022-22354
450360735,AlphabugX/CVE-2022-RCE,README.md,32d99e5a5a26e28a10bbc20ab4b4fff2d99c1da5,CVE-2022-22355
450360735,AlphabugX/CVE-2022-RCE,README.md,32d99e5a5a26e28a10bbc20ab4b4fff2d99c1da5,CVE-2022-22356
450360735,AlphabugX/CVE-2022-RCE,README.md,32d99e5a5a26e28a10bbc20ab4b4fff2d99c1da5,CVE-2022-22357
450360735,AlphabugX/CVE-2022-RCE,README.md,32d99e5a5a26e28a10bbc20ab4b4fff2d99c1da5,CVE-2022-22358
450360735,AlphabugX/CVE-2022-RCE,README.md,32d99e5a5a26e28a10bbc20ab4b4fff2d99c1da5,CVE-2022-22349
450360735,AlphabugX/CVE-2022-RCE,README.md,32d99e5a5a26e28a10bbc20ab4b4fff2d99c1da5,CVE-2022-22337
450360735,AlphabugX/CVE-2022-RCE,README.md,32d99e5a5a26e28a10bbc20ab4b4fff2d99c1da5,CVE-2022-22336
450360735,AlphabugX/CVE-2022-RCE,README.md,32d99e5a5a26e28a10bbc20ab4b4fff2d99c1da5,CVE-2022-22335
450360735,AlphabugX/CVE-2022-RCE,README.md,32d99e5a5a26e28a10bbc20ab4b4fff2d99c1da5,CVE-2022-22314
450360735,AlphabugX/CVE-2022-RCE,README.md,32d99e5a5a26e28a10bbc20ab4b4fff2d99c1da5,CVE-2022-22315
450360735,AlphabugX/CVE-2022-RCE,README.md,32d99e5a5a26e28a10bbc20ab4b4fff2d99c1da5,CVE-2022-22316
450360735,AlphabugX/CVE-2022-RCE,README.md,32d99e5a5a26e28a10bbc20ab4b4fff2d99c1da5,CVE-2022-22317
450360735,AlphabugX/CVE-2022-RCE,README.md,32d99e5a5a26e28a10bbc20ab4b4fff2d99c1da5,CVE-2022-22318
450360735,AlphabugX/CVE-2022-RCE,README.md,32d99e5a5a26e28a10bbc20ab4b4fff2d99c1da5,CVE-2022-22319
450360735,AlphabugX/CVE-2022-RCE,README.md,32d99e5a5a26e28a10bbc20ab4b4fff2d99c1da5,CVE-2022-22320
450360735,AlphabugX/CVE-2022-RCE,README.md,32d99e5a5a26e28a10bbc20ab4b4fff2d99c1da5,CVE-2022-22321
450360735,AlphabugX/CVE-2022-RCE,README.md,32d99e5a5a26e28a10bbc20ab4b4fff2d99c1da5,CVE-2022-22322
450360735,AlphabugX/CVE-2022-RCE,README.md,32d99e5a5a26e28a10bbc20ab4b4fff2d99c1da5,CVE-2022-22323
450360735,AlphabugX/CVE-2022-RCE,README.md,32d99e5a5a26e28a10bbc20ab4b4fff2d99c1da5,CVE-2022-22324
450360735,AlphabugX/CVE-2022-RCE,README.md,32d99e5a5a26e28a10bbc20ab4b4fff2d99c1da5,CVE-2022-22325
450360735,AlphabugX/CVE-2022-RCE,README.md,32d99e5a5a26e28a10bbc20ab4b4fff2d99c1da5,CVE-2022-22326
450360735,AlphabugX/CVE-2022-RCE,README.md,32d99e5a5a26e28a10bbc20ab4b4fff2d99c1da5,CVE-2022-22327
450360735,AlphabugX/CVE-2022-RCE,README.md,32d99e5a5a26e28a10bbc20ab4b4fff2d99c1da5,CVE-2022-22328
450360735,AlphabugX/CVE-2022-RCE,README.md,32d99e5a5a26e28a10bbc20ab4b4fff2d99c1da5,CVE-2022-22329
450360735,AlphabugX/CVE-2022-RCE,README.md,32d99e5a5a26e28a10bbc20ab4b4fff2d99c1da5,CVE-2022-22330
450360735,AlphabugX/CVE-2022-RCE,README.md,32d99e5a5a26e28a10bbc20ab4b4fff2d99c1da5,CVE-2022-22331
450360735,AlphabugX/CVE-2022-RCE,README.md,32d99e5a5a26e28a10bbc20ab4b4fff2d99c1da5,CVE-2022-22332
450360735,AlphabugX/CVE-2022-RCE,README.md,32d99e5a5a26e28a10bbc20ab4b4fff2d99c1da5,CVE-2022-22333
450360735,AlphabugX/CVE-2022-RCE,README.md,32d99e5a5a26e28a10bbc20ab4b4fff2d99c1da5,CVE-2022-22334
450360735,AlphabugX/CVE-2022-RCE,README.md,32d99e5a5a26e28a10bbc20ab4b4fff2d99c1da5,CVE-2022-22359
450360735,AlphabugX/CVE-2022-RCE,README.md,32d99e5a5a26e28a10bbc20ab4b4fff2d99c1da5,CVE-2022-22313
450360735,AlphabugX/CVE-2022-RCE,README.md,32d99e5a5a26e28a10bbc20ab4b4fff2d99c1da5,CVE-2022-22360
450360735,AlphabugX/CVE-2022-RCE,README.md,32d99e5a5a26e28a10bbc20ab4b4fff2d99c1da5,CVE-2022-22362
450360735,AlphabugX/CVE-2022-RCE,README.md,32d99e5a5a26e28a10bbc20ab4b4fff2d99c1da5,CVE-2022-22388
450360735,AlphabugX/CVE-2022-RCE,README.md,32d99e5a5a26e28a10bbc20ab4b4fff2d99c1da5,CVE-2022-22389
450360735,AlphabugX/CVE-2022-RCE,README.md,32d99e5a5a26e28a10bbc20ab4b4fff2d99c1da5,CVE-2022-22390
450360735,AlphabugX/CVE-2022-RCE,README.md,32d99e5a5a26e28a10bbc20ab4b4fff2d99c1da5,CVE-2022-22391
450360735,AlphabugX/CVE-2022-RCE,README.md,32d99e5a5a26e28a10bbc20ab4b4fff2d99c1da5,CVE-2022-22392
450360735,AlphabugX/CVE-2022-RCE,README.md,32d99e5a5a26e28a10bbc20ab4b4fff2d99c1da5,CVE-2022-22393
450360735,AlphabugX/CVE-2022-RCE,README.md,32d99e5a5a26e28a10bbc20ab4b4fff2d99c1da5,CVE-2022-22394
450360735,AlphabugX/CVE-2022-RCE,README.md,32d99e5a5a26e28a10bbc20ab4b4fff2d99c1da5,CVE-2022-22395
450360735,AlphabugX/CVE-2022-RCE,README.md,32d99e5a5a26e28a10bbc20ab4b4fff2d99c1da5,CVE-2022-22396
450360735,AlphabugX/CVE-2022-RCE,README.md,32d99e5a5a26e28a10bbc20ab4b4fff2d99c1da5,CVE-2022-22387
450360735,AlphabugX/CVE-2022-RCE,README.md,32d99e5a5a26e28a10bbc20ab4b4fff2d99c1da5,CVE-2022-22397
450360735,AlphabugX/CVE-2022-RCE,README.md,32d99e5a5a26e28a10bbc20ab4b4fff2d99c1da5,CVE-2022-22399
450360735,AlphabugX/CVE-2022-RCE,README.md,32d99e5a5a26e28a10bbc20ab4b4fff2d99c1da5,CVE-2022-22400
450360735,AlphabugX/CVE-2022-RCE,README.md,32d99e5a5a26e28a10bbc20ab4b4fff2d99c1da5,CVE-2022-22401
450360735,AlphabugX/CVE-2022-RCE,README.md,32d99e5a5a26e28a10bbc20ab4b4fff2d99c1da5,CVE-2022-22402
450360735,AlphabugX/CVE-2022-RCE,README.md,32d99e5a5a26e28a10bbc20ab4b4fff2d99c1da5,CVE-2022-22403
450360735,AlphabugX/CVE-2022-RCE,README.md,32d99e5a5a26e28a10bbc20ab4b4fff2d99c1da5,CVE-2022-22404
450360735,AlphabugX/CVE-2022-RCE,README.md,32d99e5a5a26e28a10bbc20ab4b4fff2d99c1da5,CVE-2022-22405
450360735,AlphabugX/CVE-2022-RCE,README.md,32d99e5a5a26e28a10bbc20ab4b4fff2d99c1da5,CVE-2022-22406
450360735,AlphabugX/CVE-2022-RCE,README.md,32d99e5a5a26e28a10bbc20ab4b4fff2d99c1da5,CVE-2022-22407
450360735,AlphabugX/CVE-2022-RCE,README.md,32d99e5a5a26e28a10bbc20ab4b4fff2d99c1da5,CVE-2022-22398
450360735,AlphabugX/CVE-2022-RCE,README.md,32d99e5a5a26e28a10bbc20ab4b4fff2d99c1da5,CVE-2022-22386
450360735,AlphabugX/CVE-2022-RCE,README.md,32d99e5a5a26e28a10bbc20ab4b4fff2d99c1da5,CVE-2022-22385
450360735,AlphabugX/CVE-2022-RCE,README.md,32d99e5a5a26e28a10bbc20ab4b4fff2d99c1da5,CVE-2022-22384
450360735,AlphabugX/CVE-2022-RCE,README.md,32d99e5a5a26e28a10bbc20ab4b4fff2d99c1da5,CVE-2022-22363
450360735,AlphabugX/CVE-2022-RCE,README.md,32d99e5a5a26e28a10bbc20ab4b4fff2d99c1da5,CVE-2022-22364
450360735,AlphabugX/CVE-2022-RCE,README.md,32d99e5a5a26e28a10bbc20ab4b4fff2d99c1da5,CVE-2022-22365
450360735,AlphabugX/CVE-2022-RCE,README.md,32d99e5a5a26e28a10bbc20ab4b4fff2d99c1da5,CVE-2022-22366
450360735,AlphabugX/CVE-2022-RCE,README.md,32d99e5a5a26e28a10bbc20ab4b4fff2d99c1da5,CVE-2022-22367
450360735,AlphabugX/CVE-2022-RCE,README.md,32d99e5a5a26e28a10bbc20ab4b4fff2d99c1da5,CVE-2022-22368
450360735,AlphabugX/CVE-2022-RCE,README.md,32d99e5a5a26e28a10bbc20ab4b4fff2d99c1da5,CVE-2022-22369
450360735,AlphabugX/CVE-2022-RCE,README.md,32d99e5a5a26e28a10bbc20ab4b4fff2d99c1da5,CVE-2022-22370
450360735,AlphabugX/CVE-2022-RCE,README.md,32d99e5a5a26e28a10bbc20ab4b4fff2d99c1da5,CVE-2022-22371
450360735,AlphabugX/CVE-2022-RCE,README.md,32d99e5a5a26e28a10bbc20ab4b4fff2d99c1da5,CVE-2022-22372
450360735,AlphabugX/CVE-2022-RCE,README.md,32d99e5a5a26e28a10bbc20ab4b4fff2d99c1da5,CVE-2022-22373
450360735,AlphabugX/CVE-2022-RCE,README.md,32d99e5a5a26e28a10bbc20ab4b4fff2d99c1da5,CVE-2022-22374
450360735,AlphabugX/CVE-2022-RCE,README.md,32d99e5a5a26e28a10bbc20ab4b4fff2d99c1da5,CVE-2022-22375
450360735,AlphabugX/CVE-2022-RCE,README.md,32d99e5a5a26e28a10bbc20ab4b4fff2d99c1da5,CVE-2022-22376
450360735,AlphabugX/CVE-2022-RCE,README.md,32d99e5a5a26e28a10bbc20ab4b4fff2d99c1da5,CVE-2022-22377
450360735,AlphabugX/CVE-2022-RCE,README.md,32d99e5a5a26e28a10bbc20ab4b4fff2d99c1da5,CVE-2022-22378
450360735,AlphabugX/CVE-2022-RCE,README.md,32d99e5a5a26e28a10bbc20ab4b4fff2d99c1da5,CVE-2022-22379
450360735,AlphabugX/CVE-2022-RCE,README.md,32d99e5a5a26e28a10bbc20ab4b4fff2d99c1da5,CVE-2022-22380
450360735,AlphabugX/CVE-2022-RCE,README.md,32d99e5a5a26e28a10bbc20ab4b4fff2d99c1da5,CVE-2022-22381
450360735,AlphabugX/CVE-2022-RCE,README.md,32d99e5a5a26e28a10bbc20ab4b4fff2d99c1da5,CVE-2022-22382
450360735,AlphabugX/CVE-2022-RCE,README.md,32d99e5a5a26e28a10bbc20ab4b4fff2d99c1da5,CVE-2022-22383
450360735,AlphabugX/CVE-2022-RCE,README.md,32d99e5a5a26e28a10bbc20ab4b4fff2d99c1da5,CVE-2022-22361
450360735,AlphabugX/CVE-2022-RCE,README.md,32d99e5a5a26e28a10bbc20ab4b4fff2d99c1da5,CVE-2022-22312
450360735,AlphabugX/CVE-2022-RCE,README.md,32d99e5a5a26e28a10bbc20ab4b4fff2d99c1da5,CVE-2022-22311
450360735,AlphabugX/CVE-2022-RCE,README.md,32d99e5a5a26e28a10bbc20ab4b4fff2d99c1da5,CVE-2022-22310
450360735,AlphabugX/CVE-2022-RCE,README.md,32d99e5a5a26e28a10bbc20ab4b4fff2d99c1da5,CVE-2022-22240
450360735,AlphabugX/CVE-2022-RCE,README.md,32d99e5a5a26e28a10bbc20ab4b4fff2d99c1da5,CVE-2022-22241
450360735,AlphabugX/CVE-2022-RCE,README.md,32d99e5a5a26e28a10bbc20ab4b4fff2d99c1da5,CVE-2022-22242
450360735,AlphabugX/CVE-2022-RCE,README.md,32d99e5a5a26e28a10bbc20ab4b4fff2d99c1da5,CVE-2022-22243
450360735,AlphabugX/CVE-2022-RCE,README.md,32d99e5a5a26e28a10bbc20ab4b4fff2d99c1da5,CVE-2022-22244
450360735,AlphabugX/CVE-2022-RCE,README.md,32d99e5a5a26e28a10bbc20ab4b4fff2d99c1da5,CVE-2022-22245
450360735,AlphabugX/CVE-2022-RCE,README.md,32d99e5a5a26e28a10bbc20ab4b4fff2d99c1da5,CVE-2022-22246
450360735,AlphabugX/CVE-2022-RCE,README.md,32d99e5a5a26e28a10bbc20ab4b4fff2d99c1da5,CVE-2022-22247
450360735,AlphabugX/CVE-2022-RCE,README.md,32d99e5a5a26e28a10bbc20ab4b4fff2d99c1da5,CVE-2022-22248
450360735,AlphabugX/CVE-2022-RCE,README.md,32d99e5a5a26e28a10bbc20ab4b4fff2d99c1da5,CVE-2022-22239
450360735,AlphabugX/CVE-2022-RCE,README.md,32d99e5a5a26e28a10bbc20ab4b4fff2d99c1da5,CVE-2022-22249
450360735,AlphabugX/CVE-2022-RCE,README.md,32d99e5a5a26e28a10bbc20ab4b4fff2d99c1da5,CVE-2022-22251
450360735,AlphabugX/CVE-2022-RCE,README.md,32d99e5a5a26e28a10bbc20ab4b4fff2d99c1da5,CVE-2022-22252
450360735,AlphabugX/CVE-2022-RCE,README.md,32d99e5a5a26e28a10bbc20ab4b4fff2d99c1da5,CVE-2022-22253
450360735,AlphabugX/CVE-2022-RCE,README.md,32d99e5a5a26e28a10bbc20ab4b4fff2d99c1da5,CVE-2022-22254
450360735,AlphabugX/CVE-2022-RCE,README.md,32d99e5a5a26e28a10bbc20ab4b4fff2d99c1da5,CVE-2022-22255
450360735,AlphabugX/CVE-2022-RCE,README.md,32d99e5a5a26e28a10bbc20ab4b4fff2d99c1da5,CVE-2022-22256
450360735,AlphabugX/CVE-2022-RCE,README.md,32d99e5a5a26e28a10bbc20ab4b4fff2d99c1da5,CVE-2022-22257
450360735,AlphabugX/CVE-2022-RCE,README.md,32d99e5a5a26e28a10bbc20ab4b4fff2d99c1da5,CVE-2022-22258
450360735,AlphabugX/CVE-2022-RCE,README.md,32d99e5a5a26e28a10bbc20ab4b4fff2d99c1da5,CVE-2022-22259
450360735,AlphabugX/CVE-2022-RCE,README.md,32d99e5a5a26e28a10bbc20ab4b4fff2d99c1da5,CVE-2022-22250
450360735,AlphabugX/CVE-2022-RCE,README.md,32d99e5a5a26e28a10bbc20ab4b4fff2d99c1da5,CVE-2022-22238
450360735,AlphabugX/CVE-2022-RCE,README.md,32d99e5a5a26e28a10bbc20ab4b4fff2d99c1da5,CVE-2022-22237
450360735,AlphabugX/CVE-2022-RCE,README.md,32d99e5a5a26e28a10bbc20ab4b4fff2d99c1da5,CVE-2022-22236
450360735,AlphabugX/CVE-2022-RCE,README.md,32d99e5a5a26e28a10bbc20ab4b4fff2d99c1da5,CVE-2022-22215
450360735,AlphabugX/CVE-2022-RCE,README.md,32d99e5a5a26e28a10bbc20ab4b4fff2d99c1da5,CVE-2022-22216
450360735,AlphabugX/CVE-2022-RCE,README.md,32d99e5a5a26e28a10bbc20ab4b4fff2d99c1da5,CVE-2022-22217
450360735,AlphabugX/CVE-2022-RCE,README.md,32d99e5a5a26e28a10bbc20ab4b4fff2d99c1da5,CVE-2022-22218
450360735,AlphabugX/CVE-2022-RCE,README.md,32d99e5a5a26e28a10bbc20ab4b4fff2d99c1da5,CVE-2022-22219
450360735,AlphabugX/CVE-2022-RCE,README.md,32d99e5a5a26e28a10bbc20ab4b4fff2d99c1da5,CVE-2022-22220
450360735,AlphabugX/CVE-2022-RCE,README.md,32d99e5a5a26e28a10bbc20ab4b4fff2d99c1da5,CVE-2022-22221
450360735,AlphabugX/CVE-2022-RCE,README.md,32d99e5a5a26e28a10bbc20ab4b4fff2d99c1da5,CVE-2022-22222
450360735,AlphabugX/CVE-2022-RCE,README.md,32d99e5a5a26e28a10bbc20ab4b4fff2d99c1da5,CVE-2022-22223
450360735,AlphabugX/CVE-2022-RCE,README.md,32d99e5a5a26e28a10bbc20ab4b4fff2d99c1da5,CVE-2022-22224
450360735,AlphabugX/CVE-2022-RCE,README.md,32d99e5a5a26e28a10bbc20ab4b4fff2d99c1da5,CVE-2022-22225
450360735,AlphabugX/CVE-2022-RCE,README.md,32d99e5a5a26e28a10bbc20ab4b4fff2d99c1da5,CVE-2022-22226
450360735,AlphabugX/CVE-2022-RCE,README.md,32d99e5a5a26e28a10bbc20ab4b4fff2d99c1da5,CVE-2022-22227
450360735,AlphabugX/CVE-2022-RCE,README.md,32d99e5a5a26e28a10bbc20ab4b4fff2d99c1da5,CVE-2022-22228
450360735,AlphabugX/CVE-2022-RCE,README.md,32d99e5a5a26e28a10bbc20ab4b4fff2d99c1da5,CVE-2022-22229
450360735,AlphabugX/CVE-2022-RCE,README.md,32d99e5a5a26e28a10bbc20ab4b4fff2d99c1da5,CVE-2022-22230
450360735,AlphabugX/CVE-2022-RCE,README.md,32d99e5a5a26e28a10bbc20ab4b4fff2d99c1da5,CVE-2022-22231
450360735,AlphabugX/CVE-2022-RCE,README.md,32d99e5a5a26e28a10bbc20ab4b4fff2d99c1da5,CVE-2022-22232
450360735,AlphabugX/CVE-2022-RCE,README.md,32d99e5a5a26e28a10bbc20ab4b4fff2d99c1da5,CVE-2022-22233
450360735,AlphabugX/CVE-2022-RCE,README.md,32d99e5a5a26e28a10bbc20ab4b4fff2d99c1da5,CVE-2022-22234
450360735,AlphabugX/CVE-2022-RCE,README.md,32d99e5a5a26e28a10bbc20ab4b4fff2d99c1da5,CVE-2022-22235
450360735,AlphabugX/CVE-2022-RCE,README.md,32d99e5a5a26e28a10bbc20ab4b4fff2d99c1da5,CVE-2022-22260
450360735,AlphabugX/CVE-2022-RCE,README.md,32d99e5a5a26e28a10bbc20ab4b4fff2d99c1da5,CVE-2022-22261
450360735,AlphabugX/CVE-2022-RCE,README.md,32d99e5a5a26e28a10bbc20ab4b4fff2d99c1da5,CVE-2022-22262
450360735,AlphabugX/CVE-2022-RCE,README.md,32d99e5a5a26e28a10bbc20ab4b4fff2d99c1da5,CVE-2022-22263
450360735,AlphabugX/CVE-2022-RCE,README.md,32d99e5a5a26e28a10bbc20ab4b4fff2d99c1da5,CVE-2022-22289
450360735,AlphabugX/CVE-2022-RCE,README.md,32d99e5a5a26e28a10bbc20ab4b4fff2d99c1da5,CVE-2022-22290
450360735,AlphabugX/CVE-2022-RCE,README.md,32d99e5a5a26e28a10bbc20ab4b4fff2d99c1da5,CVE-2022-22291
450360735,AlphabugX/CVE-2022-RCE,README.md,32d99e5a5a26e28a10bbc20ab4b4fff2d99c1da5,CVE-2022-22292
450360735,AlphabugX/CVE-2022-RCE,README.md,32d99e5a5a26e28a10bbc20ab4b4fff2d99c1da5,CVE-2022-22293
450360735,AlphabugX/CVE-2022-RCE,README.md,32d99e5a5a26e28a10bbc20ab4b4fff2d99c1da5,CVE-2022-22294
450360735,AlphabugX/CVE-2022-RCE,README.md,32d99e5a5a26e28a10bbc20ab4b4fff2d99c1da5,CVE-2022-22295
450360735,AlphabugX/CVE-2022-RCE,README.md,32d99e5a5a26e28a10bbc20ab4b4fff2d99c1da5,CVE-2022-22296
450360735,AlphabugX/CVE-2022-RCE,README.md,32d99e5a5a26e28a10bbc20ab4b4fff2d99c1da5,CVE-2022-22297
450360735,AlphabugX/CVE-2022-RCE,README.md,32d99e5a5a26e28a10bbc20ab4b4fff2d99c1da5,CVE-2022-22298
450360735,AlphabugX/CVE-2022-RCE,README.md,32d99e5a5a26e28a10bbc20ab4b4fff2d99c1da5,CVE-2022-22299
450360735,AlphabugX/CVE-2022-RCE,README.md,32d99e5a5a26e28a10bbc20ab4b4fff2d99c1da5,CVE-2022-22300
450360735,AlphabugX/CVE-2022-RCE,README.md,32d99e5a5a26e28a10bbc20ab4b4fff2d99c1da5,CVE-2022-22301
450360735,AlphabugX/CVE-2022-RCE,README.md,32d99e5a5a26e28a10bbc20ab4b4fff2d99c1da5,CVE-2022-22302
450360735,AlphabugX/CVE-2022-RCE,README.md,32d99e5a5a26e28a10bbc20ab4b4fff2d99c1da5,CVE-2022-22303
450360735,AlphabugX/CVE-2022-RCE,README.md,32d99e5a5a26e28a10bbc20ab4b4fff2d99c1da5,CVE-2022-22304
450360735,AlphabugX/CVE-2022-RCE,README.md,32d99e5a5a26e28a10bbc20ab4b4fff2d99c1da5,CVE-2022-22305
450360735,AlphabugX/CVE-2022-RCE,README.md,32d99e5a5a26e28a10bbc20ab4b4fff2d99c1da5,CVE-2022-22306
450360735,AlphabugX/CVE-2022-RCE,README.md,32d99e5a5a26e28a10bbc20ab4b4fff2d99c1da5,CVE-2022-22307
450360735,AlphabugX/CVE-2022-RCE,README.md,32d99e5a5a26e28a10bbc20ab4b4fff2d99c1da5,CVE-2022-22308
450360735,AlphabugX/CVE-2022-RCE,README.md,32d99e5a5a26e28a10bbc20ab4b4fff2d99c1da5,CVE-2022-22309
450360735,AlphabugX/CVE-2022-RCE,README.md,32d99e5a5a26e28a10bbc20ab4b4fff2d99c1da5,CVE-2022-22288
450360735,AlphabugX/CVE-2022-RCE,README.md,32d99e5a5a26e28a10bbc20ab4b4fff2d99c1da5,CVE-2022-22408
450360735,AlphabugX/CVE-2022-RCE,README.md,32d99e5a5a26e28a10bbc20ab4b4fff2d99c1da5,CVE-2022-22287
450360735,AlphabugX/CVE-2022-RCE,README.md,32d99e5a5a26e28a10bbc20ab4b4fff2d99c1da5,CVE-2022-22285
450360735,AlphabugX/CVE-2022-RCE,README.md,32d99e5a5a26e28a10bbc20ab4b4fff2d99c1da5,CVE-2022-22264
450360735,AlphabugX/CVE-2022-RCE,README.md,32d99e5a5a26e28a10bbc20ab4b4fff2d99c1da5,CVE-2022-22265
450360735,AlphabugX/CVE-2022-RCE,README.md,32d99e5a5a26e28a10bbc20ab4b4fff2d99c1da5,CVE-2022-22266
450360735,AlphabugX/CVE-2022-RCE,README.md,32d99e5a5a26e28a10bbc20ab4b4fff2d99c1da5,CVE-2022-22267
450360735,AlphabugX/CVE-2022-RCE,README.md,32d99e5a5a26e28a10bbc20ab4b4fff2d99c1da5,CVE-2022-22268
450360735,AlphabugX/CVE-2022-RCE,README.md,32d99e5a5a26e28a10bbc20ab4b4fff2d99c1da5,CVE-2022-22269
450360735,AlphabugX/CVE-2022-RCE,README.md,32d99e5a5a26e28a10bbc20ab4b4fff2d99c1da5,CVE-2022-22270
450360735,AlphabugX/CVE-2022-RCE,README.md,32d99e5a5a26e28a10bbc20ab4b4fff2d99c1da5,CVE-2022-22271
450360735,AlphabugX/CVE-2022-RCE,README.md,32d99e5a5a26e28a10bbc20ab4b4fff2d99c1da5,CVE-2022-22272
450360735,AlphabugX/CVE-2022-RCE,README.md,32d99e5a5a26e28a10bbc20ab4b4fff2d99c1da5,CVE-2022-22273
450360735,AlphabugX/CVE-2022-RCE,README.md,32d99e5a5a26e28a10bbc20ab4b4fff2d99c1da5,CVE-2022-22274
450360735,AlphabugX/CVE-2022-RCE,README.md,32d99e5a5a26e28a10bbc20ab4b4fff2d99c1da5,CVE-2022-22275
450360735,AlphabugX/CVE-2022-RCE,README.md,32d99e5a5a26e28a10bbc20ab4b4fff2d99c1da5,CVE-2022-22276
450360735,AlphabugX/CVE-2022-RCE,README.md,32d99e5a5a26e28a10bbc20ab4b4fff2d99c1da5,CVE-2022-22277
450360735,AlphabugX/CVE-2022-RCE,README.md,32d99e5a5a26e28a10bbc20ab4b4fff2d99c1da5,CVE-2022-22278
450360735,AlphabugX/CVE-2022-RCE,README.md,32d99e5a5a26e28a10bbc20ab4b4fff2d99c1da5,CVE-2022-22279
450360735,AlphabugX/CVE-2022-RCE,README.md,32d99e5a5a26e28a10bbc20ab4b4fff2d99c1da5,CVE-2022-22280
450360735,AlphabugX/CVE-2022-RCE,README.md,32d99e5a5a26e28a10bbc20ab4b4fff2d99c1da5,CVE-2022-22281
450360735,AlphabugX/CVE-2022-RCE,README.md,32d99e5a5a26e28a10bbc20ab4b4fff2d99c1da5,CVE-2022-22282
450360735,AlphabugX/CVE-2022-RCE,README.md,32d99e5a5a26e28a10bbc20ab4b4fff2d99c1da5,CVE-2022-22283
450360735,AlphabugX/CVE-2022-RCE,README.md,32d99e5a5a26e28a10bbc20ab4b4fff2d99c1da5,CVE-2022-22284
450360735,AlphabugX/CVE-2022-RCE,README.md,32d99e5a5a26e28a10bbc20ab4b4fff2d99c1da5,CVE-2022-22286
450360735,AlphabugX/CVE-2022-RCE,README.md,32d99e5a5a26e28a10bbc20ab4b4fff2d99c1da5,CVE-2022-22409
450360735,AlphabugX/CVE-2022-RCE,README.md,32d99e5a5a26e28a10bbc20ab4b4fff2d99c1da5,CVE-2022-22410
450360735,AlphabugX/CVE-2022-RCE,README.md,32d99e5a5a26e28a10bbc20ab4b4fff2d99c1da5,CVE-2022-22411
450360735,AlphabugX/CVE-2022-RCE,README.md,32d99e5a5a26e28a10bbc20ab4b4fff2d99c1da5,CVE-2022-22536
450360735,AlphabugX/CVE-2022-RCE,README.md,32d99e5a5a26e28a10bbc20ab4b4fff2d99c1da5,CVE-2022-22537
450360735,AlphabugX/CVE-2022-RCE,README.md,32d99e5a5a26e28a10bbc20ab4b4fff2d99c1da5,CVE-2022-22538
450360735,AlphabugX/CVE-2022-RCE,README.md,32d99e5a5a26e28a10bbc20ab4b4fff2d99c1da5,CVE-2022-22539
450360735,AlphabugX/CVE-2022-RCE,README.md,32d99e5a5a26e28a10bbc20ab4b4fff2d99c1da5,CVE-2022-22540
450360735,AlphabugX/CVE-2022-RCE,README.md,32d99e5a5a26e28a10bbc20ab4b4fff2d99c1da5,CVE-2022-22541
450360735,AlphabugX/CVE-2022-RCE,README.md,32d99e5a5a26e28a10bbc20ab4b4fff2d99c1da5,CVE-2022-22542
450360735,AlphabugX/CVE-2022-RCE,README.md,32d99e5a5a26e28a10bbc20ab4b4fff2d99c1da5,CVE-2022-22543
450360735,AlphabugX/CVE-2022-RCE,README.md,32d99e5a5a26e28a10bbc20ab4b4fff2d99c1da5,CVE-2022-22544
450360735,AlphabugX/CVE-2022-RCE,README.md,32d99e5a5a26e28a10bbc20ab4b4fff2d99c1da5,CVE-2022-22535
450360735,AlphabugX/CVE-2022-RCE,README.md,32d99e5a5a26e28a10bbc20ab4b4fff2d99c1da5,CVE-2022-22545
450360735,AlphabugX/CVE-2022-RCE,README.md,32d99e5a5a26e28a10bbc20ab4b4fff2d99c1da5,CVE-2022-22547
450360735,AlphabugX/CVE-2022-RCE,README.md,32d99e5a5a26e28a10bbc20ab4b4fff2d99c1da5,CVE-2022-22548
450360735,AlphabugX/CVE-2022-RCE,README.md,32d99e5a5a26e28a10bbc20ab4b4fff2d99c1da5,CVE-2022-22549
450360735,AlphabugX/CVE-2022-RCE,README.md,32d99e5a5a26e28a10bbc20ab4b4fff2d99c1da5,CVE-2022-22550
450360735,AlphabugX/CVE-2022-RCE,README.md,32d99e5a5a26e28a10bbc20ab4b4fff2d99c1da5,CVE-2022-22551
450360735,AlphabugX/CVE-2022-RCE,README.md,32d99e5a5a26e28a10bbc20ab4b4fff2d99c1da5,CVE-2022-22552
450360735,AlphabugX/CVE-2022-RCE,README.md,32d99e5a5a26e28a10bbc20ab4b4fff2d99c1da5,CVE-2022-22553
450360735,AlphabugX/CVE-2022-RCE,README.md,32d99e5a5a26e28a10bbc20ab4b4fff2d99c1da5,CVE-2022-22554
450360735,AlphabugX/CVE-2022-RCE,README.md,32d99e5a5a26e28a10bbc20ab4b4fff2d99c1da5,CVE-2022-22555
450360735,AlphabugX/CVE-2022-RCE,README.md,32d99e5a5a26e28a10bbc20ab4b4fff2d99c1da5,CVE-2022-22546
450360735,AlphabugX/CVE-2022-RCE,README.md,32d99e5a5a26e28a10bbc20ab4b4fff2d99c1da5,CVE-2022-22534
450360735,AlphabugX/CVE-2022-RCE,README.md,32d99e5a5a26e28a10bbc20ab4b4fff2d99c1da5,CVE-2022-22533
450360735,AlphabugX/CVE-2022-RCE,README.md,32d99e5a5a26e28a10bbc20ab4b4fff2d99c1da5,CVE-2022-22532
450360735,AlphabugX/CVE-2022-RCE,README.md,32d99e5a5a26e28a10bbc20ab4b4fff2d99c1da5,CVE-2022-22511
450360735,AlphabugX/CVE-2022-RCE,README.md,32d99e5a5a26e28a10bbc20ab4b4fff2d99c1da5,CVE-2022-22512
450360735,AlphabugX/CVE-2022-RCE,README.md,32d99e5a5a26e28a10bbc20ab4b4fff2d99c1da5,CVE-2022-22513
450360735,AlphabugX/CVE-2022-RCE,README.md,32d99e5a5a26e28a10bbc20ab4b4fff2d99c1da5,CVE-2022-22514
450360735,AlphabugX/CVE-2022-RCE,README.md,32d99e5a5a26e28a10bbc20ab4b4fff2d99c1da5,CVE-2022-22515
450360735,AlphabugX/CVE-2022-RCE,README.md,32d99e5a5a26e28a10bbc20ab4b4fff2d99c1da5,CVE-2022-22516
450360735,AlphabugX/CVE-2022-RCE,README.md,32d99e5a5a26e28a10bbc20ab4b4fff2d99c1da5,CVE-2022-22517
450360735,AlphabugX/CVE-2022-RCE,README.md,32d99e5a5a26e28a10bbc20ab4b4fff2d99c1da5,CVE-2022-22518
450360735,AlphabugX/CVE-2022-RCE,README.md,32d99e5a5a26e28a10bbc20ab4b4fff2d99c1da5,CVE-2022-22519
450360735,AlphabugX/CVE-2022-RCE,README.md,32d99e5a5a26e28a10bbc20ab4b4fff2d99c1da5,CVE-2022-22520
450360735,AlphabugX/CVE-2022-RCE,README.md,32d99e5a5a26e28a10bbc20ab4b4fff2d99c1da5,CVE-2022-22521
450360735,AlphabugX/CVE-2022-RCE,README.md,32d99e5a5a26e28a10bbc20ab4b4fff2d99c1da5,CVE-2022-22522
450360735,AlphabugX/CVE-2022-RCE,README.md,32d99e5a5a26e28a10bbc20ab4b4fff2d99c1da5,CVE-2022-22523
450360735,AlphabugX/CVE-2022-RCE,README.md,32d99e5a5a26e28a10bbc20ab4b4fff2d99c1da5,CVE-2022-22524
450360735,AlphabugX/CVE-2022-RCE,README.md,32d99e5a5a26e28a10bbc20ab4b4fff2d99c1da5,CVE-2022-22525
450360735,AlphabugX/CVE-2022-RCE,README.md,32d99e5a5a26e28a10bbc20ab4b4fff2d99c1da5,CVE-2022-22526
450360735,AlphabugX/CVE-2022-RCE,README.md,32d99e5a5a26e28a10bbc20ab4b4fff2d99c1da5,CVE-2022-22527
450360735,AlphabugX/CVE-2022-RCE,README.md,32d99e5a5a26e28a10bbc20ab4b4fff2d99c1da5,CVE-2022-22528
450360735,AlphabugX/CVE-2022-RCE,README.md,32d99e5a5a26e28a10bbc20ab4b4fff2d99c1da5,CVE-2022-22529
450360735,AlphabugX/CVE-2022-RCE,README.md,32d99e5a5a26e28a10bbc20ab4b4fff2d99c1da5,CVE-2022-22530
450360735,AlphabugX/CVE-2022-RCE,README.md,32d99e5a5a26e28a10bbc20ab4b4fff2d99c1da5,CVE-2022-22531
450360735,AlphabugX/CVE-2022-RCE,README.md,32d99e5a5a26e28a10bbc20ab4b4fff2d99c1da5,CVE-2022-22556
450360735,AlphabugX/CVE-2022-RCE,README.md,32d99e5a5a26e28a10bbc20ab4b4fff2d99c1da5,CVE-2022-22557
450360735,AlphabugX/CVE-2022-RCE,README.md,32d99e5a5a26e28a10bbc20ab4b4fff2d99c1da5,CVE-2022-22558
450360735,AlphabugX/CVE-2022-RCE,README.md,32d99e5a5a26e28a10bbc20ab4b4fff2d99c1da5,CVE-2022-22559
450360735,AlphabugX/CVE-2022-RCE,README.md,32d99e5a5a26e28a10bbc20ab4b4fff2d99c1da5,CVE-2022-22585
450360735,AlphabugX/CVE-2022-RCE,README.md,32d99e5a5a26e28a10bbc20ab4b4fff2d99c1da5,CVE-2022-22586
450360735,AlphabugX/CVE-2022-RCE,README.md,32d99e5a5a26e28a10bbc20ab4b4fff2d99c1da5,CVE-2022-22587
450360735,AlphabugX/CVE-2022-RCE,README.md,32d99e5a5a26e28a10bbc20ab4b4fff2d99c1da5,CVE-2022-22588
450360735,AlphabugX/CVE-2022-RCE,README.md,32d99e5a5a26e28a10bbc20ab4b4fff2d99c1da5,CVE-2022-22589
450360735,AlphabugX/CVE-2022-RCE,README.md,32d99e5a5a26e28a10bbc20ab4b4fff2d99c1da5,CVE-2022-22590
450360735,AlphabugX/CVE-2022-RCE,README.md,32d99e5a5a26e28a10bbc20ab4b4fff2d99c1da5,CVE-2022-22591
450360735,AlphabugX/CVE-2022-RCE,README.md,32d99e5a5a26e28a10bbc20ab4b4fff2d99c1da5,CVE-2022-22592
450360735,AlphabugX/CVE-2022-RCE,README.md,32d99e5a5a26e28a10bbc20ab4b4fff2d99c1da5,CVE-2022-22593
450360735,AlphabugX/CVE-2022-RCE,README.md,32d99e5a5a26e28a10bbc20ab4b4fff2d99c1da5,CVE-2022-22594
450360735,AlphabugX/CVE-2022-RCE,README.md,32d99e5a5a26e28a10bbc20ab4b4fff2d99c1da5,CVE-2022-22595
450360735,AlphabugX/CVE-2022-RCE,README.md,32d99e5a5a26e28a10bbc20ab4b4fff2d99c1da5,CVE-2022-22596
450360735,AlphabugX/CVE-2022-RCE,README.md,32d99e5a5a26e28a10bbc20ab4b4fff2d99c1da5,CVE-2022-22597
450360735,AlphabugX/CVE-2022-RCE,README.md,32d99e5a5a26e28a10bbc20ab4b4fff2d99c1da5,CVE-2022-22598
450360735,AlphabugX/CVE-2022-RCE,README.md,32d99e5a5a26e28a10bbc20ab4b4fff2d99c1da5,CVE-2022-22599
450360735,AlphabugX/CVE-2022-RCE,README.md,32d99e5a5a26e28a10bbc20ab4b4fff2d99c1da5,CVE-2022-22600
450360735,AlphabugX/CVE-2022-RCE,README.md,32d99e5a5a26e28a10bbc20ab4b4fff2d99c1da5,CVE-2022-22601
450360735,AlphabugX/CVE-2022-RCE,README.md,32d99e5a5a26e28a10bbc20ab4b4fff2d99c1da5,CVE-2022-22602
450360735,AlphabugX/CVE-2022-RCE,README.md,32d99e5a5a26e28a10bbc20ab4b4fff2d99c1da5,CVE-2022-22603
450360735,AlphabugX/CVE-2022-RCE,README.md,32d99e5a5a26e28a10bbc20ab4b4fff2d99c1da5,CVE-2022-22604
450360735,AlphabugX/CVE-2022-RCE,README.md,32d99e5a5a26e28a10bbc20ab4b4fff2d99c1da5,CVE-2022-22605
450360735,AlphabugX/CVE-2022-RCE,README.md,32d99e5a5a26e28a10bbc20ab4b4fff2d99c1da5,CVE-2022-22584
450360735,AlphabugX/CVE-2022-RCE,README.md,32d99e5a5a26e28a10bbc20ab4b4fff2d99c1da5,CVE-2022-22510
450360735,AlphabugX/CVE-2022-RCE,README.md,32d99e5a5a26e28a10bbc20ab4b4fff2d99c1da5,CVE-2022-22583
450360735,AlphabugX/CVE-2022-RCE,README.md,32d99e5a5a26e28a10bbc20ab4b4fff2d99c1da5,CVE-2022-22581
450360735,AlphabugX/CVE-2022-RCE,README.md,32d99e5a5a26e28a10bbc20ab4b4fff2d99c1da5,CVE-2022-22560
450360735,AlphabugX/CVE-2022-RCE,README.md,32d99e5a5a26e28a10bbc20ab4b4fff2d99c1da5,CVE-2022-22561
450360735,AlphabugX/CVE-2022-RCE,README.md,32d99e5a5a26e28a10bbc20ab4b4fff2d99c1da5,CVE-2022-22562
450360735,AlphabugX/CVE-2022-RCE,README.md,32d99e5a5a26e28a10bbc20ab4b4fff2d99c1da5,CVE-2022-22563
450360735,AlphabugX/CVE-2022-RCE,README.md,32d99e5a5a26e28a10bbc20ab4b4fff2d99c1da5,CVE-2022-22564
450360735,AlphabugX/CVE-2022-RCE,README.md,32d99e5a5a26e28a10bbc20ab4b4fff2d99c1da5,CVE-2022-22565
450360735,AlphabugX/CVE-2022-RCE,README.md,32d99e5a5a26e28a10bbc20ab4b4fff2d99c1da5,CVE-2022-22566
450360735,AlphabugX/CVE-2022-RCE,README.md,32d99e5a5a26e28a10bbc20ab4b4fff2d99c1da5,CVE-2022-22567
450360735,AlphabugX/CVE-2022-RCE,README.md,32d99e5a5a26e28a10bbc20ab4b4fff2d99c1da5,CVE-2022-22568
450360735,AlphabugX/CVE-2022-RCE,README.md,32d99e5a5a26e28a10bbc20ab4b4fff2d99c1da5,CVE-2022-22569
450360735,AlphabugX/CVE-2022-RCE,README.md,32d99e5a5a26e28a10bbc20ab4b4fff2d99c1da5,CVE-2022-22570
450360735,AlphabugX/CVE-2022-RCE,README.md,32d99e5a5a26e28a10bbc20ab4b4fff2d99c1da5,CVE-2022-22571
450360735,AlphabugX/CVE-2022-RCE,README.md,32d99e5a5a26e28a10bbc20ab4b4fff2d99c1da5,CVE-2022-22572
450360735,AlphabugX/CVE-2022-RCE,README.md,32d99e5a5a26e28a10bbc20ab4b4fff2d99c1da5,CVE-2022-22573
450360735,AlphabugX/CVE-2022-RCE,README.md,32d99e5a5a26e28a10bbc20ab4b4fff2d99c1da5,CVE-2022-22574
450360735,AlphabugX/CVE-2022-RCE,README.md,32d99e5a5a26e28a10bbc20ab4b4fff2d99c1da5,CVE-2022-22575
450360735,AlphabugX/CVE-2022-RCE,README.md,32d99e5a5a26e28a10bbc20ab4b4fff2d99c1da5,CVE-2022-22576
450360735,AlphabugX/CVE-2022-RCE,README.md,32d99e5a5a26e28a10bbc20ab4b4fff2d99c1da5,CVE-2022-22577
450360735,AlphabugX/CVE-2022-RCE,README.md,32d99e5a5a26e28a10bbc20ab4b4fff2d99c1da5,CVE-2022-22578
450360735,AlphabugX/CVE-2022-RCE,README.md,32d99e5a5a26e28a10bbc20ab4b4fff2d99c1da5,CVE-2022-22579
450360735,AlphabugX/CVE-2022-RCE,README.md,32d99e5a5a26e28a10bbc20ab4b4fff2d99c1da5,CVE-2022-22580
450360735,AlphabugX/CVE-2022-RCE,README.md,32d99e5a5a26e28a10bbc20ab4b4fff2d99c1da5,CVE-2022-22582
450360735,AlphabugX/CVE-2022-RCE,README.md,32d99e5a5a26e28a10bbc20ab4b4fff2d99c1da5,CVE-2022-23006
450360735,AlphabugX/CVE-2022-RCE,README.md,32d99e5a5a26e28a10bbc20ab4b4fff2d99c1da5,CVE-2022-22509
450360735,AlphabugX/CVE-2022-RCE,README.md,32d99e5a5a26e28a10bbc20ab4b4fff2d99c1da5,CVE-2022-22507
450360735,AlphabugX/CVE-2022-RCE,README.md,32d99e5a5a26e28a10bbc20ab4b4fff2d99c1da5,CVE-2022-22437
450360735,AlphabugX/CVE-2022-RCE,README.md,32d99e5a5a26e28a10bbc20ab4b4fff2d99c1da5,CVE-2022-22438
450360735,AlphabugX/CVE-2022-RCE,README.md,32d99e5a5a26e28a10bbc20ab4b4fff2d99c1da5,CVE-2022-22439
450360735,AlphabugX/CVE-2022-RCE,README.md,32d99e5a5a26e28a10bbc20ab4b4fff2d99c1da5,CVE-2022-22440
450360735,AlphabugX/CVE-2022-RCE,README.md,32d99e5a5a26e28a10bbc20ab4b4fff2d99c1da5,CVE-2022-22441
450360735,AlphabugX/CVE-2022-RCE,README.md,32d99e5a5a26e28a10bbc20ab4b4fff2d99c1da5,CVE-2022-22442
450360735,AlphabugX/CVE-2022-RCE,README.md,32d99e5a5a26e28a10bbc20ab4b4fff2d99c1da5,CVE-2022-22443
450360735,AlphabugX/CVE-2022-RCE,README.md,32d99e5a5a26e28a10bbc20ab4b4fff2d99c1da5,CVE-2022-22444
450360735,AlphabugX/CVE-2022-RCE,README.md,32d99e5a5a26e28a10bbc20ab4b4fff2d99c1da5,CVE-2022-22445
450360735,AlphabugX/CVE-2022-RCE,README.md,32d99e5a5a26e28a10bbc20ab4b4fff2d99c1da5,CVE-2022-22436
450360735,AlphabugX/CVE-2022-RCE,README.md,32d99e5a5a26e28a10bbc20ab4b4fff2d99c1da5,CVE-2022-22446
450360735,AlphabugX/CVE-2022-RCE,README.md,32d99e5a5a26e28a10bbc20ab4b4fff2d99c1da5,CVE-2022-22448
450360735,AlphabugX/CVE-2022-RCE,README.md,32d99e5a5a26e28a10bbc20ab4b4fff2d99c1da5,CVE-2022-22449
450360735,AlphabugX/CVE-2022-RCE,README.md,32d99e5a5a26e28a10bbc20ab4b4fff2d99c1da5,CVE-2022-22450
450360735,AlphabugX/CVE-2022-RCE,README.md,32d99e5a5a26e28a10bbc20ab4b4fff2d99c1da5,CVE-2022-22451
450360735,AlphabugX/CVE-2022-RCE,README.md,32d99e5a5a26e28a10bbc20ab4b4fff2d99c1da5,CVE-2022-22452
450360735,AlphabugX/CVE-2022-RCE,README.md,32d99e5a5a26e28a10bbc20ab4b4fff2d99c1da5,CVE-2022-22453
450360735,AlphabugX/CVE-2022-RCE,README.md,32d99e5a5a26e28a10bbc20ab4b4fff2d99c1da5,CVE-2022-22454
450360735,AlphabugX/CVE-2022-RCE,README.md,32d99e5a5a26e28a10bbc20ab4b4fff2d99c1da5,CVE-2022-22455
450360735,AlphabugX/CVE-2022-RCE,README.md,32d99e5a5a26e28a10bbc20ab4b4fff2d99c1da5,CVE-2022-22456
450360735,AlphabugX/CVE-2022-RCE,README.md,32d99e5a5a26e28a10bbc20ab4b4fff2d99c1da5,CVE-2022-22447
450360735,AlphabugX/CVE-2022-RCE,README.md,32d99e5a5a26e28a10bbc20ab4b4fff2d99c1da5,CVE-2022-22435
450360735,AlphabugX/CVE-2022-RCE,README.md,32d99e5a5a26e28a10bbc20ab4b4fff2d99c1da5,CVE-2022-22434
450360735,AlphabugX/CVE-2022-RCE,README.md,32d99e5a5a26e28a10bbc20ab4b4fff2d99c1da5,CVE-2022-22433
450360735,AlphabugX/CVE-2022-RCE,README.md,32d99e5a5a26e28a10bbc20ab4b4fff2d99c1da5,CVE-2022-22412
450360735,AlphabugX/CVE-2022-RCE,README.md,32d99e5a5a26e28a10bbc20ab4b4fff2d99c1da5,CVE-2022-22413
450360735,AlphabugX/CVE-2022-RCE,README.md,32d99e5a5a26e28a10bbc20ab4b4fff2d99c1da5,CVE-2022-22414
450360735,AlphabugX/CVE-2022-RCE,README.md,32d99e5a5a26e28a10bbc20ab4b4fff2d99c1da5,CVE-2022-22415
450360735,AlphabugX/CVE-2022-RCE,README.md,32d99e5a5a26e28a10bbc20ab4b4fff2d99c1da5,CVE-2022-22416
450360735,AlphabugX/CVE-2022-RCE,README.md,32d99e5a5a26e28a10bbc20ab4b4fff2d99c1da5,CVE-2022-22417
450360735,AlphabugX/CVE-2022-RCE,README.md,32d99e5a5a26e28a10bbc20ab4b4fff2d99c1da5,CVE-2022-22418
450360735,AlphabugX/CVE-2022-RCE,README.md,32d99e5a5a26e28a10bbc20ab4b4fff2d99c1da5,CVE-2022-22419
450360735,AlphabugX/CVE-2022-RCE,README.md,32d99e5a5a26e28a10bbc20ab4b4fff2d99c1da5,CVE-2022-22420
450360735,AlphabugX/CVE-2022-RCE,README.md,32d99e5a5a26e28a10bbc20ab4b4fff2d99c1da5,CVE-2022-22421
450360735,AlphabugX/CVE-2022-RCE,README.md,32d99e5a5a26e28a10bbc20ab4b4fff2d99c1da5,CVE-2022-22422
450360735,AlphabugX/CVE-2022-RCE,README.md,32d99e5a5a26e28a10bbc20ab4b4fff2d99c1da5,CVE-2022-22423
450360735,AlphabugX/CVE-2022-RCE,README.md,32d99e5a5a26e28a10bbc20ab4b4fff2d99c1da5,CVE-2022-22424
450360735,AlphabugX/CVE-2022-RCE,README.md,32d99e5a5a26e28a10bbc20ab4b4fff2d99c1da5,CVE-2022-22425
450360735,AlphabugX/CVE-2022-RCE,README.md,32d99e5a5a26e28a10bbc20ab4b4fff2d99c1da5,CVE-2022-22426
450360735,AlphabugX/CVE-2022-RCE,README.md,32d99e5a5a26e28a10bbc20ab4b4fff2d99c1da5,CVE-2022-22427
450360735,AlphabugX/CVE-2022-RCE,README.md,32d99e5a5a26e28a10bbc20ab4b4fff2d99c1da5,CVE-2022-22428
450360735,AlphabugX/CVE-2022-RCE,README.md,32d99e5a5a26e28a10bbc20ab4b4fff2d99c1da5,CVE-2022-22429
450360735,AlphabugX/CVE-2022-RCE,README.md,32d99e5a5a26e28a10bbc20ab4b4fff2d99c1da5,CVE-2022-22430
450360735,AlphabugX/CVE-2022-RCE,README.md,32d99e5a5a26e28a10bbc20ab4b4fff2d99c1da5,CVE-2022-22431
450360735,AlphabugX/CVE-2022-RCE,README.md,32d99e5a5a26e28a10bbc20ab4b4fff2d99c1da5,CVE-2022-22432
450360735,AlphabugX/CVE-2022-RCE,README.md,32d99e5a5a26e28a10bbc20ab4b4fff2d99c1da5,CVE-2022-22457
450360735,AlphabugX/CVE-2022-RCE,README.md,32d99e5a5a26e28a10bbc20ab4b4fff2d99c1da5,CVE-2022-22458
450360735,AlphabugX/CVE-2022-RCE,README.md,32d99e5a5a26e28a10bbc20ab4b4fff2d99c1da5,CVE-2022-22459
450360735,AlphabugX/CVE-2022-RCE,README.md,32d99e5a5a26e28a10bbc20ab4b4fff2d99c1da5,CVE-2022-22460
450360735,AlphabugX/CVE-2022-RCE,README.md,32d99e5a5a26e28a10bbc20ab4b4fff2d99c1da5,CVE-2022-22486
450360735,AlphabugX/CVE-2022-RCE,README.md,32d99e5a5a26e28a10bbc20ab4b4fff2d99c1da5,CVE-2022-22487
450360735,AlphabugX/CVE-2022-RCE,README.md,32d99e5a5a26e28a10bbc20ab4b4fff2d99c1da5,CVE-2022-22488
450360735,AlphabugX/CVE-2022-RCE,README.md,32d99e5a5a26e28a10bbc20ab4b4fff2d99c1da5,CVE-2022-22489
450360735,AlphabugX/CVE-2022-RCE,README.md,32d99e5a5a26e28a10bbc20ab4b4fff2d99c1da5,CVE-2022-22490
450360735,AlphabugX/CVE-2022-RCE,README.md,32d99e5a5a26e28a10bbc20ab4b4fff2d99c1da5,CVE-2022-22491
450360735,AlphabugX/CVE-2022-RCE,README.md,32d99e5a5a26e28a10bbc20ab4b4fff2d99c1da5,CVE-2022-22492
450360735,AlphabugX/CVE-2022-RCE,README.md,32d99e5a5a26e28a10bbc20ab4b4fff2d99c1da5,CVE-2022-22493
450360735,AlphabugX/CVE-2022-RCE,README.md,32d99e5a5a26e28a10bbc20ab4b4fff2d99c1da5,CVE-2022-22494
450360735,AlphabugX/CVE-2022-RCE,README.md,32d99e5a5a26e28a10bbc20ab4b4fff2d99c1da5,CVE-2022-22495
450360735,AlphabugX/CVE-2022-RCE,README.md,32d99e5a5a26e28a10bbc20ab4b4fff2d99c1da5,CVE-2022-22496
450360735,AlphabugX/CVE-2022-RCE,README.md,32d99e5a5a26e28a10bbc20ab4b4fff2d99c1da5,CVE-2022-22497
450360735,AlphabugX/CVE-2022-RCE,README.md,32d99e5a5a26e28a10bbc20ab4b4fff2d99c1da5,CVE-2022-22498
450360735,AlphabugX/CVE-2022-RCE,README.md,32d99e5a5a26e28a10bbc20ab4b4fff2d99c1da5,CVE-2022-22499
450360735,AlphabugX/CVE-2022-RCE,README.md,32d99e5a5a26e28a10bbc20ab4b4fff2d99c1da5,CVE-2022-22500
450360735,AlphabugX/CVE-2022-RCE,README.md,32d99e5a5a26e28a10bbc20ab4b4fff2d99c1da5,CVE-2022-22501
450360735,AlphabugX/CVE-2022-RCE,README.md,32d99e5a5a26e28a10bbc20ab4b4fff2d99c1da5,CVE-2022-22502
450360735,AlphabugX/CVE-2022-RCE,README.md,32d99e5a5a26e28a10bbc20ab4b4fff2d99c1da5,CVE-2022-22503
450360735,AlphabugX/CVE-2022-RCE,README.md,32d99e5a5a26e28a10bbc20ab4b4fff2d99c1da5,CVE-2022-22504
450360735,AlphabugX/CVE-2022-RCE,README.md,32d99e5a5a26e28a10bbc20ab4b4fff2d99c1da5,CVE-2022-22505
450360735,AlphabugX/CVE-2022-RCE,README.md,32d99e5a5a26e28a10bbc20ab4b4fff2d99c1da5,CVE-2022-22506
450360735,AlphabugX/CVE-2022-RCE,README.md,32d99e5a5a26e28a10bbc20ab4b4fff2d99c1da5,CVE-2022-22485
450360735,AlphabugX/CVE-2022-RCE,README.md,32d99e5a5a26e28a10bbc20ab4b4fff2d99c1da5,CVE-2022-22508
450360735,AlphabugX/CVE-2022-RCE,README.md,32d99e5a5a26e28a10bbc20ab4b4fff2d99c1da5,CVE-2022-22484
450360735,AlphabugX/CVE-2022-RCE,README.md,32d99e5a5a26e28a10bbc20ab4b4fff2d99c1da5,CVE-2022-22482
450360735,AlphabugX/CVE-2022-RCE,README.md,32d99e5a5a26e28a10bbc20ab4b4fff2d99c1da5,CVE-2022-22461
450360735,AlphabugX/CVE-2022-RCE,README.md,32d99e5a5a26e28a10bbc20ab4b4fff2d99c1da5,CVE-2022-22462
450360735,AlphabugX/CVE-2022-RCE,README.md,32d99e5a5a26e28a10bbc20ab4b4fff2d99c1da5,CVE-2022-22463
450360735,AlphabugX/CVE-2022-RCE,README.md,32d99e5a5a26e28a10bbc20ab4b4fff2d99c1da5,CVE-2022-22464
450360735,AlphabugX/CVE-2022-RCE,README.md,32d99e5a5a26e28a10bbc20ab4b4fff2d99c1da5,CVE-2022-22465
450360735,AlphabugX/CVE-2022-RCE,README.md,32d99e5a5a26e28a10bbc20ab4b4fff2d99c1da5,CVE-2022-22466
450360735,AlphabugX/CVE-2022-RCE,README.md,32d99e5a5a26e28a10bbc20ab4b4fff2d99c1da5,CVE-2022-22467
450360735,AlphabugX/CVE-2022-RCE,README.md,32d99e5a5a26e28a10bbc20ab4b4fff2d99c1da5,CVE-2022-22468
450360735,AlphabugX/CVE-2022-RCE,README.md,32d99e5a5a26e28a10bbc20ab4b4fff2d99c1da5,CVE-2022-22469
450360735,AlphabugX/CVE-2022-RCE,README.md,32d99e5a5a26e28a10bbc20ab4b4fff2d99c1da5,CVE-2022-22470
450360735,AlphabugX/CVE-2022-RCE,README.md,32d99e5a5a26e28a10bbc20ab4b4fff2d99c1da5,CVE-2022-22471
450360735,AlphabugX/CVE-2022-RCE,README.md,32d99e5a5a26e28a10bbc20ab4b4fff2d99c1da5,CVE-2022-22472
450360735,AlphabugX/CVE-2022-RCE,README.md,32d99e5a5a26e28a10bbc20ab4b4fff2d99c1da5,CVE-2022-22473
450360735,AlphabugX/CVE-2022-RCE,README.md,32d99e5a5a26e28a10bbc20ab4b4fff2d99c1da5,CVE-2022-22474
450360735,AlphabugX/CVE-2022-RCE,README.md,32d99e5a5a26e28a10bbc20ab4b4fff2d99c1da5,CVE-2022-22475
450360735,AlphabugX/CVE-2022-RCE,README.md,32d99e5a5a26e28a10bbc20ab4b4fff2d99c1da5,CVE-2022-22476
450360735,AlphabugX/CVE-2022-RCE,README.md,32d99e5a5a26e28a10bbc20ab4b4fff2d99c1da5,CVE-2022-22477
450360735,AlphabugX/CVE-2022-RCE,README.md,32d99e5a5a26e28a10bbc20ab4b4fff2d99c1da5,CVE-2022-22478
450360735,AlphabugX/CVE-2022-RCE,README.md,32d99e5a5a26e28a10bbc20ab4b4fff2d99c1da5,CVE-2022-22479
450360735,AlphabugX/CVE-2022-RCE,README.md,32d99e5a5a26e28a10bbc20ab4b4fff2d99c1da5,CVE-2022-22480
450360735,AlphabugX/CVE-2022-RCE,README.md,32d99e5a5a26e28a10bbc20ab4b4fff2d99c1da5,CVE-2022-22481
450360735,AlphabugX/CVE-2022-RCE,README.md,32d99e5a5a26e28a10bbc20ab4b4fff2d99c1da5,CVE-2022-22483
450360735,AlphabugX/CVE-2022-RCE,README.md,32d99e5a5a26e28a10bbc20ab4b4fff2d99c1da5,CVE-2022-23007
450360735,AlphabugX/CVE-2022-RCE,README.md,32d99e5a5a26e28a10bbc20ab4b4fff2d99c1da5,CVE-2022-23008
450360735,AlphabugX/CVE-2022-RCE,README.md,32d99e5a5a26e28a10bbc20ab4b4fff2d99c1da5,CVE-2022-23009
450360735,AlphabugX/CVE-2022-RCE,README.md,32d99e5a5a26e28a10bbc20ab4b4fff2d99c1da5,CVE-2022-23538
450360735,AlphabugX/CVE-2022-RCE,README.md,32d99e5a5a26e28a10bbc20ab4b4fff2d99c1da5,CVE-2022-23539
450360735,AlphabugX/CVE-2022-RCE,README.md,32d99e5a5a26e28a10bbc20ab4b4fff2d99c1da5,CVE-2022-23540
450360735,AlphabugX/CVE-2022-RCE,README.md,32d99e5a5a26e28a10bbc20ab4b4fff2d99c1da5,CVE-2022-23541
450360735,AlphabugX/CVE-2022-RCE,README.md,32d99e5a5a26e28a10bbc20ab4b4fff2d99c1da5,CVE-2022-23542
450360735,AlphabugX/CVE-2022-RCE,README.md,32d99e5a5a26e28a10bbc20ab4b4fff2d99c1da5,CVE-2022-23543
450360735,AlphabugX/CVE-2022-RCE,README.md,32d99e5a5a26e28a10bbc20ab4b4fff2d99c1da5,CVE-2022-23544
450360735,AlphabugX/CVE-2022-RCE,README.md,32d99e5a5a26e28a10bbc20ab4b4fff2d99c1da5,CVE-2022-23545
450360735,AlphabugX/CVE-2022-RCE,README.md,32d99e5a5a26e28a10bbc20ab4b4fff2d99c1da5,CVE-2022-23546
450360735,AlphabugX/CVE-2022-RCE,README.md,32d99e5a5a26e28a10bbc20ab4b4fff2d99c1da5,CVE-2022-23537
450360735,AlphabugX/CVE-2022-RCE,README.md,32d99e5a5a26e28a10bbc20ab4b4fff2d99c1da5,CVE-2022-23547
450360735,AlphabugX/CVE-2022-RCE,README.md,32d99e5a5a26e28a10bbc20ab4b4fff2d99c1da5,CVE-2022-23549
450360735,AlphabugX/CVE-2022-RCE,README.md,32d99e5a5a26e28a10bbc20ab4b4fff2d99c1da5,CVE-2022-23550
450360735,AlphabugX/CVE-2022-RCE,README.md,32d99e5a5a26e28a10bbc20ab4b4fff2d99c1da5,CVE-2022-23551
450360735,AlphabugX/CVE-2022-RCE,README.md,32d99e5a5a26e28a10bbc20ab4b4fff2d99c1da5,CVE-2022-23552
450360735,AlphabugX/CVE-2022-RCE,README.md,32d99e5a5a26e28a10bbc20ab4b4fff2d99c1da5,CVE-2022-23553
450360735,AlphabugX/CVE-2022-RCE,README.md,32d99e5a5a26e28a10bbc20ab4b4fff2d99c1da5,CVE-2022-23554
450360735,AlphabugX/CVE-2022-RCE,README.md,32d99e5a5a26e28a10bbc20ab4b4fff2d99c1da5,CVE-2022-23555
450360735,AlphabugX/CVE-2022-RCE,README.md,32d99e5a5a26e28a10bbc20ab4b4fff2d99c1da5,CVE-2022-23556
450360735,AlphabugX/CVE-2022-RCE,README.md,32d99e5a5a26e28a10bbc20ab4b4fff2d99c1da5,CVE-2022-23557
450360735,AlphabugX/CVE-2022-RCE,README.md,32d99e5a5a26e28a10bbc20ab4b4fff2d99c1da5,CVE-2022-23548
450360735,AlphabugX/CVE-2022-RCE,README.md,32d99e5a5a26e28a10bbc20ab4b4fff2d99c1da5,CVE-2022-23536
450360735,AlphabugX/CVE-2022-RCE,README.md,32d99e5a5a26e28a10bbc20ab4b4fff2d99c1da5,CVE-2022-23535
450360735,AlphabugX/CVE-2022-RCE,README.md,32d99e5a5a26e28a10bbc20ab4b4fff2d99c1da5,CVE-2022-23534
450360735,AlphabugX/CVE-2022-RCE,README.md,32d99e5a5a26e28a10bbc20ab4b4fff2d99c1da5,CVE-2022-23513
450360735,AlphabugX/CVE-2022-RCE,README.md,32d99e5a5a26e28a10bbc20ab4b4fff2d99c1da5,CVE-2022-23514
450360735,AlphabugX/CVE-2022-RCE,README.md,32d99e5a5a26e28a10bbc20ab4b4fff2d99c1da5,CVE-2022-23515
450360735,AlphabugX/CVE-2022-RCE,README.md,32d99e5a5a26e28a10bbc20ab4b4fff2d99c1da5,CVE-2022-23516
450360735,AlphabugX/CVE-2022-RCE,README.md,32d99e5a5a26e28a10bbc20ab4b4fff2d99c1da5,CVE-2022-23517
450360735,AlphabugX/CVE-2022-RCE,README.md,32d99e5a5a26e28a10bbc20ab4b4fff2d99c1da5,CVE-2022-23518
450360735,AlphabugX/CVE-2022-RCE,README.md,32d99e5a5a26e28a10bbc20ab4b4fff2d99c1da5,CVE-2022-23519
450360735,AlphabugX/CVE-2022-RCE,README.md,32d99e5a5a26e28a10bbc20ab4b4fff2d99c1da5,CVE-2022-23520
450360735,AlphabugX/CVE-2022-RCE,README.md,32d99e5a5a26e28a10bbc20ab4b4fff2d99c1da5,CVE-2022-23521
450360735,AlphabugX/CVE-2022-RCE,README.md,32d99e5a5a26e28a10bbc20ab4b4fff2d99c1da5,CVE-2022-23522
450360735,AlphabugX/CVE-2022-RCE,README.md,32d99e5a5a26e28a10bbc20ab4b4fff2d99c1da5,CVE-2022-23523
450360735,AlphabugX/CVE-2022-RCE,README.md,32d99e5a5a26e28a10bbc20ab4b4fff2d99c1da5,CVE-2022-23524
450360735,AlphabugX/CVE-2022-RCE,README.md,32d99e5a5a26e28a10bbc20ab4b4fff2d99c1da5,CVE-2022-23525
450360735,AlphabugX/CVE-2022-RCE,README.md,32d99e5a5a26e28a10bbc20ab4b4fff2d99c1da5,CVE-2022-23526
450360735,AlphabugX/CVE-2022-RCE,README.md,32d99e5a5a26e28a10bbc20ab4b4fff2d99c1da5,CVE-2022-23527
450360735,AlphabugX/CVE-2022-RCE,README.md,32d99e5a5a26e28a10bbc20ab4b4fff2d99c1da5,CVE-2022-23528
450360735,AlphabugX/CVE-2022-RCE,README.md,32d99e5a5a26e28a10bbc20ab4b4fff2d99c1da5,CVE-2022-23529
450360735,AlphabugX/CVE-2022-RCE,README.md,32d99e5a5a26e28a10bbc20ab4b4fff2d99c1da5,CVE-2022-23530
450360735,AlphabugX/CVE-2022-RCE,README.md,32d99e5a5a26e28a10bbc20ab4b4fff2d99c1da5,CVE-2022-23531
450360735,AlphabugX/CVE-2022-RCE,README.md,32d99e5a5a26e28a10bbc20ab4b4fff2d99c1da5,CVE-2022-23532
450360735,AlphabugX/CVE-2022-RCE,README.md,32d99e5a5a26e28a10bbc20ab4b4fff2d99c1da5,CVE-2022-23533
450360735,AlphabugX/CVE-2022-RCE,README.md,32d99e5a5a26e28a10bbc20ab4b4fff2d99c1da5,CVE-2022-23558
450360735,AlphabugX/CVE-2022-RCE,README.md,32d99e5a5a26e28a10bbc20ab4b4fff2d99c1da5,CVE-2022-23512
450360735,AlphabugX/CVE-2022-RCE,README.md,32d99e5a5a26e28a10bbc20ab4b4fff2d99c1da5,CVE-2022-23559
450360735,AlphabugX/CVE-2022-RCE,README.md,32d99e5a5a26e28a10bbc20ab4b4fff2d99c1da5,CVE-2022-23561
450360735,AlphabugX/CVE-2022-RCE,README.md,32d99e5a5a26e28a10bbc20ab4b4fff2d99c1da5,CVE-2022-23587
450360735,AlphabugX/CVE-2022-RCE,README.md,32d99e5a5a26e28a10bbc20ab4b4fff2d99c1da5,CVE-2022-23588
450360735,AlphabugX/CVE-2022-RCE,README.md,32d99e5a5a26e28a10bbc20ab4b4fff2d99c1da5,CVE-2022-23589
450360735,AlphabugX/CVE-2022-RCE,README.md,32d99e5a5a26e28a10bbc20ab4b4fff2d99c1da5,CVE-2022-23590
450360735,AlphabugX/CVE-2022-RCE,README.md,32d99e5a5a26e28a10bbc20ab4b4fff2d99c1da5,CVE-2022-23591
450360735,AlphabugX/CVE-2022-RCE,README.md,32d99e5a5a26e28a10bbc20ab4b4fff2d99c1da5,CVE-2022-23592
450360735,AlphabugX/CVE-2022-RCE,README.md,32d99e5a5a26e28a10bbc20ab4b4fff2d99c1da5,CVE-2022-23593
450360735,AlphabugX/CVE-2022-RCE,README.md,32d99e5a5a26e28a10bbc20ab4b4fff2d99c1da5,CVE-2022-23594
450360735,AlphabugX/CVE-2022-RCE,README.md,32d99e5a5a26e28a10bbc20ab4b4fff2d99c1da5,CVE-2022-23595
450360735,AlphabugX/CVE-2022-RCE,README.md,32d99e5a5a26e28a10bbc20ab4b4fff2d99c1da5,CVE-2022-23586
450360735,AlphabugX/CVE-2022-RCE,README.md,32d99e5a5a26e28a10bbc20ab4b4fff2d99c1da5,CVE-2022-23596
450360735,AlphabugX/CVE-2022-RCE,README.md,32d99e5a5a26e28a10bbc20ab4b4fff2d99c1da5,CVE-2022-23598
450360735,AlphabugX/CVE-2022-RCE,README.md,32d99e5a5a26e28a10bbc20ab4b4fff2d99c1da5,CVE-2022-23599
450360735,AlphabugX/CVE-2022-RCE,README.md,32d99e5a5a26e28a10bbc20ab4b4fff2d99c1da5,CVE-2022-23600
450360735,AlphabugX/CVE-2022-RCE,README.md,32d99e5a5a26e28a10bbc20ab4b4fff2d99c1da5,CVE-2022-23601
450360735,AlphabugX/CVE-2022-RCE,README.md,32d99e5a5a26e28a10bbc20ab4b4fff2d99c1da5,CVE-2022-23602
450360735,AlphabugX/CVE-2022-RCE,README.md,32d99e5a5a26e28a10bbc20ab4b4fff2d99c1da5,CVE-2022-23603
450360735,AlphabugX/CVE-2022-RCE,README.md,32d99e5a5a26e28a10bbc20ab4b4fff2d99c1da5,CVE-2022-23604
450360735,AlphabugX/CVE-2022-RCE,README.md,32d99e5a5a26e28a10bbc20ab4b4fff2d99c1da5,CVE-2022-23605
450360735,AlphabugX/CVE-2022-RCE,README.md,32d99e5a5a26e28a10bbc20ab4b4fff2d99c1da5,CVE-2022-23606
450360735,AlphabugX/CVE-2022-RCE,README.md,32d99e5a5a26e28a10bbc20ab4b4fff2d99c1da5,CVE-2022-23597
450360735,AlphabugX/CVE-2022-RCE,README.md,32d99e5a5a26e28a10bbc20ab4b4fff2d99c1da5,CVE-2022-23585
450360735,AlphabugX/CVE-2022-RCE,README.md,32d99e5a5a26e28a10bbc20ab4b4fff2d99c1da5,CVE-2022-23584
450360735,AlphabugX/CVE-2022-RCE,README.md,32d99e5a5a26e28a10bbc20ab4b4fff2d99c1da5,CVE-2022-23583
450360735,AlphabugX/CVE-2022-RCE,README.md,32d99e5a5a26e28a10bbc20ab4b4fff2d99c1da5,CVE-2022-23562
450360735,AlphabugX/CVE-2022-RCE,README.md,32d99e5a5a26e28a10bbc20ab4b4fff2d99c1da5,CVE-2022-23563
450360735,AlphabugX/CVE-2022-RCE,README.md,32d99e5a5a26e28a10bbc20ab4b4fff2d99c1da5,CVE-2022-23564
450360735,AlphabugX/CVE-2022-RCE,README.md,32d99e5a5a26e28a10bbc20ab4b4fff2d99c1da5,CVE-2022-23565
450360735,AlphabugX/CVE-2022-RCE,README.md,32d99e5a5a26e28a10bbc20ab4b4fff2d99c1da5,CVE-2022-23566
450360735,AlphabugX/CVE-2022-RCE,README.md,32d99e5a5a26e28a10bbc20ab4b4fff2d99c1da5,CVE-2022-23567
450360735,AlphabugX/CVE-2022-RCE,README.md,32d99e5a5a26e28a10bbc20ab4b4fff2d99c1da5,CVE-2022-23568
450360735,AlphabugX/CVE-2022-RCE,README.md,32d99e5a5a26e28a10bbc20ab4b4fff2d99c1da5,CVE-2022-23569
450360735,AlphabugX/CVE-2022-RCE,README.md,32d99e5a5a26e28a10bbc20ab4b4fff2d99c1da5,CVE-2022-23570
450360735,AlphabugX/CVE-2022-RCE,README.md,32d99e5a5a26e28a10bbc20ab4b4fff2d99c1da5,CVE-2022-23571
450360735,AlphabugX/CVE-2022-RCE,README.md,32d99e5a5a26e28a10bbc20ab4b4fff2d99c1da5,CVE-2022-23572
450360735,AlphabugX/CVE-2022-RCE,README.md,32d99e5a5a26e28a10bbc20ab4b4fff2d99c1da5,CVE-2022-23573
450360735,AlphabugX/CVE-2022-RCE,README.md,32d99e5a5a26e28a10bbc20ab4b4fff2d99c1da5,CVE-2022-23574
450360735,AlphabugX/CVE-2022-RCE,README.md,32d99e5a5a26e28a10bbc20ab4b4fff2d99c1da5,CVE-2022-23575
450360735,AlphabugX/CVE-2022-RCE,README.md,32d99e5a5a26e28a10bbc20ab4b4fff2d99c1da5,CVE-2022-23576
450360735,AlphabugX/CVE-2022-RCE,README.md,32d99e5a5a26e28a10bbc20ab4b4fff2d99c1da5,CVE-2022-23577
450360735,AlphabugX/CVE-2022-RCE,README.md,32d99e5a5a26e28a10bbc20ab4b4fff2d99c1da5,CVE-2022-23578
450360735,AlphabugX/CVE-2022-RCE,README.md,32d99e5a5a26e28a10bbc20ab4b4fff2d99c1da5,CVE-2022-23579
450360735,AlphabugX/CVE-2022-RCE,README.md,32d99e5a5a26e28a10bbc20ab4b4fff2d99c1da5,CVE-2022-23580
450360735,AlphabugX/CVE-2022-RCE,README.md,32d99e5a5a26e28a10bbc20ab4b4fff2d99c1da5,CVE-2022-23581
450360735,AlphabugX/CVE-2022-RCE,README.md,32d99e5a5a26e28a10bbc20ab4b4fff2d99c1da5,CVE-2022-23582
450360735,AlphabugX/CVE-2022-RCE,README.md,32d99e5a5a26e28a10bbc20ab4b4fff2d99c1da5,CVE-2022-23560
450360735,AlphabugX/CVE-2022-RCE,README.md,32d99e5a5a26e28a10bbc20ab4b4fff2d99c1da5,CVE-2022-23511
450360735,AlphabugX/CVE-2022-RCE,README.md,32d99e5a5a26e28a10bbc20ab4b4fff2d99c1da5,CVE-2022-23510
450360735,AlphabugX/CVE-2022-RCE,README.md,32d99e5a5a26e28a10bbc20ab4b4fff2d99c1da5,CVE-2022-23509
450360735,AlphabugX/CVE-2022-RCE,README.md,32d99e5a5a26e28a10bbc20ab4b4fff2d99c1da5,CVE-2022-23439
450360735,AlphabugX/CVE-2022-RCE,README.md,32d99e5a5a26e28a10bbc20ab4b4fff2d99c1da5,CVE-2022-23440
450360735,AlphabugX/CVE-2022-RCE,README.md,32d99e5a5a26e28a10bbc20ab4b4fff2d99c1da5,CVE-2022-23441
450360735,AlphabugX/CVE-2022-RCE,README.md,32d99e5a5a26e28a10bbc20ab4b4fff2d99c1da5,CVE-2022-23442
450360735,AlphabugX/CVE-2022-RCE,README.md,32d99e5a5a26e28a10bbc20ab4b4fff2d99c1da5,CVE-2022-23443
450360735,AlphabugX/CVE-2022-RCE,README.md,32d99e5a5a26e28a10bbc20ab4b4fff2d99c1da5,CVE-2022-23444
450360735,AlphabugX/CVE-2022-RCE,README.md,32d99e5a5a26e28a10bbc20ab4b4fff2d99c1da5,CVE-2022-23445
450360735,AlphabugX/CVE-2022-RCE,README.md,32d99e5a5a26e28a10bbc20ab4b4fff2d99c1da5,CVE-2022-23446
450360735,AlphabugX/CVE-2022-RCE,README.md,32d99e5a5a26e28a10bbc20ab4b4fff2d99c1da5,CVE-2022-23447
450360735,AlphabugX/CVE-2022-RCE,README.md,32d99e5a5a26e28a10bbc20ab4b4fff2d99c1da5,CVE-2022-23438
450360735,AlphabugX/CVE-2022-RCE,README.md,32d99e5a5a26e28a10bbc20ab4b4fff2d99c1da5,CVE-2022-23448
450360735,AlphabugX/CVE-2022-RCE,README.md,32d99e5a5a26e28a10bbc20ab4b4fff2d99c1da5,CVE-2022-23450
450360735,AlphabugX/CVE-2022-RCE,README.md,32d99e5a5a26e28a10bbc20ab4b4fff2d99c1da5,CVE-2022-23451
450360735,AlphabugX/CVE-2022-RCE,README.md,32d99e5a5a26e28a10bbc20ab4b4fff2d99c1da5,CVE-2022-23452
450360735,AlphabugX/CVE-2022-RCE,README.md,32d99e5a5a26e28a10bbc20ab4b4fff2d99c1da5,CVE-2022-23453
450360735,AlphabugX/CVE-2022-RCE,README.md,32d99e5a5a26e28a10bbc20ab4b4fff2d99c1da5,CVE-2022-23454
450360735,AlphabugX/CVE-2022-RCE,README.md,32d99e5a5a26e28a10bbc20ab4b4fff2d99c1da5,CVE-2022-23455
450360735,AlphabugX/CVE-2022-RCE,README.md,32d99e5a5a26e28a10bbc20ab4b4fff2d99c1da5,CVE-2022-23456
450360735,AlphabugX/CVE-2022-RCE,README.md,32d99e5a5a26e28a10bbc20ab4b4fff2d99c1da5,CVE-2022-23457
450360735,AlphabugX/CVE-2022-RCE,README.md,32d99e5a5a26e28a10bbc20ab4b4fff2d99c1da5,CVE-2022-23458
450360735,AlphabugX/CVE-2022-RCE,README.md,32d99e5a5a26e28a10bbc20ab4b4fff2d99c1da5,CVE-2022-23449
450360735,AlphabugX/CVE-2022-RCE,README.md,32d99e5a5a26e28a10bbc20ab4b4fff2d99c1da5,CVE-2022-23437
450360735,AlphabugX/CVE-2022-RCE,README.md,32d99e5a5a26e28a10bbc20ab4b4fff2d99c1da5,CVE-2022-23436
450360735,AlphabugX/CVE-2022-RCE,README.md,32d99e5a5a26e28a10bbc20ab4b4fff2d99c1da5,CVE-2022-23435
450360735,AlphabugX/CVE-2022-RCE,README.md,32d99e5a5a26e28a10bbc20ab4b4fff2d99c1da5,CVE-2022-23414
450360735,AlphabugX/CVE-2022-RCE,README.md,32d99e5a5a26e28a10bbc20ab4b4fff2d99c1da5,CVE-2022-23415
450360735,AlphabugX/CVE-2022-RCE,README.md,32d99e5a5a26e28a10bbc20ab4b4fff2d99c1da5,CVE-2022-23416
450360735,AlphabugX/CVE-2022-RCE,README.md,32d99e5a5a26e28a10bbc20ab4b4fff2d99c1da5,CVE-2022-23417
450360735,AlphabugX/CVE-2022-RCE,README.md,32d99e5a5a26e28a10bbc20ab4b4fff2d99c1da5,CVE-2022-23418
450360735,AlphabugX/CVE-2022-RCE,README.md,32d99e5a5a26e28a10bbc20ab4b4fff2d99c1da5,CVE-2022-23419
450360735,AlphabugX/CVE-2022-RCE,README.md,32d99e5a5a26e28a10bbc20ab4b4fff2d99c1da5,CVE-2022-23420
450360735,AlphabugX/CVE-2022-RCE,README.md,32d99e5a5a26e28a10bbc20ab4b4fff2d99c1da5,CVE-2022-23421
450360735,AlphabugX/CVE-2022-RCE,README.md,32d99e5a5a26e28a10bbc20ab4b4fff2d99c1da5,CVE-2022-23422
450360735,AlphabugX/CVE-2022-RCE,README.md,32d99e5a5a26e28a10bbc20ab4b4fff2d99c1da5,CVE-2022-23423
450360735,AlphabugX/CVE-2022-RCE,README.md,32d99e5a5a26e28a10bbc20ab4b4fff2d99c1da5,CVE-2022-23424
450360735,AlphabugX/CVE-2022-RCE,README.md,32d99e5a5a26e28a10bbc20ab4b4fff2d99c1da5,CVE-2022-23425
450360735,AlphabugX/CVE-2022-RCE,README.md,32d99e5a5a26e28a10bbc20ab4b4fff2d99c1da5,CVE-2022-23426
450360735,AlphabugX/CVE-2022-RCE,README.md,32d99e5a5a26e28a10bbc20ab4b4fff2d99c1da5,CVE-2022-23427
450360735,AlphabugX/CVE-2022-RCE,README.md,32d99e5a5a26e28a10bbc20ab4b4fff2d99c1da5,CVE-2022-23428
450360735,AlphabugX/CVE-2022-RCE,README.md,32d99e5a5a26e28a10bbc20ab4b4fff2d99c1da5,CVE-2022-23429
450360735,AlphabugX/CVE-2022-RCE,README.md,32d99e5a5a26e28a10bbc20ab4b4fff2d99c1da5,CVE-2022-23430
450360735,AlphabugX/CVE-2022-RCE,README.md,32d99e5a5a26e28a10bbc20ab4b4fff2d99c1da5,CVE-2022-23431
450360735,AlphabugX/CVE-2022-RCE,README.md,32d99e5a5a26e28a10bbc20ab4b4fff2d99c1da5,CVE-2022-23432
450360735,AlphabugX/CVE-2022-RCE,README.md,32d99e5a5a26e28a10bbc20ab4b4fff2d99c1da5,CVE-2022-23433
450360735,AlphabugX/CVE-2022-RCE,README.md,32d99e5a5a26e28a10bbc20ab4b4fff2d99c1da5,CVE-2022-23434
450360735,AlphabugX/CVE-2022-RCE,README.md,32d99e5a5a26e28a10bbc20ab4b4fff2d99c1da5,CVE-2022-23459
450360735,AlphabugX/CVE-2022-RCE,README.md,32d99e5a5a26e28a10bbc20ab4b4fff2d99c1da5,CVE-2022-23460
450360735,AlphabugX/CVE-2022-RCE,README.md,32d99e5a5a26e28a10bbc20ab4b4fff2d99c1da5,CVE-2022-23461
450360735,AlphabugX/CVE-2022-RCE,README.md,32d99e5a5a26e28a10bbc20ab4b4fff2d99c1da5,CVE-2022-23462
450360735,AlphabugX/CVE-2022-RCE,README.md,32d99e5a5a26e28a10bbc20ab4b4fff2d99c1da5,CVE-2022-23488
450360735,AlphabugX/CVE-2022-RCE,README.md,32d99e5a5a26e28a10bbc20ab4b4fff2d99c1da5,CVE-2022-23489
450360735,AlphabugX/CVE-2022-RCE,README.md,32d99e5a5a26e28a10bbc20ab4b4fff2d99c1da5,CVE-2022-23490
450360735,AlphabugX/CVE-2022-RCE,README.md,32d99e5a5a26e28a10bbc20ab4b4fff2d99c1da5,CVE-2022-23491
450360735,AlphabugX/CVE-2022-RCE,README.md,32d99e5a5a26e28a10bbc20ab4b4fff2d99c1da5,CVE-2022-23492
450360735,AlphabugX/CVE-2022-RCE,README.md,32d99e5a5a26e28a10bbc20ab4b4fff2d99c1da5,CVE-2022-23493
450360735,AlphabugX/CVE-2022-RCE,README.md,32d99e5a5a26e28a10bbc20ab4b4fff2d99c1da5,CVE-2022-23494
450360735,AlphabugX/CVE-2022-RCE,README.md,32d99e5a5a26e28a10bbc20ab4b4fff2d99c1da5,CVE-2022-23495
450360735,AlphabugX/CVE-2022-RCE,README.md,32d99e5a5a26e28a10bbc20ab4b4fff2d99c1da5,CVE-2022-23496
450360735,AlphabugX/CVE-2022-RCE,README.md,32d99e5a5a26e28a10bbc20ab4b4fff2d99c1da5,CVE-2022-23497
450360735,AlphabugX/CVE-2022-RCE,README.md,32d99e5a5a26e28a10bbc20ab4b4fff2d99c1da5,CVE-2022-23498
450360735,AlphabugX/CVE-2022-RCE,README.md,32d99e5a5a26e28a10bbc20ab4b4fff2d99c1da5,CVE-2022-23499
450360735,AlphabugX/CVE-2022-RCE,README.md,32d99e5a5a26e28a10bbc20ab4b4fff2d99c1da5,CVE-2022-23500
450360735,AlphabugX/CVE-2022-RCE,README.md,32d99e5a5a26e28a10bbc20ab4b4fff2d99c1da5,CVE-2022-23501
450360735,AlphabugX/CVE-2022-RCE,README.md,32d99e5a5a26e28a10bbc20ab4b4fff2d99c1da5,CVE-2022-23502
450360735,AlphabugX/CVE-2022-RCE,README.md,32d99e5a5a26e28a10bbc20ab4b4fff2d99c1da5,CVE-2022-23503
450360735,AlphabugX/CVE-2022-RCE,README.md,32d99e5a5a26e28a10bbc20ab4b4fff2d99c1da5,CVE-2022-23504
450360735,AlphabugX/CVE-2022-RCE,README.md,32d99e5a5a26e28a10bbc20ab4b4fff2d99c1da5,CVE-2022-23505
450360735,AlphabugX/CVE-2022-RCE,README.md,32d99e5a5a26e28a10bbc20ab4b4fff2d99c1da5,CVE-2022-23506
450360735,AlphabugX/CVE-2022-RCE,README.md,32d99e5a5a26e28a10bbc20ab4b4fff2d99c1da5,CVE-2022-23507
450360735,AlphabugX/CVE-2022-RCE,README.md,32d99e5a5a26e28a10bbc20ab4b4fff2d99c1da5,CVE-2022-23508
450360735,AlphabugX/CVE-2022-RCE,README.md,32d99e5a5a26e28a10bbc20ab4b4fff2d99c1da5,CVE-2022-23487
450360735,AlphabugX/CVE-2022-RCE,README.md,32d99e5a5a26e28a10bbc20ab4b4fff2d99c1da5,CVE-2022-23607
450360735,AlphabugX/CVE-2022-RCE,README.md,32d99e5a5a26e28a10bbc20ab4b4fff2d99c1da5,CVE-2022-23486
450360735,AlphabugX/CVE-2022-RCE,README.md,32d99e5a5a26e28a10bbc20ab4b4fff2d99c1da5,CVE-2022-23484
450360735,AlphabugX/CVE-2022-RCE,README.md,32d99e5a5a26e28a10bbc20ab4b4fff2d99c1da5,CVE-2022-23463
450360735,AlphabugX/CVE-2022-RCE,README.md,32d99e5a5a26e28a10bbc20ab4b4fff2d99c1da5,CVE-2022-23464
450360735,AlphabugX/CVE-2022-RCE,README.md,32d99e5a5a26e28a10bbc20ab4b4fff2d99c1da5,CVE-2022-23465
450360735,AlphabugX/CVE-2022-RCE,README.md,32d99e5a5a26e28a10bbc20ab4b4fff2d99c1da5,CVE-2022-23466
450360735,AlphabugX/CVE-2022-RCE,README.md,32d99e5a5a26e28a10bbc20ab4b4fff2d99c1da5,CVE-2022-23467
450360735,AlphabugX/CVE-2022-RCE,README.md,32d99e5a5a26e28a10bbc20ab4b4fff2d99c1da5,CVE-2022-23468
450360735,AlphabugX/CVE-2022-RCE,README.md,32d99e5a5a26e28a10bbc20ab4b4fff2d99c1da5,CVE-2022-23469
450360735,AlphabugX/CVE-2022-RCE,README.md,32d99e5a5a26e28a10bbc20ab4b4fff2d99c1da5,CVE-2022-23470
450360735,AlphabugX/CVE-2022-RCE,README.md,32d99e5a5a26e28a10bbc20ab4b4fff2d99c1da5,CVE-2022-23471
450360735,AlphabugX/CVE-2022-RCE,README.md,32d99e5a5a26e28a10bbc20ab4b4fff2d99c1da5,CVE-2022-23472
450360735,AlphabugX/CVE-2022-RCE,README.md,32d99e5a5a26e28a10bbc20ab4b4fff2d99c1da5,CVE-2022-23473
450360735,AlphabugX/CVE-2022-RCE,README.md,32d99e5a5a26e28a10bbc20ab4b4fff2d99c1da5,CVE-2022-23474
450360735,AlphabugX/CVE-2022-RCE,README.md,32d99e5a5a26e28a10bbc20ab4b4fff2d99c1da5,CVE-2022-23475
450360735,AlphabugX/CVE-2022-RCE,README.md,32d99e5a5a26e28a10bbc20ab4b4fff2d99c1da5,CVE-2022-23476
450360735,AlphabugX/CVE-2022-RCE,README.md,32d99e5a5a26e28a10bbc20ab4b4fff2d99c1da5,CVE-2022-23477
450360735,AlphabugX/CVE-2022-RCE,README.md,32d99e5a5a26e28a10bbc20ab4b4fff2d99c1da5,CVE-2022-23478
450360735,AlphabugX/CVE-2022-RCE,README.md,32d99e5a5a26e28a10bbc20ab4b4fff2d99c1da5,CVE-2022-23479
450360735,AlphabugX/CVE-2022-RCE,README.md,32d99e5a5a26e28a10bbc20ab4b4fff2d99c1da5,CVE-2022-23480
450360735,AlphabugX/CVE-2022-RCE,README.md,32d99e5a5a26e28a10bbc20ab4b4fff2d99c1da5,CVE-2022-23481
450360735,AlphabugX/CVE-2022-RCE,README.md,32d99e5a5a26e28a10bbc20ab4b4fff2d99c1da5,CVE-2022-23482
450360735,AlphabugX/CVE-2022-RCE,README.md,32d99e5a5a26e28a10bbc20ab4b4fff2d99c1da5,CVE-2022-23483
450360735,AlphabugX/CVE-2022-RCE,README.md,32d99e5a5a26e28a10bbc20ab4b4fff2d99c1da5,CVE-2022-23485
450360735,AlphabugX/CVE-2022-RCE,README.md,32d99e5a5a26e28a10bbc20ab4b4fff2d99c1da5,CVE-2022-23608
450360735,AlphabugX/CVE-2022-RCE,README.md,32d99e5a5a26e28a10bbc20ab4b4fff2d99c1da5,CVE-2022-23609
450360735,AlphabugX/CVE-2022-RCE,README.md,32d99e5a5a26e28a10bbc20ab4b4fff2d99c1da5,CVE-2022-23610
450360735,AlphabugX/CVE-2022-RCE,README.md,32d99e5a5a26e28a10bbc20ab4b4fff2d99c1da5,CVE-2022-23735
450360735,AlphabugX/CVE-2022-RCE,README.md,32d99e5a5a26e28a10bbc20ab4b4fff2d99c1da5,CVE-2022-23736
450360735,AlphabugX/CVE-2022-RCE,README.md,32d99e5a5a26e28a10bbc20ab4b4fff2d99c1da5,CVE-2022-23737
450360735,AlphabugX/CVE-2022-RCE,README.md,32d99e5a5a26e28a10bbc20ab4b4fff2d99c1da5,CVE-2022-23738
450360735,AlphabugX/CVE-2022-RCE,README.md,32d99e5a5a26e28a10bbc20ab4b4fff2d99c1da5,CVE-2022-23739
450360735,AlphabugX/CVE-2022-RCE,README.md,32d99e5a5a26e28a10bbc20ab4b4fff2d99c1da5,CVE-2022-23740
450360735,AlphabugX/CVE-2022-RCE,README.md,32d99e5a5a26e28a10bbc20ab4b4fff2d99c1da5,CVE-2022-23741
450360735,AlphabugX/CVE-2022-RCE,README.md,32d99e5a5a26e28a10bbc20ab4b4fff2d99c1da5,CVE-2022-23742
450360735,AlphabugX/CVE-2022-RCE,README.md,32d99e5a5a26e28a10bbc20ab4b4fff2d99c1da5,CVE-2022-23743
450360735,AlphabugX/CVE-2022-RCE,README.md,32d99e5a5a26e28a10bbc20ab4b4fff2d99c1da5,CVE-2022-23734
450360735,AlphabugX/CVE-2022-RCE,README.md,32d99e5a5a26e28a10bbc20ab4b4fff2d99c1da5,CVE-2022-23744
450360735,AlphabugX/CVE-2022-RCE,README.md,32d99e5a5a26e28a10bbc20ab4b4fff2d99c1da5,CVE-2022-23746
450360735,AlphabugX/CVE-2022-RCE,README.md,32d99e5a5a26e28a10bbc20ab4b4fff2d99c1da5,CVE-2022-23747
450360735,AlphabugX/CVE-2022-RCE,README.md,32d99e5a5a26e28a10bbc20ab4b4fff2d99c1da5,CVE-2022-23748
450360735,AlphabugX/CVE-2022-RCE,README.md,32d99e5a5a26e28a10bbc20ab4b4fff2d99c1da5,CVE-2022-23749
450360735,AlphabugX/CVE-2022-RCE,README.md,32d99e5a5a26e28a10bbc20ab4b4fff2d99c1da5,CVE-2022-23750
450360735,AlphabugX/CVE-2022-RCE,README.md,32d99e5a5a26e28a10bbc20ab4b4fff2d99c1da5,CVE-2022-23751
450360735,AlphabugX/CVE-2022-RCE,README.md,32d99e5a5a26e28a10bbc20ab4b4fff2d99c1da5,CVE-2022-23752
450360735,AlphabugX/CVE-2022-RCE,README.md,32d99e5a5a26e28a10bbc20ab4b4fff2d99c1da5,CVE-2022-23753
450360735,AlphabugX/CVE-2022-RCE,README.md,32d99e5a5a26e28a10bbc20ab4b4fff2d99c1da5,CVE-2022-23754
450360735,AlphabugX/CVE-2022-RCE,README.md,32d99e5a5a26e28a10bbc20ab4b4fff2d99c1da5,CVE-2022-23745
450360735,AlphabugX/CVE-2022-RCE,README.md,32d99e5a5a26e28a10bbc20ab4b4fff2d99c1da5,CVE-2022-23733
450360735,AlphabugX/CVE-2022-RCE,README.md,32d99e5a5a26e28a10bbc20ab4b4fff2d99c1da5,CVE-2022-23732
450360735,AlphabugX/CVE-2022-RCE,README.md,32d99e5a5a26e28a10bbc20ab4b4fff2d99c1da5,CVE-2022-23731
450360735,AlphabugX/CVE-2022-RCE,README.md,32d99e5a5a26e28a10bbc20ab4b4fff2d99c1da5,CVE-2022-23710
450360735,AlphabugX/CVE-2022-RCE,README.md,32d99e5a5a26e28a10bbc20ab4b4fff2d99c1da5,CVE-2022-23711
450360735,AlphabugX/CVE-2022-RCE,README.md,32d99e5a5a26e28a10bbc20ab4b4fff2d99c1da5,CVE-2022-23712
450360735,AlphabugX/CVE-2022-RCE,README.md,32d99e5a5a26e28a10bbc20ab4b4fff2d99c1da5,CVE-2022-23713
450360735,AlphabugX/CVE-2022-RCE,README.md,32d99e5a5a26e28a10bbc20ab4b4fff2d99c1da5,CVE-2022-23714
450360735,AlphabugX/CVE-2022-RCE,README.md,32d99e5a5a26e28a10bbc20ab4b4fff2d99c1da5,CVE-2022-23715
450360735,AlphabugX/CVE-2022-RCE,README.md,32d99e5a5a26e28a10bbc20ab4b4fff2d99c1da5,CVE-2022-23716
450360735,AlphabugX/CVE-2022-RCE,README.md,32d99e5a5a26e28a10bbc20ab4b4fff2d99c1da5,CVE-2022-23717
450360735,AlphabugX/CVE-2022-RCE,README.md,32d99e5a5a26e28a10bbc20ab4b4fff2d99c1da5,CVE-2022-23718
450360735,AlphabugX/CVE-2022-RCE,README.md,32d99e5a5a26e28a10bbc20ab4b4fff2d99c1da5,CVE-2022-23719
450360735,AlphabugX/CVE-2022-RCE,README.md,32d99e5a5a26e28a10bbc20ab4b4fff2d99c1da5,CVE-2022-23720
450360735,AlphabugX/CVE-2022-RCE,README.md,32d99e5a5a26e28a10bbc20ab4b4fff2d99c1da5,CVE-2022-23721
450360735,AlphabugX/CVE-2022-RCE,README.md,32d99e5a5a26e28a10bbc20ab4b4fff2d99c1da5,CVE-2022-23722
450360735,AlphabugX/CVE-2022-RCE,README.md,32d99e5a5a26e28a10bbc20ab4b4fff2d99c1da5,CVE-2022-23723
450360735,AlphabugX/CVE-2022-RCE,README.md,32d99e5a5a26e28a10bbc20ab4b4fff2d99c1da5,CVE-2022-23724
450360735,AlphabugX/CVE-2022-RCE,README.md,32d99e5a5a26e28a10bbc20ab4b4fff2d99c1da5,CVE-2022-23725
450360735,AlphabugX/CVE-2022-RCE,README.md,32d99e5a5a26e28a10bbc20ab4b4fff2d99c1da5,CVE-2022-23726
450360735,AlphabugX/CVE-2022-RCE,README.md,32d99e5a5a26e28a10bbc20ab4b4fff2d99c1da5,CVE-2022-23727
450360735,AlphabugX/CVE-2022-RCE,README.md,32d99e5a5a26e28a10bbc20ab4b4fff2d99c1da5,CVE-2022-23728
450360735,AlphabugX/CVE-2022-RCE,README.md,32d99e5a5a26e28a10bbc20ab4b4fff2d99c1da5,CVE-2022-23729
450360735,AlphabugX/CVE-2022-RCE,README.md,32d99e5a5a26e28a10bbc20ab4b4fff2d99c1da5,CVE-2022-23730
450360735,AlphabugX/CVE-2022-RCE,README.md,32d99e5a5a26e28a10bbc20ab4b4fff2d99c1da5,CVE-2022-23755
450360735,AlphabugX/CVE-2022-RCE,README.md,32d99e5a5a26e28a10bbc20ab4b4fff2d99c1da5,CVE-2022-23756
450360735,AlphabugX/CVE-2022-RCE,README.md,32d99e5a5a26e28a10bbc20ab4b4fff2d99c1da5,CVE-2022-23757
450360735,AlphabugX/CVE-2022-RCE,README.md,32d99e5a5a26e28a10bbc20ab4b4fff2d99c1da5,CVE-2022-23758
450360735,AlphabugX/CVE-2022-RCE,README.md,32d99e5a5a26e28a10bbc20ab4b4fff2d99c1da5,CVE-2022-23784
450360735,AlphabugX/CVE-2022-RCE,README.md,32d99e5a5a26e28a10bbc20ab4b4fff2d99c1da5,CVE-2022-23785
450360735,AlphabugX/CVE-2022-RCE,README.md,32d99e5a5a26e28a10bbc20ab4b4fff2d99c1da5,CVE-2022-23786
450360735,AlphabugX/CVE-2022-RCE,README.md,32d99e5a5a26e28a10bbc20ab4b4fff2d99c1da5,CVE-2022-23787
450360735,AlphabugX/CVE-2022-RCE,README.md,32d99e5a5a26e28a10bbc20ab4b4fff2d99c1da5,CVE-2022-23788
450360735,AlphabugX/CVE-2022-RCE,README.md,32d99e5a5a26e28a10bbc20ab4b4fff2d99c1da5,CVE-2022-23789
450360735,AlphabugX/CVE-2022-RCE,README.md,32d99e5a5a26e28a10bbc20ab4b4fff2d99c1da5,CVE-2022-23790
450360735,AlphabugX/CVE-2022-RCE,README.md,32d99e5a5a26e28a10bbc20ab4b4fff2d99c1da5,CVE-2022-23791
450360735,AlphabugX/CVE-2022-RCE,README.md,32d99e5a5a26e28a10bbc20ab4b4fff2d99c1da5,CVE-2022-23792
450360735,AlphabugX/CVE-2022-RCE,README.md,32d99e5a5a26e28a10bbc20ab4b4fff2d99c1da5,CVE-2022-23793
450360735,AlphabugX/CVE-2022-RCE,README.md,32d99e5a5a26e28a10bbc20ab4b4fff2d99c1da5,CVE-2022-23794
450360735,AlphabugX/CVE-2022-RCE,README.md,32d99e5a5a26e28a10bbc20ab4b4fff2d99c1da5,CVE-2022-23795
450360735,AlphabugX/CVE-2022-RCE,README.md,32d99e5a5a26e28a10bbc20ab4b4fff2d99c1da5,CVE-2022-23796
450360735,AlphabugX/CVE-2022-RCE,README.md,32d99e5a5a26e28a10bbc20ab4b4fff2d99c1da5,CVE-2022-23797
450360735,AlphabugX/CVE-2022-RCE,README.md,32d99e5a5a26e28a10bbc20ab4b4fff2d99c1da5,CVE-2022-23798
450360735,AlphabugX/CVE-2022-RCE,README.md,32d99e5a5a26e28a10bbc20ab4b4fff2d99c1da5,CVE-2022-23799
450360735,AlphabugX/CVE-2022-RCE,README.md,32d99e5a5a26e28a10bbc20ab4b4fff2d99c1da5,CVE-2022-23800
450360735,AlphabugX/CVE-2022-RCE,README.md,32d99e5a5a26e28a10bbc20ab4b4fff2d99c1da5,CVE-2022-23801
450360735,AlphabugX/CVE-2022-RCE,README.md,32d99e5a5a26e28a10bbc20ab4b4fff2d99c1da5,CVE-2022-23802
450360735,AlphabugX/CVE-2022-RCE,README.md,32d99e5a5a26e28a10bbc20ab4b4fff2d99c1da5,CVE-2022-23803
450360735,AlphabugX/CVE-2022-RCE,README.md,32d99e5a5a26e28a10bbc20ab4b4fff2d99c1da5,CVE-2022-23804
450360735,AlphabugX/CVE-2022-RCE,README.md,32d99e5a5a26e28a10bbc20ab4b4fff2d99c1da5,CVE-2022-23783
450360735,AlphabugX/CVE-2022-RCE,README.md,32d99e5a5a26e28a10bbc20ab4b4fff2d99c1da5,CVE-2022-23709
450360735,AlphabugX/CVE-2022-RCE,README.md,32d99e5a5a26e28a10bbc20ab4b4fff2d99c1da5,CVE-2022-23782
450360735,AlphabugX/CVE-2022-RCE,README.md,32d99e5a5a26e28a10bbc20ab4b4fff2d99c1da5,CVE-2022-23780
450360735,AlphabugX/CVE-2022-RCE,README.md,32d99e5a5a26e28a10bbc20ab4b4fff2d99c1da5,CVE-2022-23759
450360735,AlphabugX/CVE-2022-RCE,README.md,32d99e5a5a26e28a10bbc20ab4b4fff2d99c1da5,CVE-2022-23760
450360735,AlphabugX/CVE-2022-RCE,README.md,32d99e5a5a26e28a10bbc20ab4b4fff2d99c1da5,CVE-2022-23761
450360735,AlphabugX/CVE-2022-RCE,README.md,32d99e5a5a26e28a10bbc20ab4b4fff2d99c1da5,CVE-2022-23762
450360735,AlphabugX/CVE-2022-RCE,README.md,32d99e5a5a26e28a10bbc20ab4b4fff2d99c1da5,CVE-2022-23763
450360735,AlphabugX/CVE-2022-RCE,README.md,32d99e5a5a26e28a10bbc20ab4b4fff2d99c1da5,CVE-2022-23764
450360735,AlphabugX/CVE-2022-RCE,README.md,32d99e5a5a26e28a10bbc20ab4b4fff2d99c1da5,CVE-2022-23765
450360735,AlphabugX/CVE-2022-RCE,README.md,32d99e5a5a26e28a10bbc20ab4b4fff2d99c1da5,CVE-2022-23766
450360735,AlphabugX/CVE-2022-RCE,README.md,32d99e5a5a26e28a10bbc20ab4b4fff2d99c1da5,CVE-2022-23767
450360735,AlphabugX/CVE-2022-RCE,README.md,32d99e5a5a26e28a10bbc20ab4b4fff2d99c1da5,CVE-2022-23768
450360735,AlphabugX/CVE-2022-RCE,README.md,32d99e5a5a26e28a10bbc20ab4b4fff2d99c1da5,CVE-2022-23769
450360735,AlphabugX/CVE-2022-RCE,README.md,32d99e5a5a26e28a10bbc20ab4b4fff2d99c1da5,CVE-2022-23770
450360735,AlphabugX/CVE-2022-RCE,README.md,32d99e5a5a26e28a10bbc20ab4b4fff2d99c1da5,CVE-2022-23771
450360735,AlphabugX/CVE-2022-RCE,README.md,32d99e5a5a26e28a10bbc20ab4b4fff2d99c1da5,CVE-2022-23772
450360735,AlphabugX/CVE-2022-RCE,README.md,32d99e5a5a26e28a10bbc20ab4b4fff2d99c1da5,CVE-2022-23773
450360735,AlphabugX/CVE-2022-RCE,README.md,32d99e5a5a26e28a10bbc20ab4b4fff2d99c1da5,CVE-2022-23774
450360735,AlphabugX/CVE-2022-RCE,README.md,32d99e5a5a26e28a10bbc20ab4b4fff2d99c1da5,CVE-2022-23775
450360735,AlphabugX/CVE-2022-RCE,README.md,32d99e5a5a26e28a10bbc20ab4b4fff2d99c1da5,CVE-2022-23776
450360735,AlphabugX/CVE-2022-RCE,README.md,32d99e5a5a26e28a10bbc20ab4b4fff2d99c1da5,CVE-2022-23777
450360735,AlphabugX/CVE-2022-RCE,README.md,32d99e5a5a26e28a10bbc20ab4b4fff2d99c1da5,CVE-2022-23778
450360735,AlphabugX/CVE-2022-RCE,README.md,32d99e5a5a26e28a10bbc20ab4b4fff2d99c1da5,CVE-2022-23779
450360735,AlphabugX/CVE-2022-RCE,README.md,32d99e5a5a26e28a10bbc20ab4b4fff2d99c1da5,CVE-2022-23781
450360735,AlphabugX/CVE-2022-RCE,README.md,32d99e5a5a26e28a10bbc20ab4b4fff2d99c1da5,CVE-2022-23413
450360735,AlphabugX/CVE-2022-RCE,README.md,32d99e5a5a26e28a10bbc20ab4b4fff2d99c1da5,CVE-2022-23708
450360735,AlphabugX/CVE-2022-RCE,README.md,32d99e5a5a26e28a10bbc20ab4b4fff2d99c1da5,CVE-2022-23706
450360735,AlphabugX/CVE-2022-RCE,README.md,32d99e5a5a26e28a10bbc20ab4b4fff2d99c1da5,CVE-2022-23636
450360735,AlphabugX/CVE-2022-RCE,README.md,32d99e5a5a26e28a10bbc20ab4b4fff2d99c1da5,CVE-2022-23637
450360735,AlphabugX/CVE-2022-RCE,README.md,32d99e5a5a26e28a10bbc20ab4b4fff2d99c1da5,CVE-2022-23638
450360735,AlphabugX/CVE-2022-RCE,README.md,32d99e5a5a26e28a10bbc20ab4b4fff2d99c1da5,CVE-2022-23639
450360735,AlphabugX/CVE-2022-RCE,README.md,32d99e5a5a26e28a10bbc20ab4b4fff2d99c1da5,CVE-2022-23640
450360735,AlphabugX/CVE-2022-RCE,README.md,32d99e5a5a26e28a10bbc20ab4b4fff2d99c1da5,CVE-2022-23641
450360735,AlphabugX/CVE-2022-RCE,README.md,32d99e5a5a26e28a10bbc20ab4b4fff2d99c1da5,CVE-2022-23642
450360735,AlphabugX/CVE-2022-RCE,README.md,32d99e5a5a26e28a10bbc20ab4b4fff2d99c1da5,CVE-2022-23643
450360735,AlphabugX/CVE-2022-RCE,README.md,32d99e5a5a26e28a10bbc20ab4b4fff2d99c1da5,CVE-2022-23644
450360735,AlphabugX/CVE-2022-RCE,README.md,32d99e5a5a26e28a10bbc20ab4b4fff2d99c1da5,CVE-2022-23635
450360735,AlphabugX/CVE-2022-RCE,README.md,32d99e5a5a26e28a10bbc20ab4b4fff2d99c1da5,CVE-2022-23645
450360735,AlphabugX/CVE-2022-RCE,README.md,32d99e5a5a26e28a10bbc20ab4b4fff2d99c1da5,CVE-2022-23647
450360735,AlphabugX/CVE-2022-RCE,README.md,32d99e5a5a26e28a10bbc20ab4b4fff2d99c1da5,CVE-2022-23648
450360735,AlphabugX/CVE-2022-RCE,README.md,32d99e5a5a26e28a10bbc20ab4b4fff2d99c1da5,CVE-2022-23649
450360735,AlphabugX/CVE-2022-RCE,README.md,32d99e5a5a26e28a10bbc20ab4b4fff2d99c1da5,CVE-2022-23650
450360735,AlphabugX/CVE-2022-RCE,README.md,32d99e5a5a26e28a10bbc20ab4b4fff2d99c1da5,CVE-2022-23651
450360735,AlphabugX/CVE-2022-RCE,README.md,32d99e5a5a26e28a10bbc20ab4b4fff2d99c1da5,CVE-2022-23652
450360735,AlphabugX/CVE-2022-RCE,README.md,32d99e5a5a26e28a10bbc20ab4b4fff2d99c1da5,CVE-2022-23653
450360735,AlphabugX/CVE-2022-RCE,README.md,32d99e5a5a26e28a10bbc20ab4b4fff2d99c1da5,CVE-2022-23654
450360735,AlphabugX/CVE-2022-RCE,README.md,32d99e5a5a26e28a10bbc20ab4b4fff2d99c1da5,CVE-2022-23655
450360735,AlphabugX/CVE-2022-RCE,README.md,32d99e5a5a26e28a10bbc20ab4b4fff2d99c1da5,CVE-2022-23646
450360735,AlphabugX/CVE-2022-RCE,README.md,32d99e5a5a26e28a10bbc20ab4b4fff2d99c1da5,CVE-2022-23634
450360735,AlphabugX/CVE-2022-RCE,README.md,32d99e5a5a26e28a10bbc20ab4b4fff2d99c1da5,CVE-2022-23633
450360735,AlphabugX/CVE-2022-RCE,README.md,32d99e5a5a26e28a10bbc20ab4b4fff2d99c1da5,CVE-2022-23632
450360735,AlphabugX/CVE-2022-RCE,README.md,32d99e5a5a26e28a10bbc20ab4b4fff2d99c1da5,CVE-2022-23611
450360735,AlphabugX/CVE-2022-RCE,README.md,32d99e5a5a26e28a10bbc20ab4b4fff2d99c1da5,CVE-2022-23612
450360735,AlphabugX/CVE-2022-RCE,README.md,32d99e5a5a26e28a10bbc20ab4b4fff2d99c1da5,CVE-2022-23613
450360735,AlphabugX/CVE-2022-RCE,README.md,32d99e5a5a26e28a10bbc20ab4b4fff2d99c1da5,CVE-2022-23614
450360735,AlphabugX/CVE-2022-RCE,README.md,32d99e5a5a26e28a10bbc20ab4b4fff2d99c1da5,CVE-2022-23615
450360735,AlphabugX/CVE-2022-RCE,README.md,32d99e5a5a26e28a10bbc20ab4b4fff2d99c1da5,CVE-2022-23616
450360735,AlphabugX/CVE-2022-RCE,README.md,32d99e5a5a26e28a10bbc20ab4b4fff2d99c1da5,CVE-2022-23617
450360735,AlphabugX/CVE-2022-RCE,README.md,32d99e5a5a26e28a10bbc20ab4b4fff2d99c1da5,CVE-2022-23618
450360735,AlphabugX/CVE-2022-RCE,README.md,32d99e5a5a26e28a10bbc20ab4b4fff2d99c1da5,CVE-2022-23619
450360735,AlphabugX/CVE-2022-RCE,README.md,32d99e5a5a26e28a10bbc20ab4b4fff2d99c1da5,CVE-2022-23620
450360735,AlphabugX/CVE-2022-RCE,README.md,32d99e5a5a26e28a10bbc20ab4b4fff2d99c1da5,CVE-2022-23621
450360735,AlphabugX/CVE-2022-RCE,README.md,32d99e5a5a26e28a10bbc20ab4b4fff2d99c1da5,CVE-2022-23622
450360735,AlphabugX/CVE-2022-RCE,README.md,32d99e5a5a26e28a10bbc20ab4b4fff2d99c1da5,CVE-2022-23623
450360735,AlphabugX/CVE-2022-RCE,README.md,32d99e5a5a26e28a10bbc20ab4b4fff2d99c1da5,CVE-2022-23624
450360735,AlphabugX/CVE-2022-RCE,README.md,32d99e5a5a26e28a10bbc20ab4b4fff2d99c1da5,CVE-2022-23625
450360735,AlphabugX/CVE-2022-RCE,README.md,32d99e5a5a26e28a10bbc20ab4b4fff2d99c1da5,CVE-2022-23626
450360735,AlphabugX/CVE-2022-RCE,README.md,32d99e5a5a26e28a10bbc20ab4b4fff2d99c1da5,CVE-2022-23627
450360735,AlphabugX/CVE-2022-RCE,README.md,32d99e5a5a26e28a10bbc20ab4b4fff2d99c1da5,CVE-2022-23628
450360735,AlphabugX/CVE-2022-RCE,README.md,32d99e5a5a26e28a10bbc20ab4b4fff2d99c1da5,CVE-2022-23629
450360735,AlphabugX/CVE-2022-RCE,README.md,32d99e5a5a26e28a10bbc20ab4b4fff2d99c1da5,CVE-2022-23630
450360735,AlphabugX/CVE-2022-RCE,README.md,32d99e5a5a26e28a10bbc20ab4b4fff2d99c1da5,CVE-2022-23631
450360735,AlphabugX/CVE-2022-RCE,README.md,32d99e5a5a26e28a10bbc20ab4b4fff2d99c1da5,CVE-2022-23656
450360735,AlphabugX/CVE-2022-RCE,README.md,32d99e5a5a26e28a10bbc20ab4b4fff2d99c1da5,CVE-2022-23657
450360735,AlphabugX/CVE-2022-RCE,README.md,32d99e5a5a26e28a10bbc20ab4b4fff2d99c1da5,CVE-2022-23658
450360735,AlphabugX/CVE-2022-RCE,README.md,32d99e5a5a26e28a10bbc20ab4b4fff2d99c1da5,CVE-2022-23659
450360735,AlphabugX/CVE-2022-RCE,README.md,32d99e5a5a26e28a10bbc20ab4b4fff2d99c1da5,CVE-2022-23685
450360735,AlphabugX/CVE-2022-RCE,README.md,32d99e5a5a26e28a10bbc20ab4b4fff2d99c1da5,CVE-2022-23686
450360735,AlphabugX/CVE-2022-RCE,README.md,32d99e5a5a26e28a10bbc20ab4b4fff2d99c1da5,CVE-2022-23687
450360735,AlphabugX/CVE-2022-RCE,README.md,32d99e5a5a26e28a10bbc20ab4b4fff2d99c1da5,CVE-2022-23688
450360735,AlphabugX/CVE-2022-RCE,README.md,32d99e5a5a26e28a10bbc20ab4b4fff2d99c1da5,CVE-2022-23689
450360735,AlphabugX/CVE-2022-RCE,README.md,32d99e5a5a26e28a10bbc20ab4b4fff2d99c1da5,CVE-2022-23690
450360735,AlphabugX/CVE-2022-RCE,README.md,32d99e5a5a26e28a10bbc20ab4b4fff2d99c1da5,CVE-2022-23691
450360735,AlphabugX/CVE-2022-RCE,README.md,32d99e5a5a26e28a10bbc20ab4b4fff2d99c1da5,CVE-2022-23692
450360735,AlphabugX/CVE-2022-RCE,README.md,32d99e5a5a26e28a10bbc20ab4b4fff2d99c1da5,CVE-2022-23693
450360735,AlphabugX/CVE-2022-RCE,README.md,32d99e5a5a26e28a10bbc20ab4b4fff2d99c1da5,CVE-2022-23694
450360735,AlphabugX/CVE-2022-RCE,README.md,32d99e5a5a26e28a10bbc20ab4b4fff2d99c1da5,CVE-2022-23695
450360735,AlphabugX/CVE-2022-RCE,README.md,32d99e5a5a26e28a10bbc20ab4b4fff2d99c1da5,CVE-2022-23696
450360735,AlphabugX/CVE-2022-RCE,README.md,32d99e5a5a26e28a10bbc20ab4b4fff2d99c1da5,CVE-2022-23697
450360735,AlphabugX/CVE-2022-RCE,README.md,32d99e5a5a26e28a10bbc20ab4b4fff2d99c1da5,CVE-2022-23698
450360735,AlphabugX/CVE-2022-RCE,README.md,32d99e5a5a26e28a10bbc20ab4b4fff2d99c1da5,CVE-2022-23699
450360735,AlphabugX/CVE-2022-RCE,README.md,32d99e5a5a26e28a10bbc20ab4b4fff2d99c1da5,CVE-2022-23700
450360735,AlphabugX/CVE-2022-RCE,README.md,32d99e5a5a26e28a10bbc20ab4b4fff2d99c1da5,CVE-2022-23701
450360735,AlphabugX/CVE-2022-RCE,README.md,32d99e5a5a26e28a10bbc20ab4b4fff2d99c1da5,CVE-2022-23702
450360735,AlphabugX/CVE-2022-RCE,README.md,32d99e5a5a26e28a10bbc20ab4b4fff2d99c1da5,CVE-2022-23703
450360735,AlphabugX/CVE-2022-RCE,README.md,32d99e5a5a26e28a10bbc20ab4b4fff2d99c1da5,CVE-2022-23704
450360735,AlphabugX/CVE-2022-RCE,README.md,32d99e5a5a26e28a10bbc20ab4b4fff2d99c1da5,CVE-2022-23705
450360735,AlphabugX/CVE-2022-RCE,README.md,32d99e5a5a26e28a10bbc20ab4b4fff2d99c1da5,CVE-2022-23684
450360735,AlphabugX/CVE-2022-RCE,README.md,32d99e5a5a26e28a10bbc20ab4b4fff2d99c1da5,CVE-2022-23707
450360735,AlphabugX/CVE-2022-RCE,README.md,32d99e5a5a26e28a10bbc20ab4b4fff2d99c1da5,CVE-2022-23683
450360735,AlphabugX/CVE-2022-RCE,README.md,32d99e5a5a26e28a10bbc20ab4b4fff2d99c1da5,CVE-2022-23681
450360735,AlphabugX/CVE-2022-RCE,README.md,32d99e5a5a26e28a10bbc20ab4b4fff2d99c1da5,CVE-2022-23660
450360735,AlphabugX/CVE-2022-RCE,README.md,32d99e5a5a26e28a10bbc20ab4b4fff2d99c1da5,CVE-2022-23661
450360735,AlphabugX/CVE-2022-RCE,README.md,32d99e5a5a26e28a10bbc20ab4b4fff2d99c1da5,CVE-2022-23662
450360735,AlphabugX/CVE-2022-RCE,README.md,32d99e5a5a26e28a10bbc20ab4b4fff2d99c1da5,CVE-2022-23663
450360735,AlphabugX/CVE-2022-RCE,README.md,32d99e5a5a26e28a10bbc20ab4b4fff2d99c1da5,CVE-2022-23664
450360735,AlphabugX/CVE-2022-RCE,README.md,32d99e5a5a26e28a10bbc20ab4b4fff2d99c1da5,CVE-2022-23665
450360735,AlphabugX/CVE-2022-RCE,README.md,32d99e5a5a26e28a10bbc20ab4b4fff2d99c1da5,CVE-2022-23666
450360735,AlphabugX/CVE-2022-RCE,README.md,32d99e5a5a26e28a10bbc20ab4b4fff2d99c1da5,CVE-2022-23667
450360735,AlphabugX/CVE-2022-RCE,README.md,32d99e5a5a26e28a10bbc20ab4b4fff2d99c1da5,CVE-2022-23668
450360735,AlphabugX/CVE-2022-RCE,README.md,32d99e5a5a26e28a10bbc20ab4b4fff2d99c1da5,CVE-2022-23669
450360735,AlphabugX/CVE-2022-RCE,README.md,32d99e5a5a26e28a10bbc20ab4b4fff2d99c1da5,CVE-2022-23670
450360735,AlphabugX/CVE-2022-RCE,README.md,32d99e5a5a26e28a10bbc20ab4b4fff2d99c1da5,CVE-2022-23671
450360735,AlphabugX/CVE-2022-RCE,README.md,32d99e5a5a26e28a10bbc20ab4b4fff2d99c1da5,CVE-2022-23672
450360735,AlphabugX/CVE-2022-RCE,README.md,32d99e5a5a26e28a10bbc20ab4b4fff2d99c1da5,CVE-2022-23673
450360735,AlphabugX/CVE-2022-RCE,README.md,32d99e5a5a26e28a10bbc20ab4b4fff2d99c1da5,CVE-2022-23674
450360735,AlphabugX/CVE-2022-RCE,README.md,32d99e5a5a26e28a10bbc20ab4b4fff2d99c1da5,CVE-2022-23675
450360735,AlphabugX/CVE-2022-RCE,README.md,32d99e5a5a26e28a10bbc20ab4b4fff2d99c1da5,CVE-2022-23676
450360735,AlphabugX/CVE-2022-RCE,README.md,32d99e5a5a26e28a10bbc20ab4b4fff2d99c1da5,CVE-2022-23677
450360735,AlphabugX/CVE-2022-RCE,README.md,32d99e5a5a26e28a10bbc20ab4b4fff2d99c1da5,CVE-2022-23678
450360735,AlphabugX/CVE-2022-RCE,README.md,32d99e5a5a26e28a10bbc20ab4b4fff2d99c1da5,CVE-2022-23679
450360735,AlphabugX/CVE-2022-RCE,README.md,32d99e5a5a26e28a10bbc20ab4b4fff2d99c1da5,CVE-2022-23680
450360735,AlphabugX/CVE-2022-RCE,README.md,32d99e5a5a26e28a10bbc20ab4b4fff2d99c1da5,CVE-2022-23682
450360735,AlphabugX/CVE-2022-RCE,README.md,32d99e5a5a26e28a10bbc20ab4b4fff2d99c1da5,CVE-2022-22214
450360735,AlphabugX/CVE-2022-RCE,README.md,32d99e5a5a26e28a10bbc20ab4b4fff2d99c1da5,CVE-2022-23412
450360735,AlphabugX/CVE-2022-RCE,README.md,32d99e5a5a26e28a10bbc20ab4b4fff2d99c1da5,CVE-2022-23410
450360735,AlphabugX/CVE-2022-RCE,README.md,32d99e5a5a26e28a10bbc20ab4b4fff2d99c1da5,CVE-2022-23136
450360735,AlphabugX/CVE-2022-RCE,README.md,32d99e5a5a26e28a10bbc20ab4b4fff2d99c1da5,CVE-2022-23137
450360735,AlphabugX/CVE-2022-RCE,README.md,32d99e5a5a26e28a10bbc20ab4b4fff2d99c1da5,CVE-2022-23138
450360735,AlphabugX/CVE-2022-RCE,README.md,32d99e5a5a26e28a10bbc20ab4b4fff2d99c1da5,CVE-2022-23139
450360735,AlphabugX/CVE-2022-RCE,README.md,32d99e5a5a26e28a10bbc20ab4b4fff2d99c1da5,CVE-2022-23140
450360735,AlphabugX/CVE-2022-RCE,README.md,32d99e5a5a26e28a10bbc20ab4b4fff2d99c1da5,CVE-2022-23141
450360735,AlphabugX/CVE-2022-RCE,README.md,32d99e5a5a26e28a10bbc20ab4b4fff2d99c1da5,CVE-2022-23142
450360735,AlphabugX/CVE-2022-RCE,README.md,32d99e5a5a26e28a10bbc20ab4b4fff2d99c1da5,CVE-2022-23143
450360735,AlphabugX/CVE-2022-RCE,README.md,32d99e5a5a26e28a10bbc20ab4b4fff2d99c1da5,CVE-2022-23144
450360735,AlphabugX/CVE-2022-RCE,README.md,32d99e5a5a26e28a10bbc20ab4b4fff2d99c1da5,CVE-2022-23135
450360735,AlphabugX/CVE-2022-RCE,README.md,32d99e5a5a26e28a10bbc20ab4b4fff2d99c1da5,CVE-2022-23145
450360735,AlphabugX/CVE-2022-RCE,README.md,32d99e5a5a26e28a10bbc20ab4b4fff2d99c1da5,CVE-2022-23147
450360735,AlphabugX/CVE-2022-RCE,README.md,32d99e5a5a26e28a10bbc20ab4b4fff2d99c1da5,CVE-2022-23148
450360735,AlphabugX/CVE-2022-RCE,README.md,32d99e5a5a26e28a10bbc20ab4b4fff2d99c1da5,CVE-2022-23149
450360735,AlphabugX/CVE-2022-RCE,README.md,32d99e5a5a26e28a10bbc20ab4b4fff2d99c1da5,CVE-2022-23150
450360735,AlphabugX/CVE-2022-RCE,README.md,32d99e5a5a26e28a10bbc20ab4b4fff2d99c1da5,CVE-2022-23151
450360735,AlphabugX/CVE-2022-RCE,README.md,32d99e5a5a26e28a10bbc20ab4b4fff2d99c1da5,CVE-2022-23152
450360735,AlphabugX/CVE-2022-RCE,README.md,32d99e5a5a26e28a10bbc20ab4b4fff2d99c1da5,CVE-2022-23153
450360735,AlphabugX/CVE-2022-RCE,README.md,32d99e5a5a26e28a10bbc20ab4b4fff2d99c1da5,CVE-2022-23154
450360735,AlphabugX/CVE-2022-RCE,README.md,32d99e5a5a26e28a10bbc20ab4b4fff2d99c1da5,CVE-2022-23155
450360735,AlphabugX/CVE-2022-RCE,README.md,32d99e5a5a26e28a10bbc20ab4b4fff2d99c1da5,CVE-2022-23146
450360735,AlphabugX/CVE-2022-RCE,README.md,32d99e5a5a26e28a10bbc20ab4b4fff2d99c1da5,CVE-2022-23134
450360735,AlphabugX/CVE-2022-RCE,README.md,32d99e5a5a26e28a10bbc20ab4b4fff2d99c1da5,CVE-2022-23133
450360735,AlphabugX/CVE-2022-RCE,README.md,32d99e5a5a26e28a10bbc20ab4b4fff2d99c1da5,CVE-2022-23132
450360735,AlphabugX/CVE-2022-RCE,README.md,32d99e5a5a26e28a10bbc20ab4b4fff2d99c1da5,CVE-2022-23111
450360735,AlphabugX/CVE-2022-RCE,README.md,32d99e5a5a26e28a10bbc20ab4b4fff2d99c1da5,CVE-2022-23112
450360735,AlphabugX/CVE-2022-RCE,README.md,32d99e5a5a26e28a10bbc20ab4b4fff2d99c1da5,CVE-2022-23113
450360735,AlphabugX/CVE-2022-RCE,README.md,32d99e5a5a26e28a10bbc20ab4b4fff2d99c1da5,CVE-2022-23114
450360735,AlphabugX/CVE-2022-RCE,README.md,32d99e5a5a26e28a10bbc20ab4b4fff2d99c1da5,CVE-2022-23115
450360735,AlphabugX/CVE-2022-RCE,README.md,32d99e5a5a26e28a10bbc20ab4b4fff2d99c1da5,CVE-2022-23116
450360735,AlphabugX/CVE-2022-RCE,README.md,32d99e5a5a26e28a10bbc20ab4b4fff2d99c1da5,CVE-2022-23117
450360735,AlphabugX/CVE-2022-RCE,README.md,32d99e5a5a26e28a10bbc20ab4b4fff2d99c1da5,CVE-2022-23118
450360735,AlphabugX/CVE-2022-RCE,README.md,32d99e5a5a26e28a10bbc20ab4b4fff2d99c1da5,CVE-2022-23119
450360735,AlphabugX/CVE-2022-RCE,README.md,32d99e5a5a26e28a10bbc20ab4b4fff2d99c1da5,CVE-2022-23120
450360735,AlphabugX/CVE-2022-RCE,README.md,32d99e5a5a26e28a10bbc20ab4b4fff2d99c1da5,CVE-2022-23121
450360735,AlphabugX/CVE-2022-RCE,README.md,32d99e5a5a26e28a10bbc20ab4b4fff2d99c1da5,CVE-2022-23122
450360735,AlphabugX/CVE-2022-RCE,README.md,32d99e5a5a26e28a10bbc20ab4b4fff2d99c1da5,CVE-2022-23123
450360735,AlphabugX/CVE-2022-RCE,README.md,32d99e5a5a26e28a10bbc20ab4b4fff2d99c1da5,CVE-2022-23124
450360735,AlphabugX/CVE-2022-RCE,README.md,32d99e5a5a26e28a10bbc20ab4b4fff2d99c1da5,CVE-2022-23125
450360735,AlphabugX/CVE-2022-RCE,README.md,32d99e5a5a26e28a10bbc20ab4b4fff2d99c1da5,CVE-2022-23126
450360735,AlphabugX/CVE-2022-RCE,README.md,32d99e5a5a26e28a10bbc20ab4b4fff2d99c1da5,CVE-2022-23127
450360735,AlphabugX/CVE-2022-RCE,README.md,32d99e5a5a26e28a10bbc20ab4b4fff2d99c1da5,CVE-2022-23128
450360735,AlphabugX/CVE-2022-RCE,README.md,32d99e5a5a26e28a10bbc20ab4b4fff2d99c1da5,CVE-2022-23129
450360735,AlphabugX/CVE-2022-RCE,README.md,32d99e5a5a26e28a10bbc20ab4b4fff2d99c1da5,CVE-2022-23130
450360735,AlphabugX/CVE-2022-RCE,README.md,32d99e5a5a26e28a10bbc20ab4b4fff2d99c1da5,CVE-2022-23131
450360735,AlphabugX/CVE-2022-RCE,README.md,32d99e5a5a26e28a10bbc20ab4b4fff2d99c1da5,CVE-2022-23156
450360735,AlphabugX/CVE-2022-RCE,README.md,32d99e5a5a26e28a10bbc20ab4b4fff2d99c1da5,CVE-2022-23110
450360735,AlphabugX/CVE-2022-RCE,README.md,32d99e5a5a26e28a10bbc20ab4b4fff2d99c1da5,CVE-2022-23157
450360735,AlphabugX/CVE-2022-RCE,README.md,32d99e5a5a26e28a10bbc20ab4b4fff2d99c1da5,CVE-2022-23159
450360735,AlphabugX/CVE-2022-RCE,README.md,32d99e5a5a26e28a10bbc20ab4b4fff2d99c1da5,CVE-2022-23187
450360735,AlphabugX/CVE-2022-RCE,README.md,32d99e5a5a26e28a10bbc20ab4b4fff2d99c1da5,CVE-2022-23188
450360735,AlphabugX/CVE-2022-RCE,README.md,32d99e5a5a26e28a10bbc20ab4b4fff2d99c1da5,CVE-2022-23189
450360735,AlphabugX/CVE-2022-RCE,README.md,32d99e5a5a26e28a10bbc20ab4b4fff2d99c1da5,CVE-2022-23190
450360735,AlphabugX/CVE-2022-RCE,README.md,32d99e5a5a26e28a10bbc20ab4b4fff2d99c1da5,CVE-2022-23191
450360735,AlphabugX/CVE-2022-RCE,README.md,32d99e5a5a26e28a10bbc20ab4b4fff2d99c1da5,CVE-2022-23192
450360735,AlphabugX/CVE-2022-RCE,README.md,32d99e5a5a26e28a10bbc20ab4b4fff2d99c1da5,CVE-2022-23193
450360735,AlphabugX/CVE-2022-RCE,README.md,32d99e5a5a26e28a10bbc20ab4b4fff2d99c1da5,CVE-2022-23194
450360735,AlphabugX/CVE-2022-RCE,README.md,32d99e5a5a26e28a10bbc20ab4b4fff2d99c1da5,CVE-2022-23195
450360735,AlphabugX/CVE-2022-RCE,README.md,32d99e5a5a26e28a10bbc20ab4b4fff2d99c1da5,CVE-2022-23186
450360735,AlphabugX/CVE-2022-RCE,README.md,32d99e5a5a26e28a10bbc20ab4b4fff2d99c1da5,CVE-2022-23196
450360735,AlphabugX/CVE-2022-RCE,README.md,32d99e5a5a26e28a10bbc20ab4b4fff2d99c1da5,CVE-2022-23198
450360735,AlphabugX/CVE-2022-RCE,README.md,32d99e5a5a26e28a10bbc20ab4b4fff2d99c1da5,CVE-2022-23199
450360735,AlphabugX/CVE-2022-RCE,README.md,32d99e5a5a26e28a10bbc20ab4b4fff2d99c1da5,CVE-2022-23200
450360735,AlphabugX/CVE-2022-RCE,README.md,32d99e5a5a26e28a10bbc20ab4b4fff2d99c1da5,CVE-2022-23201
450360735,AlphabugX/CVE-2022-RCE,README.md,32d99e5a5a26e28a10bbc20ab4b4fff2d99c1da5,CVE-2022-23202
450360735,AlphabugX/CVE-2022-RCE,README.md,32d99e5a5a26e28a10bbc20ab4b4fff2d99c1da5,CVE-2022-23203
450360735,AlphabugX/CVE-2022-RCE,README.md,32d99e5a5a26e28a10bbc20ab4b4fff2d99c1da5,CVE-2022-23204
450360735,AlphabugX/CVE-2022-RCE,README.md,32d99e5a5a26e28a10bbc20ab4b4fff2d99c1da5,CVE-2022-23205
450360735,AlphabugX/CVE-2022-RCE,README.md,32d99e5a5a26e28a10bbc20ab4b4fff2d99c1da5,CVE-2022-23206
450360735,AlphabugX/CVE-2022-RCE,README.md,32d99e5a5a26e28a10bbc20ab4b4fff2d99c1da5,CVE-2022-23197
450360735,AlphabugX/CVE-2022-RCE,README.md,32d99e5a5a26e28a10bbc20ab4b4fff2d99c1da5,CVE-2022-23185
450360735,AlphabugX/CVE-2022-RCE,README.md,32d99e5a5a26e28a10bbc20ab4b4fff2d99c1da5,CVE-2022-23184
450360735,AlphabugX/CVE-2022-RCE,README.md,32d99e5a5a26e28a10bbc20ab4b4fff2d99c1da5,CVE-2022-23181
450360735,AlphabugX/CVE-2022-RCE,README.md,32d99e5a5a26e28a10bbc20ab4b4fff2d99c1da5,CVE-2022-23160
450360735,AlphabugX/CVE-2022-RCE,README.md,32d99e5a5a26e28a10bbc20ab4b4fff2d99c1da5,CVE-2022-23161
450360735,AlphabugX/CVE-2022-RCE,README.md,32d99e5a5a26e28a10bbc20ab4b4fff2d99c1da5,CVE-2022-23162
450360735,AlphabugX/CVE-2022-RCE,README.md,32d99e5a5a26e28a10bbc20ab4b4fff2d99c1da5,CVE-2022-23163
450360735,AlphabugX/CVE-2022-RCE,README.md,32d99e5a5a26e28a10bbc20ab4b4fff2d99c1da5,CVE-2022-23164
450360735,AlphabugX/CVE-2022-RCE,README.md,32d99e5a5a26e28a10bbc20ab4b4fff2d99c1da5,CVE-2022-23165
450360735,AlphabugX/CVE-2022-RCE,README.md,32d99e5a5a26e28a10bbc20ab4b4fff2d99c1da5,CVE-2022-23166
450360735,AlphabugX/CVE-2022-RCE,README.md,32d99e5a5a26e28a10bbc20ab4b4fff2d99c1da5,CVE-2022-23167
450360735,AlphabugX/CVE-2022-RCE,README.md,32d99e5a5a26e28a10bbc20ab4b4fff2d99c1da5,CVE-2022-23168
450360735,AlphabugX/CVE-2022-RCE,README.md,32d99e5a5a26e28a10bbc20ab4b4fff2d99c1da5,CVE-2022-23169
450360735,AlphabugX/CVE-2022-RCE,README.md,32d99e5a5a26e28a10bbc20ab4b4fff2d99c1da5,CVE-2022-23170
450360735,AlphabugX/CVE-2022-RCE,README.md,32d99e5a5a26e28a10bbc20ab4b4fff2d99c1da5,CVE-2022-23171
450360735,AlphabugX/CVE-2022-RCE,README.md,32d99e5a5a26e28a10bbc20ab4b4fff2d99c1da5,CVE-2022-23172
450360735,AlphabugX/CVE-2022-RCE,README.md,32d99e5a5a26e28a10bbc20ab4b4fff2d99c1da5,CVE-2022-23173
450360735,AlphabugX/CVE-2022-RCE,README.md,32d99e5a5a26e28a10bbc20ab4b4fff2d99c1da5,CVE-2022-23174
450360735,AlphabugX/CVE-2022-RCE,README.md,32d99e5a5a26e28a10bbc20ab4b4fff2d99c1da5,CVE-2022-23175
450360735,AlphabugX/CVE-2022-RCE,README.md,32d99e5a5a26e28a10bbc20ab4b4fff2d99c1da5,CVE-2022-23176
450360735,AlphabugX/CVE-2022-RCE,README.md,32d99e5a5a26e28a10bbc20ab4b4fff2d99c1da5,CVE-2022-23177
450360735,AlphabugX/CVE-2022-RCE,README.md,32d99e5a5a26e28a10bbc20ab4b4fff2d99c1da5,CVE-2022-23178
450360735,AlphabugX/CVE-2022-RCE,README.md,32d99e5a5a26e28a10bbc20ab4b4fff2d99c1da5,CVE-2022-23179
450360735,AlphabugX/CVE-2022-RCE,README.md,32d99e5a5a26e28a10bbc20ab4b4fff2d99c1da5,CVE-2022-23180
450360735,AlphabugX/CVE-2022-RCE,README.md,32d99e5a5a26e28a10bbc20ab4b4fff2d99c1da5,CVE-2022-23158
450360735,AlphabugX/CVE-2022-RCE,README.md,32d99e5a5a26e28a10bbc20ab4b4fff2d99c1da5,CVE-2022-23109
450360735,AlphabugX/CVE-2022-RCE,README.md,32d99e5a5a26e28a10bbc20ab4b4fff2d99c1da5,CVE-2022-23108
450360735,AlphabugX/CVE-2022-RCE,README.md,32d99e5a5a26e28a10bbc20ab4b4fff2d99c1da5,CVE-2022-23107
450360735,AlphabugX/CVE-2022-RCE,README.md,32d99e5a5a26e28a10bbc20ab4b4fff2d99c1da5,CVE-2022-23035
450360735,AlphabugX/CVE-2022-RCE,README.md,32d99e5a5a26e28a10bbc20ab4b4fff2d99c1da5,CVE-2022-23036
450360735,AlphabugX/CVE-2022-RCE,README.md,32d99e5a5a26e28a10bbc20ab4b4fff2d99c1da5,CVE-2022-23037
450360735,AlphabugX/CVE-2022-RCE,README.md,32d99e5a5a26e28a10bbc20ab4b4fff2d99c1da5,CVE-2022-23038
450360735,AlphabugX/CVE-2022-RCE,README.md,32d99e5a5a26e28a10bbc20ab4b4fff2d99c1da5,CVE-2022-23039
450360735,AlphabugX/CVE-2022-RCE,README.md,32d99e5a5a26e28a10bbc20ab4b4fff2d99c1da5,CVE-2022-23040
450360735,AlphabugX/CVE-2022-RCE,README.md,32d99e5a5a26e28a10bbc20ab4b4fff2d99c1da5,CVE-2022-23041
450360735,AlphabugX/CVE-2022-RCE,README.md,32d99e5a5a26e28a10bbc20ab4b4fff2d99c1da5,CVE-2022-23042
450360735,AlphabugX/CVE-2022-RCE,README.md,32d99e5a5a26e28a10bbc20ab4b4fff2d99c1da5,CVE-2022-23043
450360735,AlphabugX/CVE-2022-RCE,README.md,32d99e5a5a26e28a10bbc20ab4b4fff2d99c1da5,CVE-2022-23034
450360735,AlphabugX/CVE-2022-RCE,README.md,32d99e5a5a26e28a10bbc20ab4b4fff2d99c1da5,CVE-2022-23044
450360735,AlphabugX/CVE-2022-RCE,README.md,32d99e5a5a26e28a10bbc20ab4b4fff2d99c1da5,CVE-2022-23046
450360735,AlphabugX/CVE-2022-RCE,README.md,32d99e5a5a26e28a10bbc20ab4b4fff2d99c1da5,CVE-2022-23047
450360735,AlphabugX/CVE-2022-RCE,README.md,32d99e5a5a26e28a10bbc20ab4b4fff2d99c1da5,CVE-2022-23048
450360735,AlphabugX/CVE-2022-RCE,README.md,32d99e5a5a26e28a10bbc20ab4b4fff2d99c1da5,CVE-2022-23049
450360735,AlphabugX/CVE-2022-RCE,README.md,32d99e5a5a26e28a10bbc20ab4b4fff2d99c1da5,CVE-2022-23050
450360735,AlphabugX/CVE-2022-RCE,README.md,32d99e5a5a26e28a10bbc20ab4b4fff2d99c1da5,CVE-2022-23051
450360735,AlphabugX/CVE-2022-RCE,README.md,32d99e5a5a26e28a10bbc20ab4b4fff2d99c1da5,CVE-2022-23052
450360735,AlphabugX/CVE-2022-RCE,README.md,32d99e5a5a26e28a10bbc20ab4b4fff2d99c1da5,CVE-2022-23053
450360735,AlphabugX/CVE-2022-RCE,README.md,32d99e5a5a26e28a10bbc20ab4b4fff2d99c1da5,CVE-2022-23054
450360735,AlphabugX/CVE-2022-RCE,README.md,32d99e5a5a26e28a10bbc20ab4b4fff2d99c1da5,CVE-2022-23045
450360735,AlphabugX/CVE-2022-RCE,README.md,32d99e5a5a26e28a10bbc20ab4b4fff2d99c1da5,CVE-2022-23033
450360735,AlphabugX/CVE-2022-RCE,README.md,32d99e5a5a26e28a10bbc20ab4b4fff2d99c1da5,CVE-2022-23032
450360735,AlphabugX/CVE-2022-RCE,README.md,32d99e5a5a26e28a10bbc20ab4b4fff2d99c1da5,CVE-2022-23031
450360735,AlphabugX/CVE-2022-RCE,README.md,32d99e5a5a26e28a10bbc20ab4b4fff2d99c1da5,CVE-2022-23010
450360735,AlphabugX/CVE-2022-RCE,README.md,32d99e5a5a26e28a10bbc20ab4b4fff2d99c1da5,CVE-2022-23011
450360735,AlphabugX/CVE-2022-RCE,README.md,32d99e5a5a26e28a10bbc20ab4b4fff2d99c1da5,CVE-2022-23012
450360735,AlphabugX/CVE-2022-RCE,README.md,32d99e5a5a26e28a10bbc20ab4b4fff2d99c1da5,CVE-2022-23013
450360735,AlphabugX/CVE-2022-RCE,README.md,32d99e5a5a26e28a10bbc20ab4b4fff2d99c1da5,CVE-2022-23014
450360735,AlphabugX/CVE-2022-RCE,README.md,32d99e5a5a26e28a10bbc20ab4b4fff2d99c1da5,CVE-2022-23015
450360735,AlphabugX/CVE-2022-RCE,README.md,32d99e5a5a26e28a10bbc20ab4b4fff2d99c1da5,CVE-2022-23016
450360735,AlphabugX/CVE-2022-RCE,README.md,32d99e5a5a26e28a10bbc20ab4b4fff2d99c1da5,CVE-2022-23017
450360735,AlphabugX/CVE-2022-RCE,README.md,32d99e5a5a26e28a10bbc20ab4b4fff2d99c1da5,CVE-2022-23018
450360735,AlphabugX/CVE-2022-RCE,README.md,32d99e5a5a26e28a10bbc20ab4b4fff2d99c1da5,CVE-2022-23019
450360735,AlphabugX/CVE-2022-RCE,README.md,32d99e5a5a26e28a10bbc20ab4b4fff2d99c1da5,CVE-2022-23020
450360735,AlphabugX/CVE-2022-RCE,README.md,32d99e5a5a26e28a10bbc20ab4b4fff2d99c1da5,CVE-2022-23021
450360735,AlphabugX/CVE-2022-RCE,README.md,32d99e5a5a26e28a10bbc20ab4b4fff2d99c1da5,CVE-2022-23022
450360735,AlphabugX/CVE-2022-RCE,README.md,32d99e5a5a26e28a10bbc20ab4b4fff2d99c1da5,CVE-2022-23023
450360735,AlphabugX/CVE-2022-RCE,README.md,32d99e5a5a26e28a10bbc20ab4b4fff2d99c1da5,CVE-2022-23024
450360735,AlphabugX/CVE-2022-RCE,README.md,32d99e5a5a26e28a10bbc20ab4b4fff2d99c1da5,CVE-2022-23025
450360735,AlphabugX/CVE-2022-RCE,README.md,32d99e5a5a26e28a10bbc20ab4b4fff2d99c1da5,CVE-2022-23026
450360735,AlphabugX/CVE-2022-RCE,README.md,32d99e5a5a26e28a10bbc20ab4b4fff2d99c1da5,CVE-2022-23027
450360735,AlphabugX/CVE-2022-RCE,README.md,32d99e5a5a26e28a10bbc20ab4b4fff2d99c1da5,CVE-2022-23028
450360735,AlphabugX/CVE-2022-RCE,README.md,32d99e5a5a26e28a10bbc20ab4b4fff2d99c1da5,CVE-2022-23029
450360735,AlphabugX/CVE-2022-RCE,README.md,32d99e5a5a26e28a10bbc20ab4b4fff2d99c1da5,CVE-2022-23030
450360735,AlphabugX/CVE-2022-RCE,README.md,32d99e5a5a26e28a10bbc20ab4b4fff2d99c1da5,CVE-2022-23055
450360735,AlphabugX/CVE-2022-RCE,README.md,32d99e5a5a26e28a10bbc20ab4b4fff2d99c1da5,CVE-2022-23056
450360735,AlphabugX/CVE-2022-RCE,README.md,32d99e5a5a26e28a10bbc20ab4b4fff2d99c1da5,CVE-2022-23057
450360735,AlphabugX/CVE-2022-RCE,README.md,32d99e5a5a26e28a10bbc20ab4b4fff2d99c1da5,CVE-2022-23058
450360735,AlphabugX/CVE-2022-RCE,README.md,32d99e5a5a26e28a10bbc20ab4b4fff2d99c1da5,CVE-2022-23084
450360735,AlphabugX/CVE-2022-RCE,README.md,32d99e5a5a26e28a10bbc20ab4b4fff2d99c1da5,CVE-2022-23085
450360735,AlphabugX/CVE-2022-RCE,README.md,32d99e5a5a26e28a10bbc20ab4b4fff2d99c1da5,CVE-2022-23086
450360735,AlphabugX/CVE-2022-RCE,README.md,32d99e5a5a26e28a10bbc20ab4b4fff2d99c1da5,CVE-2022-23087
450360735,AlphabugX/CVE-2022-RCE,README.md,32d99e5a5a26e28a10bbc20ab4b4fff2d99c1da5,CVE-2022-23088
450360735,AlphabugX/CVE-2022-RCE,README.md,32d99e5a5a26e28a10bbc20ab4b4fff2d99c1da5,CVE-2022-23089
450360735,AlphabugX/CVE-2022-RCE,README.md,32d99e5a5a26e28a10bbc20ab4b4fff2d99c1da5,CVE-2022-23090
450360735,AlphabugX/CVE-2022-RCE,README.md,32d99e5a5a26e28a10bbc20ab4b4fff2d99c1da5,CVE-2022-23091
450360735,AlphabugX/CVE-2022-RCE,README.md,32d99e5a5a26e28a10bbc20ab4b4fff2d99c1da5,CVE-2022-23092
450360735,AlphabugX/CVE-2022-RCE,README.md,32d99e5a5a26e28a10bbc20ab4b4fff2d99c1da5,CVE-2022-23093
450360735,AlphabugX/CVE-2022-RCE,README.md,32d99e5a5a26e28a10bbc20ab4b4fff2d99c1da5,CVE-2022-23094
450360735,AlphabugX/CVE-2022-RCE,README.md,32d99e5a5a26e28a10bbc20ab4b4fff2d99c1da5,CVE-2022-23095
450360735,AlphabugX/CVE-2022-RCE,README.md,32d99e5a5a26e28a10bbc20ab4b4fff2d99c1da5,CVE-2022-23096
450360735,AlphabugX/CVE-2022-RCE,README.md,32d99e5a5a26e28a10bbc20ab4b4fff2d99c1da5,CVE-2022-23097
450360735,AlphabugX/CVE-2022-RCE,README.md,32d99e5a5a26e28a10bbc20ab4b4fff2d99c1da5,CVE-2022-23098
450360735,AlphabugX/CVE-2022-RCE,README.md,32d99e5a5a26e28a10bbc20ab4b4fff2d99c1da5,CVE-2022-23099
450360735,AlphabugX/CVE-2022-RCE,README.md,32d99e5a5a26e28a10bbc20ab4b4fff2d99c1da5,CVE-2022-23100
450360735,AlphabugX/CVE-2022-RCE,README.md,32d99e5a5a26e28a10bbc20ab4b4fff2d99c1da5,CVE-2022-23101
450360735,AlphabugX/CVE-2022-RCE,README.md,32d99e5a5a26e28a10bbc20ab4b4fff2d99c1da5,CVE-2022-23102
450360735,AlphabugX/CVE-2022-RCE,README.md,32d99e5a5a26e28a10bbc20ab4b4fff2d99c1da5,CVE-2022-23105
450360735,AlphabugX/CVE-2022-RCE,README.md,32d99e5a5a26e28a10bbc20ab4b4fff2d99c1da5,CVE-2022-23106
450360735,AlphabugX/CVE-2022-RCE,README.md,32d99e5a5a26e28a10bbc20ab4b4fff2d99c1da5,CVE-2022-23083
450360735,AlphabugX/CVE-2022-RCE,README.md,32d99e5a5a26e28a10bbc20ab4b4fff2d99c1da5,CVE-2022-23207
450360735,AlphabugX/CVE-2022-RCE,README.md,32d99e5a5a26e28a10bbc20ab4b4fff2d99c1da5,CVE-2022-23082
450360735,AlphabugX/CVE-2022-RCE,README.md,32d99e5a5a26e28a10bbc20ab4b4fff2d99c1da5,CVE-2022-23080
450360735,AlphabugX/CVE-2022-RCE,README.md,32d99e5a5a26e28a10bbc20ab4b4fff2d99c1da5,CVE-2022-23059
450360735,AlphabugX/CVE-2022-RCE,README.md,32d99e5a5a26e28a10bbc20ab4b4fff2d99c1da5,CVE-2022-23060
450360735,AlphabugX/CVE-2022-RCE,README.md,32d99e5a5a26e28a10bbc20ab4b4fff2d99c1da5,CVE-2022-23061
450360735,AlphabugX/CVE-2022-RCE,README.md,32d99e5a5a26e28a10bbc20ab4b4fff2d99c1da5,CVE-2022-23062
450360735,AlphabugX/CVE-2022-RCE,README.md,32d99e5a5a26e28a10bbc20ab4b4fff2d99c1da5,CVE-2022-23063
450360735,AlphabugX/CVE-2022-RCE,README.md,32d99e5a5a26e28a10bbc20ab4b4fff2d99c1da5,CVE-2022-23064
450360735,AlphabugX/CVE-2022-RCE,README.md,32d99e5a5a26e28a10bbc20ab4b4fff2d99c1da5,CVE-2022-23065
450360735,AlphabugX/CVE-2022-RCE,README.md,32d99e5a5a26e28a10bbc20ab4b4fff2d99c1da5,CVE-2022-23066
450360735,AlphabugX/CVE-2022-RCE,README.md,32d99e5a5a26e28a10bbc20ab4b4fff2d99c1da5,CVE-2022-23067
450360735,AlphabugX/CVE-2022-RCE,README.md,32d99e5a5a26e28a10bbc20ab4b4fff2d99c1da5,CVE-2022-23068
450360735,AlphabugX/CVE-2022-RCE,README.md,32d99e5a5a26e28a10bbc20ab4b4fff2d99c1da5,CVE-2022-23069
450360735,AlphabugX/CVE-2022-RCE,README.md,32d99e5a5a26e28a10bbc20ab4b4fff2d99c1da5,CVE-2022-23070
450360735,AlphabugX/CVE-2022-RCE,README.md,32d99e5a5a26e28a10bbc20ab4b4fff2d99c1da5,CVE-2022-23071
450360735,AlphabugX/CVE-2022-RCE,README.md,32d99e5a5a26e28a10bbc20ab4b4fff2d99c1da5,CVE-2022-23072
450360735,AlphabugX/CVE-2022-RCE,README.md,32d99e5a5a26e28a10bbc20ab4b4fff2d99c1da5,CVE-2022-23073
450360735,AlphabugX/CVE-2022-RCE,README.md,32d99e5a5a26e28a10bbc20ab4b4fff2d99c1da5,CVE-2022-23074
450360735,AlphabugX/CVE-2022-RCE,README.md,32d99e5a5a26e28a10bbc20ab4b4fff2d99c1da5,CVE-2022-23075
450360735,AlphabugX/CVE-2022-RCE,README.md,32d99e5a5a26e28a10bbc20ab4b4fff2d99c1da5,CVE-2022-23076
450360735,AlphabugX/CVE-2022-RCE,README.md,32d99e5a5a26e28a10bbc20ab4b4fff2d99c1da5,CVE-2022-23077
450360735,AlphabugX/CVE-2022-RCE,README.md,32d99e5a5a26e28a10bbc20ab4b4fff2d99c1da5,CVE-2022-23078
450360735,AlphabugX/CVE-2022-RCE,README.md,32d99e5a5a26e28a10bbc20ab4b4fff2d99c1da5,CVE-2022-23079
450360735,AlphabugX/CVE-2022-RCE,README.md,32d99e5a5a26e28a10bbc20ab4b4fff2d99c1da5,CVE-2022-23081
450360735,AlphabugX/CVE-2022-RCE,README.md,32d99e5a5a26e28a10bbc20ab4b4fff2d99c1da5,CVE-2022-23208
450360735,AlphabugX/CVE-2022-RCE,README.md,32d99e5a5a26e28a10bbc20ab4b4fff2d99c1da5,CVE-2022-23209
450360735,AlphabugX/CVE-2022-RCE,README.md,32d99e5a5a26e28a10bbc20ab4b4fff2d99c1da5,CVE-2022-23210
450360735,AlphabugX/CVE-2022-RCE,README.md,32d99e5a5a26e28a10bbc20ab4b4fff2d99c1da5,CVE-2022-23335
450360735,AlphabugX/CVE-2022-RCE,README.md,32d99e5a5a26e28a10bbc20ab4b4fff2d99c1da5,CVE-2022-23336
450360735,AlphabugX/CVE-2022-RCE,README.md,32d99e5a5a26e28a10bbc20ab4b4fff2d99c1da5,CVE-2022-23337
450360735,AlphabugX/CVE-2022-RCE,README.md,32d99e5a5a26e28a10bbc20ab4b4fff2d99c1da5,CVE-2022-23338
450360735,AlphabugX/CVE-2022-RCE,README.md,32d99e5a5a26e28a10bbc20ab4b4fff2d99c1da5,CVE-2022-23339
450360735,AlphabugX/CVE-2022-RCE,README.md,32d99e5a5a26e28a10bbc20ab4b4fff2d99c1da5,CVE-2022-23340
450360735,AlphabugX/CVE-2022-RCE,README.md,32d99e5a5a26e28a10bbc20ab4b4fff2d99c1da5,CVE-2022-23341
450360735,AlphabugX/CVE-2022-RCE,README.md,32d99e5a5a26e28a10bbc20ab4b4fff2d99c1da5,CVE-2022-23342
450360735,AlphabugX/CVE-2022-RCE,README.md,32d99e5a5a26e28a10bbc20ab4b4fff2d99c1da5,CVE-2022-23343
450360735,AlphabugX/CVE-2022-RCE,README.md,32d99e5a5a26e28a10bbc20ab4b4fff2d99c1da5,CVE-2022-23334
450360735,AlphabugX/CVE-2022-RCE,README.md,32d99e5a5a26e28a10bbc20ab4b4fff2d99c1da5,CVE-2022-23344
450360735,AlphabugX/CVE-2022-RCE,README.md,32d99e5a5a26e28a10bbc20ab4b4fff2d99c1da5,CVE-2022-23346
450360735,AlphabugX/CVE-2022-RCE,README.md,32d99e5a5a26e28a10bbc20ab4b4fff2d99c1da5,CVE-2022-23347
450360735,AlphabugX/CVE-2022-RCE,README.md,32d99e5a5a26e28a10bbc20ab4b4fff2d99c1da5,CVE-2022-23348
450360735,AlphabugX/CVE-2022-RCE,README.md,32d99e5a5a26e28a10bbc20ab4b4fff2d99c1da5,CVE-2022-23349
450360735,AlphabugX/CVE-2022-RCE,README.md,32d99e5a5a26e28a10bbc20ab4b4fff2d99c1da5,CVE-2022-23350
450360735,AlphabugX/CVE-2022-RCE,README.md,32d99e5a5a26e28a10bbc20ab4b4fff2d99c1da5,CVE-2022-23351
450360735,AlphabugX/CVE-2022-RCE,README.md,32d99e5a5a26e28a10bbc20ab4b4fff2d99c1da5,CVE-2022-23352
450360735,AlphabugX/CVE-2022-RCE,README.md,32d99e5a5a26e28a10bbc20ab4b4fff2d99c1da5,CVE-2022-23353
450360735,AlphabugX/CVE-2022-RCE,README.md,32d99e5a5a26e28a10bbc20ab4b4fff2d99c1da5,CVE-2022-23354
450360735,AlphabugX/CVE-2022-RCE,README.md,32d99e5a5a26e28a10bbc20ab4b4fff2d99c1da5,CVE-2022-23345
450360735,AlphabugX/CVE-2022-RCE,README.md,32d99e5a5a26e28a10bbc20ab4b4fff2d99c1da5,CVE-2022-23333
450360735,AlphabugX/CVE-2022-RCE,README.md,32d99e5a5a26e28a10bbc20ab4b4fff2d99c1da5,CVE-2022-23332
450360735,AlphabugX/CVE-2022-RCE,README.md,32d99e5a5a26e28a10bbc20ab4b4fff2d99c1da5,CVE-2022-23331
450360735,AlphabugX/CVE-2022-RCE,README.md,32d99e5a5a26e28a10bbc20ab4b4fff2d99c1da5,CVE-2022-23310
450360735,AlphabugX/CVE-2022-RCE,README.md,32d99e5a5a26e28a10bbc20ab4b4fff2d99c1da5,CVE-2022-23311
450360735,AlphabugX/CVE-2022-RCE,README.md,32d99e5a5a26e28a10bbc20ab4b4fff2d99c1da5,CVE-2022-23312
450360735,AlphabugX/CVE-2022-RCE,README.md,32d99e5a5a26e28a10bbc20ab4b4fff2d99c1da5,CVE-2022-23313
450360735,AlphabugX/CVE-2022-RCE,README.md,32d99e5a5a26e28a10bbc20ab4b4fff2d99c1da5,CVE-2022-23314
450360735,AlphabugX/CVE-2022-RCE,README.md,32d99e5a5a26e28a10bbc20ab4b4fff2d99c1da5,CVE-2022-23315
450360735,AlphabugX/CVE-2022-RCE,README.md,32d99e5a5a26e28a10bbc20ab4b4fff2d99c1da5,CVE-2022-23316
450360735,AlphabugX/CVE-2022-RCE,README.md,32d99e5a5a26e28a10bbc20ab4b4fff2d99c1da5,CVE-2022-23317
450360735,AlphabugX/CVE-2022-RCE,README.md,32d99e5a5a26e28a10bbc20ab4b4fff2d99c1da5,CVE-2022-23318
450360735,AlphabugX/CVE-2022-RCE,README.md,32d99e5a5a26e28a10bbc20ab4b4fff2d99c1da5,CVE-2022-23319
450360735,AlphabugX/CVE-2022-RCE,README.md,32d99e5a5a26e28a10bbc20ab4b4fff2d99c1da5,CVE-2022-23320
450360735,AlphabugX/CVE-2022-RCE,README.md,32d99e5a5a26e28a10bbc20ab4b4fff2d99c1da5,CVE-2022-23321
450360735,AlphabugX/CVE-2022-RCE,README.md,32d99e5a5a26e28a10bbc20ab4b4fff2d99c1da5,CVE-2022-23322
450360735,AlphabugX/CVE-2022-RCE,README.md,32d99e5a5a26e28a10bbc20ab4b4fff2d99c1da5,CVE-2022-23323
450360735,AlphabugX/CVE-2022-RCE,README.md,32d99e5a5a26e28a10bbc20ab4b4fff2d99c1da5,CVE-2022-23324
450360735,AlphabugX/CVE-2022-RCE,README.md,32d99e5a5a26e28a10bbc20ab4b4fff2d99c1da5,CVE-2022-23325
450360735,AlphabugX/CVE-2022-RCE,README.md,32d99e5a5a26e28a10bbc20ab4b4fff2d99c1da5,CVE-2022-23326
450360735,AlphabugX/CVE-2022-RCE,README.md,32d99e5a5a26e28a10bbc20ab4b4fff2d99c1da5,CVE-2022-23327
450360735,AlphabugX/CVE-2022-RCE,README.md,32d99e5a5a26e28a10bbc20ab4b4fff2d99c1da5,CVE-2022-23328
450360735,AlphabugX/CVE-2022-RCE,README.md,32d99e5a5a26e28a10bbc20ab4b4fff2d99c1da5,CVE-2022-23329
450360735,AlphabugX/CVE-2022-RCE,README.md,32d99e5a5a26e28a10bbc20ab4b4fff2d99c1da5,CVE-2022-23330
450360735,AlphabugX/CVE-2022-RCE,README.md,32d99e5a5a26e28a10bbc20ab4b4fff2d99c1da5,CVE-2022-23355
450360735,AlphabugX/CVE-2022-RCE,README.md,32d99e5a5a26e28a10bbc20ab4b4fff2d99c1da5,CVE-2022-23356
450360735,AlphabugX/CVE-2022-RCE,README.md,32d99e5a5a26e28a10bbc20ab4b4fff2d99c1da5,CVE-2022-23357
450360735,AlphabugX/CVE-2022-RCE,README.md,32d99e5a5a26e28a10bbc20ab4b4fff2d99c1da5,CVE-2022-23358
450360735,AlphabugX/CVE-2022-RCE,README.md,32d99e5a5a26e28a10bbc20ab4b4fff2d99c1da5,CVE-2022-23384
450360735,AlphabugX/CVE-2022-RCE,README.md,32d99e5a5a26e28a10bbc20ab4b4fff2d99c1da5,CVE-2022-23385
450360735,AlphabugX/CVE-2022-RCE,README.md,32d99e5a5a26e28a10bbc20ab4b4fff2d99c1da5,CVE-2022-23386
450360735,AlphabugX/CVE-2022-RCE,README.md,32d99e5a5a26e28a10bbc20ab4b4fff2d99c1da5,CVE-2022-23387
450360735,AlphabugX/CVE-2022-RCE,README.md,32d99e5a5a26e28a10bbc20ab4b4fff2d99c1da5,CVE-2022-23388
450360735,AlphabugX/CVE-2022-RCE,README.md,32d99e5a5a26e28a10bbc20ab4b4fff2d99c1da5,CVE-2022-23389
450360735,AlphabugX/CVE-2022-RCE,README.md,32d99e5a5a26e28a10bbc20ab4b4fff2d99c1da5,CVE-2022-23390
450360735,AlphabugX/CVE-2022-RCE,README.md,32d99e5a5a26e28a10bbc20ab4b4fff2d99c1da5,CVE-2022-23391
450360735,AlphabugX/CVE-2022-RCE,README.md,32d99e5a5a26e28a10bbc20ab4b4fff2d99c1da5,CVE-2022-23392
450360735,AlphabugX/CVE-2022-RCE,README.md,32d99e5a5a26e28a10bbc20ab4b4fff2d99c1da5,CVE-2022-23393
450360735,AlphabugX/CVE-2022-RCE,README.md,32d99e5a5a26e28a10bbc20ab4b4fff2d99c1da5,CVE-2022-23394
450360735,AlphabugX/CVE-2022-RCE,README.md,32d99e5a5a26e28a10bbc20ab4b4fff2d99c1da5,CVE-2022-23395
450360735,AlphabugX/CVE-2022-RCE,README.md,32d99e5a5a26e28a10bbc20ab4b4fff2d99c1da5,CVE-2022-23396
450360735,AlphabugX/CVE-2022-RCE,README.md,32d99e5a5a26e28a10bbc20ab4b4fff2d99c1da5,CVE-2022-23397
450360735,AlphabugX/CVE-2022-RCE,README.md,32d99e5a5a26e28a10bbc20ab4b4fff2d99c1da5,CVE-2022-23398
450360735,AlphabugX/CVE-2022-RCE,README.md,32d99e5a5a26e28a10bbc20ab4b4fff2d99c1da5,CVE-2022-23404
450360735,AlphabugX/CVE-2022-RCE,README.md,32d99e5a5a26e28a10bbc20ab4b4fff2d99c1da5,CVE-2022-23405
450360735,AlphabugX/CVE-2022-RCE,README.md,32d99e5a5a26e28a10bbc20ab4b4fff2d99c1da5,CVE-2022-23406
450360735,AlphabugX/CVE-2022-RCE,README.md,32d99e5a5a26e28a10bbc20ab4b4fff2d99c1da5,CVE-2022-23407
450360735,AlphabugX/CVE-2022-RCE,README.md,32d99e5a5a26e28a10bbc20ab4b4fff2d99c1da5,CVE-2022-23408
450360735,AlphabugX/CVE-2022-RCE,README.md,32d99e5a5a26e28a10bbc20ab4b4fff2d99c1da5,CVE-2022-23409
450360735,AlphabugX/CVE-2022-RCE,README.md,32d99e5a5a26e28a10bbc20ab4b4fff2d99c1da5,CVE-2022-23383
450360735,AlphabugX/CVE-2022-RCE,README.md,32d99e5a5a26e28a10bbc20ab4b4fff2d99c1da5,CVE-2022-23309
450360735,AlphabugX/CVE-2022-RCE,README.md,32d99e5a5a26e28a10bbc20ab4b4fff2d99c1da5,CVE-2022-23382
450360735,AlphabugX/CVE-2022-RCE,README.md,32d99e5a5a26e28a10bbc20ab4b4fff2d99c1da5,CVE-2022-23380
450360735,AlphabugX/CVE-2022-RCE,README.md,32d99e5a5a26e28a10bbc20ab4b4fff2d99c1da5,CVE-2022-23359
450360735,AlphabugX/CVE-2022-RCE,README.md,32d99e5a5a26e28a10bbc20ab4b4fff2d99c1da5,CVE-2022-23360
450360735,AlphabugX/CVE-2022-RCE,README.md,32d99e5a5a26e28a10bbc20ab4b4fff2d99c1da5,CVE-2022-23361
450360735,AlphabugX/CVE-2022-RCE,README.md,32d99e5a5a26e28a10bbc20ab4b4fff2d99c1da5,CVE-2022-23362
450360735,AlphabugX/CVE-2022-RCE,README.md,32d99e5a5a26e28a10bbc20ab4b4fff2d99c1da5,CVE-2022-23363
450360735,AlphabugX/CVE-2022-RCE,README.md,32d99e5a5a26e28a10bbc20ab4b4fff2d99c1da5,CVE-2022-23364
450360735,AlphabugX/CVE-2022-RCE,README.md,32d99e5a5a26e28a10bbc20ab4b4fff2d99c1da5,CVE-2022-23365
450360735,AlphabugX/CVE-2022-RCE,README.md,32d99e5a5a26e28a10bbc20ab4b4fff2d99c1da5,CVE-2022-23366
450360735,AlphabugX/CVE-2022-RCE,README.md,32d99e5a5a26e28a10bbc20ab4b4fff2d99c1da5,CVE-2022-23367
450360735,AlphabugX/CVE-2022-RCE,README.md,32d99e5a5a26e28a10bbc20ab4b4fff2d99c1da5,CVE-2022-23368
450360735,AlphabugX/CVE-2022-RCE,README.md,32d99e5a5a26e28a10bbc20ab4b4fff2d99c1da5,CVE-2022-23369
450360735,AlphabugX/CVE-2022-RCE,README.md,32d99e5a5a26e28a10bbc20ab4b4fff2d99c1da5,CVE-2022-23370
450360735,AlphabugX/CVE-2022-RCE,README.md,32d99e5a5a26e28a10bbc20ab4b4fff2d99c1da5,CVE-2022-23371
450360735,AlphabugX/CVE-2022-RCE,README.md,32d99e5a5a26e28a10bbc20ab4b4fff2d99c1da5,CVE-2022-23372
450360735,AlphabugX/CVE-2022-RCE,README.md,32d99e5a5a26e28a10bbc20ab4b4fff2d99c1da5,CVE-2022-23373
450360735,AlphabugX/CVE-2022-RCE,README.md,32d99e5a5a26e28a10bbc20ab4b4fff2d99c1da5,CVE-2022-23374
450360735,AlphabugX/CVE-2022-RCE,README.md,32d99e5a5a26e28a10bbc20ab4b4fff2d99c1da5,CVE-2022-23375
450360735,AlphabugX/CVE-2022-RCE,README.md,32d99e5a5a26e28a10bbc20ab4b4fff2d99c1da5,CVE-2022-23376
450360735,AlphabugX/CVE-2022-RCE,README.md,32d99e5a5a26e28a10bbc20ab4b4fff2d99c1da5,CVE-2022-23377
450360735,AlphabugX/CVE-2022-RCE,README.md,32d99e5a5a26e28a10bbc20ab4b4fff2d99c1da5,CVE-2022-23378
450360735,AlphabugX/CVE-2022-RCE,README.md,32d99e5a5a26e28a10bbc20ab4b4fff2d99c1da5,CVE-2022-23379
450360735,AlphabugX/CVE-2022-RCE,README.md,32d99e5a5a26e28a10bbc20ab4b4fff2d99c1da5,CVE-2022-23381
450360735,AlphabugX/CVE-2022-RCE,README.md,32d99e5a5a26e28a10bbc20ab4b4fff2d99c1da5,CVE-2022-23411
450360735,AlphabugX/CVE-2022-RCE,README.md,32d99e5a5a26e28a10bbc20ab4b4fff2d99c1da5,CVE-2022-23308
450360735,AlphabugX/CVE-2022-RCE,README.md,32d99e5a5a26e28a10bbc20ab4b4fff2d99c1da5,CVE-2022-23306
450360735,AlphabugX/CVE-2022-RCE,README.md,32d99e5a5a26e28a10bbc20ab4b4fff2d99c1da5,CVE-2022-23236
450360735,AlphabugX/CVE-2022-RCE,README.md,32d99e5a5a26e28a10bbc20ab4b4fff2d99c1da5,CVE-2022-23237
450360735,AlphabugX/CVE-2022-RCE,README.md,32d99e5a5a26e28a10bbc20ab4b4fff2d99c1da5,CVE-2022-23238
450360735,AlphabugX/CVE-2022-RCE,README.md,32d99e5a5a26e28a10bbc20ab4b4fff2d99c1da5,CVE-2022-23239
450360735,AlphabugX/CVE-2022-RCE,README.md,32d99e5a5a26e28a10bbc20ab4b4fff2d99c1da5,CVE-2022-23240
450360735,AlphabugX/CVE-2022-RCE,README.md,32d99e5a5a26e28a10bbc20ab4b4fff2d99c1da5,CVE-2022-23241
450360735,AlphabugX/CVE-2022-RCE,README.md,32d99e5a5a26e28a10bbc20ab4b4fff2d99c1da5,CVE-2022-23242
450360735,AlphabugX/CVE-2022-RCE,README.md,32d99e5a5a26e28a10bbc20ab4b4fff2d99c1da5,CVE-2022-23243
450360735,AlphabugX/CVE-2022-RCE,README.md,32d99e5a5a26e28a10bbc20ab4b4fff2d99c1da5,CVE-2022-23244
450360735,AlphabugX/CVE-2022-RCE,README.md,32d99e5a5a26e28a10bbc20ab4b4fff2d99c1da5,CVE-2022-23235
450360735,AlphabugX/CVE-2022-RCE,README.md,32d99e5a5a26e28a10bbc20ab4b4fff2d99c1da5,CVE-2022-23245
450360735,AlphabugX/CVE-2022-RCE,README.md,32d99e5a5a26e28a10bbc20ab4b4fff2d99c1da5,CVE-2022-23247
450360735,AlphabugX/CVE-2022-RCE,README.md,32d99e5a5a26e28a10bbc20ab4b4fff2d99c1da5,CVE-2022-23248
450360735,AlphabugX/CVE-2022-RCE,README.md,32d99e5a5a26e28a10bbc20ab4b4fff2d99c1da5,CVE-2022-23249
450360735,AlphabugX/CVE-2022-RCE,README.md,32d99e5a5a26e28a10bbc20ab4b4fff2d99c1da5,CVE-2022-23250
450360735,AlphabugX/CVE-2022-RCE,README.md,32d99e5a5a26e28a10bbc20ab4b4fff2d99c1da5,CVE-2022-23251
450360735,AlphabugX/CVE-2022-RCE,README.md,32d99e5a5a26e28a10bbc20ab4b4fff2d99c1da5,CVE-2022-23252
450360735,AlphabugX/CVE-2022-RCE,README.md,32d99e5a5a26e28a10bbc20ab4b4fff2d99c1da5,CVE-2022-23253
450360735,AlphabugX/CVE-2022-RCE,README.md,32d99e5a5a26e28a10bbc20ab4b4fff2d99c1da5,CVE-2022-23254
450360735,AlphabugX/CVE-2022-RCE,README.md,32d99e5a5a26e28a10bbc20ab4b4fff2d99c1da5,CVE-2022-23255
450360735,AlphabugX/CVE-2022-RCE,README.md,32d99e5a5a26e28a10bbc20ab4b4fff2d99c1da5,CVE-2022-23246
450360735,AlphabugX/CVE-2022-RCE,README.md,32d99e5a5a26e28a10bbc20ab4b4fff2d99c1da5,CVE-2022-23234
450360735,AlphabugX/CVE-2022-RCE,README.md,32d99e5a5a26e28a10bbc20ab4b4fff2d99c1da5,CVE-2022-23233
450360735,AlphabugX/CVE-2022-RCE,README.md,32d99e5a5a26e28a10bbc20ab4b4fff2d99c1da5,CVE-2022-23232
450360735,AlphabugX/CVE-2022-RCE,README.md,32d99e5a5a26e28a10bbc20ab4b4fff2d99c1da5,CVE-2022-23211
450360735,AlphabugX/CVE-2022-RCE,README.md,32d99e5a5a26e28a10bbc20ab4b4fff2d99c1da5,CVE-2022-23212
450360735,AlphabugX/CVE-2022-RCE,README.md,32d99e5a5a26e28a10bbc20ab4b4fff2d99c1da5,CVE-2022-23213
450360735,AlphabugX/CVE-2022-RCE,README.md,32d99e5a5a26e28a10bbc20ab4b4fff2d99c1da5,CVE-2022-23214
450360735,AlphabugX/CVE-2022-RCE,README.md,32d99e5a5a26e28a10bbc20ab4b4fff2d99c1da5,CVE-2022-23215
450360735,AlphabugX/CVE-2022-RCE,README.md,32d99e5a5a26e28a10bbc20ab4b4fff2d99c1da5,CVE-2022-23216
450360735,AlphabugX/CVE-2022-RCE,README.md,32d99e5a5a26e28a10bbc20ab4b4fff2d99c1da5,CVE-2022-23217
450360735,AlphabugX/CVE-2022-RCE,README.md,32d99e5a5a26e28a10bbc20ab4b4fff2d99c1da5,CVE-2022-23218
450360735,AlphabugX/CVE-2022-RCE,README.md,32d99e5a5a26e28a10bbc20ab4b4fff2d99c1da5,CVE-2022-23219
450360735,AlphabugX/CVE-2022-RCE,README.md,32d99e5a5a26e28a10bbc20ab4b4fff2d99c1da5,CVE-2022-23220
450360735,AlphabugX/CVE-2022-RCE,README.md,32d99e5a5a26e28a10bbc20ab4b4fff2d99c1da5,CVE-2022-23221
450360735,AlphabugX/CVE-2022-RCE,README.md,32d99e5a5a26e28a10bbc20ab4b4fff2d99c1da5,CVE-2022-23222
450360735,AlphabugX/CVE-2022-RCE,README.md,32d99e5a5a26e28a10bbc20ab4b4fff2d99c1da5,CVE-2022-23223
450360735,AlphabugX/CVE-2022-RCE,README.md,32d99e5a5a26e28a10bbc20ab4b4fff2d99c1da5,CVE-2022-23224
450360735,AlphabugX/CVE-2022-RCE,README.md,32d99e5a5a26e28a10bbc20ab4b4fff2d99c1da5,CVE-2022-23225
450360735,AlphabugX/CVE-2022-RCE,README.md,32d99e5a5a26e28a10bbc20ab4b4fff2d99c1da5,CVE-2022-23226
450360735,AlphabugX/CVE-2022-RCE,README.md,32d99e5a5a26e28a10bbc20ab4b4fff2d99c1da5,CVE-2022-23227
450360735,AlphabugX/CVE-2022-RCE,README.md,32d99e5a5a26e28a10bbc20ab4b4fff2d99c1da5,CVE-2022-23228
450360735,AlphabugX/CVE-2022-RCE,README.md,32d99e5a5a26e28a10bbc20ab4b4fff2d99c1da5,CVE-2022-23229
450360735,AlphabugX/CVE-2022-RCE,README.md,32d99e5a5a26e28a10bbc20ab4b4fff2d99c1da5,CVE-2022-23230
450360735,AlphabugX/CVE-2022-RCE,README.md,32d99e5a5a26e28a10bbc20ab4b4fff2d99c1da5,CVE-2022-23231
450360735,AlphabugX/CVE-2022-RCE,README.md,32d99e5a5a26e28a10bbc20ab4b4fff2d99c1da5,CVE-2022-23256
450360735,AlphabugX/CVE-2022-RCE,README.md,32d99e5a5a26e28a10bbc20ab4b4fff2d99c1da5,CVE-2022-23257
450360735,AlphabugX/CVE-2022-RCE,README.md,32d99e5a5a26e28a10bbc20ab4b4fff2d99c1da5,CVE-2022-23258
450360735,AlphabugX/CVE-2022-RCE,README.md,32d99e5a5a26e28a10bbc20ab4b4fff2d99c1da5,CVE-2022-23259
450360735,AlphabugX/CVE-2022-RCE,README.md,32d99e5a5a26e28a10bbc20ab4b4fff2d99c1da5,CVE-2022-23285
450360735,AlphabugX/CVE-2022-RCE,README.md,32d99e5a5a26e28a10bbc20ab4b4fff2d99c1da5,CVE-2022-23286
450360735,AlphabugX/CVE-2022-RCE,README.md,32d99e5a5a26e28a10bbc20ab4b4fff2d99c1da5,CVE-2022-23287
450360735,AlphabugX/CVE-2022-RCE,README.md,32d99e5a5a26e28a10bbc20ab4b4fff2d99c1da5,CVE-2022-23288
450360735,AlphabugX/CVE-2022-RCE,README.md,32d99e5a5a26e28a10bbc20ab4b4fff2d99c1da5,CVE-2022-23289
450360735,AlphabugX/CVE-2022-RCE,README.md,32d99e5a5a26e28a10bbc20ab4b4fff2d99c1da5,CVE-2022-23290
450360735,AlphabugX/CVE-2022-RCE,README.md,32d99e5a5a26e28a10bbc20ab4b4fff2d99c1da5,CVE-2022-23291
450360735,AlphabugX/CVE-2022-RCE,README.md,32d99e5a5a26e28a10bbc20ab4b4fff2d99c1da5,CVE-2022-23292
450360735,AlphabugX/CVE-2022-RCE,README.md,32d99e5a5a26e28a10bbc20ab4b4fff2d99c1da5,CVE-2022-23293
450360735,AlphabugX/CVE-2022-RCE,README.md,32d99e5a5a26e28a10bbc20ab4b4fff2d99c1da5,CVE-2022-23294
450360735,AlphabugX/CVE-2022-RCE,README.md,32d99e5a5a26e28a10bbc20ab4b4fff2d99c1da5,CVE-2022-23295
450360735,AlphabugX/CVE-2022-RCE,README.md,32d99e5a5a26e28a10bbc20ab4b4fff2d99c1da5,CVE-2022-23296
450360735,AlphabugX/CVE-2022-RCE,README.md,32d99e5a5a26e28a10bbc20ab4b4fff2d99c1da5,CVE-2022-23297
450360735,AlphabugX/CVE-2022-RCE,README.md,32d99e5a5a26e28a10bbc20ab4b4fff2d99c1da5,CVE-2022-23298
450360735,AlphabugX/CVE-2022-RCE,README.md,32d99e5a5a26e28a10bbc20ab4b4fff2d99c1da5,CVE-2022-23299
450360735,AlphabugX/CVE-2022-RCE,README.md,32d99e5a5a26e28a10bbc20ab4b4fff2d99c1da5,CVE-2022-23300
450360735,AlphabugX/CVE-2022-RCE,README.md,32d99e5a5a26e28a10bbc20ab4b4fff2d99c1da5,CVE-2022-23301
450360735,AlphabugX/CVE-2022-RCE,README.md,32d99e5a5a26e28a10bbc20ab4b4fff2d99c1da5,CVE-2022-23302
450360735,AlphabugX/CVE-2022-RCE,README.md,32d99e5a5a26e28a10bbc20ab4b4fff2d99c1da5,CVE-2022-23303
450360735,AlphabugX/CVE-2022-RCE,README.md,32d99e5a5a26e28a10bbc20ab4b4fff2d99c1da5,CVE-2022-23304
450360735,AlphabugX/CVE-2022-RCE,README.md,32d99e5a5a26e28a10bbc20ab4b4fff2d99c1da5,CVE-2022-23305
450360735,AlphabugX/CVE-2022-RCE,README.md,32d99e5a5a26e28a10bbc20ab4b4fff2d99c1da5,CVE-2022-23284
450360735,AlphabugX/CVE-2022-RCE,README.md,32d99e5a5a26e28a10bbc20ab4b4fff2d99c1da5,CVE-2022-23307
450360735,AlphabugX/CVE-2022-RCE,README.md,32d99e5a5a26e28a10bbc20ab4b4fff2d99c1da5,CVE-2022-23283
450360735,AlphabugX/CVE-2022-RCE,README.md,32d99e5a5a26e28a10bbc20ab4b4fff2d99c1da5,CVE-2022-23281
450360735,AlphabugX/CVE-2022-RCE,README.md,32d99e5a5a26e28a10bbc20ab4b4fff2d99c1da5,CVE-2022-23260
450360735,AlphabugX/CVE-2022-RCE,README.md,32d99e5a5a26e28a10bbc20ab4b4fff2d99c1da5,CVE-2022-23261
450360735,AlphabugX/CVE-2022-RCE,README.md,32d99e5a5a26e28a10bbc20ab4b4fff2d99c1da5,CVE-2022-23262
450360735,AlphabugX/CVE-2022-RCE,README.md,32d99e5a5a26e28a10bbc20ab4b4fff2d99c1da5,CVE-2022-23263
450360735,AlphabugX/CVE-2022-RCE,README.md,32d99e5a5a26e28a10bbc20ab4b4fff2d99c1da5,CVE-2022-23264
450360735,AlphabugX/CVE-2022-RCE,README.md,32d99e5a5a26e28a10bbc20ab4b4fff2d99c1da5,CVE-2022-23265
450360735,AlphabugX/CVE-2022-RCE,README.md,32d99e5a5a26e28a10bbc20ab4b4fff2d99c1da5,CVE-2022-23266
450360735,AlphabugX/CVE-2022-RCE,README.md,32d99e5a5a26e28a10bbc20ab4b4fff2d99c1da5,CVE-2022-23267
450360735,AlphabugX/CVE-2022-RCE,README.md,32d99e5a5a26e28a10bbc20ab4b4fff2d99c1da5,CVE-2022-23268
450360735,AlphabugX/CVE-2022-RCE,README.md,32d99e5a5a26e28a10bbc20ab4b4fff2d99c1da5,CVE-2022-23269
450360735,AlphabugX/CVE-2022-RCE,README.md,32d99e5a5a26e28a10bbc20ab4b4fff2d99c1da5,CVE-2022-23270
450360735,AlphabugX/CVE-2022-RCE,README.md,32d99e5a5a26e28a10bbc20ab4b4fff2d99c1da5,CVE-2022-23271
450360735,AlphabugX/CVE-2022-RCE,README.md,32d99e5a5a26e28a10bbc20ab4b4fff2d99c1da5,CVE-2022-23272
450360735,AlphabugX/CVE-2022-RCE,README.md,32d99e5a5a26e28a10bbc20ab4b4fff2d99c1da5,CVE-2022-23273
450360735,AlphabugX/CVE-2022-RCE,README.md,32d99e5a5a26e28a10bbc20ab4b4fff2d99c1da5,CVE-2022-23274
450360735,AlphabugX/CVE-2022-RCE,README.md,32d99e5a5a26e28a10bbc20ab4b4fff2d99c1da5,CVE-2022-23275
450360735,AlphabugX/CVE-2022-RCE,README.md,32d99e5a5a26e28a10bbc20ab4b4fff2d99c1da5,CVE-2022-23276
450360735,AlphabugX/CVE-2022-RCE,README.md,32d99e5a5a26e28a10bbc20ab4b4fff2d99c1da5,CVE-2022-23277
450360735,AlphabugX/CVE-2022-RCE,README.md,32d99e5a5a26e28a10bbc20ab4b4fff2d99c1da5,CVE-2022-23278
450360735,AlphabugX/CVE-2022-RCE,README.md,32d99e5a5a26e28a10bbc20ab4b4fff2d99c1da5,CVE-2022-23279
450360735,AlphabugX/CVE-2022-RCE,README.md,32d99e5a5a26e28a10bbc20ab4b4fff2d99c1da5,CVE-2022-23280
450360735,AlphabugX/CVE-2022-RCE,README.md,32d99e5a5a26e28a10bbc20ab4b4fff2d99c1da5,CVE-2022-23282
450360735,AlphabugX/CVE-2022-RCE,README.md,32d99e5a5a26e28a10bbc20ab4b4fff2d99c1da5,CVE-2022-22213
450360735,AlphabugX/CVE-2022-RCE,README.md,32d99e5a5a26e28a10bbc20ab4b4fff2d99c1da5,CVE-2022-22212
450360735,AlphabugX/CVE-2022-RCE,README.md,32d99e5a5a26e28a10bbc20ab4b4fff2d99c1da5,CVE-2022-22211
450360735,AlphabugX/CVE-2022-RCE,README.md,32d99e5a5a26e28a10bbc20ab4b4fff2d99c1da5,CVE-2022-21070
450360735,AlphabugX/CVE-2022-RCE,README.md,32d99e5a5a26e28a10bbc20ab4b4fff2d99c1da5,CVE-2022-21071
450360735,AlphabugX/CVE-2022-RCE,README.md,32d99e5a5a26e28a10bbc20ab4b4fff2d99c1da5,CVE-2022-21072
450360735,AlphabugX/CVE-2022-RCE,README.md,32d99e5a5a26e28a10bbc20ab4b4fff2d99c1da5,CVE-2022-21073
450360735,AlphabugX/CVE-2022-RCE,README.md,32d99e5a5a26e28a10bbc20ab4b4fff2d99c1da5,CVE-2022-21074
450360735,AlphabugX/CVE-2022-RCE,README.md,32d99e5a5a26e28a10bbc20ab4b4fff2d99c1da5,CVE-2022-21075
450360735,AlphabugX/CVE-2022-RCE,README.md,32d99e5a5a26e28a10bbc20ab4b4fff2d99c1da5,CVE-2022-21076
450360735,AlphabugX/CVE-2022-RCE,README.md,32d99e5a5a26e28a10bbc20ab4b4fff2d99c1da5,CVE-2022-21077
450360735,AlphabugX/CVE-2022-RCE,README.md,32d99e5a5a26e28a10bbc20ab4b4fff2d99c1da5,CVE-2022-21078
450360735,AlphabugX/CVE-2022-RCE,README.md,32d99e5a5a26e28a10bbc20ab4b4fff2d99c1da5,CVE-2022-21069
450360735,AlphabugX/CVE-2022-RCE,README.md,32d99e5a5a26e28a10bbc20ab4b4fff2d99c1da5,CVE-2022-21079
450360735,AlphabugX/CVE-2022-RCE,README.md,32d99e5a5a26e28a10bbc20ab4b4fff2d99c1da5,CVE-2022-21081
450360735,AlphabugX/CVE-2022-RCE,README.md,32d99e5a5a26e28a10bbc20ab4b4fff2d99c1da5,CVE-2022-21082
450360735,AlphabugX/CVE-2022-RCE,README.md,32d99e5a5a26e28a10bbc20ab4b4fff2d99c1da5,CVE-2022-21083
450360735,AlphabugX/CVE-2022-RCE,README.md,32d99e5a5a26e28a10bbc20ab4b4fff2d99c1da5,CVE-2022-21084
450360735,AlphabugX/CVE-2022-RCE,README.md,32d99e5a5a26e28a10bbc20ab4b4fff2d99c1da5,CVE-2022-21085
450360735,AlphabugX/CVE-2022-RCE,README.md,32d99e5a5a26e28a10bbc20ab4b4fff2d99c1da5,CVE-2022-21086
450360735,AlphabugX/CVE-2022-RCE,README.md,32d99e5a5a26e28a10bbc20ab4b4fff2d99c1da5,CVE-2022-21087
450360735,AlphabugX/CVE-2022-RCE,README.md,32d99e5a5a26e28a10bbc20ab4b4fff2d99c1da5,CVE-2022-21088
450360735,AlphabugX/CVE-2022-RCE,README.md,32d99e5a5a26e28a10bbc20ab4b4fff2d99c1da5,CVE-2022-21089
450360735,AlphabugX/CVE-2022-RCE,README.md,32d99e5a5a26e28a10bbc20ab4b4fff2d99c1da5,CVE-2022-21080
450360735,AlphabugX/CVE-2022-RCE,README.md,32d99e5a5a26e28a10bbc20ab4b4fff2d99c1da5,CVE-2022-21068
450360735,AlphabugX/CVE-2022-RCE,README.md,32d99e5a5a26e28a10bbc20ab4b4fff2d99c1da5,CVE-2022-21067
450360735,AlphabugX/CVE-2022-RCE,README.md,32d99e5a5a26e28a10bbc20ab4b4fff2d99c1da5,CVE-2022-21066
450360735,AlphabugX/CVE-2022-RCE,README.md,32d99e5a5a26e28a10bbc20ab4b4fff2d99c1da5,CVE-2022-21045
450360735,AlphabugX/CVE-2022-RCE,README.md,32d99e5a5a26e28a10bbc20ab4b4fff2d99c1da5,CVE-2022-21046
450360735,AlphabugX/CVE-2022-RCE,README.md,32d99e5a5a26e28a10bbc20ab4b4fff2d99c1da5,CVE-2022-21047
450360735,AlphabugX/CVE-2022-RCE,README.md,32d99e5a5a26e28a10bbc20ab4b4fff2d99c1da5,CVE-2022-21048
450360735,AlphabugX/CVE-2022-RCE,README.md,32d99e5a5a26e28a10bbc20ab4b4fff2d99c1da5,CVE-2022-21049
450360735,AlphabugX/CVE-2022-RCE,README.md,32d99e5a5a26e28a10bbc20ab4b4fff2d99c1da5,CVE-2022-21050
450360735,AlphabugX/CVE-2022-RCE,README.md,32d99e5a5a26e28a10bbc20ab4b4fff2d99c1da5,CVE-2022-21051
450360735,AlphabugX/CVE-2022-RCE,README.md,32d99e5a5a26e28a10bbc20ab4b4fff2d99c1da5,CVE-2022-21052
450360735,AlphabugX/CVE-2022-RCE,README.md,32d99e5a5a26e28a10bbc20ab4b4fff2d99c1da5,CVE-2022-21053
450360735,AlphabugX/CVE-2022-RCE,README.md,32d99e5a5a26e28a10bbc20ab4b4fff2d99c1da5,CVE-2022-21054
450360735,AlphabugX/CVE-2022-RCE,README.md,32d99e5a5a26e28a10bbc20ab4b4fff2d99c1da5,CVE-2022-21055
450360735,AlphabugX/CVE-2022-RCE,README.md,32d99e5a5a26e28a10bbc20ab4b4fff2d99c1da5,CVE-2022-21056
450360735,AlphabugX/CVE-2022-RCE,README.md,32d99e5a5a26e28a10bbc20ab4b4fff2d99c1da5,CVE-2022-21057
450360735,AlphabugX/CVE-2022-RCE,README.md,32d99e5a5a26e28a10bbc20ab4b4fff2d99c1da5,CVE-2022-21058
450360735,AlphabugX/CVE-2022-RCE,README.md,32d99e5a5a26e28a10bbc20ab4b4fff2d99c1da5,CVE-2022-21059
450360735,AlphabugX/CVE-2022-RCE,README.md,32d99e5a5a26e28a10bbc20ab4b4fff2d99c1da5,CVE-2022-21060
450360735,AlphabugX/CVE-2022-RCE,README.md,32d99e5a5a26e28a10bbc20ab4b4fff2d99c1da5,CVE-2022-21061
450360735,AlphabugX/CVE-2022-RCE,README.md,32d99e5a5a26e28a10bbc20ab4b4fff2d99c1da5,CVE-2022-21062
450360735,AlphabugX/CVE-2022-RCE,README.md,32d99e5a5a26e28a10bbc20ab4b4fff2d99c1da5,CVE-2022-21063
450360735,AlphabugX/CVE-2022-RCE,README.md,32d99e5a5a26e28a10bbc20ab4b4fff2d99c1da5,CVE-2022-21064
450360735,AlphabugX/CVE-2022-RCE,README.md,32d99e5a5a26e28a10bbc20ab4b4fff2d99c1da5,CVE-2022-21065
450360735,AlphabugX/CVE-2022-RCE,README.md,32d99e5a5a26e28a10bbc20ab4b4fff2d99c1da5,CVE-2022-21090
450360735,AlphabugX/CVE-2022-RCE,README.md,32d99e5a5a26e28a10bbc20ab4b4fff2d99c1da5,CVE-2022-21044
450360735,AlphabugX/CVE-2022-RCE,README.md,32d99e5a5a26e28a10bbc20ab4b4fff2d99c1da5,CVE-2022-21091
450360735,AlphabugX/CVE-2022-RCE,README.md,32d99e5a5a26e28a10bbc20ab4b4fff2d99c1da5,CVE-2022-21093
450360735,AlphabugX/CVE-2022-RCE,README.md,32d99e5a5a26e28a10bbc20ab4b4fff2d99c1da5,CVE-2022-21119
450360735,AlphabugX/CVE-2022-RCE,README.md,32d99e5a5a26e28a10bbc20ab4b4fff2d99c1da5,CVE-2022-21120
450360735,AlphabugX/CVE-2022-RCE,README.md,32d99e5a5a26e28a10bbc20ab4b4fff2d99c1da5,CVE-2022-21121
450360735,AlphabugX/CVE-2022-RCE,README.md,32d99e5a5a26e28a10bbc20ab4b4fff2d99c1da5,CVE-2022-21123
450360735,AlphabugX/CVE-2022-RCE,README.md,32d99e5a5a26e28a10bbc20ab4b4fff2d99c1da5,CVE-2022-21125
450360735,AlphabugX/CVE-2022-RCE,README.md,32d99e5a5a26e28a10bbc20ab4b4fff2d99c1da5,CVE-2022-21127
450360735,AlphabugX/CVE-2022-RCE,README.md,32d99e5a5a26e28a10bbc20ab4b4fff2d99c1da5,CVE-2022-21131
450360735,AlphabugX/CVE-2022-RCE,README.md,32d99e5a5a26e28a10bbc20ab4b4fff2d99c1da5,CVE-2022-21133
450360735,AlphabugX/CVE-2022-RCE,README.md,32d99e5a5a26e28a10bbc20ab4b4fff2d99c1da5,CVE-2022-21134
450360735,AlphabugX/CVE-2022-RCE,README.md,32d99e5a5a26e28a10bbc20ab4b4fff2d99c1da5,CVE-2022-21118
450360735,AlphabugX/CVE-2022-RCE,README.md,32d99e5a5a26e28a10bbc20ab4b4fff2d99c1da5,CVE-2022-21135
450360735,AlphabugX/CVE-2022-RCE,README.md,32d99e5a5a26e28a10bbc20ab4b4fff2d99c1da5,CVE-2022-21137
450360735,AlphabugX/CVE-2022-RCE,README.md,32d99e5a5a26e28a10bbc20ab4b4fff2d99c1da5,CVE-2022-21138
450360735,AlphabugX/CVE-2022-RCE,README.md,32d99e5a5a26e28a10bbc20ab4b4fff2d99c1da5,CVE-2022-21139
450360735,AlphabugX/CVE-2022-RCE,README.md,32d99e5a5a26e28a10bbc20ab4b4fff2d99c1da5,CVE-2022-21140
450360735,AlphabugX/CVE-2022-RCE,README.md,32d99e5a5a26e28a10bbc20ab4b4fff2d99c1da5,CVE-2022-21145
450360735,AlphabugX/CVE-2022-RCE,README.md,32d99e5a5a26e28a10bbc20ab4b4fff2d99c1da5,CVE-2022-21147
450360735,AlphabugX/CVE-2022-RCE,README.md,32d99e5a5a26e28a10bbc20ab4b4fff2d99c1da5,CVE-2022-21148
450360735,AlphabugX/CVE-2022-RCE,README.md,32d99e5a5a26e28a10bbc20ab4b4fff2d99c1da5,CVE-2022-21150
450360735,AlphabugX/CVE-2022-RCE,README.md,32d99e5a5a26e28a10bbc20ab4b4fff2d99c1da5,CVE-2022-21151
450360735,AlphabugX/CVE-2022-RCE,README.md,32d99e5a5a26e28a10bbc20ab4b4fff2d99c1da5,CVE-2022-21136
450360735,AlphabugX/CVE-2022-RCE,README.md,32d99e5a5a26e28a10bbc20ab4b4fff2d99c1da5,CVE-2022-21117
450360735,AlphabugX/CVE-2022-RCE,README.md,32d99e5a5a26e28a10bbc20ab4b4fff2d99c1da5,CVE-2022-21116
450360735,AlphabugX/CVE-2022-RCE,README.md,32d99e5a5a26e28a10bbc20ab4b4fff2d99c1da5,CVE-2022-21115
450360735,AlphabugX/CVE-2022-RCE,README.md,32d99e5a5a26e28a10bbc20ab4b4fff2d99c1da5,CVE-2022-21094
450360735,AlphabugX/CVE-2022-RCE,README.md,32d99e5a5a26e28a10bbc20ab4b4fff2d99c1da5,CVE-2022-21095
450360735,AlphabugX/CVE-2022-RCE,README.md,32d99e5a5a26e28a10bbc20ab4b4fff2d99c1da5,CVE-2022-21096
450360735,AlphabugX/CVE-2022-RCE,README.md,32d99e5a5a26e28a10bbc20ab4b4fff2d99c1da5,CVE-2022-21097
450360735,AlphabugX/CVE-2022-RCE,README.md,32d99e5a5a26e28a10bbc20ab4b4fff2d99c1da5,CVE-2022-21098
450360735,AlphabugX/CVE-2022-RCE,README.md,32d99e5a5a26e28a10bbc20ab4b4fff2d99c1da5,CVE-2022-21099
450360735,AlphabugX/CVE-2022-RCE,README.md,32d99e5a5a26e28a10bbc20ab4b4fff2d99c1da5,CVE-2022-21100
450360735,AlphabugX/CVE-2022-RCE,README.md,32d99e5a5a26e28a10bbc20ab4b4fff2d99c1da5,CVE-2022-21101
450360735,AlphabugX/CVE-2022-RCE,README.md,32d99e5a5a26e28a10bbc20ab4b4fff2d99c1da5,CVE-2022-21102
450360735,AlphabugX/CVE-2022-RCE,README.md,32d99e5a5a26e28a10bbc20ab4b4fff2d99c1da5,CVE-2022-21103
450360735,AlphabugX/CVE-2022-RCE,README.md,32d99e5a5a26e28a10bbc20ab4b4fff2d99c1da5,CVE-2022-21104
450360735,AlphabugX/CVE-2022-RCE,README.md,32d99e5a5a26e28a10bbc20ab4b4fff2d99c1da5,CVE-2022-21105
450360735,AlphabugX/CVE-2022-RCE,README.md,32d99e5a5a26e28a10bbc20ab4b4fff2d99c1da5,CVE-2022-21106
450360735,AlphabugX/CVE-2022-RCE,README.md,32d99e5a5a26e28a10bbc20ab4b4fff2d99c1da5,CVE-2022-21107
450360735,AlphabugX/CVE-2022-RCE,README.md,32d99e5a5a26e28a10bbc20ab4b4fff2d99c1da5,CVE-2022-21108
450360735,AlphabugX/CVE-2022-RCE,README.md,32d99e5a5a26e28a10bbc20ab4b4fff2d99c1da5,CVE-2022-21109
450360735,AlphabugX/CVE-2022-RCE,README.md,32d99e5a5a26e28a10bbc20ab4b4fff2d99c1da5,CVE-2022-21110
450360735,AlphabugX/CVE-2022-RCE,README.md,32d99e5a5a26e28a10bbc20ab4b4fff2d99c1da5,CVE-2022-21111
450360735,AlphabugX/CVE-2022-RCE,README.md,32d99e5a5a26e28a10bbc20ab4b4fff2d99c1da5,CVE-2022-21112
450360735,AlphabugX/CVE-2022-RCE,README.md,32d99e5a5a26e28a10bbc20ab4b4fff2d99c1da5,CVE-2022-21113
450360735,AlphabugX/CVE-2022-RCE,README.md,32d99e5a5a26e28a10bbc20ab4b4fff2d99c1da5,CVE-2022-21114
450360735,AlphabugX/CVE-2022-RCE,README.md,32d99e5a5a26e28a10bbc20ab4b4fff2d99c1da5,CVE-2022-21092
450360735,AlphabugX/CVE-2022-RCE,README.md,32d99e5a5a26e28a10bbc20ab4b4fff2d99c1da5,CVE-2022-21043
450360735,AlphabugX/CVE-2022-RCE,README.md,32d99e5a5a26e28a10bbc20ab4b4fff2d99c1da5,CVE-2022-21042
450360735,AlphabugX/CVE-2022-RCE,README.md,32d99e5a5a26e28a10bbc20ab4b4fff2d99c1da5,CVE-2022-21041
450360735,AlphabugX/CVE-2022-RCE,README.md,32d99e5a5a26e28a10bbc20ab4b4fff2d99c1da5,CVE-2022-20971
450360735,AlphabugX/CVE-2022-RCE,README.md,32d99e5a5a26e28a10bbc20ab4b4fff2d99c1da5,CVE-2022-20972
450360735,AlphabugX/CVE-2022-RCE,README.md,32d99e5a5a26e28a10bbc20ab4b4fff2d99c1da5,CVE-2022-20973
450360735,AlphabugX/CVE-2022-RCE,README.md,32d99e5a5a26e28a10bbc20ab4b4fff2d99c1da5,CVE-2022-20974
450360735,AlphabugX/CVE-2022-RCE,README.md,32d99e5a5a26e28a10bbc20ab4b4fff2d99c1da5,CVE-2022-20975
450360735,AlphabugX/CVE-2022-RCE,README.md,32d99e5a5a26e28a10bbc20ab4b4fff2d99c1da5,CVE-2022-20976
450360735,AlphabugX/CVE-2022-RCE,README.md,32d99e5a5a26e28a10bbc20ab4b4fff2d99c1da5,CVE-2022-20977
450360735,AlphabugX/CVE-2022-RCE,README.md,32d99e5a5a26e28a10bbc20ab4b4fff2d99c1da5,CVE-2022-20978
450360735,AlphabugX/CVE-2022-RCE,README.md,32d99e5a5a26e28a10bbc20ab4b4fff2d99c1da5,CVE-2022-20979
450360735,AlphabugX/CVE-2022-RCE,README.md,32d99e5a5a26e28a10bbc20ab4b4fff2d99c1da5,CVE-2022-20970
450360735,AlphabugX/CVE-2022-RCE,README.md,32d99e5a5a26e28a10bbc20ab4b4fff2d99c1da5,CVE-2022-20980
450360735,AlphabugX/CVE-2022-RCE,README.md,32d99e5a5a26e28a10bbc20ab4b4fff2d99c1da5,CVE-2022-20982
450360735,AlphabugX/CVE-2022-RCE,README.md,32d99e5a5a26e28a10bbc20ab4b4fff2d99c1da5,CVE-2022-20983
450360735,AlphabugX/CVE-2022-RCE,README.md,32d99e5a5a26e28a10bbc20ab4b4fff2d99c1da5,CVE-2022-20984
450360735,AlphabugX/CVE-2022-RCE,README.md,32d99e5a5a26e28a10bbc20ab4b4fff2d99c1da5,CVE-2022-20985
450360735,AlphabugX/CVE-2022-RCE,README.md,32d99e5a5a26e28a10bbc20ab4b4fff2d99c1da5,CVE-2022-20986
450360735,AlphabugX/CVE-2022-RCE,README.md,32d99e5a5a26e28a10bbc20ab4b4fff2d99c1da5,CVE-2022-20987
450360735,AlphabugX/CVE-2022-RCE,README.md,32d99e5a5a26e28a10bbc20ab4b4fff2d99c1da5,CVE-2022-20988
450360735,AlphabugX/CVE-2022-RCE,README.md,32d99e5a5a26e28a10bbc20ab4b4fff2d99c1da5,CVE-2022-20989
450360735,AlphabugX/CVE-2022-RCE,README.md,32d99e5a5a26e28a10bbc20ab4b4fff2d99c1da5,CVE-2022-20990
450360735,AlphabugX/CVE-2022-RCE,README.md,32d99e5a5a26e28a10bbc20ab4b4fff2d99c1da5,CVE-2022-20981
450360735,AlphabugX/CVE-2022-RCE,README.md,32d99e5a5a26e28a10bbc20ab4b4fff2d99c1da5,CVE-2022-20969
450360735,AlphabugX/CVE-2022-RCE,README.md,32d99e5a5a26e28a10bbc20ab4b4fff2d99c1da5,CVE-2022-20968
450360735,AlphabugX/CVE-2022-RCE,README.md,32d99e5a5a26e28a10bbc20ab4b4fff2d99c1da5,CVE-2022-20967
450360735,AlphabugX/CVE-2022-RCE,README.md,32d99e5a5a26e28a10bbc20ab4b4fff2d99c1da5,CVE-2022-20946
450360735,AlphabugX/CVE-2022-RCE,README.md,32d99e5a5a26e28a10bbc20ab4b4fff2d99c1da5,CVE-2022-20947
450360735,AlphabugX/CVE-2022-RCE,README.md,32d99e5a5a26e28a10bbc20ab4b4fff2d99c1da5,CVE-2022-20948
450360735,AlphabugX/CVE-2022-RCE,README.md,32d99e5a5a26e28a10bbc20ab4b4fff2d99c1da5,CVE-2022-20949
450360735,AlphabugX/CVE-2022-RCE,README.md,32d99e5a5a26e28a10bbc20ab4b4fff2d99c1da5,CVE-2022-20950
450360735,AlphabugX/CVE-2022-RCE,README.md,32d99e5a5a26e28a10bbc20ab4b4fff2d99c1da5,CVE-2022-20951
450360735,AlphabugX/CVE-2022-RCE,README.md,32d99e5a5a26e28a10bbc20ab4b4fff2d99c1da5,CVE-2022-20952
450360735,AlphabugX/CVE-2022-RCE,README.md,32d99e5a5a26e28a10bbc20ab4b4fff2d99c1da5,CVE-2022-20953
450360735,AlphabugX/CVE-2022-RCE,README.md,32d99e5a5a26e28a10bbc20ab4b4fff2d99c1da5,CVE-2022-20954
450360735,AlphabugX/CVE-2022-RCE,README.md,32d99e5a5a26e28a10bbc20ab4b4fff2d99c1da5,CVE-2022-20955
450360735,AlphabugX/CVE-2022-RCE,README.md,32d99e5a5a26e28a10bbc20ab4b4fff2d99c1da5,CVE-2022-20956
450360735,AlphabugX/CVE-2022-RCE,README.md,32d99e5a5a26e28a10bbc20ab4b4fff2d99c1da5,CVE-2022-20957
450360735,AlphabugX/CVE-2022-RCE,README.md,32d99e5a5a26e28a10bbc20ab4b4fff2d99c1da5,CVE-2022-20958
450360735,AlphabugX/CVE-2022-RCE,README.md,32d99e5a5a26e28a10bbc20ab4b4fff2d99c1da5,CVE-2022-20959
450360735,AlphabugX/CVE-2022-RCE,README.md,32d99e5a5a26e28a10bbc20ab4b4fff2d99c1da5,CVE-2022-20960
450360735,AlphabugX/CVE-2022-RCE,README.md,32d99e5a5a26e28a10bbc20ab4b4fff2d99c1da5,CVE-2022-20961
450360735,AlphabugX/CVE-2022-RCE,README.md,32d99e5a5a26e28a10bbc20ab4b4fff2d99c1da5,CVE-2022-20962
450360735,AlphabugX/CVE-2022-RCE,README.md,32d99e5a5a26e28a10bbc20ab4b4fff2d99c1da5,CVE-2022-20963
450360735,AlphabugX/CVE-2022-RCE,README.md,32d99e5a5a26e28a10bbc20ab4b4fff2d99c1da5,CVE-2022-20964
450360735,AlphabugX/CVE-2022-RCE,README.md,32d99e5a5a26e28a10bbc20ab4b4fff2d99c1da5,CVE-2022-20965
450360735,AlphabugX/CVE-2022-RCE,README.md,32d99e5a5a26e28a10bbc20ab4b4fff2d99c1da5,CVE-2022-20966
450360735,AlphabugX/CVE-2022-RCE,README.md,32d99e5a5a26e28a10bbc20ab4b4fff2d99c1da5,CVE-2022-20991
450360735,AlphabugX/CVE-2022-RCE,README.md,32d99e5a5a26e28a10bbc20ab4b4fff2d99c1da5,CVE-2022-20992
450360735,AlphabugX/CVE-2022-RCE,README.md,32d99e5a5a26e28a10bbc20ab4b4fff2d99c1da5,CVE-2022-20993
450360735,AlphabugX/CVE-2022-RCE,README.md,32d99e5a5a26e28a10bbc20ab4b4fff2d99c1da5,CVE-2022-20994
450360735,AlphabugX/CVE-2022-RCE,README.md,32d99e5a5a26e28a10bbc20ab4b4fff2d99c1da5,CVE-2022-21020
450360735,AlphabugX/CVE-2022-RCE,README.md,32d99e5a5a26e28a10bbc20ab4b4fff2d99c1da5,CVE-2022-21021
450360735,AlphabugX/CVE-2022-RCE,README.md,32d99e5a5a26e28a10bbc20ab4b4fff2d99c1da5,CVE-2022-21022
450360735,AlphabugX/CVE-2022-RCE,README.md,32d99e5a5a26e28a10bbc20ab4b4fff2d99c1da5,CVE-2022-21023
450360735,AlphabugX/CVE-2022-RCE,README.md,32d99e5a5a26e28a10bbc20ab4b4fff2d99c1da5,CVE-2022-21024
450360735,AlphabugX/CVE-2022-RCE,README.md,32d99e5a5a26e28a10bbc20ab4b4fff2d99c1da5,CVE-2022-21025
450360735,AlphabugX/CVE-2022-RCE,README.md,32d99e5a5a26e28a10bbc20ab4b4fff2d99c1da5,CVE-2022-21026
450360735,AlphabugX/CVE-2022-RCE,README.md,32d99e5a5a26e28a10bbc20ab4b4fff2d99c1da5,CVE-2022-21027
450360735,AlphabugX/CVE-2022-RCE,README.md,32d99e5a5a26e28a10bbc20ab4b4fff2d99c1da5,CVE-2022-21028
450360735,AlphabugX/CVE-2022-RCE,README.md,32d99e5a5a26e28a10bbc20ab4b4fff2d99c1da5,CVE-2022-21029
450360735,AlphabugX/CVE-2022-RCE,README.md,32d99e5a5a26e28a10bbc20ab4b4fff2d99c1da5,CVE-2022-21030
450360735,AlphabugX/CVE-2022-RCE,README.md,32d99e5a5a26e28a10bbc20ab4b4fff2d99c1da5,CVE-2022-21031
450360735,AlphabugX/CVE-2022-RCE,README.md,32d99e5a5a26e28a10bbc20ab4b4fff2d99c1da5,CVE-2022-21032
450360735,AlphabugX/CVE-2022-RCE,README.md,32d99e5a5a26e28a10bbc20ab4b4fff2d99c1da5,CVE-2022-21033
450360735,AlphabugX/CVE-2022-RCE,README.md,32d99e5a5a26e28a10bbc20ab4b4fff2d99c1da5,CVE-2022-21034
450360735,AlphabugX/CVE-2022-RCE,README.md,32d99e5a5a26e28a10bbc20ab4b4fff2d99c1da5,CVE-2022-21035
450360735,AlphabugX/CVE-2022-RCE,README.md,32d99e5a5a26e28a10bbc20ab4b4fff2d99c1da5,CVE-2022-21036
450360735,AlphabugX/CVE-2022-RCE,README.md,32d99e5a5a26e28a10bbc20ab4b4fff2d99c1da5,CVE-2022-21037
450360735,AlphabugX/CVE-2022-RCE,README.md,32d99e5a5a26e28a10bbc20ab4b4fff2d99c1da5,CVE-2022-21038
450360735,AlphabugX/CVE-2022-RCE,README.md,32d99e5a5a26e28a10bbc20ab4b4fff2d99c1da5,CVE-2022-21039
450360735,AlphabugX/CVE-2022-RCE,README.md,32d99e5a5a26e28a10bbc20ab4b4fff2d99c1da5,CVE-2022-21040
450360735,AlphabugX/CVE-2022-RCE,README.md,32d99e5a5a26e28a10bbc20ab4b4fff2d99c1da5,CVE-2022-21019
450360735,AlphabugX/CVE-2022-RCE,README.md,32d99e5a5a26e28a10bbc20ab4b4fff2d99c1da5,CVE-2022-21152
450360735,AlphabugX/CVE-2022-RCE,README.md,32d99e5a5a26e28a10bbc20ab4b4fff2d99c1da5,CVE-2022-21018
450360735,AlphabugX/CVE-2022-RCE,README.md,32d99e5a5a26e28a10bbc20ab4b4fff2d99c1da5,CVE-2022-21016
450360735,AlphabugX/CVE-2022-RCE,README.md,32d99e5a5a26e28a10bbc20ab4b4fff2d99c1da5,CVE-2022-20995
450360735,AlphabugX/CVE-2022-RCE,README.md,32d99e5a5a26e28a10bbc20ab4b4fff2d99c1da5,CVE-2022-20996
450360735,AlphabugX/CVE-2022-RCE,README.md,32d99e5a5a26e28a10bbc20ab4b4fff2d99c1da5,CVE-2022-20997
450360735,AlphabugX/CVE-2022-RCE,README.md,32d99e5a5a26e28a10bbc20ab4b4fff2d99c1da5,CVE-2022-20998
450360735,AlphabugX/CVE-2022-RCE,README.md,32d99e5a5a26e28a10bbc20ab4b4fff2d99c1da5,CVE-2022-20999
450360735,AlphabugX/CVE-2022-RCE,README.md,32d99e5a5a26e28a10bbc20ab4b4fff2d99c1da5,CVE-2022-21000
450360735,AlphabugX/CVE-2022-RCE,README.md,32d99e5a5a26e28a10bbc20ab4b4fff2d99c1da5,CVE-2022-21001
450360735,AlphabugX/CVE-2022-RCE,README.md,32d99e5a5a26e28a10bbc20ab4b4fff2d99c1da5,CVE-2022-21002
450360735,AlphabugX/CVE-2022-RCE,README.md,32d99e5a5a26e28a10bbc20ab4b4fff2d99c1da5,CVE-2022-21003
450360735,AlphabugX/CVE-2022-RCE,README.md,32d99e5a5a26e28a10bbc20ab4b4fff2d99c1da5,CVE-2022-21004
450360735,AlphabugX/CVE-2022-RCE,README.md,32d99e5a5a26e28a10bbc20ab4b4fff2d99c1da5,CVE-2022-21005
450360735,AlphabugX/CVE-2022-RCE,README.md,32d99e5a5a26e28a10bbc20ab4b4fff2d99c1da5,CVE-2022-21006
450360735,AlphabugX/CVE-2022-RCE,README.md,32d99e5a5a26e28a10bbc20ab4b4fff2d99c1da5,CVE-2022-21007
450360735,AlphabugX/CVE-2022-RCE,README.md,32d99e5a5a26e28a10bbc20ab4b4fff2d99c1da5,CVE-2022-21008
450360735,AlphabugX/CVE-2022-RCE,README.md,32d99e5a5a26e28a10bbc20ab4b4fff2d99c1da5,CVE-2022-21009
450360735,AlphabugX/CVE-2022-RCE,README.md,32d99e5a5a26e28a10bbc20ab4b4fff2d99c1da5,CVE-2022-21010
450360735,AlphabugX/CVE-2022-RCE,README.md,32d99e5a5a26e28a10bbc20ab4b4fff2d99c1da5,CVE-2022-21011
450360735,AlphabugX/CVE-2022-RCE,README.md,32d99e5a5a26e28a10bbc20ab4b4fff2d99c1da5,CVE-2022-21012
450360735,AlphabugX/CVE-2022-RCE,README.md,32d99e5a5a26e28a10bbc20ab4b4fff2d99c1da5,CVE-2022-21013
450360735,AlphabugX/CVE-2022-RCE,README.md,32d99e5a5a26e28a10bbc20ab4b4fff2d99c1da5,CVE-2022-21014
450360735,AlphabugX/CVE-2022-RCE,README.md,32d99e5a5a26e28a10bbc20ab4b4fff2d99c1da5,CVE-2022-21015
450360735,AlphabugX/CVE-2022-RCE,README.md,32d99e5a5a26e28a10bbc20ab4b4fff2d99c1da5,CVE-2022-21017
450360735,AlphabugX/CVE-2022-RCE,README.md,32d99e5a5a26e28a10bbc20ab4b4fff2d99c1da5,CVE-2022-21153
450360735,AlphabugX/CVE-2022-RCE,README.md,32d99e5a5a26e28a10bbc20ab4b4fff2d99c1da5,CVE-2022-21155
450360735,AlphabugX/CVE-2022-RCE,README.md,32d99e5a5a26e28a10bbc20ab4b4fff2d99c1da5,CVE-2022-21156
450360735,AlphabugX/CVE-2022-RCE,README.md,32d99e5a5a26e28a10bbc20ab4b4fff2d99c1da5,CVE-2022-21329
450360735,AlphabugX/CVE-2022-RCE,README.md,32d99e5a5a26e28a10bbc20ab4b4fff2d99c1da5,CVE-2022-21330
450360735,AlphabugX/CVE-2022-RCE,README.md,32d99e5a5a26e28a10bbc20ab4b4fff2d99c1da5,CVE-2022-21331
450360735,AlphabugX/CVE-2022-RCE,README.md,32d99e5a5a26e28a10bbc20ab4b4fff2d99c1da5,CVE-2022-21332
450360735,AlphabugX/CVE-2022-RCE,README.md,32d99e5a5a26e28a10bbc20ab4b4fff2d99c1da5,CVE-2022-21333
450360735,AlphabugX/CVE-2022-RCE,README.md,32d99e5a5a26e28a10bbc20ab4b4fff2d99c1da5,CVE-2022-21334
450360735,AlphabugX/CVE-2022-RCE,README.md,32d99e5a5a26e28a10bbc20ab4b4fff2d99c1da5,CVE-2022-21335
450360735,AlphabugX/CVE-2022-RCE,README.md,32d99e5a5a26e28a10bbc20ab4b4fff2d99c1da5,CVE-2022-21336
450360735,AlphabugX/CVE-2022-RCE,README.md,32d99e5a5a26e28a10bbc20ab4b4fff2d99c1da5,CVE-2022-21337
450360735,AlphabugX/CVE-2022-RCE,README.md,32d99e5a5a26e28a10bbc20ab4b4fff2d99c1da5,CVE-2022-21328
450360735,AlphabugX/CVE-2022-RCE,README.md,32d99e5a5a26e28a10bbc20ab4b4fff2d99c1da5,CVE-2022-21338
450360735,AlphabugX/CVE-2022-RCE,README.md,32d99e5a5a26e28a10bbc20ab4b4fff2d99c1da5,CVE-2022-21340
450360735,AlphabugX/CVE-2022-RCE,README.md,32d99e5a5a26e28a10bbc20ab4b4fff2d99c1da5,CVE-2022-21341
450360735,AlphabugX/CVE-2022-RCE,README.md,32d99e5a5a26e28a10bbc20ab4b4fff2d99c1da5,CVE-2022-21342
450360735,AlphabugX/CVE-2022-RCE,README.md,32d99e5a5a26e28a10bbc20ab4b4fff2d99c1da5,CVE-2022-21343
450360735,AlphabugX/CVE-2022-RCE,README.md,32d99e5a5a26e28a10bbc20ab4b4fff2d99c1da5,CVE-2022-21344
450360735,AlphabugX/CVE-2022-RCE,README.md,32d99e5a5a26e28a10bbc20ab4b4fff2d99c1da5,CVE-2022-21345
450360735,AlphabugX/CVE-2022-RCE,README.md,32d99e5a5a26e28a10bbc20ab4b4fff2d99c1da5,CVE-2022-21346
450360735,AlphabugX/CVE-2022-RCE,README.md,32d99e5a5a26e28a10bbc20ab4b4fff2d99c1da5,CVE-2022-21347
450360735,AlphabugX/CVE-2022-RCE,README.md,32d99e5a5a26e28a10bbc20ab4b4fff2d99c1da5,CVE-2022-21348
450360735,AlphabugX/CVE-2022-RCE,README.md,32d99e5a5a26e28a10bbc20ab4b4fff2d99c1da5,CVE-2022-21339
450360735,AlphabugX/CVE-2022-RCE,README.md,32d99e5a5a26e28a10bbc20ab4b4fff2d99c1da5,CVE-2022-21327
450360735,AlphabugX/CVE-2022-RCE,README.md,32d99e5a5a26e28a10bbc20ab4b4fff2d99c1da5,CVE-2022-21326
450360735,AlphabugX/CVE-2022-RCE,README.md,32d99e5a5a26e28a10bbc20ab4b4fff2d99c1da5,CVE-2022-21325
450360735,AlphabugX/CVE-2022-RCE,README.md,32d99e5a5a26e28a10bbc20ab4b4fff2d99c1da5,CVE-2022-21304
450360735,AlphabugX/CVE-2022-RCE,README.md,32d99e5a5a26e28a10bbc20ab4b4fff2d99c1da5,CVE-2022-21305
450360735,AlphabugX/CVE-2022-RCE,README.md,32d99e5a5a26e28a10bbc20ab4b4fff2d99c1da5,CVE-2022-21306
450360735,AlphabugX/CVE-2022-RCE,README.md,32d99e5a5a26e28a10bbc20ab4b4fff2d99c1da5,CVE-2022-21307
450360735,AlphabugX/CVE-2022-RCE,README.md,32d99e5a5a26e28a10bbc20ab4b4fff2d99c1da5,CVE-2022-21308
450360735,AlphabugX/CVE-2022-RCE,README.md,32d99e5a5a26e28a10bbc20ab4b4fff2d99c1da5,CVE-2022-21309
450360735,AlphabugX/CVE-2022-RCE,README.md,32d99e5a5a26e28a10bbc20ab4b4fff2d99c1da5,CVE-2022-21310
450360735,AlphabugX/CVE-2022-RCE,README.md,32d99e5a5a26e28a10bbc20ab4b4fff2d99c1da5,CVE-2022-21311
450360735,AlphabugX/CVE-2022-RCE,README.md,32d99e5a5a26e28a10bbc20ab4b4fff2d99c1da5,CVE-2022-21312
450360735,AlphabugX/CVE-2022-RCE,README.md,32d99e5a5a26e28a10bbc20ab4b4fff2d99c1da5,CVE-2022-21313
450360735,AlphabugX/CVE-2022-RCE,README.md,32d99e5a5a26e28a10bbc20ab4b4fff2d99c1da5,CVE-2022-21314
450360735,AlphabugX/CVE-2022-RCE,README.md,32d99e5a5a26e28a10bbc20ab4b4fff2d99c1da5,CVE-2022-21315
450360735,AlphabugX/CVE-2022-RCE,README.md,32d99e5a5a26e28a10bbc20ab4b4fff2d99c1da5,CVE-2022-21316
450360735,AlphabugX/CVE-2022-RCE,README.md,32d99e5a5a26e28a10bbc20ab4b4fff2d99c1da5,CVE-2022-21317
450360735,AlphabugX/CVE-2022-RCE,README.md,32d99e5a5a26e28a10bbc20ab4b4fff2d99c1da5,CVE-2022-21318
450360735,AlphabugX/CVE-2022-RCE,README.md,32d99e5a5a26e28a10bbc20ab4b4fff2d99c1da5,CVE-2022-21319
450360735,AlphabugX/CVE-2022-RCE,README.md,32d99e5a5a26e28a10bbc20ab4b4fff2d99c1da5,CVE-2022-21320
450360735,AlphabugX/CVE-2022-RCE,README.md,32d99e5a5a26e28a10bbc20ab4b4fff2d99c1da5,CVE-2022-21321
450360735,AlphabugX/CVE-2022-RCE,README.md,32d99e5a5a26e28a10bbc20ab4b4fff2d99c1da5,CVE-2022-21322
450360735,AlphabugX/CVE-2022-RCE,README.md,32d99e5a5a26e28a10bbc20ab4b4fff2d99c1da5,CVE-2022-21323
450360735,AlphabugX/CVE-2022-RCE,README.md,32d99e5a5a26e28a10bbc20ab4b4fff2d99c1da5,CVE-2022-21324
450360735,AlphabugX/CVE-2022-RCE,README.md,32d99e5a5a26e28a10bbc20ab4b4fff2d99c1da5,CVE-2022-21349
450360735,AlphabugX/CVE-2022-RCE,README.md,32d99e5a5a26e28a10bbc20ab4b4fff2d99c1da5,CVE-2022-21350
450360735,AlphabugX/CVE-2022-RCE,README.md,32d99e5a5a26e28a10bbc20ab4b4fff2d99c1da5,CVE-2022-21351
450360735,AlphabugX/CVE-2022-RCE,README.md,32d99e5a5a26e28a10bbc20ab4b4fff2d99c1da5,CVE-2022-21352
450360735,AlphabugX/CVE-2022-RCE,README.md,32d99e5a5a26e28a10bbc20ab4b4fff2d99c1da5,CVE-2022-21378
450360735,AlphabugX/CVE-2022-RCE,README.md,32d99e5a5a26e28a10bbc20ab4b4fff2d99c1da5,CVE-2022-21379
450360735,AlphabugX/CVE-2022-RCE,README.md,32d99e5a5a26e28a10bbc20ab4b4fff2d99c1da5,CVE-2022-21380
450360735,AlphabugX/CVE-2022-RCE,README.md,32d99e5a5a26e28a10bbc20ab4b4fff2d99c1da5,CVE-2022-21381
450360735,AlphabugX/CVE-2022-RCE,README.md,32d99e5a5a26e28a10bbc20ab4b4fff2d99c1da5,CVE-2022-21382
450360735,AlphabugX/CVE-2022-RCE,README.md,32d99e5a5a26e28a10bbc20ab4b4fff2d99c1da5,CVE-2022-21383
450360735,AlphabugX/CVE-2022-RCE,README.md,32d99e5a5a26e28a10bbc20ab4b4fff2d99c1da5,CVE-2022-21384
450360735,AlphabugX/CVE-2022-RCE,README.md,32d99e5a5a26e28a10bbc20ab4b4fff2d99c1da5,CVE-2022-21385
450360735,AlphabugX/CVE-2022-RCE,README.md,32d99e5a5a26e28a10bbc20ab4b4fff2d99c1da5,CVE-2022-21386
450360735,AlphabugX/CVE-2022-RCE,README.md,32d99e5a5a26e28a10bbc20ab4b4fff2d99c1da5,CVE-2022-21387
450360735,AlphabugX/CVE-2022-RCE,README.md,32d99e5a5a26e28a10bbc20ab4b4fff2d99c1da5,CVE-2022-21388
450360735,AlphabugX/CVE-2022-RCE,README.md,32d99e5a5a26e28a10bbc20ab4b4fff2d99c1da5,CVE-2022-21389
450360735,AlphabugX/CVE-2022-RCE,README.md,32d99e5a5a26e28a10bbc20ab4b4fff2d99c1da5,CVE-2022-21390
450360735,AlphabugX/CVE-2022-RCE,README.md,32d99e5a5a26e28a10bbc20ab4b4fff2d99c1da5,CVE-2022-21391
450360735,AlphabugX/CVE-2022-RCE,README.md,32d99e5a5a26e28a10bbc20ab4b4fff2d99c1da5,CVE-2022-21392
450360735,AlphabugX/CVE-2022-RCE,README.md,32d99e5a5a26e28a10bbc20ab4b4fff2d99c1da5,CVE-2022-21393
450360735,AlphabugX/CVE-2022-RCE,README.md,32d99e5a5a26e28a10bbc20ab4b4fff2d99c1da5,CVE-2022-21394
450360735,AlphabugX/CVE-2022-RCE,README.md,32d99e5a5a26e28a10bbc20ab4b4fff2d99c1da5,CVE-2022-21395
450360735,AlphabugX/CVE-2022-RCE,README.md,32d99e5a5a26e28a10bbc20ab4b4fff2d99c1da5,CVE-2022-21396
450360735,AlphabugX/CVE-2022-RCE,README.md,32d99e5a5a26e28a10bbc20ab4b4fff2d99c1da5,CVE-2022-21397
450360735,AlphabugX/CVE-2022-RCE,README.md,32d99e5a5a26e28a10bbc20ab4b4fff2d99c1da5,CVE-2022-21398
450360735,AlphabugX/CVE-2022-RCE,README.md,32d99e5a5a26e28a10bbc20ab4b4fff2d99c1da5,CVE-2022-21377
450360735,AlphabugX/CVE-2022-RCE,README.md,32d99e5a5a26e28a10bbc20ab4b4fff2d99c1da5,CVE-2022-21303
450360735,AlphabugX/CVE-2022-RCE,README.md,32d99e5a5a26e28a10bbc20ab4b4fff2d99c1da5,CVE-2022-21376
450360735,AlphabugX/CVE-2022-RCE,README.md,32d99e5a5a26e28a10bbc20ab4b4fff2d99c1da5,CVE-2022-21374
450360735,AlphabugX/CVE-2022-RCE,README.md,32d99e5a5a26e28a10bbc20ab4b4fff2d99c1da5,CVE-2022-21353
450360735,AlphabugX/CVE-2022-RCE,README.md,32d99e5a5a26e28a10bbc20ab4b4fff2d99c1da5,CVE-2022-21354
450360735,AlphabugX/CVE-2022-RCE,README.md,32d99e5a5a26e28a10bbc20ab4b4fff2d99c1da5,CVE-2022-21355
450360735,AlphabugX/CVE-2022-RCE,README.md,32d99e5a5a26e28a10bbc20ab4b4fff2d99c1da5,CVE-2022-21356
450360735,AlphabugX/CVE-2022-RCE,README.md,32d99e5a5a26e28a10bbc20ab4b4fff2d99c1da5,CVE-2022-21357
450360735,AlphabugX/CVE-2022-RCE,README.md,32d99e5a5a26e28a10bbc20ab4b4fff2d99c1da5,CVE-2022-21358
450360735,AlphabugX/CVE-2022-RCE,README.md,32d99e5a5a26e28a10bbc20ab4b4fff2d99c1da5,CVE-2022-21359
450360735,AlphabugX/CVE-2022-RCE,README.md,32d99e5a5a26e28a10bbc20ab4b4fff2d99c1da5,CVE-2022-21360
450360735,AlphabugX/CVE-2022-RCE,README.md,32d99e5a5a26e28a10bbc20ab4b4fff2d99c1da5,CVE-2022-21361
450360735,AlphabugX/CVE-2022-RCE,README.md,32d99e5a5a26e28a10bbc20ab4b4fff2d99c1da5,CVE-2022-21362
450360735,AlphabugX/CVE-2022-RCE,README.md,32d99e5a5a26e28a10bbc20ab4b4fff2d99c1da5,CVE-2022-21363
450360735,AlphabugX/CVE-2022-RCE,README.md,32d99e5a5a26e28a10bbc20ab4b4fff2d99c1da5,CVE-2022-21364
450360735,AlphabugX/CVE-2022-RCE,README.md,32d99e5a5a26e28a10bbc20ab4b4fff2d99c1da5,CVE-2022-21365
450360735,AlphabugX/CVE-2022-RCE,README.md,32d99e5a5a26e28a10bbc20ab4b4fff2d99c1da5,CVE-2022-21366
450360735,AlphabugX/CVE-2022-RCE,README.md,32d99e5a5a26e28a10bbc20ab4b4fff2d99c1da5,CVE-2022-21367
450360735,AlphabugX/CVE-2022-RCE,README.md,32d99e5a5a26e28a10bbc20ab4b4fff2d99c1da5,CVE-2022-21368
450360735,AlphabugX/CVE-2022-RCE,README.md,32d99e5a5a26e28a10bbc20ab4b4fff2d99c1da5,CVE-2022-21369
450360735,AlphabugX/CVE-2022-RCE,README.md,32d99e5a5a26e28a10bbc20ab4b4fff2d99c1da5,CVE-2022-21370
450360735,AlphabugX/CVE-2022-RCE,README.md,32d99e5a5a26e28a10bbc20ab4b4fff2d99c1da5,CVE-2022-21371
450360735,AlphabugX/CVE-2022-RCE,README.md,32d99e5a5a26e28a10bbc20ab4b4fff2d99c1da5,CVE-2022-21372
450360735,AlphabugX/CVE-2022-RCE,README.md,32d99e5a5a26e28a10bbc20ab4b4fff2d99c1da5,CVE-2022-21373
450360735,AlphabugX/CVE-2022-RCE,README.md,32d99e5a5a26e28a10bbc20ab4b4fff2d99c1da5,CVE-2022-21375
450360735,AlphabugX/CVE-2022-RCE,README.md,32d99e5a5a26e28a10bbc20ab4b4fff2d99c1da5,CVE-2022-20945
450360735,AlphabugX/CVE-2022-RCE,README.md,32d99e5a5a26e28a10bbc20ab4b4fff2d99c1da5,CVE-2022-21302
450360735,AlphabugX/CVE-2022-RCE,README.md,32d99e5a5a26e28a10bbc20ab4b4fff2d99c1da5,CVE-2022-21300
450360735,AlphabugX/CVE-2022-RCE,README.md,32d99e5a5a26e28a10bbc20ab4b4fff2d99c1da5,CVE-2022-21215
450360735,AlphabugX/CVE-2022-RCE,README.md,32d99e5a5a26e28a10bbc20ab4b4fff2d99c1da5,CVE-2022-21216
450360735,AlphabugX/CVE-2022-RCE,README.md,32d99e5a5a26e28a10bbc20ab4b4fff2d99c1da5,CVE-2022-21217
450360735,AlphabugX/CVE-2022-RCE,README.md,32d99e5a5a26e28a10bbc20ab4b4fff2d99c1da5,CVE-2022-21218
450360735,AlphabugX/CVE-2022-RCE,README.md,32d99e5a5a26e28a10bbc20ab4b4fff2d99c1da5,CVE-2022-21220
450360735,AlphabugX/CVE-2022-RCE,README.md,32d99e5a5a26e28a10bbc20ab4b4fff2d99c1da5,CVE-2022-21226
450360735,AlphabugX/CVE-2022-RCE,README.md,32d99e5a5a26e28a10bbc20ab4b4fff2d99c1da5,CVE-2022-21229
450360735,AlphabugX/CVE-2022-RCE,README.md,32d99e5a5a26e28a10bbc20ab4b4fff2d99c1da5,CVE-2022-21234
450360735,AlphabugX/CVE-2022-RCE,README.md,32d99e5a5a26e28a10bbc20ab4b4fff2d99c1da5,CVE-2022-21236
450360735,AlphabugX/CVE-2022-RCE,README.md,32d99e5a5a26e28a10bbc20ab4b4fff2d99c1da5,CVE-2022-21212
450360735,AlphabugX/CVE-2022-RCE,README.md,32d99e5a5a26e28a10bbc20ab4b4fff2d99c1da5,CVE-2022-21237
450360735,AlphabugX/CVE-2022-RCE,README.md,32d99e5a5a26e28a10bbc20ab4b4fff2d99c1da5,CVE-2022-21240
450360735,AlphabugX/CVE-2022-RCE,README.md,32d99e5a5a26e28a10bbc20ab4b4fff2d99c1da5,CVE-2022-21242
450360735,AlphabugX/CVE-2022-RCE,README.md,32d99e5a5a26e28a10bbc20ab4b4fff2d99c1da5,CVE-2022-21243
450360735,AlphabugX/CVE-2022-RCE,README.md,32d99e5a5a26e28a10bbc20ab4b4fff2d99c1da5,CVE-2022-21244
450360735,AlphabugX/CVE-2022-RCE,README.md,32d99e5a5a26e28a10bbc20ab4b4fff2d99c1da5,CVE-2022-21245
450360735,AlphabugX/CVE-2022-RCE,README.md,32d99e5a5a26e28a10bbc20ab4b4fff2d99c1da5,CVE-2022-21246
450360735,AlphabugX/CVE-2022-RCE,README.md,32d99e5a5a26e28a10bbc20ab4b4fff2d99c1da5,CVE-2022-21247
450360735,AlphabugX/CVE-2022-RCE,README.md,32d99e5a5a26e28a10bbc20ab4b4fff2d99c1da5,CVE-2022-21248
450360735,AlphabugX/CVE-2022-RCE,README.md,32d99e5a5a26e28a10bbc20ab4b4fff2d99c1da5,CVE-2022-21249
450360735,AlphabugX/CVE-2022-RCE,README.md,32d99e5a5a26e28a10bbc20ab4b4fff2d99c1da5,CVE-2022-21239
450360735,AlphabugX/CVE-2022-RCE,README.md,32d99e5a5a26e28a10bbc20ab4b4fff2d99c1da5,CVE-2022-21210
450360735,AlphabugX/CVE-2022-RCE,README.md,32d99e5a5a26e28a10bbc20ab4b4fff2d99c1da5,CVE-2022-21207
450360735,AlphabugX/CVE-2022-RCE,README.md,32d99e5a5a26e28a10bbc20ab4b4fff2d99c1da5,CVE-2022-21206
450360735,AlphabugX/CVE-2022-RCE,README.md,32d99e5a5a26e28a10bbc20ab4b4fff2d99c1da5,CVE-2022-21157
450360735,AlphabugX/CVE-2022-RCE,README.md,32d99e5a5a26e28a10bbc20ab4b4fff2d99c1da5,CVE-2022-21160
450360735,AlphabugX/CVE-2022-RCE,README.md,32d99e5a5a26e28a10bbc20ab4b4fff2d99c1da5,CVE-2022-21161
450360735,AlphabugX/CVE-2022-RCE,README.md,32d99e5a5a26e28a10bbc20ab4b4fff2d99c1da5,CVE-2022-21162
450360735,AlphabugX/CVE-2022-RCE,README.md,32d99e5a5a26e28a10bbc20ab4b4fff2d99c1da5,CVE-2022-21163
450360735,AlphabugX/CVE-2022-RCE,README.md,32d99e5a5a26e28a10bbc20ab4b4fff2d99c1da5,CVE-2022-21166
450360735,AlphabugX/CVE-2022-RCE,README.md,32d99e5a5a26e28a10bbc20ab4b4fff2d99c1da5,CVE-2022-21171
450360735,AlphabugX/CVE-2022-RCE,README.md,32d99e5a5a26e28a10bbc20ab4b4fff2d99c1da5,CVE-2022-21172
450360735,AlphabugX/CVE-2022-RCE,README.md,32d99e5a5a26e28a10bbc20ab4b4fff2d99c1da5,CVE-2022-21174
450360735,AlphabugX/CVE-2022-RCE,README.md,32d99e5a5a26e28a10bbc20ab4b4fff2d99c1da5,CVE-2022-21175
450360735,AlphabugX/CVE-2022-RCE,README.md,32d99e5a5a26e28a10bbc20ab4b4fff2d99c1da5,CVE-2022-21180
450360735,AlphabugX/CVE-2022-RCE,README.md,32d99e5a5a26e28a10bbc20ab4b4fff2d99c1da5,CVE-2022-21181
450360735,AlphabugX/CVE-2022-RCE,README.md,32d99e5a5a26e28a10bbc20ab4b4fff2d99c1da5,CVE-2022-21185
450360735,AlphabugX/CVE-2022-RCE,README.md,32d99e5a5a26e28a10bbc20ab4b4fff2d99c1da5,CVE-2022-21188
450360735,AlphabugX/CVE-2022-RCE,README.md,32d99e5a5a26e28a10bbc20ab4b4fff2d99c1da5,CVE-2022-21196
450360735,AlphabugX/CVE-2022-RCE,README.md,32d99e5a5a26e28a10bbc20ab4b4fff2d99c1da5,CVE-2022-21197
450360735,AlphabugX/CVE-2022-RCE,README.md,32d99e5a5a26e28a10bbc20ab4b4fff2d99c1da5,CVE-2022-21199
450360735,AlphabugX/CVE-2022-RCE,README.md,32d99e5a5a26e28a10bbc20ab4b4fff2d99c1da5,CVE-2022-21200
450360735,AlphabugX/CVE-2022-RCE,README.md,32d99e5a5a26e28a10bbc20ab4b4fff2d99c1da5,CVE-2022-21203
450360735,AlphabugX/CVE-2022-RCE,README.md,32d99e5a5a26e28a10bbc20ab4b4fff2d99c1da5,CVE-2022-21204
450360735,AlphabugX/CVE-2022-RCE,README.md,32d99e5a5a26e28a10bbc20ab4b4fff2d99c1da5,CVE-2022-21205
450360735,AlphabugX/CVE-2022-RCE,README.md,32d99e5a5a26e28a10bbc20ab4b4fff2d99c1da5,CVE-2022-21250
450360735,AlphabugX/CVE-2022-RCE,README.md,32d99e5a5a26e28a10bbc20ab4b4fff2d99c1da5,CVE-2022-21251
450360735,AlphabugX/CVE-2022-RCE,README.md,32d99e5a5a26e28a10bbc20ab4b4fff2d99c1da5,CVE-2022-21252
450360735,AlphabugX/CVE-2022-RCE,README.md,32d99e5a5a26e28a10bbc20ab4b4fff2d99c1da5,CVE-2022-21253
450360735,AlphabugX/CVE-2022-RCE,README.md,32d99e5a5a26e28a10bbc20ab4b4fff2d99c1da5,CVE-2022-21279
450360735,AlphabugX/CVE-2022-RCE,README.md,32d99e5a5a26e28a10bbc20ab4b4fff2d99c1da5,CVE-2022-21280
450360735,AlphabugX/CVE-2022-RCE,README.md,32d99e5a5a26e28a10bbc20ab4b4fff2d99c1da5,CVE-2022-21281
450360735,AlphabugX/CVE-2022-RCE,README.md,32d99e5a5a26e28a10bbc20ab4b4fff2d99c1da5,CVE-2022-21282
450360735,AlphabugX/CVE-2022-RCE,README.md,32d99e5a5a26e28a10bbc20ab4b4fff2d99c1da5,CVE-2022-21283
450360735,AlphabugX/CVE-2022-RCE,README.md,32d99e5a5a26e28a10bbc20ab4b4fff2d99c1da5,CVE-2022-21284
450360735,AlphabugX/CVE-2022-RCE,README.md,32d99e5a5a26e28a10bbc20ab4b4fff2d99c1da5,CVE-2022-21285
450360735,AlphabugX/CVE-2022-RCE,README.md,32d99e5a5a26e28a10bbc20ab4b4fff2d99c1da5,CVE-2022-21286
450360735,AlphabugX/CVE-2022-RCE,README.md,32d99e5a5a26e28a10bbc20ab4b4fff2d99c1da5,CVE-2022-21287
450360735,AlphabugX/CVE-2022-RCE,README.md,32d99e5a5a26e28a10bbc20ab4b4fff2d99c1da5,CVE-2022-21288
450360735,AlphabugX/CVE-2022-RCE,README.md,32d99e5a5a26e28a10bbc20ab4b4fff2d99c1da5,CVE-2022-21289
450360735,AlphabugX/CVE-2022-RCE,README.md,32d99e5a5a26e28a10bbc20ab4b4fff2d99c1da5,CVE-2022-21290
450360735,AlphabugX/CVE-2022-RCE,README.md,32d99e5a5a26e28a10bbc20ab4b4fff2d99c1da5,CVE-2022-21291
450360735,AlphabugX/CVE-2022-RCE,README.md,32d99e5a5a26e28a10bbc20ab4b4fff2d99c1da5,CVE-2022-21292
450360735,AlphabugX/CVE-2022-RCE,README.md,32d99e5a5a26e28a10bbc20ab4b4fff2d99c1da5,CVE-2022-21293
450360735,AlphabugX/CVE-2022-RCE,README.md,32d99e5a5a26e28a10bbc20ab4b4fff2d99c1da5,CVE-2022-21294
450360735,AlphabugX/CVE-2022-RCE,README.md,32d99e5a5a26e28a10bbc20ab4b4fff2d99c1da5,CVE-2022-21295
450360735,AlphabugX/CVE-2022-RCE,README.md,32d99e5a5a26e28a10bbc20ab4b4fff2d99c1da5,CVE-2022-21296
450360735,AlphabugX/CVE-2022-RCE,README.md,32d99e5a5a26e28a10bbc20ab4b4fff2d99c1da5,CVE-2022-21297
450360735,AlphabugX/CVE-2022-RCE,README.md,32d99e5a5a26e28a10bbc20ab4b4fff2d99c1da5,CVE-2022-21298
450360735,AlphabugX/CVE-2022-RCE,README.md,32d99e5a5a26e28a10bbc20ab4b4fff2d99c1da5,CVE-2022-21299
450360735,AlphabugX/CVE-2022-RCE,README.md,32d99e5a5a26e28a10bbc20ab4b4fff2d99c1da5,CVE-2022-21278
450360735,AlphabugX/CVE-2022-RCE,README.md,32d99e5a5a26e28a10bbc20ab4b4fff2d99c1da5,CVE-2022-21301
450360735,AlphabugX/CVE-2022-RCE,README.md,32d99e5a5a26e28a10bbc20ab4b4fff2d99c1da5,CVE-2022-21277
450360735,AlphabugX/CVE-2022-RCE,README.md,32d99e5a5a26e28a10bbc20ab4b4fff2d99c1da5,CVE-2022-21275
450360735,AlphabugX/CVE-2022-RCE,README.md,32d99e5a5a26e28a10bbc20ab4b4fff2d99c1da5,CVE-2022-21254
450360735,AlphabugX/CVE-2022-RCE,README.md,32d99e5a5a26e28a10bbc20ab4b4fff2d99c1da5,CVE-2022-21255
450360735,AlphabugX/CVE-2022-RCE,README.md,32d99e5a5a26e28a10bbc20ab4b4fff2d99c1da5,CVE-2022-21256
450360735,AlphabugX/CVE-2022-RCE,README.md,32d99e5a5a26e28a10bbc20ab4b4fff2d99c1da5,CVE-2022-21257
450360735,AlphabugX/CVE-2022-RCE,README.md,32d99e5a5a26e28a10bbc20ab4b4fff2d99c1da5,CVE-2022-21258
450360735,AlphabugX/CVE-2022-RCE,README.md,32d99e5a5a26e28a10bbc20ab4b4fff2d99c1da5,CVE-2022-21259
450360735,AlphabugX/CVE-2022-RCE,README.md,32d99e5a5a26e28a10bbc20ab4b4fff2d99c1da5,CVE-2022-21260
450360735,AlphabugX/CVE-2022-RCE,README.md,32d99e5a5a26e28a10bbc20ab4b4fff2d99c1da5,CVE-2022-21261
450360735,AlphabugX/CVE-2022-RCE,README.md,32d99e5a5a26e28a10bbc20ab4b4fff2d99c1da5,CVE-2022-21262
450360735,AlphabugX/CVE-2022-RCE,README.md,32d99e5a5a26e28a10bbc20ab4b4fff2d99c1da5,CVE-2022-21263
450360735,AlphabugX/CVE-2022-RCE,README.md,32d99e5a5a26e28a10bbc20ab4b4fff2d99c1da5,CVE-2022-21264
450360735,AlphabugX/CVE-2022-RCE,README.md,32d99e5a5a26e28a10bbc20ab4b4fff2d99c1da5,CVE-2022-21265
450360735,AlphabugX/CVE-2022-RCE,README.md,32d99e5a5a26e28a10bbc20ab4b4fff2d99c1da5,CVE-2022-21266
450360735,AlphabugX/CVE-2022-RCE,README.md,32d99e5a5a26e28a10bbc20ab4b4fff2d99c1da5,CVE-2022-21267
450360735,AlphabugX/CVE-2022-RCE,README.md,32d99e5a5a26e28a10bbc20ab4b4fff2d99c1da5,CVE-2022-21268
450360735,AlphabugX/CVE-2022-RCE,README.md,32d99e5a5a26e28a10bbc20ab4b4fff2d99c1da5,CVE-2022-21269
450360735,AlphabugX/CVE-2022-RCE,README.md,32d99e5a5a26e28a10bbc20ab4b4fff2d99c1da5,CVE-2022-21270
450360735,AlphabugX/CVE-2022-RCE,README.md,32d99e5a5a26e28a10bbc20ab4b4fff2d99c1da5,CVE-2022-21271
450360735,AlphabugX/CVE-2022-RCE,README.md,32d99e5a5a26e28a10bbc20ab4b4fff2d99c1da5,CVE-2022-21272
450360735,AlphabugX/CVE-2022-RCE,README.md,32d99e5a5a26e28a10bbc20ab4b4fff2d99c1da5,CVE-2022-21273
450360735,AlphabugX/CVE-2022-RCE,README.md,32d99e5a5a26e28a10bbc20ab4b4fff2d99c1da5,CVE-2022-21274
450360735,AlphabugX/CVE-2022-RCE,README.md,32d99e5a5a26e28a10bbc20ab4b4fff2d99c1da5,CVE-2022-21276
450360735,AlphabugX/CVE-2022-RCE,README.md,32d99e5a5a26e28a10bbc20ab4b4fff2d99c1da5,CVE-2022-21399
450360735,AlphabugX/CVE-2022-RCE,README.md,32d99e5a5a26e28a10bbc20ab4b4fff2d99c1da5,CVE-2022-20944
450360735,AlphabugX/CVE-2022-RCE,README.md,32d99e5a5a26e28a10bbc20ab4b4fff2d99c1da5,CVE-2022-20942
450360735,AlphabugX/CVE-2022-RCE,README.md,32d99e5a5a26e28a10bbc20ab4b4fff2d99c1da5,CVE-2022-20675
450360735,AlphabugX/CVE-2022-RCE,README.md,32d99e5a5a26e28a10bbc20ab4b4fff2d99c1da5,CVE-2022-20676
450360735,AlphabugX/CVE-2022-RCE,README.md,32d99e5a5a26e28a10bbc20ab4b4fff2d99c1da5,CVE-2022-20677
450360735,AlphabugX/CVE-2022-RCE,README.md,32d99e5a5a26e28a10bbc20ab4b4fff2d99c1da5,CVE-2022-20678
450360735,AlphabugX/CVE-2022-RCE,README.md,32d99e5a5a26e28a10bbc20ab4b4fff2d99c1da5,CVE-2022-20679
450360735,AlphabugX/CVE-2022-RCE,README.md,32d99e5a5a26e28a10bbc20ab4b4fff2d99c1da5,CVE-2022-20680
450360735,AlphabugX/CVE-2022-RCE,README.md,32d99e5a5a26e28a10bbc20ab4b4fff2d99c1da5,CVE-2022-20681
450360735,AlphabugX/CVE-2022-RCE,README.md,32d99e5a5a26e28a10bbc20ab4b4fff2d99c1da5,CVE-2022-20682
450360735,AlphabugX/CVE-2022-RCE,README.md,32d99e5a5a26e28a10bbc20ab4b4fff2d99c1da5,CVE-2022-20683
450360735,AlphabugX/CVE-2022-RCE,README.md,32d99e5a5a26e28a10bbc20ab4b4fff2d99c1da5,CVE-2022-20674
450360735,AlphabugX/CVE-2022-RCE,README.md,32d99e5a5a26e28a10bbc20ab4b4fff2d99c1da5,CVE-2022-20684
450360735,AlphabugX/CVE-2022-RCE,README.md,32d99e5a5a26e28a10bbc20ab4b4fff2d99c1da5,CVE-2022-20686
450360735,AlphabugX/CVE-2022-RCE,README.md,32d99e5a5a26e28a10bbc20ab4b4fff2d99c1da5,CVE-2022-20687
450360735,AlphabugX/CVE-2022-RCE,README.md,32d99e5a5a26e28a10bbc20ab4b4fff2d99c1da5,CVE-2022-20688
450360735,AlphabugX/CVE-2022-RCE,README.md,32d99e5a5a26e28a10bbc20ab4b4fff2d99c1da5,CVE-2022-20689
450360735,AlphabugX/CVE-2022-RCE,README.md,32d99e5a5a26e28a10bbc20ab4b4fff2d99c1da5,CVE-2022-20690
450360735,AlphabugX/CVE-2022-RCE,README.md,32d99e5a5a26e28a10bbc20ab4b4fff2d99c1da5,CVE-2022-20691
450360735,AlphabugX/CVE-2022-RCE,README.md,32d99e5a5a26e28a10bbc20ab4b4fff2d99c1da5,CVE-2022-20692
450360735,AlphabugX/CVE-2022-RCE,README.md,32d99e5a5a26e28a10bbc20ab4b4fff2d99c1da5,CVE-2022-20693
450360735,AlphabugX/CVE-2022-RCE,README.md,32d99e5a5a26e28a10bbc20ab4b4fff2d99c1da5,CVE-2022-20694
450360735,AlphabugX/CVE-2022-RCE,README.md,32d99e5a5a26e28a10bbc20ab4b4fff2d99c1da5,CVE-2022-20685
450360735,AlphabugX/CVE-2022-RCE,README.md,32d99e5a5a26e28a10bbc20ab4b4fff2d99c1da5,CVE-2022-20673
450360735,AlphabugX/CVE-2022-RCE,README.md,32d99e5a5a26e28a10bbc20ab4b4fff2d99c1da5,CVE-2022-20672
450360735,AlphabugX/CVE-2022-RCE,README.md,32d99e5a5a26e28a10bbc20ab4b4fff2d99c1da5,CVE-2022-20671
450360735,AlphabugX/CVE-2022-RCE,README.md,32d99e5a5a26e28a10bbc20ab4b4fff2d99c1da5,CVE-2022-20650
450360735,AlphabugX/CVE-2022-RCE,README.md,32d99e5a5a26e28a10bbc20ab4b4fff2d99c1da5,CVE-2022-20651
450360735,AlphabugX/CVE-2022-RCE,README.md,32d99e5a5a26e28a10bbc20ab4b4fff2d99c1da5,CVE-2022-20652
450360735,AlphabugX/CVE-2022-RCE,README.md,32d99e5a5a26e28a10bbc20ab4b4fff2d99c1da5,CVE-2022-20653
450360735,AlphabugX/CVE-2022-RCE,README.md,32d99e5a5a26e28a10bbc20ab4b4fff2d99c1da5,CVE-2022-20654
450360735,AlphabugX/CVE-2022-RCE,README.md,32d99e5a5a26e28a10bbc20ab4b4fff2d99c1da5,CVE-2022-20655
450360735,AlphabugX/CVE-2022-RCE,README.md,32d99e5a5a26e28a10bbc20ab4b4fff2d99c1da5,CVE-2022-20656
450360735,AlphabugX/CVE-2022-RCE,README.md,32d99e5a5a26e28a10bbc20ab4b4fff2d99c1da5,CVE-2022-20657
450360735,AlphabugX/CVE-2022-RCE,README.md,32d99e5a5a26e28a10bbc20ab4b4fff2d99c1da5,CVE-2022-20658
450360735,AlphabugX/CVE-2022-RCE,README.md,32d99e5a5a26e28a10bbc20ab4b4fff2d99c1da5,CVE-2022-20659
450360735,AlphabugX/CVE-2022-RCE,README.md,32d99e5a5a26e28a10bbc20ab4b4fff2d99c1da5,CVE-2022-20660
450360735,AlphabugX/CVE-2022-RCE,README.md,32d99e5a5a26e28a10bbc20ab4b4fff2d99c1da5,CVE-2022-20661
450360735,AlphabugX/CVE-2022-RCE,README.md,32d99e5a5a26e28a10bbc20ab4b4fff2d99c1da5,CVE-2022-20662
450360735,AlphabugX/CVE-2022-RCE,README.md,32d99e5a5a26e28a10bbc20ab4b4fff2d99c1da5,CVE-2022-20663
450360735,AlphabugX/CVE-2022-RCE,README.md,32d99e5a5a26e28a10bbc20ab4b4fff2d99c1da5,CVE-2022-20664
450360735,AlphabugX/CVE-2022-RCE,README.md,32d99e5a5a26e28a10bbc20ab4b4fff2d99c1da5,CVE-2022-20665
450360735,AlphabugX/CVE-2022-RCE,README.md,32d99e5a5a26e28a10bbc20ab4b4fff2d99c1da5,CVE-2022-20666
450360735,AlphabugX/CVE-2022-RCE,README.md,32d99e5a5a26e28a10bbc20ab4b4fff2d99c1da5,CVE-2022-20667
450360735,AlphabugX/CVE-2022-RCE,README.md,32d99e5a5a26e28a10bbc20ab4b4fff2d99c1da5,CVE-2022-20668
450360735,AlphabugX/CVE-2022-RCE,README.md,32d99e5a5a26e28a10bbc20ab4b4fff2d99c1da5,CVE-2022-20669
450360735,AlphabugX/CVE-2022-RCE,README.md,32d99e5a5a26e28a10bbc20ab4b4fff2d99c1da5,CVE-2022-20670
450360735,AlphabugX/CVE-2022-RCE,README.md,32d99e5a5a26e28a10bbc20ab4b4fff2d99c1da5,CVE-2022-20695
450360735,AlphabugX/CVE-2022-RCE,README.md,32d99e5a5a26e28a10bbc20ab4b4fff2d99c1da5,CVE-2022-20649
450360735,AlphabugX/CVE-2022-RCE,README.md,32d99e5a5a26e28a10bbc20ab4b4fff2d99c1da5,CVE-2022-20696
450360735,AlphabugX/CVE-2022-RCE,README.md,32d99e5a5a26e28a10bbc20ab4b4fff2d99c1da5,CVE-2022-20698
450360735,AlphabugX/CVE-2022-RCE,README.md,32d99e5a5a26e28a10bbc20ab4b4fff2d99c1da5,CVE-2022-20724
450360735,AlphabugX/CVE-2022-RCE,README.md,32d99e5a5a26e28a10bbc20ab4b4fff2d99c1da5,CVE-2022-20725
450360735,AlphabugX/CVE-2022-RCE,README.md,32d99e5a5a26e28a10bbc20ab4b4fff2d99c1da5,CVE-2022-20726
450360735,AlphabugX/CVE-2022-RCE,README.md,32d99e5a5a26e28a10bbc20ab4b4fff2d99c1da5,CVE-2022-20727
450360735,AlphabugX/CVE-2022-RCE,README.md,32d99e5a5a26e28a10bbc20ab4b4fff2d99c1da5,CVE-2022-20728
450360735,AlphabugX/CVE-2022-RCE,README.md,32d99e5a5a26e28a10bbc20ab4b4fff2d99c1da5,CVE-2022-20729
450360735,AlphabugX/CVE-2022-RCE,README.md,32d99e5a5a26e28a10bbc20ab4b4fff2d99c1da5,CVE-2022-20730
450360735,AlphabugX/CVE-2022-RCE,README.md,32d99e5a5a26e28a10bbc20ab4b4fff2d99c1da5,CVE-2022-20731
450360735,AlphabugX/CVE-2022-RCE,README.md,32d99e5a5a26e28a10bbc20ab4b4fff2d99c1da5,CVE-2022-20732
450360735,AlphabugX/CVE-2022-RCE,README.md,32d99e5a5a26e28a10bbc20ab4b4fff2d99c1da5,CVE-2022-20723
450360735,AlphabugX/CVE-2022-RCE,README.md,32d99e5a5a26e28a10bbc20ab4b4fff2d99c1da5,CVE-2022-20733
450360735,AlphabugX/CVE-2022-RCE,README.md,32d99e5a5a26e28a10bbc20ab4b4fff2d99c1da5,CVE-2022-20735
450360735,AlphabugX/CVE-2022-RCE,README.md,32d99e5a5a26e28a10bbc20ab4b4fff2d99c1da5,CVE-2022-20736
450360735,AlphabugX/CVE-2022-RCE,README.md,32d99e5a5a26e28a10bbc20ab4b4fff2d99c1da5,CVE-2022-20737
450360735,AlphabugX/CVE-2022-RCE,README.md,32d99e5a5a26e28a10bbc20ab4b4fff2d99c1da5,CVE-2022-20738
450360735,AlphabugX/CVE-2022-RCE,README.md,32d99e5a5a26e28a10bbc20ab4b4fff2d99c1da5,CVE-2022-20739
450360735,AlphabugX/CVE-2022-RCE,README.md,32d99e5a5a26e28a10bbc20ab4b4fff2d99c1da5,CVE-2022-20740
450360735,AlphabugX/CVE-2022-RCE,README.md,32d99e5a5a26e28a10bbc20ab4b4fff2d99c1da5,CVE-2022-20741
450360735,AlphabugX/CVE-2022-RCE,README.md,32d99e5a5a26e28a10bbc20ab4b4fff2d99c1da5,CVE-2022-20742
450360735,AlphabugX/CVE-2022-RCE,README.md,32d99e5a5a26e28a10bbc20ab4b4fff2d99c1da5,CVE-2022-20743
450360735,AlphabugX/CVE-2022-RCE,README.md,32d99e5a5a26e28a10bbc20ab4b4fff2d99c1da5,CVE-2022-20734
450360735,AlphabugX/CVE-2022-RCE,README.md,32d99e5a5a26e28a10bbc20ab4b4fff2d99c1da5,CVE-2022-20722
450360735,AlphabugX/CVE-2022-RCE,README.md,32d99e5a5a26e28a10bbc20ab4b4fff2d99c1da5,CVE-2022-20721
450360735,AlphabugX/CVE-2022-RCE,README.md,32d99e5a5a26e28a10bbc20ab4b4fff2d99c1da5,CVE-2022-20720
450360735,AlphabugX/CVE-2022-RCE,README.md,32d99e5a5a26e28a10bbc20ab4b4fff2d99c1da5,CVE-2022-20699
450360735,AlphabugX/CVE-2022-RCE,README.md,32d99e5a5a26e28a10bbc20ab4b4fff2d99c1da5,CVE-2022-20700
450360735,AlphabugX/CVE-2022-RCE,README.md,32d99e5a5a26e28a10bbc20ab4b4fff2d99c1da5,CVE-2022-20701
450360735,AlphabugX/CVE-2022-RCE,README.md,32d99e5a5a26e28a10bbc20ab4b4fff2d99c1da5,CVE-2022-20702
450360735,AlphabugX/CVE-2022-RCE,README.md,32d99e5a5a26e28a10bbc20ab4b4fff2d99c1da5,CVE-2022-20703
450360735,AlphabugX/CVE-2022-RCE,README.md,32d99e5a5a26e28a10bbc20ab4b4fff2d99c1da5,CVE-2022-20704
450360735,AlphabugX/CVE-2022-RCE,README.md,32d99e5a5a26e28a10bbc20ab4b4fff2d99c1da5,CVE-2022-20705
450360735,AlphabugX/CVE-2022-RCE,README.md,32d99e5a5a26e28a10bbc20ab4b4fff2d99c1da5,CVE-2022-20706
450360735,AlphabugX/CVE-2022-RCE,README.md,32d99e5a5a26e28a10bbc20ab4b4fff2d99c1da5,CVE-2022-20707
450360735,AlphabugX/CVE-2022-RCE,README.md,32d99e5a5a26e28a10bbc20ab4b4fff2d99c1da5,CVE-2022-20708
450360735,AlphabugX/CVE-2022-RCE,README.md,32d99e5a5a26e28a10bbc20ab4b4fff2d99c1da5,CVE-2022-20709
450360735,AlphabugX/CVE-2022-RCE,README.md,32d99e5a5a26e28a10bbc20ab4b4fff2d99c1da5,CVE-2022-20710
450360735,AlphabugX/CVE-2022-RCE,README.md,32d99e5a5a26e28a10bbc20ab4b4fff2d99c1da5,CVE-2022-20711
450360735,AlphabugX/CVE-2022-RCE,README.md,32d99e5a5a26e28a10bbc20ab4b4fff2d99c1da5,CVE-2022-20712
450360735,AlphabugX/CVE-2022-RCE,README.md,32d99e5a5a26e28a10bbc20ab4b4fff2d99c1da5,CVE-2022-20713
450360735,AlphabugX/CVE-2022-RCE,README.md,32d99e5a5a26e28a10bbc20ab4b4fff2d99c1da5,CVE-2022-20714
450360735,AlphabugX/CVE-2022-RCE,README.md,32d99e5a5a26e28a10bbc20ab4b4fff2d99c1da5,CVE-2022-20715
450360735,AlphabugX/CVE-2022-RCE,README.md,32d99e5a5a26e28a10bbc20ab4b4fff2d99c1da5,CVE-2022-20716
450360735,AlphabugX/CVE-2022-RCE,README.md,32d99e5a5a26e28a10bbc20ab4b4fff2d99c1da5,CVE-2022-20717
450360735,AlphabugX/CVE-2022-RCE,README.md,32d99e5a5a26e28a10bbc20ab4b4fff2d99c1da5,CVE-2022-20718
450360735,AlphabugX/CVE-2022-RCE,README.md,32d99e5a5a26e28a10bbc20ab4b4fff2d99c1da5,CVE-2022-20719
450360735,AlphabugX/CVE-2022-RCE,README.md,32d99e5a5a26e28a10bbc20ab4b4fff2d99c1da5,CVE-2022-20697
450360735,AlphabugX/CVE-2022-RCE,README.md,32d99e5a5a26e28a10bbc20ab4b4fff2d99c1da5,CVE-2022-20648
450360735,AlphabugX/CVE-2022-RCE,README.md,32d99e5a5a26e28a10bbc20ab4b4fff2d99c1da5,CVE-2022-20647
450360735,AlphabugX/CVE-2022-RCE,README.md,32d99e5a5a26e28a10bbc20ab4b4fff2d99c1da5,CVE-2022-20646
450360735,AlphabugX/CVE-2022-RCE,README.md,32d99e5a5a26e28a10bbc20ab4b4fff2d99c1da5,CVE-2022-20576
450360735,AlphabugX/CVE-2022-RCE,README.md,32d99e5a5a26e28a10bbc20ab4b4fff2d99c1da5,CVE-2022-20577
450360735,AlphabugX/CVE-2022-RCE,README.md,32d99e5a5a26e28a10bbc20ab4b4fff2d99c1da5,CVE-2022-20578
450360735,AlphabugX/CVE-2022-RCE,README.md,32d99e5a5a26e28a10bbc20ab4b4fff2d99c1da5,CVE-2022-20579
450360735,AlphabugX/CVE-2022-RCE,README.md,32d99e5a5a26e28a10bbc20ab4b4fff2d99c1da5,CVE-2022-20580
450360735,AlphabugX/CVE-2022-RCE,README.md,32d99e5a5a26e28a10bbc20ab4b4fff2d99c1da5,CVE-2022-20581
450360735,AlphabugX/CVE-2022-RCE,README.md,32d99e5a5a26e28a10bbc20ab4b4fff2d99c1da5,CVE-2022-20582
450360735,AlphabugX/CVE-2022-RCE,README.md,32d99e5a5a26e28a10bbc20ab4b4fff2d99c1da5,CVE-2022-20583
450360735,AlphabugX/CVE-2022-RCE,README.md,32d99e5a5a26e28a10bbc20ab4b4fff2d99c1da5,CVE-2022-20584
450360735,AlphabugX/CVE-2022-RCE,README.md,32d99e5a5a26e28a10bbc20ab4b4fff2d99c1da5,CVE-2022-20575
450360735,AlphabugX/CVE-2022-RCE,README.md,32d99e5a5a26e28a10bbc20ab4b4fff2d99c1da5,CVE-2022-20585
450360735,AlphabugX/CVE-2022-RCE,README.md,32d99e5a5a26e28a10bbc20ab4b4fff2d99c1da5,CVE-2022-20587
450360735,AlphabugX/CVE-2022-RCE,README.md,32d99e5a5a26e28a10bbc20ab4b4fff2d99c1da5,CVE-2022-20588
450360735,AlphabugX/CVE-2022-RCE,README.md,32d99e5a5a26e28a10bbc20ab4b4fff2d99c1da5,CVE-2022-20589
450360735,AlphabugX/CVE-2022-RCE,README.md,32d99e5a5a26e28a10bbc20ab4b4fff2d99c1da5,CVE-2022-20590
450360735,AlphabugX/CVE-2022-RCE,README.md,32d99e5a5a26e28a10bbc20ab4b4fff2d99c1da5,CVE-2022-20591
450360735,AlphabugX/CVE-2022-RCE,README.md,32d99e5a5a26e28a10bbc20ab4b4fff2d99c1da5,CVE-2022-20592
450360735,AlphabugX/CVE-2022-RCE,README.md,32d99e5a5a26e28a10bbc20ab4b4fff2d99c1da5,CVE-2022-20593
450360735,AlphabugX/CVE-2022-RCE,README.md,32d99e5a5a26e28a10bbc20ab4b4fff2d99c1da5,CVE-2022-20594
450360735,AlphabugX/CVE-2022-RCE,README.md,32d99e5a5a26e28a10bbc20ab4b4fff2d99c1da5,CVE-2022-20595
450360735,AlphabugX/CVE-2022-RCE,README.md,32d99e5a5a26e28a10bbc20ab4b4fff2d99c1da5,CVE-2022-20586
450360735,AlphabugX/CVE-2022-RCE,README.md,32d99e5a5a26e28a10bbc20ab4b4fff2d99c1da5,CVE-2022-20574
450360735,AlphabugX/CVE-2022-RCE,README.md,32d99e5a5a26e28a10bbc20ab4b4fff2d99c1da5,CVE-2022-20573
450360735,AlphabugX/CVE-2022-RCE,README.md,32d99e5a5a26e28a10bbc20ab4b4fff2d99c1da5,CVE-2022-20572
450360735,AlphabugX/CVE-2022-RCE,README.md,32d99e5a5a26e28a10bbc20ab4b4fff2d99c1da5,CVE-2022-20551
450360735,AlphabugX/CVE-2022-RCE,README.md,32d99e5a5a26e28a10bbc20ab4b4fff2d99c1da5,CVE-2022-20552
450360735,AlphabugX/CVE-2022-RCE,README.md,32d99e5a5a26e28a10bbc20ab4b4fff2d99c1da5,CVE-2022-20553
450360735,AlphabugX/CVE-2022-RCE,README.md,32d99e5a5a26e28a10bbc20ab4b4fff2d99c1da5,CVE-2022-20554
450360735,AlphabugX/CVE-2022-RCE,README.md,32d99e5a5a26e28a10bbc20ab4b4fff2d99c1da5,CVE-2022-20555
450360735,AlphabugX/CVE-2022-RCE,README.md,32d99e5a5a26e28a10bbc20ab4b4fff2d99c1da5,CVE-2022-20556
450360735,AlphabugX/CVE-2022-RCE,README.md,32d99e5a5a26e28a10bbc20ab4b4fff2d99c1da5,CVE-2022-20557
450360735,AlphabugX/CVE-2022-RCE,README.md,32d99e5a5a26e28a10bbc20ab4b4fff2d99c1da5,CVE-2022-20558
450360735,AlphabugX/CVE-2022-RCE,README.md,32d99e5a5a26e28a10bbc20ab4b4fff2d99c1da5,CVE-2022-20559
450360735,AlphabugX/CVE-2022-RCE,README.md,32d99e5a5a26e28a10bbc20ab4b4fff2d99c1da5,CVE-2022-20560
450360735,AlphabugX/CVE-2022-RCE,README.md,32d99e5a5a26e28a10bbc20ab4b4fff2d99c1da5,CVE-2022-20561
450360735,AlphabugX/CVE-2022-RCE,README.md,32d99e5a5a26e28a10bbc20ab4b4fff2d99c1da5,CVE-2022-20562
450360735,AlphabugX/CVE-2022-RCE,README.md,32d99e5a5a26e28a10bbc20ab4b4fff2d99c1da5,CVE-2022-20563
450360735,AlphabugX/CVE-2022-RCE,README.md,32d99e5a5a26e28a10bbc20ab4b4fff2d99c1da5,CVE-2022-20564
450360735,AlphabugX/CVE-2022-RCE,README.md,32d99e5a5a26e28a10bbc20ab4b4fff2d99c1da5,CVE-2022-20565
450360735,AlphabugX/CVE-2022-RCE,README.md,32d99e5a5a26e28a10bbc20ab4b4fff2d99c1da5,CVE-2022-20566
450360735,AlphabugX/CVE-2022-RCE,README.md,32d99e5a5a26e28a10bbc20ab4b4fff2d99c1da5,CVE-2022-20567
450360735,AlphabugX/CVE-2022-RCE,README.md,32d99e5a5a26e28a10bbc20ab4b4fff2d99c1da5,CVE-2022-20568
450360735,AlphabugX/CVE-2022-RCE,README.md,32d99e5a5a26e28a10bbc20ab4b4fff2d99c1da5,CVE-2022-20569
450360735,AlphabugX/CVE-2022-RCE,README.md,32d99e5a5a26e28a10bbc20ab4b4fff2d99c1da5,CVE-2022-20570
450360735,AlphabugX/CVE-2022-RCE,README.md,32d99e5a5a26e28a10bbc20ab4b4fff2d99c1da5,CVE-2022-20571
450360735,AlphabugX/CVE-2022-RCE,README.md,32d99e5a5a26e28a10bbc20ab4b4fff2d99c1da5,CVE-2022-20596
450360735,AlphabugX/CVE-2022-RCE,README.md,32d99e5a5a26e28a10bbc20ab4b4fff2d99c1da5,CVE-2022-20597
450360735,AlphabugX/CVE-2022-RCE,README.md,32d99e5a5a26e28a10bbc20ab4b4fff2d99c1da5,CVE-2022-20598
450360735,AlphabugX/CVE-2022-RCE,README.md,32d99e5a5a26e28a10bbc20ab4b4fff2d99c1da5,CVE-2022-20599
450360735,AlphabugX/CVE-2022-RCE,README.md,32d99e5a5a26e28a10bbc20ab4b4fff2d99c1da5,CVE-2022-20625
450360735,AlphabugX/CVE-2022-RCE,README.md,32d99e5a5a26e28a10bbc20ab4b4fff2d99c1da5,CVE-2022-20626
450360735,AlphabugX/CVE-2022-RCE,README.md,32d99e5a5a26e28a10bbc20ab4b4fff2d99c1da5,CVE-2022-20627
450360735,AlphabugX/CVE-2022-RCE,README.md,32d99e5a5a26e28a10bbc20ab4b4fff2d99c1da5,CVE-2022-20628
450360735,AlphabugX/CVE-2022-RCE,README.md,32d99e5a5a26e28a10bbc20ab4b4fff2d99c1da5,CVE-2022-20629
450360735,AlphabugX/CVE-2022-RCE,README.md,32d99e5a5a26e28a10bbc20ab4b4fff2d99c1da5,CVE-2022-20630
450360735,AlphabugX/CVE-2022-RCE,README.md,32d99e5a5a26e28a10bbc20ab4b4fff2d99c1da5,CVE-2022-20631
450360735,AlphabugX/CVE-2022-RCE,README.md,32d99e5a5a26e28a10bbc20ab4b4fff2d99c1da5,CVE-2022-20632
450360735,AlphabugX/CVE-2022-RCE,README.md,32d99e5a5a26e28a10bbc20ab4b4fff2d99c1da5,CVE-2022-20633
450360735,AlphabugX/CVE-2022-RCE,README.md,32d99e5a5a26e28a10bbc20ab4b4fff2d99c1da5,CVE-2022-20634
450360735,AlphabugX/CVE-2022-RCE,README.md,32d99e5a5a26e28a10bbc20ab4b4fff2d99c1da5,CVE-2022-20635
450360735,AlphabugX/CVE-2022-RCE,README.md,32d99e5a5a26e28a10bbc20ab4b4fff2d99c1da5,CVE-2022-20636
450360735,AlphabugX/CVE-2022-RCE,README.md,32d99e5a5a26e28a10bbc20ab4b4fff2d99c1da5,CVE-2022-20637
450360735,AlphabugX/CVE-2022-RCE,README.md,32d99e5a5a26e28a10bbc20ab4b4fff2d99c1da5,CVE-2022-20638
450360735,AlphabugX/CVE-2022-RCE,README.md,32d99e5a5a26e28a10bbc20ab4b4fff2d99c1da5,CVE-2022-20639
450360735,AlphabugX/CVE-2022-RCE,README.md,32d99e5a5a26e28a10bbc20ab4b4fff2d99c1da5,CVE-2022-20640
450360735,AlphabugX/CVE-2022-RCE,README.md,32d99e5a5a26e28a10bbc20ab4b4fff2d99c1da5,CVE-2022-20641
450360735,AlphabugX/CVE-2022-RCE,README.md,32d99e5a5a26e28a10bbc20ab4b4fff2d99c1da5,CVE-2022-20642
450360735,AlphabugX/CVE-2022-RCE,README.md,32d99e5a5a26e28a10bbc20ab4b4fff2d99c1da5,CVE-2022-20643
450360735,AlphabugX/CVE-2022-RCE,README.md,32d99e5a5a26e28a10bbc20ab4b4fff2d99c1da5,CVE-2022-20644
450360735,AlphabugX/CVE-2022-RCE,README.md,32d99e5a5a26e28a10bbc20ab4b4fff2d99c1da5,CVE-2022-20645
450360735,AlphabugX/CVE-2022-RCE,README.md,32d99e5a5a26e28a10bbc20ab4b4fff2d99c1da5,CVE-2022-20624
450360735,AlphabugX/CVE-2022-RCE,README.md,32d99e5a5a26e28a10bbc20ab4b4fff2d99c1da5,CVE-2022-20744
450360735,AlphabugX/CVE-2022-RCE,README.md,32d99e5a5a26e28a10bbc20ab4b4fff2d99c1da5,CVE-2022-20623
450360735,AlphabugX/CVE-2022-RCE,README.md,32d99e5a5a26e28a10bbc20ab4b4fff2d99c1da5,CVE-2022-20621
450360735,AlphabugX/CVE-2022-RCE,README.md,32d99e5a5a26e28a10bbc20ab4b4fff2d99c1da5,CVE-2022-20600
450360735,AlphabugX/CVE-2022-RCE,README.md,32d99e5a5a26e28a10bbc20ab4b4fff2d99c1da5,CVE-2022-20601
450360735,AlphabugX/CVE-2022-RCE,README.md,32d99e5a5a26e28a10bbc20ab4b4fff2d99c1da5,CVE-2022-20602
450360735,AlphabugX/CVE-2022-RCE,README.md,32d99e5a5a26e28a10bbc20ab4b4fff2d99c1da5,CVE-2022-20603
450360735,AlphabugX/CVE-2022-RCE,README.md,32d99e5a5a26e28a10bbc20ab4b4fff2d99c1da5,CVE-2022-20604
450360735,AlphabugX/CVE-2022-RCE,README.md,32d99e5a5a26e28a10bbc20ab4b4fff2d99c1da5,CVE-2022-20605
450360735,AlphabugX/CVE-2022-RCE,README.md,32d99e5a5a26e28a10bbc20ab4b4fff2d99c1da5,CVE-2022-20606
450360735,AlphabugX/CVE-2022-RCE,README.md,32d99e5a5a26e28a10bbc20ab4b4fff2d99c1da5,CVE-2022-20607
450360735,AlphabugX/CVE-2022-RCE,README.md,32d99e5a5a26e28a10bbc20ab4b4fff2d99c1da5,CVE-2022-20608
450360735,AlphabugX/CVE-2022-RCE,README.md,32d99e5a5a26e28a10bbc20ab4b4fff2d99c1da5,CVE-2022-20609
450360735,AlphabugX/CVE-2022-RCE,README.md,32d99e5a5a26e28a10bbc20ab4b4fff2d99c1da5,CVE-2022-20610
450360735,AlphabugX/CVE-2022-RCE,README.md,32d99e5a5a26e28a10bbc20ab4b4fff2d99c1da5,CVE-2022-20611
450360735,AlphabugX/CVE-2022-RCE,README.md,32d99e5a5a26e28a10bbc20ab4b4fff2d99c1da5,CVE-2022-20612
450360735,AlphabugX/CVE-2022-RCE,README.md,32d99e5a5a26e28a10bbc20ab4b4fff2d99c1da5,CVE-2022-20613
450360735,AlphabugX/CVE-2022-RCE,README.md,32d99e5a5a26e28a10bbc20ab4b4fff2d99c1da5,CVE-2022-20614
450360735,AlphabugX/CVE-2022-RCE,README.md,32d99e5a5a26e28a10bbc20ab4b4fff2d99c1da5,CVE-2022-20615
450360735,AlphabugX/CVE-2022-RCE,README.md,32d99e5a5a26e28a10bbc20ab4b4fff2d99c1da5,CVE-2022-20616
450360735,AlphabugX/CVE-2022-RCE,README.md,32d99e5a5a26e28a10bbc20ab4b4fff2d99c1da5,CVE-2022-20617
450360735,AlphabugX/CVE-2022-RCE,README.md,32d99e5a5a26e28a10bbc20ab4b4fff2d99c1da5,CVE-2022-20618
450360735,AlphabugX/CVE-2022-RCE,README.md,32d99e5a5a26e28a10bbc20ab4b4fff2d99c1da5,CVE-2022-20619
450360735,AlphabugX/CVE-2022-RCE,README.md,32d99e5a5a26e28a10bbc20ab4b4fff2d99c1da5,CVE-2022-20620
450360735,AlphabugX/CVE-2022-RCE,README.md,32d99e5a5a26e28a10bbc20ab4b4fff2d99c1da5,CVE-2022-20622
450360735,AlphabugX/CVE-2022-RCE,README.md,32d99e5a5a26e28a10bbc20ab4b4fff2d99c1da5,CVE-2022-20745
450360735,AlphabugX/CVE-2022-RCE,README.md,32d99e5a5a26e28a10bbc20ab4b4fff2d99c1da5,CVE-2022-20746
450360735,AlphabugX/CVE-2022-RCE,README.md,32d99e5a5a26e28a10bbc20ab4b4fff2d99c1da5,CVE-2022-20747
450360735,AlphabugX/CVE-2022-RCE,README.md,32d99e5a5a26e28a10bbc20ab4b4fff2d99c1da5,CVE-2022-20872
450360735,AlphabugX/CVE-2022-RCE,README.md,32d99e5a5a26e28a10bbc20ab4b4fff2d99c1da5,CVE-2022-20873
450360735,AlphabugX/CVE-2022-RCE,README.md,32d99e5a5a26e28a10bbc20ab4b4fff2d99c1da5,CVE-2022-20874
450360735,AlphabugX/CVE-2022-RCE,README.md,32d99e5a5a26e28a10bbc20ab4b4fff2d99c1da5,CVE-2022-20875
450360735,AlphabugX/CVE-2022-RCE,README.md,32d99e5a5a26e28a10bbc20ab4b4fff2d99c1da5,CVE-2022-20876
450360735,AlphabugX/CVE-2022-RCE,README.md,32d99e5a5a26e28a10bbc20ab4b4fff2d99c1da5,CVE-2022-20877
450360735,AlphabugX/CVE-2022-RCE,README.md,32d99e5a5a26e28a10bbc20ab4b4fff2d99c1da5,CVE-2022-20878
450360735,AlphabugX/CVE-2022-RCE,README.md,32d99e5a5a26e28a10bbc20ab4b4fff2d99c1da5,CVE-2022-20879
450360735,AlphabugX/CVE-2022-RCE,README.md,32d99e5a5a26e28a10bbc20ab4b4fff2d99c1da5,CVE-2022-20880
450360735,AlphabugX/CVE-2022-RCE,README.md,32d99e5a5a26e28a10bbc20ab4b4fff2d99c1da5,CVE-2022-20871
450360735,AlphabugX/CVE-2022-RCE,README.md,32d99e5a5a26e28a10bbc20ab4b4fff2d99c1da5,CVE-2022-20881
450360735,AlphabugX/CVE-2022-RCE,README.md,32d99e5a5a26e28a10bbc20ab4b4fff2d99c1da5,CVE-2022-20883
450360735,AlphabugX/CVE-2022-RCE,README.md,32d99e5a5a26e28a10bbc20ab4b4fff2d99c1da5,CVE-2022-20884
450360735,AlphabugX/CVE-2022-RCE,README.md,32d99e5a5a26e28a10bbc20ab4b4fff2d99c1da5,CVE-2022-20885
450360735,AlphabugX/CVE-2022-RCE,README.md,32d99e5a5a26e28a10bbc20ab4b4fff2d99c1da5,CVE-2022-20886
450360735,AlphabugX/CVE-2022-RCE,README.md,32d99e5a5a26e28a10bbc20ab4b4fff2d99c1da5,CVE-2022-20887
450360735,AlphabugX/CVE-2022-RCE,README.md,32d99e5a5a26e28a10bbc20ab4b4fff2d99c1da5,CVE-2022-20888
450360735,AlphabugX/CVE-2022-RCE,README.md,32d99e5a5a26e28a10bbc20ab4b4fff2d99c1da5,CVE-2022-20889
450360735,AlphabugX/CVE-2022-RCE,README.md,32d99e5a5a26e28a10bbc20ab4b4fff2d99c1da5,CVE-2022-20890
450360735,AlphabugX/CVE-2022-RCE,README.md,32d99e5a5a26e28a10bbc20ab4b4fff2d99c1da5,CVE-2022-20891
450360735,AlphabugX/CVE-2022-RCE,README.md,32d99e5a5a26e28a10bbc20ab4b4fff2d99c1da5,CVE-2022-20882
450360735,AlphabugX/CVE-2022-RCE,README.md,32d99e5a5a26e28a10bbc20ab4b4fff2d99c1da5,CVE-2022-20870
450360735,AlphabugX/CVE-2022-RCE,README.md,32d99e5a5a26e28a10bbc20ab4b4fff2d99c1da5,CVE-2022-20869
450360735,AlphabugX/CVE-2022-RCE,README.md,32d99e5a5a26e28a10bbc20ab4b4fff2d99c1da5,CVE-2022-20868
450360735,AlphabugX/CVE-2022-RCE,README.md,32d99e5a5a26e28a10bbc20ab4b4fff2d99c1da5,CVE-2022-20847
450360735,AlphabugX/CVE-2022-RCE,README.md,32d99e5a5a26e28a10bbc20ab4b4fff2d99c1da5,CVE-2022-20848
450360735,AlphabugX/CVE-2022-RCE,README.md,32d99e5a5a26e28a10bbc20ab4b4fff2d99c1da5,CVE-2022-20849
450360735,AlphabugX/CVE-2022-RCE,README.md,32d99e5a5a26e28a10bbc20ab4b4fff2d99c1da5,CVE-2022-20850
450360735,AlphabugX/CVE-2022-RCE,README.md,32d99e5a5a26e28a10bbc20ab4b4fff2d99c1da5,CVE-2022-20851
450360735,AlphabugX/CVE-2022-RCE,README.md,32d99e5a5a26e28a10bbc20ab4b4fff2d99c1da5,CVE-2022-20852
450360735,AlphabugX/CVE-2022-RCE,README.md,32d99e5a5a26e28a10bbc20ab4b4fff2d99c1da5,CVE-2022-20853
450360735,AlphabugX/CVE-2022-RCE,README.md,32d99e5a5a26e28a10bbc20ab4b4fff2d99c1da5,CVE-2022-20854
450360735,AlphabugX/CVE-2022-RCE,README.md,32d99e5a5a26e28a10bbc20ab4b4fff2d99c1da5,CVE-2022-20855
450360735,AlphabugX/CVE-2022-RCE,README.md,32d99e5a5a26e28a10bbc20ab4b4fff2d99c1da5,CVE-2022-20856
450360735,AlphabugX/CVE-2022-RCE,README.md,32d99e5a5a26e28a10bbc20ab4b4fff2d99c1da5,CVE-2022-20857
450360735,AlphabugX/CVE-2022-RCE,README.md,32d99e5a5a26e28a10bbc20ab4b4fff2d99c1da5,CVE-2022-20858
450360735,AlphabugX/CVE-2022-RCE,README.md,32d99e5a5a26e28a10bbc20ab4b4fff2d99c1da5,CVE-2022-20859
450360735,AlphabugX/CVE-2022-RCE,README.md,32d99e5a5a26e28a10bbc20ab4b4fff2d99c1da5,CVE-2022-20860
450360735,AlphabugX/CVE-2022-RCE,README.md,32d99e5a5a26e28a10bbc20ab4b4fff2d99c1da5,CVE-2022-20861
450360735,AlphabugX/CVE-2022-RCE,README.md,32d99e5a5a26e28a10bbc20ab4b4fff2d99c1da5,CVE-2022-20862
450360735,AlphabugX/CVE-2022-RCE,README.md,32d99e5a5a26e28a10bbc20ab4b4fff2d99c1da5,CVE-2022-20863
450360735,AlphabugX/CVE-2022-RCE,README.md,32d99e5a5a26e28a10bbc20ab4b4fff2d99c1da5,CVE-2022-20864
450360735,AlphabugX/CVE-2022-RCE,README.md,32d99e5a5a26e28a10bbc20ab4b4fff2d99c1da5,CVE-2022-20865
450360735,AlphabugX/CVE-2022-RCE,README.md,32d99e5a5a26e28a10bbc20ab4b4fff2d99c1da5,CVE-2022-20866
450360735,AlphabugX/CVE-2022-RCE,README.md,32d99e5a5a26e28a10bbc20ab4b4fff2d99c1da5,CVE-2022-20867
450360735,AlphabugX/CVE-2022-RCE,README.md,32d99e5a5a26e28a10bbc20ab4b4fff2d99c1da5,CVE-2022-20892
450360735,AlphabugX/CVE-2022-RCE,README.md,32d99e5a5a26e28a10bbc20ab4b4fff2d99c1da5,CVE-2022-20893
450360735,AlphabugX/CVE-2022-RCE,README.md,32d99e5a5a26e28a10bbc20ab4b4fff2d99c1da5,CVE-2022-20894
450360735,AlphabugX/CVE-2022-RCE,README.md,32d99e5a5a26e28a10bbc20ab4b4fff2d99c1da5,CVE-2022-20895
450360735,AlphabugX/CVE-2022-RCE,README.md,32d99e5a5a26e28a10bbc20ab4b4fff2d99c1da5,CVE-2022-20921
450360735,AlphabugX/CVE-2022-RCE,README.md,32d99e5a5a26e28a10bbc20ab4b4fff2d99c1da5,CVE-2022-20922
450360735,AlphabugX/CVE-2022-RCE,README.md,32d99e5a5a26e28a10bbc20ab4b4fff2d99c1da5,CVE-2022-20923
450360735,AlphabugX/CVE-2022-RCE,README.md,32d99e5a5a26e28a10bbc20ab4b4fff2d99c1da5,CVE-2022-20924
450360735,AlphabugX/CVE-2022-RCE,README.md,32d99e5a5a26e28a10bbc20ab4b4fff2d99c1da5,CVE-2022-20925
450360735,AlphabugX/CVE-2022-RCE,README.md,32d99e5a5a26e28a10bbc20ab4b4fff2d99c1da5,CVE-2022-20926
450360735,AlphabugX/CVE-2022-RCE,README.md,32d99e5a5a26e28a10bbc20ab4b4fff2d99c1da5,CVE-2022-20927
450360735,AlphabugX/CVE-2022-RCE,README.md,32d99e5a5a26e28a10bbc20ab4b4fff2d99c1da5,CVE-2022-20928
450360735,AlphabugX/CVE-2022-RCE,README.md,32d99e5a5a26e28a10bbc20ab4b4fff2d99c1da5,CVE-2022-20929
450360735,AlphabugX/CVE-2022-RCE,README.md,32d99e5a5a26e28a10bbc20ab4b4fff2d99c1da5,CVE-2022-20930
450360735,AlphabugX/CVE-2022-RCE,README.md,32d99e5a5a26e28a10bbc20ab4b4fff2d99c1da5,CVE-2022-20931
450360735,AlphabugX/CVE-2022-RCE,README.md,32d99e5a5a26e28a10bbc20ab4b4fff2d99c1da5,CVE-2022-20932
450360735,AlphabugX/CVE-2022-RCE,README.md,32d99e5a5a26e28a10bbc20ab4b4fff2d99c1da5,CVE-2022-20933
450360735,AlphabugX/CVE-2022-RCE,README.md,32d99e5a5a26e28a10bbc20ab4b4fff2d99c1da5,CVE-2022-20934
450360735,AlphabugX/CVE-2022-RCE,README.md,32d99e5a5a26e28a10bbc20ab4b4fff2d99c1da5,CVE-2022-20935
450360735,AlphabugX/CVE-2022-RCE,README.md,32d99e5a5a26e28a10bbc20ab4b4fff2d99c1da5,CVE-2022-20936
450360735,AlphabugX/CVE-2022-RCE,README.md,32d99e5a5a26e28a10bbc20ab4b4fff2d99c1da5,CVE-2022-20937
450360735,AlphabugX/CVE-2022-RCE,README.md,32d99e5a5a26e28a10bbc20ab4b4fff2d99c1da5,CVE-2022-20938
450360735,AlphabugX/CVE-2022-RCE,README.md,32d99e5a5a26e28a10bbc20ab4b4fff2d99c1da5,CVE-2022-20939
450360735,AlphabugX/CVE-2022-RCE,README.md,32d99e5a5a26e28a10bbc20ab4b4fff2d99c1da5,CVE-2022-20940
450360735,AlphabugX/CVE-2022-RCE,README.md,32d99e5a5a26e28a10bbc20ab4b4fff2d99c1da5,CVE-2022-20941
450360735,AlphabugX/CVE-2022-RCE,README.md,32d99e5a5a26e28a10bbc20ab4b4fff2d99c1da5,CVE-2022-20920
450360735,AlphabugX/CVE-2022-RCE,README.md,32d99e5a5a26e28a10bbc20ab4b4fff2d99c1da5,CVE-2022-20846
450360735,AlphabugX/CVE-2022-RCE,README.md,32d99e5a5a26e28a10bbc20ab4b4fff2d99c1da5,CVE-2022-20919
450360735,AlphabugX/CVE-2022-RCE,README.md,32d99e5a5a26e28a10bbc20ab4b4fff2d99c1da5,CVE-2022-20917
450360735,AlphabugX/CVE-2022-RCE,README.md,32d99e5a5a26e28a10bbc20ab4b4fff2d99c1da5,CVE-2022-20896
450360735,AlphabugX/CVE-2022-RCE,README.md,32d99e5a5a26e28a10bbc20ab4b4fff2d99c1da5,CVE-2022-20897
450360735,AlphabugX/CVE-2022-RCE,README.md,32d99e5a5a26e28a10bbc20ab4b4fff2d99c1da5,CVE-2022-20898
450360735,AlphabugX/CVE-2022-RCE,README.md,32d99e5a5a26e28a10bbc20ab4b4fff2d99c1da5,CVE-2022-20899
450360735,AlphabugX/CVE-2022-RCE,README.md,32d99e5a5a26e28a10bbc20ab4b4fff2d99c1da5,CVE-2022-20900
450360735,AlphabugX/CVE-2022-RCE,README.md,32d99e5a5a26e28a10bbc20ab4b4fff2d99c1da5,CVE-2022-20901
450360735,AlphabugX/CVE-2022-RCE,README.md,32d99e5a5a26e28a10bbc20ab4b4fff2d99c1da5,CVE-2022-20902
450360735,AlphabugX/CVE-2022-RCE,README.md,32d99e5a5a26e28a10bbc20ab4b4fff2d99c1da5,CVE-2022-20903
450360735,AlphabugX/CVE-2022-RCE,README.md,32d99e5a5a26e28a10bbc20ab4b4fff2d99c1da5,CVE-2022-20904
450360735,AlphabugX/CVE-2022-RCE,README.md,32d99e5a5a26e28a10bbc20ab4b4fff2d99c1da5,CVE-2022-20905
450360735,AlphabugX/CVE-2022-RCE,README.md,32d99e5a5a26e28a10bbc20ab4b4fff2d99c1da5,CVE-2022-20906
450360735,AlphabugX/CVE-2022-RCE,README.md,32d99e5a5a26e28a10bbc20ab4b4fff2d99c1da5,CVE-2022-20907
450360735,AlphabugX/CVE-2022-RCE,README.md,32d99e5a5a26e28a10bbc20ab4b4fff2d99c1da5,CVE-2022-20908
450360735,AlphabugX/CVE-2022-RCE,README.md,32d99e5a5a26e28a10bbc20ab4b4fff2d99c1da5,CVE-2022-20909
450360735,AlphabugX/CVE-2022-RCE,README.md,32d99e5a5a26e28a10bbc20ab4b4fff2d99c1da5,CVE-2022-20910
450360735,AlphabugX/CVE-2022-RCE,README.md,32d99e5a5a26e28a10bbc20ab4b4fff2d99c1da5,CVE-2022-20911
450360735,AlphabugX/CVE-2022-RCE,README.md,32d99e5a5a26e28a10bbc20ab4b4fff2d99c1da5,CVE-2022-20912
450360735,AlphabugX/CVE-2022-RCE,README.md,32d99e5a5a26e28a10bbc20ab4b4fff2d99c1da5,CVE-2022-20913
450360735,AlphabugX/CVE-2022-RCE,README.md,32d99e5a5a26e28a10bbc20ab4b4fff2d99c1da5,CVE-2022-20914
450360735,AlphabugX/CVE-2022-RCE,README.md,32d99e5a5a26e28a10bbc20ab4b4fff2d99c1da5,CVE-2022-20915
450360735,AlphabugX/CVE-2022-RCE,README.md,32d99e5a5a26e28a10bbc20ab4b4fff2d99c1da5,CVE-2022-20916
450360735,AlphabugX/CVE-2022-RCE,README.md,32d99e5a5a26e28a10bbc20ab4b4fff2d99c1da5,CVE-2022-20918
450360735,AlphabugX/CVE-2022-RCE,README.md,32d99e5a5a26e28a10bbc20ab4b4fff2d99c1da5,CVE-2022-20943
450360735,AlphabugX/CVE-2022-RCE,README.md,32d99e5a5a26e28a10bbc20ab4b4fff2d99c1da5,CVE-2022-20845
450360735,AlphabugX/CVE-2022-RCE,README.md,32d99e5a5a26e28a10bbc20ab4b4fff2d99c1da5,CVE-2022-20843
450360735,AlphabugX/CVE-2022-RCE,README.md,32d99e5a5a26e28a10bbc20ab4b4fff2d99c1da5,CVE-2022-20773
450360735,AlphabugX/CVE-2022-RCE,README.md,32d99e5a5a26e28a10bbc20ab4b4fff2d99c1da5,CVE-2022-20774
450360735,AlphabugX/CVE-2022-RCE,README.md,32d99e5a5a26e28a10bbc20ab4b4fff2d99c1da5,CVE-2022-20775
450360735,AlphabugX/CVE-2022-RCE,README.md,32d99e5a5a26e28a10bbc20ab4b4fff2d99c1da5,CVE-2022-20776
450360735,AlphabugX/CVE-2022-RCE,README.md,32d99e5a5a26e28a10bbc20ab4b4fff2d99c1da5,CVE-2022-20777
450360735,AlphabugX/CVE-2022-RCE,README.md,32d99e5a5a26e28a10bbc20ab4b4fff2d99c1da5,CVE-2022-20778
450360735,AlphabugX/CVE-2022-RCE,README.md,32d99e5a5a26e28a10bbc20ab4b4fff2d99c1da5,CVE-2022-20779
450360735,AlphabugX/CVE-2022-RCE,README.md,32d99e5a5a26e28a10bbc20ab4b4fff2d99c1da5,CVE-2022-20780
450360735,AlphabugX/CVE-2022-RCE,README.md,32d99e5a5a26e28a10bbc20ab4b4fff2d99c1da5,CVE-2022-20781
450360735,AlphabugX/CVE-2022-RCE,README.md,32d99e5a5a26e28a10bbc20ab4b4fff2d99c1da5,CVE-2022-20772
450360735,AlphabugX/CVE-2022-RCE,README.md,32d99e5a5a26e28a10bbc20ab4b4fff2d99c1da5,CVE-2022-20782
450360735,AlphabugX/CVE-2022-RCE,README.md,32d99e5a5a26e28a10bbc20ab4b4fff2d99c1da5,CVE-2022-20784
450360735,AlphabugX/CVE-2022-RCE,README.md,32d99e5a5a26e28a10bbc20ab4b4fff2d99c1da5,CVE-2022-20785
450360735,AlphabugX/CVE-2022-RCE,README.md,32d99e5a5a26e28a10bbc20ab4b4fff2d99c1da5,CVE-2022-20786
450360735,AlphabugX/CVE-2022-RCE,README.md,32d99e5a5a26e28a10bbc20ab4b4fff2d99c1da5,CVE-2022-20787
450360735,AlphabugX/CVE-2022-RCE,README.md,32d99e5a5a26e28a10bbc20ab4b4fff2d99c1da5,CVE-2022-20788
450360735,AlphabugX/CVE-2022-RCE,README.md,32d99e5a5a26e28a10bbc20ab4b4fff2d99c1da5,CVE-2022-20789
450360735,AlphabugX/CVE-2022-RCE,README.md,32d99e5a5a26e28a10bbc20ab4b4fff2d99c1da5,CVE-2022-20790
450360735,AlphabugX/CVE-2022-RCE,README.md,32d99e5a5a26e28a10bbc20ab4b4fff2d99c1da5,CVE-2022-20791
450360735,AlphabugX/CVE-2022-RCE,README.md,32d99e5a5a26e28a10bbc20ab4b4fff2d99c1da5,CVE-2022-20792
450360735,AlphabugX/CVE-2022-RCE,README.md,32d99e5a5a26e28a10bbc20ab4b4fff2d99c1da5,CVE-2022-20783
450360735,AlphabugX/CVE-2022-RCE,README.md,32d99e5a5a26e28a10bbc20ab4b4fff2d99c1da5,CVE-2022-20771
450360735,AlphabugX/CVE-2022-RCE,README.md,32d99e5a5a26e28a10bbc20ab4b4fff2d99c1da5,CVE-2022-20770
450360735,AlphabugX/CVE-2022-RCE,README.md,32d99e5a5a26e28a10bbc20ab4b4fff2d99c1da5,CVE-2022-20769
450360735,AlphabugX/CVE-2022-RCE,README.md,32d99e5a5a26e28a10bbc20ab4b4fff2d99c1da5,CVE-2022-20748
450360735,AlphabugX/CVE-2022-RCE,README.md,32d99e5a5a26e28a10bbc20ab4b4fff2d99c1da5,CVE-2022-20749
450360735,AlphabugX/CVE-2022-RCE,README.md,32d99e5a5a26e28a10bbc20ab4b4fff2d99c1da5,CVE-2022-20750
450360735,AlphabugX/CVE-2022-RCE,README.md,32d99e5a5a26e28a10bbc20ab4b4fff2d99c1da5,CVE-2022-20751
450360735,AlphabugX/CVE-2022-RCE,README.md,32d99e5a5a26e28a10bbc20ab4b4fff2d99c1da5,CVE-2022-20752
450360735,AlphabugX/CVE-2022-RCE,README.md,32d99e5a5a26e28a10bbc20ab4b4fff2d99c1da5,CVE-2022-20753
450360735,AlphabugX/CVE-2022-RCE,README.md,32d99e5a5a26e28a10bbc20ab4b4fff2d99c1da5,CVE-2022-20754
450360735,AlphabugX/CVE-2022-RCE,README.md,32d99e5a5a26e28a10bbc20ab4b4fff2d99c1da5,CVE-2022-20755
450360735,AlphabugX/CVE-2022-RCE,README.md,32d99e5a5a26e28a10bbc20ab4b4fff2d99c1da5,CVE-2022-20756
450360735,AlphabugX/CVE-2022-RCE,README.md,32d99e5a5a26e28a10bbc20ab4b4fff2d99c1da5,CVE-2022-20757
450360735,AlphabugX/CVE-2022-RCE,README.md,32d99e5a5a26e28a10bbc20ab4b4fff2d99c1da5,CVE-2022-20758
450360735,AlphabugX/CVE-2022-RCE,README.md,32d99e5a5a26e28a10bbc20ab4b4fff2d99c1da5,CVE-2022-20759
450360735,AlphabugX/CVE-2022-RCE,README.md,32d99e5a5a26e28a10bbc20ab4b4fff2d99c1da5,CVE-2022-20760
450360735,AlphabugX/CVE-2022-RCE,README.md,32d99e5a5a26e28a10bbc20ab4b4fff2d99c1da5,CVE-2022-20761
450360735,AlphabugX/CVE-2022-RCE,README.md,32d99e5a5a26e28a10bbc20ab4b4fff2d99c1da5,CVE-2022-20762
450360735,AlphabugX/CVE-2022-RCE,README.md,32d99e5a5a26e28a10bbc20ab4b4fff2d99c1da5,CVE-2022-20763
450360735,AlphabugX/CVE-2022-RCE,README.md,32d99e5a5a26e28a10bbc20ab4b4fff2d99c1da5,CVE-2022-20764
450360735,AlphabugX/CVE-2022-RCE,README.md,32d99e5a5a26e28a10bbc20ab4b4fff2d99c1da5,CVE-2022-20765
450360735,AlphabugX/CVE-2022-RCE,README.md,32d99e5a5a26e28a10bbc20ab4b4fff2d99c1da5,CVE-2022-20766
450360735,AlphabugX/CVE-2022-RCE,README.md,32d99e5a5a26e28a10bbc20ab4b4fff2d99c1da5,CVE-2022-20767
450360735,AlphabugX/CVE-2022-RCE,README.md,32d99e5a5a26e28a10bbc20ab4b4fff2d99c1da5,CVE-2022-20768
450360735,AlphabugX/CVE-2022-RCE,README.md,32d99e5a5a26e28a10bbc20ab4b4fff2d99c1da5,CVE-2022-20793
450360735,AlphabugX/CVE-2022-RCE,README.md,32d99e5a5a26e28a10bbc20ab4b4fff2d99c1da5,CVE-2022-20794
450360735,AlphabugX/CVE-2022-RCE,README.md,32d99e5a5a26e28a10bbc20ab4b4fff2d99c1da5,CVE-2022-20795
450360735,AlphabugX/CVE-2022-RCE,README.md,32d99e5a5a26e28a10bbc20ab4b4fff2d99c1da5,CVE-2022-20796
450360735,AlphabugX/CVE-2022-RCE,README.md,32d99e5a5a26e28a10bbc20ab4b4fff2d99c1da5,CVE-2022-20822
450360735,AlphabugX/CVE-2022-RCE,README.md,32d99e5a5a26e28a10bbc20ab4b4fff2d99c1da5,CVE-2022-20823
450360735,AlphabugX/CVE-2022-RCE,README.md,32d99e5a5a26e28a10bbc20ab4b4fff2d99c1da5,CVE-2022-20824
450360735,AlphabugX/CVE-2022-RCE,README.md,32d99e5a5a26e28a10bbc20ab4b4fff2d99c1da5,CVE-2022-20825
450360735,AlphabugX/CVE-2022-RCE,README.md,32d99e5a5a26e28a10bbc20ab4b4fff2d99c1da5,CVE-2022-20826
450360735,AlphabugX/CVE-2022-RCE,README.md,32d99e5a5a26e28a10bbc20ab4b4fff2d99c1da5,CVE-2022-20827
450360735,AlphabugX/CVE-2022-RCE,README.md,32d99e5a5a26e28a10bbc20ab4b4fff2d99c1da5,CVE-2022-20828
450360735,AlphabugX/CVE-2022-RCE,README.md,32d99e5a5a26e28a10bbc20ab4b4fff2d99c1da5,CVE-2022-20829
450360735,AlphabugX/CVE-2022-RCE,README.md,32d99e5a5a26e28a10bbc20ab4b4fff2d99c1da5,CVE-2022-20830
450360735,AlphabugX/CVE-2022-RCE,README.md,32d99e5a5a26e28a10bbc20ab4b4fff2d99c1da5,CVE-2022-20831
450360735,AlphabugX/CVE-2022-RCE,README.md,32d99e5a5a26e28a10bbc20ab4b4fff2d99c1da5,CVE-2022-20832
450360735,AlphabugX/CVE-2022-RCE,README.md,32d99e5a5a26e28a10bbc20ab4b4fff2d99c1da5,CVE-2022-20833
450360735,AlphabugX/CVE-2022-RCE,README.md,32d99e5a5a26e28a10bbc20ab4b4fff2d99c1da5,CVE-2022-20834
450360735,AlphabugX/CVE-2022-RCE,README.md,32d99e5a5a26e28a10bbc20ab4b4fff2d99c1da5,CVE-2022-20835
450360735,AlphabugX/CVE-2022-RCE,README.md,32d99e5a5a26e28a10bbc20ab4b4fff2d99c1da5,CVE-2022-20836
450360735,AlphabugX/CVE-2022-RCE,README.md,32d99e5a5a26e28a10bbc20ab4b4fff2d99c1da5,CVE-2022-20837
450360735,AlphabugX/CVE-2022-RCE,README.md,32d99e5a5a26e28a10bbc20ab4b4fff2d99c1da5,CVE-2022-20838
450360735,AlphabugX/CVE-2022-RCE,README.md,32d99e5a5a26e28a10bbc20ab4b4fff2d99c1da5,CVE-2022-20839
450360735,AlphabugX/CVE-2022-RCE,README.md,32d99e5a5a26e28a10bbc20ab4b4fff2d99c1da5,CVE-2022-20840
450360735,AlphabugX/CVE-2022-RCE,README.md,32d99e5a5a26e28a10bbc20ab4b4fff2d99c1da5,CVE-2022-20841
450360735,AlphabugX/CVE-2022-RCE,README.md,32d99e5a5a26e28a10bbc20ab4b4fff2d99c1da5,CVE-2022-20842
450360735,AlphabugX/CVE-2022-RCE,README.md,32d99e5a5a26e28a10bbc20ab4b4fff2d99c1da5,CVE-2022-20821
450360735,AlphabugX/CVE-2022-RCE,README.md,32d99e5a5a26e28a10bbc20ab4b4fff2d99c1da5,CVE-2022-20844
450360735,AlphabugX/CVE-2022-RCE,README.md,32d99e5a5a26e28a10bbc20ab4b4fff2d99c1da5,CVE-2022-20820
450360735,AlphabugX/CVE-2022-RCE,README.md,32d99e5a5a26e28a10bbc20ab4b4fff2d99c1da5,CVE-2022-20818
450360735,AlphabugX/CVE-2022-RCE,README.md,32d99e5a5a26e28a10bbc20ab4b4fff2d99c1da5,CVE-2022-20797
450360735,AlphabugX/CVE-2022-RCE,README.md,32d99e5a5a26e28a10bbc20ab4b4fff2d99c1da5,CVE-2022-20798
450360735,AlphabugX/CVE-2022-RCE,README.md,32d99e5a5a26e28a10bbc20ab4b4fff2d99c1da5,CVE-2022-20799
450360735,AlphabugX/CVE-2022-RCE,README.md,32d99e5a5a26e28a10bbc20ab4b4fff2d99c1da5,CVE-2022-20800
450360735,AlphabugX/CVE-2022-RCE,README.md,32d99e5a5a26e28a10bbc20ab4b4fff2d99c1da5,CVE-2022-20801
450360735,AlphabugX/CVE-2022-RCE,README.md,32d99e5a5a26e28a10bbc20ab4b4fff2d99c1da5,CVE-2022-20802
450360735,AlphabugX/CVE-2022-RCE,README.md,32d99e5a5a26e28a10bbc20ab4b4fff2d99c1da5,CVE-2022-20803
450360735,AlphabugX/CVE-2022-RCE,README.md,32d99e5a5a26e28a10bbc20ab4b4fff2d99c1da5,CVE-2022-20804
450360735,AlphabugX/CVE-2022-RCE,README.md,32d99e5a5a26e28a10bbc20ab4b4fff2d99c1da5,CVE-2022-20805
450360735,AlphabugX/CVE-2022-RCE,README.md,32d99e5a5a26e28a10bbc20ab4b4fff2d99c1da5,CVE-2022-20806
450360735,AlphabugX/CVE-2022-RCE,README.md,32d99e5a5a26e28a10bbc20ab4b4fff2d99c1da5,CVE-2022-20807
450360735,AlphabugX/CVE-2022-RCE,README.md,32d99e5a5a26e28a10bbc20ab4b4fff2d99c1da5,CVE-2022-20808
450360735,AlphabugX/CVE-2022-RCE,README.md,32d99e5a5a26e28a10bbc20ab4b4fff2d99c1da5,CVE-2022-20809
450360735,AlphabugX/CVE-2022-RCE,README.md,32d99e5a5a26e28a10bbc20ab4b4fff2d99c1da5,CVE-2022-20810
450360735,AlphabugX/CVE-2022-RCE,README.md,32d99e5a5a26e28a10bbc20ab4b4fff2d99c1da5,CVE-2022-20811
450360735,AlphabugX/CVE-2022-RCE,README.md,32d99e5a5a26e28a10bbc20ab4b4fff2d99c1da5,CVE-2022-20812
450360735,AlphabugX/CVE-2022-RCE,README.md,32d99e5a5a26e28a10bbc20ab4b4fff2d99c1da5,CVE-2022-20813
450360735,AlphabugX/CVE-2022-RCE,README.md,32d99e5a5a26e28a10bbc20ab4b4fff2d99c1da5,CVE-2022-20814
450360735,AlphabugX/CVE-2022-RCE,README.md,32d99e5a5a26e28a10bbc20ab4b4fff2d99c1da5,CVE-2022-20815
450360735,AlphabugX/CVE-2022-RCE,README.md,32d99e5a5a26e28a10bbc20ab4b4fff2d99c1da5,CVE-2022-20816
450360735,AlphabugX/CVE-2022-RCE,README.md,32d99e5a5a26e28a10bbc20ab4b4fff2d99c1da5,CVE-2022-20817
450360735,AlphabugX/CVE-2022-RCE,README.md,32d99e5a5a26e28a10bbc20ab4b4fff2d99c1da5,CVE-2022-20819
450360735,AlphabugX/CVE-2022-RCE,README.md,32d99e5a5a26e28a10bbc20ab4b4fff2d99c1da5,CVE-2022-23805
450360735,AlphabugX/CVE-2022-RCE,README.md,32d99e5a5a26e28a10bbc20ab4b4fff2d99c1da5,CVE-2022-21400
450360735,AlphabugX/CVE-2022-RCE,README.md,32d99e5a5a26e28a10bbc20ab4b4fff2d99c1da5,CVE-2022-21402
450360735,AlphabugX/CVE-2022-RCE,README.md,32d99e5a5a26e28a10bbc20ab4b4fff2d99c1da5,CVE-2022-21933
450360735,AlphabugX/CVE-2022-RCE,README.md,32d99e5a5a26e28a10bbc20ab4b4fff2d99c1da5,CVE-2022-21934
450360735,AlphabugX/CVE-2022-RCE,README.md,32d99e5a5a26e28a10bbc20ab4b4fff2d99c1da5,CVE-2022-21935
450360735,AlphabugX/CVE-2022-RCE,README.md,32d99e5a5a26e28a10bbc20ab4b4fff2d99c1da5,CVE-2022-21936
450360735,AlphabugX/CVE-2022-RCE,README.md,32d99e5a5a26e28a10bbc20ab4b4fff2d99c1da5,CVE-2022-21937
450360735,AlphabugX/CVE-2022-RCE,README.md,32d99e5a5a26e28a10bbc20ab4b4fff2d99c1da5,CVE-2022-21938
450360735,AlphabugX/CVE-2022-RCE,README.md,32d99e5a5a26e28a10bbc20ab4b4fff2d99c1da5,CVE-2022-21939
450360735,AlphabugX/CVE-2022-RCE,README.md,32d99e5a5a26e28a10bbc20ab4b4fff2d99c1da5,CVE-2022-21940
450360735,AlphabugX/CVE-2022-RCE,README.md,32d99e5a5a26e28a10bbc20ab4b4fff2d99c1da5,CVE-2022-21941
450360735,AlphabugX/CVE-2022-RCE,README.md,32d99e5a5a26e28a10bbc20ab4b4fff2d99c1da5,CVE-2022-21932
450360735,AlphabugX/CVE-2022-RCE,README.md,32d99e5a5a26e28a10bbc20ab4b4fff2d99c1da5,CVE-2022-21942
450360735,AlphabugX/CVE-2022-RCE,README.md,32d99e5a5a26e28a10bbc20ab4b4fff2d99c1da5,CVE-2022-21944
450360735,AlphabugX/CVE-2022-RCE,README.md,32d99e5a5a26e28a10bbc20ab4b4fff2d99c1da5,CVE-2022-21945
450360735,AlphabugX/CVE-2022-RCE,README.md,32d99e5a5a26e28a10bbc20ab4b4fff2d99c1da5,CVE-2022-21946
450360735,AlphabugX/CVE-2022-RCE,README.md,32d99e5a5a26e28a10bbc20ab4b4fff2d99c1da5,CVE-2022-21947
450360735,AlphabugX/CVE-2022-RCE,README.md,32d99e5a5a26e28a10bbc20ab4b4fff2d99c1da5,CVE-2022-21948
450360735,AlphabugX/CVE-2022-RCE,README.md,32d99e5a5a26e28a10bbc20ab4b4fff2d99c1da5,CVE-2022-21949
450360735,AlphabugX/CVE-2022-RCE,README.md,32d99e5a5a26e28a10bbc20ab4b4fff2d99c1da5,CVE-2022-21950
450360735,AlphabugX/CVE-2022-RCE,README.md,32d99e5a5a26e28a10bbc20ab4b4fff2d99c1da5,CVE-2022-21951
450360735,AlphabugX/CVE-2022-RCE,README.md,32d99e5a5a26e28a10bbc20ab4b4fff2d99c1da5,CVE-2022-21952
450360735,AlphabugX/CVE-2022-RCE,README.md,32d99e5a5a26e28a10bbc20ab4b4fff2d99c1da5,CVE-2022-21943
450360735,AlphabugX/CVE-2022-RCE,README.md,32d99e5a5a26e28a10bbc20ab4b4fff2d99c1da5,CVE-2022-21931
450360735,AlphabugX/CVE-2022-RCE,README.md,32d99e5a5a26e28a10bbc20ab4b4fff2d99c1da5,CVE-2022-21930
450360735,AlphabugX/CVE-2022-RCE,README.md,32d99e5a5a26e28a10bbc20ab4b4fff2d99c1da5,CVE-2022-21929
450360735,AlphabugX/CVE-2022-RCE,README.md,32d99e5a5a26e28a10bbc20ab4b4fff2d99c1da5,CVE-2022-21908
450360735,AlphabugX/CVE-2022-RCE,README.md,32d99e5a5a26e28a10bbc20ab4b4fff2d99c1da5,CVE-2022-21909
450360735,AlphabugX/CVE-2022-RCE,README.md,32d99e5a5a26e28a10bbc20ab4b4fff2d99c1da5,CVE-2022-21910
450360735,AlphabugX/CVE-2022-RCE,README.md,32d99e5a5a26e28a10bbc20ab4b4fff2d99c1da5,CVE-2022-21911
450360735,AlphabugX/CVE-2022-RCE,README.md,32d99e5a5a26e28a10bbc20ab4b4fff2d99c1da5,CVE-2022-21912
450360735,AlphabugX/CVE-2022-RCE,README.md,32d99e5a5a26e28a10bbc20ab4b4fff2d99c1da5,CVE-2022-21913
450360735,AlphabugX/CVE-2022-RCE,README.md,32d99e5a5a26e28a10bbc20ab4b4fff2d99c1da5,CVE-2022-21914
450360735,AlphabugX/CVE-2022-RCE,README.md,32d99e5a5a26e28a10bbc20ab4b4fff2d99c1da5,CVE-2022-21915
450360735,AlphabugX/CVE-2022-RCE,README.md,32d99e5a5a26e28a10bbc20ab4b4fff2d99c1da5,CVE-2022-21916
450360735,AlphabugX/CVE-2022-RCE,README.md,32d99e5a5a26e28a10bbc20ab4b4fff2d99c1da5,CVE-2022-21917
450360735,AlphabugX/CVE-2022-RCE,README.md,32d99e5a5a26e28a10bbc20ab4b4fff2d99c1da5,CVE-2022-21918
450360735,AlphabugX/CVE-2022-RCE,README.md,32d99e5a5a26e28a10bbc20ab4b4fff2d99c1da5,CVE-2022-21919
450360735,AlphabugX/CVE-2022-RCE,README.md,32d99e5a5a26e28a10bbc20ab4b4fff2d99c1da5,CVE-2022-21920
450360735,AlphabugX/CVE-2022-RCE,README.md,32d99e5a5a26e28a10bbc20ab4b4fff2d99c1da5,CVE-2022-21921
450360735,AlphabugX/CVE-2022-RCE,README.md,32d99e5a5a26e28a10bbc20ab4b4fff2d99c1da5,CVE-2022-21922
450360735,AlphabugX/CVE-2022-RCE,README.md,32d99e5a5a26e28a10bbc20ab4b4fff2d99c1da5,CVE-2022-21923
450360735,AlphabugX/CVE-2022-RCE,README.md,32d99e5a5a26e28a10bbc20ab4b4fff2d99c1da5,CVE-2022-21924
450360735,AlphabugX/CVE-2022-RCE,README.md,32d99e5a5a26e28a10bbc20ab4b4fff2d99c1da5,CVE-2022-21925
450360735,AlphabugX/CVE-2022-RCE,README.md,32d99e5a5a26e28a10bbc20ab4b4fff2d99c1da5,CVE-2022-21926
450360735,AlphabugX/CVE-2022-RCE,README.md,32d99e5a5a26e28a10bbc20ab4b4fff2d99c1da5,CVE-2022-21927
450360735,AlphabugX/CVE-2022-RCE,README.md,32d99e5a5a26e28a10bbc20ab4b4fff2d99c1da5,CVE-2022-21928
450360735,AlphabugX/CVE-2022-RCE,README.md,32d99e5a5a26e28a10bbc20ab4b4fff2d99c1da5,CVE-2022-21953
450360735,AlphabugX/CVE-2022-RCE,README.md,32d99e5a5a26e28a10bbc20ab4b4fff2d99c1da5,CVE-2022-21907
450360735,AlphabugX/CVE-2022-RCE,README.md,32d99e5a5a26e28a10bbc20ab4b4fff2d99c1da5,CVE-2022-21954
450360735,AlphabugX/CVE-2022-RCE,README.md,32d99e5a5a26e28a10bbc20ab4b4fff2d99c1da5,CVE-2022-21956
450360735,AlphabugX/CVE-2022-RCE,README.md,32d99e5a5a26e28a10bbc20ab4b4fff2d99c1da5,CVE-2022-21982
450360735,AlphabugX/CVE-2022-RCE,README.md,32d99e5a5a26e28a10bbc20ab4b4fff2d99c1da5,CVE-2022-21983
450360735,AlphabugX/CVE-2022-RCE,README.md,32d99e5a5a26e28a10bbc20ab4b4fff2d99c1da5,CVE-2022-21984
450360735,AlphabugX/CVE-2022-RCE,README.md,32d99e5a5a26e28a10bbc20ab4b4fff2d99c1da5,CVE-2022-21985
450360735,AlphabugX/CVE-2022-RCE,README.md,32d99e5a5a26e28a10bbc20ab4b4fff2d99c1da5,CVE-2022-21986
450360735,AlphabugX/CVE-2022-RCE,README.md,32d99e5a5a26e28a10bbc20ab4b4fff2d99c1da5,CVE-2022-21987
450360735,AlphabugX/CVE-2022-RCE,README.md,32d99e5a5a26e28a10bbc20ab4b4fff2d99c1da5,CVE-2022-21988
450360735,AlphabugX/CVE-2022-RCE,README.md,32d99e5a5a26e28a10bbc20ab4b4fff2d99c1da5,CVE-2022-21989
450360735,AlphabugX/CVE-2022-RCE,README.md,32d99e5a5a26e28a10bbc20ab4b4fff2d99c1da5,CVE-2022-21990
450360735,AlphabugX/CVE-2022-RCE,README.md,32d99e5a5a26e28a10bbc20ab4b4fff2d99c1da5,CVE-2022-21981
450360735,AlphabugX/CVE-2022-RCE,README.md,32d99e5a5a26e28a10bbc20ab4b4fff2d99c1da5,CVE-2022-21991
450360735,AlphabugX/CVE-2022-RCE,README.md,32d99e5a5a26e28a10bbc20ab4b4fff2d99c1da5,CVE-2022-21993
450360735,AlphabugX/CVE-2022-RCE,README.md,32d99e5a5a26e28a10bbc20ab4b4fff2d99c1da5,CVE-2022-21994
450360735,AlphabugX/CVE-2022-RCE,README.md,32d99e5a5a26e28a10bbc20ab4b4fff2d99c1da5,CVE-2022-21995
450360735,AlphabugX/CVE-2022-RCE,README.md,32d99e5a5a26e28a10bbc20ab4b4fff2d99c1da5,CVE-2022-21996
450360735,AlphabugX/CVE-2022-RCE,README.md,32d99e5a5a26e28a10bbc20ab4b4fff2d99c1da5,CVE-2022-21997
450360735,AlphabugX/CVE-2022-RCE,README.md,32d99e5a5a26e28a10bbc20ab4b4fff2d99c1da5,CVE-2022-21998
450360735,AlphabugX/CVE-2022-RCE,README.md,32d99e5a5a26e28a10bbc20ab4b4fff2d99c1da5,CVE-2022-21999
450360735,AlphabugX/CVE-2022-RCE,README.md,32d99e5a5a26e28a10bbc20ab4b4fff2d99c1da5,CVE-2022-22000
450360735,AlphabugX/CVE-2022-RCE,README.md,32d99e5a5a26e28a10bbc20ab4b4fff2d99c1da5,CVE-2022-22001
450360735,AlphabugX/CVE-2022-RCE,README.md,32d99e5a5a26e28a10bbc20ab4b4fff2d99c1da5,CVE-2022-21992
450360735,AlphabugX/CVE-2022-RCE,README.md,32d99e5a5a26e28a10bbc20ab4b4fff2d99c1da5,CVE-2022-21980
450360735,AlphabugX/CVE-2022-RCE,README.md,32d99e5a5a26e28a10bbc20ab4b4fff2d99c1da5,CVE-2022-21979
450360735,AlphabugX/CVE-2022-RCE,README.md,32d99e5a5a26e28a10bbc20ab4b4fff2d99c1da5,CVE-2022-21978
450360735,AlphabugX/CVE-2022-RCE,README.md,32d99e5a5a26e28a10bbc20ab4b4fff2d99c1da5,CVE-2022-21957
450360735,AlphabugX/CVE-2022-RCE,README.md,32d99e5a5a26e28a10bbc20ab4b4fff2d99c1da5,CVE-2022-21958
450360735,AlphabugX/CVE-2022-RCE,README.md,32d99e5a5a26e28a10bbc20ab4b4fff2d99c1da5,CVE-2022-21959
450360735,AlphabugX/CVE-2022-RCE,README.md,32d99e5a5a26e28a10bbc20ab4b4fff2d99c1da5,CVE-2022-21960
450360735,AlphabugX/CVE-2022-RCE,README.md,32d99e5a5a26e28a10bbc20ab4b4fff2d99c1da5,CVE-2022-21961
450360735,AlphabugX/CVE-2022-RCE,README.md,32d99e5a5a26e28a10bbc20ab4b4fff2d99c1da5,CVE-2022-21962
450360735,AlphabugX/CVE-2022-RCE,README.md,32d99e5a5a26e28a10bbc20ab4b4fff2d99c1da5,CVE-2022-21963
450360735,AlphabugX/CVE-2022-RCE,README.md,32d99e5a5a26e28a10bbc20ab4b4fff2d99c1da5,CVE-2022-21964
450360735,AlphabugX/CVE-2022-RCE,README.md,32d99e5a5a26e28a10bbc20ab4b4fff2d99c1da5,CVE-2022-21965
450360735,AlphabugX/CVE-2022-RCE,README.md,32d99e5a5a26e28a10bbc20ab4b4fff2d99c1da5,CVE-2022-21966
450360735,AlphabugX/CVE-2022-RCE,README.md,32d99e5a5a26e28a10bbc20ab4b4fff2d99c1da5,CVE-2022-21967
450360735,AlphabugX/CVE-2022-RCE,README.md,32d99e5a5a26e28a10bbc20ab4b4fff2d99c1da5,CVE-2022-21968
450360735,AlphabugX/CVE-2022-RCE,README.md,32d99e5a5a26e28a10bbc20ab4b4fff2d99c1da5,CVE-2022-21969
450360735,AlphabugX/CVE-2022-RCE,README.md,32d99e5a5a26e28a10bbc20ab4b4fff2d99c1da5,CVE-2022-21970
450360735,AlphabugX/CVE-2022-RCE,README.md,32d99e5a5a26e28a10bbc20ab4b4fff2d99c1da5,CVE-2022-21971
450360735,AlphabugX/CVE-2022-RCE,README.md,32d99e5a5a26e28a10bbc20ab4b4fff2d99c1da5,CVE-2022-21972
450360735,AlphabugX/CVE-2022-RCE,README.md,32d99e5a5a26e28a10bbc20ab4b4fff2d99c1da5,CVE-2022-21973
450360735,AlphabugX/CVE-2022-RCE,README.md,32d99e5a5a26e28a10bbc20ab4b4fff2d99c1da5,CVE-2022-21974
450360735,AlphabugX/CVE-2022-RCE,README.md,32d99e5a5a26e28a10bbc20ab4b4fff2d99c1da5,CVE-2022-21975
450360735,AlphabugX/CVE-2022-RCE,README.md,32d99e5a5a26e28a10bbc20ab4b4fff2d99c1da5,CVE-2022-21976
450360735,AlphabugX/CVE-2022-RCE,README.md,32d99e5a5a26e28a10bbc20ab4b4fff2d99c1da5,CVE-2022-21977
450360735,AlphabugX/CVE-2022-RCE,README.md,32d99e5a5a26e28a10bbc20ab4b4fff2d99c1da5,CVE-2022-21955
450360735,AlphabugX/CVE-2022-RCE,README.md,32d99e5a5a26e28a10bbc20ab4b4fff2d99c1da5,CVE-2022-21906
450360735,AlphabugX/CVE-2022-RCE,README.md,32d99e5a5a26e28a10bbc20ab4b4fff2d99c1da5,CVE-2022-21905
450360735,AlphabugX/CVE-2022-RCE,README.md,32d99e5a5a26e28a10bbc20ab4b4fff2d99c1da5,CVE-2022-21904
450360735,AlphabugX/CVE-2022-RCE,README.md,32d99e5a5a26e28a10bbc20ab4b4fff2d99c1da5,CVE-2022-21834
450360735,AlphabugX/CVE-2022-RCE,README.md,32d99e5a5a26e28a10bbc20ab4b4fff2d99c1da5,CVE-2022-21835
450360735,AlphabugX/CVE-2022-RCE,README.md,32d99e5a5a26e28a10bbc20ab4b4fff2d99c1da5,CVE-2022-21836
450360735,AlphabugX/CVE-2022-RCE,README.md,32d99e5a5a26e28a10bbc20ab4b4fff2d99c1da5,CVE-2022-21837
450360735,AlphabugX/CVE-2022-RCE,README.md,32d99e5a5a26e28a10bbc20ab4b4fff2d99c1da5,CVE-2022-21838
450360735,AlphabugX/CVE-2022-RCE,README.md,32d99e5a5a26e28a10bbc20ab4b4fff2d99c1da5,CVE-2022-21839
450360735,AlphabugX/CVE-2022-RCE,README.md,32d99e5a5a26e28a10bbc20ab4b4fff2d99c1da5,CVE-2022-21840
450360735,AlphabugX/CVE-2022-RCE,README.md,32d99e5a5a26e28a10bbc20ab4b4fff2d99c1da5,CVE-2022-21841
450360735,AlphabugX/CVE-2022-RCE,README.md,32d99e5a5a26e28a10bbc20ab4b4fff2d99c1da5,CVE-2022-21842
450360735,AlphabugX/CVE-2022-RCE,README.md,32d99e5a5a26e28a10bbc20ab4b4fff2d99c1da5,CVE-2022-21833
450360735,AlphabugX/CVE-2022-RCE,README.md,32d99e5a5a26e28a10bbc20ab4b4fff2d99c1da5,CVE-2022-21843
450360735,AlphabugX/CVE-2022-RCE,README.md,32d99e5a5a26e28a10bbc20ab4b4fff2d99c1da5,CVE-2022-21845
450360735,AlphabugX/CVE-2022-RCE,README.md,32d99e5a5a26e28a10bbc20ab4b4fff2d99c1da5,CVE-2022-21846
450360735,AlphabugX/CVE-2022-RCE,README.md,32d99e5a5a26e28a10bbc20ab4b4fff2d99c1da5,CVE-2022-21847
450360735,AlphabugX/CVE-2022-RCE,README.md,32d99e5a5a26e28a10bbc20ab4b4fff2d99c1da5,CVE-2022-21848
450360735,AlphabugX/CVE-2022-RCE,README.md,32d99e5a5a26e28a10bbc20ab4b4fff2d99c1da5,CVE-2022-21849
450360735,AlphabugX/CVE-2022-RCE,README.md,32d99e5a5a26e28a10bbc20ab4b4fff2d99c1da5,CVE-2022-21850
450360735,AlphabugX/CVE-2022-RCE,README.md,32d99e5a5a26e28a10bbc20ab4b4fff2d99c1da5,CVE-2022-21851
450360735,AlphabugX/CVE-2022-RCE,README.md,32d99e5a5a26e28a10bbc20ab4b4fff2d99c1da5,CVE-2022-21852
450360735,AlphabugX/CVE-2022-RCE,README.md,32d99e5a5a26e28a10bbc20ab4b4fff2d99c1da5,CVE-2022-21853
450360735,AlphabugX/CVE-2022-RCE,README.md,32d99e5a5a26e28a10bbc20ab4b4fff2d99c1da5,CVE-2022-21844
450360735,AlphabugX/CVE-2022-RCE,README.md,32d99e5a5a26e28a10bbc20ab4b4fff2d99c1da5,CVE-2022-21832
450360735,AlphabugX/CVE-2022-RCE,README.md,32d99e5a5a26e28a10bbc20ab4b4fff2d99c1da5,CVE-2022-21831
450360735,AlphabugX/CVE-2022-RCE,README.md,32d99e5a5a26e28a10bbc20ab4b4fff2d99c1da5,CVE-2022-21830
450360735,AlphabugX/CVE-2022-RCE,README.md,32d99e5a5a26e28a10bbc20ab4b4fff2d99c1da5,CVE-2022-21804
450360735,AlphabugX/CVE-2022-RCE,README.md,32d99e5a5a26e28a10bbc20ab4b4fff2d99c1da5,CVE-2022-21805
450360735,AlphabugX/CVE-2022-RCE,README.md,32d99e5a5a26e28a10bbc20ab4b4fff2d99c1da5,CVE-2022-21806
450360735,AlphabugX/CVE-2022-RCE,README.md,32d99e5a5a26e28a10bbc20ab4b4fff2d99c1da5,CVE-2022-21812
450360735,AlphabugX/CVE-2022-RCE,README.md,32d99e5a5a26e28a10bbc20ab4b4fff2d99c1da5,CVE-2022-21813
450360735,AlphabugX/CVE-2022-RCE,README.md,32d99e5a5a26e28a10bbc20ab4b4fff2d99c1da5,CVE-2022-21814
450360735,AlphabugX/CVE-2022-RCE,README.md,32d99e5a5a26e28a10bbc20ab4b4fff2d99c1da5,CVE-2022-21815
450360735,AlphabugX/CVE-2022-RCE,README.md,32d99e5a5a26e28a10bbc20ab4b4fff2d99c1da5,CVE-2022-21816
450360735,AlphabugX/CVE-2022-RCE,README.md,32d99e5a5a26e28a10bbc20ab4b4fff2d99c1da5,CVE-2022-21817
450360735,AlphabugX/CVE-2022-RCE,README.md,32d99e5a5a26e28a10bbc20ab4b4fff2d99c1da5,CVE-2022-21818
450360735,AlphabugX/CVE-2022-RCE,README.md,32d99e5a5a26e28a10bbc20ab4b4fff2d99c1da5,CVE-2022-21819
450360735,AlphabugX/CVE-2022-RCE,README.md,32d99e5a5a26e28a10bbc20ab4b4fff2d99c1da5,CVE-2022-21820
450360735,AlphabugX/CVE-2022-RCE,README.md,32d99e5a5a26e28a10bbc20ab4b4fff2d99c1da5,CVE-2022-21821
450360735,AlphabugX/CVE-2022-RCE,README.md,32d99e5a5a26e28a10bbc20ab4b4fff2d99c1da5,CVE-2022-21822
450360735,AlphabugX/CVE-2022-RCE,README.md,32d99e5a5a26e28a10bbc20ab4b4fff2d99c1da5,CVE-2022-21823
450360735,AlphabugX/CVE-2022-RCE,README.md,32d99e5a5a26e28a10bbc20ab4b4fff2d99c1da5,CVE-2022-21824
450360735,AlphabugX/CVE-2022-RCE,README.md,32d99e5a5a26e28a10bbc20ab4b4fff2d99c1da5,CVE-2022-21825
450360735,AlphabugX/CVE-2022-RCE,README.md,32d99e5a5a26e28a10bbc20ab4b4fff2d99c1da5,CVE-2022-21826
450360735,AlphabugX/CVE-2022-RCE,README.md,32d99e5a5a26e28a10bbc20ab4b4fff2d99c1da5,CVE-2022-21827
450360735,AlphabugX/CVE-2022-RCE,README.md,32d99e5a5a26e28a10bbc20ab4b4fff2d99c1da5,CVE-2022-21828
450360735,AlphabugX/CVE-2022-RCE,README.md,32d99e5a5a26e28a10bbc20ab4b4fff2d99c1da5,CVE-2022-21829
450360735,AlphabugX/CVE-2022-RCE,README.md,32d99e5a5a26e28a10bbc20ab4b4fff2d99c1da5,CVE-2022-21854
450360735,AlphabugX/CVE-2022-RCE,README.md,32d99e5a5a26e28a10bbc20ab4b4fff2d99c1da5,CVE-2022-21855
450360735,AlphabugX/CVE-2022-RCE,README.md,32d99e5a5a26e28a10bbc20ab4b4fff2d99c1da5,CVE-2022-21856
450360735,AlphabugX/CVE-2022-RCE,README.md,32d99e5a5a26e28a10bbc20ab4b4fff2d99c1da5,CVE-2022-21857
450360735,AlphabugX/CVE-2022-RCE,README.md,32d99e5a5a26e28a10bbc20ab4b4fff2d99c1da5,CVE-2022-21883
450360735,AlphabugX/CVE-2022-RCE,README.md,32d99e5a5a26e28a10bbc20ab4b4fff2d99c1da5,CVE-2022-21884
450360735,AlphabugX/CVE-2022-RCE,README.md,32d99e5a5a26e28a10bbc20ab4b4fff2d99c1da5,CVE-2022-21885
450360735,AlphabugX/CVE-2022-RCE,README.md,32d99e5a5a26e28a10bbc20ab4b4fff2d99c1da5,CVE-2022-21886
450360735,AlphabugX/CVE-2022-RCE,README.md,32d99e5a5a26e28a10bbc20ab4b4fff2d99c1da5,CVE-2022-21887
450360735,AlphabugX/CVE-2022-RCE,README.md,32d99e5a5a26e28a10bbc20ab4b4fff2d99c1da5,CVE-2022-21888
450360735,AlphabugX/CVE-2022-RCE,README.md,32d99e5a5a26e28a10bbc20ab4b4fff2d99c1da5,CVE-2022-21889
450360735,AlphabugX/CVE-2022-RCE,README.md,32d99e5a5a26e28a10bbc20ab4b4fff2d99c1da5,CVE-2022-21890
450360735,AlphabugX/CVE-2022-RCE,README.md,32d99e5a5a26e28a10bbc20ab4b4fff2d99c1da5,CVE-2022-21891
450360735,AlphabugX/CVE-2022-RCE,README.md,32d99e5a5a26e28a10bbc20ab4b4fff2d99c1da5,CVE-2022-21892
450360735,AlphabugX/CVE-2022-RCE,README.md,32d99e5a5a26e28a10bbc20ab4b4fff2d99c1da5,CVE-2022-21893
450360735,AlphabugX/CVE-2022-RCE,README.md,32d99e5a5a26e28a10bbc20ab4b4fff2d99c1da5,CVE-2022-21894
450360735,AlphabugX/CVE-2022-RCE,README.md,32d99e5a5a26e28a10bbc20ab4b4fff2d99c1da5,CVE-2022-21895
450360735,AlphabugX/CVE-2022-RCE,README.md,32d99e5a5a26e28a10bbc20ab4b4fff2d99c1da5,CVE-2022-21896
450360735,AlphabugX/CVE-2022-RCE,README.md,32d99e5a5a26e28a10bbc20ab4b4fff2d99c1da5,CVE-2022-21897
450360735,AlphabugX/CVE-2022-RCE,README.md,32d99e5a5a26e28a10bbc20ab4b4fff2d99c1da5,CVE-2022-21898
450360735,AlphabugX/CVE-2022-RCE,README.md,32d99e5a5a26e28a10bbc20ab4b4fff2d99c1da5,CVE-2022-21899
450360735,AlphabugX/CVE-2022-RCE,README.md,32d99e5a5a26e28a10bbc20ab4b4fff2d99c1da5,CVE-2022-21900
450360735,AlphabugX/CVE-2022-RCE,README.md,32d99e5a5a26e28a10bbc20ab4b4fff2d99c1da5,CVE-2022-21901
450360735,AlphabugX/CVE-2022-RCE,README.md,32d99e5a5a26e28a10bbc20ab4b4fff2d99c1da5,CVE-2022-21902
450360735,AlphabugX/CVE-2022-RCE,README.md,32d99e5a5a26e28a10bbc20ab4b4fff2d99c1da5,CVE-2022-21903
450360735,AlphabugX/CVE-2022-RCE,README.md,32d99e5a5a26e28a10bbc20ab4b4fff2d99c1da5,CVE-2022-21882
450360735,AlphabugX/CVE-2022-RCE,README.md,32d99e5a5a26e28a10bbc20ab4b4fff2d99c1da5,CVE-2022-22002
450360735,AlphabugX/CVE-2022-RCE,README.md,32d99e5a5a26e28a10bbc20ab4b4fff2d99c1da5,CVE-2022-21881
450360735,AlphabugX/CVE-2022-RCE,README.md,32d99e5a5a26e28a10bbc20ab4b4fff2d99c1da5,CVE-2022-21879
450360735,AlphabugX/CVE-2022-RCE,README.md,32d99e5a5a26e28a10bbc20ab4b4fff2d99c1da5,CVE-2022-21858
450360735,AlphabugX/CVE-2022-RCE,README.md,32d99e5a5a26e28a10bbc20ab4b4fff2d99c1da5,CVE-2022-21859
450360735,AlphabugX/CVE-2022-RCE,README.md,32d99e5a5a26e28a10bbc20ab4b4fff2d99c1da5,CVE-2022-21860
450360735,AlphabugX/CVE-2022-RCE,README.md,32d99e5a5a26e28a10bbc20ab4b4fff2d99c1da5,CVE-2022-21861
450360735,AlphabugX/CVE-2022-RCE,README.md,32d99e5a5a26e28a10bbc20ab4b4fff2d99c1da5,CVE-2022-21862
450360735,AlphabugX/CVE-2022-RCE,README.md,32d99e5a5a26e28a10bbc20ab4b4fff2d99c1da5,CVE-2022-21863
450360735,AlphabugX/CVE-2022-RCE,README.md,32d99e5a5a26e28a10bbc20ab4b4fff2d99c1da5,CVE-2022-21864
450360735,AlphabugX/CVE-2022-RCE,README.md,32d99e5a5a26e28a10bbc20ab4b4fff2d99c1da5,CVE-2022-21865
450360735,AlphabugX/CVE-2022-RCE,README.md,32d99e5a5a26e28a10bbc20ab4b4fff2d99c1da5,CVE-2022-21866
450360735,AlphabugX/CVE-2022-RCE,README.md,32d99e5a5a26e28a10bbc20ab4b4fff2d99c1da5,CVE-2022-21867
450360735,AlphabugX/CVE-2022-RCE,README.md,32d99e5a5a26e28a10bbc20ab4b4fff2d99c1da5,CVE-2022-21868
450360735,AlphabugX/CVE-2022-RCE,README.md,32d99e5a5a26e28a10bbc20ab4b4fff2d99c1da5,CVE-2022-21869
450360735,AlphabugX/CVE-2022-RCE,README.md,32d99e5a5a26e28a10bbc20ab4b4fff2d99c1da5,CVE-2022-21870
450360735,AlphabugX/CVE-2022-RCE,README.md,32d99e5a5a26e28a10bbc20ab4b4fff2d99c1da5,CVE-2022-21871
450360735,AlphabugX/CVE-2022-RCE,README.md,32d99e5a5a26e28a10bbc20ab4b4fff2d99c1da5,CVE-2022-21872
450360735,AlphabugX/CVE-2022-RCE,README.md,32d99e5a5a26e28a10bbc20ab4b4fff2d99c1da5,CVE-2022-21873
450360735,AlphabugX/CVE-2022-RCE,README.md,32d99e5a5a26e28a10bbc20ab4b4fff2d99c1da5,CVE-2022-21874
450360735,AlphabugX/CVE-2022-RCE,README.md,32d99e5a5a26e28a10bbc20ab4b4fff2d99c1da5,CVE-2022-21875
450360735,AlphabugX/CVE-2022-RCE,README.md,32d99e5a5a26e28a10bbc20ab4b4fff2d99c1da5,CVE-2022-21876
450360735,AlphabugX/CVE-2022-RCE,README.md,32d99e5a5a26e28a10bbc20ab4b4fff2d99c1da5,CVE-2022-21877
450360735,AlphabugX/CVE-2022-RCE,README.md,32d99e5a5a26e28a10bbc20ab4b4fff2d99c1da5,CVE-2022-21878
450360735,AlphabugX/CVE-2022-RCE,README.md,32d99e5a5a26e28a10bbc20ab4b4fff2d99c1da5,CVE-2022-21880
450360735,AlphabugX/CVE-2022-RCE,README.md,32d99e5a5a26e28a10bbc20ab4b4fff2d99c1da5,CVE-2022-22003
450360735,AlphabugX/CVE-2022-RCE,README.md,32d99e5a5a26e28a10bbc20ab4b4fff2d99c1da5,CVE-2022-22004
450360735,AlphabugX/CVE-2022-RCE,README.md,32d99e5a5a26e28a10bbc20ab4b4fff2d99c1da5,CVE-2022-22005
450360735,AlphabugX/CVE-2022-RCE,README.md,32d99e5a5a26e28a10bbc20ab4b4fff2d99c1da5,CVE-2022-22130
450360735,AlphabugX/CVE-2022-RCE,README.md,32d99e5a5a26e28a10bbc20ab4b4fff2d99c1da5,CVE-2022-22131
450360735,AlphabugX/CVE-2022-RCE,README.md,32d99e5a5a26e28a10bbc20ab4b4fff2d99c1da5,CVE-2022-22132
450360735,AlphabugX/CVE-2022-RCE,README.md,32d99e5a5a26e28a10bbc20ab4b4fff2d99c1da5,CVE-2022-22133
450360735,AlphabugX/CVE-2022-RCE,README.md,32d99e5a5a26e28a10bbc20ab4b4fff2d99c1da5,CVE-2022-22134
450360735,AlphabugX/CVE-2022-RCE,README.md,32d99e5a5a26e28a10bbc20ab4b4fff2d99c1da5,CVE-2022-22135
450360735,AlphabugX/CVE-2022-RCE,README.md,32d99e5a5a26e28a10bbc20ab4b4fff2d99c1da5,CVE-2022-22136
450360735,AlphabugX/CVE-2022-RCE,README.md,32d99e5a5a26e28a10bbc20ab4b4fff2d99c1da5,CVE-2022-22137
450360735,AlphabugX/CVE-2022-RCE,README.md,32d99e5a5a26e28a10bbc20ab4b4fff2d99c1da5,CVE-2022-22142
450360735,AlphabugX/CVE-2022-RCE,README.md,32d99e5a5a26e28a10bbc20ab4b4fff2d99c1da5,CVE-2022-22129
450360735,AlphabugX/CVE-2022-RCE,README.md,32d99e5a5a26e28a10bbc20ab4b4fff2d99c1da5,CVE-2022-22149
450360735,AlphabugX/CVE-2022-RCE,README.md,32d99e5a5a26e28a10bbc20ab4b4fff2d99c1da5,CVE-2022-22152
450360735,AlphabugX/CVE-2022-RCE,README.md,32d99e5a5a26e28a10bbc20ab4b4fff2d99c1da5,CVE-2022-22153
450360735,AlphabugX/CVE-2022-RCE,README.md,32d99e5a5a26e28a10bbc20ab4b4fff2d99c1da5,CVE-2022-22154
450360735,AlphabugX/CVE-2022-RCE,README.md,32d99e5a5a26e28a10bbc20ab4b4fff2d99c1da5,CVE-2022-22155
450360735,AlphabugX/CVE-2022-RCE,README.md,32d99e5a5a26e28a10bbc20ab4b4fff2d99c1da5,CVE-2022-22156
450360735,AlphabugX/CVE-2022-RCE,README.md,32d99e5a5a26e28a10bbc20ab4b4fff2d99c1da5,CVE-2022-22157
450360735,AlphabugX/CVE-2022-RCE,README.md,32d99e5a5a26e28a10bbc20ab4b4fff2d99c1da5,CVE-2022-22158
450360735,AlphabugX/CVE-2022-RCE,README.md,32d99e5a5a26e28a10bbc20ab4b4fff2d99c1da5,CVE-2022-22159
450360735,AlphabugX/CVE-2022-RCE,README.md,32d99e5a5a26e28a10bbc20ab4b4fff2d99c1da5,CVE-2022-22160
450360735,AlphabugX/CVE-2022-RCE,README.md,32d99e5a5a26e28a10bbc20ab4b4fff2d99c1da5,CVE-2022-22150
450360735,AlphabugX/CVE-2022-RCE,README.md,32d99e5a5a26e28a10bbc20ab4b4fff2d99c1da5,CVE-2022-22128
450360735,AlphabugX/CVE-2022-RCE,README.md,32d99e5a5a26e28a10bbc20ab4b4fff2d99c1da5,CVE-2022-22127
450360735,AlphabugX/CVE-2022-RCE,README.md,32d99e5a5a26e28a10bbc20ab4b4fff2d99c1da5,CVE-2022-22126
450360735,AlphabugX/CVE-2022-RCE,README.md,32d99e5a5a26e28a10bbc20ab4b4fff2d99c1da5,CVE-2022-22105
450360735,AlphabugX/CVE-2022-RCE,README.md,32d99e5a5a26e28a10bbc20ab4b4fff2d99c1da5,CVE-2022-22106
450360735,AlphabugX/CVE-2022-RCE,README.md,32d99e5a5a26e28a10bbc20ab4b4fff2d99c1da5,CVE-2022-22107
450360735,AlphabugX/CVE-2022-RCE,README.md,32d99e5a5a26e28a10bbc20ab4b4fff2d99c1da5,CVE-2022-22108
450360735,AlphabugX/CVE-2022-RCE,README.md,32d99e5a5a26e28a10bbc20ab4b4fff2d99c1da5,CVE-2022-22109
450360735,AlphabugX/CVE-2022-RCE,README.md,32d99e5a5a26e28a10bbc20ab4b4fff2d99c1da5,CVE-2022-22110
450360735,AlphabugX/CVE-2022-RCE,README.md,32d99e5a5a26e28a10bbc20ab4b4fff2d99c1da5,CVE-2022-22111
450360735,AlphabugX/CVE-2022-RCE,README.md,32d99e5a5a26e28a10bbc20ab4b4fff2d99c1da5,CVE-2022-22112
450360735,AlphabugX/CVE-2022-RCE,README.md,32d99e5a5a26e28a10bbc20ab4b4fff2d99c1da5,CVE-2022-22113
450360735,AlphabugX/CVE-2022-RCE,README.md,32d99e5a5a26e28a10bbc20ab4b4fff2d99c1da5,CVE-2022-22114
450360735,AlphabugX/CVE-2022-RCE,README.md,32d99e5a5a26e28a10bbc20ab4b4fff2d99c1da5,CVE-2022-22115
450360735,AlphabugX/CVE-2022-RCE,README.md,32d99e5a5a26e28a10bbc20ab4b4fff2d99c1da5,CVE-2022-22116
450360735,AlphabugX/CVE-2022-RCE,README.md,32d99e5a5a26e28a10bbc20ab4b4fff2d99c1da5,CVE-2022-22117
450360735,AlphabugX/CVE-2022-RCE,README.md,32d99e5a5a26e28a10bbc20ab4b4fff2d99c1da5,CVE-2022-22118
450360735,AlphabugX/CVE-2022-RCE,README.md,32d99e5a5a26e28a10bbc20ab4b4fff2d99c1da5,CVE-2022-22119
450360735,AlphabugX/CVE-2022-RCE,README.md,32d99e5a5a26e28a10bbc20ab4b4fff2d99c1da5,CVE-2022-22120
450360735,AlphabugX/CVE-2022-RCE,README.md,32d99e5a5a26e28a10bbc20ab4b4fff2d99c1da5,CVE-2022-22121
450360735,AlphabugX/CVE-2022-RCE,README.md,32d99e5a5a26e28a10bbc20ab4b4fff2d99c1da5,CVE-2022-22122
450360735,AlphabugX/CVE-2022-RCE,README.md,32d99e5a5a26e28a10bbc20ab4b4fff2d99c1da5,CVE-2022-22123
450360735,AlphabugX/CVE-2022-RCE,README.md,32d99e5a5a26e28a10bbc20ab4b4fff2d99c1da5,CVE-2022-22124
450360735,AlphabugX/CVE-2022-RCE,README.md,32d99e5a5a26e28a10bbc20ab4b4fff2d99c1da5,CVE-2022-22125
450360735,AlphabugX/CVE-2022-RCE,README.md,32d99e5a5a26e28a10bbc20ab4b4fff2d99c1da5,CVE-2022-22161
450360735,AlphabugX/CVE-2022-RCE,README.md,32d99e5a5a26e28a10bbc20ab4b4fff2d99c1da5,CVE-2022-22162
450360735,AlphabugX/CVE-2022-RCE,README.md,32d99e5a5a26e28a10bbc20ab4b4fff2d99c1da5,CVE-2022-22163
450360735,AlphabugX/CVE-2022-RCE,README.md,32d99e5a5a26e28a10bbc20ab4b4fff2d99c1da5,CVE-2022-22164
450360735,AlphabugX/CVE-2022-RCE,README.md,32d99e5a5a26e28a10bbc20ab4b4fff2d99c1da5,CVE-2022-22190
450360735,AlphabugX/CVE-2022-RCE,README.md,32d99e5a5a26e28a10bbc20ab4b4fff2d99c1da5,CVE-2022-22191
450360735,AlphabugX/CVE-2022-RCE,README.md,32d99e5a5a26e28a10bbc20ab4b4fff2d99c1da5,CVE-2022-22192
450360735,AlphabugX/CVE-2022-RCE,README.md,32d99e5a5a26e28a10bbc20ab4b4fff2d99c1da5,CVE-2022-22193
450360735,AlphabugX/CVE-2022-RCE,README.md,32d99e5a5a26e28a10bbc20ab4b4fff2d99c1da5,CVE-2022-22194
450360735,AlphabugX/CVE-2022-RCE,README.md,32d99e5a5a26e28a10bbc20ab4b4fff2d99c1da5,CVE-2022-22195
450360735,AlphabugX/CVE-2022-RCE,README.md,32d99e5a5a26e28a10bbc20ab4b4fff2d99c1da5,CVE-2022-22196
450360735,AlphabugX/CVE-2022-RCE,README.md,32d99e5a5a26e28a10bbc20ab4b4fff2d99c1da5,CVE-2022-22197
450360735,AlphabugX/CVE-2022-RCE,README.md,32d99e5a5a26e28a10bbc20ab4b4fff2d99c1da5,CVE-2022-22198
450360735,AlphabugX/CVE-2022-RCE,README.md,32d99e5a5a26e28a10bbc20ab4b4fff2d99c1da5,CVE-2022-22199
450360735,AlphabugX/CVE-2022-RCE,README.md,32d99e5a5a26e28a10bbc20ab4b4fff2d99c1da5,CVE-2022-22200
450360735,AlphabugX/CVE-2022-RCE,README.md,32d99e5a5a26e28a10bbc20ab4b4fff2d99c1da5,CVE-2022-22201
450360735,AlphabugX/CVE-2022-RCE,README.md,32d99e5a5a26e28a10bbc20ab4b4fff2d99c1da5,CVE-2022-22202
450360735,AlphabugX/CVE-2022-RCE,README.md,32d99e5a5a26e28a10bbc20ab4b4fff2d99c1da5,CVE-2022-22203
450360735,AlphabugX/CVE-2022-RCE,README.md,32d99e5a5a26e28a10bbc20ab4b4fff2d99c1da5,CVE-2022-22204
450360735,AlphabugX/CVE-2022-RCE,README.md,32d99e5a5a26e28a10bbc20ab4b4fff2d99c1da5,CVE-2022-22205
450360735,AlphabugX/CVE-2022-RCE,README.md,32d99e5a5a26e28a10bbc20ab4b4fff2d99c1da5,CVE-2022-22206
450360735,AlphabugX/CVE-2022-RCE,README.md,32d99e5a5a26e28a10bbc20ab4b4fff2d99c1da5,CVE-2022-22207
450360735,AlphabugX/CVE-2022-RCE,README.md,32d99e5a5a26e28a10bbc20ab4b4fff2d99c1da5,CVE-2022-22208
450360735,AlphabugX/CVE-2022-RCE,README.md,32d99e5a5a26e28a10bbc20ab4b4fff2d99c1da5,CVE-2022-22209
450360735,AlphabugX/CVE-2022-RCE,README.md,32d99e5a5a26e28a10bbc20ab4b4fff2d99c1da5,CVE-2022-22210
450360735,AlphabugX/CVE-2022-RCE,README.md,32d99e5a5a26e28a10bbc20ab4b4fff2d99c1da5,CVE-2022-22189
450360735,AlphabugX/CVE-2022-RCE,README.md,32d99e5a5a26e28a10bbc20ab4b4fff2d99c1da5,CVE-2022-22104
450360735,AlphabugX/CVE-2022-RCE,README.md,32d99e5a5a26e28a10bbc20ab4b4fff2d99c1da5,CVE-2022-22188
450360735,AlphabugX/CVE-2022-RCE,README.md,32d99e5a5a26e28a10bbc20ab4b4fff2d99c1da5,CVE-2022-22186
450360735,AlphabugX/CVE-2022-RCE,README.md,32d99e5a5a26e28a10bbc20ab4b4fff2d99c1da5,CVE-2022-22165
450360735,AlphabugX/CVE-2022-RCE,README.md,32d99e5a5a26e28a10bbc20ab4b4fff2d99c1da5,CVE-2022-22166
450360735,AlphabugX/CVE-2022-RCE,README.md,32d99e5a5a26e28a10bbc20ab4b4fff2d99c1da5,CVE-2022-22167
450360735,AlphabugX/CVE-2022-RCE,README.md,32d99e5a5a26e28a10bbc20ab4b4fff2d99c1da5,CVE-2022-22168
450360735,AlphabugX/CVE-2022-RCE,README.md,32d99e5a5a26e28a10bbc20ab4b4fff2d99c1da5,CVE-2022-22169
450360735,AlphabugX/CVE-2022-RCE,README.md,32d99e5a5a26e28a10bbc20ab4b4fff2d99c1da5,CVE-2022-22170
450360735,AlphabugX/CVE-2022-RCE,README.md,32d99e5a5a26e28a10bbc20ab4b4fff2d99c1da5,CVE-2022-22171
450360735,AlphabugX/CVE-2022-RCE,README.md,32d99e5a5a26e28a10bbc20ab4b4fff2d99c1da5,CVE-2022-22172
450360735,AlphabugX/CVE-2022-RCE,README.md,32d99e5a5a26e28a10bbc20ab4b4fff2d99c1da5,CVE-2022-22173
450360735,AlphabugX/CVE-2022-RCE,README.md,32d99e5a5a26e28a10bbc20ab4b4fff2d99c1da5,CVE-2022-22174
450360735,AlphabugX/CVE-2022-RCE,README.md,32d99e5a5a26e28a10bbc20ab4b4fff2d99c1da5,CVE-2022-22175
450360735,AlphabugX/CVE-2022-RCE,README.md,32d99e5a5a26e28a10bbc20ab4b4fff2d99c1da5,CVE-2022-22176
450360735,AlphabugX/CVE-2022-RCE,README.md,32d99e5a5a26e28a10bbc20ab4b4fff2d99c1da5,CVE-2022-22177
450360735,AlphabugX/CVE-2022-RCE,README.md,32d99e5a5a26e28a10bbc20ab4b4fff2d99c1da5,CVE-2022-22178
450360735,AlphabugX/CVE-2022-RCE,README.md,32d99e5a5a26e28a10bbc20ab4b4fff2d99c1da5,CVE-2022-22179
450360735,AlphabugX/CVE-2022-RCE,README.md,32d99e5a5a26e28a10bbc20ab4b4fff2d99c1da5,CVE-2022-22180
450360735,AlphabugX/CVE-2022-RCE,README.md,32d99e5a5a26e28a10bbc20ab4b4fff2d99c1da5,CVE-2022-22181
450360735,AlphabugX/CVE-2022-RCE,README.md,32d99e5a5a26e28a10bbc20ab4b4fff2d99c1da5,CVE-2022-22182
450360735,AlphabugX/CVE-2022-RCE,README.md,32d99e5a5a26e28a10bbc20ab4b4fff2d99c1da5,CVE-2022-22183
450360735,AlphabugX/CVE-2022-RCE,README.md,32d99e5a5a26e28a10bbc20ab4b4fff2d99c1da5,CVE-2022-22184
450360735,AlphabugX/CVE-2022-RCE,README.md,32d99e5a5a26e28a10bbc20ab4b4fff2d99c1da5,CVE-2022-22185
450360735,AlphabugX/CVE-2022-RCE,README.md,32d99e5a5a26e28a10bbc20ab4b4fff2d99c1da5,CVE-2022-22187
450360735,AlphabugX/CVE-2022-RCE,README.md,32d99e5a5a26e28a10bbc20ab4b4fff2d99c1da5,CVE-2022-21801
450360735,AlphabugX/CVE-2022-RCE,README.md,32d99e5a5a26e28a10bbc20ab4b4fff2d99c1da5,CVE-2022-22103
450360735,AlphabugX/CVE-2022-RCE,README.md,32d99e5a5a26e28a10bbc20ab4b4fff2d99c1da5,CVE-2022-22101
450360735,AlphabugX/CVE-2022-RCE,README.md,32d99e5a5a26e28a10bbc20ab4b4fff2d99c1da5,CVE-2022-22031
450360735,AlphabugX/CVE-2022-RCE,README.md,32d99e5a5a26e28a10bbc20ab4b4fff2d99c1da5,CVE-2022-22032
450360735,AlphabugX/CVE-2022-RCE,README.md,32d99e5a5a26e28a10bbc20ab4b4fff2d99c1da5,CVE-2022-22033
450360735,AlphabugX/CVE-2022-RCE,README.md,32d99e5a5a26e28a10bbc20ab4b4fff2d99c1da5,CVE-2022-22034
450360735,AlphabugX/CVE-2022-RCE,README.md,32d99e5a5a26e28a10bbc20ab4b4fff2d99c1da5,CVE-2022-22035
450360735,AlphabugX/CVE-2022-RCE,README.md,32d99e5a5a26e28a10bbc20ab4b4fff2d99c1da5,CVE-2022-22036
450360735,AlphabugX/CVE-2022-RCE,README.md,32d99e5a5a26e28a10bbc20ab4b4fff2d99c1da5,CVE-2022-22037
450360735,AlphabugX/CVE-2022-RCE,README.md,32d99e5a5a26e28a10bbc20ab4b4fff2d99c1da5,CVE-2022-22038
450360735,AlphabugX/CVE-2022-RCE,README.md,32d99e5a5a26e28a10bbc20ab4b4fff2d99c1da5,CVE-2022-22039
450360735,AlphabugX/CVE-2022-RCE,README.md,32d99e5a5a26e28a10bbc20ab4b4fff2d99c1da5,CVE-2022-22030
450360735,AlphabugX/CVE-2022-RCE,README.md,32d99e5a5a26e28a10bbc20ab4b4fff2d99c1da5,CVE-2022-22040
450360735,AlphabugX/CVE-2022-RCE,README.md,32d99e5a5a26e28a10bbc20ab4b4fff2d99c1da5,CVE-2022-22042
450360735,AlphabugX/CVE-2022-RCE,README.md,32d99e5a5a26e28a10bbc20ab4b4fff2d99c1da5,CVE-2022-22043
450360735,AlphabugX/CVE-2022-RCE,README.md,32d99e5a5a26e28a10bbc20ab4b4fff2d99c1da5,CVE-2022-22044
450360735,AlphabugX/CVE-2022-RCE,README.md,32d99e5a5a26e28a10bbc20ab4b4fff2d99c1da5,CVE-2022-22045
450360735,AlphabugX/CVE-2022-RCE,README.md,32d99e5a5a26e28a10bbc20ab4b4fff2d99c1da5,CVE-2022-22046
450360735,AlphabugX/CVE-2022-RCE,README.md,32d99e5a5a26e28a10bbc20ab4b4fff2d99c1da5,CVE-2022-22047
450360735,AlphabugX/CVE-2022-RCE,README.md,32d99e5a5a26e28a10bbc20ab4b4fff2d99c1da5,CVE-2022-22048
450360735,AlphabugX/CVE-2022-RCE,README.md,32d99e5a5a26e28a10bbc20ab4b4fff2d99c1da5,CVE-2022-22049
450360735,AlphabugX/CVE-2022-RCE,README.md,32d99e5a5a26e28a10bbc20ab4b4fff2d99c1da5,CVE-2022-22050
450360735,AlphabugX/CVE-2022-RCE,README.md,32d99e5a5a26e28a10bbc20ab4b4fff2d99c1da5,CVE-2022-22041
450360735,AlphabugX/CVE-2022-RCE,README.md,32d99e5a5a26e28a10bbc20ab4b4fff2d99c1da5,CVE-2022-22029
450360735,AlphabugX/CVE-2022-RCE,README.md,32d99e5a5a26e28a10bbc20ab4b4fff2d99c1da5,CVE-2022-22028
450360735,AlphabugX/CVE-2022-RCE,README.md,32d99e5a5a26e28a10bbc20ab4b4fff2d99c1da5,CVE-2022-22027
450360735,AlphabugX/CVE-2022-RCE,README.md,32d99e5a5a26e28a10bbc20ab4b4fff2d99c1da5,CVE-2022-22006
450360735,AlphabugX/CVE-2022-RCE,README.md,32d99e5a5a26e28a10bbc20ab4b4fff2d99c1da5,CVE-2022-22007
450360735,AlphabugX/CVE-2022-RCE,README.md,32d99e5a5a26e28a10bbc20ab4b4fff2d99c1da5,CVE-2022-22008
450360735,AlphabugX/CVE-2022-RCE,README.md,32d99e5a5a26e28a10bbc20ab4b4fff2d99c1da5,CVE-2022-22009
450360735,AlphabugX/CVE-2022-RCE,README.md,32d99e5a5a26e28a10bbc20ab4b4fff2d99c1da5,CVE-2022-22010
450360735,AlphabugX/CVE-2022-RCE,README.md,32d99e5a5a26e28a10bbc20ab4b4fff2d99c1da5,CVE-2022-22011
450360735,AlphabugX/CVE-2022-RCE,README.md,32d99e5a5a26e28a10bbc20ab4b4fff2d99c1da5,CVE-2022-22012
450360735,AlphabugX/CVE-2022-RCE,README.md,32d99e5a5a26e28a10bbc20ab4b4fff2d99c1da5,CVE-2022-22013
450360735,AlphabugX/CVE-2022-RCE,README.md,32d99e5a5a26e28a10bbc20ab4b4fff2d99c1da5,CVE-2022-22014
450360735,AlphabugX/CVE-2022-RCE,README.md,32d99e5a5a26e28a10bbc20ab4b4fff2d99c1da5,CVE-2022-22015
450360735,AlphabugX/CVE-2022-RCE,README.md,32d99e5a5a26e28a10bbc20ab4b4fff2d99c1da5,CVE-2022-22016
450360735,AlphabugX/CVE-2022-RCE,README.md,32d99e5a5a26e28a10bbc20ab4b4fff2d99c1da5,CVE-2022-22017
450360735,AlphabugX/CVE-2022-RCE,README.md,32d99e5a5a26e28a10bbc20ab4b4fff2d99c1da5,CVE-2022-22018
450360735,AlphabugX/CVE-2022-RCE,README.md,32d99e5a5a26e28a10bbc20ab4b4fff2d99c1da5,CVE-2022-22019
450360735,AlphabugX/CVE-2022-RCE,README.md,32d99e5a5a26e28a10bbc20ab4b4fff2d99c1da5,CVE-2022-22020
450360735,AlphabugX/CVE-2022-RCE,README.md,32d99e5a5a26e28a10bbc20ab4b4fff2d99c1da5,CVE-2022-22021
450360735,AlphabugX/CVE-2022-RCE,README.md,32d99e5a5a26e28a10bbc20ab4b4fff2d99c1da5,CVE-2022-22022
450360735,AlphabugX/CVE-2022-RCE,README.md,32d99e5a5a26e28a10bbc20ab4b4fff2d99c1da5,CVE-2022-22023
450360735,AlphabugX/CVE-2022-RCE,README.md,32d99e5a5a26e28a10bbc20ab4b4fff2d99c1da5,CVE-2022-22024
450360735,AlphabugX/CVE-2022-RCE,README.md,32d99e5a5a26e28a10bbc20ab4b4fff2d99c1da5,CVE-2022-22025
450360735,AlphabugX/CVE-2022-RCE,README.md,32d99e5a5a26e28a10bbc20ab4b4fff2d99c1da5,CVE-2022-22026
450360735,AlphabugX/CVE-2022-RCE,README.md,32d99e5a5a26e28a10bbc20ab4b4fff2d99c1da5,CVE-2022-22051
450360735,AlphabugX/CVE-2022-RCE,README.md,32d99e5a5a26e28a10bbc20ab4b4fff2d99c1da5,CVE-2022-22052
450360735,AlphabugX/CVE-2022-RCE,README.md,32d99e5a5a26e28a10bbc20ab4b4fff2d99c1da5,CVE-2022-22053
450360735,AlphabugX/CVE-2022-RCE,README.md,32d99e5a5a26e28a10bbc20ab4b4fff2d99c1da5,CVE-2022-22054
450360735,AlphabugX/CVE-2022-RCE,README.md,32d99e5a5a26e28a10bbc20ab4b4fff2d99c1da5,CVE-2022-22080
450360735,AlphabugX/CVE-2022-RCE,README.md,32d99e5a5a26e28a10bbc20ab4b4fff2d99c1da5,CVE-2022-22081
450360735,AlphabugX/CVE-2022-RCE,README.md,32d99e5a5a26e28a10bbc20ab4b4fff2d99c1da5,CVE-2022-22082
450360735,AlphabugX/CVE-2022-RCE,README.md,32d99e5a5a26e28a10bbc20ab4b4fff2d99c1da5,CVE-2022-22083
450360735,AlphabugX/CVE-2022-RCE,README.md,32d99e5a5a26e28a10bbc20ab4b4fff2d99c1da5,CVE-2022-22084
450360735,AlphabugX/CVE-2022-RCE,README.md,32d99e5a5a26e28a10bbc20ab4b4fff2d99c1da5,CVE-2022-22085
450360735,AlphabugX/CVE-2022-RCE,README.md,32d99e5a5a26e28a10bbc20ab4b4fff2d99c1da5,CVE-2022-22086
450360735,AlphabugX/CVE-2022-RCE,README.md,32d99e5a5a26e28a10bbc20ab4b4fff2d99c1da5,CVE-2022-22087
450360735,AlphabugX/CVE-2022-RCE,README.md,32d99e5a5a26e28a10bbc20ab4b4fff2d99c1da5,CVE-2022-22088
450360735,AlphabugX/CVE-2022-RCE,README.md,32d99e5a5a26e28a10bbc20ab4b4fff2d99c1da5,CVE-2022-22089
450360735,AlphabugX/CVE-2022-RCE,README.md,32d99e5a5a26e28a10bbc20ab4b4fff2d99c1da5,CVE-2022-22090
450360735,AlphabugX/CVE-2022-RCE,README.md,32d99e5a5a26e28a10bbc20ab4b4fff2d99c1da5,CVE-2022-22091
450360735,AlphabugX/CVE-2022-RCE,README.md,32d99e5a5a26e28a10bbc20ab4b4fff2d99c1da5,CVE-2022-22092
450360735,AlphabugX/CVE-2022-RCE,README.md,32d99e5a5a26e28a10bbc20ab4b4fff2d99c1da5,CVE-2022-22093
450360735,AlphabugX/CVE-2022-RCE,README.md,32d99e5a5a26e28a10bbc20ab4b4fff2d99c1da5,CVE-2022-22094
450360735,AlphabugX/CVE-2022-RCE,README.md,32d99e5a5a26e28a10bbc20ab4b4fff2d99c1da5,CVE-2022-22095
450360735,AlphabugX/CVE-2022-RCE,README.md,32d99e5a5a26e28a10bbc20ab4b4fff2d99c1da5,CVE-2022-22096
450360735,AlphabugX/CVE-2022-RCE,README.md,32d99e5a5a26e28a10bbc20ab4b4fff2d99c1da5,CVE-2022-22097
450360735,AlphabugX/CVE-2022-RCE,README.md,32d99e5a5a26e28a10bbc20ab4b4fff2d99c1da5,CVE-2022-22098
450360735,AlphabugX/CVE-2022-RCE,README.md,32d99e5a5a26e28a10bbc20ab4b4fff2d99c1da5,CVE-2022-22099
450360735,AlphabugX/CVE-2022-RCE,README.md,32d99e5a5a26e28a10bbc20ab4b4fff2d99c1da5,CVE-2022-22100
450360735,AlphabugX/CVE-2022-RCE,README.md,32d99e5a5a26e28a10bbc20ab4b4fff2d99c1da5,CVE-2022-22079
450360735,AlphabugX/CVE-2022-RCE,README.md,32d99e5a5a26e28a10bbc20ab4b4fff2d99c1da5,CVE-2022-22102
450360735,AlphabugX/CVE-2022-RCE,README.md,32d99e5a5a26e28a10bbc20ab4b4fff2d99c1da5,CVE-2022-22078
450360735,AlphabugX/CVE-2022-RCE,README.md,32d99e5a5a26e28a10bbc20ab4b4fff2d99c1da5,CVE-2022-22076
450360735,AlphabugX/CVE-2022-RCE,README.md,32d99e5a5a26e28a10bbc20ab4b4fff2d99c1da5,CVE-2022-22055
450360735,AlphabugX/CVE-2022-RCE,README.md,32d99e5a5a26e28a10bbc20ab4b4fff2d99c1da5,CVE-2022-22056
450360735,AlphabugX/CVE-2022-RCE,README.md,32d99e5a5a26e28a10bbc20ab4b4fff2d99c1da5,CVE-2022-22057
450360735,AlphabugX/CVE-2022-RCE,README.md,32d99e5a5a26e28a10bbc20ab4b4fff2d99c1da5,CVE-2022-22058
450360735,AlphabugX/CVE-2022-RCE,README.md,32d99e5a5a26e28a10bbc20ab4b4fff2d99c1da5,CVE-2022-22059
450360735,AlphabugX/CVE-2022-RCE,README.md,32d99e5a5a26e28a10bbc20ab4b4fff2d99c1da5,CVE-2022-22060
450360735,AlphabugX/CVE-2022-RCE,README.md,32d99e5a5a26e28a10bbc20ab4b4fff2d99c1da5,CVE-2022-22061
450360735,AlphabugX/CVE-2022-RCE,README.md,32d99e5a5a26e28a10bbc20ab4b4fff2d99c1da5,CVE-2022-22062
450360735,AlphabugX/CVE-2022-RCE,README.md,32d99e5a5a26e28a10bbc20ab4b4fff2d99c1da5,CVE-2022-22063
450360735,AlphabugX/CVE-2022-RCE,README.md,32d99e5a5a26e28a10bbc20ab4b4fff2d99c1da5,CVE-2022-22064
450360735,AlphabugX/CVE-2022-RCE,README.md,32d99e5a5a26e28a10bbc20ab4b4fff2d99c1da5,CVE-2022-22065
450360735,AlphabugX/CVE-2022-RCE,README.md,32d99e5a5a26e28a10bbc20ab4b4fff2d99c1da5,CVE-2022-22066
450360735,AlphabugX/CVE-2022-RCE,README.md,32d99e5a5a26e28a10bbc20ab4b4fff2d99c1da5,CVE-2022-22067
450360735,AlphabugX/CVE-2022-RCE,README.md,32d99e5a5a26e28a10bbc20ab4b4fff2d99c1da5,CVE-2022-22068
450360735,AlphabugX/CVE-2022-RCE,README.md,32d99e5a5a26e28a10bbc20ab4b4fff2d99c1da5,CVE-2022-22069
450360735,AlphabugX/CVE-2022-RCE,README.md,32d99e5a5a26e28a10bbc20ab4b4fff2d99c1da5,CVE-2022-22070
450360735,AlphabugX/CVE-2022-RCE,README.md,32d99e5a5a26e28a10bbc20ab4b4fff2d99c1da5,CVE-2022-22071
450360735,AlphabugX/CVE-2022-RCE,README.md,32d99e5a5a26e28a10bbc20ab4b4fff2d99c1da5,CVE-2022-22072
450360735,AlphabugX/CVE-2022-RCE,README.md,32d99e5a5a26e28a10bbc20ab4b4fff2d99c1da5,CVE-2022-22073
450360735,AlphabugX/CVE-2022-RCE,README.md,32d99e5a5a26e28a10bbc20ab4b4fff2d99c1da5,CVE-2022-22074
450360735,AlphabugX/CVE-2022-RCE,README.md,32d99e5a5a26e28a10bbc20ab4b4fff2d99c1da5,CVE-2022-22075
450360735,AlphabugX/CVE-2022-RCE,README.md,32d99e5a5a26e28a10bbc20ab4b4fff2d99c1da5,CVE-2022-22077
450360735,AlphabugX/CVE-2022-RCE,README.md,32d99e5a5a26e28a10bbc20ab4b4fff2d99c1da5,CVE-2022-21401
450360735,AlphabugX/CVE-2022-RCE,README.md,32d99e5a5a26e28a10bbc20ab4b4fff2d99c1da5,CVE-2022-21800
450360735,AlphabugX/CVE-2022-RCE,README.md,32d99e5a5a26e28a10bbc20ab4b4fff2d99c1da5,CVE-2022-21794
450360735,AlphabugX/CVE-2022-RCE,README.md,32d99e5a5a26e28a10bbc20ab4b4fff2d99c1da5,CVE-2022-21527
450360735,AlphabugX/CVE-2022-RCE,README.md,32d99e5a5a26e28a10bbc20ab4b4fff2d99c1da5,CVE-2022-21528
450360735,AlphabugX/CVE-2022-RCE,README.md,32d99e5a5a26e28a10bbc20ab4b4fff2d99c1da5,CVE-2022-21529
450360735,AlphabugX/CVE-2022-RCE,README.md,32d99e5a5a26e28a10bbc20ab4b4fff2d99c1da5,CVE-2022-21530
450360735,AlphabugX/CVE-2022-RCE,README.md,32d99e5a5a26e28a10bbc20ab4b4fff2d99c1da5,CVE-2022-21531
450360735,AlphabugX/CVE-2022-RCE,README.md,32d99e5a5a26e28a10bbc20ab4b4fff2d99c1da5,CVE-2022-21532
450360735,AlphabugX/CVE-2022-RCE,README.md,32d99e5a5a26e28a10bbc20ab4b4fff2d99c1da5,CVE-2022-21533
450360735,AlphabugX/CVE-2022-RCE,README.md,32d99e5a5a26e28a10bbc20ab4b4fff2d99c1da5,CVE-2022-21534
450360735,AlphabugX/CVE-2022-RCE,README.md,32d99e5a5a26e28a10bbc20ab4b4fff2d99c1da5,CVE-2022-21535
450360735,AlphabugX/CVE-2022-RCE,README.md,32d99e5a5a26e28a10bbc20ab4b4fff2d99c1da5,CVE-2022-21526
450360735,AlphabugX/CVE-2022-RCE,README.md,32d99e5a5a26e28a10bbc20ab4b4fff2d99c1da5,CVE-2022-21536
450360735,AlphabugX/CVE-2022-RCE,README.md,32d99e5a5a26e28a10bbc20ab4b4fff2d99c1da5,CVE-2022-21538
450360735,AlphabugX/CVE-2022-RCE,README.md,32d99e5a5a26e28a10bbc20ab4b4fff2d99c1da5,CVE-2022-21539
450360735,AlphabugX/CVE-2022-RCE,README.md,32d99e5a5a26e28a10bbc20ab4b4fff2d99c1da5,CVE-2022-21540
450360735,AlphabugX/CVE-2022-RCE,README.md,32d99e5a5a26e28a10bbc20ab4b4fff2d99c1da5,CVE-2022-21541
450360735,AlphabugX/CVE-2022-RCE,README.md,32d99e5a5a26e28a10bbc20ab4b4fff2d99c1da5,CVE-2022-21542
450360735,AlphabugX/CVE-2022-RCE,README.md,32d99e5a5a26e28a10bbc20ab4b4fff2d99c1da5,CVE-2022-21543
450360735,AlphabugX/CVE-2022-RCE,README.md,32d99e5a5a26e28a10bbc20ab4b4fff2d99c1da5,CVE-2022-21544
450360735,AlphabugX/CVE-2022-RCE,README.md,32d99e5a5a26e28a10bbc20ab4b4fff2d99c1da5,CVE-2022-21545
450360735,AlphabugX/CVE-2022-RCE,README.md,32d99e5a5a26e28a10bbc20ab4b4fff2d99c1da5,CVE-2022-21546
450360735,AlphabugX/CVE-2022-RCE,README.md,32d99e5a5a26e28a10bbc20ab4b4fff2d99c1da5,CVE-2022-21537
450360735,AlphabugX/CVE-2022-RCE,README.md,32d99e5a5a26e28a10bbc20ab4b4fff2d99c1da5,CVE-2022-21525
450360735,AlphabugX/CVE-2022-RCE,README.md,32d99e5a5a26e28a10bbc20ab4b4fff2d99c1da5,CVE-2022-21524
450360735,AlphabugX/CVE-2022-RCE,README.md,32d99e5a5a26e28a10bbc20ab4b4fff2d99c1da5,CVE-2022-21523
450360735,AlphabugX/CVE-2022-RCE,README.md,32d99e5a5a26e28a10bbc20ab4b4fff2d99c1da5,CVE-2022-21502
450360735,AlphabugX/CVE-2022-RCE,README.md,32d99e5a5a26e28a10bbc20ab4b4fff2d99c1da5,CVE-2022-21503
450360735,AlphabugX/CVE-2022-RCE,README.md,32d99e5a5a26e28a10bbc20ab4b4fff2d99c1da5,CVE-2022-21504
450360735,AlphabugX/CVE-2022-RCE,README.md,32d99e5a5a26e28a10bbc20ab4b4fff2d99c1da5,CVE-2022-21505
450360735,AlphabugX/CVE-2022-RCE,README.md,32d99e5a5a26e28a10bbc20ab4b4fff2d99c1da5,CVE-2022-21506
450360735,AlphabugX/CVE-2022-RCE,README.md,32d99e5a5a26e28a10bbc20ab4b4fff2d99c1da5,CVE-2022-21507
450360735,AlphabugX/CVE-2022-RCE,README.md,32d99e5a5a26e28a10bbc20ab4b4fff2d99c1da5,CVE-2022-21508
450360735,AlphabugX/CVE-2022-RCE,README.md,32d99e5a5a26e28a10bbc20ab4b4fff2d99c1da5,CVE-2022-21509
450360735,AlphabugX/CVE-2022-RCE,README.md,32d99e5a5a26e28a10bbc20ab4b4fff2d99c1da5,CVE-2022-21510
450360735,AlphabugX/CVE-2022-RCE,README.md,32d99e5a5a26e28a10bbc20ab4b4fff2d99c1da5,CVE-2022-21511
450360735,AlphabugX/CVE-2022-RCE,README.md,32d99e5a5a26e28a10bbc20ab4b4fff2d99c1da5,CVE-2022-21512
450360735,AlphabugX/CVE-2022-RCE,README.md,32d99e5a5a26e28a10bbc20ab4b4fff2d99c1da5,CVE-2022-21513
450360735,AlphabugX/CVE-2022-RCE,README.md,32d99e5a5a26e28a10bbc20ab4b4fff2d99c1da5,CVE-2022-21514
450360735,AlphabugX/CVE-2022-RCE,README.md,32d99e5a5a26e28a10bbc20ab4b4fff2d99c1da5,CVE-2022-21515
450360735,AlphabugX/CVE-2022-RCE,README.md,32d99e5a5a26e28a10bbc20ab4b4fff2d99c1da5,CVE-2022-21516
450360735,AlphabugX/CVE-2022-RCE,README.md,32d99e5a5a26e28a10bbc20ab4b4fff2d99c1da5,CVE-2022-21517
450360735,AlphabugX/CVE-2022-RCE,README.md,32d99e5a5a26e28a10bbc20ab4b4fff2d99c1da5,CVE-2022-21518
450360735,AlphabugX/CVE-2022-RCE,README.md,32d99e5a5a26e28a10bbc20ab4b4fff2d99c1da5,CVE-2022-21519
450360735,AlphabugX/CVE-2022-RCE,README.md,32d99e5a5a26e28a10bbc20ab4b4fff2d99c1da5,CVE-2022-21520
450360735,AlphabugX/CVE-2022-RCE,README.md,32d99e5a5a26e28a10bbc20ab4b4fff2d99c1da5,CVE-2022-21521
450360735,AlphabugX/CVE-2022-RCE,README.md,32d99e5a5a26e28a10bbc20ab4b4fff2d99c1da5,CVE-2022-21522
450360735,AlphabugX/CVE-2022-RCE,README.md,32d99e5a5a26e28a10bbc20ab4b4fff2d99c1da5,CVE-2022-21547
450360735,AlphabugX/CVE-2022-RCE,README.md,32d99e5a5a26e28a10bbc20ab4b4fff2d99c1da5,CVE-2022-21501
450360735,AlphabugX/CVE-2022-RCE,README.md,32d99e5a5a26e28a10bbc20ab4b4fff2d99c1da5,CVE-2022-21548
450360735,AlphabugX/CVE-2022-RCE,README.md,32d99e5a5a26e28a10bbc20ab4b4fff2d99c1da5,CVE-2022-21550
450360735,AlphabugX/CVE-2022-RCE,README.md,32d99e5a5a26e28a10bbc20ab4b4fff2d99c1da5,CVE-2022-21576
450360735,AlphabugX/CVE-2022-RCE,README.md,32d99e5a5a26e28a10bbc20ab4b4fff2d99c1da5,CVE-2022-21577
450360735,AlphabugX/CVE-2022-RCE,README.md,32d99e5a5a26e28a10bbc20ab4b4fff2d99c1da5,CVE-2022-21578
450360735,AlphabugX/CVE-2022-RCE,README.md,32d99e5a5a26e28a10bbc20ab4b4fff2d99c1da5,CVE-2022-21579
450360735,AlphabugX/CVE-2022-RCE,README.md,32d99e5a5a26e28a10bbc20ab4b4fff2d99c1da5,CVE-2022-21580
450360735,AlphabugX/CVE-2022-RCE,README.md,32d99e5a5a26e28a10bbc20ab4b4fff2d99c1da5,CVE-2022-21581
450360735,AlphabugX/CVE-2022-RCE,README.md,32d99e5a5a26e28a10bbc20ab4b4fff2d99c1da5,CVE-2022-21582
450360735,AlphabugX/CVE-2022-RCE,README.md,32d99e5a5a26e28a10bbc20ab4b4fff2d99c1da5,CVE-2022-21583
450360735,AlphabugX/CVE-2022-RCE,README.md,32d99e5a5a26e28a10bbc20ab4b4fff2d99c1da5,CVE-2022-21584
450360735,AlphabugX/CVE-2022-RCE,README.md,32d99e5a5a26e28a10bbc20ab4b4fff2d99c1da5,CVE-2022-21575
450360735,AlphabugX/CVE-2022-RCE,README.md,32d99e5a5a26e28a10bbc20ab4b4fff2d99c1da5,CVE-2022-21585
450360735,AlphabugX/CVE-2022-RCE,README.md,32d99e5a5a26e28a10bbc20ab4b4fff2d99c1da5,CVE-2022-21587
450360735,AlphabugX/CVE-2022-RCE,README.md,32d99e5a5a26e28a10bbc20ab4b4fff2d99c1da5,CVE-2022-21588
450360735,AlphabugX/CVE-2022-RCE,README.md,32d99e5a5a26e28a10bbc20ab4b4fff2d99c1da5,CVE-2022-21589
450360735,AlphabugX/CVE-2022-RCE,README.md,32d99e5a5a26e28a10bbc20ab4b4fff2d99c1da5,CVE-2022-21590
450360735,AlphabugX/CVE-2022-RCE,README.md,32d99e5a5a26e28a10bbc20ab4b4fff2d99c1da5,CVE-2022-21591
450360735,AlphabugX/CVE-2022-RCE,README.md,32d99e5a5a26e28a10bbc20ab4b4fff2d99c1da5,CVE-2022-21592
450360735,AlphabugX/CVE-2022-RCE,README.md,32d99e5a5a26e28a10bbc20ab4b4fff2d99c1da5,CVE-2022-21593
450360735,AlphabugX/CVE-2022-RCE,README.md,32d99e5a5a26e28a10bbc20ab4b4fff2d99c1da5,CVE-2022-21594
450360735,AlphabugX/CVE-2022-RCE,README.md,32d99e5a5a26e28a10bbc20ab4b4fff2d99c1da5,CVE-2022-21595
450360735,AlphabugX/CVE-2022-RCE,README.md,32d99e5a5a26e28a10bbc20ab4b4fff2d99c1da5,CVE-2022-21586
450360735,AlphabugX/CVE-2022-RCE,README.md,32d99e5a5a26e28a10bbc20ab4b4fff2d99c1da5,CVE-2022-21574
450360735,AlphabugX/CVE-2022-RCE,README.md,32d99e5a5a26e28a10bbc20ab4b4fff2d99c1da5,CVE-2022-21573
450360735,AlphabugX/CVE-2022-RCE,README.md,32d99e5a5a26e28a10bbc20ab4b4fff2d99c1da5,CVE-2022-21572
450360735,AlphabugX/CVE-2022-RCE,README.md,32d99e5a5a26e28a10bbc20ab4b4fff2d99c1da5,CVE-2022-21551
450360735,AlphabugX/CVE-2022-RCE,README.md,32d99e5a5a26e28a10bbc20ab4b4fff2d99c1da5,CVE-2022-21552
450360735,AlphabugX/CVE-2022-RCE,README.md,32d99e5a5a26e28a10bbc20ab4b4fff2d99c1da5,CVE-2022-21553
450360735,AlphabugX/CVE-2022-RCE,README.md,32d99e5a5a26e28a10bbc20ab4b4fff2d99c1da5,CVE-2022-21554
450360735,AlphabugX/CVE-2022-RCE,README.md,32d99e5a5a26e28a10bbc20ab4b4fff2d99c1da5,CVE-2022-21555
450360735,AlphabugX/CVE-2022-RCE,README.md,32d99e5a5a26e28a10bbc20ab4b4fff2d99c1da5,CVE-2022-21556
450360735,AlphabugX/CVE-2022-RCE,README.md,32d99e5a5a26e28a10bbc20ab4b4fff2d99c1da5,CVE-2022-21557
450360735,AlphabugX/CVE-2022-RCE,README.md,32d99e5a5a26e28a10bbc20ab4b4fff2d99c1da5,CVE-2022-21558
450360735,AlphabugX/CVE-2022-RCE,README.md,32d99e5a5a26e28a10bbc20ab4b4fff2d99c1da5,CVE-2022-21559
450360735,AlphabugX/CVE-2022-RCE,README.md,32d99e5a5a26e28a10bbc20ab4b4fff2d99c1da5,CVE-2022-21560
450360735,AlphabugX/CVE-2022-RCE,README.md,32d99e5a5a26e28a10bbc20ab4b4fff2d99c1da5,CVE-2022-21561
450360735,AlphabugX/CVE-2022-RCE,README.md,32d99e5a5a26e28a10bbc20ab4b4fff2d99c1da5,CVE-2022-21562
450360735,AlphabugX/CVE-2022-RCE,README.md,32d99e5a5a26e28a10bbc20ab4b4fff2d99c1da5,CVE-2022-21563
450360735,AlphabugX/CVE-2022-RCE,README.md,32d99e5a5a26e28a10bbc20ab4b4fff2d99c1da5,CVE-2022-21564
450360735,AlphabugX/CVE-2022-RCE,README.md,32d99e5a5a26e28a10bbc20ab4b4fff2d99c1da5,CVE-2022-21565
450360735,AlphabugX/CVE-2022-RCE,README.md,32d99e5a5a26e28a10bbc20ab4b4fff2d99c1da5,CVE-2022-21566
450360735,AlphabugX/CVE-2022-RCE,README.md,32d99e5a5a26e28a10bbc20ab4b4fff2d99c1da5,CVE-2022-21567
450360735,AlphabugX/CVE-2022-RCE,README.md,32d99e5a5a26e28a10bbc20ab4b4fff2d99c1da5,CVE-2022-21568
450360735,AlphabugX/CVE-2022-RCE,README.md,32d99e5a5a26e28a10bbc20ab4b4fff2d99c1da5,CVE-2022-21569
450360735,AlphabugX/CVE-2022-RCE,README.md,32d99e5a5a26e28a10bbc20ab4b4fff2d99c1da5,CVE-2022-21570
450360735,AlphabugX/CVE-2022-RCE,README.md,32d99e5a5a26e28a10bbc20ab4b4fff2d99c1da5,CVE-2022-21571
450360735,AlphabugX/CVE-2022-RCE,README.md,32d99e5a5a26e28a10bbc20ab4b4fff2d99c1da5,CVE-2022-21549
450360735,AlphabugX/CVE-2022-RCE,README.md,32d99e5a5a26e28a10bbc20ab4b4fff2d99c1da5,CVE-2022-21500
450360735,AlphabugX/CVE-2022-RCE,README.md,32d99e5a5a26e28a10bbc20ab4b4fff2d99c1da5,CVE-2022-21499
450360735,AlphabugX/CVE-2022-RCE,README.md,32d99e5a5a26e28a10bbc20ab4b4fff2d99c1da5,CVE-2022-21498
450360735,AlphabugX/CVE-2022-RCE,README.md,32d99e5a5a26e28a10bbc20ab4b4fff2d99c1da5,CVE-2022-21428
450360735,AlphabugX/CVE-2022-RCE,README.md,32d99e5a5a26e28a10bbc20ab4b4fff2d99c1da5,CVE-2022-21429
450360735,AlphabugX/CVE-2022-RCE,README.md,32d99e5a5a26e28a10bbc20ab4b4fff2d99c1da5,CVE-2022-21430
450360735,AlphabugX/CVE-2022-RCE,README.md,32d99e5a5a26e28a10bbc20ab4b4fff2d99c1da5,CVE-2022-21431
450360735,AlphabugX/CVE-2022-RCE,README.md,32d99e5a5a26e28a10bbc20ab4b4fff2d99c1da5,CVE-2022-21432
450360735,AlphabugX/CVE-2022-RCE,README.md,32d99e5a5a26e28a10bbc20ab4b4fff2d99c1da5,CVE-2022-21433
450360735,AlphabugX/CVE-2022-RCE,README.md,32d99e5a5a26e28a10bbc20ab4b4fff2d99c1da5,CVE-2022-21434
450360735,AlphabugX/CVE-2022-RCE,README.md,32d99e5a5a26e28a10bbc20ab4b4fff2d99c1da5,CVE-2022-21435
450360735,AlphabugX/CVE-2022-RCE,README.md,32d99e5a5a26e28a10bbc20ab4b4fff2d99c1da5,CVE-2022-21436
450360735,AlphabugX/CVE-2022-RCE,README.md,32d99e5a5a26e28a10bbc20ab4b4fff2d99c1da5,CVE-2022-21427
450360735,AlphabugX/CVE-2022-RCE,README.md,32d99e5a5a26e28a10bbc20ab4b4fff2d99c1da5,CVE-2022-21437
450360735,AlphabugX/CVE-2022-RCE,README.md,32d99e5a5a26e28a10bbc20ab4b4fff2d99c1da5,CVE-2022-21439
450360735,AlphabugX/CVE-2022-RCE,README.md,32d99e5a5a26e28a10bbc20ab4b4fff2d99c1da5,CVE-2022-21440
450360735,AlphabugX/CVE-2022-RCE,README.md,32d99e5a5a26e28a10bbc20ab4b4fff2d99c1da5,CVE-2022-21441
450360735,AlphabugX/CVE-2022-RCE,README.md,32d99e5a5a26e28a10bbc20ab4b4fff2d99c1da5,CVE-2022-21442
450360735,AlphabugX/CVE-2022-RCE,README.md,32d99e5a5a26e28a10bbc20ab4b4fff2d99c1da5,CVE-2022-21443
450360735,AlphabugX/CVE-2022-RCE,README.md,32d99e5a5a26e28a10bbc20ab4b4fff2d99c1da5,CVE-2022-21444
450360735,AlphabugX/CVE-2022-RCE,README.md,32d99e5a5a26e28a10bbc20ab4b4fff2d99c1da5,CVE-2022-21445
450360735,AlphabugX/CVE-2022-RCE,README.md,32d99e5a5a26e28a10bbc20ab4b4fff2d99c1da5,CVE-2022-21446
450360735,AlphabugX/CVE-2022-RCE,README.md,32d99e5a5a26e28a10bbc20ab4b4fff2d99c1da5,CVE-2022-21447
450360735,AlphabugX/CVE-2022-RCE,README.md,32d99e5a5a26e28a10bbc20ab4b4fff2d99c1da5,CVE-2022-21438
450360735,AlphabugX/CVE-2022-RCE,README.md,32d99e5a5a26e28a10bbc20ab4b4fff2d99c1da5,CVE-2022-21426
450360735,AlphabugX/CVE-2022-RCE,README.md,32d99e5a5a26e28a10bbc20ab4b4fff2d99c1da5,CVE-2022-21425
450360735,AlphabugX/CVE-2022-RCE,README.md,32d99e5a5a26e28a10bbc20ab4b4fff2d99c1da5,CVE-2022-21424
450360735,AlphabugX/CVE-2022-RCE,README.md,32d99e5a5a26e28a10bbc20ab4b4fff2d99c1da5,CVE-2022-21403
450360735,AlphabugX/CVE-2022-RCE,README.md,32d99e5a5a26e28a10bbc20ab4b4fff2d99c1da5,CVE-2022-21404
450360735,AlphabugX/CVE-2022-RCE,README.md,32d99e5a5a26e28a10bbc20ab4b4fff2d99c1da5,CVE-2022-21405
450360735,AlphabugX/CVE-2022-RCE,README.md,32d99e5a5a26e28a10bbc20ab4b4fff2d99c1da5,CVE-2022-21406
450360735,AlphabugX/CVE-2022-RCE,README.md,32d99e5a5a26e28a10bbc20ab4b4fff2d99c1da5,CVE-2022-21407
450360735,AlphabugX/CVE-2022-RCE,README.md,32d99e5a5a26e28a10bbc20ab4b4fff2d99c1da5,CVE-2022-21408
450360735,AlphabugX/CVE-2022-RCE,README.md,32d99e5a5a26e28a10bbc20ab4b4fff2d99c1da5,CVE-2022-21409
450360735,AlphabugX/CVE-2022-RCE,README.md,32d99e5a5a26e28a10bbc20ab4b4fff2d99c1da5,CVE-2022-21410
450360735,AlphabugX/CVE-2022-RCE,README.md,32d99e5a5a26e28a10bbc20ab4b4fff2d99c1da5,CVE-2022-21411
450360735,AlphabugX/CVE-2022-RCE,README.md,32d99e5a5a26e28a10bbc20ab4b4fff2d99c1da5,CVE-2022-21412
450360735,AlphabugX/CVE-2022-RCE,README.md,32d99e5a5a26e28a10bbc20ab4b4fff2d99c1da5,CVE-2022-21413
450360735,AlphabugX/CVE-2022-RCE,README.md,32d99e5a5a26e28a10bbc20ab4b4fff2d99c1da5,CVE-2022-21414
450360735,AlphabugX/CVE-2022-RCE,README.md,32d99e5a5a26e28a10bbc20ab4b4fff2d99c1da5,CVE-2022-21415
450360735,AlphabugX/CVE-2022-RCE,README.md,32d99e5a5a26e28a10bbc20ab4b4fff2d99c1da5,CVE-2022-21416
450360735,AlphabugX/CVE-2022-RCE,README.md,32d99e5a5a26e28a10bbc20ab4b4fff2d99c1da5,CVE-2022-21417
450360735,AlphabugX/CVE-2022-RCE,README.md,32d99e5a5a26e28a10bbc20ab4b4fff2d99c1da5,CVE-2022-21418
450360735,AlphabugX/CVE-2022-RCE,README.md,32d99e5a5a26e28a10bbc20ab4b4fff2d99c1da5,CVE-2022-21419
450360735,AlphabugX/CVE-2022-RCE,README.md,32d99e5a5a26e28a10bbc20ab4b4fff2d99c1da5,CVE-2022-21420
450360735,AlphabugX/CVE-2022-RCE,README.md,32d99e5a5a26e28a10bbc20ab4b4fff2d99c1da5,CVE-2022-21421
450360735,AlphabugX/CVE-2022-RCE,README.md,32d99e5a5a26e28a10bbc20ab4b4fff2d99c1da5,CVE-2022-21422
450360735,AlphabugX/CVE-2022-RCE,README.md,32d99e5a5a26e28a10bbc20ab4b4fff2d99c1da5,CVE-2022-21423
450360735,AlphabugX/CVE-2022-RCE,README.md,32d99e5a5a26e28a10bbc20ab4b4fff2d99c1da5,CVE-2022-21448
450360735,AlphabugX/CVE-2022-RCE,README.md,32d99e5a5a26e28a10bbc20ab4b4fff2d99c1da5,CVE-2022-21449
450360735,AlphabugX/CVE-2022-RCE,README.md,32d99e5a5a26e28a10bbc20ab4b4fff2d99c1da5,CVE-2022-21450
450360735,AlphabugX/CVE-2022-RCE,README.md,32d99e5a5a26e28a10bbc20ab4b4fff2d99c1da5,CVE-2022-21451
450360735,AlphabugX/CVE-2022-RCE,README.md,32d99e5a5a26e28a10bbc20ab4b4fff2d99c1da5,CVE-2022-21477
450360735,AlphabugX/CVE-2022-RCE,README.md,32d99e5a5a26e28a10bbc20ab4b4fff2d99c1da5,CVE-2022-21478
450360735,AlphabugX/CVE-2022-RCE,README.md,32d99e5a5a26e28a10bbc20ab4b4fff2d99c1da5,CVE-2022-21479
450360735,AlphabugX/CVE-2022-RCE,README.md,32d99e5a5a26e28a10bbc20ab4b4fff2d99c1da5,CVE-2022-21480
450360735,AlphabugX/CVE-2022-RCE,README.md,32d99e5a5a26e28a10bbc20ab4b4fff2d99c1da5,CVE-2022-21481
450360735,AlphabugX/CVE-2022-RCE,README.md,32d99e5a5a26e28a10bbc20ab4b4fff2d99c1da5,CVE-2022-21482
450360735,AlphabugX/CVE-2022-RCE,README.md,32d99e5a5a26e28a10bbc20ab4b4fff2d99c1da5,CVE-2022-21483
450360735,AlphabugX/CVE-2022-RCE,README.md,32d99e5a5a26e28a10bbc20ab4b4fff2d99c1da5,CVE-2022-21484
450360735,AlphabugX/CVE-2022-RCE,README.md,32d99e5a5a26e28a10bbc20ab4b4fff2d99c1da5,CVE-2022-21485
450360735,AlphabugX/CVE-2022-RCE,README.md,32d99e5a5a26e28a10bbc20ab4b4fff2d99c1da5,CVE-2022-21486
450360735,AlphabugX/CVE-2022-RCE,README.md,32d99e5a5a26e28a10bbc20ab4b4fff2d99c1da5,CVE-2022-21487
450360735,AlphabugX/CVE-2022-RCE,README.md,32d99e5a5a26e28a10bbc20ab4b4fff2d99c1da5,CVE-2022-21488
450360735,AlphabugX/CVE-2022-RCE,README.md,32d99e5a5a26e28a10bbc20ab4b4fff2d99c1da5,CVE-2022-21489
450360735,AlphabugX/CVE-2022-RCE,README.md,32d99e5a5a26e28a10bbc20ab4b4fff2d99c1da5,CVE-2022-21490
450360735,AlphabugX/CVE-2022-RCE,README.md,32d99e5a5a26e28a10bbc20ab4b4fff2d99c1da5,CVE-2022-21491
450360735,AlphabugX/CVE-2022-RCE,README.md,32d99e5a5a26e28a10bbc20ab4b4fff2d99c1da5,CVE-2022-21492
450360735,AlphabugX/CVE-2022-RCE,README.md,32d99e5a5a26e28a10bbc20ab4b4fff2d99c1da5,CVE-2022-21493
450360735,AlphabugX/CVE-2022-RCE,README.md,32d99e5a5a26e28a10bbc20ab4b4fff2d99c1da5,CVE-2022-21494
450360735,AlphabugX/CVE-2022-RCE,README.md,32d99e5a5a26e28a10bbc20ab4b4fff2d99c1da5,CVE-2022-21495
450360735,AlphabugX/CVE-2022-RCE,README.md,32d99e5a5a26e28a10bbc20ab4b4fff2d99c1da5,CVE-2022-21496
450360735,AlphabugX/CVE-2022-RCE,README.md,32d99e5a5a26e28a10bbc20ab4b4fff2d99c1da5,CVE-2022-21497
450360735,AlphabugX/CVE-2022-RCE,README.md,32d99e5a5a26e28a10bbc20ab4b4fff2d99c1da5,CVE-2022-21476
450360735,AlphabugX/CVE-2022-RCE,README.md,32d99e5a5a26e28a10bbc20ab4b4fff2d99c1da5,CVE-2022-21596
450360735,AlphabugX/CVE-2022-RCE,README.md,32d99e5a5a26e28a10bbc20ab4b4fff2d99c1da5,CVE-2022-21475
450360735,AlphabugX/CVE-2022-RCE,README.md,32d99e5a5a26e28a10bbc20ab4b4fff2d99c1da5,CVE-2022-21473
450360735,AlphabugX/CVE-2022-RCE,README.md,32d99e5a5a26e28a10bbc20ab4b4fff2d99c1da5,CVE-2022-21452
450360735,AlphabugX/CVE-2022-RCE,README.md,32d99e5a5a26e28a10bbc20ab4b4fff2d99c1da5,CVE-2022-21453
450360735,AlphabugX/CVE-2022-RCE,README.md,32d99e5a5a26e28a10bbc20ab4b4fff2d99c1da5,CVE-2022-21454
450360735,AlphabugX/CVE-2022-RCE,README.md,32d99e5a5a26e28a10bbc20ab4b4fff2d99c1da5,CVE-2022-21455
450360735,AlphabugX/CVE-2022-RCE,README.md,32d99e5a5a26e28a10bbc20ab4b4fff2d99c1da5,CVE-2022-21456
450360735,AlphabugX/CVE-2022-RCE,README.md,32d99e5a5a26e28a10bbc20ab4b4fff2d99c1da5,CVE-2022-21457
450360735,AlphabugX/CVE-2022-RCE,README.md,32d99e5a5a26e28a10bbc20ab4b4fff2d99c1da5,CVE-2022-21458
450360735,AlphabugX/CVE-2022-RCE,README.md,32d99e5a5a26e28a10bbc20ab4b4fff2d99c1da5,CVE-2022-21459
450360735,AlphabugX/CVE-2022-RCE,README.md,32d99e5a5a26e28a10bbc20ab4b4fff2d99c1da5,CVE-2022-21460
450360735,AlphabugX/CVE-2022-RCE,README.md,32d99e5a5a26e28a10bbc20ab4b4fff2d99c1da5,CVE-2022-21461
450360735,AlphabugX/CVE-2022-RCE,README.md,32d99e5a5a26e28a10bbc20ab4b4fff2d99c1da5,CVE-2022-21462
450360735,AlphabugX/CVE-2022-RCE,README.md,32d99e5a5a26e28a10bbc20ab4b4fff2d99c1da5,CVE-2022-21463
450360735,AlphabugX/CVE-2022-RCE,README.md,32d99e5a5a26e28a10bbc20ab4b4fff2d99c1da5,CVE-2022-21464
450360735,AlphabugX/CVE-2022-RCE,README.md,32d99e5a5a26e28a10bbc20ab4b4fff2d99c1da5,CVE-2022-21465
450360735,AlphabugX/CVE-2022-RCE,README.md,32d99e5a5a26e28a10bbc20ab4b4fff2d99c1da5,CVE-2022-21466
450360735,AlphabugX/CVE-2022-RCE,README.md,32d99e5a5a26e28a10bbc20ab4b4fff2d99c1da5,CVE-2022-21467
450360735,AlphabugX/CVE-2022-RCE,README.md,32d99e5a5a26e28a10bbc20ab4b4fff2d99c1da5,CVE-2022-21468
450360735,AlphabugX/CVE-2022-RCE,README.md,32d99e5a5a26e28a10bbc20ab4b4fff2d99c1da5,CVE-2022-21469
450360735,AlphabugX/CVE-2022-RCE,README.md,32d99e5a5a26e28a10bbc20ab4b4fff2d99c1da5,CVE-2022-21470
450360735,AlphabugX/CVE-2022-RCE,README.md,32d99e5a5a26e28a10bbc20ab4b4fff2d99c1da5,CVE-2022-21471
450360735,AlphabugX/CVE-2022-RCE,README.md,32d99e5a5a26e28a10bbc20ab4b4fff2d99c1da5,CVE-2022-21472
450360735,AlphabugX/CVE-2022-RCE,README.md,32d99e5a5a26e28a10bbc20ab4b4fff2d99c1da5,CVE-2022-21474
450360735,AlphabugX/CVE-2022-RCE,README.md,32d99e5a5a26e28a10bbc20ab4b4fff2d99c1da5,CVE-2022-21597
450360735,AlphabugX/CVE-2022-RCE,README.md,32d99e5a5a26e28a10bbc20ab4b4fff2d99c1da5,CVE-2022-21598
450360735,AlphabugX/CVE-2022-RCE,README.md,32d99e5a5a26e28a10bbc20ab4b4fff2d99c1da5,CVE-2022-21599
450360735,AlphabugX/CVE-2022-RCE,README.md,32d99e5a5a26e28a10bbc20ab4b4fff2d99c1da5,CVE-2022-21724
450360735,AlphabugX/CVE-2022-RCE,README.md,32d99e5a5a26e28a10bbc20ab4b4fff2d99c1da5,CVE-2022-21725
450360735,AlphabugX/CVE-2022-RCE,README.md,32d99e5a5a26e28a10bbc20ab4b4fff2d99c1da5,CVE-2022-21726
450360735,AlphabugX/CVE-2022-RCE,README.md,32d99e5a5a26e28a10bbc20ab4b4fff2d99c1da5,CVE-2022-21727
450360735,AlphabugX/CVE-2022-RCE,README.md,32d99e5a5a26e28a10bbc20ab4b4fff2d99c1da5,CVE-2022-21728
450360735,AlphabugX/CVE-2022-RCE,README.md,32d99e5a5a26e28a10bbc20ab4b4fff2d99c1da5,CVE-2022-21729
450360735,AlphabugX/CVE-2022-RCE,README.md,32d99e5a5a26e28a10bbc20ab4b4fff2d99c1da5,CVE-2022-21730
450360735,AlphabugX/CVE-2022-RCE,README.md,32d99e5a5a26e28a10bbc20ab4b4fff2d99c1da5,CVE-2022-21731
450360735,AlphabugX/CVE-2022-RCE,README.md,32d99e5a5a26e28a10bbc20ab4b4fff2d99c1da5,CVE-2022-21732
450360735,AlphabugX/CVE-2022-RCE,README.md,32d99e5a5a26e28a10bbc20ab4b4fff2d99c1da5,CVE-2022-21723
450360735,AlphabugX/CVE-2022-RCE,README.md,32d99e5a5a26e28a10bbc20ab4b4fff2d99c1da5,CVE-2022-21733
450360735,AlphabugX/CVE-2022-RCE,README.md,32d99e5a5a26e28a10bbc20ab4b4fff2d99c1da5,CVE-2022-21735
450360735,AlphabugX/CVE-2022-RCE,README.md,32d99e5a5a26e28a10bbc20ab4b4fff2d99c1da5,CVE-2022-21736
450360735,AlphabugX/CVE-2022-RCE,README.md,32d99e5a5a26e28a10bbc20ab4b4fff2d99c1da5,CVE-2022-21737
450360735,AlphabugX/CVE-2022-RCE,README.md,32d99e5a5a26e28a10bbc20ab4b4fff2d99c1da5,CVE-2022-21738
450360735,AlphabugX/CVE-2022-RCE,README.md,32d99e5a5a26e28a10bbc20ab4b4fff2d99c1da5,CVE-2022-21739
450360735,AlphabugX/CVE-2022-RCE,README.md,32d99e5a5a26e28a10bbc20ab4b4fff2d99c1da5,CVE-2022-21740
450360735,AlphabugX/CVE-2022-RCE,README.md,32d99e5a5a26e28a10bbc20ab4b4fff2d99c1da5,CVE-2022-21741
450360735,AlphabugX/CVE-2022-RCE,README.md,32d99e5a5a26e28a10bbc20ab4b4fff2d99c1da5,CVE-2022-21742
450360735,AlphabugX/CVE-2022-RCE,README.md,32d99e5a5a26e28a10bbc20ab4b4fff2d99c1da5,CVE-2022-21743
450360735,AlphabugX/CVE-2022-RCE,README.md,32d99e5a5a26e28a10bbc20ab4b4fff2d99c1da5,CVE-2022-21734
450360735,AlphabugX/CVE-2022-RCE,README.md,32d99e5a5a26e28a10bbc20ab4b4fff2d99c1da5,CVE-2022-21722
450360735,AlphabugX/CVE-2022-RCE,README.md,32d99e5a5a26e28a10bbc20ab4b4fff2d99c1da5,CVE-2022-21721
450360735,AlphabugX/CVE-2022-RCE,README.md,32d99e5a5a26e28a10bbc20ab4b4fff2d99c1da5,CVE-2022-21720
450360735,AlphabugX/CVE-2022-RCE,README.md,32d99e5a5a26e28a10bbc20ab4b4fff2d99c1da5,CVE-2022-21699
450360735,AlphabugX/CVE-2022-RCE,README.md,32d99e5a5a26e28a10bbc20ab4b4fff2d99c1da5,CVE-2022-21700
450360735,AlphabugX/CVE-2022-RCE,README.md,32d99e5a5a26e28a10bbc20ab4b4fff2d99c1da5,CVE-2022-21701
450360735,AlphabugX/CVE-2022-RCE,README.md,32d99e5a5a26e28a10bbc20ab4b4fff2d99c1da5,CVE-2022-21702
450360735,AlphabugX/CVE-2022-RCE,README.md,32d99e5a5a26e28a10bbc20ab4b4fff2d99c1da5,CVE-2022-21703
450360735,AlphabugX/CVE-2022-RCE,README.md,32d99e5a5a26e28a10bbc20ab4b4fff2d99c1da5,CVE-2022-21704
450360735,AlphabugX/CVE-2022-RCE,README.md,32d99e5a5a26e28a10bbc20ab4b4fff2d99c1da5,CVE-2022-21705
450360735,AlphabugX/CVE-2022-RCE,README.md,32d99e5a5a26e28a10bbc20ab4b4fff2d99c1da5,CVE-2022-21706
450360735,AlphabugX/CVE-2022-RCE,README.md,32d99e5a5a26e28a10bbc20ab4b4fff2d99c1da5,CVE-2022-21707
450360735,AlphabugX/CVE-2022-RCE,README.md,32d99e5a5a26e28a10bbc20ab4b4fff2d99c1da5,CVE-2022-21708
450360735,AlphabugX/CVE-2022-RCE,README.md,32d99e5a5a26e28a10bbc20ab4b4fff2d99c1da5,CVE-2022-21709
450360735,AlphabugX/CVE-2022-RCE,README.md,32d99e5a5a26e28a10bbc20ab4b4fff2d99c1da5,CVE-2022-21710
450360735,AlphabugX/CVE-2022-RCE,README.md,32d99e5a5a26e28a10bbc20ab4b4fff2d99c1da5,CVE-2022-21711
450360735,AlphabugX/CVE-2022-RCE,README.md,32d99e5a5a26e28a10bbc20ab4b4fff2d99c1da5,CVE-2022-21712
450360735,AlphabugX/CVE-2022-RCE,README.md,32d99e5a5a26e28a10bbc20ab4b4fff2d99c1da5,CVE-2022-21713
450360735,AlphabugX/CVE-2022-RCE,README.md,32d99e5a5a26e28a10bbc20ab4b4fff2d99c1da5,CVE-2022-21714
450360735,AlphabugX/CVE-2022-RCE,README.md,32d99e5a5a26e28a10bbc20ab4b4fff2d99c1da5,CVE-2022-21715
450360735,AlphabugX/CVE-2022-RCE,README.md,32d99e5a5a26e28a10bbc20ab4b4fff2d99c1da5,CVE-2022-21716
450360735,AlphabugX/CVE-2022-RCE,README.md,32d99e5a5a26e28a10bbc20ab4b4fff2d99c1da5,CVE-2022-21717
450360735,AlphabugX/CVE-2022-RCE,README.md,32d99e5a5a26e28a10bbc20ab4b4fff2d99c1da5,CVE-2022-21718
450360735,AlphabugX/CVE-2022-RCE,README.md,32d99e5a5a26e28a10bbc20ab4b4fff2d99c1da5,CVE-2022-21719
450360735,AlphabugX/CVE-2022-RCE,README.md,32d99e5a5a26e28a10bbc20ab4b4fff2d99c1da5,CVE-2022-21744
450360735,AlphabugX/CVE-2022-RCE,README.md,32d99e5a5a26e28a10bbc20ab4b4fff2d99c1da5,CVE-2022-21745
450360735,AlphabugX/CVE-2022-RCE,README.md,32d99e5a5a26e28a10bbc20ab4b4fff2d99c1da5,CVE-2022-21746
450360735,AlphabugX/CVE-2022-RCE,README.md,32d99e5a5a26e28a10bbc20ab4b4fff2d99c1da5,CVE-2022-21747
450360735,AlphabugX/CVE-2022-RCE,README.md,32d99e5a5a26e28a10bbc20ab4b4fff2d99c1da5,CVE-2022-21773
450360735,AlphabugX/CVE-2022-RCE,README.md,32d99e5a5a26e28a10bbc20ab4b4fff2d99c1da5,CVE-2022-21774
450360735,AlphabugX/CVE-2022-RCE,README.md,32d99e5a5a26e28a10bbc20ab4b4fff2d99c1da5,CVE-2022-21775
450360735,AlphabugX/CVE-2022-RCE,README.md,32d99e5a5a26e28a10bbc20ab4b4fff2d99c1da5,CVE-2022-21776
450360735,AlphabugX/CVE-2022-RCE,README.md,32d99e5a5a26e28a10bbc20ab4b4fff2d99c1da5,CVE-2022-21777
450360735,AlphabugX/CVE-2022-RCE,README.md,32d99e5a5a26e28a10bbc20ab4b4fff2d99c1da5,CVE-2022-21778
450360735,AlphabugX/CVE-2022-RCE,README.md,32d99e5a5a26e28a10bbc20ab4b4fff2d99c1da5,CVE-2022-21779
450360735,AlphabugX/CVE-2022-RCE,README.md,32d99e5a5a26e28a10bbc20ab4b4fff2d99c1da5,CVE-2022-21780
450360735,AlphabugX/CVE-2022-RCE,README.md,32d99e5a5a26e28a10bbc20ab4b4fff2d99c1da5,CVE-2022-21781
450360735,AlphabugX/CVE-2022-RCE,README.md,32d99e5a5a26e28a10bbc20ab4b4fff2d99c1da5,CVE-2022-21782
450360735,AlphabugX/CVE-2022-RCE,README.md,32d99e5a5a26e28a10bbc20ab4b4fff2d99c1da5,CVE-2022-21783
450360735,AlphabugX/CVE-2022-RCE,README.md,32d99e5a5a26e28a10bbc20ab4b4fff2d99c1da5,CVE-2022-21784
450360735,AlphabugX/CVE-2022-RCE,README.md,32d99e5a5a26e28a10bbc20ab4b4fff2d99c1da5,CVE-2022-21785
450360735,AlphabugX/CVE-2022-RCE,README.md,32d99e5a5a26e28a10bbc20ab4b4fff2d99c1da5,CVE-2022-21786
450360735,AlphabugX/CVE-2022-RCE,README.md,32d99e5a5a26e28a10bbc20ab4b4fff2d99c1da5,CVE-2022-21787
450360735,AlphabugX/CVE-2022-RCE,README.md,32d99e5a5a26e28a10bbc20ab4b4fff2d99c1da5,CVE-2022-21788
450360735,AlphabugX/CVE-2022-RCE,README.md,32d99e5a5a26e28a10bbc20ab4b4fff2d99c1da5,CVE-2022-21789
450360735,AlphabugX/CVE-2022-RCE,README.md,32d99e5a5a26e28a10bbc20ab4b4fff2d99c1da5,CVE-2022-21790
450360735,AlphabugX/CVE-2022-RCE,README.md,32d99e5a5a26e28a10bbc20ab4b4fff2d99c1da5,CVE-2022-21791
450360735,AlphabugX/CVE-2022-RCE,README.md,32d99e5a5a26e28a10bbc20ab4b4fff2d99c1da5,CVE-2022-21792
450360735,AlphabugX/CVE-2022-RCE,README.md,32d99e5a5a26e28a10bbc20ab4b4fff2d99c1da5,CVE-2022-21793
450360735,AlphabugX/CVE-2022-RCE,README.md,32d99e5a5a26e28a10bbc20ab4b4fff2d99c1da5,CVE-2022-21772
450360735,AlphabugX/CVE-2022-RCE,README.md,32d99e5a5a26e28a10bbc20ab4b4fff2d99c1da5,CVE-2022-21698
450360735,AlphabugX/CVE-2022-RCE,README.md,32d99e5a5a26e28a10bbc20ab4b4fff2d99c1da5,CVE-2022-21771
450360735,AlphabugX/CVE-2022-RCE,README.md,32d99e5a5a26e28a10bbc20ab4b4fff2d99c1da5,CVE-2022-21769
450360735,AlphabugX/CVE-2022-RCE,README.md,32d99e5a5a26e28a10bbc20ab4b4fff2d99c1da5,CVE-2022-21748
450360735,AlphabugX/CVE-2022-RCE,README.md,32d99e5a5a26e28a10bbc20ab4b4fff2d99c1da5,CVE-2022-21749
450360735,AlphabugX/CVE-2022-RCE,README.md,32d99e5a5a26e28a10bbc20ab4b4fff2d99c1da5,CVE-2022-21750
450360735,AlphabugX/CVE-2022-RCE,README.md,32d99e5a5a26e28a10bbc20ab4b4fff2d99c1da5,CVE-2022-21751
450360735,AlphabugX/CVE-2022-RCE,README.md,32d99e5a5a26e28a10bbc20ab4b4fff2d99c1da5,CVE-2022-21752
450360735,AlphabugX/CVE-2022-RCE,README.md,32d99e5a5a26e28a10bbc20ab4b4fff2d99c1da5,CVE-2022-21753
450360735,AlphabugX/CVE-2022-RCE,README.md,32d99e5a5a26e28a10bbc20ab4b4fff2d99c1da5,CVE-2022-21754
450360735,AlphabugX/CVE-2022-RCE,README.md,32d99e5a5a26e28a10bbc20ab4b4fff2d99c1da5,CVE-2022-21755
450360735,AlphabugX/CVE-2022-RCE,README.md,32d99e5a5a26e28a10bbc20ab4b4fff2d99c1da5,CVE-2022-21756
450360735,AlphabugX/CVE-2022-RCE,README.md,32d99e5a5a26e28a10bbc20ab4b4fff2d99c1da5,CVE-2022-21757
450360735,AlphabugX/CVE-2022-RCE,README.md,32d99e5a5a26e28a10bbc20ab4b4fff2d99c1da5,CVE-2022-21758
450360735,AlphabugX/CVE-2022-RCE,README.md,32d99e5a5a26e28a10bbc20ab4b4fff2d99c1da5,CVE-2022-21759
450360735,AlphabugX/CVE-2022-RCE,README.md,32d99e5a5a26e28a10bbc20ab4b4fff2d99c1da5,CVE-2022-21760
450360735,AlphabugX/CVE-2022-RCE,README.md,32d99e5a5a26e28a10bbc20ab4b4fff2d99c1da5,CVE-2022-21761
450360735,AlphabugX/CVE-2022-RCE,README.md,32d99e5a5a26e28a10bbc20ab4b4fff2d99c1da5,CVE-2022-21762
450360735,AlphabugX/CVE-2022-RCE,README.md,32d99e5a5a26e28a10bbc20ab4b4fff2d99c1da5,CVE-2022-21763
450360735,AlphabugX/CVE-2022-RCE,README.md,32d99e5a5a26e28a10bbc20ab4b4fff2d99c1da5,CVE-2022-21764
450360735,AlphabugX/CVE-2022-RCE,README.md,32d99e5a5a26e28a10bbc20ab4b4fff2d99c1da5,CVE-2022-21765
450360735,AlphabugX/CVE-2022-RCE,README.md,32d99e5a5a26e28a10bbc20ab4b4fff2d99c1da5,CVE-2022-21766
450360735,AlphabugX/CVE-2022-RCE,README.md,32d99e5a5a26e28a10bbc20ab4b4fff2d99c1da5,CVE-2022-21767
450360735,AlphabugX/CVE-2022-RCE,README.md,32d99e5a5a26e28a10bbc20ab4b4fff2d99c1da5,CVE-2022-21768
450360735,AlphabugX/CVE-2022-RCE,README.md,32d99e5a5a26e28a10bbc20ab4b4fff2d99c1da5,CVE-2022-21770
450360735,AlphabugX/CVE-2022-RCE,README.md,32d99e5a5a26e28a10bbc20ab4b4fff2d99c1da5,CVE-2022-21796
450360735,AlphabugX/CVE-2022-RCE,README.md,32d99e5a5a26e28a10bbc20ab4b4fff2d99c1da5,CVE-2022-21697
450360735,AlphabugX/CVE-2022-RCE,README.md,32d99e5a5a26e28a10bbc20ab4b4fff2d99c1da5,CVE-2022-21695
450360735,AlphabugX/CVE-2022-RCE,README.md,32d99e5a5a26e28a10bbc20ab4b4fff2d99c1da5,CVE-2022-21625
450360735,AlphabugX/CVE-2022-RCE,README.md,32d99e5a5a26e28a10bbc20ab4b4fff2d99c1da5,CVE-2022-21626
450360735,AlphabugX/CVE-2022-RCE,README.md,32d99e5a5a26e28a10bbc20ab4b4fff2d99c1da5,CVE-2022-21627
450360735,AlphabugX/CVE-2022-RCE,README.md,32d99e5a5a26e28a10bbc20ab4b4fff2d99c1da5,CVE-2022-21628
450360735,AlphabugX/CVE-2022-RCE,README.md,32d99e5a5a26e28a10bbc20ab4b4fff2d99c1da5,CVE-2022-21629
450360735,AlphabugX/CVE-2022-RCE,README.md,32d99e5a5a26e28a10bbc20ab4b4fff2d99c1da5,CVE-2022-21630
450360735,AlphabugX/CVE-2022-RCE,README.md,32d99e5a5a26e28a10bbc20ab4b4fff2d99c1da5,CVE-2022-21631
450360735,AlphabugX/CVE-2022-RCE,README.md,32d99e5a5a26e28a10bbc20ab4b4fff2d99c1da5,CVE-2022-21632
450360735,AlphabugX/CVE-2022-RCE,README.md,32d99e5a5a26e28a10bbc20ab4b4fff2d99c1da5,CVE-2022-21633
450360735,AlphabugX/CVE-2022-RCE,README.md,32d99e5a5a26e28a10bbc20ab4b4fff2d99c1da5,CVE-2022-21624
450360735,AlphabugX/CVE-2022-RCE,README.md,32d99e5a5a26e28a10bbc20ab4b4fff2d99c1da5,CVE-2022-21634
450360735,AlphabugX/CVE-2022-RCE,README.md,32d99e5a5a26e28a10bbc20ab4b4fff2d99c1da5,CVE-2022-21636
450360735,AlphabugX/CVE-2022-RCE,README.md,32d99e5a5a26e28a10bbc20ab4b4fff2d99c1da5,CVE-2022-21637
450360735,AlphabugX/CVE-2022-RCE,README.md,32d99e5a5a26e28a10bbc20ab4b4fff2d99c1da5,CVE-2022-21638
450360735,AlphabugX/CVE-2022-RCE,README.md,32d99e5a5a26e28a10bbc20ab4b4fff2d99c1da5,CVE-2022-21639
450360735,AlphabugX/CVE-2022-RCE,README.md,32d99e5a5a26e28a10bbc20ab4b4fff2d99c1da5,CVE-2022-21640
450360735,AlphabugX/CVE-2022-RCE,README.md,32d99e5a5a26e28a10bbc20ab4b4fff2d99c1da5,CVE-2022-21641
450360735,AlphabugX/CVE-2022-RCE,README.md,32d99e5a5a26e28a10bbc20ab4b4fff2d99c1da5,CVE-2022-21642
450360735,AlphabugX/CVE-2022-RCE,README.md,32d99e5a5a26e28a10bbc20ab4b4fff2d99c1da5,CVE-2022-21643
450360735,AlphabugX/CVE-2022-RCE,README.md,32d99e5a5a26e28a10bbc20ab4b4fff2d99c1da5,CVE-2022-21644
450360735,AlphabugX/CVE-2022-RCE,README.md,32d99e5a5a26e28a10bbc20ab4b4fff2d99c1da5,CVE-2022-21635
450360735,AlphabugX/CVE-2022-RCE,README.md,32d99e5a5a26e28a10bbc20ab4b4fff2d99c1da5,CVE-2022-21623
450360735,AlphabugX/CVE-2022-RCE,README.md,32d99e5a5a26e28a10bbc20ab4b4fff2d99c1da5,CVE-2022-21622
450360735,AlphabugX/CVE-2022-RCE,README.md,32d99e5a5a26e28a10bbc20ab4b4fff2d99c1da5,CVE-2022-21621
450360735,AlphabugX/CVE-2022-RCE,README.md,32d99e5a5a26e28a10bbc20ab4b4fff2d99c1da5,CVE-2022-21600
450360735,AlphabugX/CVE-2022-RCE,README.md,32d99e5a5a26e28a10bbc20ab4b4fff2d99c1da5,CVE-2022-21601
450360735,AlphabugX/CVE-2022-RCE,README.md,32d99e5a5a26e28a10bbc20ab4b4fff2d99c1da5,CVE-2022-21602
450360735,AlphabugX/CVE-2022-RCE,README.md,32d99e5a5a26e28a10bbc20ab4b4fff2d99c1da5,CVE-2022-21603
450360735,AlphabugX/CVE-2022-RCE,README.md,32d99e5a5a26e28a10bbc20ab4b4fff2d99c1da5,CVE-2022-21604
450360735,AlphabugX/CVE-2022-RCE,README.md,32d99e5a5a26e28a10bbc20ab4b4fff2d99c1da5,CVE-2022-21605
450360735,AlphabugX/CVE-2022-RCE,README.md,32d99e5a5a26e28a10bbc20ab4b4fff2d99c1da5,CVE-2022-21606
450360735,AlphabugX/CVE-2022-RCE,README.md,32d99e5a5a26e28a10bbc20ab4b4fff2d99c1da5,CVE-2022-21607
450360735,AlphabugX/CVE-2022-RCE,README.md,32d99e5a5a26e28a10bbc20ab4b4fff2d99c1da5,CVE-2022-21608
450360735,AlphabugX/CVE-2022-RCE,README.md,32d99e5a5a26e28a10bbc20ab4b4fff2d99c1da5,CVE-2022-21609
450360735,AlphabugX/CVE-2022-RCE,README.md,32d99e5a5a26e28a10bbc20ab4b4fff2d99c1da5,CVE-2022-21610
450360735,AlphabugX/CVE-2022-RCE,README.md,32d99e5a5a26e28a10bbc20ab4b4fff2d99c1da5,CVE-2022-21611
450360735,AlphabugX/CVE-2022-RCE,README.md,32d99e5a5a26e28a10bbc20ab4b4fff2d99c1da5,CVE-2022-21612
450360735,AlphabugX/CVE-2022-RCE,README.md,32d99e5a5a26e28a10bbc20ab4b4fff2d99c1da5,CVE-2022-21613
450360735,AlphabugX/CVE-2022-RCE,README.md,32d99e5a5a26e28a10bbc20ab4b4fff2d99c1da5,CVE-2022-21614
450360735,AlphabugX/CVE-2022-RCE,README.md,32d99e5a5a26e28a10bbc20ab4b4fff2d99c1da5,CVE-2022-21615
450360735,AlphabugX/CVE-2022-RCE,README.md,32d99e5a5a26e28a10bbc20ab4b4fff2d99c1da5,CVE-2022-21616
450360735,AlphabugX/CVE-2022-RCE,README.md,32d99e5a5a26e28a10bbc20ab4b4fff2d99c1da5,CVE-2022-21617
450360735,AlphabugX/CVE-2022-RCE,README.md,32d99e5a5a26e28a10bbc20ab4b4fff2d99c1da5,CVE-2022-21618
450360735,AlphabugX/CVE-2022-RCE,README.md,32d99e5a5a26e28a10bbc20ab4b4fff2d99c1da5,CVE-2022-21619
450360735,AlphabugX/CVE-2022-RCE,README.md,32d99e5a5a26e28a10bbc20ab4b4fff2d99c1da5,CVE-2022-21620
450360735,AlphabugX/CVE-2022-RCE,README.md,32d99e5a5a26e28a10bbc20ab4b4fff2d99c1da5,CVE-2022-21645
450360735,AlphabugX/CVE-2022-RCE,README.md,32d99e5a5a26e28a10bbc20ab4b4fff2d99c1da5,CVE-2022-21646
450360735,AlphabugX/CVE-2022-RCE,README.md,32d99e5a5a26e28a10bbc20ab4b4fff2d99c1da5,CVE-2022-21647
450360735,AlphabugX/CVE-2022-RCE,README.md,32d99e5a5a26e28a10bbc20ab4b4fff2d99c1da5,CVE-2022-21648
450360735,AlphabugX/CVE-2022-RCE,README.md,32d99e5a5a26e28a10bbc20ab4b4fff2d99c1da5,CVE-2022-21674
450360735,AlphabugX/CVE-2022-RCE,README.md,32d99e5a5a26e28a10bbc20ab4b4fff2d99c1da5,CVE-2022-21675
450360735,AlphabugX/CVE-2022-RCE,README.md,32d99e5a5a26e28a10bbc20ab4b4fff2d99c1da5,CVE-2022-21676
450360735,AlphabugX/CVE-2022-RCE,README.md,32d99e5a5a26e28a10bbc20ab4b4fff2d99c1da5,CVE-2022-21677
450360735,AlphabugX/CVE-2022-RCE,README.md,32d99e5a5a26e28a10bbc20ab4b4fff2d99c1da5,CVE-2022-21678
450360735,AlphabugX/CVE-2022-RCE,README.md,32d99e5a5a26e28a10bbc20ab4b4fff2d99c1da5,CVE-2022-21679
450360735,AlphabugX/CVE-2022-RCE,README.md,32d99e5a5a26e28a10bbc20ab4b4fff2d99c1da5,CVE-2022-21680
450360735,AlphabugX/CVE-2022-RCE,README.md,32d99e5a5a26e28a10bbc20ab4b4fff2d99c1da5,CVE-2022-21681
450360735,AlphabugX/CVE-2022-RCE,README.md,32d99e5a5a26e28a10bbc20ab4b4fff2d99c1da5,CVE-2022-21682
450360735,AlphabugX/CVE-2022-RCE,README.md,32d99e5a5a26e28a10bbc20ab4b4fff2d99c1da5,CVE-2022-21683
450360735,AlphabugX/CVE-2022-RCE,README.md,32d99e5a5a26e28a10bbc20ab4b4fff2d99c1da5,CVE-2022-21684
450360735,AlphabugX/CVE-2022-RCE,README.md,32d99e5a5a26e28a10bbc20ab4b4fff2d99c1da5,CVE-2022-21685
450360735,AlphabugX/CVE-2022-RCE,README.md,32d99e5a5a26e28a10bbc20ab4b4fff2d99c1da5,CVE-2022-21686
450360735,AlphabugX/CVE-2022-RCE,README.md,32d99e5a5a26e28a10bbc20ab4b4fff2d99c1da5,CVE-2022-21687
450360735,AlphabugX/CVE-2022-RCE,README.md,32d99e5a5a26e28a10bbc20ab4b4fff2d99c1da5,CVE-2022-21688
450360735,AlphabugX/CVE-2022-RCE,README.md,32d99e5a5a26e28a10bbc20ab4b4fff2d99c1da5,CVE-2022-21689
450360735,AlphabugX/CVE-2022-RCE,README.md,32d99e5a5a26e28a10bbc20ab4b4fff2d99c1da5,CVE-2022-21690
450360735,AlphabugX/CVE-2022-RCE,README.md,32d99e5a5a26e28a10bbc20ab4b4fff2d99c1da5,CVE-2022-21691
450360735,AlphabugX/CVE-2022-RCE,README.md,32d99e5a5a26e28a10bbc20ab4b4fff2d99c1da5,CVE-2022-21692
450360735,AlphabugX/CVE-2022-RCE,README.md,32d99e5a5a26e28a10bbc20ab4b4fff2d99c1da5,CVE-2022-21693
450360735,AlphabugX/CVE-2022-RCE,README.md,32d99e5a5a26e28a10bbc20ab4b4fff2d99c1da5,CVE-2022-21694
450360735,AlphabugX/CVE-2022-RCE,README.md,32d99e5a5a26e28a10bbc20ab4b4fff2d99c1da5,CVE-2022-21673
450360735,AlphabugX/CVE-2022-RCE,README.md,32d99e5a5a26e28a10bbc20ab4b4fff2d99c1da5,CVE-2022-21696
450360735,AlphabugX/CVE-2022-RCE,README.md,32d99e5a5a26e28a10bbc20ab4b4fff2d99c1da5,CVE-2022-21672
450360735,AlphabugX/CVE-2022-RCE,README.md,32d99e5a5a26e28a10bbc20ab4b4fff2d99c1da5,CVE-2022-21670
450360735,AlphabugX/CVE-2022-RCE,README.md,32d99e5a5a26e28a10bbc20ab4b4fff2d99c1da5,CVE-2022-21649
450360735,AlphabugX/CVE-2022-RCE,README.md,32d99e5a5a26e28a10bbc20ab4b4fff2d99c1da5,CVE-2022-21650
450360735,AlphabugX/CVE-2022-RCE,README.md,32d99e5a5a26e28a10bbc20ab4b4fff2d99c1da5,CVE-2022-21651
450360735,AlphabugX/CVE-2022-RCE,README.md,32d99e5a5a26e28a10bbc20ab4b4fff2d99c1da5,CVE-2022-21652
450360735,AlphabugX/CVE-2022-RCE,README.md,32d99e5a5a26e28a10bbc20ab4b4fff2d99c1da5,CVE-2022-21653
450360735,AlphabugX/CVE-2022-RCE,README.md,32d99e5a5a26e28a10bbc20ab4b4fff2d99c1da5,CVE-2022-21654
450360735,AlphabugX/CVE-2022-RCE,README.md,32d99e5a5a26e28a10bbc20ab4b4fff2d99c1da5,CVE-2022-21655
450360735,AlphabugX/CVE-2022-RCE,README.md,32d99e5a5a26e28a10bbc20ab4b4fff2d99c1da5,CVE-2022-21656
450360735,AlphabugX/CVE-2022-RCE,README.md,32d99e5a5a26e28a10bbc20ab4b4fff2d99c1da5,CVE-2022-21657
450360735,AlphabugX/CVE-2022-RCE,README.md,32d99e5a5a26e28a10bbc20ab4b4fff2d99c1da5,CVE-2022-21658
450360735,AlphabugX/CVE-2022-RCE,README.md,32d99e5a5a26e28a10bbc20ab4b4fff2d99c1da5,CVE-2022-21659
450360735,AlphabugX/CVE-2022-RCE,README.md,32d99e5a5a26e28a10bbc20ab4b4fff2d99c1da5,CVE-2022-21660
450360735,AlphabugX/CVE-2022-RCE,README.md,32d99e5a5a26e28a10bbc20ab4b4fff2d99c1da5,CVE-2022-21661
450360735,AlphabugX/CVE-2022-RCE,README.md,32d99e5a5a26e28a10bbc20ab4b4fff2d99c1da5,CVE-2022-21662
450360735,AlphabugX/CVE-2022-RCE,README.md,32d99e5a5a26e28a10bbc20ab4b4fff2d99c1da5,CVE-2022-21663
450360735,AlphabugX/CVE-2022-RCE,README.md,32d99e5a5a26e28a10bbc20ab4b4fff2d99c1da5,CVE-2022-21664
450360735,AlphabugX/CVE-2022-RCE,README.md,32d99e5a5a26e28a10bbc20ab4b4fff2d99c1da5,CVE-2022-21665
450360735,AlphabugX/CVE-2022-RCE,README.md,32d99e5a5a26e28a10bbc20ab4b4fff2d99c1da5,CVE-2022-21666
450360735,AlphabugX/CVE-2022-RCE,README.md,32d99e5a5a26e28a10bbc20ab4b4fff2d99c1da5,CVE-2022-21667
450360735,AlphabugX/CVE-2022-RCE,README.md,32d99e5a5a26e28a10bbc20ab4b4fff2d99c1da5,CVE-2022-21668
450360735,AlphabugX/CVE-2022-RCE,README.md,32d99e5a5a26e28a10bbc20ab4b4fff2d99c1da5,CVE-2022-21669
450360735,AlphabugX/CVE-2022-RCE,README.md,32d99e5a5a26e28a10bbc20ab4b4fff2d99c1da5,CVE-2022-21671
450360735,AlphabugX/CVE-2022-RCE,README.md,32d99e5a5a26e28a10bbc20ab4b4fff2d99c1da5,CVE-2022-23806
450360735,AlphabugX/CVE-2022-RCE,_GITHUB_REPO_METADATA_,,CVE-2022-23305
