full_name,description,html_url,matched_list,matched_count,pushed_at,size,stargazers_count,language,forks_count,vul_ids
meli0dasH4ck3r/cve-2024-25600,PoC for CVE-2024-25600,https://github.com/meli0dasH4ck3r/cve-2024-25600,['cve poc'],1,2025-04-04T17:41:10+0000,0,0,Python,0,['CVE-2024-25600']
rapid7/metasploit-framework,Metasploit Framework,https://github.com/rapid7/metasploit-framework,['metasploit module OR payload'],1,2025-04-03T08:55:50+0000,1099749,35227,Ruby,14235,[]
beefproject/beef,The Browser Exploitation Framework Project,https://github.com/beefproject/beef,['exploit'],1,2025-04-04T13:43:24+0000,24823,10138,JavaScript,2248,[]
rapid7/metasploit_data_models,"MSF database code, gemified",https://github.com/rapid7/metasploit_data_models,['metasploit module OR payload'],1,2025-04-01T20:37:13+0000,4580,52,Ruby,57,[]
buffer/thug,Python low-interaction honeyclient,https://github.com/buffer/thug,['shellcode'],1,2025-04-01T16:26:15+0000,46561,1006,Python,202,[]
Gallopsled/pwntools,CTF framework and exploit development library,https://github.com/Gallopsled/pwntools,"['exploit', 'shellcode']",2,2025-04-02T16:08:50+0000,28087,12479,Python,1743,[]
rapid7/metasploit-model,"Common code, such as validators and mixins, that are shared between ActiveModels in metasploit-framework and ActiveRecords in metasploit_data_models",https://github.com/rapid7/metasploit-model,['metasploit module OR payload'],1,2025-04-01T12:39:38+0000,2138,14,Ruby,21,[]
leebaird/discover,"Custom bash scripts used to automate various penetration testing tasks including recon, scanning,  enumeration, and malicious payload creation using Metasploit. For use with Kali Linux.",https://github.com/leebaird/discover,['metasploit module OR payload'],1,2025-04-02T21:17:08+0000,3527,3585,Shell,855,[]
electron/rcedit,Command line tool to edit resources of exe,https://github.com/electron/rcedit,['rce'],1,2025-04-01T06:11:13+0000,176,1824,C++,195,[]
electron/node-rcedit,Node module to edit resources of exe,https://github.com/electron/node-rcedit,['rce'],1,2025-04-01T13:15:27+0000,29453,193,JavaScript,36,[]
owenkerrisk/Remote-Code-Execution-Detection,None,https://github.com/owenkerrisk/Remote-Code-Execution-Detection,['remote code execution'],1,2025-04-04T11:46:42+0000,23,0,,0,[]
bjornhels/CVE-2025-30065,PoC,https://github.com/bjornhels/CVE-2025-30065,"['cve poc', 'cve-2 OR cve_2']",2,2025-04-04T12:25:19+0000,8,2,Java,0,['CVE-2025-30065']
sobri3195/PEGASUS---Unified-Web-Vulnerability-Toolkit,PEGASUS (Penetration & Exploitation Generator for Advanced Scanning of Unsecured Sites) is a powerful CLI-based web application penetration testing suite written in Python 3. It provides a comprehensive set of tools for identifying and exploiting common we,https://github.com/sobri3195/PEGASUS---Unified-Web-Vulnerability-Toolkit,['exploit'],1,2025-04-04T10:13:04+0000,12,0,Python,0,[]
sganachari/ShellCode_Execution,This solution helps accpets the extracted shellcode and executes it to analyze it furher,https://github.com/sganachari/ShellCode_Execution,['shellcode'],1,2025-04-04T10:10:52+0000,265,0,C++,0,[]
noahostle/DefenderBypass,"Windows Defender Bypass based on fileless malware, storing obfuscated shellcode on a C2 server, and process injection.",https://github.com/noahostle/DefenderBypass,['shellcode'],1,2025-04-04T09:34:46+0000,3,0,C,0,[]
N3M3S1Spy/MSFvenom-Shellcode-Collection,"A collection of simple, ready-to-use MSFvenom shellcodes for basic actions like showing a MessageBox or launching apps.",https://github.com/N3M3S1Spy/MSFvenom-Shellcode-Collection,['shellcode'],1,2025-04-04T16:34:29+0000,10,0,,0,[]
punitdarji/crushftp-CVE-2025-2825,None,https://github.com/punitdarji/crushftp-CVE-2025-2825,['cve-2 OR cve_2'],1,2025-04-04T09:00:03+0000,6,0,,0,['CVE-2025-2825']
tvasari/CVE-2024-23897,Jenkins CLI arbitrary read (CVE-2024-23897 applies to versions below 2.442 and LTS 2.426.3),https://github.com/tvasari/CVE-2024-23897,['cve-2 OR cve_2'],1,2025-04-04T08:53:50+0000,1,0,Python,0,['CVE-2024-23897']
h3st4k3r/CVE-2025-30065,"​After reviewing the provided Proof of Concept (PoC) for CVE-2025-30065, it appears that the vulnerability exploits the deserialization mechanism in Apache Parquet's handling of Avro schemas, particularly through the use of the default property to instanti",https://github.com/h3st4k3r/CVE-2025-30065,"['cve poc', 'cve-2 OR cve_2', 'exploit', 'vulnerability poc']",4,2025-04-04T08:48:25+0000,5,0,Java,0,['CVE-2025-30065']
chetuthakare/cors-exploit,None,https://github.com/chetuthakare/cors-exploit,['exploit'],1,2025-04-04T08:52:22+0000,0,0,HTML,0,[]
SET-Scheduling-Project/BufferProspector-DAC2025,"Open-source Framework for DAC2025 paper ""BufferProspector: Discovering and Exploiting Untapped Buffer Resources in Many-Core DNN Accelerators""",https://github.com/SET-Scheduling-Project/BufferProspector-DAC2025,['exploit'],1,2025-04-04T08:40:34+0000,0,0,,0,[]
Nxploited/CVE-2025-30911, WordPress RomethemeKit For Elementor Plugin <= 1.5.4 is vulnerable to Remote Code Execution (RCE) ,https://github.com/Nxploited/CVE-2025-30911,"['cve-2 OR cve_2', 'rce', 'remote code execution']",3,2025-04-04T08:24:27+0000,5,0,Python,0,['CVE-2025-30911']
wcheng729/Monstra-3.0.4-RCE,Monstra CMS 3.0.4 Authenticated RCE via theme injection,https://github.com/wcheng729/Monstra-3.0.4-RCE,['rce'],1,2025-04-04T09:10:27+0000,183,0,Python,0,[]
Rajput-lab/Port-Scanner,A port scanner is an application which is made to probe a host or server to identify open ports. Bad actors can use port scanners to exploit vulnerabilities by finding network services running on a host. They can also be used by security analysts to confir,https://github.com/Rajput-lab/Port-Scanner,['exploit'],1,2025-04-04T06:48:00+0000,5,0,,0,[]
cybersecrevolution/PdfSilentExploit-2025,Fully Undetectable PDF Silent Exploit 2025 Gmail Bypassed.,https://github.com/cybersecrevolution/PdfSilentExploit-2025,['exploit'],1,2025-04-04T06:43:54+0000,1369,0,,0,[]
Md-Monowarul-Amin/SoftwareSecurity,"Includes Glibc Heap Explanation, Heap Exploitation, Use after free vulnerability, Buffer Overflow etc.",https://github.com/Md-Monowarul-Amin/SoftwareSecurity,"['exploit', 'heap overflow']",2,2025-04-04T05:34:54+0000,12,0,C,0,[]
tencentcloud-sdk-php/rce,None,https://github.com/tencentcloud-sdk-php/rce,['rce'],1,2025-04-03T08:32:49+0000,324,0,PHP,0,[]
XenoAmess/metasploit-java-external-module,java external module for metasploit framework.,https://github.com/XenoAmess/metasploit-java-external-module,['metasploit module OR payload'],1,2025-04-03T02:41:33+0000,7299,3,Java,1,[]
binarytrails/prober,Pentester's toolbox,https://github.com/binarytrails/prober,['exploit'],1,2025-04-01T22:48:00+0000,6055,10,Go,2,[]
stephen-fox/brkit,brkit provides functionality for binary research and exploitation.,https://github.com/stephen-fox/brkit,['exploit'],1,2025-04-02T17:20:54+0000,199,1,Go,0,[]
Patrowl/PatrowlHearsData,"Open-Source Vulnerability Intelligence Center - Unified source of vulnerability, exploit and threat Intelligence feeds",https://github.com/Patrowl/PatrowlHearsData,['exploit'],1,2025-04-04T06:03:03+0000,2733495,129,Python,37,[]
Al-Azif/exploit-host-http,Docker based HTTP(S) component of the Exploit Host ,https://github.com/Al-Azif/exploit-host-http,['exploit'],1,2025-04-03T00:40:07+0000,86,11,Shell,2,[]
Al-Azif/exploit-host-dns,Docker based DNS component of the Exploit Host,https://github.com/Al-Azif/exploit-host-dns,['exploit'],1,2025-04-03T00:49:51+0000,57,19,Shell,9,[]
rcebrian/rcebrian,None,https://github.com/rcebrian/rcebrian,['rce'],1,2025-04-03T09:07:53+0000,135,0,,0,[]
Nlytn/HTB-scripts-exploits,"Compilation of tools, scripts and exploits I use for HTB challenges",https://github.com/Nlytn/HTB-scripts-exploits,['exploit'],1,2025-04-01T18:55:11+0000,16776,0,Python,0,[]
noraj/ctf-party,:triangular_flag_on_post: A CLI tool & library to enhance and speed up script/exploit writing with string conversion/manipulation.,https://github.com/noraj/ctf-party,['exploit'],1,2025-04-04T09:29:15+0000,509,83,Ruby,7,[]
lsst-uk/lsst-ir-fusion,Development of code to exploit LSST and VISTA imaging,https://github.com/lsst-uk/lsst-ir-fusion,['exploit'],1,2025-04-04T13:03:02+0000,381431,3,Jupyter Notebook,0,[]
bhassani/EternalBlueC,"EternalBlue suite remade in C/C++ which includes: MS17-010 Exploit, EternalBlue vulnerability detector, DoublePulsar detector and DoublePulsar Shellcode & DLL uploader",https://github.com/bhassani/EternalBlueC,"['exploit', 'shellcode']",2,2025-04-03T14:18:12+0000,2485,538,C,126,['MS17-010']
SethFalco/commandler,"Commandler is a command handling framework for Java. It takes a lot of inspiration from Spring, so if you're coming from there it should be immediately familiar, and uses the same standards to provide dependency injection, validation, and cron jobs, etc.",https://github.com/SethFalco/commandler,['command injection'],1,2025-04-02T16:00:32+0000,2947,1,Java,0,[]
ppepos/inf600c,Sécurité des logiciels et exploitation de vulnérabilités,https://github.com/ppepos/inf600c,['exploit'],1,2025-04-01T19:00:40+0000,30105,12,JavaScript,6,[]
nomi-sec/NVD-Exploit-List-Ja,🔍NVD exploit & JVN(Japan Vulnerability Notes) easy description,https://github.com/nomi-sec/NVD-Exploit-List-Ja,['exploit'],1,2025-04-04T00:45:34+0000,98823,85,,38,[]
nomi-sec/PoC-in-GitHub,📡 PoC auto collect from GitHub. ⚠️ Be careful Malware.,https://github.com/nomi-sec/PoC-in-GitHub,"['cve poc', 'exploit', 'vulnerability poc']",3,2025-04-03T00:33:28+0000,649988,6816,,1216,[]
N3agu/Akame-Loader,"Akame is an open-source, shellcode loader written in C++17",https://github.com/N3agu/Akame-Loader,['shellcode'],1,2025-04-02T07:17:31+0000,623,19,C++,6,[]
rcelyte/BeatUpRcelyte,A lightweight modded Beat Saber multiplayer server,https://github.com/rcelyte/BeatUpRcelyte,['rce'],1,2025-04-04T05:52:00+0000,2090,18,C,5,[]
hrbrmstr/cisa-known-exploited-vulns,Daily archiver & triage issue creator for new releases of CISA's Known Exploited Vulnerabilities list,https://github.com/hrbrmstr/cisa-known-exploited-vulns,['exploit'],1,2025-04-01T18:11:19+0000,11986,33,HTML,4,[]
JosephTLucas/CISA_KNOWN_EXPLOITED_VULNERABILITIES_CATALOG,Git Scraping project for CISA Known Exploited Vulnerability Catalog,https://github.com/JosephTLucas/CISA_KNOWN_EXPLOITED_VULNERABILITIES_CATALOG,['exploit'],1,2025-04-03T13:34:15+0000,1788,6,,2,[]
yaklang/yakit,Cyber Security ALL-IN-ONE Platform,https://github.com/yaklang/yakit,['exploit'],1,2025-04-03T06:10:52+0000,88967,6339,TypeScript,730,[]
abdoh-alkhateeb/evaluate-articles-nlp,"A fairly basic web application that exploits technologies such as Webpack, Babel, SASS, Workbox, Jest, and ExpressJS.",https://github.com/abdoh-alkhateeb/evaluate-articles-nlp,['exploit'],1,2025-04-02T03:45:43+0000,255,0,JavaScript,0,[]
cirosantilli/china-dictatroship-7,反中共政治宣传库。Anti Chinese government propaganda. https://github.com/cirosantilli/china-dictatorship 的备份backup. 住在中国真名用户的网友请别给星星，不然你要被警察请喝茶。常见问答集，新闻集和饭店和音乐建议。卐习万岁卐。冠状病毒审查郝海东新疆改造中心六四事件法轮功 996.ICU709大抓捕巴拿马文件邓家贵低端人口西藏骚乱。Friends who live in China and have real name,https://github.com/cirosantilli/china-dictatroship-7,"['attack poc', 'exploit']",2,2025-04-02T08:52:11+0000,13181,241,HTML,26,[]
scmanjarrez/CVEScannerV2DB,NVD semiupdated database to be used with CVEScannerV2,https://github.com/scmanjarrez/CVEScannerV2DB,['cve-2 OR cve_2'],1,2025-04-01T03:19:43+0000,591,14,Shell,7,[]
Cobalt-Strike/community_kit,"Cobalt Strike is a post-exploitation framework designed to be extended and customized by the user community. Several excellent tools and scripts have been written and published, but they can be challenging to locate. Community Kit is a central repository o",https://github.com/Cobalt-Strike/community_kit,['exploit'],1,2025-04-02T01:50:33+0000,3878,346,HTML,20,[]
BrenoFariasdaSilva/University,"Here you can find basically most of the exercises I'm solving during my University journey. This repo will contain lots of folders inside of it, each of one related to one subject. It won't be limited to one language.",https://github.com/BrenoFariasdaSilva/University,['shellcode'],1,2025-04-01T03:44:55+0000,52521,1,Jupyter Notebook,0,[]
sakydev/til,"Things I Learned Today about programming languages, technologies and coding in general",https://github.com/sakydev/til,['metasploit module OR payload'],1,2025-04-03T06:20:59+0000,97,5,Python,0,[]
ycdxsb/PocOrExp_in_Github,Automatically Collect POC or EXP from GitHub by CVE ID.,https://github.com/ycdxsb/PocOrExp_in_Github,"['cve poc', 'exploit']",2,2025-04-01T03:18:13+0000,619631,992,Python,209,[]
BecodoExploit-mrCAT/X-SAP-Page-Info-SAP-SuccessFactors-HXM-Core-2005-Exploit,SAP SuccessFactors X-SAP-Page-Info Exploit,https://github.com/BecodoExploit-mrCAT/X-SAP-Page-Info-SAP-SuccessFactors-HXM-Core-2005-Exploit,['exploit'],1,2025-04-02T00:53:52+0000,17,4,,0,[]
mosecorg/mosec,"A high-performance ML model serving framework, offers dynamic batching and CPU/GPU pipelines to fully exploit your compute machine",https://github.com/mosecorg/mosec,['exploit'],1,2025-04-01T15:19:02+0000,1174,834,Python,63,[]
EasingSoft/cnic,exploiting pakistani cnic number to get location and gender behind it,https://github.com/EasingSoft/cnic,['exploit'],1,2025-04-01T12:28:24+0000,149,10,HTML,2,[]
agnath18K/eXploit,eXploit is designed to perform various social engineering attacks.,https://github.com/agnath18K/eXploit,['exploit'],1,2025-04-04T11:50:02+0000,1382,0,C,0,[]
SleipnirGroup/Sleipnir,A linearity-exploiting sparse nonlinear constrained optimization problem solver that uses the interior-point method.,https://github.com/SleipnirGroup/Sleipnir,['exploit'],1,2025-04-03T05:50:28+0000,6856,52,C++,9,[]
ZeroDay-Dilemma/ZeroDay-Dilemma.github.io,:3,https://github.com/ZeroDay-Dilemma/ZeroDay-Dilemma.github.io,['zeroday'],1,2025-04-03T20:24:57+0000,5516,1,HTML,0,[]
kpcyrd/sh4d0wup,Signing-key abuse and update exploitation framework,https://github.com/kpcyrd/sh4d0wup,['exploit'],1,2025-04-02T00:34:28+0000,822,124,Rust,12,[]
sari3l/Poc-Monitor,🔍 Github CVE POC 信息监控推送 🚀,https://github.com/sari3l/Poc-Monitor,['cve poc'],1,2025-04-02T05:48:16+0000,274470,316,Go,60,[]
saintxploit/laravel-rce,None,https://github.com/saintxploit/laravel-rce,['rce'],1,2025-04-04T10:13:33+0000,1661,1,Python,0,[]
fordsham/CVE-2021-30956,.,https://github.com/fordsham/CVE-2021-30956,['cve-2 OR cve_2'],1,2025-04-04T13:24:15+0000,19,0,,0,['CVE-2021-30956']
yyzpiero/RL4RedTeam,A PPO agent leveraging reinforcement learning performs Penetration Testing in a simulated computer network environment. The agent is trained to scan for vulnerabilities in the network and exploit them to gain access to various network resources.,https://github.com/yyzpiero/RL4RedTeam,['exploit'],1,2025-04-02T03:24:26+0000,7766,25,Python,6,[]
firefart/stunner,"Stunner is a tool to test and exploit STUN, TURN and TURN over TCP servers.",https://github.com/firefart/stunner,['exploit'],1,2025-04-02T14:06:55+0000,290,788,Go,44,[]
GamerHack/GamerHack.github.io,PS4 _ PS5 Jailbreak for all exploitable firmwares,https://github.com/GamerHack/GamerHack.github.io,['exploit'],1,2025-04-03T21:58:08+0000,46176,83,JavaScript,42,[]
pangolinsec/shihtzu,"Less richly-featured than Bloodhound, Shihtzu is a lapdog for AD exploitation.  Shihtzu is intended to be a light-weight alternative to Bloodhound when stealth requirements prevent you from running full Bloodhound in an enterprise.",https://github.com/pangolinsec/shihtzu,['exploit'],1,2025-04-02T00:03:04+0000,298,3,Python,0,[]
0dayIg0r/0dayIg0r,None,https://github.com/0dayIg0r/0dayIg0r,['0day'],1,2025-04-04T01:23:30+0000,65,0,,0,[]
leistimo/RCET_ThirdSemester,None,https://github.com/leistimo/RCET_ThirdSemester,['rce'],1,2025-04-01T21:21:37+0000,757559,3,,0,[]
GhostTroops/TOP,TOP All bugbounty pentesting CVE-2023- POC Exp  RCE example payload  Things,https://github.com/GhostTroops/TOP,"['cve poc', 'exploit', 'rce', 'rce poc', 'vulnerability poc']",5,2025-04-04T01:09:10+0000,1460,691,Shell,119,[]
StevenRCE0/StevenRCE0,Hello meow!,https://github.com/StevenRCE0/StevenRCE0,['rce'],1,2025-04-01T00:17:13+0000,13071,0,,1,[]
R7w726fYrfritM7zPJCO/cihna-dictatorshrip-8,反中共政治宣传库。Anti Chinese government propaganda. https://github.com/cirosantilli/china-dictatorship 的备份backup. 住在中国真名用户的网友请别给星星，不然你要被警察请喝茶。常见问答集，新闻集和饭店和音乐建议。卐习万岁卐。冠状病毒审查郝海东新疆改造中心六四事件法轮功 996.ICU709大抓捕巴拿马文件邓家贵低端人口西藏骚乱。Friends who live in China and have real name,https://github.com/R7w726fYrfritM7zPJCO/cihna-dictatorshrip-8,"['attack poc', 'exploit']",2,2025-04-02T08:52:11+0000,17584,137,HTML,19,[]
trickest/cve,Gather and update all available and newest CVEs with their PoC.,https://github.com/trickest/cve,"['cve poc', 'exploit', 'vulnerability poc']",3,2025-04-02T16:19:20+0000,513874,6850,HTML,870,[]
pcaversaccio/malleable-signatures,This repository implements a simplified PoC that demonstrates how signature malleability attacks using compact signatures can be executed.,https://github.com/pcaversaccio/malleable-signatures,"['attack poc', 'exploit']",2,2025-04-02T09:33:04+0000,118,112,Solidity,9,[]
pcaversaccio/tornado-cash-exploit,This repository implements a simplified PoC that showcases how a contract can morph. A similar approach was used as part of the governance attack on Tornado Cash in May 2023.,https://github.com/pcaversaccio/tornado-cash-exploit,"['attack poc', 'exploit']",2,2025-04-02T09:32:37+0000,103,50,Solidity,9,[]
DataDog/KubeHound,Tool for building Kubernetes attack paths,https://github.com/DataDog/KubeHound,['exploit'],1,2025-04-01T12:15:58+0000,44430,837,Go,50,[]
EugenMayer/cisa-known-exploited-mirror,None,https://github.com/EugenMayer/cisa-known-exploited-mirror,['exploit'],1,2025-04-04T00:09:07+0000,1139,10,,5,[]
cfreal/ten,A (small) web exploit framework,https://github.com/cfreal/ten,['exploit'],1,2025-04-01T17:43:16+0000,3483,86,Python,9,[]
chaitin/SafeLine,SafeLine is a self-hosted WAF(Web Application Firewall) / reverse proxy to protect your web apps from attacks and exploits.,https://github.com/chaitin/SafeLine,['exploit'],1,2025-04-03T02:29:58+0000,80011,15974,Go,966,[]
RozhakXD/Premium,None,https://github.com/RozhakXD/Premium,['exploit'],1,2025-04-03T15:47:52+0000,155852,84,Python,21,[]
kannkyo/epss-api,EPSS(Exploit Prediction Scoring System) API client,https://github.com/kannkyo/epss-api,['exploit'],1,2025-04-01T21:24:49+0000,446,18,Python,3,[]
blackhatethicalhacking/Nucleimonst3r,Nucleimonst3r is a powerful vulnerability scanner that can help Bug Bounty Hunters find low hanging fruit vulnerabilities for known CVEs and exploits but also gather all the technology running behind them for further investigation for a potential target.,https://github.com/blackhatethicalhacking/Nucleimonst3r,['exploit'],1,2025-04-03T11:46:44+0000,102,242,Shell,46,[]
dadevel/mssql-spider,Automated exploitation of MSSQL servers at scale,https://github.com/dadevel/mssql-spider,['exploit'],1,2025-04-04T05:05:55+0000,493,108,Python,8,[]
BrandonHarrisonCode/RCE,Rust Chess Engine,https://github.com/BrandonHarrisonCode/RCE,['rce'],1,2025-04-02T18:09:58+0000,381,0,Rust,0,[]
mysurvive/pf2e-thaum-vuln,Improvement for Thaumaturge Exploit Vulnerability,https://github.com/mysurvive/pf2e-thaum-vuln,['exploit'],1,2025-04-03T14:56:24+0000,82706,11,JavaScript,13,[]
adminlove520/Poc-Monitor_v1.0.1,威胁情报-漏洞存储库,https://github.com/adminlove520/Poc-Monitor_v1.0.1,"['cve poc', 'exploit']",2,2025-04-01T05:49:03+0000,301162,190,Go,25,[]
Chainski/ForceAdmin,Collection of script templates to create infinite UAC prompts forcing a user to run as admin ⚠,https://github.com/Chainski/ForceAdmin,['exploit'],1,2025-04-03T18:13:27+0000,144,102,AutoIt,13,[]
c0dejump/HExHTTP,Header Exploitation HTTP,https://github.com/c0dejump/HExHTTP,['exploit'],1,2025-04-02T08:39:18+0000,2052,486,Python,59,[]
hideckies/exploit-notes,"Sticky notes for pentesting, bug bounty, CTF.",https://github.com/hideckies/exploit-notes,['exploit'],1,2025-04-03T04:04:48+0000,5097,676,TypeScript,145,[]
uumair327/guardiancare,"A Flutter-based cross-platform mobile application that provides resources, support to combat online sexual exploitation of children.",https://github.com/uumair327/guardiancare,['exploit'],1,2025-04-04T07:05:38+0000,68159,5,Dart,2,[]
Xewdy444/Netgrave,A tool for retrieving login credentials from Netwave IP cameras using a memory dump vulnerability (CVE-2018-17240),https://github.com/Xewdy444/Netgrave,['exploit'],1,2025-04-04T08:27:21+0000,218,4,Python,1,['CVE-2018-17240']
M3rcena/m3rcena-weky,None,https://github.com/M3rcena/m3rcena-weky,['rce'],1,2025-04-02T16:55:17+0000,1152,3,TypeScript,4,[]
rabbidave/ZeroDay.Tools,Gen AI Hardening x Attack Suite,https://github.com/rabbidave/ZeroDay.Tools,['zeroday'],1,2025-04-01T21:56:24+0000,47626,4,Jupyter Notebook,1,[]
alicangnll/CTI_Arastirmalarim,CTI (Cyber Thread Intelligence) Araştırmalarım #StopRansomware,https://github.com/alicangnll/CTI_Arastirmalarim,['exploit'],1,2025-04-01T21:36:36+0000,14839,1,YARA,0,[]
yashchaurasia667/Binary-Exploitation,None,https://github.com/yashchaurasia667/Binary-Exploitation,['exploit'],1,2025-04-02T15:31:36+0000,484849,0,Python,0,[]
cultureelerfgoed/rce-thesauri-backup,Automatic thesauri backups from RCE PoolParty,https://github.com/cultureelerfgoed/rce-thesauri-backup,['rce'],1,2025-04-04T05:09:29+0000,643359,0,Python,0,[]
josexgonzalez/exploit,exploit,https://github.com/josexgonzalez/exploit,['exploit'],1,2025-04-02T18:06:38+0000,49228,1,JavaScript,0,[]
DeveloperC286/nasm-x86-shellcode-generator,Utility to generate NASM x86 shellcode corresponding to your provided Shell/Bash command.,https://github.com/DeveloperC286/nasm-x86-shellcode-generator,['shellcode'],1,2025-04-03T00:35:00+0000,118,0,C,0,[]
Tai-e/CVE-2021-44228,Utilize Tai-e to identify the Log4shell (a.k.a. CVE-2021-44228) Vulnerability,https://github.com/Tai-e/CVE-2021-44228,['cve-2 OR cve_2'],1,2025-04-01T06:53:49+0000,26280,9,Java,1,['CVE-2021-44228']
neohiro/ExploitProtection,Windows Exploit Protection Settings (Ultimate),https://github.com/neohiro/ExploitProtection,['exploit'],1,2025-04-03T22:01:05+0000,690,63,PowerShell,7,[]
Raventic/rce-carousel-gtm-template,GTM template for the Recommendation Carousel,https://github.com/Raventic/rce-carousel-gtm-template,['rce'],1,2025-04-01T08:38:41+0000,191,0,Smarty,0,[]
XCNXD/Cheat_code,For binary exploitation CTF,https://github.com/XCNXD/Cheat_code,['exploit'],1,2025-04-04T02:32:47+0000,73,3,,0,[]
annihilatorq/shadow_syscall,"windows syscalls with a single line and a high level of abstraction. has modern cpp20 wrappers and utilities, range-based DLL and export enumeration, wrapper around KUSER_SHARED_DATA. supported compilers: clang, gcc and msvc",https://github.com/annihilatorq/shadow_syscall,['shellcode'],1,2025-04-01T11:24:47+0000,228,174,C++,21,[]
lucagrippa/cisa-kev-archive,Storing historical snapshots of the CISA Known Exploited Vulnerabilities (KEV) list,https://github.com/lucagrippa/cisa-kev-archive,['exploit'],1,2025-04-03T23:33:38+0000,5738,0,,0,[]
BenjiTrapp/cisa-known-vuln-scraper,Scraper for daily renewal of the Known Exploited Vulnerabilities Catalog by CISA,https://github.com/BenjiTrapp/cisa-known-vuln-scraper,['exploit'],1,2025-04-04T00:31:49+0000,2650742,7,Jupyter Notebook,1,[]
formalsec/explode-js,Automated Exploit Generation for Node.js Packages,https://github.com/formalsec/explode-js,['exploit'],1,2025-04-03T10:15:27+0000,631,2,OCaml,0,[]
developeruche/cryptography-n-zk-research,"A Cryptography and Zero Knowledge Proof Research Repo Implementing Research papers, Cryptographic primitives, trying out imaginary exploits and so on. ",https://github.com/developeruche/cryptography-n-zk-research,['exploit'],1,2025-04-01T18:12:43+0000,35117,30,Solidity,4,[]
adysec/nuclei_poc,Nuclei POC，每日更新 _ 自动整合全网Nuclei的漏洞POC，实时同步更新最新POC，保存已被删除的POC。通过批量克隆Github项目，获取Nuclei POC，并将POC按类别分类存放，使用Github Action实现（已有19w+POC，已校验有效性并去重）,https://github.com/adysec/nuclei_poc,['exploit'],1,2025-04-01T15:30:01+0000,426530,1118,Python,361,[]
RSSU-Shellcode/Gleam-RT,A runtime for developing large-scale and complex shellcode.,https://github.com/RSSU-Shellcode/Gleam-RT,['shellcode'],1,2025-04-01T07:49:55+0000,2918,18,C,1,[]
slytechroot/SQLi,"SQL, MSSQL and injection commands",https://github.com/slytechroot/SQLi,['command injection'],1,2025-04-01T05:09:43+0000,256,0,,0,[]
don970/SuperSploit-chrome-OS,chrome os port for supersploit,https://github.com/don970/SuperSploit-chrome-OS,['sploit'],1,2025-04-01T05:49:17+0000,75443,0,Python,0,[]
DeepakGhengat/psavvy,"Programable_Security_Assessment_&_Vulnerability_Verification_System (PSAVVY) framework designed for Recon, vulnerability scanning and exploitation. It features a comprehensive list of Python3 Lambda Functions, equipped with terminal commands, allowing for ",https://github.com/DeepakGhengat/psavvy,['exploit'],1,2025-04-01T18:03:26+0000,29501,6,Python,0,[]
icon5730/Port_Buster,Automated script designed for vulnerability scanning and brute force exploitation of brute-vulnerable ports and services.,https://github.com/icon5730/Port_Buster,['exploit'],1,2025-04-03T23:02:20+0000,95,0,,0,[]
eslerm/nvd-mirror,A mirror of CVE json provided by NVD's API 2.0.,https://github.com/eslerm/nvd-mirror,['cve-2 OR cve_2'],1,2025-04-03T03:04:55+0000,862478,6,,2,[]
CamoCatX/camocatx.github.io,"The source code for Delete the Matrix blog - Exploiting, Experimenting, and Exploring the Universe",https://github.com/CamoCatX/camocatx.github.io,['exploit'],1,2025-04-01T22:22:56+0000,8122,1,SCSS,0,[]
RSSU-Shellcode/GRT-PELoader,A PE Loader that can hide instruction and memory data in the sleep time. ,https://github.com/RSSU-Shellcode/GRT-PELoader,['shellcode'],1,2025-04-01T09:35:02+0000,2835,1,C,0,[]
AlfinJ0se/exploit-scripts,just some goto exploits for copy and paste,https://github.com/AlfinJ0se/exploit-scripts,['exploit'],1,2025-04-04T11:52:18+0000,6,0,Python,0,[]
HaldiH/vtd-attacks,Exploring Software Attacks on Intel VT-d Technology,https://github.com/HaldiH/vtd-attacks,['exploit'],1,2025-04-01T09:13:47+0000,1102,0,CSS,0,[]
Joe1sn/S-inject,支持x86/x64的DLL和Shellcode 的Windows注入的免杀工具，支持图形化界面,https://github.com/Joe1sn/S-inject,['shellcode'],1,2025-04-03T02:27:47+0000,5744,299,C++,41,[]
her3ticAVI/Exploiting-A.I.-Class,"This class is a broad overview and dive into Exploiting AI and the different attacks that exist, and best practice strategies.",https://github.com/her3ticAVI/Exploiting-A.I.-Class,['exploit'],1,2025-04-04T15:53:25+0000,18484,24,Python,7,[]
lululu930/Chronos,Chronos: Exploiting Temproal Side-Information to  Uncover  Firmware Versions in Network Devices,https://github.com/lululu930/Chronos,['exploit'],1,2025-04-01T17:10:31+0000,2691,0,Python,0,[]
ToolKitHub/rce-engine,HTTP API for running untrusted code inside isolated Docker containers,https://github.com/ToolKitHub/rce-engine,['rce'],1,2025-04-02T20:14:27+0000,210,3,Rust,1,[]
Naupjjin/MyCTFLib,"My CTF templates, include crypto, pwn, web, kenrel exploit templates",https://github.com/Naupjjin/MyCTFLib,['exploit'],1,2025-04-04T03:48:47+0000,43,8,Python,1,[]
tomwechsler/Ethical_Hacking_and_Penetration_Testing,This repository is all about tips on ethical hacking and penetration testing!,https://github.com/tomwechsler/Ethical_Hacking_and_Penetration_Testing,['exploit'],1,2025-04-02T04:34:37+0000,3731,43,Python,14,[]
efi-mirror/known_exploited_vulnerabilities_mirror,None,https://github.com/efi-mirror/known_exploited_vulnerabilities_mirror,['exploit'],1,2025-04-01T02:40:48+0000,2127,0,,0,[]
tijme/kong-loader,"Using Just In Time (JIT) instruction decryption, this shellcode loader ensures that only the currently executing instruction is visible in memory.",https://github.com/tijme/kong-loader,['shellcode'],1,2025-04-02T16:28:37+0000,5274,10,C,0,[]
CheUhxg/BridgeRouter,Exploit code by DirtyChain,https://github.com/CheUhxg/BridgeRouter,['exploit'],1,2025-04-03T13:02:20+0000,2027,1,C,1,[]
isPique/Fuck-Windows-Security,A PowerShell malware that disables all the Windows Security features with UAC Bypass and Anti-VM features. (Designed to work both as a powershell script and as an executable (.exe) file.),https://github.com/isPique/Fuck-Windows-Security,['uac bypass'],1,2025-04-02T20:58:24+0000,153,34,PowerShell,2,[]
diegojoel301/HTB_Challengues_Repo,Repo donde estan todos los exploits de retos que voy haciendo o hice,https://github.com/diegojoel301/HTB_Challengues_Repo,['exploit'],1,2025-04-03T05:14:02+0000,180790,0,CSS,0,[]
exploits-forsale/solstice,PE loader for @carrot_c4k3's GameScript Xbox One exploit,https://github.com/exploits-forsale/solstice,['exploit'],1,2025-04-01T06:19:00+0000,2362,68,Rust,9,[]
SafeBreach-Labs/QuickShell,A library and a set of tools for exploiting and communicating with Google's Quick Share devices.,https://github.com/SafeBreach-Labs/QuickShell,['exploit'],1,2025-04-02T17:01:51+0000,53324,37,C++,2,[]
ICSC-Spoke3/RICK,Development of a code for radio astronomy imaging enabled to exploit heterogeneous HPC resources.,https://github.com/ICSC-Spoke3/RICK,['exploit'],1,2025-04-04T13:15:59+0000,126,0,C,1,[]
papichulo16/ctf-stuff,Writeups and exploit scripts go here. I hope you find joy in reading my struggles.,https://github.com/papichulo16/ctf-stuff,['exploit'],1,2025-04-02T13:09:46+0000,108766,0,C,0,[]
BonGoCatExploit/ExploitScript,Exploit on top of Roblox!,https://github.com/BonGoCatExploit/ExploitScript,['exploit'],1,2025-04-01T04:54:08+0000,13,0,Roff,0,[]
0xMarcio/cve,Latest CVEs with their Proof of Concept exploits.,https://github.com/0xMarcio/cve,['exploit'],1,2025-04-04T00:47:58+0000,171298,26,Python,5,[]
icon5730/AD_Enum,"A script designed for scanning, enumeration and exploitation of Active Directory networks,",https://github.com/icon5730/AD_Enum,['exploit'],1,2025-04-03T23:03:14+0000,161,0,,0,[]
Pwnzer0tt1/exploitfarm,ExploitFarm is an attacker and flag submitter for A/D CTF competition created by Pwnzer0tt1,https://github.com/Pwnzer0tt1/exploitfarm,['exploit'],1,2025-04-03T20:52:50+0000,26487,11,Python,2,[]
AIFrontirs42/LumiTerra-Crypto-Bot-Crypto-Game-Auto-Farm-Clicker-Cheat-Token-Hack-Api,Bot that automates farming and clicker activities in LumiTerra game. Includes crypto token integration and API support. Features cheats and hacks to maximize profit. Managed via Telegram for efficient game control.,https://github.com/AIFrontirs42/LumiTerra-Crypto-Bot-Crypto-Game-Auto-Farm-Clicker-Cheat-Token-Hack-Api,['exploit'],1,2025-04-02T05:57:14+0000,4403,0,C#,0,[]
AIFrontirs42/Qorpo-World-Crypto-Bot-Crypto-Game-Auto-Farm-Clicker-Cheat-Token-Hack-Api,Bot that automates farming and clicker activities in Qorpo World game. Includes crypto token integration and API support. Features cheats and hacks to maximize profit and enhance gameplay efficiency. Includes Telegram support for effective management.,https://github.com/AIFrontirs42/Qorpo-World-Crypto-Bot-Crypto-Game-Auto-Farm-Clicker-Cheat-Token-Hack-Api,['exploit'],1,2025-04-02T06:13:27+0000,4721,0,C#,0,[]
tiredperson47/malsploits,scripted out exploits and shitty malware,https://github.com/tiredperson47/malsploits,['exploit'],1,2025-04-02T02:57:35+0000,6946,2,C,0,[]
YZS17/CVE-2024-48762,Command injection vulnerability in FLIR AX8 up to 1.46.16,https://github.com/YZS17/CVE-2024-48762,"['command injection', 'cve-2 OR cve_2']",2,2025-04-03T17:24:03+0000,810,1,Python,0,['CVE-2024-48762']
hacktheclown/exploits,Collection of exploits developed by your friendly clown,https://github.com/hacktheclown/exploits,['exploit'],1,2025-04-01T08:40:25+0000,28,4,Python,1,[]
bhanson10/gbees,Grid-based Bayesian Estimation Exploiting Sparsity (GBEES) is a non-Gaussian recursive Bayesian filtering method for propagating non-Gaussian uncertainty subject to nonlinear dynamics and measurement models.,https://github.com/bhanson10/gbees,['exploit'],1,2025-04-01T17:56:41+0000,1150,1,C,0,[]
Pulse-External-Team/Pulse-Exploits,None,https://github.com/Pulse-External-Team/Pulse-Exploits,['exploit'],1,2025-04-03T03:01:02+0000,413,0,Lua,0,[]
0x4F776C/0x4F776C.github.io,Playground for offensive R&D,https://github.com/0x4F776C/0x4F776C.github.io,['exploit'],1,2025-04-04T17:30:49+0000,8525,0,Vue,0,[]
mttcrn/ODC-challenges,"CTF challenges taken during the course of ""Offensive & Defensive Cybersecurity"" - Polimi Computer Science Engineering - A.Y. 2024/2025.",https://github.com/mttcrn/ODC-challenges,['shellcode'],1,2025-04-01T08:39:48+0000,34031,0,Python,0,[]
Schwarzemann/RCE,OpenGL Ray Casting Engine,https://github.com/Schwarzemann/RCE,['rce'],1,2025-04-03T20:21:19+0000,26041,0,C++,0,[]
Nemesis1303/CASE,Large Scale Topic Exploitation for Decision Support Systems,https://github.com/Nemesis1303/CASE,['exploit'],1,2025-04-03T13:14:10+0000,6170,0,Jupyter Notebook,0,[]
LuisMateo1/Arbitrary-File-Read-CVE-2024-24919,None,https://github.com/LuisMateo1/Arbitrary-File-Read-CVE-2024-24919,['cve-2 OR cve_2'],1,2025-04-01T16:49:15+0000,13,0,,0,['CVE-2024-24919']
ZeroDay-Alliance-SNU/website,The Website Of ZeroDay Alliance SNU,https://github.com/ZeroDay-Alliance-SNU/website,['zeroday'],1,2025-04-03T16:43:25+0000,12724,0,TypeScript,4,[]
Jianshu-Hu/pvr-generalization,Exploiting pre-trained model in improving generalization ability of robot manipulation,https://github.com/Jianshu-Hu/pvr-generalization,['exploit'],1,2025-04-03T03:04:46+0000,13760,0,Jupyter Notebook,0,[]
muchdogesec/vulmatch,Vulmatch is a database of CVEs in STIX 2.1 format with a REST API wrapper to access them.,https://github.com/muchdogesec/vulmatch,['cve-2 OR cve_2'],1,2025-04-03T14:48:31+0000,1134,5,Python,2,[]
logangoins/Cable,.NET post-exploitation toolkit for Active Directory reconnaissance and exploitation,https://github.com/logangoins/Cable,['exploit'],1,2025-04-02T17:28:55+0000,2100,279,C#,33,[]
Hackertips-today/web.console.code,Exploit the web via the inspect / runtime,https://github.com/Hackertips-today/web.console.code,['exploit'],1,2025-04-03T08:05:09+0000,82,0,JavaScript,0,[]
certuscyber/cve-pocs,None,https://github.com/certuscyber/cve-pocs,['cve poc'],1,2025-04-02T21:02:03+0000,12188,0,Python,0,[]
Galeax/CVE2CAPEC,"Generate a MITRE ATT&CK Navigator based on a list of CVEs. Database with CVE, CWE, CAPEC, and MITRE ATT&CK Techniques data is updated daily.",https://github.com/Galeax/CVE2CAPEC,['cve-2 OR cve_2'],1,2025-04-01T02:19:25+0000,150417,82,Python,16,[]
silentalex1/exploitnews,typical roblox exploiting news for roblox exploiting community.,https://github.com/silentalex1/exploitnews,['exploit'],1,2025-04-01T17:23:30+0000,86,0,HTML,0,[]
salvatore-abello/web-challenges,Web challenges I solved + exploit,https://github.com/salvatore-abello/web-challenges,['exploit'],1,2025-04-03T20:52:52+0000,344,2,HTML,0,[]
danielvilaca/ZeroDayEDT,Repository Showcasing Practical/Hands-On Zero-Day Exploit Development and Techniques (WIP),https://github.com/danielvilaca/ZeroDayEDT,"['exploit', 'zeroday']",2,2025-04-01T22:35:37+0000,53,0,Python,0,[]
the29a/VulnForge,VulnForge is an open-source collection of pre-build vulnerable Docker environments. VulnForge are made for testing vulnerable images detection and possible vulnerability exploitation.,https://github.com/the29a/VulnForge,['exploit'],1,2025-04-04T16:23:34+0000,3174,2,Python,0,[]
rix4uni/cvemapping,This repo Gathers all available cve exploits from github.⚠️ Be careful Malware.,https://github.com/rix4uni/cvemapping,['exploit'],1,2025-04-01T15:22:56+0000,110127,26,Python,3,[]
InnovateX52/Forgotten-Runiverse-Crypto-Bot-Crypto-Game-Auto-Farm-Clicker-Cheat-Api,"Bot that automates farming and clicker activities in Forgotten Runiverse game. Includes crypto integration and API support. Features Telegram support for managing the bot, and tools for hacks and cheats to optimize profit and enhance gameplay efficiency.",https://github.com/InnovateX52/Forgotten-Runiverse-Crypto-Bot-Crypto-Game-Auto-Farm-Clicker-Cheat-Api,['exploit'],1,2025-04-02T05:59:55+0000,3103,0,C#,0,[]
InnovateX52/Galactic-Finance-GalFi-Crypto-Bot-Crypto-Game-Auto-Farm-Clicker-Cheat-Api,Bot that automates farming and clicker activities in Galactic Finance (GalFi) game. Features include crypto integration and API support. Equipped with cheats to maximize profit and enhance gameplay efficiency. Includes tools for managing the bot via Telegr,https://github.com/InnovateX52/Galactic-Finance-GalFi-Crypto-Bot-Crypto-Game-Auto-Farm-Clicker-Cheat-Api,['exploit'],1,2025-04-03T05:48:43+0000,3439,1,C#,1,[]
InnovateX52/Fableborne-Crypto-Bot-Crypto-Game-Auto-Farm-Clicker-Cheat-Token-Hack-Api,Bot that automates farming and clicker activities in Fableborne game. Features include crypto token integration and API support. Equipped with cheats and hacks to optimize profits and enhance gameplay efficiency.,https://github.com/InnovateX52/Fableborne-Crypto-Bot-Crypto-Game-Auto-Farm-Clicker-Cheat-Token-Hack-Api,['exploit'],1,2025-04-04T05:56:03+0000,3733,0,C#,0,[]
EcoVision24/The-Machines-Arena-Crypto-Bot-Crypto-Game-Auto-Farm-Clicker-Token-Api,Bot that automates farming and clicker activities in The Machines Arena game. Includes crypto token integration and API support. Designed to optimize profits and enhance gameplay efficiency. Telegram support available for effective game management.,https://github.com/EcoVision24/The-Machines-Arena-Crypto-Bot-Crypto-Game-Auto-Farm-Clicker-Token-Api,['exploit'],1,2025-04-03T05:54:15+0000,4375,0,C#,0,[]
EcoVision24/Splinterlands-Crypto-Bot-Crypto-Game-Auto-Farm-Clicker-Cheat-Token-Hack-Api,Bot that automates farming and clicker activities in Splinterlands game. Includes crypto token integration and API support. Features cheats and hacks to optimize profits and enhance gameplay efficiency. Managed via Telegram for convenient control.,https://github.com/EcoVision24/Splinterlands-Crypto-Bot-Crypto-Game-Auto-Farm-Clicker-Cheat-Token-Hack-Api,['exploit'],1,2025-04-01T05:57:02+0000,3935,0,C#,0,[]
SustainFuture75/The-Sandbox-Crypto-Bot-Crypto-Game-Auto-Farm-Clicker-Cheat-Token-Hack-Api,Bot that automates farming and clicker activities in The Sandbox game. Includes crypto token integration and API support. Features hacks and cheats to maximize profit and enhance gameplay efficiency. Managed via Telegram for optimal control.,https://github.com/SustainFuture75/The-Sandbox-Crypto-Bot-Crypto-Game-Auto-Farm-Clicker-Cheat-Token-Hack-Api,['exploit'],1,2025-04-02T05:56:34+0000,3326,0,C#,0,[]
SustainFuture75/Wild-Forest-Crypto-Bot-Crypto-Game-Auto-Farm-Clicker-Cheat-Token-Hack-Api,Bot that automates farming and clicker activities in Wild Forest game. Includes crypto token integration and API support. Features cheats and hacks to maximize profit and enhance gameplay efficiency. Managed via Telegram for effective game management.,https://github.com/SustainFuture75/Wild-Forest-Crypto-Bot-Crypto-Game-Auto-Farm-Clicker-Cheat-Token-Hack-Api,['exploit'],1,2025-04-03T05:57:42+0000,4882,1,C#,1,[]
AIFrontirs42/Pancake-Protectors-Crypto-Bot-Crypto-Game-Auto-Farm-Clicker-Cheat-Token-Hack-Api,Bot that automates farming and clicker activities in Pancake Protectors game. Includes crypto token integration and API support. Equipped with cheats and hacks to maximize profit and enhance gameplay efficiency. Managed via Telegram for optimal game manage,https://github.com/AIFrontirs42/Pancake-Protectors-Crypto-Bot-Crypto-Game-Auto-Farm-Clicker-Cheat-Token-Hack-Api,['exploit'],1,2025-04-01T06:19:06+0000,4163,0,C#,0,[]
albert-santos01/SSL-TIE_TFG,"Official code for ACMMM2022 paper, ""Exploiting Transformation Invariance and Equivariance for Self-supervised Sound Localisation""",https://github.com/albert-santos01/SSL-TIE_TFG,['exploit'],1,2025-04-01T15:55:24+0000,12931,0,Jupyter Notebook,0,[]
matheo-lm/beep,"In Greek mythology, Hermes was the messenger of the gods, a patron of travelers, and a protector of merchants, orators, and even thieves. In the cyber world, our Hermes channels that spirit—delivering SaaS scholarly, hackcidents, intel, news, and exploit (",https://github.com/matheo-lm/beep,['exploit'],1,2025-04-04T06:04:28+0000,41216,0,JavaScript,0,[]
iSee857/CVE-PoC,None,https://github.com/iSee857/CVE-PoC,['cve poc'],1,2025-04-01T08:46:18+0000,208,17,Python,3,[]
Majid-A-ALKINDI/Universal-SQL-enm-exploitation,Universal MS SQL enumeration and exploitation,https://github.com/Majid-A-ALKINDI/Universal-SQL-enm-exploitation,['exploit'],1,2025-04-04T14:13:31+0000,56,1,C#,0,[]
FOGOTY/FogotySploit,None,https://github.com/FOGOTY/FogotySploit,['sploit'],1,2025-04-04T14:10:27+0000,19254,0,,0,[]
XiaomingX/proxy-pool,Python ProxyPool for web spider,https://github.com/XiaomingX/proxy-pool,"['rce', 'rce poc']",2,2025-04-02T23:07:12+0000,1802,80,Python,10,[]
ahron-chet/PE-To-Shellcode,A tool that convert all kinds of PE into shellcode,https://github.com/ahron-chet/PE-To-Shellcode,['shellcode'],1,2025-04-04T14:13:55+0000,228905,2,C,0,[]
chromebook-hacking/chromebook-hacking.github.io,An updated exploit guide and wiki for a wide variety of chromebook exploits and tools.,https://github.com/chromebook-hacking/chromebook-hacking.github.io,['exploit'],1,2025-04-02T18:35:08+0000,1194,4,JavaScript,5,[]
iSee857/CVE-2024-0012-poc,CVE-2024-0012批量检测脚本,https://github.com/iSee857/CVE-2024-0012-poc,"['cve poc', 'cve-2 OR cve_2']",2,2025-04-01T08:52:33+0000,8,2,,0,['CVE-2024-0012']
aboutcode-org/aboutcode-mirror-kev,AboutCode Mirror for CISA Known Exploited Vulnerabilities,https://github.com/aboutcode-org/aboutcode-mirror-kev,['exploit'],1,2025-04-02T00:12:09+0000,3243,0,,2,[]
sametsahinnet/jsscm,JSSCM detects expired domains for Stored XSS exploitation during browsing.,https://github.com/sametsahinnet/jsscm,['exploit'],1,2025-04-03T19:44:31+0000,5172,0,JavaScript,0,[]
zerodayblitz/zerodayblitz,None,https://github.com/zerodayblitz/zerodayblitz,['zeroday'],1,2025-04-01T14:37:22+0000,18,1,,0,[]
RichMix/webAppEx,Tools and notes for Web App Exploitation:,https://github.com/RichMix/webAppEx,['exploit'],1,2025-04-03T00:35:36+0000,272,0,Python,0,[]
XiaomingX/data-cve-poc,这个仓库收集了所有在 GitHub 上能找到的 CVE 漏洞利用工具。 This repository collects all CVE exploits found on GitHub. ,https://github.com/XiaomingX/data-cve-poc,"['cve poc', 'exploit', 'vulnerability poc']",3,2025-04-01T00:35:35+0000,947841,169,Java,31,[]
LOTWebSockets/LOTWebSockets.github.io,LOTWebSockets is a community-driven project documenting websockets that may be exploited for data exfiltration and C2 communications etc.,https://github.com/LOTWebSockets/LOTWebSockets.github.io,['exploit'],1,2025-04-01T04:52:52+0000,41,1,HTML,0,[]
LOTWebHooks/LOTWebhooks.github.io,LOTWebHooks is a community-driven project documenting webhooks that may be exploited for data exfiltration and C2 communications etc.,https://github.com/LOTWebHooks/LOTWebhooks.github.io,['exploit'],1,2025-04-01T04:49:26+0000,127,2,HTML,1,[]
zzzteph/low-hanging-vulns,Critical and High web vulnerabilities monitoring,https://github.com/zzzteph/low-hanging-vulns,['exploit'],1,2025-04-03T01:01:23+0000,2209,2,Python,0,[]
chetools/CVE2005_Spring2025,None,https://github.com/chetools/CVE2005_Spring2025,['cve-2 OR cve_2'],1,2025-04-01T16:21:02+0000,319,0,Jupyter Notebook,0,[]
Gopinathpanjiyara/WebFuzzer-VulnScanner,"A Python based Web Vulnerability Fuzzer, an automated tool that tests web applications for security flaws like XSS, SQL Injection, and Command Injection. It uses OWASP ZAP for crawling and attack simulations, allowing users to define custom payloads and ge",https://github.com/Gopinathpanjiyara/WebFuzzer-VulnScanner,['command injection'],1,2025-04-03T17:42:15+0000,94,0,Python,0,[]
shashwath1278/CTF-Toolkit,"A curated collection of tools, techniques, and resources for competing in Capture The Flag (CTF) events. This repository focuses on key domains such as cryptography, web exploitation, binary exploitation, reverse engineering, and forensics, providing essen",https://github.com/shashwath1278/CTF-Toolkit,['exploit'],1,2025-04-03T13:54:22+0000,32,0,,0,[]
FranklineMisango/Frankline_LP_Crypto_Investments,An Algorithmic Research Project to Learn and Code on Potential Strategies and Exploitable Ghost Patterns in Crypto using Binance as REST,https://github.com/FranklineMisango/Frankline_LP_Crypto_Investments,['exploit'],1,2025-04-01T14:38:22+0000,1483,2,Python,0,[]
iSee857/Cleo-CVE-2024-50623-PoC,Cleo 远程代码执行漏洞批量检测脚本（CVE-2024-50623）,https://github.com/iSee857/Cleo-CVE-2024-50623-PoC,"['cve poc', 'cve-2 OR cve_2']",2,2025-04-01T08:50:42+0000,5,4,Python,0,['CVE-2024-50623']
FeZqq/Verot-2.0.3---Remote-Code-Execution,None,https://github.com/FeZqq/Verot-2.0.3---Remote-Code-Execution,['remote code execution'],1,2025-04-03T00:18:28+0000,5,0,PHP,0,[]
iSee857/CVE-2024-9047-PoC,WordPress File Upload插件任意文件读取漏洞（CVE-2024-9047）批量检测脚本,https://github.com/iSee857/CVE-2024-9047-PoC,"['cve poc', 'cve-2 OR cve_2']",2,2025-04-01T08:51:03+0000,9,4,Python,0,['CVE-2024-9047']
iSee857/CVE-2024-50379-PoC,Apache Tomcat（CVE-2024-50379）条件竞争致远程代码执行漏洞批量检测脚本,https://github.com/iSee857/CVE-2024-50379-PoC,"['cve poc', 'cve-2 OR cve_2']",2,2025-04-01T08:51:28+0000,5,16,Python,7,['CVE-2024-50379']
hkust-nlp/B-STaR,B-STAR: Monitoring and Balancing Exploration and Exploitation in Self-Taught Reasoners,https://github.com/hkust-nlp/B-STaR,['exploit'],1,2025-04-03T15:48:38+0000,447,75,Python,11,[]
Roo7z/Exploit-lab-Portswigger,None,https://github.com/Roo7z/Exploit-lab-Portswigger,['exploit'],1,2025-04-04T08:47:46+0000,49,0,Python,0,[]
HugoCls/honey-si-vulnerable-app-POC,None,https://github.com/HugoCls/honey-si-vulnerable-app-POC,['vuln poc'],1,2025-04-04T12:38:33+0000,369,0,JavaScript,0,[]
xmidt-org/clifx,Provides simple dependency injection for parsed command lines,https://github.com/xmidt-org/clifx,['command injection'],1,2025-04-01T09:55:01+0000,63,0,Go,0,[]
meir0222/Reverse-Engineering-and-Exploit-Development,None,https://github.com/meir0222/Reverse-Engineering-and-Exploit-Development,['exploit'],1,2025-04-02T17:16:49+0000,1048,0,Python,0,[]
TechSavvy54y/Pixels-xyz-Hack-Game-Bot-Auto-Farm-Clicker-Crypto-Api-Cheat,Bot that automates farming and clicker activities in Pixels.xyz game. Includes crypto integration and API support. Features hacks and cheats designed to maximize profits and improve gameplay efficiency.,https://github.com/TechSavvy54y/Pixels-xyz-Hack-Game-Bot-Auto-Farm-Clicker-Crypto-Api-Cheat,['exploit'],1,2025-04-04T05:53:49+0000,2356,0,C#,0,[]
TempUserIdk18/robloxscripts,in here i post my exploit scriptz,https://github.com/TempUserIdk18/robloxscripts,['exploit'],1,2025-04-01T05:15:26+0000,479,0,Lua,0,[]
Omnivolt/Tomarket-Hack-Game-Bot-Auto-Farm-Clicker-Crypto-Telegram-Api-Cheat,"Bot that automates farming and clicker activities in Tomarket game. Features include crypto integration, Telegram support, and API tools. Equipped with cheats and hacks to maximize profits and enhance gameplay efficiency.",https://github.com/Omnivolt/Tomarket-Hack-Game-Bot-Auto-Farm-Clicker-Crypto-Telegram-Api-Cheat,['exploit'],1,2025-04-04T05:58:02+0000,2190,0,Shell,0,[]
Inspyris/Brilliant-Crypto-Bot-Crypto-Game-Auto-Farm-Clicker-Cheat-Token-Hack-Api,Bot that automates farming and clicker activities in Brilliant Crypto game. Features include crypto token integration and API support. Designed with cheats and hacks to optimize profits and enhance gameplay efficiency.,https://github.com/Inspyris/Brilliant-Crypto-Bot-Crypto-Game-Auto-Farm-Clicker-Cheat-Token-Hack-Api,['exploit'],1,2025-04-02T05:50:56+0000,1537,0,C#,0,[]
Inspyris/Chainmonsters-Crypto-Bot-Crypto-Game-Auto-Farm-Clicker-Cheat-Token-Hack-Api,Bot that automates farming and clicker activities in Chainmonsters game. Features include crypto token integration and API support. Equipped with cheats and hacks to maximize profits and enhance gameplay efficiency.,https://github.com/Inspyris/Chainmonsters-Crypto-Bot-Crypto-Game-Auto-Farm-Clicker-Cheat-Token-Hack-Api,['exploit'],1,2025-04-03T05:57:05+0000,2062,0,C#,0,[]
Fluxenn/Dogs-House-Game-Bot-Auto-Trading-Clicker-Crypto-Exchange-Telegram-Hack-Cheat,Bot that automates trading and clicker activities in Dogs House game. Includes crypto exchange integration and Telegram support for management. Features hacks and cheats to enhance trading efficiency and maximize profits.,https://github.com/Fluxenn/Dogs-House-Game-Bot-Auto-Trading-Clicker-Crypto-Exchange-Telegram-Hack-Cheat,['exploit'],1,2025-04-04T05:53:47+0000,1535,0,C#,0,[]
Fluxenn/Cyber-Finance-Game-Bot-Auto-Farm-Clicker-Crypto-CFI-Telegram-Hack-Cheat,"Bot that automates farming and clicker activities in Cyber Finance game. Features include crypto integration with CFI, Telegram support for management, and hacks and cheats to maximize profit. Designed for efficient gameplay and profit optimization.",https://github.com/Fluxenn/Cyber-Finance-Game-Bot-Auto-Farm-Clicker-Crypto-CFI-Telegram-Hack-Cheat,['exploit'],1,2025-04-01T05:58:44+0000,2506,0,Python,0,[]
Chronovate/BoomLand-io-Bot-Crypto-Game-Auto-Farm-Clicker-Cheat-Api-Hack,Bot that automates farming and clicker activities in BoomLand.io game. Includes crypto integration and API support. Equipped with cheats and hacks to maximize profits and enhance gameplay efficiency.,https://github.com/Chronovate/BoomLand-io-Bot-Crypto-Game-Auto-Farm-Clicker-Cheat-Api-Hack,['exploit'],1,2025-04-02T06:13:29+0000,2329,0,C#,0,[]
Chronovate/Axie-Infinity-Bot-Crypto-Cheat-Auto-Farm-Clicker-Game-Api-Hack,Bot that automates farming and clicker activities in Axie Infinity game. Features include crypto integration and API support. Designed with cheats and hacks to maximize profits and enhance gameplay efficiency.,https://github.com/Chronovate/Axie-Infinity-Bot-Crypto-Cheat-Auto-Farm-Clicker-Game-Api-Hack,['exploit'],1,2025-04-01T05:59:49+0000,2350,1,C#,0,[]
Triovista/PiggyPiggy-Hack-Game-Bot-Auto-Farm-Clicker-Crypto-Api-Cheat,Bot that automates farming and clicker activities in PiggyPiggy game. Features include crypto integration and API support. Equipped with hacks and cheats to maximize profits and enhance gameplay efficiency.,https://github.com/Triovista/PiggyPiggy-Hack-Game-Bot-Auto-Farm-Clicker-Crypto-Api-Cheat,['exploit'],1,2025-04-01T05:57:28+0000,2357,0,Python,0,[]
Zentiraa/Super-Champs-Game-Crypto-Bot-Auto-Farm-Clicker-Cheat-Api-Hack,Bot that automates farming and clicker activities in Super Champs game. Includes crypto integration and API support. Features cheats and hacks to maximize profits and enhance gameplay efficiency.,https://github.com/Zentiraa/Super-Champs-Game-Crypto-Bot-Auto-Farm-Clicker-Cheat-Api-Hack,['exploit'],1,2025-04-01T06:15:44+0000,3215,0,C#,0,[]
Triovista/Parallel-Life-Hack-Game-Bot-Auto-Farm-Clicker-Crypto-Energy-Api-Cheat,Bot that automates farming and clicker activities in Parallel Life game. Features include crypto energy integration and API support. Designed with hacks and cheats to maximize profits and enhance gameplay efficiency.,https://github.com/Triovista/Parallel-Life-Hack-Game-Bot-Auto-Farm-Clicker-Crypto-Energy-Api-Cheat,['exploit'],1,2025-04-03T05:50:20+0000,1302,0,C++,0,[]
Zentiraa/Seekers-of-Tokane-Cheat-Crypto-Bot-Auto-Farm-Clicker-Game-Api-Hack,Bot that automates farming and clicker activities in Seekers of Tokane game. Includes features for crypto integration and API support. Designed with cheats and hacks to optimize profits and improve gameplay efficiency.,https://github.com/Zentiraa/Seekers-of-Tokane-Cheat-Crypto-Bot-Auto-Farm-Clicker-Game-Api-Hack,['exploit'],1,2025-04-02T05:59:50+0000,3418,0,C#,0,[]
Luminovav/Common-Ground-World-Crypto-Bot-Crypto-Game-Auto-Farm-Clicker-Cheat-Api,Bot that automates farming and clicker activities in Common Ground World game. Includes crypto integration and API support. Features cheats to maximize profits and improve gameplay efficiency.,https://github.com/Luminovav/Common-Ground-World-Crypto-Bot-Crypto-Game-Auto-Farm-Clicker-Cheat-Api,['exploit'],1,2025-04-04T05:57:49+0000,1817,0,C#,0,[]
Luminovav/Chibi-Clash-Crypto-Bot-Crypto-Game-Auto-Farm-Clicker-Cheat-Token-Hack-Api,Bot that automates farming and clicker activities in Chibi Clash game. Features include crypto token integration and API support. Designed with cheats and hacks to optimize profits and enhance gameplay efficiency.,https://github.com/Luminovav/Chibi-Clash-Crypto-Bot-Crypto-Game-Auto-Farm-Clicker-Cheat-Token-Hack-Api,['exploit'],1,2025-04-01T05:53:49+0000,1146,0,C#,0,[]
ChusUEM/EPSS-Anomaly-Detector,"EPSS-Anomaly-Detector is an empirical study based on the history of exploiting vulnerabilities to assess the accuracy and practical usefulness of EPSS scores in decision-making. Develop a predictive model that automates exploitability analysis, also being ",https://github.com/ChusUEM/EPSS-Anomaly-Detector,['exploit'],1,2025-04-03T15:44:13+0000,27,0,,0,[]
0x5c4r3/Bof_Tools,A quick tool to check for any badchars from a WinDBG Output during Buffer Overflow exploitation.,https://github.com/0x5c4r3/Bof_Tools,['exploit'],1,2025-04-03T08:51:11+0000,25695,0,Python,0,[]
digitalandrew/overflowme,"Overflowme is a walkthrough to learn the basics of binary exploitation. Detailed instructions, stack diagrams and fully commented assembly source code are provided for each of the challenges. There are multiple levels with each level building on the next t",https://github.com/digitalandrew/overflowme,['exploit'],1,2025-04-02T15:51:06+0000,37,22,Assembly,4,[]
Cyberheroess/Quze,Quantum zero-day exploit Hunting for vulnerabilities as small as a quantum particle ,https://github.com/Cyberheroess/Quze,['exploit'],1,2025-04-01T02:57:25+0000,1611,10,Python,2,[]
andrew1593571/RCET3375,RCET3375 - Advanced Computer Architecture and Embedded Systems Laboratory,https://github.com/andrew1593571/RCET3375,['rce'],1,2025-04-02T21:01:26+0000,129,0,Assembly,0,[]
meganzupancic/Alien-Invasion-PyGame,This game was created in SFWE 101. We will be using this source code to exploit vulnerabilities and perform cyber attacks for SFWE 401.,https://github.com/meganzupancic/Alien-Invasion-PyGame,['exploit'],1,2025-04-01T17:12:54+0000,47,0,Python,0,[]
andrew1593571/RCET3371,All assignments for RCET3371,https://github.com/andrew1593571/RCET3371,['rce'],1,2025-04-01T19:27:31+0000,29695,0,Visual Basic .NET,0,[]
thibaultmalespine/systemExploitation3,None,https://github.com/thibaultmalespine/systemExploitation3,['exploit'],1,2025-04-03T10:15:45+0000,3817,0,Java,0,[]
CPU-THU/MDPeek,"This artifact consists of two main components: first, a proof-of-concept (PoC) code demonstrating that the Memory Dependence Unit (MDU) is not isolated within or outside of SGX; and second, an end-to-end attack on MbedTLS RSA using MDPeek.",https://github.com/CPU-THU/MDPeek,['attack poc'],1,2025-04-02T02:41:17+0000,535,2,C++,1,[]
NT8068/AWP.gg-Executor-Roblox,"AWP is a Roblox executor with Luarmor support and 100% UNC compatibility, making it a solid choice for experienced users. With a Level 8 rating owned by Krampus, it remains a neutral option with strong features.",https://github.com/NT8068/AWP.gg-Executor-Roblox,['exploit'],1,2025-04-03T06:01:40+0000,38,0,JavaScript,0,[]
hjvoid/WireWasp,Wirewasp aims to be a basic spidering and scanning command line interface tool to check for basic SQL injection and XSS vulnerabilities.,https://github.com/hjvoid/WireWasp,['command injection'],1,2025-04-02T14:07:35+0000,93,0,TypeScript,0,[]
RichHacks/goExploitDB,A Go based web search for ExploitDB,https://github.com/RichHacks/goExploitDB,['exploit'],1,2025-04-02T12:44:29+0000,117295,0,Go,0,[]
iSee857/CVE-2025-0411-PoC,7-Zip Mark-of-the-Web绕过漏洞PoC(CVE-2025-0411),https://github.com/iSee857/CVE-2025-0411-PoC,"['cve poc', 'cve-2 OR cve_2']",2,2025-04-01T08:50:05+0000,4,1,C++,1,['CVE-2025-0411']
kyotozx/CVE-2024-2961-Remote-File-Read,"This script demonstrates a proof-of-concept (PoC) for exploiting a file read vulnerability in the iconv library, as detailed in Ambionics Security's blog https://www.ambionics.io/blog/iconv-cve-2024-2961-p1.",https://github.com/kyotozx/CVE-2024-2961-Remote-File-Read,"['cve poc', 'cve-2 OR cve_2', 'exploit', 'vulnerability poc']",4,2025-04-03T16:49:03+0000,10,4,Python,1,['CVE-2024-2961']
Venom-devX/Exploits,This repository is gonna be for my Roblox exploit script,https://github.com/Venom-devX/Exploits,['exploit'],1,2025-04-01T01:02:38+0000,11814,0,Lua,0,[]
Clishine/Blade-Ball,Blade Ball Script Hack Auto Farm Pastebin 2025 No Key Exploit Keyless PC & MOBILE OP GUI Cheat Byfron Bypass Anti-Ban Undetected Script BEST AUTOPARRY,https://github.com/Clishine/Blade-Ball,['exploit'],1,2025-04-03T06:00:45+0000,1,0,,0,[]
nhh9905/Binary-Exploitation,None,https://github.com/nhh9905/Binary-Exploitation,['exploit'],1,2025-04-03T03:31:17+0000,4243,0,Python,0,[]
Dans-labs/rce-spatial-coverage,Exploration and enrichment of spatial coverage in metadata,https://github.com/Dans-labs/rce-spatial-coverage,['rce'],1,2025-04-04T15:02:53+0000,5440,0,Jupyter Notebook,0,[]
Omnivolt/Xborg-Game-Crypto-Bot-Auto-Farm-Clicker-Cheat-Api-Hack,Bot that automates farming and clicker activities in Xborg game. Includes crypto integration and API support. Designed with cheats and hacks to maximize profits and enhance gameplay efficiency.,https://github.com/Omnivolt/Xborg-Game-Crypto-Bot-Auto-Farm-Clicker-Cheat-Api-Hack,['exploit'],1,2025-04-01T05:57:56+0000,1531,0,C#,0,[]
Dragce09/Metasploit-Framework-2025,Metasploit Framework for penetration testing and security research. Identify and exploit vulnerabilities in your network. 🔓🛠️,https://github.com/Dragce09/Metasploit-Framework-2025,"['exploit', 'metasploit module OR payload']",2,2025-04-01T04:53:02+0000,2,1,,0,[]
jelasin/Chrome_V8_exploit,None,https://github.com/jelasin/Chrome_V8_exploit,['exploit'],1,2025-04-02T03:07:18+0000,1,1,,0,[]
McGill-NLP/malicious-ir,Code for `Exploiting Instruction-Following Retrievers for Malicious Information Retrieval`,https://github.com/McGill-NLP/malicious-ir,['exploit'],1,2025-04-01T21:28:58+0000,1257,4,Python,0,[]
n3rbi/Possessor-Ban-Log,"This is a list of all users ive banned for exploiting, teaming, etc, in the roblox game ""Possessor"" https://www.roblox.com/games/14841485778/CODES-Possessor.",https://github.com/n3rbi/Possessor-Ban-Log,['exploit'],1,2025-04-02T14:08:21+0000,27,0,,0,[]
LvDZO/MultiRobloxExploit,m script,https://github.com/LvDZO/MultiRobloxExploit,['exploit'],1,2025-04-03T12:53:26+0000,1967,0,Lua,0,[]
CryptoGenNepal/CVE-KEV-RSS,CISA maintains the authoritative source of vulnerabilities that have been exploited in the wild and CryptoGen Nepal aims to simplify this for the general public in a more understandable way as well as in a format that can be easily integrated into their th,https://github.com/CryptoGenNepal/CVE-KEV-RSS,['exploit'],1,2025-04-02T10:10:31+0000,983,0,Python,0,[]
MMarch7/CVE_POC_monitor,Automatically push newly disclosed POC information.,https://github.com/MMarch7/CVE_POC_monitor,['cve poc'],1,2025-04-02T05:29:49+0000,1972,0,Python,0,[]
Shaheer-Saad/Final-Year-Project,"The project ""Crops and Climate: Shaping Pakistan's Economy"", created as the capstone project for the bachelor's degree, exploits data from multiple paradigms, manipulates it and presents it to the stakeholders in order for them to take appropriate actions ",https://github.com/Shaheer-Saad/Final-Year-Project,['exploit'],1,2025-04-04T16:47:01+0000,883,0,JavaScript,0,[]
yogsec/Hacking-Tools,"A curated list of penetration testing and ethical hacking tools, organized by category. This compilation includes tools from Kali Linux and other notable sources.",https://github.com/yogsec/Hacking-Tools,['exploit'],1,2025-04-02T15:06:40+0000,177,412,,89,[]
iSee857/CVE-2025-0108-PoC,Palo Alto Networks PAN-OS 身份验证绕过漏洞批量检测脚本(CVE-2025-0108),https://github.com/iSee857/CVE-2025-0108-PoC,"['cve poc', 'cve-2 OR cve_2']",2,2025-04-01T08:49:03+0000,6,26,Python,19,['CVE-2025-0108']
junoim/Security-Overview-of-QR-codes,"QR Code Security Scanner -QR codes are increasingly exploited for phishing (QRishing), payment fraud, and malware distribution. This terminal-based QR scanner analyzes QR codes using AI-powered fraud detection and API-driven security checks (VirusTotal, Go",https://github.com/junoim/Security-Overview-of-QR-codes,['exploit'],1,2025-04-03T15:28:12+0000,65,3,Python,0,[]
panconpollo1/ReconBreach,"ReconBreach is an AI-powered penetration testing tool that automates vulnerability detection, attack simulation, and post-exploitation across web, mobile, and network environments. It leverages AI to enhance reconnaissance, payload generation, and lateral ",https://github.com/panconpollo1/ReconBreach,['exploit'],1,2025-04-02T16:46:59+0000,2,2,,0,[]
cs340-25/Nations-Refounded,"Explore, expand, exploit",https://github.com/cs340-25/Nations-Refounded,['exploit'],1,2025-04-01T13:22:12+0000,13628,0,GDScript,0,[]
JamesRichards05/Telegram-Premium,Get Telegram Premium for free with powerful client packet manipulation exploit.,https://github.com/JamesRichards05/Telegram-Premium,['exploit'],1,2025-04-03T06:04:04+0000,1,3,,0,[]
python-ai-bootcamp/zeroDay,zeroDayBootCampTerminal,https://github.com/python-ai-bootcamp/zeroDay,['zeroday'],1,2025-04-03T10:46:14+0000,166,0,Python,0,[]
shadabansari/Automate-Metasploit,None,https://github.com/shadabansari/Automate-Metasploit,['metasploit module OR payload'],1,2025-04-04T09:28:27+0000,20,0,Shell,0,[]
rohan-pt/CVE-2025-26055,CVE Description,https://github.com/rohan-pt/CVE-2025-26055,['cve-2 OR cve_2'],1,2025-04-02T05:36:12+0000,8,0,,0,['CVE-2025-26055']
haeyun-choi/DeepDeblurRF,"[CVPR2025] Official PyTorch implementation of ""Exploiting Deblurring Networks for Radiance Fields (DeepDeblurRF)""",https://github.com/haeyun-choi/DeepDeblurRF,['exploit'],1,2025-04-02T06:37:24+0000,3889,3,,0,[]
3a1/Insomnia,UEFI Bootkit that infects kernel with backdoor using SSDT hook,https://github.com/3a1/Insomnia,['UEFI bootkit'],1,2025-04-04T06:11:21+0000,732,2,C,2,[]
Chattyice234/Rubber,"Game website collecting browser games, apps, and useful exploits for school!",https://github.com/Chattyice234/Rubber,['exploit'],1,2025-04-03T02:57:17+0000,378,3,HTML,0,[]
megyoung430/explore_exploit_simulations,None,https://github.com/megyoung430/explore_exploit_simulations,['exploit'],1,2025-04-03T13:28:05+0000,2793,0,Jupyter Notebook,0,[]
uthrasri/Jetty-v9.4.31_CVE-2023-40167,None,https://github.com/uthrasri/Jetty-v9.4.31_CVE-2023-40167,['cve-2 OR cve_2'],1,2025-04-03T20:22:59+0000,447,0,Java,0,['CVE-2023-40167']
laluka/skillarch,SkillArch,https://github.com/laluka/skillarch,['exploit'],1,2025-04-01T10:17:14+0000,11345,17,Makefile,5,[]
kston83/cvss-te,"Improves vulnerability prioritization by enhancing CVSS scores with exploit intelligence. Combines data from CISA KEV, EPSS, Metasploit, and other sources to create actionable severity ratings that reflect real-world threat levels.",https://github.com/kston83/cvss-te,"['exploit', 'metasploit module OR payload']",2,2025-04-01T08:11:46+0000,200928,4,HTML,1,[]
benjamin-bertram/HelloIamBenjamin,An alternative portfolio which exploits human and machine judgement.,https://github.com/benjamin-bertram/HelloIamBenjamin,['exploit'],1,2025-04-03T13:42:52+0000,27,0,Python,0,[]
Tarortois/PROOFCORE-Dayz-Cheat-Hack-Aimbot-Esp-Exploit-Magic-Bullet-Spoofer-Misc,"A project that offers cheats developed with C++ for DayZ. It aims to improve the game experience with features such as Aimbot, ESP, Spoof.",https://github.com/Tarortois/PROOFCORE-Dayz-Cheat-Hack-Aimbot-Esp-Exploit-Magic-Bullet-Spoofer-Misc,['exploit'],1,2025-04-02T05:52:50+0000,588,0,C++,0,[]
AyslanBatista/rust-offsec,"Repositório voltado para scripts, exploits, tools e payloads feitos em Rust",https://github.com/AyslanBatista/rust-offsec,['exploit'],1,2025-04-03T13:33:04+0000,47312,0,Rust,0,[]
uiuc-kang-lab/cve-bench,CVE-Bench: A Benchmark for AI Agents’ Ability to Exploit Real-World Web Application Vulnerabilities,https://github.com/uiuc-kang-lab/cve-bench,['exploit'],1,2025-04-02T03:13:00+0000,126574,17,Python,2,[]
iSee857/CVE-2025-24893-PoC,XWiki SolrSearchMacros 远程代码执行漏洞PoC（CVE-2025-24893）,https://github.com/iSee857/CVE-2025-24893-PoC,"['cve poc', 'cve-2 OR cve_2']",2,2025-04-01T08:47:47+0000,7,5,Python,1,['CVE-2025-24893']
shyampillai07/WAF_Project,"A Web Application Firewall (WAF) built with Flask to detect and block SQL Injection, XSS, Command Injection, and LFI/RFI attacks. Features logging, rate limiting, and Docker deployment.",https://github.com/shyampillai07/WAF_Project,['command injection'],1,2025-04-03T14:37:08+0000,776,1,JavaScript,0,[]
carlos2023sa/333,"A repository dedicated to the number 333, exploring its significance in numerology, spirituality, and various cultural beliefs. Dive into discussions, theories, and interpretations surrounding the mystical number 333 in this engaging and thought-provoking ",https://github.com/carlos2023sa/333,['exploit'],1,2025-04-02T16:49:00+0000,1,0,,0,[]
Jr0dR87/CORS-Exploit-Scripts,Few short and sweet scripts to help exploit CORS misconfigurations. ,https://github.com/Jr0dR87/CORS-Exploit-Scripts,['exploit'],1,2025-04-03T21:22:17+0000,8,0,,0,[]
USDTC/Jpg-Png-Exploit-Slient-Builder-Exploit-Database-Cve-2023-Malware,"In the hushed galleries of the Silent JPG Exploit, a symphony shrouded in enigma unfurls—an opus named silent-jpg-exploit-2018—a title that reverberates through the annals of intrigue.",https://github.com/USDTC/Jpg-Png-Exploit-Slient-Builder-Exploit-Database-Cve-2023-Malware,"['cve-2 OR cve_2', 'exploit']",2,2025-04-01T05:55:59+0000,874,2,C++,0,[]
2unnbeats/Arceus-Executor,"Arceus X Exploit & Executor is a universal cheating tool that allows users to activate various cheats, scripts, and hacks within the mobile version of Roblox, available on Android and iOS devices. This program offers a wide range of functions to select fro",https://github.com/2unnbeats/Arceus-Executor,['exploit'],1,2025-04-03T06:07:37+0000,5,0,,0,[]
AmadeusITGroup/exploit-server,"A lightweight pentesting tool for logging and crafting HTTP requests, designed for internal deployment in Kubernetes and Openshift clusters.",https://github.com/AmadeusITGroup/exploit-server,['exploit'],1,2025-04-02T14:07:19+0000,379,3,EJS,0,[]
fmelipin/OSEP-Preparation-Notes,"This repo contains my OSEP (Offensive Security Experienced Penetration Tester) preparation notes, including advanced pentesting techniques, exploit development, and post-exploitation strategies. Organized for efficient study, it features cheat sheets, code",https://github.com/fmelipin/OSEP-Preparation-Notes,['exploit'],1,2025-04-01T15:43:42+0000,220,0,C#,0,[]
neomoneyapp/apex-legends-cheat-download,Apex Legends AI Hack Cheat Triggerbot Noclip silent aimbot esp wallhack wh exploit godmode fly FlickBot Legit SemiRage softaim 2024 inventory skin changer swapper hwid spoofer changer free macros norecoil speedhack undetected injector radar FPS Booster Unl,https://github.com/neomoneyapp/apex-legends-cheat-download,['exploit'],1,2025-04-01T06:13:35+0000,7937,9,,0,[]
pranayjha331/Roblox-Luna-Executor," Lunar Executor is a tool for executing custom scripts within Roblox, providing users with the ability to exploit and modify game features. ",https://github.com/pranayjha331/Roblox-Luna-Executor,['exploit'],1,2025-04-04T05:59:27+0000,7937,21,,20,[]
Ayamato0/Arceus-Executor,"Arceus X Exploit & Executor is a universal cheating tool that allows users to activate various cheats, scripts, and hacks within the mobile version of Roblox, available on Android and iOS devices. This program offers a wide range of functions to select fro",https://github.com/Ayamato0/Arceus-Executor,['exploit'],1,2025-04-03T06:07:21+0000,5,0,,0,[]
KaliforniaGator/SecShell-Go,An implementation of SecShell now written in go with security features like command whitelisting and blacklisting built-in. It also uses sanitizing to ensure commands are clean from most injection attacks.,https://github.com/KaliforniaGator/SecShell-Go,['command injection'],1,2025-04-01T03:57:45+0000,195,1,Go,0,[]
Mukesh-blend/CVE-2025-21333-POC,POC exploit for CVE-2025-21333 heap-based buffer overflow. It leverages WNF state data and I/O ring IOP_MC_BUFFER_ENTRY,https://github.com/Mukesh-blend/CVE-2025-21333-POC,"['cve poc', 'cve-2 OR cve_2', 'exploit', 'heap overflow']",4,2025-04-02T16:49:27+0000,34,0,C++,2,['CVE-2025-21333']
CYBEREYE-001/WEB-Scanner,"🔍! This is the WEB-scanner tool which is made for reduse time for scanning vulnerability on website. This script has the power to detect sql, xss, CSRF, file & command injection on the url of website.",https://github.com/CYBEREYE-001/WEB-Scanner,['command injection'],1,2025-04-02T18:08:49+0000,50,1,Python,1,[]
Franky-Lim24/snakeyaml_cve_poc,None,https://github.com/Franky-Lim24/snakeyaml_cve_poc,['cve poc'],1,2025-04-04T12:08:19+0000,143,0,Java,0,[]
RicheByte/PentestGPT,"AI-Powered GPT Web Vulnerability Scanner Detects security flaws (directory traversal, command injection) through context-aware payloads and GPT-assisted analysis, prioritizing ethical scanning with rate-limiting and safe testing protocols.",https://github.com/RicheByte/PentestGPT,['command injection'],1,2025-04-03T18:52:53+0000,23,1,Python,0,[]
OracleOfMyst/Binary_CTFs,A collections of binary exploits from CTF challenges,https://github.com/OracleOfMyst/Binary_CTFs,['exploit'],1,2025-04-04T10:44:53+0000,24,0,Python,0,[]
Kartosns/PROOFCORE-Dayz-Cheat-Hack-Aimbot-Esp-Exploit-Magic-Bullet-Spoofer-Misc,"A project that offers cheats developed with C++ for DayZ. It aims to improve the game experience with features such as Aimbot, ESP, Spoof.",https://github.com/Kartosns/PROOFCORE-Dayz-Cheat-Hack-Aimbot-Esp-Exploit-Magic-Bullet-Spoofer-Misc,['exploit'],1,2025-04-01T05:56:26+0000,480,0,C++,0,[]
rohan-pt/CVE-2025-26056,None,https://github.com/rohan-pt/CVE-2025-26056,['cve-2 OR cve_2'],1,2025-04-01T18:07:12+0000,2,0,,0,['CVE-2025-26056']
rohan-pt/CVE-2025-26054,CVE-2025-26054,https://github.com/rohan-pt/CVE-2025-26054,['cve-2 OR cve_2'],1,2025-04-01T18:04:54+0000,9,0,,0,['CVE-2025-26054']
kristijanH1998/nightmare_binexp_re_lessons,Binary Exploitation and Reverse Engineering practice problems from https://github.com/guyinatuxedo/nightmare/,https://github.com/kristijanH1998/nightmare_binexp_re_lessons,['exploit'],1,2025-04-01T08:50:23+0000,4193,0,Python,0,[]
iSee857/CVE-2025-24813-PoC,Apache Tomcat 远程代码执行漏洞批量检测脚本(CVE-2025-24813),https://github.com/iSee857/CVE-2025-24813-PoC,"['cve poc', 'cve-2 OR cve_2']",2,2025-04-01T08:47:10+0000,9,74,Python,23,['CVE-2025-24813']
gusttaHTXdev/Roblox-Incognito,"Incognito is a Roblox script executor known for its user-friendly interface and support for executing Lua scripts, providing enhanced gameplay and automation features. Regular updates ensure compatibility with Roblox's latest changes, though using it risks",https://github.com/gusttaHTXdev/Roblox-Incognito,['exploit'],1,2025-04-01T06:14:39+0000,5,0,,0,[]
MAIOSN12/Celex-Executor,"Celex Executor is an external Windows-based script execution tool for Roblox, allowing users to run custom scripts and modify game mechanics for enhanced gameplay and exploits.",https://github.com/MAIOSN12/Celex-Executor,['exploit'],1,2025-04-04T06:00:40+0000,4,0,,0,[]
asmuiazfar/Luna-Executor,"Lunar Executor is a tool for executing custom scripts within Roblox, providing users with the ability to exploit and modify game features.",https://github.com/asmuiazfar/Luna-Executor,['exploit'],1,2025-04-04T06:00:39+0000,5,27,,26,[]
Jaiaiaka/Pancake-Protectors-Crypto-Bot-Crypto-Game-Auto-Farm-Clicker-Cheat-Token-Hack-Api,Bot that automates farming and clicker activities in Pancake Protectors game. Includes crypto token integration and API support. Equipped with cheats and hacks to maximize profit and enhance gameplay efficiency. Managed via Telegram for optimal game manage,https://github.com/Jaiaiaka/Pancake-Protectors-Crypto-Bot-Crypto-Game-Auto-Farm-Clicker-Cheat-Token-Hack-Api,['exploit'],1,2025-04-02T16:51:13+0000,6,0,,0,[]
megyoung430/explore_exploit_analysis,None,https://github.com/megyoung430/explore_exploit_analysis,['exploit'],1,2025-04-03T13:29:45+0000,2179,0,Jupyter Notebook,0,[]
lfparizzi/CVE-Yealink-T40G,SIP-T40G Command Injection Vulnerability,https://github.com/lfparizzi/CVE-Yealink-T40G,['command injection'],1,2025-04-01T14:21:06+0000,31,0,,0,[]
UPB-FILS-SdE2-Students/systemes-d-exploitation-2-tp2025-backup-systemes-d-exploitation-2-tp02-tp-2025,systemes-d-exploitation-2-tp2025-backup-systemes-d-exploitation-2-tp02-tp-2025 created by GitHub Classroom,https://github.com/UPB-FILS-SdE2-Students/systemes-d-exploitation-2-tp2025-backup-systemes-d-exploitation-2-tp02-tp-2025,['exploit'],1,2025-04-01T05:43:04+0000,8,0,Rust,0,[]
mrgetsome/Roblox-Synapse,"Roblox Synapse Executor is a top-tier script execution tool for Roblox, valued for its advanced features and stability, enabling seamless Lua scripting for game modifications and customization.",https://github.com/mrgetsome/Roblox-Synapse,['exploit'],1,2025-04-01T06:13:35+0000,5,0,,0,[]
xrl3y/Offensive-Python-Notes,"Offensive Python Notes is a collection of notes and documentation on using Python for offensive security. It includes techniques and tools for penetration testing, vulnerability exploitation, antivirus evasion, attack automation, and forensic analysis.",https://github.com/xrl3y/Offensive-Python-Notes,['exploit'],1,2025-04-02T16:38:41+0000,18,0,Python,0,[]
dalsaniyacoomercio/Hydrogen-Executor,"Hydrogen Executor is a most popular Roblox Exploit for Android and PC in the market nowadays. You can install it on any Android, iOS or Windows PC.",https://github.com/dalsaniyacoomercio/Hydrogen-Executor,['exploit'],1,2025-04-03T06:07:39+0000,4,27,,26,[]
USDTC/HTA-Exploit,Microsoft Windows HTA (HTML Application) - Pinnacle of Remote Code Execution,https://github.com/USDTC/HTA-Exploit,"['exploit', 'remote code execution']",2,2025-04-02T05:52:23+0000,335,0,C#,0,[]
USDTC/Discord-Image-Logger-Stealer,"Ephemeral discourse is embodied by the likes of Messenger Sessions, the digital portraits of Accounts, and the enigmatic Token",https://github.com/USDTC/Discord-Image-Logger-Stealer,['exploit'],1,2025-04-01T05:53:09+0000,468,1,C#,0,[]
USDTC/PDF-FUD-Exploit,"A meticulous scrutiny of the Exploit PDFs innards exposes a network of malevolence, unveiling both the nefarious hyperlink and the URL that precipitates",https://github.com/USDTC/PDF-FUD-Exploit,['exploit'],1,2025-04-04T05:53:22+0000,549,1,C++,0,[]
USDTC/Slient-URL-Exploit,"URL Contamination Exploit Muted Java Drive-By downloads can transpire during the act of perusing a website, inaugurating an electronic mail communication.",https://github.com/USDTC/Slient-URL-Exploit,['exploit'],1,2025-04-02T05:57:50+0000,1347,1,C#,0,[]
Dyrhyle/Seekers-of-Tokane-Cheat-Crypto-Bot-Auto-Farm-Clicker-Game-Api-Hack,Bot that automates farming and clicker activities in Seekers of Tokane game. Includes features for crypto integration and API support. Designed with cheats and hacks to optimize profits and improve gameplay efficiency.,https://github.com/Dyrhyle/Seekers-of-Tokane-Cheat-Crypto-Bot-Auto-Farm-Clicker-Game-Api-Hack,['exploit'],1,2025-04-03T06:10:20+0000,3124,0,C#,0,[]
arschlochnop/VulnWatchdog,"VulnWatchdog 是一个自动化的漏洞监控和分析工具。它可以监控 GitHub 上的 CVE 相关仓库,获取漏洞信息和 POC 代码,并使用 GPT 进行智能分析,生成详细的分析报告。",https://github.com/arschlochnop/VulnWatchdog,"['cve poc', 'vuln poc']",2,2025-04-01T02:47:16+0000,3613,14,Python,6,[]
Darkgaming7421/Tomarket-Hack-Game-Bot-Auto-Farm-Clicker-Crypto-Telegram-Api-Cheat,"Bot that automates farming and clicker activities in Tomarket game. Features include crypto integration, Telegram support, and API tools. Equipped with cheats and hacks to maximize profits and enhance gameplay efficiency.",https://github.com/Darkgaming7421/Tomarket-Hack-Game-Bot-Auto-Farm-Clicker-Crypto-Telegram-Api-Cheat,['exploit'],1,2025-04-02T16:53:17+0000,1878,0,Shell,0,[]
sub2samplays/Metasploit-Framework-2025,Metasploit Framework for penetration testing and security research. Identify and exploit vulnerabilities in your network. 🔓🛠️,https://github.com/sub2samplays/Metasploit-Framework-2025,"['exploit', 'metasploit module OR payload']",2,2025-04-02T16:52:51+0000,9,0,,0,[]
ArcNassss/roblox,🎮 Reverse engineering Roblox account creation.,https://github.com/ArcNassss/roblox,['exploit'],1,2025-04-02T16:52:33+0000,3737,0,JavaScript,0,[]
hakimil/hack-crypto-wallet,A tool designed to bypass security measures on cryptocurrency wallets by exploiting vulnerabilities in the system. Hackers can use this software to gain unauthorized access to digital assets stored in these wallets.,https://github.com/hakimil/hack-crypto-wallet,['exploit'],1,2025-04-02T16:52:18+0000,2502,1,,0,[]
voslol/hack-crypto-wallet,"A tool designed to bypass security measures and gain unauthorized access to cryptocurrency wallets, allowing for the theft of digital assets. Utilizes advanced hacking techniques to exploit vulnerabilities in wallet systems and extract funds without detect",https://github.com/voslol/hack-crypto-wallet,['exploit'],1,2025-04-04T06:01:13+0000,318,0,,0,[]
Nightlant/krnl-executor,"About The legendary KRNL executor is a highly regarded tool for Roblox on Windows, known for its reliability and efficiency in running Lua scripts, allowing users to access advanced game modifications and exploits for an enhanced gaming experience.",https://github.com/Nightlant/krnl-executor,['exploit'],1,2025-04-03T06:09:10+0000,5398,27,CSS,26,[]
KristonLow/UAC-Bypass-FUD,"UAC bypass, Elevate, Persistence methods",https://github.com/KristonLow/UAC-Bypass-FUD,"['exploit', 'uac bypass']",2,2025-04-03T05:58:13+0000,360,0,C#,0,[]
dpextreme/7-Zip-CVE-2025-0411-POC,This repository contains POC scenarios as part of CVE-2025-0411 MotW bypass.,https://github.com/dpextreme/7-Zip-CVE-2025-0411-POC,"['cve poc', 'cve-2 OR cve_2']",2,2025-04-02T16:52:09+0000,8,0,C++,1,['CVE-2025-0411']
Oluwarotimi84/Chibi-Clash-Crypto-Bot-Crypto-Game-Auto-Farm-Clicker-Cheat-Token-Hack-Api,Bot that automates farming and clicker activities in Chibi Clash game. Features include crypto token integration and API support. Designed with cheats and hacks to optimize profits and enhance gameplay efficiency.,https://github.com/Oluwarotimi84/Chibi-Clash-Crypto-Bot-Crypto-Game-Auto-Farm-Clicker-Cheat-Token-Hack-Api,['exploit'],1,2025-04-03T06:09:08+0000,932,0,C#,0,[]
EdoinoEdo/Cyber-Finance-Game-Bot-Auto-Farm-Clicker-Crypto-CFI-Telegram-Hack-Cheat,"Bot that automates farming and clicker activities in Cyber Finance game. Features include crypto integration with CFI, Telegram support for management, and hacks and cheats to maximize profit. Designed for efficient gameplay and profit optimization.",https://github.com/EdoinoEdo/Cyber-Finance-Game-Bot-Auto-Farm-Clicker-Crypto-CFI-Telegram-Hack-Cheat,['exploit'],1,2025-04-03T06:09:06+0000,2111,0,Python,0,[]
Vihhscan7/Seekers-of-Tokane-Cheat-Crypto-Bot-Auto-Farm-Clicker-Game-Api-Hack,Bot that automates farming and clicker activities in Seekers of Tokane game. Includes features for crypto integration and API support. Designed with cheats and hacks to optimize profits and improve gameplay efficiency.,https://github.com/Vihhscan7/Seekers-of-Tokane-Cheat-Crypto-Bot-Auto-Farm-Clicker-Game-Api-Hack,['exploit'],1,2025-04-01T06:15:05+0000,3019,0,C#,0,[]
quimicarobot/Tomarket-Hack-Game-Bot-Auto-Farm-Clicker-Crypto-Telegram-Api-Cheat,"Bot that automates farming and clicker activities in Tomarket game. Features include crypto integration, Telegram support, and API tools. Equipped with cheats and hacks to maximize profits and enhance gameplay efficiency.",https://github.com/quimicarobot/Tomarket-Hack-Game-Bot-Auto-Farm-Clicker-Crypto-Telegram-Api-Cheat,['exploit'],1,2025-04-02T16:51:44+0000,1819,0,Shell,0,[]
muhamadfakhrie/Brilliant-Crypto-Bot-Crypto-Game-Auto-Farm-Clicker-Cheat-Token-Hack-Api,Bot that automates farming and clicker activities in Brilliant Crypto game. Features include crypto token integration and API support. Designed with cheats and hacks to optimize profits and enhance gameplay efficiency.,https://github.com/muhamadfakhrie/Brilliant-Crypto-Bot-Crypto-Game-Auto-Farm-Clicker-Cheat-Token-Hack-Api,['exploit'],1,2025-04-04T06:01:05+0000,1301,0,C#,0,[]
FilipXVZ/Roblox-Synapse,"Roblox Synapse Executor is a top-tier script execution tool for Roblox, valued for its advanced features and stability, enabling seamless Lua scripting for game modifications and customization.",https://github.com/FilipXVZ/Roblox-Synapse,['exploit'],1,2025-04-03T06:08:52+0000,4,0,,0,[]
Chipie01/Roblox-JJSploit,Download One of the Best Roblox Exploiter JJSploit Free!,https://github.com/Chipie01/Roblox-JJSploit,['exploit'],1,2025-04-03T06:11:32+0000,1,0,,0,[]
Mekkanob/JJSploit-Executor,Download One of the Best Roblox Exploiter JJSploit Free!,https://github.com/Mekkanob/JJSploit-Executor,['exploit'],1,2025-04-04T06:03:27+0000,1,13,,0,[]
Tarakqovsu7/Roblox-Ronix,The Next Generation of Exploiting. Build faster and smarter with our powerful Lua environment. Create unique scripts with the most extensive toolkit available.,https://github.com/Tarakqovsu7/Roblox-Ronix,['exploit'],1,2025-04-03T06:11:30+0000,1,0,,0,[]
supers4upen/Ronix-Executor,The Next Generation of Exploiting. Build faster and smarter with our powerful Lua environment. Create unique scripts with the most extensive toolkit available.,https://github.com/supers4upen/Ronix-Executor,['exploit'],1,2025-04-04T06:03:40+0000,1,25,,0,[]
guillaumepot/POC-APIs-security,"Secure your APIs, OWASP top 10 PAI vulnerabilities - 2023",https://github.com/guillaumepot/POC-APIs-security,['vulnerability poc'],1,2025-04-02T15:23:08+0000,112,0,Python,0,[]
ramezzateff/Super_H4k3r,"A collection of 100+ essential skills to master ethical hacking, penetration testing, and cybersecurity. This repository is a roadmap for becoming a Super Hacker, covering everything from scripting and automation to advanced exploitation techniques.",https://github.com/ramezzateff/Super_H4k3r,['exploit'],1,2025-04-03T12:33:07+0000,29,1,Python,0,[]
Yusif-cyber/my-exploit,None,https://github.com/Yusif-cyber/my-exploit,['exploit'],1,2025-04-02T07:05:13+0000,5,0,HTML,0,[]
nicoleleines95/LeinesMartinez_ENV797_TSA_FinalProject,Forecasting Ecuador’s Oil Production: Assessing the impact of halting exploitation in Block 43-ITT,https://github.com/nicoleleines95/LeinesMartinez_ENV797_TSA_FinalProject,['exploit'],1,2025-04-03T04:49:49+0000,30,0,,1,[]
ps-interactive/lab-cve-2025-24813,Resources for teh Apache Tomcat CVE lab,https://github.com/ps-interactive/lab-cve-2025-24813,['cve-2 OR cve_2'],1,2025-04-01T23:39:14+0000,52,0,Shell,0,['CVE-2025-24813']
Xclusive-Ishan/Attack-Chain-Honeypot-Framework,"This project introduces a reverse-honeypot approach, deploying compromised systems to observe attacker behavior in real-world scenarios. Unlike traditional honeypots, these are exploited by attackers and used to target other systems, revealing advanced att",https://github.com/Xclusive-Ishan/Attack-Chain-Honeypot-Framework,['exploit'],1,2025-04-02T20:17:00+0000,2399,1,Python,0,[]
danielpacak/vulnerable-kubernetes-deployments,"For learning, researching, testing and [ evaluating _ evading ] Kubernetes security tools.",https://github.com/danielpacak/vulnerable-kubernetes-deployments,['vuln poc'],1,2025-04-02T12:40:59+0000,16,1,,0,[]
connoree/senior-project,"An AWS-based educational lab environment designed with Terraform and Packer, containing intentionally insecure configurations (weak SSH, over-privileged users, insecure MySQL setup) for hands-on practice in vulnerability assessment, exploitation, and remed",https://github.com/connoree/senior-project,['exploit'],1,2025-04-03T20:51:36+0000,5,0,HCL,0,[]
GhidraDragon/exploit-googlebot,"PriorityBFS starter code for exploitation on * ports, etc. eventually gym-enabled for alpha zero *",https://github.com/GhidraDragon/exploit-googlebot,['exploit'],1,2025-04-01T00:17:24+0000,597369,0,C,0,[]
zjxnb666666/Chibi-Clash-Crypto-Bot-Crypto-Game-Auto-Farm-Clicker-Cheat-Token-Hack-Api,Bot that automates farming and clicker activities in Chibi Clash game. Features include crypto token integration and API support. Designed with cheats and hacks to optimize profits and enhance gameplay efficiency.,https://github.com/zjxnb666666/Chibi-Clash-Crypto-Bot-Crypto-Game-Auto-Farm-Clicker-Cheat-Token-Hack-Api,['exploit'],1,2025-04-01T06:16:34+0000,987,0,C#,0,[]
idontwantobefood/Cyber-Finance-Game-Bot-Auto-Farm-Clicker-Crypto-CFI-Telegram-Hack-Cheat,"Bot that automates farming and clicker activities in Cyber Finance game. Features include crypto integration with CFI, Telegram support for management, and hacks and cheats to maximize profit. Designed for efficient gameplay and profit optimization.",https://github.com/idontwantobefood/Cyber-Finance-Game-Bot-Auto-Farm-Clicker-Crypto-CFI-Telegram-Hack-Cheat,['exploit'],1,2025-04-04T06:02:18+0000,2212,0,Python,0,[]
babtou34/Common-Ground-World-Crypto-Bot-Crypto-Game-Auto-Farm-Clicker-Cheat-Api,Bot that automates farming and clicker activities in Common Ground World game. Includes crypto integration and API support. Features cheats to maximize profits and improve gameplay efficiency.,https://github.com/babtou34/Common-Ground-World-Crypto-Bot-Crypto-Game-Auto-Farm-Clicker-Cheat-Api,['exploit'],1,2025-04-01T06:16:34+0000,1495,0,C#,0,[]
sandumjacob/IngressNightmare-POCs,Worlds First Public POC for CVE-2025-1974 lol,https://github.com/sandumjacob/IngressNightmare-POCs,['cve poc'],1,2025-04-02T19:39:22+0000,29,82,Python,27,['CVE-2025-1974']
Leviticus-Triage/XSS_Hunter,Ein Framework zur automatisierten Erkennung und Exploitation von XSS-Schwachstellen,https://github.com/Leviticus-Triage/XSS_Hunter,['exploit'],1,2025-04-02T07:38:23+0000,561,7,Python,0,[]
a24012091/EXPLOIT-BD-SAE,EXPLOIT-BD-SAE,https://github.com/a24012091/EXPLOIT-BD-SAE,['exploit'],1,2025-04-03T11:01:50+0000,38,0,,0,[]
iSee857/CVE-2025-29927,Next.Js 权限绕过漏洞(CVE-2025-29927),https://github.com/iSee857/CVE-2025-29927,['cve-2 OR cve_2'],1,2025-04-01T08:46:47+0000,6,0,Python,0,['CVE-2025-29927']
djzzlim/picoctf,"Writeups and solutions for PicoCTF challenges, covering cryptography, forensics, web exploitation, and more. For educational purposes.",https://github.com/djzzlim/picoctf,['exploit'],1,2025-04-02T16:07:33+0000,61,0,,0,[]
ch-ammar-abid/Metasploitable-3,Metasploitable 3 Direct Installer is a Windows application that simplifies setting up the Metasploitable 3 vulnerable virtual machines for security testing and training purposes.,https://github.com/ch-ammar-abid/Metasploitable-3,['metasploit module OR payload'],1,2025-04-04T08:20:43+0000,26192,0,,0,[]
OmSharma42306/remote-code-execution,"Building a Remote Based Code Execution System like Replit!.. Using MERN STACK, KUBERNETES,AWS",https://github.com/OmSharma42306/remote-code-execution,['remote code execution'],1,2025-04-02T18:26:11+0000,1,0,,0,[]
Aviral2642/ZeroDayForge,"An advanced red team exploitation framework featuring payload generation, direct syscall injection, protocol fuzzing, and memory manipulation. Built for real operators.",https://github.com/Aviral2642/ZeroDayForge,"['exploit', 'zeroday']",2,2025-04-02T01:06:47+0000,51,0,Python,0,[]
Mehran-Seifalinia/security-lists,Comprehensive security wordlists & exploit payloads for penetration testers and security researchers.,https://github.com/Mehran-Seifalinia/security-lists,['exploit'],1,2025-04-01T15:50:25+0000,205,0,,0,[]
Aviral2642/Polymorphic-Shellcode-Engine,"A next-generation engine for generating metamorphic shellcode payloads with built-in evasion capabilities, designed for red team operations and penetration testing.",https://github.com/Aviral2642/Polymorphic-Shellcode-Engine,['shellcode'],1,2025-04-02T01:08:52+0000,9,0,Python,0,[]
derdevil1232/JailSploitsWeb,nan,https://github.com/derdevil1232/JailSploitsWeb,['sploit'],1,2025-04-02T17:41:16+0000,86,0,HTML,0,[]
Deepika-ss87/Rusty-Stardust,"A modern Rust implementation of the original Stardust project, providing a sophisticated 32/64-bit shellcode template that features position-independent code development, compile-time string hashing, and raw string embedding capabilities, all while leverag",https://github.com/Deepika-ss87/Rusty-Stardust,['shellcode'],1,2025-04-01T04:58:35+0000,22,1,Rust,0,[]
LiChaser/CVE-2025-30208,最新的CVE-2025-30208的poc（这个仓库主要拿来写实战src的一些自己写的bypass-waf的脚本以及搜集的干货博主）,https://github.com/LiChaser/CVE-2025-30208,"['cve poc', 'cve-2 OR cve_2']",2,2025-04-04T07:29:24+0000,37,2,Python,0,['CVE-2025-30208']
nguyenquangminhdeptraivl/Roblox-Sirhurt,Roblox Sirhurt is a popular exploit tool used by players to enhance their gameplay experience in Roblox. It provides various cheats and hacks for users to gain advantages in different games within the Roblox platform.,https://github.com/nguyenquangminhdeptraivl/Roblox-Sirhurt,['exploit'],1,2025-04-02T16:54:54+0000,1,0,,0,[]
CJorrr/Roblox-Ronin,The Next Generation of Exploiting. Build faster and smarter with our powerful Lua environment. Create unique scripts with the most extensive toolkit available.,https://github.com/CJorrr/Roblox-Ronin,['exploit'],1,2025-04-03T06:11:36+0000,0,0,,0,[]
Fasekiller937/Ronin-Executor,The Next Generation of Exploiting. Build faster and smarter with our powerful Lua environment. Create unique scripts with the most extensive toolkit available.,https://github.com/Fasekiller937/Ronin-Executor,['exploit'],1,2025-04-04T06:03:30+0000,1,9,,0,[]
madajahnavi/rceloan,None,https://github.com/madajahnavi/rceloan,['rce'],1,2025-04-03T06:42:53+0000,21,0,Python,0,[]
WHK-Scbert/MallanooSploit,nan,https://github.com/WHK-Scbert/MallanooSploit,['sploit'],1,2025-04-02T16:01:08+0000,6492,0,Python,0,[]
iSee857/CVE-2025-30208-PoC,Vite-CVE-2025-30208动态检测脚本，支持默认路径，自定义路径动态检测,https://github.com/iSee857/CVE-2025-30208-PoC,"['cve poc', 'cve-2 OR cve_2']",2,2025-04-01T08:45:50+0000,15,0,Python,0,['CVE-2025-30208']
DevanshuBajaj07/Phishy,"Pentesting framework that does basic reconnaissance, vulnerability scanning, exploitation, and reporting.",https://github.com/DevanshuBajaj07/Phishy,['exploit'],1,2025-04-02T06:08:10+0000,109,0,Python,0,[]
sunofva/FosterFix,"FosterFix is a Python-based automation tool designed to simplify the exploitation process on vulnerable iOS devices using checkm8-based exploits such as palera1n, ipwndfu, and checkn1x. Originally built for the iPhone 8 running iOS 16.7.4, this tool now su",https://github.com/sunofva/FosterFix,['exploit'],1,2025-04-04T17:04:19+0000,33,0,Python,0,[]
derdevil1232/JailSploits,nan,https://github.com/derdevil1232/JailSploits,['sploit'],1,2025-04-02T15:09:09+0000,140,0,Lua,0,[]
ThumpBo/CVE-2025-30208-EXP,CVE-2025-30208-EXP,https://github.com/ThumpBo/CVE-2025-30208-EXP,"['cve-2 OR cve_2', 'exploit']",2,2025-04-01T07:52:49+0000,77,155,Python,27,['CVE-2025-30208']
zwxxb/CVE-2025-1974,Poc for Ingress RCE ,https://github.com/zwxxb/CVE-2025-1974,"['cve poc', 'cve-2 OR cve_2', 'rce', 'rce poc']",4,2025-04-01T11:10:26+0000,28,2,Python,3,['CVE-2025-1974']
JohnNattakit/linux-exploit-cheatsheet,None,https://github.com/JohnNattakit/linux-exploit-cheatsheet,['exploit'],1,2025-04-04T09:05:31+0000,21,0,,0,[]
Esonhugh/ingressNightmare-CVE-2025-1974-exps,"IngressNightmare POC. world first remote exploitation and with multi-advanced exploitation methods. allow on disk exploitation. CVE-2025-24514 - auth-url injection, CVE-2025-1097 - auth-tls-match-cn injection, CVE-2025-1098 – mirror UID injection -- all av",https://github.com/Esonhugh/ingressNightmare-CVE-2025-1974-exps,"['cve poc', 'cve-2 OR cve_2', 'exploit']",3,2025-04-03T03:10:38+0000,55,58,Go,9,"['CVE-2025-1097', 'CVE-2025-1098', 'CVE-2025-1974', 'CVE-2025-24514']"
Stayns/glpwnme, GLPI vulnerabilities checking tool ,https://github.com/Stayns/glpwnme,['exploit'],1,2025-04-04T06:07:28+0000,441,0,Python,0,[]
shinyelectron/LNK-Exploit,🌐An lnk exploit (fake txt) for starting files with other extensions silently. Works on Windows 7 or higher,https://github.com/shinyelectron/LNK-Exploit,['exploit'],1,2025-04-01T03:28:09+0000,54,11,Python,4,[]
KatosdX/FiveM-External-Cheat,"FiveM External Cheat is an external hack tool for FiveM that includes aimbot, ESP, Teleport, Exploit, and other features all managed through the ImGui interface.",https://github.com/KatosdX/FiveM-External-Cheat,['exploit'],1,2025-04-03T05:56:09+0000,22628,1,C,0,[]
TypsSec/WinRAR-Exploit-Builder,The WinRAR Exploit Builder is a C# project designed to create an exploit targeting a vulnerability in WinRAR.,https://github.com/TypsSec/WinRAR-Exploit-Builder,"['0day', 'exploit']",2,2025-04-02T04:52:44+0000,117,1,C#,0,[]
Kareolins/PROOFCORE-Dayz-Cheat-Hack-Aimbot-Esp-Exploit-Magic-Bullet-Spoofer-Misc,"A project that offers cheats developed with C++ for DayZ. It aims to improve the game experience with features such as Aimbot, ESP, Spoof.",https://github.com/Kareolins/PROOFCORE-Dayz-Cheat-Hack-Aimbot-Esp-Exploit-Magic-Bullet-Spoofer-Misc,['exploit'],1,2025-04-04T05:55:31+0000,253,0,C++,0,[]
azazhe1/Ransomware_CVE_2021_3493,None,https://github.com/azazhe1/Ransomware_CVE_2021_3493,['cve-2 OR cve_2'],1,2025-04-02T01:01:52+0000,8089,0,C,0,['CVE-2021-3493']
daronenko/mitm-proxy,simple mitm proxy that checks requests for command injection attack,https://github.com/daronenko/mitm-proxy,['command injection'],1,2025-04-01T18:12:17+0000,36,0,Go,0,[]
cesarbtakeda/Windows-Explorer-CVE-2025-24071,None,https://github.com/cesarbtakeda/Windows-Explorer-CVE-2025-24071,['cve-2 OR cve_2'],1,2025-04-02T16:58:18+0000,9,1,Python,0,['CVE-2025-24071']
Redin00/Backdoor-Example,Recreation of a simple backdoor written in C to understand the basics of remote code execution. Educational purposes only. ,https://github.com/Redin00/Backdoor-Example,['remote code execution'],1,2025-04-01T20:33:20+0000,20,0,C,0,[]
colleBLOXK83/MSF--Break-My-Legs,Simple EXPL. and PAYL.- creation tool (run with metasploit). I will write my own expl. and paylo. as soon as I begin learning C and C++.,https://github.com/colleBLOXK83/MSF--Break-My-Legs,['metasploit module OR payload'],1,2025-04-01T05:52:01+0000,28,0,Python,0,[]
rachitshah-1/MacrosExploitation_ReverseShell,"This project demonstrates macro exploitation to execute a reverse shell, a common technique in penetration testing. It showcases how attackers can leverage malicious macros in documents to gain remote access.",https://github.com/rachitshah-1/MacrosExploitation_ReverseShell,['exploit'],1,2025-04-01T07:00:11+0000,307,0,VBA,0,[]
Dragonmodder7/Legend-Exploit,None,https://github.com/Dragonmodder7/Legend-Exploit,['exploit'],1,2025-04-01T12:56:49+0000,12,1,Shell,0,[]
bruning-frighting/RCE,first RCE,https://github.com/bruning-frighting/RCE,['rce'],1,2025-04-01T15:13:12+0000,13,0,Batchfile,0,[]
Byrom90/XeUnshackle,Custom Xbox 360 app designed to be used with the Xbox360BadUpdate exploit. Applies a set of HV/Kernel patches & loads the Dashlaunch system module (launch.xex).,https://github.com/Byrom90/XeUnshackle,['exploit'],1,2025-04-03T20:27:58+0000,2524,92,C++,2,[]
AnonKryptiQuz/NextSploit,"NextSploit is a command-line tool designed to detect and exploit CVE-2025-29927, a security flaw in Next.js",https://github.com/AnonKryptiQuz/NextSploit,"['exploit', 'sploit']",2,2025-04-04T10:36:17+0000,8,22,Python,6,['CVE-2025-29927']
CYFARE/IXLoader,Image eXploit Loader,https://github.com/CYFARE/IXLoader,['exploit'],1,2025-04-02T07:14:11+0000,4736,12,Python,1,[]
brandonhjh/Jenkins-CVE-2024-23897-Exploit-Demo,None,https://github.com/brandonhjh/Jenkins-CVE-2024-23897-Exploit-Demo,"['cve-2 OR cve_2', 'exploit']",2,2025-04-04T16:51:39+0000,3144,0,Shell,0,['CVE-2024-23897']
Zephiles/fifa2005-exploit,A FIFA 2005 (called FIFA Soccer 2005 in North America and FIFA Football 2005 in Europe) Save Exploit,https://github.com/Zephiles/fifa2005-exploit,['exploit'],1,2025-04-04T04:29:30+0000,19,0,Python,0,[]
seamaner/kernel-cves-replay,内核提权CVE-exploit复现分析,https://github.com/seamaner/kernel-cves-replay,['exploit'],1,2025-04-03T01:49:15+0000,26358,0,C,0,[]
tobynetizen/rbx-rconsole,A console-based exploit for Roblox,https://github.com/tobynetizen/rbx-rconsole,['exploit'],1,2025-04-01T04:39:12+0000,248,0,C++,0,[]
Dleifnesor/AI_MAL,AI_MAL combines the power of AI with network scanning and penetration testing tools to create a fully autonomous security reconnaissance and exploitation platform.,https://github.com/Dleifnesor/AI_MAL,['exploit'],1,2025-04-03T17:31:45+0000,530,1,Python,0,[]
threadexio/evil-ld,An evil ELF loader that disables ASLR & keeps SUID privileges for targeted ELF executables. Useful for binary exploitation challenges.,https://github.com/threadexio/evil-ld,['exploit'],1,2025-04-01T23:10:08+0000,40,0,Rust,0,[]
7h3r3v3n4n7/exploitdb-data,None,https://github.com/7h3r3v3n4n7/exploitdb-data,['exploit'],1,2025-04-04T01:53:28+0000,58147,0,C,0,[]
binarywarm/kentico-xperience13-AuthBypass-CVE-2025-0011,CVE-2025-0011 (CVE not assigned yet),https://github.com/binarywarm/kentico-xperience13-AuthBypass-CVE-2025-0011,['cve-2 OR cve_2'],1,2025-04-01T18:10:24+0000,12,0,,0,['CVE-2025-0011']
Nishant-Kumar-Sah/Remote-Code-Executor,Problem Solving Application with remote code execution,https://github.com/Nishant-Kumar-Sah/Remote-Code-Executor,['remote code execution'],1,2025-04-02T15:50:14+0000,76,0,TypeScript,0,[]
Cibersegurata39/CTF-2,"Capture the flag donde se trabaja la enumeración y fingerprinting, Metasploit, Python 3, Steghide y la escalada de privilegios.",https://github.com/Cibersegurata39/CTF-2,['metasploit module OR payload'],1,2025-04-01T17:19:43+0000,45,0,,0,[]
dhaoloth/RCE_Lite,None,https://github.com/dhaoloth/RCE_Lite,['rce'],1,2025-04-02T18:13:39+0000,187,0,JavaScript,0,[]
sigmanip/xwormRCE,None,https://github.com/sigmanip/xwormRCE,['rce'],1,2025-04-02T15:52:24+0000,112,0,,0,[]
RohmanZauhari/Quantitative-Arbitrage,"This repository showcases Pairs trading bot exploiting mean reversion in cointegrated assets. Fetches data, runs Engle-Granger tests, generates signals (Z-Score/Bollinger), and backtests results. A PyQt GUI provides interactive configuration and real-time ",https://github.com/RohmanZauhari/Quantitative-Arbitrage,['exploit'],1,2025-04-01T05:42:36+0000,5565,0,Jupyter Notebook,0,[]
coffeak/exploit-tracker,This Python-based GUI application allows you to track the latest security vulnerabilities (CVEs) using the,https://github.com/coffeak/exploit-tracker,['exploit'],1,2025-04-01T14:52:06+0000,18,37,Python,3,[]
Ahmed-mostafa03/CVE-2025-30208-EXP,CVE-2025-30208-EXP,https://github.com/Ahmed-mostafa03/CVE-2025-30208-EXP,"['cve-2 OR cve_2', 'exploit']",2,2025-04-03T05:33:27+0000,49,0,Python,0,['CVE-2025-30208']
manjula-aw/CVE-2025-24813,This repository contains a shell script based POC on Apache Tomcat CVE-2025-24813.  It allow you to easily test the vulnerability on any version of Apache Tomcat,https://github.com/manjula-aw/CVE-2025-24813,"['cve poc', 'cve-2 OR cve_2', 'vulnerability poc']",3,2025-04-04T03:57:37+0000,24,0,Shell,0,['CVE-2025-24813']
RohanExploit/RohanExploit,bout me and my work,https://github.com/RohanExploit/RohanExploit,['exploit'],1,2025-04-03T04:00:16+0000,242,0,,0,[]
Avenisso/FiveM-External-Cheat-KeyAuth-System,"FiveM External cheat, offers various features like aimbot, triggerbot, exploits, and customizable settings, enhancing the gameplay experience. It includes a KeyAuth system for additional security and user management. The cheat is designed to be undetectabl",https://github.com/Avenisso/FiveM-External-Cheat-KeyAuth-System,['exploit'],1,2025-04-04T05:53:24+0000,9619,0,C,0,[]
Avenisso/FiveM-External-Cheat,"FiveM External cheat, offers various features like aimbot, triggerbot, exploits, and customizable settings, enhancing the gameplay experience. It is completely undetectable.",https://github.com/Avenisso/FiveM-External-Cheat,['exploit'],1,2025-04-01T05:56:41+0000,4736,0,C++,1,[]
Rbooii/BinomialC,a simple Casino styled exploitation of binomial equation for profits in gambling games,https://github.com/Rbooii/BinomialC,['exploit'],1,2025-04-01T13:49:19+0000,11,0,C++,0,[]
ahmedabdu86/LNK-Exploit,🌐An lnk exploit (fake txt) for starting files with other extensions silently. Works on Windows 7 or higher,https://github.com/ahmedabdu86/LNK-Exploit,['exploit'],1,2025-04-03T05:32:42+0000,41,0,Python,0,[]
lowlevel01/shelldebug,Tool that allows to run and attach a debugger to windows shellcode,https://github.com/lowlevel01/shelldebug,['shellcode'],1,2025-04-03T10:22:08+0000,24,0,C,0,[]
a9v8i/CVE-2025-29927, CVE-2025-29927 Bypass Authorization Next.js ,https://github.com/a9v8i/CVE-2025-29927,['cve-2 OR cve_2'],1,2025-04-01T06:15:21+0000,37,0,Shell,0,['CVE-2025-29927']
ogazboiz/EtherVaultExploit-,None,https://github.com/ogazboiz/EtherVaultExploit-,['exploit'],1,2025-04-01T00:51:58+0000,6,0,Solidity,0,[]
fthomasella/dependency-check-poc-vuln,None,https://github.com/fthomasella/dependency-check-poc-vuln,['vuln poc'],1,2025-04-02T22:54:33+0000,68998,0,Dockerfile,0,[]
Vedant-Kudalkar/PIM-Compiler,The PIMCompilerProject is a compiler designed to translate matrix multiplication operations into machine instructions for Processing-In-Memory (PIM) architecture. This project exploits loop parallelism by distributing independent iterations across multiple,https://github.com/Vedant-Kudalkar/PIM-Compiler,['exploit'],1,2025-04-02T05:30:41+0000,3,0,C++,0,[]
0Phonlakit/MrRobot-CTF-Exploit,This repository contains a Proof of Concept (PoC) for the Mr. Robot CTF on TryHackMe.,https://github.com/0Phonlakit/MrRobot-CTF-Exploit,['exploit'],1,2025-04-03T08:46:24+0000,1695,0,,0,[]
mdehart/dehart-google-cloud-storage-scanner,Scanner for Google Cloud to determine what buckets and what access you have and how it can be exploited. ,https://github.com/mdehart/dehart-google-cloud-storage-scanner,['exploit'],1,2025-04-01T15:48:00+0000,1225,0,Python,0,[]
Davidkia7/Token-Vulnerability-on-recoveryERC20-PoC,None,https://github.com/Davidkia7/Token-Vulnerability-on-recoveryERC20-PoC,"['vuln poc', 'vulnerability poc']",2,2025-04-02T09:36:41+0000,18,0,Solidity,0,[]
jackieya/CVE-2025-30208,针对CVE-2025-30208的简单漏洞利用,https://github.com/jackieya/CVE-2025-30208,['cve-2 OR cve_2'],1,2025-04-02T04:58:54+0000,2443,0,Go,0,['CVE-2025-30208']
frankbracq/wp-geneapp,Plugin WordPress pour intégrer genealogie.app dans un site WordPress et exploiter les résultats d'une recherche généalogique via une interface sécurisée.,https://github.com/frankbracq/wp-geneapp,['exploit'],1,2025-04-01T12:29:02+0000,11,0,PHP,0,[]
leongxudong/MSMQ-Vulnerbaility,Documentation and PoC for CVE-2023-21554 MSMQ Vulnerability,https://github.com/leongxudong/MSMQ-Vulnerbaility,"['cve poc', 'vuln poc', 'vulnerability poc']",3,2025-04-03T15:38:30+0000,9,0,Python,0,['CVE-2023-21554']
Dirac231/Uninjed,A linux command injection scanner based on ffuf and obfuscation rules,https://github.com/Dirac231/Uninjed,['command injection'],1,2025-04-02T07:48:21+0000,3,0,Shell,0,[]
sp3ttr0/COOP-Exploit,None,https://github.com/sp3ttr0/COOP-Exploit,['exploit'],1,2025-04-02T10:51:45+0000,64,0,HTML,0,[]
unkn0wnxxx/Exploiting,"Within this repository I am documentating my learnings and the steps I had to fulfill, in order to complete Capture the Flags.",https://github.com/unkn0wnxxx/Exploiting,['exploit'],1,2025-04-04T16:41:02+0000,22,0,,0,[]
hangyeol012/Scanly,Scanly is a media file organizer that monitors directories for new files and creates an organized library using symbolic links.,https://github.com/hangyeol012/Scanly,['exploit'],1,2025-04-01T05:43:25+0000,98,0,Python,0,[]
deriooo/SkriptGG,"Offrant le meilleur menu de mods FiveM, RageMP, Alt-V, GTA V non détecté pour le PvP et avec des exploits jamais vus auparavant et plus de triches de jeu multijoueur.",https://github.com/deriooo/SkriptGG,['exploit'],1,2025-04-01T05:43:13+0000,39,0,C++,0,[]
SarahTindano/Projet---Ping-8,Etude et conception de tableaux pour installations électriques dans  des bâtiments à usage d’habitation intégrant la fonction  SELECTIVITE pour une exploitation plus rationnelle.,https://github.com/SarahTindano/Projet---Ping-8,['exploit'],1,2025-04-02T22:23:54+0000,1151,0,HTML,0,[]
WolfWorkz-zz/Credit-Card-Generator,🔥 Powerful Credit Card Gen 🔥,https://github.com/WolfWorkz-zz/Credit-Card-Generator,['exploit'],1,2025-04-01T09:37:31+0000,16,1,Go,0,[]
Olum1d3/Kioptrix-Level-2-PenTest-Report,"The report takes a deep dive into the kioptrix level 2 machine, analysing the opened ports, highlighting different vulnerabilities and recommending ways to prevent exploitation.",https://github.com/Olum1d3/Kioptrix-Level-2-PenTest-Report,['exploit'],1,2025-04-01T09:30:00+0000,3249,0,,0,[]
hazzzein/CVE-2024-10441,None,https://github.com/hazzzein/CVE-2024-10441,['cve-2 OR cve_2'],1,2025-04-01T08:38:07+0000,2,2,,0,['CVE-2024-10441']
LvL23HT/-Complete-XSS-Series-Red-Blue-Team-Guide,Cross-Site Scripting (XSS) allows attackers to execute arbitrary JavaScript in user browsers. It's still among the most exploited vulnerabilities today.,https://github.com/LvL23HT/-Complete-XSS-Series-Red-Blue-Team-Guide,['exploit'],1,2025-04-01T08:28:58+0000,3,2,,0,[]
abdelkhalek198/Legends-of-Elumia-Hack-Game-Bot-Auto-Farm-Clicker-Crypto-Elumia-Api-Cheat,Bot that automates farming and clicker activities in Legends of Elumia game. Includes integration with Elumia crypto and API support. Features hacks and cheats to optimize profit and enhance gameplay efficiency.,https://github.com/abdelkhalek198/Legends-of-Elumia-Hack-Game-Bot-Auto-Farm-Clicker-Crypto-Elumia-Api-Cheat,['exploit'],1,2025-04-01T10:53:18+0000,4,0,,0,[]
towet/ZERODAY,None,https://github.com/towet/ZERODAY,['zeroday'],1,2025-04-01T09:05:40+0000,62,0,TypeScript,0,[]
rootxsushant/CVE-2023-5561-POC-Updated,Updated POC for Unauth Post Author Email Disclosures WordPress CVE-2023-5561,https://github.com/rootxsushant/CVE-2023-5561-POC-Updated,"['cve poc', 'cve-2 OR cve_2']",2,2025-04-01T07:24:40+0000,5,0,Python,0,['CVE-2023-5561']
illusionsec/DDOS-archive,"Explore illusionsec DDOS Archive, featuring top-tier scanners, powerful botnets (Mirai & QBot) and other variants, high-impact exploits, advanced methods, and efficient sniffers. Ideal for cybersecurity professionals and researchers.",https://github.com/illusionsec/DDOS-archive,['exploit'],1,2025-04-02T13:25:28+0000,3914710,1,C,0,[]
stanne78/gh-actions-command-injection,None,https://github.com/stanne78/gh-actions-command-injection,['command injection'],1,2025-04-01T07:06:04+0000,0,0,,0,[]
ilikesn0w/turdus_m3rula_gui,GUI for turdus_m3rula SEP exploit,https://github.com/ilikesn0w/turdus_m3rula_gui,['exploit'],1,2025-04-02T11:48:03+0000,977,3,Python,0,[]
Pixelwarrior79/Exploits,None,https://github.com/Pixelwarrior79/Exploits,['exploit'],1,2025-04-01T06:17:48+0000,0,0,,0,[]
fortinet-fortisoar/solution-pack-outbreak-response-apache-tomcat-rce,None,https://github.com/fortinet-fortisoar/solution-pack-outbreak-response-apache-tomcat-rce,['rce'],1,2025-04-01T06:01:29+0000,0,0,,0,[]
azraeldeathangel/gyatloaderfromohio,"A  dynamic shellcode loader using Windows API, demonstrating memory allocation, shellcode injection, and multithreading techniques.",https://github.com/azraeldeathangel/gyatloaderfromohio,['shellcode'],1,2025-04-02T04:05:00+0000,2,0,C,0,[]
Adilkadri/Common-Ground-World-Crypto-Bot-Crypto-Game-Auto-Farm-Clicker-Cheat-Api,Bot that automates farming and clicker activities in Common Ground World game. Includes crypto integration and API support. Features cheats to maximize profits and improve gameplay efficiency.,https://github.com/Adilkadri/Common-Ground-World-Crypto-Bot-Crypto-Game-Auto-Farm-Clicker-Cheat-Api,['exploit'],1,2025-04-04T06:11:22+0000,4,0,,0,[]
wearohat/lucky13,Exploit for cve-2013-0169,https://github.com/wearohat/lucky13,['exploit'],1,2025-04-01T03:49:22+0000,5,0,Python,0,['CVE-2013-0169']
luckydonutGitHub/FiveM-External-Cheat-KeyAuth-System,"FiveM External cheat, offers various features like aimbot, triggerbot, exploits, and customizable settings, enhancing the gameplay experience.",https://github.com/luckydonutGitHub/FiveM-External-Cheat-KeyAuth-System,['exploit'],1,2025-04-01T05:44:08+0000,1128,0,C++,0,[]
anonymous-4869/VisPruner,Beyond Text-Visual Attention: Exploiting Visual Cues for Effective Token Pruning in VLMs,https://github.com/anonymous-4869/VisPruner,['exploit'],1,2025-04-01T14:39:32+0000,14427,0,Python,0,[]
cwm1123/CVE-2025-31129,None,https://github.com/cwm1123/CVE-2025-31129,['cve-2 OR cve_2'],1,2025-04-01T13:58:09+0000,5,0,Java,0,['CVE-2025-31129']
harish0x/CVE-2025-29602,None,https://github.com/harish0x/CVE-2025-29602,['cve-2 OR cve_2'],1,2025-04-01T17:06:51+0000,3897,0,,0,['CVE-2025-29602']
kHOUALH11/BlackoutADR-NS3-FANET,BlackoutADR: Exploiting Adaptive Data Rate Vulnerabilities in LoRaWAN-Based FANETs,https://github.com/kHOUALH11/BlackoutADR-NS3-FANET,['exploit'],1,2025-04-01T14:51:49+0000,12304,0,Jupyter Notebook,0,[]
Allegra5/kraft-cli,kraft-cli adds useful commands for better productivity and supports Rapid Injection Updates for quick flashing with the latest features.,https://github.com/Allegra5/kraft-cli,['command injection'],1,2025-04-02T16:11:25+0000,4,0,Batchfile,0,[]
Texas-Tim/ExploitationTechniques,"Hacking, Web Exploitation, Tools and Coding Vulnerabilities",https://github.com/Texas-Tim/ExploitationTechniques,['exploit'],1,2025-04-01T11:37:38+0000,3,0,PHP,0,[]
AxelBlois/E4_Systeme_D-exploitation,None,https://github.com/AxelBlois/E4_Systeme_D-exploitation,['exploit'],1,2025-04-01T14:46:54+0000,0,0,C,0,[]
c137v8/See-Serve-Payload,"Exploit for person, educational use",https://github.com/c137v8/See-Serve-Payload,['exploit'],1,2025-04-01T11:15:46+0000,16,0,,0,[]
LvL23HT/FAPA,"The Fake Access Point Attack Tool is a (PoC) designed to demonstrate the risks associated with connecting to ""free Wi-Fi"" access points. This tool simulates a malicious access point to lure victims and then allows you to execute various attacks such as Man",https://github.com/LvL23HT/FAPA,"['attack poc', 'vulnerability poc']",2,2025-04-01T12:22:01+0000,220,1,Python,0,[]
Maotalis/Educational-Game-Cheats,"This repository contains demo code showcasing the results of various game cheats such as wallhacks, aimbots, and other game exploits. The purpose is to provide a visual demonstration of how these cheats work within games. The code is shared for educational",https://github.com/Maotalis/Educational-Game-Cheats,['exploit'],1,2025-04-01T11:23:49+0000,10468,0,C++,0,[]
DRCDanilo/VL53L5CX_Library,This is a library in C language to use and exploit easily the data of the ToF (Time of Flying) VL53L5CX sensor developed by STMicroelectronics. This is the result of the project for the second year in the double degree program in ENSEA.,https://github.com/DRCDanilo/VL53L5CX_Library,['exploit'],1,2025-04-01T10:36:28+0000,4253,0,C,0,[]
DeividasTerechovas/SOC227-Microsoft-SharePoint-Server-Elevation-of-Privilege-Possible-CVE-2023-29357-Exploitation,None,https://github.com/DeividasTerechovas/SOC227-Microsoft-SharePoint-Server-Elevation-of-Privilege-Possible-CVE-2023-29357-Exploitation,"['cve-2 OR cve_2', 'exploit']",2,2025-04-01T11:36:15+0000,9,0,,0,['CVE-2023-29357']
MouseExploitSec/MouseExploitSec,None,https://github.com/MouseExploitSec/MouseExploitSec,['exploit'],1,2025-04-01T10:08:11+0000,2,0,,0,[]
brain1712/Metasploitable_Machine_2,None,https://github.com/brain1712/Metasploitable_Machine_2,['metasploit module OR payload'],1,2025-04-02T23:09:32+0000,1,0,,0,[]
TheRedP4nther/limesurvey-6.6.4-authenticated-rce,Authenticated RCE exploit for LimeSurvey 6.6.4 using a malicious plugin upload. Python script for ethical security testing.,https://github.com/TheRedP4nther/limesurvey-6.6.4-authenticated-rce,"['exploit', 'rce']",2,2025-04-01T12:55:24+0000,23,1,Python,1,[]
ramyardaneshgar/THM-Writeup-Windows-Privilege-Escalation,"Writeup for TryHackMe Windows Privilege Escalation Lab -  using tools like winPEAS, AccessChk, PrivescCheck, and secretsdump.py; with exploitation via schtasks, icacls, sc, reg save, and runas.",https://github.com/ramyardaneshgar/THM-Writeup-Windows-Privilege-Escalation,['exploit'],1,2025-04-01T09:47:53+0000,5,0,,0,[]
chouettevan/icy-iso,a linux live iso designed for reverse engineering and exploit development.,https://github.com/chouettevan/icy-iso,['exploit'],1,2025-04-02T00:18:01+0000,90,0,Shell,0,[]
JeanDavidGaj/DEV_ShellCode,None,https://github.com/JeanDavidGaj/DEV_ShellCode,['shellcode'],1,2025-04-01T18:37:48+0000,1,0,C,0,[]
RazAPIx64/Identity-Validator,Identity Validator for Roblox Exploits,https://github.com/RazAPIx64/Identity-Validator,['exploit'],1,2025-04-01T18:23:18+0000,0,0,Luau,0,[]
VINUVPOTTY/metasploitable-2,A security research and penetration testing project using Metasploitable-2,https://github.com/VINUVPOTTY/metasploitable-2,['metasploit module OR payload'],1,2025-04-01T17:21:32+0000,0,0,,0,[]
hyper1610/OfusPay,"✅ Automatically generate payloads (Metasploit, custom shellcode) ✅ Obfuscate the payloads (XOR, AES encryption, polymorphic techniques) ✅ Pack the payloads (Embed in images, executables, PowerShell scripts) ✅ Execute in memory (Reflective injection, shellc",https://github.com/hyper1610/OfusPay,"['metasploit module OR payload', 'shellcode']",2,2025-04-01T17:43:56+0000,0,0,Python,0,[]
kadriat/VulnEnrichmentPOC,None,https://github.com/kadriat/VulnEnrichmentPOC,['vuln poc'],1,2025-04-01T17:49:21+0000,19,0,Python,0,[]
alineduardiacoban/Metasploitable3,None,https://github.com/alineduardiacoban/Metasploitable3,['metasploit module OR payload'],1,2025-04-01T16:46:15+0000,0,0,,0,[]
saadoxo/Ethical-Hacking-Course-Notes-The-Cyber-Mentor,"Structured notes from The Cyber Mentor’s Ethical Hacking course on YouTube. This repository covers essential ethical hacking concepts, including networking fundamentals, reconnaissance, scanning, enumeration, exploitation, and more.  These notes serve as a",https://github.com/saadoxo/Ethical-Hacking-Course-Notes-The-Cyber-Mentor,['exploit'],1,2025-04-01T16:14:20+0000,0,0,,0,[]
alastair66/CVE-2025-29927,Next.js Middleware Bypass Vulnerability ,https://github.com/alastair66/CVE-2025-29927,['cve-2 OR cve_2'],1,2025-04-03T07:50:09+0000,10,0,JavaScript,0,['CVE-2025-29927']
ColaCaine/chromeos-exploitation,"Many resources for un-enrolling chromebooks have been taken down or limited. Kxtz' is being shut down due to lack of funding, GitHub is free, and so are some outside sources I have, I have planned out what I want to do, and am not releasing the website. It",https://github.com/ColaCaine/chromeos-exploitation,['exploit'],1,2025-04-01T16:53:09+0000,2564,0,HTML,0,[]
rufevean/picoCTF_web_exploitation,None,https://github.com/rufevean/picoCTF_web_exploitation,['exploit'],1,2025-04-04T09:35:47+0000,8,0,,0,[]
Lilith-VnK/SYNESTRA,"Systematic Yield for Network Exploitation, Threat Recon, and Attack Surface Mapping",https://github.com/Lilith-VnK/SYNESTRA,['exploit'],1,2025-04-02T16:01:27+0000,26,1,Python,0,[]
sunhuiHi666/CVE-2025-31125,Vite 任意文件读取漏洞POC,https://github.com/sunhuiHi666/CVE-2025-31125,"['cve poc', 'cve-2 OR cve_2']",2,2025-04-01T14:25:48+0000,5,1,Python,0,['CVE-2025-31125']
CyberSecurityUP/CVE-2025-0401,Privilege Escalation using Passwd,https://github.com/CyberSecurityUP/CVE-2025-0401,['cve-2 OR cve_2'],1,2025-04-03T22:18:01+0000,18,20,C,5,['CVE-2025-0401']
havils13/Metasploitable_Machine_2,None,https://github.com/havils13/Metasploitable_Machine_2,['metasploit module OR payload'],1,2025-04-01T13:57:50+0000,0,0,,0,[]
NiklasNesseler/leaky-flagment-exploit,None,https://github.com/NiklasNesseler/leaky-flagment-exploit,['exploit'],1,2025-04-01T14:07:12+0000,0,0,HTML,0,[]
maybugdanger1/Rocket-League-Exploit,Rocket League Hack 2025 Download with Instant Win and No Recoil,https://github.com/maybugdanger1/Rocket-League-Exploit,['exploit'],1,2025-04-02T01:07:54+0000,9,0,JavaScript,0,[]
VisualCodings/VisualSploit,None,https://github.com/VisualCodings/VisualSploit,"['exploit', 'rce', 'sploit']",3,2025-04-02T00:25:59+0000,4382,1,C#,0,[]
genigaek/darknet-exploit,None,https://github.com/genigaek/darknet-exploit,['exploit'],1,2025-04-02T00:08:26+0000,4,0,HTML,0,[]
sriyayay/shellcode,None,https://github.com/sriyayay/shellcode,['shellcode'],1,2025-04-02T01:45:58+0000,12,0,C,0,[]
congdong007/CVE-2024-50623-poc,None,https://github.com/congdong007/CVE-2024-50623-poc,"['cve poc', 'cve-2 OR cve_2']",2,2025-04-01T23:07:24+0000,1,0,Python,0,['CVE-2024-50623']
yagayahani/remote-code-execution,None,https://github.com/yagayahani/remote-code-execution,['remote code execution'],1,2025-04-01T22:29:13+0000,0,0,,0,[]
BecodoExploit-mrCAT/SAPGateBreaker-Exploit,"SAPGateBreaker is a PoC exploit for CVE-2022-22536, a critical HTTP Request Smuggling vulnerability in SAP NetWeaver. It demonstrates how to bypass ACLs by desynchronizing request parsing between ICM and backend services using crafted Content-Length-based ",https://github.com/BecodoExploit-mrCAT/SAPGateBreaker-Exploit,"['cve poc', 'exploit', 'vulnerability poc']",3,2025-04-02T00:18:06+0000,40,0,Python,0,['CVE-2022-22536']
JonahWeinbaum/hammer-time,Row-hammer exploitation techniques,https://github.com/JonahWeinbaum/hammer-time,['exploit'],1,2025-04-01T21:27:32+0000,0,0,Makefile,0,[]
Touati22Mohamed1Amine/Web-Exploitation,None,https://github.com/Touati22Mohamed1Amine/Web-Exploitation,['exploit'],1,2025-04-01T21:19:49+0000,0,0,,0,[]
Maribel0370/CTF_TryHackMe_Machine_Violet_Team,"This repository contains our notes, exploits, and strategies for solving the CTF machine on TryHackMe. Our goal is to document the attack process, share knowledge, and improve our cybersecurity skills as a team. 🚀💀",https://github.com/Maribel0370/CTF_TryHackMe_Machine_Violet_Team,['exploit'],1,2025-04-03T09:59:02+0000,6545,0,,0,[]
zedsec33/ZedSec--AutoPwn-Tools,"Collection of automated recon, scanning, and exploitation tools built by ZedSec for ethical hacking and bug bounty testing.",https://github.com/zedsec33/ZedSec--AutoPwn-Tools,['exploit'],1,2025-04-01T21:53:34+0000,231,0,Shell,0,[]
moderoemello/redd0g,"an autonomous AI-powered red team agent designed for offensive security operations. It simulates real-world adversaries, performs automated reconnaissance, exploits weaknesses, and adapts to defenses in real time.",https://github.com/moderoemello/redd0g,['exploit'],1,2025-04-01T20:04:32+0000,0,0,,0,[]
RobertoDure/springboot-mcp-exploiter,SpringBoot MCP Server to Exploit Vulnerabilities ,https://github.com/RobertoDure/springboot-mcp-exploiter,['exploit'],1,2025-04-01T20:00:54+0000,0,0,,0,[]
nyctophile0969/CVE-2025-29927,None,https://github.com/nyctophile0969/CVE-2025-29927,['cve-2 OR cve_2'],1,2025-04-01T20:14:33+0000,63,0,JavaScript,0,['CVE-2025-29927']
revloper24/Exploit,None,https://github.com/revloper24/Exploit,['exploit'],1,2025-04-01T19:22:13+0000,6,0,Lua,0,[]
BilalGns/CVE-2025-29927,Next.js CVE-2025-29927 güvenlik açığı hakkında,https://github.com/BilalGns/CVE-2025-29927,['cve-2 OR cve_2'],1,2025-04-01T19:12:38+0000,1,0,,0,['CVE-2025-29927']
0xshaheen/CVE-2025-30208,None,https://github.com/0xshaheen/CVE-2025-30208,['cve-2 OR cve_2'],1,2025-04-02T04:32:03+0000,7,0,Python,0,['CVE-2025-30208']
dader34/roblox-control-panel,"Control panel for roblox exploits, mostly generated by claude 3.7",https://github.com/dader34/roblox-control-panel,['exploit'],1,2025-04-02T04:24:02+0000,506,0,,0,[]
codingco1/PDF-SILENT-EXPLOIT-CLEAN-r,None,https://github.com/codingco1/PDF-SILENT-EXPLOIT-CLEAN-r,['exploit'],1,2025-04-02T04:01:49+0000,2,1,,0,[]
codingco1/JPG-Silent-Exploit-NEW-r,None,https://github.com/codingco1/JPG-Silent-Exploit-NEW-r,['exploit'],1,2025-04-02T04:00:40+0000,2,1,,0,[]
azraeldeathangel/xor_execution,"A dynamic shellcode loader using XOR encryption for obfuscation, demonstrating memory allocation, shellcode decryption, and execution via Windows APIs.",https://github.com/azraeldeathangel/xor_execution,['shellcode'],1,2025-04-02T04:00:46+0000,3,0,C,0,[]
tuo4n8/CVE-2023-22047,Leveraging arbitrary file read to RCE on Oracle PeopleSoft,https://github.com/tuo4n8/CVE-2023-22047,"['cve-2 OR cve_2', 'rce']",2,2025-04-02T03:56:30+0000,168,0,,0,['CVE-2023-22047']
bauxiteDYS/SM-NT-Comp-Rejoin-Fix,Sourcemod plugin for Neotokyo that fixes some exploits with rejoining the server in the spawn period,https://github.com/bauxiteDYS/SM-NT-Comp-Rejoin-Fix,['exploit'],1,2025-04-02T05:55:13+0000,18,0,SourcePawn,0,[]
itssixtyn3in/CVE-2025-412027,None,https://github.com/itssixtyn3in/CVE-2025-412027,['cve-2 OR cve_2'],1,2025-04-02T02:55:43+0000,3,0,,0,['CVE-2025-412027']
itssixtyn3in/CVE-2025-412026,None,https://github.com/itssixtyn3in/CVE-2025-412026,['cve-2 OR cve_2'],1,2025-04-02T02:52:40+0000,3,0,,0,['CVE-2025-412026']
itssixtyn3in/CVE-2025-412025,None,https://github.com/itssixtyn3in/CVE-2025-412025,['cve-2 OR cve_2'],1,2025-04-02T02:50:08+0000,3,0,,0,['CVE-2025-412025']
Firerey12/tf-exploit,None,https://github.com/Firerey12/tf-exploit,['exploit'],1,2025-04-02T02:37:46+0000,88,0,,0,[]
archerlium/Pentest__exam_project,"Conduct a penetration test on an intentionally vulnerable virtual machine provided by the course staff, the VM contains various common vulnerabilities found in real-world scenarios. Tasked with identifying and exploiting these vulnerabilities, thoroughly d",https://github.com/archerlium/Pentest__exam_project,['exploit'],1,2025-04-02T02:37:53+0000,2883,0,,0,[]
rara2tact/Exploit-GUI-Test,Just an experiment,https://github.com/rara2tact/Exploit-GUI-Test,['exploit'],1,2025-04-03T01:56:18+0000,43,1,,0,[]
Cychronex/ExploitJourney,None,https://github.com/Cychronex/ExploitJourney,['exploit'],1,2025-04-02T02:02:32+0000,0,0,,0,[]
Nxploited/CVE-2025-2005, WordPress Front End Users Plugin <= 3.2.32 is vulnerable to Arbitrary File Upload ,https://github.com/Nxploited/CVE-2025-2005,['cve-2 OR cve_2'],1,2025-04-02T03:45:34+0000,12,0,,0,['CVE-2025-2005']
poxmetolog3754/Repo-Exploit-Tool, Repo Golden Key Generator – Unlock Hidden Features Instantly ,https://github.com/poxmetolog3754/Repo-Exploit-Tool,['exploit'],1,2025-04-02T01:42:53+0000,10,0,Java,0,[]
nitishplay/FiveM-External-Cheat-KeyAuth-System,"FiveM External cheat, offers various features like aimbot, triggerbot, exploits, and customizable settings, enhancing the gameplay experience.",https://github.com/nitishplay/FiveM-External-Cheat-KeyAuth-System,['exploit'],1,2025-04-02T09:05:30+0000,45,1,C++,0,[]
anonymous-4869/VisPruner,Beyond Text-Visual Attention: Exploiting Visual Cues for Effective Token Pruning in VLMs,https://github.com/anonymous-4869/VisPruner,['exploit'],1,2025-04-02T08:53:31+0000,4143,0,Python,0,[]
todome2/improved-happiness,KDMapper is a simple tool that exploits iqvw64e.sys Intel driver to manually map non-signed drivers in memory,https://github.com/todome2/improved-happiness,['exploit'],1,2025-04-02T08:34:41+0000,0,0,,0,[]
89999892/kokodeeplinkpoc,this is a poc for deeplink vuln for meapal intern app,https://github.com/89999892/kokodeeplinkpoc,['vuln poc'],1,2025-04-02T08:04:53+0000,99,0,Java,0,[]
KingD10100/Project4-Bootcon-ExploitingWordPressRisks,Exploiting WordPress Risks,https://github.com/KingD10100/Project4-Bootcon-ExploitingWordPressRisks,['exploit'],1,2025-04-02T07:57:10+0000,7036,0,,0,[]
ubaydev/CVE-2025-2594,User Registration & Membership <= 4.1.2 - Authentication Bypass,https://github.com/ubaydev/CVE-2025-2594,['cve-2 OR cve_2'],1,2025-04-02T07:47:05+0000,121,0,,0,['CVE-2025-2594']
wbfoss/mcp-poisoning-poc,This repository demonstrates a variety of **MCP Poisoning Attacks** affecting real-world AI agent workflows.,https://github.com/wbfoss/mcp-poisoning-poc,['attack poc'],1,2025-04-02T07:37:41+0000,13,3,Python,0,[]
longhoangth18/RCE_DLL,None,https://github.com/longhoangth18/RCE_DLL,['rce'],1,2025-04-02T07:33:18+0000,5,0,C,0,[]
TadeoDelaRocha/Trace,"TRACE (Targeted Reconnaissance for Advanced Content Exploitation) is a penetration testing tool designed to manage and analyze projects associated with specific IP addresses. This repository serves as the collaborative work of Teams 8, 12, and 15.",https://github.com/TadeoDelaRocha/Trace,['exploit'],1,2025-04-03T05:59:57+0000,18386,0,Python,0,[]
DukeSec97/PoC-0day-7-Zip,None,https://github.com/DukeSec97/PoC-0day-7-Zip,['0day'],1,2025-04-02T06:32:13+0000,6,0,C,0,[]
jucomogl/ip_exploit,tool to be used to expose  public ip address of the victim,https://github.com/jucomogl/ip_exploit,['exploit'],1,2025-04-02T06:13:59+0000,0,0,,0,[]
sumeet-darekar/CVE-2025-30208,mass scan for CVE-2025-30208,https://github.com/sumeet-darekar/CVE-2025-30208,['cve-2 OR cve_2'],1,2025-04-02T06:09:49+0000,9,0,Python,0,['CVE-2025-30208']
owenkerrisk/Penetration-Testing-using-Kali-Metasploit-,None,https://github.com/owenkerrisk/Penetration-Testing-using-Kali-Metasploit-,['metasploit module OR payload'],1,2025-04-03T15:19:33+0000,15775,0,,0,[]
Naveen-005/Next.Js-middleware-bypass-vulnerability-CVE-2025-29927,A basic proof of concept of the CVE-2025-29927 vulnerability that allows to bypass the middleware scripts.,https://github.com/Naveen-005/Next.Js-middleware-bypass-vulnerability-CVE-2025-29927,['cve-2 OR cve_2'],1,2025-04-02T05:20:25+0000,0,0,JavaScript,0,['CVE-2025-29927']
Davidkia7/Unrestricted-Fee-Drain-Vulnerability-PoC,None,https://github.com/Davidkia7/Unrestricted-Fee-Drain-Vulnerability-PoC,"['vuln poc', 'vulnerability poc']",2,2025-04-02T06:26:33+0000,18,0,Solidity,0,[]
geom3tr1k/rce,None,https://github.com/geom3tr1k/rce,['rce'],1,2025-04-02T05:10:39+0000,0,0,,0,[]
deathgamez535/RespectPasswordCracker,Instagram bruteforce exploit module it was only for  education pourpouses,https://github.com/deathgamez535/RespectPasswordCracker,['exploit'],1,2025-04-02T15:02:49+0000,45,0,Python,0,[]
gglva/cms-scan-framework,"Modular Python framework for automated CMS detection, vulnerability scanning, and exploitation.",https://github.com/gglva/cms-scan-framework,['exploit'],1,2025-04-02T13:22:08+0000,16,0,Python,0,[]
LakshmananGanesan007/vulnerability-checker,"Detect, analyze, and fix security flaws before hackers exploit them. Stay ahead with powerful scanning & real-time protection.",https://github.com/LakshmananGanesan007/vulnerability-checker,['exploit'],1,2025-04-02T13:15:17+0000,10,0,CSS,0,[]
G4sp4rCS/htb-sau-automated,SSRF CVE-2023-27163 + maltrail vuln RCE,https://github.com/G4sp4rCS/htb-sau-automated,['rce'],1,2025-04-02T12:36:56+0000,1,0,Python,0,['CVE-2023-27163']
Emma-3008/Green-Growth-in-Africa,"Africa's abundant natural resources and renewable energy potential offer long-term prosperity. However, the continent faces several hurdles in efficiently exploiting these resources. This study examines the prospects for sustainable growth in Africa, focus",https://github.com/Emma-3008/Green-Growth-in-Africa,['exploit'],1,2025-04-02T12:49:39+0000,4,0,,0,[]
Loricko9/ft_malcolm,"The first network security project, we need to exploit a flaw of the ARP and recode the Man in the Middle attacks",https://github.com/Loricko9/ft_malcolm,['exploit'],1,2025-04-03T16:23:13+0000,5,0,C,0,[]
danielquehui1213/experiment-exploit-android,new exploit,https://github.com/danielquehui1213/experiment-exploit-android,['exploit'],1,2025-04-02T11:58:49+0000,11,0,,0,[]
za233/NeacController,Exploit vulnerabilities in NeacSafe64.sys to achieve privilege escalation and kernel-mode shellcode execution,https://github.com/za233/NeacController,"['exploit', 'shellcode']",2,2025-04-02T14:41:12+0000,5540,7,C++,3,[]
phtuanthanh/PostgreSQL-to-RCE-only-select,None,https://github.com/phtuanthanh/PostgreSQL-to-RCE-only-select,['rce'],1,2025-04-02T11:20:51+0000,8,0,Python,0,[]
PuttiChandana/loanRCE,None,https://github.com/PuttiChandana/loanRCE,['rce'],1,2025-04-02T11:17:38+0000,8,0,Python,0,[]
uthrasri/CVE-2024,None,https://github.com/uthrasri/CVE-2024,['cve-2 OR cve_2'],1,2025-04-02T11:21:56+0000,83,0,C,0,[]
NicelyCla/exploit_GMSA_MANAGER,prepare msDS-GroupMSAMembership for use gMSADumper.py,https://github.com/NicelyCla/exploit_GMSA_MANAGER,['exploit'],1,2025-04-02T10:59:04+0000,13,0,Python,0,[]
uthrasri/Expat_2.6.2_CVE-2024-8176,None,https://github.com/uthrasri/Expat_2.6.2_CVE-2024-8176,['cve-2 OR cve_2'],1,2025-04-02T10:53:50+0000,78,0,C,0,['CVE-2024-8176']
Ephraim67/Picco-CTF-Web-Exploitation,None,https://github.com/Ephraim67/Picco-CTF-Web-Exploitation,['exploit'],1,2025-04-02T10:05:47+0000,0,0,,0,[]
0Phonlakit/UltraTech-CTF-Exploit,This repository contains a Proof of Concept (PoC) for the UltraTech CTF on TryHackMe.,https://github.com/0Phonlakit/UltraTech-CTF-Exploit,['exploit'],1,2025-04-03T08:45:05+0000,1392,0,,0,[]
nitishplay/FiveMExternalCheat,"FiveM External cheat, offers various features like aimbot, triggerbot, exploits, and customizable settings, enhancing the gameplay experience.",https://github.com/nitishplay/FiveMExternalCheat,['exploit'],1,2025-04-02T09:06:09+0000,45,1,C++,0,[]
NotItsSixtyN3in/CVE-2025-422031,None,https://github.com/NotItsSixtyN3in/CVE-2025-422031,['cve-2 OR cve_2'],1,2025-04-02T17:18:58+0000,0,0,,0,['CVE-2025-422031']
NotItsSixtyN3in/CVE-2025-422030,None,https://github.com/NotItsSixtyN3in/CVE-2025-422030,['cve-2 OR cve_2'],1,2025-04-02T17:15:22+0000,0,0,,0,['CVE-2025-422030']
NotItsSixtyN3in/CVE-2025-422029,None,https://github.com/NotItsSixtyN3in/CVE-2025-422029,['cve-2 OR cve_2'],1,2025-04-02T17:12:27+0000,0,0,,0,['CVE-2025-422029']
NotItsSixtyN3in/CVE-2024-422028,None,https://github.com/NotItsSixtyN3in/CVE-2024-422028,['cve-2 OR cve_2'],1,2025-04-02T17:10:38+0000,0,0,,0,['CVE-2024-422028']
NotItsSixtyN3in/CVE-2025-422027,None,https://github.com/NotItsSixtyN3in/CVE-2025-422027,['cve-2 OR cve_2'],1,2025-04-02T17:17:44+0000,0,0,,0,['CVE-2025-422027']
Gokul-Krishnan-V-R/cve-2025-29927,Next.js and the corrupt middleware,https://github.com/Gokul-Krishnan-V-R/cve-2025-29927,['cve-2 OR cve_2'],1,2025-04-02T17:03:36+0000,0,0,TypeScript,0,['CVE-2025-29927']
NotItsSixtyN3in/CVE-2025-422026,None,https://github.com/NotItsSixtyN3in/CVE-2025-422026,['cve-2 OR cve_2'],1,2025-04-02T16:56:42+0000,0,0,,0,['CVE-2025-422026']
NotItsSixtyN3in/CVE-2025-422025,None,https://github.com/NotItsSixtyN3in/CVE-2025-422025,['cve-2 OR cve_2'],1,2025-04-02T16:55:29+0000,0,0,,0,['CVE-2025-422025']
Khalidhaimur/Searchor-2.4.0-POC-Exploit,None,https://github.com/Khalidhaimur/Searchor-2.4.0-POC-Exploit,['exploit'],1,2025-04-02T16:26:51+0000,3,0,,0,[]
btushit/JJSploit-executor,"JJSploit Executor is changing Roblox scripting, offering advanced features and top support. With JJSploit Executor, users get a seamless experience. Best of all, JJSploit Executor is completely free!",https://github.com/btushit/JJSploit-executor,['exploit'],1,2025-04-02T17:20:02+0000,155,0,,0,[]
corsisechero/CVE-2019-9193byVulHub,None,https://github.com/corsisechero/CVE-2019-9193byVulHub,['cve-2 OR cve_2'],1,2025-04-02T16:06:10+0000,7,0,,0,['CVE-2019-9193']
AmritanshTiwari2160/Vulnerability-Assessment-Web-App,"A vulnerability scanner that effectively detects common security flaws such as SQL Injection, XSS, OS Command Injection, SSRF, CSRF, and File Inclusion.",https://github.com/AmritanshTiwari2160/Vulnerability-Assessment-Web-App,['command injection'],1,2025-04-02T16:49:42+0000,399,1,Python,0,[]
corsisechero/CVE-2020-13942byVulHub,None,https://github.com/corsisechero/CVE-2020-13942byVulHub,['cve-2 OR cve_2'],1,2025-04-02T15:56:33+0000,3,0,,0,['CVE-2020-13942']
bhukya-pavan/TryHackme-0day,None,https://github.com/bhukya-pavan/TryHackme-0day,['0day'],1,2025-04-02T17:22:09+0000,226,0,,0,[]
Nanxsec/oscmd,script automatizado para testes de OS Command Injection em urls!,https://github.com/Nanxsec/oscmd,['command injection'],1,2025-04-02T15:50:43+0000,30,0,Python,0,[]
noireoner/Vulnerando-metasploitable2,"Vulnerando maquina metasploitable2 con msfconsole hacia los puertos 21,445 y sus vulnerabilidades .",https://github.com/noireoner/Vulnerando-metasploitable2,['metasploit module OR payload'],1,2025-04-02T14:57:33+0000,500,0,,0,[]
bsheehan3117/buffer_overflow_canary,BOF exploit that leaks the canary protection values bit by bit.  Local or remote exploit.,https://github.com/bsheehan3117/buffer_overflow_canary,['exploit'],1,2025-04-03T04:12:02+0000,1,0,Python,0,[]
PaarthAsri/beef-exploitation,"🔍 BeEF Browser Exploitation – Ethical Hacking Demonstrates browser exploitation using BeEF to hook and control vulnerable browsers. Includes session hijacking, keylogging, phishing, and Metasploit integration.  ⚠️ For educational purposes only.  🔹 Tools: B",https://github.com/PaarthAsri/beef-exploitation,"['exploit', 'metasploit module OR payload']",2,2025-04-03T05:15:48+0000,1440,0,HTML,0,[]
john-ledet/fuzzing,1. Create a vulnerable application (to any vulnerability).  2. Run AFL on it and demonstrate how AFL identifies the vulnerability.  3. Show how to exploit the identified vulnerability.,https://github.com/john-ledet/fuzzing,['exploit'],1,2025-04-03T03:58:53+0000,38,0,C++,0,[]
WOOOOONG/CVE-2025-2825,None,https://github.com/WOOOOONG/CVE-2025-2825,['cve-2 OR cve_2'],1,2025-04-03T01:23:56+0000,5,0,Shell,0,['CVE-2025-2825']
4niveah/Ethical-Penetration-Testing-CSS-578,"Methodologies and technologies for penetration testing of systems and networks are explored. Specific topics will include information gathering, network scanning, web application penetration testing, wireless penetration testing, and exploitation.",https://github.com/4niveah/Ethical-Penetration-Testing-CSS-578,['exploit'],1,2025-04-03T00:45:07+0000,1,0,,0,[]
DoTTak/CVE-2025-31864,PoC of CVE-2025-31864,https://github.com/DoTTak/CVE-2025-31864,"['cve poc', 'cve-2 OR cve_2']",2,2025-04-03T00:43:51+0000,4699,0,,0,['CVE-2025-31864']
DoTTak/CVE-2025-30921,PoC of CVE-2025-30921,https://github.com/DoTTak/CVE-2025-30921,"['cve poc', 'cve-2 OR cve_2']",2,2025-04-03T00:35:48+0000,1432,0,,0,['CVE-2025-30921']
Zephiles/fifa2002-exploit,A FIFA 2002 (also called FIFA Soccer 2002 in the US) Save Exploit,https://github.com/Zephiles/fifa2002-exploit,['exploit'],1,2025-04-03T01:42:48+0000,17,0,C,0,[]
Vines0hi/VinesSploit,nan,https://github.com/Vines0hi/VinesSploit,['sploit'],1,2025-04-02T21:34:12+0000,0,0,,0,[]
martinsleveland/windowsRCE,not complete yet,https://github.com/martinsleveland/windowsRCE,['rce'],1,2025-04-02T20:57:50+0000,3,1,Shell,0,[]
Ade-nik3/Metasploitable_Machine_2,None,https://github.com/Ade-nik3/Metasploitable_Machine_2,['metasploit module OR payload'],1,2025-04-02T19:13:16+0000,0,0,,0,[]
setwith/OWASP-Application-Security-Risks,Ruby on Rails project showcasing exploitable examples of each OWASP Top 10 (2021) security risk.,https://github.com/setwith/OWASP-Application-Security-Risks,['exploit'],1,2025-04-02T21:20:03+0000,52,0,Ruby,0,[]
KrakenEU/MimiLoader,Adapted PE Loader to load a rc4 encrypted mimikatz shellcode into memory with specified arguments before exiting.,https://github.com/KrakenEU/MimiLoader,['shellcode'],1,2025-04-02T19:05:59+0000,20880,3,C,2,[]
kamu31/Python-metasploitable-pentesting-,Python metasploitable pentesting ,https://github.com/kamu31/Python-metasploitable-pentesting-,['metasploit module OR payload'],1,2025-04-02T18:35:31+0000,1,1,,0,[]
masjadaan/KernelExploitation,None,https://github.com/masjadaan/KernelExploitation,['exploit'],1,2025-04-02T17:33:32+0000,0,0,C,0,[]
Gxnnar/Exploit,None,https://github.com/Gxnnar/Exploit,['exploit'],1,2025-04-02T17:31:26+0000,0,0,JavaScript,0,[]
TanayTyagi/exploit-tracker,This Python-based GUI application allows you to track the latest security vulnerabilities (CVEs) using the,https://github.com/TanayTyagi/exploit-tracker,['exploit'],1,2025-04-03T16:51:36+0000,15,4,Python,1,[]
tl2cents/CTF-Writeups,"Archive writeups or exploits of challenges in ctf, mainly crypto and blockchain.",https://github.com/tl2cents/CTF-Writeups,['exploit'],1,2025-04-04T07:22:10+0000,7007,1,Python,0,[]
tulsi2905/farmer-to-consumer-marketplace-price-prediction-system,"A Farmer-to-Consumer Marketplace Price Prediction System uses machine learning to forecast agricultural prices based on historical trends, weather, and supply-demand data. It helps farmers set fair prices and enables consumers to make informed purchases, i",https://github.com/tulsi2905/farmer-to-consumer-marketplace-price-prediction-system,['exploit'],1,2025-04-03T10:56:24+0000,1,0,,0,[]
Amos1109/STPG,Exploiting Minority Pseudo-Labels for Semi-Supervised Semantic Segmentation in Autonomous Driving,https://github.com/Amos1109/STPG,['exploit'],1,2025-04-03T10:22:14+0000,1991,0,Python,0,[]
AdityaBhatt3010/PixelPhantomX,"PixelPhantomX is an image obfuscation tool designed to disrupt AI model training by injecting adversarial noise, distortions, and metadata poisoning to protect artists' work from unauthorized scraping and exploitation.",https://github.com/AdityaBhatt3010/PixelPhantomX,['exploit'],1,2025-04-03T10:09:00+0000,12,1,,0,[]
fierrl1/SkriptGG,"Offrant le meilleur menu de mods FiveM, RageMP, Alt-V, GTA V non détecté pour le PvP et avec des exploits jamais vus auparavant et plus de triches de jeu multijoueur.",https://github.com/fierrl1/SkriptGG,['exploit'],1,2025-04-03T09:47:49+0000,43,1,C++,0,[]
Ali-Mashni/ICS344-Course-Project,"Security project for ICS344: Service exploitation, SIEM analysis, and defense simulation.",https://github.com/Ali-Mashni/ICS344-Course-Project,['exploit'],1,2025-04-03T09:28:16+0000,2,0,,0,[]
Adiorahonu1/Web-penetration-testing-zap-bwapp,"Web Penetration Testing with OWASP ZAP & bWAPP – This project demonstrates how to identify and exploit SQL Injection (SQLi) and Cross-Site Scripting (XSS) vulnerabilities using OWASP ZAP in a Dockerized bWAPP environment. It includes a step-by-step setup, ",https://github.com/Adiorahonu1/Web-penetration-testing-zap-bwapp,['exploit'],1,2025-04-03T13:16:39+0000,8773,0,,0,[]
TeslaD111/exploitable,None,https://github.com/TeslaD111/exploitable,['exploit'],1,2025-04-03T13:23:00+0000,64,0,HTML,0,[]
Hajeebola/metasploitable_machine_2,None,https://github.com/Hajeebola/metasploitable_machine_2,['metasploit module OR payload'],1,2025-04-03T10:16:04+0000,18,0,,0,[]
1ucky7/cve-2025-22223-demo-1.0.0,cve-2025-22223 漏洞复现,https://github.com/1ucky7/cve-2025-22223-demo-1.0.0,['cve-2 OR cve_2'],1,2025-04-03T07:32:57+0000,0,0,,0,['CVE-2025-22223']
Harshithagarapati19/loan-app-rce,None,https://github.com/Harshithagarapati19/loan-app-rce,['rce'],1,2025-04-03T06:51:39+0000,15,0,Python,0,[]
jahnavi920/Loan-app-rce,None,https://github.com/jahnavi920/Loan-app-rce,['rce'],1,2025-04-03T06:55:14+0000,16,0,Python,0,[]
ernst-schwaiger/CyberSecurity,Exploiting vulnerable applications,https://github.com/ernst-schwaiger/CyberSecurity,['exploit'],1,2025-04-03T06:00:55+0000,0,0,Python,0,[]
Vignesh142004/Security_Testing_Task_Reports,Here You can find the Web Vulnerability and how they can be exploited.,https://github.com/Vignesh142004/Security_Testing_Task_Reports,['exploit'],1,2025-04-03T05:14:09+0000,0,0,,0,[]
bsheehan3117/buffer_overflow_shellcode,"Buffer overflow exploit remote, with nop sled and reverse shell ",https://github.com/bsheehan3117/buffer_overflow_shellcode,"['exploit', 'shellcode']",2,2025-04-03T04:16:40+0000,0,0,,0,[]
nitinscodehub/testfire.net-hack-challenge-exploit,None,https://github.com/nitinscodehub/testfire.net-hack-challenge-exploit,['exploit'],1,2025-04-03T14:19:21+0000,1113,0,,0,[]
kingcowboypcman/crabgame-exploit,Crab Game Hack 2025 - Download Free Cheats & Aimbot for Windows,https://github.com/kingcowboypcman/crabgame-exploit,['exploit'],1,2025-04-03T14:09:44+0000,8,0,,0,[]
rubakpatootie1482/code-repo-exploit,Repo Hack 2025: Windows Apps Download Hub,https://github.com/rubakpatootie1482/code-repo-exploit,['exploit'],1,2025-04-03T14:02:13+0000,8,0,,0,[]
sliper1768/CoD3-Exploit,Cod Warzone 3 Hack 2025 - One-Click Install & Auto Update,https://github.com/sliper1768/CoD3-Exploit,['exploit'],1,2025-04-03T14:01:03+0000,8,0,,0,[]
cboss43/CVE-2024-25600,Unauthenticated RCE exploit for CVE-2024-25600 in WordPress Bricks Builder <= 1.9.6. Executes arbitrary code remotely.,https://github.com/cboss43/CVE-2024-25600,"['cve poc', 'cve-2 OR cve_2', 'exploit', 'rce', 'rce poc']",5,2025-04-03T16:51:59+0000,16,0,Python,0,['CVE-2024-25600']
nikerellab/ModimSEDC,"Codes and files related to the paper, ""Multi-omic Data Integration and Exploiting Metabolic Models using Systems Biology Approach Increase Precision in Subtyping and Early Diagnosis of Cancer""",https://github.com/nikerellab/ModimSEDC,['exploit'],1,2025-04-03T13:46:34+0000,0,0,,0,[]
frampslowbang81953/Arceus-Executor,"Arceus X Exploit & Executor is a universal cheating tool that allows users to activate various cheats, scripts, and hacks within the mobile version of Roblox, available on Android and iOS devices. This program offers a wide range of functions to select fro",https://github.com/frampslowbang81953/Arceus-Executor,['exploit'],1,2025-04-03T19:07:45+0000,2,0,,0,[]
lfdy-sunvalley/rce2025try,None,https://github.com/lfdy-sunvalley/rce2025try,['rce'],1,2025-04-03T13:14:47+0000,22,0,,0,[]
fallenangel84367/Roblox-Incognito,"Incognito is a Roblox script executor known for its user-friendly interface and support for executing Lua scripts, providing enhanced gameplay and automation features. Regular updates ensure compatibility with Roblox's latest changes, though using it risks",https://github.com/fallenangel84367/Roblox-Incognito,['exploit'],1,2025-04-03T13:07:59+0000,3,0,,0,[]
wotparadox13469/JJsploit,"JJSploit, now available for free, is a widely-used Roblox exploit favored for its simplicity and accessibility. With the ability to execute Lua scripts, it enables users to customize their gaming experience, though users should remain vigilant about potent",https://github.com/wotparadox13469/JJsploit,['exploit'],1,2025-04-03T13:08:25+0000,4,0,,0,[]
mailysv1/Syst-me-d-exploitation-,None,https://github.com/mailysv1/Syst-me-d-exploitation-,['exploit'],1,2025-04-03T11:58:35+0000,37,0,C,0,[]
ethanhazel12/Syst-me-d-exploitation,None,https://github.com/ethanhazel12/Syst-me-d-exploitation,['exploit'],1,2025-04-03T11:58:32+0000,34,0,C,0,[]
mailysv1/Syst-me-d-exploitation,None,https://github.com/mailysv1/Syst-me-d-exploitation,['exploit'],1,2025-04-03T11:52:01+0000,0,0,,0,[]
4m3rr0r/CVE-2025-30208-PoC,CVE-2025-30208 - Vite Arbitrary File Read PoC,https://github.com/4m3rr0r/CVE-2025-30208-PoC,"['cve poc', 'cve-2 OR cve_2', 'exploit']",3,2025-04-03T15:06:22+0000,10,0,Python,0,['CVE-2025-30208']
bazhahei123/CVE,CVE poc here,https://github.com/bazhahei123/CVE,['cve poc'],1,2025-04-03T11:41:39+0000,115,0,,0,[]
aascedu/rainfall,This project is an introduction to the exploitation of (elf-like) binary.,https://github.com/aascedu/rainfall,['exploit'],1,2025-04-03T11:27:18+0000,0,0,,0,[]
MuhammadWaseem29/CVE-2025-24799,None,https://github.com/MuhammadWaseem29/CVE-2025-24799,['cve-2 OR cve_2'],1,2025-04-03T17:03:49+0000,0,0,Python,0,['CVE-2025-24799']
Dharshini-CyberSecurity/CyberSecurity-Projects,"This repository contains various Cyber Security scripts and tools related to ethical hacking, penetration testing, and network security. It includes reconnaissance techniques, exploitation methods and post-exploitation techniques. These scripts are for EDU",https://github.com/Dharshini-CyberSecurity/CyberSecurity-Projects,['exploit'],1,2025-04-04T09:46:33+0000,1,0,Python,0,[]
dk0m/HerpaderpLib,An Easy To Use Process Herpaderping Library Tailored For Malware & Exploits.,https://github.com/dk0m/HerpaderpLib,['exploit'],1,2025-04-03T17:04:23+0000,86,0,C++,0,[]
smalien/vuln-mgmt-POC,Vulnerability management automation proof-of-concept,https://github.com/smalien/vuln-mgmt-POC,"['vuln poc', 'vulnerability poc']",2,2025-04-03T17:22:23+0000,9,0,Python,0,[]
moneycashiron4911/BrookHaven-NoCooldown,Roblox BrookHaven Script - Best Free Exploit for Windows 2025,https://github.com/moneycashiron4911/BrookHaven-NoCooldown,['exploit'],1,2025-04-03T15:57:52+0000,8,0,,0,[]
Kalpeshdhamanse/Jangow,"Jangow is a CTF machine that tests penetration testing skills by exploiting vulnerabilities in FTP and HTTP. Users perform network scanning, web exploitation, and privilege escalation using command injection and Dirty COW to gain root access and retrieve f",https://github.com/Kalpeshdhamanse/Jangow,"['command injection', 'exploit']",2,2025-04-03T15:26:26+0000,1827,0,,0,[]
clod2000/Mueller-Brown-exploration,Folder containing the codes used to exploit Mueller-Brown potential,https://github.com/clod2000/Mueller-Brown-exploration,['exploit'],1,2025-04-03T16:42:16+0000,0,0,Jupyter Notebook,0,[]
SerionxKa/PROOFCORE-Dayz-Cheat-Hack-Aimbot-Esp-Exploit-Magic-Bullet-Spoofer-Misc,"A project that offers cheats developed with C++ for DayZ. It aims to improve the game experience with features such as Aimbot, ESP, Spoof.",https://github.com/SerionxKa/PROOFCORE-Dayz-Cheat-Hack-Aimbot-Esp-Exploit-Magic-Bullet-Spoofer-Misc,['exploit'],1,2025-04-03T17:32:28+0000,167,0,C++,0,[]
adityakrmishra/Kali-Linux-Security-Lab,"A comprehensive collection of 500+ cybersecurity projects, scripts, and tools developed for Kali Linux. Covers penetration testing, exploit development, forensics, reverse engineering, kernel modules, and ethical hacking techniques. Contributions welcome!",https://github.com/adityakrmishra/Kali-Linux-Security-Lab,['exploit'],1,2025-04-03T16:18:54+0000,10,0,C,0,[]
monzero7131/BloxFruits-Exploit,Roblox BloxFruits Script Auto Farm 2025,https://github.com/monzero7131/BloxFruits-Exploit,['exploit'],1,2025-04-03T15:21:43+0000,7,0,,0,[]
prixyeldarkfire8/repo-exploit-max,Repo Hack 2025: Free Downloads for PC Users,https://github.com/prixyeldarkfire8/repo-exploit-max,['exploit'],1,2025-04-03T15:22:13+0000,8,0,,0,[]
Kalpeshdhamanse/Bluemoon,"Bluemoon is a CTF machine that tests penetration testing skills by exploiting vulnerabilities in FTP, SSH, and HTTP. It covers privilege escalation, web exploitation, and Docker escape. Users perform network scanning, brute-force attacks, and misconfigurat",https://github.com/Kalpeshdhamanse/Bluemoon,['exploit'],1,2025-04-03T15:14:12+0000,2250,0,,0,[]
bsheehan3117/time_complexity_login_page_exploit,This script performs a timing-based brute-force attack to extract a user's password from  a web application's login page.,https://github.com/bsheehan3117/time_complexity_login_page_exploit,['exploit'],1,2025-04-03T15:11:40+0000,1,0,Python,0,[]
MetadataGitTesting/8Q29uRCE,None,https://github.com/MetadataGitTesting/8Q29uRCE,['rce'],1,2025-04-03T14:35:27+0000,0,0,,0,[]
Ogunslove/WinSCP-Vulnerability-Analysis,"Security research on vulnerabilities in WinSCP using Tenable Nessus and action1 to determine the exploitation techniques, and mitigation strategies",https://github.com/Ogunslove/WinSCP-Vulnerability-Analysis,['exploit'],1,2025-04-03T14:39:51+0000,921,0,,0,[]
shield200027/JJsploit,"JJSploit, now available for free, is a widely-used Roblox exploit favored for its simplicity and accessibility. With the ability to execute Lua scripts, it enables users to customize their gaming experience, though users should remain vigilant about potent",https://github.com/shield200027/JJsploit,['exploit'],1,2025-04-03T19:12:32+0000,3,0,,0,[]
breicecream175/RobloxShrimpGameBot,Roblox ShrimpGame Script 2025 - Working Exploit & Bypass,https://github.com/breicecream175/RobloxShrimpGameBot,['exploit'],1,2025-04-03T20:28:54+0000,9,0,JavaScript,0,[]
chieftain739/MarvelRivalsHackExploit,Marvel Rivals Hack 2025 - Unlimited Coins & Gems Generator,https://github.com/chieftain739/MarvelRivalsHackExploit,['exploit'],1,2025-04-03T20:28:44+0000,9,0,JavaScript,0,[]
D3fu1t/Exploit,All Exploit List Made By Me,https://github.com/D3fu1t/Exploit,['exploit'],1,2025-04-04T03:14:15+0000,11,2,Python,0,[]
Teerasak-Mairoddee/P4wnp1_HID_Scripting,"This guide provides a quick reference for writing and customising commands for the P4wnP1 A.L.O.A — a powerful, open-source USB attack platform based on the Raspberry Pi Zero. Learn how to craft HID scripts, automate payloads, and build effective keystroke",https://github.com/Teerasak-Mairoddee/P4wnp1_HID_Scripting,['command injection'],1,2025-04-03T21:35:30+0000,9,0,,0,[]
hxuu/encoding-diff,Attempting to create a POC highlighting encoding differential attacks and their impact,https://github.com/hxuu/encoding-diff,['attack poc'],1,2025-04-03T19:29:47+0000,265,2,,0,[]
Deyemi007/Deyemi007,"Passionate cybersecurity enthusiast with a strong background in networking, system administration, and threat analysis. Skilled in using tools like Wireshark, Nmap, and Metasploit to assess vulnerabilities and enhance security. ",https://github.com/Deyemi007/Deyemi007,['metasploit module OR payload'],1,2025-04-03T19:04:22+0000,1,0,,0,[]
sid42337/AD_Blitz,"AD_Blitz is an Active Directory attack simulation where you'll exploit real-world AD vulnerabilities in a controlled lab. Using BloodHound, CrackMapExec, Responder, and Mimikatz, you'll conduct Kerberoasting, Pass-the-Hash attacks, and privilege escalation",https://github.com/sid42337/AD_Blitz,['exploit'],1,2025-04-03T18:51:30+0000,0,0,,0,[]
sid42337/WebHavoc,"WebHavoc is a web application red teaming project focused on identifying and exploiting common vulnerabilities like SQL Injection, XSS, CSRF, and authentication flaws. Using Burp Suite, SQLMap, and OWASP ZAP, you'll perform real-world attacks on DVWA & Jui",https://github.com/sid42337/WebHavoc,['exploit'],1,2025-04-03T18:50:46+0000,0,0,,0,[]
antonioxss/exploit,None,https://github.com/antonioxss/exploit,['exploit'],1,2025-04-03T18:29:36+0000,0,0,,0,[]
aayushthakur001/ExploitHunter,under process,https://github.com/aayushthakur001/ExploitHunter,['exploit'],1,2025-04-03T18:22:06+0000,25,0,JavaScript,0,[]
FamfaIlyasse/1st_Exploit,None,https://github.com/FamfaIlyasse/1st_Exploit,['exploit'],1,2025-04-03T18:03:04+0000,0,0,,0,[]
NotItsSixtyN3in/CVE-2025-50002,None,https://github.com/NotItsSixtyN3in/CVE-2025-50002,['cve-2 OR cve_2'],1,2025-04-03T17:44:50+0000,4,0,,0,['CVE-2025-50002']
NotItsSixtyN3in/CVE-2025-50001,None,https://github.com/NotItsSixtyN3in/CVE-2025-50001,['cve-2 OR cve_2'],1,2025-04-03T17:29:01+0000,0,0,,0,['CVE-2025-50001']
NotItsSixtyN3in/CVE-2025-50000,None,https://github.com/NotItsSixtyN3in/CVE-2025-50000,['cve-2 OR cve_2'],1,2025-04-03T17:27:27+0000,0,0,,0,['CVE-2025-50000']
h4ckxel/CVE-2025-2005,None,https://github.com/h4ckxel/CVE-2025-2005,['cve-2 OR cve_2'],1,2025-04-03T17:10:31+0000,0,0,Python,0,['CVE-2025-2005']
Gokul-Krishnan-V-R/CVE-2024-53900,Mongo Vulnub Lab...Try to Hack IT.....!,https://github.com/Gokul-Krishnan-V-R/CVE-2024-53900,['cve-2 OR cve_2'],1,2025-04-03T17:12:02+0000,0,0,JavaScript,0,['CVE-2024-53900']
purpleteam-ru/CVE-2021-38163,CVE-2021-38163 - exploit for SAP Netveawer,https://github.com/purpleteam-ru/CVE-2021-38163,"['cve-2 OR cve_2', 'exploit']",2,2025-04-04T05:14:26+0000,4,0,Python,0,['CVE-2021-38163']
anderruiz/CVE-2025-666666,Successful exploit for D,https://github.com/anderruiz/CVE-2025-666666,"['cve-2 OR cve_2', 'exploit']",2,2025-04-04T10:14:27+0000,5,0,Python,0,['CVE-2025-666666']
mayday13x/POC-SESSION-FIXATION,POC of a Session Fixation Attack via XSS or URL,https://github.com/mayday13x/POC-SESSION-FIXATION,['attack poc'],1,2025-04-04T04:33:09+0000,17,0,PHP,0,[]
Omoaremu/metasploitable_machine_2,these are steps taken in the exploitation of the open ports of a metasploitable machine virtual machine through kali linux terminal on avirtual box,https://github.com/Omoaremu/metasploitable_machine_2,"['exploit', 'metasploit module OR payload']",2,2025-04-04T05:17:45+0000,0,0,,0,[]
Thatsanothertoast/RubyCheats,A collection of ChromeOS exploits (similar to EXT-REMOVER),https://github.com/Thatsanothertoast/RubyCheats,['exploit'],1,2025-04-04T04:34:12+0000,3333,0,HTML,0,[]
Zephiles/fifa2004-exploit,A FIFA 2004 (called FIFA Soccer 2004 in North America and FIFA Football 2004 in Europe) Save Exploit,https://github.com/Zephiles/fifa2004-exploit,['exploit'],1,2025-04-04T04:51:00+0000,17,0,Python,0,[]
MNK-hub/d4t4r34p3r,"In 2025, the cybersecurity landscape was rocked by a real and unprecedented event. A solo hacker, known as d4t4r34p3r, compromised approximately 19,248 websites in just two days. This wasn’t a fictional tale—it was a significant incident that unfolded in c",https://github.com/MNK-hub/d4t4r34p3r,"['0day', 'exploit']",2,2025-04-04T03:51:58+0000,99,0,,0,[]
Drew-Alleman/CVE-2018-19422,Subrion File Upload Bypass to RCE and Custom File Upload (Authenticated),https://github.com/Drew-Alleman/CVE-2018-19422,"['cve-2 OR cve_2', 'rce']",2,2025-04-04T05:05:47+0000,18,0,Python,0,['CVE-2018-19422']
MZBCodes/RELAY,"This is a binary that will act as a ""scheduler"" for shellcode, scripts, binaries, syscalls. Cron is overrated and easily found, so why not roll out your own?",https://github.com/MZBCodes/RELAY,['shellcode'],1,2025-04-04T02:20:27+0000,1,0,,0,[]
ArtemCyberLab/Project-Analysis-and-Exploitation-of-Vulnerabilities-in-a-CTF-Environment-Backtrack-part1-,This project is a study of vulnerabilities within a Capture The Flag (CTF) competition. The main objective was to gain privileged access to the system by exploiting vulnerable services and configurations.,https://github.com/ArtemCyberLab/Project-Analysis-and-Exploitation-of-Vulnerabilities-in-a-CTF-Environment-Backtrack-part1-,['exploit'],1,2025-04-04T00:10:28+0000,1834,0,,0,[]
realcodeb0ss/CVE-2025-2294-PoC,CVE-2025-2294 < Wordpress Kubio[Plugin] - Local File Inclusion[LFI].,https://github.com/realcodeb0ss/CVE-2025-2294-PoC,"['cve poc', 'cve-2 OR cve_2']",2,2025-04-03T23:07:25+0000,564,0,Python,0,['CVE-2025-2294']
realcodeb0ss/CVE-2025-30567-PoC,CVE-2025-30567 - WordPress WP01 < Path traversal,https://github.com/realcodeb0ss/CVE-2025-30567-PoC,"['cve poc', 'cve-2 OR cve_2']",2,2025-04-03T22:54:35+0000,564,0,Python,0,['CVE-2025-30567']
chouettevan/pwnbox,A sandbox designed for binary exploitation and reverse engineering,https://github.com/chouettevan/pwnbox,['exploit'],1,2025-04-03T22:29:57+0000,15,0,,0,[]
txlensigma/FiveM-External-Cheat-KeyAuth-System,"FiveM External cheat, offers various features like aimbot, triggerbot, exploits, and customizable settings, enhancing the gameplay experience.",https://github.com/txlensigma/FiveM-External-Cheat-KeyAuth-System,['exploit'],1,2025-04-04T06:14:08+0000,41,0,C++,0,[]
Mariolga/FiveMExternalCheat,"FiveM External cheat, offers various features like aimbot, triggerbot, exploits, and customizable settings, enhancing the gameplay experience.",https://github.com/Mariolga/FiveMExternalCheat,['exploit'],1,2025-04-04T06:14:03+0000,42,0,C++,0,[]
opidora59/AlbionRadarExploit,Free Albion Online Radar Hack 2025 No Survey,https://github.com/opidora59/AlbionRadarExploit,['exploit'],1,2025-04-03T20:33:21+0000,9,0,C++,0,[]
rapid7/metasploit-credential,"Code for modeling and managing credentials in Metasploit, implemented as a Rails Engine",https://github.com/rapid7/metasploit-credential,['metasploit module OR payload'],1,2025-04-01T20:28:09+0000,1729,29,Ruby,35,[]
PixelFndry/co-framework,"In a world where misinformation, manipulation, and monopolization of AI technology are accelerating, Co offers a counter-model: a space where AI is not hidden behind closed systems or used to exploit attention—but openly visible, accountable, and engaged.",https://github.com/PixelFndry/co-framework,['exploit'],1,2025-04-04T17:13:51+0000,0,0,TypeScript,0,[]
exploitingforthefirsttime/exploitingforthefirsttime,Config files for my GitHub profile.,https://github.com/exploitingforthefirsttime/exploitingforthefirsttime,['exploit'],1,2025-04-04T16:29:22+0000,0,0,,0,[]
MuhammadWaseem29/CVE-2025-31131,"YesWiki is a wiki system written in PHP. The squelette parameter is vulnerable to path traversal attacks, enabling read access to arbitrary files on the server.",https://github.com/MuhammadWaseem29/CVE-2025-31131,['cve-2 OR cve_2'],1,2025-04-04T16:07:51+0000,10,1,Python,0,"['CVE-2025-31131', 'GHSA-W34W-FVP3-68XM']"
dokDork/LFIxplorer,"LFIxplorer is a tool designed to exploit Local File Inclusion (LFI) vulnerabilities in web applications. It reads files on the server by identifying vulnerable parameters, allowing users to locate and potentially exploit insecure file inclusion flaws.",https://github.com/dokDork/LFIxplorer,['exploit'],1,2025-04-04T15:42:12+0000,1625,0,Python,0,[]
Fhrioton/Cmd-Exploit-Cve-2025-Rce-AboRady-Fud-Injection,"Exploit development uses tools like exploitation frameworks and CVE databases. Cmd exploits, such as cmd fud or cmd exploit, enable silent execution while avoiding detection through proper setups.",https://github.com/Fhrioton/Cmd-Exploit-Cve-2025-Rce-AboRady-Fud-Injection,"['cve-2 OR cve_2', 'exploit', 'rce']",3,2025-04-04T16:55:53+0000,71,0,Visual Basic .NET,0,[]
alessiobenincasa/ethernaut-solutions,"Solutions documentées aux challenges de sécurité Ethernaut. Chaque exploit inclut analyse de vulnérabilité, code d'exploitation, et recommandations de sécurité.",https://github.com/alessiobenincasa/ethernaut-solutions,['exploit'],1,2025-04-04T15:46:35+0000,7,0,JavaScript,0,[]
Raisots/Batch-Malware-Builder-FUD-Crypter-AV-UAC-Bypass,"Crypter hides malware with encryption, often providing FUD features. Tools like crypter FUD or batch FUD ensure undetected execution. Obfuscation bypasses antivirus and Windows Defender. Batch malware, trojans, and stealers are built using specialized tool",https://github.com/Raisots/Batch-Malware-Builder-FUD-Crypter-AV-UAC-Bypass,['uac bypass'],1,2025-04-04T17:55:11+0000,14438,0,Visual Basic .NET,0,[]
Raisots/Batch-Downloader-Crypter-FUD-UAC-Bypass,"Crypter encrypts malware to evade detection, often paired with FUD or UAC bypass techniques. Batch files serve as malware downloaders or trojans, created using builders. Tools like batch crypter or fud crypter ensure stealth. ",https://github.com/Raisots/Batch-Downloader-Crypter-FUD-UAC-Bypass,['uac bypass'],1,2025-04-04T17:56:33+0000,25197,0,Visual Basic .NET,0,[]
kotikerrr/cati-exploit-for-roblox,this cool roblox executor,https://github.com/kotikerrr/cati-exploit-for-roblox,['exploit'],1,2025-04-04T12:54:50+0000,57,0,,0,[]
sn1p3rt3s7/NextJS_CVE-2025-29927,None,https://github.com/sn1p3rt3s7/NextJS_CVE-2025-29927,['cve-2 OR cve_2'],1,2025-04-04T12:53:30+0000,677,0,TypeScript,0,['CVE-2025-29927']
Maria-Ramy/Super_Hacker,"Super Hacker 🦸‍♂️🚀 A collection of 100+ essential skills for mastering ethical hacking, penetration testing, and cybersecurity. This roadmap covers scripting, automation, exploit development, and more to help you become a pro.",https://github.com/Maria-Ramy/Super_Hacker,['exploit'],1,2025-04-04T16:11:30+0000,31,0,Python,0,[]
box1402/BLACKICE,An IOT Device Scanner and Exploitation System,https://github.com/box1402/BLACKICE,['exploit'],1,2025-04-04T12:44:37+0000,0,0,,0,[]
G4sp4rCS/CVE-2023-40931-POC,CVE-2023-40931 Proof of Concept made for HTB MONITORED,https://github.com/G4sp4rCS/CVE-2023-40931-POC,"['cve poc', 'cve-2 OR cve_2']",2,2025-04-04T16:29:02+0000,6,0,Python,0,['CVE-2023-40931']
ahmetumitbayram/Kemal-Framework-Path-Traversal-Vulnerability-PoC,Path Traversal Vulnerability on Kemal Framework 1.6.0,https://github.com/ahmetumitbayram/Kemal-Framework-Path-Traversal-Vulnerability-PoC,"['vuln poc', 'vulnerability poc']",2,2025-04-04T13:15:44+0000,16,0,,0,[]
1Softworks/game-fingerprinting,A lua script to fingerprint how much you can exploit a game and how easy itll be,https://github.com/1Softworks/game-fingerprinting,['exploit'],1,2025-04-04T12:16:33+0000,1,0,Lua,0,[]
drb-ra/C2IntelFeeds,Automatically created C2 Feeds,https://github.com/drb-ra/C2IntelFeeds,['metasploit module OR payload'],1,2025-04-02T04:33:35+0000,6146019,595,REXX,49,[]
k8gege/k8gege.github.io,K8博客 k8gege.org,https://github.com/k8gege/k8gege.github.io,['exploit'],1,2025-04-01T05:14:00+0000,644863,42,HTML,12,[]
grantdadams/Rceattle-models,None,https://github.com/grantdadams/Rceattle-models,['rce'],1,2025-04-01T20:43:39+0000,1935838,0,Smarty,0,[]
gentoo-mirror/zerodaysfordays,Jakob L. Kreuze's personal overlay.,https://github.com/gentoo-mirror/zerodaysfordays,['zeroday'],1,2025-04-03T19:20:38+0000,426,0,Shell,0,[]
violentr/infosec_playground,Playing with security tools studying vulnerabilities writing exploits,https://github.com/violentr/infosec_playground,['exploit'],1,2025-04-03T13:08:04+0000,135,2,Python,1,[]
AdrianVollmer/PowerHub,"A post exploitation tool based on a web application, focusing on bypassing endpoint protection and application whitelisting",https://github.com/AdrianVollmer/PowerHub,['exploit'],1,2025-04-04T14:41:25+0000,7515,795,PowerShell,125,[]
xcube-dev/xcube,"xcube is a Python package for generating and exploiting data cubes powered by xarray, dask, and zarr.",https://github.com/xcube-dev/xcube,['exploit'],1,2025-04-01T16:47:05+0000,429033,209,Python,18,[]
cultureelerfgoed/sparql,In deze repositories worden openbare SPARQL queries verzameld die gebruikt worden op linked datasets van de RCE,https://github.com/cultureelerfgoed/sparql,['rce'],1,2025-04-02T02:35:47+0000,1116,1,Python,0,[]
Tosainu/pwn.hs,Exploit development library for Haskell programmer,https://github.com/Tosainu/pwn.hs,['exploit'],1,2025-04-02T01:10:29+0000,106,12,Haskell,0,[]
The-Art-of-Hacking/h4cker,"This repository is primarily maintained by Omar Santos (@santosomar) and includes thousands of resources related to ethical hacking, bug bounties, digital forensics and incident response (DFIR), artificial intelligence security, vulnerability research, exp",https://github.com/The-Art-of-Hacking/h4cker,['exploit'],1,2025-04-01T15:25:44+0000,104887,20450,Jupyter Notebook,3762,[]
hackingyseguridad/root,"Escalado de privilegios a root,  para Linux ",https://github.com/hackingyseguridad/root,['exploit'],1,2025-04-01T09:08:23+0000,1079,0,C,1,[]
maxkrivich/SlowLoris,Asynchronous Python implementation of SlowLoris DoS attack,https://github.com/maxkrivich/SlowLoris,['exploit'],1,2025-04-01T02:24:08+0000,313,99,Python,37,[]
OWASP-Benchmark/BenchmarkJava,"OWASP Benchmark is a test suite designed to verify the speed and accuracy of software vulnerability detection tools. A fully runnable web app written in Java, it supports analysis by Static (SAST), Dynamic (DAST), and Runtime (IAST) tools that support Java",https://github.com/OWASP-Benchmark/BenchmarkJava,['exploit'],1,2025-04-01T13:50:07+0000,75709,700,Java,1136,[]
cirosantilli/china-dictatorship,"反中共政治宣传库。Anti Chinese government propaganda. 住在中国真名用户的网友请别给星星，不然你要被警察请喝茶。常见问答集，新闻集和饭店和音乐建议。卐习万岁卐。冠状病毒审查郝海东新疆改造中心六四事件法轮功 996.ICU709大抓捕巴拿马文件邓家贵低端人口西藏骚乱。Friends who live in China and have real name on account, please don't star this repo, or else the police m",https://github.com/cirosantilli/china-dictatorship,"['attack poc', 'exploit']",2,2025-04-02T08:52:19+0000,99365,2290,HTML,259,[]
commixproject/commix,Automated All-in-One OS Command Injection Exploitation Tool.,https://github.com/commixproject/commix,"['command injection', 'exploit']",2,2025-04-02T04:25:16+0000,7029,5226,Python,869,[]
pwndbg/pwndbg,Exploit Development and Reverse Engineering with GDB & LLDB Made Easy,https://github.com/pwndbg/pwndbg,['exploit'],1,2025-04-02T23:59:21+0000,18053,8362,Python,959,[]
