repo_id,repo_full_name,file,file_sha1,match
568121763,L1GH7/Vaultiris,Vulnerabilities/2022/CVE-2022-36067/0x1nsomnia/node_modules/formidable/src/Formidable.js,001f861f687bca6ddc21b4991e70c8e938c8fc81,CVE-2022-36067
568121763,L1GH7/Vaultiris,Vulnerabilities/2022/CVE-2022-35698/EmicoEcommerce/2.4.3-p1/framework/APSB22-48-CVE-2022-35698.patch,0072d01b18a03445c96fc84c56f7f1c9165d641f,CVE-2022-35698
568121763,L1GH7/Vaultiris,Vulnerabilities/2022/CVE-2022-37434/nidhi7598/contrib/dotzlib/DotZLib.build,0073c90a2d9fdaac0b60fbd55e99393a04cecd8e,CVE-2022-37434
568121763,L1GH7/Vaultiris,Vulnerabilities/2022/CVE-2022-37434/nidhi7598/contrib/iostream/test.cpp,0074186cc98585f48eb8d18c2be887955238b741,CVE-2022-37434
568121763,L1GH7/Vaultiris,Vulnerabilities/2022/CVE-2022-37434/nidhi7598/contrib/blast/test.pk,00d07b4c71bad842d7e04210f966e55977efd9c3,CVE-2022-37434
568121763,L1GH7/Vaultiris,Vulnerabilities/2022/CVE-2022-35698/EmicoEcommerce/LICENSE,00d7caa50e19a072ca48a37be8f56201c56b125c,CVE-2022-35698
568121763,L1GH7/Vaultiris,Vulnerabilities/2022/CVE-2022-34265/ZhaoQi99/app/asgi.py,00d8495c7dc0518b3a51d8fdb7d6a7dc95604264,CVE-2022-34265
568121763,L1GH7/Vaultiris,Vulnerabilities/2011/CVE-2011-1720/nbeguier/postfix_launcher.sh,019fbaf76f67d3edbc97c46be3cf7c537b567bd2,CVE-2011-1720
568121763,L1GH7/Vaultiris,Vulnerabilities/2022/CVE-2022-37434/nidhi7598/contrib/ada/zlib.ads,0245a91806d804bf9f0907a3a001a141e9adb61b,CVE-2022-37434
568121763,L1GH7/Vaultiris,Vulnerabilities/2022/CVE-2022-37434/nidhi7598/examples/gzlog.h,024dad44f925761cc6db7d48303da6ff6eb6897f,CVE-2022-37434
568121763,L1GH7/Vaultiris,Vulnerabilities/2022/CVE-2022-36067/0x1nsomnia/node_modules/@types/node/ts4.8/test.d.ts,0253c3712885569e1ea2cebdd54e8d7daf05e442,CVE-2022-36067
568121763,L1GH7/Vaultiris,Vulnerabilities/2022/CVE-2022-36067/0x1nsomnia/node_modules/@types/node/ts4.8/v8.d.ts,0370a0590cbfd172c207e87c6874386627446a72,CVE-2022-36067
568121763,L1GH7/Vaultiris,Vulnerabilities/2022/CVE-2022-31798/omarhashem123/CVE-2022-31798.txt,038a653fe339a3d70a2d805e75501795b824a552,CVE-2022-31798
568121763,L1GH7/Vaultiris,Vulnerabilities/2022/CVE-2022-36067/0x1nsomnia/index.js,0390995aeb3b3a2d535d3ee22dd224d00f9ee5b5,CVE-2022-36067
568121763,L1GH7/Vaultiris,Vulnerabilities/2008/CVE-2008-2019/TheRook/sound/w.english.wav,03e15f30b6c08f86b9b9d9a00e1d6106af9f693e,CVE-2008-2019
568121763,L1GH7/Vaultiris,Vulnerabilities/2022/CVE-2022-34918/randorisec/src/nf_tables.c,03ed97ef94ef85bae9925824a4c995c6937290a8,CVE-2022-34918
568121763,L1GH7/Vaultiris,Vulnerabilities/2022/CVE-2022-37434/nidhi7598/gzguts.h,0421f100252442abccd886a03db9ed3f6d66bb9a,CVE-2022-37434
568121763,L1GH7/Vaultiris,Vulnerabilities/2022/CVE-2022-36067/0x1nsomnia/node_modules/formidable/src/plugins/json.js,0472256a932797b976ffc65dfe7d2c3710c161a6,CVE-2022-36067
568121763,L1GH7/Vaultiris,Vulnerabilities/2022/CVE-2022-34918/randorisec/LICENSE.md,04ed1c73ce97cfb32b86e2f76dce185368a0d981,CVE-2022-34918
568121763,L1GH7/Vaultiris,Vulnerabilities/2022/CVE-2022-40140/mr-r3b00t/check_exchange_server_for_esm.ps1,04ef80af300748c649d5b19629729088b8505931,CVE-2022-40140
568121763,L1GH7/Vaultiris,Vulnerabilities/2022/CVE-2022-36532/lutrasecurity/CVE-2022-36532.py,04f75417692cb98fe9e2d7800b354a64a07cc1cc,CVE-2022-36532
568121763,L1GH7/Vaultiris,Vulnerabilities/2022/CVE-2022-31269/omarhashem123/CVE-2022-31269.txt,0518233df14cd78193b53dd893cf752ee14e8d78,CVE-2022-31269
568121763,L1GH7/Vaultiris,Vulnerabilities/2022/CVE-2022-36067/0x1nsomnia/node_modules/vm2/lib/main.js,0545de60bdc3373f0b133ee63ecbed4a3964c05c,CVE-2022-36067
568121763,L1GH7/Vaultiris,Vulnerabilities/2007/CVE-2007-4559/advanced-threat-research/LICENSE.txt,055e9e6911d904e9cff3be22c656d41a1da73deb,CVE-2007-4559
568121763,L1GH7/Vaultiris,Vulnerabilities/2022/CVE-2022-33980/HKirito/README.md,0584ff86d1bad368e9e739f88e51c93849ded487,CVE-2022-33980
568121763,L1GH7/Vaultiris,Vulnerabilities/2022/CVE-2022-37434/nidhi7598/inftrees.c,05b9acbc8ef6ef02c2da2fac91207efd4fed8212,CVE-2022-37434
568121763,L1GH7/Vaultiris,Vulnerabilities/2011/CVE-2011-1475/samaujs/src/main/java/com/adventit/app/App.java,05ccc4ac4f04b18fbb58e233e66d9c2114d13f4f,CVE-2011-1475
568121763,L1GH7/Vaultiris,Vulnerabilities/2022/CVE-2022-34918/veritas501/poc_keyring_common/src/keyring.c,05d6eda726c30c0da789f96a2a25b63eb603df16,CVE-2022-34918
568121763,L1GH7/Vaultiris,Vulnerabilities/2022/CVE-2022-37434/nidhi7598/contrib/dotzlib/DotZLib/CircularBuffer.cs,06e0a3503008232d7af8579bed328cea1d9e9593,CVE-2022-37434
568121763,L1GH7/Vaultiris,Vulnerabilities/2022/CVE-2022-34918/veritas501/poc_fs_context_cred_common/src/keyring.c,07597d8a260671e9472c871220ef27544f2e7b90,CVE-2022-34918
568121763,L1GH7/Vaultiris,Vulnerabilities/2022/CVE-2022-39802/redrays-io/readme.md,07b020ccd08f8e5f5f52a6ee938f16692e93fe67,CVE-2022-39802
568121763,L1GH7/Vaultiris,Vulnerabilities/2022/CVE-2022-41040/trhacknon/microsoft_exchange_server_proxynotshell_ssrf.py,087d668e7d1b8eef5f4ce733afeb953289a31b07,CVE-2022-41040
568121763,L1GH7/Vaultiris,Vulnerabilities/2008/CVE-2008-2019/TheRook/sound/q.english.wav,08a4441dd4b28f9779c6362bd2b4936ff357957f,CVE-2008-2019
568121763,L1GH7/Vaultiris,Vulnerabilities/2022/CVE-2022-41040/TaroballzChen/README.md,08af027630c16ec72a4cbe93950fba55dfe93d01,CVE-2022-41040
568121763,L1GH7/Vaultiris,Vulnerabilities/2022/CVE-2022-41040/TaroballzChen/README.md,08af027630c16ec72a4cbe93950fba55dfe93d01,VU#915563
568121763,L1GH7/Vaultiris,Vulnerabilities/2022/CVE-2022-36067/0x1nsomnia/node_modules/formidable/src/parsers/index.js,09ffe49c4f9d1922ff288f1fe1dac579848c68be,CVE-2022-36067
568121763,L1GH7/Vaultiris,Vulnerabilities/2022/CVE-2022-36067/0x1nsomnia/node_modules/vm2/bin/vm2,0a084c1d75e9e2867e60e9b39c3cfcc755813007,CVE-2022-36067
568121763,L1GH7/Vaultiris,Vulnerabilities/2022/CVE-2022-36067/0x1nsomnia/node_modules/@types/node/cluster.d.ts,0a3c733e564c2b7802134f87a900bb39f0689489,CVE-2022-36067
568121763,L1GH7/Vaultiris,Vulnerabilities/2022/CVE-2022-36804/trhacknon/requirements.txt,0ac90eacb8dffb56b1621bb8fcbdd1685f47f6c7,CVE-2022-36804
568121763,L1GH7/Vaultiris,Vulnerabilities/2022/CVE-2022-37434/nidhi7598/win32/Makefile.gcc,0b3cdeef5be44083d10a87a6edfd089cef229ebf,CVE-2022-37434
568121763,L1GH7/Vaultiris,Vulnerabilities/2022/CVE-2022-36067/Prathamrajgor/README.md,0b44a196cc0f29db516fa9989d0eea3206e3a298,CVE-2022-36067
568121763,L1GH7/Vaultiris,Vulnerabilities/2022/CVE-2022-31262/secure-77/GalaxyCommunication.cpp,0b4e2440b28157cc9ae6c3b1ffa88b8a21c45574,CVE-2022-31262
568121763,L1GH7/Vaultiris,Vulnerabilities/2022/CVE-2022-37434/nidhi7598/doc/txtvsbin.txt,0b5f765b6151da46d356493278fd873e4c99ce80,CVE-2022-37434
568121763,L1GH7/Vaultiris,Vulnerabilities/2022/CVE-2022-34918/veritas501/poc_fs_context_common/include/keyring.h,0ba61a9a7310ea421a600854cb1160dba582d96d,CVE-2022-34918
568121763,L1GH7/Vaultiris,Vulnerabilities/2022/CVE-2022-37434/nidhi7598/contrib/vstudio/vc10/zlib.rc,0baf864703123135761a1595423c8e14a755e71f,CVE-2022-37434
568121763,L1GH7/Vaultiris,Vulnerabilities/2022/CVE-2022-35698/EmicoEcommerce/2.3.7-p2/framework/APSB22-48-CVE-2022-35698.patch,0c030d753dd84542cc2ce792bebcf1bcf76ceac1,CVE-2022-35698
568121763,L1GH7/Vaultiris,Vulnerabilities/2022/CVE-2022-36067/0x1nsomnia/node_modules/vm2/lib/helpers.js,0c3bd35d1e51d764437456a478722ea44437611f,CVE-2022-36067
568121763,L1GH7/Vaultiris,Vulnerabilities/2022/CVE-2022-35698/EmicoEcommerce/2.3.7-p3/module-customer/APSB22-48-CVE-2022-35698.patch,0cc326066abc7807660bdd4eb38bd5205c52f8a5,CVE-2022-35698
568121763,L1GH7/Vaultiris,Vulnerabilities/2022/CVE-2022-36067/0x1nsomnia/node_modules/@types/node/ts4.8/child_process.d.ts,0cd288b22025432325662f61b9a13d60d7c453cb,CVE-2022-36067
568121763,L1GH7/Vaultiris,Vulnerabilities/2022/CVE-2022-3602/corelight/scripts/detect_vulnerable_server.zeek,0cf31173376f70e7eaf63c57e6c952b5ac0ac766,CVE-2022-3602
568121763,L1GH7/Vaultiris,Vulnerabilities/2022/CVE-2022-41082/west-wind/Malware-Backdoors/BPFDoor,0cf703707d5bd802a6d96cb398de8d70af9c14fd,CVE-2022-41082
568121763,L1GH7/Vaultiris,Vulnerabilities/2022/CVE-2022-37434/nidhi7598/adler32.c,0cff4808476ce0b5f6f0ebbc69ee2ab2a0eebe43,CVE-2022-37434
568121763,L1GH7/Vaultiris,Vulnerabilities/2022/CVE-2022-37434/nidhi7598/contrib/vstudio/vc9/miniunz.vcproj,0d1a5b944c2338c54241ef36247bddafde471fe1,CVE-2022-37434
568121763,L1GH7/Vaultiris,Vulnerabilities/2022/CVE-2022-3602/corelight/testing/Scripts/diff-remove-timestamps,0e23bfcddf361758f7a2fda2fc1a60919eacd97d,CVE-2022-3602
568121763,L1GH7/Vaultiris,Vulnerabilities/2022/CVE-2022-37434/nidhi7598/win32/Makefile.msc,0e6374523b035594225537579523a40e31252d31,CVE-2022-37434
568121763,L1GH7/Vaultiris,Vulnerabilities/2009/CVE-2009-0473/akbarq/README.md,0e6d3438d6b4f3d465ca1eb40225989ddbe5d15b,CVE-2009-0473
568121763,L1GH7/Vaultiris,Vulnerabilities/2011/CVE-2011-1475/samaujs/README.md,0e9dc33c46fd36dd9d7d0880b062663aaad0546c,CVE-2011-1475
568121763,L1GH7/Vaultiris,Vulnerabilities/2022/CVE-2022-39197/TheCryingGame/EvilJarYyy/pom.xml,0ee61d465307244bfab15f8ec79f4227dea53cc1,CVE-2022-39197
568121763,L1GH7/Vaultiris,Vulnerabilities/2002/CVE-2002-20001/Balasys/MANIFEST.in,0f02da4337e2b08200d7906c3266c3ebd9b30430,CVE-2002-20001
568121763,L1GH7/Vaultiris,Vulnerabilities/2022/CVE-2022-34918/veritas501/poc_keyring_common/include/keyring.h,0f1921a4b1c659dafd3632d038993be2fa2c0c21,CVE-2022-34918
568121763,L1GH7/Vaultiris,Vulnerabilities/2008/CVE-2008-2019/TheRook/sound/h.english.wav,0f20abc5dac8f4bc22583012c13e24f7943deab1,CVE-2008-2019
568121763,L1GH7/Vaultiris,Vulnerabilities/2022/CVE-2022-37434/nidhi7598/contrib/minizip/mztools.c,0f6dad6443b0f347ac6b17563014f50c7b4fd17f,CVE-2022-37434
568121763,L1GH7/Vaultiris,Vulnerabilities/2008/CVE-2008-7220/followboy1999/README.md,10004f1d0488496fffbb9a0ea84b11a410e99a25,CVE-2008-7220
568121763,L1GH7/Vaultiris,Vulnerabilities/2022/CVE-2022-37434/nidhi7598/old/os2/zlib.def,108527bad780aecce1c75efa9210f4b1173f4139,CVE-2022-37434
568121763,L1GH7/Vaultiris,Vulnerabilities/2022/CVE-2022-32548/uisvit/CVE-2022-32548-mass.py,10eb5a4c78dfd9881a67b393df920ce45e7cd087,CVE-2022-32548
568121763,L1GH7/Vaultiris,Vulnerabilities/2009/CVE-2009-1904/NZKoz/lib/bigdecimal-segfault-fix.rb,111782291673fa0d25a1477bea1c5d346d154c35,CVE-2009-1904
568121763,L1GH7/Vaultiris,Vulnerabilities/2022/CVE-2022-37434/nidhi7598/compress.c,118f418807935c4fc5afc8e3c6612ff0c15d8318,CVE-2022-37434
568121763,L1GH7/Vaultiris,Vulnerabilities/2006/CVE-2006-0450/Parcer0/NsT-phpBBDoS.c,11dc15752d44f01fcb9dfdf8f695fc4783a27dfe,CVE-2006-0450
568121763,L1GH7/Vaultiris,Vulnerabilities/2022/CVE-2022-36067/0x1nsomnia/node_modules/qs/.eslintrc,1233e5e15c8cf7ce4973d1ba68ce6afb72e58f0a,CVE-2022-36067
568121763,L1GH7/Vaultiris,Vulnerabilities/2022/CVE-2022-40127/Mr-xn/docker-compose.yaml,128bf47cee98378ac9be178e79017cf3304e79f6,CVE-2022-40127
568121763,L1GH7/Vaultiris,Vulnerabilities/2022/CVE-2022-3368/Wh04m1001/Project3/def.h,12d0c2eb1850f40b39612fc204a3f895b540ee9c,CVE-2022-3368
568121763,L1GH7/Vaultiris,Vulnerabilities/2022/CVE-2022-37434/nidhi7598/contrib/vstudio/vc10/zlibstat.vcxproj,12db94b089dd1e665b14c8dea189198cc8882e22,CVE-2022-37434
568121763,L1GH7/Vaultiris,Vulnerabilities/2022/CVE-2022-34918/veritas501/poc_keyring_normal/src/raw_packet.c,136689f971a999e3b7177127e88fc54a60e719e6,CVE-2022-34918
568121763,L1GH7/Vaultiris,Vulnerabilities/2022/CVE-2022-36271/SaumyajeetDas/outbyte-pc-repair.exe,143bc980139cdd16d7f209672a5c05ef90a13b8b,VU#23
568121763,L1GH7/Vaultiris,Vulnerabilities/2022/CVE-2022-36271/SaumyajeetDas/outbyte-pc-repair.exe,143bc980139cdd16d7f209672a5c05ef90a13b8b,VU#21
568121763,L1GH7/Vaultiris,Vulnerabilities/2022/CVE-2022-36271/SaumyajeetDas/outbyte-pc-repair.exe,143bc980139cdd16d7f209672a5c05ef90a13b8b,CVE-2022-36271
568121763,L1GH7/Vaultiris,Vulnerabilities/2009/CVE-2009-5147/zhangyongbo100/Rakefile,14607dd6bdaddf0555532313a30f2faaa81d9405,CVE-2009-5147
568121763,L1GH7/Vaultiris,Vulnerabilities/2022/CVE-2022-36067/0x1nsomnia/node_modules/formidable/src/plugins/index.js,14c00988b2bb3aed6c3c4cca56f48fa50fbc38a4,CVE-2022-36067
568121763,L1GH7/Vaultiris,Vulnerabilities/2022/CVE-2022-3602/corelight/zkg.meta,14d82974cd2b4ecd154252520855ea7379f6b3f4,CVE-2022-3602
568121763,L1GH7/Vaultiris,Vulnerabilities/2022/CVE-2022-34265/ZhaoQi99/app/urls.py,14e6b61a8fd91e43f33f4a1a9bd3c716ba3a2943,CVE-2022-34265
568121763,L1GH7/Vaultiris,Vulnerabilities/2022/CVE-2022-40471/RashidKhanPathan/README.md,155747b0d368c4922336fe3a50875114cebb6369,CVE-2022-40471
568121763,L1GH7/Vaultiris,Vulnerabilities/2022/CVE-2022-34265/coco0x0a/lab/migrations/__pycache__/__init__.cpython-39.pyc,157f0f2148a57ccbbb40dff12e9fbfe1cd717139,CVE-2022-34265
568121763,L1GH7/Vaultiris,Vulnerabilities/2022/CVE-2022-41218/V4bel/1_vmalloc-uaf-write.c,15ab5f1d642dfd9e4611409a89de4ee01a499ee6,CVE-2022-41218
568121763,L1GH7/Vaultiris,Vulnerabilities/2022/CVE-2022-41852/Warxim/README.md,15d6aa1f509b536ed8040c4451ba5b067873158c,CVE-2022-41852
568121763,L1GH7/Vaultiris,Vulnerabilities/2002/CVE-2002-20001/Balasys/Dockerfile,1684effa4854bfa60f8e2866041fb782eea86a6c,CVE-2002-20001
568121763,L1GH7/Vaultiris,Vulnerabilities/2022/CVE-2022-36067/0x1nsomnia/node_modules/formidable/src/plugins/querystring.js,1701fe946b818aa88d971947e207306b8e41ada7,CVE-2022-36067
568121763,L1GH7/Vaultiris,Vulnerabilities/2022/CVE-2022-35416/safe3s/README.md,1775422d2ed6d4bf228495a79f474fbc7219eca2,CVE-2022-35416
568121763,L1GH7/Vaultiris,Vulnerabilities/2022/CVE-2022-3602/NCSC-NL/.github/ISSUE_TEMPLATE/software.md,1778cc1c3a4e527e3447ae4345bcae3c51330fbc,CVE-2022-3602
568121763,L1GH7/Vaultiris,Vulnerabilities/2022/CVE-2022-34918/veritas501/poc_fs_context_cred_common/src/modprobe.c,17a6368e2be5d50da8d9d44b8ee81c0c10dc2b24,CVE-2022-34918
568121763,L1GH7/Vaultiris,Vulnerabilities/2022/CVE-2022-37434/nidhi7598/contrib/vstudio/vc10/testzlib.vcxproj.filters,17d2c17d869c6e3987c8f5d71905160b4a6dcdf4,CVE-2022-37434
568121763,L1GH7/Vaultiris,Vulnerabilities/2022/CVE-2022-37434/nidhi7598/contrib/pascal/zlibpas.pas,17d33b52ec4502f4717dfb43ca1cfe61ce1eb473,CVE-2022-37434
568121763,L1GH7/Vaultiris,Vulnerabilities/2022/CVE-2022-35405/viniciuspereiras/README.md,185bdecff5760f8588df133d9aa43d91d4ae5c2c,CVE-2022-35405
568121763,L1GH7/Vaultiris,Vulnerabilities/2022/CVE-2022-35405/viniciuspereiras/README.md,185bdecff5760f8588df133d9aa43d91d4ae5c2c,CVE-2022-33405
568121763,L1GH7/Vaultiris,Vulnerabilities/2022/CVE-2022-37434/nidhi7598/contrib/vstudio/vc10/zlibvc.vcxproj,18c70a6022453ed4b0d803f999e4c5bb8c09085e,CVE-2022-37434
568121763,L1GH7/Vaultiris,Vulnerabilities/2022/CVE-2022-3602/corelight/scripts/__load__.zeek,1936baab7d60fdfbc5d4043c8a585f999faedeab,CVE-2022-3602
568121763,L1GH7/Vaultiris,Vulnerabilities/2001/CVE-2001-0931/alt3kx/CVE-2001-0931.txt,1963e19d0bc23bae7ba7dd51818d2396c068bfb1,CVE-2001-0931
568121763,L1GH7/Vaultiris,Vulnerabilities/2022/CVE-2022-37434/nidhi7598/contrib/iostream3/zfstream.cc,19b83e921e89a638ebf978ca2beea7aefd78f9c2,CVE-2022-37434
568121763,L1GH7/Vaultiris,Vulnerabilities/2022/CVE-2022-34265/aeyesec/models.py,19d321b6adb9d4f0cfff55bc46ae38cf0c1221ec,CVE-2022-34265
568121763,L1GH7/Vaultiris,Vulnerabilities/2022/CVE-2022-42889/karthikuj/src/main/java/com/levo/dockerexample/controller/HelloController.java,1a42a7611419612ec4a487f47413125ceb73ae32,CVE-2022-42889
568121763,L1GH7/Vaultiris,Vulnerabilities/2022/CVE-2022-37434/nidhi7598/watcom/watcom_f.mak,1a6af1350f3ffbbff44273a7b661563f095b3234,CVE-2022-37434
568121763,L1GH7/Vaultiris,Vulnerabilities/2011/CVE-2011-1475/samaujs/target/maven-status/maven-compiler-plugin/compile/default-compile/createdFiles.lst,1b2bf3b822b8efaaac05c3fad2486aa870d240f4,CVE-2011-1475
568121763,L1GH7/Vaultiris,Vulnerabilities/2022/CVE-2022-33980/trhacknon/.idea/misc.xml,1b7b5e50c96cf51516ee9faf5b55ba7554e35990,CVE-2022-33980
568121763,L1GH7/Vaultiris,Vulnerabilities/2022/CVE-2022-34265/coco0x0a/lab/settings.py,1ba4f5ae1ba664709add8eb9547d9a031f5a6172,CVE-2022-34265
568121763,L1GH7/Vaultiris,Vulnerabilities/2022/CVE-2022-35841/Wack0/README.md,1bd2256a2aed50bb3a434614edf4459a63bdc233,CVE-2022-35841
568121763,L1GH7/Vaultiris,Vulnerabilities/2022/CVE-2022-36067/0x1nsomnia/node_modules/hexoid/license,1c0bf929a1b2f0def5e44a79510174d9b84f9e36,CVE-2022-36067
568121763,L1GH7/Vaultiris,Vulnerabilities/2022/CVE-2022-34169/bor8/built_with_openjdk_1.8.0_342/Bcel.class,1c1014a4456d64dab18932f62fe782673a641f94,CVE-2022-34169
568121763,L1GH7/Vaultiris,Vulnerabilities/2022/CVE-2022-36067/0x1nsomnia/node_modules/qs/lib/utils.js,1c478c5725974d68f6d2274869056c1d00c237ba,CVE-2022-36067
568121763,L1GH7/Vaultiris,Vulnerabilities/2022/CVE-2022-36067/0x1nsomnia/node_modules/formidable/src/VolatileFile.js,1c751c13085a5f2ec34472a297f60432bd999ec5,CVE-2022-36067
568121763,L1GH7/Vaultiris,Vulnerabilities/2022/CVE-2022-36067/0x1nsomnia/node_modules/@types/node/ts4.8/vm.d.ts,1cc6c9c3cbd6987ad1808cdf4c2c9177f2603168,CVE-2022-36067
568121763,L1GH7/Vaultiris,Vulnerabilities/2008/CVE-2008-6827/alt3kx/README.md,1cedfbe835edde962d57263c65b6560d6dac7ec3,CVE-2008-6827
568121763,L1GH7/Vaultiris,Vulnerabilities/2022/CVE-2022-33980/HKirito/src/main/java/org/example/App.java,1cf45a0ea087c4f3e0a22332f297ededb3399ca8,CVE-2022-33980
568121763,L1GH7/Vaultiris,Vulnerabilities/2022/CVE-2022-37434/nidhi7598/old/visual-basic.txt,1cf5886f7fcee4019ef529f8f19dd8000be01229,CVE-2022-37434
568121763,L1GH7/Vaultiris,Vulnerabilities/2022/CVE-2022-34918/veritas501/poc_fs_context_cred_common/src/main.c,1d211c4fe65c515ae18794a3390d19f1c05b4b5d,CVE-2022-34918
568121763,L1GH7/Vaultiris,Vulnerabilities/2022/CVE-2022-36067/0x1nsomnia/node_modules/@types/node/async_hooks.d.ts,1d4914c41303cd466026632e1ded89d7a856f80a,CVE-2022-36067
568121763,L1GH7/Vaultiris,Vulnerabilities/2022/CVE-2022-37434/nidhi7598/contrib/ada/buffer_demo.adb,1d8fba99362b0973535a759097f7893d4551c4e7,CVE-2022-37434
568121763,L1GH7/Vaultiris,Vulnerabilities/2022/CVE-2022-34918/randorisec/inc/netlink.h,1df93a32898dd6d87c3b15cde639e2c90cab4b74,CVE-2022-34918
568121763,L1GH7/Vaultiris,Vulnerabilities/2022/CVE-2022-37434/nidhi7598/examples/gzappend.c,1e7b481c9e28e4267eddf6a953c4612e3c211620,CVE-2022-37434
568121763,L1GH7/Vaultiris,Vulnerabilities/2022/CVE-2022-42889/karthikuj/pom.xml,1ef73b5e836222e4db64c8c3e91159eb94f0cde1,CVE-2022-42889
568121763,L1GH7/Vaultiris,Vulnerabilities/2009/CVE-2009-0473/akbarq/cve-2009-0473.py,1f11256c64f9993b8eae1c7d4b721bec40195878,CVE-2009-0473
568121763,L1GH7/Vaultiris,Vulnerabilities/2022/CVE-2022-36067/0x1nsomnia/node_modules/qs/.editorconfig,1f710574ebee4d04c3a2953d4429d9e0423df8d3,CVE-2022-36067
568121763,L1GH7/Vaultiris,Vulnerabilities/2022/CVE-2022-37434/nidhi7598/infback.c,1f9d265a15b095f364ca8ed9e4e02c182fecfac9,CVE-2022-37434
568121763,L1GH7/Vaultiris,Vulnerabilities/2022/CVE-2022-37434/nidhi7598/contrib/ada/readme.txt,1fd4ae8ee39ef80117dca454e1951ecaf0d1d290,CVE-2022-37434
568121763,L1GH7/Vaultiris,Vulnerabilities/2022/CVE-2022-37434/nidhi7598/inffast.c,2010de3c600a8e836ff1ba356aad97b3511e6979,CVE-2022-37434
568121763,L1GH7/Vaultiris,Vulnerabilities/2008/CVE-2008-2019/TheRook/sound/m.english.wav,204ea27cd2f1fc52612965016c2688f8e210e155,CVE-2008-2019
568121763,L1GH7/Vaultiris,Vulnerabilities/2008/CVE-2008-2019/TheRook/gen_sound.php,20aa10595d86eefcbb68a3e3bc3ca680f1a288e4,CVE-2008-2019
568121763,L1GH7/Vaultiris,Vulnerabilities/2022/CVE-2022-34918/randorisec/inc/simple_xattr.h,20e6c39cf564e32a78a2ee6be7d0e6f71efae4e7,CVE-2022-34918
568121763,L1GH7/Vaultiris,Vulnerabilities/2022/CVE-2022-36067/0x1nsomnia/node_modules/@types/node/domain.d.ts,21060c0ac1c0800bf77d1733cd752f296760bfda,CVE-2022-36067
568121763,L1GH7/Vaultiris,Vulnerabilities/2002/CVE-2002-20001/Balasys/data/dhparam-modp-2048.pem,2110161acb6b7309d4f472bc2fec5918ee41b488,CVE-2002-20001
568121763,L1GH7/Vaultiris,Vulnerabilities/2006/CVE-2006-4814/tagatac/RESULTS,21229c520d405fab48d720501b34b2f161469b18,CVE-2006-4814
568121763,L1GH7/Vaultiris,Vulnerabilities/2022/CVE-2022-3368/Wh04m1001/Project3/dll.h,2132f1f5c1ed1ab6c4b28a73db03eb8adaee2f77,CVE-2022-3368
568121763,L1GH7/Vaultiris,Vulnerabilities/2022/CVE-2022-34918/veritas501/README.md,213719b869cc7b52bbcf0f3b1186250fa0b551a0,CVE-2022-34918
568121763,L1GH7/Vaultiris,Vulnerabilities/2022/CVE-2022-34265/coco0x0a/lab/migrations/__pycache__/0001_initial.cpython-39.pyc,215b027bea5477c26712bd76bcc101da4aa59847,CVE-2022-34265
568121763,L1GH7/Vaultiris,Vulnerabilities/2011/CVE-2011-1475/samaujs/target/maven-archiver/pom.properties,21b36fe664c701057b2ebe759319a048791aa05d,CVE-2011-1475
568121763,L1GH7/Vaultiris,Vulnerabilities/2022/CVE-2022-36804/trhacknon/main.py,2205cd7b440a35112250b2cb5bc8fc82d0130a2c,CVE-2022-36804
568121763,L1GH7/Vaultiris,Vulnerabilities/2022/CVE-2022-34918/randorisec/src/netlink.c,2244b9d83ca2301221b698b8d898bda6efbe3ed5,CVE-2022-34918
568121763,L1GH7/Vaultiris,Vulnerabilities/2022/CVE-2022-3602/NCSC-NL/software/HOWTO.pr-review.md,225dcb8b8ad8eff1f86053de417522e612598901,CVE-2022-3602
568121763,L1GH7/Vaultiris,Vulnerabilities/2009/CVE-2009-1244/piotrbania/README.md,22a50d1d7b553ceda60a350aa4168f905cfcf936,CVE-2009-1244
568121763,L1GH7/Vaultiris,Vulnerabilities/2022/CVE-2022-3602/NCSC-NL/.github/workflows/labeler.yml,22c44d9fad6ead13d1701d50f5a7c5b56baa63dd,CVE-2022-3602
568121763,L1GH7/Vaultiris,Vulnerabilities/2022/CVE-2022-3602/NCSC-NL/.github/check_valid.py,22d57e7eb815897c0b054450e00c52e81babe869,CVE-2022-3602
568121763,L1GH7/Vaultiris,Vulnerabilities/2022/CVE-2022-34265/coco0x0a/lab/wsgi.py,22e777d16e3db9f919a2e68ec47dfc23f8966c6f,CVE-2022-34265
568121763,L1GH7/Vaultiris,Vulnerabilities/2022/CVE-2022-37434/nidhi7598/win32/Makefile.bor,23262888e43719d398dea043e2bd09c23a9ba5da,CVE-2022-37434
568121763,L1GH7/Vaultiris,Vulnerabilities/2022/CVE-2022-40126/LovelyWei/exploit.cpp,23307e57303dcbf4bc4816e3d98c1e7b33605b9e,CVE-2022-40126
568121763,L1GH7/Vaultiris,Vulnerabilities/2022/CVE-2022-3368/Wh04m1001/Project3/Project3.sln,2351c5bfa877b84074614e8c35b05636d581aa85,CVE-2022-3368
568121763,L1GH7/Vaultiris,Vulnerabilities/2022/CVE-2022-36067/0x1nsomnia/node_modules/qs/lib/stringify.js,23ff9b8880e7b079e23049c8b29d263015c396bf,CVE-2022-36067
568121763,L1GH7/Vaultiris,Vulnerabilities/2022/CVE-2022-37434/nidhi7598/contrib/puff/zeros.raw,2477f0a2d20cfc6272b91fa36d45c90dcda386ab,CVE-2022-37434
568121763,L1GH7/Vaultiris,Vulnerabilities/2022/CVE-2022-37434/nidhi7598/contrib/puff/pufftest.c,24a74bb378d6ff3c8f11f3054ef19c971988205f,CVE-2022-37434
568121763,L1GH7/Vaultiris,Vulnerabilities/2022/CVE-2022-36067/0x1nsomnia/node_modules/@types/node/ts4.8/stream/promises.d.ts,2528d35327d6c140d68397eaa5eacb60a4ab3720,CVE-2022-36067
568121763,L1GH7/Vaultiris,Vulnerabilities/2022/CVE-2022-37434/nidhi7598/contrib/vstudio/readme.txt,25391180eea1a6b899709d6910992f1296672aa3,CVE-2022-37434
568121763,L1GH7/Vaultiris,Vulnerabilities/2022/CVE-2022-37434/xen0bit/poc.py,254621d2df8178b3e87e46706245df2be9fccb9c,CVE-2022-37434
568121763,L1GH7/Vaultiris,Vulnerabilities/2022/CVE-2022-37434/nidhi7598/win32/zlib1.rc,2572ae97276d5d2275b98676ce2468ef73fac0a4,CVE-2022-37434
568121763,L1GH7/Vaultiris,Vulnerabilities/2002/CVE-2002-0346/alt3kx/README.md,25b346a471caa75d9b004e5cc2fca791a83916d9,BID-4211
568121763,L1GH7/Vaultiris,Vulnerabilities/2002/CVE-2002-0346/alt3kx/README.md,25b346a471caa75d9b004e5cc2fca791a83916d9,CVE-2002-0346
568121763,L1GH7/Vaultiris,Vulnerabilities/2022/CVE-2022-34265/coco0x0a/lab/views.py,25c4be38c4bb781794a99052a60adb6599b434b2,CVE-2022-34265
568121763,L1GH7/Vaultiris,Vulnerabilities/2022/CVE-2022-31629/silnex/reset.php,260988af65771e8a0e950766f56d6a7bac9e098d,CVE-2022-31629
568121763,L1GH7/Vaultiris,Vulnerabilities/2022/CVE-2022-37434/nidhi7598/contrib/untgz/untgz.c,260f16a4110f43071b376af97c4119f5ecf902af,CVE-2022-37434
568121763,L1GH7/Vaultiris,Vulnerabilities/2022/CVE-2022-37434/nidhi7598/old/os2/Makefile.os2,264d34095d4f456bedf18958bbc3380903ef09f3,CVE-2022-37434
568121763,L1GH7/Vaultiris,Vulnerabilities/2022/CVE-2022-33980/trhacknon/README.md,2654eff36a477550c29b1f08345ce69fc0844918,CVE-2022-33980
568121763,L1GH7/Vaultiris,Vulnerabilities/2022/CVE-2022-37434/nidhi7598/uncompr.c,26588058749952f7387114fc61972d1e7e6af745,CVE-2022-37434
568121763,L1GH7/Vaultiris,Vulnerabilities/2008/CVE-2008-7220/followboy1999/prototype.html,267464f7aa74f39bd9b0d21aa2277c5b7efd5920,CVE-2008-7220
568121763,L1GH7/Vaultiris,Vulnerabilities/2001/CVE-2001-0758/alt3kx/CVE-2001-0758.txt,27af6a0085652845eac7db8e4cd92b643c7f1d0f,CVE-2001-0758
568121763,L1GH7/Vaultiris,Vulnerabilities/2022/CVE-2022-37434/nidhi7598/msdos/Makefile.dj2,27db1cceefc629ce5bbafbf34188c4de18f327b8,CVE-2022-37434
568121763,L1GH7/Vaultiris,Vulnerabilities/2022/CVE-2022-36067/0x1nsomnia/node_modules/@types/node/dns.d.ts,27e5847e843daec54fdff1528f13f931772a3be9,CVE-2022-36067
568121763,L1GH7/Vaultiris,Vulnerabilities/2022/CVE-2022-37434/nidhi7598/contrib/minizip/ioapi.c,2846a21ba725da90aa3a67024d8107daa793f5f7,CVE-2022-37434
568121763,L1GH7/Vaultiris,Vulnerabilities/2022/CVE-2022-34265/coco0x0a/app/settings.py,284d0ef3c97a1f79ce14ed069af073d8a4ab184f,CVE-2022-34265
568121763,L1GH7/Vaultiris,Vulnerabilities/2022/CVE-2022-34918/randorisec/inc/util.h,2889f246530e2699ce2f2a62e100edc7e6935a4b,CVE-2022-34918
568121763,L1GH7/Vaultiris,Vulnerabilities/2022/CVE-2022-39197/TheCryingGame/EvilJarYyy/src/main/java/Exploit.java,28dcf1cdc670e21bf7711b4d92f40b1eeeccc4a4,CVE-2022-39197
568121763,L1GH7/Vaultiris,Vulnerabilities/2009/CVE-2009-5147/vpereira/Makefile,29165cd4de0b04ce526aaee92fc7951a7b93b816,CVE-2009-5147
568121763,L1GH7/Vaultiris,Vulnerabilities/2009/CVE-2009-0229/zveriu/README.md,29efccd260b48340af1fb64204ff4a980ac6f7b1,CVE-2020-1048
568121763,L1GH7/Vaultiris,Vulnerabilities/2009/CVE-2009-0229/zveriu/README.md,29efccd260b48340af1fb64204ff4a980ac6f7b1,MS09-022
568121763,L1GH7/Vaultiris,Vulnerabilities/2009/CVE-2009-0229/zveriu/README.md,29efccd260b48340af1fb64204ff4a980ac6f7b1,CVE-2009-0229
568121763,L1GH7/Vaultiris,Vulnerabilities/2022/CVE-2022-39197/its-arun/README.md,2a0995aea9ce1ab2956861b0c4b95e16dab40444,CVE-2022-39197
568121763,L1GH7/Vaultiris,Vulnerabilities/2022/CVE-2022-37434/nidhi7598/old/Makefile.riscos,2a3285389419eb244671143cc8c6333c7cbfdd2c,CVE-2022-37434
568121763,L1GH7/Vaultiris,Vulnerabilities/2022/CVE-2022-31402/YavuzSahbaz/iTop 3.0.1 XSS Vulnerability,2a43c6cd2f209e9a10c8d9d6f338454f4b46bc52,CVE-2022-31402
568121763,L1GH7/Vaultiris,Vulnerabilities/2022/CVE-2022-36067/0x1nsomnia/rshell.js,2aa2aed71eb5d10188e24cf94b7b27d10a74fcd2,CVE-2022-36067
568121763,L1GH7/Vaultiris,Vulnerabilities/2022/CVE-2022-33679/notareaperbutDR34P3r/CVE-2022-33679.py,2b5936722cfe5b23cf1f3dd9647a4c8c810f1ec7,CVE-2020-17049
568121763,L1GH7/Vaultiris,Vulnerabilities/2022/CVE-2022-33679/notareaperbutDR34P3r/CVE-2022-33679.py,2b5936722cfe5b23cf1f3dd9647a4c8c810f1ec7,CVE-2022-33679
568121763,L1GH7/Vaultiris,Vulnerabilities/2022/CVE-2022-42899/iamsanjay/README.md,2b8ef349d2a363c165fe19484283cc859ad7e3dd,CVE-2022-42899
568121763,L1GH7/Vaultiris,Vulnerabilities/2022/CVE-2022-42899/iamsanjay/README.md,2b8ef349d2a363c165fe19484283cc859ad7e3dd,CVE-2022-42889
568121763,L1GH7/Vaultiris,Vulnerabilities/2022/CVE-2022-37434/nidhi7598/contrib/minizip/unzip.c,2b8f91fbcb6e077692861e97b818352843f9dfc5,CVE-2022-37434
568121763,L1GH7/Vaultiris,Vulnerabilities/2022/CVE-2022-36067/0x1nsomnia/node_modules/qs/dist/qs.js,2bb2020184cb6934821981706f15f0cfbc4a5df0,CVE-2022-36067
568121763,L1GH7/Vaultiris,Vulnerabilities/2022/CVE-2022-37042/aels/formatter.jsp,2bb95302fc65f464032a1e97dd6eeb2b5cc39497,CVE-2022-37042
568121763,L1GH7/Vaultiris,Vulnerabilities/2002/CVE-2002-20001/Balasys/data/dhparam-modp-4096.pem,2c1e76f307fec50eb67527f8ea07e406b7b0ae2e,CVE-2002-20001
568121763,L1GH7/Vaultiris,Vulnerabilities/2022/CVE-2022-36271/SaumyajeetDas/README.md,2c5dca135206a3c6ae0a1a608ecd85660ce511d4,CVE-2022-36271
568121763,L1GH7/Vaultiris,Vulnerabilities/2022/CVE-2022-35914/6E6L6F/README.md,2ca3bcfc3f6f62792003c2b4aaf5f1c32e79d326,CVE-2022-35914
568121763,L1GH7/Vaultiris,Vulnerabilities/2022/CVE-2022-35914/lolminerxmrig/README.md,2d44ee55cf1647e77389afa3fcf9e2278a75d9e1,CVE-2021-41277
568121763,L1GH7/Vaultiris,Vulnerabilities/2022/CVE-2022-35914/lolminerxmrig/README.md,2d44ee55cf1647e77389afa3fcf9e2278a75d9e1,CVE-2022-35914
568121763,L1GH7/Vaultiris,Vulnerabilities/2022/CVE-2022-35914/lolminerxmrig/README.md,2d44ee55cf1647e77389afa3fcf9e2278a75d9e1,CVE-2022-22965
568121763,L1GH7/Vaultiris,Vulnerabilities/2022/CVE-2022-35914/lolminerxmrig/README.md,2d44ee55cf1647e77389afa3fcf9e2278a75d9e1,CVE-2022-36804
568121763,L1GH7/Vaultiris,Vulnerabilities/2022/CVE-2022-35914/lolminerxmrig/README.md,2d44ee55cf1647e77389afa3fcf9e2278a75d9e1,CVE-2020-14882
568121763,L1GH7/Vaultiris,Vulnerabilities/2022/CVE-2022-35914/lolminerxmrig/README.md,2d44ee55cf1647e77389afa3fcf9e2278a75d9e1,CVE-2022-36642
568121763,L1GH7/Vaultiris,Vulnerabilities/2008/CVE-2008-4609/mrclki/main.go,2d7b19a1e5b47b9572c49e674db929b0ddda0dba,CVE-2008-4609
568121763,L1GH7/Vaultiris,Vulnerabilities/2022/CVE-2022-36067/0x1nsomnia/node_modules/vm2/lib/sandbox.js,2e00969c5450ef33f79451db1049b3064b8313e1,CVE-2022-36067
568121763,L1GH7/Vaultiris,Vulnerabilities/2022/CVE-2022-34265/coco0x0a/lab/urls.py,2e29049fee74f7ed6bc8a20b8af0458ffca9a798,CVE-2022-34265
568121763,L1GH7/Vaultiris,Vulnerabilities/2008/CVE-2008-2019/TheRook/sound/f.english.wav,2e3e8ce08be9c434daf367327ab872461f1306b9,CVE-2008-2019
568121763,L1GH7/Vaultiris,Vulnerabilities/2022/CVE-2022-42889/cryxnet/README.md,2e42ebaa67e674df5602912ee59c64cc1ea32970,CVE-2022-42889
568121763,L1GH7/Vaultiris,Vulnerabilities/2010/CVE-2010-4669/quinn-samuel-perry/README.md,2e61bd1c0758ced2b47097f73f525c625307a73f,CVE-2010-4669
568121763,L1GH7/Vaultiris,Vulnerabilities/2022/CVE-2022-36067/0x1nsomnia/node_modules/vm2/.eslintignore,2e6ca230c858a6c7aaba76117823f19e3dcb746d,CVE-2022-36067
568121763,L1GH7/Vaultiris,Vulnerabilities/2022/CVE-2022-3602/cybersecurityworks553/README.md,2e984908388b99d08696cb785dfc55623e56e287,CVE-2022-3786
568121763,L1GH7/Vaultiris,Vulnerabilities/2022/CVE-2022-3602/cybersecurityworks553/README.md,2e984908388b99d08696cb785dfc55623e56e287,CVE-2022-3602
568121763,L1GH7/Vaultiris,Vulnerabilities/2022/CVE-2022-35737/gmh5225/Dockerfile,2eddef3aae5ff4ab1f070ffb5497dcd8c681f279,CVE-2022-35737
568121763,L1GH7/Vaultiris,Vulnerabilities/2022/CVE-2022-37153/5l1v3r1/Artica Proxy Reflected XSS.docx,2f21ba6c5e878a3f58d9870541c31b2a8be963f3,CVE-2022-37153
568121763,L1GH7/Vaultiris,Vulnerabilities/2002/CVE-2002-20001/Balasys/data/dhparam-modp-4096-openssl-325.pem,2f34a7a0b9cf84953d56eeae1bab69366296776a,CVE-2002-20001
568121763,L1GH7/Vaultiris,Vulnerabilities/2002/CVE-2002-0348/alt3kx/CVE-2002-0348.txt,2f6339928f97921056fe6e0e2327ad5c08a9ea3a,CVE-2002-0348
568121763,L1GH7/Vaultiris,Vulnerabilities/2022/CVE-2022-3602/corelight/testing/Traces/sample_OpenSSLv3.0.5.pcap,2fa3b5784171b0c6234f7fbe9e05e2d6f4740673,CVE-2022-3602
568121763,L1GH7/Vaultiris,Vulnerabilities/2022/CVE-2022-3602/NCSC-NL/README.md,300bcf2bd6ebc4d8aaa7f8c9b08c71a812dade97,CVE-2022-3602
568121763,L1GH7/Vaultiris,Vulnerabilities/2022/CVE-2022-3602/NCSC-NL/README.md,300bcf2bd6ebc4d8aaa7f8c9b08c71a812dade97,CVE-2022-3786
568121763,L1GH7/Vaultiris,Vulnerabilities/2022/CVE-2022-34918/veritas501/poc_keyring_common/src/netlink.c,3072f40f60d9064c3f76e86bcdf9c1fb941fbd69,CVE-2022-34918
568121763,L1GH7/Vaultiris,Vulnerabilities/2022/CVE-2022-34918/veritas501/poc_fs_context_cred_common/include/keyring.h,319d8f3ddbf693db114acda6ef690d052dba570c,CVE-2022-34918
568121763,L1GH7/Vaultiris,Vulnerabilities/2022/CVE-2022-34718/SecLabResearchBV/LICENSE,31a3d460bb3c7d98845187c716a30db81c44b615,CVE-2022-34718
568121763,L1GH7/Vaultiris,Vulnerabilities/2005/CVE-2005-0603/Parcer0/LICENSE,31a3d460bb3c7d98845187c716a30db81c44b615,CVE-2005-0603
568121763,L1GH7/Vaultiris,Vulnerabilities/2022/CVE-2022-37203/AgainstTheLight/LICENSE,31a3d460bb3c7d98845187c716a30db81c44b615,CVE-2022-37203
568121763,L1GH7/Vaultiris,Vulnerabilities/2006/CVE-2006-0450/Parcer0/LICENSE,31a3d460bb3c7d98845187c716a30db81c44b615,CVE-2006-0450
568121763,L1GH7/Vaultiris,Vulnerabilities/2022/CVE-2022-38553/4websecurity/LICENSE,31a3d460bb3c7d98845187c716a30db81c44b615,CVE-2022-38553
568121763,L1GH7/Vaultiris,Vulnerabilities/2022/CVE-2022-35737/gmh5225/README.md,31a7602e63b4956657ec85d4b85f6bc0e8d3433e,CVE-2022-35737
568121763,L1GH7/Vaultiris,Vulnerabilities/2008/CVE-2008-2019/syriusbughunt/README.md,31b1c36b4939a36ed85ee2cf9eaa22334864416f,CVE-2019-0708
568121763,L1GH7/Vaultiris,Vulnerabilities/2008/CVE-2008-2019/syriusbughunt/README.md,31b1c36b4939a36ed85ee2cf9eaa22334864416f,CVE-2008-2019
568121763,L1GH7/Vaultiris,Vulnerabilities/2022/CVE-2022-37434/nidhi7598/contrib/puff/puff.h,31b81a7e7fb0595c1a4ad7d443b9e3445c39988c,CVE-2022-37434
568121763,L1GH7/Vaultiris,Vulnerabilities/2022/CVE-2022-32532/Lay0us1/src/main/java/com/example/shirodemo/ShiroConfig.java,31c7810abd4c7f13d8ff76225a881708c8564f7c,CVE-2022-32532
568121763,L1GH7/Vaultiris,Vulnerabilities/2022/CVE-2022-33679/Bdenneu/README.md,3258e212d8896347a209dc655103238fe2713227,CVE-2022-33679
568121763,L1GH7/Vaultiris,Vulnerabilities/2022/CVE-2022-33679/Bdenneu/README.md,3258e212d8896347a209dc655103238fe2713227,CVE-2022-33079
568121763,L1GH7/Vaultiris,Vulnerabilities/2022/CVE-2022-41082/west-wind/CVE/CVE-2022-41082,32b18baa95e5ef3b3dc34895294cdb0231765396,CVE-2022-41082
568121763,L1GH7/Vaultiris,Vulnerabilities/2011/CVE-2011-1475/samaujs/target/maven-status/maven-compiler-plugin/compile/default-compile/inputFiles.lst,331c3dd176ec21e50d074d5e8fc0f268da1426ac,CVE-2011-1475
568121763,L1GH7/Vaultiris,Vulnerabilities/2022/CVE-2022-37434/nidhi7598/examples/zran.c,333da013b695996977db9818cc094ceb175ccc24,CVE-2022-37434
568121763,L1GH7/Vaultiris,Vulnerabilities/2022/CVE-2022-34265/aeyesec/README.md,3354b03b4adb5f3a12494520c3e51ee6dc21ccb2,CVE-2020-7471
568121763,L1GH7/Vaultiris,Vulnerabilities/2022/CVE-2022-34265/aeyesec/README.md,3354b03b4adb5f3a12494520c3e51ee6dc21ccb2,CVE-2022-34265
568121763,L1GH7/Vaultiris,Vulnerabilities/2022/CVE-2022-37703/MaherAzzouzi/README.md,33a79f39e44b99c3f4712d43e085ef877717e0a0,CVE-2022-37703
568121763,L1GH7/Vaultiris,Vulnerabilities/2022/CVE-2022-40140/ZephrFish/README.md,33c8e4b89c1b488e2f5928e65a8534f3600ab019,CVE-2022-41082
568121763,L1GH7/Vaultiris,Vulnerabilities/2022/CVE-2022-40140/ZephrFish/README.md,33c8e4b89c1b488e2f5928e65a8534f3600ab019,CVE-2022-40140
568121763,L1GH7/Vaultiris,Vulnerabilities/2022/CVE-2022-36271/SaumyajeetDas/iertutilTEMP.dll,3447fcc7106121d07927f34f889fbaae3d035dd8,CVE-2022-36271
568121763,L1GH7/Vaultiris,Vulnerabilities/2022/CVE-2022-34918/randorisec/README.md,34653b99c5a93f2dbf2c1edd0a0ca45fc1476071,CVE-2022-34918
568121763,L1GH7/Vaultiris,Vulnerabilities/2022/CVE-2022-40146/cckuailong/Poc/RCE_Script.md,34f679fd55b837d7d1ffaa2ae7276a3977e0975c,CVE-2022-40146
568121763,L1GH7/Vaultiris,Vulnerabilities/2022/CVE-2022-37434/nidhi7598/contrib/iostream3/zfstream.h,351a3f5bfb93196701cc86b27db866a18ca54105,CVE-2022-37434
568121763,L1GH7/Vaultiris,Vulnerabilities/2022/CVE-2022-3368/Wh04m1001/Project3/FileOplock.cpp,357b9594c897d5e334dd811065140bee0ea77c17,CVE-2022-3368
568121763,L1GH7/Vaultiris,Vulnerabilities/2022/CVE-2022-37434/nidhi7598/contrib/vstudio/vc10/miniunz.vcxproj,3589d79572774cd56383341c69a45c7989fccf4e,CVE-2022-37434
568121763,L1GH7/Vaultiris,Vulnerabilities/2022/CVE-2022-31814/EvergreenCartoons/utils/trojan,3598883300f8015f0756ebc179959bd6acb023fd,CVE-2022-31814
568121763,L1GH7/Vaultiris,Vulnerabilities/2022/CVE-2022-37434/nidhi7598/examples/zlib_how.html,35f85759bc23add6a8507c76d05f73131823a9b3,CVE-2022-37434
568121763,L1GH7/Vaultiris,Vulnerabilities/2022/CVE-2022-33679/Amulab/CVE-2022-33679.py,3604556c118bc3753ba74984c5643007fbdffdd8,CVE-2022-33679
568121763,L1GH7/Vaultiris,Vulnerabilities/2022/CVE-2022-37434/nidhi7598/contrib/delphi/readme.txt,366e08eaa227cd3d09810c45639aedf4879b7ecf,CVE-2022-37434
568121763,L1GH7/Vaultiris,Vulnerabilities/2011/CVE-2011-1237/BrunoPujos/cve.cpp,3693dde50f7f4109d109946f230c75359e2ef512,CVE-2011-1237
568121763,L1GH7/Vaultiris,Vulnerabilities/2022/CVE-2022-34265/ZhaoQi99/app/settings.py,374a1be66fc23f334c3f39e670b4902293a051f5,CVE-2022-34265
568121763,L1GH7/Vaultiris,Vulnerabilities/2022/CVE-2022-37042/GreyNoise-Intelligence/README.md,37edc5dd12fa7d674c78178471e3dd73cf56c5dd,CVE-2022-37042
568121763,L1GH7/Vaultiris,Vulnerabilities/2022/CVE-2022-37042/GreyNoise-Intelligence/README.md,37edc5dd12fa7d674c78178471e3dd73cf56c5dd,CVE-2022-27925
568121763,L1GH7/Vaultiris,Vulnerabilities/2022/CVE-2022-37434/nidhi7598/.whitesource,3845a6be1b58d71de4df9805d8755948a039b889,CVE-2022-37434
568121763,L1GH7/Vaultiris,Vulnerabilities/2022/CVE-2022-37434/nidhi7598/contrib/infback9/infback9.c,3904870a8f6d680d8c2d10799e5724d878c788ac,CVE-2022-37434
568121763,L1GH7/Vaultiris,Vulnerabilities/2022/CVE-2022-37434/nidhi7598/contrib/masmx86/bld_ml32.bat,393c0bdf84cf66b59fa7c1c9f15c97fa2f2e3708,CVE-2022-37434
568121763,L1GH7/Vaultiris,Vulnerabilities/2022/CVE-2022-37434/nidhi7598/contrib/ada/zlib.adb,3961008f51def7ffcd692453df7b0f1d8b680645,CVE-2022-37434
568121763,L1GH7/Vaultiris,Vulnerabilities/2022/CVE-2022-39197/TheCryingGame/README.md,39859913eea77c9eed98ce41488117774aa1fdaa,CVE-2022-39197
568121763,L1GH7/Vaultiris,Vulnerabilities/2022/CVE-2022-34970/0xhebi/report.md,39b2508f22b3965f8df22ea981fb54a2c371119a,CVE-2022-34970
568121763,L1GH7/Vaultiris,Vulnerabilities/2022/CVE-2022-37434/nidhi7598/msdos/Makefile.msc,39f6df7982b02e1c8b72298c6cc58bf02d9d9f77,CVE-2022-37434
568121763,L1GH7/Vaultiris,Vulnerabilities/2022/CVE-2022-37434/nidhi7598/contrib/testzlib/testzlib.c,3a477652228da82bad5a36298cf7f87d762b56c3,CVE-2022-37434
568121763,L1GH7/Vaultiris,Vulnerabilities/2002/CVE-2002-20001/Balasys/data/dhparam-modp-8192-openssl-400.pem,3a503c6a1ccf4d6ab48f061c291d4faba83c5b66,CVE-2002-20001
568121763,L1GH7/Vaultiris,Vulnerabilities/2022/CVE-2022-37434/nidhi7598/contrib/masmx86/readme.txt,3a7def405208696951094aa3cb323a28daba527b,CVE-2022-37434
568121763,L1GH7/Vaultiris,Vulnerabilities/2022/CVE-2022-33679/Bdenneu/CVE-2022-33679.py,3a8697c86ecddcdcdcaf2549e3e03ef0ed794d91,CVE-2022-33679
568121763,L1GH7/Vaultiris,Vulnerabilities/2022/CVE-2022-33679/Bdenneu/CVE-2022-33679.py,3a8697c86ecddcdcdcaf2549e3e03ef0ed794d91,CVE-2020-17049
568121763,L1GH7/Vaultiris,Vulnerabilities/2008/CVE-2008-4609/mrclki/README.md,3ab472d6b8ca08b35548fdde2ab9d9deea777bc5,CVE-2008-4609
568121763,L1GH7/Vaultiris,Vulnerabilities/2022/CVE-2022-38577/sornram9254/CVE-2022-38577.py,3ac33e577c2e59864c50f4b658874f2183f5df9b,CVE-2022-38577
568121763,L1GH7/Vaultiris,Vulnerabilities/2002/CVE-2002-0346/alt3kx/CVE-2002-0346.txt,3ad0bd8be98c3f062a3d39d9a47a3cb609a262b9,CVE-2002-0346
568121763,L1GH7/Vaultiris,Vulnerabilities/2022/CVE-2022-36067/0x1nsomnia/node_modules/formidable/src/parsers/Dummy.js,3aef443634267b95d28829c57313295c547f8d82,CVE-2022-36067
568121763,L1GH7/Vaultiris,Vulnerabilities/2022/CVE-2022-37434/nidhi7598/contrib/minizip/configure.ac,3af9ef7230f34cd59af9abd9a23f0f19ca22dc49,CVE-2022-37434
568121763,L1GH7/Vaultiris,Vulnerabilities/2008/CVE-2008-0228/SpiderLabs/README,3b2d11d40e1f5323c8ed61359840b880cd6a7c35,CVE-2008-0228
568121763,L1GH7/Vaultiris,Vulnerabilities/2008/CVE-2008-0228/SpiderLabs/README,3b2d11d40e1f5323c8ed61359840b880cd6a7c35,CVE-2011-0228
568121763,L1GH7/Vaultiris,Vulnerabilities/2008/CVE-2008-0128/ngyanch/src/main/java/com/blackducksoftware/test/Main.java,3b36d23d26bc413c1717191b93ad27b6257dd85b,CVE-2008-0128
568121763,L1GH7/Vaultiris,Vulnerabilities/2022/CVE-2022-35737/gmh5225/Makefile,3b67d9f57dd8e5793fcd4d134bb0868e20864813,CVE-2022-35737
568121763,L1GH7/Vaultiris,Vulnerabilities/2022/CVE-2022-3368/Wh04m1001/Project3/FileOplock.h,3bd194794c60a3a644bf4890097a908727a53cea,CVE-2022-3368
568121763,L1GH7/Vaultiris,Vulnerabilities/2001/CVE-2001-0680/alt3kx/CVE-2001-0680.txt,3bf15e953f3c108794b6213f98972177dbdf594f,CVE-2001-0680
568121763,L1GH7/Vaultiris,Vulnerabilities/2008/CVE-2008-2019/TheRook/sound/y.english.wav,3c055034cb6d4ba5e3fc357da78a3e28847fd5fa,CVE-2008-2019
568121763,L1GH7/Vaultiris,Vulnerabilities/2022/CVE-2022-34265/coco0x0a/app/__pycache__/urls.cpython-39.pyc,3c4be7176ebc849cf0427f0f6fbde896844c067e,CVE-2022-34265
568121763,L1GH7/Vaultiris,Vulnerabilities/2022/CVE-2022-37434/nidhi7598/inftrees.h,3c63a7707d83991f3e074391c047b3136ff3e558,CVE-2022-37434
568121763,L1GH7/Vaultiris,Vulnerabilities/2022/CVE-2022-37434/nidhi7598/contrib/dotzlib/DotZLib/DotZLib.cs,3c86aa9df274ef9d68d0872e4534fb0e4e9f7e2b,CVE-2022-37434
568121763,L1GH7/Vaultiris,Vulnerabilities/2008/CVE-2008-2019/TheRook/a.wav,3c8e42d799124b080d8a21fa6a3eb76f6971107d,CVE-2008-2019
568121763,L1GH7/Vaultiris,Vulnerabilities/2006/CVE-2006-4814/tagatac/INJECT/build.py,3cf3ee2ea96f3793c674929de8194ea91689b542,CVE-2006-4814
568121763,L1GH7/Vaultiris,Vulnerabilities/2022/CVE-2022-37434/nidhi7598/contrib/untgz/Makefile.msc,3d3a312c38dd7e3316ddb553e894734f42d28205,CVE-2022-37434
568121763,L1GH7/Vaultiris,Vulnerabilities/2022/CVE-2022-35737/gmh5225/snprintf-livelock.c,3dad09c05a40b0bfd1d26e313399d0c4df041c48,CVE-2022-35737
568121763,L1GH7/Vaultiris,Vulnerabilities/2022/CVE-2022-37434/nidhi7598/contrib/testzlib/testzlib.txt,3ded501d1592cd38e4e877bccd198f1d343cdc40,CVE-2022-37434
568121763,L1GH7/Vaultiris,Vulnerabilities/2022/CVE-2022-31629/silnex/README.md,3eb07c79fc048025aaf0e39503abd03b009d2d1f,CVE-2022-31629
568121763,L1GH7/Vaultiris,Vulnerabilities/2022/CVE-2022-37434/nidhi7598/zlib.pc.in,3ebc107b34d82b134e9f5933c2a569eb6e952ce4,CVE-2022-37434
568121763,L1GH7/Vaultiris,Vulnerabilities/2022/CVE-2022-40146/cckuailong/README.md,3efc5cce01de58059d8a33e289bb218c4213edd2,CVE-2022-40146
568121763,L1GH7/Vaultiris,Vulnerabilities/2002/CVE-2002-20001/Balasys/dheater/__setup__.py,3f19aa1f32f0311c778f19e55a15cc1fe3adfa60,CVE-2002-20001
568121763,L1GH7/Vaultiris,Vulnerabilities/2022/CVE-2022-37434/nidhi7598/contrib/dotzlib/LICENSE_1_0.txt,3f317fbb3e08fd99169d2e77105d562ea0e482c7,CVE-2022-37434
568121763,L1GH7/Vaultiris,Vulnerabilities/2002/CVE-2002-20001/Balasys/data/dhparam-ffdhe-2048.pem,3f835203a7e6699a7d022f838b4b7bc5718385d9,CVE-2002-20001
568121763,L1GH7/Vaultiris,Vulnerabilities/2002/CVE-2002-20001/Balasys/data/dhparam-modp-6144-openssl-375.pem,3fdfe5f184591b980cbdb6358803497721a5642b,CVE-2002-20001
568121763,L1GH7/Vaultiris,Vulnerabilities/2005/CVE-2005-0603/Parcer0/README.md,400ced798fc510b09645ae00442a93f6ad327925,CVE-2005-0603
568121763,L1GH7/Vaultiris,Vulnerabilities/2022/CVE-2022-36067/0x1nsomnia/node_modules/formidable/src/parsers/StreamingQuerystring.js,40e8d0cbd8d29ed0510488f9f9fe9ca78f96fdbe,CVE-2022-36067
568121763,L1GH7/Vaultiris,Vulnerabilities/2002/CVE-2002-20001/Balasys/data/dhparam-modp-2048-openssl-225.pem,41b5777ec3985f4a84911289ffaf81431046d0ee,CVE-2002-20001
568121763,L1GH7/Vaultiris,Vulnerabilities/2022/CVE-2022-34265/coco0x0a/README.md,41f0a184b398f3db69811b4e1a93519ce8c3dd03,CVE-2022-34265
568121763,L1GH7/Vaultiris,Vulnerabilities/2022/CVE-2022-36067/0x1nsomnia/node_modules/vm2/index.js,4210845ab2a316761332c05475134366b2900da7,CVE-2022-36067
568121763,L1GH7/Vaultiris,Vulnerabilities/2001/CVE-2001-0758/alt3kx/README.md,4288dd72678d44b97eff2719da7665a672ac33f3,CVE-2001-0758
568121763,L1GH7/Vaultiris,Vulnerabilities/2022/CVE-2022-37434/nidhi7598/contrib/blast/blast.c,42b1eaa8d14c4aef01c8a5c5df1d348876caa201,CVE-2022-37434
568121763,L1GH7/Vaultiris,Vulnerabilities/2022/CVE-2022-37434/nidhi7598/contrib/vstudio/vc10/testzlib.vcxproj,42c631dd6c79c8635785171c0e47749f10639eb2,CVE-2022-37434
568121763,L1GH7/Vaultiris,Vulnerabilities/2022/CVE-2022-37434/nidhi7598/contrib/ada/zlib-thin.adb,43c7e58eb582ce078f6ff76aa4f4eb09892ff92b,CVE-2022-37434
568121763,L1GH7/Vaultiris,Vulnerabilities/2022/CVE-2022-36067/0x1nsomnia/node_modules/@types/node/ts4.8/dns/promises.d.ts,4411e22481c839d6ee5623b3321aa5c1cedbef35,CVE-2022-36067
568121763,L1GH7/Vaultiris,Vulnerabilities/2022/CVE-2022-40140/ipsBruno/main.py,441b7054fd6eb1388ecd1f61dec7b3893e72fd3d,CVE-2022-40140
568121763,L1GH7/Vaultiris,Vulnerabilities/2008/CVE-2008-0128/ngyanch/gradlew,446223e9865a320cb76bdf19073a68c3479a4029,CVE-2008-0128
568121763,L1GH7/Vaultiris,Vulnerabilities/2022/CVE-2022-37434/nidhi7598/contrib/dotzlib/DotZLib/GZipStream.cs,44fe554038c5f5fe003269ce76ccf8f6621364cb,CVE-2022-37434
568121763,L1GH7/Vaultiris,Vulnerabilities/2022/CVE-2022-37202/AgainstTheLight/README.md,45bc4287ef34ad1a5d1df3d1f9f829cf023102ab,CVE-2022-37202
568121763,L1GH7/Vaultiris,Vulnerabilities/2022/CVE-2022-36067/0x1nsomnia/node_modules/dezalgo/README.md,45d84bdab013491529e74354d09e10670fcfb31f,CVE-2022-36067
568121763,L1GH7/Vaultiris,Vulnerabilities/2022/CVE-2022-31299/bigzooooz/README.md,464ecc344d847490e861fb5775b3105e4281f728,CVE-2022-31299
568121763,L1GH7/Vaultiris,Vulnerabilities/2022/CVE-2022-34918/veritas501/poc_fs_context_common/include/common.h,46506462eb206ce71fd6f4eba5918beca7c30ffd,CVE-2022-34918
568121763,L1GH7/Vaultiris,Vulnerabilities/2022/CVE-2022-34918/veritas501/poc_keyring_normal/Makefile,4685784fb38545b4f13af440182fb5152c316901,CVE-2022-34918
568121763,L1GH7/Vaultiris,Vulnerabilities/2022/CVE-2022-37434/nidhi7598/gzclose.c,4698124c166f59728db9ae229f8467459b458ef3,CVE-2022-37434
568121763,L1GH7/Vaultiris,Vulnerabilities/2022/CVE-2022-32883/breakpointHQ/get_distance_from.rb,469b7db556b51e0147a59c365473cffd4ba24d7e,CVE-2022-32883
568121763,L1GH7/Vaultiris,Vulnerabilities/2009/CVE-2009-1904/NZKoz/README.textile,46dd10ecc7fc168d8e3dcbe293edb06f25e62418,CVE-2009-1904
568121763,L1GH7/Vaultiris,Vulnerabilities/2022/CVE-2022-37434/nidhi7598/contrib/dotzlib/DotZLib.sln,47162b9e81db54ca73c9f7da8113a2717fc423db,CVE-2022-37434
568121763,L1GH7/Vaultiris,Vulnerabilities/2022/CVE-2022-34265/coco0x0a/app/__pycache__/settings.cpython-39.pyc,473b0f3ec347bc26ddc4d2ab4fe63956ee63b964,CVE-2022-34265
568121763,L1GH7/Vaultiris,Vulnerabilities/2022/CVE-2022-37434/nidhi7598/contrib/README.contrib,475516108e2c7114f41a90db8408a6febbe862c0,CVE-2022-37434
568121763,L1GH7/Vaultiris,Vulnerabilities/2022/CVE-2022-40140/mr-r3b00t/README.md,475d9a46a4ed4a1987ca793ec6bab881669cea21,CVE-2022-40140
568121763,L1GH7/Vaultiris,Vulnerabilities/2022/CVE-2022-40140/mr-r3b00t/README.md,475d9a46a4ed4a1987ca793ec6bab881669cea21,CVE-2022-41082
568121763,L1GH7/Vaultiris,Vulnerabilities/2022/CVE-2022-38789/ProxyStaffy/Description,47709d355501a3c6ae5b81d8e1613877785ba747,CVE-2022-38789
568121763,L1GH7/Vaultiris,Vulnerabilities/2022/CVE-2022-42889/karthikuj/src/main/java/com/levo/dockerexample/DockerApp.java,48bebb71e7c6739471aaf2d2bc2e847941fae417,CVE-2022-42889
568121763,L1GH7/Vaultiris,Vulnerabilities/2011/CVE-2011-1475/samaujs/src/test/java/com/adventit/app/AppTest.java,48df91d39bc6a372d8eb0870192aa538f51e49b4,CVE-2011-1475
568121763,L1GH7/Vaultiris,Vulnerabilities/2022/CVE-2022-36067/0x1nsomnia/node_modules/hexoid/dist/index.js,48ef26e80360680ae881d735fe1384261e7bbaca,CVE-2022-36067
568121763,L1GH7/Vaultiris,Vulnerabilities/2022/CVE-2022-34265/coco0x0a/docker-compose.yml,495fcf93eed12ebdc78943c6cb5e0a0e5f405e9d,CVE-2022-34265
568121763,L1GH7/Vaultiris,Vulnerabilities/2022/CVE-2022-36067/0x1nsomnia/node_modules/@types/node/http.d.ts,49e6cb15111c14e0a183e114189d1308b1ffbedc,CVE-2022-36067
568121763,L1GH7/Vaultiris,Vulnerabilities/2022/CVE-2022-37434/nidhi7598/deflate.c,49e93d03fd6ff5a4cf68590b1700dc95a1545524,CVE-2022-37434
568121763,L1GH7/Vaultiris,Vulnerabilities/2022/CVE-2022-34918/veritas501/poc_fs_context_cred_common/include/fsopen_spray.h,49ffa22640f6c4ada4d27cea33d2034c5f499659,CVE-2022-34918
568121763,L1GH7/Vaultiris,Vulnerabilities/2022/CVE-2022-34715/Starssgo/CVE-2022-34715-poc.pcapng,4a00905b74cfdbb60dd360f38879663eb3c51e2e,CVE-2022-34715
568121763,L1GH7/Vaultiris,Vulnerabilities/2022/CVE-2022-36067/Prathamrajgor/payload..js,4a40c9d3594d22ac260de73c8e32c526f8430d22,CVE-2022-36067
568121763,L1GH7/Vaultiris,Vulnerabilities/2022/CVE-2022-37434/nidhi7598/contrib/masmx64/bld_ml64.bat,4a68bb493eb5a6ae25b73dd1f2f796031b5c7e22,CVE-2022-37434
568121763,L1GH7/Vaultiris,Vulnerabilities/2022/CVE-2022-37434/nidhi7598/contrib/vstudio/vc9/zlibvc.vcproj,4a9bdcc7eba53a7c4e4e5555d8d2192d124b19af,CVE-2022-37434
568121763,L1GH7/Vaultiris,Vulnerabilities/2022/CVE-2022-37434/nidhi7598/contrib/amd64/amd64-match.S,4ac2676fb0393520f0d051965529c39139e7de8c,CVE-2022-37434
568121763,L1GH7/Vaultiris,Vulnerabilities/2022/CVE-2022-34265/aeyesec/settings.py,4ad6ab987c60eb7cf0c87f74dd04c67bfb6cb93f,CVE-2022-34265
568121763,L1GH7/Vaultiris,Vulnerabilities/2022/CVE-2022-3602/corelight/README.md,4b16eaaf1bd491ba40d350cd505e016314ee0749,CVE-2022-3602
568121763,L1GH7/Vaultiris,Vulnerabilities/2022/CVE-2022-37434/nidhi7598/nintendods/Makefile,4b2d315c399a4db63f6380e9172d93ad0f500edf,CVE-2022-37434
568121763,L1GH7/Vaultiris,Vulnerabilities/2022/CVE-2022-37434/nidhi7598/contrib/vstudio/vc9/testzlib.vcproj,4b82ae1fc3b0652d12def6089a885f7b76841616,CVE-2022-37434
568121763,L1GH7/Vaultiris,Vulnerabilities/2022/CVE-2022-3602/corelight/testing/Baseline/tests.test/notice_cut_vulnerable.log,4b923f65a1c32283a058efdf3a5404bcee585919,CVE-2022-3602
568121763,L1GH7/Vaultiris,Vulnerabilities/2022/CVE-2022-35737/gmh5225/snprintf-good-example.c,4ba84bf09d013da15b7468658dc70a0306bab91a,CVE-2022-35737
568121763,L1GH7/Vaultiris,Vulnerabilities/2022/CVE-2022-37434/nidhi7598/contrib/vstudio/vc9/testzlibdll.vcproj,4c58593cf80344407efdd7db25a3b44b0174966c,CVE-2022-37434
568121763,L1GH7/Vaultiris,Vulnerabilities/2022/CVE-2022-39197/PyterSmithDarkGhost/cve-2022-39197-poc.py,4c5eed9077ff74cfb3c1c8afa6cbeaf440f5bc81,CVE-2022-39197
568121763,L1GH7/Vaultiris,Vulnerabilities/2011/CVE-2011-1475/samaujs/target/cve-app-1.0-SNAPSHOT.jar,4ccd3d5e27d29dbb7b51148f561f85a47e9cd317,CVE-2011-1475
568121763,L1GH7/Vaultiris,Vulnerabilities/2022/CVE-2022-31629/silnex/nginx/dockerfile,4ce5111bae4004b2a7f442b501d587020df592e3,CVE-2022-31629
568121763,L1GH7/Vaultiris,Vulnerabilities/2022/CVE-2022-31691/SpindleSec/README.md,4cfacf6d9540544e14d61b1f5f4b6f25a719f7e0,CVE-2022-31691
568121763,L1GH7/Vaultiris,Vulnerabilities/2001/CVE-2001-0934/alt3kx/README.md,4d453ccd4c1ac826744a8703e297a4bc95d9f11e,CVE-2001-0934
568121763,L1GH7/Vaultiris,Vulnerabilities/2022/CVE-2022-34918/randorisec/inc/uring.h,4d580a7f73a26f15491165a24485526d5cd47470,CVE-2022-34918
568121763,L1GH7/Vaultiris,Vulnerabilities/2022/CVE-2022-33980/sammwyy/README.md,4d7f2fd97544de9161ade40ec61e30dcb8337eb5,CVE-2022-33980
568121763,L1GH7/Vaultiris,Vulnerabilities/2022/CVE-2022-3602/NCSC-NL/.github/ISSUE_TEMPLATE/other.md,4da1567c80cd39cd13ed8392933dcd9b0d1bd294,CVE-2022-3602
568121763,L1GH7/Vaultiris,Vulnerabilities/2009/CVE-2009-1904/NZKoz/LICENSE,4dec44907bcf5125f29d292c7cd7023c7de37d3a,CVE-2009-1904
568121763,L1GH7/Vaultiris,Vulnerabilities/2022/CVE-2022-36067/0x1nsomnia/node_modules/@types/node/ts4.8/assert/strict.d.ts,4e29740977842a998a1a838f67ec0eac58d6defe,CVE-2022-36067
568121763,L1GH7/Vaultiris,Vulnerabilities/2022/CVE-2022-31793/xpgdgit/README.md,4ecf551e3e89bef970296b9be4d95f657031cf0d,CVE-2022-31793
568121763,L1GH7/Vaultiris,Vulnerabilities/2008/CVE-2008-2019/TheRook/sound/o.english.wav,4edae57f2287b9ec31f1ff250ede5d0197387c10,CVE-2008-2019
568121763,L1GH7/Vaultiris,Vulnerabilities/2022/CVE-2022-37434/nidhi7598/crc32.c,4f033cc214310b581036760b9ad4537397257fa5,CVE-2022-37434
568121763,L1GH7/Vaultiris,Vulnerabilities/2022/CVE-2022-34918/randorisec/src/util.c,4f0e1e54547f0fb72fcf2e94a97c228b450ab886,CVE-2022-34918
568121763,L1GH7/Vaultiris,Vulnerabilities/2022/CVE-2022-32883/breakpointHQ/poc2.rb,4f155d7109058387dea68f3bb8de7b7afe0e1a9c,CVE-2022-32883
568121763,L1GH7/Vaultiris,Vulnerabilities/2022/CVE-2022-36663/aqeisi/CVE-2022-36663.py,4f36f8dea883d0df39e50b1049b03146d4d14b2c,CVE-2022-36663
568121763,L1GH7/Vaultiris,Vulnerabilities/2001/CVE-2001-0933/alt3kx/README.md,4f52c08981ad850a1fa6c84765b09ae189c43ebf,CVE-2001-0933
568121763,L1GH7/Vaultiris,Vulnerabilities/2022/CVE-2022-37434/nidhi7598/inffast.h,4fc803c43a562b2b92a97e22300754ddfe44c603,CVE-2022-37434
568121763,L1GH7/Vaultiris,Vulnerabilities/2022/CVE-2022-37434/nidhi7598/contrib/minizip/iowin32.h,4fedf239afafc20e420c5fec678dba91c1dd0074,CVE-2022-37434
568121763,L1GH7/Vaultiris,Vulnerabilities/2022/CVE-2022-31296/bigzooooz/README.md,5080e5719dd4a66986f1a3ba73e088ce394596f6,CVE-2022-31296
568121763,L1GH7/Vaultiris,Vulnerabilities/2022/CVE-2022-33980/trhacknon/src/main/java/com/txf/main.java,50c2511541189616a74027b817dce9fb1430d9e1,CVE-2022-33980
568121763,L1GH7/Vaultiris,Vulnerabilities/2022/CVE-2022-34265/coco0x0a/lab/migrations/__pycache__/0002_rename_name_flag_secret_remove_flag_description.cpython-39.pyc,50ffd483eb0d5bf9d67412169bf1cfea6b5482ab,CVE-2022-34265
568121763,L1GH7/Vaultiris,Vulnerabilities/2022/CVE-2022-37434/nidhi7598/old/Makefile.emx,512f3cf405b6671ef59e97277e03c1e78b117858,CVE-2022-37434
568121763,L1GH7/Vaultiris,Vulnerabilities/2022/CVE-2022-36067/0x1nsomnia/node_modules/vm2/.eslintrc.js,5168551af57fda8fe8d672ca17c2b1103292d8f6,CVE-2022-36067
568121763,L1GH7/Vaultiris,Vulnerabilities/2022/CVE-2022-31262/secure-77/exploit.ps1,518a4e66c808dcaf7ca5c1b812ad80c796f50b80,CVE-2022-31262
568121763,L1GH7/Vaultiris,Vulnerabilities/2022/CVE-2022-37434/nidhi7598/contrib/pascal/example.pas,51c42c32667ef6fc0b4b51867afac971fe11c15c,CVE-2022-37434
568121763,L1GH7/Vaultiris,Vulnerabilities/2008/CVE-2008-2019/TheRook/sound/s.english.wav,52ab433df34a163714bef6cf117759d97095049c,CVE-2008-2019
568121763,L1GH7/Vaultiris,Vulnerabilities/2022/CVE-2022-41040/ITPATJIDR/README.md,52ea4d58f1722b37ad56d9907245e9b2a08e7598,CVE-2022-41040
568121763,L1GH7/Vaultiris,Vulnerabilities/2009/CVE-2009-1244/piotrbania/vmware_exploit_pack_CVE-2009-1244/utilz/InstDvr/INSTDRV.EXE,53440f4adee94d6cb49ff39998c14a6a9f539a36,CVE-2009-1244
568121763,L1GH7/Vaultiris,Vulnerabilities/2022/CVE-2022-36067/0x1nsomnia/node_modules/asap/README.md,538d5e8ff175447bc0506b06c6ee25bf48e980b2,CVE-2022-36067
568121763,L1GH7/Vaultiris,Vulnerabilities/2022/CVE-2022-36067/0x1nsomnia/node_modules/dezalgo/dezalgo.js,53e9049331a19fdedcfc4bfdabb398cbe1aa5ee3,CVE-2022-36067
568121763,L1GH7/Vaultiris,Vulnerabilities/2022/CVE-2022-35914/6E6L6F/elf.py,53fd2e050fbabe5e83f100929f4fae7364c77b53,CVE-2022-35914
568121763,L1GH7/Vaultiris,Vulnerabilities/2022/CVE-2022-34918/Sechack06/Makefile,543d3df7ebd157b52b2471e3881ce64e7b2cfa82,CVE-2022-34918
568121763,L1GH7/Vaultiris,Vulnerabilities/2022/CVE-2022-37434/nidhi7598/test/minigzip.c,5456d303b16c8eb47d13d18f2aa083f03da6c5a1,CVE-2022-37434
568121763,L1GH7/Vaultiris,Vulnerabilities/2022/CVE-2022-37434/nidhi7598/contrib/minizip/miniunz.c,54e7b5392ee6600c91c9c423561941a571aaf715,CVE-2022-37434
568121763,L1GH7/Vaultiris,Vulnerabilities/2007/CVE-2007-4559/advanced-threat-research/README.md,5500fac955d0aa53c028ab407f5ff1b6ba60e4ca,CVE-2007-4559
568121763,L1GH7/Vaultiris,Vulnerabilities/2022/CVE-2022-36067/0x1nsomnia/node_modules/formidable/src/plugins/octetstream.js,5529d95a0ec32518215a668a70232aeb51224358,CVE-2022-36067
568121763,L1GH7/Vaultiris,Vulnerabilities/2022/CVE-2022-41082/trhacknon/README.md,55ccc380ddc569eb702cd0b27070e7fed00bd249,CVE-2022-41040
568121763,L1GH7/Vaultiris,Vulnerabilities/2022/CVE-2022-41082/trhacknon/README.md,55ccc380ddc569eb702cd0b27070e7fed00bd249,CVE-2022-41082
568121763,L1GH7/Vaultiris,Vulnerabilities/2022/CVE-2022-31294/bigzooooz/README.md,561a4d7f56d0b2fb39471857b0d38b52d0b1d6ee,CVE-2022-31294
568121763,L1GH7/Vaultiris,Vulnerabilities/2022/CVE-2022-32532/Lay0us1/README.md,56f218d00ab82ea0569d20fec2704728e26b9ba4,CVE-2022-32532
568121763,L1GH7/Vaultiris,Vulnerabilities/2022/CVE-2022-32532/Lay0us1/README.md,56f218d00ab82ea0569d20fec2704728e26b9ba4,CVE-2022-22978
568121763,L1GH7/Vaultiris,Vulnerabilities/2022/CVE-2022-36067/0x1nsomnia/node_modules/@types/node/querystring.d.ts,571e4f361ddcd8c0576a18b6888c1cb87e690a27,CVE-2022-36067
568121763,L1GH7/Vaultiris,Vulnerabilities/2022/CVE-2022-34265/coco0x0a/lab/models.py,57b03d87e6a6d1f43150f4d91f1bb9dd683e59d4,CVE-2022-34265
568121763,L1GH7/Vaultiris,Vulnerabilities/2022/CVE-2022-37434/nidhi7598/contrib/iostream/zfstream.h,57f03c37ca952cec5e58c827995365c18c728285,CVE-2022-37434
568121763,L1GH7/Vaultiris,Vulnerabilities/2022/CVE-2022-34265/aeyesec/docker-compose.yml,582bd1f40c957e4cbf220ca9a972647499bd2dd5,CVE-2022-34265
568121763,L1GH7/Vaultiris,Vulnerabilities/2022/CVE-2022-36067/0x1nsomnia/node_modules/wrappy/README.md,582d7139d169b0fc0b1014f2372a0aa26a52cfb8,CVE-2022-36067
568121763,L1GH7/Vaultiris,Vulnerabilities/2022/CVE-2022-39197/PyterSmithDarkGhost/beacon_utils.py,5838c972e626b954d9c7b667d9dc776904be2bdc,CVE-2022-39197
568121763,L1GH7/Vaultiris,Vulnerabilities/2022/CVE-2022-35698/EmicoEcommerce/.idea/Magento-APSB22-48.iml,5859c9883f46f9f77ccdd22e90f71b82ef890b22,CVE-2022-35698
568121763,L1GH7/Vaultiris,Vulnerabilities/2011/CVE-2011-1475/samaujs/target/classes/com/adventit/app/App.class,5895a4daf26258cb5f67a0f0b5d968475a211051,CVE-2011-1475
568121763,L1GH7/Vaultiris,Vulnerabilities/2022/CVE-2022-37434/nidhi7598/doc/rfc1950.txt,58f11c3e7778ca30e9c9330ab248107371429dd8,CVE-2022-37434
568121763,L1GH7/Vaultiris,Vulnerabilities/2022/CVE-2022-37434/nidhi7598/test/infcover.c,591f0ed4ba6abfcd0a31cd74c7e83d1f8efceccc,CVE-2022-37434
568121763,L1GH7/Vaultiris,Vulnerabilities/2022/CVE-2022-31629/silnex/8111/dockerfile,594b90ac09b8f2867e7ceaa9fd9c37a538abc04f,CVE-2022-31629
568121763,L1GH7/Vaultiris,Vulnerabilities/2008/CVE-2008-2019/TheRook/math.php,595002de9d581888043cdb121bb8134dfb45f7cf,CVE-2008-2019
568121763,L1GH7/Vaultiris,Vulnerabilities/2022/CVE-2022-36067/0x1nsomnia/node_modules/qs/.github/FUNDING.yml,5968075e1cbe9f11d62b700faba1c9b44291bd7e,CVE-2022-36067
568121763,L1GH7/Vaultiris,Vulnerabilities/2022/CVE-2022-36067/0x1nsomnia/node_modules/qs/test/index.js,597801d7cbacf7a83f59b0615ec53af28dd5ab2c,CVE-2022-36067
568121763,L1GH7/Vaultiris,Vulnerabilities/2022/CVE-2022-37434/nidhi7598/contrib/masmx86/inffas32.asm,597f6d4f0ca1cff4c01b152eefe63278bf7bfe2a,CVE-2022-37434
568121763,L1GH7/Vaultiris,Vulnerabilities/2022/CVE-2022-36200/afaq1337/README.md,59e7560663888c9113ed0db6466e3bac3872cdb3,CVE-2022-36200
568121763,L1GH7/Vaultiris,Vulnerabilities/2022/CVE-2022-34918/randorisec/inc/log.h,5a9afb78a9561b36b445d88fc956c4586032650a,CVE-2022-34918
568121763,L1GH7/Vaultiris,Vulnerabilities/2022/CVE-2022-37042/aels/README.md,5adc47c8d75cef45bea5c586585e1aee43267db5,CVE-2022-37042
568121763,L1GH7/Vaultiris,Vulnerabilities/2002/CVE-2002-20001/Balasys/tox.ini,5b6f6f59643ea418ca9350e5841653c85536abab,CVE-2002-20001
568121763,L1GH7/Vaultiris,Vulnerabilities/2022/CVE-2022-36067/0x1nsomnia/node_modules/vm2/lib/cli.js,5b7a7495784bfd0afc587baf64f33e9534c35d06,CVE-2022-36067
568121763,L1GH7/Vaultiris,Vulnerabilities/2022/CVE-2022-36067/0x1nsomnia/node_modules/hexoid/dist/index.min.js,5ba174157c433e28f1d430d5adb6d970d7682b90,CVE-2022-36067
568121763,L1GH7/Vaultiris,Vulnerabilities/2022/CVE-2022-37434/nidhi7598/contrib/dotzlib/DotZLib/DotZLib.csproj,5bb3d12882a4902db252ae463334e39d63757e45,CVE-2022-37434
568121763,L1GH7/Vaultiris,Vulnerabilities/2022/CVE-2022-36804/trhacknon/shodan-query.py,5bdf2f0b1e7b7f60d7c00315d5b85af383168dd5,CVE-2022-36804
568121763,L1GH7/Vaultiris,Vulnerabilities/2022/CVE-2022-3368/Wh04m1001/Project3/Project3.vcxproj,5bfc9aa3639aab1e4a1724448a78328bb1d4438b,CVE-2022-3368
568121763,L1GH7/Vaultiris,Vulnerabilities/2022/CVE-2022-37434/nidhi7598/contrib/vstudio/vc10/testzlibdll.vcxproj.user,5c0c20580f8c5a6353b282504437522e1ee5b23d,CVE-2022-37434
568121763,L1GH7/Vaultiris,Vulnerabilities/2022/CVE-2022-36067/0x1nsomnia/node_modules/@types/node/string_decoder.d.ts,5cf6c42312663ee03ea216de651b9576944ba641,CVE-2022-36067
568121763,L1GH7/Vaultiris,Vulnerabilities/2022/CVE-2022-31793/xpgdgit/POC.py,5d634064a876b6f612dc24aded362ea0749343af,CVE-2022-31793
568121763,L1GH7/Vaultiris,Vulnerabilities/2022/CVE-2022-37434/nidhi7598/trees.h,5d8a9c42f902d2418a7e63b539c0f319373e9400,CVE-2022-37434
568121763,L1GH7/Vaultiris,Vulnerabilities/2022/CVE-2022-36067/0x1nsomnia/node_modules/asap/raw.js,5dd00f087a2cb50f5bcf6bde80f144e3444c6b26,CVE-2022-36067
568121763,L1GH7/Vaultiris,Vulnerabilities/2022/CVE-2022-32832/AkbarTrilaksana/LICENSE,5dde863434a881a911a3bfd7107d89315da2e082,CVE-2022-32832
568121763,L1GH7/Vaultiris,Vulnerabilities/2009/CVE-2009-1244/piotrbania/vmware_exploit_pack_CVE-2009-1244/README.TXT,5e33f357ef61010b24e08d81adf67d0639e0c4ed,CVE-2009-1244
568121763,L1GH7/Vaultiris,Vulnerabilities/2002/CVE-2002-20001/Balasys/README.md,5e7cfc49da4b0984a8422f742355f7355daf3c70,CVE-2002-20001
568121763,L1GH7/Vaultiris,Vulnerabilities/2022/CVE-2022-34918/veritas501/poc_keyring_normal/include/raw_packet.h,5ea4de7f9968002d71605db882522caf1635ba15,CVE-2022-34918
568121763,L1GH7/Vaultiris,Vulnerabilities/2002/CVE-2002-20001/Balasys/data/dhparam-modp-8192.pem,5ee16733224cfa72ea985a6c22a625f89ec07ec1,CVE-2002-20001
568121763,L1GH7/Vaultiris,Vulnerabilities/2022/CVE-2022-37434/nidhi7598/contrib/ada/test.adb,5eebe86bd398dade5340cc4af24685bf02df671f,CVE-2022-37434
568121763,L1GH7/Vaultiris,Vulnerabilities/2022/CVE-2022-36067/0x1nsomnia/node_modules/@types/node/stream.d.ts,5f389341dbea5f1b0d0420d44fccacebaad46f5a,CVE-2022-36067
568121763,L1GH7/Vaultiris,Vulnerabilities/2022/CVE-2022-36067/0x1nsomnia/node_modules/vm2/index.d.ts,5f57304ebd06cfaf1af71464d5b8c175bad3b343,CVE-2022-36067
568121763,L1GH7/Vaultiris,Vulnerabilities/2022/CVE-2022-31295/bigzooooz/README.md,5f7821f8b6d443a727112ce09a374c515e345705,CVE-2022-31295
568121763,L1GH7/Vaultiris,Vulnerabilities/2022/CVE-2022-37434/nidhi7598/contrib/vstudio/vc9/minizip.vcproj,5f95159cb2dcf9ed8e63a55ed13d1af7535e3483,CVE-2022-37434
568121763,L1GH7/Vaultiris,Vulnerabilities/2022/CVE-2022-36067/0x1nsomnia/node_modules/@types/node/README.md,6001d17286032b79fd1939225a7a500cb6bc154f,CVE-2022-36067
568121763,L1GH7/Vaultiris,Vulnerabilities/2022/CVE-2022-3546/thehackingverse/Poc,60505112b128011c5f9f121a118fbef758b5b9fc,CVE-2022-3546
568121763,L1GH7/Vaultiris,Vulnerabilities/2022/CVE-2022-42889/karthikuj/Dockerfile,605ac87db4f9daf2778166a4d3ea272ab5d1f1e4,CVE-2022-42889
568121763,L1GH7/Vaultiris,Vulnerabilities/2022/CVE-2022-36946/Pwnzer0tt1/panic6.c,607a429e19430cd091c3b50c621acbd08eaa6bf4,CVE-2022-36946
568121763,L1GH7/Vaultiris,Vulnerabilities/2022/CVE-2022-37434/nidhi7598/contrib/masmx64/readme.txt,60891f477c869f437d43c1ae3b4a9babea156e16,CVE-2022-37434
568121763,L1GH7/Vaultiris,Vulnerabilities/2008/CVE-2008-2019/TheRook/README.txt,60ba6353ede4d097e4253981d1b311e3c8391f6d,CVE-2008-2019
568121763,L1GH7/Vaultiris,Vulnerabilities/2008/CVE-2008-2019/TheRook/README.txt,60ba6353ede4d097e4253981d1b311e3c8391f6d,CVE-2007-3308
568121763,L1GH7/Vaultiris,Vulnerabilities/2022/CVE-2022-36946/Pwnzer0tt1/README.md,60e6ef8e42843fc0d041652ecc8822d8ab424365,CVE-2022-36946
568121763,L1GH7/Vaultiris,Vulnerabilities/2022/CVE-2022-37434/nidhi7598/treebuild.xml,613b923d805d4ddcb622b69f502d3981cf0c7cb8,CVE-2022-37434
568121763,L1GH7/Vaultiris,Vulnerabilities/2022/CVE-2022-36067/0x1nsomnia/node_modules/qs/lib/formats.js,614593ff67937611ca538dc90e7bb4a924af9462,CVE-2022-36067
568121763,L1GH7/Vaultiris,Vulnerabilities/2022/CVE-2022-41082/west-wind/MITRE/T1190.spl,6199c2ba6f61480e708dd83a696855aeae2ffa89,CVE-2022-41082
568121763,L1GH7/Vaultiris,Vulnerabilities/2022/CVE-2022-37434/nidhi7598/contrib/minizip/iowin32.c,61ea080a4222ef2b81c618ba48f0d9f8f4130296,CVE-2022-37434
568121763,L1GH7/Vaultiris,Vulnerabilities/2022/CVE-2022-34918/randorisec/inc/modprobe.h,62834490a745e872a2589ae90d4fd8271cbda5c8,CVE-2022-34918
568121763,L1GH7/Vaultiris,Vulnerabilities/2022/CVE-2022-42889/karthikuj/README.md,62adb8a11d16f1b1dd5ead55252f5ef0ebae8563,CVE-2022-42889
568121763,L1GH7/Vaultiris,Vulnerabilities/2022/CVE-2022-39197/PyterSmithDarkGhost/parse_beacon_config.py,62c0b6c78963c97d0a5d4acef6886beb9e922d13,CVE-2022-39197
568121763,L1GH7/Vaultiris,Vulnerabilities/2002/CVE-2002-20001/Balasys/requirements.txt,62cb4c6cca769d520503c1190c89472a103f3192,CVE-2002-20001
568121763,L1GH7/Vaultiris,Vulnerabilities/2022/CVE-2022-36067/0x1nsomnia/node_modules/formidable/README.md,63868b9b084e9d4e06946fe8551f63bc1e78fbbd,CVE-2022-36067
568121763,L1GH7/Vaultiris,Vulnerabilities/2008/CVE-2008-0228/SpiderLabs/testcert.m,6390e8f8e7117cc03cf4d02a2d97db502a7aa361,CVE-2008-0228
568121763,L1GH7/Vaultiris,Vulnerabilities/2008/CVE-2008-0228/SpiderLabs/testcert.m,6390e8f8e7117cc03cf4d02a2d97db502a7aa361,CVE-2011-0228
568121763,L1GH7/Vaultiris,Vulnerabilities/2022/CVE-2022-36067/0x1nsomnia/node_modules/qs/lib/parse.js,63a52758d23b21dbe33430ccc67ee337b3e6e37a,CVE-2022-36067
568121763,L1GH7/Vaultiris,Vulnerabilities/2022/CVE-2022-37434/nidhi7598/contrib/dotzlib/DotZLib/CodecBase.cs,6409457f35b422fa389c3890b9e3712dabd78af6,CVE-2022-37434
568121763,L1GH7/Vaultiris,Vulnerabilities/2022/CVE-2022-32883/breakpointHQ/README.md,645238bec005eaccf18d9c4b2846a656231b8a99,CVE-2022-32883
568121763,L1GH7/Vaultiris,Vulnerabilities/2022/CVE-2022-37434/nidhi7598/amiga/Makefile.sas,64787face2d527df6c78ba8754eb54c53dda6ac2,CVE-2022-37434
568121763,L1GH7/Vaultiris,Vulnerabilities/2022/CVE-2022-34265/aeyesec/Dockerfile,648c46818a3170b867aabfd262b837d367c4dc0b,CVE-2022-34265
568121763,L1GH7/Vaultiris,Vulnerabilities/2022/CVE-2022-40687/williamkhepri/fortinet_product_auth_bypass.py,64fdbfa686dadd992e5e9ef7797f86d0c548a15c,CVE-2022-40687
568121763,L1GH7/Vaultiris,Vulnerabilities/2022/CVE-2022-36067/0x1nsomnia/node_modules/@types/node/globals.global.d.ts,65345cc2075c41e71aea376f537ac77535a86529,CVE-2022-36067
568121763,L1GH7/Vaultiris,Vulnerabilities/2022/CVE-2022-34918/veritas501/poc_fs_context_common/src/keyring.c,654eefb07cabca8dfb041d688c88a94892f1d44a,CVE-2022-34918
568121763,L1GH7/Vaultiris,Vulnerabilities/2022/CVE-2022-36067/0x1nsomnia/node_modules/@types/node/ts4.8/stream/web.d.ts,6585afbc75e807c2b395a684aa1144419a4ac0b5,CVE-2022-36067
568121763,L1GH7/Vaultiris,Vulnerabilities/2022/CVE-2022-36067/0x1nsomnia/node_modules/@types/node/path.d.ts,65bafa7da230a805118b448c52ea6a5845d28e0d,CVE-2022-36067
568121763,L1GH7/Vaultiris,Vulnerabilities/2022/CVE-2022-34918/Sechack06/poc.c,65ee572ba068a2f54cc414c27f324f230e882156,CVE-2022-34918
568121763,L1GH7/Vaultiris,Vulnerabilities/2022/CVE-2022-31262/secure-77/GalaxyCommunication.exe,6626f52e25333cbf31116b6d8b89267e06f1f6cc,CVE-2022-31262
568121763,L1GH7/Vaultiris,Vulnerabilities/2008/CVE-2008-6827/alt3kx/CVE-2008-6827.txt,66b3cf21f5be7f9884351b57cdb73c88984339bb,CVE-2008-6827
568121763,L1GH7/Vaultiris,Vulnerabilities/2008/CVE-2008-6827/alt3kx/CVE-2008-6827.txt,66b3cf21f5be7f9884351b57cdb73c88984339bb,MS04-019
568121763,L1GH7/Vaultiris,Vulnerabilities/2006/CVE-2006-3592/adenkiewicz/exploit.py,671a70a7885fc4f2fcf5b7025cf9cd2e74cb2d13,CVE-2006-3592
568121763,L1GH7/Vaultiris,Vulnerabilities/2006/CVE-2006-3592/adenkiewicz/exploit.py,671a70a7885fc4f2fcf5b7025cf9cd2e74cb2d13,CVE-2006-3952
568121763,L1GH7/Vaultiris,Vulnerabilities/2022/CVE-2022-32532/Lay0us1/src/main/java/com/example/shirodemo/MyShiroFilterFactoryBean.java,672a9bb53ade430594dfc15109d6cda277851f54,CVE-2022-32532
568121763,L1GH7/Vaultiris,Vulnerabilities/2022/CVE-2022-34918/randorisec/src/simple_xattr.c,67cd2de8538e9d231aa121eb72de2f8c71a796aa,CVE-2022-34918
568121763,L1GH7/Vaultiris,Vulnerabilities/2022/CVE-2022-34918/randorisec/src/modprobe.c,683b29c9895b93c8c81f0f6b832beedd711c5147,CVE-2022-34918
568121763,L1GH7/Vaultiris,Vulnerabilities/2022/CVE-2022-36067/0x1nsomnia/node_modules/formidable/src/PersistentFile.js,6877f594174d2441f6d8fefe9b0a54be9929802b,CVE-2022-36067
568121763,L1GH7/Vaultiris,Vulnerabilities/2022/CVE-2022-36067/0x1nsomnia/node_modules/@types/node/LICENSE,689ec0681815ecc32bee639c68e7740add7bd301,CVE-2022-36067
568121763,L1GH7/Vaultiris,Vulnerabilities/2022/CVE-2022-37434/nidhi7598/old/README,6967642b887ba82a9041bddce73254c42000d4d9,CVE-2022-37434
568121763,L1GH7/Vaultiris,Vulnerabilities/2022/CVE-2022-37434/nidhi7598/as400/compile.clp,697a7068033f5bbbffd77d65b850ea8bcc31dcb1,CVE-2022-37434
568121763,L1GH7/Vaultiris,Vulnerabilities/2022/CVE-2022-37434/nidhi7598/contrib/blast/README,69a33e70f88cc1f3520e2154ed38d3f690ee26e5,CVE-2022-37434
568121763,L1GH7/Vaultiris,Vulnerabilities/2022/CVE-2022-36067/0x1nsomnia/node_modules/once/README.md,69b0a9165715c6cd0e8de37ddb4abad94de2b102,CVE-2022-36067
568121763,L1GH7/Vaultiris,Vulnerabilities/2022/CVE-2022-37434/nidhi7598/contrib/minizip/minizip.pc.in,6a19e706e976d4e7b300d7ae294973fa8278ab14,CVE-2022-37434
568121763,L1GH7/Vaultiris,Vulnerabilities/2022/CVE-2022-34961/bypazs/README.md,6ad61ee2ad9bf04f1f4ccac628aa24f1343ef5ad,CVE-2022-34961
568121763,L1GH7/Vaultiris,Vulnerabilities/2022/CVE-2022-35914/lolminerxmrig/requirements.txt,6ade141fe04c3f226af19f7bee6b6b63ebe47c12,CVE-2022-35914
568121763,L1GH7/Vaultiris,Vulnerabilities/2006/CVE-2006-4814/tagatac/INJECT/genpatch.py,6afa97a980d2de3b26db3723867a800a808dd311,CVE-2006-4814
568121763,L1GH7/Vaultiris,Vulnerabilities/2022/CVE-2022-34265/coco0x0a/Dockerfile,6b467e98fed3e3cd9a9ea190f99957a0a3fd5c20,CVE-2022-34265
568121763,L1GH7/Vaultiris,Vulnerabilities/2022/CVE-2022-41082/west-wind/Malware-Backdoors/VirtualPITA & VirtualPIE,6b769102570fdade67a495c93624b91a9ef5f06c,CVE-2022-41082
568121763,L1GH7/Vaultiris,Vulnerabilities/2009/CVE-2009-1904/NZKoz/example.rb,6bb9fa075593d64cc0909070721eda8ac3348932,CVE-2009-1904
568121763,L1GH7/Vaultiris,Vulnerabilities/2022/CVE-2022-31300/bigzooooz/README.md,6c308017a2aeb11e2042397e77e116ab05b1283e,CVE-2022-31300
568121763,L1GH7/Vaultiris,Vulnerabilities/2022/CVE-2022-3602/NCSC-NL/scanning/README.md,6c7a483ee35b30881e6ba4331fcb85745f75296c,CVE-2202-3602
568121763,L1GH7/Vaultiris,Vulnerabilities/2022/CVE-2022-3602/NCSC-NL/scanning/README.md,6c7a483ee35b30881e6ba4331fcb85745f75296c,CVE-2022-3786
568121763,L1GH7/Vaultiris,Vulnerabilities/2022/CVE-2022-3602/NCSC-NL/scanning/README.md,6c7a483ee35b30881e6ba4331fcb85745f75296c,CVE-2022-3602
568121763,L1GH7/Vaultiris,Vulnerabilities/2022/CVE-2022-37434/nidhi7598/contrib/puff/Makefile,6c9c12d0e19be923abf86e2584a23a781d81cb06,CVE-2022-37434
568121763,L1GH7/Vaultiris,Vulnerabilities/2022/CVE-2022-36067/0x1nsomnia/node_modules/@types/node/zlib.d.ts,6cbfd73d336d905dcf232d613cc7d8ef5a5816ed,CVE-2022-36067
568121763,L1GH7/Vaultiris,Vulnerabilities/2022/CVE-2022-39196/DayiliWaseem/README.md,6cf2f3002a471f6a8b3a57da30e32c81608b8b98,CVE-2022-39196
568121763,L1GH7/Vaultiris,Vulnerabilities/2022/CVE-2022-34918/veritas501/poc_keyring_normal/src/main.c,6d08cfd12f165094d2ebbcae29ef4549289af6a4,CVE-2022-34918
568121763,L1GH7/Vaultiris,Vulnerabilities/2022/CVE-2022-35841/Wack0/LICENSE,6d842099530d126dea37db858a755e444f4de3f7,CVE-2022-35841
568121763,L1GH7/Vaultiris,Vulnerabilities/2022/CVE-2022-39959/usmarine2141/README.md,6e3b5479bffb35f06ecc2e27ecf457097977a092,CVE-2022-39959
568121763,L1GH7/Vaultiris,Vulnerabilities/2002/CVE-2002-20001/Balasys/test/test_tls.py,6eb4124d68bd5ad387b1efbd9ce24f26b8930321,CVE-2002-20001
568121763,L1GH7/Vaultiris,Vulnerabilities/2022/CVE-2022-3602/NCSC-NL/software/README.md,6ec7aa3250f7af41a5b4a6b66807986f5bf3e281,CVE-2021-4044
568121763,L1GH7/Vaultiris,Vulnerabilities/2022/CVE-2022-3602/NCSC-NL/software/README.md,6ec7aa3250f7af41a5b4a6b66807986f5bf3e281,CVE-2022-0037
568121763,L1GH7/Vaultiris,Vulnerabilities/2022/CVE-2022-3602/NCSC-NL/software/README.md,6ec7aa3250f7af41a5b4a6b66807986f5bf3e281,CVE-2022-3602
568121763,L1GH7/Vaultiris,Vulnerabilities/2022/CVE-2022-3602/NCSC-NL/software/README.md,6ec7aa3250f7af41a5b4a6b66807986f5bf3e281,CVE-2022-3786
568121763,L1GH7/Vaultiris,Vulnerabilities/2022/CVE-2022-36067/0x1nsomnia/node_modules/qs/LICENSE.md,6ece366fe750ed915fb98ca184588f90061caa86,CVE-2022-36067
568121763,L1GH7/Vaultiris,Vulnerabilities/2011/CVE-2011-1475/samaujs/target/maven-status/maven-compiler-plugin/testCompile/default-testCompile/createdFiles.lst,6f3cd9c235402a0940e9572c3af42103dbe7f5d0,CVE-2011-1475
568121763,L1GH7/Vaultiris,Vulnerabilities/2022/CVE-2022-41358/thecasual/README.md,6f9440f2e1d9a38a8db73f89dde0f7c7384a69d0,CVE-2022-41358
568121763,L1GH7/Vaultiris,Vulnerabilities/2022/CVE-2022-40471/RashidKhanPathan/Exploit/CVE-2022-40471.py,6f973dc6a0ca6bf7068421c9a82510cd255d30f0,CVE-2022-40471
568121763,L1GH7/Vaultiris,Vulnerabilities/2011/CVE-2011-1475/samaujs/pom.xml,700bdeb3d580e8ebd56dba67c01403ae811430a2,CVE-2011-1475
568121763,L1GH7/Vaultiris,Vulnerabilities/2010/CVE-2010-1411/MAVProxyUser/README.md,703192aafa20524d12f1c30eff99f9ee8244a982,CVE-2010-1411
568121763,L1GH7/Vaultiris,Vulnerabilities/2008/CVE-2008-2019/TheRook/sound/a.english.wav,7032afe0141f0e01d30965afa02b290640023cee,CVE-2008-2019
568121763,L1GH7/Vaultiris,Vulnerabilities/2009/CVE-2009-5147/zhangyongbo100/.travis.yml,705f5c6e31226fa12bd21c962e6ad1ad2f2745af,CVE-2009-5147
568121763,L1GH7/Vaultiris,Vulnerabilities/2022/CVE-2022-3602/NCSC-NL/.github/labeler.yml,708f8778c20f1dea8a96db811c4944f99c456cdc,CVE-2022-3602
568121763,L1GH7/Vaultiris,Vulnerabilities/2022/CVE-2022-36067/0x1nsomnia/node_modules/@types/node/net.d.ts,70aea6b6121292f5c94091b9dd1f22903cbb691c,CVE-2022-36067
568121763,L1GH7/Vaultiris,Vulnerabilities/2022/CVE-2022-37434/nidhi7598/contrib/ada/zlib-streams.adb,70f5981b0c3c5de023ea3485ea7e81231a42ce7f,CVE-2022-37434
568121763,L1GH7/Vaultiris,Vulnerabilities/2022/CVE-2022-34265/ZhaoQi99/vuln/models.py,70fa10c65654f27123edd578c9e034c963c0ec94,CVE-2022-34265
568121763,L1GH7/Vaultiris,Vulnerabilities/2022/CVE-2022-33679/Amulab/README.md,716dca6cc242a680ac73ec05c25e554203a65433,CVE-2022-33679
568121763,L1GH7/Vaultiris,Vulnerabilities/2022/CVE-2022-33980/trhacknon/.idea/jarRepositories.xml,722babc03984d4d651c2515e60c3cc3a60d30352,CVE-2022-33980
568121763,L1GH7/Vaultiris,Vulnerabilities/2022/CVE-2022-37434/nidhi7598/examples/gzjoin.c,7275e983b57dbca5cb0e336441b022e222694609,CVE-2022-37434
568121763,L1GH7/Vaultiris,Vulnerabilities/2009/CVE-2009-1244/piotrbania/vmware_exploit_pack_CVE-2009-1244/utilz/InstDvr/README.TXT,730248b8e756262245c5d6330de6a42958d31777,CVE-2009-1244
568121763,L1GH7/Vaultiris,Vulnerabilities/2022/CVE-2022-36067/0x1nsomnia/node_modules/@types/node/ts4.8/timers.d.ts,73169f66b6e277eea7cce1ecd19f792e7f3d292e,CVE-2022-36067
568121763,L1GH7/Vaultiris,Vulnerabilities/2009/CVE-2009-5147/zhangyongbo100/Gemfile,73b4e4cb2f01ec37e3e93bc99575b4872bac19c7,CVE-2009-5147
568121763,L1GH7/Vaultiris,Vulnerabilities/2022/CVE-2022-3368/Wh04m1001/README.md,74175458ba89fb21053a9e75feedb4ae32d08b81,CVE-2022-3368
568121763,L1GH7/Vaultiris,Vulnerabilities/2022/CVE-2022-37434/nidhi7598/win32/DLL_FAQ.txt,743c9da800bb73a7a30e7c5ce76b5bafd1256ba8,CVE-2022-37434
568121763,L1GH7/Vaultiris,Vulnerabilities/2022/CVE-2022-35405/viniciuspereiras/CVE-2022-35405.py,745b7a78642d2f4d7c7908d7253d813028367852,CVE-2022-33405
568121763,L1GH7/Vaultiris,Vulnerabilities/2022/CVE-2022-35405/viniciuspereiras/CVE-2022-35405.py,745b7a78642d2f4d7c7908d7253d813028367852,CVE-2022-35405
568121763,L1GH7/Vaultiris,Vulnerabilities/2022/CVE-2022-37434/nidhi7598/INDEX,74611a0f2bcc004caa1fa07bdeb4c44b01f0a5d6,CVE-2022-37434
568121763,L1GH7/Vaultiris,Vulnerabilities/2002/CVE-2002-20001/Balasys/dev-requirements.txt,74b5bff53406f47a1deea6cf57e998437f8eb257,CVE-2002-20001
568121763,L1GH7/Vaultiris,Vulnerabilities/2022/CVE-2022-32532/Lay0us1/pom.xml,7520bf4c2458b16a81e50eeae66e948f6d5ad743,CVE-2022-32532
568121763,L1GH7/Vaultiris,Vulnerabilities/2022/CVE-2022-36067/0x1nsomnia/node_modules/hexoid/readme.md,7548795be1094a0e7685939927f6a80bdb2a62b3,CVE-2022-36067
568121763,L1GH7/Vaultiris,Vulnerabilities/2022/CVE-2022-34918/veritas501/generate_shellcode/shellcode.c,75f92771b552fb66df6621d16b7533cda791a67c,CVE-2022-34918
568121763,L1GH7/Vaultiris,Vulnerabilities/2022/CVE-2022-3602/NCSC-NL/.github/workflows/stale.yml,76195c23e3f1916203c707ad5c921488d154c6a6,CVE-2022-3602
568121763,L1GH7/Vaultiris,Vulnerabilities/2022/CVE-2022-36067/0x1nsomnia/node_modules/@types/node/url.d.ts,7623013ad4afdd04e8fb4f8f852b9a18a6982b94,CVE-2022-36067
568121763,L1GH7/Vaultiris,Vulnerabilities/2022/CVE-2022-3518/lohith19/POC,769e48361649018c012b962e4a2140800a7b23ae,CVE-2022-3518
568121763,L1GH7/Vaultiris,Vulnerabilities/2022/CVE-2022-32532/Lay0us1/src/main/java/com/example/shirodemo/DemoController.java,773cc592bd4594a59fd58f72a45cd3327e19cde2,CVE-2022-32532
568121763,L1GH7/Vaultiris,Vulnerabilities/2022/CVE-2022-40684/TaroballzChen/fortinet_product_auth_bypass.py,774ba1e5e024992d88d300148f613f63ada68f3f,CVE-2022-40684
568121763,L1GH7/Vaultiris,Vulnerabilities/2022/CVE-2022-40146/cckuailong/src/main/java/com/poc/Poc.java,784d868bf6d0316452cd420e5fbedc13eb64be62,CVE-2022-40146
568121763,L1GH7/Vaultiris,Vulnerabilities/2022/CVE-2022-3992/Urban4/README.md,786f07f5e13c364c191c474a35a55caf2ed2a2d3,CVE-2022-3992
568121763,L1GH7/Vaultiris,Vulnerabilities/2002/CVE-2002-20001/Balasys/data/dhparam-ffdhe-2048-openssl-225.pem,78e07815724ab11452284219f03b62954ed77df5,CVE-2002-20001
568121763,L1GH7/Vaultiris,Vulnerabilities/2022/CVE-2022-37434/nidhi7598/contrib/vstudio/vc9/zlibstat.vcproj,791b9eb02377264aae09c2b3c79f88d9a2150e67,CVE-2022-37434
568121763,L1GH7/Vaultiris,Vulnerabilities/2022/CVE-2022-37434/nidhi7598/amiga/Makefile.pup,79461cdcf8eda434edca3c32781982d2082af5fe,CVE-2022-37434
568121763,L1GH7/Vaultiris,Vulnerabilities/2022/CVE-2022-37434/nidhi7598/contrib/gcc_gvmat64/gvmat64.S,799c5791e0b021e57f5a1091044279c15f2f2acf,CVE-2022-37434
568121763,L1GH7/Vaultiris,Vulnerabilities/2022/CVE-2022-36067/0x1nsomnia/node_modules/@types/node/assert.d.ts,79d17d26697af34ff6420e26b21e2e0f9afe9793,CVE-2022-36067
568121763,L1GH7/Vaultiris,Vulnerabilities/2001/CVE-2001-0680/alt3kx/README.md,79d4d1f798bc8b94bc2bf7c90a2485419c01f580,CVE-2001-0680
568121763,L1GH7/Vaultiris,Vulnerabilities/2022/CVE-2022-37434/nidhi7598/contrib/minizip/make_vms.com,79d9e7c5d124fbcf79bff4509b51c09600b33a34,CVE-2022-37434
568121763,L1GH7/Vaultiris,Vulnerabilities/2022/CVE-2022-37434/nidhi7598/contrib/infback9/inffix9.h,7a57a5901d920d1d3fcf4f8d6bedf8c9c68b41a7,CVE-2022-37434
568121763,L1GH7/Vaultiris,Vulnerabilities/2022/CVE-2022-36067/0x1nsomnia/node_modules/qs/test/.eslintrc,7a642b45b9dcb1838f43752fed04cd3a5bdda4cd,CVE-2022-36067
568121763,L1GH7/Vaultiris,Vulnerabilities/2022/CVE-2022-32883/breakpointHQ/poc1.rb,7aafcdf9c47eaf95af64b05b9b060bcaa4515ebe,CVE-2022-32883
568121763,L1GH7/Vaultiris,Vulnerabilities/2022/CVE-2022-37434/nidhi7598/Makefile.in,7abb9f585a25f5478c5d9e78f78ce5b53caad6a7,CVE-2022-37434
568121763,L1GH7/Vaultiris,Vulnerabilities/2022/CVE-2022-37434/nidhi7598/zconf.h,7b34429a5a0fc7a27f1bccb4e2d1ef2b3c9445d9,CVE-2022-37434
568121763,L1GH7/Vaultiris,Vulnerabilities/2022/CVE-2022-36067/0x1nsomnia/node_modules/qs/.eslintignore,7b8fdc232fc9b1a8050da3c419dea3d23b5da9c5,CVE-2022-36067
568121763,L1GH7/Vaultiris,Vulnerabilities/2022/CVE-2022-37434/nidhi7598/contrib/masmx86/match686.asm,7b9e351d8b1fe2bf68c44f78be056e53e84142d0,CVE-2022-37434
568121763,L1GH7/Vaultiris,Vulnerabilities/2008/CVE-2008-2019/TheRook/sound/v.english.wav,7bbfcc86562f06d5cfaf73300154f1e3c876d065,CVE-2008-2019
568121763,L1GH7/Vaultiris,Vulnerabilities/2022/CVE-2022-34918/veritas501/poc_fs_context_common/include/raw_packet.h,7bc50a936c5d87e1b03f777e008d0ed21bcef106,CVE-2022-34918
568121763,L1GH7/Vaultiris,Vulnerabilities/2022/CVE-2022-31798/omarhashem123/README.md,7c1dc6a38b32db72c24c1569b90f7a74ce8dd9a9,CVE-2022-31798
568121763,L1GH7/Vaultiris,Vulnerabilities/2022/CVE-2022-34970/0xhebi/README.md,7c2da63820e1611805d7cfabc97373c8174fb101,CVE-2022-34970
568121763,L1GH7/Vaultiris,Vulnerabilities/2022/CVE-2022-34715/Starssgo/README.md,7c4173f805c2a4772c18edfe976e1f779d952069,CVE-2022-34715
568121763,L1GH7/Vaultiris,Vulnerabilities/2022/CVE-2022-32250/theori-io/README.md,7c8dd9a2b3883f3ffcea4eebd6b1034ccbd54fbb,CVE-2022-32250
568121763,L1GH7/Vaultiris,Vulnerabilities/2011/CVE-2011-1475/samaujs/target/dependency-check-report.html,7cabe020dc5040e2626285fa24b87cfb33b53b13,VU#581311
568121763,L1GH7/Vaultiris,Vulnerabilities/2011/CVE-2011-1475/samaujs/target/dependency-check-report.html,7cabe020dc5040e2626285fa24b87cfb33b53b13,VU#797896
568121763,L1GH7/Vaultiris,Vulnerabilities/2011/CVE-2011-1475/samaujs/target/dependency-check-report.html,7cabe020dc5040e2626285fa24b87cfb33b53b13,VU#576313
568121763,L1GH7/Vaultiris,Vulnerabilities/2011/CVE-2011-1475/samaujs/target/dependency-check-report.html,7cabe020dc5040e2626285fa24b87cfb33b53b13,VU#903934
568121763,L1GH7/Vaultiris,Vulnerabilities/2011/CVE-2011-1475/samaujs/target/dependency-check-report.html,7cabe020dc5040e2626285fa24b87cfb33b53b13,BID-100897
568121763,L1GH7/Vaultiris,Vulnerabilities/2011/CVE-2011-1475/samaujs/target/dependency-check-report.html,7cabe020dc5040e2626285fa24b87cfb33b53b13,CVE-2005-2090
568121763,L1GH7/Vaultiris,Vulnerabilities/2011/CVE-2011-1475/samaujs/target/dependency-check-report.html,7cabe020dc5040e2626285fa24b87cfb33b53b13,BID-65768
568121763,L1GH7/Vaultiris,Vulnerabilities/2011/CVE-2011-1475/samaujs/target/dependency-check-report.html,7cabe020dc5040e2626285fa24b87cfb33b53b13,BID-65773
568121763,L1GH7/Vaultiris,Vulnerabilities/2011/CVE-2011-1475/samaujs/target/dependency-check-report.html,7cabe020dc5040e2626285fa24b87cfb33b53b13,CVE-2012-4534
568121763,L1GH7/Vaultiris,Vulnerabilities/2011/CVE-2011-1475/samaujs/target/dependency-check-report.html,7cabe020dc5040e2626285fa24b87cfb33b53b13,CVE-2012-5568
568121763,L1GH7/Vaultiris,Vulnerabilities/2011/CVE-2011-1475/samaujs/target/dependency-check-report.html,7cabe020dc5040e2626285fa24b87cfb33b53b13,BID-67667
568121763,L1GH7/Vaultiris,Vulnerabilities/2011/CVE-2011-1475/samaujs/target/dependency-check-report.html,7cabe020dc5040e2626285fa24b87cfb33b53b13,BID-67668
568121763,L1GH7/Vaultiris,Vulnerabilities/2011/CVE-2011-1475/samaujs/target/dependency-check-report.html,7cabe020dc5040e2626285fa24b87cfb33b53b13,CVE-2012-5885
568121763,L1GH7/Vaultiris,Vulnerabilities/2011/CVE-2011-1475/samaujs/target/dependency-check-report.html,7cabe020dc5040e2626285fa24b87cfb33b53b13,BID-67669
568121763,L1GH7/Vaultiris,Vulnerabilities/2011/CVE-2011-1475/samaujs/target/dependency-check-report.html,7cabe020dc5040e2626285fa24b87cfb33b53b13,BID-67671
568121763,L1GH7/Vaultiris,Vulnerabilities/2011/CVE-2011-1475/samaujs/target/dependency-check-report.html,7cabe020dc5040e2626285fa24b87cfb33b53b13,CVE-2012-4431
568121763,L1GH7/Vaultiris,Vulnerabilities/2011/CVE-2011-1475/samaujs/target/dependency-check-report.html,7cabe020dc5040e2626285fa24b87cfb33b53b13,CVE-2012-5886
568121763,L1GH7/Vaultiris,Vulnerabilities/2011/CVE-2011-1475/samaujs/target/dependency-check-report.html,7cabe020dc5040e2626285fa24b87cfb33b53b13,CVE-2013-0253
568121763,L1GH7/Vaultiris,Vulnerabilities/2011/CVE-2011-1475/samaujs/target/dependency-check-report.html,7cabe020dc5040e2626285fa24b87cfb33b53b13,BID-69728
568121763,L1GH7/Vaultiris,Vulnerabilities/2011/CVE-2011-1475/samaujs/target/dependency-check-report.html,7cabe020dc5040e2626285fa24b87cfb33b53b13,BID-72717
568121763,L1GH7/Vaultiris,Vulnerabilities/2011/CVE-2011-1475/samaujs/target/dependency-check-report.html,7cabe020dc5040e2626285fa24b87cfb33b53b13,CVE-2013-0346
568121763,L1GH7/Vaultiris,Vulnerabilities/2011/CVE-2011-1475/samaujs/target/dependency-check-report.html,7cabe020dc5040e2626285fa24b87cfb33b53b13,CVE-2016-0762
568121763,L1GH7/Vaultiris,Vulnerabilities/2011/CVE-2011-1475/samaujs/target/dependency-check-report.html,7cabe020dc5040e2626285fa24b87cfb33b53b13,BID-74475
568121763,L1GH7/Vaultiris,Vulnerabilities/2011/CVE-2011-1475/samaujs/target/dependency-check-report.html,7cabe020dc5040e2626285fa24b87cfb33b53b13,CVE-2013-2067
568121763,L1GH7/Vaultiris,Vulnerabilities/2011/CVE-2011-1475/samaujs/target/dependency-check-report.html,7cabe020dc5040e2626285fa24b87cfb33b53b13,CVE-2013-2071
568121763,L1GH7/Vaultiris,Vulnerabilities/2011/CVE-2011-1475/samaujs/target/dependency-check-report.html,7cabe020dc5040e2626285fa24b87cfb33b53b13,CVE-2014-0119
568121763,L1GH7/Vaultiris,Vulnerabilities/2011/CVE-2011-1475/samaujs/target/dependency-check-report.html,7cabe020dc5040e2626285fa24b87cfb33b53b13,CVE-2012-5887
568121763,L1GH7/Vaultiris,Vulnerabilities/2011/CVE-2011-1475/samaujs/target/dependency-check-report.html,7cabe020dc5040e2626285fa24b87cfb33b53b13,CVE-2012-3546
568121763,L1GH7/Vaultiris,Vulnerabilities/2011/CVE-2011-1475/samaujs/target/dependency-check-report.html,7cabe020dc5040e2626285fa24b87cfb33b53b13,BID-65767
568121763,L1GH7/Vaultiris,Vulnerabilities/2011/CVE-2011-1475/samaujs/target/dependency-check-report.html,7cabe020dc5040e2626285fa24b87cfb33b53b13,BID-65400
568121763,L1GH7/Vaultiris,Vulnerabilities/2011/CVE-2011-1475/samaujs/target/dependency-check-report.html,7cabe020dc5040e2626285fa24b87cfb33b53b13,CVE-2011-2204
568121763,L1GH7/Vaultiris,Vulnerabilities/2011/CVE-2011-1475/samaujs/target/dependency-check-report.html,7cabe020dc5040e2626285fa24b87cfb33b53b13,CVE-2011-2481
568121763,L1GH7/Vaultiris,Vulnerabilities/2011/CVE-2011-1475/samaujs/target/dependency-check-report.html,7cabe020dc5040e2626285fa24b87cfb33b53b13,CVE-2011-2526
568121763,L1GH7/Vaultiris,Vulnerabilities/2011/CVE-2011-1475/samaujs/target/dependency-check-report.html,7cabe020dc5040e2626285fa24b87cfb33b53b13,CVE-2011-2729
568121763,L1GH7/Vaultiris,Vulnerabilities/2011/CVE-2011-1475/samaujs/target/dependency-check-report.html,7cabe020dc5040e2626285fa24b87cfb33b53b13,CVE-2011-3190
568121763,L1GH7/Vaultiris,Vulnerabilities/2011/CVE-2011-1475/samaujs/target/dependency-check-report.html,7cabe020dc5040e2626285fa24b87cfb33b53b13,CVE-2014-0227
568121763,L1GH7/Vaultiris,Vulnerabilities/2011/CVE-2011-1475/samaujs/target/dependency-check-report.html,7cabe020dc5040e2626285fa24b87cfb33b53b13,BID-56813
568121763,L1GH7/Vaultiris,Vulnerabilities/2011/CVE-2011-1475/samaujs/target/dependency-check-report.html,7cabe020dc5040e2626285fa24b87cfb33b53b13,CVE-2016-5018
568121763,L1GH7/Vaultiris,Vulnerabilities/2011/CVE-2011-1475/samaujs/target/dependency-check-report.html,7cabe020dc5040e2626285fa24b87cfb33b53b13,BID-96293
568121763,L1GH7/Vaultiris,Vulnerabilities/2011/CVE-2011-1475/samaujs/target/dependency-check-report.html,7cabe020dc5040e2626285fa24b87cfb33b53b13,BID-56814
568121763,L1GH7/Vaultiris,Vulnerabilities/2011/CVE-2011-1475/samaujs/target/dependency-check-report.html,7cabe020dc5040e2626285fa24b87cfb33b53b13,CVE-2011-3376
568121763,L1GH7/Vaultiris,Vulnerabilities/2011/CVE-2011-1475/samaujs/target/dependency-check-report.html,7cabe020dc5040e2626285fa24b87cfb33b53b13,BID-94828
568121763,L1GH7/Vaultiris,Vulnerabilities/2011/CVE-2011-1475/samaujs/target/dependency-check-report.html,7cabe020dc5040e2626285fa24b87cfb33b53b13,BID-59797
568121763,L1GH7/Vaultiris,Vulnerabilities/2011/CVE-2011-1475/samaujs/target/dependency-check-report.html,7cabe020dc5040e2626285fa24b87cfb33b53b13,CVE-2011-4858
568121763,L1GH7/Vaultiris,Vulnerabilities/2011/CVE-2011-1475/samaujs/target/dependency-check-report.html,7cabe020dc5040e2626285fa24b87cfb33b53b13,BID-59798
568121763,L1GH7/Vaultiris,Vulnerabilities/2011/CVE-2011-1475/samaujs/target/dependency-check-report.html,7cabe020dc5040e2626285fa24b87cfb33b53b13,CVE-2012-0022
568121763,L1GH7/Vaultiris,Vulnerabilities/2011/CVE-2011-1475/samaujs/target/dependency-check-report.html,7cabe020dc5040e2626285fa24b87cfb33b53b13,BID-94463
568121763,L1GH7/Vaultiris,Vulnerabilities/2011/CVE-2011-1475/samaujs/target/dependency-check-report.html,7cabe020dc5040e2626285fa24b87cfb33b53b13,CVE-2012-2733
568121763,L1GH7/Vaultiris,Vulnerabilities/2011/CVE-2011-1475/samaujs/target/dependency-check-report.html,7cabe020dc5040e2626285fa24b87cfb33b53b13,BID-59799
568121763,L1GH7/Vaultiris,Vulnerabilities/2011/CVE-2011-1475/samaujs/target/dependency-check-report.html,7cabe020dc5040e2626285fa24b87cfb33b53b13,BID-64758
568121763,L1GH7/Vaultiris,Vulnerabilities/2011/CVE-2011-1475/samaujs/target/dependency-check-report.html,7cabe020dc5040e2626285fa24b87cfb33b53b13,CVE-2012-3544
568121763,L1GH7/Vaultiris,Vulnerabilities/2011/CVE-2011-1475/samaujs/target/dependency-check-report.html,7cabe020dc5040e2626285fa24b87cfb33b53b13,BID-74665
568121763,L1GH7/Vaultiris,Vulnerabilities/2011/CVE-2011-1475/samaujs/target/dependency-check-report.html,7cabe020dc5040e2626285fa24b87cfb33b53b13,BID-78872
568121763,L1GH7/Vaultiris,Vulnerabilities/2011/CVE-2011-1475/samaujs/target/dependency-check-report.html,7cabe020dc5040e2626285fa24b87cfb33b53b13,CVE-2018-1305
568121763,L1GH7/Vaultiris,Vulnerabilities/2011/CVE-2011-1475/samaujs/target/dependency-check-report.html,7cabe020dc5040e2626285fa24b87cfb33b53b13,BID-83323
568121763,L1GH7/Vaultiris,Vulnerabilities/2011/CVE-2011-1475/samaujs/target/dependency-check-report.html,7cabe020dc5040e2626285fa24b87cfb33b53b13,CVE-2016-8745
568121763,L1GH7/Vaultiris,Vulnerabilities/2011/CVE-2011-1475/samaujs/target/dependency-check-report.html,7cabe020dc5040e2626285fa24b87cfb33b53b13,BID-93940
568121763,L1GH7/Vaultiris,Vulnerabilities/2011/CVE-2011-1475/samaujs/target/dependency-check-report.html,7cabe020dc5040e2626285fa24b87cfb33b53b13,CVE-2013-4444
568121763,L1GH7/Vaultiris,Vulnerabilities/2011/CVE-2011-1475/samaujs/target/dependency-check-report.html,7cabe020dc5040e2626285fa24b87cfb33b53b13,CVE-2016-8735
568121763,L1GH7/Vaultiris,Vulnerabilities/2011/CVE-2011-1475/samaujs/target/dependency-check-report.html,7cabe020dc5040e2626285fa24b87cfb33b53b13,CVE-2013-4590
568121763,L1GH7/Vaultiris,Vulnerabilities/2011/CVE-2011-1475/samaujs/target/dependency-check-report.html,7cabe020dc5040e2626285fa24b87cfb33b53b13,CVE-2016-6816
568121763,L1GH7/Vaultiris,Vulnerabilities/2011/CVE-2011-1475/samaujs/target/dependency-check-report.html,7cabe020dc5040e2626285fa24b87cfb33b53b13,CVE-2016-6797
568121763,L1GH7/Vaultiris,Vulnerabilities/2011/CVE-2011-1475/samaujs/target/dependency-check-report.html,7cabe020dc5040e2626285fa24b87cfb33b53b13,CVE-2014-0050
568121763,L1GH7/Vaultiris,Vulnerabilities/2011/CVE-2011-1475/samaujs/target/dependency-check-report.html,7cabe020dc5040e2626285fa24b87cfb33b53b13,CVE-2014-0075
568121763,L1GH7/Vaultiris,Vulnerabilities/2011/CVE-2011-1475/samaujs/target/dependency-check-report.html,7cabe020dc5040e2626285fa24b87cfb33b53b13,CVE-2014-0096
568121763,L1GH7/Vaultiris,Vulnerabilities/2011/CVE-2011-1475/samaujs/target/dependency-check-report.html,7cabe020dc5040e2626285fa24b87cfb33b53b13,CVE-2016-6796
568121763,L1GH7/Vaultiris,Vulnerabilities/2011/CVE-2011-1475/samaujs/target/dependency-check-report.html,7cabe020dc5040e2626285fa24b87cfb33b53b13,CVE-2016-6794
568121763,L1GH7/Vaultiris,Vulnerabilities/2011/CVE-2011-1475/samaujs/target/dependency-check-report.html,7cabe020dc5040e2626285fa24b87cfb33b53b13,CVE-2016-0763
568121763,L1GH7/Vaultiris,Vulnerabilities/2011/CVE-2011-1475/samaujs/target/dependency-check-report.html,7cabe020dc5040e2626285fa24b87cfb33b53b13,CVE-2016-6325
568121763,L1GH7/Vaultiris,Vulnerabilities/2011/CVE-2011-1475/samaujs/target/dependency-check-report.html,7cabe020dc5040e2626285fa24b87cfb33b53b13,BID-91453
568121763,L1GH7/Vaultiris,Vulnerabilities/2011/CVE-2011-1475/samaujs/target/dependency-check-report.html,7cabe020dc5040e2626285fa24b87cfb33b53b13,CVE-2014-0099
568121763,L1GH7/Vaultiris,Vulnerabilities/2011/CVE-2011-1475/samaujs/target/dependency-check-report.html,7cabe020dc5040e2626285fa24b87cfb33b53b13,CVE-2016-3092
568121763,L1GH7/Vaultiris,Vulnerabilities/2011/CVE-2011-1475/samaujs/target/dependency-check-report.html,7cabe020dc5040e2626285fa24b87cfb33b53b13,CVE-2014-0097
568121763,L1GH7/Vaultiris,Vulnerabilities/2011/CVE-2011-1475/samaujs/target/dependency-check-report.html,7cabe020dc5040e2626285fa24b87cfb33b53b13,BID-91818
568121763,L1GH7/Vaultiris,Vulnerabilities/2011/CVE-2011-1475/samaujs/target/dependency-check-report.html,7cabe020dc5040e2626285fa24b87cfb33b53b13,CVE-2016-5425
568121763,L1GH7/Vaultiris,Vulnerabilities/2011/CVE-2011-1475/samaujs/target/dependency-check-report.html,7cabe020dc5040e2626285fa24b87cfb33b53b13,CVE-2016-5388
568121763,L1GH7/Vaultiris,Vulnerabilities/2011/CVE-2011-1475/samaujs/target/dependency-check-report.html,7cabe020dc5040e2626285fa24b87cfb33b53b13,BID-93942
568121763,L1GH7/Vaultiris,Vulnerabilities/2011/CVE-2011-1475/samaujs/target/dependency-check-report.html,7cabe020dc5040e2626285fa24b87cfb33b53b13,BID-97530
568121763,L1GH7/Vaultiris,Vulnerabilities/2011/CVE-2011-1475/samaujs/target/dependency-check-report.html,7cabe020dc5040e2626285fa24b87cfb33b53b13,CVE-2017-12615
568121763,L1GH7/Vaultiris,Vulnerabilities/2011/CVE-2011-1475/samaujs/target/dependency-check-report.html,7cabe020dc5040e2626285fa24b87cfb33b53b13,CVE-2013-4322
568121763,L1GH7/Vaultiris,Vulnerabilities/2011/CVE-2011-1475/samaujs/target/dependency-check-report.html,7cabe020dc5040e2626285fa24b87cfb33b53b13,CVE-2013-2185
568121763,L1GH7/Vaultiris,Vulnerabilities/2011/CVE-2011-1475/samaujs/target/dependency-check-report.html,7cabe020dc5040e2626285fa24b87cfb33b53b13,BID-83324
568121763,L1GH7/Vaultiris,Vulnerabilities/2011/CVE-2011-1475/samaujs/target/dependency-check-report.html,7cabe020dc5040e2626285fa24b87cfb33b53b13,CVE-2018-1304
568121763,L1GH7/Vaultiris,Vulnerabilities/2011/CVE-2011-1475/samaujs/target/dependency-check-report.html,7cabe020dc5040e2626285fa24b87cfb33b53b13,CVE-2013-2186
568121763,L1GH7/Vaultiris,Vulnerabilities/2011/CVE-2011-1475/samaujs/target/dependency-check-report.html,7cabe020dc5040e2626285fa24b87cfb33b53b13,CVE-2018-12070
568121763,L1GH7/Vaultiris,Vulnerabilities/2011/CVE-2011-1475/samaujs/target/dependency-check-report.html,7cabe020dc5040e2626285fa24b87cfb33b53b13,BID-83326
568121763,L1GH7/Vaultiris,Vulnerabilities/2011/CVE-2011-1475/samaujs/target/dependency-check-report.html,7cabe020dc5040e2626285fa24b87cfb33b53b13,CVE-2017-6056
568121763,L1GH7/Vaultiris,Vulnerabilities/2011/CVE-2011-1475/samaujs/target/dependency-check-report.html,7cabe020dc5040e2626285fa24b87cfb33b53b13,CVE-2017-5664
568121763,L1GH7/Vaultiris,Vulnerabilities/2011/CVE-2011-1475/samaujs/target/dependency-check-report.html,7cabe020dc5040e2626285fa24b87cfb33b53b13,BID-94461
568121763,L1GH7/Vaultiris,Vulnerabilities/2011/CVE-2011-1475/samaujs/target/dependency-check-report.html,7cabe020dc5040e2626285fa24b87cfb33b53b13,CVE-2017-5648
568121763,L1GH7/Vaultiris,Vulnerabilities/2011/CVE-2011-1475/samaujs/target/dependency-check-report.html,7cabe020dc5040e2626285fa24b87cfb33b53b13,BID-83327
568121763,L1GH7/Vaultiris,Vulnerabilities/2011/CVE-2011-1475/samaujs/target/dependency-check-report.html,7cabe020dc5040e2626285fa24b87cfb33b53b13,BID-93472
568121763,L1GH7/Vaultiris,Vulnerabilities/2011/CVE-2011-1475/samaujs/target/dependency-check-report.html,7cabe020dc5040e2626285fa24b87cfb33b53b13,BID-83328
568121763,L1GH7/Vaultiris,Vulnerabilities/2011/CVE-2011-1475/samaujs/target/dependency-check-report.html,7cabe020dc5040e2626285fa24b87cfb33b53b13,BID-83329
568121763,L1GH7/Vaultiris,Vulnerabilities/2011/CVE-2011-1475/samaujs/target/dependency-check-report.html,7cabe020dc5040e2626285fa24b87cfb33b53b13,CVE-2017-5647
568121763,L1GH7/Vaultiris,Vulnerabilities/2011/CVE-2011-1475/samaujs/target/dependency-check-report.html,7cabe020dc5040e2626285fa24b87cfb33b53b13,CVE-2017-15708
568121763,L1GH7/Vaultiris,Vulnerabilities/2011/CVE-2011-1475/samaujs/target/dependency-check-report.html,7cabe020dc5040e2626285fa24b87cfb33b53b13,BID-93944
568121763,L1GH7/Vaultiris,Vulnerabilities/2011/CVE-2011-1475/samaujs/target/dependency-check-report.html,7cabe020dc5040e2626285fa24b87cfb33b53b13,CVE-2013-4286
568121763,L1GH7/Vaultiris,Vulnerabilities/2011/CVE-2011-1475/samaujs/target/dependency-check-report.html,7cabe020dc5040e2626285fa24b87cfb33b53b13,CVE-2017-12617
568121763,L1GH7/Vaultiris,Vulnerabilities/2011/CVE-2011-1475/samaujs/target/dependency-check-report.html,7cabe020dc5040e2626285fa24b87cfb33b53b13,CVE-2017-12616
568121763,L1GH7/Vaultiris,Vulnerabilities/2011/CVE-2011-1475/samaujs/target/dependency-check-report.html,7cabe020dc5040e2626285fa24b87cfb33b53b13,BID-83330
568121763,L1GH7/Vaultiris,Vulnerabilities/2011/CVE-2011-1475/samaujs/target/dependency-check-report.html,7cabe020dc5040e2626285fa24b87cfb33b53b13,BID-93943
568121763,L1GH7/Vaultiris,Vulnerabilities/2011/CVE-2011-1475/samaujs/target/dependency-check-report.html,7cabe020dc5040e2626285fa24b87cfb33b53b13,BID-98888
568121763,L1GH7/Vaultiris,Vulnerabilities/2011/CVE-2011-1475/samaujs/target/dependency-check-report.html,7cabe020dc5040e2626285fa24b87cfb33b53b13,CVE-2011-3375
568121763,L1GH7/Vaultiris,Vulnerabilities/2011/CVE-2011-1475/samaujs/target/dependency-check-report.html,7cabe020dc5040e2626285fa24b87cfb33b53b13,BID-49147
568121763,L1GH7/Vaultiris,Vulnerabilities/2011/CVE-2011-1475/samaujs/target/dependency-check-report.html,7cabe020dc5040e2626285fa24b87cfb33b53b13,CVE-2014-0230
568121763,L1GH7/Vaultiris,Vulnerabilities/2011/CVE-2011-1475/samaujs/target/dependency-check-report.html,7cabe020dc5040e2626285fa24b87cfb33b53b13,CVE-2011-1184
568121763,L1GH7/Vaultiris,Vulnerabilities/2011/CVE-2011-1475/samaujs/target/dependency-check-report.html,7cabe020dc5040e2626285fa24b87cfb33b53b13,CVE-2014-7810
568121763,L1GH7/Vaultiris,Vulnerabilities/2011/CVE-2011-1475/samaujs/target/dependency-check-report.html,7cabe020dc5040e2626285fa24b87cfb33b53b13,CVE-2011-1183
568121763,L1GH7/Vaultiris,Vulnerabilities/2011/CVE-2011-1475/samaujs/target/dependency-check-report.html,7cabe020dc5040e2626285fa24b87cfb33b53b13,CVE-2011-1088
568121763,L1GH7/Vaultiris,Vulnerabilities/2011/CVE-2011-1475/samaujs/target/dependency-check-report.html,7cabe020dc5040e2626285fa24b87cfb33b53b13,BID-51447
568121763,L1GH7/Vaultiris,Vulnerabilities/2011/CVE-2011-1475/samaujs/target/dependency-check-report.html,7cabe020dc5040e2626285fa24b87cfb33b53b13,BID-51200
568121763,L1GH7/Vaultiris,Vulnerabilities/2011/CVE-2011-1475/samaujs/target/dependency-check-report.html,7cabe020dc5040e2626285fa24b87cfb33b53b13,CVE-2016-0714
568121763,L1GH7/Vaultiris,Vulnerabilities/2011/CVE-2011-1475/samaujs/target/dependency-check-report.html,7cabe020dc5040e2626285fa24b87cfb33b53b13,BID-50603
568121763,L1GH7/Vaultiris,Vulnerabilities/2011/CVE-2011-1475/samaujs/target/dependency-check-report.html,7cabe020dc5040e2626285fa24b87cfb33b53b13,BID-49353
568121763,L1GH7/Vaultiris,Vulnerabilities/2011/CVE-2011-1475/samaujs/target/dependency-check-report.html,7cabe020dc5040e2626285fa24b87cfb33b53b13,BID-56812
568121763,L1GH7/Vaultiris,Vulnerabilities/2011/CVE-2011-1475/samaujs/target/dependency-check-report.html,7cabe020dc5040e2626285fa24b87cfb33b53b13,CVE-2016-0706
568121763,L1GH7/Vaultiris,Vulnerabilities/2011/CVE-2011-1475/samaujs/target/dependency-check-report.html,7cabe020dc5040e2626285fa24b87cfb33b53b13,BID-49143
568121763,L1GH7/Vaultiris,Vulnerabilities/2011/CVE-2011-1475/samaujs/target/dependency-check-report.html,7cabe020dc5040e2626285fa24b87cfb33b53b13,BID-48667
568121763,L1GH7/Vaultiris,Vulnerabilities/2011/CVE-2011-1475/samaujs/target/dependency-check-report.html,7cabe020dc5040e2626285fa24b87cfb33b53b13,BID-48456
568121763,L1GH7/Vaultiris,Vulnerabilities/2011/CVE-2011-1475/samaujs/target/dependency-check-report.html,7cabe020dc5040e2626285fa24b87cfb33b53b13,CVE-2015-5174
568121763,L1GH7/Vaultiris,Vulnerabilities/2011/CVE-2011-1475/samaujs/target/dependency-check-report.html,7cabe020dc5040e2626285fa24b87cfb33b53b13,CVE-2015-5345
568121763,L1GH7/Vaultiris,Vulnerabilities/2011/CVE-2011-1475/samaujs/target/dependency-check-report.html,7cabe020dc5040e2626285fa24b87cfb33b53b13,BID-47886
568121763,L1GH7/Vaultiris,Vulnerabilities/2011/CVE-2011-1475/samaujs/target/dependency-check-report.html,7cabe020dc5040e2626285fa24b87cfb33b53b13,CVE-2009-0783
568121763,L1GH7/Vaultiris,Vulnerabilities/2011/CVE-2011-1475/samaujs/target/dependency-check-report.html,7cabe020dc5040e2626285fa24b87cfb33b53b13,CVE-2015-5346
568121763,L1GH7/Vaultiris,Vulnerabilities/2011/CVE-2011-1475/samaujs/target/dependency-check-report.html,7cabe020dc5040e2626285fa24b87cfb33b53b13,CVE-2015-5351
568121763,L1GH7/Vaultiris,Vulnerabilities/2011/CVE-2011-1475/samaujs/target/dependency-check-report.html,7cabe020dc5040e2626285fa24b87cfb33b53b13,BID-103170
568121763,L1GH7/Vaultiris,Vulnerabilities/2011/CVE-2011-1475/samaujs/target/dependency-check-report.html,7cabe020dc5040e2626285fa24b87cfb33b53b13,CVE-2015-6420
568121763,L1GH7/Vaultiris,Vulnerabilities/2011/CVE-2011-1475/samaujs/target/dependency-check-report.html,7cabe020dc5040e2626285fa24b87cfb33b53b13,BID-103144
568121763,L1GH7/Vaultiris,Vulnerabilities/2011/CVE-2011-1475/samaujs/target/dependency-check-report.html,7cabe020dc5040e2626285fa24b87cfb33b53b13,BID-102154
568121763,L1GH7/Vaultiris,Vulnerabilities/2011/CVE-2011-1475/samaujs/target/dependency-check-report.html,7cabe020dc5040e2626285fa24b87cfb33b53b13,BID-100954
568121763,L1GH7/Vaultiris,Vulnerabilities/2011/CVE-2011-1475/samaujs/target/dependency-check-report.html,7cabe020dc5040e2626285fa24b87cfb33b53b13,BID-100901
568121763,L1GH7/Vaultiris,Vulnerabilities/2011/CVE-2011-1475/samaujs/target/dependency-check-report.html,7cabe020dc5040e2626285fa24b87cfb33b53b13,CVE-2011-1419
568121763,L1GH7/Vaultiris,Vulnerabilities/2011/CVE-2011-1475/samaujs/target/dependency-check-report.html,7cabe020dc5040e2626285fa24b87cfb33b53b13,CVE-2011-1475
568121763,L1GH7/Vaultiris,Vulnerabilities/2011/CVE-2011-1475/samaujs/target/dependency-check-report.html,7cabe020dc5040e2626285fa24b87cfb33b53b13,CVE-2016-3427
568121763,L1GH7/Vaultiris,Vulnerabilities/2011/CVE-2011-1475/samaujs/target/dependency-check-report.html,7cabe020dc5040e2626285fa24b87cfb33b53b13,BID-56403
568121763,L1GH7/Vaultiris,Vulnerabilities/2011/CVE-2011-1475/samaujs/target/dependency-check-report.html,7cabe020dc5040e2626285fa24b87cfb33b53b13,BID-56686
568121763,L1GH7/Vaultiris,Vulnerabilities/2011/CVE-2011-1475/samaujs/target/dependency-check-report.html,7cabe020dc5040e2626285fa24b87cfb33b53b13,BID-56402
568121763,L1GH7/Vaultiris,Vulnerabilities/2011/CVE-2011-1475/samaujs/target/dependency-check-report.html,7cabe020dc5040e2626285fa24b87cfb33b53b13,BID-93478
568121763,L1GH7/Vaultiris,Vulnerabilities/2011/CVE-2011-1475/samaujs/target/dependency-check-report.html,7cabe020dc5040e2626285fa24b87cfb33b53b13,BID-93939
568121763,L1GH7/Vaultiris,Vulnerabilities/2011/CVE-2011-1475/samaujs/target/dependency-check-report.html,7cabe020dc5040e2626285fa24b87cfb33b53b13,CVE-2011-1582
568121763,L1GH7/Vaultiris,Vulnerabilities/2022/CVE-2022-31629/silnex/nginx/default.conf,7ccff10b955da589eefc740b8c729522415952ef,CVE-2022-31629
568121763,L1GH7/Vaultiris,Vulnerabilities/2022/CVE-2022-37434/nidhi7598/as400/bndsrc,7d3f1ac054e27926544f3f8fd446215fc97dfcde,CVE-2022-37434
568121763,L1GH7/Vaultiris,Vulnerabilities/2022/CVE-2022-36067/0x1nsomnia/node_modules/wrappy/wrappy.js,7d5c1c908664b3df4a9b72400a126652ba0dd905,CVE-2022-36067
568121763,L1GH7/Vaultiris,Vulnerabilities/2008/CVE-2008-2019/TheRook/sound/z.english.wav,7d5d08e24155ce903b5cc45b0c1a2adfc05d250c,CVE-2008-2019
568121763,L1GH7/Vaultiris,Vulnerabilities/2022/CVE-2022-35698/EmicoEcommerce/2.4.3-p1/module-customer/APSB22-48-CVE-2022-35698.patch,7db48de9e2665a0857310e89f33fd4f6882d3d0a,CVE-2022-35698
568121763,L1GH7/Vaultiris,Vulnerabilities/2022/CVE-2022-34718/SecLabResearchBV/requirements.txt,7dd65f58882efc148edd213e809595a7baece1fd,CVE-2022-34718
568121763,L1GH7/Vaultiris,Vulnerabilities/2022/CVE-2022-37207/AgainstTheLight/LICENSE,7df059597099bb7dcf25d2a9aedfaf4465f72d8d,CVE-2022-37207
568121763,L1GH7/Vaultiris,Vulnerabilities/2022/CVE-2022-37204/AgainstTheLight/LICENSE,7df059597099bb7dcf25d2a9aedfaf4465f72d8d,CVE-2022-37204
568121763,L1GH7/Vaultiris,Vulnerabilities/2022/CVE-2022-37201/AgainstTheLight/LICENSE,7df059597099bb7dcf25d2a9aedfaf4465f72d8d,CVE-2022-37201
568121763,L1GH7/Vaultiris,Vulnerabilities/2022/CVE-2022-37202/AgainstTheLight/LICENSE,7df059597099bb7dcf25d2a9aedfaf4465f72d8d,CVE-2022-37202
568121763,L1GH7/Vaultiris,Vulnerabilities/2022/CVE-2022-37205/AgainstTheLight/LICENSE,7df059597099bb7dcf25d2a9aedfaf4465f72d8d,CVE-2022-37205
568121763,L1GH7/Vaultiris,Vulnerabilities/2022/CVE-2022-37208/AgainstTheLight/LICENSE,7df059597099bb7dcf25d2a9aedfaf4465f72d8d,CVE-2022-37208
568121763,L1GH7/Vaultiris,Vulnerabilities/2022/CVE-2022-35914/6E6L6F/LICENSE,7df059597099bb7dcf25d2a9aedfaf4465f72d8d,CVE-2022-35914
568121763,L1GH7/Vaultiris,Vulnerabilities/2002/CVE-2002-20001/Balasys/LICENSE.txt,7df059597099bb7dcf25d2a9aedfaf4465f72d8d,CVE-2002-20001
568121763,L1GH7/Vaultiris,Vulnerabilities/2022/CVE-2022-34918/randorisec/src/main.c,7e792e0511fc1d4aefb125b7d710e113e3617dad,CVE-2022-34918
568121763,L1GH7/Vaultiris,Vulnerabilities/2022/CVE-2022-35698/EmicoEcommerce/README.md,7ed2ccfd96d2c3e8ca39220bb188692aa95776a3,CVE-2022-35698
568121763,L1GH7/Vaultiris,Vulnerabilities/2022/CVE-2022-35698/EmicoEcommerce/README.md,7ed2ccfd96d2c3e8ca39220bb188692aa95776a3,CVE-2022-35689
568121763,L1GH7/Vaultiris,Vulnerabilities/2022/CVE-2022-37434/nidhi7598/examples/gun.c,7edeac30b12d613e5a81eac0f523dfc0e7cf48d1,CVE-2022-37434
568121763,L1GH7/Vaultiris,Vulnerabilities/2022/CVE-2022-37434/nidhi7598/contrib/puff/puff.c,7f4a0232ae0731d9b3ee0adc4a8e671bcf94d54c,CVE-2022-37434
568121763,L1GH7/Vaultiris,Vulnerabilities/2022/CVE-2022-39197/its-arun/EvilJar/META-INF/MANIFEST.MF,7f893cd62890f1b5301b96a6da24b3200be3acfe,CVE-2022-39197
568121763,L1GH7/Vaultiris,Vulnerabilities/2022/CVE-2022-37203/AgainstTheLight/README.md,8012f31d460fc856c11325e4e19c0b06e5837817,CVE-2022-37203
568121763,L1GH7/Vaultiris,Vulnerabilities/2007/CVE-2007-3830/alt3kx/README.md,801ec06bea0cae7662fddbe2100553ee11f65b1b,CVE-2007-3830
568121763,L1GH7/Vaultiris,Vulnerabilities/2002/CVE-2002-20001/Balasys/fail2ban/dovecot-ssl.conf,802884aec7cc4316af321c75dbee037072ab7916,CVE-2002-20001
568121763,L1GH7/Vaultiris,Vulnerabilities/2022/CVE-2022-40146/cckuailong/Poc/SSRF.md,810804ecd10bfa197e8cad44d3c7a0f14f35c402,CVE-2022-40146
568121763,L1GH7/Vaultiris,Vulnerabilities/2022/CVE-2022-39197/TheCryingGame/serve/EvilJar-1.0-jar-with-dependencies.jar,8142763e84674cb2af0064f2320d900cbf655fdc,CVE-2022-39197
568121763,L1GH7/Vaultiris,Vulnerabilities/2022/CVE-2022-36067/0x1nsomnia/node_modules/asap/CHANGES.md,81428158366f7e993e1c2188eb0f3e0e8fba2657,CVE-2022-36067
568121763,L1GH7/Vaultiris,Vulnerabilities/2022/CVE-2022-31629/silnex/index.php,817d73316b2975708e6a8a8aba1c6760b3f9773b,CVE-2022-31629
568121763,L1GH7/Vaultiris,Vulnerabilities/2022/CVE-2022-32832/AkbarTrilaksana/README.md,819a30c33b2db9b686b9bfd06cbc4ce90866f3b3,CVE-2022-32832
568121763,L1GH7/Vaultiris,Vulnerabilities/2022/CVE-2022-32013/heavenswill/CVE-2022-32013.pdf,8231cf250c0e73f7c46d4f0b01dfe230eebcb8e4,CVE-2022-32013
568121763,L1GH7/Vaultiris,Vulnerabilities/2022/CVE-2022-37434/nidhi7598/contrib/minizip/crypt.h,82b2530bfe925b58eebd0a02cd9f2c5bd21dba50,CVE-2022-37434
568121763,L1GH7/Vaultiris,Vulnerabilities/2022/CVE-2022-37434/nidhi7598/FAQ,832bb73adff252fa426a141ee4756daa9b8a4db4,CVE-2022-37434
568121763,L1GH7/Vaultiris,Vulnerabilities/2022/CVE-2022-35737/gmh5225/pdo-sqlite3-quote-poc.php,83445d09744cdb558e9a26f2d4d2eaec587494bb,CVE-2022-35737
568121763,L1GH7/Vaultiris,Vulnerabilities/2022/CVE-2022-34918/veritas501/poc_fs_context_cred_common/src/nf_tables.c,84d9eb1b6fb2cf6eace157815c05d0c651659d78,CVE-2022-34918
568121763,L1GH7/Vaultiris,Vulnerabilities/2022/CVE-2022-36067/0x1nsomnia/node_modules/dezalgo/.travis.yml,859fec925bf5c916b1f896136e8513f630212152,CVE-2022-36067
568121763,L1GH7/Vaultiris,Vulnerabilities/2022/CVE-2022-37434/nidhi7598/msdos/Makefile.bor,85d42a140e556d3b659f7e26c834b5574ea51754,CVE-2022-37434
568121763,L1GH7/Vaultiris,Vulnerabilities/2002/CVE-2002-0347/alt3kx/LICENSE,8624bcdae55baeef00cd11d5dfcfa60f68710a02,CVE-2002-0347
568121763,L1GH7/Vaultiris,Vulnerabilities/2002/CVE-2002-0200/alt3kx/LICENSE,8624bcdae55baeef00cd11d5dfcfa60f68710a02,CVE-2002-0200
568121763,L1GH7/Vaultiris,Vulnerabilities/2001/CVE-2001-0931/alt3kx/LICENSE,8624bcdae55baeef00cd11d5dfcfa60f68710a02,CVE-2001-0931
568121763,L1GH7/Vaultiris,Vulnerabilities/2001/CVE-2001-0758/alt3kx/LICENSE,8624bcdae55baeef00cd11d5dfcfa60f68710a02,CVE-2001-0758
568121763,L1GH7/Vaultiris,Vulnerabilities/2007/CVE-2007-3831/alt3kx/LICENSE,8624bcdae55baeef00cd11d5dfcfa60f68710a02,CVE-2007-3831
568121763,L1GH7/Vaultiris,Vulnerabilities/2008/CVE-2008-6827/alt3kx/LICENSE,8624bcdae55baeef00cd11d5dfcfa60f68710a02,CVE-2008-6827
568121763,L1GH7/Vaultiris,Vulnerabilities/2007/CVE-2007-3830/alt3kx/LICENSE,8624bcdae55baeef00cd11d5dfcfa60f68710a02,CVE-2007-3830
568121763,L1GH7/Vaultiris,Vulnerabilities/2001/CVE-2001-0934/alt3kx/LICENSE,8624bcdae55baeef00cd11d5dfcfa60f68710a02,CVE-2001-0934
568121763,L1GH7/Vaultiris,Vulnerabilities/2001/CVE-2001-0933/alt3kx/LICENSE,8624bcdae55baeef00cd11d5dfcfa60f68710a02,CVE-2001-0933
568121763,L1GH7/Vaultiris,Vulnerabilities/2001/CVE-2001-0680/alt3kx/LICENSE,8624bcdae55baeef00cd11d5dfcfa60f68710a02,CVE-2001-0680
568121763,L1GH7/Vaultiris,Vulnerabilities/2002/CVE-2002-0346/alt3kx/LICENSE,8624bcdae55baeef00cd11d5dfcfa60f68710a02,CVE-2002-0346
568121763,L1GH7/Vaultiris,Vulnerabilities/2002/CVE-2002-0348/alt3kx/LICENSE,8624bcdae55baeef00cd11d5dfcfa60f68710a02,CVE-2002-0348
568121763,L1GH7/Vaultiris,Vulnerabilities/2008/CVE-2008-0128/ngyanch/gradlew.bat,8751d7831ca6cd1cad48e1475a79596b54b48994,CVE-2008-0128
568121763,L1GH7/Vaultiris,Vulnerabilities/2005/CVE-2005-1794/InitRoot/README.md,87665433e92d55bf3edd6212343c8fc82c8e487f,CVE-2005-1794
568121763,L1GH7/Vaultiris,Vulnerabilities/2022/CVE-2022-37434/nidhi7598/inffixed.h,8770ab43c9050b824c646f6e6cee8b3c0628cbda,CVE-2022-37434
568121763,L1GH7/Vaultiris,Vulnerabilities/2022/CVE-2022-36067/0x1nsomnia/node_modules/vm2/lib/contextify.js,87712b6891b55896b4705c4db71ca88e508d96b8,CVE-2022-36067
568121763,L1GH7/Vaultiris,Vulnerabilities/2008/CVE-2008-2019/TheRook/sound/e.english.wav,877be798f9978cc328861f9e95bc5a61d7881f89,CVE-2008-2019
568121763,L1GH7/Vaultiris,Vulnerabilities/2022/CVE-2022-37434/nidhi7598/examples/enough.c,877e157e899f6b71182a291ddb84001127df4f83,CVE-2022-37434
568121763,L1GH7/Vaultiris,Vulnerabilities/2001/CVE-2001-0933/alt3kx/CVE-2001-0933.txt,8789f598f10224530f6c769e27011a60f134718c,CVE-2001-0933
568121763,L1GH7/Vaultiris,Vulnerabilities/2022/CVE-2022-39197/its-arun/EvilJar/src/main/java/Exploit.java,882e39bb7431f512d71ae7cd8d75aa5c966f77a3,CVE-2022-39197
568121763,L1GH7/Vaultiris,Vulnerabilities/2010/CVE-2010-5230/otofoto/quicktime_pictureviwer_dllhijact_exploit.rar,886f3e27d4888de9e41b7e4cb1fb8c40d14267bf,CVE-2010-5230
568121763,L1GH7/Vaultiris,Vulnerabilities/2008/CVE-2008-2019/TheRook/index.php,887064eb871289a5b9675af1c235e2151e867cd1,CVE-2008-2019
568121763,L1GH7/Vaultiris,Vulnerabilities/2022/CVE-2022-36067/0x1nsomnia/node_modules/@types/node/module.d.ts,889ea228557a61b4ca3a8a2e43037a2387f6c6e7,CVE-2022-36067
568121763,L1GH7/Vaultiris,Vulnerabilities/2022/CVE-2022-32532/Lay0us1/src/main/java/com/example/shirodemo/ShiroDemoApplication.java,88f306b934965e6d052ebc3685d6770d236d1b81,CVE-2022-32532
568121763,L1GH7/Vaultiris,Vulnerabilities/2022/CVE-2022-34169/bor8/Bcel.java,89686ed285551c586478964e20a4ce538d623b01,CVE-2022-34169
568121763,L1GH7/Vaultiris,Vulnerabilities/2010/CVE-2010-5230/otofoto/Microstation_dllhijact_exploit.rar,89886a258d24c85ff85c7f9513d655b494b05c0b,CVE-2010-5230
568121763,L1GH7/Vaultiris,Vulnerabilities/2022/CVE-2022-3602/corelight/LICENSE,8a0f1248d2dd998ce5ef214d0d23972e0f6e624d,CVE-2022-3602
568121763,L1GH7/Vaultiris,Vulnerabilities/2009/CVE-2009-5147/zhangyongbo100/CONTRIBUTORS.md,8a34b7af157e7a7b6fbcc9ab324c9142719e2e64,CVE-2009-5147
568121763,L1GH7/Vaultiris,Vulnerabilities/2009/CVE-2009-5147/zhangyongbo100/CONTRIBUTING.md,8a68b1aca689d81ac19bcefae89319579e6da4c3,CVE-2009-5147
568121763,L1GH7/Vaultiris,Vulnerabilities/2022/CVE-2022-36067/0x1nsomnia/node_modules/vm2/LICENSE.md,8ad53a1fabd8a4578213e55ffe15ea69a31f5fdb,CVE-2022-36067
568121763,L1GH7/Vaultiris,Vulnerabilities/2022/CVE-2022-36067/0x1nsomnia/node_modules/formidable/src/index.js,8b24e9865ca1d1193e4660a978bf09d7b549c8c9,CVE-2022-36067
568121763,L1GH7/Vaultiris,Vulnerabilities/2022/CVE-2022-37434/nidhi7598/contrib/vstudio/vc10/minizip.vcxproj.filters,8b33c78cf13802a054d57b4a3a8c728a5b8e442a,CVE-2022-37434
568121763,L1GH7/Vaultiris,Vulnerabilities/2022/CVE-2022-36067/0x1nsomnia/node_modules/formidable/src/FormidableError.js,8bca43ff5f9f4e67c91602e91a23bafc678f87ab,CVE-2022-36067
568121763,L1GH7/Vaultiris,Vulnerabilities/2022/CVE-2022-35698/EmicoEcommerce/2.4.3-p2/module-email/APSB22-48-CVE-2022-35698.patch,8ca66b2a41251630bbcb5dc01e615735a6739daa,CVE-2022-35698
568121763,L1GH7/Vaultiris,Vulnerabilities/2022/CVE-2022-37434/nidhi7598/CMakeLists.txt,8ca87825ce62d3540edf0fdbcbe14a4bb07fc5c7,CVE-2022-37434
568121763,L1GH7/Vaultiris,Vulnerabilities/2022/CVE-2022-37434/nidhi7598/contrib/minizip/zip.h,8cef828db4766401b91bec9b47ca56a3118705fc,CVE-2022-37434
568121763,L1GH7/Vaultiris,Vulnerabilities/2009/CVE-2009-5147/zhangyongbo100/Gemfile.lock,8d8589af0b817a37ee41de178719d1c63c4cc0c3,CVE-2009-5147
568121763,L1GH7/Vaultiris,Vulnerabilities/2022/CVE-2022-36067/0x1nsomnia/node_modules/asap/browser-asap.js,8dba5a29c0d3479897084d0843de36805382be48,CVE-2022-36067
568121763,L1GH7/Vaultiris,Vulnerabilities/2002/CVE-2002-20001/Balasys/data/dhparam-ffdhe-4096-openssl-325.pem,8dbcc8193ca2cfb9032c888f0f15b9090dc9d300,CVE-2002-20001
568121763,L1GH7/Vaultiris,Vulnerabilities/2010/CVE-2010-4669/quinn-samuel-perry/main.py,8de6d9431cdc82f9096eb0b8bd60af8e3d2f0829,CVE-2010-4669
568121763,L1GH7/Vaultiris,Vulnerabilities/2022/CVE-2022-34918/veritas501/poc_keyring_normal/include/common.h,8e1d8868715e80ae4656930844798720b0c140c0,CVE-2022-34918
568121763,L1GH7/Vaultiris,Vulnerabilities/2022/CVE-2022-36067/0x1nsomnia/node_modules/@types/node/inspector.d.ts,8e27a058141117d677c8da53a901707a0b000219,CVE-2022-36067
568121763,L1GH7/Vaultiris,Vulnerabilities/2022/CVE-2022-36067/0x1nsomnia/node_modules/@types/node/readline.d.ts,8e3db3ae81614ce133fdb935f4629ce045e316fa,CVE-2022-36067
568121763,L1GH7/Vaultiris,Vulnerabilities/2022/CVE-2022-32114/bypazs/README.md,8f174715869cb44334e6a9c4374227be4b4cd478,CVE-2022-32114
568121763,L1GH7/Vaultiris,Vulnerabilities/2022/CVE-2022-34918/veritas501/poc_fs_context_cred_common/src/netlink.c,8f4b21527b644706a2bc65d917bf9c2ee23b6947,CVE-2022-34918
568121763,L1GH7/Vaultiris,Vulnerabilities/2022/CVE-2022-37434/nidhi7598/doc/algorithm.txt,8f58cd212772b622c71345ca5d7dd93648b8ab94,CVE-2022-37434
568121763,L1GH7/Vaultiris,Vulnerabilities/2022/CVE-2022-37434/nidhi7598/contrib/puff/README,8f68ce02019463af0813a0db20c98bfc8e3c2ef7,CVE-2022-37434
568121763,L1GH7/Vaultiris,Vulnerabilities/2022/CVE-2022-38553/4websecurity/README.md,90103cd5920ee1e3c0eb81fd2c447b65039f0615,CVE-2022-38553
568121763,L1GH7/Vaultiris,Vulnerabilities/2022/CVE-2022-36067/0x1nsomnia/node_modules/formidable/src/parsers/Multipart.js,901762def93c53c5b32e3122fd1107be2733a9c6,CVE-2022-36067
568121763,L1GH7/Vaultiris,Vulnerabilities/2022/CVE-2022-36067/0x1nsomnia/node_modules/@types/node/ts4.8/globals.d.ts,9034a11fd98857c4a4bec8da343b210d8c0d86c0,CVE-2022-36067
568121763,L1GH7/Vaultiris,Vulnerabilities/2022/CVE-2022-36067/0x1nsomnia/node_modules/qs/lib/index.js,9039aef43bebb9c999e4711d367211cc97b710d3,CVE-2022-36067
568121763,L1GH7/Vaultiris,Vulnerabilities/2022/CVE-2022-37434/nidhi7598/contrib/minizip/mztools.h,907243f7cea46d38ad12f6a6d6e01adb4d74f1b3,CVE-2022-37434
568121763,L1GH7/Vaultiris,Vulnerabilities/2022/CVE-2022-41218/V4bel/2_arbitrary-addr-exec.c,9090941a2875b03e829d2978fa507fed3773bea3,CVE-2022-41218
568121763,L1GH7/Vaultiris,Vulnerabilities/2009/CVE-2009-5147/zhangyongbo100/LICENSE.txt,90a36fcf052cb092b8da2ea9641fdd6b64029b61,CVE-2009-5147
568121763,L1GH7/Vaultiris,Vulnerabilities/2022/CVE-2022-42889/adarshpv9746/exploit.sh,90d63a7e329f6eec57f7d3d2b03413b4744ccb2e,CVE-2022-42889
568121763,L1GH7/Vaultiris,Vulnerabilities/2022/CVE-2022-33075/AngeloPioAmirante/README.md,90e9a4c33fb490c2cd6f157b1dc150e7ac18c756,CVE-2022-33075
568121763,L1GH7/Vaultiris,Vulnerabilities/2022/CVE-2022-36067/0x1nsomnia/node_modules/dezalgo/test/basic.js,90eec87cba387bc82da91fcc1071e251df63a510,CVE-2022-36067
568121763,L1GH7/Vaultiris,Vulnerabilities/2022/CVE-2022-31793/xpgdgit/url.txt,90f22b1dffcf27989b41a1e150b293407e1e5e19,CVE-2022-31793
568121763,L1GH7/Vaultiris,Vulnerabilities/2022/CVE-2022-36804/khal4n1/mexploit.py,91219ff9ccdfb7daf8fe4f3dd41592b887cd72d5,CVE-2022-36804
568121763,L1GH7/Vaultiris,Vulnerabilities/2022/CVE-2022-36067/0x1nsomnia/node_modules/@types/node/ts4.8/crypto.d.ts,9127b10f2daef5c1c778ee99a92e6d556cdd4588,CVE-2022-36067
568121763,L1GH7/Vaultiris,Vulnerabilities/2011/CVE-2011-1475/samaujs/target/maven-status/maven-compiler-plugin/testCompile/default-testCompile/inputFiles.lst,91b41e92cb1567d23e0f64e44a86267b1c91693d,CVE-2011-1475
568121763,L1GH7/Vaultiris,Vulnerabilities/2022/CVE-2022-36067/0x1nsomnia/node_modules/vm2/lib/fixasync.js,91cab6a88404fef0a69153d38e5871a017bd1ef2,CVE-2022-36067
568121763,L1GH7/Vaultiris,Vulnerabilities/2022/CVE-2022-36067/0x1nsomnia/node_modules/@types/node/constants.d.ts,91f70e6a6f2a1c86fc33c33cdda4420b25361c2e,CVE-2022-36067
568121763,L1GH7/Vaultiris,Vulnerabilities/2008/CVE-2008-4609/mrclki/LICENSE,92170cdc034b2ff819323ff670d3b7266c8bffcd,CVE-2008-4609
568121763,L1GH7/Vaultiris,Vulnerabilities/2009/CVE-2009-0473/akbarq/LICENSE,92170cdc034b2ff819323ff670d3b7266c8bffcd,CVE-2009-0473
568121763,L1GH7/Vaultiris,Vulnerabilities/2022/CVE-2022-37434/nidhi7598/inflate.c,92455e5d968ee386d3eb7a4b08f3ebea2e500611,CVE-2022-37434
568121763,L1GH7/Vaultiris,Vulnerabilities/2002/CVE-2002-20001/Balasys/data/dhparam-ffdhe-6144.pem,9268628163ca8372de8f8271641e0a8f2b7be016,CVE-2002-20001
568121763,L1GH7/Vaultiris,Vulnerabilities/2011/CVE-2011-1237/BrunoPujos/README.md,928d26856ecac8c1a6a0a8eb8595b9bec2bab2b0,CVE-2011-1237
568121763,L1GH7/Vaultiris,Vulnerabilities/2022/CVE-2022-36067/0x1nsomnia/node_modules/@types/node/ts4.8/fs/promises.d.ts,929394538a96d69cbf1adc069cbf4962a6c3471d,CVE-2022-36067
568121763,L1GH7/Vaultiris,Vulnerabilities/2009/CVE-2009-1244/piotrbania/vmware_exploit_pack_CVE-2009-1244/src/VmxCloud.c,92b52bd17d0496d1a09ea5da766773f3ad7f237d,CVE-2009-1244
568121763,L1GH7/Vaultiris,Vulnerabilities/2022/CVE-2022-36067/0x1nsomnia/node_modules/formidable/src/plugins/multipart.js,931d8d0753ccf641fcc7105458b71e5c2c688119,CVE-2022-36067
568121763,L1GH7/Vaultiris,Vulnerabilities/2022/CVE-2022-36067/0x1nsomnia/node_modules/@types/node/perf_hooks.d.ts,935bb4a94c6bd2b774a541537fd2f12437448e50,CVE-2022-36067
568121763,L1GH7/Vaultiris,Vulnerabilities/2022/CVE-2022-32548/uisvit/README.md,938b4f6cdb7c4e89bbafb72b3f7640eba959349e,CVE-2022-32548
568121763,L1GH7/Vaultiris,Vulnerabilities/2022/CVE-2022-41852/Warxim/src/main/resources/application.properties,93a3ad9f5decbda8df2bb9de21d1a78315ec728b,CVE-2022-41852
568121763,L1GH7/Vaultiris,Vulnerabilities/2022/CVE-2022-40140/mr-r3b00t/scanner.ps1,93c859115f22d642bd5e14caea8f3ad7786b7220,CVE-2022-40140
568121763,L1GH7/Vaultiris,Vulnerabilities/2022/CVE-2022-40140/mr-r3b00t/scanner.ps1,93c859115f22d642bd5e14caea8f3ad7786b7220,CVE-2022-41082
568121763,L1GH7/Vaultiris,Vulnerabilities/2022/CVE-2022-37434/nidhi7598/old/descrip.mms,940475beeeb76576feb22c2d8b7b97d493ab3d79,CVE-2022-37434
568121763,L1GH7/Vaultiris,Vulnerabilities/2022/CVE-2022-37434/nidhi7598/README,941409309686cd6f6e3a97af3d2511d4ee476b6b,CVE-2022-37434
568121763,L1GH7/Vaultiris,Vulnerabilities/2022/CVE-2022-36067/0x1nsomnia/node_modules/@types/node/punycode.d.ts,941f8a4d9b58a47fe94e2776c30fedadbadbdf52,CVE-2022-36067
568121763,L1GH7/Vaultiris,Vulnerabilities/2022/CVE-2022-31629/silnex/docker-compose.yml,94b430ee2a0c5a3c5d02eb86a152f8e294061680,CVE-2022-31629
568121763,L1GH7/Vaultiris,Vulnerabilities/2022/CVE-2022-35737/gmh5225/snprintf-control-pc.c,9588e2b10cb593ef350d4bb8cf04126aa3d4b029,CVE-2022-35737
568121763,L1GH7/Vaultiris,Vulnerabilities/2022/CVE-2022-34265/ZhaoQi99/docker-compose.yml,95f7c42e37591cd611b19fb8c56e6a23c331d3bb,CVE-2022-34265
568121763,L1GH7/Vaultiris,Vulnerabilities/2008/CVE-2008-4609/mrclki/tcp/main.go,9650aa654a9326f4ba0106857fb6d72bc3510df2,CVE-2008-4609
568121763,L1GH7/Vaultiris,Vulnerabilities/2022/CVE-2022-31814/EvergreenCartoons/archive/README.md,965ae21471fc954a07ee3687b43323f7204f6ed4,CVE-2022-31814
568121763,L1GH7/Vaultiris,Vulnerabilities/2008/CVE-2008-2019/TheRook/sound/k.english.wav,97da08a7ac31f6b4f7c804340543b1ef492d031a,CVE-2008-2019
568121763,L1GH7/Vaultiris,Vulnerabilities/2010/CVE-2010-5230/otofoto/README.md,9873383b355e461349f2720786673baa62e399ed,CVE-2010-5230
568121763,L1GH7/Vaultiris,Vulnerabilities/2022/CVE-2022-36067/0x1nsomnia/node_modules/@types/node/repl.d.ts,9892facb07180948158ab8d3d86a82f862401ae9,CVE-2022-36067
568121763,L1GH7/Vaultiris,Vulnerabilities/2022/CVE-2022-41082/west-wind/MITRE/T1053.003.spl,98b3ab9215344c7223836914fa83ea2d29645ba2,CVE-2022-41082
568121763,L1GH7/Vaultiris,Vulnerabilities/2022/CVE-2022-37434/nidhi7598/msdos/Makefile.tc,98e97dcbaf0e7da0531f7a0367b052adc382fb29,CVE-2022-37434
568121763,L1GH7/Vaultiris,Vulnerabilities/2022/CVE-2022-37434/nidhi7598/contrib/minizip/zip.c,990f96e2c33cc633cea9c0c98f6f976f97e1fd84,CVE-2022-37434
568121763,L1GH7/Vaultiris,Vulnerabilities/2022/CVE-2022-36067/0x1nsomnia/node_modules/@types/node/os.d.ts,99f47135cbce38a4a2335fe458259155469993f0,CVE-2022-36067
568121763,L1GH7/Vaultiris,Vulnerabilities/2022/CVE-2022-34918/Sechack06/README.md,99f4b3447ba09b3736d4e39c96dd623ad6ec8074,CVE-2022-34918
568121763,L1GH7/Vaultiris,Vulnerabilities/2022/CVE-2022-36067/0x1nsomnia/node_modules/@types/node/https.d.ts,9a3171ed35b451bf6d548bf2ad1d3a7fb5d0b2be,CVE-2022-36067
568121763,L1GH7/Vaultiris,Vulnerabilities/2002/CVE-2002-0348/alt3kx/README.md,9a44934f0d2fb4a71bb033ae5759525b186e6447,BID-4209
568121763,L1GH7/Vaultiris,Vulnerabilities/2002/CVE-2002-0348/alt3kx/README.md,9a44934f0d2fb4a71bb033ae5759525b186e6447,CVE-2002-0348
568121763,L1GH7/Vaultiris,Vulnerabilities/2009/CVE-2009-5147/zhangyongbo100/README.md,9a4b32e56b11b4aadf6e0de12512e03c36f008c9,CVE-2016-0751
568121763,L1GH7/Vaultiris,Vulnerabilities/2009/CVE-2009-5147/zhangyongbo100/README.md,9a4b32e56b11b4aadf6e0de12512e03c36f008c9,CVE-2016-0752
568121763,L1GH7/Vaultiris,Vulnerabilities/2009/CVE-2009-5147/zhangyongbo100/README.md,9a4b32e56b11b4aadf6e0de12512e03c36f008c9,CVE-2009-5147
568121763,L1GH7/Vaultiris,Vulnerabilities/2009/CVE-2009-5147/zhangyongbo100/README.md,9a4b32e56b11b4aadf6e0de12512e03c36f008c9,CVE-2014-7829
568121763,L1GH7/Vaultiris,Vulnerabilities/2009/CVE-2009-5147/zhangyongbo100/README.md,9a4b32e56b11b4aadf6e0de12512e03c36f008c9,CVE-2014-0130
568121763,L1GH7/Vaultiris,Vulnerabilities/2009/CVE-2009-5147/zhangyongbo100/README.md,9a4b32e56b11b4aadf6e0de12512e03c36f008c9,CVE-2015-7576
568121763,L1GH7/Vaultiris,Vulnerabilities/2009/CVE-2009-5147/zhangyongbo100/README.md,9a4b32e56b11b4aadf6e0de12512e03c36f008c9,CVE-2014-7818
568121763,L1GH7/Vaultiris,Vulnerabilities/2009/CVE-2009-5147/zhangyongbo100/README.md,9a4b32e56b11b4aadf6e0de12512e03c36f008c9,CVE-2015-7581
568121763,L1GH7/Vaultiris,Vulnerabilities/2002/CVE-2002-20001/Balasys/data/dhparam-ffdhe-8192-openssl-400.pem,9acad2441a9f76cb9531b364e15d553103e7f36d,CVE-2002-20001
568121763,L1GH7/Vaultiris,Vulnerabilities/2011/CVE-2011-1475/samaujs/target/surefire-reports/com.adventit.app.AppTest.txt,9add28c778d88f23992a5d5b81410128faed5197,CVE-2011-1475
568121763,L1GH7/Vaultiris,Vulnerabilities/2008/CVE-2008-2019/TheRook/sound/d.english.wav,9b32d59f6fcb70fa3613cb03806db3927fb08bfa,CVE-2008-2019
568121763,L1GH7/Vaultiris,Vulnerabilities/2011/CVE-2011-1475/samaujs/pom_org.xml,9b46f99877dd42fbf9c977c93d98ba8bfbd583ff,CVE-2011-1475
568121763,L1GH7/Vaultiris,Vulnerabilities/2022/CVE-2022-37153/5l1v3r1/Artica Proxy Reflected XSS.mp4,9be730226866da50edf5ddb796618be064f62b64,CVE-2022-37153
568121763,L1GH7/Vaultiris,Vulnerabilities/2022/CVE-2022-41040/TaroballzChen/microsoft_exchange_server_proxynotshell_ssrf.py,9bf0cb6eb38263e6c93c5860d0d7e12e536b0e99,CVE-2022-41040
568121763,L1GH7/Vaultiris,Vulnerabilities/2022/CVE-2022-37434/nidhi7598/contrib/dotzlib/DotZLib/ChecksumImpl.cs,9c0f2dcd20a3e3eab8a7395c3379cf0ba7093b7a,CVE-2022-37434
568121763,L1GH7/Vaultiris,Vulnerabilities/2022/CVE-2022-36067/0x1nsomnia/node_modules/qs/test/parse.js,9c4fde6d995d1922f8e180d032cdb213ef767332,CVE-2022-36067
568121763,L1GH7/Vaultiris,Vulnerabilities/2022/CVE-2022-34918/veritas501/poc_fs_context_common/include/nf_tables.h,9c54c5a3505276fccd97a4190dc250c387a0e5c2,CVE-2022-34918
568121763,L1GH7/Vaultiris,Vulnerabilities/2022/CVE-2022-36532/lutrasecurity/README.md,9c6671fb89b5474df697648aec9e9cfea979e65c,CVE-2022-36532
568121763,L1GH7/Vaultiris,Vulnerabilities/2022/CVE-2022-34265/coco0x0a/lab/admin.py,9d51b2bada80b0f70089a3265f73c0a165aadaaf,CVE-2022-34265
568121763,L1GH7/Vaultiris,Vulnerabilities/2022/CVE-2022-34718/SecLabResearchBV/ipv6-rce-poc.py,9d67fbb96194272364f1844a7a0516a0f43112e9,CVE-2022-34718
568121763,L1GH7/Vaultiris,Vulnerabilities/2022/CVE-2022-34718/SecLabResearchBV/ipv6-rce-poc.py,9d67fbb96194272364f1844a7a0516a0f43112e9,CVE-2021-24086
568121763,L1GH7/Vaultiris,Vulnerabilities/2022/CVE-2022-34918/veritas501/poc_keyring_normal/src/keyring.c,9d7240ca4a21de1dd0a34565cce85e05a2990e8d,CVE-2022-34918
568121763,L1GH7/Vaultiris,Vulnerabilities/2022/CVE-2022-33980/HKirito/src/test/java/org/example/AppTest.java,9d87e98433b8d1aa98da6dbb496d2aec6c2199c1,CVE-2022-33980
568121763,L1GH7/Vaultiris,Vulnerabilities/2001/CVE-2001-0931/alt3kx/README.md,9db0265140f48b20f8857dae1dbd773106833b92,CVE-2001-0931
568121763,L1GH7/Vaultiris,Vulnerabilities/2001/CVE-2001-0931/alt3kx/README.md,9db0265140f48b20f8857dae1dbd773106833b92,BID-3593
568121763,L1GH7/Vaultiris,Vulnerabilities/2022/CVE-2022-36067/0x1nsomnia/node_modules/@types/node/ts4.8/tty.d.ts,9db1ac51662e9208e52bc58e39a79a00c88398ce,CVE-2022-36067
568121763,L1GH7/Vaultiris,Vulnerabilities/2022/CVE-2022-32250/theori-io/exp.c,9e42bd88a83ed2c31ee098101842524132c8d5e1,CVE-2022-32250
568121763,L1GH7/Vaultiris,Vulnerabilities/2022/CVE-2022-37434/nidhi7598/contrib/dotzlib/DotZLib/Deflater.cs,9ec2328fbd14f14db00f306d3417009e170b25c5,CVE-2022-37434
568121763,L1GH7/Vaultiris,Vulnerabilities/2022/CVE-2022-37204/AgainstTheLight/README.md,9f0e8e56439c4588edd7f5ca615cf4f688e5e22a,CVE-2022-37204
568121763,L1GH7/Vaultiris,Vulnerabilities/2009/CVE-2009-5147/vpereira/README.md,9f7ec34cbde21138d791fd7f7947b398cb19bb24,CVE-2009-5147
568121763,L1GH7/Vaultiris,Vulnerabilities/2009/CVE-2009-5147/vpereira/README.md,9f7ec34cbde21138d791fd7f7947b398cb19bb24,CVE-2015-7551
568121763,L1GH7/Vaultiris,Vulnerabilities/2022/CVE-2022-34265/coco0x0a/app/urls.py,a034cfcb1bf2100f140de660fdb89bbaeb52dd7d,CVE-2022-34265
568121763,L1GH7/Vaultiris,Vulnerabilities/2008/CVE-2008-2019/TheRook/sound/b.english.wav,a083412f76289691365e8d7e441d43287c57f870,CVE-2008-2019
568121763,L1GH7/Vaultiris,Vulnerabilities/2022/CVE-2022-34265/coco0x0a/manage.py,a08940abab12295ae794c65c2a26e3d3149cf159,CVE-2022-34265
568121763,L1GH7/Vaultiris,Vulnerabilities/2022/CVE-2022-34265/ZhaoQi99/vuln/admin.py,a0b1a2729d5fd2a8a7f3387c2bc053ab98f74b9a,CVE-2022-34265
568121763,L1GH7/Vaultiris,Vulnerabilities/2022/CVE-2022-34918/veritas501/generate_shellcode/gen_shellcode.sh,a1093609c413a4cb43c51ccef026a1f665b90ce6,CVE-2022-34918
568121763,L1GH7/Vaultiris,Vulnerabilities/2022/CVE-2022-34169/bor8/README.md,a11b942170534e15c0f5856968950d19238b50aa,CVE-2022-34169
568121763,L1GH7/Vaultiris,Vulnerabilities/2022/CVE-2022-37434/nidhi7598/contrib/dotzlib/DotZLib.chm,a1245c21c7e918fa2919fd10bbe5604fc81faf49,CVE-2022-37434
568121763,L1GH7/Vaultiris,Vulnerabilities/2022/CVE-2022-36271/SaumyajeetDas/CVE-2022-36271 .mkv,a12d57ea55114a47538892ee77968626f5a46739,VU#44
568121763,L1GH7/Vaultiris,Vulnerabilities/2022/CVE-2022-36271/SaumyajeetDas/CVE-2022-36271 .mkv,a12d57ea55114a47538892ee77968626f5a46739,VU#43
568121763,L1GH7/Vaultiris,Vulnerabilities/2022/CVE-2022-36271/SaumyajeetDas/CVE-2022-36271 .mkv,a12d57ea55114a47538892ee77968626f5a46739,CVE-2022-36271
568121763,L1GH7/Vaultiris,Vulnerabilities/2022/CVE-2022-31295/bigzooooz/deletePost.html,a17dee5e277adc155291e57c14f6610762b4afaf,CVE-2022-31295
568121763,L1GH7/Vaultiris,Vulnerabilities/2008/CVE-2008-0128/ngyanch/build.gradle,a18dca25cc42a461de346fdcb6eb7d1eeb6dd238,CVE-2008-0128
568121763,L1GH7/Vaultiris,Vulnerabilities/2022/CVE-2022-37434/nidhi7598/zlib.3.pdf,a1bad4ddc7ee6c6251b359026a129ff70a34ba0a,CVE-2022-37434
568121763,L1GH7/Vaultiris,Vulnerabilities/2022/CVE-2022-37434/nidhi7598/msdos/Makefile.emx,a27700d4d11801fd2b2e9bbbd51eee114b785239,CVE-2022-37434
568121763,L1GH7/Vaultiris,Vulnerabilities/2022/CVE-2022-42899/iamsanjay/src/test/java/org/evbb/AppTest.java,a28b14cd385a9738e18ce1d29e1dab0df3e81693,CVE-2022-42899
568121763,L1GH7/Vaultiris,Vulnerabilities/2022/CVE-2022-37434/nidhi7598/contrib/vstudio/vc10/minizip.vcxproj,a2e452ba037780c3070cf8f7ccefe8db94db87e4,CVE-2022-37434
568121763,L1GH7/Vaultiris,Vulnerabilities/2002/CVE-2002-0347/alt3kx/README.md,a3a289f99b755555828fef8885c8fd34683ea7a4,CVE-2002-0347
568121763,L1GH7/Vaultiris,Vulnerabilities/2002/CVE-2002-0347/alt3kx/README.md,a3a289f99b755555828fef8885c8fd34683ea7a4,BID-4208
568121763,L1GH7/Vaultiris,Vulnerabilities/2008/CVE-2008-2019/TheRook/sound/u.english.wav,a4368097d2790d63e63c222be27233d4d202a0ea,CVE-2008-2019
568121763,L1GH7/Vaultiris,Vulnerabilities/2009/CVE-2009-1244/piotrbania/vmware_exploit_pack_CVE-2009-1244/bin/VmxCloud.sys,a4478d3f052dfe76cb8bc9526a9db783b3dc4265,CVE-2009-1244
568121763,L1GH7/Vaultiris,Vulnerabilities/2022/CVE-2022-31262/secure-77/README.md,a45e2f11040cba6ec764b565bd6a736fe81b12ed,CVE-2022-31262
568121763,L1GH7/Vaultiris,Vulnerabilities/2022/CVE-2022-37434/nidhi7598/test/example.c,a4a9baaf97e00e0de378f3e40694b8eb6344aa93,CVE-2022-37434
568121763,L1GH7/Vaultiris,Vulnerabilities/2022/CVE-2022-37434/nidhi7598/gzread.c,a53787da7e15e659babb91d5f18c473d24963564,CVE-2022-37434
568121763,L1GH7/Vaultiris,Vulnerabilities/2022/CVE-2022-35698/EmicoEcommerce/2.4.3-p2/framework/APSB22-48-CVE-2022-35698.patch,a56a56324d4dc5344a31cf1afce169e9fec2a221,CVE-2022-35698
568121763,L1GH7/Vaultiris,Vulnerabilities/2022/CVE-2022-37434/nidhi7598/contrib/ada/read.adb,a5a6682ef169a7429d9bf9f8acbda6ffb756fec4,CVE-2022-37434
568121763,L1GH7/Vaultiris,Vulnerabilities/2022/CVE-2022-36067/0x1nsomnia/node_modules/hexoid/hexoid.d.ts,a5f06687116a15e55be15c52fd3804cc196e6d61,CVE-2022-36067
568121763,L1GH7/Vaultiris,Vulnerabilities/2022/CVE-2022-37434/nidhi7598/contrib/masmx64/inffasx64.asm,a631942c6ddb96fa20fb8b20cc5ecb4a1843c7b5,CVE-2022-37434
568121763,L1GH7/Vaultiris,Vulnerabilities/2022/CVE-2022-37434/nidhi7598/win32/zlib.def,a648120e7d8354bbc21bbb82ed45613efcda0b9e,CVE-2022-37434
568121763,L1GH7/Vaultiris,Vulnerabilities/2022/CVE-2022-34918/veritas501/poc_keyring_normal/include/nf_tables.h,a673cd54bb59c58d382650c10f87aec342c24ce3,CVE-2022-34918
568121763,L1GH7/Vaultiris,Vulnerabilities/2022/CVE-2022-34265/coco0x0a/lab/__pycache__/__init__.cpython-39.pyc,a67b3c84b2ce0124b5d2d48bbc95563d6a971355,CVE-2022-34265
568121763,L1GH7/Vaultiris,Vulnerabilities/2022/CVE-2022-36663/aqeisi/README.md,a69d1e303325c4577aefcb2d9b137eb445904e39,CVE-2022-36663
568121763,L1GH7/Vaultiris,Vulnerabilities/2022/CVE-2022-3602/cybersecurityworks553/requirements.txt,a6b1c1d65641b80571b1db4c52d794d8aac2f003,CVE-2022-3602
568121763,L1GH7/Vaultiris,Vulnerabilities/2022/CVE-2022-36067/0x1nsomnia/node_modules/@types/node/ts4.8/readline/promises.d.ts,a6dbfb08a113d58c3dd1d7793c030b792d066e73,CVE-2022-36067
568121763,L1GH7/Vaultiris,Vulnerabilities/2022/CVE-2022-36067/0x1nsomnia/node_modules/.bin/vm2,a6dd24959ceb6f7fd1857f529810b5eda11341d1,CVE-2022-36067
568121763,L1GH7/Vaultiris,Vulnerabilities/2022/CVE-2022-43144/mudassiruddin/README.md,a70d4953f8c0376d623958e3ba86302a43eda66c,CVE-2022-43144
568121763,L1GH7/Vaultiris,Vulnerabilities/2022/CVE-2022-37434/nidhi7598/inflate.h,a75affa8989115330672e04289b2681a542979b8,CVE-2022-37434
568121763,L1GH7/Vaultiris,Vulnerabilities/2002/CVE-2002-20001/Balasys/data/dhparam-ffdhe-3072.pem,a821ce7e823eddca76adb5f9f3f247f7d0db42aa,CVE-2002-20001
568121763,L1GH7/Vaultiris,Vulnerabilities/2007/CVE-2007-3831/alt3kx/README.md,a83594216f8da36d8274634d68f3fb95ac794c65,CVE-2007-3831
568121763,L1GH7/Vaultiris,Vulnerabilities/2022/CVE-2022-37434/nidhi7598/zutil.c,a8387a21c2f087034f8cf19610ac661fa649418d,CVE-2022-37434
568121763,L1GH7/Vaultiris,Vulnerabilities/2022/CVE-2022-33980/sammwyy/src/main/java/CVE_2022_33980.java,a87d8e038d31a4888d801882237191282c07d260,CVE-2022-33980
568121763,L1GH7/Vaultiris,Vulnerabilities/2022/CVE-2022-33980/trhacknon/.idea/compiler.xml,a8d84ec833a13e4dcfa5556beaab497d71dfb35e,CVE-2022-33980
568121763,L1GH7/Vaultiris,Vulnerabilities/2022/CVE-2022-37434/nidhi7598/contrib/iostream/zfstream.cpp,a8f677a8e32a4923a8a57c61e60ecb899eca5cab,CVE-2022-37434
568121763,L1GH7/Vaultiris,Vulnerabilities/2022/CVE-2022-41082/west-wind/CVE/CVE-2022-22954,a8fd3042ca1b8177fc244659da939cfcc94e1e41,CVE-2022-41082
568121763,L1GH7/Vaultiris,Vulnerabilities/2022/CVE-2022-41082/west-wind/CVE/CVE-2022-22954,a8fd3042ca1b8177fc244659da939cfcc94e1e41,CVE-2022-22954
568121763,L1GH7/Vaultiris,Vulnerabilities/2022/CVE-2022-32119/trhacknon/README.md,a91e53188f050a5767e354f9a1a4a1e4d72aa47c,CVE-2022-32119
568121763,L1GH7/Vaultiris,Vulnerabilities/2022/CVE-2022-37434/nidhi7598/gzwrite.c,a92eacf60fba8ae140b3c46d07c6826333f14adb,CVE-2022-37434
568121763,L1GH7/Vaultiris,Vulnerabilities/2009/CVE-2009-5147/vpereira/foo.c,a9fb1928660557becf075ec53ab6e318f2840f88,CVE-2009-5147
568121763,L1GH7/Vaultiris,Vulnerabilities/2022/CVE-2022-3546/thehackingverse/README.md,aa53389f8a28c5d337c5016f6907387b6b706be8,CVE-2022-3546
568121763,L1GH7/Vaultiris,Vulnerabilities/2022/CVE-2022-34265/ZhaoQi99/vuln/apps.py,aaebe8853f6f44da488fdfbbe43ca34349c7b41f,CVE-2022-34265
568121763,L1GH7/Vaultiris,Vulnerabilities/2022/CVE-2022-37434/nidhi7598/contrib/vstudio/vc10/miniunz.vcxproj.filters,ab07aee6be347ebe77c613c1643526921323e778,CVE-2022-37434
568121763,L1GH7/Vaultiris,Vulnerabilities/2002/CVE-2002-20001/Balasys/data/dhparam-ffdhe-6144-openssl-375.pem,ab4ecba5f4f7945e130c1300962694125dbecc28,CVE-2002-20001
568121763,L1GH7/Vaultiris,Vulnerabilities/2022/CVE-2022-36067/0x1nsomnia/node_modules/@types/node/events.d.ts,ab9c8a1696b6f4ac7c84df694578dcec787dbabc,CVE-2022-36067
568121763,L1GH7/Vaultiris,Vulnerabilities/2022/CVE-2022-32832/Muirey03/Kernel-2022-06-03-142235.panic,abe676ffd4a1c3af7dca107312588ff6ee4d9a6d,VU#29
568121763,L1GH7/Vaultiris,Vulnerabilities/2022/CVE-2022-32832/Muirey03/Kernel-2022-06-03-142235.panic,abe676ffd4a1c3af7dca107312588ff6ee4d9a6d,CVE-2022-32832
568121763,L1GH7/Vaultiris,Vulnerabilities/2022/CVE-2022-37434/nidhi7598/contrib/asm686/README.686,ac08681935257d53b3fd1793788a1406a781ee22,CVE-2022-37434
568121763,L1GH7/Vaultiris,Vulnerabilities/2022/CVE-2022-41040/ITPATJIDR/CVE-2022-41040.py,ac3bffeaf2ae0d7fa992a534f3090efa4a634485,CVE-2022-41040
568121763,L1GH7/Vaultiris,Vulnerabilities/2022/CVE-2022-3949/maikroservice/README.md,ac510040352d49ee68401a8ca8323b0136dc6e56,CVE-2022-3949
568121763,L1GH7/Vaultiris,Vulnerabilities/2009/CVE-2009-1904/NZKoz/bigdecimal-segfault-fix.gemspec,ac6d019ab1de981639a0a6892429ce805840f32c,CVE-2009-1904
568121763,L1GH7/Vaultiris,Vulnerabilities/2002/CVE-2002-20001/Balasys/.dockerignore,acbf192451c9120cdfa372e3463083dd31ae178b,CVE-2002-20001
568121763,L1GH7/Vaultiris,Vulnerabilities/2022/CVE-2022-33679/Bdenneu/requirements.txt,ad3ae2ac0856aa5242d59ee6b0c9e526fade7b67,CVE-2022-33679
568121763,L1GH7/Vaultiris,Vulnerabilities/2022/CVE-2022-37201/AgainstTheLight/README.md,ad6c8fa610642a343582b6d6cd81b7b82d27ed96,CVE-2022-37201
568121763,L1GH7/Vaultiris,Vulnerabilities/2022/CVE-2022-34918/veritas501/poc_fs_context_common/Makefile,ade5ef5e6adc4223a340707a84a0dd270b8c193e,CVE-2022-34918
568121763,L1GH7/Vaultiris,Vulnerabilities/2009/CVE-2009-1244/piotrbania/vmware_exploit_pack_CVE-2009-1244/bin/cloud_intro.exe,ae2b3adbb406ea01cf31531874f6db9eded6fa10,CVE-2009-1244
568121763,L1GH7/Vaultiris,Vulnerabilities/2022/CVE-2022-35914/Gabriel-Lima232/LICENSE,ae86760b177aed4480dfb9ebe1b06abfe0857f95,CVE-2022-35914
568121763,L1GH7/Vaultiris,Vulnerabilities/2022/CVE-2022-37434/nidhi7598/contrib/blast/test.txt,aed9b9fc86b2b47a4c46053df53feb544ecf31ce,CVE-2022-37434
568121763,L1GH7/Vaultiris,Vulnerabilities/2022/CVE-2022-41852/Warxim/pom.xml,aeec3d1163af35b972e697e7e219409163f4b0a0,CVE-2022-41852
568121763,L1GH7/Vaultiris,Vulnerabilities/2022/CVE-2022-32832/AkbarTrilaksana/Makefile,af45c9c19a36faf1620cacf0f0a5d6dcb6d9680e,CVE-2022-32832
568121763,L1GH7/Vaultiris,Vulnerabilities/2022/CVE-2022-33980/HKirito/pom.xml,af51210486db994d26c01a58c69b2e3371b205e1,CVE-2022-33980
568121763,L1GH7/Vaultiris,Vulnerabilities/2010/CVE-2010-2387/LogSec/README.md,afcb6a05358ed91132db4a1c621557eb9dca2270,CVE-2010-2387
568121763,L1GH7/Vaultiris,Vulnerabilities/2022/CVE-2022-42176/soy-oreocato/README.md,afdf3498f58459fc0d4cc29b1b71a630ea41b111,CVE-2022-42176
568121763,L1GH7/Vaultiris,Vulnerabilities/2022/CVE-2022-3602/corelight/testing/Baseline/tests.test/notice_cut_exploit.log,afff62a4087694306a020d86c1666f0dd0533ebf,CVE-2022-3602
568121763,L1GH7/Vaultiris,Vulnerabilities/2022/CVE-2022-37434/nidhi7598/deflate.h,b01b68ceb1dfe20e259d64c0223d3882b9717859,CVE-2022-37434
568121763,L1GH7/Vaultiris,Vulnerabilities/2022/CVE-2022-37434/nidhi7598/Makefile,b04f62dd1002b9ca07068c90651432dec60029f3,CVE-2022-37434
568121763,L1GH7/Vaultiris,Vulnerabilities/2022/CVE-2022-35698/EmicoEcommerce/2.3.7-p3/framework/APSB22-48-CVE-2022-35698.patch,b092e1cb9dc4f0f2f75c780fe635adc4f50beeb8,CVE-2022-35698
568121763,L1GH7/Vaultiris,Vulnerabilities/2022/CVE-2022-36804/khal4n1/README.md,b108fcb4c6be68fd4260691fcedeaf1abaa36b2c,CVE-2022-36804
568121763,L1GH7/Vaultiris,Vulnerabilities/2022/CVE-2022-37434/nidhi7598/doc/rfc1951.txt,b13d37ad6b3855f3a2eaf6c325eddaa7815355b0,CVE-2022-37434
568121763,L1GH7/Vaultiris,Vulnerabilities/2022/CVE-2022-37434/nidhi7598/contrib/minizip/Makefile,b1b85a0f99bf296c58326a80bc0bf220080778cd,CVE-2022-37434
568121763,L1GH7/Vaultiris,Vulnerabilities/2022/CVE-2022-37434/nidhi7598/qnx/package.qpg,b22c9010ec0d70075cce3e81618a6546a9c43666,CVE-2022-37434
568121763,L1GH7/Vaultiris,Vulnerabilities/2022/CVE-2022-37434/nidhi7598/doc/rfc1952.txt,b2346a9c1e9cd011370595a292154ca83eff4ddb,CVE-2022-37434
568121763,L1GH7/Vaultiris,Vulnerabilities/2008/CVE-2008-0128/ngyanch/gradle/wrapper/gradle-wrapper.jar,b29464fae0e130f585193574787d529d2fbd6074,CVE-2008-0128
568121763,L1GH7/Vaultiris,Vulnerabilities/2022/CVE-2022-42889/adarshpv9746/install.sh,b2ab5fa507409d62c28ae21c1e1e8b7956bc65d3,CVE-2022-42889
568121763,L1GH7/Vaultiris,Vulnerabilities/2022/CVE-2022-41218/V4bel/README.md,b2b7ea2dcc74489db0abe9181372470f6f68e77d,CVE-2022-41218
568121763,L1GH7/Vaultiris,Vulnerabilities/2022/CVE-2022-35737/gmh5225/snprintf-crash.c,b2ee4d3db8c343c905f5d4111034ce91407a1009,CVE-2022-35737
568121763,L1GH7/Vaultiris,Vulnerabilities/2022/CVE-2022-3602/NCSC-NL/.github/workflows/check-software-diff.yml,b2f1022a0f6df78517f255439cbf9a7abdb8ee43,CVE-2022-3602
568121763,L1GH7/Vaultiris,Vulnerabilities/2002/CVE-2002-20001/Balasys/data/dhparam-modp-3072.pem,b303c7b44478a7269247eaed45a55dd06b36187f,CVE-2002-20001
568121763,L1GH7/Vaultiris,Vulnerabilities/2022/CVE-2022-36067/0x1nsomnia/node_modules/qs/CHANGELOG.md,b30de3127fb38410b50be9f219d1deb0fc0189fb,CVE-2022-36067
568121763,L1GH7/Vaultiris,Vulnerabilities/2022/CVE-2022-37434/nidhi7598/contrib/untgz/Makefile,b31cf680ad6e873da3c897c6b123a5fde4cd5151,CVE-2022-37434
568121763,L1GH7/Vaultiris,Vulnerabilities/2022/CVE-2022-37434/nidhi7598/contrib/infback9/README,b3905a8a31f7c61114b5fa6e203682b250e029d6,CVE-2022-37434
568121763,L1GH7/Vaultiris,Vulnerabilities/2010/CVE-2010-1411/MAVProxyUser/httpfuzz.rb,b3e4f8525507b9f19c0c3738e95b23685ba267cb,CVE-2010-1411
568121763,L1GH7/Vaultiris,Vulnerabilities/2007/CVE-2007-1858/clic-kbait/README.md,b3e81c48a0050ba3656a109b18758e73a393cac0,CVE-2012-4929
568121763,L1GH7/Vaultiris,Vulnerabilities/2007/CVE-2007-1858/clic-kbait/README.md,b3e81c48a0050ba3656a109b18758e73a393cac0,CVE-2014-0160
568121763,L1GH7/Vaultiris,Vulnerabilities/2007/CVE-2007-1858/clic-kbait/README.md,b3e81c48a0050ba3656a109b18758e73a393cac0,CVE-2014-0224
568121763,L1GH7/Vaultiris,Vulnerabilities/2007/CVE-2007-1858/clic-kbait/README.md,b3e81c48a0050ba3656a109b18758e73a393cac0,CVE-2014-3566
568121763,L1GH7/Vaultiris,Vulnerabilities/2007/CVE-2007-1858/clic-kbait/README.md,b3e81c48a0050ba3656a109b18758e73a393cac0,CVE-2015-0204
568121763,L1GH7/Vaultiris,Vulnerabilities/2007/CVE-2007-1858/clic-kbait/README.md,b3e81c48a0050ba3656a109b18758e73a393cac0,CVE-2015-4000
568121763,L1GH7/Vaultiris,Vulnerabilities/2007/CVE-2007-1858/clic-kbait/README.md,b3e81c48a0050ba3656a109b18758e73a393cac0,CVE-2007-1858
568121763,L1GH7/Vaultiris,Vulnerabilities/2007/CVE-2007-1858/clic-kbait/README.md,b3e81c48a0050ba3656a109b18758e73a393cac0,CVE-2016-0800
568121763,L1GH7/Vaultiris,Vulnerabilities/2022/CVE-2022-37434/nidhi7598/win32/README-WIN32.txt,b42298bb71aef0d18bd40bf61b27b8878b4950af,CVE-2022-37434
568121763,L1GH7/Vaultiris,Vulnerabilities/2022/CVE-2022-34265/coco0x0a/lab/__pycache__/views.cpython-39.pyc,b440d0a3fc09c48d84187f8d887fd62d91665a05,CVE-2022-34265
568121763,L1GH7/Vaultiris,Vulnerabilities/2022/CVE-2022-34305/zeroc00I/README.md,b47c9c2f83411c771861db1d7c7ffca55074bb48,CVE-2022-34305
568121763,L1GH7/Vaultiris,Vulnerabilities/2022/CVE-2022-39197/its-arun/serve/evil.svg,b51a510a0ea6ce367b818b5bfeee99c24bc3459d,CVE-2022-39197
568121763,L1GH7/Vaultiris,Vulnerabilities/2022/CVE-2022-34265/coco0x0a/lab/__pycache__/admin.cpython-39.pyc,b52083e072f93be43b1adf2828b3ca610aae21f1,CVE-2022-34265
568121763,L1GH7/Vaultiris,Vulnerabilities/2022/CVE-2022-36067/0x1nsomnia/node_modules/formidable/src/parsers/Querystring.js,b552fb552c08005d92ca0e2477d0b49eb62b9431,CVE-2022-36067
568121763,L1GH7/Vaultiris,Vulnerabilities/2009/CVE-2009-5147/vpereira/foo.rb,b5765b93843bd83236bb9fe857010fde5dd4d3e8,CVE-2009-5147
568121763,L1GH7/Vaultiris,Vulnerabilities/2022/CVE-2022-37434/nidhi7598/examples/zpipe.c,b59f2d5676cc135ac0af040d90c3e7b366fcce93,CVE-2022-37434
568121763,L1GH7/Vaultiris,Vulnerabilities/2008/CVE-2008-2019/TheRook/sound/l.english.wav,b5ddc352f409489f68d7abf8e90fe4cbad1d4697,CVE-2008-2019
568121763,L1GH7/Vaultiris,Vulnerabilities/2022/CVE-2022-36067/0x1nsomnia/node_modules/@types/node/worker_threads.d.ts,b5e87151a9338913662af09baf3a9b3c908cfeaa,CVE-2022-36067
568121763,L1GH7/Vaultiris,Vulnerabilities/2022/CVE-2022-34962/bypazs/README.md,b62b6ec8ae77d0794b3267238c245ad996b0ab6d,CVE-2022-34962
568121763,L1GH7/Vaultiris,Vulnerabilities/2022/CVE-2022-36067/0x1nsomnia/node_modules/formidable/src/parsers/JSON.js,b64bef69fd98866f08657fe5c1893c2475f693db,CVE-2022-36067
568121763,L1GH7/Vaultiris,Vulnerabilities/2022/CVE-2022-37434/nidhi7598/examples/fitblk.c,b69d9b6eeadd680fe37ab8ba54d781f46fe80420,CVE-2022-37434
568121763,L1GH7/Vaultiris,Vulnerabilities/2022/CVE-2022-34265/coco0x0a/lab/migrations/0001_initial.py,b725bb6d83fc017ed10af849ccc246054c8faa21,CVE-2022-34265
568121763,L1GH7/Vaultiris,Vulnerabilities/2008/CVE-2008-2019/TheRook/sound/c.english.wav,b750c8aeaf31bfc070df15ca5121fb4a509e385f,CVE-2008-2019
568121763,L1GH7/Vaultiris,Vulnerabilities/2022/CVE-2022-36067/0x1nsomnia/poc2.js,b7a60e56baf17bac1f4241e4653312ef5eab40a5,CVE-2022-36067
568121763,L1GH7/Vaultiris,Vulnerabilities/2022/CVE-2022-37434/nidhi7598/contrib/iostream3/test.cc,b81342fb774937c210f5718ad5783f1eed13f7a7,CVE-2022-37434
568121763,L1GH7/Vaultiris,Vulnerabilities/2022/CVE-2022-36067/0x1nsomnia/node_modules/@types/node/trace_events.d.ts,b83a7d08394d579fdd1a27e95e216acac8d0e1ff,CVE-2022-36067
568121763,L1GH7/Vaultiris,Vulnerabilities/2022/CVE-2022-31814/EvergreenCartoons/utils/cleanup.sh,b84492ab62d76d77d822be9f609902e4594aba33,CVE-2022-31814
568121763,L1GH7/Vaultiris,Vulnerabilities/2022/CVE-2022-37434/nidhi7598/configure,b8cb7d994a5a9bf7bb396a0c249c8d9c0ba4cb14,CVE-2022-37434
568121763,L1GH7/Vaultiris,Vulnerabilities/2022/CVE-2022-39197/PyterSmithDarkGhost/requirements.txt,b91ff54d6940cf95914dd66182042ae9fef81113,CVE-2022-39197
568121763,L1GH7/Vaultiris,Vulnerabilities/2009/CVE-2009-5147/vpereira/foo2.rb,b9470d99e506557f0663874e27154112354e56a3,CVE-2015-7551
568121763,L1GH7/Vaultiris,Vulnerabilities/2009/CVE-2009-5147/vpereira/foo2.rb,b9470d99e506557f0663874e27154112354e56a3,CVE-2009-5147
568121763,L1GH7/Vaultiris,Vulnerabilities/2022/CVE-2022-36067/0x1nsomnia/node_modules/hexoid/dist/index.mjs,b96056a5f9503255e63434a6d9308daeda33c3a3,CVE-2022-36067
568121763,L1GH7/Vaultiris,Vulnerabilities/2022/CVE-2022-36067/0x1nsomnia/node_modules/qs/.github/workflows/rebase.yml,b962b7046264f18b5d2c56aba2036e059a980bc3,CVE-2022-36067
568121763,L1GH7/Vaultiris,Vulnerabilities/2022/CVE-2022-36804/trhacknon/listsss.txt,b9842a9cda9d85bf74c83fa5da2120a50ac9fd04,CVE-2022-36804
568121763,L1GH7/Vaultiris,Vulnerabilities/2002/CVE-2002-20001/Balasys/fail2ban/apache-ssl.conf,b9d575ed9338e889e580f77c7e059408a2d2a234,CVE-2002-20001
568121763,L1GH7/Vaultiris,Vulnerabilities/2022/CVE-2022-36067/0x1nsomnia/node_modules/asap/LICENSE.md,b9e748ee0b7d1cbadaf9f1fa8997b092ebeb9db7,CVE-2022-36067
568121763,L1GH7/Vaultiris,Vulnerabilities/2022/CVE-2022-3518/lohith19/README.md,ba01ffe297f4fd752a4a2b11a9f491979e85060b,CVE-2022-3518
568121763,L1GH7/Vaultiris,Vulnerabilities/2008/CVE-2008-2019/TheRook/sound/r.english.wav,ba3c45b0e6adf75e7604790953620f816a9a691d,CVE-2008-2019
568121763,L1GH7/Vaultiris,Vulnerabilities/2022/CVE-2022-42889/adarshpv9746/exploit.php,baad1822d7f4b85238059a6d9898e2c453dc0eb6,CVE-2022-42889
568121763,L1GH7/Vaultiris,Vulnerabilities/2022/CVE-2022-37434/nidhi7598/trees.c,bacf499395baaac7213d2553bbd31f117ef6cf4e,CVE-2022-37434
568121763,L1GH7/Vaultiris,Vulnerabilities/2002/CVE-2002-20001/Balasys/dheater/__main__.py,baf4dee6875f1e5ae6b3b32a13be480d53ca2252,CVE-2002-20001
568121763,L1GH7/Vaultiris,Vulnerabilities/2022/CVE-2022-37434/nidhi7598/as400/zlib.inc,bb095f9068a8137eed73026d06f7579e069a1412,CVE-2022-37434
568121763,L1GH7/Vaultiris,Vulnerabilities/2002/CVE-2002-0200/alt3kx/README.md,bb164cdbb038cc769309d5e4c372256f5de9e567,CVE-2002-0200
568121763,L1GH7/Vaultiris,Vulnerabilities/2022/CVE-2022-36067/0x1nsomnia/node_modules/once/LICENSE,bb408e929caeb1731945b2ba54bc337edb87cc66,CVE-2022-36067
568121763,L1GH7/Vaultiris,Vulnerabilities/2022/CVE-2022-3602/corelight/testing/Scripts/get-zeek-env,bb52f36ca09f6870963252eafb11f41d9b414efe,CVE-2022-3602
568121763,L1GH7/Vaultiris,Vulnerabilities/2022/CVE-2022-34963/bypazs/README.md,bbad6cc9cd4242205f2f97bcc5d209a0daad3534,CVE-2022-34963
568121763,L1GH7/Vaultiris,Vulnerabilities/2022/CVE-2022-36067/0x1nsomnia/node_modules/@types/node/fs.d.ts,bbc07c13ae0aa0baf3f274a1530a26666429275d,CVE-2022-36067
568121763,L1GH7/Vaultiris,Vulnerabilities/2022/CVE-2022-37434/xen0bit/README.md,bbd90b9715e26d0815ec9fae3985b1d719ca43bf,CVE-2022-37434
568121763,L1GH7/Vaultiris,Vulnerabilities/2022/CVE-2022-31814/EvergreenCartoons/README.md,bbe4f0848a0453f88fc5a5ee9111b4fcde7dedc8,CVE-2022-31814
568121763,L1GH7/Vaultiris,Vulnerabilities/2022/CVE-2022-36067/0x1nsomnia/node_modules/formidable/src/parsers/OctetStream.js,bbfea8adf3eaab214173ac2f581f2e26a3792ee0,CVE-2022-36067
568121763,L1GH7/Vaultiris,Vulnerabilities/2022/CVE-2022-42899/iamsanjay/pom.xml,bc6133adc71e90874b14affa6f23d47610ba0a37,CVE-2022-42899
568121763,L1GH7/Vaultiris,Vulnerabilities/2022/CVE-2022-42899/iamsanjay/pom.xml,bc6133adc71e90874b14affa6f23d47610ba0a37,CVE-2022-42889
568121763,L1GH7/Vaultiris,Vulnerabilities/2008/CVE-2008-2019/TheRook/sound/j.english.wav,bc7bb24bedb3825fb9f0967b3cf0caf752a5ee9a,CVE-2008-2019
568121763,L1GH7/Vaultiris,Vulnerabilities/2022/CVE-2022-36067/0x1nsomnia/node_modules/asap/browser-raw.js,bc8104273b725150c81a2869d657dca110c30ce5,CVE-2022-36067
568121763,L1GH7/Vaultiris,Vulnerabilities/2022/CVE-2022-37434/nidhi7598/contrib/blast/blast.h,bd14c3901040dafbee7b75f54d565fda936b0626,CVE-2022-37434
568121763,L1GH7/Vaultiris,Vulnerabilities/2008/CVE-2008-7220/followboy1999/prototype.js,bd5e376769a9f7f3ed19a4ad5711fea227ba0a7d,CVE-2008-7220
568121763,L1GH7/Vaultiris,Vulnerabilities/2022/CVE-2022-37434/nidhi7598/contrib/masmx64/gvmat64.asm,be2ebab7c6e9b4ffd9b828a66ba37f4b14e8fe6d,CVE-2022-37434
568121763,L1GH7/Vaultiris,Vulnerabilities/2022/CVE-2022-37434/nidhi7598/contrib/infback9/inftree9.c,bef005a346e4477236877a012dc46e47320e589d,CVE-2022-37434
568121763,L1GH7/Vaultiris,Vulnerabilities/2022/CVE-2022-36067/0x1nsomnia/node_modules/@types/node/util.d.ts,bf88122f77448f0dc0993a52326401fab727b7cb,CVE-2022-36067
568121763,L1GH7/Vaultiris,Vulnerabilities/2022/CVE-2022-41082/west-wind/README.md,c0591e1eb70ebf790e2c52fd03b2f278fdb46cfd,CVE-2022-33891
568121763,L1GH7/Vaultiris,Vulnerabilities/2022/CVE-2022-41082/west-wind/README.md,c0591e1eb70ebf790e2c52fd03b2f278fdb46cfd,CVE-2022-42889
568121763,L1GH7/Vaultiris,Vulnerabilities/2022/CVE-2022-41082/west-wind/README.md,c0591e1eb70ebf790e2c52fd03b2f278fdb46cfd,CVE-2022-41040
568121763,L1GH7/Vaultiris,Vulnerabilities/2022/CVE-2022-41082/west-wind/README.md,c0591e1eb70ebf790e2c52fd03b2f278fdb46cfd,CVE-2022-41082
568121763,L1GH7/Vaultiris,Vulnerabilities/2022/CVE-2022-41082/west-wind/README.md,c0591e1eb70ebf790e2c52fd03b2f278fdb46cfd,CVE-2022-22954
568121763,L1GH7/Vaultiris,Vulnerabilities/2022/CVE-2022-41082/west-wind/README.md,c0591e1eb70ebf790e2c52fd03b2f278fdb46cfd,CVE-2022-22965
568121763,L1GH7/Vaultiris,Vulnerabilities/2022/CVE-2022-41082/west-wind/README.md,c0591e1eb70ebf790e2c52fd03b2f278fdb46cfd,CVE-2022-2185
568121763,L1GH7/Vaultiris,Vulnerabilities/2022/CVE-2022-41082/west-wind/README.md,c0591e1eb70ebf790e2c52fd03b2f278fdb46cfd,GHSA-Q7XC-35G4-G566
568121763,L1GH7/Vaultiris,Vulnerabilities/2022/CVE-2022-41082/west-wind/README.md,c0591e1eb70ebf790e2c52fd03b2f278fdb46cfd,GHSA-36P3-WJMG-H94X
568121763,L1GH7/Vaultiris,Vulnerabilities/2022/CVE-2022-41082/west-wind/README.md,c0591e1eb70ebf790e2c52fd03b2f278fdb46cfd,CVE-2022-22963
568121763,L1GH7/Vaultiris,Vulnerabilities/2022/CVE-2022-34265/ZhaoQi99/README.md,c13694789f0ea1e84cef4c4d080d28bb0375c500,CVE-2022-34265
568121763,L1GH7/Vaultiris,Vulnerabilities/2022/CVE-2022-34265/ZhaoQi99/README.md,c13694789f0ea1e84cef4c4d080d28bb0375c500,GHSA-P64X-8RXX-WF6Q
568121763,L1GH7/Vaultiris,Vulnerabilities/2022/CVE-2022-37434/nidhi7598/contrib/blast/Makefile,c18cae8b163b2fc351bc59b8efad7a190d1ead78,CVE-2022-37434
568121763,L1GH7/Vaultiris,Vulnerabilities/2022/CVE-2022-31897/AngeloPioAmirante/README.md,c18fa7957e3dc2931d2d05c15aada4a177fbc821,CVE-2022-31897
568121763,L1GH7/Vaultiris,Vulnerabilities/2002/CVE-2002-20001/Balasys/data/dhparam-modp-6144.pem,c1a1bdda3924dcfce474bd518b47362379e3ce7d,CVE-2002-20001
568121763,L1GH7/Vaultiris,Vulnerabilities/2022/CVE-2022-31814/EvergreenCartoons/senselessviolence.py,c1ff033b0281dac84746ecf6bdc69e62cc8fd9c2,CVE-2022-31814
568121763,L1GH7/Vaultiris,Vulnerabilities/2022/CVE-2022-33174/Henry4E36/README.md,c210ecdc581618a8f200b2b090c72845187120c4,CVE-2022-33174
568121763,L1GH7/Vaultiris,Vulnerabilities/2022/CVE-2022-37434/nidhi7598/contrib/ada/zlib-thin.ads,c24b97465351f562f5b9f751e6706ec01f166000,CVE-2022-37434
568121763,L1GH7/Vaultiris,Vulnerabilities/2022/CVE-2022-34265/aeyesec/views.py,c2b9d4dd350eb7117c6d9bde4fcc456ee1b583e9,CVE-2022-34265
568121763,L1GH7/Vaultiris,Vulnerabilities/2008/CVE-2008-2019/TheRook/sound/g.english.wav,c2d5811609e02397e90d26df682acc0f8cc9a103,CVE-2008-2019
568121763,L1GH7/Vaultiris,Vulnerabilities/2022/CVE-2022-36804/trhacknon/form.py,c2e2e8290dc50001c987357c3230ea27c6b26301,CVE-2022-36804
568121763,L1GH7/Vaultiris,Vulnerabilities/2022/CVE-2022-31294/bigzooooz/takeover.html,c322bc7e25695f6f75d788ca10d1068256a811fc,CVE-2022-31294
568121763,L1GH7/Vaultiris,Vulnerabilities/2022/CVE-2022-36067/0x1nsomnia/node_modules/@types/node/index.d.ts,c3302b87806feea8c7e360d1b4277ce5b26cc9d0,CVE-2022-36067
568121763,L1GH7/Vaultiris,Vulnerabilities/2022/CVE-2022-37434/nidhi7598/contrib/ada/zlib.gpr,c36c2cf069e930eb81ee0c89bfe70c20c8d0511a,CVE-2022-37434
568121763,L1GH7/Vaultiris,Vulnerabilities/2022/CVE-2022-37208/AgainstTheLight/README.md,c36cd81406d639cb929ac41f39b3f5ebd2ff96e5,CVE-2022-37208
568121763,L1GH7/Vaultiris,Vulnerabilities/2022/CVE-2022-34918/veritas501/poc_fs_context_cred_common/src/fsopen_spray.c,c39293dd34be36040bb6b30a188b3ba967fc26be,CVE-2022-34918
568121763,L1GH7/Vaultiris,Vulnerabilities/2008/CVE-2008-2019/TheRook/sound/n.english.wav,c3d6dfcd226c4cb767b1a45f05705fc559797fc3,CVE-2008-2019
568121763,L1GH7/Vaultiris,Vulnerabilities/2022/CVE-2022-37434/nidhi7598/contrib/iostream3/TODO,c40d91b8e4051c4fac646e0213dee173e207bcee,CVE-2022-37434
568121763,L1GH7/Vaultiris,Vulnerabilities/2022/CVE-2022-37434/nidhi7598/gzlib.c,c415fbf138e71007b432cf53e92068415a0dd034,CVE-2022-37434
568121763,L1GH7/Vaultiris,Vulnerabilities/2022/CVE-2022-37434/nidhi7598/contrib/pascal/readme.txt,c47cc3ccdb450bd0d3d1d0e6f52746a2c0ca8541,CVE-2022-37434
568121763,L1GH7/Vaultiris,Vulnerabilities/2002/CVE-2002-20001/Balasys/data/dhparam-ffdhe-3072-openssl-275.pem,c480a09e6a7fb7923c4dbdfca1ea76ace3aa9599,CVE-2002-20001
568121763,L1GH7/Vaultiris,Vulnerabilities/2022/CVE-2022-36067/0x1nsomnia/node_modules/@types/node/globals.d.ts,c4a69258f1b7a0422090472dbbdeda3ae42fa768,CVE-2022-36067
568121763,L1GH7/Vaultiris,Vulnerabilities/2022/CVE-2022-36663/aqeisi/index.html,c4d69c6f4efd2ccb478ed44c0b89dedabb14d725,CVE-2022-36663
568121763,L1GH7/Vaultiris,Vulnerabilities/2022/CVE-2022-35698/EmicoEcommerce/.idea/modules.xml,c5757195a1243b4cf40e7c83716e5a85540b6c8f,CVE-2022-35698
568121763,L1GH7/Vaultiris,Vulnerabilities/2022/CVE-2022-37434/nidhi7598/contrib/vstudio/vc10/testzlibdll.vcxproj.filters,c58d2108068205a73067ba970a852b293ae7e801,CVE-2022-37434
568121763,L1GH7/Vaultiris,Vulnerabilities/2022/CVE-2022-41852/Warxim/src/main/java/com/warxim/jxpathrce/controller/ProofOfConceptController.java,c629fb673c5cc5be4e32af48a25a4eea7c5bc164,CVE-2022-41852
568121763,L1GH7/Vaultiris,Vulnerabilities/2011/CVE-2011-1475/samaujs/.travis.yml,c6b88e25792aa5c907089272de7b14080a4c9f0d,CVE-2011-1475
568121763,L1GH7/Vaultiris,Vulnerabilities/2022/CVE-2022-34265/coco0x0a/lab/migrations/0002_rename_name_flag_secret_remove_flag_description.py,c721b8605e05d62aec6a40390197749302e42ed6,CVE-2022-34265
568121763,L1GH7/Vaultiris,Vulnerabilities/2022/CVE-2022-37434/nidhi7598/contrib/vstudio/vc10/zlibvc.sln,c729173ed8289975d4b95f9bb270fa46a756ed73,CVE-2022-37434
568121763,L1GH7/Vaultiris,Vulnerabilities/2022/CVE-2022-41082/west-wind/Malware-Backdoors/Linux Ransomware,c7441ff6497a11aae7757a5d7cfd6d8ac0b30a73,CVE-2022-41082
568121763,L1GH7/Vaultiris,Vulnerabilities/2022/CVE-2022-36067/Prathamrajgor/app.js,c749fbdd59b9437dca85a88cc260d6250212036d,CVE-2022-36067
568121763,L1GH7/Vaultiris,Vulnerabilities/2022/CVE-2022-37434/nidhi7598/contrib/infback9/inflate9.h,c7541490d97f70268010ae1baeb98a10302f3df8,CVE-2022-37434
568121763,L1GH7/Vaultiris,Vulnerabilities/2022/CVE-2022-3602/corelight/testing/Files/random.seed,c7d5e6fcc80896a848deec81d0150aa535ea01c8,CVE-2022-3602
568121763,L1GH7/Vaultiris,Vulnerabilities/2022/CVE-2022-37434/nidhi7598/zlib.pc.cmakein,c80d6efe2a2991a1836ee797f75b12c9d60b6783,CVE-2022-37434
568121763,L1GH7/Vaultiris,Vulnerabilities/2022/CVE-2022-34919/ahajnik/README.md,c83998bef8dda702cc4c64cd1c8ea7ac0f7bed51,CVE-2022-34919
568121763,L1GH7/Vaultiris,Vulnerabilities/2022/CVE-2022-35131/ly1g3/README.md,c92ceaeb77695adaa0fcfa763fc09f405c26805a,CVE-2022-35131
568121763,L1GH7/Vaultiris,Vulnerabilities/2022/CVE-2022-32988/FedericoHeichou/README.md,c92d45d05d5ca574c9401ad4cc96a9e056d74787,CVE-2022-32988
568121763,L1GH7/Vaultiris,Vulnerabilities/2022/CVE-2022-33980/trhacknon/.idea/vcs.xml,c92f3eb0ad1c70371e177a4d7d741f90af3f902c,CVE-2022-33980
568121763,L1GH7/Vaultiris,Vulnerabilities/2022/CVE-2022-35698/EmicoEcommerce/.idea/vcs.xml,c92f3eb0ad1c70371e177a4d7d741f90af3f902c,CVE-2022-35698
568121763,L1GH7/Vaultiris,Vulnerabilities/2022/CVE-2022-40317/izdiwho/README.md,c9537efdd3c9299f97a802bf6245310325b279a4,CVE-2022-40317
568121763,L1GH7/Vaultiris,Vulnerabilities/2022/CVE-2022-40146/cckuailong/Poc/RCE_Jar.md,c9982f39e1961150a32d3cf775dda7b1f842bfb6,CVE-2022-40146
568121763,L1GH7/Vaultiris,Vulnerabilities/2010/CVE-2010-5230/otofoto/Nero_dllhijack_exploit.rar,ca0aa37455a72e8ad463133c668e0c55ee3cc1a6,CVE-2010-5230
568121763,L1GH7/Vaultiris,Vulnerabilities/2022/CVE-2022-40127/Mr-xn/README.md,ca43a214131789a7791ae8acc4d6a1be7908906f,CVE-2022-40127
568121763,L1GH7/Vaultiris,Vulnerabilities/2022/CVE-2022-34265/coco0x0a/lab/__pycache__/models.cpython-39.pyc,ca5bff0d78cd11c14c948df39178b88f61af0842,CVE-2022-34265
568121763,L1GH7/Vaultiris,Vulnerabilities/2022/CVE-2022-36067/0x1nsomnia/node_modules/@types/node/buffer.d.ts,ca705fccd5bd69c118ca9afe0da48b0784ce8d94,CVE-2022-36067
568121763,L1GH7/Vaultiris,Vulnerabilities/2022/CVE-2022-3602/cybersecurityworks553/openssl_cert_detector.py,cac8e8d17cb1ee82123b12ad1d0f8979a1fbbcd5,CVE-2022-3786
568121763,L1GH7/Vaultiris,Vulnerabilities/2022/CVE-2022-3602/cybersecurityworks553/openssl_cert_detector.py,cac8e8d17cb1ee82123b12ad1d0f8979a1fbbcd5,CVE-2022-3602
568121763,L1GH7/Vaultiris,Vulnerabilities/2022/CVE-2022-37434/nidhi7598/contrib/minizip/MiniZip64_Changes.txt,cb10d2af06d59532c6d462ab0dbd2b79c55a5834,CVE-2022-37434
568121763,L1GH7/Vaultiris,Vulnerabilities/2022/CVE-2022-37207/AgainstTheLight/README.md,cb226fcec53e7c8aad9fe937fb55e90d52fbfd34,CVE-2022-37207
568121763,L1GH7/Vaultiris,Vulnerabilities/2022/CVE-2022-37434/nidhi7598/contrib/dotzlib/DotZLib/AssemblyInfo.cs,cba061f7a0d693910dcd7c677d3f4b459351b4f0,CVE-2022-37434
568121763,L1GH7/Vaultiris,Vulnerabilities/2022/CVE-2022-36067/0x1nsomnia/node_modules/@types/node/wasi.d.ts,cbc7b33b32aa97fc393b306022ab66653c46af38,CVE-2022-36067
568121763,L1GH7/Vaultiris,Vulnerabilities/2022/CVE-2022-37434/nidhi7598/contrib/minizip/unzip.h,cbdaca78532d8925a5b2753849e5a097d62a7587,CVE-2022-37434
568121763,L1GH7/Vaultiris,Vulnerabilities/2022/CVE-2022-33174/Henry4E36/CVE-2022-33174.py,cc22cb645d9b894aa97a1ecae723d92ea9553ef0,CVE-2022-33174
568121763,L1GH7/Vaultiris,Vulnerabilities/2022/CVE-2022-33679/notareaperbutDR34P3r/README.md,cc296bbeb79514e012944eebe0bdf7c05efedabd,CVE-2022-33679
568121763,L1GH7/Vaultiris,Vulnerabilities/2022/CVE-2022-33679/notareaperbutDR34P3r/README.md,cc296bbeb79514e012944eebe0bdf7c05efedabd,CVE-2022-33079
568121763,L1GH7/Vaultiris,Vulnerabilities/2022/CVE-2022-36067/0x1nsomnia/node_modules/@types/node/dgram.d.ts,cd03d8acda74b24761fbc138569f5e5d71c48063,CVE-2022-36067
568121763,L1GH7/Vaultiris,Vulnerabilities/2022/CVE-2022-41218/V4bel/3_slab-uaf-write.c,cd1739ba8395c7c9cd43e917851966dec661c8ae,CVE-2022-41218
568121763,L1GH7/Vaultiris,Vulnerabilities/2022/CVE-2022-38577/sornram9254/README.md,cd18255803dc6d6671731a18175c141c13c2941f,CVE-2022-38577
568121763,L1GH7/Vaultiris,Vulnerabilities/2009/CVE-2009-4137/Alexeyan/exploit.php,cebf60484a17233b3af0d7452e052d4049d51306,CVE-2009-4137
568121763,L1GH7/Vaultiris,Vulnerabilities/2022/CVE-2022-37434/nidhi7598/contrib/dotzlib/DotZLib/UnitTests.cs,cecc9dfd70108f767cb5938b4f1b11feeaf25a36,CVE-2022-37434
568121763,L1GH7/Vaultiris,Vulnerabilities/2022/CVE-2022-41082/west-wind/CVE/CVE-2022-2185,cee5486bc0c109b76b8fa3218f1f8055baf67fcf,CVE-2022-2185
568121763,L1GH7/Vaultiris,Vulnerabilities/2022/CVE-2022-41082/west-wind/CVE/CVE-2022-2185,cee5486bc0c109b76b8fa3218f1f8055baf67fcf,CVE-2022-41082
568121763,L1GH7/Vaultiris,Vulnerabilities/2002/CVE-2002-0347/alt3kx/CVE-2002-0347.txt,cf292c5db19341aa810c29aa26d3790eaa5b7563,CVE-2002-0347
568121763,L1GH7/Vaultiris,Vulnerabilities/2022/CVE-2022-31301/bigzooooz/README.md,cf38b09c1609727e9e9ed9f0d927ecc7bdd53cf4,CVE-2022-31301
568121763,L1GH7/Vaultiris,Vulnerabilities/2022/CVE-2022-37434/nidhi7598/contrib/infback9/inftree9.h,cfb5d10e9b79029c758cf0428875f9cffa9d6cdf,CVE-2022-37434
568121763,L1GH7/Vaultiris,Vulnerabilities/2022/CVE-2022-37434/nidhi7598/contrib/infback9/infback9.h,d0486a32b558dcaceded5f0746fad62e680a4734,CVE-2022-37434
568121763,L1GH7/Vaultiris,Vulnerabilities/2022/CVE-2022-37434/nidhi7598/zlib.3,d061dc1c155f0d9d7f9a5a606872582feaca55e3,CVE-2022-37434
568121763,L1GH7/Vaultiris,Vulnerabilities/2022/CVE-2022-32119/JC175/README.md,d17b3fa81dc6f3f6311ea747b19715778a0799a4,CVE-2022-32119
568121763,L1GH7/Vaultiris,Vulnerabilities/2001/CVE-2001-0934/alt3kx/CVE-2001-0934.txt,d20d970492e60ae8b69d3307e8733f585ff009e6,CVE-2001-0934
568121763,L1GH7/Vaultiris,Vulnerabilities/2008/CVE-2008-7220/followboy1999/demo.php,d24d93ce1fa6b87fc754dc33b28f42a8c6df1c1f,CVE-2008-7220
568121763,L1GH7/Vaultiris,Vulnerabilities/2022/CVE-2022-41852/Warxim/src/main/java/com/warxim/jxpathrce/JXPathRCEApplication.java,d281381641d5297214c4177674da16f68f5b0090,CVE-2022-41852
568121763,L1GH7/Vaultiris,Vulnerabilities/2022/CVE-2022-36067/0x1nsomnia/node_modules/vm2/README.md,d30c37c011cd341fb22cd5e652d1ae4119f5d3b1,CVE-2022-36067
568121763,L1GH7/Vaultiris,Vulnerabilities/2022/CVE-2022-37434/nidhi7598/contrib/masmx64/inffas8664.c,d33ae93f9566f08b4d10ccf6b4ef40c5f9663d43,CVE-2022-37434
568121763,L1GH7/Vaultiris,Vulnerabilities/2002/CVE-2002-0348/alt3kx/Cobalt4_DoS.pl,d34b5a8124a4759183fd1ac7b5830d60ffed0728,CVE-2002-0348
568121763,L1GH7/Vaultiris,Vulnerabilities/2022/CVE-2022-3602/NCSC-NL/.github/pull_request_template.md,d39ba698b73261360ff89e75988490bbca518b45,CVE-2022-3602
568121763,L1GH7/Vaultiris,Vulnerabilities/2022/CVE-2022-42889/adarshpv9746/README.md,d3cdf2ffbb5c362eab5ee7ad716ffb1cf8aca2d2,CVE-2022-42889
568121763,L1GH7/Vaultiris,Vulnerabilities/2022/CVE-2022-36067/0x1nsomnia/node_modules/qs/test/utils.js,d418b6e7597ab122d26e1e535bfc57e148134dcf,CVE-2022-36067
568121763,L1GH7/Vaultiris,Vulnerabilities/2022/CVE-2022-35914/lolminerxmrig/Capricornus1.2.py,d466dd351715ed12e8b68ac3d2697f1a9dee82a7,CVE-2022-36642
568121763,L1GH7/Vaultiris,Vulnerabilities/2022/CVE-2022-35914/lolminerxmrig/Capricornus1.2.py,d466dd351715ed12e8b68ac3d2697f1a9dee82a7,CNVD-2021-25330
568121763,L1GH7/Vaultiris,Vulnerabilities/2022/CVE-2022-35914/lolminerxmrig/Capricornus1.2.py,d466dd351715ed12e8b68ac3d2697f1a9dee82a7,CVE-2017-7921
568121763,L1GH7/Vaultiris,Vulnerabilities/2022/CVE-2022-35914/lolminerxmrig/Capricornus1.2.py,d466dd351715ed12e8b68ac3d2697f1a9dee82a7,CVE-2022-36804
568121763,L1GH7/Vaultiris,Vulnerabilities/2022/CVE-2022-35914/lolminerxmrig/Capricornus1.2.py,d466dd351715ed12e8b68ac3d2697f1a9dee82a7,CVE-2020-14882
568121763,L1GH7/Vaultiris,Vulnerabilities/2022/CVE-2022-35914/lolminerxmrig/Capricornus1.2.py,d466dd351715ed12e8b68ac3d2697f1a9dee82a7,CVE-2022-35914
568121763,L1GH7/Vaultiris,Vulnerabilities/2022/CVE-2022-35914/lolminerxmrig/Capricornus1.2.py,d466dd351715ed12e8b68ac3d2697f1a9dee82a7,CVE-2021-41277
568121763,L1GH7/Vaultiris,Vulnerabilities/2022/CVE-2022-35914/lolminerxmrig/Capricornus1.2.py,d466dd351715ed12e8b68ac3d2697f1a9dee82a7,CVE-2022-22965
568121763,L1GH7/Vaultiris,Vulnerabilities/2022/CVE-2022-35698/EmicoEcommerce/2.4.3-p1/module-email/APSB22-48-CVE-2022-35698.patch,d475564ddbdbfa102dd2b45657301e7c92fa2643,CVE-2022-35698
568121763,L1GH7/Vaultiris,Vulnerabilities/2022/CVE-2022-37434/nidhi7598/contrib/iostream3/README,d4a3dfd7a48721d6e7d12da226855bab19f6e8c1,CVE-2022-37434
568121763,L1GH7/Vaultiris,Vulnerabilities/2022/CVE-2022-34918/randorisec/Makefile,d4d5db17f2ce8902b9fbb827c6938482e5556d5f,CVE-2022-34918
568121763,L1GH7/Vaultiris,Vulnerabilities/2022/CVE-2022-37434/nidhi7598/zlib.map,d4f255fda918b43fef53791deae3e7e4e41f94eb,CVE-2022-37434
568121763,L1GH7/Vaultiris,Vulnerabilities/2022/CVE-2022-3602/corelight/testing/btest.cfg,d560611314557c7b9418fb5110394b958ea2a456,CVE-2022-3602
568121763,L1GH7/Vaultiris,Vulnerabilities/2022/CVE-2022-34298/watchtowrlabs/watchtowr-vs-openam_auth-impersonation_2022-06-16.py,d56208110f629a583aa03e0bfded1f6f34d55a33,CVE-2022-34298
568121763,L1GH7/Vaultiris,Vulnerabilities/2022/CVE-2022-32532/Lay0us1/src/main/java/com/example/shirodemo/MyFilter.java,d5b0db29252ed12f03c8b7e8caa25428df9ccf74,CVE-2022-32532
568121763,L1GH7/Vaultiris,Vulnerabilities/2022/CVE-2022-37434/nidhi7598/examples/gzlog.c,d5e493ab03a21e3b0cf02e9e7d764028edc21054,CVE-2022-37434
568121763,L1GH7/Vaultiris,Vulnerabilities/2022/CVE-2022-34918/veritas501/poc_keyring_common/src/main.c,d67242cb0d06b8fdff9ab5abb5331157c2c64578,CVE-2022-34918
568121763,L1GH7/Vaultiris,Vulnerabilities/2002/CVE-2002-20001/Balasys/setup.py,d6aec8d45d92144dd79964b47fa7733051d8234b,CVE-2002-20001
568121763,L1GH7/Vaultiris,Vulnerabilities/2022/CVE-2022-36067/0x1nsomnia/node_modules/@types/node/ts4.8/tls.d.ts,d6cb6e64c3e36e6798d3cccfbaa2b991f1dcb9a1,CVE-2021-44531
568121763,L1GH7/Vaultiris,Vulnerabilities/2022/CVE-2022-36067/0x1nsomnia/node_modules/@types/node/tls.d.ts,d6cb6e64c3e36e6798d3cccfbaa2b991f1dcb9a1,CVE-2022-36067
568121763,L1GH7/Vaultiris,Vulnerabilities/2022/CVE-2022-34918/veritas501/poc_fs_context_common/include/modprobe.h,d72090120c48f8c415f24e80a514b234f57f1a2d,CVE-2022-34918
568121763,L1GH7/Vaultiris,Vulnerabilities/2022/CVE-2022-40684/gustavorobertux/README.md,d739c80e662789e326e878a55a45a310e34c1496,CVE-2022-40684
568121763,L1GH7/Vaultiris,Vulnerabilities/2022/CVE-2022-36067/0x1nsomnia/node_modules/qs/README.md,d771207a33fd8ff379fcf26ee72d5ea0a1a77b3a,CVE-2022-36067
568121763,L1GH7/Vaultiris,Vulnerabilities/2022/CVE-2022-37434/nidhi7598/contrib/vstudio/vc10/zlibvc.vcxproj.filters,d79f0fd92979c64e0806c64d496dd5edccf5b60d,CVE-2022-37434
568121763,L1GH7/Vaultiris,Vulnerabilities/2022/CVE-2022-31814/EvergreenCartoons/archive/pfSense-pkg-pfBlockerNG-2.1.4_26.pkg.1,d8509753e6695dc4de5f6cf50dd10e0784ae9bfa,CVE-2022-31814
568121763,L1GH7/Vaultiris,Vulnerabilities/2022/CVE-2022-34918/randorisec/src/keyring.c,d85474b7ea2ea63a06925427787550c5c96ed3a4,CVE-2022-34918
568121763,L1GH7/Vaultiris,Vulnerabilities/2008/CVE-2008-2019/TheRook/sound/t.english.wav,d871941cc36c0debdda7934e02cda916505d7998,CVE-2008-2019
568121763,L1GH7/Vaultiris,Vulnerabilities/2022/CVE-2022-42889/karthikuj/src/test/java/com/levo/dockerexample/PlaceHolderForTest.java,d88fa9c3c02657394b0799ca051201e89452b224,CVE-2022-42889
568121763,L1GH7/Vaultiris,Vulnerabilities/2022/CVE-2022-34265/ZhaoQi99/vuln/tests.py,d8ba9a8a1de20610ca7f80f8c8c6c515ece66a30,CVE-2022-34265
568121763,L1GH7/Vaultiris,Vulnerabilities/2022/CVE-2022-3368/Wh04m1001/Project3/Project3.vcxproj.filters,d94a0a087848a1a38bf40d4ad720986d4de68910,CVE-2022-3368
568121763,L1GH7/Vaultiris,Vulnerabilities/2022/CVE-2022-34918/randorisec/get_root_src/get_root.c,d953307ea5e44950b65586fed9f1c8a9d92ae9a0,CVE-2022-34918
568121763,L1GH7/Vaultiris,Vulnerabilities/2022/CVE-2022-40684/hughink/Readme.md,d9bf1c9d4b07af9c95399993039be67f2467cae3,CVE-2022-40684
568121763,L1GH7/Vaultiris,Vulnerabilities/2022/CVE-2022-37434/nidhi7598/contrib/inflate86/inffas86.c,d9dfc1538fb2bf1daef2fec42e68472ede564abc,CVE-2022-37434
568121763,L1GH7/Vaultiris,Vulnerabilities/2022/CVE-2022-40140/mr-r3b00t/iis_log_parse.ps1,d9ef813e0d0cf18228f8923a25aecf08230cd092,CVE-2022-40140
568121763,L1GH7/Vaultiris,Vulnerabilities/2009/CVE-2009-5147/zhangyongbo100/.rspec,da0b9151abeb59a9e09024ae063bc17a88d9e31a,CVE-2009-5147
568121763,L1GH7/Vaultiris,Vulnerabilities/2022/CVE-2022-34718/SecLabResearchBV/README.md,da1bb72f7fe9bbafb9aed503f3b2e2f2f12cbfff,CVE-2022-34718
568121763,L1GH7/Vaultiris,Vulnerabilities/2007/CVE-2007-4559/advanced-threat-research/creosote.py,da1d5a54738c4ea91b20664b4c30426b781a7c58,CVE-2007-4559
568121763,L1GH7/Vaultiris,Vulnerabilities/2011/CVE-2011-1720/nbeguier/postfix_gdb_attach.sh,da2229389375841e4c9312ef4cc40116f6c31a9a,CVE-2011-1720
568121763,L1GH7/Vaultiris,Vulnerabilities/2022/CVE-2022-32532/Lay0us1/src/main/resources/application.properties,da39a3ee5e6b4b0d3255bfef95601890afd80709,CVE-2022-32532
568121763,L1GH7/Vaultiris,Vulnerabilities/2022/CVE-2022-3602/NCSC-NL/software/vendor-statements/.keep,da39a3ee5e6b4b0d3255bfef95601890afd80709,CVE-2022-3602
568121763,L1GH7/Vaultiris,Vulnerabilities/2022/CVE-2022-35737/gmh5225/placeholder.sql3,da39a3ee5e6b4b0d3255bfef95601890afd80709,CVE-2022-35737
568121763,L1GH7/Vaultiris,Vulnerabilities/2002/CVE-2002-20001/Balasys/test/__init__.py,da39a3ee5e6b4b0d3255bfef95601890afd80709,CVE-2002-20001
568121763,L1GH7/Vaultiris,Vulnerabilities/2010/CVE-2010-2387/LogSec/findSource.ql,da39a3ee5e6b4b0d3255bfef95601890afd80709,CVE-2010-2387
568121763,L1GH7/Vaultiris,Vulnerabilities/2022/CVE-2022-34265/ZhaoQi99/vuln/__init__.py,da39a3ee5e6b4b0d3255bfef95601890afd80709,CVE-2022-34265
568121763,L1GH7/Vaultiris,Vulnerabilities/2008/CVE-2008-2019/TheRook/sound/p.english.wav,daae315ddf9150b7bb0655b2c4ba066e04d2768f,CVE-2008-2019
568121763,L1GH7/Vaultiris,Vulnerabilities/2022/CVE-2022-41082/notareaperbutDR34P3r/README.md,db0a63aa14db2f885275f9453528d170d5e93af3,CVE-2022-41082
568121763,L1GH7/Vaultiris,Vulnerabilities/2022/CVE-2022-37434/nidhi7598/contrib/vstudio/vc10/testzlibdll.vcxproj,db171610cfbb5f4f753e4bad0917bde2feb4e121,CVE-2022-37434
568121763,L1GH7/Vaultiris,Vulnerabilities/2022/CVE-2022-37434/nidhi7598/crc32.h,db9e88b8332953972c9120c73389fa2ce03dd8f8,CVE-2022-37434
568121763,L1GH7/Vaultiris,Vulnerabilities/2022/CVE-2022-34918/veritas501/poc_keyring_normal/include/netlink.h,dbb040e9b558e1d22f3afe86472ffe63242c9566,CVE-2022-34918
568121763,L1GH7/Vaultiris,Vulnerabilities/2022/CVE-2022-39197/TheCryingGame/CVE-2022-39197_Yyy.py,dc087eaa696f1f0e5dddf68e5f87b8e71f487ba3,CVE-2022-39197
568121763,L1GH7/Vaultiris,Vulnerabilities/2022/CVE-2022-31269/Henry4E36/README.md,dc2db67e7594f26146a495fad675e3c7b3d60164,CVE-2022-31269
568121763,L1GH7/Vaultiris,Vulnerabilities/2022/CVE-2022-37434/nidhi7598/make_vms.com,dc817ba3a5335de14bde5b81b1a3365734757625,CVE-2022-37434
568121763,L1GH7/Vaultiris,Vulnerabilities/2022/CVE-2022-37434/nidhi7598/ChangeLog,dd09b0fbe865fd6325647a261351bfddaf3b4340,CVE-2022-37434
568121763,L1GH7/Vaultiris,Vulnerabilities/2022/CVE-2022-37434/nidhi7598/contrib/dotzlib/readme.txt,dd9e8e778f80048cd5a3a42fbcc7791269de8ec9,CVE-2022-37434
568121763,L1GH7/Vaultiris,Vulnerabilities/2022/CVE-2022-36067/0x1nsomnia/node_modules/@types/node/ts4.8/dom-events.d.ts,ddb362f9688e6a06f96e93e11cd3e9a90f66aa8a,CVE-2022-36067
568121763,L1GH7/Vaultiris,Vulnerabilities/2022/CVE-2022-34918/veritas501/poc_keyring_normal/include/log.h,ddb3b2355b0896113851f06b95aa81e333124056,CVE-2022-34918
568121763,L1GH7/Vaultiris,Vulnerabilities/2022/CVE-2022-37434/nidhi7598/contrib/pascal/zlibd32.mak,ddf83b34d4c7d41ace39f96b5cb13fb390c8d2eb,CVE-2022-37434
568121763,L1GH7/Vaultiris,Vulnerabilities/2022/CVE-2022-37434/nidhi7598/contrib/ada/zlib-streams.ads,de71c107c3fd780c55b9fd81fe1c7e1cfab67c45,CVE-2022-37434
568121763,L1GH7/Vaultiris,Vulnerabilities/2022/CVE-2022-36067/0x1nsomnia/node_modules/formidable/LICENSE,deb8cda0518b0a76309fb4851447f4217b9df872,CVE-2022-36067
568121763,L1GH7/Vaultiris,Vulnerabilities/2022/CVE-2022-34918/veritas501/poc_keyring_common/src/nf_tables.c,deec12d9b85623b8954feba89f81f7f939832cd0,CVE-2022-34918
568121763,L1GH7/Vaultiris,Vulnerabilities/2022/CVE-2022-37434/nidhi7598/contrib/delphi/ZLib.pas,dfab67b21805dfd50142c091306f2099c3712983,CVE-2022-37434
568121763,L1GH7/Vaultiris,Vulnerabilities/2022/CVE-2022-36067/0x1nsomnia/node_modules/asap/asap.js,dfb4ab3ad5524d143221515950159eee5c0fd0db,CVE-2022-36067
568121763,L1GH7/Vaultiris,Vulnerabilities/2022/CVE-2022-31269/Henry4E36/CVE-2022-31269.py,dfd5ccb388992c82bf65660612a97049a8ebd974,CVE-2022-31269
568121763,L1GH7/Vaultiris,Vulnerabilities/2008/CVE-2008-0128/ngyanch/gradle/wrapper/gradle-wrapper.properties,e017418d54fa8f26d22acad35b9af980f8a295aa,CVE-2008-0128
568121763,L1GH7/Vaultiris,Vulnerabilities/2022/CVE-2022-39197/TheCryingGame/requirements.txt,e028b2eb3bdf1c7acc96e75bd737ec47809e17df,CVE-2022-39197
568121763,L1GH7/Vaultiris,Vulnerabilities/2022/CVE-2022-36067/0x1nsomnia/node_modules/@types/node/http2.d.ts,e03659bf9232a60edfbee1a557e17aa711631fc7,CVE-2022-36067
568121763,L1GH7/Vaultiris,Vulnerabilities/2002/CVE-2002-20001/Balasys/data/dhparam-ffdhe-8192.pem,e0ab9d80e99538864878d6199533599458929749,CVE-2002-20001
568121763,L1GH7/Vaultiris,Vulnerabilities/2022/CVE-2022-3602/corelight/scripts/detect_exploit.zeek,e0b1b12cf2d6e406ea11aa4ad481030a45770256,CVE-2022-3602
568121763,L1GH7/Vaultiris,Vulnerabilities/2022/CVE-2022-36067/0x1nsomnia/node_modules/@types/node/ts4.8/process.d.ts,e0db7b07d80418930e2d87c5e398db1c68bfed50,CVE-2022-36067
568121763,L1GH7/Vaultiris,Vulnerabilities/2022/CVE-2022-37434/nidhi7598/contrib/delphi/ZLibConst.pas,e0ff4d3c14a4dcdbf170692ce0fec86939b500d0,CVE-2022-37434
568121763,L1GH7/Vaultiris,Vulnerabilities/2022/CVE-2022-37434/nidhi7598/as400/readme.txt,e1095c855b1ee716229ed2c2c01dceae46bede51,CVE-2022-37434
568121763,L1GH7/Vaultiris,Vulnerabilities/2022/CVE-2022-34265/aeyesec/urls.py,e13ab05285f37903f69bc1345938b1628295c1c6,CVE-2022-34265
568121763,L1GH7/Vaultiris,Vulnerabilities/2022/CVE-2022-37434/nidhi7598/contrib/vstudio/vc10/zlibstat.vcxproj.filters,e14b539045f7cde090326c4c5b2166ed6bf06c00,CVE-2022-37434
568121763,L1GH7/Vaultiris,Vulnerabilities/2022/CVE-2022-37434/nidhi7598/contrib/iostream2/zstream_test.cpp,e18a6d55cbbd8b832f8d795530553467e5c74fcf,CVE-2022-37434
568121763,L1GH7/Vaultiris,Vulnerabilities/2022/CVE-2022-36067/0x1nsomnia/node_modules/@types/node/ts4.8/stream/consumers.d.ts,e18c38862352d22018a297f2f65616ee8cfebb6f,CVE-2022-36067
568121763,L1GH7/Vaultiris,Vulnerabilities/2022/CVE-2022-31814/EvergreenCartoons/nuclei-CVE-2022-31814.yaml,e1ad1ba390041bc1564e58150b14e50682cee925,CVE-2022-31814
568121763,L1GH7/Vaultiris,Vulnerabilities/2022/CVE-2022-43332/maikroservice/README.md,e1b0b6d46d95712adb2c22fb90497bdf129967bc,CVE-2022-43332
568121763,L1GH7/Vaultiris,Vulnerabilities/2022/CVE-2022-37434/nidhi7598/watcom/watcom_l.mak,e1deb6874b6162d2607dff14c2fccb7a37ce97b0,CVE-2022-37434
568121763,L1GH7/Vaultiris,Vulnerabilities/2022/CVE-2022-37434/nidhi7598/contrib/minizip/MiniZip64_info.txt,e1f5511bbdf9715bb2f18e4d24924cca3275fb24,CVE-2022-37434
568121763,L1GH7/Vaultiris,Vulnerabilities/2022/CVE-2022-37042/aels/shell2.zip,e311e7055f8fa53c82214b5c64182f494341462a,CVE-2022-37042
568121763,L1GH7/Vaultiris,Vulnerabilities/2005/CVE-2005-1794/InitRoot/CVE-2005-1794Scanner.py,e345f8ca00ab7e688689137eb2d62b6441b22c9c,CVE-2005-1794
568121763,L1GH7/Vaultiris,Vulnerabilities/2022/CVE-2022-39197/PyterSmithDarkGhost/README.md,e38fd7f9f67261da2cc350c16bca8c1f1c36ef6f,CVE-2022-39197
568121763,L1GH7/Vaultiris,Vulnerabilities/2022/CVE-2022-40146/cckuailong/pom.xml,e3b7408c8d296b2f60ac242ee1e7318e5003e72c,CVE-2022-40146
568121763,L1GH7/Vaultiris,Vulnerabilities/2022/CVE-2022-42889/cryxnet/main.py,e449050dd4f7c6113f4f1538ad9a89e0d7c7563d,CVE-2022-42889
568121763,L1GH7/Vaultiris,Vulnerabilities/2022/CVE-2022-34918/randorisec/src/uring.c,e4b186b794cc2d7e9f3a99bd4c9297b92176a233,CVE-2022-34918
568121763,L1GH7/Vaultiris,Vulnerabilities/2022/CVE-2022-37434/nidhi7598/zconf.h.cmakein,e5bb6f0ab6205ebc2b61b98e42ee25ebfcf2f714,CVE-2022-37434
568121763,L1GH7/Vaultiris,Vulnerabilities/2022/CVE-2022-37434/nidhi7598/contrib/inflate86/inffast.S,e5c30f2fc07023d7024571c9882383236d2a1cb0,CVE-2022-37434
568121763,L1GH7/Vaultiris,Vulnerabilities/2022/CVE-2022-37434/nidhi7598/win32/VisualC.txt,e5df2e74c999dce787d725694968d9ce63662d82,CVE-2022-37434
568121763,L1GH7/Vaultiris,Vulnerabilities/2022/CVE-2022-35914/Gabriel-Lima232/README.md,e6329cc1820c8a5bfd6accb1a1ae2fe1e4890a56,CVE-2022-35914
568121763,L1GH7/Vaultiris,Vulnerabilities/2022/CVE-2022-36067/0x1nsomnia/node_modules/@types/node/console.d.ts,e67949a4e09a1fce468924343f64fd20b50f156d,CVE-2022-36067
568121763,L1GH7/Vaultiris,Vulnerabilities/2022/CVE-2022-34918/veritas501/sample_config,e6d62d05875c3b9fdbdb04eeb3fc89595eb3ae4e,VU#300
568121763,L1GH7/Vaultiris,Vulnerabilities/2022/CVE-2022-34918/veritas501/sample_config,e6d62d05875c3b9fdbdb04eeb3fc89595eb3ae4e,CVE-2022-34918
568121763,L1GH7/Vaultiris,Vulnerabilities/2022/CVE-2022-37434/nidhi7598/contrib/minizip/ioapi.h,e71518ae9f172eab44a2d8f52b3f80b0552070d5,CVE-2022-37434
568121763,L1GH7/Vaultiris,Vulnerabilities/2022/CVE-2022-3602/corelight/testing/tests/test.zeek,e7378f0a2f4f92fc4bc36d502ff4fab4564d5378,CVE-2022-3602
568121763,L1GH7/Vaultiris,Vulnerabilities/2011/CVE-2011-1475/samaujs/target/test-classes/com/adventit/app/AppTest.class,e74976fe6c5490cd93f3635d8320c6087bb2838c,CVE-2011-1475
568121763,L1GH7/Vaultiris,Vulnerabilities/2022/CVE-2022-36067/0x1nsomnia/node_modules/@types/node/diagnostics_channel.d.ts,e7ddb169448806a020aaa109a3f39079732dfa96,CVE-2022-36067
568121763,L1GH7/Vaultiris,Vulnerabilities/2022/CVE-2022-41082/trhacknon/ProxyNotShell-MASS.py,e7ea0c58d70fa532b08ad63103cc395f6183810c,CVE-2022-41082
568121763,L1GH7/Vaultiris,Vulnerabilities/2022/CVE-2022-41082/trhacknon/ProxyNotShell-MASS.py,e7ea0c58d70fa532b08ad63103cc395f6183810c,CVE-2022-41040
568121763,L1GH7/Vaultiris,Vulnerabilities/2022/CVE-2022-37042/aels/CVE-2022-37042-shell-upload.yaml,e847db2edf59d1b1826d1e8d8c2bb5c1c9e56714,CVE-2022-37042
568121763,L1GH7/Vaultiris,Vulnerabilities/2022/CVE-2022-37042/aels/CVE-2022-37042-shell-upload.yaml,e847db2edf59d1b1826d1e8d8c2bb5c1c9e56714,CVE-2022-27925
568121763,L1GH7/Vaultiris,Vulnerabilities/2022/CVE-2022-34918/veritas501/poc_fs_context_cred_common/src/common.c,e850952b844260cf702096086fc6015d3bea1dd9,CVE-2022-34918
568121763,L1GH7/Vaultiris,Vulnerabilities/2022/CVE-2022-32832/Muirey03/main.c,e8a9bb783d20009d95f10994a08a61e0378a4eb0,CVE-2022-32832
568121763,L1GH7/Vaultiris,Vulnerabilities/2022/CVE-2022-33980/trhacknon/pom.xml,e8b74d472de828f57c2327e84d1a4830c75a08a6,CVE-2022-33980
568121763,L1GH7/Vaultiris,Vulnerabilities/2022/CVE-2022-37205/AgainstTheLight/README.md,e8c4774362b0bfd8ccbe812f1e48973e8edc4e40,CVE-2022-37205
568121763,L1GH7/Vaultiris,Vulnerabilities/2022/CVE-2022-42889/adarshpv9746/Dockerfile,e8cbc70ffb7ea4d1e82d488b8e287350090c5876,CVE-2022-42889
568121763,L1GH7/Vaultiris,Vulnerabilities/2022/CVE-2022-37434/nidhi7598/zlib2ansi,e9859eecf47ae66280573d73969c061989615134,CVE-2022-37434
568121763,L1GH7/Vaultiris,Vulnerabilities/2008/CVE-2008-2019/TheRook/sound/i.english.wav,e9911a14c7abc0462951ac0a7ccefb54e1a1939c,CVE-2008-2019
568121763,L1GH7/Vaultiris,Vulnerabilities/2022/CVE-2022-39197/its-arun/cve-2022-39197.py,e9aa8c9971299ac129a6c8b91a1ed4339df3f427,CVE-2022-39197
568121763,L1GH7/Vaultiris,Vulnerabilities/2022/CVE-2022-31499/omarhashem123/CVE-2022-31499.txt,e9f356c1864136e2fb7ff110ea527c8ca7f7fcd1,CVE-2022-31499
568121763,L1GH7/Vaultiris,Vulnerabilities/2022/CVE-2022-36067/0x1nsomnia/poc.js,ea156bac8247c2120f9a9458e1da9f5ca8a1206e,CVE-2022-36067
568121763,L1GH7/Vaultiris,Vulnerabilities/2002/CVE-2002-0200/alt3kx/CVE-2002-0200.txt,ea2cf71e823bc4246e9db291dca17faffda0d78a,CVE-2002-0200
568121763,L1GH7/Vaultiris,Vulnerabilities/2022/CVE-2022-37434/nidhi7598/zlib.h,eacf75e16a1e0c32c6766ebdbf0a25a30e261920,CVE-2022-37434
568121763,L1GH7/Vaultiris,Vulnerabilities/2008/CVE-2008-0128/ngyanch/README.md,eb069c99d2045c924e06ebe6c04df64052ba1f79,CVE-2008-0128
568121763,L1GH7/Vaultiris,Vulnerabilities/2022/CVE-2022-36804/trhacknon/README.md,eca92a24b1fe00741cc6a7d05dc02a3da083ca98,CVE-2022-36804
568121763,L1GH7/Vaultiris,Vulnerabilities/2022/CVE-2022-37434/nidhi7598/zutil.h,ecb5f0ad7b6bc8fa8951cff479a8901ea30084b8,CVE-2022-37434
568121763,L1GH7/Vaultiris,Vulnerabilities/2022/CVE-2022-42889/adarshpv9746/stop-app.sh,ecca78fbc117b7e01886a8692fcc7d5decf045f5,CVE-2022-42889
568121763,L1GH7/Vaultiris,Vulnerabilities/2022/CVE-2022-40146/cckuailong/src/main/resources/META-INF/MANIFEST.MF,ed9087bbd8bac09370c6ccc296c96b5f089e2e6b,CVE-2022-40146
568121763,L1GH7/Vaultiris,Vulnerabilities/2022/CVE-2022-3602/NCSC-NL/iocs_detection/README.md,ed9d2d0807aa66d33d26bc6c27c45e7b9ea0c59b,CVE-2022-3602
568121763,L1GH7/Vaultiris,Vulnerabilities/2022/CVE-2022-3602/NCSC-NL/LICENSE,edeea88ad8157a375644653871a6356e2ea1be46,CVE-2022-3602
568121763,L1GH7/Vaultiris,Vulnerabilities/2022/CVE-2022-37042/GreyNoise-Intelligence/poc.py,ee0c796f32d65e0602805f876edaac5652b5db6f,CVE-2022-37042
568121763,L1GH7/Vaultiris,Vulnerabilities/2007/CVE-2007-3831/alt3kx/CVE-2007-3831.txt,ee2a8f6837d48fbc111b94a66efc133317f5f176,CVE-2007-3831
568121763,L1GH7/Vaultiris,Vulnerabilities/2022/CVE-2022-36067/0x1nsomnia/README.md,ee954b0fa051a348c1c959f90da118fa9093abe8,CVE-2022-36067
568121763,L1GH7/Vaultiris,Vulnerabilities/2022/CVE-2022-39197/PyterSmithDarkGhost/__pycache__/beacon_utils.cpython-310.pyc,eec29ba22d0011a0f0d3db2f4b43b6644b0278cb,CVE-2022-39197
568121763,L1GH7/Vaultiris,Vulnerabilities/2022/CVE-2022-34918/randorisec/inc/nf_tables.h,ef4d129f287d8a6e119ae7c3301cb92e4cdf02a6,CVE-2022-34918
568121763,L1GH7/Vaultiris,Vulnerabilities/2008/CVE-2008-2019/TheRook/sound/x.english.wav,ef813ce39ebc935c17e8d3f6d354c5e9bdf40265,CVE-2008-2019
568121763,L1GH7/Vaultiris,Vulnerabilities/2022/CVE-2022-37434/nidhi7598/contrib/dotzlib/DotZLib/Inflater.cs,ef8a44af74a391c287ae4c39384d83035b006fb7,CVE-2022-37434
568121763,L1GH7/Vaultiris,Vulnerabilities/2022/CVE-2022-3368/Wh04m1001/Project3/main.cpp,ef9bf6f95e56450ce5dc26f5001d4fa31d59c231,CVE-2022-3368
568121763,L1GH7/Vaultiris,Vulnerabilities/2022/CVE-2022-34265/ZhaoQi99/app/wsgi.py,f032d16bf2954259f249cdf799fd66521814e93e,CVE-2022-34265
568121763,L1GH7/Vaultiris,Vulnerabilities/2022/CVE-2022-34729/Pwnrin/README.md,f0bee4b0e69592dee9e1fac1c855601f64223bc5,CVE-2022-34729
568121763,L1GH7/Vaultiris,Vulnerabilities/2022/CVE-2022-40140/mr-r3b00t/shell_checker.ps1,f0cffeaed00c3869a6b9c6ea5324ba91dcf689eb,CVE-2022-40140
568121763,L1GH7/Vaultiris,Vulnerabilities/2022/CVE-2022-37434/nidhi7598/contrib/asm686/match.S,f1023ae9dab5691291f42b180551bae164086492,CVE-2022-37434
568121763,L1GH7/Vaultiris,Vulnerabilities/2022/CVE-2022-39197/its-arun/EvilJar/pom.xml,f123d8d3f3063fe77d93702672bee804c52e9b25,CVE-2022-39197
568121763,L1GH7/Vaultiris,Vulnerabilities/2022/CVE-2022-37153/5l1v3r1/README.md,f18a92cbf7bd11e1638ef9413a871ca89135910f,CVE-2022-37153
568121763,L1GH7/Vaultiris,Vulnerabilities/2022/CVE-2022-37434/nidhi7598/contrib/ada/mtest.adb,f1c968146ba1a8f07c7070a2af72ab8a84c82e3d,CVE-2022-37434
568121763,L1GH7/Vaultiris,Vulnerabilities/2022/CVE-2022-41040/trhacknon/README.md,f267bbcbcc159d052e95d2c25c12056c6f7be54e,VU#915563
568121763,L1GH7/Vaultiris,Vulnerabilities/2022/CVE-2022-41040/trhacknon/README.md,f267bbcbcc159d052e95d2c25c12056c6f7be54e,CVE-2022-41040
568121763,L1GH7/Vaultiris,Vulnerabilities/2022/CVE-2022-34265/ZhaoQi99/vuln/views.py,f343d7ddd25c59dd1d044e4cb21a46b0bc4aa0f5,CVE-2022-34265
568121763,L1GH7/Vaultiris,Vulnerabilities/2022/CVE-2022-42899/iamsanjay/src/main/java/org/evbb/App.java,f3662c664f1a6aea1064252d8b1185fcd6facd0a,CVE-2022-42899
568121763,L1GH7/Vaultiris,Vulnerabilities/2022/CVE-2022-37434/nidhi7598/contrib/vstudio/vc10/zlibvc.def,f370c19da33bcea8f497ce2e79ceb2d7a780b1f4,CVE-2022-37434
568121763,L1GH7/Vaultiris,Vulnerabilities/2022/CVE-2022-34918/veritas501/poc_keyring_normal/include/keyring.h,f3a4def141a75448531cf77f44c537367df31bac,CVE-2022-34918
568121763,L1GH7/Vaultiris,Vulnerabilities/2022/CVE-2022-36067/0x1nsomnia/node_modules/qs/test/stringify.js,f3cc964cc6da3e66265b2f6f4e9d1f81e15c342b,CVE-2022-36067
568121763,L1GH7/Vaultiris,Vulnerabilities/2022/CVE-2022-37434/nidhi7598/contrib/minizip/minizip.c,f47c6866b347bfff1a54c680b6c393d7c02e1d8d,CVE-2022-37434
568121763,L1GH7/Vaultiris,Vulnerabilities/2022/CVE-2022-34918/veritas501/poc_keyring_normal/include/kernel_offset.h,f4abe61eb62ada33dea895d4068939a50e9a48c0,CVE-2022-34918
568121763,L1GH7/Vaultiris,Vulnerabilities/2022/CVE-2022-34918/veritas501/poc_fs_context_cred_common/src/raw_packet.c,f50b884e2ed761c772f82ffadd0d9ac52567bc9d,CVE-2022-34918
568121763,L1GH7/Vaultiris,Vulnerabilities/2022/CVE-2022-31269/omarhashem123/README.md,f520bb577cadb277342a4c993a5c6623f431ba03,CVE-2022-31269
568121763,L1GH7/Vaultiris,Vulnerabilities/2022/CVE-2022-37434/nidhi7598/nintendods/README,f585a53f8a8d0415cbd7166f8c44a11a802ee39c,CVE-2022-37434
568121763,L1GH7/Vaultiris,Vulnerabilities/2022/CVE-2022-32118/JC175/README.md,f58c3ac32e314afddf8fd7e4d6e9943daa41e0b2,CVE-2022-32118
568121763,L1GH7/Vaultiris,Vulnerabilities/2022/CVE-2022-40684/gustavorobertux/main.go,f5aa7852b0245bef7017d76ddc6b12bc10e966a9,CVE-2022-40684
568121763,L1GH7/Vaultiris,Vulnerabilities/2022/CVE-2022-36067/0x1nsomnia/node_modules/@types/node/ts4.8/net.d.ts,f5f643b6c04d5552016aaf174b8d1fdea30ea2d8,CVE-2022-36067
568121763,L1GH7/Vaultiris,Vulnerabilities/2002/CVE-2002-20001/Balasys/tools/dh_param_priv_key_size_setter,f5fac61be51a2194274e94a080a1af07f233d169,CVE-2002-20001
568121763,L1GH7/Vaultiris,Vulnerabilities/2022/CVE-2022-41082/west-wind/LICENSE,f6109542319e902cdcd94228815b388900ca6bf2,CVE-2022-41082
568121763,L1GH7/Vaultiris,Vulnerabilities/2022/CVE-2022-40140/ZephrFish/requirements.txt,f679ed3c0f5b07c907fb0879e2a66909bac3b8fa,CVE-2022-40140
568121763,L1GH7/Vaultiris,Vulnerabilities/2022/CVE-2022-41082/notareaperbutDR34P3r/vuln-CVE-2022-41082.nse,f6a14a3d91def345c3d906116858e78258368312,CVE-2022-41082
568121763,L1GH7/Vaultiris,Vulnerabilities/2022/CVE-2022-41082/notareaperbutDR34P3r/vuln-CVE-2022-41082.nse,f6a14a3d91def345c3d906116858e78258368312,CVE-2022-41040
568121763,L1GH7/Vaultiris,Vulnerabilities/2006/CVE-2006-3592/adenkiewicz/fuzz.py,f6b39471c1970f9a317fb4a5ec34964eb5c75669,CVE-2006-3592
568121763,L1GH7/Vaultiris,Vulnerabilities/2011/CVE-2011-1475/samaujs/target/surefire-reports/TEST-com.adventit.app.AppTest.xml,f6fdf86d3672a38ec8c54cba0366e45c378286b1,CVE-2011-1475
568121763,L1GH7/Vaultiris,Vulnerabilities/2022/CVE-2022-3368/Wh04m1001/Project3/Project3.vcxproj.user,f75316dc9ee719d300a59bcb8a0f92b26c66b6ba,CVE-2022-3368
568121763,L1GH7/Vaultiris,Vulnerabilities/2022/CVE-2022-36067/0x1nsomnia/node_modules/once/once.js,f78c8cb8d754261b59d03e867f329c2ffdefae45,CVE-2022-36067
568121763,L1GH7/Vaultiris,Vulnerabilities/2022/CVE-2022-37434/nidhi7598/examples/README.examples,f793f7b378233d7e644754e603695966487576b5,CVE-2022-37434
568121763,L1GH7/Vaultiris,Vulnerabilities/2022/CVE-2022-31138/ly1g3/README.md,f8b4be3a85f72062ee3d1544b2be1f5ec2c53322,CVE-2022-31138
568121763,L1GH7/Vaultiris,Vulnerabilities/2022/CVE-2022-31138/ly1g3/README.md,f8b4be3a85f72062ee3d1544b2be1f5ec2c53322,CVE-2022-31245
568121763,L1GH7/Vaultiris,Vulnerabilities/2022/CVE-2022-36067/0x1nsomnia/node_modules/@types/node/timers/promises.d.ts,f8b9e5d34898c84b07eb80bc2ea5f2916c188dfc,CVE-2022-36067
568121763,L1GH7/Vaultiris,Vulnerabilities/2022/CVE-2022-36067/0x1nsomnia/node_modules/@types/node/ts4.8/index.d.ts,f8d46dab45ee604b64f1f60c3487a88388c4b103,CVE-2022-36067
568121763,L1GH7/Vaultiris,Vulnerabilities/2022/CVE-2022-34265/coco0x0a/lab/asgi.py,f96b47f761acea679003368b6529a3ca4328073b,CVE-2022-34265
568121763,L1GH7/Vaultiris,Vulnerabilities/2022/CVE-2022-37434/nidhi7598/contrib/minizip/Makefile.am,f978d26b0069ef66a560bcba8fd204ed70026f2a,CVE-2022-37434
568121763,L1GH7/Vaultiris,Vulnerabilities/2022/CVE-2022-33980/sammwyy/pom.xml,f9b6bf15c02876c8c18380f274daaedc0103a1ea,CVE-2022-33980
568121763,L1GH7/Vaultiris,Vulnerabilities/2022/CVE-2022-42899/iamsanjay/target/classes/org/evbb/App.class,f9bc43d4e57e5a735a66da4991dae70bd6fd07cd,CVE-2022-42899
568121763,L1GH7/Vaultiris,Vulnerabilities/2006/CVE-2006-0450/Parcer0/README.md,fa05bf81a139ad4e0e7a5e6b121b7e5bc3cf0826,CVE-2006-0450
568121763,L1GH7/Vaultiris,Vulnerabilities/2022/CVE-2022-36067/0x1nsomnia/node_modules/vm2/CHANGELOG.md,fab379892760529d640f2733c8c237a8cd7adbc5,CVE-2022-36067
568121763,L1GH7/Vaultiris,Vulnerabilities/2006/CVE-2006-3592/adenkiewicz/README.md,fae7a3d38005f0542af2b17eacec333793a27818,CVE-2006-3592
568121763,L1GH7/Vaultiris,Vulnerabilities/2006/CVE-2006-3592/adenkiewicz/README.md,fae7a3d38005f0542af2b17eacec333793a27818,CVE-2006-3952
568121763,L1GH7/Vaultiris,Vulnerabilities/2022/CVE-2022-3942/maikroservice/README.md,fb303d182f13cf0def29bf2b7ff96d85e6082ccb,CVE-2022-3942
568121763,L1GH7/Vaultiris,Vulnerabilities/2022/CVE-2022-40684/TaroballzChen/README.md,fb7f8c30a360e2dba3bbe57fa4baf888228f9f6e,CVE-2022-40684
568121763,L1GH7/Vaultiris,Vulnerabilities/2002/CVE-2002-20001/Balasys/data/dhparam-ffdhe-4096.pem,fbd4c88a127d6a8565956f88bcd46149868a6cda,CVE-2002-20001
568121763,L1GH7/Vaultiris,Vulnerabilities/2022/CVE-2022-34918/randorisec/inc/keyring.h,fc1471452207a880b740088345e6088f537ee93b,CVE-2022-34918
568121763,L1GH7/Vaultiris,Vulnerabilities/2002/CVE-2002-20001/Balasys/data/dhparam-modp-3072-openssl-275.pem,fc38c3b6ec3340ea35af1843095402f9978a13e4,CVE-2002-20001
568121763,L1GH7/Vaultiris,Vulnerabilities/2022/CVE-2022-40140/ZephrFish/NotProxyShell.py,fc861031b73c842eda57f1d1540b4dce6cba2853,CVE-2022-40140
568121763,L1GH7/Vaultiris,Vulnerabilities/2022/CVE-2022-40140/ZephrFish/NotProxyShell.py,fc861031b73c842eda57f1d1540b4dce6cba2853,CVE-2022-41082
568121763,L1GH7/Vaultiris,Vulnerabilities/2022/CVE-2022-37434/nidhi7598/contrib/iostream2/zstream.h,fca4540d490fff36bb90fd801cf9cd8fc695bb17,CVE-2022-37434
568121763,L1GH7/Vaultiris,Vulnerabilities/2011/CVE-2011-1720/nbeguier/README.md,fcc8469b59d87b7da5eb07ec02e5fbd949025873,CVE-2011-1720
568121763,L1GH7/Vaultiris,Vulnerabilities/2022/CVE-2022-31629/silnex/8110/dockerfile,fd298be8c212845c930983c833c652679e5c5571,CVE-2022-31629
568121763,L1GH7/Vaultiris,Vulnerabilities/2022/CVE-2022-31298/bigzooooz/README.md,fd48e85b02f7e67f0939a138b8794e624e78c30a,CVE-2022-31298
568121763,L1GH7/Vaultiris,Vulnerabilities/2022/CVE-2022-3602/corelight/testing/Traces/spookyssl-merged.pcap,fd73bd9acebeb2e8d2dbb2e53f74653699ce8c57,CVE-2022-3602
568121763,L1GH7/Vaultiris,Vulnerabilities/2022/CVE-2022-31245/ly1g3/README.md,fdc22cf3ad82de2f79e758f0dc8f85de831b070d,CVE-2022-31245
568121763,L1GH7/Vaultiris,Vulnerabilities/2022/CVE-2022-31499/omarhashem123/README.md,fdcfea243e331c0a2bc2e09290d7e75a8e10b334,CVE-2022-31499
568121763,L1GH7/Vaultiris,Vulnerabilities/2022/CVE-2022-34265/coco0x0a/app/__pycache__/__init__.cpython-39.pyc,fe842c3ba62b20367cf3c4e5520d462faf7edbcc,CVE-2022-34265
568121763,L1GH7/Vaultiris,Vulnerabilities/2022/CVE-2022-31983/mel1huc4r/CVE-2022-31983.pdf,fedf309d37aacdb1b13c3b72f48296e7756dfb84,CVE-2022-31983
568121763,L1GH7/Vaultiris,Vulnerabilities/2007/CVE-2007-3830/alt3kx/CVE-2007-3830.txt,ff25a0db19276c056bed97ac92d968f4eeec13e5,CVE-2007-3830
568121763,L1GH7/Vaultiris,Vulnerabilities/2022/CVE-2022-40687/williamkhepri/README.md,ffbb4fcdc1c31808f301676199751633a09e2257,CVE-2022-40687
568121763,L1GH7/Vaultiris,Vulnerabilities/2022/CVE-2022-40687/williamkhepri/README.md,ffbb4fcdc1c31808f301676199751633a09e2257,CVE-2022-40684
568121763,L1GH7/Vaultiris,Vulnerabilities/2022/CVE-2022-37434/nidhi7598/contrib/vstudio/vc9/zlibvc.sln,ffe24019c5b7ccab7b171043d9adb3903a411c1c,CVE-2022-37434
568121763,L1GH7/Vaultiris,Vulnerabilities/2022/CVE-2022-34918/veritas501/poc_fs_context_common/src/main.c,ffe562187d8ccf38000fc573d93e865feaf5ca8f,CVE-2022-34918
