repo_id,repo_full_name,file,file_sha1,match
838423437,ProjectZeroDays/AI-Driven-Zero-Click-Exploit-Deployment-Framework,src/exploits/other_exploits/cve_poc/exploit_poc_documentation/CVE-2017-5754.md,002fefd95a860b4b031dfd149eb83ff427a943d3,CVE-2017-5754
838423437,ProjectZeroDays/AI-Driven-Zero-Click-Exploit-Deployment-Framework,src/exploits/other_exploits/cve_poc/exploit_poc_documentation/CVE-2017-16995.md,0521c715e59b456b8706cb9b19ad7f4501d3ec84,CVE-2017-16995
838423437,ProjectZeroDays/AI-Driven-Zero-Click-Exploit-Deployment-Framework,src/exploits/other_exploits/cve_poc/exploit_poc_documentation/CVE-2017-16995.md,0521c715e59b456b8706cb9b19ad7f4501d3ec84,GPZ-1454
838423437,ProjectZeroDays/AI-Driven-Zero-Click-Exploit-Deployment-Framework,src/exploits/zero-click_exploits/2025/python/remote_code_execution/cve_2025_0011_exploit.py,0d6428227fe8b23f38edcf3fd7a5f76a35cb444b,CVE-2025-0011
838423437,ProjectZeroDays/AI-Driven-Zero-Click-Exploit-Deployment-Framework,src/exploits/zero-click_exploits/2025/python/remote_code_execution/cve_2025_0015_exploit.py,12b148e470dc6245f9881d7dac0cce4871782d63,CVE-2025-0015
838423437,ProjectZeroDays/AI-Driven-Zero-Click-Exploit-Deployment-Framework,src/exploits/other_exploits/cve_poc/pdf_exploits/examples/README.md,1807dcd7bcea9e381bad9858b3e0f873505f882e,CVE-2018-6031
838423437,ProjectZeroDays/AI-Driven-Zero-Click-Exploit-Deployment-Framework,src/exploits/other_exploits/cve_poc/pdf_exploits/examples/README.md,1807dcd7bcea9e381bad9858b3e0f873505f882e,CVE-2018-6462
838423437,ProjectZeroDays/AI-Driven-Zero-Click-Exploit-Deployment-Framework,src/exploits/other_exploits/cve_poc/pdf_exploits/examples/README.md,1807dcd7bcea9e381bad9858b3e0f873505f882e,CVE-2018-6544
838423437,ProjectZeroDays/AI-Driven-Zero-Click-Exploit-Deployment-Framework,src/exploits/other_exploits/cve_poc/pdf_exploits/examples/README.md,1807dcd7bcea9e381bad9858b3e0f873505f882e,CVE-2018-5309
838423437,ProjectZeroDays/AI-Driven-Zero-Click-Exploit-Deployment-Framework,src/exploits/other_exploits/cve_poc/pdf_exploits/examples/README.md,1807dcd7bcea9e381bad9858b3e0f873505f882e,CVE-2018-1355
838423437,ProjectZeroDays/AI-Driven-Zero-Click-Exploit-Deployment-Framework,src/exploits/other_exploits/cve_poc/pdf_exploits/examples/README.md,1807dcd7bcea9e381bad9858b3e0f873505f882e,CVE-2018-13988
838423437,ProjectZeroDays/AI-Driven-Zero-Click-Exploit-Deployment-Framework,src/exploits/other_exploits/cve_poc/pdf_exploits/examples/README.md,1807dcd7bcea9e381bad9858b3e0f873505f882e,CVE-2017-7378
838423437,ProjectZeroDays/AI-Driven-Zero-Click-Exploit-Deployment-Framework,src/exploits/other_exploits/cve_poc/pdf_exploits/examples/README.md,1807dcd7bcea9e381bad9858b3e0f873505f882e,CVE-2017-7379
838423437,ProjectZeroDays/AI-Driven-Zero-Click-Exploit-Deployment-Framework,src/exploits/other_exploits/cve_poc/pdf_exploits/examples/README.md,1807dcd7bcea9e381bad9858b3e0f873505f882e,CVE-2017-7380
838423437,ProjectZeroDays/AI-Driven-Zero-Click-Exploit-Deployment-Framework,src/exploits/other_exploits/cve_poc/pdf_exploits/examples/README.md,1807dcd7bcea9e381bad9858b3e0f873505f882e,CVE-2017-7381
838423437,ProjectZeroDays/AI-Driven-Zero-Click-Exploit-Deployment-Framework,src/exploits/other_exploits/cve_poc/pdf_exploits/examples/README.md,1807dcd7bcea9e381bad9858b3e0f873505f882e,CVE-2017-5364
838423437,ProjectZeroDays/AI-Driven-Zero-Click-Exploit-Deployment-Framework,src/exploits/other_exploits/cve_poc/pdf_exploits/examples/README.md,1807dcd7bcea9e381bad9858b3e0f873505f882e,CVE-2017-7382
838423437,ProjectZeroDays/AI-Driven-Zero-Click-Exploit-Deployment-Framework,src/exploits/other_exploits/cve_poc/pdf_exploits/examples/README.md,1807dcd7bcea9e381bad9858b3e0f873505f882e,CVE-2017-5133
838423437,ProjectZeroDays/AI-Driven-Zero-Click-Exploit-Deployment-Framework,src/exploits/other_exploits/cve_poc/pdf_exploits/examples/README.md,1807dcd7bcea9e381bad9858b3e0f873505f882e,CVE-2017-7383
838423437,ProjectZeroDays/AI-Driven-Zero-Click-Exploit-Deployment-Framework,src/exploits/other_exploits/cve_poc/pdf_exploits/examples/README.md,1807dcd7bcea9e381bad9858b3e0f873505f882e,CVE-2018-5308
838423437,ProjectZeroDays/AI-Driven-Zero-Click-Exploit-Deployment-Framework,src/exploits/other_exploits/cve_poc/pdf_exploits/examples/README.md,1807dcd7bcea9e381bad9858b3e0f873505f882e,CVE-2018-15546
838423437,ProjectZeroDays/AI-Driven-Zero-Click-Exploit-Deployment-Framework,src/exploits/other_exploits/cve_poc/pdf_exploits/examples/README.md,1807dcd7bcea9e381bad9858b3e0f873505f882e,CVE-2020-10222
838423437,ProjectZeroDays/AI-Driven-Zero-Click-Exploit-Deployment-Framework,src/exploits/other_exploits/cve_poc/pdf_exploits/examples/README.md,1807dcd7bcea9e381bad9858b3e0f873505f882e,CVE-2017-5127
838423437,ProjectZeroDays/AI-Driven-Zero-Click-Exploit-Deployment-Framework,src/exploits/other_exploits/cve_poc/pdf_exploits/examples/README.md,1807dcd7bcea9e381bad9858b3e0f873505f882e,CVE-2020-10223
838423437,ProjectZeroDays/AI-Driven-Zero-Click-Exploit-Deployment-Framework,src/exploits/other_exploits/cve_poc/pdf_exploits/examples/README.md,1807dcd7bcea9e381bad9858b3e0f873505f882e,CVE-2020-10895
838423437,ProjectZeroDays/AI-Driven-Zero-Click-Exploit-Deployment-Framework,src/exploits/other_exploits/cve_poc/pdf_exploits/examples/README.md,1807dcd7bcea9e381bad9858b3e0f873505f882e,CVE-2020-16289
838423437,ProjectZeroDays/AI-Driven-Zero-Click-Exploit-Deployment-Framework,src/exploits/other_exploits/cve_poc/pdf_exploits/examples/README.md,1807dcd7bcea9e381bad9858b3e0f873505f882e,CVE-2020-16288
838423437,ProjectZeroDays/AI-Driven-Zero-Click-Exploit-Deployment-Framework,src/exploits/other_exploits/cve_poc/pdf_exploits/examples/README.md,1807dcd7bcea9e381bad9858b3e0f873505f882e,CVE-2020-16287
838423437,ProjectZeroDays/AI-Driven-Zero-Click-Exploit-Deployment-Framework,src/exploits/other_exploits/cve_poc/pdf_exploits/examples/README.md,1807dcd7bcea9e381bad9858b3e0f873505f882e,CVE-2020-16029
838423437,ProjectZeroDays/AI-Driven-Zero-Click-Exploit-Deployment-Framework,src/exploits/other_exploits/cve_poc/pdf_exploits/examples/README.md,1807dcd7bcea9e381bad9858b3e0f873505f882e,CVE-2020-16002
838423437,ProjectZeroDays/AI-Driven-Zero-Click-Exploit-Deployment-Framework,src/exploits/other_exploits/cve_poc/pdf_exploits/examples/README.md,1807dcd7bcea9e381bad9858b3e0f873505f882e,CVE-2020-15989
838423437,ProjectZeroDays/AI-Driven-Zero-Click-Exploit-Deployment-Framework,src/exploits/other_exploits/cve_poc/pdf_exploits/examples/README.md,1807dcd7bcea9e381bad9858b3e0f873505f882e,CVE-2020-14373
838423437,ProjectZeroDays/AI-Driven-Zero-Click-Exploit-Deployment-Framework,src/exploits/other_exploits/cve_poc/pdf_exploits/examples/README.md,1807dcd7bcea9e381bad9858b3e0f873505f882e,CVE-2020-13570
838423437,ProjectZeroDays/AI-Driven-Zero-Click-Exploit-Deployment-Framework,src/exploits/other_exploits/cve_poc/pdf_exploits/examples/README.md,1807dcd7bcea9e381bad9858b3e0f873505f882e,CVE-2020-13560
838423437,ProjectZeroDays/AI-Driven-Zero-Click-Exploit-Deployment-Framework,src/exploits/other_exploits/cve_poc/pdf_exploits/examples/README.md,1807dcd7bcea9e381bad9858b3e0f873505f882e,CVE-2018-12983
838423437,ProjectZeroDays/AI-Driven-Zero-Click-Exploit-Deployment-Framework,src/exploits/other_exploits/cve_poc/pdf_exploits/examples/README.md,1807dcd7bcea9e381bad9858b3e0f873505f882e,CVE-2020-13557
838423437,ProjectZeroDays/AI-Driven-Zero-Click-Exploit-Deployment-Framework,src/exploits/other_exploits/cve_poc/pdf_exploits/examples/README.md,1807dcd7bcea9e381bad9858b3e0f873505f882e,CVE-2020-13547
838423437,ProjectZeroDays/AI-Driven-Zero-Click-Exploit-Deployment-Framework,src/exploits/other_exploits/cve_poc/pdf_exploits/examples/README.md,1807dcd7bcea9e381bad9858b3e0f873505f882e,CVE-2018-5674
838423437,ProjectZeroDays/AI-Driven-Zero-Click-Exploit-Deployment-Framework,src/exploits/other_exploits/cve_poc/pdf_exploits/examples/README.md,1807dcd7bcea9e381bad9858b3e0f873505f882e,CVE-2018-6352
838423437,ProjectZeroDays/AI-Driven-Zero-Click-Exploit-Deployment-Framework,src/exploits/other_exploits/cve_poc/pdf_exploits/examples/README.md,1807dcd7bcea9e381bad9858b3e0f873505f882e,CVE-2020-10904
838423437,ProjectZeroDays/AI-Driven-Zero-Click-Exploit-Deployment-Framework,src/exploits/other_exploits/cve_poc/pdf_exploits/examples/README.md,1807dcd7bcea9e381bad9858b3e0f873505f882e,CVE-2020-10902
838423437,ProjectZeroDays/AI-Driven-Zero-Click-Exploit-Deployment-Framework,src/exploits/other_exploits/cve_poc/pdf_exploits/examples/README.md,1807dcd7bcea9e381bad9858b3e0f873505f882e,CVE-2020-10901
838423437,ProjectZeroDays/AI-Driven-Zero-Click-Exploit-Deployment-Framework,src/exploits/other_exploits/cve_poc/pdf_exploits/examples/README.md,1807dcd7bcea9e381bad9858b3e0f873505f882e,CVE-2020-10898
838423437,ProjectZeroDays/AI-Driven-Zero-Click-Exploit-Deployment-Framework,src/exploits/other_exploits/cve_poc/pdf_exploits/examples/README.md,1807dcd7bcea9e381bad9858b3e0f873505f882e,CVE-2020-10897
838423437,ProjectZeroDays/AI-Driven-Zero-Click-Exploit-Deployment-Framework,src/exploits/other_exploits/cve_poc/pdf_exploits/examples/README.md,1807dcd7bcea9e381bad9858b3e0f873505f882e,CVE-2020-10896
838423437,ProjectZeroDays/AI-Driven-Zero-Click-Exploit-Deployment-Framework,src/exploits/other_exploits/cve_poc/pdf_exploits/examples/README.md,1807dcd7bcea9e381bad9858b3e0f873505f882e,CVE-2020-13548
838423437,ProjectZeroDays/AI-Driven-Zero-Click-Exploit-Deployment-Framework,src/exploits/other_exploits/cve_poc/pdf_exploits/examples/README.md,1807dcd7bcea9e381bad9858b3e0f873505f882e,CVE-2018-5296
838423437,ProjectZeroDays/AI-Driven-Zero-Click-Exploit-Deployment-Framework,src/exploits/other_exploits/cve_poc/pdf_exploits/examples/README.md,1807dcd7bcea9e381bad9858b3e0f873505f882e,CVE-2017-1000424
838423437,ProjectZeroDays/AI-Driven-Zero-Click-Exploit-Deployment-Framework,src/exploits/other_exploits/cve_poc/pdf_exploits/examples/README.md,1807dcd7bcea9e381bad9858b3e0f873505f882e,CVE-2017-5126
838423437,ProjectZeroDays/AI-Driven-Zero-Click-Exploit-Deployment-Framework,src/exploits/other_exploits/cve_poc/pdf_exploits/examples/README.md,1807dcd7bcea9e381bad9858b3e0f873505f882e,CVE-2018-16369
838423437,ProjectZeroDays/AI-Driven-Zero-Click-Exploit-Deployment-Framework,src/exploits/other_exploits/cve_poc/pdf_exploits/examples/README.md,1807dcd7bcea9e381bad9858b3e0f873505f882e,CVE-2018-7453
838423437,ProjectZeroDays/AI-Driven-Zero-Click-Exploit-Deployment-Framework,src/exploits/other_exploits/cve_poc/pdf_exploits/examples/README.md,1807dcd7bcea9e381bad9858b3e0f873505f882e,CVE-2019-6985
838423437,ProjectZeroDays/AI-Driven-Zero-Click-Exploit-Deployment-Framework,src/exploits/other_exploits/cve_poc/pdf_exploits/examples/README.md,1807dcd7bcea9e381bad9858b3e0f873505f882e,CVE-2019-6984
838423437,ProjectZeroDays/AI-Driven-Zero-Click-Exploit-Deployment-Framework,src/exploits/other_exploits/cve_poc/pdf_exploits/examples/README.md,1807dcd7bcea9e381bad9858b3e0f873505f882e,CVE-2019-6983
838423437,ProjectZeroDays/AI-Driven-Zero-Click-Exploit-Deployment-Framework,src/exploits/other_exploits/cve_poc/pdf_exploits/examples/README.md,1807dcd7bcea9e381bad9858b3e0f873505f882e,CVE-2019-6982
838423437,ProjectZeroDays/AI-Driven-Zero-Click-Exploit-Deployment-Framework,src/exploits/other_exploits/cve_poc/pdf_exploits/examples/README.md,1807dcd7bcea9e381bad9858b3e0f873505f882e,CVE-2018-7454
838423437,ProjectZeroDays/AI-Driven-Zero-Click-Exploit-Deployment-Framework,src/exploits/other_exploits/cve_poc/pdf_exploits/examples/README.md,1807dcd7bcea9e381bad9858b3e0f873505f882e,CVE-2019-5868
838423437,ProjectZeroDays/AI-Driven-Zero-Click-Exploit-Deployment-Framework,src/exploits/other_exploits/cve_poc/pdf_exploits/examples/README.md,1807dcd7bcea9e381bad9858b3e0f873505f882e,CVE-2019-5860
838423437,ProjectZeroDays/AI-Driven-Zero-Click-Exploit-Deployment-Framework,src/exploits/other_exploits/cve_poc/pdf_exploits/examples/README.md,1807dcd7bcea9e381bad9858b3e0f873505f882e,CVE-2018-11128
838423437,ProjectZeroDays/AI-Driven-Zero-Click-Exploit-Deployment-Framework,src/exploits/other_exploits/cve_poc/pdf_exploits/examples/README.md,1807dcd7bcea9e381bad9858b3e0f873505f882e,CVE-2019-5855
838423437,ProjectZeroDays/AI-Driven-Zero-Click-Exploit-Deployment-Framework,src/exploits/other_exploits/cve_poc/pdf_exploits/examples/README.md,1807dcd7bcea9e381bad9858b3e0f873505f882e,CVE-2019-5821
838423437,ProjectZeroDays/AI-Driven-Zero-Click-Exploit-Deployment-Framework,src/exploits/other_exploits/cve_poc/pdf_exploits/examples/README.md,1807dcd7bcea9e381bad9858b3e0f873505f882e,CVE-2019-5820
838423437,ProjectZeroDays/AI-Driven-Zero-Click-Exploit-Deployment-Framework,src/exploits/other_exploits/cve_poc/pdf_exploits/examples/README.md,1807dcd7bcea9e381bad9858b3e0f873505f882e,CVE-2019-5805
838423437,ProjectZeroDays/AI-Driven-Zero-Click-Exploit-Deployment-Framework,src/exploits/other_exploits/cve_poc/pdf_exploits/examples/README.md,1807dcd7bcea9e381bad9858b3e0f873505f882e,CVE-2019-5795
838423437,ProjectZeroDays/AI-Driven-Zero-Click-Exploit-Deployment-Framework,src/exploits/other_exploits/cve_poc/pdf_exploits/examples/README.md,1807dcd7bcea9e381bad9858b3e0f873505f882e,CVE-2019-5792
838423437,ProjectZeroDays/AI-Driven-Zero-Click-Exploit-Deployment-Framework,src/exploits/other_exploits/cve_poc/pdf_exploits/examples/README.md,1807dcd7bcea9e381bad9858b3e0f873505f882e,CVE-2018-16647
838423437,ProjectZeroDays/AI-Driven-Zero-Click-Exploit-Deployment-Framework,src/exploits/other_exploits/cve_poc/pdf_exploits/examples/README.md,1807dcd7bcea9e381bad9858b3e0f873505f882e,CVE-2019-5772
838423437,ProjectZeroDays/AI-Driven-Zero-Click-Exploit-Deployment-Framework,src/exploits/other_exploits/cve_poc/pdf_exploits/examples/README.md,1807dcd7bcea9e381bad9858b3e0f873505f882e,CVE-2019-5762
838423437,ProjectZeroDays/AI-Driven-Zero-Click-Exploit-Deployment-Framework,src/exploits/other_exploits/cve_poc/pdf_exploits/examples/README.md,1807dcd7bcea9e381bad9858b3e0f873505f882e,CVE-2019-5756
838423437,ProjectZeroDays/AI-Driven-Zero-Click-Exploit-Deployment-Framework,src/exploits/other_exploits/cve_poc/pdf_exploits/examples/README.md,1807dcd7bcea9e381bad9858b3e0f873505f882e,CVE-2019-5854
838423437,ProjectZeroDays/AI-Driven-Zero-Click-Exploit-Deployment-Framework,src/exploits/other_exploits/cve_poc/pdf_exploits/examples/README.md,1807dcd7bcea9e381bad9858b3e0f873505f882e,CVE-2020-16290
838423437,ProjectZeroDays/AI-Driven-Zero-Click-Exploit-Deployment-Framework,src/exploits/other_exploits/cve_poc/pdf_exploits/examples/README.md,1807dcd7bcea9e381bad9858b3e0f873505f882e,CVE-2018-16368
838423437,ProjectZeroDays/AI-Driven-Zero-Click-Exploit-Deployment-Framework,src/exploits/other_exploits/cve_poc/pdf_exploits/examples/README.md,1807dcd7bcea9e381bad9858b3e0f873505f882e,CVE-2018-16297
838423437,ProjectZeroDays/AI-Driven-Zero-Click-Exploit-Deployment-Framework,src/exploits/other_exploits/cve_poc/pdf_exploits/examples/README.md,1807dcd7bcea9e381bad9858b3e0f873505f882e,CVE-2018-5295
838423437,ProjectZeroDays/AI-Driven-Zero-Click-Exploit-Deployment-Framework,src/exploits/other_exploits/cve_poc/pdf_exploits/examples/README.md,1807dcd7bcea9e381bad9858b3e0f873505f882e,CVE-2019-9903
838423437,ProjectZeroDays/AI-Driven-Zero-Click-Exploit-Deployment-Framework,src/exploits/other_exploits/cve_poc/pdf_exploits/examples/README.md,1807dcd7bcea9e381bad9858b3e0f873505f882e,CVE-2019-9878
838423437,ProjectZeroDays/AI-Driven-Zero-Click-Exploit-Deployment-Framework,src/exploits/other_exploits/cve_poc/pdf_exploits/examples/README.md,1807dcd7bcea9e381bad9858b3e0f873505f882e,CVE-2019-9877
838423437,ProjectZeroDays/AI-Driven-Zero-Click-Exploit-Deployment-Framework,src/exploits/other_exploits/cve_poc/pdf_exploits/examples/README.md,1807dcd7bcea9e381bad9858b3e0f873505f882e,CVE-2019-9589
838423437,ProjectZeroDays/AI-Driven-Zero-Click-Exploit-Deployment-Framework,src/exploits/other_exploits/cve_poc/pdf_exploits/examples/README.md,1807dcd7bcea9e381bad9858b3e0f873505f882e,CVE-2019-9588
838423437,ProjectZeroDays/AI-Driven-Zero-Click-Exploit-Deployment-Framework,src/exploits/other_exploits/cve_poc/pdf_exploits/examples/README.md,1807dcd7bcea9e381bad9858b3e0f873505f882e,CVE-2019-9587
838423437,ProjectZeroDays/AI-Driven-Zero-Click-Exploit-Deployment-Framework,src/exploits/other_exploits/cve_poc/pdf_exploits/examples/README.md,1807dcd7bcea9e381bad9858b3e0f873505f882e,CVE-2019-9545
838423437,ProjectZeroDays/AI-Driven-Zero-Click-Exploit-Deployment-Framework,src/exploits/other_exploits/cve_poc/pdf_exploits/examples/README.md,1807dcd7bcea9e381bad9858b3e0f873505f882e,CVE-2019-9543
838423437,ProjectZeroDays/AI-Driven-Zero-Click-Exploit-Deployment-Framework,src/exploits/other_exploits/cve_poc/pdf_exploits/examples/README.md,1807dcd7bcea9e381bad9858b3e0f873505f882e,CVE-2018-7452
838423437,ProjectZeroDays/AI-Driven-Zero-Click-Exploit-Deployment-Framework,src/exploits/other_exploits/cve_poc/pdf_exploits/examples/README.md,1807dcd7bcea9e381bad9858b3e0f873505f882e,CVE-2018-16076
838423437,ProjectZeroDays/AI-Driven-Zero-Click-Exploit-Deployment-Framework,src/exploits/other_exploits/cve_poc/pdf_exploits/examples/README.md,1807dcd7bcea9e381bad9858b3e0f873505f882e,CVE-2018-16292
838423437,ProjectZeroDays/AI-Driven-Zero-Click-Exploit-Deployment-Framework,src/exploits/other_exploits/cve_poc/pdf_exploits/examples/README.md,1807dcd7bcea9e381bad9858b3e0f873505f882e,CVE-2019-9200
838423437,ProjectZeroDays/AI-Driven-Zero-Click-Exploit-Deployment-Framework,src/exploits/other_exploits/cve_poc/pdf_exploits/examples/README.md,1807dcd7bcea9e381bad9858b3e0f873505f882e,CVE-2019-9199
838423437,ProjectZeroDays/AI-Driven-Zero-Click-Exploit-Deployment-Framework,src/exploits/other_exploits/cve_poc/pdf_exploits/examples/README.md,1807dcd7bcea9e381bad9858b3e0f873505f882e,CVE-2019-9139
838423437,ProjectZeroDays/AI-Driven-Zero-Click-Exploit-Deployment-Framework,src/exploits/other_exploits/cve_poc/pdf_exploits/examples/README.md,1807dcd7bcea9e381bad9858b3e0f873505f882e,CVE-2018-16293
838423437,ProjectZeroDays/AI-Driven-Zero-Click-Exploit-Deployment-Framework,src/exploits/other_exploits/cve_poc/pdf_exploits/examples/README.md,1807dcd7bcea9e381bad9858b3e0f873505f882e,CVE-2018-16294
838423437,ProjectZeroDays/AI-Driven-Zero-Click-Exploit-Deployment-Framework,src/exploits/other_exploits/cve_poc/pdf_exploits/examples/README.md,1807dcd7bcea9e381bad9858b3e0f873505f882e,CVE-2018-16295
838423437,ProjectZeroDays/AI-Driven-Zero-Click-Exploit-Deployment-Framework,src/exploits/other_exploits/cve_poc/pdf_exploits/examples/README.md,1807dcd7bcea9e381bad9858b3e0f873505f882e,CVE-2018-16296
838423437,ProjectZeroDays/AI-Driven-Zero-Click-Exploit-Deployment-Framework,src/exploits/other_exploits/cve_poc/pdf_exploits/examples/README.md,1807dcd7bcea9e381bad9858b3e0f873505f882e,CVE-2019-7310
838423437,ProjectZeroDays/AI-Driven-Zero-Click-Exploit-Deployment-Framework,src/exploits/other_exploits/cve_poc/pdf_exploits/examples/README.md,1807dcd7bcea9e381bad9858b3e0f873505f882e,CVE-2018-16291
838423437,ProjectZeroDays/AI-Driven-Zero-Click-Exploit-Deployment-Framework,src/exploits/other_exploits/cve_poc/pdf_exploits/examples/README.md,1807dcd7bcea9e381bad9858b3e0f873505f882e,CVE-2020-16291
838423437,ProjectZeroDays/AI-Driven-Zero-Click-Exploit-Deployment-Framework,src/exploits/other_exploits/cve_poc/pdf_exploits/examples/README.md,1807dcd7bcea9e381bad9858b3e0f873505f882e,CVE-2020-16292
838423437,ProjectZeroDays/AI-Driven-Zero-Click-Exploit-Deployment-Framework,src/exploits/other_exploits/cve_poc/pdf_exploits/examples/README.md,1807dcd7bcea9e381bad9858b3e0f873505f882e,CVE-2020-16293
838423437,ProjectZeroDays/AI-Driven-Zero-Click-Exploit-Deployment-Framework,src/exploits/other_exploits/cve_poc/pdf_exploits/examples/README.md,1807dcd7bcea9e381bad9858b3e0f873505f882e,CVE-2017-0023
838423437,ProjectZeroDays/AI-Driven-Zero-Click-Exploit-Deployment-Framework,src/exploits/other_exploits/cve_poc/pdf_exploits/examples/README.md,1807dcd7bcea9e381bad9858b3e0f873505f882e,CVE-2020-9549
838423437,ProjectZeroDays/AI-Driven-Zero-Click-Exploit-Deployment-Framework,src/exploits/other_exploits/cve_poc/pdf_exploits/examples/README.md,1807dcd7bcea9e381bad9858b3e0f873505f882e,CVE-2018-5686
838423437,ProjectZeroDays/AI-Driven-Zero-Click-Exploit-Deployment-Framework,src/exploits/other_exploits/cve_poc/pdf_exploits/examples/README.md,1807dcd7bcea9e381bad9858b3e0f873505f882e,CVE-2018-5680
838423437,ProjectZeroDays/AI-Driven-Zero-Click-Exploit-Deployment-Framework,src/exploits/other_exploits/cve_poc/pdf_exploits/examples/README.md,1807dcd7bcea9e381bad9858b3e0f873505f882e,CVE-2018-5679
838423437,ProjectZeroDays/AI-Driven-Zero-Click-Exploit-Deployment-Framework,src/exploits/other_exploits/cve_poc/pdf_exploits/examples/README.md,1807dcd7bcea9e381bad9858b3e0f873505f882e,CVE-2018-6072
838423437,ProjectZeroDays/AI-Driven-Zero-Click-Exploit-Deployment-Framework,src/exploits/other_exploits/cve_poc/pdf_exploits/examples/README.md,1807dcd7bcea9e381bad9858b3e0f873505f882e,CVE-2018-6088
838423437,ProjectZeroDays/AI-Driven-Zero-Click-Exploit-Deployment-Framework,src/exploits/other_exploits/cve_poc/pdf_exploits/examples/README.md,1807dcd7bcea9e381bad9858b3e0f873505f882e,CVE-2018-5678
838423437,ProjectZeroDays/AI-Driven-Zero-Click-Exploit-Deployment-Framework,src/exploits/other_exploits/cve_poc/pdf_exploits/examples/README.md,1807dcd7bcea9e381bad9858b3e0f873505f882e,CVE-2020-8155
838423437,ProjectZeroDays/AI-Driven-Zero-Click-Exploit-Deployment-Framework,src/exploits/other_exploits/cve_poc/pdf_exploits/examples/README.md,1807dcd7bcea9e381bad9858b3e0f873505f882e,CVE-2018-11797
838423437,ProjectZeroDays/AI-Driven-Zero-Click-Exploit-Deployment-Framework,src/exploits/other_exploits/cve_poc/pdf_exploits/examples/README.md,1807dcd7bcea9e381bad9858b3e0f873505f882e,CVE-2020-7818
838423437,ProjectZeroDays/AI-Driven-Zero-Click-Exploit-Deployment-Framework,src/exploits/other_exploits/cve_poc/pdf_exploits/examples/README.md,1807dcd7bcea9e381bad9858b3e0f873505f882e,CVE-2020-7816
838423437,ProjectZeroDays/AI-Driven-Zero-Click-Exploit-Deployment-Framework,src/exploits/other_exploits/cve_poc/pdf_exploits/examples/README.md,1807dcd7bcea9e381bad9858b3e0f873505f882e,CVE-2020-6513
838423437,ProjectZeroDays/AI-Driven-Zero-Click-Exploit-Deployment-Framework,src/exploits/other_exploits/cve_poc/pdf_exploits/examples/README.md,1807dcd7bcea9e381bad9858b3e0f873505f882e,CVE-2020-6458
838423437,ProjectZeroDays/AI-Driven-Zero-Click-Exploit-Deployment-Framework,src/exploits/other_exploits/cve_poc/pdf_exploits/examples/README.md,1807dcd7bcea9e381bad9858b3e0f873505f882e,CVE-2018-6120
838423437,ProjectZeroDays/AI-Driven-Zero-Click-Exploit-Deployment-Framework,src/exploits/other_exploits/cve_poc/pdf_exploits/examples/README.md,1807dcd7bcea9e381bad9858b3e0f873505f882e,CVE-2020-6398
838423437,ProjectZeroDays/AI-Driven-Zero-Click-Exploit-Deployment-Framework,src/exploits/other_exploits/cve_poc/pdf_exploits/examples/README.md,1807dcd7bcea9e381bad9858b3e0f873505f882e,CVE-2020-6093
838423437,ProjectZeroDays/AI-Driven-Zero-Click-Exploit-Deployment-Framework,src/exploits/other_exploits/cve_poc/pdf_exploits/examples/README.md,1807dcd7bcea9e381bad9858b3e0f873505f882e,CVE-2020-6092
838423437,ProjectZeroDays/AI-Driven-Zero-Click-Exploit-Deployment-Framework,src/exploits/other_exploits/cve_poc/pdf_exploits/examples/README.md,1807dcd7bcea9e381bad9858b3e0f873505f882e,CVE-2020-6074
838423437,ProjectZeroDays/AI-Driven-Zero-Click-Exploit-Deployment-Framework,src/exploits/other_exploits/cve_poc/pdf_exploits/examples/README.md,1807dcd7bcea9e381bad9858b3e0f873505f882e,CVE-2020-9816
838423437,ProjectZeroDays/AI-Driven-Zero-Click-Exploit-Deployment-Framework,src/exploits/other_exploits/cve_poc/pdf_exploits/examples/README.md,1807dcd7bcea9e381bad9858b3e0f873505f882e,CVE-2020-9876
838423437,ProjectZeroDays/AI-Driven-Zero-Click-Exploit-Deployment-Framework,src/exploits/other_exploits/cve_poc/pdf_exploits/examples/README.md,1807dcd7bcea9e381bad9858b3e0f873505f882e,CVE-2020-9897
838423437,ProjectZeroDays/AI-Driven-Zero-Click-Exploit-Deployment-Framework,src/exploits/other_exploits/cve_poc/pdf_exploits/examples/README.md,1807dcd7bcea9e381bad9858b3e0f873505f882e,CVE-2021-1404
838423437,ProjectZeroDays/AI-Driven-Zero-Click-Exploit-Deployment-Framework,src/exploits/other_exploits/cve_poc/pdf_exploits/examples/README.md,1807dcd7bcea9e381bad9858b3e0f873505f882e,CVE-2016-8389
838423437,ProjectZeroDays/AI-Driven-Zero-Click-Exploit-Deployment-Framework,src/exploits/other_exploits/cve_poc/pdf_exploits/examples/README.md,1807dcd7bcea9e381bad9858b3e0f873505f882e,CVE-2021-21870
838423437,ProjectZeroDays/AI-Driven-Zero-Click-Exploit-Deployment-Framework,src/exploits/other_exploits/cve_poc/pdf_exploits/examples/README.md,1807dcd7bcea9e381bad9858b3e0f873505f882e,CVE-2021-21831
838423437,ProjectZeroDays/AI-Driven-Zero-Click-Exploit-Deployment-Framework,src/exploits/other_exploits/cve_poc/pdf_exploits/examples/README.md,1807dcd7bcea9e381bad9858b3e0f873505f882e,CVE-2017-2777
838423437,ProjectZeroDays/AI-Driven-Zero-Click-Exploit-Deployment-Framework,src/exploits/other_exploits/cve_poc/pdf_exploits/examples/README.md,1807dcd7bcea9e381bad9858b3e0f873505f882e,CVE-2021-21219
838423437,ProjectZeroDays/AI-Driven-Zero-Click-Exploit-Deployment-Framework,src/exploits/other_exploits/cve_poc/pdf_exploits/examples/README.md,1807dcd7bcea9e381bad9858b3e0f873505f882e,CVE-2021-21218
838423437,ProjectZeroDays/AI-Driven-Zero-Click-Exploit-Deployment-Framework,src/exploits/other_exploits/cve_poc/pdf_exploits/examples/README.md,1807dcd7bcea9e381bad9858b3e0f873505f882e,CVE-2021-21217
838423437,ProjectZeroDays/AI-Driven-Zero-Click-Exploit-Deployment-Framework,src/exploits/other_exploits/cve_poc/pdf_exploits/examples/README.md,1807dcd7bcea9e381bad9858b3e0f873505f882e,CVE-2021-21190
838423437,ProjectZeroDays/AI-Driven-Zero-Click-Exploit-Deployment-Framework,src/exploits/other_exploits/cve_poc/pdf_exploits/examples/README.md,1807dcd7bcea9e381bad9858b3e0f873505f882e,CVE-2021-21063
838423437,ProjectZeroDays/AI-Driven-Zero-Click-Exploit-Deployment-Framework,src/exploits/other_exploits/cve_poc/pdf_exploits/examples/README.md,1807dcd7bcea9e381bad9858b3e0f873505f882e,CVE-2018-10289
838423437,ProjectZeroDays/AI-Driven-Zero-Click-Exploit-Deployment-Framework,src/exploits/other_exploits/cve_poc/pdf_exploits/examples/README.md,1807dcd7bcea9e381bad9858b3e0f873505f882e,CVE-2021-21062
838423437,ProjectZeroDays/AI-Driven-Zero-Click-Exploit-Deployment-Framework,src/exploits/other_exploits/cve_poc/pdf_exploits/examples/README.md,1807dcd7bcea9e381bad9858b3e0f873505f882e,CVE-2021-21059
838423437,ProjectZeroDays/AI-Driven-Zero-Click-Exploit-Deployment-Framework,src/exploits/other_exploits/cve_poc/pdf_exploits/examples/README.md,1807dcd7bcea9e381bad9858b3e0f873505f882e,CVE-2021-21058
838423437,ProjectZeroDays/AI-Driven-Zero-Click-Exploit-Deployment-Framework,src/exploits/other_exploits/cve_poc/pdf_exploits/examples/README.md,1807dcd7bcea9e381bad9858b3e0f873505f882e,CVE-2016-8709
838423437,ProjectZeroDays/AI-Driven-Zero-Click-Exploit-Deployment-Framework,src/exploits/other_exploits/cve_poc/pdf_exploits/examples/README.md,1807dcd7bcea9e381bad9858b3e0f873505f882e,CVE-2016-8711
838423437,ProjectZeroDays/AI-Driven-Zero-Click-Exploit-Deployment-Framework,src/exploits/other_exploits/cve_poc/pdf_exploits/examples/README.md,1807dcd7bcea9e381bad9858b3e0f873505f882e,CVE-2016-8713
838423437,ProjectZeroDays/AI-Driven-Zero-Click-Exploit-Deployment-Framework,src/exploits/other_exploits/cve_poc/pdf_exploits/examples/README.md,1807dcd7bcea9e381bad9858b3e0f873505f882e,CVE-2016-8715
838423437,ProjectZeroDays/AI-Driven-Zero-Click-Exploit-Deployment-Framework,src/exploits/other_exploits/cve_poc/pdf_exploits/examples/README.md,1807dcd7bcea9e381bad9858b3e0f873505f882e,CVE-2016-8728
838423437,ProjectZeroDays/AI-Driven-Zero-Click-Exploit-Deployment-Framework,src/exploits/other_exploits/cve_poc/pdf_exploits/examples/README.md,1807dcd7bcea9e381bad9858b3e0f873505f882e,CVE-2016-8729
838423437,ProjectZeroDays/AI-Driven-Zero-Click-Exploit-Deployment-Framework,src/exploits/other_exploits/cve_poc/pdf_exploits/examples/README.md,1807dcd7bcea9e381bad9858b3e0f873505f882e,CVE-2021-21057
838423437,ProjectZeroDays/AI-Driven-Zero-Click-Exploit-Deployment-Framework,src/exploits/other_exploits/cve_poc/pdf_exploits/examples/README.md,1807dcd7bcea9e381bad9858b3e0f873505f882e,CVE-2021-21061
838423437,ProjectZeroDays/AI-Driven-Zero-Click-Exploit-Deployment-Framework,src/exploits/other_exploits/cve_poc/pdf_exploits/examples/README.md,1807dcd7bcea9e381bad9858b3e0f873505f882e,CVE-2018-16648
838423437,ProjectZeroDays/AI-Driven-Zero-Click-Exploit-Deployment-Framework,src/exploits/other_exploits/cve_poc/pdf_exploits/examples/README.md,1807dcd7bcea9e381bad9858b3e0f873505f882e,CVE-2018-5677
838423437,ProjectZeroDays/AI-Driven-Zero-Click-Exploit-Deployment-Framework,src/exploits/other_exploits/cve_poc/pdf_exploits/examples/README.md,1807dcd7bcea9e381bad9858b3e0f873505f882e,CVE-2018-6142
838423437,ProjectZeroDays/AI-Driven-Zero-Click-Exploit-Deployment-Framework,src/exploits/other_exploits/cve_poc/pdf_exploits/examples/README.md,1807dcd7bcea9e381bad9858b3e0f873505f882e,CVE-2017-0292
838423437,ProjectZeroDays/AI-Driven-Zero-Click-Exploit-Deployment-Framework,src/exploits/other_exploits/cve_poc/pdf_exploits/examples/README.md,1807dcd7bcea9e381bad9858b3e0f873505f882e,CVE-2020-18750
838423437,ProjectZeroDays/AI-Driven-Zero-Click-Exploit-Deployment-Framework,src/exploits/other_exploits/cve_poc/pdf_exploits/examples/README.md,1807dcd7bcea9e381bad9858b3e0f873505f882e,CVE-2020-17538
838423437,ProjectZeroDays/AI-Driven-Zero-Click-Exploit-Deployment-Framework,src/exploits/other_exploits/cve_poc/pdf_exploits/examples/README.md,1807dcd7bcea9e381bad9858b3e0f873505f882e,CVE-2020-17413
838423437,ProjectZeroDays/AI-Driven-Zero-Click-Exploit-Deployment-Framework,src/exploits/other_exploits/cve_poc/pdf_exploits/examples/README.md,1807dcd7bcea9e381bad9858b3e0f873505f882e,CVE-2020-17412
838423437,ProjectZeroDays/AI-Driven-Zero-Click-Exploit-Deployment-Framework,src/exploits/other_exploits/cve_poc/pdf_exploits/examples/README.md,1807dcd7bcea9e381bad9858b3e0f873505f882e,CVE-2020-17411
838423437,ProjectZeroDays/AI-Driven-Zero-Click-Exploit-Deployment-Framework,src/exploits/other_exploits/cve_poc/pdf_exploits/examples/README.md,1807dcd7bcea9e381bad9858b3e0f873505f882e,CVE-2020-16310
838423437,ProjectZeroDays/AI-Driven-Zero-Click-Exploit-Deployment-Framework,src/exploits/other_exploits/cve_poc/pdf_exploits/examples/README.md,1807dcd7bcea9e381bad9858b3e0f873505f882e,CVE-2020-16308
838423437,ProjectZeroDays/AI-Driven-Zero-Click-Exploit-Deployment-Framework,src/exploits/other_exploits/cve_poc/pdf_exploits/examples/README.md,1807dcd7bcea9e381bad9858b3e0f873505f882e,CVE-2020-16305
838423437,ProjectZeroDays/AI-Driven-Zero-Click-Exploit-Deployment-Framework,src/exploits/other_exploits/cve_poc/pdf_exploits/examples/README.md,1807dcd7bcea9e381bad9858b3e0f873505f882e,CVE-2020-16303
838423437,ProjectZeroDays/AI-Driven-Zero-Click-Exploit-Deployment-Framework,src/exploits/other_exploits/cve_poc/pdf_exploits/examples/README.md,1807dcd7bcea9e381bad9858b3e0f873505f882e,CVE-2020-16302
838423437,ProjectZeroDays/AI-Driven-Zero-Click-Exploit-Deployment-Framework,src/exploits/other_exploits/cve_poc/pdf_exploits/examples/README.md,1807dcd7bcea9e381bad9858b3e0f873505f882e,CVE-2020-16301
838423437,ProjectZeroDays/AI-Driven-Zero-Click-Exploit-Deployment-Framework,src/exploits/other_exploits/cve_poc/pdf_exploits/examples/README.md,1807dcd7bcea9e381bad9858b3e0f873505f882e,CVE-2020-16300
838423437,ProjectZeroDays/AI-Driven-Zero-Click-Exploit-Deployment-Framework,src/exploits/other_exploits/cve_poc/pdf_exploits/examples/README.md,1807dcd7bcea9e381bad9858b3e0f873505f882e,CVE-2020-16299
838423437,ProjectZeroDays/AI-Driven-Zero-Click-Exploit-Deployment-Framework,src/exploits/other_exploits/cve_poc/pdf_exploits/examples/README.md,1807dcd7bcea9e381bad9858b3e0f873505f882e,CVE-2020-16298
838423437,ProjectZeroDays/AI-Driven-Zero-Click-Exploit-Deployment-Framework,src/exploits/other_exploits/cve_poc/pdf_exploits/examples/README.md,1807dcd7bcea9e381bad9858b3e0f873505f882e,CVE-2020-16297
838423437,ProjectZeroDays/AI-Driven-Zero-Click-Exploit-Deployment-Framework,src/exploits/other_exploits/cve_poc/pdf_exploits/examples/README.md,1807dcd7bcea9e381bad9858b3e0f873505f882e,CVE-2020-16296
838423437,ProjectZeroDays/AI-Driven-Zero-Click-Exploit-Deployment-Framework,src/exploits/other_exploits/cve_poc/pdf_exploits/examples/README.md,1807dcd7bcea9e381bad9858b3e0f873505f882e,CVE-2020-16295
838423437,ProjectZeroDays/AI-Driven-Zero-Click-Exploit-Deployment-Framework,src/exploits/other_exploits/cve_poc/pdf_exploits/examples/README.md,1807dcd7bcea9e381bad9858b3e0f873505f882e,CVE-2020-16294
838423437,ProjectZeroDays/AI-Driven-Zero-Click-Exploit-Deployment-Framework,src/exploits/other_exploits/cve_poc/pdf_exploits/examples/README.md,1807dcd7bcea9e381bad9858b3e0f873505f882e,CVE-2017-0291
838423437,ProjectZeroDays/AI-Driven-Zero-Click-Exploit-Deployment-Framework,src/exploits/other_exploits/cve_poc/pdf_exploits/examples/README.md,1807dcd7bcea9e381bad9858b3e0f873505f882e,CVE-2018-6192
838423437,ProjectZeroDays/AI-Driven-Zero-Click-Exploit-Deployment-Framework,src/exploits/other_exploits/cve_poc/pdf_exploits/examples/README.md,1807dcd7bcea9e381bad9858b3e0f873505f882e,CVE-2018-1000051
838423437,ProjectZeroDays/AI-Driven-Zero-Click-Exploit-Deployment-Framework,src/exploits/other_exploits/cve_poc/pdf_exploits/examples/README.md,1807dcd7bcea9e381bad9858b3e0f873505f882e,CVE-2020-24409
838423437,ProjectZeroDays/AI-Driven-Zero-Click-Exploit-Deployment-Framework,src/exploits/other_exploits/cve_poc/pdf_exploits/examples/README.md,1807dcd7bcea9e381bad9858b3e0f873505f882e,CVE-2018-6144
838423437,ProjectZeroDays/AI-Driven-Zero-Click-Exploit-Deployment-Framework,src/exploits/other_exploits/cve_poc/pdf_exploits/examples/README.md,1807dcd7bcea9e381bad9858b3e0f873505f882e,CVE-2020-35702
838423437,ProjectZeroDays/AI-Driven-Zero-Click-Exploit-Deployment-Framework,src/exploits/other_exploits/cve_poc/pdf_exploits/examples/README.md,1807dcd7bcea9e381bad9858b3e0f873505f882e,CVE-2018-6170
838423437,ProjectZeroDays/AI-Driven-Zero-Click-Exploit-Deployment-Framework,src/exploits/other_exploits/cve_poc/pdf_exploits/examples/README.md,1807dcd7bcea9e381bad9858b3e0f873505f882e,CVE-2020-3341
838423437,ProjectZeroDays/AI-Driven-Zero-Click-Exploit-Deployment-Framework,src/exploits/other_exploits/cve_poc/pdf_exploits/examples/README.md,1807dcd7bcea9e381bad9858b3e0f873505f882e,CVE-2018-5676
838423437,ProjectZeroDays/AI-Driven-Zero-Click-Exploit-Deployment-Framework,src/exploits/other_exploits/cve_poc/pdf_exploits/examples/README.md,1807dcd7bcea9e381bad9858b3e0f873505f882e,CVE-2020-29075
838423437,ProjectZeroDays/AI-Driven-Zero-Click-Exploit-Deployment-Framework,src/exploits/other_exploits/cve_poc/pdf_exploits/examples/README.md,1807dcd7bcea9e381bad9858b3e0f873505f882e,CVE-2020-28969
838423437,ProjectZeroDays/AI-Driven-Zero-Click-Exploit-Deployment-Framework,src/exploits/other_exploits/cve_poc/pdf_exploits/examples/README.md,1807dcd7bcea9e381bad9858b3e0f873505f882e,CVE-2017-5886
838423437,ProjectZeroDays/AI-Driven-Zero-Click-Exploit-Deployment-Framework,src/exploits/other_exploits/cve_poc/pdf_exploits/examples/README.md,1807dcd7bcea9e381bad9858b3e0f873505f882e,CVE-2018-5675
838423437,ProjectZeroDays/AI-Driven-Zero-Click-Exploit-Deployment-Framework,src/exploits/other_exploits/cve_poc/pdf_exploits/examples/README.md,1807dcd7bcea9e381bad9858b3e0f873505f882e,CVE-2018-10194
838423437,ProjectZeroDays/AI-Driven-Zero-Click-Exploit-Deployment-Framework,src/exploits/other_exploits/cve_poc/pdf_exploits/examples/README.md,1807dcd7bcea9e381bad9858b3e0f873505f882e,CVE-2020-28203
838423437,ProjectZeroDays/AI-Driven-Zero-Click-Exploit-Deployment-Framework,src/exploits/other_exploits/cve_poc/pdf_exploits/examples/README.md,1807dcd7bcea9e381bad9858b3e0f873505f882e,CVE-2020-27771
838423437,ProjectZeroDays/AI-Driven-Zero-Click-Exploit-Deployment-Framework,src/exploits/other_exploits/cve_poc/pdf_exploits/examples/README.md,1807dcd7bcea9e381bad9858b3e0f873505f882e,CVE-2020-26536
838423437,ProjectZeroDays/AI-Driven-Zero-Click-Exploit-Deployment-Framework,src/exploits/other_exploits/cve_poc/pdf_exploits/examples/README.md,1807dcd7bcea9e381bad9858b3e0f873505f882e,CVE-2020-26505
838423437,ProjectZeroDays/AI-Driven-Zero-Click-Exploit-Deployment-Framework,src/exploits/other_exploits/cve_poc/pdf_exploits/examples/README.md,1807dcd7bcea9e381bad9858b3e0f873505f882e,CVE-2018-6187
838423437,ProjectZeroDays/AI-Driven-Zero-Click-Exploit-Deployment-Framework,src/exploits/other_exploits/cve_poc/pdf_exploits/examples/README.md,1807dcd7bcea9e381bad9858b3e0f873505f882e,CVE-2020-24999
838423437,ProjectZeroDays/AI-Driven-Zero-Click-Exploit-Deployment-Framework,src/exploits/other_exploits/cve_poc/pdf_exploits/examples/README.md,1807dcd7bcea9e381bad9858b3e0f873505f882e,CVE-2020-24996
838423437,ProjectZeroDays/AI-Driven-Zero-Click-Exploit-Deployment-Framework,src/exploits/other_exploits/cve_poc/pdf_exploits/examples/README.md,1807dcd7bcea9e381bad9858b3e0f873505f882e,CVE-2020-24435
838423437,ProjectZeroDays/AI-Driven-Zero-Click-Exploit-Deployment-Framework,src/exploits/other_exploits/cve_poc/pdf_exploits/examples/README.md,1807dcd7bcea9e381bad9858b3e0f873505f882e,CVE-2020-24411
838423437,ProjectZeroDays/AI-Driven-Zero-Click-Exploit-Deployment-Framework,src/exploits/other_exploits/cve_poc/pdf_exploits/examples/README.md,1807dcd7bcea9e381bad9858b3e0f873505f882e,CVE-2020-24410
838423437,ProjectZeroDays/AI-Driven-Zero-Click-Exploit-Deployment-Framework,src/exploits/other_exploits/cve_poc/pdf_exploits/examples/README.md,1807dcd7bcea9e381bad9858b3e0f873505f882e,CVE-2020-27778
838423437,ProjectZeroDays/AI-Driven-Zero-Click-Exploit-Deployment-Framework,src/exploits/other_exploits/cve_poc/pdf_exploits/examples/README.md,1807dcd7bcea9e381bad9858b3e0f873505f882e,CVE-2018-7455
838423437,ProjectZeroDays/AI-Driven-Zero-Click-Exploit-Deployment-Framework,src/exploits/other_exploits/cve_poc/pdf_exploits/examples/README.md,1807dcd7bcea9e381bad9858b3e0f873505f882e,CVE-2018-7546
838423437,ProjectZeroDays/AI-Driven-Zero-Click-Exploit-Deployment-Framework,src/exploits/other_exploits/cve_poc/pdf_exploits/examples/README.md,1807dcd7bcea9e381bad9858b3e0f873505f882e,CVE-2017-5114
838423437,ProjectZeroDays/AI-Driven-Zero-Click-Exploit-Deployment-Framework,src/exploits/other_exploits/cve_poc/pdf_exploits/examples/README.md,1807dcd7bcea9e381bad9858b3e0f873505f882e,CVE-2017-5039
838423437,ProjectZeroDays/AI-Driven-Zero-Click-Exploit-Deployment-Framework,src/exploits/other_exploits/cve_poc/pdf_exploits/examples/README.md,1807dcd7bcea9e381bad9858b3e0f873505f882e,CVE-2019-1000031
838423437,ProjectZeroDays/AI-Driven-Zero-Click-Exploit-Deployment-Framework,src/exploits/other_exploits/cve_poc/pdf_exploits/examples/README.md,1807dcd7bcea9e381bad9858b3e0f873505f882e,CVE-2017-5036
838423437,ProjectZeroDays/AI-Driven-Zero-Click-Exploit-Deployment-Framework,src/exploits/other_exploits/cve_poc/pdf_exploits/examples/README.md,1807dcd7bcea9e381bad9858b3e0f873505f882e,CVE-2017-5034
838423437,ProjectZeroDays/AI-Driven-Zero-Click-Exploit-Deployment-Framework,src/exploits/other_exploits/cve_poc/pdf_exploits/examples/README.md,1807dcd7bcea9e381bad9858b3e0f873505f882e,CVE-2018-5158
838423437,ProjectZeroDays/AI-Driven-Zero-Click-Exploit-Deployment-Framework,src/exploits/other_exploits/cve_poc/pdf_exploits/examples/README.md,1807dcd7bcea9e381bad9858b3e0f873505f882e,CVE-2017-9776
838423437,ProjectZeroDays/AI-Driven-Zero-Click-Exploit-Deployment-Framework,src/exploits/other_exploits/cve_poc/pdf_exploits/examples/README.md,1807dcd7bcea9e381bad9858b3e0f873505f882e,CVE-2017-9775
838423437,ProjectZeroDays/AI-Driven-Zero-Click-Exploit-Deployment-Framework,src/exploits/other_exploits/cve_poc/pdf_exploits/examples/README.md,1807dcd7bcea9e381bad9858b3e0f873505f882e,CVE-2017-5032
838423437,ProjectZeroDays/AI-Driven-Zero-Click-Exploit-Deployment-Framework,src/exploits/other_exploits/cve_poc/pdf_exploits/examples/README.md,1807dcd7bcea9e381bad9858b3e0f873505f882e,CVE-2017-9210
838423437,ProjectZeroDays/AI-Driven-Zero-Click-Exploit-Deployment-Framework,src/exploits/other_exploits/cve_poc/pdf_exploits/examples/README.md,1807dcd7bcea9e381bad9858b3e0f873505f882e,CVE-2017-9209
838423437,ProjectZeroDays/AI-Driven-Zero-Click-Exploit-Deployment-Framework,src/exploits/other_exploits/cve_poc/pdf_exploits/examples/README.md,1807dcd7bcea9e381bad9858b3e0f873505f882e,CVE-2017-9208
838423437,ProjectZeroDays/AI-Driven-Zero-Click-Exploit-Deployment-Framework,src/exploits/other_exploits/cve_poc/pdf_exploits/examples/README.md,1807dcd7bcea9e381bad9858b3e0f873505f882e,CVE-2017-9096
838423437,ProjectZeroDays/AI-Driven-Zero-Click-Exploit-Deployment-Framework,src/exploits/other_exploits/cve_poc/pdf_exploits/examples/README.md,1807dcd7bcea9e381bad9858b3e0f873505f882e,CVE-2018-8100
838423437,ProjectZeroDays/AI-Driven-Zero-Click-Exploit-Deployment-Framework,src/exploits/other_exploits/cve_poc/pdf_exploits/examples/README.md,1807dcd7bcea9e381bad9858b3e0f873505f882e,CVE-2018-8101
838423437,ProjectZeroDays/AI-Driven-Zero-Click-Exploit-Deployment-Framework,src/exploits/other_exploits/cve_poc/pdf_exploits/examples/README.md,1807dcd7bcea9e381bad9858b3e0f873505f882e,CVE-2018-8102
838423437,ProjectZeroDays/AI-Driven-Zero-Click-Exploit-Deployment-Framework,src/exploits/other_exploits/cve_poc/pdf_exploits/examples/README.md,1807dcd7bcea9e381bad9858b3e0f873505f882e,CVE-2018-8103
838423437,ProjectZeroDays/AI-Driven-Zero-Click-Exploit-Deployment-Framework,src/exploits/other_exploits/cve_poc/pdf_exploits/examples/README.md,1807dcd7bcea9e381bad9858b3e0f873505f882e,CVE-2018-8104
838423437,ProjectZeroDays/AI-Driven-Zero-Click-Exploit-Deployment-Framework,src/exploits/other_exploits/cve_poc/pdf_exploits/examples/README.md,1807dcd7bcea9e381bad9858b3e0f873505f882e,CVE-2018-8105
838423437,ProjectZeroDays/AI-Driven-Zero-Click-Exploit-Deployment-Framework,src/exploits/other_exploits/cve_poc/pdf_exploits/examples/README.md,1807dcd7bcea9e381bad9858b3e0f873505f882e,CVE-2018-8106
838423437,ProjectZeroDays/AI-Driven-Zero-Click-Exploit-Deployment-Framework,src/exploits/other_exploits/cve_poc/pdf_exploits/examples/README.md,1807dcd7bcea9e381bad9858b3e0f873505f882e,CVE-2019-1010006
838423437,ProjectZeroDays/AI-Driven-Zero-Click-Exploit-Deployment-Framework,src/exploits/other_exploits/cve_poc/pdf_exploits/examples/README.md,1807dcd7bcea9e381bad9858b3e0f873505f882e,CVE-2017-15565
838423437,ProjectZeroDays/AI-Driven-Zero-Click-Exploit-Deployment-Framework,src/exploits/other_exploits/cve_poc/pdf_exploits/examples/README.md,1807dcd7bcea9e381bad9858b3e0f873505f882e,CVE-2018-8002
838423437,ProjectZeroDays/AI-Driven-Zero-Click-Exploit-Deployment-Framework,src/exploits/other_exploits/cve_poc/pdf_exploits/examples/README.md,1807dcd7bcea9e381bad9858b3e0f873505f882e,CVE-2018-8001
838423437,ProjectZeroDays/AI-Driven-Zero-Click-Exploit-Deployment-Framework,src/exploits/other_exploits/cve_poc/pdf_exploits/examples/README.md,1807dcd7bcea9e381bad9858b3e0f873505f882e,CVE-2017-15258
838423437,ProjectZeroDays/AI-Driven-Zero-Click-Exploit-Deployment-Framework,src/exploits/other_exploits/cve_poc/pdf_exploits/examples/README.md,1807dcd7bcea9e381bad9858b3e0f873505f882e,CVE-2017-15259
838423437,ProjectZeroDays/AI-Driven-Zero-Click-Exploit-Deployment-Framework,src/exploits/other_exploits/cve_poc/pdf_exploits/examples/README.md,1807dcd7bcea9e381bad9858b3e0f873505f882e,CVE-2017-15260
838423437,ProjectZeroDays/AI-Driven-Zero-Click-Exploit-Deployment-Framework,src/exploits/other_exploits/cve_poc/pdf_exploits/examples/README.md,1807dcd7bcea9e381bad9858b3e0f873505f882e,CVE-2017-15261
838423437,ProjectZeroDays/AI-Driven-Zero-Click-Exploit-Deployment-Framework,src/exploits/other_exploits/cve_poc/pdf_exploits/examples/README.md,1807dcd7bcea9e381bad9858b3e0f873505f882e,CVE-2017-15262
838423437,ProjectZeroDays/AI-Driven-Zero-Click-Exploit-Deployment-Framework,src/exploits/other_exploits/cve_poc/pdf_exploits/examples/README.md,1807dcd7bcea9e381bad9858b3e0f873505f882e,CVE-2017-15263
838423437,ProjectZeroDays/AI-Driven-Zero-Click-Exploit-Deployment-Framework,src/exploits/other_exploits/cve_poc/pdf_exploits/examples/README.md,1807dcd7bcea9e381bad9858b3e0f873505f882e,CVE-2019-12515
838423437,ProjectZeroDays/AI-Driven-Zero-Click-Exploit-Deployment-Framework,src/exploits/other_exploits/cve_poc/pdf_exploits/examples/README.md,1807dcd7bcea9e381bad9858b3e0f873505f882e,CVE-2019-12493
838423437,ProjectZeroDays/AI-Driven-Zero-Click-Exploit-Deployment-Framework,src/exploits/other_exploits/cve_poc/pdf_exploits/examples/README.md,1807dcd7bcea9e381bad9858b3e0f873505f882e,CVE-2018-0202
838423437,ProjectZeroDays/AI-Driven-Zero-Click-Exploit-Deployment-Framework,src/exploits/other_exploits/cve_poc/pdf_exploits/examples/README.md,1807dcd7bcea9e381bad9858b3e0f873505f882e,CVE-2018-3842
838423437,ProjectZeroDays/AI-Driven-Zero-Click-Exploit-Deployment-Framework,src/exploits/other_exploits/cve_poc/pdf_exploits/examples/README.md,1807dcd7bcea9e381bad9858b3e0f873505f882e,CVE-2017-15369
838423437,ProjectZeroDays/AI-Driven-Zero-Click-Exploit-Deployment-Framework,src/exploits/other_exploits/cve_poc/pdf_exploits/examples/README.md,1807dcd7bcea9e381bad9858b3e0f873505f882e,CVE-2018-20662
838423437,ProjectZeroDays/AI-Driven-Zero-Click-Exploit-Deployment-Framework,src/exploits/other_exploits/cve_poc/pdf_exploits/examples/README.md,1807dcd7bcea9e381bad9858b3e0f873505f882e,CVE-2017-7994
838423437,ProjectZeroDays/AI-Driven-Zero-Click-Exploit-Deployment-Framework,src/exploits/other_exploits/cve_poc/pdf_exploits/examples/README.md,1807dcd7bcea9e381bad9858b3e0f873505f882e,CVE-2018-20751
838423437,ProjectZeroDays/AI-Driven-Zero-Click-Exploit-Deployment-Framework,src/exploits/other_exploits/cve_poc/pdf_exploits/examples/README.md,1807dcd7bcea9e381bad9858b3e0f873505f882e,CVE-2018-8000
838423437,ProjectZeroDays/AI-Driven-Zero-Click-Exploit-Deployment-Framework,src/exploits/other_exploits/cve_poc/pdf_exploits/examples/README.md,1807dcd7bcea9e381bad9858b3e0f873505f882e,CVE-2017-15408
838423437,ProjectZeroDays/AI-Driven-Zero-Click-Exploit-Deployment-Framework,src/exploits/other_exploits/cve_poc/pdf_exploits/examples/README.md,1807dcd7bcea9e381bad9858b3e0f873505f882e,CVE-2017-15410
838423437,ProjectZeroDays/AI-Driven-Zero-Click-Exploit-Deployment-Framework,src/exploits/other_exploits/cve_poc/pdf_exploits/examples/README.md,1807dcd7bcea9e381bad9858b3e0f873505f882e,CVE-2017-5057
838423437,ProjectZeroDays/AI-Driven-Zero-Click-Exploit-Deployment-Framework,src/exploits/other_exploits/cve_poc/pdf_exploits/examples/README.md,1807dcd7bcea9e381bad9858b3e0f873505f882e,CVE-2017-15411
838423437,ProjectZeroDays/AI-Driven-Zero-Click-Exploit-Deployment-Framework,src/exploits/other_exploits/cve_poc/pdf_exploits/examples/README.md,1807dcd7bcea9e381bad9858b3e0f873505f882e,CVE-2017-9865
838423437,ProjectZeroDays/AI-Driven-Zero-Click-Exploit-Deployment-Framework,src/exploits/other_exploits/cve_poc/pdf_exploits/examples/README.md,1807dcd7bcea9e381bad9858b3e0f873505f882e,CVE-2018-20481
838423437,ProjectZeroDays/AI-Driven-Zero-Click-Exploit-Deployment-Framework,src/exploits/other_exploits/cve_poc/pdf_exploits/examples/README.md,1807dcd7bcea9e381bad9858b3e0f873505f882e,CVE-2017-8787
838423437,ProjectZeroDays/AI-Driven-Zero-Click-Exploit-Deployment-Framework,src/exploits/other_exploits/cve_poc/pdf_exploits/examples/README.md,1807dcd7bcea9e381bad9858b3e0f873505f882e,CVE-2018-3843
838423437,ProjectZeroDays/AI-Driven-Zero-Click-Exploit-Deployment-Framework,src/exploits/other_exploits/cve_poc/pdf_exploits/examples/README.md,1807dcd7bcea9e381bad9858b3e0f873505f882e,CVE-2018-3850
838423437,ProjectZeroDays/AI-Driven-Zero-Click-Exploit-Deployment-Framework,src/exploits/other_exploits/cve_poc/pdf_exploits/examples/README.md,1807dcd7bcea9e381bad9858b3e0f873505f882e,CVE-2018-8430
838423437,ProjectZeroDays/AI-Driven-Zero-Click-Exploit-Deployment-Framework,src/exploits/other_exploits/cve_poc/pdf_exploits/examples/README.md,1807dcd7bcea9e381bad9858b3e0f873505f882e,CVE-2018-3992
838423437,ProjectZeroDays/AI-Driven-Zero-Click-Exploit-Deployment-Framework,src/exploits/other_exploits/cve_poc/pdf_exploits/examples/README.md,1807dcd7bcea9e381bad9858b3e0f873505f882e,CVE-2018-3993
838423437,ProjectZeroDays/AI-Driven-Zero-Click-Exploit-Deployment-Framework,src/exploits/other_exploits/cve_poc/pdf_exploits/examples/README.md,1807dcd7bcea9e381bad9858b3e0f873505f882e,CVE-2018-8414
838423437,ProjectZeroDays/AI-Driven-Zero-Click-Exploit-Deployment-Framework,src/exploits/other_exploits/cve_poc/pdf_exploits/examples/README.md,1807dcd7bcea9e381bad9858b3e0f873505f882e,CVE-2018-3994
838423437,ProjectZeroDays/AI-Driven-Zero-Click-Exploit-Deployment-Framework,src/exploits/other_exploits/cve_poc/pdf_exploits/examples/README.md,1807dcd7bcea9e381bad9858b3e0f873505f882e,CVE-2018-3995
838423437,ProjectZeroDays/AI-Driven-Zero-Click-Exploit-Deployment-Framework,src/exploits/other_exploits/cve_poc/pdf_exploits/examples/README.md,1807dcd7bcea9e381bad9858b3e0f873505f882e,CVE-2018-3996
838423437,ProjectZeroDays/AI-Driven-Zero-Click-Exploit-Deployment-Framework,src/exploits/other_exploits/cve_poc/pdf_exploits/examples/README.md,1807dcd7bcea9e381bad9858b3e0f873505f882e,CVE-2018-3997
838423437,ProjectZeroDays/AI-Driven-Zero-Click-Exploit-Deployment-Framework,src/exploits/other_exploits/cve_poc/pdf_exploits/examples/README.md,1807dcd7bcea9e381bad9858b3e0f873505f882e,CVE-2018-4913
838423437,ProjectZeroDays/AI-Driven-Zero-Click-Exploit-Deployment-Framework,src/exploits/other_exploits/cve_poc/pdf_exploits/examples/README.md,1807dcd7bcea9e381bad9858b3e0f873505f882e,CVE-2018-3967
838423437,ProjectZeroDays/AI-Driven-Zero-Click-Exploit-Deployment-Framework,src/exploits/other_exploits/cve_poc/pdf_exploits/examples/README.md,1807dcd7bcea9e381bad9858b3e0f873505f882e,CVE-2018-4911
838423437,ProjectZeroDays/AI-Driven-Zero-Click-Exploit-Deployment-Framework,src/exploits/other_exploits/cve_poc/pdf_exploits/examples/README.md,1807dcd7bcea9e381bad9858b3e0f873505f882e,CVE-2018-4902
838423437,ProjectZeroDays/AI-Driven-Zero-Click-Exploit-Deployment-Framework,src/exploits/other_exploits/cve_poc/pdf_exploits/examples/README.md,1807dcd7bcea9e381bad9858b3e0f873505f882e,CVE-2018-4892
838423437,ProjectZeroDays/AI-Driven-Zero-Click-Exploit-Deployment-Framework,src/exploits/other_exploits/cve_poc/pdf_exploits/examples/README.md,1807dcd7bcea9e381bad9858b3e0f873505f882e,CVE-2017-3017
838423437,ProjectZeroDays/AI-Driven-Zero-Click-Exploit-Deployment-Framework,src/exploits/other_exploits/cve_poc/pdf_exploits/examples/README.md,1807dcd7bcea9e381bad9858b3e0f873505f882e,CVE-2017-2863
838423437,ProjectZeroDays/AI-Driven-Zero-Click-Exploit-Deployment-Framework,src/exploits/other_exploits/cve_poc/pdf_exploits/examples/README.md,1807dcd7bcea9e381bad9858b3e0f873505f882e,CVE-2017-2822
838423437,ProjectZeroDays/AI-Driven-Zero-Click-Exploit-Deployment-Framework,src/exploits/other_exploits/cve_poc/pdf_exploits/examples/README.md,1807dcd7bcea9e381bad9858b3e0f873505f882e,CVE-2017-2821
838423437,ProjectZeroDays/AI-Driven-Zero-Click-Exploit-Deployment-Framework,src/exploits/other_exploits/cve_poc/pdf_exploits/examples/README.md,1807dcd7bcea9e381bad9858b3e0f873505f882e,CVE-2017-2820
838423437,ProjectZeroDays/AI-Driven-Zero-Click-Exploit-Deployment-Framework,src/exploits/other_exploits/cve_poc/pdf_exploits/examples/README.md,1807dcd7bcea9e381bad9858b3e0f873505f882e,CVE-2017-2818
838423437,ProjectZeroDays/AI-Driven-Zero-Click-Exploit-Deployment-Framework,src/exploits/other_exploits/cve_poc/pdf_exploits/examples/README.md,1807dcd7bcea9e381bad9858b3e0f873505f882e,CVE-2017-2814
838423437,ProjectZeroDays/AI-Driven-Zero-Click-Exploit-Deployment-Framework,src/exploits/other_exploits/cve_poc/pdf_exploits/examples/README.md,1807dcd7bcea9e381bad9858b3e0f873505f882e,CVE-2018-4910
838423437,ProjectZeroDays/AI-Driven-Zero-Click-Exploit-Deployment-Framework,src/exploits/other_exploits/cve_poc/pdf_exploits/examples/README.md,1807dcd7bcea9e381bad9858b3e0f873505f882e,CVE-2017-15257
838423437,ProjectZeroDays/AI-Driven-Zero-Click-Exploit-Deployment-Framework,src/exploits/other_exploits/cve_poc/pdf_exploits/examples/README.md,1807dcd7bcea9e381bad9858b3e0f873505f882e,CVE-2018-3966
838423437,ProjectZeroDays/AI-Driven-Zero-Click-Exploit-Deployment-Framework,src/exploits/other_exploits/cve_poc/pdf_exploits/examples/README.md,1807dcd7bcea9e381bad9858b3e0f873505f882e,CVE-2018-3964
838423437,ProjectZeroDays/AI-Driven-Zero-Click-Exploit-Deployment-Framework,src/exploits/other_exploits/cve_poc/pdf_exploits/examples/README.md,1807dcd7bcea9e381bad9858b3e0f873505f882e,CVE-2018-3853
838423437,ProjectZeroDays/AI-Driven-Zero-Click-Exploit-Deployment-Framework,src/exploits/other_exploits/cve_poc/pdf_exploits/examples/README.md,1807dcd7bcea9e381bad9858b3e0f873505f882e,CVE-2018-8107
838423437,ProjectZeroDays/AI-Driven-Zero-Click-Exploit-Deployment-Framework,src/exploits/other_exploits/cve_poc/pdf_exploits/examples/README.md,1807dcd7bcea9e381bad9858b3e0f873505f882e,CVE-2017-8053
838423437,ProjectZeroDays/AI-Driven-Zero-Click-Exploit-Deployment-Framework,src/exploits/other_exploits/cve_poc/pdf_exploits/examples/README.md,1807dcd7bcea9e381bad9858b3e0f873505f882e,CVE-2017-8054
838423437,ProjectZeroDays/AI-Driven-Zero-Click-Exploit-Deployment-Framework,src/exploits/other_exploits/cve_poc/pdf_exploits/examples/README.md,1807dcd7bcea9e381bad9858b3e0f873505f882e,CVE-2018-4993
838423437,ProjectZeroDays/AI-Driven-Zero-Click-Exploit-Deployment-Framework,src/exploits/other_exploits/cve_poc/pdf_exploits/examples/README.md,1807dcd7bcea9e381bad9858b3e0f873505f882e,CVE-2017-8460
838423437,ProjectZeroDays/AI-Driven-Zero-Click-Exploit-Deployment-Framework,src/exploits/other_exploits/cve_poc/pdf_exploits/examples/README.md,1807dcd7bcea9e381bad9858b3e0f873505f882e,CVE-2018-3924
838423437,ProjectZeroDays/AI-Driven-Zero-Click-Exploit-Deployment-Framework,src/exploits/other_exploits/cve_poc/pdf_exploits/examples/README.md,1807dcd7bcea9e381bad9858b3e0f873505f882e,CVE-2018-3939
838423437,ProjectZeroDays/AI-Driven-Zero-Click-Exploit-Deployment-Framework,src/exploits/other_exploits/cve_poc/pdf_exploits/examples/README.md,1807dcd7bcea9e381bad9858b3e0f873505f882e,CVE-2018-3940
838423437,ProjectZeroDays/AI-Driven-Zero-Click-Exploit-Deployment-Framework,src/exploits/other_exploits/cve_poc/pdf_exploits/examples/README.md,1807dcd7bcea9e381bad9858b3e0f873505f882e,CVE-2018-3965
838423437,ProjectZeroDays/AI-Driven-Zero-Click-Exploit-Deployment-Framework,src/exploits/other_exploits/cve_poc/pdf_exploits/examples/README.md,1807dcd7bcea9e381bad9858b3e0f873505f882e,CVE-2018-3941
838423437,ProjectZeroDays/AI-Driven-Zero-Click-Exploit-Deployment-Framework,src/exploits/other_exploits/cve_poc/pdf_exploits/examples/README.md,1807dcd7bcea9e381bad9858b3e0f873505f882e,CVE-2018-3943
838423437,ProjectZeroDays/AI-Driven-Zero-Click-Exploit-Deployment-Framework,src/exploits/other_exploits/cve_poc/pdf_exploits/examples/README.md,1807dcd7bcea9e381bad9858b3e0f873505f882e,CVE-2017-17858
838423437,ProjectZeroDays/AI-Driven-Zero-Click-Exploit-Deployment-Framework,src/exploits/other_exploits/cve_poc/pdf_exploits/examples/README.md,1807dcd7bcea9e381bad9858b3e0f873505f882e,CVE-2017-17866
838423437,ProjectZeroDays/AI-Driven-Zero-Click-Exploit-Deployment-Framework,src/exploits/other_exploits/cve_poc/pdf_exploits/examples/README.md,1807dcd7bcea9e381bad9858b3e0f873505f882e,CVE-2018-3944
838423437,ProjectZeroDays/AI-Driven-Zero-Click-Exploit-Deployment-Framework,src/exploits/other_exploits/cve_poc/pdf_exploits/examples/README.md,1807dcd7bcea9e381bad9858b3e0f873505f882e,CVE-2018-3945
838423437,ProjectZeroDays/AI-Driven-Zero-Click-Exploit-Deployment-Framework,src/exploits/other_exploits/cve_poc/pdf_exploits/examples/README.md,1807dcd7bcea9e381bad9858b3e0f873505f882e,CVE-2017-18267
838423437,ProjectZeroDays/AI-Driven-Zero-Click-Exploit-Deployment-Framework,src/exploits/other_exploits/cve_poc/pdf_exploits/examples/README.md,1807dcd7bcea9e381bad9858b3e0f873505f882e,CVE-2018-3946
838423437,ProjectZeroDays/AI-Driven-Zero-Click-Exploit-Deployment-Framework,src/exploits/other_exploits/cve_poc/pdf_exploits/examples/README.md,1807dcd7bcea9e381bad9858b3e0f873505f882e,CVE-2018-4990
838423437,ProjectZeroDays/AI-Driven-Zero-Click-Exploit-Deployment-Framework,src/exploits/other_exploits/cve_poc/pdf_exploits/examples/README.md,1807dcd7bcea9e381bad9858b3e0f873505f882e,CVE-2018-3956
838423437,ProjectZeroDays/AI-Driven-Zero-Click-Exploit-Deployment-Framework,src/exploits/other_exploits/cve_poc/pdf_exploits/examples/README.md,1807dcd7bcea9e381bad9858b3e0f873505f882e,CVE-2018-3942
838423437,ProjectZeroDays/AI-Driven-Zero-Click-Exploit-Deployment-Framework,src/exploits/other_exploits/cve_poc/pdf_exploits/examples/README.md,1807dcd7bcea9e381bad9858b3e0f873505f882e,CVE-2016-8388
838423437,ProjectZeroDays/AI-Driven-Zero-Click-Exploit-Deployment-Framework,src/exploits/other_exploits/cve_poc/pdf_exploits/examples/README.md,1807dcd7bcea9e381bad9858b3e0f873505f882e,CVE-2017-15256
838423437,ProjectZeroDays/AI-Driven-Zero-Click-Exploit-Deployment-Framework,src/exploits/other_exploits/cve_poc/pdf_exploits/examples/README.md,1807dcd7bcea9e381bad9858b3e0f873505f882e,CVE-2017-15254
838423437,ProjectZeroDays/AI-Driven-Zero-Click-Exploit-Deployment-Framework,src/exploits/other_exploits/cve_poc/pdf_exploits/examples/README.md,1807dcd7bcea9e381bad9858b3e0f873505f882e,CVE-2018-18457
838423437,ProjectZeroDays/AI-Driven-Zero-Click-Exploit-Deployment-Framework,src/exploits/other_exploits/cve_poc/pdf_exploits/examples/README.md,1807dcd7bcea9e381bad9858b3e0f873505f882e,CVE-2018-18458
838423437,ProjectZeroDays/AI-Driven-Zero-Click-Exploit-Deployment-Framework,src/exploits/other_exploits/cve_poc/pdf_exploits/examples/README.md,1807dcd7bcea9e381bad9858b3e0f873505f882e,CVE-2018-18459
838423437,ProjectZeroDays/AI-Driven-Zero-Click-Exploit-Deployment-Framework,src/exploits/other_exploits/cve_poc/pdf_exploits/examples/README.md,1807dcd7bcea9e381bad9858b3e0f873505f882e,CVE-2019-1787
838423437,ProjectZeroDays/AI-Driven-Zero-Click-Exploit-Deployment-Framework,src/exploits/other_exploits/cve_poc/pdf_exploits/examples/README.md,1807dcd7bcea9e381bad9858b3e0f873505f882e,CVE-2019-1786
838423437,ProjectZeroDays/AI-Driven-Zero-Click-Exploit-Deployment-Framework,src/exploits/other_exploits/cve_poc/pdf_exploits/examples/README.md,1807dcd7bcea9e381bad9858b3e0f873505f882e,CVE-2018-18650
838423437,ProjectZeroDays/AI-Driven-Zero-Click-Exploit-Deployment-Framework,src/exploits/other_exploits/cve_poc/pdf_exploits/examples/README.md,1807dcd7bcea9e381bad9858b3e0f873505f882e,CVE-2019-17063
838423437,ProjectZeroDays/AI-Driven-Zero-Click-Exploit-Deployment-Framework,src/exploits/other_exploits/cve_poc/pdf_exploits/examples/README.md,1807dcd7bcea9e381bad9858b3e0f873505f882e,CVE-2018-18651
838423437,ProjectZeroDays/AI-Driven-Zero-Click-Exploit-Deployment-Framework,src/exploits/other_exploits/cve_poc/pdf_exploits/examples/README.md,1807dcd7bcea9e381bad9858b3e0f873505f882e,CVE-2017-7584
838423437,ProjectZeroDays/AI-Driven-Zero-Click-Exploit-Deployment-Framework,src/exploits/other_exploits/cve_poc/pdf_exploits/examples/README.md,1807dcd7bcea9e381bad9858b3e0f873505f882e,CVE-2018-19444
838423437,ProjectZeroDays/AI-Driven-Zero-Click-Exploit-Deployment-Framework,src/exploits/other_exploits/cve_poc/pdf_exploits/examples/README.md,1807dcd7bcea9e381bad9858b3e0f873505f882e,CVE-2018-19445
838423437,ProjectZeroDays/AI-Driven-Zero-Click-Exploit-Deployment-Framework,src/exploits/other_exploits/cve_poc/pdf_exploits/examples/README.md,1807dcd7bcea9e381bad9858b3e0f873505f882e,CVE-2019-16115
838423437,ProjectZeroDays/AI-Driven-Zero-Click-Exploit-Deployment-Framework,src/exploits/other_exploits/cve_poc/pdf_exploits/examples/README.md,1807dcd7bcea9e381bad9858b3e0f873505f882e,CVE-2018-19446
838423437,ProjectZeroDays/AI-Driven-Zero-Click-Exploit-Deployment-Framework,src/exploits/other_exploits/cve_poc/pdf_exploits/examples/README.md,1807dcd7bcea9e381bad9858b3e0f873505f882e,CVE-2018-19447
838423437,ProjectZeroDays/AI-Driven-Zero-Click-Exploit-Deployment-Framework,src/exploits/other_exploits/cve_poc/pdf_exploits/examples/README.md,1807dcd7bcea9e381bad9858b3e0f873505f882e,CVE-2017-12376
838423437,ProjectZeroDays/AI-Driven-Zero-Click-Exploit-Deployment-Framework,src/exploits/other_exploits/cve_poc/pdf_exploits/examples/README.md,1807dcd7bcea9e381bad9858b3e0f873505f882e,CVE-2018-19449
838423437,ProjectZeroDays/AI-Driven-Zero-Click-Exploit-Deployment-Framework,src/exploits/other_exploits/cve_poc/pdf_exploits/examples/README.md,1807dcd7bcea9e381bad9858b3e0f873505f882e,CVE-2018-19450
838423437,ProjectZeroDays/AI-Driven-Zero-Click-Exploit-Deployment-Framework,src/exploits/other_exploits/cve_poc/pdf_exploits/examples/README.md,1807dcd7bcea9e381bad9858b3e0f873505f882e,CVE-2018-19451
838423437,ProjectZeroDays/AI-Driven-Zero-Click-Exploit-Deployment-Framework,src/exploits/other_exploits/cve_poc/pdf_exploits/examples/README.md,1807dcd7bcea9e381bad9858b3e0f873505f882e,CVE-2019-14267
838423437,ProjectZeroDays/AI-Driven-Zero-Click-Exploit-Deployment-Framework,src/exploits/other_exploits/cve_poc/pdf_exploits/examples/README.md,1807dcd7bcea9e381bad9858b3e0f873505f882e,CVE-2018-18456
838423437,ProjectZeroDays/AI-Driven-Zero-Click-Exploit-Deployment-Framework,src/exploits/other_exploits/cve_poc/pdf_exploits/examples/README.md,1807dcd7bcea9e381bad9858b3e0f873505f882e,CVE-2018-18455
838423437,ProjectZeroDays/AI-Driven-Zero-Click-Exploit-Deployment-Framework,src/exploits/other_exploits/cve_poc/pdf_exploits/examples/README.md,1807dcd7bcea9e381bad9858b3e0f873505f882e,CVE-2018-18454
838423437,ProjectZeroDays/AI-Driven-Zero-Click-Exploit-Deployment-Framework,src/exploits/other_exploits/cve_poc/pdf_exploits/examples/README.md,1807dcd7bcea9e381bad9858b3e0f873505f882e,CVE-2018-18336
838423437,ProjectZeroDays/AI-Driven-Zero-Click-Exploit-Deployment-Framework,src/exploits/other_exploits/cve_poc/pdf_exploits/examples/README.md,1807dcd7bcea9e381bad9858b3e0f873505f882e,CVE-2019-5145
838423437,ProjectZeroDays/AI-Driven-Zero-Click-Exploit-Deployment-Framework,src/exploits/other_exploits/cve_poc/pdf_exploits/examples/README.md,1807dcd7bcea9e381bad9858b3e0f873505f882e,CVE-2019-5131
838423437,ProjectZeroDays/AI-Driven-Zero-Click-Exploit-Deployment-Framework,src/exploits/other_exploits/cve_poc/pdf_exploits/examples/README.md,1807dcd7bcea9e381bad9858b3e0f873505f882e,CVE-2019-5130
838423437,ProjectZeroDays/AI-Driven-Zero-Click-Exploit-Deployment-Framework,src/exploits/other_exploits/cve_poc/pdf_exploits/examples/README.md,1807dcd7bcea9e381bad9858b3e0f873505f882e,CVE-2019-5126
838423437,ProjectZeroDays/AI-Driven-Zero-Click-Exploit-Deployment-Framework,src/exploits/other_exploits/cve_poc/pdf_exploits/examples/README.md,1807dcd7bcea9e381bad9858b3e0f873505f882e,CVE-2019-5067
838423437,ProjectZeroDays/AI-Driven-Zero-Click-Exploit-Deployment-Framework,src/exploits/other_exploits/cve_poc/pdf_exploits/examples/README.md,1807dcd7bcea9e381bad9858b3e0f873505f882e,CVE-2019-5066
838423437,ProjectZeroDays/AI-Driven-Zero-Click-Exploit-Deployment-Framework,src/exploits/other_exploits/cve_poc/pdf_exploits/examples/README.md,1807dcd7bcea9e381bad9858b3e0f873505f882e,CVE-2019-5053
838423437,ProjectZeroDays/AI-Driven-Zero-Click-Exploit-Deployment-Framework,src/exploits/other_exploits/cve_poc/pdf_exploits/examples/README.md,1807dcd7bcea9e381bad9858b3e0f873505f882e,CVE-2019-5050
838423437,ProjectZeroDays/AI-Driven-Zero-Click-Exploit-Deployment-Framework,src/exploits/other_exploits/cve_poc/pdf_exploits/examples/README.md,1807dcd7bcea9e381bad9858b3e0f873505f882e,CVE-2019-5048
838423437,ProjectZeroDays/AI-Driven-Zero-Click-Exploit-Deployment-Framework,src/exploits/other_exploits/cve_poc/pdf_exploits/examples/README.md,1807dcd7bcea9e381bad9858b3e0f873505f882e,CVE-2018-19452
838423437,ProjectZeroDays/AI-Driven-Zero-Click-Exploit-Deployment-Framework,src/exploits/other_exploits/cve_poc/pdf_exploits/examples/README.md,1807dcd7bcea9e381bad9858b3e0f873505f882e,CVE-2019-5047
838423437,ProjectZeroDays/AI-Driven-Zero-Click-Exploit-Deployment-Framework,src/exploits/other_exploits/cve_poc/pdf_exploits/examples/README.md,1807dcd7bcea9e381bad9858b3e0f873505f882e,CVE-2019-5045
838423437,ProjectZeroDays/AI-Driven-Zero-Click-Exploit-Deployment-Framework,src/exploits/other_exploits/cve_poc/pdf_exploits/examples/README.md,1807dcd7bcea9e381bad9858b3e0f873505f882e,CVE-2019-5042
838423437,ProjectZeroDays/AI-Driven-Zero-Click-Exploit-Deployment-Framework,src/exploits/other_exploits/cve_poc/pdf_exploits/examples/README.md,1807dcd7bcea9e381bad9858b3e0f873505f882e,CVE-2019-5031
838423437,ProjectZeroDays/AI-Driven-Zero-Click-Exploit-Deployment-Framework,src/exploits/other_exploits/cve_poc/pdf_exploits/examples/README.md,1807dcd7bcea9e381bad9858b3e0f873505f882e,CVE-2017-5111
838423437,ProjectZeroDays/AI-Driven-Zero-Click-Exploit-Deployment-Framework,src/exploits/other_exploits/cve_poc/pdf_exploits/examples/README.md,1807dcd7bcea9e381bad9858b3e0f873505f882e,CVE-2018-17461
838423437,ProjectZeroDays/AI-Driven-Zero-Click-Exploit-Deployment-Framework,src/exploits/other_exploits/cve_poc/pdf_exploits/examples/README.md,1807dcd7bcea9e381bad9858b3e0f873505f882e,CVE-2018-17469
838423437,ProjectZeroDays/AI-Driven-Zero-Click-Exploit-Deployment-Framework,src/exploits/other_exploits/cve_poc/pdf_exploits/examples/README.md,1807dcd7bcea9e381bad9858b3e0f873505f882e,CVE-2018-17481
838423437,ProjectZeroDays/AI-Driven-Zero-Click-Exploit-Deployment-Framework,src/exploits/other_exploits/cve_poc/pdf_exploits/examples/README.md,1807dcd7bcea9e381bad9858b3e0f873505f882e,CVE-2017-5108
838423437,ProjectZeroDays/AI-Driven-Zero-Click-Exploit-Deployment-Framework,src/exploits/other_exploits/cve_poc/pdf_exploits/examples/README.md,1807dcd7bcea9e381bad9858b3e0f873505f882e,CVE-2018-18020
838423437,ProjectZeroDays/AI-Driven-Zero-Click-Exploit-Deployment-Framework,src/exploits/other_exploits/cve_poc/pdf_exploits/examples/README.md,1807dcd7bcea9e381bad9858b3e0f873505f882e,CVE-2019-5046
838423437,ProjectZeroDays/AI-Driven-Zero-Click-Exploit-Deployment-Framework,src/exploits/other_exploits/cve_poc/pdf_exploits/examples/README.md,1807dcd7bcea9e381bad9858b3e0f873505f882e,CVE-2018-19478
838423437,ProjectZeroDays/AI-Driven-Zero-Click-Exploit-Deployment-Framework,src/exploits/other_exploits/cve_poc/pdf_exploits/examples/README.md,1807dcd7bcea9e381bad9858b3e0f873505f882e,CVE-2017-13056
838423437,ProjectZeroDays/AI-Driven-Zero-Click-Exploit-Deployment-Framework,src/exploits/other_exploits/cve_poc/pdf_exploits/examples/README.md,1807dcd7bcea9e381bad9858b3e0f873505f882e,CVE-2017-5095
838423437,ProjectZeroDays/AI-Driven-Zero-Click-Exploit-Deployment-Framework,src/exploits/other_exploits/cve_poc/pdf_exploits/examples/README.md,1807dcd7bcea9e381bad9858b3e0f873505f882e,CVE-2017-14926
838423437,ProjectZeroDays/AI-Driven-Zero-Click-Exploit-Deployment-Framework,src/exploits/other_exploits/cve_poc/pdf_exploits/examples/README.md,1807dcd7bcea9e381bad9858b3e0f873505f882e,CVE-2017-14927
838423437,ProjectZeroDays/AI-Driven-Zero-Click-Exploit-Deployment-Framework,src/exploits/other_exploits/cve_poc/pdf_exploits/examples/README.md,1807dcd7bcea9e381bad9858b3e0f873505f882e,CVE-2017-14928
838423437,ProjectZeroDays/AI-Driven-Zero-Click-Exploit-Deployment-Framework,src/exploits/other_exploits/cve_poc/pdf_exploits/examples/README.md,1807dcd7bcea9e381bad9858b3e0f873505f882e,CVE-2017-14945
838423437,ProjectZeroDays/AI-Driven-Zero-Click-Exploit-Deployment-Framework,src/exploits/other_exploits/cve_poc/pdf_exploits/examples/README.md,1807dcd7bcea9e381bad9858b3e0f873505f882e,CVE-2017-14946
838423437,ProjectZeroDays/AI-Driven-Zero-Click-Exploit-Deployment-Framework,src/exploits/other_exploits/cve_poc/pdf_exploits/examples/README.md,1807dcd7bcea9e381bad9858b3e0f873505f882e,CVE-2017-15239
838423437,ProjectZeroDays/AI-Driven-Zero-Click-Exploit-Deployment-Framework,src/exploits/other_exploits/cve_poc/pdf_exploits/examples/README.md,1807dcd7bcea9e381bad9858b3e0f873505f882e,CVE-2017-15240
838423437,ProjectZeroDays/AI-Driven-Zero-Click-Exploit-Deployment-Framework,src/exploits/other_exploits/cve_poc/pdf_exploits/examples/README.md,1807dcd7bcea9e381bad9858b3e0f873505f882e,CVE-2017-15241
838423437,ProjectZeroDays/AI-Driven-Zero-Click-Exploit-Deployment-Framework,src/exploits/other_exploits/cve_poc/pdf_exploits/examples/README.md,1807dcd7bcea9e381bad9858b3e0f873505f882e,CVE-2017-15242
838423437,ProjectZeroDays/AI-Driven-Zero-Click-Exploit-Deployment-Framework,src/exploits/other_exploits/cve_poc/pdf_exploits/examples/README.md,1807dcd7bcea9e381bad9858b3e0f873505f882e,CVE-2017-7698
838423437,ProjectZeroDays/AI-Driven-Zero-Click-Exploit-Deployment-Framework,src/exploits/other_exploits/cve_poc/pdf_exploits/examples/README.md,1807dcd7bcea9e381bad9858b3e0f873505f882e,CVE-2017-15243
838423437,ProjectZeroDays/AI-Driven-Zero-Click-Exploit-Deployment-Framework,src/exploits/other_exploits/cve_poc/pdf_exploits/examples/README.md,1807dcd7bcea9e381bad9858b3e0f873505f882e,CVE-2017-15245
838423437,ProjectZeroDays/AI-Driven-Zero-Click-Exploit-Deployment-Framework,src/exploits/other_exploits/cve_poc/pdf_exploits/examples/README.md,1807dcd7bcea9e381bad9858b3e0f873505f882e,CVE-2017-15246
838423437,ProjectZeroDays/AI-Driven-Zero-Click-Exploit-Deployment-Framework,src/exploits/other_exploits/cve_poc/pdf_exploits/examples/README.md,1807dcd7bcea9e381bad9858b3e0f873505f882e,CVE-2017-15247
838423437,ProjectZeroDays/AI-Driven-Zero-Click-Exploit-Deployment-Framework,src/exploits/other_exploits/cve_poc/pdf_exploits/examples/README.md,1807dcd7bcea9e381bad9858b3e0f873505f882e,CVE-2017-15248
838423437,ProjectZeroDays/AI-Driven-Zero-Click-Exploit-Deployment-Framework,src/exploits/other_exploits/cve_poc/pdf_exploits/examples/README.md,1807dcd7bcea9e381bad9858b3e0f873505f882e,CVE-2017-15249
838423437,ProjectZeroDays/AI-Driven-Zero-Click-Exploit-Deployment-Framework,src/exploits/other_exploits/cve_poc/pdf_exploits/examples/README.md,1807dcd7bcea9e381bad9858b3e0f873505f882e,CVE-2017-15250
838423437,ProjectZeroDays/AI-Driven-Zero-Click-Exploit-Deployment-Framework,src/exploits/other_exploits/cve_poc/pdf_exploits/examples/README.md,1807dcd7bcea9e381bad9858b3e0f873505f882e,CVE-2017-15251
838423437,ProjectZeroDays/AI-Driven-Zero-Click-Exploit-Deployment-Framework,src/exploits/other_exploits/cve_poc/pdf_exploits/examples/README.md,1807dcd7bcea9e381bad9858b3e0f873505f882e,CVE-2017-15252
838423437,ProjectZeroDays/AI-Driven-Zero-Click-Exploit-Deployment-Framework,src/exploits/other_exploits/cve_poc/pdf_exploits/examples/README.md,1807dcd7bcea9e381bad9858b3e0f873505f882e,CVE-2017-15253
838423437,ProjectZeroDays/AI-Driven-Zero-Click-Exploit-Deployment-Framework,src/exploits/other_exploits/cve_poc/pdf_exploits/examples/README.md,1807dcd7bcea9e381bad9858b3e0f873505f882e,CVE-2017-15244
838423437,ProjectZeroDays/AI-Driven-Zero-Click-Exploit-Deployment-Framework,src/exploits/other_exploits/cve_poc/pdf_exploits/examples/README.md,1807dcd7bcea9e381bad9858b3e0f873505f882e,CVE-2017-15255
838423437,ProjectZeroDays/AI-Driven-Zero-Click-Exploit-Deployment-Framework,src/exploits/other_exploits/cve_poc/pdf_exploits/examples/README.md,1807dcd7bcea9e381bad9858b3e0f873505f882e,CVE-2017-14818
838423437,ProjectZeroDays/AI-Driven-Zero-Click-Exploit-Deployment-Framework,src/exploits/other_exploits/cve_poc/pdf_exploits/examples/README.md,1807dcd7bcea9e381bad9858b3e0f873505f882e,CVE-2017-14617
838423437,ProjectZeroDays/AI-Driven-Zero-Click-Exploit-Deployment-Framework,src/exploits/other_exploits/cve_poc/pdf_exploits/examples/README.md,1807dcd7bcea9e381bad9858b3e0f873505f882e,CVE-2019-13736
838423437,ProjectZeroDays/AI-Driven-Zero-Click-Exploit-Deployment-Framework,src/exploits/other_exploits/cve_poc/pdf_exploits/examples/README.md,1807dcd7bcea9e381bad9858b3e0f873505f882e,CVE-2018-20065
838423437,ProjectZeroDays/AI-Driven-Zero-Click-Exploit-Deployment-Framework,src/exploits/other_exploits/cve_poc/pdf_exploits/examples/README.md,1807dcd7bcea9e381bad9858b3e0f873505f882e,CVE-2019-13706
838423437,ProjectZeroDays/AI-Driven-Zero-Click-Exploit-Deployment-Framework,src/exploits/other_exploits/cve_poc/pdf_exploits/examples/README.md,1807dcd7bcea9e381bad9858b3e0f873505f882e,CVE-2019-13679
838423437,ProjectZeroDays/AI-Driven-Zero-Click-Exploit-Deployment-Framework,src/exploits/other_exploits/cve_poc/pdf_exploits/examples/README.md,1807dcd7bcea9e381bad9858b3e0f873505f882e,CVE-2019-13291
838423437,ProjectZeroDays/AI-Driven-Zero-Click-Exploit-Deployment-Framework,src/exploits/other_exploits/cve_poc/pdf_exploits/examples/README.md,1807dcd7bcea9e381bad9858b3e0f873505f882e,CVE-2019-13290
838423437,ProjectZeroDays/AI-Driven-Zero-Click-Exploit-Deployment-Framework,src/exploits/other_exploits/cve_poc/pdf_exploits/examples/README.md,1807dcd7bcea9e381bad9858b3e0f873505f882e,CVE-2019-13289
838423437,ProjectZeroDays/AI-Driven-Zero-Click-Exploit-Deployment-Framework,src/exploits/other_exploits/cve_poc/pdf_exploits/examples/README.md,1807dcd7bcea9e381bad9858b3e0f873505f882e,CVE-2019-13287
838423437,ProjectZeroDays/AI-Driven-Zero-Click-Exploit-Deployment-Framework,src/exploits/other_exploits/cve_poc/pdf_exploits/examples/README.md,1807dcd7bcea9e381bad9858b3e0f873505f882e,CVE-2019-13286
838423437,ProjectZeroDays/AI-Driven-Zero-Click-Exploit-Deployment-Framework,src/exploits/other_exploits/cve_poc/pdf_exploits/examples/README.md,1807dcd7bcea9e381bad9858b3e0f873505f882e,CVE-2017-14694
838423437,ProjectZeroDays/AI-Driven-Zero-Click-Exploit-Deployment-Framework,src/exploits/other_exploits/cve_poc/pdf_exploits/examples/README.md,1807dcd7bcea9e381bad9858b3e0f873505f882e,CVE-2019-13283
838423437,ProjectZeroDays/AI-Driven-Zero-Click-Exploit-Deployment-Framework,src/exploits/other_exploits/cve_poc/pdf_exploits/examples/README.md,1807dcd7bcea9e381bad9858b3e0f873505f882e,CVE-2019-13282
838423437,ProjectZeroDays/AI-Driven-Zero-Click-Exploit-Deployment-Framework,src/exploits/other_exploits/cve_poc/pdf_exploits/examples/README.md,1807dcd7bcea9e381bad9858b3e0f873505f882e,CVE-2019-13281
838423437,ProjectZeroDays/AI-Driven-Zero-Click-Exploit-Deployment-Framework,src/exploits/other_exploits/cve_poc/pdf_exploits/examples/README.md,1807dcd7bcea9e381bad9858b3e0f873505f882e,CVE-2018-20247
838423437,ProjectZeroDays/AI-Driven-Zero-Click-Exploit-Deployment-Framework,src/exploits/other_exploits/cve_poc/pdf_exploits/examples/README.md,1807dcd7bcea9e381bad9858b3e0f873505f882e,CVE-2018-20248
838423437,ProjectZeroDays/AI-Driven-Zero-Click-Exploit-Deployment-Framework,src/exploits/other_exploits/cve_poc/pdf_exploits/examples/README.md,1807dcd7bcea9e381bad9858b3e0f873505f882e,CVE-2019-12957
838423437,ProjectZeroDays/AI-Driven-Zero-Click-Exploit-Deployment-Framework,src/exploits/other_exploits/cve_poc/pdf_exploits/examples/README.md,1807dcd7bcea9e381bad9858b3e0f873505f882e,CVE-2018-20249
838423437,ProjectZeroDays/AI-Driven-Zero-Click-Exploit-Deployment-Framework,src/exploits/other_exploits/cve_poc/pdf_exploits/examples/README.md,1807dcd7bcea9e381bad9858b3e0f873505f882e,CVE-2017-14517
838423437,ProjectZeroDays/AI-Driven-Zero-Click-Exploit-Deployment-Framework,src/exploits/other_exploits/cve_poc/pdf_exploits/examples/README.md,1807dcd7bcea9e381bad9858b3e0f873505f882e,CVE-2017-14518
838423437,ProjectZeroDays/AI-Driven-Zero-Click-Exploit-Deployment-Framework,src/exploits/other_exploits/cve_poc/pdf_exploits/examples/README.md,1807dcd7bcea9e381bad9858b3e0f873505f882e,CVE-2017-14520
838423437,ProjectZeroDays/AI-Driven-Zero-Click-Exploit-Deployment-Framework,src/exploits/other_exploits/cve_poc/pdf_exploits/examples/README.md,1807dcd7bcea9e381bad9858b3e0f873505f882e,CVE-2017-14458
838423437,ProjectZeroDays/AI-Driven-Zero-Click-Exploit-Deployment-Framework,src/exploits/other_exploits/cve_poc/pdf_exploits/examples/README.md,1807dcd7bcea9e381bad9858b3e0f873505f882e,CVE-2016-8387
838423437,ProjectZeroDays/AI-Driven-Zero-Click-Exploit-Deployment-Framework,src/exploits/other_exploits/cve_poc/pdf_exploits/examples/README.md,1807dcd7bcea9e381bad9858b3e0f873505f882e,CVE-2021-21822
838423437,ProjectZeroDays/AI-Driven-Zero-Click-Exploit-Deployment-Framework,src/exploits/other_exploits/cve_poc/pdf_exploits/examples/README.md,1807dcd7bcea9e381bad9858b3e0f873505f882e,CVE-2016-8335
838423437,ProjectZeroDays/AI-Driven-Zero-Click-Exploit-Deployment-Framework,src/exploits/other_exploits/cve_poc/pdf_exploits/examples/README.md,1807dcd7bcea9e381bad9858b3e0f873505f882e,CVE-2010-2210
838423437,ProjectZeroDays/AI-Driven-Zero-Click-Exploit-Deployment-Framework,src/exploits/other_exploits/cve_poc/pdf_exploits/examples/README.md,1807dcd7bcea9e381bad9858b3e0f873505f882e,CVE-2010-2211
838423437,ProjectZeroDays/AI-Driven-Zero-Click-Exploit-Deployment-Framework,src/exploits/other_exploits/cve_poc/pdf_exploits/examples/README.md,1807dcd7bcea9e381bad9858b3e0f873505f882e,CVE-2010-2212
838423437,ProjectZeroDays/AI-Driven-Zero-Click-Exploit-Deployment-Framework,src/exploits/other_exploits/cve_poc/pdf_exploits/examples/README.md,1807dcd7bcea9e381bad9858b3e0f873505f882e,ZDI-CAN-4982
838423437,ProjectZeroDays/AI-Driven-Zero-Click-Exploit-Deployment-Framework,src/exploits/other_exploits/cve_poc/pdf_exploits/examples/README.md,1807dcd7bcea9e381bad9858b3e0f873505f882e,ZDI-CAN-15413
838423437,ProjectZeroDays/AI-Driven-Zero-Click-Exploit-Deployment-Framework,src/exploits/other_exploits/cve_poc/pdf_exploits/examples/README.md,1807dcd7bcea9e381bad9858b3e0f873505f882e,CVE-2010-2601
838423437,ProjectZeroDays/AI-Driven-Zero-Click-Exploit-Deployment-Framework,src/exploits/other_exploits/cve_poc/pdf_exploits/examples/README.md,1807dcd7bcea9e381bad9858b3e0f873505f882e,CVE-2010-2602
838423437,ProjectZeroDays/AI-Driven-Zero-Click-Exploit-Deployment-Framework,src/exploits/other_exploits/cve_poc/pdf_exploits/examples/README.md,1807dcd7bcea9e381bad9858b3e0f873505f882e,CVE-2010-2604
838423437,ProjectZeroDays/AI-Driven-Zero-Click-Exploit-Deployment-Framework,src/exploits/other_exploits/cve_poc/pdf_exploits/examples/README.md,1807dcd7bcea9e381bad9858b3e0f873505f882e,CVE-2010-3434
838423437,ProjectZeroDays/AI-Driven-Zero-Click-Exploit-Deployment-Framework,src/exploits/other_exploits/cve_poc/pdf_exploits/examples/README.md,1807dcd7bcea9e381bad9858b3e0f873505f882e,CVE-2010-2209
838423437,ProjectZeroDays/AI-Driven-Zero-Click-Exploit-Deployment-Framework,src/exploits/other_exploits/cve_poc/pdf_exploits/examples/README.md,1807dcd7bcea9e381bad9858b3e0f873505f882e,CVE-2010-3703
838423437,ProjectZeroDays/AI-Driven-Zero-Click-Exploit-Deployment-Framework,src/exploits/other_exploits/cve_poc/pdf_exploits/examples/README.md,1807dcd7bcea9e381bad9858b3e0f873505f882e,CVE-2010-4091
838423437,ProjectZeroDays/AI-Driven-Zero-Click-Exploit-Deployment-Framework,src/exploits/other_exploits/cve_poc/pdf_exploits/examples/README.md,1807dcd7bcea9e381bad9858b3e0f873505f882e,CVE-2010-4260
838423437,ProjectZeroDays/AI-Driven-Zero-Click-Exploit-Deployment-Framework,src/exploits/other_exploits/cve_poc/pdf_exploits/examples/README.md,1807dcd7bcea9e381bad9858b3e0f873505f882e,CVE-2010-4479
838423437,ProjectZeroDays/AI-Driven-Zero-Click-Exploit-Deployment-Framework,src/exploits/other_exploits/cve_poc/pdf_exploits/examples/README.md,1807dcd7bcea9e381bad9858b3e0f873505f882e,CVE-2010-5110
838423437,ProjectZeroDays/AI-Driven-Zero-Click-Exploit-Deployment-Framework,src/exploits/other_exploits/cve_poc/pdf_exploits/examples/README.md,1807dcd7bcea9e381bad9858b3e0f873505f882e,CVE-2011-0332
838423437,ProjectZeroDays/AI-Driven-Zero-Click-Exploit-Deployment-Framework,src/exploits/other_exploits/cve_poc/pdf_exploits/examples/README.md,1807dcd7bcea9e381bad9858b3e0f873505f882e,CVE-2011-0596
838423437,ProjectZeroDays/AI-Driven-Zero-Click-Exploit-Deployment-Framework,src/exploits/other_exploits/cve_poc/pdf_exploits/examples/README.md,1807dcd7bcea9e381bad9858b3e0f873505f882e,CVE-2011-0598
838423437,ProjectZeroDays/AI-Driven-Zero-Click-Exploit-Deployment-Framework,src/exploits/other_exploits/cve_poc/pdf_exploits/examples/README.md,1807dcd7bcea9e381bad9858b3e0f873505f882e,CVE-2011-0599
838423437,ProjectZeroDays/AI-Driven-Zero-Click-Exploit-Deployment-Framework,src/exploits/other_exploits/cve_poc/pdf_exploits/examples/README.md,1807dcd7bcea9e381bad9858b3e0f873505f882e,CVE-2011-0602
838423437,ProjectZeroDays/AI-Driven-Zero-Click-Exploit-Deployment-Framework,src/exploits/other_exploits/cve_poc/pdf_exploits/examples/README.md,1807dcd7bcea9e381bad9858b3e0f873505f882e,CVE-2010-3704
838423437,ProjectZeroDays/AI-Driven-Zero-Click-Exploit-Deployment-Framework,src/exploits/other_exploits/cve_poc/pdf_exploits/examples/README.md,1807dcd7bcea9e381bad9858b3e0f873505f882e,CVE-2011-2804
838423437,ProjectZeroDays/AI-Driven-Zero-Click-Exploit-Deployment-Framework,src/exploits/other_exploits/cve_poc/pdf_exploits/examples/README.md,1807dcd7bcea9e381bad9858b3e0f873505f882e,CVE-2010-2207
838423437,ProjectZeroDays/AI-Driven-Zero-Click-Exploit-Deployment-Framework,src/exploits/other_exploits/cve_poc/pdf_exploits/examples/README.md,1807dcd7bcea9e381bad9858b3e0f873505f882e,CVE-2010-2202
838423437,ProjectZeroDays/AI-Driven-Zero-Click-Exploit-Deployment-Framework,src/exploits/other_exploits/cve_poc/pdf_exploits/examples/README.md,1807dcd7bcea9e381bad9858b3e0f873505f882e,CVE-2009-3605
838423437,ProjectZeroDays/AI-Driven-Zero-Click-Exploit-Deployment-Framework,src/exploits/other_exploits/cve_poc/pdf_exploits/examples/README.md,1807dcd7bcea9e381bad9858b3e0f873505f882e,CVE-2009-3606
838423437,ProjectZeroDays/AI-Driven-Zero-Click-Exploit-Deployment-Framework,src/exploits/other_exploits/cve_poc/pdf_exploits/examples/README.md,1807dcd7bcea9e381bad9858b3e0f873505f882e,CVE-2009-3607
838423437,ProjectZeroDays/AI-Driven-Zero-Click-Exploit-Deployment-Framework,src/exploits/other_exploits/cve_poc/pdf_exploits/examples/README.md,1807dcd7bcea9e381bad9858b3e0f873505f882e,CVE-2009-3608
838423437,ProjectZeroDays/AI-Driven-Zero-Click-Exploit-Deployment-Framework,src/exploits/other_exploits/cve_poc/pdf_exploits/examples/README.md,1807dcd7bcea9e381bad9858b3e0f873505f882e,CVE-2009-3609
838423437,ProjectZeroDays/AI-Driven-Zero-Click-Exploit-Deployment-Framework,src/exploits/other_exploits/cve_poc/pdf_exploits/examples/README.md,1807dcd7bcea9e381bad9858b3e0f873505f882e,CVE-2009-3938
838423437,ProjectZeroDays/AI-Driven-Zero-Click-Exploit-Deployment-Framework,src/exploits/other_exploits/cve_poc/pdf_exploits/examples/README.md,1807dcd7bcea9e381bad9858b3e0f873505f882e,CVE-2009-3959
838423437,ProjectZeroDays/AI-Driven-Zero-Click-Exploit-Deployment-Framework,src/exploits/other_exploits/cve_poc/pdf_exploits/examples/README.md,1807dcd7bcea9e381bad9858b3e0f873505f882e,CVE-2009-4035
838423437,ProjectZeroDays/AI-Driven-Zero-Click-Exploit-Deployment-Framework,src/exploits/other_exploits/cve_poc/pdf_exploits/examples/README.md,1807dcd7bcea9e381bad9858b3e0f873505f882e,CVE-2009-4270
838423437,ProjectZeroDays/AI-Driven-Zero-Click-Exploit-Deployment-Framework,src/exploits/other_exploits/cve_poc/pdf_exploits/examples/README.md,1807dcd7bcea9e381bad9858b3e0f873505f882e,CVE-2010-2206
838423437,ProjectZeroDays/AI-Driven-Zero-Click-Exploit-Deployment-Framework,src/exploits/other_exploits/cve_poc/pdf_exploits/examples/README.md,1807dcd7bcea9e381bad9858b3e0f873505f882e,CVE-2009-4324
838423437,ProjectZeroDays/AI-Driven-Zero-Click-Exploit-Deployment-Framework,src/exploits/other_exploits/cve_poc/pdf_exploits/examples/README.md,1807dcd7bcea9e381bad9858b3e0f873505f882e,CVE-2009-4897
838423437,ProjectZeroDays/AI-Driven-Zero-Click-Exploit-Deployment-Framework,src/exploits/other_exploits/cve_poc/pdf_exploits/examples/README.md,1807dcd7bcea9e381bad9858b3e0f873505f882e,CVE-2010-1241
838423437,ProjectZeroDays/AI-Driven-Zero-Click-Exploit-Deployment-Framework,src/exploits/other_exploits/cve_poc/pdf_exploits/examples/README.md,1807dcd7bcea9e381bad9858b3e0f873505f882e,CVE-2010-1295
838423437,ProjectZeroDays/AI-Driven-Zero-Click-Exploit-Deployment-Framework,src/exploits/other_exploits/cve_poc/pdf_exploits/examples/README.md,1807dcd7bcea9e381bad9858b3e0f873505f882e,CVE-2010-1385
838423437,ProjectZeroDays/AI-Driven-Zero-Click-Exploit-Deployment-Framework,src/exploits/other_exploits/cve_poc/pdf_exploits/examples/README.md,1807dcd7bcea9e381bad9858b3e0f873505f882e,CVE-2010-1639
838423437,ProjectZeroDays/AI-Driven-Zero-Click-Exploit-Deployment-Framework,src/exploits/other_exploits/cve_poc/pdf_exploits/examples/README.md,1807dcd7bcea9e381bad9858b3e0f873505f882e,CVE-2010-1801
838423437,ProjectZeroDays/AI-Driven-Zero-Click-Exploit-Deployment-Framework,src/exploits/other_exploits/cve_poc/pdf_exploits/examples/README.md,1807dcd7bcea9e381bad9858b3e0f873505f882e,CVE-2010-1836
838423437,ProjectZeroDays/AI-Driven-Zero-Click-Exploit-Deployment-Framework,src/exploits/other_exploits/cve_poc/pdf_exploits/examples/README.md,1807dcd7bcea9e381bad9858b3e0f873505f882e,CVE-2010-2168
838423437,ProjectZeroDays/AI-Driven-Zero-Click-Exploit-Deployment-Framework,src/exploits/other_exploits/cve_poc/pdf_exploits/examples/README.md,1807dcd7bcea9e381bad9858b3e0f873505f882e,CVE-2010-2201
838423437,ProjectZeroDays/AI-Driven-Zero-Click-Exploit-Deployment-Framework,src/exploits/other_exploits/cve_poc/pdf_exploits/examples/README.md,1807dcd7bcea9e381bad9858b3e0f873505f882e,CVE-2009-4778
838423437,ProjectZeroDays/AI-Driven-Zero-Click-Exploit-Deployment-Framework,src/exploits/other_exploits/cve_poc/pdf_exploits/examples/README.md,1807dcd7bcea9e381bad9858b3e0f873505f882e,CVE-2009-3604
838423437,ProjectZeroDays/AI-Driven-Zero-Click-Exploit-Deployment-Framework,src/exploits/other_exploits/cve_poc/pdf_exploits/examples/README.md,1807dcd7bcea9e381bad9858b3e0f873505f882e,ZDI-CAN-15406
838423437,ProjectZeroDays/AI-Driven-Zero-Click-Exploit-Deployment-Framework,src/exploits/other_exploits/cve_poc/pdf_exploits/examples/README.md,1807dcd7bcea9e381bad9858b3e0f873505f882e,CVE-2011-2902
838423437,ProjectZeroDays/AI-Driven-Zero-Click-Exploit-Deployment-Framework,src/exploits/other_exploits/cve_poc/pdf_exploits/examples/README.md,1807dcd7bcea9e381bad9858b3e0f873505f882e,CVE-2013-4978
838423437,ProjectZeroDays/AI-Driven-Zero-Click-Exploit-Deployment-Framework,src/exploits/other_exploits/cve_poc/pdf_exploits/examples/README.md,1807dcd7bcea9e381bad9858b3e0f873505f882e,CVE-2013-4986
838423437,ProjectZeroDays/AI-Driven-Zero-Click-Exploit-Deployment-Framework,src/exploits/other_exploits/cve_poc/pdf_exploits/examples/README.md,1807dcd7bcea9e381bad9858b3e0f873505f882e,CVE-2013-5170
838423437,ProjectZeroDays/AI-Driven-Zero-Click-Exploit-Deployment-Framework,src/exploits/other_exploits/cve_poc/pdf_exploits/examples/README.md,1807dcd7bcea9e381bad9858b3e0f873505f882e,CVE-2013-5325
838423437,ProjectZeroDays/AI-Driven-Zero-Click-Exploit-Deployment-Framework,src/exploits/other_exploits/cve_poc/pdf_exploits/examples/README.md,1807dcd7bcea9e381bad9858b3e0f873505f882e,CVE-2013-5598
838423437,ProjectZeroDays/AI-Driven-Zero-Click-Exploit-Deployment-Framework,src/exploits/other_exploits/cve_poc/pdf_exploits/examples/README.md,1807dcd7bcea9e381bad9858b3e0f873505f882e,CVE-2013-6474
838423437,ProjectZeroDays/AI-Driven-Zero-Click-Exploit-Deployment-Framework,src/exploits/other_exploits/cve_poc/pdf_exploits/examples/README.md,1807dcd7bcea9e381bad9858b3e0f873505f882e,CVE-2013-6475
838423437,ProjectZeroDays/AI-Driven-Zero-Click-Exploit-Deployment-Framework,src/exploits/other_exploits/cve_poc/pdf_exploits/examples/README.md,1807dcd7bcea9e381bad9858b3e0f873505f882e,ZDI-CAN-13620
838423437,ProjectZeroDays/AI-Driven-Zero-Click-Exploit-Deployment-Framework,src/exploits/other_exploits/cve_poc/pdf_exploits/examples/README.md,1807dcd7bcea9e381bad9858b3e0f873505f882e,CVE-2013-7296
838423437,ProjectZeroDays/AI-Driven-Zero-Click-Exploit-Deployment-Framework,src/exploits/other_exploits/cve_poc/pdf_exploits/examples/README.md,1807dcd7bcea9e381bad9858b3e0f873505f882e,CVE-2013-3553
838423437,ProjectZeroDays/AI-Driven-Zero-Click-Exploit-Deployment-Framework,src/exploits/other_exploits/cve_poc/pdf_exploits/examples/README.md,1807dcd7bcea9e381bad9858b3e0f873505f882e,CVE-2014-0514
838423437,ProjectZeroDays/AI-Driven-Zero-Click-Exploit-Deployment-Framework,src/exploits/other_exploits/cve_poc/pdf_exploits/examples/README.md,1807dcd7bcea9e381bad9858b3e0f873505f882e,ZDI-CAN-13583
838423437,ProjectZeroDays/AI-Driven-Zero-Click-Exploit-Deployment-Framework,src/exploits/other_exploits/cve_poc/pdf_exploits/examples/README.md,1807dcd7bcea9e381bad9858b3e0f873505f882e,ZDI-CAN-13582
838423437,ProjectZeroDays/AI-Driven-Zero-Click-Exploit-Deployment-Framework,src/exploits/other_exploits/cve_poc/pdf_exploits/examples/README.md,1807dcd7bcea9e381bad9858b3e0f873505f882e,ZDI-CAN-13574
838423437,ProjectZeroDays/AI-Driven-Zero-Click-Exploit-Deployment-Framework,src/exploits/other_exploits/cve_poc/pdf_exploits/examples/README.md,1807dcd7bcea9e381bad9858b3e0f873505f882e,ZDI-CAN-13573
838423437,ProjectZeroDays/AI-Driven-Zero-Click-Exploit-Deployment-Framework,src/exploits/other_exploits/cve_poc/pdf_exploits/examples/README.md,1807dcd7bcea9e381bad9858b3e0f873505f882e,ZDI-CAN-13572
838423437,ProjectZeroDays/AI-Driven-Zero-Click-Exploit-Deployment-Framework,src/exploits/other_exploits/cve_poc/pdf_exploits/examples/README.md,1807dcd7bcea9e381bad9858b3e0f873505f882e,ZDI-CAN-13280
838423437,ProjectZeroDays/AI-Driven-Zero-Click-Exploit-Deployment-Framework,src/exploits/other_exploits/cve_poc/pdf_exploits/examples/README.md,1807dcd7bcea9e381bad9858b3e0f873505f882e,CVE-2014-4077
838423437,ProjectZeroDays/AI-Driven-Zero-Click-Exploit-Deployment-Framework,src/exploits/other_exploits/cve_poc/pdf_exploits/examples/README.md,1807dcd7bcea9e381bad9858b3e0f873505f882e,CVE-2014-4377
838423437,ProjectZeroDays/AI-Driven-Zero-Click-Exploit-Deployment-Framework,src/exploits/other_exploits/cve_poc/pdf_exploits/examples/README.md,1807dcd7bcea9e381bad9858b3e0f873505f882e,CVE-2016-8385
838423437,ProjectZeroDays/AI-Driven-Zero-Click-Exploit-Deployment-Framework,src/exploits/other_exploits/cve_poc/pdf_exploits/examples/README.md,1807dcd7bcea9e381bad9858b3e0f873505f882e,CVE-2014-0521
838423437,ProjectZeroDays/AI-Driven-Zero-Click-Exploit-Deployment-Framework,src/exploits/other_exploits/cve_poc/pdf_exploits/examples/README.md,1807dcd7bcea9e381bad9858b3e0f873505f882e,CVE-2011-2861
838423437,ProjectZeroDays/AI-Driven-Zero-Click-Exploit-Deployment-Framework,src/exploits/other_exploits/cve_poc/pdf_exploits/examples/README.md,1807dcd7bcea9e381bad9858b3e0f873505f882e,CVE-2013-3552
838423437,ProjectZeroDays/AI-Driven-Zero-Click-Exploit-Deployment-Framework,src/exploits/other_exploits/cve_poc/pdf_exploits/examples/README.md,1807dcd7bcea9e381bad9858b3e0f873505f882e,ZDI-CAN-13621
838423437,ProjectZeroDays/AI-Driven-Zero-Click-Exploit-Deployment-Framework,src/exploits/other_exploits/cve_poc/pdf_exploits/examples/README.md,1807dcd7bcea9e381bad9858b3e0f873505f882e,ZDI-CAN-14974
838423437,ProjectZeroDays/AI-Driven-Zero-Click-Exploit-Deployment-Framework,src/exploits/other_exploits/cve_poc/pdf_exploits/examples/README.md,1807dcd7bcea9e381bad9858b3e0f873505f882e,CVE-2011-3332
838423437,ProjectZeroDays/AI-Driven-Zero-Click-Exploit-Deployment-Framework,src/exploits/other_exploits/cve_poc/pdf_exploits/examples/README.md,1807dcd7bcea9e381bad9858b3e0f873505f882e,CVE-2011-4216
838423437,ProjectZeroDays/AI-Driven-Zero-Click-Exploit-Deployment-Framework,src/exploits/other_exploits/cve_poc/pdf_exploits/examples/README.md,1807dcd7bcea9e381bad9858b3e0f873505f882e,CVE-2011-4217
838423437,ProjectZeroDays/AI-Driven-Zero-Click-Exploit-Deployment-Framework,src/exploits/other_exploits/cve_poc/pdf_exploits/examples/README.md,1807dcd7bcea9e381bad9858b3e0f873505f882e,CVE-2011-4218
838423437,ProjectZeroDays/AI-Driven-Zero-Click-Exploit-Deployment-Framework,src/exploits/other_exploits/cve_poc/pdf_exploits/examples/README.md,1807dcd7bcea9e381bad9858b3e0f873505f882e,CVE-2011-4219
838423437,ProjectZeroDays/AI-Driven-Zero-Click-Exploit-Deployment-Framework,src/exploits/other_exploits/cve_poc/pdf_exploits/examples/README.md,1807dcd7bcea9e381bad9858b3e0f873505f882e,CVE-2011-4220
838423437,ProjectZeroDays/AI-Driven-Zero-Click-Exploit-Deployment-Framework,src/exploits/other_exploits/cve_poc/pdf_exploits/examples/README.md,1807dcd7bcea9e381bad9858b3e0f873505f882e,CVE-2011-4223
838423437,ProjectZeroDays/AI-Driven-Zero-Click-Exploit-Deployment-Framework,src/exploits/other_exploits/cve_poc/pdf_exploits/examples/README.md,1807dcd7bcea9e381bad9858b3e0f873505f882e,CVE-2012-1530
838423437,ProjectZeroDays/AI-Driven-Zero-Click-Exploit-Deployment-Framework,src/exploits/other_exploits/cve_poc/pdf_exploits/examples/README.md,1807dcd7bcea9e381bad9858b3e0f873505f882e,CVE-2013-2830
838423437,ProjectZeroDays/AI-Driven-Zero-Click-Exploit-Deployment-Framework,src/exploits/other_exploits/cve_poc/pdf_exploits/examples/README.md,1807dcd7bcea9e381bad9858b3e0f873505f882e,CVE-2012-4363
838423437,ProjectZeroDays/AI-Driven-Zero-Click-Exploit-Deployment-Framework,src/exploits/other_exploits/cve_poc/pdf_exploits/examples/README.md,1807dcd7bcea9e381bad9858b3e0f873505f882e,CVE-2012-4896
838423437,ProjectZeroDays/AI-Driven-Zero-Click-Exploit-Deployment-Framework,src/exploits/other_exploits/cve_poc/pdf_exploits/examples/README.md,1807dcd7bcea9e381bad9858b3e0f873505f882e,CVE-2012-5157
838423437,ProjectZeroDays/AI-Driven-Zero-Click-Exploit-Deployment-Framework,src/exploits/other_exploits/cve_poc/pdf_exploits/examples/README.md,1807dcd7bcea9e381bad9858b3e0f873505f882e,CVE-2012-6636
838423437,ProjectZeroDays/AI-Driven-Zero-Click-Exploit-Deployment-Framework,src/exploits/other_exploits/cve_poc/pdf_exploits/examples/README.md,1807dcd7bcea9e381bad9858b3e0f873505f882e,CVE-2013-0113
838423437,ProjectZeroDays/AI-Driven-Zero-Click-Exploit-Deployment-Framework,src/exploits/other_exploits/cve_poc/pdf_exploits/examples/README.md,1807dcd7bcea9e381bad9858b3e0f873505f882e,ZDI-CAN-14696
838423437,ProjectZeroDays/AI-Driven-Zero-Click-Exploit-Deployment-Framework,src/exploits/other_exploits/cve_poc/pdf_exploits/examples/README.md,1807dcd7bcea9e381bad9858b3e0f873505f882e,CVE-2013-0640
838423437,ProjectZeroDays/AI-Driven-Zero-Click-Exploit-Deployment-Framework,src/exploits/other_exploits/cve_poc/pdf_exploits/examples/README.md,1807dcd7bcea9e381bad9858b3e0f873505f882e,CVE-2013-0641
838423437,ProjectZeroDays/AI-Driven-Zero-Click-Exploit-Deployment-Framework,src/exploits/other_exploits/cve_poc/pdf_exploits/examples/README.md,1807dcd7bcea9e381bad9858b3e0f873505f882e,CVE-2013-0729
838423437,ProjectZeroDays/AI-Driven-Zero-Click-Exploit-Deployment-Framework,src/exploits/other_exploits/cve_poc/pdf_exploits/examples/README.md,1807dcd7bcea9e381bad9858b3e0f873505f882e,CVE-2013-1933
838423437,ProjectZeroDays/AI-Driven-Zero-Click-Exploit-Deployment-Framework,src/exploits/other_exploits/cve_poc/pdf_exploits/examples/README.md,1807dcd7bcea9e381bad9858b3e0f873505f882e,CVE-2012-4895
838423437,ProjectZeroDays/AI-Driven-Zero-Click-Exploit-Deployment-Framework,src/exploits/other_exploits/cve_poc/pdf_exploits/examples/README.md,1807dcd7bcea9e381bad9858b3e0f873505f882e,CVE-2009-3603
838423437,ProjectZeroDays/AI-Driven-Zero-Click-Exploit-Deployment-Framework,src/exploits/other_exploits/cve_poc/pdf_exploits/examples/README.md,1807dcd7bcea9e381bad9858b3e0f873505f882e,CVE-2009-3459
838423437,ProjectZeroDays/AI-Driven-Zero-Click-Exploit-Deployment-Framework,src/exploits/other_exploits/cve_poc/pdf_exploits/examples/README.md,1807dcd7bcea9e381bad9858b3e0f873505f882e,CVE-2009-3431
838423437,ProjectZeroDays/AI-Driven-Zero-Click-Exploit-Deployment-Framework,src/exploits/other_exploits/cve_poc/pdf_exploits/examples/README.md,1807dcd7bcea9e381bad9858b3e0f873505f882e,CVE-2007-4701
838423437,ProjectZeroDays/AI-Driven-Zero-Click-Exploit-Deployment-Framework,src/exploits/other_exploits/cve_poc/pdf_exploits/examples/README.md,1807dcd7bcea9e381bad9858b3e0f873505f882e,CVE-2007-5020
838423437,ProjectZeroDays/AI-Driven-Zero-Click-Exploit-Deployment-Framework,src/exploits/other_exploits/cve_poc/pdf_exploits/examples/README.md,1807dcd7bcea9e381bad9858b3e0f873505f882e,CVE-2007-5392
838423437,ProjectZeroDays/AI-Driven-Zero-Click-Exploit-Deployment-Framework,src/exploits/other_exploits/cve_poc/pdf_exploits/examples/README.md,1807dcd7bcea9e381bad9858b3e0f873505f882e,CVE-2007-5393
838423437,ProjectZeroDays/AI-Driven-Zero-Click-Exploit-Deployment-Framework,src/exploits/other_exploits/cve_poc/pdf_exploits/examples/README.md,1807dcd7bcea9e381bad9858b3e0f873505f882e,CVE-2007-5659
838423437,ProjectZeroDays/AI-Driven-Zero-Click-Exploit-Deployment-Framework,src/exploits/other_exploits/cve_poc/pdf_exploits/examples/README.md,1807dcd7bcea9e381bad9858b3e0f873505f882e,CVE-2007-5663
838423437,ProjectZeroDays/AI-Driven-Zero-Click-Exploit-Deployment-Framework,src/exploits/other_exploits/cve_poc/pdf_exploits/examples/README.md,1807dcd7bcea9e381bad9858b3e0f873505f882e,CVE-2007-6358
838423437,ProjectZeroDays/AI-Driven-Zero-Click-Exploit-Deployment-Framework,src/exploits/other_exploits/cve_poc/pdf_exploits/examples/README.md,1807dcd7bcea9e381bad9858b3e0f873505f882e,CVE-2007-6725
838423437,ProjectZeroDays/AI-Driven-Zero-Click-Exploit-Deployment-Framework,src/exploits/other_exploits/cve_poc/pdf_exploits/examples/README.md,1807dcd7bcea9e381bad9858b3e0f873505f882e,CVE-2008-0655
838423437,ProjectZeroDays/AI-Driven-Zero-Click-Exploit-Deployment-Framework,src/exploits/other_exploits/cve_poc/pdf_exploits/examples/README.md,1807dcd7bcea9e381bad9858b3e0f873505f882e,CVE-2007-4352
838423437,ProjectZeroDays/AI-Driven-Zero-Click-Exploit-Deployment-Framework,src/exploits/other_exploits/cve_poc/pdf_exploits/examples/README.md,1807dcd7bcea9e381bad9858b3e0f873505f882e,CVE-2008-0994
838423437,ProjectZeroDays/AI-Driven-Zero-Click-Exploit-Deployment-Framework,src/exploits/other_exploits/cve_poc/pdf_exploits/examples/README.md,1807dcd7bcea9e381bad9858b3e0f873505f882e,CVE-2008-1104
838423437,ProjectZeroDays/AI-Driven-Zero-Click-Exploit-Deployment-Framework,src/exploits/other_exploits/cve_poc/pdf_exploits/examples/README.md,1807dcd7bcea9e381bad9858b3e0f873505f882e,CVE-2008-1374
838423437,ProjectZeroDays/AI-Driven-Zero-Click-Exploit-Deployment-Framework,src/exploits/other_exploits/cve_poc/pdf_exploits/examples/README.md,1807dcd7bcea9e381bad9858b3e0f873505f882e,CVE-2008-1693
838423437,ProjectZeroDays/AI-Driven-Zero-Click-Exploit-Deployment-Framework,src/exploits/other_exploits/cve_poc/pdf_exploits/examples/README.md,1807dcd7bcea9e381bad9858b3e0f873505f882e,CVE-2008-1942
838423437,ProjectZeroDays/AI-Driven-Zero-Click-Exploit-Deployment-Framework,src/exploits/other_exploits/cve_poc/pdf_exploits/examples/README.md,1807dcd7bcea9e381bad9858b3e0f873505f882e,CVE-2008-2042
838423437,ProjectZeroDays/AI-Driven-Zero-Click-Exploit-Deployment-Framework,src/exploits/other_exploits/cve_poc/pdf_exploits/examples/README.md,1807dcd7bcea9e381bad9858b3e0f873505f882e,CVE-2008-2322
838423437,ProjectZeroDays/AI-Driven-Zero-Click-Exploit-Deployment-Framework,src/exploits/other_exploits/cve_poc/pdf_exploits/examples/README.md,1807dcd7bcea9e381bad9858b3e0f873505f882e,CVE-2008-2549
838423437,ProjectZeroDays/AI-Driven-Zero-Click-Exploit-Deployment-Framework,src/exploits/other_exploits/cve_poc/pdf_exploits/examples/README.md,1807dcd7bcea9e381bad9858b3e0f873505f882e,CVE-2008-2950
838423437,ProjectZeroDays/AI-Driven-Zero-Click-Exploit-Deployment-Framework,src/exploits/other_exploits/cve_poc/pdf_exploits/examples/README.md,1807dcd7bcea9e381bad9858b3e0f873505f882e,CVE-2008-2992
838423437,ProjectZeroDays/AI-Driven-Zero-Click-Exploit-Deployment-Framework,src/exploits/other_exploits/cve_poc/pdf_exploits/examples/README.md,1807dcd7bcea9e381bad9858b3e0f873505f882e,CVE-2008-1031
838423437,ProjectZeroDays/AI-Driven-Zero-Click-Exploit-Deployment-Framework,src/exploits/other_exploits/cve_poc/pdf_exploits/examples/README.md,1807dcd7bcea9e381bad9858b3e0f873505f882e,CVE-2008-3246
838423437,ProjectZeroDays/AI-Driven-Zero-Click-Exploit-Deployment-Framework,src/exploits/other_exploits/cve_poc/pdf_exploits/examples/README.md,1807dcd7bcea9e381bad9858b3e0f873505f882e,CVE-2007-3387
838423437,ProjectZeroDays/AI-Driven-Zero-Click-Exploit-Deployment-Framework,src/exploits/other_exploits/cve_poc/pdf_exploits/examples/README.md,1807dcd7bcea9e381bad9858b3e0f873505f882e,CVE-2007-2186
838423437,ProjectZeroDays/AI-Driven-Zero-Click-Exploit-Deployment-Framework,src/exploits/other_exploits/cve_poc/pdf_exploits/examples/README.md,1807dcd7bcea9e381bad9858b3e0f873505f882e,CVE-2002-1569
838423437,ProjectZeroDays/AI-Driven-Zero-Click-Exploit-Deployment-Framework,src/exploits/other_exploits/cve_poc/pdf_exploits/examples/README.md,1807dcd7bcea9e381bad9858b3e0f873505f882e,CVE-2003-0284
838423437,ProjectZeroDays/AI-Driven-Zero-Click-Exploit-Deployment-Framework,src/exploits/other_exploits/cve_poc/pdf_exploits/examples/README.md,1807dcd7bcea9e381bad9858b3e0f873505f882e,CVE-2004-0629
838423437,ProjectZeroDays/AI-Driven-Zero-Click-Exploit-Deployment-Framework,src/exploits/other_exploits/cve_poc/pdf_exploits/examples/README.md,1807dcd7bcea9e381bad9858b3e0f873505f882e,CVE-2004-0888
838423437,ProjectZeroDays/AI-Driven-Zero-Click-Exploit-Deployment-Framework,src/exploits/other_exploits/cve_poc/pdf_exploits/examples/README.md,1807dcd7bcea9e381bad9858b3e0f873505f882e,CVE-2004-1125
838423437,ProjectZeroDays/AI-Driven-Zero-Click-Exploit-Deployment-Framework,src/exploits/other_exploits/cve_poc/pdf_exploits/examples/README.md,1807dcd7bcea9e381bad9858b3e0f873505f882e,CVE-2004-1152
838423437,ProjectZeroDays/AI-Driven-Zero-Click-Exploit-Deployment-Framework,src/exploits/other_exploits/cve_poc/pdf_exploits/examples/README.md,1807dcd7bcea9e381bad9858b3e0f873505f882e,CVE-2004-1598
838423437,ProjectZeroDays/AI-Driven-Zero-Click-Exploit-Deployment-Framework,src/exploits/other_exploits/cve_poc/pdf_exploits/examples/README.md,1807dcd7bcea9e381bad9858b3e0f873505f882e,CVE-2005-0064
838423437,ProjectZeroDays/AI-Driven-Zero-Click-Exploit-Deployment-Framework,src/exploits/other_exploits/cve_poc/pdf_exploits/examples/README.md,1807dcd7bcea9e381bad9858b3e0f873505f882e,CVE-2005-0492
838423437,ProjectZeroDays/AI-Driven-Zero-Click-Exploit-Deployment-Framework,src/exploits/other_exploits/cve_poc/pdf_exploits/examples/README.md,1807dcd7bcea9e381bad9858b3e0f873505f882e,CVE-2007-2405
838423437,ProjectZeroDays/AI-Driven-Zero-Click-Exploit-Deployment-Framework,src/exploits/other_exploits/cve_poc/pdf_exploits/examples/README.md,1807dcd7bcea9e381bad9858b3e0f873505f882e,CVE-2005-2522
838423437,ProjectZeroDays/AI-Driven-Zero-Click-Exploit-Deployment-Framework,src/exploits/other_exploits/cve_poc/pdf_exploits/examples/README.md,1807dcd7bcea9e381bad9858b3e0f873505f882e,CVE-2005-3192
838423437,ProjectZeroDays/AI-Driven-Zero-Click-Exploit-Deployment-Framework,src/exploits/other_exploits/cve_poc/pdf_exploits/examples/README.md,1807dcd7bcea9e381bad9858b3e0f873505f882e,CVE-2005-3193
838423437,ProjectZeroDays/AI-Driven-Zero-Click-Exploit-Deployment-Framework,src/exploits/other_exploits/cve_poc/pdf_exploits/examples/README.md,1807dcd7bcea9e381bad9858b3e0f873505f882e,CVE-2006-5270
838423437,ProjectZeroDays/AI-Driven-Zero-Click-Exploit-Deployment-Framework,src/exploits/other_exploits/cve_poc/pdf_exploits/examples/README.md,1807dcd7bcea9e381bad9858b3e0f873505f882e,CVE-2006-5857
838423437,ProjectZeroDays/AI-Driven-Zero-Click-Exploit-Deployment-Framework,src/exploits/other_exploits/cve_poc/pdf_exploits/examples/README.md,1807dcd7bcea9e381bad9858b3e0f873505f882e,CVE-2007-0102
838423437,ProjectZeroDays/AI-Driven-Zero-Click-Exploit-Deployment-Framework,src/exploits/other_exploits/cve_poc/pdf_exploits/examples/README.md,1807dcd7bcea9e381bad9858b3e0f873505f882e,CVE-2007-0103
838423437,ProjectZeroDays/AI-Driven-Zero-Click-Exploit-Deployment-Framework,src/exploits/other_exploits/cve_poc/pdf_exploits/examples/README.md,1807dcd7bcea9e381bad9858b3e0f873505f882e,CVE-2007-0104
838423437,ProjectZeroDays/AI-Driven-Zero-Click-Exploit-Deployment-Framework,src/exploits/other_exploits/cve_poc/pdf_exploits/examples/README.md,1807dcd7bcea9e381bad9858b3e0f873505f882e,CVE-2007-0750
838423437,ProjectZeroDays/AI-Driven-Zero-Click-Exploit-Deployment-Framework,src/exploits/other_exploits/cve_poc/pdf_exploits/examples/README.md,1807dcd7bcea9e381bad9858b3e0f873505f882e,CVE-2007-2029
838423437,ProjectZeroDays/AI-Driven-Zero-Click-Exploit-Deployment-Framework,src/exploits/other_exploits/cve_poc/pdf_exploits/examples/README.md,1807dcd7bcea9e381bad9858b3e0f873505f882e,CVE-2005-3191
838423437,ProjectZeroDays/AI-Driven-Zero-Click-Exploit-Deployment-Framework,src/exploits/other_exploits/cve_poc/pdf_exploits/examples/README.md,1807dcd7bcea9e381bad9858b3e0f873505f882e,CVE-2008-4236
838423437,ProjectZeroDays/AI-Driven-Zero-Click-Exploit-Deployment-Framework,src/exploits/other_exploits/cve_poc/pdf_exploits/examples/README.md,1807dcd7bcea9e381bad9858b3e0f873505f882e,CVE-2008-4812
838423437,ProjectZeroDays/AI-Driven-Zero-Click-Exploit-Deployment-Framework,src/exploits/other_exploits/cve_poc/pdf_exploits/examples/README.md,1807dcd7bcea9e381bad9858b3e0f873505f882e,CVE-2008-4813
838423437,ProjectZeroDays/AI-Driven-Zero-Click-Exploit-Deployment-Framework,src/exploits/other_exploits/cve_poc/pdf_exploits/examples/README.md,1807dcd7bcea9e381bad9858b3e0f873505f882e,CVE-2009-1061
838423437,ProjectZeroDays/AI-Driven-Zero-Click-Exploit-Deployment-Framework,src/exploits/other_exploits/cve_poc/pdf_exploits/examples/README.md,1807dcd7bcea9e381bad9858b3e0f873505f882e,CVE-2009-1062
838423437,ProjectZeroDays/AI-Driven-Zero-Click-Exploit-Deployment-Framework,src/exploits/other_exploits/cve_poc/pdf_exploits/examples/README.md,1807dcd7bcea9e381bad9858b3e0f873505f882e,CVE-2009-1179
838423437,ProjectZeroDays/AI-Driven-Zero-Click-Exploit-Deployment-Framework,src/exploits/other_exploits/cve_poc/pdf_exploits/examples/README.md,1807dcd7bcea9e381bad9858b3e0f873505f882e,CVE-2009-1180
838423437,ProjectZeroDays/AI-Driven-Zero-Click-Exploit-Deployment-Framework,src/exploits/other_exploits/cve_poc/pdf_exploits/examples/README.md,1807dcd7bcea9e381bad9858b3e0f873505f882e,CVE-2009-1181
838423437,ProjectZeroDays/AI-Driven-Zero-Click-Exploit-Deployment-Framework,src/exploits/other_exploits/cve_poc/pdf_exploits/examples/README.md,1807dcd7bcea9e381bad9858b3e0f873505f882e,CVE-2009-1182
838423437,ProjectZeroDays/AI-Driven-Zero-Click-Exploit-Deployment-Framework,src/exploits/other_exploits/cve_poc/pdf_exploits/examples/README.md,1807dcd7bcea9e381bad9858b3e0f873505f882e,CVE-2009-1183
838423437,ProjectZeroDays/AI-Driven-Zero-Click-Exploit-Deployment-Framework,src/exploits/other_exploits/cve_poc/pdf_exploits/examples/README.md,1807dcd7bcea9e381bad9858b3e0f873505f882e,CVE-2009-1188
838423437,ProjectZeroDays/AI-Driven-Zero-Click-Exploit-Deployment-Framework,src/exploits/other_exploits/cve_poc/pdf_exploits/examples/README.md,1807dcd7bcea9e381bad9858b3e0f873505f882e,CVE-2009-1492
838423437,ProjectZeroDays/AI-Driven-Zero-Click-Exploit-Deployment-Framework,src/exploits/other_exploits/cve_poc/pdf_exploits/examples/README.md,1807dcd7bcea9e381bad9858b3e0f873505f882e,CVE-2009-0928
838423437,ProjectZeroDays/AI-Driven-Zero-Click-Exploit-Deployment-Framework,src/exploits/other_exploits/cve_poc/pdf_exploits/examples/README.md,1807dcd7bcea9e381bad9858b3e0f873505f882e,CVE-2009-1493
838423437,ProjectZeroDays/AI-Driven-Zero-Click-Exploit-Deployment-Framework,src/exploits/other_exploits/cve_poc/pdf_exploits/examples/README.md,1807dcd7bcea9e381bad9858b3e0f873505f882e,CVE-2009-1855
838423437,ProjectZeroDays/AI-Driven-Zero-Click-Exploit-Deployment-Framework,src/exploits/other_exploits/cve_poc/pdf_exploits/examples/README.md,1807dcd7bcea9e381bad9858b3e0f873505f882e,CVE-2009-1856
838423437,ProjectZeroDays/AI-Driven-Zero-Click-Exploit-Deployment-Framework,src/exploits/other_exploits/cve_poc/pdf_exploits/examples/README.md,1807dcd7bcea9e381bad9858b3e0f873505f882e,CVE-2009-1861
838423437,ProjectZeroDays/AI-Driven-Zero-Click-Exploit-Deployment-Framework,src/exploits/other_exploits/cve_poc/pdf_exploits/examples/README.md,1807dcd7bcea9e381bad9858b3e0f873505f882e,CVE-2009-1903
838423437,ProjectZeroDays/AI-Driven-Zero-Click-Exploit-Deployment-Framework,src/exploits/other_exploits/cve_poc/pdf_exploits/examples/README.md,1807dcd7bcea9e381bad9858b3e0f873505f882e,CVE-2009-2643
838423437,ProjectZeroDays/AI-Driven-Zero-Click-Exploit-Deployment-Framework,src/exploits/other_exploits/cve_poc/pdf_exploits/examples/README.md,1807dcd7bcea9e381bad9858b3e0f873505f882e,CVE-2009-2646
838423437,ProjectZeroDays/AI-Driven-Zero-Click-Exploit-Deployment-Framework,src/exploits/other_exploits/cve_poc/pdf_exploits/examples/README.md,1807dcd7bcea9e381bad9858b3e0f873505f882e,CVE-2009-2805
838423437,ProjectZeroDays/AI-Driven-Zero-Click-Exploit-Deployment-Framework,src/exploits/other_exploits/cve_poc/pdf_exploits/examples/README.md,1807dcd7bcea9e381bad9858b3e0f873505f882e,CVE-2009-2826
838423437,ProjectZeroDays/AI-Driven-Zero-Click-Exploit-Deployment-Framework,src/exploits/other_exploits/cve_poc/pdf_exploits/examples/README.md,1807dcd7bcea9e381bad9858b3e0f873505f882e,CVE-2009-2993
838423437,ProjectZeroDays/AI-Driven-Zero-Click-Exploit-Deployment-Framework,src/exploits/other_exploits/cve_poc/pdf_exploits/examples/README.md,1807dcd7bcea9e381bad9858b3e0f873505f882e,CVE-2009-1605
838423437,ProjectZeroDays/AI-Driven-Zero-Click-Exploit-Deployment-Framework,src/exploits/other_exploits/cve_poc/pdf_exploits/examples/README.md,1807dcd7bcea9e381bad9858b3e0f873505f882e,CVE-2009-0836
838423437,ProjectZeroDays/AI-Driven-Zero-Click-Exploit-Deployment-Framework,src/exploits/other_exploits/cve_poc/pdf_exploits/examples/README.md,1807dcd7bcea9e381bad9858b3e0f873505f882e,CVE-2009-0799
838423437,ProjectZeroDays/AI-Driven-Zero-Click-Exploit-Deployment-Framework,src/exploits/other_exploits/cve_poc/pdf_exploits/examples/README.md,1807dcd7bcea9e381bad9858b3e0f873505f882e,CVE-2009-0791
838423437,ProjectZeroDays/AI-Driven-Zero-Click-Exploit-Deployment-Framework,src/exploits/other_exploits/cve_poc/pdf_exploits/examples/README.md,1807dcd7bcea9e381bad9858b3e0f873505f882e,CVE-2008-4817
838423437,ProjectZeroDays/AI-Driven-Zero-Click-Exploit-Deployment-Framework,src/exploits/other_exploits/cve_poc/pdf_exploits/examples/README.md,1807dcd7bcea9e381bad9858b3e0f873505f882e,CVE-2008-5361
838423437,ProjectZeroDays/AI-Driven-Zero-Click-Exploit-Deployment-Framework,src/exploits/other_exploits/cve_poc/pdf_exploits/examples/README.md,1807dcd7bcea9e381bad9858b3e0f873505f882e,CVE-2008-5363
838423437,ProjectZeroDays/AI-Driven-Zero-Click-Exploit-Deployment-Framework,src/exploits/other_exploits/cve_poc/pdf_exploits/examples/README.md,1807dcd7bcea9e381bad9858b3e0f873505f882e,CVE-2008-5409
838423437,ProjectZeroDays/AI-Driven-Zero-Click-Exploit-Deployment-Framework,src/exploits/other_exploits/cve_poc/pdf_exploits/examples/README.md,1807dcd7bcea9e381bad9858b3e0f873505f882e,CVE-2009-0145
838423437,ProjectZeroDays/AI-Driven-Zero-Click-Exploit-Deployment-Framework,src/exploits/other_exploits/cve_poc/pdf_exploits/examples/README.md,1807dcd7bcea9e381bad9858b3e0f873505f882e,CVE-2009-0146
838423437,ProjectZeroDays/AI-Driven-Zero-Click-Exploit-Deployment-Framework,src/exploits/other_exploits/cve_poc/pdf_exploits/examples/README.md,1807dcd7bcea9e381bad9858b3e0f873505f882e,CVE-2009-0147
838423437,ProjectZeroDays/AI-Driven-Zero-Click-Exploit-Deployment-Framework,src/exploits/other_exploits/cve_poc/pdf_exploits/examples/README.md,1807dcd7bcea9e381bad9858b3e0f873505f882e,CVE-2009-0155
838423437,ProjectZeroDays/AI-Driven-Zero-Click-Exploit-Deployment-Framework,src/exploits/other_exploits/cve_poc/pdf_exploits/examples/README.md,1807dcd7bcea9e381bad9858b3e0f873505f882e,CVE-2009-0166
838423437,ProjectZeroDays/AI-Driven-Zero-Click-Exploit-Deployment-Framework,src/exploits/other_exploits/cve_poc/pdf_exploits/examples/README.md,1807dcd7bcea9e381bad9858b3e0f873505f882e,CVE-2009-0176
838423437,ProjectZeroDays/AI-Driven-Zero-Click-Exploit-Deployment-Framework,src/exploits/other_exploits/cve_poc/pdf_exploits/examples/README.md,1807dcd7bcea9e381bad9858b3e0f873505f882e,CVE-2009-0191
838423437,ProjectZeroDays/AI-Driven-Zero-Click-Exploit-Deployment-Framework,src/exploits/other_exploits/cve_poc/pdf_exploits/examples/README.md,1807dcd7bcea9e381bad9858b3e0f873505f882e,CVE-2009-0193
838423437,ProjectZeroDays/AI-Driven-Zero-Click-Exploit-Deployment-Framework,src/exploits/other_exploits/cve_poc/pdf_exploits/examples/README.md,1807dcd7bcea9e381bad9858b3e0f873505f882e,CVE-2009-0195
838423437,ProjectZeroDays/AI-Driven-Zero-Click-Exploit-Deployment-Framework,src/exploits/other_exploits/cve_poc/pdf_exploits/examples/README.md,1807dcd7bcea9e381bad9858b3e0f873505f882e,CVE-2009-0196
838423437,ProjectZeroDays/AI-Driven-Zero-Click-Exploit-Deployment-Framework,src/exploits/other_exploits/cve_poc/pdf_exploits/examples/README.md,1807dcd7bcea9e381bad9858b3e0f873505f882e,CVE-2009-0198
838423437,ProjectZeroDays/AI-Driven-Zero-Click-Exploit-Deployment-Framework,src/exploits/other_exploits/cve_poc/pdf_exploits/examples/README.md,1807dcd7bcea9e381bad9858b3e0f873505f882e,CVE-2009-0219
838423437,ProjectZeroDays/AI-Driven-Zero-Click-Exploit-Deployment-Framework,src/exploits/other_exploits/cve_poc/pdf_exploits/examples/README.md,1807dcd7bcea9e381bad9858b3e0f873505f882e,CVE-2009-0658
838423437,ProjectZeroDays/AI-Driven-Zero-Click-Exploit-Deployment-Framework,src/exploits/other_exploits/cve_poc/pdf_exploits/examples/README.md,1807dcd7bcea9e381bad9858b3e0f873505f882e,CVE-2009-0690
838423437,ProjectZeroDays/AI-Driven-Zero-Click-Exploit-Deployment-Framework,src/exploits/other_exploits/cve_poc/pdf_exploits/examples/README.md,1807dcd7bcea9e381bad9858b3e0f873505f882e,CVE-2009-0691
838423437,ProjectZeroDays/AI-Driven-Zero-Click-Exploit-Deployment-Framework,src/exploits/other_exploits/cve_poc/pdf_exploits/examples/README.md,1807dcd7bcea9e381bad9858b3e0f873505f882e,CVE-2009-0755
838423437,ProjectZeroDays/AI-Driven-Zero-Click-Exploit-Deployment-Framework,src/exploits/other_exploits/cve_poc/pdf_exploits/examples/README.md,1807dcd7bcea9e381bad9858b3e0f873505f882e,CVE-2009-0756
838423437,ProjectZeroDays/AI-Driven-Zero-Click-Exploit-Deployment-Framework,src/exploits/other_exploits/cve_poc/pdf_exploits/examples/README.md,1807dcd7bcea9e381bad9858b3e0f873505f882e,CVE-2014-4481
838423437,ProjectZeroDays/AI-Driven-Zero-Click-Exploit-Deployment-Framework,src/exploits/other_exploits/cve_poc/pdf_exploits/examples/README.md,1807dcd7bcea9e381bad9858b3e0f873505f882e,ZDI-CAN-13273
838423437,ProjectZeroDays/AI-Driven-Zero-Click-Exploit-Deployment-Framework,src/exploits/other_exploits/cve_poc/pdf_exploits/examples/README.md,1807dcd7bcea9e381bad9858b3e0f873505f882e,CVE-2014-4378
838423437,ProjectZeroDays/AI-Driven-Zero-Click-Exploit-Deployment-Framework,src/exploits/other_exploits/cve_poc/pdf_exploits/examples/README.md,1807dcd7bcea9e381bad9858b3e0f873505f882e,CVE-2014-7902
838423437,ProjectZeroDays/AI-Driven-Zero-Click-Exploit-Deployment-Framework,src/exploits/other_exploits/cve_poc/pdf_exploits/examples/README.md,1807dcd7bcea9e381bad9858b3e0f873505f882e,CVE-2021-39832
838423437,ProjectZeroDays/AI-Driven-Zero-Click-Exploit-Deployment-Framework,src/exploits/other_exploits/cve_poc/pdf_exploits/examples/README.md,1807dcd7bcea9e381bad9858b3e0f873505f882e,CVE-2021-39831
838423437,ProjectZeroDays/AI-Driven-Zero-Click-Exploit-Deployment-Framework,src/exploits/other_exploits/cve_poc/pdf_exploits/examples/README.md,1807dcd7bcea9e381bad9858b3e0f873505f882e,CVE-2021-39830
838423437,ProjectZeroDays/AI-Driven-Zero-Click-Exploit-Deployment-Framework,src/exploits/other_exploits/cve_poc/pdf_exploits/examples/README.md,1807dcd7bcea9e381bad9858b3e0f873505f882e,CVE-2021-39829
838423437,ProjectZeroDays/AI-Driven-Zero-Click-Exploit-Deployment-Framework,src/exploits/other_exploits/cve_poc/pdf_exploits/examples/README.md,1807dcd7bcea9e381bad9858b3e0f873505f882e,CVE-2021-38098
838423437,ProjectZeroDays/AI-Driven-Zero-Click-Exploit-Deployment-Framework,src/exploits/other_exploits/cve_poc/pdf_exploits/examples/README.md,1807dcd7bcea9e381bad9858b3e0f873505f882e,CVE-2021-38097
838423437,ProjectZeroDays/AI-Driven-Zero-Click-Exploit-Deployment-Framework,src/exploits/other_exploits/cve_poc/pdf_exploits/examples/README.md,1807dcd7bcea9e381bad9858b3e0f873505f882e,CVE-2021-38096
838423437,ProjectZeroDays/AI-Driven-Zero-Click-Exploit-Deployment-Framework,src/exploits/other_exploits/cve_poc/pdf_exploits/examples/README.md,1807dcd7bcea9e381bad9858b3e0f873505f882e,CVE-2021-3508
838423437,ProjectZeroDays/AI-Driven-Zero-Click-Exploit-Deployment-Framework,src/exploits/other_exploits/cve_poc/pdf_exploits/examples/README.md,1807dcd7bcea9e381bad9858b3e0f873505f882e,CVE-2021-34873
838423437,ProjectZeroDays/AI-Driven-Zero-Click-Exploit-Deployment-Framework,src/exploits/other_exploits/cve_poc/pdf_exploits/examples/README.md,1807dcd7bcea9e381bad9858b3e0f873505f882e,CVE-2021-34280
838423437,ProjectZeroDays/AI-Driven-Zero-Click-Exploit-Deployment-Framework,src/exploits/other_exploits/cve_poc/pdf_exploits/examples/README.md,1807dcd7bcea9e381bad9858b3e0f873505f882e,CVE-2021-31812
838423437,ProjectZeroDays/AI-Driven-Zero-Click-Exploit-Deployment-Framework,src/exploits/other_exploits/cve_poc/pdf_exploits/examples/README.md,1807dcd7bcea9e381bad9858b3e0f873505f882e,CVE-2021-31811
838423437,ProjectZeroDays/AI-Driven-Zero-Click-Exploit-Deployment-Framework,src/exploits/other_exploits/cve_poc/pdf_exploits/examples/README.md,1807dcd7bcea9e381bad9858b3e0f873505f882e,CVE-2021-31472
838423437,ProjectZeroDays/AI-Driven-Zero-Click-Exploit-Deployment-Framework,src/exploits/other_exploits/cve_poc/pdf_exploits/examples/README.md,1807dcd7bcea9e381bad9858b3e0f873505f882e,CVE-2016-5151
838423437,ProjectZeroDays/AI-Driven-Zero-Click-Exploit-Deployment-Framework,src/exploits/other_exploits/cve_poc/pdf_exploits/examples/README.md,1807dcd7bcea9e381bad9858b3e0f873505f882e,CVE-2021-31471
838423437,ProjectZeroDays/AI-Driven-Zero-Click-Exploit-Deployment-Framework,src/exploits/other_exploits/cve_poc/pdf_exploits/examples/README.md,1807dcd7bcea9e381bad9858b3e0f873505f882e,CVE-2016-5183
838423437,ProjectZeroDays/AI-Driven-Zero-Click-Exploit-Deployment-Framework,src/exploits/other_exploits/cve_poc/pdf_exploits/examples/README.md,1807dcd7bcea9e381bad9858b3e0f873505f882e,CVE-2016-5184
838423437,ProjectZeroDays/AI-Driven-Zero-Click-Exploit-Deployment-Framework,src/exploits/other_exploits/cve_poc/pdf_exploits/examples/README.md,1807dcd7bcea9e381bad9858b3e0f873505f882e,CVE-2016-5186
838423437,ProjectZeroDays/AI-Driven-Zero-Click-Exploit-Deployment-Framework,src/exploits/other_exploits/cve_poc/pdf_exploits/examples/README.md,1807dcd7bcea9e381bad9858b3e0f873505f882e,CVE-2021-31470
838423437,ProjectZeroDays/AI-Driven-Zero-Click-Exploit-Deployment-Framework,src/exploits/other_exploits/cve_poc/pdf_exploits/examples/README.md,1807dcd7bcea9e381bad9858b3e0f873505f882e,CVE-2016-4062
838423437,ProjectZeroDays/AI-Driven-Zero-Click-Exploit-Deployment-Framework,src/exploits/other_exploits/cve_poc/pdf_exploits/examples/README.md,1807dcd7bcea9e381bad9858b3e0f873505f882e,CVE-2021-39835
838423437,ProjectZeroDays/AI-Driven-Zero-Click-Exploit-Deployment-Framework,src/exploits/other_exploits/cve_poc/pdf_exploits/examples/README.md,1807dcd7bcea9e381bad9858b3e0f873505f882e,CVE-2021-39845
838423437,ProjectZeroDays/AI-Driven-Zero-Click-Exploit-Deployment-Framework,src/exploits/other_exploits/cve_poc/pdf_exploits/examples/README.md,1807dcd7bcea9e381bad9858b3e0f873505f882e,CVE-2021-39846
838423437,ProjectZeroDays/AI-Driven-Zero-Click-Exploit-Deployment-Framework,src/exploits/other_exploits/cve_poc/pdf_exploits/examples/README.md,1807dcd7bcea9e381bad9858b3e0f873505f882e,CVE-2022-24960
838423437,ProjectZeroDays/AI-Driven-Zero-Click-Exploit-Deployment-Framework,src/exploits/other_exploits/cve_poc/pdf_exploits/examples/README.md,1807dcd7bcea9e381bad9858b3e0f873505f882e,CVE-2014-7900
838423437,ProjectZeroDays/AI-Driven-Zero-Click-Exploit-Deployment-Framework,src/exploits/other_exploits/cve_poc/pdf_exploits/examples/README.md,1807dcd7bcea9e381bad9858b3e0f873505f882e,CVE-2022-24197
838423437,ProjectZeroDays/AI-Driven-Zero-Click-Exploit-Deployment-Framework,src/exploits/other_exploits/cve_poc/pdf_exploits/examples/README.md,1807dcd7bcea9e381bad9858b3e0f873505f882e,CVE-2022-24196
838423437,ProjectZeroDays/AI-Driven-Zero-Click-Exploit-Deployment-Framework,src/exploits/other_exploits/cve_poc/pdf_exploits/examples/README.md,1807dcd7bcea9e381bad9858b3e0f873505f882e,CVE-2022-22633
838423437,ProjectZeroDays/AI-Driven-Zero-Click-Exploit-Deployment-Framework,src/exploits/other_exploits/cve_poc/pdf_exploits/examples/README.md,1807dcd7bcea9e381bad9858b3e0f873505f882e,CVE-2022-22150
838423437,ProjectZeroDays/AI-Driven-Zero-Click-Exploit-Deployment-Framework,src/exploits/other_exploits/cve_poc/pdf_exploits/examples/README.md,1807dcd7bcea9e381bad9858b3e0f873505f882e,CVE-2016-2175
838423437,ProjectZeroDays/AI-Driven-Zero-Click-Exploit-Deployment-Framework,src/exploits/other_exploits/cve_poc/pdf_exploits/examples/README.md,1807dcd7bcea9e381bad9858b3e0f873505f882e,CVE-2021-46619
838423437,ProjectZeroDays/AI-Driven-Zero-Click-Exploit-Deployment-Framework,src/exploits/other_exploits/cve_poc/pdf_exploits/examples/README.md,1807dcd7bcea9e381bad9858b3e0f873505f882e,CVE-2021-46612
838423437,ProjectZeroDays/AI-Driven-Zero-Click-Exploit-Deployment-Framework,src/exploits/other_exploits/cve_poc/pdf_exploits/examples/README.md,1807dcd7bcea9e381bad9858b3e0f873505f882e,CVE-2021-31469
838423437,ProjectZeroDays/AI-Driven-Zero-Click-Exploit-Deployment-Framework,src/exploits/other_exploits/cve_poc/pdf_exploits/examples/README.md,1807dcd7bcea9e381bad9858b3e0f873505f882e,CVE-2021-44714
838423437,ProjectZeroDays/AI-Driven-Zero-Click-Exploit-Deployment-Framework,src/exploits/other_exploits/cve_poc/pdf_exploits/examples/README.md,1807dcd7bcea9e381bad9858b3e0f873505f882e,CVE-2016-3201
838423437,ProjectZeroDays/AI-Driven-Zero-Click-Exploit-Deployment-Framework,src/exploits/other_exploits/cve_poc/pdf_exploits/examples/README.md,1807dcd7bcea9e381bad9858b3e0f873505f882e,CVE-2016-3203
838423437,ProjectZeroDays/AI-Driven-Zero-Click-Exploit-Deployment-Framework,src/exploits/other_exploits/cve_poc/pdf_exploits/examples/README.md,1807dcd7bcea9e381bad9858b3e0f873505f882e,CVE-2016-3215
838423437,ProjectZeroDays/AI-Driven-Zero-Click-Exploit-Deployment-Framework,src/exploits/other_exploits/cve_poc/pdf_exploits/examples/README.md,1807dcd7bcea9e381bad9858b3e0f873505f882e,CVE-2021-44001
838423437,ProjectZeroDays/AI-Driven-Zero-Click-Exploit-Deployment-Framework,src/exploits/other_exploits/cve_poc/pdf_exploits/examples/README.md,1807dcd7bcea9e381bad9858b3e0f873505f882e,CVE-2021-40729
838423437,ProjectZeroDays/AI-Driven-Zero-Click-Exploit-Deployment-Framework,src/exploits/other_exploits/cve_poc/pdf_exploits/examples/README.md,1807dcd7bcea9e381bad9858b3e0f873505f882e,CVE-2021-40420
838423437,ProjectZeroDays/AI-Driven-Zero-Click-Exploit-Deployment-Framework,src/exploits/other_exploits/cve_poc/pdf_exploits/examples/README.md,1807dcd7bcea9e381bad9858b3e0f873505f882e,CVE-2021-40160
838423437,ProjectZeroDays/AI-Driven-Zero-Click-Exploit-Deployment-Framework,src/exploits/other_exploits/cve_poc/pdf_exploits/examples/README.md,1807dcd7bcea9e381bad9858b3e0f873505f882e,CVE-2016-3319
838423437,ProjectZeroDays/AI-Driven-Zero-Click-Exploit-Deployment-Framework,src/exploits/other_exploits/cve_poc/pdf_exploits/examples/README.md,1807dcd7bcea9e381bad9858b3e0f873505f882e,CVE-2021-39863
838423437,ProjectZeroDays/AI-Driven-Zero-Click-Exploit-Deployment-Framework,src/exploits/other_exploits/cve_poc/pdf_exploits/examples/README.md,1807dcd7bcea9e381bad9858b3e0f873505f882e,CVE-2021-44228
838423437,ProjectZeroDays/AI-Driven-Zero-Click-Exploit-Deployment-Framework,src/exploits/other_exploits/cve_poc/pdf_exploits/examples/README.md,1807dcd7bcea9e381bad9858b3e0f873505f882e,CVE-2021-31468
838423437,ProjectZeroDays/AI-Driven-Zero-Click-Exploit-Deployment-Framework,src/exploits/other_exploits/cve_poc/pdf_exploits/examples/README.md,1807dcd7bcea9e381bad9858b3e0f873505f882e,CVE-2016-5203
838423437,ProjectZeroDays/AI-Driven-Zero-Click-Exploit-Deployment-Framework,src/exploits/other_exploits/cve_poc/pdf_exploits/examples/README.md,1807dcd7bcea9e381bad9858b3e0f873505f882e,CVE-2021-31467
838423437,ProjectZeroDays/AI-Driven-Zero-Click-Exploit-Deployment-Framework,src/exploits/other_exploits/cve_poc/pdf_exploits/examples/README.md,1807dcd7bcea9e381bad9858b3e0f873505f882e,CVE-2021-30469
838423437,ProjectZeroDays/AI-Driven-Zero-Click-Exploit-Deployment-Framework,src/exploits/other_exploits/cve_poc/pdf_exploits/examples/README.md,1807dcd7bcea9e381bad9858b3e0f873505f882e,CVE-2021-30354
838423437,ProjectZeroDays/AI-Driven-Zero-Click-Exploit-Deployment-Framework,src/exploits/other_exploits/cve_poc/pdf_exploits/examples/README.md,1807dcd7bcea9e381bad9858b3e0f873505f882e,CVE-2021-27906
838423437,ProjectZeroDays/AI-Driven-Zero-Click-Exploit-Deployment-Framework,src/exploits/other_exploits/cve_poc/pdf_exploits/examples/README.md,1807dcd7bcea9e381bad9858b3e0f873505f882e,CVE-2021-27807
838423437,ProjectZeroDays/AI-Driven-Zero-Click-Exploit-Deployment-Framework,src/exploits/other_exploits/cve_poc/pdf_exploits/examples/README.md,1807dcd7bcea9e381bad9858b3e0f873505f882e,CVE-2021-27550
838423437,ProjectZeroDays/AI-Driven-Zero-Click-Exploit-Deployment-Framework,src/exploits/other_exploits/cve_poc/pdf_exploits/examples/README.md,1807dcd7bcea9e381bad9858b3e0f873505f882e,CVE-2021-27271
838423437,ProjectZeroDays/AI-Driven-Zero-Click-Exploit-Deployment-Framework,src/exploits/other_exploits/cve_poc/pdf_exploits/examples/README.md,1807dcd7bcea9e381bad9858b3e0f873505f882e,CVE-2021-27269
838423437,ProjectZeroDays/AI-Driven-Zero-Click-Exploit-Deployment-Framework,src/exploits/other_exploits/cve_poc/pdf_exploits/examples/README.md,1807dcd7bcea9e381bad9858b3e0f873505f882e,CVE-2021-27268
838423437,ProjectZeroDays/AI-Driven-Zero-Click-Exploit-Deployment-Framework,src/exploits/other_exploits/cve_poc/pdf_exploits/examples/README.md,1807dcd7bcea9e381bad9858b3e0f873505f882e,CVE-2021-27267
838423437,ProjectZeroDays/AI-Driven-Zero-Click-Exploit-Deployment-Framework,src/exploits/other_exploits/cve_poc/pdf_exploits/examples/README.md,1807dcd7bcea9e381bad9858b3e0f873505f882e,CVE-2021-30786
838423437,ProjectZeroDays/AI-Driven-Zero-Click-Exploit-Deployment-Framework,src/exploits/other_exploits/cve_poc/pdf_exploits/examples/README.md,1807dcd7bcea9e381bad9858b3e0f873505f882e,CVE-2021-27266
838423437,ProjectZeroDays/AI-Driven-Zero-Click-Exploit-Deployment-Framework,src/exploits/other_exploits/cve_poc/pdf_exploits/examples/README.md,1807dcd7bcea9e381bad9858b3e0f873505f882e,CVE-2021-27264
838423437,ProjectZeroDays/AI-Driven-Zero-Click-Exploit-Deployment-Framework,src/exploits/other_exploits/cve_poc/pdf_exploits/examples/README.md,1807dcd7bcea9e381bad9858b3e0f873505f882e,CVE-2021-27263
838423437,ProjectZeroDays/AI-Driven-Zero-Click-Exploit-Deployment-Framework,src/exploits/other_exploits/cve_poc/pdf_exploits/examples/README.md,1807dcd7bcea9e381bad9858b3e0f873505f882e,CVE-2021-27262
838423437,ProjectZeroDays/AI-Driven-Zero-Click-Exploit-Deployment-Framework,src/exploits/other_exploits/cve_poc/pdf_exploits/examples/README.md,1807dcd7bcea9e381bad9858b3e0f873505f882e,CVE-2021-27261
838423437,ProjectZeroDays/AI-Driven-Zero-Click-Exploit-Deployment-Framework,src/exploits/other_exploits/cve_poc/pdf_exploits/examples/README.md,1807dcd7bcea9e381bad9858b3e0f873505f882e,CVE-2021-27038
838423437,ProjectZeroDays/AI-Driven-Zero-Click-Exploit-Deployment-Framework,src/exploits/other_exploits/cve_poc/pdf_exploits/examples/README.md,1807dcd7bcea9e381bad9858b3e0f873505f882e,CVE-2021-25292
838423437,ProjectZeroDays/AI-Driven-Zero-Click-Exploit-Deployment-Framework,src/exploits/other_exploits/cve_poc/pdf_exploits/examples/README.md,1807dcd7bcea9e381bad9858b3e0f873505f882e,CVE-2021-23953
838423437,ProjectZeroDays/AI-Driven-Zero-Click-Exploit-Deployment-Framework,src/exploits/other_exploits/cve_poc/pdf_exploits/examples/README.md,1807dcd7bcea9e381bad9858b3e0f873505f882e,CVE-2021-21893
838423437,ProjectZeroDays/AI-Driven-Zero-Click-Exploit-Deployment-Framework,src/exploits/other_exploits/cve_poc/pdf_exploits/examples/README.md,1807dcd7bcea9e381bad9858b3e0f873505f882e,CVE-2016-8333
838423437,ProjectZeroDays/AI-Driven-Zero-Click-Exploit-Deployment-Framework,src/exploits/other_exploits/cve_poc/pdf_exploits/examples/README.md,1807dcd7bcea9e381bad9858b3e0f873505f882e,CVE-2021-27265
838423437,ProjectZeroDays/AI-Driven-Zero-Click-Exploit-Deployment-Framework,src/exploits/other_exploits/cve_poc/pdf_exploits/examples/README.md,1807dcd7bcea9e381bad9858b3e0f873505f882e,CVE-2016-1740
838423437,ProjectZeroDays/AI-Driven-Zero-Click-Exploit-Deployment-Framework,src/exploits/other_exploits/cve_poc/pdf_exploits/examples/README.md,1807dcd7bcea9e381bad9858b3e0f873505f882e,CVE-2021-30860
838423437,ProjectZeroDays/AI-Driven-Zero-Click-Exploit-Deployment-Framework,src/exploits/other_exploits/cve_poc/pdf_exploits/examples/README.md,1807dcd7bcea9e381bad9858b3e0f873505f882e,CVE-2021-31442
838423437,ProjectZeroDays/AI-Driven-Zero-Click-Exploit-Deployment-Framework,src/exploits/other_exploits/cve_poc/pdf_exploits/examples/README.md,1807dcd7bcea9e381bad9858b3e0f873505f882e,CVE-2021-31466
838423437,ProjectZeroDays/AI-Driven-Zero-Click-Exploit-Deployment-Framework,src/exploits/other_exploits/cve_poc/pdf_exploits/examples/README.md,1807dcd7bcea9e381bad9858b3e0f873505f882e,CVE-2021-31465
838423437,ProjectZeroDays/AI-Driven-Zero-Click-Exploit-Deployment-Framework,src/exploits/other_exploits/cve_poc/pdf_exploits/examples/README.md,1807dcd7bcea9e381bad9858b3e0f873505f882e,CVE-2016-5210
838423437,ProjectZeroDays/AI-Driven-Zero-Click-Exploit-Deployment-Framework,src/exploits/other_exploits/cve_poc/pdf_exploits/examples/README.md,1807dcd7bcea9e381bad9858b3e0f873505f882e,CVE-2016-5211
838423437,ProjectZeroDays/AI-Driven-Zero-Click-Exploit-Deployment-Framework,src/exploits/other_exploits/cve_poc/pdf_exploits/examples/README.md,1807dcd7bcea9e381bad9858b3e0f873505f882e,CVE-2016-5216
838423437,ProjectZeroDays/AI-Driven-Zero-Click-Exploit-Deployment-Framework,src/exploits/other_exploits/cve_poc/pdf_exploits/examples/README.md,1807dcd7bcea9e381bad9858b3e0f873505f882e,CVE-2016-5220
838423437,ProjectZeroDays/AI-Driven-Zero-Click-Exploit-Deployment-Framework,src/exploits/other_exploits/cve_poc/pdf_exploits/examples/README.md,1807dcd7bcea9e381bad9858b3e0f873505f882e,CVE-2016-5223
838423437,ProjectZeroDays/AI-Driven-Zero-Click-Exploit-Deployment-Framework,src/exploits/other_exploits/cve_poc/pdf_exploits/examples/README.md,1807dcd7bcea9e381bad9858b3e0f873505f882e,CVE-2021-31464
838423437,ProjectZeroDays/AI-Driven-Zero-Click-Exploit-Deployment-Framework,src/exploits/other_exploits/cve_poc/pdf_exploits/examples/README.md,1807dcd7bcea9e381bad9858b3e0f873505f882e,CVE-2021-31463
838423437,ProjectZeroDays/AI-Driven-Zero-Click-Exploit-Deployment-Framework,src/exploits/other_exploits/cve_poc/pdf_exploits/examples/README.md,1807dcd7bcea9e381bad9858b3e0f873505f882e,CVE-2021-30919
838423437,ProjectZeroDays/AI-Driven-Zero-Click-Exploit-Deployment-Framework,src/exploits/other_exploits/cve_poc/pdf_exploits/examples/README.md,1807dcd7bcea9e381bad9858b3e0f873505f882e,CVE-2021-31462
838423437,ProjectZeroDays/AI-Driven-Zero-Click-Exploit-Deployment-Framework,src/exploits/other_exploits/cve_poc/pdf_exploits/examples/README.md,1807dcd7bcea9e381bad9858b3e0f873505f882e,CVE-2016-6168
838423437,ProjectZeroDays/AI-Driven-Zero-Click-Exploit-Deployment-Framework,src/exploits/other_exploits/cve_poc/pdf_exploits/examples/README.md,1807dcd7bcea9e381bad9858b3e0f873505f882e,CVE-2016-6169
838423437,ProjectZeroDays/AI-Driven-Zero-Click-Exploit-Deployment-Framework,src/exploits/other_exploits/cve_poc/pdf_exploits/examples/README.md,1807dcd7bcea9e381bad9858b3e0f873505f882e,CVE-2021-31448
838423437,ProjectZeroDays/AI-Driven-Zero-Click-Exploit-Deployment-Framework,src/exploits/other_exploits/cve_poc/pdf_exploits/examples/README.md,1807dcd7bcea9e381bad9858b3e0f873505f882e,CVE-2016-6265
838423437,ProjectZeroDays/AI-Driven-Zero-Click-Exploit-Deployment-Framework,src/exploits/other_exploits/cve_poc/pdf_exploits/examples/README.md,1807dcd7bcea9e381bad9858b3e0f873505f882e,CVE-2021-31447
838423437,ProjectZeroDays/AI-Driven-Zero-Click-Exploit-Deployment-Framework,src/exploits/other_exploits/cve_poc/pdf_exploits/examples/README.md,1807dcd7bcea9e381bad9858b3e0f873505f882e,CVE-2021-31446
838423437,ProjectZeroDays/AI-Driven-Zero-Click-Exploit-Deployment-Framework,src/exploits/other_exploits/cve_poc/pdf_exploits/examples/README.md,1807dcd7bcea9e381bad9858b3e0f873505f882e,CVE-2021-31445
838423437,ProjectZeroDays/AI-Driven-Zero-Click-Exploit-Deployment-Framework,src/exploits/other_exploits/cve_poc/pdf_exploits/examples/README.md,1807dcd7bcea9e381bad9858b3e0f873505f882e,CVE-2021-31444
838423437,ProjectZeroDays/AI-Driven-Zero-Click-Exploit-Deployment-Framework,src/exploits/other_exploits/cve_poc/pdf_exploits/examples/README.md,1807dcd7bcea9e381bad9858b3e0f873505f882e,CVE-2021-31443
838423437,ProjectZeroDays/AI-Driven-Zero-Click-Exploit-Deployment-Framework,src/exploits/other_exploits/cve_poc/pdf_exploits/examples/README.md,1807dcd7bcea9e381bad9858b3e0f873505f882e,CVE-2021-31449
838423437,ProjectZeroDays/AI-Driven-Zero-Click-Exploit-Deployment-Framework,src/exploits/other_exploits/cve_poc/pdf_exploits/examples/README.md,1807dcd7bcea9e381bad9858b3e0f873505f882e,CVE-2022-25795
838423437,ProjectZeroDays/AI-Driven-Zero-Click-Exploit-Deployment-Framework,src/exploits/other_exploits/cve_poc/pdf_exploits/examples/README.md,1807dcd7bcea9e381bad9858b3e0f873505f882e,CVE-2022-24198
838423437,ProjectZeroDays/AI-Driven-Zero-Click-Exploit-Deployment-Framework,src/exploits/other_exploits/cve_poc/pdf_exploits/examples/README.md,1807dcd7bcea9e381bad9858b3e0f873505f882e,CVE-2022-27337
838423437,ProjectZeroDays/AI-Driven-Zero-Click-Exploit-Deployment-Framework,src/exploits/other_exploits/cve_poc/pdf_exploits/examples/README.md,1807dcd7bcea9e381bad9858b3e0f873505f882e,ZDI-CAN-12390
838423437,ProjectZeroDays/AI-Driven-Zero-Click-Exploit-Deployment-Framework,src/exploits/other_exploits/cve_poc/pdf_exploits/examples/README.md,1807dcd7bcea9e381bad9858b3e0f873505f882e,CVE-2015-3632
838423437,ProjectZeroDays/AI-Driven-Zero-Click-Exploit-Deployment-Framework,src/exploits/other_exploits/cve_poc/pdf_exploits/examples/README.md,1807dcd7bcea9e381bad9858b3e0f873505f882e,CVE-2015-3660
838423437,ProjectZeroDays/AI-Driven-Zero-Click-Exploit-Deployment-Framework,src/exploits/other_exploits/cve_poc/pdf_exploits/examples/README.md,1807dcd7bcea9e381bad9858b3e0f873505f882e,ZDI-CAN-12295
838423437,ProjectZeroDays/AI-Driven-Zero-Click-Exploit-Deployment-Framework,src/exploits/other_exploits/cve_poc/pdf_exploits/examples/README.md,1807dcd7bcea9e381bad9858b3e0f873505f882e,ZDI-CAN-12294
838423437,ProjectZeroDays/AI-Driven-Zero-Click-Exploit-Deployment-Framework,src/exploits/other_exploits/cve_poc/pdf_exploits/examples/README.md,1807dcd7bcea9e381bad9858b3e0f873505f882e,ZDI-CAN-12293
838423437,ProjectZeroDays/AI-Driven-Zero-Click-Exploit-Deployment-Framework,src/exploits/other_exploits/cve_poc/pdf_exploits/examples/README.md,1807dcd7bcea9e381bad9858b3e0f873505f882e,ZDI-CAN-12292
838423437,ProjectZeroDays/AI-Driven-Zero-Click-Exploit-Deployment-Framework,src/exploits/other_exploits/cve_poc/pdf_exploits/examples/README.md,1807dcd7bcea9e381bad9858b3e0f873505f882e,ZDI-CAN-12291
838423437,ProjectZeroDays/AI-Driven-Zero-Click-Exploit-Deployment-Framework,src/exploits/other_exploits/cve_poc/pdf_exploits/examples/README.md,1807dcd7bcea9e381bad9858b3e0f873505f882e,ZDI-CAN-12290
838423437,ProjectZeroDays/AI-Driven-Zero-Click-Exploit-Deployment-Framework,src/exploits/other_exploits/cve_poc/pdf_exploits/examples/README.md,1807dcd7bcea9e381bad9858b3e0f873505f882e,CVE-2015-6758
838423437,ProjectZeroDays/AI-Driven-Zero-Click-Exploit-Deployment-Framework,src/exploits/other_exploits/cve_poc/pdf_exploits/examples/README.md,1807dcd7bcea9e381bad9858b3e0f873505f882e,ZDI-CAN-12270
838423437,ProjectZeroDays/AI-Driven-Zero-Click-Exploit-Deployment-Framework,src/exploits/other_exploits/cve_poc/pdf_exploits/examples/README.md,1807dcd7bcea9e381bad9858b3e0f873505f882e,ZDI-CAN-12269
838423437,ProjectZeroDays/AI-Driven-Zero-Click-Exploit-Deployment-Framework,src/exploits/other_exploits/cve_poc/pdf_exploits/examples/README.md,1807dcd7bcea9e381bad9858b3e0f873505f882e,ZDI-CAN-11226
838423437,ProjectZeroDays/AI-Driven-Zero-Click-Exploit-Deployment-Framework,src/exploits/other_exploits/cve_poc/pdf_exploits/examples/README.md,1807dcd7bcea9e381bad9858b3e0f873505f882e,ZDI-CAN-11224
838423437,ProjectZeroDays/AI-Driven-Zero-Click-Exploit-Deployment-Framework,src/exploits/other_exploits/cve_poc/pdf_exploits/examples/README.md,1807dcd7bcea9e381bad9858b3e0f873505f882e,ZDI-CAN-11190
838423437,ProjectZeroDays/AI-Driven-Zero-Click-Exploit-Deployment-Framework,src/exploits/other_exploits/cve_poc/pdf_exploits/examples/README.md,1807dcd7bcea9e381bad9858b3e0f873505f882e,CVE-2015-6779
838423437,ProjectZeroDays/AI-Driven-Zero-Click-Exploit-Deployment-Framework,src/exploits/other_exploits/cve_poc/pdf_exploits/examples/README.md,1807dcd7bcea9e381bad9858b3e0f873505f882e,ZDI-CAN-10464
838423437,ProjectZeroDays/AI-Driven-Zero-Click-Exploit-Deployment-Framework,src/exploits/other_exploits/cve_poc/pdf_exploits/examples/README.md,1807dcd7bcea9e381bad9858b3e0f873505f882e,CVE-2022-27135
838423437,ProjectZeroDays/AI-Driven-Zero-Click-Exploit-Deployment-Framework,src/exploits/other_exploits/cve_poc/pdf_exploits/examples/README.md,1807dcd7bcea9e381bad9858b3e0f873505f882e,ZDI-CAN-10461
838423437,ProjectZeroDays/AI-Driven-Zero-Click-Exploit-Deployment-Framework,src/exploits/other_exploits/cve_poc/pdf_exploits/examples/README.md,1807dcd7bcea9e381bad9858b3e0f873505f882e,CVE-2015-2942
838423437,ProjectZeroDays/AI-Driven-Zero-Click-Exploit-Deployment-Framework,src/exploits/other_exploits/cve_poc/pdf_exploits/examples/README.md,1807dcd7bcea9e381bad9858b3e0f873505f882e,ZDI-CAN-10195
838423437,ProjectZeroDays/AI-Driven-Zero-Click-Exploit-Deployment-Framework,src/exploits/other_exploits/cve_poc/pdf_exploits/examples/README.md,1807dcd7bcea9e381bad9858b3e0f873505f882e,ZDI-CAN-12438
838423437,ProjectZeroDays/AI-Driven-Zero-Click-Exploit-Deployment-Framework,src/exploits/other_exploits/cve_poc/pdf_exploits/examples/README.md,1807dcd7bcea9e381bad9858b3e0f873505f882e,ZDI-CAN-12947
838423437,ProjectZeroDays/AI-Driven-Zero-Click-Exploit-Deployment-Framework,src/exploits/other_exploits/cve_poc/pdf_exploits/examples/README.md,1807dcd7bcea9e381bad9858b3e0f873505f882e,ZDI-CAN-13269
838423437,ProjectZeroDays/AI-Driven-Zero-Click-Exploit-Deployment-Framework,src/exploits/other_exploits/cve_poc/pdf_exploits/examples/README.md,1807dcd7bcea9e381bad9858b3e0f873505f882e,ZDI-CAN-13245
838423437,ProjectZeroDays/AI-Driven-Zero-Click-Exploit-Deployment-Framework,src/exploits/other_exploits/cve_poc/pdf_exploits/examples/README.md,1807dcd7bcea9e381bad9858b3e0f873505f882e,CVE-2014-7944
838423437,ProjectZeroDays/AI-Driven-Zero-Click-Exploit-Deployment-Framework,src/exploits/other_exploits/cve_poc/pdf_exploits/examples/README.md,1807dcd7bcea9e381bad9858b3e0f873505f882e,CVE-2014-7945
838423437,ProjectZeroDays/AI-Driven-Zero-Click-Exploit-Deployment-Framework,src/exploits/other_exploits/cve_poc/pdf_exploits/examples/README.md,1807dcd7bcea9e381bad9858b3e0f873505f882e,CVE-2014-7947
838423437,ProjectZeroDays/AI-Driven-Zero-Click-Exploit-Deployment-Framework,src/exploits/other_exploits/cve_poc/pdf_exploits/examples/README.md,1807dcd7bcea9e381bad9858b3e0f873505f882e,CVE-2014-8816
838423437,ProjectZeroDays/AI-Driven-Zero-Click-Exploit-Deployment-Framework,src/exploits/other_exploits/cve_poc/pdf_exploits/examples/README.md,1807dcd7bcea9e381bad9858b3e0f873505f882e,CVE-2014-9161
838423437,ProjectZeroDays/AI-Driven-Zero-Click-Exploit-Deployment-Framework,src/exploits/other_exploits/cve_poc/pdf_exploits/examples/README.md,1807dcd7bcea9e381bad9858b3e0f873505f882e,CVE-2014-9647
838423437,ProjectZeroDays/AI-Driven-Zero-Click-Exploit-Deployment-Framework,src/exploits/other_exploits/cve_poc/pdf_exploits/examples/README.md,1807dcd7bcea9e381bad9858b3e0f873505f882e,ZDI-CAN-13244
838423437,ProjectZeroDays/AI-Driven-Zero-Click-Exploit-Deployment-Framework,src/exploits/other_exploits/cve_poc/pdf_exploits/examples/README.md,1807dcd7bcea9e381bad9858b3e0f873505f882e,ZDI-CAN-13241
838423437,ProjectZeroDays/AI-Driven-Zero-Click-Exploit-Deployment-Framework,src/exploits/other_exploits/cve_poc/pdf_exploits/examples/README.md,1807dcd7bcea9e381bad9858b3e0f873505f882e,ZDI-CAN-13240
838423437,ProjectZeroDays/AI-Driven-Zero-Click-Exploit-Deployment-Framework,src/exploits/other_exploits/cve_poc/pdf_exploits/examples/README.md,1807dcd7bcea9e381bad9858b3e0f873505f882e,CVE-2015-1205
838423437,ProjectZeroDays/AI-Driven-Zero-Click-Exploit-Deployment-Framework,src/exploits/other_exploits/cve_poc/pdf_exploits/examples/README.md,1807dcd7bcea9e381bad9858b3e0f873505f882e,ZDI-CAN-13239
838423437,ProjectZeroDays/AI-Driven-Zero-Click-Exploit-Deployment-Framework,src/exploits/other_exploits/cve_poc/pdf_exploits/examples/README.md,1807dcd7bcea9e381bad9858b3e0f873505f882e,CVE-2015-1239
838423437,ProjectZeroDays/AI-Driven-Zero-Click-Exploit-Deployment-Framework,src/exploits/other_exploits/cve_poc/pdf_exploits/examples/README.md,1807dcd7bcea9e381bad9858b3e0f873505f882e,ZDI-CAN-13011
838423437,ProjectZeroDays/AI-Driven-Zero-Click-Exploit-Deployment-Framework,src/exploits/other_exploits/cve_poc/pdf_exploits/examples/README.md,1807dcd7bcea9e381bad9858b3e0f873505f882e,ZDI-CAN-12955
838423437,ProjectZeroDays/AI-Driven-Zero-Click-Exploit-Deployment-Framework,src/exploits/other_exploits/cve_poc/pdf_exploits/examples/README.md,1807dcd7bcea9e381bad9858b3e0f873505f882e,CVE-2015-1271
838423437,ProjectZeroDays/AI-Driven-Zero-Click-Exploit-Deployment-Framework,src/exploits/other_exploits/cve_poc/pdf_exploits/examples/README.md,1807dcd7bcea9e381bad9858b3e0f873505f882e,CVE-2015-1282
838423437,ProjectZeroDays/AI-Driven-Zero-Click-Exploit-Deployment-Framework,src/exploits/other_exploits/cve_poc/pdf_exploits/examples/README.md,1807dcd7bcea9e381bad9858b3e0f873505f882e,CVE-2015-1359
838423437,ProjectZeroDays/AI-Driven-Zero-Click-Exploit-Deployment-Framework,src/exploits/other_exploits/cve_poc/pdf_exploits/examples/README.md,1807dcd7bcea9e381bad9858b3e0f873505f882e,ZDI-CAN-12936
838423437,ProjectZeroDays/AI-Driven-Zero-Click-Exploit-Deployment-Framework,src/exploits/other_exploits/cve_poc/pdf_exploits/examples/README.md,1807dcd7bcea9e381bad9858b3e0f873505f882e,CVE-2015-8580
838423437,ProjectZeroDays/AI-Driven-Zero-Click-Exploit-Deployment-Framework,src/exploits/other_exploits/cve_poc/pdf_exploits/examples/README.md,1807dcd7bcea9e381bad9858b3e0f873505f882e,ZDI-CAN-10462
838423437,ProjectZeroDays/AI-Driven-Zero-Click-Exploit-Deployment-Framework,src/exploits/other_exploits/cve_poc/pdf_exploits/examples/README.md,1807dcd7bcea9e381bad9858b3e0f873505f882e,CVE-2015-8868
838423437,ProjectZeroDays/AI-Driven-Zero-Click-Exploit-Deployment-Framework,src/exploits/other_exploits/cve_poc/pdf_exploits/examples/README.md,1807dcd7bcea9e381bad9858b3e0f873505f882e,CVE-2016-1613
838423437,ProjectZeroDays/AI-Driven-Zero-Click-Exploit-Deployment-Framework,src/exploits/other_exploits/cve_poc/pdf_exploits/examples/README.md,1807dcd7bcea9e381bad9858b3e0f873505f882e,CVE-2016-1619
838423437,ProjectZeroDays/AI-Driven-Zero-Click-Exploit-Deployment-Framework,src/exploits/other_exploits/cve_poc/pdf_exploits/examples/README.md,1807dcd7bcea9e381bad9858b3e0f873505f882e,CVE-2016-1626
838423437,ProjectZeroDays/AI-Driven-Zero-Click-Exploit-Deployment-Framework,src/exploits/other_exploits/cve_poc/pdf_exploits/examples/README.md,1807dcd7bcea9e381bad9858b3e0f873505f882e,CVE-2022-30775
838423437,ProjectZeroDays/AI-Driven-Zero-Click-Exploit-Deployment-Framework,src/exploits/other_exploits/cve_poc/pdf_exploits/examples/README.md,1807dcd7bcea9e381bad9858b3e0f873505f882e,CVE-2022-30524
838423437,ProjectZeroDays/AI-Driven-Zero-Click-Exploit-Deployment-Framework,src/exploits/other_exploits/cve_poc/pdf_exploits/examples/README.md,1807dcd7bcea9e381bad9858b3e0f873505f882e,CVE-2022-30013
838423437,ProjectZeroDays/AI-Driven-Zero-Click-Exploit-Deployment-Framework,src/exploits/other_exploits/cve_poc/pdf_exploits/examples/README.md,1807dcd7bcea9e381bad9858b3e0f873505f882e,CVE-2022-29623
838423437,ProjectZeroDays/AI-Driven-Zero-Click-Exploit-Deployment-Framework,src/exploits/other_exploits/cve_poc/pdf_exploits/examples/README.md,1807dcd7bcea9e381bad9858b3e0f873505f882e,CVE-2022-28599
838423437,ProjectZeroDays/AI-Driven-Zero-Click-Exploit-Deployment-Framework,src/exploits/other_exploits/cve_poc/pdf_exploits/examples/README.md,1807dcd7bcea9e381bad9858b3e0f873505f882e,ZDI-CAN-10193
838423437,ProjectZeroDays/AI-Driven-Zero-Click-Exploit-Deployment-Framework,src/exploits/other_exploits/cve_poc/pdf_exploits/examples/README.md,1807dcd7bcea9e381bad9858b3e0f873505f882e,CVE-2022-28277
838423437,ProjectZeroDays/AI-Driven-Zero-Click-Exploit-Deployment-Framework,src/exploits/other_exploits/cve_poc/pdf_exploits/examples/README.md,1807dcd7bcea9e381bad9858b3e0f873505f882e,CVE-2022-28244
838423437,ProjectZeroDays/AI-Driven-Zero-Click-Exploit-Deployment-Framework,src/exploits/other_exploits/cve_poc/pdf_exploits/examples/README.md,1807dcd7bcea9e381bad9858b3e0f873505f882e,CVE-2022-28234
838423437,ProjectZeroDays/AI-Driven-Zero-Click-Exploit-Deployment-Framework,src/exploits/other_exploits/cve_poc/pdf_exploits/examples/README.md,1807dcd7bcea9e381bad9858b3e0f873505f882e,CVE-2022-27872
838423437,ProjectZeroDays/AI-Driven-Zero-Click-Exploit-Deployment-Framework,src/exploits/other_exploits/cve_poc/pdf_exploits/examples/README.md,1807dcd7bcea9e381bad9858b3e0f873505f882e,CVE-2022-27794
838423437,ProjectZeroDays/AI-Driven-Zero-Click-Exploit-Deployment-Framework,src/exploits/other_exploits/cve_poc/pdf_exploits/examples/README.md,1807dcd7bcea9e381bad9858b3e0f873505f882e,CVE-2016-1681
838423437,ProjectZeroDays/AI-Driven-Zero-Click-Exploit-Deployment-Framework,src/exploits/other_exploits/cve_poc/pdf_exploits/examples/README.md,1807dcd7bcea9e381bad9858b3e0f873505f882e,CVE-2016-1685
838423437,ProjectZeroDays/AI-Driven-Zero-Click-Exploit-Deployment-Framework,src/exploits/other_exploits/cve_poc/pdf_exploits/examples/README.md,1807dcd7bcea9e381bad9858b3e0f873505f882e,CVE-2016-1686
838423437,ProjectZeroDays/AI-Driven-Zero-Click-Exploit-Deployment-Framework,src/exploits/other_exploits/cve_poc/pdf_exploits/examples/README.md,1807dcd7bcea9e381bad9858b3e0f873505f882e,CVE-2022-27791
838423437,ProjectZeroDays/AI-Driven-Zero-Click-Exploit-Deployment-Framework,src/exploits/other_exploits/cve_poc/pdf_exploits/examples/README.md,1807dcd7bcea9e381bad9858b3e0f873505f882e,CVE-2022-28271
838423437,ProjectZeroDays/AI-Driven-Zero-Click-Exploit-Deployment-Framework,src/exploits/other_exploits/cve_poc/pdf_exploits/examples/README.md,1807dcd7bcea9e381bad9858b3e0f873505f882e,CVE-2016-10221
838423437,ProjectZeroDays/AI-Driven-Zero-Click-Exploit-Deployment-Framework,src/exploits/other_exploits/cve_poc/pdf_exploits/examples/README.md,1807dcd7bcea9e381bad9858b3e0f873505f882e,CVE-2016-10403
838423437,ProjectZeroDays/AI-Driven-Zero-Click-Exploit-Deployment-Framework,src/exploits/other_exploits/cve_poc/pdf_exploits/examples/README.md,1807dcd7bcea9e381bad9858b3e0f873505f882e,CVE-2018-11256
838423437,ProjectZeroDays/AI-Driven-Zero-Click-Exploit-Deployment-Framework,src/exploits/other_exploits/cve_poc/pdf_exploits/examples/README.md,1807dcd7bcea9e381bad9858b3e0f873505f882e,ZDI-CAN-10192
838423437,ProjectZeroDays/AI-Driven-Zero-Click-Exploit-Deployment-Framework,src/exploits/other_exploits/cve_poc/pdf_exploits/examples/README.md,1807dcd7bcea9e381bad9858b3e0f873505f882e,CVE-2016-0058
838423437,ProjectZeroDays/AI-Driven-Zero-Click-Exploit-Deployment-Framework,src/exploits/other_exploits/cve_poc/pdf_exploits/examples/README.md,1807dcd7bcea9e381bad9858b3e0f873505f882e,CVE-2016-0117
838423437,ProjectZeroDays/AI-Driven-Zero-Click-Exploit-Deployment-Framework,src/exploits/other_exploits/cve_poc/pdf_exploits/examples/README.md,1807dcd7bcea9e381bad9858b3e0f873505f882e,CVE-2016-0118
838423437,ProjectZeroDays/AI-Driven-Zero-Click-Exploit-Deployment-Framework,src/exploits/other_exploits/cve_poc/pdf_exploits/examples/README.md,1807dcd7bcea9e381bad9858b3e0f873505f882e,CVE-2016-0277
838423437,ProjectZeroDays/AI-Driven-Zero-Click-Exploit-Deployment-Framework,src/exploits/other_exploits/cve_poc/pdf_exploits/examples/README.md,1807dcd7bcea9e381bad9858b3e0f873505f882e,CVE-2016-0278
838423437,ProjectZeroDays/AI-Driven-Zero-Click-Exploit-Deployment-Framework,src/exploits/other_exploits/cve_poc/pdf_exploits/examples/README.md,1807dcd7bcea9e381bad9858b3e0f873505f882e,CVE-2016-0279
838423437,ProjectZeroDays/AI-Driven-Zero-Click-Exploit-Deployment-Framework,src/exploits/other_exploits/cve_poc/pdf_exploits/examples/README.md,1807dcd7bcea9e381bad9858b3e0f873505f882e,CVE-2016-0301
838423437,ProjectZeroDays/AI-Driven-Zero-Click-Exploit-Deployment-Framework,src/exploits/other_exploits/cve_poc/pdf_exploits/examples/README.md,1807dcd7bcea9e381bad9858b3e0f873505f882e,CVE-2018-5783
838423437,ProjectZeroDays/AI-Driven-Zero-Click-Exploit-Deployment-Framework,src/exploits/other_exploits/cve_poc/pdf_exploits/examples/README.md,1807dcd7bcea9e381bad9858b3e0f873505f882e,ZDI-CAN-10191
838423437,ProjectZeroDays/AI-Driven-Zero-Click-Exploit-Deployment-Framework,src/exploits/other_exploits/cve_poc/pdf_exploits/examples/README.md,1807dcd7bcea9e381bad9858b3e0f873505f882e,CVE-2018-4888
838423437,ProjectZeroDays/AI-Driven-Zero-Click-Exploit-Deployment-Framework,src/exploits/other_exploits/cve_poc/pdf_exploits/examples/README.md,1807dcd7bcea9e381bad9858b3e0f873505f882e,CVE-2018-11254
838423437,ProjectZeroDays/AI-Driven-Zero-Click-Exploit-Deployment-Framework,src/exploits/other_exploits/cve_poc/pdf_exploits/examples/README.md,1807dcd7bcea9e381bad9858b3e0f873505f882e,CVE-2018-11255
838423437,ProjectZeroDays/AI-Driven-Zero-Click-Exploit-Deployment-Framework,src/vulnerability_scanner.py,1b01520cdafd953e9a00c9801d9b1938171b3451,CVE-2021-1234
838423437,ProjectZeroDays/AI-Driven-Zero-Click-Exploit-Deployment-Framework,src/vulnerability_scanner.py,1b01520cdafd953e9a00c9801d9b1938171b3451,CVE-2021-5678
838423437,ProjectZeroDays/AI-Driven-Zero-Click-Exploit-Deployment-Framework,src/exploits/zero-click_exploits/2025/python/remote_code_execution/cve_2025_0008_exploit.py,1b92d2bdf439afbd5ecb019707768333f1e9491d,CVE-2025-0008
838423437,ProjectZeroDays/AI-Driven-Zero-Click-Exploit-Deployment-Framework,src/exploits/zero-click_exploits/2025/python/remote_code_execution/cve_2025_0009_exploit.py,202bbe728e6dd560aacbde0d3244cc707f81d0ab,CVE-2025-0009
838423437,ProjectZeroDays/AI-Driven-Zero-Click-Exploit-Deployment-Framework,src/exploits/other_exploits/cve_poc/exploit_poc_documentation/CVE-2017-7494.md,20d984bd082c6fb45a67c54b756bf913ef8aa7b4,CVE-2017-7494
838423437,ProjectZeroDays/AI-Driven-Zero-Click-Exploit-Deployment-Framework,src/exploits/zero-click_exploits/2025/python/remote_code_execution/cve_2025_0010_exploit.py,2869a3a243495cc002f2a66e950959957d84ff1a,CVE-2025-0010
838423437,ProjectZeroDays/AI-Driven-Zero-Click-Exploit-Deployment-Framework,src/exploits/zero-click_exploits/2024/python/remote_code_execution/cve_2024_0020_exploit.py,29b65a6f7e7246d986c77c19e82926d5fc4e33b9,CVE-2024-0020
838423437,ProjectZeroDays/AI-Driven-Zero-Click-Exploit-Deployment-Framework,src/exploits/other_exploits/cve_poc/exploit_poc_documentation/README.md,2fbb9eebf1287480588f859c56e450ff36378d61,CVE-2018-5318
838423437,ProjectZeroDays/AI-Driven-Zero-Click-Exploit-Deployment-Framework,src/exploits/other_exploits/cve_poc/exploit_poc_documentation/README.md,2fbb9eebf1287480588f859c56e450ff36378d61,CVE-2018-5189
838423437,ProjectZeroDays/AI-Driven-Zero-Click-Exploit-Deployment-Framework,src/exploits/other_exploits/cve_poc/exploit_poc_documentation/README.md,2fbb9eebf1287480588f859c56e450ff36378d61,CVE-2018-5711
838423437,ProjectZeroDays/AI-Driven-Zero-Click-Exploit-Deployment-Framework,src/exploits/other_exploits/cve_poc/exploit_poc_documentation/README.md,2fbb9eebf1287480588f859c56e450ff36378d61,CVE-2018-5146
838423437,ProjectZeroDays/AI-Driven-Zero-Click-Exploit-Deployment-Framework,src/exploits/other_exploits/cve_poc/exploit_poc_documentation/README.md,2fbb9eebf1287480588f859c56e450ff36378d61,CVE-2018-5924
838423437,ProjectZeroDays/AI-Driven-Zero-Click-Exploit-Deployment-Framework,src/exploits/other_exploits/cve_poc/exploit_poc_documentation/README.md,2fbb9eebf1287480588f859c56e450ff36378d61,CVE-2018-4993
838423437,ProjectZeroDays/AI-Driven-Zero-Click-Exploit-Deployment-Framework,src/exploits/other_exploits/cve_poc/exploit_poc_documentation/README.md,2fbb9eebf1287480588f859c56e450ff36378d61,CVE-2018-5175
838423437,ProjectZeroDays/AI-Driven-Zero-Click-Exploit-Deployment-Framework,src/exploits/other_exploits/cve_poc/exploit_poc_documentation/README.md,2fbb9eebf1287480588f859c56e450ff36378d61,CVE-2018-5390
838423437,ProjectZeroDays/AI-Driven-Zero-Click-Exploit-Deployment-Framework,src/exploits/other_exploits/cve_poc/exploit_poc_documentation/README.md,2fbb9eebf1287480588f859c56e450ff36378d61,CVE-2018-4990
838423437,ProjectZeroDays/AI-Driven-Zero-Click-Exploit-Deployment-Framework,src/exploits/other_exploits/cve_poc/exploit_poc_documentation/README.md,2fbb9eebf1287480588f859c56e450ff36378d61,CVE-2018-5181
838423437,ProjectZeroDays/AI-Driven-Zero-Click-Exploit-Deployment-Framework,src/exploits/other_exploits/cve_poc/exploit_poc_documentation/README.md,2fbb9eebf1287480588f859c56e450ff36378d61,CVE-2018-5002
838423437,ProjectZeroDays/AI-Driven-Zero-Click-Exploit-Deployment-Framework,src/exploits/other_exploits/cve_poc/exploit_poc_documentation/README.md,2fbb9eebf1287480588f859c56e450ff36378d61,CVE-2018-5553
838423437,ProjectZeroDays/AI-Driven-Zero-Click-Exploit-Deployment-Framework,src/exploits/other_exploits/cve_poc/exploit_poc_documentation/README.md,2fbb9eebf1287480588f859c56e450ff36378d61,CVE-2017-8672
838423437,ProjectZeroDays/AI-Driven-Zero-Click-Exploit-Deployment-Framework,src/exploits/other_exploits/cve_poc/exploit_poc_documentation/README.md,2fbb9eebf1287480588f859c56e450ff36378d61,CVE-2018-4415
838423437,ProjectZeroDays/AI-Driven-Zero-Click-Exploit-Deployment-Framework,src/exploits/other_exploits/cve_poc/exploit_poc_documentation/README.md,2fbb9eebf1287480588f859c56e450ff36378d61,CVE-2018-1323
838423437,ProjectZeroDays/AI-Driven-Zero-Click-Exploit-Deployment-Framework,src/exploits/other_exploits/cve_poc/exploit_poc_documentation/README.md,2fbb9eebf1287480588f859c56e450ff36378d61,CVE-2018-1335
838423437,ProjectZeroDays/AI-Driven-Zero-Click-Exploit-Deployment-Framework,src/exploits/other_exploits/cve_poc/exploit_poc_documentation/README.md,2fbb9eebf1287480588f859c56e450ff36378d61,CVE-2018-13452
838423437,ProjectZeroDays/AI-Driven-Zero-Click-Exploit-Deployment-Framework,src/exploits/other_exploits/cve_poc/exploit_poc_documentation/README.md,2fbb9eebf1287480588f859c56e450ff36378d61,CVE-2018-14327
838423437,ProjectZeroDays/AI-Driven-Zero-Click-Exploit-Deployment-Framework,src/exploits/other_exploits/cve_poc/exploit_poc_documentation/README.md,2fbb9eebf1287480588f859c56e450ff36378d61,CVE-2018-1435
838423437,ProjectZeroDays/AI-Driven-Zero-Click-Exploit-Deployment-Framework,src/exploits/other_exploits/cve_poc/exploit_poc_documentation/README.md,2fbb9eebf1287480588f859c56e450ff36378d61,CVE-2018-14634
838423437,ProjectZeroDays/AI-Driven-Zero-Click-Exploit-Deployment-Framework,src/exploits/other_exploits/cve_poc/exploit_poc_documentation/README.md,2fbb9eebf1287480588f859c56e450ff36378d61,CVE-2018-14665
838423437,ProjectZeroDays/AI-Driven-Zero-Click-Exploit-Deployment-Framework,src/exploits/other_exploits/cve_poc/exploit_poc_documentation/README.md,2fbb9eebf1287480588f859c56e450ff36378d61,CVE-2018-14667
838423437,ProjectZeroDays/AI-Driven-Zero-Click-Exploit-Deployment-Framework,src/exploits/other_exploits/cve_poc/exploit_poc_documentation/README.md,2fbb9eebf1287480588f859c56e450ff36378d61,CVE-2018-14686
838423437,ProjectZeroDays/AI-Driven-Zero-Click-Exploit-Deployment-Framework,src/exploits/other_exploits/cve_poc/exploit_poc_documentation/README.md,2fbb9eebf1287480588f859c56e450ff36378d61,CVE-2018-14715
838423437,ProjectZeroDays/AI-Driven-Zero-Click-Exploit-Deployment-Framework,src/exploits/other_exploits/cve_poc/exploit_poc_documentation/README.md,2fbb9eebf1287480588f859c56e450ff36378d61,CVE-2018-14847
838423437,ProjectZeroDays/AI-Driven-Zero-Click-Exploit-Deployment-Framework,src/exploits/other_exploits/cve_poc/exploit_poc_documentation/README.md,2fbb9eebf1287480588f859c56e450ff36378d61,CVE-2018-15473
838423437,ProjectZeroDays/AI-Driven-Zero-Click-Exploit-Deployment-Framework,src/exploits/other_exploits/cve_poc/exploit_poc_documentation/README.md,2fbb9eebf1287480588f859c56e450ff36378d61,CVE-2018-15685
838423437,ProjectZeroDays/AI-Driven-Zero-Click-Exploit-Deployment-Framework,src/exploits/other_exploits/cve_poc/exploit_poc_documentation/README.md,2fbb9eebf1287480588f859c56e450ff36378d61,CVE-2018-15705
838423437,ProjectZeroDays/AI-Driven-Zero-Click-Exploit-Deployment-Framework,src/exploits/other_exploits/cve_poc/exploit_poc_documentation/README.md,2fbb9eebf1287480588f859c56e450ff36378d61,CVE-2018-15706
838423437,ProjectZeroDays/AI-Driven-Zero-Click-Exploit-Deployment-Framework,src/exploits/other_exploits/cve_poc/exploit_poc_documentation/README.md,2fbb9eebf1287480588f859c56e450ff36378d61,CVE-2018-15707
838423437,ProjectZeroDays/AI-Driven-Zero-Click-Exploit-Deployment-Framework,src/exploits/other_exploits/cve_poc/exploit_poc_documentation/README.md,2fbb9eebf1287480588f859c56e450ff36378d61,CVE-2018-15715
838423437,ProjectZeroDays/AI-Driven-Zero-Click-Exploit-Deployment-Framework,src/exploits/other_exploits/cve_poc/exploit_poc_documentation/README.md,2fbb9eebf1287480588f859c56e450ff36378d61,CVE-2018-15869
838423437,ProjectZeroDays/AI-Driven-Zero-Click-Exploit-Deployment-Framework,src/exploits/other_exploits/cve_poc/exploit_poc_documentation/README.md,2fbb9eebf1287480588f859c56e450ff36378d61,CVE-2018-15961
838423437,ProjectZeroDays/AI-Driven-Zero-Click-Exploit-Deployment-Framework,src/exploits/other_exploits/cve_poc/exploit_poc_documentation/README.md,2fbb9eebf1287480588f859c56e450ff36378d61,CVE-2018-15982
838423437,ProjectZeroDays/AI-Driven-Zero-Click-Exploit-Deployment-Framework,src/exploits/other_exploits/cve_poc/exploit_poc_documentation/README.md,2fbb9eebf1287480588f859c56e450ff36378d61,CVE-2018-16323
838423437,ProjectZeroDays/AI-Driven-Zero-Click-Exploit-Deployment-Framework,src/exploits/other_exploits/cve_poc/exploit_poc_documentation/README.md,2fbb9eebf1287480588f859c56e450ff36378d61,CVE-2018-13149
838423437,ProjectZeroDays/AI-Driven-Zero-Click-Exploit-Deployment-Framework,src/exploits/other_exploits/cve_poc/exploit_poc_documentation/README.md,2fbb9eebf1287480588f859c56e450ff36378d61,CVE-2018-16384
838423437,ProjectZeroDays/AI-Driven-Zero-Click-Exploit-Deployment-Framework,src/exploits/other_exploits/cve_poc/exploit_poc_documentation/README.md,2fbb9eebf1287480588f859c56e450ff36378d61,CVE-2018-12885
838423437,ProjectZeroDays/AI-Driven-Zero-Click-Exploit-Deployment-Framework,src/exploits/other_exploits/cve_poc/exploit_poc_documentation/README.md,2fbb9eebf1287480588f859c56e450ff36378d61,CVE-2018-1275
838423437,ProjectZeroDays/AI-Driven-Zero-Click-Exploit-Deployment-Framework,src/exploits/other_exploits/cve_poc/exploit_poc_documentation/README.md,2fbb9eebf1287480588f859c56e450ff36378d61,CVE-2018-11235
838423437,ProjectZeroDays/AI-Driven-Zero-Click-Exploit-Deployment-Framework,src/exploits/other_exploits/cve_poc/exploit_poc_documentation/README.md,2fbb9eebf1287480588f859c56e450ff36378d61,CVE-2018-11411
838423437,ProjectZeroDays/AI-Driven-Zero-Click-Exploit-Deployment-Framework,src/exploits/other_exploits/cve_poc/exploit_poc_documentation/README.md,2fbb9eebf1287480588f859c56e450ff36378d61,CVE-2018-1149
838423437,ProjectZeroDays/AI-Driven-Zero-Click-Exploit-Deployment-Framework,src/exploits/other_exploits/cve_poc/exploit_poc_documentation/README.md,2fbb9eebf1287480588f859c56e450ff36378d61,CVE-2018-1150
838423437,ProjectZeroDays/AI-Driven-Zero-Click-Exploit-Deployment-Framework,src/exploits/other_exploits/cve_poc/exploit_poc_documentation/README.md,2fbb9eebf1287480588f859c56e450ff36378d61,CVE-2018-11689
838423437,ProjectZeroDays/AI-Driven-Zero-Click-Exploit-Deployment-Framework,src/exploits/other_exploits/cve_poc/exploit_poc_documentation/README.md,2fbb9eebf1287480588f859c56e450ff36378d61,CVE-2018-11759
838423437,ProjectZeroDays/AI-Driven-Zero-Click-Exploit-Deployment-Framework,src/exploits/other_exploits/cve_poc/exploit_poc_documentation/README.md,2fbb9eebf1287480588f859c56e450ff36378d61,CVE-2018-11776
838423437,ProjectZeroDays/AI-Driven-Zero-Click-Exploit-Deployment-Framework,src/exploits/other_exploits/cve_poc/exploit_poc_documentation/README.md,2fbb9eebf1287480588f859c56e450ff36378d61,CVE-2018-11784
838423437,ProjectZeroDays/AI-Driven-Zero-Click-Exploit-Deployment-Framework,src/exploits/other_exploits/cve_poc/exploit_poc_documentation/README.md,2fbb9eebf1287480588f859c56e450ff36378d61,CVE-2018-11788
838423437,ProjectZeroDays/AI-Driven-Zero-Click-Exploit-Deployment-Framework,src/exploits/other_exploits/cve_poc/exploit_poc_documentation/README.md,2fbb9eebf1287480588f859c56e450ff36378d61,CVE-2018-11882
838423437,ProjectZeroDays/AI-Driven-Zero-Click-Exploit-Deployment-Framework,src/exploits/other_exploits/cve_poc/exploit_poc_documentation/README.md,2fbb9eebf1287480588f859c56e450ff36378d61,CVE-2018-12015
838423437,ProjectZeroDays/AI-Driven-Zero-Click-Exploit-Deployment-Framework,src/exploits/other_exploits/cve_poc/exploit_poc_documentation/README.md,2fbb9eebf1287480588f859c56e450ff36378d61,CVE-2018-12020
838423437,ProjectZeroDays/AI-Driven-Zero-Click-Exploit-Deployment-Framework,src/exploits/other_exploits/cve_poc/exploit_poc_documentation/README.md,2fbb9eebf1287480588f859c56e450ff36378d61,CVE-2018-12034
838423437,ProjectZeroDays/AI-Driven-Zero-Click-Exploit-Deployment-Framework,src/exploits/other_exploits/cve_poc/exploit_poc_documentation/README.md,2fbb9eebf1287480588f859c56e450ff36378d61,CVE-2018-12035
838423437,ProjectZeroDays/AI-Driven-Zero-Click-Exploit-Deployment-Framework,src/exploits/other_exploits/cve_poc/exploit_poc_documentation/README.md,2fbb9eebf1287480588f859c56e450ff36378d61,CVE-2018-5925
838423437,ProjectZeroDays/AI-Driven-Zero-Click-Exploit-Deployment-Framework,src/exploits/other_exploits/cve_poc/exploit_poc_documentation/README.md,2fbb9eebf1287480588f859c56e450ff36378d61,CVE-2018-1207
838423437,ProjectZeroDays/AI-Driven-Zero-Click-Exploit-Deployment-Framework,src/exploits/other_exploits/cve_poc/exploit_poc_documentation/README.md,2fbb9eebf1287480588f859c56e450ff36378d61,CVE-2018-12386
838423437,ProjectZeroDays/AI-Driven-Zero-Click-Exploit-Deployment-Framework,src/exploits/other_exploits/cve_poc/exploit_poc_documentation/README.md,2fbb9eebf1287480588f859c56e450ff36378d61,CVE-2018-12387
838423437,ProjectZeroDays/AI-Driven-Zero-Click-Exploit-Deployment-Framework,src/exploits/other_exploits/cve_poc/exploit_poc_documentation/README.md,2fbb9eebf1287480588f859c56e450ff36378d61,CVE-2018-12454
838423437,ProjectZeroDays/AI-Driven-Zero-Click-Exploit-Deployment-Framework,src/exploits/other_exploits/cve_poc/exploit_poc_documentation/README.md,2fbb9eebf1287480588f859c56e450ff36378d61,CVE-2018-1270
838423437,ProjectZeroDays/AI-Driven-Zero-Click-Exploit-Deployment-Framework,src/exploits/other_exploits/cve_poc/exploit_poc_documentation/README.md,2fbb9eebf1287480588f859c56e450ff36378d61,CVE-2018-1273
838423437,ProjectZeroDays/AI-Driven-Zero-Click-Exploit-Deployment-Framework,src/exploits/other_exploits/cve_poc/exploit_poc_documentation/README.md,2fbb9eebf1287480588f859c56e450ff36378d61,CVE-2018-12855
838423437,ProjectZeroDays/AI-Driven-Zero-Click-Exploit-Deployment-Framework,src/exploits/other_exploits/cve_poc/exploit_poc_documentation/README.md,2fbb9eebf1287480588f859c56e450ff36378d61,CVE-2018-4878
838423437,ProjectZeroDays/AI-Driven-Zero-Click-Exploit-Deployment-Framework,src/exploits/other_exploits/cve_poc/exploit_poc_documentation/README.md,2fbb9eebf1287480588f859c56e450ff36378d61,CVE-2018-16509
838423437,ProjectZeroDays/AI-Driven-Zero-Click-Exploit-Deployment-Framework,src/exploits/other_exploits/cve_poc/exploit_poc_documentation/README.md,2fbb9eebf1287480588f859c56e450ff36378d61,CVE-2018-17082
838423437,ProjectZeroDays/AI-Driven-Zero-Click-Exploit-Deployment-Framework,src/exploits/other_exploits/cve_poc/exploit_poc_documentation/README.md,2fbb9eebf1287480588f859c56e450ff36378d61,CVE-2018-3895
838423437,ProjectZeroDays/AI-Driven-Zero-Click-Exploit-Deployment-Framework,src/exploits/other_exploits/cve_poc/exploit_poc_documentation/README.md,2fbb9eebf1287480588f859c56e450ff36378d61,CVE-2018-3896
838423437,ProjectZeroDays/AI-Driven-Zero-Click-Exploit-Deployment-Framework,src/exploits/other_exploits/cve_poc/exploit_poc_documentation/README.md,2fbb9eebf1287480588f859c56e450ff36378d61,CVE-2018-3897
838423437,ProjectZeroDays/AI-Driven-Zero-Click-Exploit-Deployment-Framework,src/exploits/other_exploits/cve_poc/exploit_poc_documentation/README.md,2fbb9eebf1287480588f859c56e450ff36378d61,CVE-2018-3903
838423437,ProjectZeroDays/AI-Driven-Zero-Click-Exploit-Deployment-Framework,src/exploits/other_exploits/cve_poc/exploit_poc_documentation/README.md,2fbb9eebf1287480588f859c56e450ff36378d61,CVE-2018-3904
838423437,ProjectZeroDays/AI-Driven-Zero-Click-Exploit-Deployment-Framework,src/exploits/other_exploits/cve_poc/exploit_poc_documentation/README.md,2fbb9eebf1287480588f859c56e450ff36378d61,CVE-2018-3905
838423437,ProjectZeroDays/AI-Driven-Zero-Click-Exploit-Deployment-Framework,src/exploits/other_exploits/cve_poc/exploit_poc_documentation/README.md,2fbb9eebf1287480588f859c56e450ff36378d61,CVE-2018-3952
838423437,ProjectZeroDays/AI-Driven-Zero-Click-Exploit-Deployment-Framework,src/exploits/other_exploits/cve_poc/exploit_poc_documentation/README.md,2fbb9eebf1287480588f859c56e450ff36378d61,CVE-2018-3971
838423437,ProjectZeroDays/AI-Driven-Zero-Click-Exploit-Deployment-Framework,src/exploits/other_exploits/cve_poc/exploit_poc_documentation/README.md,2fbb9eebf1287480588f859c56e450ff36378d61,CVE-2018-4010
838423437,ProjectZeroDays/AI-Driven-Zero-Click-Exploit-Deployment-Framework,src/exploits/other_exploits/cve_poc/exploit_poc_documentation/README.md,2fbb9eebf1287480588f859c56e450ff36378d61,CVE-2018-4087
838423437,ProjectZeroDays/AI-Driven-Zero-Click-Exploit-Deployment-Framework,src/exploits/other_exploits/cve_poc/exploit_poc_documentation/README.md,2fbb9eebf1287480588f859c56e450ff36378d61,CVE-2018-4121
838423437,ProjectZeroDays/AI-Driven-Zero-Click-Exploit-Deployment-Framework,src/exploits/other_exploits/cve_poc/exploit_poc_documentation/README.md,2fbb9eebf1287480588f859c56e450ff36378d61,CVE-2018-4148
838423437,ProjectZeroDays/AI-Driven-Zero-Click-Exploit-Deployment-Framework,src/exploits/other_exploits/cve_poc/exploit_poc_documentation/README.md,2fbb9eebf1287480588f859c56e450ff36378d61,CVE-2018-4150
838423437,ProjectZeroDays/AI-Driven-Zero-Click-Exploit-Deployment-Framework,src/exploits/other_exploits/cve_poc/exploit_poc_documentation/README.md,2fbb9eebf1287480588f859c56e450ff36378d61,CVE-2018-4192
838423437,ProjectZeroDays/AI-Driven-Zero-Click-Exploit-Deployment-Framework,src/exploits/other_exploits/cve_poc/exploit_poc_documentation/README.md,2fbb9eebf1287480588f859c56e450ff36378d61,CVE-2018-4204
838423437,ProjectZeroDays/AI-Driven-Zero-Click-Exploit-Deployment-Framework,src/exploits/other_exploits/cve_poc/exploit_poc_documentation/README.md,2fbb9eebf1287480588f859c56e450ff36378d61,CVE-2018-4233
838423437,ProjectZeroDays/AI-Driven-Zero-Click-Exploit-Deployment-Framework,src/exploits/other_exploits/cve_poc/exploit_poc_documentation/README.md,2fbb9eebf1287480588f859c56e450ff36378d61,CVE-2018-4262
838423437,ProjectZeroDays/AI-Driven-Zero-Click-Exploit-Deployment-Framework,src/exploits/other_exploits/cve_poc/exploit_poc_documentation/README.md,2fbb9eebf1287480588f859c56e450ff36378d61,CVE-2018-4307
838423437,ProjectZeroDays/AI-Driven-Zero-Click-Exploit-Deployment-Framework,src/exploits/other_exploits/cve_poc/exploit_poc_documentation/README.md,2fbb9eebf1287480588f859c56e450ff36378d61,CVE-2018-4330
838423437,ProjectZeroDays/AI-Driven-Zero-Click-Exploit-Deployment-Framework,src/exploits/other_exploits/cve_poc/exploit_poc_documentation/README.md,2fbb9eebf1287480588f859c56e450ff36378d61,CVE-2018-4338
838423437,ProjectZeroDays/AI-Driven-Zero-Click-Exploit-Deployment-Framework,src/exploits/other_exploits/cve_poc/exploit_poc_documentation/README.md,2fbb9eebf1287480588f859c56e450ff36378d61,CVE-2018-4407
838423437,ProjectZeroDays/AI-Driven-Zero-Click-Exploit-Deployment-Framework,src/exploits/other_exploits/cve_poc/exploit_poc_documentation/README.md,2fbb9eebf1287480588f859c56e450ff36378d61,CVE-2018-3894
838423437,ProjectZeroDays/AI-Driven-Zero-Click-Exploit-Deployment-Framework,src/exploits/other_exploits/cve_poc/exploit_poc_documentation/README.md,2fbb9eebf1287480588f859c56e450ff36378d61,CVE-2018-16946
838423437,ProjectZeroDays/AI-Driven-Zero-Click-Exploit-Deployment-Framework,src/exploits/other_exploits/cve_poc/exploit_poc_documentation/README.md,2fbb9eebf1287480588f859c56e450ff36378d61,CVE-2018-3893
838423437,ProjectZeroDays/AI-Driven-Zero-Click-Exploit-Deployment-Framework,src/exploits/other_exploits/cve_poc/exploit_poc_documentation/README.md,2fbb9eebf1287480588f859c56e450ff36378d61,CVE-2018-3760
838423437,ProjectZeroDays/AI-Driven-Zero-Click-Exploit-Deployment-Framework,src/exploits/other_exploits/cve_poc/exploit_poc_documentation/README.md,2fbb9eebf1287480588f859c56e450ff36378d61,CVE-2018-17144
838423437,ProjectZeroDays/AI-Driven-Zero-Click-Exploit-Deployment-Framework,src/exploits/other_exploits/cve_poc/exploit_poc_documentation/README.md,2fbb9eebf1287480588f859c56e450ff36378d61,CVE-2018-17182
838423437,ProjectZeroDays/AI-Driven-Zero-Click-Exploit-Deployment-Framework,src/exploits/other_exploits/cve_poc/exploit_poc_documentation/README.md,2fbb9eebf1287480588f859c56e450ff36378d61,CVE-2018-17780
838423437,ProjectZeroDays/AI-Driven-Zero-Click-Exploit-Deployment-Framework,src/exploits/other_exploits/cve_poc/exploit_poc_documentation/README.md,2fbb9eebf1287480588f859c56e450ff36378d61,CVE-2018-19276
838423437,ProjectZeroDays/AI-Driven-Zero-Click-Exploit-Deployment-Framework,src/exploits/other_exploits/cve_poc/exploit_poc_documentation/README.md,2fbb9eebf1287480588f859c56e450ff36378d61,CVE-2018-19788
838423437,ProjectZeroDays/AI-Driven-Zero-Click-Exploit-Deployment-Framework,src/exploits/other_exploits/cve_poc/exploit_poc_documentation/README.md,2fbb9eebf1287480588f859c56e450ff36378d61,CVE-2018-20250
838423437,ProjectZeroDays/AI-Driven-Zero-Click-Exploit-Deployment-Framework,src/exploits/other_exploits/cve_poc/exploit_poc_documentation/README.md,2fbb9eebf1287480588f859c56e450ff36378d61,CVE-2018-20714
838423437,ProjectZeroDays/AI-Driven-Zero-Click-Exploit-Deployment-Framework,src/exploits/other_exploits/cve_poc/exploit_poc_documentation/README.md,2fbb9eebf1287480588f859c56e450ff36378d61,CVE-2018-2628
838423437,ProjectZeroDays/AI-Driven-Zero-Click-Exploit-Deployment-Framework,src/exploits/other_exploits/cve_poc/exploit_poc_documentation/README.md,2fbb9eebf1287480588f859c56e450ff36378d61,CVE-2018-2694
838423437,ProjectZeroDays/AI-Driven-Zero-Click-Exploit-Deployment-Framework,src/exploits/other_exploits/cve_poc/exploit_poc_documentation/README.md,2fbb9eebf1287480588f859c56e450ff36378d61,CVE-2018-2698
838423437,ProjectZeroDays/AI-Driven-Zero-Click-Exploit-Deployment-Framework,src/exploits/other_exploits/cve_poc/exploit_poc_documentation/README.md,2fbb9eebf1287480588f859c56e450ff36378d61,CVE-2018-2844
838423437,ProjectZeroDays/AI-Driven-Zero-Click-Exploit-Deployment-Framework,src/exploits/other_exploits/cve_poc/exploit_poc_documentation/README.md,2fbb9eebf1287480588f859c56e450ff36378d61,CVE-2018-2860
838423437,ProjectZeroDays/AI-Driven-Zero-Click-Exploit-Deployment-Framework,src/exploits/other_exploits/cve_poc/exploit_poc_documentation/README.md,2fbb9eebf1287480588f859c56e450ff36378d61,CVE-2018-2893
838423437,ProjectZeroDays/AI-Driven-Zero-Click-Exploit-Deployment-Framework,src/exploits/other_exploits/cve_poc/exploit_poc_documentation/README.md,2fbb9eebf1287480588f859c56e450ff36378d61,CVE-2018-2894
838423437,ProjectZeroDays/AI-Driven-Zero-Click-Exploit-Deployment-Framework,src/exploits/other_exploits/cve_poc/exploit_poc_documentation/README.md,2fbb9eebf1287480588f859c56e450ff36378d61,CVE-2018-3055
838423437,ProjectZeroDays/AI-Driven-Zero-Click-Exploit-Deployment-Framework,src/exploits/other_exploits/cve_poc/exploit_poc_documentation/README.md,2fbb9eebf1287480588f859c56e450ff36378d61,CVE-2018-3085
838423437,ProjectZeroDays/AI-Driven-Zero-Click-Exploit-Deployment-Framework,src/exploits/other_exploits/cve_poc/exploit_poc_documentation/README.md,2fbb9eebf1287480588f859c56e450ff36378d61,CVE-2018-3191
838423437,ProjectZeroDays/AI-Driven-Zero-Click-Exploit-Deployment-Framework,src/exploits/other_exploits/cve_poc/exploit_poc_documentation/README.md,2fbb9eebf1287480588f859c56e450ff36378d61,CVE-2018-3245
838423437,ProjectZeroDays/AI-Driven-Zero-Click-Exploit-Deployment-Framework,src/exploits/other_exploits/cve_poc/exploit_poc_documentation/README.md,2fbb9eebf1287480588f859c56e450ff36378d61,CVE-2018-3253
838423437,ProjectZeroDays/AI-Driven-Zero-Click-Exploit-Deployment-Framework,src/exploits/other_exploits/cve_poc/exploit_poc_documentation/README.md,2fbb9eebf1287480588f859c56e450ff36378d61,CVE-2018-3615
838423437,ProjectZeroDays/AI-Driven-Zero-Click-Exploit-Deployment-Framework,src/exploits/other_exploits/cve_poc/exploit_poc_documentation/README.md,2fbb9eebf1287480588f859c56e450ff36378d61,CVE-2018-3693
838423437,ProjectZeroDays/AI-Driven-Zero-Click-Exploit-Deployment-Framework,src/exploits/other_exploits/cve_poc/exploit_poc_documentation/README.md,2fbb9eebf1287480588f859c56e450ff36378d61,CVE-2018-3784
838423437,ProjectZeroDays/AI-Driven-Zero-Click-Exploit-Deployment-Framework,src/exploits/other_exploits/cve_poc/exploit_poc_documentation/README.md,2fbb9eebf1287480588f859c56e450ff36378d61,CVE-2018-12056
838423437,ProjectZeroDays/AI-Driven-Zero-Click-Exploit-Deployment-Framework,src/exploits/other_exploits/cve_poc/exploit_poc_documentation/README.md,2fbb9eebf1287480588f859c56e450ff36378d61,CVE-2019-7194
838423437,ProjectZeroDays/AI-Driven-Zero-Click-Exploit-Deployment-Framework,src/exploits/other_exploits/cve_poc/exploit_poc_documentation/README.md,2fbb9eebf1287480588f859c56e450ff36378d61,CVE-2018-6034
838423437,ProjectZeroDays/AI-Driven-Zero-Click-Exploit-Deployment-Framework,src/exploits/other_exploits/cve_poc/exploit_poc_documentation/README.md,2fbb9eebf1287480588f859c56e450ff36378d61,CVE-2019-20197
838423437,ProjectZeroDays/AI-Driven-Zero-Click-Exploit-Deployment-Framework,src/exploits/other_exploits/cve_poc/exploit_poc_documentation/README.md,2fbb9eebf1287480588f859c56e450ff36378d61,CVE-2019-2588
838423437,ProjectZeroDays/AI-Driven-Zero-Click-Exploit-Deployment-Framework,src/exploits/other_exploits/cve_poc/exploit_poc_documentation/README.md,2fbb9eebf1287480588f859c56e450ff36378d61,CVE-2019-2618
838423437,ProjectZeroDays/AI-Driven-Zero-Click-Exploit-Deployment-Framework,src/exploits/other_exploits/cve_poc/exploit_poc_documentation/README.md,2fbb9eebf1287480588f859c56e450ff36378d61,CVE-2019-2725
838423437,ProjectZeroDays/AI-Driven-Zero-Click-Exploit-Deployment-Framework,src/exploits/other_exploits/cve_poc/exploit_poc_documentation/README.md,2fbb9eebf1287480588f859c56e450ff36378d61,CVE-2019-2888
838423437,ProjectZeroDays/AI-Driven-Zero-Click-Exploit-Deployment-Framework,src/exploits/other_exploits/cve_poc/exploit_poc_documentation/README.md,2fbb9eebf1287480588f859c56e450ff36378d61,CVE-2019-2890
838423437,ProjectZeroDays/AI-Driven-Zero-Click-Exploit-Deployment-Framework,src/exploits/other_exploits/cve_poc/exploit_poc_documentation/README.md,2fbb9eebf1287480588f859c56e450ff36378d61,CVE-2019-3394
838423437,ProjectZeroDays/AI-Driven-Zero-Click-Exploit-Deployment-Framework,src/exploits/other_exploits/cve_poc/exploit_poc_documentation/README.md,2fbb9eebf1287480588f859c56e450ff36378d61,CVE-2019-3396
838423437,ProjectZeroDays/AI-Driven-Zero-Click-Exploit-Deployment-Framework,src/exploits/other_exploits/cve_poc/exploit_poc_documentation/README.md,2fbb9eebf1287480588f859c56e450ff36378d61,CVE-2019-3560
838423437,ProjectZeroDays/AI-Driven-Zero-Click-Exploit-Deployment-Framework,src/exploits/other_exploits/cve_poc/exploit_poc_documentation/README.md,2fbb9eebf1287480588f859c56e450ff36378d61,CVE-2019-3921
838423437,ProjectZeroDays/AI-Driven-Zero-Click-Exploit-Deployment-Framework,src/exploits/other_exploits/cve_poc/exploit_poc_documentation/README.md,2fbb9eebf1287480588f859c56e450ff36378d61,CVE-2019-5241
838423437,ProjectZeroDays/AI-Driven-Zero-Click-Exploit-Deployment-Framework,src/exploits/other_exploits/cve_poc/exploit_poc_documentation/README.md,2fbb9eebf1287480588f859c56e450ff36378d61,CVE-2019-5418
838423437,ProjectZeroDays/AI-Driven-Zero-Click-Exploit-Deployment-Framework,src/exploits/other_exploits/cve_poc/exploit_poc_documentation/README.md,2fbb9eebf1287480588f859c56e450ff36378d61,CVE-2019-5624
838423437,ProjectZeroDays/AI-Driven-Zero-Click-Exploit-Deployment-Framework,src/exploits/other_exploits/cve_poc/exploit_poc_documentation/README.md,2fbb9eebf1287480588f859c56e450ff36378d61,CVE-2019-5736
838423437,ProjectZeroDays/AI-Driven-Zero-Click-Exploit-Deployment-Framework,src/exploits/other_exploits/cve_poc/exploit_poc_documentation/README.md,2fbb9eebf1287480588f859c56e450ff36378d61,CVE-2019-5790
838423437,ProjectZeroDays/AI-Driven-Zero-Click-Exploit-Deployment-Framework,src/exploits/other_exploits/cve_poc/exploit_poc_documentation/README.md,2fbb9eebf1287480588f859c56e450ff36378d61,CVE-2019-6251
838423437,ProjectZeroDays/AI-Driven-Zero-Click-Exploit-Deployment-Framework,src/exploits/other_exploits/cve_poc/exploit_poc_documentation/README.md,2fbb9eebf1287480588f859c56e450ff36378d61,CVE-2019-7192
838423437,ProjectZeroDays/AI-Driven-Zero-Click-Exploit-Deployment-Framework,src/exploits/other_exploits/cve_poc/exploit_poc_documentation/README.md,2fbb9eebf1287480588f859c56e450ff36378d61,CVE-2019-7193
838423437,ProjectZeroDays/AI-Driven-Zero-Click-Exploit-Deployment-Framework,src/exploits/other_exploits/cve_poc/exploit_poc_documentation/README.md,2fbb9eebf1287480588f859c56e450ff36378d61,CVE-2019-7195
838423437,ProjectZeroDays/AI-Driven-Zero-Click-Exploit-Deployment-Framework,src/exploits/other_exploits/cve_poc/exploit_poc_documentation/README.md,2fbb9eebf1287480588f859c56e450ff36378d61,CVE-2019-7238
838423437,ProjectZeroDays/AI-Driven-Zero-Click-Exploit-Deployment-Framework,src/exploits/other_exploits/cve_poc/exploit_poc_documentation/README.md,2fbb9eebf1287480588f859c56e450ff36378d61,CVE-2019-7286
838423437,ProjectZeroDays/AI-Driven-Zero-Click-Exploit-Deployment-Framework,src/exploits/other_exploits/cve_poc/exploit_poc_documentation/README.md,2fbb9eebf1287480588f859c56e450ff36378d61,CVE-2019-7609
838423437,ProjectZeroDays/AI-Driven-Zero-Click-Exploit-Deployment-Framework,src/exploits/other_exploits/cve_poc/exploit_poc_documentation/README.md,2fbb9eebf1287480588f859c56e450ff36378d61,CVE-2019-8451
838423437,ProjectZeroDays/AI-Driven-Zero-Click-Exploit-Deployment-Framework,src/exploits/other_exploits/cve_poc/exploit_poc_documentation/README.md,2fbb9eebf1287480588f859c56e450ff36378d61,CVE-2019-8518
838423437,ProjectZeroDays/AI-Driven-Zero-Click-Exploit-Deployment-Framework,src/exploits/other_exploits/cve_poc/exploit_poc_documentation/README.md,2fbb9eebf1287480588f859c56e450ff36378d61,CVE-2019-8565
838423437,ProjectZeroDays/AI-Driven-Zero-Click-Exploit-Deployment-Framework,src/exploits/other_exploits/cve_poc/exploit_poc_documentation/README.md,2fbb9eebf1287480588f859c56e450ff36378d61,CVE-2019-19781
838423437,ProjectZeroDays/AI-Driven-Zero-Click-Exploit-Deployment-Framework,src/exploits/other_exploits/cve_poc/exploit_poc_documentation/README.md,2fbb9eebf1287480588f859c56e450ff36378d61,CVE-2019-9213
838423437,ProjectZeroDays/AI-Driven-Zero-Click-Exploit-Deployment-Framework,src/exploits/other_exploits/cve_poc/exploit_poc_documentation/README.md,2fbb9eebf1287480588f859c56e450ff36378d61,CVE-2019-18935
838423437,ProjectZeroDays/AI-Driven-Zero-Click-Exploit-Deployment-Framework,src/exploits/other_exploits/cve_poc/exploit_poc_documentation/README.md,2fbb9eebf1287480588f859c56e450ff36378d61,CVE-2019-17564
838423437,ProjectZeroDays/AI-Driven-Zero-Click-Exploit-Deployment-Framework,src/exploits/other_exploits/cve_poc/exploit_poc_documentation/README.md,2fbb9eebf1287480588f859c56e450ff36378d61,CVE-2019-11354
838423437,ProjectZeroDays/AI-Driven-Zero-Click-Exploit-Deployment-Framework,src/exploits/other_exploits/cve_poc/exploit_poc_documentation/README.md,2fbb9eebf1287480588f859c56e450ff36378d61,CVE-2019-11358
838423437,ProjectZeroDays/AI-Driven-Zero-Click-Exploit-Deployment-Framework,src/exploits/other_exploits/cve_poc/exploit_poc_documentation/README.md,2fbb9eebf1287480588f859c56e450ff36378d61,CVE-2019-11510
838423437,ProjectZeroDays/AI-Driven-Zero-Click-Exploit-Deployment-Framework,src/exploits/other_exploits/cve_poc/exploit_poc_documentation/README.md,2fbb9eebf1287480588f859c56e450ff36378d61,CVE-2019-11580
838423437,ProjectZeroDays/AI-Driven-Zero-Click-Exploit-Deployment-Framework,src/exploits/other_exploits/cve_poc/exploit_poc_documentation/README.md,2fbb9eebf1287480588f859c56e450ff36378d61,CVE-2019-11581
838423437,ProjectZeroDays/AI-Driven-Zero-Click-Exploit-Deployment-Framework,src/exploits/other_exploits/cve_poc/exploit_poc_documentation/README.md,2fbb9eebf1287480588f859c56e450ff36378d61,CVE-2019-12384
838423437,ProjectZeroDays/AI-Driven-Zero-Click-Exploit-Deployment-Framework,src/exploits/other_exploits/cve_poc/exploit_poc_documentation/README.md,2fbb9eebf1287480588f859c56e450ff36378d61,CVE-2019-12409
838423437,ProjectZeroDays/AI-Driven-Zero-Click-Exploit-Deployment-Framework,src/exploits/other_exploits/cve_poc/exploit_poc_documentation/README.md,2fbb9eebf1287480588f859c56e450ff36378d61,CVE-2019-12415
838423437,ProjectZeroDays/AI-Driven-Zero-Click-Exploit-Deployment-Framework,src/exploits/other_exploits/cve_poc/exploit_poc_documentation/README.md,2fbb9eebf1287480588f859c56e450ff36378d61,CVE-2019-12526
838423437,ProjectZeroDays/AI-Driven-Zero-Click-Exploit-Deployment-Framework,src/exploits/other_exploits/cve_poc/exploit_poc_documentation/README.md,2fbb9eebf1287480588f859c56e450ff36378d61,CVE-2019-12527
838423437,ProjectZeroDays/AI-Driven-Zero-Click-Exploit-Deployment-Framework,src/exploits/other_exploits/cve_poc/exploit_poc_documentation/README.md,2fbb9eebf1287480588f859c56e450ff36378d61,CVE-2019-1306
838423437,ProjectZeroDays/AI-Driven-Zero-Click-Exploit-Deployment-Framework,src/exploits/other_exploits/cve_poc/exploit_poc_documentation/README.md,2fbb9eebf1287480588f859c56e450ff36378d61,CVE-2019-13272
838423437,ProjectZeroDays/AI-Driven-Zero-Click-Exploit-Deployment-Framework,src/exploits/other_exploits/cve_poc/exploit_poc_documentation/README.md,2fbb9eebf1287480588f859c56e450ff36378d61,CVE-2019-13720
838423437,ProjectZeroDays/AI-Driven-Zero-Click-Exploit-Deployment-Framework,src/exploits/other_exploits/cve_poc/exploit_poc_documentation/README.md,2fbb9eebf1287480588f859c56e450ff36378d61,CVE-2019-1388
838423437,ProjectZeroDays/AI-Driven-Zero-Click-Exploit-Deployment-Framework,src/exploits/other_exploits/cve_poc/exploit_poc_documentation/README.md,2fbb9eebf1287480588f859c56e450ff36378d61,CVE-2019-1414
838423437,ProjectZeroDays/AI-Driven-Zero-Click-Exploit-Deployment-Framework,src/exploits/other_exploits/cve_poc/exploit_poc_documentation/README.md,2fbb9eebf1287480588f859c56e450ff36378d61,CVE-2019-14234
838423437,ProjectZeroDays/AI-Driven-Zero-Click-Exploit-Deployment-Framework,src/exploits/other_exploits/cve_poc/exploit_poc_documentation/README.md,2fbb9eebf1287480588f859c56e450ff36378d61,CVE-2019-1458
838423437,ProjectZeroDays/AI-Driven-Zero-Click-Exploit-Deployment-Framework,src/exploits/other_exploits/cve_poc/exploit_poc_documentation/README.md,2fbb9eebf1287480588f859c56e450ff36378d61,CVE-2019-14994
838423437,ProjectZeroDays/AI-Driven-Zero-Click-Exploit-Deployment-Framework,src/exploits/other_exploits/cve_poc/exploit_poc_documentation/README.md,2fbb9eebf1287480588f859c56e450ff36378d61,CVE-2019-15107
838423437,ProjectZeroDays/AI-Driven-Zero-Click-Exploit-Deployment-Framework,src/exploits/other_exploits/cve_poc/exploit_poc_documentation/README.md,2fbb9eebf1287480588f859c56e450ff36378d61,CVE-2019-15126
838423437,ProjectZeroDays/AI-Driven-Zero-Click-Exploit-Deployment-Framework,src/exploits/other_exploits/cve_poc/exploit_poc_documentation/README.md,2fbb9eebf1287480588f859c56e450ff36378d61,CVE-2019-15642
838423437,ProjectZeroDays/AI-Driven-Zero-Click-Exploit-Deployment-Framework,src/exploits/other_exploits/cve_poc/exploit_poc_documentation/README.md,2fbb9eebf1287480588f859c56e450ff36378d61,CVE-2019-16278
838423437,ProjectZeroDays/AI-Driven-Zero-Click-Exploit-Deployment-Framework,src/exploits/other_exploits/cve_poc/exploit_poc_documentation/README.md,2fbb9eebf1287480588f859c56e450ff36378d61,CVE-2019-16384
838423437,ProjectZeroDays/AI-Driven-Zero-Click-Exploit-Deployment-Framework,src/exploits/other_exploits/cve_poc/exploit_poc_documentation/README.md,2fbb9eebf1287480588f859c56e450ff36378d61,CVE-2019-16385
838423437,ProjectZeroDays/AI-Driven-Zero-Click-Exploit-Deployment-Framework,src/exploits/other_exploits/cve_poc/exploit_poc_documentation/README.md,2fbb9eebf1287480588f859c56e450ff36378d61,CVE-2019-16759
838423437,ProjectZeroDays/AI-Driven-Zero-Click-Exploit-Deployment-Framework,src/exploits/other_exploits/cve_poc/exploit_poc_documentation/README.md,2fbb9eebf1287480588f859c56e450ff36378d61,CVE-2019-18683
838423437,ProjectZeroDays/AI-Driven-Zero-Click-Exploit-Deployment-Framework,src/exploits/other_exploits/cve_poc/exploit_poc_documentation/README.md,2fbb9eebf1287480588f859c56e450ff36378d61,CVE-2019-9500
838423437,ProjectZeroDays/AI-Driven-Zero-Click-Exploit-Deployment-Framework,src/exploits/other_exploits/cve_poc/exploit_poc_documentation/README.md,2fbb9eebf1287480588f859c56e450ff36378d61,CVE-2019-9501
838423437,ProjectZeroDays/AI-Driven-Zero-Click-Exploit-Deployment-Framework,src/exploits/other_exploits/cve_poc/exploit_poc_documentation/README.md,2fbb9eebf1287480588f859c56e450ff36378d61,CVE-2019-9502
838423437,ProjectZeroDays/AI-Driven-Zero-Click-Exploit-Deployment-Framework,src/exploits/other_exploits/cve_poc/exploit_poc_documentation/README.md,2fbb9eebf1287480588f859c56e450ff36378d61,CVE-2020-2551
838423437,ProjectZeroDays/AI-Driven-Zero-Click-Exploit-Deployment-Framework,src/exploits/other_exploits/cve_poc/exploit_poc_documentation/README.md,2fbb9eebf1287480588f859c56e450ff36378d61,CVE-2020-2555
838423437,ProjectZeroDays/AI-Driven-Zero-Click-Exploit-Deployment-Framework,src/exploits/other_exploits/cve_poc/exploit_poc_documentation/README.md,2fbb9eebf1287480588f859c56e450ff36378d61,CVE-2020-28948
838423437,ProjectZeroDays/AI-Driven-Zero-Click-Exploit-Deployment-Framework,src/exploits/other_exploits/cve_poc/exploit_poc_documentation/README.md,2fbb9eebf1287480588f859c56e450ff36378d61,CVE-2020-28949
838423437,ProjectZeroDays/AI-Driven-Zero-Click-Exploit-Deployment-Framework,src/exploits/other_exploits/cve_poc/exploit_poc_documentation/README.md,2fbb9eebf1287480588f859c56e450ff36378d61,CVE-2020-3187
838423437,ProjectZeroDays/AI-Driven-Zero-Click-Exploit-Deployment-Framework,src/exploits/other_exploits/cve_poc/exploit_poc_documentation/README.md,2fbb9eebf1287480588f859c56e450ff36378d61,CVE-2020-3452
838423437,ProjectZeroDays/AI-Driven-Zero-Click-Exploit-Deployment-Framework,src/exploits/other_exploits/cve_poc/exploit_poc_documentation/README.md,2fbb9eebf1287480588f859c56e450ff36378d61,CVE-2020-3882
838423437,ProjectZeroDays/AI-Driven-Zero-Click-Exploit-Deployment-Framework,src/exploits/other_exploits/cve_poc/exploit_poc_documentation/README.md,2fbb9eebf1287480588f859c56e450ff36378d61,CVE-2020-3950
838423437,ProjectZeroDays/AI-Driven-Zero-Click-Exploit-Deployment-Framework,src/exploits/other_exploits/cve_poc/exploit_poc_documentation/README.md,2fbb9eebf1287480588f859c56e450ff36378d61,CVE-2020-3956
838423437,ProjectZeroDays/AI-Driven-Zero-Click-Exploit-Deployment-Framework,src/exploits/other_exploits/cve_poc/exploit_poc_documentation/README.md,2fbb9eebf1287480588f859c56e450ff36378d61,CVE-2020-5398
838423437,ProjectZeroDays/AI-Driven-Zero-Click-Exploit-Deployment-Framework,src/exploits/other_exploits/cve_poc/exploit_poc_documentation/README.md,2fbb9eebf1287480588f859c56e450ff36378d61,CVE-2020-5902
838423437,ProjectZeroDays/AI-Driven-Zero-Click-Exploit-Deployment-Framework,src/exploits/other_exploits/cve_poc/exploit_poc_documentation/README.md,2fbb9eebf1287480588f859c56e450ff36378d61,CVE-2020-6418
838423437,ProjectZeroDays/AI-Driven-Zero-Click-Exploit-Deployment-Framework,src/exploits/other_exploits/cve_poc/exploit_poc_documentation/README.md,2fbb9eebf1287480588f859c56e450ff36378d61,CVE-2020-7961
838423437,ProjectZeroDays/AI-Driven-Zero-Click-Exploit-Deployment-Framework,src/exploits/other_exploits/cve_poc/exploit_poc_documentation/README.md,2fbb9eebf1287480588f859c56e450ff36378d61,CVE-2020-8840
838423437,ProjectZeroDays/AI-Driven-Zero-Click-Exploit-Deployment-Framework,src/exploits/other_exploits/cve_poc/exploit_poc_documentation/README.md,2fbb9eebf1287480588f859c56e450ff36378d61,CVE-2020-9471
838423437,ProjectZeroDays/AI-Driven-Zero-Click-Exploit-Deployment-Framework,src/exploits/other_exploits/cve_poc/exploit_poc_documentation/README.md,2fbb9eebf1287480588f859c56e450ff36378d61,CVE-2020-9472
838423437,ProjectZeroDays/AI-Driven-Zero-Click-Exploit-Deployment-Framework,src/exploits/other_exploits/cve_poc/exploit_poc_documentation/README.md,2fbb9eebf1287480588f859c56e450ff36378d61,CVE-2020-9484
838423437,ProjectZeroDays/AI-Driven-Zero-Click-Exploit-Deployment-Framework,src/exploits/other_exploits/cve_poc/exploit_poc_documentation/README.md,2fbb9eebf1287480588f859c56e450ff36378d61,CVE-2020-9546
838423437,ProjectZeroDays/AI-Driven-Zero-Click-Exploit-Deployment-Framework,src/exploits/other_exploits/cve_poc/exploit_poc_documentation/README.md,2fbb9eebf1287480588f859c56e450ff36378d61,CVE-2020-9547
838423437,ProjectZeroDays/AI-Driven-Zero-Click-Exploit-Deployment-Framework,src/exploits/other_exploits/cve_poc/exploit_poc_documentation/README.md,2fbb9eebf1287480588f859c56e450ff36378d61,CVE-2020-9548
838423437,ProjectZeroDays/AI-Driven-Zero-Click-Exploit-Deployment-Framework,src/exploits/other_exploits/cve_poc/exploit_poc_documentation/README.md,2fbb9eebf1287480588f859c56e450ff36378d61,GPZ-1289
838423437,ProjectZeroDays/AI-Driven-Zero-Click-Exploit-Deployment-Framework,src/exploits/other_exploits/cve_poc/exploit_poc_documentation/README.md,2fbb9eebf1287480588f859c56e450ff36378d61,GPZ-1450
838423437,ProjectZeroDays/AI-Driven-Zero-Click-Exploit-Deployment-Framework,src/exploits/other_exploits/cve_poc/exploit_poc_documentation/README.md,2fbb9eebf1287480588f859c56e450ff36378d61,GPZ-1500
838423437,ProjectZeroDays/AI-Driven-Zero-Click-Exploit-Deployment-Framework,src/exploits/other_exploits/cve_poc/exploit_poc_documentation/README.md,2fbb9eebf1287480588f859c56e450ff36378d61,GPZ-1792
838423437,ProjectZeroDays/AI-Driven-Zero-Click-Exploit-Deployment-Framework,src/exploits/other_exploits/cve_poc/exploit_poc_documentation/README.md,2fbb9eebf1287480588f859c56e450ff36378d61,MS17-010
838423437,ProjectZeroDays/AI-Driven-Zero-Click-Exploit-Deployment-Framework,src/exploits/other_exploits/cve_poc/exploit_poc_documentation/README.md,2fbb9eebf1287480588f859c56e450ff36378d61,CVE-2020-2096
838423437,ProjectZeroDays/AI-Driven-Zero-Click-Exploit-Deployment-Framework,src/exploits/other_exploits/cve_poc/exploit_poc_documentation/README.md,2fbb9eebf1287480588f859c56e450ff36378d61,CVE-2020-1938
838423437,ProjectZeroDays/AI-Driven-Zero-Click-Exploit-Deployment-Framework,src/exploits/other_exploits/cve_poc/exploit_poc_documentation/README.md,2fbb9eebf1287480588f859c56e450ff36378d61,CVE-2020-1206
838423437,ProjectZeroDays/AI-Driven-Zero-Click-Exploit-Deployment-Framework,src/exploits/other_exploits/cve_poc/exploit_poc_documentation/README.md,2fbb9eebf1287480588f859c56e450ff36378d61,CVE-2020-11932
838423437,ProjectZeroDays/AI-Driven-Zero-Click-Exploit-Deployment-Framework,src/exploits/other_exploits/cve_poc/exploit_poc_documentation/README.md,2fbb9eebf1287480588f859c56e450ff36378d61,CVE-2019-9503
838423437,ProjectZeroDays/AI-Driven-Zero-Click-Exploit-Deployment-Framework,src/exploits/other_exploits/cve_poc/exploit_poc_documentation/README.md,2fbb9eebf1287480588f859c56e450ff36378d61,CVE-2020-0601
838423437,ProjectZeroDays/AI-Driven-Zero-Click-Exploit-Deployment-Framework,src/exploits/other_exploits/cve_poc/exploit_poc_documentation/README.md,2fbb9eebf1287480588f859c56e450ff36378d61,CVE-2020-0609
838423437,ProjectZeroDays/AI-Driven-Zero-Click-Exploit-Deployment-Framework,src/exploits/other_exploits/cve_poc/exploit_poc_documentation/README.md,2fbb9eebf1287480588f859c56e450ff36378d61,CVE-2020-0610
838423437,ProjectZeroDays/AI-Driven-Zero-Click-Exploit-Deployment-Framework,src/exploits/other_exploits/cve_poc/exploit_poc_documentation/README.md,2fbb9eebf1287480588f859c56e450ff36378d61,CVE-2020-0646
838423437,ProjectZeroDays/AI-Driven-Zero-Click-Exploit-Deployment-Framework,src/exploits/other_exploits/cve_poc/exploit_poc_documentation/README.md,2fbb9eebf1287480588f859c56e450ff36378d61,CVE-2020-0668
838423437,ProjectZeroDays/AI-Driven-Zero-Click-Exploit-Deployment-Framework,src/exploits/other_exploits/cve_poc/exploit_poc_documentation/README.md,2fbb9eebf1287480588f859c56e450ff36378d61,CVE-2020-0669
838423437,ProjectZeroDays/AI-Driven-Zero-Click-Exploit-Deployment-Framework,src/exploits/other_exploits/cve_poc/exploit_poc_documentation/README.md,2fbb9eebf1287480588f859c56e450ff36378d61,CVE-2020-0670
838423437,ProjectZeroDays/AI-Driven-Zero-Click-Exploit-Deployment-Framework,src/exploits/other_exploits/cve_poc/exploit_poc_documentation/README.md,2fbb9eebf1287480588f859c56e450ff36378d61,CVE-2020-0671
838423437,ProjectZeroDays/AI-Driven-Zero-Click-Exploit-Deployment-Framework,src/exploits/other_exploits/cve_poc/exploit_poc_documentation/README.md,2fbb9eebf1287480588f859c56e450ff36378d61,CVE-2020-0672
838423437,ProjectZeroDays/AI-Driven-Zero-Click-Exploit-Deployment-Framework,src/exploits/other_exploits/cve_poc/exploit_poc_documentation/README.md,2fbb9eebf1287480588f859c56e450ff36378d61,CVE-2020-0683
838423437,ProjectZeroDays/AI-Driven-Zero-Click-Exploit-Deployment-Framework,src/exploits/other_exploits/cve_poc/exploit_poc_documentation/README.md,2fbb9eebf1287480588f859c56e450ff36378d61,CVE-2020-0686
838423437,ProjectZeroDays/AI-Driven-Zero-Click-Exploit-Deployment-Framework,src/exploits/other_exploits/cve_poc/exploit_poc_documentation/README.md,2fbb9eebf1287480588f859c56e450ff36378d61,CVE-2019-11043
838423437,ProjectZeroDays/AI-Driven-Zero-Click-Exploit-Deployment-Framework,src/exploits/other_exploits/cve_poc/exploit_poc_documentation/README.md,2fbb9eebf1287480588f859c56e450ff36378d61,CVE-2020-0688
838423437,ProjectZeroDays/AI-Driven-Zero-Click-Exploit-Deployment-Framework,src/exploits/other_exploits/cve_poc/exploit_poc_documentation/README.md,2fbb9eebf1287480588f859c56e450ff36378d61,CVE-2020-0796
838423437,ProjectZeroDays/AI-Driven-Zero-Click-Exploit-Deployment-Framework,src/exploits/other_exploits/cve_poc/exploit_poc_documentation/README.md,2fbb9eebf1287480588f859c56e450ff36378d61,CVE-2020-0863
838423437,ProjectZeroDays/AI-Driven-Zero-Click-Exploit-Deployment-Framework,src/exploits/other_exploits/cve_poc/exploit_poc_documentation/README.md,2fbb9eebf1287480588f859c56e450ff36378d61,CVE-2020-0920
838423437,ProjectZeroDays/AI-Driven-Zero-Click-Exploit-Deployment-Framework,src/exploits/other_exploits/cve_poc/exploit_poc_documentation/README.md,2fbb9eebf1287480588f859c56e450ff36378d61,CVE-2020-0929
838423437,ProjectZeroDays/AI-Driven-Zero-Click-Exploit-Deployment-Framework,src/exploits/other_exploits/cve_poc/exploit_poc_documentation/README.md,2fbb9eebf1287480588f859c56e450ff36378d61,CVE-2020-0931
838423437,ProjectZeroDays/AI-Driven-Zero-Click-Exploit-Deployment-Framework,src/exploits/other_exploits/cve_poc/exploit_poc_documentation/README.md,2fbb9eebf1287480588f859c56e450ff36378d61,CVE-2020-0932
838423437,ProjectZeroDays/AI-Driven-Zero-Click-Exploit-Deployment-Framework,src/exploits/other_exploits/cve_poc/exploit_poc_documentation/README.md,2fbb9eebf1287480588f859c56e450ff36378d61,CVE-2020-0971
838423437,ProjectZeroDays/AI-Driven-Zero-Click-Exploit-Deployment-Framework,src/exploits/other_exploits/cve_poc/exploit_poc_documentation/README.md,2fbb9eebf1287480588f859c56e450ff36378d61,CVE-2020-0974
838423437,ProjectZeroDays/AI-Driven-Zero-Click-Exploit-Deployment-Framework,src/exploits/other_exploits/cve_poc/exploit_poc_documentation/README.md,2fbb9eebf1287480588f859c56e450ff36378d61,CVE-2020-0984
838423437,ProjectZeroDays/AI-Driven-Zero-Click-Exploit-Deployment-Framework,src/exploits/other_exploits/cve_poc/exploit_poc_documentation/README.md,2fbb9eebf1287480588f859c56e450ff36378d61,CVE-2020-10673
838423437,ProjectZeroDays/AI-Driven-Zero-Click-Exploit-Deployment-Framework,src/exploits/other_exploits/cve_poc/exploit_poc_documentation/README.md,2fbb9eebf1287480588f859c56e450ff36378d61,CVE-2020-11108
838423437,ProjectZeroDays/AI-Driven-Zero-Click-Exploit-Deployment-Framework,src/exploits/other_exploits/cve_poc/exploit_poc_documentation/README.md,2fbb9eebf1287480588f859c56e450ff36378d61,CVE-2020-1181
838423437,ProjectZeroDays/AI-Driven-Zero-Click-Exploit-Deployment-Framework,src/exploits/other_exploits/cve_poc/exploit_poc_documentation/README.md,2fbb9eebf1287480588f859c56e450ff36378d61,CVE-2020-0787
838423437,ProjectZeroDays/AI-Driven-Zero-Click-Exploit-Deployment-Framework,src/exploits/other_exploits/cve_poc/exploit_poc_documentation/README.md,2fbb9eebf1287480588f859c56e450ff36378d61,CVE-2018-5996
838423437,ProjectZeroDays/AI-Driven-Zero-Click-Exploit-Deployment-Framework,src/exploits/other_exploits/cve_poc/exploit_poc_documentation/README.md,2fbb9eebf1287480588f859c56e450ff36378d61,CVE-2019-10392
838423437,ProjectZeroDays/AI-Driven-Zero-Click-Exploit-Deployment-Framework,src/exploits/other_exploits/cve_poc/exploit_poc_documentation/README.md,2fbb9eebf1287480588f859c56e450ff36378d61,CVE-2019-0841
838423437,ProjectZeroDays/AI-Driven-Zero-Click-Exploit-Deployment-Framework,src/exploits/other_exploits/cve_poc/exploit_poc_documentation/README.md,2fbb9eebf1287480588f859c56e450ff36378d61,CVE-2018-7602
838423437,ProjectZeroDays/AI-Driven-Zero-Click-Exploit-Deployment-Framework,src/exploits/other_exploits/cve_poc/exploit_poc_documentation/README.md,2fbb9eebf1287480588f859c56e450ff36378d61,CVE-2018-7738
838423437,ProjectZeroDays/AI-Driven-Zero-Click-Exploit-Deployment-Framework,src/exploits/other_exploits/cve_poc/exploit_poc_documentation/README.md,2fbb9eebf1287480588f859c56e450ff36378d61,CVE-2018-8021
838423437,ProjectZeroDays/AI-Driven-Zero-Click-Exploit-Deployment-Framework,src/exploits/other_exploits/cve_poc/exploit_poc_documentation/README.md,2fbb9eebf1287480588f859c56e450ff36378d61,CVE-2018-8114
838423437,ProjectZeroDays/AI-Driven-Zero-Click-Exploit-Deployment-Framework,src/exploits/other_exploits/cve_poc/exploit_poc_documentation/README.md,2fbb9eebf1287480588f859c56e450ff36378d61,CVE-2018-8120
838423437,ProjectZeroDays/AI-Driven-Zero-Click-Exploit-Deployment-Framework,src/exploits/other_exploits/cve_poc/exploit_poc_documentation/README.md,2fbb9eebf1287480588f859c56e450ff36378d61,CVE-2018-8122
838423437,ProjectZeroDays/AI-Driven-Zero-Click-Exploit-Deployment-Framework,src/exploits/other_exploits/cve_poc/exploit_poc_documentation/README.md,2fbb9eebf1287480588f859c56e450ff36378d61,CVE-2018-8124
838423437,ProjectZeroDays/AI-Driven-Zero-Click-Exploit-Deployment-Framework,src/exploits/other_exploits/cve_poc/exploit_poc_documentation/README.md,2fbb9eebf1287480588f859c56e450ff36378d61,CVE-2018-8128
838423437,ProjectZeroDays/AI-Driven-Zero-Click-Exploit-Deployment-Framework,src/exploits/other_exploits/cve_poc/exploit_poc_documentation/README.md,2fbb9eebf1287480588f859c56e450ff36378d61,CVE-2018-8137
838423437,ProjectZeroDays/AI-Driven-Zero-Click-Exploit-Deployment-Framework,src/exploits/other_exploits/cve_poc/exploit_poc_documentation/README.md,2fbb9eebf1287480588f859c56e450ff36378d61,CVE-2018-8139
838423437,ProjectZeroDays/AI-Driven-Zero-Click-Exploit-Deployment-Framework,src/exploits/other_exploits/cve_poc/exploit_poc_documentation/README.md,2fbb9eebf1287480588f859c56e450ff36378d61,CVE-2018-8140
838423437,ProjectZeroDays/AI-Driven-Zero-Click-Exploit-Deployment-Framework,src/exploits/other_exploits/cve_poc/exploit_poc_documentation/README.md,2fbb9eebf1287480588f859c56e450ff36378d61,CVE-2018-8164
838423437,ProjectZeroDays/AI-Driven-Zero-Click-Exploit-Deployment-Framework,src/exploits/other_exploits/cve_poc/exploit_poc_documentation/README.md,2fbb9eebf1287480588f859c56e450ff36378d61,CVE-2018-8166
838423437,ProjectZeroDays/AI-Driven-Zero-Click-Exploit-Deployment-Framework,src/exploits/other_exploits/cve_poc/exploit_poc_documentation/README.md,2fbb9eebf1287480588f859c56e450ff36378d61,CVE-2018-8174
838423437,ProjectZeroDays/AI-Driven-Zero-Click-Exploit-Deployment-Framework,src/exploits/other_exploits/cve_poc/exploit_poc_documentation/README.md,2fbb9eebf1287480588f859c56e450ff36378d61,CVE-2018-8201
838423437,ProjectZeroDays/AI-Driven-Zero-Click-Exploit-Deployment-Framework,src/exploits/other_exploits/cve_poc/exploit_poc_documentation/README.md,2fbb9eebf1287480588f859c56e450ff36378d61,CVE-2018-8211
838423437,ProjectZeroDays/AI-Driven-Zero-Click-Exploit-Deployment-Framework,src/exploits/other_exploits/cve_poc/exploit_poc_documentation/README.md,2fbb9eebf1287480588f859c56e450ff36378d61,CVE-2018-8212
838423437,ProjectZeroDays/AI-Driven-Zero-Click-Exploit-Deployment-Framework,src/exploits/other_exploits/cve_poc/exploit_poc_documentation/README.md,2fbb9eebf1287480588f859c56e450ff36378d61,CVE-2018-8215
838423437,ProjectZeroDays/AI-Driven-Zero-Click-Exploit-Deployment-Framework,src/exploits/other_exploits/cve_poc/exploit_poc_documentation/README.md,2fbb9eebf1287480588f859c56e450ff36378d61,CVE-2018-8216
838423437,ProjectZeroDays/AI-Driven-Zero-Click-Exploit-Deployment-Framework,src/exploits/other_exploits/cve_poc/exploit_poc_documentation/README.md,2fbb9eebf1287480588f859c56e450ff36378d61,CVE-2018-8217
838423437,ProjectZeroDays/AI-Driven-Zero-Click-Exploit-Deployment-Framework,src/exploits/other_exploits/cve_poc/exploit_poc_documentation/README.md,2fbb9eebf1287480588f859c56e450ff36378d61,CVE-2018-8221
838423437,ProjectZeroDays/AI-Driven-Zero-Click-Exploit-Deployment-Framework,src/exploits/other_exploits/cve_poc/exploit_poc_documentation/README.md,2fbb9eebf1287480588f859c56e450ff36378d61,CVE-2018-8234
838423437,ProjectZeroDays/AI-Driven-Zero-Click-Exploit-Deployment-Framework,src/exploits/other_exploits/cve_poc/exploit_poc_documentation/README.md,2fbb9eebf1287480588f859c56e450ff36378d61,CVE-2018-8235
838423437,ProjectZeroDays/AI-Driven-Zero-Click-Exploit-Deployment-Framework,src/exploits/other_exploits/cve_poc/exploit_poc_documentation/README.md,2fbb9eebf1287480588f859c56e450ff36378d61,CVE-2018-8284
838423437,ProjectZeroDays/AI-Driven-Zero-Click-Exploit-Deployment-Framework,src/exploits/other_exploits/cve_poc/exploit_poc_documentation/README.md,2fbb9eebf1287480588f859c56e450ff36378d61,CVE-2018-8353
838423437,ProjectZeroDays/AI-Driven-Zero-Click-Exploit-Deployment-Framework,src/exploits/other_exploits/cve_poc/exploit_poc_documentation/README.md,2fbb9eebf1287480588f859c56e450ff36378d61,CVE-2018-7600
838423437,ProjectZeroDays/AI-Driven-Zero-Click-Exploit-Deployment-Framework,src/exploits/other_exploits/cve_poc/exploit_poc_documentation/README.md,2fbb9eebf1287480588f859c56e450ff36378d61,CVE-2018-8355
838423437,ProjectZeroDays/AI-Driven-Zero-Click-Exploit-Deployment-Framework,src/exploits/other_exploits/cve_poc/exploit_poc_documentation/README.md,2fbb9eebf1287480588f859c56e450ff36378d61,CVE-2018-7273
838423437,ProjectZeroDays/AI-Driven-Zero-Click-Exploit-Deployment-Framework,src/exploits/other_exploits/cve_poc/exploit_poc_documentation/README.md,2fbb9eebf1287480588f859c56e450ff36378d61,CVE-2018-7182
838423437,ProjectZeroDays/AI-Driven-Zero-Click-Exploit-Deployment-Framework,src/exploits/other_exploits/cve_poc/exploit_poc_documentation/README.md,2fbb9eebf1287480588f859c56e450ff36378d61,CVE-2018-6055
838423437,ProjectZeroDays/AI-Driven-Zero-Click-Exploit-Deployment-Framework,src/exploits/other_exploits/cve_poc/exploit_poc_documentation/README.md,2fbb9eebf1287480588f859c56e450ff36378d61,CVE-2018-6056
838423437,ProjectZeroDays/AI-Driven-Zero-Click-Exploit-Deployment-Framework,src/exploits/other_exploits/cve_poc/exploit_poc_documentation/README.md,2fbb9eebf1287480588f859c56e450ff36378d61,CVE-2018-6061
838423437,ProjectZeroDays/AI-Driven-Zero-Click-Exploit-Deployment-Framework,src/exploits/other_exploits/cve_poc/exploit_poc_documentation/README.md,2fbb9eebf1287480588f859c56e450ff36378d61,CVE-2018-6064
838423437,ProjectZeroDays/AI-Driven-Zero-Click-Exploit-Deployment-Framework,src/exploits/other_exploits/cve_poc/exploit_poc_documentation/README.md,2fbb9eebf1287480588f859c56e450ff36378d61,CVE-2018-6065
838423437,ProjectZeroDays/AI-Driven-Zero-Click-Exploit-Deployment-Framework,src/exploits/other_exploits/cve_poc/exploit_poc_documentation/README.md,2fbb9eebf1287480588f859c56e450ff36378d61,CVE-2018-6072
838423437,ProjectZeroDays/AI-Driven-Zero-Click-Exploit-Deployment-Framework,src/exploits/other_exploits/cve_poc/exploit_poc_documentation/README.md,2fbb9eebf1287480588f859c56e450ff36378d61,CVE-2018-6106
838423437,ProjectZeroDays/AI-Driven-Zero-Click-Exploit-Deployment-Framework,src/exploits/other_exploits/cve_poc/exploit_poc_documentation/README.md,2fbb9eebf1287480588f859c56e450ff36378d61,CVE-2018-6128
838423437,ProjectZeroDays/AI-Driven-Zero-Click-Exploit-Deployment-Framework,src/exploits/other_exploits/cve_poc/exploit_poc_documentation/README.md,2fbb9eebf1287480588f859c56e450ff36378d61,CVE-2018-6177
838423437,ProjectZeroDays/AI-Driven-Zero-Click-Exploit-Deployment-Framework,src/exploits/other_exploits/cve_poc/exploit_poc_documentation/README.md,2fbb9eebf1287480588f859c56e450ff36378d61,CVE-2018-6184
838423437,ProjectZeroDays/AI-Driven-Zero-Click-Exploit-Deployment-Framework,src/exploits/other_exploits/cve_poc/exploit_poc_documentation/README.md,2fbb9eebf1287480588f859c56e450ff36378d61,CVE-2018-6317
838423437,ProjectZeroDays/AI-Driven-Zero-Click-Exploit-Deployment-Framework,src/exploits/other_exploits/cve_poc/exploit_poc_documentation/README.md,2fbb9eebf1287480588f859c56e450ff36378d61,CVE-2018-6376
838423437,ProjectZeroDays/AI-Driven-Zero-Click-Exploit-Deployment-Framework,src/exploits/other_exploits/cve_poc/exploit_poc_documentation/README.md,2fbb9eebf1287480588f859c56e450ff36378d61,CVE-2018-6389
838423437,ProjectZeroDays/AI-Driven-Zero-Click-Exploit-Deployment-Framework,src/exploits/other_exploits/cve_poc/exploit_poc_documentation/README.md,2fbb9eebf1287480588f859c56e450ff36378d61,CVE-2018-6460
838423437,ProjectZeroDays/AI-Driven-Zero-Click-Exploit-Deployment-Framework,src/exploits/other_exploits/cve_poc/exploit_poc_documentation/README.md,2fbb9eebf1287480588f859c56e450ff36378d61,CVE-2018-6789
838423437,ProjectZeroDays/AI-Driven-Zero-Click-Exploit-Deployment-Framework,src/exploits/other_exploits/cve_poc/exploit_poc_documentation/README.md,2fbb9eebf1287480588f859c56e450ff36378d61,CVE-2018-6794
838423437,ProjectZeroDays/AI-Driven-Zero-Click-Exploit-Deployment-Framework,src/exploits/other_exploits/cve_poc/exploit_poc_documentation/README.md,2fbb9eebf1287480588f859c56e450ff36378d61,CVE-2018-6851
838423437,ProjectZeroDays/AI-Driven-Zero-Click-Exploit-Deployment-Framework,src/exploits/other_exploits/cve_poc/exploit_poc_documentation/README.md,2fbb9eebf1287480588f859c56e450ff36378d61,CVE-2018-6852
838423437,ProjectZeroDays/AI-Driven-Zero-Click-Exploit-Deployment-Framework,src/exploits/other_exploits/cve_poc/exploit_poc_documentation/README.md,2fbb9eebf1287480588f859c56e450ff36378d61,CVE-2018-6853
838423437,ProjectZeroDays/AI-Driven-Zero-Click-Exploit-Deployment-Framework,src/exploits/other_exploits/cve_poc/exploit_poc_documentation/README.md,2fbb9eebf1287480588f859c56e450ff36378d61,CVE-2018-6854
838423437,ProjectZeroDays/AI-Driven-Zero-Click-Exploit-Deployment-Framework,src/exploits/other_exploits/cve_poc/exploit_poc_documentation/README.md,2fbb9eebf1287480588f859c56e450ff36378d61,CVE-2018-6855
838423437,ProjectZeroDays/AI-Driven-Zero-Click-Exploit-Deployment-Framework,src/exploits/other_exploits/cve_poc/exploit_poc_documentation/README.md,2fbb9eebf1287480588f859c56e450ff36378d61,CVE-2018-6856
838423437,ProjectZeroDays/AI-Driven-Zero-Click-Exploit-Deployment-Framework,src/exploits/other_exploits/cve_poc/exploit_poc_documentation/README.md,2fbb9eebf1287480588f859c56e450ff36378d61,CVE-2018-6857
838423437,ProjectZeroDays/AI-Driven-Zero-Click-Exploit-Deployment-Framework,src/exploits/other_exploits/cve_poc/exploit_poc_documentation/README.md,2fbb9eebf1287480588f859c56e450ff36378d61,CVE-2018-6871
838423437,ProjectZeroDays/AI-Driven-Zero-Click-Exploit-Deployment-Framework,src/exploits/other_exploits/cve_poc/exploit_poc_documentation/README.md,2fbb9eebf1287480588f859c56e450ff36378d61,CVE-2018-6954
838423437,ProjectZeroDays/AI-Driven-Zero-Click-Exploit-Deployment-Framework,src/exploits/other_exploits/cve_poc/exploit_poc_documentation/README.md,2fbb9eebf1287480588f859c56e450ff36378d61,CVE-2018-7260
838423437,ProjectZeroDays/AI-Driven-Zero-Click-Exploit-Deployment-Framework,src/exploits/other_exploits/cve_poc/exploit_poc_documentation/README.md,2fbb9eebf1287480588f859c56e450ff36378d61,CVE-2018-8359
838423437,ProjectZeroDays/AI-Driven-Zero-Click-Exploit-Deployment-Framework,src/exploits/other_exploits/cve_poc/exploit_poc_documentation/README.md,2fbb9eebf1287480588f859c56e450ff36378d61,CVE-2018-8367
838423437,ProjectZeroDays/AI-Driven-Zero-Click-Exploit-Deployment-Framework,src/exploits/other_exploits/cve_poc/exploit_poc_documentation/README.md,2fbb9eebf1287480588f859c56e450ff36378d61,CVE-2018-8371
838423437,ProjectZeroDays/AI-Driven-Zero-Click-Exploit-Deployment-Framework,src/exploits/other_exploits/cve_poc/exploit_poc_documentation/README.md,2fbb9eebf1287480588f859c56e450ff36378d61,CVE-2018-8955
838423437,ProjectZeroDays/AI-Driven-Zero-Click-Exploit-Deployment-Framework,src/exploits/other_exploits/cve_poc/exploit_poc_documentation/README.md,2fbb9eebf1287480588f859c56e450ff36378d61,CVE-2018-9206
838423437,ProjectZeroDays/AI-Driven-Zero-Click-Exploit-Deployment-Framework,src/exploits/other_exploits/cve_poc/exploit_poc_documentation/README.md,2fbb9eebf1287480588f859c56e450ff36378d61,CVE-2018-9341
838423437,ProjectZeroDays/AI-Driven-Zero-Click-Exploit-Deployment-Framework,src/exploits/other_exploits/cve_poc/exploit_poc_documentation/README.md,2fbb9eebf1287480588f859c56e450ff36378d61,CVE-2018-9359
838423437,ProjectZeroDays/AI-Driven-Zero-Click-Exploit-Deployment-Framework,src/exploits/other_exploits/cve_poc/exploit_poc_documentation/README.md,2fbb9eebf1287480588f859c56e450ff36378d61,CVE-2018-9360
838423437,ProjectZeroDays/AI-Driven-Zero-Click-Exploit-Deployment-Framework,src/exploits/other_exploits/cve_poc/exploit_poc_documentation/README.md,2fbb9eebf1287480588f859c56e450ff36378d61,CVE-2018-9361
838423437,ProjectZeroDays/AI-Driven-Zero-Click-Exploit-Deployment-Framework,src/exploits/other_exploits/cve_poc/exploit_poc_documentation/README.md,2fbb9eebf1287480588f859c56e450ff36378d61,CVE-2018-9411
838423437,ProjectZeroDays/AI-Driven-Zero-Click-Exploit-Deployment-Framework,src/exploits/other_exploits/cve_poc/exploit_poc_documentation/README.md,2fbb9eebf1287480588f859c56e450ff36378d61,CVE-2018-9445
838423437,ProjectZeroDays/AI-Driven-Zero-Click-Exploit-Deployment-Framework,src/exploits/other_exploits/cve_poc/exploit_poc_documentation/README.md,2fbb9eebf1287480588f859c56e450ff36378d61,CVE-2018-9995
838423437,ProjectZeroDays/AI-Driven-Zero-Click-Exploit-Deployment-Framework,src/exploits/other_exploits/cve_poc/exploit_poc_documentation/README.md,2fbb9eebf1287480588f859c56e450ff36378d61,CVE-2019-0193
838423437,ProjectZeroDays/AI-Driven-Zero-Click-Exploit-Deployment-Framework,src/exploits/other_exploits/cve_poc/exploit_poc_documentation/README.md,2fbb9eebf1287480588f859c56e450ff36378d61,CVE-2019-0211
838423437,ProjectZeroDays/AI-Driven-Zero-Click-Exploit-Deployment-Framework,src/exploits/other_exploits/cve_poc/exploit_poc_documentation/README.md,2fbb9eebf1287480588f859c56e450ff36378d61,CVE-2019-0232
838423437,ProjectZeroDays/AI-Driven-Zero-Click-Exploit-Deployment-Framework,src/exploits/other_exploits/cve_poc/exploit_poc_documentation/README.md,2fbb9eebf1287480588f859c56e450ff36378d61,CVE-2019-0539
838423437,ProjectZeroDays/AI-Driven-Zero-Click-Exploit-Deployment-Framework,src/exploits/other_exploits/cve_poc/exploit_poc_documentation/README.md,2fbb9eebf1287480588f859c56e450ff36378d61,CVE-2019-0567
838423437,ProjectZeroDays/AI-Driven-Zero-Click-Exploit-Deployment-Framework,src/exploits/other_exploits/cve_poc/exploit_poc_documentation/README.md,2fbb9eebf1287480588f859c56e450ff36378d61,CVE-2019-0568
838423437,ProjectZeroDays/AI-Driven-Zero-Click-Exploit-Deployment-Framework,src/exploits/other_exploits/cve_poc/exploit_poc_documentation/README.md,2fbb9eebf1287480588f859c56e450ff36378d61,CVE-2019-0594
838423437,ProjectZeroDays/AI-Driven-Zero-Click-Exploit-Deployment-Framework,src/exploits/other_exploits/cve_poc/exploit_poc_documentation/README.md,2fbb9eebf1287480588f859c56e450ff36378d61,CVE-2019-0604
838423437,ProjectZeroDays/AI-Driven-Zero-Click-Exploit-Deployment-Framework,src/exploits/other_exploits/cve_poc/exploit_poc_documentation/README.md,2fbb9eebf1287480588f859c56e450ff36378d61,CVE-2019-0708
838423437,ProjectZeroDays/AI-Driven-Zero-Click-Exploit-Deployment-Framework,src/exploits/other_exploits/cve_poc/exploit_poc_documentation/README.md,2fbb9eebf1287480588f859c56e450ff36378d61,CVE-2019-0730
838423437,ProjectZeroDays/AI-Driven-Zero-Click-Exploit-Deployment-Framework,src/exploits/other_exploits/cve_poc/exploit_poc_documentation/README.md,2fbb9eebf1287480588f859c56e450ff36378d61,CVE-2019-0731
838423437,ProjectZeroDays/AI-Driven-Zero-Click-Exploit-Deployment-Framework,src/exploits/other_exploits/cve_poc/exploit_poc_documentation/README.md,2fbb9eebf1287480588f859c56e450ff36378d61,CVE-2019-0796
838423437,ProjectZeroDays/AI-Driven-Zero-Click-Exploit-Deployment-Framework,src/exploits/other_exploits/cve_poc/exploit_poc_documentation/README.md,2fbb9eebf1287480588f859c56e450ff36378d61,CVE-2019-0797
838423437,ProjectZeroDays/AI-Driven-Zero-Click-Exploit-Deployment-Framework,src/exploits/other_exploits/cve_poc/exploit_poc_documentation/README.md,2fbb9eebf1287480588f859c56e450ff36378d61,CVE-2019-0805
838423437,ProjectZeroDays/AI-Driven-Zero-Click-Exploit-Deployment-Framework,src/exploits/other_exploits/cve_poc/exploit_poc_documentation/README.md,2fbb9eebf1287480588f859c56e450ff36378d61,CVE-2019-0808
838423437,ProjectZeroDays/AI-Driven-Zero-Click-Exploit-Deployment-Framework,src/exploits/other_exploits/cve_poc/exploit_poc_documentation/README.md,2fbb9eebf1287480588f859c56e450ff36378d61,CVE-2019-0836
838423437,ProjectZeroDays/AI-Driven-Zero-Click-Exploit-Deployment-Framework,src/exploits/other_exploits/cve_poc/exploit_poc_documentation/README.md,2fbb9eebf1287480588f859c56e450ff36378d61,CVE-2018-8897
838423437,ProjectZeroDays/AI-Driven-Zero-Click-Exploit-Deployment-Framework,src/exploits/other_exploits/cve_poc/exploit_poc_documentation/README.md,2fbb9eebf1287480588f859c56e450ff36378d61,CVE-2018-8819
838423437,ProjectZeroDays/AI-Driven-Zero-Click-Exploit-Deployment-Framework,src/exploits/other_exploits/cve_poc/exploit_poc_documentation/README.md,2fbb9eebf1287480588f859c56e450ff36378d61,CVE-2018-8778
838423437,ProjectZeroDays/AI-Driven-Zero-Click-Exploit-Deployment-Framework,src/exploits/other_exploits/cve_poc/exploit_poc_documentation/README.md,2fbb9eebf1287480588f859c56e450ff36378d61,CVE-2018-8736
838423437,ProjectZeroDays/AI-Driven-Zero-Click-Exploit-Deployment-Framework,src/exploits/other_exploits/cve_poc/exploit_poc_documentation/README.md,2fbb9eebf1287480588f859c56e450ff36378d61,CVE-2018-8372
838423437,ProjectZeroDays/AI-Driven-Zero-Click-Exploit-Deployment-Framework,src/exploits/other_exploits/cve_poc/exploit_poc_documentation/README.md,2fbb9eebf1287480588f859c56e450ff36378d61,CVE-2018-8373
838423437,ProjectZeroDays/AI-Driven-Zero-Click-Exploit-Deployment-Framework,src/exploits/other_exploits/cve_poc/exploit_poc_documentation/README.md,2fbb9eebf1287480588f859c56e450ff36378d61,CVE-2018-8383
838423437,ProjectZeroDays/AI-Driven-Zero-Click-Exploit-Deployment-Framework,src/exploits/other_exploits/cve_poc/exploit_poc_documentation/README.md,2fbb9eebf1287480588f859c56e450ff36378d61,CVE-2018-8385
838423437,ProjectZeroDays/AI-Driven-Zero-Click-Exploit-Deployment-Framework,src/exploits/other_exploits/cve_poc/exploit_poc_documentation/README.md,2fbb9eebf1287480588f859c56e450ff36378d61,CVE-2018-8388
838423437,ProjectZeroDays/AI-Driven-Zero-Click-Exploit-Deployment-Framework,src/exploits/other_exploits/cve_poc/exploit_poc_documentation/README.md,2fbb9eebf1287480588f859c56e450ff36378d61,CVE-2018-8389
838423437,ProjectZeroDays/AI-Driven-Zero-Click-Exploit-Deployment-Framework,src/exploits/other_exploits/cve_poc/exploit_poc_documentation/README.md,2fbb9eebf1287480588f859c56e450ff36378d61,CVE-2018-8390
838423437,ProjectZeroDays/AI-Driven-Zero-Click-Exploit-Deployment-Framework,src/exploits/other_exploits/cve_poc/exploit_poc_documentation/README.md,2fbb9eebf1287480588f859c56e450ff36378d61,CVE-2018-8414
838423437,ProjectZeroDays/AI-Driven-Zero-Click-Exploit-Deployment-Framework,src/exploits/other_exploits/cve_poc/exploit_poc_documentation/README.md,2fbb9eebf1287480588f859c56e450ff36378d61,CVE-2018-8420
838423437,ProjectZeroDays/AI-Driven-Zero-Click-Exploit-Deployment-Framework,src/exploits/other_exploits/cve_poc/exploit_poc_documentation/README.md,2fbb9eebf1287480588f859c56e450ff36378d61,CVE-2018-8421
838423437,ProjectZeroDays/AI-Driven-Zero-Click-Exploit-Deployment-Framework,src/exploits/other_exploits/cve_poc/exploit_poc_documentation/README.md,2fbb9eebf1287480588f859c56e450ff36378d61,CVE-2018-8440
838423437,ProjectZeroDays/AI-Driven-Zero-Click-Exploit-Deployment-Framework,src/exploits/other_exploits/cve_poc/exploit_poc_documentation/README.md,2fbb9eebf1287480588f859c56e450ff36378d61,CVE-2018-8465
838423437,ProjectZeroDays/AI-Driven-Zero-Click-Exploit-Deployment-Framework,src/exploits/other_exploits/cve_poc/exploit_poc_documentation/README.md,2fbb9eebf1287480588f859c56e450ff36378d61,CVE-2019-10038
838423437,ProjectZeroDays/AI-Driven-Zero-Click-Exploit-Deployment-Framework,src/exploits/other_exploits/cve_poc/exploit_poc_documentation/README.md,2fbb9eebf1287480588f859c56e450ff36378d61,CVE-2018-8466
838423437,ProjectZeroDays/AI-Driven-Zero-Click-Exploit-Deployment-Framework,src/exploits/other_exploits/cve_poc/exploit_poc_documentation/README.md,2fbb9eebf1287480588f859c56e450ff36378d61,CVE-2018-8495
838423437,ProjectZeroDays/AI-Driven-Zero-Click-Exploit-Deployment-Framework,src/exploits/other_exploits/cve_poc/exploit_poc_documentation/README.md,2fbb9eebf1287480588f859c56e450ff36378d61,CVE-2018-8527
838423437,ProjectZeroDays/AI-Driven-Zero-Click-Exploit-Deployment-Framework,src/exploits/other_exploits/cve_poc/exploit_poc_documentation/README.md,2fbb9eebf1287480588f859c56e450ff36378d61,CVE-2018-8532
838423437,ProjectZeroDays/AI-Driven-Zero-Click-Exploit-Deployment-Framework,src/exploits/other_exploits/cve_poc/exploit_poc_documentation/README.md,2fbb9eebf1287480588f859c56e450ff36378d61,CVE-2018-8533
838423437,ProjectZeroDays/AI-Driven-Zero-Click-Exploit-Deployment-Framework,src/exploits/other_exploits/cve_poc/exploit_poc_documentation/README.md,2fbb9eebf1287480588f859c56e450ff36378d61,CVE-2018-8589
838423437,ProjectZeroDays/AI-Driven-Zero-Click-Exploit-Deployment-Framework,src/exploits/other_exploits/cve_poc/exploit_poc_documentation/README.md,2fbb9eebf1287480588f859c56e450ff36378d61,CVE-2018-8611
838423437,ProjectZeroDays/AI-Driven-Zero-Click-Exploit-Deployment-Framework,src/exploits/other_exploits/cve_poc/exploit_poc_documentation/README.md,2fbb9eebf1287480588f859c56e450ff36378d61,CVE-2018-8639
838423437,ProjectZeroDays/AI-Driven-Zero-Click-Exploit-Deployment-Framework,src/exploits/other_exploits/cve_poc/exploit_poc_documentation/README.md,2fbb9eebf1287480588f859c56e450ff36378d61,CVE-2018-8641
838423437,ProjectZeroDays/AI-Driven-Zero-Click-Exploit-Deployment-Framework,src/exploits/other_exploits/cve_poc/exploit_poc_documentation/README.md,2fbb9eebf1287480588f859c56e450ff36378d61,CVE-2018-8719
838423437,ProjectZeroDays/AI-Driven-Zero-Click-Exploit-Deployment-Framework,src/exploits/other_exploits/cve_poc/exploit_poc_documentation/README.md,2fbb9eebf1287480588f859c56e450ff36378d61,CVE-2018-8733
838423437,ProjectZeroDays/AI-Driven-Zero-Click-Exploit-Deployment-Framework,src/exploits/other_exploits/cve_poc/exploit_poc_documentation/README.md,2fbb9eebf1287480588f859c56e450ff36378d61,CVE-2018-8734
838423437,ProjectZeroDays/AI-Driven-Zero-Click-Exploit-Deployment-Framework,src/exploits/other_exploits/cve_poc/exploit_poc_documentation/README.md,2fbb9eebf1287480588f859c56e450ff36378d61,CVE-2018-8735
838423437,ProjectZeroDays/AI-Driven-Zero-Click-Exploit-Deployment-Framework,src/exploits/other_exploits/cve_poc/exploit_poc_documentation/README.md,2fbb9eebf1287480588f859c56e450ff36378d61,CVE-2018-8467
838423437,ProjectZeroDays/AI-Driven-Zero-Click-Exploit-Deployment-Framework,src/exploits/other_exploits/cve_poc/exploit_poc_documentation/README.md,2fbb9eebf1287480588f859c56e450ff36378d61,CVE-2018-1111
838423437,ProjectZeroDays/AI-Driven-Zero-Click-Exploit-Deployment-Framework,src/exploits/other_exploits/cve_poc/exploit_poc_documentation/README.md,2fbb9eebf1287480588f859c56e450ff36378d61,ZDI-CAN-5290
838423437,ProjectZeroDays/AI-Driven-Zero-Click-Exploit-Deployment-Framework,src/exploits/other_exploits/cve_poc/exploit_poc_documentation/README.md,2fbb9eebf1287480588f859c56e450ff36378d61,CVE-2018-10994
838423437,ProjectZeroDays/AI-Driven-Zero-Click-Exploit-Deployment-Framework,src/exploits/other_exploits/cve_poc/exploit_poc_documentation/README.md,2fbb9eebf1287480588f859c56e450ff36378d61,CVE-2017-1000405
838423437,ProjectZeroDays/AI-Driven-Zero-Click-Exploit-Deployment-Framework,src/exploits/other_exploits/cve_poc/exploit_poc_documentation/README.md,2fbb9eebf1287480588f859c56e450ff36378d61,CVE-2017-1000379
838423437,ProjectZeroDays/AI-Driven-Zero-Click-Exploit-Deployment-Framework,src/exploits/other_exploits/cve_poc/exploit_poc_documentation/README.md,2fbb9eebf1287480588f859c56e450ff36378d61,CVE-2017-1000378
838423437,ProjectZeroDays/AI-Driven-Zero-Click-Exploit-Deployment-Framework,src/exploits/other_exploits/cve_poc/exploit_poc_documentation/README.md,2fbb9eebf1287480588f859c56e450ff36378d61,CVE-2017-1000377
838423437,ProjectZeroDays/AI-Driven-Zero-Click-Exploit-Deployment-Framework,src/exploits/other_exploits/cve_poc/exploit_poc_documentation/README.md,2fbb9eebf1287480588f859c56e450ff36378d61,CVE-2017-1000376
838423437,ProjectZeroDays/AI-Driven-Zero-Click-Exploit-Deployment-Framework,src/exploits/other_exploits/cve_poc/exploit_poc_documentation/README.md,2fbb9eebf1287480588f859c56e450ff36378d61,CVE-2017-1000375
838423437,ProjectZeroDays/AI-Driven-Zero-Click-Exploit-Deployment-Framework,src/exploits/other_exploits/cve_poc/exploit_poc_documentation/README.md,2fbb9eebf1287480588f859c56e450ff36378d61,CVE-2017-1000374
838423437,ProjectZeroDays/AI-Driven-Zero-Click-Exploit-Deployment-Framework,src/exploits/other_exploits/cve_poc/exploit_poc_documentation/README.md,2fbb9eebf1287480588f859c56e450ff36378d61,CVE-2017-1000373
838423437,ProjectZeroDays/AI-Driven-Zero-Click-Exploit-Deployment-Framework,src/exploits/other_exploits/cve_poc/exploit_poc_documentation/README.md,2fbb9eebf1287480588f859c56e450ff36378d61,CVE-2017-1000424
838423437,ProjectZeroDays/AI-Driven-Zero-Click-Exploit-Deployment-Framework,src/exploits/other_exploits/cve_poc/exploit_poc_documentation/README.md,2fbb9eebf1287480588f859c56e450ff36378d61,CVE-2017-1000372
838423437,ProjectZeroDays/AI-Driven-Zero-Click-Exploit-Deployment-Framework,src/exploits/other_exploits/cve_poc/exploit_poc_documentation/README.md,2fbb9eebf1287480588f859c56e450ff36378d61,CVE-2017-1000370
838423437,ProjectZeroDays/AI-Driven-Zero-Click-Exploit-Deployment-Framework,src/exploits/other_exploits/cve_poc/exploit_poc_documentation/README.md,2fbb9eebf1287480588f859c56e450ff36378d61,CVE-2017-1000369
838423437,ProjectZeroDays/AI-Driven-Zero-Click-Exploit-Deployment-Framework,src/exploits/other_exploits/cve_poc/exploit_poc_documentation/README.md,2fbb9eebf1287480588f859c56e450ff36378d61,CVE-2017-1000367
838423437,ProjectZeroDays/AI-Driven-Zero-Click-Exploit-Deployment-Framework,src/exploits/other_exploits/cve_poc/exploit_poc_documentation/README.md,2fbb9eebf1287480588f859c56e450ff36378d61,CVE-2017-1000366
838423437,ProjectZeroDays/AI-Driven-Zero-Click-Exploit-Deployment-Framework,src/exploits/other_exploits/cve_poc/exploit_poc_documentation/README.md,2fbb9eebf1287480588f859c56e450ff36378d61,CVE-2017-1000365
838423437,ProjectZeroDays/AI-Driven-Zero-Click-Exploit-Deployment-Framework,src/exploits/other_exploits/cve_poc/exploit_poc_documentation/README.md,2fbb9eebf1287480588f859c56e450ff36378d61,CVE-2017-1000364
838423437,ProjectZeroDays/AI-Driven-Zero-Click-Exploit-Deployment-Framework,src/exploits/other_exploits/cve_poc/exploit_poc_documentation/README.md,2fbb9eebf1287480588f859c56e450ff36378d61,CVE-2017-1000353
838423437,ProjectZeroDays/AI-Driven-Zero-Click-Exploit-Deployment-Framework,src/exploits/other_exploits/cve_poc/exploit_poc_documentation/README.md,2fbb9eebf1287480588f859c56e450ff36378d61,CVE-2017-1000251
838423437,ProjectZeroDays/AI-Driven-Zero-Click-Exploit-Deployment-Framework,src/exploits/other_exploits/cve_poc/exploit_poc_documentation/README.md,2fbb9eebf1287480588f859c56e450ff36378d61,CVE-2017-1000371
838423437,ProjectZeroDays/AI-Driven-Zero-Click-Exploit-Deployment-Framework,src/exploits/other_exploits/cve_poc/exploit_poc_documentation/README.md,2fbb9eebf1287480588f859c56e450ff36378d61,CVE-2017-1000459
838423437,ProjectZeroDays/AI-Driven-Zero-Click-Exploit-Deployment-Framework,src/exploits/other_exploits/cve_poc/exploit_poc_documentation/README.md,2fbb9eebf1287480588f859c56e450ff36378d61,CVE-2017-1002101
838423437,ProjectZeroDays/AI-Driven-Zero-Click-Exploit-Deployment-Framework,src/exploits/other_exploits/cve_poc/exploit_poc_documentation/README.md,2fbb9eebf1287480588f859c56e450ff36378d61,CVE-2017-10271
838423437,ProjectZeroDays/AI-Driven-Zero-Click-Exploit-Deployment-Framework,src/exploits/other_exploits/cve_poc/exploit_poc_documentation/README.md,2fbb9eebf1287480588f859c56e450ff36378d61,CVE-2017-11796
838423437,ProjectZeroDays/AI-Driven-Zero-Click-Exploit-Deployment-Framework,src/exploits/other_exploits/cve_poc/exploit_poc_documentation/README.md,2fbb9eebf1287480588f859c56e450ff36378d61,CVE-2017-11793
838423437,ProjectZeroDays/AI-Driven-Zero-Click-Exploit-Deployment-Framework,src/exploits/other_exploits/cve_poc/exploit_poc_documentation/README.md,2fbb9eebf1287480588f859c56e450ff36378d61,CVE-2017-11792
838423437,ProjectZeroDays/AI-Driven-Zero-Click-Exploit-Deployment-Framework,src/exploits/other_exploits/cve_poc/exploit_poc_documentation/README.md,2fbb9eebf1287480588f859c56e450ff36378d61,CVE-2017-11779
838423437,ProjectZeroDays/AI-Driven-Zero-Click-Exploit-Deployment-Framework,src/exploits/other_exploits/cve_poc/exploit_poc_documentation/README.md,2fbb9eebf1287480588f859c56e450ff36378d61,CVE-2017-11774
838423437,ProjectZeroDays/AI-Driven-Zero-Click-Exploit-Deployment-Framework,src/exploits/other_exploits/cve_poc/exploit_poc_documentation/README.md,2fbb9eebf1287480588f859c56e450ff36378d61,CVE-2017-11766
838423437,ProjectZeroDays/AI-Driven-Zero-Click-Exploit-Deployment-Framework,src/exploits/other_exploits/cve_poc/exploit_poc_documentation/README.md,2fbb9eebf1287480588f859c56e450ff36378d61,CVE-2017-11764
838423437,ProjectZeroDays/AI-Driven-Zero-Click-Exploit-Deployment-Framework,src/exploits/other_exploits/cve_poc/exploit_poc_documentation/README.md,2fbb9eebf1287480588f859c56e450ff36378d61,CVE-2017-11610
838423437,ProjectZeroDays/AI-Driven-Zero-Click-Exploit-Deployment-Framework,src/exploits/other_exploits/cve_poc/exploit_poc_documentation/README.md,2fbb9eebf1287480588f859c56e450ff36378d61,CVE-2017-11444
838423437,ProjectZeroDays/AI-Driven-Zero-Click-Exploit-Deployment-Framework,src/exploits/other_exploits/cve_poc/exploit_poc_documentation/README.md,2fbb9eebf1287480588f859c56e450ff36378d61,CVE-2017-11421
838423437,ProjectZeroDays/AI-Driven-Zero-Click-Exploit-Deployment-Framework,src/exploits/other_exploits/cve_poc/exploit_poc_documentation/README.md,2fbb9eebf1287480588f859c56e450ff36378d61,CVE-2017-11357
838423437,ProjectZeroDays/AI-Driven-Zero-Click-Exploit-Deployment-Framework,src/exploits/other_exploits/cve_poc/exploit_poc_documentation/README.md,2fbb9eebf1287480588f859c56e450ff36378d61,CVE-2017-11317
838423437,ProjectZeroDays/AI-Driven-Zero-Click-Exploit-Deployment-Framework,src/exploits/other_exploits/cve_poc/exploit_poc_documentation/README.md,2fbb9eebf1287480588f859c56e450ff36378d61,CVE-2017-11120
838423437,ProjectZeroDays/AI-Driven-Zero-Click-Exploit-Deployment-Framework,src/exploits/other_exploits/cve_poc/exploit_poc_documentation/README.md,2fbb9eebf1287480588f859c56e450ff36378d61,CVE-2017-11105
838423437,ProjectZeroDays/AI-Driven-Zero-Click-Exploit-Deployment-Framework,src/exploits/other_exploits/cve_poc/exploit_poc_documentation/README.md,2fbb9eebf1287480588f859c56e450ff36378d61,CVE-2017-1085
838423437,ProjectZeroDays/AI-Driven-Zero-Click-Exploit-Deployment-Framework,src/exploits/other_exploits/cve_poc/exploit_poc_documentation/README.md,2fbb9eebf1287480588f859c56e450ff36378d61,CVE-2017-1084
838423437,ProjectZeroDays/AI-Driven-Zero-Click-Exploit-Deployment-Framework,src/exploits/other_exploits/cve_poc/exploit_poc_documentation/README.md,2fbb9eebf1287480588f859c56e450ff36378d61,CVE-2017-1083
838423437,ProjectZeroDays/AI-Driven-Zero-Click-Exploit-Deployment-Framework,src/exploits/other_exploits/cve_poc/exploit_poc_documentation/README.md,2fbb9eebf1287480588f859c56e450ff36378d61,CVE-2017-1082
838423437,ProjectZeroDays/AI-Driven-Zero-Click-Exploit-Deployment-Framework,src/exploits/other_exploits/cve_poc/exploit_poc_documentation/README.md,2fbb9eebf1287480588f859c56e450ff36378d61,CVE-2017-10661
838423437,ProjectZeroDays/AI-Driven-Zero-Click-Exploit-Deployment-Framework,src/exploits/other_exploits/cve_poc/exploit_poc_documentation/README.md,2fbb9eebf1287480588f859c56e450ff36378d61,CVE-2017-1000117
838423437,ProjectZeroDays/AI-Driven-Zero-Click-Exploit-Deployment-Framework,src/exploits/other_exploits/cve_poc/exploit_poc_documentation/README.md,2fbb9eebf1287480588f859c56e450ff36378d61,CVE-2017-1000112
838423437,ProjectZeroDays/AI-Driven-Zero-Click-Exploit-Deployment-Framework,src/exploits/other_exploits/cve_poc/exploit_poc_documentation/README.md,2fbb9eebf1287480588f859c56e450ff36378d61,CVE-2017-0820
838423437,ProjectZeroDays/AI-Driven-Zero-Click-Exploit-Deployment-Framework,src/exploits/other_exploits/cve_poc/exploit_poc_documentation/README.md,2fbb9eebf1287480588f859c56e450ff36378d61,CVE-2017-0814
838423437,ProjectZeroDays/AI-Driven-Zero-Click-Exploit-Deployment-Framework,src/exploits/other_exploits/cve_poc/exploit_poc_documentation/README.md,2fbb9eebf1287480588f859c56e450ff36378d61,CVE-2017-0497
838423437,ProjectZeroDays/AI-Driven-Zero-Click-Exploit-Deployment-Framework,src/exploits/other_exploits/cve_poc/exploit_poc_documentation/README.md,2fbb9eebf1287480588f859c56e450ff36378d61,CVE-2017-0475
838423437,ProjectZeroDays/AI-Driven-Zero-Click-Exploit-Deployment-Framework,src/exploits/other_exploits/cve_poc/exploit_poc_documentation/README.md,2fbb9eebf1287480588f859c56e450ff36378d61,CVE-2017-0474
838423437,ProjectZeroDays/AI-Driven-Zero-Click-Exploit-Deployment-Framework,src/exploits/other_exploits/cve_poc/exploit_poc_documentation/README.md,2fbb9eebf1287480588f859c56e450ff36378d61,CVE-2017-0392
838423437,ProjectZeroDays/AI-Driven-Zero-Click-Exploit-Deployment-Framework,src/exploits/other_exploits/cve_poc/exploit_poc_documentation/README.md,2fbb9eebf1287480588f859c56e450ff36378d61,CVE-2017-0290
838423437,ProjectZeroDays/AI-Driven-Zero-Click-Exploit-Deployment-Framework,src/exploits/other_exploits/cve_poc/exploit_poc_documentation/README.md,2fbb9eebf1287480588f859c56e450ff36378d61,CVE-2017-0283
838423437,ProjectZeroDays/AI-Driven-Zero-Click-Exploit-Deployment-Framework,src/exploits/other_exploits/cve_poc/exploit_poc_documentation/README.md,2fbb9eebf1287480588f859c56e450ff36378d61,CVE-2017-0263
838423437,ProjectZeroDays/AI-Driven-Zero-Click-Exploit-Deployment-Framework,src/exploits/other_exploits/cve_poc/exploit_poc_documentation/README.md,2fbb9eebf1287480588f859c56e450ff36378d61,CVE-2017-0243
838423437,ProjectZeroDays/AI-Driven-Zero-Click-Exploit-Deployment-Framework,src/exploits/other_exploits/cve_poc/exploit_poc_documentation/README.md,2fbb9eebf1287480588f859c56e450ff36378d61,CVE-2017-0238
838423437,ProjectZeroDays/AI-Driven-Zero-Click-Exploit-Deployment-Framework,src/exploits/other_exploits/cve_poc/exploit_poc_documentation/README.md,2fbb9eebf1287480588f859c56e450ff36378d61,CVE-2017-0236
838423437,ProjectZeroDays/AI-Driven-Zero-Click-Exploit-Deployment-Framework,src/exploits/other_exploits/cve_poc/exploit_poc_documentation/README.md,2fbb9eebf1287480588f859c56e450ff36378d61,CVE-2017-0235
838423437,ProjectZeroDays/AI-Driven-Zero-Click-Exploit-Deployment-Framework,src/exploits/other_exploits/cve_poc/exploit_poc_documentation/README.md,2fbb9eebf1287480588f859c56e450ff36378d61,CVE-2017-0234
838423437,ProjectZeroDays/AI-Driven-Zero-Click-Exploit-Deployment-Framework,src/exploits/other_exploits/cve_poc/exploit_poc_documentation/README.md,2fbb9eebf1287480588f859c56e450ff36378d61,CVE-2017-0230
838423437,ProjectZeroDays/AI-Driven-Zero-Click-Exploit-Deployment-Framework,src/exploits/other_exploits/cve_poc/exploit_poc_documentation/README.md,2fbb9eebf1287480588f859c56e450ff36378d61,CVE-2017-0229
838423437,ProjectZeroDays/AI-Driven-Zero-Click-Exploit-Deployment-Framework,src/exploits/other_exploits/cve_poc/exploit_poc_documentation/README.md,2fbb9eebf1287480588f859c56e450ff36378d61,CVE-2017-0228
838423437,ProjectZeroDays/AI-Driven-Zero-Click-Exploit-Deployment-Framework,src/exploits/other_exploits/cve_poc/exploit_poc_documentation/README.md,2fbb9eebf1287480588f859c56e450ff36378d61,CVE-2017-0224
838423437,ProjectZeroDays/AI-Driven-Zero-Click-Exploit-Deployment-Framework,src/exploits/other_exploits/cve_poc/exploit_poc_documentation/README.md,2fbb9eebf1287480588f859c56e450ff36378d61,CVE-2017-0214
838423437,ProjectZeroDays/AI-Driven-Zero-Click-Exploit-Deployment-Framework,src/exploits/other_exploits/cve_poc/exploit_poc_documentation/README.md,2fbb9eebf1287480588f859c56e450ff36378d61,CVE-2017-0213
838423437,ProjectZeroDays/AI-Driven-Zero-Click-Exploit-Deployment-Framework,src/exploits/other_exploits/cve_poc/exploit_poc_documentation/README.md,2fbb9eebf1287480588f859c56e450ff36378d61,CVE-2017-0199
838423437,ProjectZeroDays/AI-Driven-Zero-Click-Exploit-Deployment-Framework,src/exploits/other_exploits/cve_poc/exploit_poc_documentation/README.md,2fbb9eebf1287480588f859c56e450ff36378d61,CVE-2017-0521
838423437,ProjectZeroDays/AI-Driven-Zero-Click-Exploit-Deployment-Framework,src/exploits/other_exploits/cve_poc/exploit_poc_documentation/README.md,2fbb9eebf1287480588f859c56e450ff36378d61,CVE-2017-11797
838423437,ProjectZeroDays/AI-Driven-Zero-Click-Exploit-Deployment-Framework,src/exploits/other_exploits/cve_poc/exploit_poc_documentation/README.md,2fbb9eebf1287480588f859c56e450ff36378d61,CVE-2017-0531
838423437,ProjectZeroDays/AI-Driven-Zero-Click-Exploit-Deployment-Framework,src/exploits/other_exploits/cve_poc/exploit_poc_documentation/README.md,2fbb9eebf1287480588f859c56e450ff36378d61,CVE-2017-0548
838423437,ProjectZeroDays/AI-Driven-Zero-Click-Exploit-Deployment-Framework,src/exploits/other_exploits/cve_poc/exploit_poc_documentation/README.md,2fbb9eebf1287480588f859c56e450ff36378d61,CVE-2017-0813
838423437,ProjectZeroDays/AI-Driven-Zero-Click-Exploit-Deployment-Framework,src/exploits/other_exploits/cve_poc/exploit_poc_documentation/README.md,2fbb9eebf1287480588f859c56e450ff36378d61,CVE-2017-0785
838423437,ProjectZeroDays/AI-Driven-Zero-Click-Exploit-Deployment-Framework,src/exploits/other_exploits/cve_poc/exploit_poc_documentation/README.md,2fbb9eebf1287480588f859c56e450ff36378d61,CVE-2017-0781
838423437,ProjectZeroDays/AI-Driven-Zero-Click-Exploit-Deployment-Framework,src/exploits/other_exploits/cve_poc/exploit_poc_documentation/README.md,2fbb9eebf1287480588f859c56e450ff36378d61,CVE-2017-0778
838423437,ProjectZeroDays/AI-Driven-Zero-Click-Exploit-Deployment-Framework,src/exploits/other_exploits/cve_poc/exploit_poc_documentation/README.md,2fbb9eebf1287480588f859c56e450ff36378d61,CVE-2017-0777
838423437,ProjectZeroDays/AI-Driven-Zero-Click-Exploit-Deployment-Framework,src/exploits/other_exploits/cve_poc/exploit_poc_documentation/README.md,2fbb9eebf1287480588f859c56e450ff36378d61,CVE-2017-0776
838423437,ProjectZeroDays/AI-Driven-Zero-Click-Exploit-Deployment-Framework,src/exploits/other_exploits/cve_poc/exploit_poc_documentation/README.md,2fbb9eebf1287480588f859c56e450ff36378d61,CVE-2017-0764
838423437,ProjectZeroDays/AI-Driven-Zero-Click-Exploit-Deployment-Framework,src/exploits/other_exploits/cve_poc/exploit_poc_documentation/README.md,2fbb9eebf1287480588f859c56e450ff36378d61,CVE-2017-0761
838423437,ProjectZeroDays/AI-Driven-Zero-Click-Exploit-Deployment-Framework,src/exploits/other_exploits/cve_poc/exploit_poc_documentation/README.md,2fbb9eebf1287480588f859c56e450ff36378d61,CVE-2017-0760
838423437,ProjectZeroDays/AI-Driven-Zero-Click-Exploit-Deployment-Framework,src/exploits/other_exploits/cve_poc/exploit_poc_documentation/README.md,2fbb9eebf1287480588f859c56e450ff36378d61,CVE-2017-0758
838423437,ProjectZeroDays/AI-Driven-Zero-Click-Exploit-Deployment-Framework,src/exploits/other_exploits/cve_poc/exploit_poc_documentation/README.md,2fbb9eebf1287480588f859c56e450ff36378d61,CVE-2017-0745
838423437,ProjectZeroDays/AI-Driven-Zero-Click-Exploit-Deployment-Framework,src/exploits/other_exploits/cve_poc/exploit_poc_documentation/README.md,2fbb9eebf1287480588f859c56e450ff36378d61,CVE-2017-0722
838423437,ProjectZeroDays/AI-Driven-Zero-Click-Exploit-Deployment-Framework,src/exploits/other_exploits/cve_poc/exploit_poc_documentation/README.md,2fbb9eebf1287480588f859c56e450ff36378d61,CVE-2017-0720
838423437,ProjectZeroDays/AI-Driven-Zero-Click-Exploit-Deployment-Framework,src/exploits/other_exploits/cve_poc/exploit_poc_documentation/README.md,2fbb9eebf1287480588f859c56e450ff36378d61,CVE-2017-0719
838423437,ProjectZeroDays/AI-Driven-Zero-Click-Exploit-Deployment-Framework,src/exploits/other_exploits/cve_poc/exploit_poc_documentation/README.md,2fbb9eebf1287480588f859c56e450ff36378d61,CVE-2017-0718
838423437,ProjectZeroDays/AI-Driven-Zero-Click-Exploit-Deployment-Framework,src/exploits/other_exploits/cve_poc/exploit_poc_documentation/README.md,2fbb9eebf1287480588f859c56e450ff36378d61,CVE-2017-0714
838423437,ProjectZeroDays/AI-Driven-Zero-Click-Exploit-Deployment-Framework,src/exploits/other_exploits/cve_poc/exploit_poc_documentation/README.md,2fbb9eebf1287480588f859c56e450ff36378d61,CVE-2017-0678
838423437,ProjectZeroDays/AI-Driven-Zero-Click-Exploit-Deployment-Framework,src/exploits/other_exploits/cve_poc/exploit_poc_documentation/README.md,2fbb9eebf1287480588f859c56e450ff36378d61,CVE-2017-0641
838423437,ProjectZeroDays/AI-Driven-Zero-Click-Exploit-Deployment-Framework,src/exploits/other_exploits/cve_poc/exploit_poc_documentation/README.md,2fbb9eebf1287480588f859c56e450ff36378d61,CVE-2017-0576
838423437,ProjectZeroDays/AI-Driven-Zero-Click-Exploit-Deployment-Framework,src/exploits/other_exploits/cve_poc/exploit_poc_documentation/README.md,2fbb9eebf1287480588f859c56e450ff36378d61,CVE-2017-0541
838423437,ProjectZeroDays/AI-Driven-Zero-Click-Exploit-Deployment-Framework,src/exploits/other_exploits/cve_poc/exploit_poc_documentation/README.md,2fbb9eebf1287480588f859c56e450ff36378d61,CVE-2017-11798
838423437,ProjectZeroDays/AI-Driven-Zero-Click-Exploit-Deployment-Framework,src/exploits/other_exploits/cve_poc/exploit_poc_documentation/README.md,2fbb9eebf1287480588f859c56e450ff36378d61,CVE-2017-11799
838423437,ProjectZeroDays/AI-Driven-Zero-Click-Exploit-Deployment-Framework,src/exploits/other_exploits/cve_poc/exploit_poc_documentation/README.md,2fbb9eebf1287480588f859c56e450ff36378d61,CVE-2017-11800
838423437,ProjectZeroDays/AI-Driven-Zero-Click-Exploit-Deployment-Framework,src/exploits/other_exploits/cve_poc/exploit_poc_documentation/README.md,2fbb9eebf1287480588f859c56e450ff36378d61,CVE-2017-13089
838423437,ProjectZeroDays/AI-Driven-Zero-Click-Exploit-Deployment-Framework,src/exploits/other_exploits/cve_poc/exploit_poc_documentation/README.md,2fbb9eebf1287480588f859c56e450ff36378d61,CVE-2017-12617
838423437,ProjectZeroDays/AI-Driven-Zero-Click-Exploit-Deployment-Framework,src/exploits/other_exploits/cve_poc/exploit_poc_documentation/README.md,2fbb9eebf1287480588f859c56e450ff36378d61,CVE-2017-12615
838423437,ProjectZeroDays/AI-Driven-Zero-Click-Exploit-Deployment-Framework,src/exploits/other_exploits/cve_poc/exploit_poc_documentation/README.md,2fbb9eebf1287480588f859c56e450ff36378d61,CVE-2017-12611
838423437,ProjectZeroDays/AI-Driven-Zero-Click-Exploit-Deployment-Framework,src/exploits/other_exploits/cve_poc/exploit_poc_documentation/README.md,2fbb9eebf1287480588f859c56e450ff36378d61,CVE-2017-12581
838423437,ProjectZeroDays/AI-Driven-Zero-Click-Exploit-Deployment-Framework,src/exploits/other_exploits/cve_poc/exploit_poc_documentation/README.md,2fbb9eebf1287480588f859c56e450ff36378d61,CVE-2017-12542
838423437,ProjectZeroDays/AI-Driven-Zero-Click-Exploit-Deployment-Framework,src/exploits/other_exploits/cve_poc/exploit_poc_documentation/README.md,2fbb9eebf1287480588f859c56e450ff36378d61,CVE-2018-11101
838423437,ProjectZeroDays/AI-Driven-Zero-Click-Exploit-Deployment-Framework,src/exploits/other_exploits/cve_poc/exploit_poc_documentation/README.md,2fbb9eebf1287480588f859c56e450ff36378d61,CVE-2017-12098
838423437,ProjectZeroDays/AI-Driven-Zero-Click-Exploit-Deployment-Framework,src/exploits/other_exploits/cve_poc/exploit_poc_documentation/README.md,2fbb9eebf1287480588f859c56e450ff36378d61,CVE-2017-12097
838423437,ProjectZeroDays/AI-Driven-Zero-Click-Exploit-Deployment-Framework,src/exploits/other_exploits/cve_poc/exploit_poc_documentation/README.md,2fbb9eebf1287480588f859c56e450ff36378d61,CVE-2017-11930
838423437,ProjectZeroDays/AI-Driven-Zero-Click-Exploit-Deployment-Framework,src/exploits/other_exploits/cve_poc/exploit_poc_documentation/README.md,2fbb9eebf1287480588f859c56e450ff36378d61,CVE-2017-11919
838423437,ProjectZeroDays/AI-Driven-Zero-Click-Exploit-Deployment-Framework,src/exploits/other_exploits/cve_poc/exploit_poc_documentation/README.md,2fbb9eebf1287480588f859c56e450ff36378d61,CVE-2017-11918
838423437,ProjectZeroDays/AI-Driven-Zero-Click-Exploit-Deployment-Framework,src/exploits/other_exploits/cve_poc/exploit_poc_documentation/README.md,2fbb9eebf1287480588f859c56e450ff36378d61,CVE-2017-11916
838423437,ProjectZeroDays/AI-Driven-Zero-Click-Exploit-Deployment-Framework,src/exploits/other_exploits/cve_poc/exploit_poc_documentation/README.md,2fbb9eebf1287480588f859c56e450ff36378d61,CVE-2017-11914
838423437,ProjectZeroDays/AI-Driven-Zero-Click-Exploit-Deployment-Framework,src/exploits/other_exploits/cve_poc/exploit_poc_documentation/README.md,2fbb9eebf1287480588f859c56e450ff36378d61,CVE-2017-11913
838423437,ProjectZeroDays/AI-Driven-Zero-Click-Exploit-Deployment-Framework,src/exploits/other_exploits/cve_poc/exploit_poc_documentation/README.md,2fbb9eebf1287480588f859c56e450ff36378d61,CVE-2017-11912
838423437,ProjectZeroDays/AI-Driven-Zero-Click-Exploit-Deployment-Framework,src/exploits/other_exploits/cve_poc/exploit_poc_documentation/README.md,2fbb9eebf1287480588f859c56e450ff36378d61,CVE-2017-11911
838423437,ProjectZeroDays/AI-Driven-Zero-Click-Exploit-Deployment-Framework,src/exploits/other_exploits/cve_poc/exploit_poc_documentation/README.md,2fbb9eebf1287480588f859c56e450ff36378d61,CVE-2017-11910
838423437,ProjectZeroDays/AI-Driven-Zero-Click-Exploit-Deployment-Framework,src/exploits/other_exploits/cve_poc/exploit_poc_documentation/README.md,2fbb9eebf1287480588f859c56e450ff36378d61,CVE-2017-11909
838423437,ProjectZeroDays/AI-Driven-Zero-Click-Exploit-Deployment-Framework,src/exploits/other_exploits/cve_poc/exploit_poc_documentation/README.md,2fbb9eebf1287480588f859c56e450ff36378d61,CVE-2017-13156
838423437,ProjectZeroDays/AI-Driven-Zero-Click-Exploit-Deployment-Framework,src/exploits/other_exploits/cve_poc/exploit_poc_documentation/README.md,2fbb9eebf1287480588f859c56e450ff36378d61,CVE-2017-11908
838423437,ProjectZeroDays/AI-Driven-Zero-Click-Exploit-Deployment-Framework,src/exploits/other_exploits/cve_poc/exploit_poc_documentation/README.md,2fbb9eebf1287480588f859c56e450ff36378d61,CVE-2017-13253
838423437,ProjectZeroDays/AI-Driven-Zero-Click-Exploit-Deployment-Framework,src/exploits/other_exploits/cve_poc/exploit_poc_documentation/README.md,2fbb9eebf1287480588f859c56e450ff36378d61,CVE-2017-13260
838423437,ProjectZeroDays/AI-Driven-Zero-Click-Exploit-Deployment-Framework,src/exploits/other_exploits/cve_poc/exploit_poc_documentation/README.md,2fbb9eebf1287480588f859c56e450ff36378d61,CVE-2017-15398
838423437,ProjectZeroDays/AI-Driven-Zero-Click-Exploit-Deployment-Framework,src/exploits/other_exploits/cve_poc/exploit_poc_documentation/README.md,2fbb9eebf1287480588f859c56e450ff36378d61,CVE-2017-15396
838423437,ProjectZeroDays/AI-Driven-Zero-Click-Exploit-Deployment-Framework,src/exploits/other_exploits/cve_poc/exploit_poc_documentation/README.md,2fbb9eebf1287480588f859c56e450ff36378d61,CVE-2017-15388
838423437,ProjectZeroDays/AI-Driven-Zero-Click-Exploit-Deployment-Framework,src/exploits/other_exploits/cve_poc/exploit_poc_documentation/README.md,2fbb9eebf1287480588f859c56e450ff36378d61,CVE-2017-15361
838423437,ProjectZeroDays/AI-Driven-Zero-Click-Exploit-Deployment-Framework,src/exploits/other_exploits/cve_poc/exploit_poc_documentation/README.md,2fbb9eebf1287480588f859c56e450ff36378d61,CVE-2017-15303
838423437,ProjectZeroDays/AI-Driven-Zero-Click-Exploit-Deployment-Framework,src/exploits/other_exploits/cve_poc/exploit_poc_documentation/README.md,2fbb9eebf1287480588f859c56e450ff36378d61,CVE-2017-15277
838423437,ProjectZeroDays/AI-Driven-Zero-Click-Exploit-Deployment-Framework,src/exploits/other_exploits/cve_poc/exploit_poc_documentation/README.md,2fbb9eebf1287480588f859c56e450ff36378d61,CVE-2017-14904
838423437,ProjectZeroDays/AI-Driven-Zero-Click-Exploit-Deployment-Framework,src/exploits/other_exploits/cve_poc/exploit_poc_documentation/README.md,2fbb9eebf1287480588f859c56e450ff36378d61,CVE-2017-14496
838423437,ProjectZeroDays/AI-Driven-Zero-Click-Exploit-Deployment-Framework,src/exploits/other_exploits/cve_poc/exploit_poc_documentation/README.md,2fbb9eebf1287480588f859c56e450ff36378d61,CVE-2017-14495
838423437,ProjectZeroDays/AI-Driven-Zero-Click-Exploit-Deployment-Framework,src/exploits/other_exploits/cve_poc/exploit_poc_documentation/README.md,2fbb9eebf1287480588f859c56e450ff36378d61,CVE-2017-14494
838423437,ProjectZeroDays/AI-Driven-Zero-Click-Exploit-Deployment-Framework,src/exploits/other_exploits/cve_poc/exploit_poc_documentation/README.md,2fbb9eebf1287480588f859c56e450ff36378d61,CVE-2017-14493
838423437,ProjectZeroDays/AI-Driven-Zero-Click-Exploit-Deployment-Framework,src/exploits/other_exploits/cve_poc/exploit_poc_documentation/README.md,2fbb9eebf1287480588f859c56e450ff36378d61,CVE-2017-14492
838423437,ProjectZeroDays/AI-Driven-Zero-Click-Exploit-Deployment-Framework,src/exploits/other_exploits/cve_poc/exploit_poc_documentation/README.md,2fbb9eebf1287480588f859c56e450ff36378d61,CVE-2017-14491
838423437,ProjectZeroDays/AI-Driven-Zero-Click-Exploit-Deployment-Framework,src/exploits/other_exploits/cve_poc/exploit_poc_documentation/README.md,2fbb9eebf1287480588f859c56e450ff36378d61,CVE-2017-14335
838423437,ProjectZeroDays/AI-Driven-Zero-Click-Exploit-Deployment-Framework,src/exploits/other_exploits/cve_poc/exploit_poc_documentation/README.md,2fbb9eebf1287480588f859c56e450ff36378d61,CVE-2017-14135
838423437,ProjectZeroDays/AI-Driven-Zero-Click-Exploit-Deployment-Framework,src/exploits/other_exploits/cve_poc/exploit_poc_documentation/README.md,2fbb9eebf1287480588f859c56e450ff36378d61,CVE-2017-13792
838423437,ProjectZeroDays/AI-Driven-Zero-Click-Exploit-Deployment-Framework,src/exploits/other_exploits/cve_poc/exploit_poc_documentation/README.md,2fbb9eebf1287480588f859c56e450ff36378d61,CVE-2017-13791
838423437,ProjectZeroDays/AI-Driven-Zero-Click-Exploit-Deployment-Framework,src/exploits/other_exploits/cve_poc/exploit_poc_documentation/README.md,2fbb9eebf1287480588f859c56e450ff36378d61,CVE-2017-13262
838423437,ProjectZeroDays/AI-Driven-Zero-Click-Exploit-Deployment-Framework,src/exploits/other_exploits/cve_poc/exploit_poc_documentation/README.md,2fbb9eebf1287480588f859c56e450ff36378d61,CVE-2017-13261
838423437,ProjectZeroDays/AI-Driven-Zero-Click-Exploit-Deployment-Framework,src/exploits/other_exploits/cve_poc/exploit_poc_documentation/README.md,2fbb9eebf1287480588f859c56e450ff36378d61,CVE-2017-13258
838423437,ProjectZeroDays/AI-Driven-Zero-Click-Exploit-Deployment-Framework,src/exploits/other_exploits/cve_poc/exploit_poc_documentation/README.md,2fbb9eebf1287480588f859c56e450ff36378d61,CVE-2017-0151
838423437,ProjectZeroDays/AI-Driven-Zero-Click-Exploit-Deployment-Framework,src/exploits/other_exploits/cve_poc/exploit_poc_documentation/README.md,2fbb9eebf1287480588f859c56e450ff36378d61,CVE-2017-11907
838423437,ProjectZeroDays/AI-Driven-Zero-Click-Exploit-Deployment-Framework,src/exploits/other_exploits/cve_poc/exploit_poc_documentation/README.md,2fbb9eebf1287480588f859c56e450ff36378d61,CVE-2017-11905
838423437,ProjectZeroDays/AI-Driven-Zero-Click-Exploit-Deployment-Framework,src/exploits/other_exploits/cve_poc/exploit_poc_documentation/README.md,2fbb9eebf1287480588f859c56e450ff36378d61,CVE-2017-11843
838423437,ProjectZeroDays/AI-Driven-Zero-Click-Exploit-Deployment-Framework,src/exploits/other_exploits/cve_poc/exploit_poc_documentation/README.md,2fbb9eebf1287480588f859c56e450ff36378d61,CVE-2017-11841
838423437,ProjectZeroDays/AI-Driven-Zero-Click-Exploit-Deployment-Framework,src/exploits/other_exploits/cve_poc/exploit_poc_documentation/README.md,2fbb9eebf1287480588f859c56e450ff36378d61,CVE-2017-11840
838423437,ProjectZeroDays/AI-Driven-Zero-Click-Exploit-Deployment-Framework,src/exploits/other_exploits/cve_poc/exploit_poc_documentation/README.md,2fbb9eebf1287480588f859c56e450ff36378d61,CVE-2017-11839
838423437,ProjectZeroDays/AI-Driven-Zero-Click-Exploit-Deployment-Framework,src/exploits/other_exploits/cve_poc/exploit_poc_documentation/README.md,2fbb9eebf1287480588f859c56e450ff36378d61,CVE-2017-11838
838423437,ProjectZeroDays/AI-Driven-Zero-Click-Exploit-Deployment-Framework,src/exploits/other_exploits/cve_poc/exploit_poc_documentation/README.md,2fbb9eebf1287480588f859c56e450ff36378d61,CVE-2017-11837
838423437,ProjectZeroDays/AI-Driven-Zero-Click-Exploit-Deployment-Framework,src/exploits/other_exploits/cve_poc/exploit_poc_documentation/README.md,2fbb9eebf1287480588f859c56e450ff36378d61,CVE-2017-11836
838423437,ProjectZeroDays/AI-Driven-Zero-Click-Exploit-Deployment-Framework,src/exploits/other_exploits/cve_poc/exploit_poc_documentation/README.md,2fbb9eebf1287480588f859c56e450ff36378d61,CVE-2017-11821
838423437,ProjectZeroDays/AI-Driven-Zero-Click-Exploit-Deployment-Framework,src/exploits/other_exploits/cve_poc/exploit_poc_documentation/README.md,2fbb9eebf1287480588f859c56e450ff36378d61,CVE-2017-11812
838423437,ProjectZeroDays/AI-Driven-Zero-Click-Exploit-Deployment-Framework,src/exploits/other_exploits/cve_poc/exploit_poc_documentation/README.md,2fbb9eebf1287480588f859c56e450ff36378d61,CVE-2017-11811
838423437,ProjectZeroDays/AI-Driven-Zero-Click-Exploit-Deployment-Framework,src/exploits/other_exploits/cve_poc/exploit_poc_documentation/README.md,2fbb9eebf1287480588f859c56e450ff36378d61,CVE-2017-11810
838423437,ProjectZeroDays/AI-Driven-Zero-Click-Exploit-Deployment-Framework,src/exploits/other_exploits/cve_poc/exploit_poc_documentation/README.md,2fbb9eebf1287480588f859c56e450ff36378d61,CVE-2017-11809
838423437,ProjectZeroDays/AI-Driven-Zero-Click-Exploit-Deployment-Framework,src/exploits/other_exploits/cve_poc/exploit_poc_documentation/README.md,2fbb9eebf1287480588f859c56e450ff36378d61,CVE-2017-11808
838423437,ProjectZeroDays/AI-Driven-Zero-Click-Exploit-Deployment-Framework,src/exploits/other_exploits/cve_poc/exploit_poc_documentation/README.md,2fbb9eebf1287480588f859c56e450ff36378d61,CVE-2017-11807
838423437,ProjectZeroDays/AI-Driven-Zero-Click-Exploit-Deployment-Framework,src/exploits/other_exploits/cve_poc/exploit_poc_documentation/README.md,2fbb9eebf1287480588f859c56e450ff36378d61,CVE-2017-11806
838423437,ProjectZeroDays/AI-Driven-Zero-Click-Exploit-Deployment-Framework,src/exploits/other_exploits/cve_poc/exploit_poc_documentation/README.md,2fbb9eebf1287480588f859c56e450ff36378d61,CVE-2017-11805
838423437,ProjectZeroDays/AI-Driven-Zero-Click-Exploit-Deployment-Framework,src/exploits/other_exploits/cve_poc/exploit_poc_documentation/README.md,2fbb9eebf1287480588f859c56e450ff36378d61,CVE-2017-11804
838423437,ProjectZeroDays/AI-Driven-Zero-Click-Exploit-Deployment-Framework,src/exploits/other_exploits/cve_poc/exploit_poc_documentation/README.md,2fbb9eebf1287480588f859c56e450ff36378d61,CVE-2017-11802
838423437,ProjectZeroDays/AI-Driven-Zero-Click-Exploit-Deployment-Framework,src/exploits/other_exploits/cve_poc/exploit_poc_documentation/README.md,2fbb9eebf1287480588f859c56e450ff36378d61,CVE-2017-11801
838423437,ProjectZeroDays/AI-Driven-Zero-Click-Exploit-Deployment-Framework,src/exploits/other_exploits/cve_poc/exploit_poc_documentation/README.md,2fbb9eebf1287480588f859c56e450ff36378d61,CVE-2017-11846
838423437,ProjectZeroDays/AI-Driven-Zero-Click-Exploit-Deployment-Framework,src/exploits/other_exploits/cve_poc/exploit_poc_documentation/README.md,2fbb9eebf1287480588f859c56e450ff36378d61,CVE-2017-11906
838423437,ProjectZeroDays/AI-Driven-Zero-Click-Exploit-Deployment-Framework,src/exploits/other_exploits/cve_poc/exploit_poc_documentation/README.md,2fbb9eebf1287480588f859c56e450ff36378d61,CVE-2017-11855
838423437,ProjectZeroDays/AI-Driven-Zero-Click-Exploit-Deployment-Framework,src/exploits/other_exploits/cve_poc/exploit_poc_documentation/README.md,2fbb9eebf1287480588f859c56e450ff36378d61,CVE-2017-11858
838423437,ProjectZeroDays/AI-Driven-Zero-Click-Exploit-Deployment-Framework,src/exploits/other_exploits/cve_poc/exploit_poc_documentation/README.md,2fbb9eebf1287480588f859c56e450ff36378d61,CVE-2017-11903
838423437,ProjectZeroDays/AI-Driven-Zero-Click-Exploit-Deployment-Framework,src/exploits/other_exploits/cve_poc/exploit_poc_documentation/README.md,2fbb9eebf1287480588f859c56e450ff36378d61,CVE-2017-11901
838423437,ProjectZeroDays/AI-Driven-Zero-Click-Exploit-Deployment-Framework,src/exploits/other_exploits/cve_poc/exploit_poc_documentation/README.md,2fbb9eebf1287480588f859c56e450ff36378d61,CVE-2017-11895
838423437,ProjectZeroDays/AI-Driven-Zero-Click-Exploit-Deployment-Framework,src/exploits/other_exploits/cve_poc/exploit_poc_documentation/README.md,2fbb9eebf1287480588f859c56e450ff36378d61,CVE-2017-11894
838423437,ProjectZeroDays/AI-Driven-Zero-Click-Exploit-Deployment-Framework,src/exploits/other_exploits/cve_poc/exploit_poc_documentation/README.md,2fbb9eebf1287480588f859c56e450ff36378d61,CVE-2017-11893
838423437,ProjectZeroDays/AI-Driven-Zero-Click-Exploit-Deployment-Framework,src/exploits/other_exploits/cve_poc/exploit_poc_documentation/README.md,2fbb9eebf1287480588f859c56e450ff36378d61,CVE-2017-11890
838423437,ProjectZeroDays/AI-Driven-Zero-Click-Exploit-Deployment-Framework,src/exploits/other_exploits/cve_poc/exploit_poc_documentation/README.md,2fbb9eebf1287480588f859c56e450ff36378d61,CVE-2017-11889
838423437,ProjectZeroDays/AI-Driven-Zero-Click-Exploit-Deployment-Framework,src/exploits/other_exploits/cve_poc/exploit_poc_documentation/README.md,2fbb9eebf1287480588f859c56e450ff36378d61,CVE-2017-11887
838423437,ProjectZeroDays/AI-Driven-Zero-Click-Exploit-Deployment-Framework,src/exploits/other_exploits/cve_poc/exploit_poc_documentation/README.md,2fbb9eebf1287480588f859c56e450ff36378d61,CVE-2017-11886
838423437,ProjectZeroDays/AI-Driven-Zero-Click-Exploit-Deployment-Framework,src/exploits/other_exploits/cve_poc/exploit_poc_documentation/README.md,2fbb9eebf1287480588f859c56e450ff36378d61,CVE-2017-11884
838423437,ProjectZeroDays/AI-Driven-Zero-Click-Exploit-Deployment-Framework,src/exploits/other_exploits/cve_poc/exploit_poc_documentation/README.md,2fbb9eebf1287480588f859c56e450ff36378d61,CVE-2017-11882
838423437,ProjectZeroDays/AI-Driven-Zero-Click-Exploit-Deployment-Framework,src/exploits/other_exploits/cve_poc/exploit_poc_documentation/README.md,2fbb9eebf1287480588f859c56e450ff36378d61,CVE-2017-11873
838423437,ProjectZeroDays/AI-Driven-Zero-Click-Exploit-Deployment-Framework,src/exploits/other_exploits/cve_poc/exploit_poc_documentation/README.md,2fbb9eebf1287480588f859c56e450ff36378d61,CVE-2017-11871
838423437,ProjectZeroDays/AI-Driven-Zero-Click-Exploit-Deployment-Framework,src/exploits/other_exploits/cve_poc/exploit_poc_documentation/README.md,2fbb9eebf1287480588f859c56e450ff36378d61,CVE-2017-11870
838423437,ProjectZeroDays/AI-Driven-Zero-Click-Exploit-Deployment-Framework,src/exploits/other_exploits/cve_poc/exploit_poc_documentation/README.md,2fbb9eebf1287480588f859c56e450ff36378d61,CVE-2017-11869
838423437,ProjectZeroDays/AI-Driven-Zero-Click-Exploit-Deployment-Framework,src/exploits/other_exploits/cve_poc/exploit_poc_documentation/README.md,2fbb9eebf1287480588f859c56e450ff36378d61,CVE-2017-11866
838423437,ProjectZeroDays/AI-Driven-Zero-Click-Exploit-Deployment-Framework,src/exploits/other_exploits/cve_poc/exploit_poc_documentation/README.md,2fbb9eebf1287480588f859c56e450ff36378d61,CVE-2017-11862
838423437,ProjectZeroDays/AI-Driven-Zero-Click-Exploit-Deployment-Framework,src/exploits/other_exploits/cve_poc/exploit_poc_documentation/README.md,2fbb9eebf1287480588f859c56e450ff36378d61,CVE-2017-11861
838423437,ProjectZeroDays/AI-Driven-Zero-Click-Exploit-Deployment-Framework,src/exploits/other_exploits/cve_poc/exploit_poc_documentation/README.md,2fbb9eebf1287480588f859c56e450ff36378d61,CVE-2017-11859
838423437,ProjectZeroDays/AI-Driven-Zero-Click-Exploit-Deployment-Framework,src/exploits/other_exploits/cve_poc/exploit_poc_documentation/README.md,2fbb9eebf1287480588f859c56e450ff36378d61,CVE-2017-11856
838423437,ProjectZeroDays/AI-Driven-Zero-Click-Exploit-Deployment-Framework,src/exploits/other_exploits/cve_poc/exploit_poc_documentation/README.md,2fbb9eebf1287480588f859c56e450ff36378d61,CVE-2017-0150
838423437,ProjectZeroDays/AI-Driven-Zero-Click-Exploit-Deployment-Framework,src/exploits/other_exploits/cve_poc/exploit_poc_documentation/README.md,2fbb9eebf1287480588f859c56e450ff36378d61,CVE-2017-0148
838423437,ProjectZeroDays/AI-Driven-Zero-Click-Exploit-Deployment-Framework,src/exploits/other_exploits/cve_poc/exploit_poc_documentation/README.md,2fbb9eebf1287480588f859c56e450ff36378d61,CVE-2017-0147
838423437,ProjectZeroDays/AI-Driven-Zero-Click-Exploit-Deployment-Framework,src/exploits/other_exploits/cve_poc/exploit_poc_documentation/README.md,2fbb9eebf1287480588f859c56e450ff36378d61,CVE-2016-1697
838423437,ProjectZeroDays/AI-Driven-Zero-Click-Exploit-Deployment-Framework,src/exploits/other_exploits/cve_poc/exploit_poc_documentation/README.md,2fbb9eebf1287480588f859c56e450ff36378d61,CVE-2016-1688
838423437,ProjectZeroDays/AI-Driven-Zero-Click-Exploit-Deployment-Framework,src/exploits/other_exploits/cve_poc/exploit_poc_documentation/README.md,2fbb9eebf1287480588f859c56e450ff36378d61,CVE-2016-1677
838423437,ProjectZeroDays/AI-Driven-Zero-Click-Exploit-Deployment-Framework,src/exploits/other_exploits/cve_poc/exploit_poc_documentation/README.md,2fbb9eebf1287480588f859c56e450ff36378d61,CVE-2016-1676
838423437,ProjectZeroDays/AI-Driven-Zero-Click-Exploit-Deployment-Framework,src/exploits/other_exploits/cve_poc/exploit_poc_documentation/README.md,2fbb9eebf1287480588f859c56e450ff36378d61,CVE-2016-1675
838423437,ProjectZeroDays/AI-Driven-Zero-Click-Exploit-Deployment-Framework,src/exploits/other_exploits/cve_poc/exploit_poc_documentation/README.md,2fbb9eebf1287480588f859c56e450ff36378d61,CVE-2016-1674
838423437,ProjectZeroDays/AI-Driven-Zero-Click-Exploit-Deployment-Framework,src/exploits/other_exploits/cve_poc/exploit_poc_documentation/README.md,2fbb9eebf1287480588f859c56e450ff36378d61,CVE-2016-1673
838423437,ProjectZeroDays/AI-Driven-Zero-Click-Exploit-Deployment-Framework,src/exploits/other_exploits/cve_poc/exploit_poc_documentation/README.md,2fbb9eebf1287480588f859c56e450ff36378d61,CVE-2016-1672
838423437,ProjectZeroDays/AI-Driven-Zero-Click-Exploit-Deployment-Framework,src/exploits/other_exploits/cve_poc/exploit_poc_documentation/README.md,2fbb9eebf1287480588f859c56e450ff36378d61,CVE-2016-1669
838423437,ProjectZeroDays/AI-Driven-Zero-Click-Exploit-Deployment-Framework,src/exploits/other_exploits/cve_poc/exploit_poc_documentation/README.md,2fbb9eebf1287480588f859c56e450ff36378d61,CVE-2016-1668
838423437,ProjectZeroDays/AI-Driven-Zero-Click-Exploit-Deployment-Framework,src/exploits/other_exploits/cve_poc/exploit_poc_documentation/README.md,2fbb9eebf1287480588f859c56e450ff36378d61,CVE-2016-1667
838423437,ProjectZeroDays/AI-Driven-Zero-Click-Exploit-Deployment-Framework,src/exploits/other_exploits/cve_poc/exploit_poc_documentation/README.md,2fbb9eebf1287480588f859c56e450ff36378d61,CVE-2016-1665
838423437,ProjectZeroDays/AI-Driven-Zero-Click-Exploit-Deployment-Framework,src/exploits/other_exploits/cve_poc/exploit_poc_documentation/README.md,2fbb9eebf1287480588f859c56e450ff36378d61,CVE-2016-1653
838423437,ProjectZeroDays/AI-Driven-Zero-Click-Exploit-Deployment-Framework,src/exploits/other_exploits/cve_poc/exploit_poc_documentation/README.md,2fbb9eebf1287480588f859c56e450ff36378d61,CVE-2016-1646
838423437,ProjectZeroDays/AI-Driven-Zero-Click-Exploit-Deployment-Framework,src/exploits/other_exploits/cve_poc/exploit_poc_documentation/README.md,2fbb9eebf1287480588f859c56e450ff36378d61,CVE-2016-1631
838423437,ProjectZeroDays/AI-Driven-Zero-Click-Exploit-Deployment-Framework,src/exploits/other_exploits/cve_poc/exploit_poc_documentation/README.md,2fbb9eebf1287480588f859c56e450ff36378d61,CVE-2016-10370
838423437,ProjectZeroDays/AI-Driven-Zero-Click-Exploit-Deployment-Framework,src/exploits/other_exploits/cve_poc/exploit_poc_documentation/README.md,2fbb9eebf1287480588f859c56e450ff36378d61,CVE-2016-10277
838423437,ProjectZeroDays/AI-Driven-Zero-Click-Exploit-Deployment-Framework,src/exploits/other_exploits/cve_poc/exploit_poc_documentation/README.md,2fbb9eebf1287480588f859c56e450ff36378d61,CVE-2016-10191
838423437,ProjectZeroDays/AI-Driven-Zero-Click-Exploit-Deployment-Framework,src/exploits/other_exploits/cve_poc/exploit_poc_documentation/README.md,2fbb9eebf1287480588f859c56e450ff36378d61,CVE-2016-10033
838423437,ProjectZeroDays/AI-Driven-Zero-Click-Exploit-Deployment-Framework,src/exploits/other_exploits/cve_poc/exploit_poc_documentation/README.md,2fbb9eebf1287480588f859c56e450ff36378d61,CVE-2016-1710
838423437,ProjectZeroDays/AI-Driven-Zero-Click-Exploit-Deployment-Framework,src/exploits/other_exploits/cve_poc/exploit_poc_documentation/README.md,2fbb9eebf1287480588f859c56e450ff36378d61,CVE-2016-0856
838423437,ProjectZeroDays/AI-Driven-Zero-Click-Exploit-Deployment-Framework,src/exploits/other_exploits/cve_poc/exploit_poc_documentation/README.md,2fbb9eebf1287480588f859c56e450ff36378d61,CVE-2016-1711
838423437,ProjectZeroDays/AI-Driven-Zero-Click-Exploit-Deployment-Framework,src/exploits/other_exploits/cve_poc/exploit_poc_documentation/README.md,2fbb9eebf1287480588f859c56e450ff36378d61,CVE-2016-1854
838423437,ProjectZeroDays/AI-Driven-Zero-Click-Exploit-Deployment-Framework,src/exploits/other_exploits/cve_poc/exploit_poc_documentation/README.md,2fbb9eebf1287480588f859c56e450ff36378d61,CVE-2016-4437
838423437,ProjectZeroDays/AI-Driven-Zero-Click-Exploit-Deployment-Framework,src/exploits/other_exploits/cve_poc/exploit_poc_documentation/README.md,2fbb9eebf1287480588f859c56e450ff36378d61,CVE-2016-4338
838423437,ProjectZeroDays/AI-Driven-Zero-Click-Exploit-Deployment-Framework,src/exploits/other_exploits/cve_poc/exploit_poc_documentation/README.md,2fbb9eebf1287480588f859c56e450ff36378d61,CVE-2016-3714
838423437,ProjectZeroDays/AI-Driven-Zero-Click-Exploit-Deployment-Framework,src/exploits/other_exploits/cve_poc/exploit_poc_documentation/README.md,2fbb9eebf1287480588f859c56e450ff36378d61,CVE-2016-3389
838423437,ProjectZeroDays/AI-Driven-Zero-Click-Exploit-Deployment-Framework,src/exploits/other_exploits/cve_poc/exploit_poc_documentation/README.md,2fbb9eebf1287480588f859c56e450ff36378d61,CVE-2016-3386
838423437,ProjectZeroDays/AI-Driven-Zero-Click-Exploit-Deployment-Framework,src/exploits/other_exploits/cve_poc/exploit_poc_documentation/README.md,2fbb9eebf1287480588f859c56e450ff36378d61,CVE-2016-3371
838423437,ProjectZeroDays/AI-Driven-Zero-Click-Exploit-Deployment-Framework,src/exploits/other_exploits/cve_poc/exploit_poc_documentation/README.md,2fbb9eebf1287480588f859c56e450ff36378d61,CVE-2016-3311
838423437,ProjectZeroDays/AI-Driven-Zero-Click-Exploit-Deployment-Framework,src/exploits/other_exploits/cve_poc/exploit_poc_documentation/README.md,2fbb9eebf1287480588f859c56e450ff36378d61,CVE-2016-3310
838423437,ProjectZeroDays/AI-Driven-Zero-Click-Exploit-Deployment-Framework,src/exploits/other_exploits/cve_poc/exploit_poc_documentation/README.md,2fbb9eebf1287480588f859c56e450ff36378d61,CVE-2016-3309
838423437,ProjectZeroDays/AI-Driven-Zero-Click-Exploit-Deployment-Framework,src/exploits/other_exploits/cve_poc/exploit_poc_documentation/README.md,2fbb9eebf1287480588f859c56e450ff36378d61,CVE-2016-3308
838423437,ProjectZeroDays/AI-Driven-Zero-Click-Exploit-Deployment-Framework,src/exploits/other_exploits/cve_poc/exploit_poc_documentation/README.md,2fbb9eebf1287480588f859c56e450ff36378d61,CVE-2016-3088
838423437,ProjectZeroDays/AI-Driven-Zero-Click-Exploit-Deployment-Framework,src/exploits/other_exploits/cve_poc/exploit_poc_documentation/README.md,2fbb9eebf1287480588f859c56e450ff36378d61,CVE-2016-3087
838423437,ProjectZeroDays/AI-Driven-Zero-Click-Exploit-Deployment-Framework,src/exploits/other_exploits/cve_poc/exploit_poc_documentation/README.md,2fbb9eebf1287480588f859c56e450ff36378d61,CVE-2016-2388
838423437,ProjectZeroDays/AI-Driven-Zero-Click-Exploit-Deployment-Framework,src/exploits/other_exploits/cve_poc/exploit_poc_documentation/README.md,2fbb9eebf1287480588f859c56e450ff36378d61,CVE-2016-2386
838423437,ProjectZeroDays/AI-Driven-Zero-Click-Exploit-Deployment-Framework,src/exploits/other_exploits/cve_poc/exploit_poc_documentation/README.md,2fbb9eebf1287480588f859c56e450ff36378d61,CVE-2016-2384
838423437,ProjectZeroDays/AI-Driven-Zero-Click-Exploit-Deployment-Framework,src/exploits/other_exploits/cve_poc/exploit_poc_documentation/README.md,2fbb9eebf1287480588f859c56e450ff36378d61,CVE-2016-1910
838423437,ProjectZeroDays/AI-Driven-Zero-Click-Exploit-Deployment-Framework,src/exploits/other_exploits/cve_poc/exploit_poc_documentation/README.md,2fbb9eebf1287480588f859c56e450ff36378d61,CVE-2016-1857
838423437,ProjectZeroDays/AI-Driven-Zero-Click-Exploit-Deployment-Framework,src/exploits/other_exploits/cve_poc/exploit_poc_documentation/README.md,2fbb9eebf1287480588f859c56e450ff36378d61,CVE-2016-1856
838423437,ProjectZeroDays/AI-Driven-Zero-Click-Exploit-Deployment-Framework,src/exploits/other_exploits/cve_poc/exploit_poc_documentation/README.md,2fbb9eebf1287480588f859c56e450ff36378d61,CVE-2016-1855
838423437,ProjectZeroDays/AI-Driven-Zero-Click-Exploit-Deployment-Framework,src/exploits/other_exploits/cve_poc/exploit_poc_documentation/README.md,2fbb9eebf1287480588f859c56e450ff36378d61,CVE-2016-1779
838423437,ProjectZeroDays/AI-Driven-Zero-Click-Exploit-Deployment-Framework,src/exploits/other_exploits/cve_poc/exploit_poc_documentation/README.md,2fbb9eebf1287480588f859c56e450ff36378d61,CVE-2016-4589
838423437,ProjectZeroDays/AI-Driven-Zero-Click-Exploit-Deployment-Framework,src/exploits/other_exploits/cve_poc/exploit_poc_documentation/README.md,2fbb9eebf1287480588f859c56e450ff36378d61,CVE-2016-0792
838423437,ProjectZeroDays/AI-Driven-Zero-Click-Exploit-Deployment-Framework,src/exploits/other_exploits/cve_poc/exploit_poc_documentation/README.md,2fbb9eebf1287480588f859c56e450ff36378d61,CVE-2016-0728
838423437,ProjectZeroDays/AI-Driven-Zero-Click-Exploit-Deployment-Framework,src/exploits/other_exploits/cve_poc/exploit_poc_documentation/README.md,2fbb9eebf1287480588f859c56e450ff36378d61,CVE-2015-1268
838423437,ProjectZeroDays/AI-Driven-Zero-Click-Exploit-Deployment-Framework,src/exploits/other_exploits/cve_poc/exploit_poc_documentation/README.md,2fbb9eebf1287480588f859c56e450ff36378d61,CVE-2015-1242
838423437,ProjectZeroDays/AI-Driven-Zero-Click-Exploit-Deployment-Framework,src/exploits/other_exploits/cve_poc/exploit_poc_documentation/README.md,2fbb9eebf1287480588f859c56e450ff36378d61,CVE-2015-1233
838423437,ProjectZeroDays/AI-Driven-Zero-Click-Exploit-Deployment-Framework,src/exploits/other_exploits/cve_poc/exploit_poc_documentation/README.md,2fbb9eebf1287480588f859c56e450ff36378d61,CVE-2015-0240
838423437,ProjectZeroDays/AI-Driven-Zero-Click-Exploit-Deployment-Framework,src/exploits/other_exploits/cve_poc/exploit_poc_documentation/README.md,2fbb9eebf1287480588f859c56e450ff36378d61,CVE-2015-0235
838423437,ProjectZeroDays/AI-Driven-Zero-Click-Exploit-Deployment-Framework,src/exploits/other_exploits/cve_poc/exploit_poc_documentation/README.md,2fbb9eebf1287480588f859c56e450ff36378d61,CVE-2015-0072
838423437,ProjectZeroDays/AI-Driven-Zero-Click-Exploit-Deployment-Framework,src/exploits/other_exploits/cve_poc/exploit_poc_documentation/README.md,2fbb9eebf1287480588f859c56e450ff36378d61,CVE-2014-7928
838423437,ProjectZeroDays/AI-Driven-Zero-Click-Exploit-Deployment-Framework,src/exploits/other_exploits/cve_poc/exploit_poc_documentation/README.md,2fbb9eebf1287480588f859c56e450ff36378d61,CVE-2014-7927
838423437,ProjectZeroDays/AI-Driven-Zero-Click-Exploit-Deployment-Framework,src/exploits/other_exploits/cve_poc/exploit_poc_documentation/README.md,2fbb9eebf1287480588f859c56e450ff36378d61,CVE-2014-6332
838423437,ProjectZeroDays/AI-Driven-Zero-Click-Exploit-Deployment-Framework,src/exploits/other_exploits/cve_poc/exploit_poc_documentation/README.md,2fbb9eebf1287480588f859c56e450ff36378d61,CVE-2014-3177
838423437,ProjectZeroDays/AI-Driven-Zero-Click-Exploit-Deployment-Framework,src/exploits/other_exploits/cve_poc/exploit_poc_documentation/README.md,2fbb9eebf1287480588f859c56e450ff36378d61,CVE-2014-3176
838423437,ProjectZeroDays/AI-Driven-Zero-Click-Exploit-Deployment-Framework,src/exploits/other_exploits/cve_poc/exploit_poc_documentation/README.md,2fbb9eebf1287480588f859c56e450ff36378d61,CVE-2014-1747
838423437,ProjectZeroDays/AI-Driven-Zero-Click-Exploit-Deployment-Framework,src/exploits/other_exploits/cve_poc/exploit_poc_documentation/README.md,2fbb9eebf1287480588f859c56e450ff36378d61,CVE-2014-1705
838423437,ProjectZeroDays/AI-Driven-Zero-Click-Exploit-Deployment-Framework,src/exploits/other_exploits/cve_poc/exploit_poc_documentation/README.md,2fbb9eebf1287480588f859c56e450ff36378d61,CVE-2014-1701
838423437,ProjectZeroDays/AI-Driven-Zero-Click-Exploit-Deployment-Framework,src/exploits/other_exploits/cve_poc/exploit_poc_documentation/README.md,2fbb9eebf1287480588f859c56e450ff36378d61,CVE-2013-6632
838423437,ProjectZeroDays/AI-Driven-Zero-Click-Exploit-Deployment-Framework,src/exploits/other_exploits/cve_poc/exploit_poc_documentation/README.md,2fbb9eebf1287480588f859c56e450ff36378d61,CVE-2013-2618
838423437,ProjectZeroDays/AI-Driven-Zero-Click-Exploit-Deployment-Framework,src/exploits/other_exploits/cve_poc/exploit_poc_documentation/README.md,2fbb9eebf1287480588f859c56e450ff36378d61,CVE-2013-0169
838423437,ProjectZeroDays/AI-Driven-Zero-Click-Exploit-Deployment-Framework,src/exploits/other_exploits/cve_poc/exploit_poc_documentation/README.md,2fbb9eebf1287480588f859c56e450ff36378d61,CVE-2011-3243
838423437,ProjectZeroDays/AI-Driven-Zero-Click-Exploit-Deployment-Framework,src/exploits/other_exploits/cve_poc/exploit_poc_documentation/README.md,2fbb9eebf1287480588f859c56e450ff36378d61,CVE-2011-2856
838423437,ProjectZeroDays/AI-Driven-Zero-Click-Exploit-Deployment-Framework,src/exploits/other_exploits/cve_poc/exploit_poc_documentation/README.md,2fbb9eebf1287480588f859c56e450ff36378d61,CVE-2015-1635
838423437,ProjectZeroDays/AI-Driven-Zero-Click-Exploit-Deployment-Framework,src/exploits/other_exploits/cve_poc/exploit_poc_documentation/README.md,2fbb9eebf1287480588f859c56e450ff36378d61,CVE-2016-0788
838423437,ProjectZeroDays/AI-Driven-Zero-Click-Exploit-Deployment-Framework,src/exploits/other_exploits/cve_poc/exploit_poc_documentation/README.md,2fbb9eebf1287480588f859c56e450ff36378d61,CVE-2015-1830
838423437,ProjectZeroDays/AI-Driven-Zero-Click-Exploit-Deployment-Framework,src/exploits/other_exploits/cve_poc/exploit_poc_documentation/README.md,2fbb9eebf1287480588f859c56e450ff36378d61,CVE-2015-3306
838423437,ProjectZeroDays/AI-Driven-Zero-Click-Exploit-Deployment-Framework,src/exploits/other_exploits/cve_poc/exploit_poc_documentation/README.md,2fbb9eebf1287480588f859c56e450ff36378d61,CVE-2016-0452
838423437,ProjectZeroDays/AI-Driven-Zero-Click-Exploit-Deployment-Framework,src/exploits/other_exploits/cve_poc/exploit_poc_documentation/README.md,2fbb9eebf1287480588f859c56e450ff36378d61,CVE-2016-0451
838423437,ProjectZeroDays/AI-Driven-Zero-Click-Exploit-Deployment-Framework,src/exploits/other_exploits/cve_poc/exploit_poc_documentation/README.md,2fbb9eebf1287480588f859c56e450ff36378d61,CVE-2016-0450
838423437,ProjectZeroDays/AI-Driven-Zero-Click-Exploit-Deployment-Framework,src/exploits/other_exploits/cve_poc/exploit_poc_documentation/README.md,2fbb9eebf1287480588f859c56e450ff36378d61,CVE-2016-0040
838423437,ProjectZeroDays/AI-Driven-Zero-Click-Exploit-Deployment-Framework,src/exploits/other_exploits/cve_poc/exploit_poc_documentation/README.md,2fbb9eebf1287480588f859c56e450ff36378d61,CVE-2015-8584
838423437,ProjectZeroDays/AI-Driven-Zero-Click-Exploit-Deployment-Framework,src/exploits/other_exploits/cve_poc/exploit_poc_documentation/README.md,2fbb9eebf1287480588f859c56e450ff36378d61,CVE-2015-8548
838423437,ProjectZeroDays/AI-Driven-Zero-Click-Exploit-Deployment-Framework,src/exploits/other_exploits/cve_poc/exploit_poc_documentation/README.md,2fbb9eebf1287480588f859c56e450ff36378d61,CVE-2015-7545
838423437,ProjectZeroDays/AI-Driven-Zero-Click-Exploit-Deployment-Framework,src/exploits/other_exploits/cve_poc/exploit_poc_documentation/README.md,2fbb9eebf1287480588f859c56e450ff36378d61,CVE-2015-7501
838423437,ProjectZeroDays/AI-Driven-Zero-Click-Exploit-Deployment-Framework,src/exploits/other_exploits/cve_poc/exploit_poc_documentation/README.md,2fbb9eebf1287480588f859c56e450ff36378d61,CVE-2015-7450
838423437,ProjectZeroDays/AI-Driven-Zero-Click-Exploit-Deployment-Framework,src/exploits/other_exploits/cve_poc/exploit_poc_documentation/README.md,2fbb9eebf1287480588f859c56e450ff36378d61,CVE-2015-6771
838423437,ProjectZeroDays/AI-Driven-Zero-Click-Exploit-Deployment-Framework,src/exploits/other_exploits/cve_poc/exploit_poc_documentation/README.md,2fbb9eebf1287480588f859c56e450ff36378d61,CVE-2015-6770
838423437,ProjectZeroDays/AI-Driven-Zero-Click-Exploit-Deployment-Framework,src/exploits/other_exploits/cve_poc/exploit_poc_documentation/README.md,2fbb9eebf1287480588f859c56e450ff36378d61,CVE-2015-6769
838423437,ProjectZeroDays/AI-Driven-Zero-Click-Exploit-Deployment-Framework,src/exploits/other_exploits/cve_poc/exploit_poc_documentation/README.md,2fbb9eebf1287480588f859c56e450ff36378d61,CVE-2015-6768
838423437,ProjectZeroDays/AI-Driven-Zero-Click-Exploit-Deployment-Framework,src/exploits/other_exploits/cve_poc/exploit_poc_documentation/README.md,2fbb9eebf1287480588f859c56e450ff36378d61,CVE-2015-6764
838423437,ProjectZeroDays/AI-Driven-Zero-Click-Exploit-Deployment-Framework,src/exploits/other_exploits/cve_poc/exploit_poc_documentation/README.md,2fbb9eebf1287480588f859c56e450ff36378d61,CVE-2015-6755
838423437,ProjectZeroDays/AI-Driven-Zero-Click-Exploit-Deployment-Framework,src/exploits/other_exploits/cve_poc/exploit_poc_documentation/README.md,2fbb9eebf1287480588f859c56e450ff36378d61,CVE-2015-6086
838423437,ProjectZeroDays/AI-Driven-Zero-Click-Exploit-Deployment-Framework,src/exploits/other_exploits/cve_poc/exploit_poc_documentation/README.md,2fbb9eebf1287480588f859c56e450ff36378d61,CVE-2015-5531
838423437,ProjectZeroDays/AI-Driven-Zero-Click-Exploit-Deployment-Framework,src/exploits/other_exploits/cve_poc/exploit_poc_documentation/README.md,2fbb9eebf1287480588f859c56e450ff36378d61,CVE-2015-5254
838423437,ProjectZeroDays/AI-Driven-Zero-Click-Exploit-Deployment-Framework,src/exploits/other_exploits/cve_poc/exploit_poc_documentation/README.md,2fbb9eebf1287480588f859c56e450ff36378d61,CVE-2015-5119
838423437,ProjectZeroDays/AI-Driven-Zero-Click-Exploit-Deployment-Framework,src/exploits/other_exploits/cve_poc/exploit_poc_documentation/README.md,2fbb9eebf1287480588f859c56e450ff36378d61,CVE-2015-2177
838423437,ProjectZeroDays/AI-Driven-Zero-Click-Exploit-Deployment-Framework,src/exploits/other_exploits/cve_poc/exploit_poc_documentation/README.md,2fbb9eebf1287480588f859c56e450ff36378d61,CVE-2017-15399
838423437,ProjectZeroDays/AI-Driven-Zero-Click-Exploit-Deployment-Framework,src/exploits/other_exploits/cve_poc/exploit_poc_documentation/README.md,2fbb9eebf1287480588f859c56e450ff36378d61,CVE-2016-4611
838423437,ProjectZeroDays/AI-Driven-Zero-Click-Exploit-Deployment-Framework,src/exploits/other_exploits/cve_poc/exploit_poc_documentation/README.md,2fbb9eebf1287480588f859c56e450ff36378d61,CVE-2016-4623
838423437,ProjectZeroDays/AI-Driven-Zero-Click-Exploit-Deployment-Framework,src/exploits/other_exploits/cve_poc/exploit_poc_documentation/README.md,2fbb9eebf1287480588f859c56e450ff36378d61,CVE-2017-0015
838423437,ProjectZeroDays/AI-Driven-Zero-Click-Exploit-Deployment-Framework,src/exploits/other_exploits/cve_poc/exploit_poc_documentation/README.md,2fbb9eebf1287480588f859c56e450ff36378d61,CVE-2017-0010
838423437,ProjectZeroDays/AI-Driven-Zero-Click-Exploit-Deployment-Framework,src/exploits/other_exploits/cve_poc/exploit_poc_documentation/README.md,2fbb9eebf1287480588f859c56e450ff36378d61,CVE-2017-0009
838423437,ProjectZeroDays/AI-Driven-Zero-Click-Exploit-Deployment-Framework,src/exploits/other_exploits/cve_poc/exploit_poc_documentation/README.md,2fbb9eebf1287480588f859c56e450ff36378d61,CVE-2017-0008
838423437,ProjectZeroDays/AI-Driven-Zero-Click-Exploit-Deployment-Framework,src/exploits/other_exploits/cve_poc/exploit_poc_documentation/README.md,2fbb9eebf1287480588f859c56e450ff36378d61,CVE-2016-9793
838423437,ProjectZeroDays/AI-Driven-Zero-Click-Exploit-Deployment-Framework,src/exploits/other_exploits/cve_poc/exploit_poc_documentation/README.md,2fbb9eebf1287480588f859c56e450ff36378d61,CVE-2016-9651
838423437,ProjectZeroDays/AI-Driven-Zero-Click-Exploit-Deployment-Framework,src/exploits/other_exploits/cve_poc/exploit_poc_documentation/README.md,2fbb9eebf1287480588f859c56e450ff36378d61,CVE-2016-8593
838423437,ProjectZeroDays/AI-Driven-Zero-Click-Exploit-Deployment-Framework,src/exploits/other_exploits/cve_poc/exploit_poc_documentation/README.md,2fbb9eebf1287480588f859c56e450ff36378d61,CVE-2016-8592
838423437,ProjectZeroDays/AI-Driven-Zero-Click-Exploit-Deployment-Framework,src/exploits/other_exploits/cve_poc/exploit_poc_documentation/README.md,2fbb9eebf1287480588f859c56e450ff36378d61,CVE-2016-8591
838423437,ProjectZeroDays/AI-Driven-Zero-Click-Exploit-Deployment-Framework,src/exploits/other_exploits/cve_poc/exploit_poc_documentation/README.md,2fbb9eebf1287480588f859c56e450ff36378d61,CVE-2016-8590
838423437,ProjectZeroDays/AI-Driven-Zero-Click-Exploit-Deployment-Framework,src/exploits/other_exploits/cve_poc/exploit_poc_documentation/README.md,2fbb9eebf1287480588f859c56e450ff36378d61,CVE-2016-8589
838423437,ProjectZeroDays/AI-Driven-Zero-Click-Exploit-Deployment-Framework,src/exploits/other_exploits/cve_poc/exploit_poc_documentation/README.md,2fbb9eebf1287480588f859c56e450ff36378d61,CVE-2016-8588
838423437,ProjectZeroDays/AI-Driven-Zero-Click-Exploit-Deployment-Framework,src/exploits/other_exploits/cve_poc/exploit_poc_documentation/README.md,2fbb9eebf1287480588f859c56e450ff36378d61,CVE-2016-8587
838423437,ProjectZeroDays/AI-Driven-Zero-Click-Exploit-Deployment-Framework,src/exploits/other_exploits/cve_poc/exploit_poc_documentation/README.md,2fbb9eebf1287480588f859c56e450ff36378d61,CVE-2016-8586
838423437,ProjectZeroDays/AI-Driven-Zero-Click-Exploit-Deployment-Framework,src/exploits/other_exploits/cve_poc/exploit_poc_documentation/README.md,2fbb9eebf1287480588f859c56e450ff36378d61,CVE-2016-8585
838423437,ProjectZeroDays/AI-Driven-Zero-Click-Exploit-Deployment-Framework,src/exploits/other_exploits/cve_poc/exploit_poc_documentation/README.md,2fbb9eebf1287480588f859c56e450ff36378d61,CVE-2016-8584
838423437,ProjectZeroDays/AI-Driven-Zero-Click-Exploit-Deployment-Framework,src/exploits/other_exploits/cve_poc/exploit_poc_documentation/README.md,2fbb9eebf1287480588f859c56e450ff36378d61,CVE-2016-8477
838423437,ProjectZeroDays/AI-Driven-Zero-Click-Exploit-Deployment-Framework,src/exploits/other_exploits/cve_poc/exploit_poc_documentation/README.md,2fbb9eebf1287480588f859c56e450ff36378d61,CVE-2016-8413
838423437,ProjectZeroDays/AI-Driven-Zero-Click-Exploit-Deployment-Framework,src/exploits/other_exploits/cve_poc/exploit_poc_documentation/README.md,2fbb9eebf1287480588f859c56e450ff36378d61,CVE-2016-7552
838423437,ProjectZeroDays/AI-Driven-Zero-Click-Exploit-Deployment-Framework,src/exploits/other_exploits/cve_poc/exploit_poc_documentation/README.md,2fbb9eebf1287480588f859c56e450ff36378d61,CVE-2017-0032
838423437,ProjectZeroDays/AI-Driven-Zero-Click-Exploit-Deployment-Framework,src/exploits/other_exploits/cve_poc/exploit_poc_documentation/README.md,2fbb9eebf1287480588f859c56e450ff36378d61,CVE-2016-7547
838423437,ProjectZeroDays/AI-Driven-Zero-Click-Exploit-Deployment-Framework,src/exploits/other_exploits/cve_poc/exploit_poc_documentation/README.md,2fbb9eebf1287480588f859c56e450ff36378d61,CVE-2017-0035
838423437,ProjectZeroDays/AI-Driven-Zero-Click-Exploit-Deployment-Framework,src/exploits/other_exploits/cve_poc/exploit_poc_documentation/README.md,2fbb9eebf1287480588f859c56e450ff36378d61,CVE-2017-0059
838423437,ProjectZeroDays/AI-Driven-Zero-Click-Exploit-Deployment-Framework,src/exploits/other_exploits/cve_poc/exploit_poc_documentation/README.md,2fbb9eebf1287480588f859c56e450ff36378d61,CVE-2017-0146
838423437,ProjectZeroDays/AI-Driven-Zero-Click-Exploit-Deployment-Framework,src/exploits/other_exploits/cve_poc/exploit_poc_documentation/README.md,2fbb9eebf1287480588f859c56e450ff36378d61,CVE-2017-0145
838423437,ProjectZeroDays/AI-Driven-Zero-Click-Exploit-Deployment-Framework,src/exploits/other_exploits/cve_poc/exploit_poc_documentation/README.md,2fbb9eebf1287480588f859c56e450ff36378d61,CVE-2017-0144
838423437,ProjectZeroDays/AI-Driven-Zero-Click-Exploit-Deployment-Framework,src/exploits/other_exploits/cve_poc/exploit_poc_documentation/README.md,2fbb9eebf1287480588f859c56e450ff36378d61,CVE-2017-0143
838423437,ProjectZeroDays/AI-Driven-Zero-Click-Exploit-Deployment-Framework,src/exploits/other_exploits/cve_poc/exploit_poc_documentation/README.md,2fbb9eebf1287480588f859c56e450ff36378d61,CVE-2017-0141
838423437,ProjectZeroDays/AI-Driven-Zero-Click-Exploit-Deployment-Framework,src/exploits/other_exploits/cve_poc/exploit_poc_documentation/README.md,2fbb9eebf1287480588f859c56e450ff36378d61,CVE-2017-0140
838423437,ProjectZeroDays/AI-Driven-Zero-Click-Exploit-Deployment-Framework,src/exploits/other_exploits/cve_poc/exploit_poc_documentation/README.md,2fbb9eebf1287480588f859c56e450ff36378d61,CVE-2017-0138
838423437,ProjectZeroDays/AI-Driven-Zero-Click-Exploit-Deployment-Framework,src/exploits/other_exploits/cve_poc/exploit_poc_documentation/README.md,2fbb9eebf1287480588f859c56e450ff36378d61,CVE-2017-0137
838423437,ProjectZeroDays/AI-Driven-Zero-Click-Exploit-Deployment-Framework,src/exploits/other_exploits/cve_poc/exploit_poc_documentation/README.md,2fbb9eebf1287480588f859c56e450ff36378d61,CVE-2017-0136
838423437,ProjectZeroDays/AI-Driven-Zero-Click-Exploit-Deployment-Framework,src/exploits/other_exploits/cve_poc/exploit_poc_documentation/README.md,2fbb9eebf1287480588f859c56e450ff36378d61,CVE-2017-0135
838423437,ProjectZeroDays/AI-Driven-Zero-Click-Exploit-Deployment-Framework,src/exploits/other_exploits/cve_poc/exploit_poc_documentation/README.md,2fbb9eebf1287480588f859c56e450ff36378d61,CVE-2017-0134
838423437,ProjectZeroDays/AI-Driven-Zero-Click-Exploit-Deployment-Framework,src/exploits/other_exploits/cve_poc/exploit_poc_documentation/README.md,2fbb9eebf1287480588f859c56e450ff36378d61,CVE-2017-0133
838423437,ProjectZeroDays/AI-Driven-Zero-Click-Exploit-Deployment-Framework,src/exploits/other_exploits/cve_poc/exploit_poc_documentation/README.md,2fbb9eebf1287480588f859c56e450ff36378d61,CVE-2017-0132
838423437,ProjectZeroDays/AI-Driven-Zero-Click-Exploit-Deployment-Framework,src/exploits/other_exploits/cve_poc/exploit_poc_documentation/README.md,2fbb9eebf1287480588f859c56e450ff36378d61,CVE-2017-0131
838423437,ProjectZeroDays/AI-Driven-Zero-Click-Exploit-Deployment-Framework,src/exploits/other_exploits/cve_poc/exploit_poc_documentation/README.md,2fbb9eebf1287480588f859c56e450ff36378d61,CVE-2017-0094
838423437,ProjectZeroDays/AI-Driven-Zero-Click-Exploit-Deployment-Framework,src/exploits/other_exploits/cve_poc/exploit_poc_documentation/README.md,2fbb9eebf1287480588f859c56e450ff36378d61,CVE-2017-0071
838423437,ProjectZeroDays/AI-Driven-Zero-Click-Exploit-Deployment-Framework,src/exploits/other_exploits/cve_poc/exploit_poc_documentation/README.md,2fbb9eebf1287480588f859c56e450ff36378d61,CVE-2017-0070
838423437,ProjectZeroDays/AI-Driven-Zero-Click-Exploit-Deployment-Framework,src/exploits/other_exploits/cve_poc/exploit_poc_documentation/README.md,2fbb9eebf1287480588f859c56e450ff36378d61,CVE-2017-0067
838423437,ProjectZeroDays/AI-Driven-Zero-Click-Exploit-Deployment-Framework,src/exploits/other_exploits/cve_poc/exploit_poc_documentation/README.md,2fbb9eebf1287480588f859c56e450ff36378d61,CVE-2017-0066
838423437,ProjectZeroDays/AI-Driven-Zero-Click-Exploit-Deployment-Framework,src/exploits/other_exploits/cve_poc/exploit_poc_documentation/README.md,2fbb9eebf1287480588f859c56e450ff36378d61,CVE-2017-0037
838423437,ProjectZeroDays/AI-Driven-Zero-Click-Exploit-Deployment-Framework,src/exploits/other_exploits/cve_poc/exploit_poc_documentation/README.md,2fbb9eebf1287480588f859c56e450ff36378d61,CVE-2016-4622
838423437,ProjectZeroDays/AI-Driven-Zero-Click-Exploit-Deployment-Framework,src/exploits/other_exploits/cve_poc/exploit_poc_documentation/README.md,2fbb9eebf1287480588f859c56e450ff36378d61,CVE-2016-7297
838423437,ProjectZeroDays/AI-Driven-Zero-Click-Exploit-Deployment-Framework,src/exploits/other_exploits/cve_poc/exploit_poc_documentation/README.md,2fbb9eebf1287480588f859c56e450ff36378d61,CVE-2016-7288
838423437,ProjectZeroDays/AI-Driven-Zero-Click-Exploit-Deployment-Framework,src/exploits/other_exploits/cve_poc/exploit_poc_documentation/README.md,2fbb9eebf1287480588f859c56e450ff36378d61,CVE-2016-6210
838423437,ProjectZeroDays/AI-Driven-Zero-Click-Exploit-Deployment-Framework,src/exploits/other_exploits/cve_poc/exploit_poc_documentation/README.md,2fbb9eebf1287480588f859c56e450ff36378d61,CVE-2016-5734
838423437,ProjectZeroDays/AI-Driven-Zero-Click-Exploit-Deployment-Framework,src/exploits/other_exploits/cve_poc/exploit_poc_documentation/README.md,2fbb9eebf1287480588f859c56e450ff36378d61,CVE-2016-5611
838423437,ProjectZeroDays/AI-Driven-Zero-Click-Exploit-Deployment-Framework,src/exploits/other_exploits/cve_poc/exploit_poc_documentation/README.md,2fbb9eebf1287480588f859c56e450ff36378d61,CVE-2016-5610
838423437,ProjectZeroDays/AI-Driven-Zero-Click-Exploit-Deployment-Framework,src/exploits/other_exploits/cve_poc/exploit_poc_documentation/README.md,2fbb9eebf1287480588f859c56e450ff36378d61,CVE-2016-5346
838423437,ProjectZeroDays/AI-Driven-Zero-Click-Exploit-Deployment-Framework,src/exploits/other_exploits/cve_poc/exploit_poc_documentation/README.md,2fbb9eebf1287480588f859c56e450ff36378d61,CVE-2016-5208
838423437,ProjectZeroDays/AI-Driven-Zero-Click-Exploit-Deployment-Framework,src/exploits/other_exploits/cve_poc/exploit_poc_documentation/README.md,2fbb9eebf1287480588f859c56e450ff36378d61,CVE-2016-5207
838423437,ProjectZeroDays/AI-Driven-Zero-Click-Exploit-Deployment-Framework,src/exploits/other_exploits/cve_poc/exploit_poc_documentation/README.md,2fbb9eebf1287480588f859c56e450ff36378d61,CVE-2016-5204
838423437,ProjectZeroDays/AI-Driven-Zero-Click-Exploit-Deployment-Framework,src/exploits/other_exploits/cve_poc/exploit_poc_documentation/README.md,2fbb9eebf1287480588f859c56e450ff36378d61,CVE-2016-5200
838423437,ProjectZeroDays/AI-Driven-Zero-Click-Exploit-Deployment-Framework,src/exploits/other_exploits/cve_poc/exploit_poc_documentation/README.md,2fbb9eebf1287480588f859c56e450ff36378d61,CVE-2016-5198
838423437,ProjectZeroDays/AI-Driven-Zero-Click-Exploit-Deployment-Framework,src/exploits/other_exploits/cve_poc/exploit_poc_documentation/README.md,2fbb9eebf1287480588f859c56e450ff36378d61,CVE-2016-5195
838423437,ProjectZeroDays/AI-Driven-Zero-Click-Exploit-Deployment-Framework,src/exploits/other_exploits/cve_poc/exploit_poc_documentation/README.md,2fbb9eebf1287480588f859c56e450ff36378d61,CVE-2016-5172
838423437,ProjectZeroDays/AI-Driven-Zero-Click-Exploit-Deployment-Framework,src/exploits/other_exploits/cve_poc/exploit_poc_documentation/README.md,2fbb9eebf1287480588f859c56e450ff36378d61,CVE-2016-5129
838423437,ProjectZeroDays/AI-Driven-Zero-Click-Exploit-Deployment-Framework,src/exploits/other_exploits/cve_poc/exploit_poc_documentation/README.md,2fbb9eebf1287480588f859c56e450ff36378d61,CVE-2016-4971
838423437,ProjectZeroDays/AI-Driven-Zero-Click-Exploit-Deployment-Framework,src/exploits/other_exploits/cve_poc/exploit_poc_documentation/README.md,2fbb9eebf1287480588f859c56e450ff36378d61,CVE-2016-4735
838423437,ProjectZeroDays/AI-Driven-Zero-Click-Exploit-Deployment-Framework,src/exploits/other_exploits/cve_poc/exploit_poc_documentation/README.md,2fbb9eebf1287480588f859c56e450ff36378d61,CVE-2016-4734
838423437,ProjectZeroDays/AI-Driven-Zero-Click-Exploit-Deployment-Framework,src/exploits/other_exploits/cve_poc/exploit_poc_documentation/README.md,2fbb9eebf1287480588f859c56e450ff36378d61,CVE-2016-4733
838423437,ProjectZeroDays/AI-Driven-Zero-Click-Exploit-Deployment-Framework,src/exploits/other_exploits/cve_poc/exploit_poc_documentation/README.md,2fbb9eebf1287480588f859c56e450ff36378d61,CVE-2016-4730
838423437,ProjectZeroDays/AI-Driven-Zero-Click-Exploit-Deployment-Framework,src/exploits/other_exploits/cve_poc/exploit_poc_documentation/README.md,2fbb9eebf1287480588f859c56e450ff36378d61,CVE-2016-4624
838423437,ProjectZeroDays/AI-Driven-Zero-Click-Exploit-Deployment-Framework,src/exploits/other_exploits/cve_poc/exploit_poc_documentation/README.md,2fbb9eebf1287480588f859c56e450ff36378d61,CVE-2016-6277
838423437,ProjectZeroDays/AI-Driven-Zero-Click-Exploit-Deployment-Framework,src/exploits/other_exploits/cve_poc/exploit_poc_documentation/README.md,2fbb9eebf1287480588f859c56e450ff36378d61,CVE-2016-7296
838423437,ProjectZeroDays/AI-Driven-Zero-Click-Exploit-Deployment-Framework,src/exploits/other_exploits/cve_poc/exploit_poc_documentation/README.md,2fbb9eebf1287480588f859c56e450ff36378d61,CVE-2016-6415
838423437,ProjectZeroDays/AI-Driven-Zero-Click-Exploit-Deployment-Framework,src/exploits/other_exploits/cve_poc/exploit_poc_documentation/README.md,2fbb9eebf1287480588f859c56e450ff36378d61,CVE-2016-6700
838423437,ProjectZeroDays/AI-Driven-Zero-Click-Exploit-Deployment-Framework,src/exploits/other_exploits/cve_poc/exploit_poc_documentation/README.md,2fbb9eebf1287480588f859c56e450ff36378d61,CVE-2016-7287
838423437,ProjectZeroDays/AI-Driven-Zero-Click-Exploit-Deployment-Framework,src/exploits/other_exploits/cve_poc/exploit_poc_documentation/README.md,2fbb9eebf1287480588f859c56e450ff36378d61,CVE-2016-7286
838423437,ProjectZeroDays/AI-Driven-Zero-Click-Exploit-Deployment-Framework,src/exploits/other_exploits/cve_poc/exploit_poc_documentation/README.md,2fbb9eebf1287480588f859c56e450ff36378d61,CVE-2016-7255
838423437,ProjectZeroDays/AI-Driven-Zero-Click-Exploit-Deployment-Framework,src/exploits/other_exploits/cve_poc/exploit_poc_documentation/README.md,2fbb9eebf1287480588f859c56e450ff36378d61,CVE-2016-7243
838423437,ProjectZeroDays/AI-Driven-Zero-Click-Exploit-Deployment-Framework,src/exploits/other_exploits/cve_poc/exploit_poc_documentation/README.md,2fbb9eebf1287480588f859c56e450ff36378d61,CVE-2016-7242
838423437,ProjectZeroDays/AI-Driven-Zero-Click-Exploit-Deployment-Framework,src/exploits/other_exploits/cve_poc/exploit_poc_documentation/README.md,2fbb9eebf1287480588f859c56e450ff36378d61,CVE-2016-7241
838423437,ProjectZeroDays/AI-Driven-Zero-Click-Exploit-Deployment-Framework,src/exploits/other_exploits/cve_poc/exploit_poc_documentation/README.md,2fbb9eebf1287480588f859c56e450ff36378d61,CVE-2016-7240
838423437,ProjectZeroDays/AI-Driven-Zero-Click-Exploit-Deployment-Framework,src/exploits/other_exploits/cve_poc/exploit_poc_documentation/README.md,2fbb9eebf1287480588f859c56e450ff36378d61,CVE-2016-7208
838423437,ProjectZeroDays/AI-Driven-Zero-Click-Exploit-Deployment-Framework,src/exploits/other_exploits/cve_poc/exploit_poc_documentation/README.md,2fbb9eebf1287480588f859c56e450ff36378d61,CVE-2016-7203
838423437,ProjectZeroDays/AI-Driven-Zero-Click-Exploit-Deployment-Framework,src/exploits/other_exploits/cve_poc/exploit_poc_documentation/README.md,2fbb9eebf1287480588f859c56e450ff36378d61,CVE-2016-7202
838423437,ProjectZeroDays/AI-Driven-Zero-Click-Exploit-Deployment-Framework,src/exploits/other_exploits/cve_poc/exploit_poc_documentation/README.md,2fbb9eebf1287480588f859c56e450ff36378d61,CVE-2016-7201
838423437,ProjectZeroDays/AI-Driven-Zero-Click-Exploit-Deployment-Framework,src/exploits/other_exploits/cve_poc/exploit_poc_documentation/README.md,2fbb9eebf1287480588f859c56e450ff36378d61,CVE-2016-7200
838423437,ProjectZeroDays/AI-Driven-Zero-Click-Exploit-Deployment-Framework,src/exploits/other_exploits/cve_poc/exploit_poc_documentation/README.md,2fbb9eebf1287480588f859c56e450ff36378d61,CVE-2016-7194
838423437,ProjectZeroDays/AI-Driven-Zero-Click-Exploit-Deployment-Framework,src/exploits/other_exploits/cve_poc/exploit_poc_documentation/README.md,2fbb9eebf1287480588f859c56e450ff36378d61,CVE-2016-7190
838423437,ProjectZeroDays/AI-Driven-Zero-Click-Exploit-Deployment-Framework,src/exploits/other_exploits/cve_poc/exploit_poc_documentation/README.md,2fbb9eebf1287480588f859c56e450ff36378d61,CVE-2016-7189
838423437,ProjectZeroDays/AI-Driven-Zero-Click-Exploit-Deployment-Framework,src/exploits/other_exploits/cve_poc/exploit_poc_documentation/README.md,2fbb9eebf1287480588f859c56e450ff36378d61,CVE-2016-7124
838423437,ProjectZeroDays/AI-Driven-Zero-Click-Exploit-Deployment-Framework,src/exploits/other_exploits/cve_poc/exploit_poc_documentation/README.md,2fbb9eebf1287480588f859c56e450ff36378d61,CVE-2016-6787
838423437,ProjectZeroDays/AI-Driven-Zero-Click-Exploit-Deployment-Framework,src/exploits/other_exploits/cve_poc/exploit_poc_documentation/README.md,2fbb9eebf1287480588f859c56e450ff36378d61,CVE-2016-6762
838423437,ProjectZeroDays/AI-Driven-Zero-Click-Exploit-Deployment-Framework,src/exploits/other_exploits/cve_poc/exploit_poc_documentation/README.md,2fbb9eebf1287480588f859c56e450ff36378d61,CVE-2016-6702
838423437,ProjectZeroDays/AI-Driven-Zero-Click-Exploit-Deployment-Framework,src/exploits/other_exploits/cve_poc/exploit_poc_documentation/README.md,2fbb9eebf1287480588f859c56e450ff36378d61,CVE-2016-6662
838423437,ProjectZeroDays/AI-Driven-Zero-Click-Exploit-Deployment-Framework,src/exploits/other_exploits/cve_poc/exploit_poc_documentation/README.md,2fbb9eebf1287480588f859c56e450ff36378d61,CVE-2017-15401
838423437,ProjectZeroDays/AI-Driven-Zero-Click-Exploit-Deployment-Framework,src/exploits/other_exploits/cve_poc/exploit_poc_documentation/README.md,2fbb9eebf1287480588f859c56e450ff36378d61,CVE-2017-12149
838423437,ProjectZeroDays/AI-Driven-Zero-Click-Exploit-Deployment-Framework,src/exploits/other_exploits/cve_poc/exploit_poc_documentation/README.md,2fbb9eebf1287480588f859c56e450ff36378d61,CVE-2017-15412
838423437,ProjectZeroDays/AI-Driven-Zero-Click-Exploit-Deployment-Framework,src/exploits/other_exploits/cve_poc/exploit_poc_documentation/README.md,2fbb9eebf1287480588f859c56e450ff36378d61,CVE-2017-8640
838423437,ProjectZeroDays/AI-Driven-Zero-Click-Exploit-Deployment-Framework,src/exploits/other_exploits/cve_poc/exploit_poc_documentation/README.md,2fbb9eebf1287480588f859c56e450ff36378d61,CVE-2017-8639
838423437,ProjectZeroDays/AI-Driven-Zero-Click-Exploit-Deployment-Framework,src/exploits/other_exploits/cve_poc/exploit_poc_documentation/README.md,2fbb9eebf1287480588f859c56e450ff36378d61,CVE-2017-8638
838423437,ProjectZeroDays/AI-Driven-Zero-Click-Exploit-Deployment-Framework,src/exploits/other_exploits/cve_poc/exploit_poc_documentation/README.md,2fbb9eebf1287480588f859c56e450ff36378d61,CVE-2017-8636
838423437,ProjectZeroDays/AI-Driven-Zero-Click-Exploit-Deployment-Framework,src/exploits/other_exploits/cve_poc/exploit_poc_documentation/README.md,2fbb9eebf1287480588f859c56e450ff36378d61,CVE-2017-8635
838423437,ProjectZeroDays/AI-Driven-Zero-Click-Exploit-Deployment-Framework,src/exploits/other_exploits/cve_poc/exploit_poc_documentation/README.md,2fbb9eebf1287480588f859c56e450ff36378d61,CVE-2017-8634
838423437,ProjectZeroDays/AI-Driven-Zero-Click-Exploit-Deployment-Framework,src/exploits/other_exploits/cve_poc/exploit_poc_documentation/README.md,2fbb9eebf1287480588f859c56e450ff36378d61,CVE-2017-8625
838423437,ProjectZeroDays/AI-Driven-Zero-Click-Exploit-Deployment-Framework,src/exploits/other_exploits/cve_poc/exploit_poc_documentation/README.md,2fbb9eebf1287480588f859c56e450ff36378d61,CVE-2017-8619
838423437,ProjectZeroDays/AI-Driven-Zero-Click-Exploit-Deployment-Framework,src/exploits/other_exploits/cve_poc/exploit_poc_documentation/README.md,2fbb9eebf1287480588f859c56e450ff36378d61,CVE-2018-0953
838423437,ProjectZeroDays/AI-Driven-Zero-Click-Exploit-Deployment-Framework,src/exploits/other_exploits/cve_poc/exploit_poc_documentation/README.md,2fbb9eebf1287480588f859c56e450ff36378d61,CVE-2017-8618
838423437,ProjectZeroDays/AI-Driven-Zero-Click-Exploit-Deployment-Framework,src/exploits/other_exploits/cve_poc/exploit_poc_documentation/README.md,2fbb9eebf1287480588f859c56e450ff36378d61,CVE-2017-8609
838423437,ProjectZeroDays/AI-Driven-Zero-Click-Exploit-Deployment-Framework,src/exploits/other_exploits/cve_poc/exploit_poc_documentation/README.md,2fbb9eebf1287480588f859c56e450ff36378d61,CVE-2018-0954
838423437,ProjectZeroDays/AI-Driven-Zero-Click-Exploit-Deployment-Framework,src/exploits/other_exploits/cve_poc/exploit_poc_documentation/README.md,2fbb9eebf1287480588f859c56e450ff36378d61,CVE-2017-8608
838423437,ProjectZeroDays/AI-Driven-Zero-Click-Exploit-Deployment-Framework,src/exploits/other_exploits/cve_poc/exploit_poc_documentation/README.md,2fbb9eebf1287480588f859c56e450ff36378d61,CVE-2017-8607
838423437,ProjectZeroDays/AI-Driven-Zero-Click-Exploit-Deployment-Framework,src/exploits/other_exploits/cve_poc/exploit_poc_documentation/README.md,2fbb9eebf1287480588f859c56e450ff36378d61,CVE-2017-8606
838423437,ProjectZeroDays/AI-Driven-Zero-Click-Exploit-Deployment-Framework,src/exploits/other_exploits/cve_poc/exploit_poc_documentation/README.md,2fbb9eebf1287480588f859c56e450ff36378d61,CVE-2017-8605
838423437,ProjectZeroDays/AI-Driven-Zero-Click-Exploit-Deployment-Framework,src/exploits/other_exploits/cve_poc/exploit_poc_documentation/README.md,2fbb9eebf1287480588f859c56e450ff36378d61,CVE-2017-8604
838423437,ProjectZeroDays/AI-Driven-Zero-Click-Exploit-Deployment-Framework,src/exploits/other_exploits/cve_poc/exploit_poc_documentation/README.md,2fbb9eebf1287480588f859c56e450ff36378d61,CVE-2017-8603
838423437,ProjectZeroDays/AI-Driven-Zero-Click-Exploit-Deployment-Framework,src/exploits/other_exploits/cve_poc/exploit_poc_documentation/README.md,2fbb9eebf1287480588f859c56e450ff36378d61,CVE-2017-8610
838423437,ProjectZeroDays/AI-Driven-Zero-Click-Exploit-Deployment-Framework,src/exploits/other_exploits/cve_poc/exploit_poc_documentation/README.md,2fbb9eebf1287480588f859c56e450ff36378d61,CVE-2017-8601
838423437,ProjectZeroDays/AI-Driven-Zero-Click-Exploit-Deployment-Framework,src/exploits/other_exploits/cve_poc/exploit_poc_documentation/README.md,2fbb9eebf1287480588f859c56e450ff36378d61,CVE-2018-0951
838423437,ProjectZeroDays/AI-Driven-Zero-Click-Exploit-Deployment-Framework,src/exploits/other_exploits/cve_poc/exploit_poc_documentation/README.md,2fbb9eebf1287480588f859c56e450ff36378d61,CVE-2018-0945
838423437,ProjectZeroDays/AI-Driven-Zero-Click-Exploit-Deployment-Framework,src/exploits/other_exploits/cve_poc/exploit_poc_documentation/README.md,2fbb9eebf1287480588f859c56e450ff36378d61,CVE-2017-8734
838423437,ProjectZeroDays/AI-Driven-Zero-Click-Exploit-Deployment-Framework,src/exploits/other_exploits/cve_poc/exploit_poc_documentation/README.md,2fbb9eebf1287480588f859c56e450ff36378d61,CVE-2017-8731
838423437,ProjectZeroDays/AI-Driven-Zero-Click-Exploit-Deployment-Framework,src/exploits/other_exploits/cve_poc/exploit_poc_documentation/README.md,2fbb9eebf1287480588f859c56e450ff36378d61,CVE-2017-8729
838423437,ProjectZeroDays/AI-Driven-Zero-Click-Exploit-Deployment-Framework,src/exploits/other_exploits/cve_poc/exploit_poc_documentation/README.md,2fbb9eebf1287480588f859c56e450ff36378d61,CVE-2017-8674
838423437,ProjectZeroDays/AI-Driven-Zero-Click-Exploit-Deployment-Framework,src/exploits/other_exploits/cve_poc/exploit_poc_documentation/README.md,2fbb9eebf1287480588f859c56e450ff36378d61,ZDI-CAN-5101
838423437,ProjectZeroDays/AI-Driven-Zero-Click-Exploit-Deployment-Framework,src/exploits/other_exploits/cve_poc/exploit_poc_documentation/README.md,2fbb9eebf1287480588f859c56e450ff36378d61,CVE-2017-8671
838423437,ProjectZeroDays/AI-Driven-Zero-Click-Exploit-Deployment-Framework,src/exploits/other_exploits/cve_poc/exploit_poc_documentation/README.md,2fbb9eebf1287480588f859c56e450ff36378d61,CVE-2017-8670
838423437,ProjectZeroDays/AI-Driven-Zero-Click-Exploit-Deployment-Framework,src/exploits/other_exploits/cve_poc/exploit_poc_documentation/README.md,2fbb9eebf1287480588f859c56e450ff36378d61,CVE-2017-8660
838423437,ProjectZeroDays/AI-Driven-Zero-Click-Exploit-Deployment-Framework,src/exploits/other_exploits/cve_poc/exploit_poc_documentation/README.md,2fbb9eebf1287480588f859c56e450ff36378d61,CVE-2018-0946
838423437,ProjectZeroDays/AI-Driven-Zero-Click-Exploit-Deployment-Framework,src/exploits/other_exploits/cve_poc/exploit_poc_documentation/README.md,2fbb9eebf1287480588f859c56e450ff36378d61,CVE-2017-8657
838423437,ProjectZeroDays/AI-Driven-Zero-Click-Exploit-Deployment-Framework,src/exploits/other_exploits/cve_poc/exploit_poc_documentation/README.md,2fbb9eebf1287480588f859c56e450ff36378d61,CVE-2017-8655
838423437,ProjectZeroDays/AI-Driven-Zero-Click-Exploit-Deployment-Framework,src/exploits/other_exploits/cve_poc/exploit_poc_documentation/README.md,2fbb9eebf1287480588f859c56e450ff36378d61,CVE-2017-8649
838423437,ProjectZeroDays/AI-Driven-Zero-Click-Exploit-Deployment-Framework,src/exploits/other_exploits/cve_poc/exploit_poc_documentation/README.md,2fbb9eebf1287480588f859c56e450ff36378d61,CVE-2017-8647
838423437,ProjectZeroDays/AI-Driven-Zero-Click-Exploit-Deployment-Framework,src/exploits/other_exploits/cve_poc/exploit_poc_documentation/README.md,2fbb9eebf1287480588f859c56e450ff36378d61,CVE-2017-8646
838423437,ProjectZeroDays/AI-Driven-Zero-Click-Exploit-Deployment-Framework,src/exploits/other_exploits/cve_poc/exploit_poc_documentation/README.md,2fbb9eebf1287480588f859c56e450ff36378d61,CVE-2017-8645
838423437,ProjectZeroDays/AI-Driven-Zero-Click-Exploit-Deployment-Framework,src/exploits/other_exploits/cve_poc/exploit_poc_documentation/README.md,2fbb9eebf1287480588f859c56e450ff36378d61,CVE-2017-8641
838423437,ProjectZeroDays/AI-Driven-Zero-Click-Exploit-Deployment-Framework,src/exploits/other_exploits/cve_poc/exploit_poc_documentation/README.md,2fbb9eebf1287480588f859c56e450ff36378d61,CVE-2018-0937
838423437,ProjectZeroDays/AI-Driven-Zero-Click-Exploit-Deployment-Framework,src/exploits/other_exploits/cve_poc/exploit_poc_documentation/README.md,2fbb9eebf1287480588f859c56e450ff36378d61,CVE-2018-0939
838423437,ProjectZeroDays/AI-Driven-Zero-Click-Exploit-Deployment-Framework,src/exploits/other_exploits/cve_poc/exploit_poc_documentation/README.md,2fbb9eebf1287480588f859c56e450ff36378d61,CVE-2017-8656
838423437,ProjectZeroDays/AI-Driven-Zero-Click-Exploit-Deployment-Framework,src/exploits/other_exploits/cve_poc/exploit_poc_documentation/README.md,2fbb9eebf1287480588f859c56e450ff36378d61,CVE-2017-8738
838423437,ProjectZeroDays/AI-Driven-Zero-Click-Exploit-Deployment-Framework,src/exploits/other_exploits/cve_poc/exploit_poc_documentation/README.md,2fbb9eebf1287480588f859c56e450ff36378d61,CVE-2017-8598
838423437,ProjectZeroDays/AI-Driven-Zero-Click-Exploit-Deployment-Framework,src/exploits/other_exploits/cve_poc/exploit_poc_documentation/README.md,2fbb9eebf1287480588f859c56e450ff36378d61,CVE-2017-8570
838423437,ProjectZeroDays/AI-Driven-Zero-Click-Exploit-Deployment-Framework,src/exploits/other_exploits/cve_poc/exploit_poc_documentation/README.md,2fbb9eebf1287480588f859c56e450ff36378d61,CVE-2017-7494
838423437,ProjectZeroDays/AI-Driven-Zero-Click-Exploit-Deployment-Framework,src/exploits/other_exploits/cve_poc/exploit_poc_documentation/README.md,2fbb9eebf1287480588f859c56e450ff36378d61,CVE-2017-7442
838423437,ProjectZeroDays/AI-Driven-Zero-Click-Exploit-Deployment-Framework,src/exploits/other_exploits/cve_poc/exploit_poc_documentation/README.md,2fbb9eebf1287480588f859c56e450ff36378d61,CVE-2017-7344
838423437,ProjectZeroDays/AI-Driven-Zero-Click-Exploit-Deployment-Framework,src/exploits/other_exploits/cve_poc/exploit_poc_documentation/README.md,2fbb9eebf1287480588f859c56e450ff36378d61,CVE-2017-7308
838423437,ProjectZeroDays/AI-Driven-Zero-Click-Exploit-Deployment-Framework,src/exploits/other_exploits/cve_poc/exploit_poc_documentation/README.md,2fbb9eebf1287480588f859c56e450ff36378d61,CVE-2017-7293
838423437,ProjectZeroDays/AI-Driven-Zero-Click-Exploit-Deployment-Framework,src/exploits/other_exploits/cve_poc/exploit_poc_documentation/README.md,2fbb9eebf1287480588f859c56e450ff36378d61,CVE-2018-0993
838423437,ProjectZeroDays/AI-Driven-Zero-Click-Exploit-Deployment-Framework,src/exploits/other_exploits/cve_poc/exploit_poc_documentation/README.md,2fbb9eebf1287480588f859c56e450ff36378d61,CVE-2017-7283
838423437,ProjectZeroDays/AI-Driven-Zero-Click-Exploit-Deployment-Framework,src/exploits/other_exploits/cve_poc/exploit_poc_documentation/README.md,2fbb9eebf1287480588f859c56e450ff36378d61,CVE-2017-7282
838423437,ProjectZeroDays/AI-Driven-Zero-Click-Exploit-Deployment-Framework,src/exploits/other_exploits/cve_poc/exploit_poc_documentation/README.md,2fbb9eebf1287480588f859c56e450ff36378d61,CVE-2017-7504
838423437,ProjectZeroDays/AI-Driven-Zero-Click-Exploit-Deployment-Framework,src/exploits/other_exploits/cve_poc/exploit_poc_documentation/README.md,2fbb9eebf1287480588f859c56e450ff36378d61,CVE-2017-7281
838423437,ProjectZeroDays/AI-Driven-Zero-Click-Exploit-Deployment-Framework,src/exploits/other_exploits/cve_poc/exploit_poc_documentation/README.md,2fbb9eebf1287480588f859c56e450ff36378d61,CVE-2017-7279
838423437,ProjectZeroDays/AI-Driven-Zero-Click-Exploit-Deployment-Framework,src/exploits/other_exploits/cve_poc/exploit_poc_documentation/README.md,2fbb9eebf1287480588f859c56e450ff36378d61,CVE-2017-7269
838423437,ProjectZeroDays/AI-Driven-Zero-Click-Exploit-Deployment-Framework,src/exploits/other_exploits/cve_poc/exploit_poc_documentation/README.md,2fbb9eebf1287480588f859c56e450ff36378d61,CVE-2018-0889
838423437,ProjectZeroDays/AI-Driven-Zero-Click-Exploit-Deployment-Framework,src/exploits/other_exploits/cve_poc/exploit_poc_documentation/README.md,2fbb9eebf1287480588f859c56e450ff36378d61,CVE-2017-7150
838423437,ProjectZeroDays/AI-Driven-Zero-Click-Exploit-Deployment-Framework,src/exploits/other_exploits/cve_poc/exploit_poc_documentation/README.md,2fbb9eebf1287480588f859c56e450ff36378d61,CVE-2017-7117
838423437,ProjectZeroDays/AI-Driven-Zero-Click-Exploit-Deployment-Framework,src/exploits/other_exploits/cve_poc/exploit_poc_documentation/README.md,2fbb9eebf1287480588f859c56e450ff36378d61,CVE-2017-7115
838423437,ProjectZeroDays/AI-Driven-Zero-Click-Exploit-Deployment-Framework,src/exploits/other_exploits/cve_poc/exploit_poc_documentation/README.md,2fbb9eebf1287480588f859c56e450ff36378d61,CVE-2017-7092
838423437,ProjectZeroDays/AI-Driven-Zero-Click-Exploit-Deployment-Framework,src/exploits/other_exploits/cve_poc/exploit_poc_documentation/README.md,2fbb9eebf1287480588f859c56e450ff36378d61,CVE-2017-7089
838423437,ProjectZeroDays/AI-Driven-Zero-Click-Exploit-Deployment-Framework,src/exploits/other_exploits/cve_poc/exploit_poc_documentation/README.md,2fbb9eebf1287480588f859c56e450ff36378d61,CVE-2017-7280
838423437,ProjectZeroDays/AI-Driven-Zero-Click-Exploit-Deployment-Framework,src/exploits/other_exploits/cve_poc/exploit_poc_documentation/README.md,2fbb9eebf1287480588f859c56e450ff36378d61,CVE-2017-8596
838423437,ProjectZeroDays/AI-Driven-Zero-Click-Exploit-Deployment-Framework,src/exploits/other_exploits/cve_poc/exploit_poc_documentation/README.md,2fbb9eebf1287480588f859c56e450ff36378d61,CVE-2017-7525
838423437,ProjectZeroDays/AI-Driven-Zero-Click-Exploit-Deployment-Framework,src/exploits/other_exploits/cve_poc/exploit_poc_documentation/README.md,2fbb9eebf1287480588f859c56e450ff36378d61,CVE-2017-7533
838423437,ProjectZeroDays/AI-Driven-Zero-Click-Exploit-Deployment-Framework,src/exploits/other_exploits/cve_poc/exploit_poc_documentation/README.md,2fbb9eebf1287480588f859c56e450ff36378d61,CVE-2018-0955
838423437,ProjectZeroDays/AI-Driven-Zero-Click-Exploit-Deployment-Framework,src/exploits/other_exploits/cve_poc/exploit_poc_documentation/README.md,2fbb9eebf1287480588f859c56e450ff36378d61,CVE-2017-8549
838423437,ProjectZeroDays/AI-Driven-Zero-Click-Exploit-Deployment-Framework,src/exploits/other_exploits/cve_poc/exploit_poc_documentation/README.md,2fbb9eebf1287480588f859c56e450ff36378d61,CVE-2017-8548
838423437,ProjectZeroDays/AI-Driven-Zero-Click-Exploit-Deployment-Framework,src/exploits/other_exploits/cve_poc/exploit_poc_documentation/README.md,2fbb9eebf1287480588f859c56e450ff36378d61,CVE-2017-15411
838423437,ProjectZeroDays/AI-Driven-Zero-Click-Exploit-Deployment-Framework,src/exploits/other_exploits/cve_poc/exploit_poc_documentation/README.md,2fbb9eebf1287480588f859c56e450ff36378d61,CVE-2017-8543
838423437,ProjectZeroDays/AI-Driven-Zero-Click-Exploit-Deployment-Framework,src/exploits/other_exploits/cve_poc/exploit_poc_documentation/README.md,2fbb9eebf1287480588f859c56e450ff36378d61,CVE-2017-8528
838423437,ProjectZeroDays/AI-Driven-Zero-Click-Exploit-Deployment-Framework,src/exploits/other_exploits/cve_poc/exploit_poc_documentation/README.md,2fbb9eebf1287480588f859c56e450ff36378d61,CVE-2017-8521
838423437,ProjectZeroDays/AI-Driven-Zero-Click-Exploit-Deployment-Framework,src/exploits/other_exploits/cve_poc/exploit_poc_documentation/README.md,2fbb9eebf1287480588f859c56e450ff36378d61,CVE-2017-8520
838423437,ProjectZeroDays/AI-Driven-Zero-Click-Exploit-Deployment-Framework,src/exploits/other_exploits/cve_poc/exploit_poc_documentation/README.md,2fbb9eebf1287480588f859c56e450ff36378d61,CVE-2017-7529
838423437,ProjectZeroDays/AI-Driven-Zero-Click-Exploit-Deployment-Framework,src/exploits/other_exploits/cve_poc/exploit_poc_documentation/README.md,2fbb9eebf1287480588f859c56e450ff36378d61,CVE-2017-8514
838423437,ProjectZeroDays/AI-Driven-Zero-Click-Exploit-Deployment-Framework,src/exploits/other_exploits/cve_poc/exploit_poc_documentation/README.md,2fbb9eebf1287480588f859c56e450ff36378d61,CVE-2017-8499
838423437,ProjectZeroDays/AI-Driven-Zero-Click-Exploit-Deployment-Framework,src/exploits/other_exploits/cve_poc/exploit_poc_documentation/README.md,2fbb9eebf1287480588f859c56e450ff36378d61,CVE-2017-8464
838423437,ProjectZeroDays/AI-Driven-Zero-Click-Exploit-Deployment-Framework,src/exploits/other_exploits/cve_poc/exploit_poc_documentation/README.md,2fbb9eebf1287480588f859c56e450ff36378d61,CVE-2018-0980
838423437,ProjectZeroDays/AI-Driven-Zero-Click-Exploit-Deployment-Framework,src/exploits/other_exploits/cve_poc/exploit_poc_documentation/README.md,2fbb9eebf1287480588f859c56e450ff36378d61,CVE-2018-0990
838423437,ProjectZeroDays/AI-Driven-Zero-Click-Exploit-Deployment-Framework,src/exploits/other_exploits/cve_poc/exploit_poc_documentation/README.md,2fbb9eebf1287480588f859c56e450ff36378d61,CVE-2017-8386
838423437,ProjectZeroDays/AI-Driven-Zero-Click-Exploit-Deployment-Framework,src/exploits/other_exploits/cve_poc/exploit_poc_documentation/README.md,2fbb9eebf1287480588f859c56e450ff36378d61,CVE-2017-8295
838423437,ProjectZeroDays/AI-Driven-Zero-Click-Exploit-Deployment-Framework,src/exploits/other_exploits/cve_poc/exploit_poc_documentation/README.md,2fbb9eebf1287480588f859c56e450ff36378d61,CVE-2017-8291
838423437,ProjectZeroDays/AI-Driven-Zero-Click-Exploit-Deployment-Framework,src/exploits/other_exploits/cve_poc/exploit_poc_documentation/README.md,2fbb9eebf1287480588f859c56e450ff36378d61,CVE-2017-8046
838423437,ProjectZeroDays/AI-Driven-Zero-Click-Exploit-Deployment-Framework,src/exploits/other_exploits/cve_poc/exploit_poc_documentation/README.md,2fbb9eebf1287480588f859c56e450ff36378d61,CVE-2018-0979
838423437,ProjectZeroDays/AI-Driven-Zero-Click-Exploit-Deployment-Framework,src/exploits/other_exploits/cve_poc/exploit_poc_documentation/README.md,2fbb9eebf1287480588f859c56e450ff36378d61,CVE-2017-8740
838423437,ProjectZeroDays/AI-Driven-Zero-Click-Exploit-Deployment-Framework,src/exploits/other_exploits/cve_poc/exploit_poc_documentation/README.md,2fbb9eebf1287480588f859c56e450ff36378d61,CVE-2017-8741
838423437,ProjectZeroDays/AI-Driven-Zero-Click-Exploit-Deployment-Framework,src/exploits/other_exploits/cve_poc/exploit_poc_documentation/README.md,2fbb9eebf1287480588f859c56e450ff36378d61,CVE-2017-8748
838423437,ProjectZeroDays/AI-Driven-Zero-Click-Exploit-Deployment-Framework,src/exploits/other_exploits/cve_poc/exploit_poc_documentation/README.md,2fbb9eebf1287480588f859c56e450ff36378d61,CVE-2018-0838
838423437,ProjectZeroDays/AI-Driven-Zero-Click-Exploit-Deployment-Framework,src/exploits/other_exploits/cve_poc/exploit_poc_documentation/README.md,2fbb9eebf1287480588f859c56e450ff36378d61,CVE-2018-0837
838423437,ProjectZeroDays/AI-Driven-Zero-Click-Exploit-Deployment-Framework,src/exploits/other_exploits/cve_poc/exploit_poc_documentation/README.md,2fbb9eebf1287480588f859c56e450ff36378d61,CVE-2018-0836
838423437,ProjectZeroDays/AI-Driven-Zero-Click-Exploit-Deployment-Framework,src/exploits/other_exploits/cve_poc/exploit_poc_documentation/README.md,2fbb9eebf1287480588f859c56e450ff36378d61,CVE-2018-0835
838423437,ProjectZeroDays/AI-Driven-Zero-Click-Exploit-Deployment-Framework,src/exploits/other_exploits/cve_poc/exploit_poc_documentation/README.md,2fbb9eebf1287480588f859c56e450ff36378d61,CVE-2018-0834
838423437,ProjectZeroDays/AI-Driven-Zero-Click-Exploit-Deployment-Framework,src/exploits/other_exploits/cve_poc/exploit_poc_documentation/README.md,2fbb9eebf1287480588f859c56e450ff36378d61,CVE-2018-0833
838423437,ProjectZeroDays/AI-Driven-Zero-Click-Exploit-Deployment-Framework,src/exploits/other_exploits/cve_poc/exploit_poc_documentation/README.md,2fbb9eebf1287480588f859c56e450ff36378d61,CVE-2018-0824
838423437,ProjectZeroDays/AI-Driven-Zero-Click-Exploit-Deployment-Framework,src/exploits/other_exploits/cve_poc/exploit_poc_documentation/README.md,2fbb9eebf1287480588f859c56e450ff36378d61,CVE-2018-0812
838423437,ProjectZeroDays/AI-Driven-Zero-Click-Exploit-Deployment-Framework,src/exploits/other_exploits/cve_poc/exploit_poc_documentation/README.md,2fbb9eebf1287480588f859c56e450ff36378d61,CVE-2018-0839
838423437,ProjectZeroDays/AI-Driven-Zero-Click-Exploit-Deployment-Framework,src/exploits/other_exploits/cve_poc/exploit_poc_documentation/README.md,2fbb9eebf1287480588f859c56e450ff36378d61,CVE-2018-0802
838423437,ProjectZeroDays/AI-Driven-Zero-Click-Exploit-Deployment-Framework,src/exploits/other_exploits/cve_poc/exploit_poc_documentation/README.md,2fbb9eebf1287480588f859c56e450ff36378d61,CVE-2018-0797
838423437,ProjectZeroDays/AI-Driven-Zero-Click-Exploit-Deployment-Framework,src/exploits/other_exploits/cve_poc/exploit_poc_documentation/README.md,2fbb9eebf1287480588f859c56e450ff36378d61,CVE-2018-0781
838423437,ProjectZeroDays/AI-Driven-Zero-Click-Exploit-Deployment-Framework,src/exploits/other_exploits/cve_poc/exploit_poc_documentation/README.md,2fbb9eebf1287480588f859c56e450ff36378d61,CVE-2018-0780
838423437,ProjectZeroDays/AI-Driven-Zero-Click-Exploit-Deployment-Framework,src/exploits/other_exploits/cve_poc/exploit_poc_documentation/README.md,2fbb9eebf1287480588f859c56e450ff36378d61,CVE-2018-0778
838423437,ProjectZeroDays/AI-Driven-Zero-Click-Exploit-Deployment-Framework,src/exploits/other_exploits/cve_poc/exploit_poc_documentation/README.md,2fbb9eebf1287480588f859c56e450ff36378d61,CVE-2018-0777
838423437,ProjectZeroDays/AI-Driven-Zero-Click-Exploit-Deployment-Framework,src/exploits/other_exploits/cve_poc/exploit_poc_documentation/README.md,2fbb9eebf1287480588f859c56e450ff36378d61,CVE-2018-0776
838423437,ProjectZeroDays/AI-Driven-Zero-Click-Exploit-Deployment-Framework,src/exploits/other_exploits/cve_poc/exploit_poc_documentation/README.md,2fbb9eebf1287480588f859c56e450ff36378d61,CVE-2018-0775
838423437,ProjectZeroDays/AI-Driven-Zero-Click-Exploit-Deployment-Framework,src/exploits/other_exploits/cve_poc/exploit_poc_documentation/README.md,2fbb9eebf1287480588f859c56e450ff36378d61,CVE-2018-0774
838423437,ProjectZeroDays/AI-Driven-Zero-Click-Exploit-Deployment-Framework,src/exploits/other_exploits/cve_poc/exploit_poc_documentation/README.md,2fbb9eebf1287480588f859c56e450ff36378d61,CVE-2018-0800
838423437,ProjectZeroDays/AI-Driven-Zero-Click-Exploit-Deployment-Framework,src/exploits/other_exploits/cve_poc/exploit_poc_documentation/README.md,2fbb9eebf1287480588f859c56e450ff36378d61,CVE-2018-0773
838423437,ProjectZeroDays/AI-Driven-Zero-Click-Exploit-Deployment-Framework,src/exploits/other_exploits/cve_poc/exploit_poc_documentation/README.md,2fbb9eebf1287480588f859c56e450ff36378d61,CVE-2018-0840
838423437,ProjectZeroDays/AI-Driven-Zero-Click-Exploit-Deployment-Framework,src/exploits/other_exploits/cve_poc/exploit_poc_documentation/README.md,2fbb9eebf1287480588f859c56e450ff36378d61,CVE-2018-0857
838423437,ProjectZeroDays/AI-Driven-Zero-Click-Exploit-Deployment-Framework,src/exploits/other_exploits/cve_poc/exploit_poc_documentation/README.md,2fbb9eebf1287480588f859c56e450ff36378d61,CVE-2018-0891
838423437,ProjectZeroDays/AI-Driven-Zero-Click-Exploit-Deployment-Framework,src/exploits/other_exploits/cve_poc/exploit_poc_documentation/README.md,2fbb9eebf1287480588f859c56e450ff36378d61,CVE-2018-0893
838423437,ProjectZeroDays/AI-Driven-Zero-Click-Exploit-Deployment-Framework,src/exploits/other_exploits/cve_poc/exploit_poc_documentation/README.md,2fbb9eebf1287480588f859c56e450ff36378d61,CVE-2018-0886
838423437,ProjectZeroDays/AI-Driven-Zero-Click-Exploit-Deployment-Framework,src/exploits/other_exploits/cve_poc/exploit_poc_documentation/README.md,2fbb9eebf1287480588f859c56e450ff36378d61,CVE-2018-0925
838423437,ProjectZeroDays/AI-Driven-Zero-Click-Exploit-Deployment-Framework,src/exploits/other_exploits/cve_poc/exploit_poc_documentation/README.md,2fbb9eebf1287480588f859c56e450ff36378d61,CVE-2018-0930
838423437,ProjectZeroDays/AI-Driven-Zero-Click-Exploit-Deployment-Framework,src/exploits/other_exploits/cve_poc/exploit_poc_documentation/README.md,2fbb9eebf1287480588f859c56e450ff36378d61,CVE-2018-0931
838423437,ProjectZeroDays/AI-Driven-Zero-Click-Exploit-Deployment-Framework,src/exploits/other_exploits/cve_poc/exploit_poc_documentation/README.md,2fbb9eebf1287480588f859c56e450ff36378d61,CVE-2018-0933
838423437,ProjectZeroDays/AI-Driven-Zero-Click-Exploit-Deployment-Framework,src/exploits/other_exploits/cve_poc/exploit_poc_documentation/README.md,2fbb9eebf1287480588f859c56e450ff36378d61,CVE-2018-0878
838423437,ProjectZeroDays/AI-Driven-Zero-Click-Exploit-Deployment-Framework,src/exploits/other_exploits/cve_poc/exploit_poc_documentation/README.md,2fbb9eebf1287480588f859c56e450ff36378d61,CVE-2018-0856
838423437,ProjectZeroDays/AI-Driven-Zero-Click-Exploit-Deployment-Framework,src/exploits/other_exploits/cve_poc/exploit_poc_documentation/README.md,2fbb9eebf1287480588f859c56e450ff36378d61,CVE-2018-0876
838423437,ProjectZeroDays/AI-Driven-Zero-Click-Exploit-Deployment-Framework,src/exploits/other_exploits/cve_poc/exploit_poc_documentation/README.md,2fbb9eebf1287480588f859c56e450ff36378d61,CVE-2018-0873
838423437,ProjectZeroDays/AI-Driven-Zero-Click-Exploit-Deployment-Framework,src/exploits/other_exploits/cve_poc/exploit_poc_documentation/README.md,2fbb9eebf1287480588f859c56e450ff36378d61,CVE-2018-0872
838423437,ProjectZeroDays/AI-Driven-Zero-Click-Exploit-Deployment-Framework,src/exploits/other_exploits/cve_poc/exploit_poc_documentation/README.md,2fbb9eebf1287480588f859c56e450ff36378d61,CVE-2018-0871
838423437,ProjectZeroDays/AI-Driven-Zero-Click-Exploit-Deployment-Framework,src/exploits/other_exploits/cve_poc/exploit_poc_documentation/README.md,2fbb9eebf1287480588f859c56e450ff36378d61,CVE-2018-0866
838423437,ProjectZeroDays/AI-Driven-Zero-Click-Exploit-Deployment-Framework,src/exploits/other_exploits/cve_poc/exploit_poc_documentation/README.md,2fbb9eebf1287480588f859c56e450ff36378d61,CVE-2018-0861
838423437,ProjectZeroDays/AI-Driven-Zero-Click-Exploit-Deployment-Framework,src/exploits/other_exploits/cve_poc/exploit_poc_documentation/README.md,2fbb9eebf1287480588f859c56e450ff36378d61,CVE-2018-0860
838423437,ProjectZeroDays/AI-Driven-Zero-Click-Exploit-Deployment-Framework,src/exploits/other_exploits/cve_poc/exploit_poc_documentation/README.md,2fbb9eebf1287480588f859c56e450ff36378d61,CVE-2018-0859
838423437,ProjectZeroDays/AI-Driven-Zero-Click-Exploit-Deployment-Framework,src/exploits/other_exploits/cve_poc/exploit_poc_documentation/README.md,2fbb9eebf1287480588f859c56e450ff36378d61,CVE-2018-0858
838423437,ProjectZeroDays/AI-Driven-Zero-Click-Exploit-Deployment-Framework,src/exploits/other_exploits/cve_poc/exploit_poc_documentation/README.md,2fbb9eebf1287480588f859c56e450ff36378d61,CVE-2018-0874
838423437,ProjectZeroDays/AI-Driven-Zero-Click-Exploit-Deployment-Framework,src/exploits/other_exploits/cve_poc/exploit_poc_documentation/README.md,2fbb9eebf1287480588f859c56e450ff36378d61,CVE-2018-0772
838423437,ProjectZeroDays/AI-Driven-Zero-Click-Exploit-Deployment-Framework,src/exploits/other_exploits/cve_poc/exploit_poc_documentation/README.md,2fbb9eebf1287480588f859c56e450ff36378d61,CVE-2018-0770
838423437,ProjectZeroDays/AI-Driven-Zero-Click-Exploit-Deployment-Framework,src/exploits/other_exploits/cve_poc/exploit_poc_documentation/README.md,2fbb9eebf1287480588f859c56e450ff36378d61,CVE-2018-0769
838423437,ProjectZeroDays/AI-Driven-Zero-Click-Exploit-Deployment-Framework,src/exploits/other_exploits/cve_poc/exploit_poc_documentation/README.md,2fbb9eebf1287480588f859c56e450ff36378d61,CVE-2017-9798
838423437,ProjectZeroDays/AI-Driven-Zero-Click-Exploit-Deployment-Framework,src/exploits/other_exploits/cve_poc/exploit_poc_documentation/README.md,2fbb9eebf1287480588f859c56e450ff36378d61,CVE-2017-9791
838423437,ProjectZeroDays/AI-Driven-Zero-Click-Exploit-Deployment-Framework,src/exploits/other_exploits/cve_poc/exploit_poc_documentation/README.md,2fbb9eebf1287480588f859c56e450ff36378d61,CVE-2018-0936
838423437,ProjectZeroDays/AI-Driven-Zero-Click-Exploit-Deployment-Framework,src/exploits/other_exploits/cve_poc/exploit_poc_documentation/README.md,2fbb9eebf1287480588f859c56e450ff36378d61,CVE-2017-9417
838423437,ProjectZeroDays/AI-Driven-Zero-Click-Exploit-Deployment-Framework,src/exploits/other_exploits/cve_poc/exploit_poc_documentation/README.md,2fbb9eebf1287480588f859c56e450ff36378d61,CVE-2017-8917
838423437,ProjectZeroDays/AI-Driven-Zero-Click-Exploit-Deployment-Framework,src/exploits/other_exploits/cve_poc/exploit_poc_documentation/README.md,2fbb9eebf1287480588f859c56e450ff36378d61,CVE-2017-8912
838423437,ProjectZeroDays/AI-Driven-Zero-Click-Exploit-Deployment-Framework,src/exploits/other_exploits/cve_poc/exploit_poc_documentation/README.md,2fbb9eebf1287480588f859c56e450ff36378d61,CVE-2017-8890
838423437,ProjectZeroDays/AI-Driven-Zero-Click-Exploit-Deployment-Framework,src/exploits/other_exploits/cve_poc/exploit_poc_documentation/README.md,2fbb9eebf1287480588f859c56e450ff36378d61,CVE-2017-8878
838423437,ProjectZeroDays/AI-Driven-Zero-Click-Exploit-Deployment-Framework,src/exploits/other_exploits/cve_poc/exploit_poc_documentation/README.md,2fbb9eebf1287480588f859c56e450ff36378d61,CVE-2018-0935
838423437,ProjectZeroDays/AI-Driven-Zero-Click-Exploit-Deployment-Framework,src/exploits/other_exploits/cve_poc/exploit_poc_documentation/README.md,2fbb9eebf1287480588f859c56e450ff36378d61,CVE-2017-8877
838423437,ProjectZeroDays/AI-Driven-Zero-Click-Exploit-Deployment-Framework,src/exploits/other_exploits/cve_poc/exploit_poc_documentation/README.md,2fbb9eebf1287480588f859c56e450ff36378d61,CVE-2017-8850
838423437,ProjectZeroDays/AI-Driven-Zero-Click-Exploit-Deployment-Framework,src/exploits/other_exploits/cve_poc/exploit_poc_documentation/README.md,2fbb9eebf1287480588f859c56e450ff36378d61,CVE-2017-8817
838423437,ProjectZeroDays/AI-Driven-Zero-Click-Exploit-Deployment-Framework,src/exploits/other_exploits/cve_poc/exploit_poc_documentation/README.md,2fbb9eebf1287480588f859c56e450ff36378d61,CVE-2017-8759
838423437,ProjectZeroDays/AI-Driven-Zero-Click-Exploit-Deployment-Framework,src/exploits/other_exploits/cve_poc/exploit_poc_documentation/README.md,2fbb9eebf1287480588f859c56e450ff36378d61,CVE-2017-8756
838423437,ProjectZeroDays/AI-Driven-Zero-Click-Exploit-Deployment-Framework,src/exploits/other_exploits/cve_poc/exploit_poc_documentation/README.md,2fbb9eebf1287480588f859c56e450ff36378d61,CVE-2017-8755
838423437,ProjectZeroDays/AI-Driven-Zero-Click-Exploit-Deployment-Framework,src/exploits/other_exploits/cve_poc/exploit_poc_documentation/README.md,2fbb9eebf1287480588f859c56e450ff36378d61,CVE-2017-8753
838423437,ProjectZeroDays/AI-Driven-Zero-Click-Exploit-Deployment-Framework,src/exploits/other_exploits/cve_poc/exploit_poc_documentation/README.md,2fbb9eebf1287480588f859c56e450ff36378d61,CVE-2017-8752
838423437,ProjectZeroDays/AI-Driven-Zero-Click-Exploit-Deployment-Framework,src/exploits/other_exploits/cve_poc/exploit_poc_documentation/README.md,2fbb9eebf1287480588f859c56e450ff36378d61,CVE-2017-8751
838423437,ProjectZeroDays/AI-Driven-Zero-Click-Exploit-Deployment-Framework,src/exploits/other_exploits/cve_poc/exploit_poc_documentation/README.md,2fbb9eebf1287480588f859c56e450ff36378d61,CVE-2017-8851
838423437,ProjectZeroDays/AI-Driven-Zero-Click-Exploit-Deployment-Framework,src/exploits/other_exploits/cve_poc/exploit_poc_documentation/README.md,2fbb9eebf1287480588f859c56e450ff36378d61,CVE-2017-9805
838423437,ProjectZeroDays/AI-Driven-Zero-Click-Exploit-Deployment-Framework,src/exploits/other_exploits/cve_poc/exploit_poc_documentation/README.md,2fbb9eebf1287480588f859c56e450ff36378d61,CVE-2017-9822
838423437,ProjectZeroDays/AI-Driven-Zero-Click-Exploit-Deployment-Framework,src/exploits/other_exploits/cve_poc/exploit_poc_documentation/README.md,2fbb9eebf1287480588f859c56e450ff36378d61,CVE-2017-9948
838423437,ProjectZeroDays/AI-Driven-Zero-Click-Exploit-Deployment-Framework,src/exploits/other_exploits/cve_poc/exploit_poc_documentation/README.md,2fbb9eebf1287480588f859c56e450ff36378d61,CVE-2018-0768
838423437,ProjectZeroDays/AI-Driven-Zero-Click-Exploit-Deployment-Framework,src/exploits/other_exploits/cve_poc/exploit_poc_documentation/README.md,2fbb9eebf1287480588f859c56e450ff36378d61,CVE-2018-0767
838423437,ProjectZeroDays/AI-Driven-Zero-Click-Exploit-Deployment-Framework,src/exploits/other_exploits/cve_poc/exploit_poc_documentation/README.md,2fbb9eebf1287480588f859c56e450ff36378d61,CVE-2018-0763
838423437,ProjectZeroDays/AI-Driven-Zero-Click-Exploit-Deployment-Framework,src/exploits/other_exploits/cve_poc/exploit_poc_documentation/README.md,2fbb9eebf1287480588f859c56e450ff36378d61,CVE-2018-0762
838423437,ProjectZeroDays/AI-Driven-Zero-Click-Exploit-Deployment-Framework,src/exploits/other_exploits/cve_poc/exploit_poc_documentation/README.md,2fbb9eebf1287480588f859c56e450ff36378d61,CVE-2018-0758
838423437,ProjectZeroDays/AI-Driven-Zero-Click-Exploit-Deployment-Framework,src/exploits/other_exploits/cve_poc/exploit_poc_documentation/README.md,2fbb9eebf1287480588f859c56e450ff36378d61,CVE-2018-0752
838423437,ProjectZeroDays/AI-Driven-Zero-Click-Exploit-Deployment-Framework,src/exploits/other_exploits/cve_poc/exploit_poc_documentation/README.md,2fbb9eebf1287480588f859c56e450ff36378d61,CVE-2018-0751
838423437,ProjectZeroDays/AI-Driven-Zero-Click-Exploit-Deployment-Framework,src/exploits/other_exploits/cve_poc/exploit_poc_documentation/README.md,2fbb9eebf1287480588f859c56e450ff36378d61,CVE-2018-0744
838423437,ProjectZeroDays/AI-Driven-Zero-Click-Exploit-Deployment-Framework,src/exploits/other_exploits/cve_poc/exploit_poc_documentation/README.md,2fbb9eebf1287480588f859c56e450ff36378d61,CVE-2018-0743
838423437,ProjectZeroDays/AI-Driven-Zero-Click-Exploit-Deployment-Framework,src/exploits/other_exploits/cve_poc/exploit_poc_documentation/README.md,2fbb9eebf1287480588f859c56e450ff36378d61,CVE-2018-0624
838423437,ProjectZeroDays/AI-Driven-Zero-Click-Exploit-Deployment-Framework,src/exploits/other_exploits/cve_poc/exploit_poc_documentation/README.md,2fbb9eebf1287480588f859c56e450ff36378d61,CVE-2018-0498
838423437,ProjectZeroDays/AI-Driven-Zero-Click-Exploit-Deployment-Framework,src/exploits/other_exploits/cve_poc/exploit_poc_documentation/README.md,2fbb9eebf1287480588f859c56e450ff36378d61,CVE-2018-0497
838423437,ProjectZeroDays/AI-Driven-Zero-Click-Exploit-Deployment-Framework,src/exploits/other_exploits/cve_poc/exploit_poc_documentation/README.md,2fbb9eebf1287480588f859c56e450ff36378d61,CVE-2018-0492
838423437,ProjectZeroDays/AI-Driven-Zero-Click-Exploit-Deployment-Framework,src/exploits/other_exploits/cve_poc/exploit_poc_documentation/README.md,2fbb9eebf1287480588f859c56e450ff36378d61,CVE-2018-0934
838423437,ProjectZeroDays/AI-Driven-Zero-Click-Exploit-Deployment-Framework,src/exploits/other_exploits/cve_poc/exploit_poc_documentation/README.md,2fbb9eebf1287480588f859c56e450ff36378d61,CVE-2018-0296
838423437,ProjectZeroDays/AI-Driven-Zero-Click-Exploit-Deployment-Framework,src/exploits/other_exploits/cve_poc/exploit_poc_documentation/README.md,2fbb9eebf1287480588f859c56e450ff36378d61,CVE-2018-0171
838423437,ProjectZeroDays/AI-Driven-Zero-Click-Exploit-Deployment-Framework,src/exploits/other_exploits/cve_poc/exploit_poc_documentation/README.md,2fbb9eebf1287480588f859c56e450ff36378d61,CVE-2018-0114
838423437,ProjectZeroDays/AI-Driven-Zero-Click-Exploit-Deployment-Framework,src/exploits/other_exploits/cve_poc/exploit_poc_documentation/README.md,2fbb9eebf1287480588f859c56e450ff36378d61,CVE-2018-0101
838423437,ProjectZeroDays/AI-Driven-Zero-Click-Exploit-Deployment-Framework,src/exploits/other_exploits/cve_poc/exploit_poc_documentation/README.md,2fbb9eebf1287480588f859c56e450ff36378d61,CVE-2017-9993
838423437,ProjectZeroDays/AI-Driven-Zero-Click-Exploit-Deployment-Framework,src/exploits/other_exploits/cve_poc/exploit_poc_documentation/README.md,2fbb9eebf1287480588f859c56e450ff36378d61,CVE-2017-7061
838423437,ProjectZeroDays/AI-Driven-Zero-Click-Exploit-Deployment-Framework,src/exploits/other_exploits/cve_poc/exploit_poc_documentation/README.md,2fbb9eebf1287480588f859c56e450ff36378d61,CVE-2017-7056
838423437,ProjectZeroDays/AI-Driven-Zero-Click-Exploit-Deployment-Framework,src/exploits/other_exploits/cve_poc/exploit_poc_documentation/README.md,2fbb9eebf1287480588f859c56e450ff36378d61,CVE-2017-7219
838423437,ProjectZeroDays/AI-Driven-Zero-Click-Exploit-Deployment-Framework,src/exploits/other_exploits/cve_poc/exploit_poc_documentation/README.md,2fbb9eebf1287480588f859c56e450ff36378d61,CVE-2017-6984
838423437,ProjectZeroDays/AI-Driven-Zero-Click-Exploit-Deployment-Framework,src/exploits/other_exploits/cve_poc/exploit_poc_documentation/README.md,2fbb9eebf1287480588f859c56e450ff36378d61,CVE-2017-2491
838423437,ProjectZeroDays/AI-Driven-Zero-Click-Exploit-Deployment-Framework,src/exploits/other_exploits/cve_poc/exploit_poc_documentation/README.md,2fbb9eebf1287480588f859c56e450ff36378d61,CVE-2017-2480
838423437,ProjectZeroDays/AI-Driven-Zero-Click-Exploit-Deployment-Framework,src/exploits/other_exploits/cve_poc/exploit_poc_documentation/README.md,2fbb9eebf1287480588f859c56e450ff36378d61,CVE-2017-2479
838423437,ProjectZeroDays/AI-Driven-Zero-Click-Exploit-Deployment-Framework,src/exploits/other_exploits/cve_poc/exploit_poc_documentation/README.md,2fbb9eebf1287480588f859c56e450ff36378d61,CVE-2017-2475
838423437,ProjectZeroDays/AI-Driven-Zero-Click-Exploit-Deployment-Framework,src/exploits/other_exploits/cve_poc/exploit_poc_documentation/README.md,2fbb9eebf1287480588f859c56e450ff36378d61,CVE-2017-2468
838423437,ProjectZeroDays/AI-Driven-Zero-Click-Exploit-Deployment-Framework,src/exploits/other_exploits/cve_poc/exploit_poc_documentation/README.md,2fbb9eebf1287480588f859c56e450ff36378d61,CVE-2017-2464
838423437,ProjectZeroDays/AI-Driven-Zero-Click-Exploit-Deployment-Framework,src/exploits/other_exploits/cve_poc/exploit_poc_documentation/README.md,2fbb9eebf1287480588f859c56e450ff36378d61,CVE-2017-2460
838423437,ProjectZeroDays/AI-Driven-Zero-Click-Exploit-Deployment-Framework,src/exploits/other_exploits/cve_poc/exploit_poc_documentation/README.md,2fbb9eebf1287480588f859c56e450ff36378d61,CVE-2017-2447
838423437,ProjectZeroDays/AI-Driven-Zero-Click-Exploit-Deployment-Framework,src/exploits/other_exploits/cve_poc/exploit_poc_documentation/README.md,2fbb9eebf1287480588f859c56e450ff36378d61,CVE-2017-2493
838423437,ProjectZeroDays/AI-Driven-Zero-Click-Exploit-Deployment-Framework,src/exploits/other_exploits/cve_poc/exploit_poc_documentation/README.md,2fbb9eebf1287480588f859c56e450ff36378d61,CVE-2017-2446
838423437,ProjectZeroDays/AI-Driven-Zero-Click-Exploit-Deployment-Framework,src/exploits/other_exploits/cve_poc/exploit_poc_documentation/README.md,2fbb9eebf1287480588f859c56e450ff36378d61,CVE-2017-2442
838423437,ProjectZeroDays/AI-Driven-Zero-Click-Exploit-Deployment-Framework,src/exploits/other_exploits/cve_poc/exploit_poc_documentation/README.md,2fbb9eebf1287480588f859c56e450ff36378d61,CVE-2017-2426
838423437,ProjectZeroDays/AI-Driven-Zero-Click-Exploit-Deployment-Framework,src/exploits/other_exploits/cve_poc/exploit_poc_documentation/README.md,2fbb9eebf1287480588f859c56e450ff36378d61,CVE-2017-2419
838423437,ProjectZeroDays/AI-Driven-Zero-Click-Exploit-Deployment-Framework,src/exploits/other_exploits/cve_poc/exploit_poc_documentation/README.md,2fbb9eebf1287480588f859c56e450ff36378d61,CVE-2017-2416
838423437,ProjectZeroDays/AI-Driven-Zero-Click-Exploit-Deployment-Framework,src/exploits/other_exploits/cve_poc/exploit_poc_documentation/README.md,2fbb9eebf1287480588f859c56e450ff36378d61,CVE-2017-2367
838423437,ProjectZeroDays/AI-Driven-Zero-Click-Exploit-Deployment-Framework,src/exploits/other_exploits/cve_poc/exploit_poc_documentation/README.md,2fbb9eebf1287480588f859c56e450ff36378d61,CVE-2017-2365
838423437,ProjectZeroDays/AI-Driven-Zero-Click-Exploit-Deployment-Framework,src/exploits/other_exploits/cve_poc/exploit_poc_documentation/README.md,2fbb9eebf1287480588f859c56e450ff36378d61,CVE-2017-2364
838423437,ProjectZeroDays/AI-Driven-Zero-Click-Exploit-Deployment-Framework,src/exploits/other_exploits/cve_poc/exploit_poc_documentation/README.md,2fbb9eebf1287480588f859c56e450ff36378d61,CVE-2017-2363
838423437,ProjectZeroDays/AI-Driven-Zero-Click-Exploit-Deployment-Framework,src/exploits/other_exploits/cve_poc/exploit_poc_documentation/README.md,2fbb9eebf1287480588f859c56e450ff36378d61,CVE-2017-2445
838423437,ProjectZeroDays/AI-Driven-Zero-Click-Exploit-Deployment-Framework,src/exploits/other_exploits/cve_poc/exploit_poc_documentation/README.md,2fbb9eebf1287480588f859c56e450ff36378d61,CVE-2017-18344
838423437,ProjectZeroDays/AI-Driven-Zero-Click-Exploit-Deployment-Framework,src/exploits/other_exploits/cve_poc/exploit_poc_documentation/README.md,2fbb9eebf1287480588f859c56e450ff36378d61,CVE-2017-2504
838423437,ProjectZeroDays/AI-Driven-Zero-Click-Exploit-Deployment-Framework,src/exploits/other_exploits/cve_poc/exploit_poc_documentation/README.md,2fbb9eebf1287480588f859c56e450ff36378d61,CVE-2017-2510
838423437,ProjectZeroDays/AI-Driven-Zero-Click-Exploit-Deployment-Framework,src/exploits/other_exploits/cve_poc/exploit_poc_documentation/README.md,2fbb9eebf1287480588f859c56e450ff36378d61,CVE-2018-10944
838423437,ProjectZeroDays/AI-Driven-Zero-Click-Exploit-Deployment-Framework,src/exploits/other_exploits/cve_poc/exploit_poc_documentation/README.md,2fbb9eebf1287480588f859c56e450ff36378d61,CVE-2017-3631
838423437,ProjectZeroDays/AI-Driven-Zero-Click-Exploit-Deployment-Framework,src/exploits/other_exploits/cve_poc/exploit_poc_documentation/README.md,2fbb9eebf1287480588f859c56e450ff36378d61,CVE-2017-3630
838423437,ProjectZeroDays/AI-Driven-Zero-Click-Exploit-Deployment-Framework,src/exploits/other_exploits/cve_poc/exploit_poc_documentation/README.md,2fbb9eebf1287480588f859c56e450ff36378d61,CVE-2018-10956
838423437,ProjectZeroDays/AI-Driven-Zero-Click-Exploit-Deployment-Framework,src/exploits/other_exploits/cve_poc/exploit_poc_documentation/README.md,2fbb9eebf1287480588f859c56e450ff36378d61,CVE-2017-7037
838423437,ProjectZeroDays/AI-Driven-Zero-Click-Exploit-Deployment-Framework,src/exploits/other_exploits/cve_poc/exploit_poc_documentation/README.md,2fbb9eebf1287480588f859c56e450ff36378d61,CVE-2017-3599
838423437,ProjectZeroDays/AI-Driven-Zero-Click-Exploit-Deployment-Framework,src/exploits/other_exploits/cve_poc/exploit_poc_documentation/README.md,2fbb9eebf1287480588f859c56e450ff36378d61,CVE-2017-3506
838423437,ProjectZeroDays/AI-Driven-Zero-Click-Exploit-Deployment-Framework,src/exploits/other_exploits/cve_poc/exploit_poc_documentation/README.md,2fbb9eebf1287480588f859c56e450ff36378d61,CVE-2017-3248
838423437,ProjectZeroDays/AI-Driven-Zero-Click-Exploit-Deployment-Framework,src/exploits/other_exploits/cve_poc/exploit_poc_documentation/README.md,2fbb9eebf1287480588f859c56e450ff36378d61,CVE-2017-2508
838423437,ProjectZeroDays/AI-Driven-Zero-Click-Exploit-Deployment-Framework,src/exploits/other_exploits/cve_poc/exploit_poc_documentation/README.md,2fbb9eebf1287480588f859c56e450ff36378d61,CVE-2017-3066
838423437,ProjectZeroDays/AI-Driven-Zero-Click-Exploit-Deployment-Framework,src/exploits/other_exploits/cve_poc/exploit_poc_documentation/README.md,2fbb9eebf1287480588f859c56e450ff36378d61,CVE-2017-2636
838423437,ProjectZeroDays/AI-Driven-Zero-Click-Exploit-Deployment-Framework,src/exploits/other_exploits/cve_poc/exploit_poc_documentation/README.md,2fbb9eebf1287480588f859c56e450ff36378d61,CVE-2017-2547
838423437,ProjectZeroDays/AI-Driven-Zero-Click-Exploit-Deployment-Framework,src/exploits/other_exploits/cve_poc/exploit_poc_documentation/README.md,2fbb9eebf1287480588f859c56e450ff36378d61,CVE-2017-2541
838423437,ProjectZeroDays/AI-Driven-Zero-Click-Exploit-Deployment-Framework,src/exploits/other_exploits/cve_poc/exploit_poc_documentation/README.md,2fbb9eebf1287480588f859c56e450ff36378d61,CVE-2017-2540
838423437,ProjectZeroDays/AI-Driven-Zero-Click-Exploit-Deployment-Framework,src/exploits/other_exploits/cve_poc/exploit_poc_documentation/README.md,2fbb9eebf1287480588f859c56e450ff36378d61,CVE-2017-2536
838423437,ProjectZeroDays/AI-Driven-Zero-Click-Exploit-Deployment-Framework,src/exploits/other_exploits/cve_poc/exploit_poc_documentation/README.md,2fbb9eebf1287480588f859c56e450ff36378d61,CVE-2017-2531
838423437,ProjectZeroDays/AI-Driven-Zero-Click-Exploit-Deployment-Framework,src/exploits/other_exploits/cve_poc/exploit_poc_documentation/README.md,2fbb9eebf1287480588f859c56e450ff36378d61,CVE-2017-2528
838423437,ProjectZeroDays/AI-Driven-Zero-Click-Exploit-Deployment-Framework,src/exploits/other_exploits/cve_poc/exploit_poc_documentation/README.md,2fbb9eebf1287480588f859c56e450ff36378d61,CVE-2017-2521
838423437,ProjectZeroDays/AI-Driven-Zero-Click-Exploit-Deployment-Framework,src/exploits/other_exploits/cve_poc/exploit_poc_documentation/README.md,2fbb9eebf1287480588f859c56e450ff36378d61,CVE-2017-2641
838423437,ProjectZeroDays/AI-Driven-Zero-Click-Exploit-Deployment-Framework,src/exploits/other_exploits/cve_poc/exploit_poc_documentation/README.md,2fbb9eebf1287480588f859c56e450ff36378d61,CVE-2017-3881
838423437,ProjectZeroDays/AI-Driven-Zero-Click-Exploit-Deployment-Framework,src/exploits/other_exploits/cve_poc/exploit_poc_documentation/README.md,2fbb9eebf1287480588f859c56e450ff36378d61,CVE-2017-17969
838423437,ProjectZeroDays/AI-Driven-Zero-Click-Exploit-Deployment-Framework,src/exploits/other_exploits/cve_poc/exploit_poc_documentation/README.md,2fbb9eebf1287480588f859c56e450ff36378d61,CVE-2017-17692
838423437,ProjectZeroDays/AI-Driven-Zero-Click-Exploit-Deployment-Framework,src/exploits/other_exploits/cve_poc/exploit_poc_documentation/README.md,2fbb9eebf1287480588f859c56e450ff36378d61,CVE-2017-15628
838423437,ProjectZeroDays/AI-Driven-Zero-Click-Exploit-Deployment-Framework,src/exploits/other_exploits/cve_poc/exploit_poc_documentation/README.md,2fbb9eebf1287480588f859c56e450ff36378d61,CVE-2017-15627
838423437,ProjectZeroDays/AI-Driven-Zero-Click-Exploit-Deployment-Framework,src/exploits/other_exploits/cve_poc/exploit_poc_documentation/README.md,2fbb9eebf1287480588f859c56e450ff36378d61,CVE-2017-15626
838423437,ProjectZeroDays/AI-Driven-Zero-Click-Exploit-Deployment-Framework,src/exploits/other_exploits/cve_poc/exploit_poc_documentation/README.md,2fbb9eebf1287480588f859c56e450ff36378d61,CVE-2017-15625
838423437,ProjectZeroDays/AI-Driven-Zero-Click-Exploit-Deployment-Framework,src/exploits/other_exploits/cve_poc/exploit_poc_documentation/README.md,2fbb9eebf1287480588f859c56e450ff36378d61,CVE-2017-15624
838423437,ProjectZeroDays/AI-Driven-Zero-Click-Exploit-Deployment-Framework,src/exploits/other_exploits/cve_poc/exploit_poc_documentation/README.md,2fbb9eebf1287480588f859c56e450ff36378d61,CVE-2017-15623
838423437,ProjectZeroDays/AI-Driven-Zero-Click-Exploit-Deployment-Framework,src/exploits/other_exploits/cve_poc/exploit_poc_documentation/README.md,2fbb9eebf1287480588f859c56e450ff36378d61,CVE-2017-15622
838423437,ProjectZeroDays/AI-Driven-Zero-Click-Exploit-Deployment-Framework,src/exploits/other_exploits/cve_poc/exploit_poc_documentation/README.md,2fbb9eebf1287480588f859c56e450ff36378d61,CVE-2017-15621
838423437,ProjectZeroDays/AI-Driven-Zero-Click-Exploit-Deployment-Framework,src/exploits/other_exploits/cve_poc/exploit_poc_documentation/README.md,2fbb9eebf1287480588f859c56e450ff36378d61,CVE-2017-15629
838423437,ProjectZeroDays/AI-Driven-Zero-Click-Exploit-Deployment-Framework,src/exploits/other_exploits/cve_poc/exploit_poc_documentation/README.md,2fbb9eebf1287480588f859c56e450ff36378d61,CVE-2017-15620
838423437,ProjectZeroDays/AI-Driven-Zero-Click-Exploit-Deployment-Framework,src/exploits/other_exploits/cve_poc/exploit_poc_documentation/README.md,2fbb9eebf1287480588f859c56e450ff36378d61,CVE-2017-15618
838423437,ProjectZeroDays/AI-Driven-Zero-Click-Exploit-Deployment-Framework,src/exploits/other_exploits/cve_poc/exploit_poc_documentation/README.md,2fbb9eebf1287480588f859c56e450ff36378d61,CVE-2017-15617
838423437,ProjectZeroDays/AI-Driven-Zero-Click-Exploit-Deployment-Framework,src/exploits/other_exploits/cve_poc/exploit_poc_documentation/README.md,2fbb9eebf1287480588f859c56e450ff36378d61,CVE-2017-15616
838423437,ProjectZeroDays/AI-Driven-Zero-Click-Exploit-Deployment-Framework,src/exploits/other_exploits/cve_poc/exploit_poc_documentation/README.md,2fbb9eebf1287480588f859c56e450ff36378d61,CVE-2017-15615
838423437,ProjectZeroDays/AI-Driven-Zero-Click-Exploit-Deployment-Framework,src/exploits/other_exploits/cve_poc/exploit_poc_documentation/README.md,2fbb9eebf1287480588f859c56e450ff36378d61,CVE-2017-15614
838423437,ProjectZeroDays/AI-Driven-Zero-Click-Exploit-Deployment-Framework,src/exploits/other_exploits/cve_poc/exploit_poc_documentation/README.md,2fbb9eebf1287480588f859c56e450ff36378d61,CVE-2017-15613
838423437,ProjectZeroDays/AI-Driven-Zero-Click-Exploit-Deployment-Framework,src/exploits/other_exploits/cve_poc/exploit_poc_documentation/README.md,2fbb9eebf1287480588f859c56e450ff36378d61,CVE-2017-15428
838423437,ProjectZeroDays/AI-Driven-Zero-Click-Exploit-Deployment-Framework,src/exploits/other_exploits/cve_poc/exploit_poc_documentation/README.md,2fbb9eebf1287480588f859c56e450ff36378d61,CVE-2017-15415
838423437,ProjectZeroDays/AI-Driven-Zero-Click-Exploit-Deployment-Framework,src/exploits/other_exploits/cve_poc/exploit_poc_documentation/README.md,2fbb9eebf1287480588f859c56e450ff36378d61,CVE-2017-15619
838423437,ProjectZeroDays/AI-Driven-Zero-Click-Exploit-Deployment-Framework,src/exploits/other_exploits/cve_poc/exploit_poc_documentation/README.md,2fbb9eebf1287480588f859c56e450ff36378d61,CVE-2017-17867
838423437,ProjectZeroDays/AI-Driven-Zero-Click-Exploit-Deployment-Framework,src/exploits/other_exploits/cve_poc/exploit_poc_documentation/README.md,2fbb9eebf1287480588f859c56e450ff36378d61,CVE-2017-15630
838423437,ProjectZeroDays/AI-Driven-Zero-Click-Exploit-Deployment-Framework,src/exploits/other_exploits/cve_poc/exploit_poc_documentation/README.md,2fbb9eebf1287480588f859c56e450ff36378d61,CVE-2017-15632
838423437,ProjectZeroDays/AI-Driven-Zero-Click-Exploit-Deployment-Framework,src/exploits/other_exploits/cve_poc/exploit_poc_documentation/README.md,2fbb9eebf1287480588f859c56e450ff36378d61,CVE-2017-17562
838423437,ProjectZeroDays/AI-Driven-Zero-Click-Exploit-Deployment-Framework,src/exploits/other_exploits/cve_poc/exploit_poc_documentation/README.md,2fbb9eebf1287480588f859c56e450ff36378d61,CVE-2017-17408
838423437,ProjectZeroDays/AI-Driven-Zero-Click-Exploit-Deployment-Framework,src/exploits/other_exploits/cve_poc/exploit_poc_documentation/README.md,2fbb9eebf1287480588f859c56e450ff36378d61,CVE-2017-17405
838423437,ProjectZeroDays/AI-Driven-Zero-Click-Exploit-Deployment-Framework,src/exploits/other_exploits/cve_poc/exploit_poc_documentation/README.md,2fbb9eebf1287480588f859c56e450ff36378d61,CVE-2017-17215
838423437,ProjectZeroDays/AI-Driven-Zero-Click-Exploit-Deployment-Framework,src/exploits/other_exploits/cve_poc/exploit_poc_documentation/README.md,2fbb9eebf1287480588f859c56e450ff36378d61,CVE-2017-17107
838423437,ProjectZeroDays/AI-Driven-Zero-Click-Exploit-Deployment-Framework,src/exploits/other_exploits/cve_poc/exploit_poc_documentation/README.md,2fbb9eebf1287480588f859c56e450ff36378d61,CVE-2017-17033
838423437,ProjectZeroDays/AI-Driven-Zero-Click-Exploit-Deployment-Framework,src/exploits/other_exploits/cve_poc/exploit_poc_documentation/README.md,2fbb9eebf1287480588f859c56e450ff36378d61,CVE-2017-16995
838423437,ProjectZeroDays/AI-Driven-Zero-Click-Exploit-Deployment-Framework,src/exploits/other_exploits/cve_poc/exploit_poc_documentation/README.md,2fbb9eebf1287480588f859c56e450ff36378d61,CVE-2017-16944
838423437,ProjectZeroDays/AI-Driven-Zero-Click-Exploit-Deployment-Framework,src/exploits/other_exploits/cve_poc/exploit_poc_documentation/README.md,2fbb9eebf1287480588f859c56e450ff36378d61,CVE-2017-15631
838423437,ProjectZeroDays/AI-Driven-Zero-Click-Exploit-Deployment-Framework,src/exploits/other_exploits/cve_poc/exploit_poc_documentation/README.md,2fbb9eebf1287480588f859c56e450ff36378d61,CVE-2017-16943
838423437,ProjectZeroDays/AI-Driven-Zero-Click-Exploit-Deployment-Framework,src/exploits/other_exploits/cve_poc/exploit_poc_documentation/README.md,2fbb9eebf1287480588f859c56e450ff36378d61,CVE-2017-16584
838423437,ProjectZeroDays/AI-Driven-Zero-Click-Exploit-Deployment-Framework,src/exploits/other_exploits/cve_poc/exploit_poc_documentation/README.md,2fbb9eebf1287480588f859c56e450ff36378d61,CVE-2017-16544
838423437,ProjectZeroDays/AI-Driven-Zero-Click-Exploit-Deployment-Framework,src/exploits/other_exploits/cve_poc/exploit_poc_documentation/README.md,2fbb9eebf1287480588f859c56e450ff36378d61,CVE-2017-15944
838423437,ProjectZeroDays/AI-Driven-Zero-Click-Exploit-Deployment-Framework,src/exploits/other_exploits/cve_poc/exploit_poc_documentation/README.md,2fbb9eebf1287480588f859c56e450ff36378d61,CVE-2017-15637
838423437,ProjectZeroDays/AI-Driven-Zero-Click-Exploit-Deployment-Framework,src/exploits/other_exploits/cve_poc/exploit_poc_documentation/README.md,2fbb9eebf1287480588f859c56e450ff36378d61,CVE-2017-15636
838423437,ProjectZeroDays/AI-Driven-Zero-Click-Exploit-Deployment-Framework,src/exploits/other_exploits/cve_poc/exploit_poc_documentation/README.md,2fbb9eebf1287480588f859c56e450ff36378d61,CVE-2017-15635
838423437,ProjectZeroDays/AI-Driven-Zero-Click-Exploit-Deployment-Framework,src/exploits/other_exploits/cve_poc/exploit_poc_documentation/README.md,2fbb9eebf1287480588f859c56e450ff36378d61,CVE-2017-15634
838423437,ProjectZeroDays/AI-Driven-Zero-Click-Exploit-Deployment-Framework,src/exploits/other_exploits/cve_poc/exploit_poc_documentation/README.md,2fbb9eebf1287480588f859c56e450ff36378d61,CVE-2017-15633
838423437,ProjectZeroDays/AI-Driven-Zero-Click-Exploit-Deployment-Framework,src/exploits/other_exploits/cve_poc/exploit_poc_documentation/README.md,2fbb9eebf1287480588f859c56e450ff36378d61,CVE-2017-16716
838423437,ProjectZeroDays/AI-Driven-Zero-Click-Exploit-Deployment-Framework,src/exploits/other_exploits/cve_poc/exploit_poc_documentation/README.md,2fbb9eebf1287480588f859c56e450ff36378d61,CVE-2017-4901
838423437,ProjectZeroDays/AI-Driven-Zero-Click-Exploit-Deployment-Framework,src/exploits/other_exploits/cve_poc/exploit_poc_documentation/README.md,2fbb9eebf1287480588f859c56e450ff36378d61,CVE-2017-3629
838423437,ProjectZeroDays/AI-Driven-Zero-Click-Exploit-Deployment-Framework,src/exploits/other_exploits/cve_poc/exploit_poc_documentation/README.md,2fbb9eebf1287480588f859c56e450ff36378d61,CVE-2017-4915
838423437,ProjectZeroDays/AI-Driven-Zero-Click-Exploit-Deployment-Framework,src/exploits/other_exploits/cve_poc/exploit_poc_documentation/README.md,2fbb9eebf1287480588f859c56e450ff36378d61,CVE-2018-1000130
838423437,ProjectZeroDays/AI-Driven-Zero-Click-Exploit-Deployment-Framework,src/exploits/other_exploits/cve_poc/exploit_poc_documentation/README.md,2fbb9eebf1287480588f859c56e450ff36378d61,CVE-2017-5689
838423437,ProjectZeroDays/AI-Driven-Zero-Click-Exploit-Deployment-Framework,src/exploits/other_exploits/cve_poc/exploit_poc_documentation/README.md,2fbb9eebf1287480588f859c56e450ff36378d61,CVE-2018-1000136
838423437,ProjectZeroDays/AI-Driven-Zero-Click-Exploit-Deployment-Framework,src/exploits/other_exploits/cve_poc/exploit_poc_documentation/README.md,2fbb9eebf1287480588f859c56e450ff36378d61,CVE-2018-1002105
838423437,ProjectZeroDays/AI-Driven-Zero-Click-Exploit-Deployment-Framework,src/exploits/other_exploits/cve_poc/exploit_poc_documentation/README.md,2fbb9eebf1287480588f859c56e450ff36378d61,CVE-2018-10115
838423437,ProjectZeroDays/AI-Driven-Zero-Click-Exploit-Deployment-Framework,src/exploits/other_exploits/cve_poc/exploit_poc_documentation/README.md,2fbb9eebf1287480588f859c56e450ff36378d61,CVE-2017-5641
838423437,ProjectZeroDays/AI-Driven-Zero-Click-Exploit-Deployment-Framework,src/exploits/other_exploits/cve_poc/exploit_poc_documentation/README.md,2fbb9eebf1287480588f859c56e450ff36378d61,CVE-2018-10172
838423437,ProjectZeroDays/AI-Driven-Zero-Click-Exploit-Deployment-Framework,src/exploits/other_exploits/cve_poc/exploit_poc_documentation/README.md,2fbb9eebf1287480588f859c56e450ff36378d61,CVE-2017-5638
838423437,ProjectZeroDays/AI-Driven-Zero-Click-Exploit-Deployment-Framework,src/exploits/other_exploits/cve_poc/exploit_poc_documentation/README.md,2fbb9eebf1287480588f859c56e450ff36378d61,CVE-2018-1019
838423437,ProjectZeroDays/AI-Driven-Zero-Click-Exploit-Deployment-Framework,src/exploits/other_exploits/cve_poc/exploit_poc_documentation/README.md,2fbb9eebf1287480588f859c56e450ff36378d61,CVE-2018-1022
838423437,ProjectZeroDays/AI-Driven-Zero-Click-Exploit-Deployment-Framework,src/exploits/other_exploits/cve_poc/exploit_poc_documentation/README.md,2fbb9eebf1287480588f859c56e450ff36378d61,CVE-2017-4914
838423437,ProjectZeroDays/AI-Driven-Zero-Click-Exploit-Deployment-Framework,src/exploits/other_exploits/cve_poc/exploit_poc_documentation/README.md,2fbb9eebf1287480588f859c56e450ff36378d61,CVE-2018-1036
838423437,ProjectZeroDays/AI-Driven-Zero-Click-Exploit-Deployment-Framework,src/exploits/other_exploits/cve_poc/exploit_poc_documentation/README.md,2fbb9eebf1287480588f859c56e450ff36378d61,CVE-2017-5624
838423437,ProjectZeroDays/AI-Driven-Zero-Click-Exploit-Deployment-Framework,src/exploits/other_exploits/cve_poc/exploit_poc_documentation/README.md,2fbb9eebf1287480588f859c56e450ff36378d61,CVE-2018-1037
838423437,ProjectZeroDays/AI-Driven-Zero-Click-Exploit-Deployment-Framework,src/exploits/other_exploits/cve_poc/exploit_poc_documentation/README.md,2fbb9eebf1287480588f859c56e450ff36378d61,CVE-2017-5622
838423437,ProjectZeroDays/AI-Driven-Zero-Click-Exploit-Deployment-Framework,src/exploits/other_exploits/cve_poc/exploit_poc_documentation/README.md,2fbb9eebf1287480588f859c56e450ff36378d61,CVE-2018-1038
838423437,ProjectZeroDays/AI-Driven-Zero-Click-Exploit-Deployment-Framework,src/exploits/other_exploits/cve_poc/exploit_poc_documentation/README.md,2fbb9eebf1287480588f859c56e450ff36378d61,CVE-2017-5135
838423437,ProjectZeroDays/AI-Driven-Zero-Click-Exploit-Deployment-Framework,src/exploits/other_exploits/cve_poc/exploit_poc_documentation/README.md,2fbb9eebf1287480588f859c56e450ff36378d61,CVE-2018-1000129
838423437,ProjectZeroDays/AI-Driven-Zero-Click-Exploit-Deployment-Framework,src/exploits/other_exploits/cve_poc/exploit_poc_documentation/README.md,2fbb9eebf1287480588f859c56e450ff36378d61,CVE-2018-1000094
838423437,ProjectZeroDays/AI-Driven-Zero-Click-Exploit-Deployment-Framework,src/exploits/other_exploits/cve_poc/exploit_poc_documentation/README.md,2fbb9eebf1287480588f859c56e450ff36378d61,CVE-2018-1000006
838423437,ProjectZeroDays/AI-Driven-Zero-Click-Exploit-Deployment-Framework,src/exploits/other_exploits/cve_poc/exploit_poc_documentation/README.md,2fbb9eebf1287480588f859c56e450ff36378d61,CVE-2017-5715
838423437,ProjectZeroDays/AI-Driven-Zero-Click-Exploit-Deployment-Framework,src/exploits/other_exploits/cve_poc/exploit_poc_documentation/README.md,2fbb9eebf1287480588f859c56e450ff36378d61,CVE-2017-6980
838423437,ProjectZeroDays/AI-Driven-Zero-Click-Exploit-Deployment-Framework,src/exploits/other_exploits/cve_poc/exploit_poc_documentation/README.md,2fbb9eebf1287480588f859c56e450ff36378d61,CVE-2017-6736
838423437,ProjectZeroDays/AI-Driven-Zero-Click-Exploit-Deployment-Framework,src/exploits/other_exploits/cve_poc/exploit_poc_documentation/README.md,2fbb9eebf1287480588f859c56e450ff36378d61,CVE-2017-6327
838423437,ProjectZeroDays/AI-Driven-Zero-Click-Exploit-Deployment-Framework,src/exploits/other_exploits/cve_poc/exploit_poc_documentation/README.md,2fbb9eebf1287480588f859c56e450ff36378d61,CVE-2017-6326
838423437,ProjectZeroDays/AI-Driven-Zero-Click-Exploit-Deployment-Framework,src/exploits/other_exploits/cve_poc/exploit_poc_documentation/README.md,2fbb9eebf1287480588f859c56e450ff36378d61,CVE-2017-6201
838423437,ProjectZeroDays/AI-Driven-Zero-Click-Exploit-Deployment-Framework,src/exploits/other_exploits/cve_poc/exploit_poc_documentation/README.md,2fbb9eebf1287480588f859c56e450ff36378d61,CVE-2017-6200
838423437,ProjectZeroDays/AI-Driven-Zero-Click-Exploit-Deployment-Framework,src/exploits/other_exploits/cve_poc/exploit_poc_documentation/README.md,2fbb9eebf1287480588f859c56e450ff36378d61,CVE-2017-6199
838423437,ProjectZeroDays/AI-Driven-Zero-Click-Exploit-Deployment-Framework,src/exploits/other_exploits/cve_poc/exploit_poc_documentation/README.md,2fbb9eebf1287480588f859c56e450ff36378d61,CVE-2017-6198
838423437,ProjectZeroDays/AI-Driven-Zero-Click-Exploit-Deployment-Framework,src/exploits/other_exploits/cve_poc/exploit_poc_documentation/README.md,2fbb9eebf1287480588f859c56e450ff36378d61,CVE-2018-1040
838423437,ProjectZeroDays/AI-Driven-Zero-Click-Exploit-Deployment-Framework,src/exploits/other_exploits/cve_poc/exploit_poc_documentation/README.md,2fbb9eebf1287480588f859c56e450ff36378d61,CVE-2017-6178
838423437,ProjectZeroDays/AI-Driven-Zero-Click-Exploit-Deployment-Framework,src/exploits/other_exploits/cve_poc/exploit_poc_documentation/README.md,2fbb9eebf1287480588f859c56e450ff36378d61,CVE-2017-6008
838423437,ProjectZeroDays/AI-Driven-Zero-Click-Exploit-Deployment-Framework,src/exploits/other_exploits/cve_poc/exploit_poc_documentation/README.md,2fbb9eebf1287480588f859c56e450ff36378d61,CVE-2017-5948
838423437,ProjectZeroDays/AI-Driven-Zero-Click-Exploit-Deployment-Framework,src/exploits/other_exploits/cve_poc/exploit_poc_documentation/README.md,2fbb9eebf1287480588f859c56e450ff36378d61,CVE-2017-5892
838423437,ProjectZeroDays/AI-Driven-Zero-Click-Exploit-Deployment-Framework,src/exploits/other_exploits/cve_poc/exploit_poc_documentation/README.md,2fbb9eebf1287480588f859c56e450ff36378d61,CVE-2017-5891
838423437,ProjectZeroDays/AI-Driven-Zero-Click-Exploit-Deployment-Framework,src/exploits/other_exploits/cve_poc/exploit_poc_documentation/README.md,2fbb9eebf1287480588f859c56e450ff36378d61,CVE-2017-5754
838423437,ProjectZeroDays/AI-Driven-Zero-Click-Exploit-Deployment-Framework,src/exploits/other_exploits/cve_poc/exploit_poc_documentation/README.md,2fbb9eebf1287480588f859c56e450ff36378d61,CVE-2017-5753
838423437,ProjectZeroDays/AI-Driven-Zero-Click-Exploit-Deployment-Framework,src/exploits/other_exploits/cve_poc/exploit_poc_documentation/README.md,2fbb9eebf1287480588f859c56e450ff36378d61,CVE-2018-0994
838423437,ProjectZeroDays/AI-Driven-Zero-Click-Exploit-Deployment-Framework,src/exploits/other_exploits/cve_poc/exploit_poc_documentation/README.md,2fbb9eebf1287480588f859c56e450ff36378d61,CVE-2018-0995
838423437,ProjectZeroDays/AI-Driven-Zero-Click-Exploit-Deployment-Framework,src/exploits/other_exploits/cve_poc/exploit_poc_documentation/README.md,2fbb9eebf1287480588f859c56e450ff36378d61,CVE-2017-6074
838423437,ProjectZeroDays/AI-Driven-Zero-Click-Exploit-Deployment-Framework,src/exploits/other_exploits/cve_poc/exploit_poc_documentation/README.md,2fbb9eebf1287480588f859c56e450ff36378d61,CVE-2017-5133
838423437,ProjectZeroDays/AI-Driven-Zero-Click-Exploit-Deployment-Framework,src/exploits/other_exploits/cve_poc/exploit_poc_documentation/README.md,2fbb9eebf1287480588f859c56e450ff36378d61,CVE-2017-5626
838423437,ProjectZeroDays/AI-Driven-Zero-Click-Exploit-Deployment-Framework,src/exploits/other_exploits/cve_poc/exploit_poc_documentation/README.md,2fbb9eebf1287480588f859c56e450ff36378d61,CVE-2017-5129
838423437,ProjectZeroDays/AI-Driven-Zero-Click-Exploit-Deployment-Framework,src/exploits/other_exploits/cve_poc/exploit_poc_documentation/README.md,2fbb9eebf1287480588f859c56e450ff36378d61,CVE-2018-10895
838423437,ProjectZeroDays/AI-Driven-Zero-Click-Exploit-Deployment-Framework,src/exploits/other_exploits/cve_poc/exploit_poc_documentation/README.md,2fbb9eebf1287480588f859c56e450ff36378d61,CVE-2018-10933
838423437,ProjectZeroDays/AI-Driven-Zero-Click-Exploit-Deployment-Framework,src/exploits/other_exploits/cve_poc/exploit_poc_documentation/README.md,2fbb9eebf1287480588f859c56e450ff36378d61,CVE-2017-5098
838423437,ProjectZeroDays/AI-Driven-Zero-Click-Exploit-Deployment-Framework,src/exploits/other_exploits/cve_poc/exploit_poc_documentation/README.md,2fbb9eebf1287480588f859c56e450ff36378d61,CVE-2017-5088
838423437,ProjectZeroDays/AI-Driven-Zero-Click-Exploit-Deployment-Framework,src/exploits/other_exploits/cve_poc/exploit_poc_documentation/README.md,2fbb9eebf1287480588f859c56e450ff36378d61,CVE-2018-10468
838423437,ProjectZeroDays/AI-Driven-Zero-Click-Exploit-Deployment-Framework,src/exploits/other_exploits/cve_poc/exploit_poc_documentation/README.md,2fbb9eebf1287480588f859c56e450ff36378d61,CVE-2017-5070
838423437,ProjectZeroDays/AI-Driven-Zero-Click-Exploit-Deployment-Framework,src/exploits/other_exploits/cve_poc/exploit_poc_documentation/README.md,2fbb9eebf1287480588f859c56e450ff36378d61,CVE-2017-5053
838423437,ProjectZeroDays/AI-Driven-Zero-Click-Exploit-Deployment-Framework,src/exploits/other_exploits/cve_poc/exploit_poc_documentation/README.md,2fbb9eebf1287480588f859c56e450ff36378d61,CVE-2017-5040
838423437,ProjectZeroDays/AI-Driven-Zero-Click-Exploit-Deployment-Framework,src/exploits/other_exploits/cve_poc/exploit_poc_documentation/README.md,2fbb9eebf1287480588f859c56e450ff36378d61,CVE-2017-5033
838423437,ProjectZeroDays/AI-Driven-Zero-Click-Exploit-Deployment-Framework,src/exploits/other_exploits/cve_poc/exploit_poc_documentation/README.md,2fbb9eebf1287480588f859c56e450ff36378d61,CVE-2017-5030
838423437,ProjectZeroDays/AI-Driven-Zero-Click-Exploit-Deployment-Framework,src/exploits/other_exploits/cve_poc/exploit_poc_documentation/README.md,2fbb9eebf1287480588f859c56e450ff36378d61,CVE-2017-5010
838423437,ProjectZeroDays/AI-Driven-Zero-Click-Exploit-Deployment-Framework,src/exploits/other_exploits/cve_poc/exploit_poc_documentation/README.md,2fbb9eebf1287480588f859c56e450ff36378d61,CVE-2017-5008
838423437,ProjectZeroDays/AI-Driven-Zero-Click-Exploit-Deployment-Framework,src/exploits/other_exploits/cve_poc/exploit_poc_documentation/README.md,2fbb9eebf1287480588f859c56e450ff36378d61,CVE-2017-5007
838423437,ProjectZeroDays/AI-Driven-Zero-Click-Exploit-Deployment-Framework,src/exploits/other_exploits/cve_poc/exploit_poc_documentation/README.md,2fbb9eebf1287480588f859c56e450ff36378d61,CVE-2017-4971
838423437,ProjectZeroDays/AI-Driven-Zero-Click-Exploit-Deployment-Framework,src/exploits/other_exploits/cve_poc/exploit_poc_documentation/README.md,2fbb9eebf1287480588f859c56e450ff36378d61,CVE-2017-4946
838423437,ProjectZeroDays/AI-Driven-Zero-Click-Exploit-Deployment-Framework,src/exploits/other_exploits/cve_poc/exploit_poc_documentation/README.md,2fbb9eebf1287480588f859c56e450ff36378d61,CVE-2017-4933
838423437,ProjectZeroDays/AI-Driven-Zero-Click-Exploit-Deployment-Framework,src/exploits/other_exploits/cve_poc/exploit_poc_documentation/README.md,2fbb9eebf1287480588f859c56e450ff36378d61,CVE-2017-4918
838423437,ProjectZeroDays/AI-Driven-Zero-Click-Exploit-Deployment-Framework,src/exploits/other_exploits/cve_poc/exploit_poc_documentation/README.md,2fbb9eebf1287480588f859c56e450ff36378d61,CVE-2017-5115
838423437,ProjectZeroDays/AI-Driven-Zero-Click-Exploit-Deployment-Framework,src/exploits/other_exploits/cve_poc/exploit_poc_documentation/README.md,2fbb9eebf1287480588f859c56e450ff36378d61,CVE-2018-10676
838423437,ProjectZeroDays/AI-Driven-Zero-Click-Exploit-Deployment-Framework,src/exploits/other_exploits/cve_poc/exploit_poc_documentation/README.md,2fbb9eebf1287480588f859c56e450ff36378d61,CVE-2017-5071
838423437,ProjectZeroDays/AI-Driven-Zero-Click-Exploit-Deployment-Framework,src/exploits/other_exploits/cve_poc/exploit_poc_documentation/README.md,2fbb9eebf1287480588f859c56e450ff36378d61,CVE-2017-5122
838423437,ProjectZeroDays/AI-Driven-Zero-Click-Exploit-Deployment-Framework,src/exploits/other_exploits/cve_poc/exploit_poc_documentation/README.md,2fbb9eebf1287480588f859c56e450ff36378d61,CVE-2017-5126
838423437,ProjectZeroDays/AI-Driven-Zero-Click-Exploit-Deployment-Framework,src/exploits/other_exploits/cve_poc/exploit_poc_documentation/README.md,2fbb9eebf1287480588f859c56e450ff36378d61,CVE-2017-5124
838423437,ProjectZeroDays/AI-Driven-Zero-Click-Exploit-Deployment-Framework,src/exploits/other_exploits/cve_poc/exploit_poc_documentation/README.md,2fbb9eebf1287480588f859c56e450ff36378d61,CVE-2017-5123
838423437,ProjectZeroDays/AI-Driven-Zero-Click-Exploit-Deployment-Framework,src/exploits/other_exploits/cve_poc/exploit_poc_documentation/README.md,2fbb9eebf1287480588f859c56e450ff36378d61,CVE-2018-10562
838423437,ProjectZeroDays/AI-Driven-Zero-Click-Exploit-Deployment-Framework,src/exploits/other_exploits/cve_poc/exploit_poc_documentation/README.md,2fbb9eebf1287480588f859c56e450ff36378d61,CVE-2018-10561
838423437,ProjectZeroDays/AI-Driven-Zero-Click-Exploit-Deployment-Framework,src/exploits/other_exploits/cve_poc/exploit_poc_documentation/README.md,2fbb9eebf1287480588f859c56e450ff36378d61,CVE-2017-5121
838423437,ProjectZeroDays/AI-Driven-Zero-Click-Exploit-Deployment-Framework,src/exploits/other_exploits/cve_poc/exploit_poc_documentation/README.md,2fbb9eebf1287480588f859c56e450ff36378d61,CVE-2018-10641
838423437,ProjectZeroDays/AI-Driven-Zero-Click-Exploit-Deployment-Framework,src/exploits/other_exploits/cve_poc/exploit_poc_documentation/README.md,2fbb9eebf1287480588f859c56e450ff36378d61,CVE-2017-5127
838423437,ProjectZeroDays/AI-Driven-Zero-Click-Exploit-Deployment-Framework,src/exploits/other_exploits/cve_poc/exploit_poc_documentation/README.md,2fbb9eebf1287480588f859c56e450ff36378d61,CVE-2018-10666
838423437,ProjectZeroDays/AI-Driven-Zero-Click-Exploit-Deployment-Framework,src/exploits/other_exploits/cve_poc/exploit_poc_documentation/README.md,2fbb9eebf1287480588f859c56e450ff36378d61,CVE-2017-5128
838423437,ProjectZeroDays/AI-Driven-Zero-Click-Exploit-Deployment-Framework,src/exploits/other_exploits/cve_poc/exploit_poc_documentation/README.md,2fbb9eebf1287480588f859c56e450ff36378d61,CVE-2017-5116
838423437,ProjectZeroDays/AI-Driven-Zero-Click-Exploit-Deployment-Framework,src/exploits/other_exploits/cve_poc/exploit_poc_documentation/CVE-2017-5638.md,32f26a825518a17230b1bfc21421e1a7a6bdde93,CVE-2017-5638
838423437,ProjectZeroDays/AI-Driven-Zero-Click-Exploit-Deployment-Framework,src/exploits/zero-click_exploits/2024/python/remote_code_execution/cve_2024_0031_exploit.py,37182b1ba41ca66fcbbd4dafa4898c2a376f38bb,CVE-2024-0031
838423437,ProjectZeroDays/AI-Driven-Zero-Click-Exploit-Deployment-Framework,src/exploits/other_exploits/cve_poc/exploit_poc_documentation/CVE-2017-5123.md,3aabae68b2a4b882d1c2607ebbd1f64f650edc7b,CVE-2017-5123
838423437,ProjectZeroDays/AI-Driven-Zero-Click-Exploit-Deployment-Framework,src/exploits/other_exploits/cve_poc/exploit_poc_documentation/CVE-2018-11235.md,3f45c131692db82ee8ff2ce5622777d7a69da313,CVE-2018-11235
838423437,ProjectZeroDays/AI-Driven-Zero-Click-Exploit-Deployment-Framework,src/exploits/other_exploits/cve_poc/exploit_poc_documentation/CVE-2017-5753.md,415b53ca455ec45f740aff3bc215de0fdf92c698,CVE-2017-5753
838423437,ProjectZeroDays/AI-Driven-Zero-Click-Exploit-Deployment-Framework,src/exploits/other_exploits/cve_poc/exploit_poc_documentation/CVE-2017-5753.md,415b53ca455ec45f740aff3bc215de0fdf92c698,CVE-2017-5715
838423437,ProjectZeroDays/AI-Driven-Zero-Click-Exploit-Deployment-Framework,src/exploits/other_exploits/cve_poc/exploit_poc_documentation/CVE-2017-9993.md,493ace8a94b8aa5d48c7469cb09c4fe6507319b3,CVE-2017-9993
838423437,ProjectZeroDays/AI-Driven-Zero-Click-Exploit-Deployment-Framework,documentation/todo_list.md,4e4ee6bee83c5880d7805fd752f8e8a77ec35b94,CVE-2010-2568
838423437,ProjectZeroDays/AI-Driven-Zero-Click-Exploit-Deployment-Framework,src/exploits/other_exploits/cve_poc/exploit_poc_documentation/CVE-2017-0781.md,505dd13bd868ab36e2214f1d3ae46026ac16af44,CVE-2017-0781
838423437,ProjectZeroDays/AI-Driven-Zero-Click-Exploit-Deployment-Framework,src/exploits/zero-click_exploits/2025/python/remote_code_execution/cve_2025_0003_exploit.py,52ceb95d99192dac1c41dfe7ab473fadf7eb8f53,CVE-2025-0003
838423437,ProjectZeroDays/AI-Driven-Zero-Click-Exploit-Deployment-Framework,src/exploits/zero-click_exploits/2025/python/remote_code_execution/cve_2025_0007_exploit.py,5348c081d6972c99aa46c114a9e97839930bf0a5,CVE-2025-0007
838423437,ProjectZeroDays/AI-Driven-Zero-Click-Exploit-Deployment-Framework,src/exploits/other_exploits/cve_poc/exploit_poc_documentation/CVE-2018-10933.md,561eea9edf91ba843a5c1ee828d04a9249620b5d,CVE-2018-10933
838423437,ProjectZeroDays/AI-Driven-Zero-Click-Exploit-Deployment-Framework,src/exploits/zero-click_exploits/2025/python/remote_code_execution/cve_2025_0002_exploit.py,5a763cb1ce50b419d29f763f480d436fe31a3731,CVE-2025-0002
838423437,ProjectZeroDays/AI-Driven-Zero-Click-Exploit-Deployment-Framework,src/exploits/zero-click_exploits/Ios-kernel-panic/CONTRIBUTING.md,5f4710fbb3d1533def4431f735a35bf595bb7948,CVE-2021-1965
838423437,ProjectZeroDays/AI-Driven-Zero-Click-Exploit-Deployment-Framework,README.md,5f7771d66c37dc2dac1acc7d4eed0a38f51c55f4,CVE-2024-0003
838423437,ProjectZeroDays/AI-Driven-Zero-Click-Exploit-Deployment-Framework,README.md,5f7771d66c37dc2dac1acc7d4eed0a38f51c55f4,CVE-2024-0004
838423437,ProjectZeroDays/AI-Driven-Zero-Click-Exploit-Deployment-Framework,README.md,5f7771d66c37dc2dac1acc7d4eed0a38f51c55f4,CVE-2024-0005
838423437,ProjectZeroDays/AI-Driven-Zero-Click-Exploit-Deployment-Framework,README.md,5f7771d66c37dc2dac1acc7d4eed0a38f51c55f4,CVE-2024-0001
838423437,ProjectZeroDays/AI-Driven-Zero-Click-Exploit-Deployment-Framework,README.md,5f7771d66c37dc2dac1acc7d4eed0a38f51c55f4,CVE-2010-2568
838423437,ProjectZeroDays/AI-Driven-Zero-Click-Exploit-Deployment-Framework,README.md,5f7771d66c37dc2dac1acc7d4eed0a38f51c55f4,CVE-2024-0002
838423437,ProjectZeroDays/AI-Driven-Zero-Click-Exploit-Deployment-Framework,src/exploits/other_exploits/cve_poc/exploit_poc_documentation/CVE-2017-0290.md,65053cc3ee79c3f90bb04b6f739f2ce3a27616d8,GPZ-1252
838423437,ProjectZeroDays/AI-Driven-Zero-Click-Exploit-Deployment-Framework,src/exploits/other_exploits/cve_poc/exploit_poc_documentation/CVE-2017-0290.md,65053cc3ee79c3f90bb04b6f739f2ce3a27616d8,CVE-2017-0290
838423437,ProjectZeroDays/AI-Driven-Zero-Click-Exploit-Deployment-Framework,src/exploits/other_exploits/cve_poc/exploit_poc_documentation/CVE-2018-11776.md,65a8740078412b426e68ce11e428717c40e264f7,CVE-2018-11776
838423437,ProjectZeroDays/AI-Driven-Zero-Click-Exploit-Deployment-Framework,src/exploits/other_exploits/cve_poc/exploit_poc_documentation/CVE-2017-5116.md,6bb92da5fa5540a56437021c2a043a0d720d9a7a,CVE-2017-5116
838423437,ProjectZeroDays/AI-Driven-Zero-Click-Exploit-Deployment-Framework,src/exploits/zero-click_exploits/2024/python/remote_code_execution/cve_2024_0016_exploit.py,6c53809ce02a49a95e0db292ceb03bcdf3d0dd54,CVE-2024-0016
838423437,ProjectZeroDays/AI-Driven-Zero-Click-Exploit-Deployment-Framework,src/exploits/zero-click_exploits/2025/python/remote_code_execution/cve_2025_0013_exploit.py,6e964e353436383d8b44a9660f1e769cf206e15d,CVE-2025-0013
838423437,ProjectZeroDays/AI-Driven-Zero-Click-Exploit-Deployment-Framework,src/exploits/other_exploits/cve_poc/exploit_poc_documentation/CVE-2017-1000353.md,7096d45c95365190839f7d189a9d715da41194c9,BID-98056
838423437,ProjectZeroDays/AI-Driven-Zero-Click-Exploit-Deployment-Framework,src/exploits/other_exploits/cve_poc/exploit_poc_documentation/CVE-2017-1000353.md,7096d45c95365190839f7d189a9d715da41194c9,CVE-2017-1000353
838423437,ProjectZeroDays/AI-Driven-Zero-Click-Exploit-Deployment-Framework,src/exploits/zero-click_exploits/Ios-kernel-panic/tests/test_CVE-2021-1965-poc.c,7fbc1392587ea616657c6c24a714bbd21915fbf2,CVE-2021-1965
838423437,ProjectZeroDays/AI-Driven-Zero-Click-Exploit-Deployment-Framework,src/exploits/other_exploits/cve_poc/exploit_poc_documentation/CVE-2018-8174.md,81ee3bd1ad4a6b9802237a9b6e80525f235049a3,CVE-2018-8174
838423437,ProjectZeroDays/AI-Driven-Zero-Click-Exploit-Deployment-Framework,src/exploits/other_exploits/cve_poc/exploit_poc_documentation/CVE-2018-8174.md,81ee3bd1ad4a6b9802237a9b6e80525f235049a3,CVE-2018-7600
838423437,ProjectZeroDays/AI-Driven-Zero-Click-Exploit-Deployment-Framework,src/exploits/other_exploits/cve_poc/exploit_poc_documentation/CVE-2018-0492.md,830e791b24a82b14b41b9a2756473e0d6aee9eda,CVE-2018-0492
838423437,ProjectZeroDays/AI-Driven-Zero-Click-Exploit-Deployment-Framework,src/exploits/zero-click_exploits/2024/python/remote_code_execution/cve_2024_0018_exploit.py,8565b2bfdaa88fe54d970a0de87a9d7c8d30744b,CVE-2024-0018
838423437,ProjectZeroDays/AI-Driven-Zero-Click-Exploit-Deployment-Framework,src/exploits/zero-click_exploits/2025/python/remote_code_execution/cve_2025_0004_exploit.py,862cf97dd342471559e850483e39204fdd505ac2,CVE-2025-0004
838423437,ProjectZeroDays/AI-Driven-Zero-Click-Exploit-Deployment-Framework,src/exploits/other_exploits/cve_poc/exploit_poc_documentation/CVE-2017-7293.md,8b1df013088a74e0ffbccbaf8fce2c1c51ceda7d,CVE-2014-4073
838423437,ProjectZeroDays/AI-Driven-Zero-Click-Exploit-Deployment-Framework,src/exploits/other_exploits/cve_poc/exploit_poc_documentation/CVE-2017-7293.md,8b1df013088a74e0ffbccbaf8fce2c1c51ceda7d,GPZ-1075
838423437,ProjectZeroDays/AI-Driven-Zero-Click-Exploit-Deployment-Framework,src/exploits/other_exploits/cve_poc/exploit_poc_documentation/CVE-2017-7293.md,8b1df013088a74e0ffbccbaf8fce2c1c51ceda7d,CVE-2017-7293
838423437,ProjectZeroDays/AI-Driven-Zero-Click-Exploit-Deployment-Framework,src/exploits/other_exploits/cve_poc/exploit_poc_documentation/CVE-2018-7600.md,8e3dd82e2e2b749b376e0fb35678ce5862024c65,CVE-2018-7600
838423437,ProjectZeroDays/AI-Driven-Zero-Click-Exploit-Deployment-Framework,src/exploits/zero-click_exploits/2025/python/remote_code_execution/cve_2025_0014_exploit.py,8f87273b2d9bb77c509ad6e2f5e16b6077b843fa,CVE-2025-0014
838423437,ProjectZeroDays/AI-Driven-Zero-Click-Exploit-Deployment-Framework,src/exploits/zero-click_exploits/2025/python/remote_code_execution/cve_2025_0006_exploit.py,940248d0fc06af0b013bc3f48fdde7fc8a247aad,CVE-2025-0006
838423437,ProjectZeroDays/AI-Driven-Zero-Click-Exploit-Deployment-Framework,src/exploits/zero-click_exploits/2025/python/remote_code_execution/cve_2025_0005_exploit.py,9aa5a0e69f9c26e504f4ea4d55f176fafc18b8fd,CVE-2025-0005
838423437,ProjectZeroDays/AI-Driven-Zero-Click-Exploit-Deployment-Framework,src/exploits/other_exploits/cve_poc/exploit_poc_documentation/CVE-2018-0886.md,a2eadba8546095ddd1490cc941412fe790777df0,CVE-2018-0886
838423437,ProjectZeroDays/AI-Driven-Zero-Click-Exploit-Deployment-Framework,src/exploits/other_exploits/cve_poc/exploit_poc_documentation/CVE-2017-8464.md,a5cb2a50e99afa325373b3044306e7ff43c06a52,CVE-2017-8464
838423437,ProjectZeroDays/AI-Driven-Zero-Click-Exploit-Deployment-Framework,src/exploits/other_exploits/cve_poc/exploit_poc_documentation/MS17-010.md,aa7d32334dc20461fa73fcb4d93d9d331f389e8b,CVE-2017-0148
838423437,ProjectZeroDays/AI-Driven-Zero-Click-Exploit-Deployment-Framework,src/exploits/other_exploits/cve_poc/exploit_poc_documentation/MS17-010.md,aa7d32334dc20461fa73fcb4d93d9d331f389e8b,CVE-2017-0143
838423437,ProjectZeroDays/AI-Driven-Zero-Click-Exploit-Deployment-Framework,src/exploits/other_exploits/cve_poc/exploit_poc_documentation/MS17-010.md,aa7d32334dc20461fa73fcb4d93d9d331f389e8b,MS17-010
838423437,ProjectZeroDays/AI-Driven-Zero-Click-Exploit-Deployment-Framework,src/exploits/other_exploits/cve_poc/exploit_poc_documentation/CVE-2017-12611.md,ab1a24d64b99482f6e2415f462d81ea6ae8bff7e,CVE-2017-12611
838423437,ProjectZeroDays/AI-Driven-Zero-Click-Exploit-Deployment-Framework,src/exploits/other_exploits/cve_poc/exploit_poc_documentation/CVE-2017-0199.md,b105c6c7a00f48b58a1899b4efcb92ad4f8a2b42,CVE-2017-0199
838423437,ProjectZeroDays/AI-Driven-Zero-Click-Exploit-Deployment-Framework,src/exploits/other_exploits/cve_poc/exploit_poc_documentation/CVE-2017-0070.md,b2d5c18673391486bf939112552e2af404a7e674,GPZ-1043
838423437,ProjectZeroDays/AI-Driven-Zero-Click-Exploit-Deployment-Framework,src/exploits/other_exploits/cve_poc/exploit_poc_documentation/CVE-2017-0070.md,b2d5c18673391486bf939112552e2af404a7e674,CVE-2017-0070
838423437,ProjectZeroDays/AI-Driven-Zero-Click-Exploit-Deployment-Framework,src/exploits/zero-click_exploits/2025/python/remote_code_execution/cve_2025_0001_exploit.py,b2dceb05749a5c0badd1d6efddb33bcd8f655a05,CVE-2025-0001
838423437,ProjectZeroDays/AI-Driven-Zero-Click-Exploit-Deployment-Framework,src/exploits/other_exploits/cve_poc/exploit_poc_documentation/CVE-2017-5715.md,b7173f31ca6b0d6be222bafdb65631633c8040f8,CVE-2017-5715
838423437,ProjectZeroDays/AI-Driven-Zero-Click-Exploit-Deployment-Framework,src/exploits/other_exploits/cve_poc/exploit_poc_documentation/CVE-2017-5715.md,b7173f31ca6b0d6be222bafdb65631633c8040f8,CVE-2017-5753
838423437,ProjectZeroDays/AI-Driven-Zero-Click-Exploit-Deployment-Framework,src/exploits/other_exploits/cve_poc/exploit_poc_documentation/CVE-2017-9805.md,c2f5f24290c9d55af2a6778b0ffc130ed6161874,CVE-2017-9805
838423437,ProjectZeroDays/AI-Driven-Zero-Click-Exploit-Deployment-Framework,src/exploits/other_exploits/cve_poc/exploit_poc_documentation/CVE-2017-5689.md,c5f04a91e2233bb26eea8eb46ea114f2b0624bf1,CVE-2017-5689
838423437,ProjectZeroDays/AI-Driven-Zero-Click-Exploit-Deployment-Framework,src/exploits/zero-click_exploits/Ios-kernel-panic/CVE-2021-1965-poc.c,cc3cfc9ac16394acfc94e3ee117e8c96d4af7bfa,CVE-2021-1965
838423437,ProjectZeroDays/AI-Driven-Zero-Click-Exploit-Deployment-Framework,src/backend/report_generator.py,cceec132c5694f39d299197c99c643baecba0df7,CVE-2023-1234
838423437,ProjectZeroDays/AI-Driven-Zero-Click-Exploit-Deployment-Framework,src/backend/report_generator.py,cceec132c5694f39d299197c99c643baecba0df7,CVE-2023-5678
838423437,ProjectZeroDays/AI-Driven-Zero-Click-Exploit-Deployment-Framework,src/exploits/zero-click_exploits/Ios-kernel-panic/Makefile,cd0cc0bff362f80fecb472df02cc5b085ef24b33,CVE-2021-1965
838423437,ProjectZeroDays/AI-Driven-Zero-Click-Exploit-Deployment-Framework,src/exploits/other_exploits/cve_poc/exploit_poc_documentation/CVE-2018-4878.md,de5a5e596a6e1f0b755651db1a528d55d945504b,CVE-2018-4878
838423437,ProjectZeroDays/AI-Driven-Zero-Click-Exploit-Deployment-Framework,src/exploits/other_exploits/cve_poc/exploit_poc_documentation/CVE-2018-4878.md,de5a5e596a6e1f0b755651db1a528d55d945504b,CVE-2015-5119
838423437,ProjectZeroDays/AI-Driven-Zero-Click-Exploit-Deployment-Framework,src/exploits/zero-click_exploits/Ios-kernel-panic/Dockerfile,dfa6d1346686daba08286e55e8d582466d37266b,CVE-2021-1965
838423437,ProjectZeroDays/AI-Driven-Zero-Click-Exploit-Deployment-Framework,src/exploits/other_exploits/cve_poc/exploit_poc_documentation/Stack-Clash.md,e5ba1b3e7873068565d896fca1fdb35c7fee16b3,CVE-2017-1000379
838423437,ProjectZeroDays/AI-Driven-Zero-Click-Exploit-Deployment-Framework,src/exploits/other_exploits/cve_poc/exploit_poc_documentation/Stack-Clash.md,e5ba1b3e7873068565d896fca1fdb35c7fee16b3,CVE-2017-1082
838423437,ProjectZeroDays/AI-Driven-Zero-Click-Exploit-Deployment-Framework,src/exploits/other_exploits/cve_poc/exploit_poc_documentation/Stack-Clash.md,e5ba1b3e7873068565d896fca1fdb35c7fee16b3,CVE-2017-1083
838423437,ProjectZeroDays/AI-Driven-Zero-Click-Exploit-Deployment-Framework,src/exploits/other_exploits/cve_poc/exploit_poc_documentation/Stack-Clash.md,e5ba1b3e7873068565d896fca1fdb35c7fee16b3,CVE-2017-1084
838423437,ProjectZeroDays/AI-Driven-Zero-Click-Exploit-Deployment-Framework,src/exploits/other_exploits/cve_poc/exploit_poc_documentation/Stack-Clash.md,e5ba1b3e7873068565d896fca1fdb35c7fee16b3,CVE-2017-1000371
838423437,ProjectZeroDays/AI-Driven-Zero-Click-Exploit-Deployment-Framework,src/exploits/other_exploits/cve_poc/exploit_poc_documentation/Stack-Clash.md,e5ba1b3e7873068565d896fca1fdb35c7fee16b3,CVE-2017-3631
838423437,ProjectZeroDays/AI-Driven-Zero-Click-Exploit-Deployment-Framework,src/exploits/other_exploits/cve_poc/exploit_poc_documentation/Stack-Clash.md,e5ba1b3e7873068565d896fca1fdb35c7fee16b3,CVE-2017-3630
838423437,ProjectZeroDays/AI-Driven-Zero-Click-Exploit-Deployment-Framework,src/exploits/other_exploits/cve_poc/exploit_poc_documentation/Stack-Clash.md,e5ba1b3e7873068565d896fca1fdb35c7fee16b3,CVE-2017-3629
838423437,ProjectZeroDays/AI-Driven-Zero-Click-Exploit-Deployment-Framework,src/exploits/other_exploits/cve_poc/exploit_poc_documentation/Stack-Clash.md,e5ba1b3e7873068565d896fca1fdb35c7fee16b3,CVE-2017-1000378
838423437,ProjectZeroDays/AI-Driven-Zero-Click-Exploit-Deployment-Framework,src/exploits/other_exploits/cve_poc/exploit_poc_documentation/Stack-Clash.md,e5ba1b3e7873068565d896fca1fdb35c7fee16b3,CVE-2017-1085
838423437,ProjectZeroDays/AI-Driven-Zero-Click-Exploit-Deployment-Framework,src/exploits/other_exploits/cve_poc/exploit_poc_documentation/Stack-Clash.md,e5ba1b3e7873068565d896fca1fdb35c7fee16b3,CVE-2017-1000377
838423437,ProjectZeroDays/AI-Driven-Zero-Click-Exploit-Deployment-Framework,src/exploits/other_exploits/cve_poc/exploit_poc_documentation/Stack-Clash.md,e5ba1b3e7873068565d896fca1fdb35c7fee16b3,CVE-2017-1000364
838423437,ProjectZeroDays/AI-Driven-Zero-Click-Exploit-Deployment-Framework,src/exploits/other_exploits/cve_poc/exploit_poc_documentation/Stack-Clash.md,e5ba1b3e7873068565d896fca1fdb35c7fee16b3,CVE-2017-1000375
838423437,ProjectZeroDays/AI-Driven-Zero-Click-Exploit-Deployment-Framework,src/exploits/other_exploits/cve_poc/exploit_poc_documentation/Stack-Clash.md,e5ba1b3e7873068565d896fca1fdb35c7fee16b3,CVE-2017-1000374
838423437,ProjectZeroDays/AI-Driven-Zero-Click-Exploit-Deployment-Framework,src/exploits/other_exploits/cve_poc/exploit_poc_documentation/Stack-Clash.md,e5ba1b3e7873068565d896fca1fdb35c7fee16b3,CVE-2017-1000373
838423437,ProjectZeroDays/AI-Driven-Zero-Click-Exploit-Deployment-Framework,src/exploits/other_exploits/cve_poc/exploit_poc_documentation/Stack-Clash.md,e5ba1b3e7873068565d896fca1fdb35c7fee16b3,CVE-2017-1000372
838423437,ProjectZeroDays/AI-Driven-Zero-Click-Exploit-Deployment-Framework,src/exploits/other_exploits/cve_poc/exploit_poc_documentation/Stack-Clash.md,e5ba1b3e7873068565d896fca1fdb35c7fee16b3,CVE-2017-1000370
838423437,ProjectZeroDays/AI-Driven-Zero-Click-Exploit-Deployment-Framework,src/exploits/other_exploits/cve_poc/exploit_poc_documentation/Stack-Clash.md,e5ba1b3e7873068565d896fca1fdb35c7fee16b3,CVE-2017-1000369
838423437,ProjectZeroDays/AI-Driven-Zero-Click-Exploit-Deployment-Framework,src/exploits/other_exploits/cve_poc/exploit_poc_documentation/Stack-Clash.md,e5ba1b3e7873068565d896fca1fdb35c7fee16b3,CVE-2017-1000376
838423437,ProjectZeroDays/AI-Driven-Zero-Click-Exploit-Deployment-Framework,src/exploits/other_exploits/cve_poc/exploit_poc_documentation/Stack-Clash.md,e5ba1b3e7873068565d896fca1fdb35c7fee16b3,CVE-2017-1000367
838423437,ProjectZeroDays/AI-Driven-Zero-Click-Exploit-Deployment-Framework,src/exploits/other_exploits/cve_poc/exploit_poc_documentation/Stack-Clash.md,e5ba1b3e7873068565d896fca1fdb35c7fee16b3,CVE-2017-1000366
838423437,ProjectZeroDays/AI-Driven-Zero-Click-Exploit-Deployment-Framework,src/exploits/other_exploits/cve_poc/exploit_poc_documentation/Stack-Clash.md,e5ba1b3e7873068565d896fca1fdb35c7fee16b3,CVE-2017-1000365
838423437,ProjectZeroDays/AI-Driven-Zero-Click-Exploit-Deployment-Framework,src/exploits/zero-click_exploits/2024/python/remote_code_execution/cve_2024_0019_exploit.py,edc305fe826d7024c56e12681b0450e6fc94df98,CVE-2024-0019
838423437,ProjectZeroDays/AI-Driven-Zero-Click-Exploit-Deployment-Framework,src/exploits/zero-click_exploits/Ios-kernel-panic/README.md,eefc708e22dc9a3caa95c3a383db64f5741cafd3,CVE-2021-1965
838423437,ProjectZeroDays/AI-Driven-Zero-Click-Exploit-Deployment-Framework,src/exploits/other_exploits/cve_poc/exploit_poc_documentation/CVE-2017-9791.md,fa7d39f7a2469f190d63cfab0571b0b8733e8dab,CVE-2017-9791
838423437,ProjectZeroDays/AI-Driven-Zero-Click-Exploit-Deployment-Framework,src/exploits/zero-click_exploits/2024/python/remote_code_execution/cve_2024_0017_exploit.py,fb03c5685e94bf28d19265fbd0ca091e4ecf37c9,CVE-2024-0017
838423437,ProjectZeroDays/AI-Driven-Zero-Click-Exploit-Deployment-Framework,src/exploits/zero-click_exploits/Ios-kernel-panic/auto_execute.sh,fd09e0f8f4afbb11f8c2aa016ca76f04d2ad0e41,CVE-2021-1965
838423437,ProjectZeroDays/AI-Driven-Zero-Click-Exploit-Deployment-Framework,src/exploits/other_exploits/cve_poc/exploit_poc_documentation/CVE-2017-10271.md,fdbddc63b6ad2e7ce930bac185b9f3a0d2783c4f,CVE-2017-10271
838423437,ProjectZeroDays/AI-Driven-Zero-Click-Exploit-Deployment-Framework,src/exploits/zero-click_exploits/2025/python/remote_code_execution/cve_2025_0012_exploit.py,fe8986bedbe295acae62799b45d69247cec57745,CVE-2025-0012
