full_name,description,html_url,matched_list,matched_count,pushed_at,size,stargazers_count,language,forks_count,vul_ids
hatvix1/CVE-2024-50526-Private-POC,Unrestricted Upload of File with Dangerous Type,https://github.com/hatvix1/CVE-2024-50526-Private-POC,['cve-2 OR cve_2'],1,2024-11-04T16:58:24+0000,0,1,,0,['CVE-2024-50526']
rapid7/metasploit-framework,Metasploit Framework,https://github.com/rapid7/metasploit-framework,['metasploit module OR payload'],1,2024-11-01T15:54:00+0000,1055938,34095,Ruby,13958,[]
beefproject/beef,The Browser Exploitation Framework Project,https://github.com/beefproject/beef,['exploit'],1,2024-11-01T04:37:30+0000,23279,9818,JavaScript,2174,[]
Gallopsled/pwntools,CTF framework and exploit development library,https://github.com/Gallopsled/pwntools,"['exploit', 'shellcode']",2,2024-11-01T13:36:30+0000,28429,12085,Python,1708,[]
electron/rcedit,Command line tool to edit resources of exe,https://github.com/electron/rcedit,['rce'],1,2024-11-01T06:48:49+0000,163,1705,C++,190,[]
electron/node-rcedit,Node module to edit resources of exe,https://github.com/electron/node-rcedit,['rce'],1,2024-11-01T13:01:12+0000,29561,189,JavaScript,36,[]
pwndbg/pwndbg,Exploit Development and Reverse Engineering with GDB Made Easy,https://github.com/pwndbg/pwndbg,['exploit'],1,2024-11-02T15:18:39+0000,17123,7572,Python,887,[]
commixproject/commix,Automated All-in-One OS Command Injection Exploitation Tool.,https://github.com/commixproject/commix,"['command injection', 'exploit']",2,2024-11-04T07:07:21+0000,6905,4587,Python,815,[]
ShadowMccc/Windows_Exploit_Dev,None,https://github.com/ShadowMccc/Windows_Exploit_Dev,['exploit'],1,2024-11-04T09:35:01+0000,3,0,Python,0,[]
RandomRobbieBF/CVE-2024-50476,GRÜN spendino Spendenformular <= 1.0.1 - Unauthenticated Arbitrary Options Update,https://github.com/RandomRobbieBF/CVE-2024-50476,['cve-2 OR cve_2'],1,2024-11-04T09:32:16+0000,5,0,Python,0,['CVE-2024-50476']
Dzakwanandra/cheat-apex-1egends-d0wn1oad,Apex Legends AI Hack Cheat Triggerbot Noclip silent aimbot esp wallhack wh exploit godmode fly FlickBot Legit SemiRage softaim 2024 inventory skin changer swapper hwid spoofer changer free macros norecoil speedhack undetected injector radar FPS Booster Unl,https://github.com/Dzakwanandra/cheat-apex-1egends-d0wn1oad,['exploit'],1,2024-11-04T09:24:02+0000,331,1,,433,[]
Oorth/2.-Embedding-shell-code,embed shellcode in various parts of an PE,https://github.com/Oorth/2.-Embedding-shell-code,['shellcode'],1,2024-11-04T08:00:28+0000,53,0,C++,0,[]
GoesM/ROS-CVE-CNVDs,record and public CVE/CNVD IDs discovered by my works,https://github.com/GoesM/ROS-CVE-CNVDs,['cnvd-c OR cnvd-2 OR cnnvd-2'],1,2024-11-04T09:01:52+0000,3,0,,0,[]
B1n4ryXpl0it/Exploiting-SQL-Injection,"This Python script automates the process of exploiting an SQL Injection vulnerability in a controlled, authorized environment for testing purposes. It uses a blind SQL injection technique to extract password hashes from a vulnerable web application.",https://github.com/B1n4ryXpl0it/Exploiting-SQL-Injection,['exploit'],1,2024-11-04T07:54:07+0000,3,0,Python,0,[]
HenryWHM/CSRF-exploit-file,None,https://github.com/HenryWHM/CSRF-exploit-file,['exploit'],1,2024-11-04T06:52:19+0000,1,0,HTML,0,[]
SachinSunil016/MRI-using-Compressive-Sensing," MRI with compressive sensing speeds up scans by reconstructing high quality images from fewer data points, using mathematical algorithms to exploit image  sparsity. This is achieved by leveraging the sparsity of medical images in certain transform  domain",https://github.com/SachinSunil016/MRI-using-Compressive-Sensing,['exploit'],1,2024-11-04T06:54:23+0000,1,0,,0,[]
Brentlyw/Ferrite,Ferrite is an extemely indirect and obscure rust-based shellcode injector & executor,https://github.com/Brentlyw/Ferrite,['shellcode'],1,2024-11-04T14:22:51+0000,4,0,,0,[]
minaaziz9/Anubis-webscanner,"Anubis is a Python-based tool designed to help security professionals and enthusiasts detect common web vulnerabilities like SQL Injection, Cross-Site Scripting (XSS), and command injection.",https://github.com/minaaziz9/Anubis-webscanner,['command injection'],1,2024-11-04T05:01:26+0000,0,0,Python,0,[]
pbj2647/CVE-2023-25813,None,https://github.com/pbj2647/CVE-2023-25813,['cve-2 OR cve_2'],1,2024-11-04T04:48:01+0000,0,0,JavaScript,0,['CVE-2023-25813']
Hackermrf/Ethical-hacking-,"Hello! I am Rehan Fazal  A cybersecurity enthusiast with a keen interest in Penetration Testing, Security Analysis, Red Teaming, Malware Analysis, Security Consulting Specializing in advanced window exploitation",https://github.com/Hackermrf/Ethical-hacking-,['exploit'],1,2024-11-04T04:16:34+0000,12,0,,0,[]
zgimszhd61/CVE-2024-30078-POC_WIFI,basic concept for the latest windows wifi driver CVE,https://github.com/zgimszhd61/CVE-2024-30078-POC_WIFI,"['cve poc', 'cve-2 OR cve_2']",2,2024-11-04T03:49:30+0000,14,0,Python,0,['CVE-2024-30078']
EasySI/XSecUI,XSec安全管理平台包括：安全事件报警（流量分析报警、漏洞扫描报警）、 资产识别（业务系统资产识别、业务网站资产识别）、漏洞扫描（业务系统漏洞扫描、业务网站（检）监测、POC检测）、入侵检测、流量分析、漏洞态势（CVE漏洞态势、安全事件动态）、系统管理等,https://github.com/EasySI/XSecUI,['cve poc'],1,2024-11-04T03:31:53+0000,9,0,,0,[]
Ezan0x/LigoloAppLockerEvasion,"Bypassing AppLocker restrictions using Ligolo agent as shellcode, enabling in-memory injection for diskless execution and effective evasion of security controls.",https://github.com/Ezan0x/LigoloAppLockerEvasion,['shellcode'],1,2024-11-04T00:44:37+0000,6,0,PowerShell,0,[]
harley69691/h4ck-f0rtnite,fortnite AI Hack Cheat Triggerbot Noclip silent aimbot esp wallhack wh exploit godmode fly FlickBot Legit SemiRage softaim 2024 inventory skin changer swapper hwid spoofer changer free download macros norecoil speedhack undetected injector radar FPS Booste,https://github.com/harley69691/h4ck-f0rtnite,['exploit'],1,2024-11-03T22:45:18+0000,331,427,,18,[]
Cobalt-Strike/community_kit,"Cobalt Strike is a post-exploitation framework designed to be extended and customized by the user community. Several excellent tools and scripts have been written and published, but they can be challenging to locate. Community Kit is a central repository o",https://github.com/Cobalt-Strike/community_kit,['exploit'],1,2024-11-01T01:48:53+0000,3891,323,HTML,20,[]
BrenoFariasdaSilva/University,"Here you can find basically most of the exercises I'm solving during my University journey. This repo will contain lots of folders inside of it, each of one related to one subject. It won't be limited to one language.",https://github.com/BrenoFariasdaSilva/University,['shellcode'],1,2024-11-02T03:26:19+0000,52509,1,Jupyter Notebook,0,[]
zarkones/XENA,"XENA is Corss-Platform Software for Cyber-Security Automation, Adversary Simulations, and Red Team Operations.  XENA strives to be fully integrated security penetration testing framework. It is equipped with a post-exploitation agent, C2 server, and a dark",https://github.com/zarkones/XENA,['exploit'],1,2024-11-02T20:50:18+0000,16931,269,Go,46,[]
ycdxsb/PocOrExp_in_Github,"Automatically Collect POC or EXP from GitHub by CVE ID.  If you are unable to find the POC/EXP on GitHub, you can also check here: https://pocorexps.nsa.im/",https://github.com/ycdxsb/PocOrExp_in_Github,"['cve poc', 'exploit']",2,2024-11-03T00:04:52+0000,540524,919,Python,199,[]
tencentcloud-sdk-php/rce,None,https://github.com/tencentcloud-sdk-php/rce,['rce'],1,2024-11-03T21:05:41+0000,281,0,PHP,0,[]
EntySec/HatSploit,"Modular penetration testing platform that enables you to write, test, and execute exploit code.",https://github.com/EntySec/HatSploit,"['exploit', 'sploit']",2,2024-11-03T02:51:22+0000,8540,283,Python,67,[]
XenoAmess/metasploit-java-external-module,java external module for metasploit framework.,https://github.com/XenoAmess/metasploit-java-external-module,['metasploit module OR payload'],1,2024-11-04T02:50:54+0000,7260,2,Java,0,[]
xalgord/My-Methodologies,Tools and methods that I personally use for Recon and Exploitations,https://github.com/xalgord/My-Methodologies,['exploit'],1,2024-11-01T08:34:53+0000,1237,23,,8,[]
Patrowl/PatrowlHearsData,"Open-Source Vulnerability Intelligence Center - Unified source of vulnerability, exploit and threat Intelligence feeds",https://github.com/Patrowl/PatrowlHearsData,['exploit'],1,2024-11-02T05:05:29+0000,2105307,122,Python,34,[]
metricq/metricq-webview,📈 A visualization of MetricQ data exploiting the advantages of the HTA db backend ,https://github.com/metricq/metricq-webview,['exploit'],1,2024-11-04T09:43:59+0000,3665,7,JavaScript,1,[]
nemesida-waf/waf-bypass,Check your WAF before an attacker does,https://github.com/nemesida-waf/waf-bypass,['rce'],1,2024-11-01T07:11:59+0000,751,1291,Python,167,[]
aryanguenthner/365,"BlueTeam, RedTeam, Bug bounty, OSINT, Threat Hunting, Network and Web Recon, Discovery, Enumeration, Vulnerability Mapping, Exploitation, Reporting, Darkweb, Deepweb, Research",https://github.com/aryanguenthner/365,['exploit'],1,2024-11-03T22:11:57+0000,44350,46,Python,8,[]
0xC01DF00D/Collabfiltrator,Exfiltrate blind remote code execution output over DNS via Burp Collaborator.,https://github.com/0xC01DF00D/Collabfiltrator,['remote code execution'],1,2024-11-01T15:38:22+0000,63,247,Python,53,[]
luizpgt/AtomicBombProject,"Everything i pile into this repository is context-free or non-sense content. It's simultaneously a trash can and a gold mine, for my personal use and exploitation.",https://github.com/luizpgt/AtomicBombProject,['exploit'],1,2024-11-03T17:16:42+0000,49586,0,Python,0,[]
nt0xa/sonar,Sonar is a security researcher's Swiss army knife for finding and exploiting vulnerabilities that require out-of-band interactions,https://github.com/nt0xa/sonar,['exploit'],1,2024-11-01T00:39:35+0000,12446,9,Go,4,[]
0xricksanchez/paper_collection,"Academic papers related to fuzzing, binary analysis, and exploit dev, which I want to read or have already read",https://github.com/0xricksanchez/paper_collection,['exploit'],1,2024-11-04T10:44:12+0000,172,1228,,123,[]
GhostTroops/TOP,TOP All bugbounty pentesting CVE-2023- POC Exp  RCE example payload  Things,https://github.com/GhostTroops/TOP,"['cve poc', 'exploit', 'rce', 'rce poc', 'vulnerability poc']",5,2024-11-02T01:03:03+0000,1168,658,Shell,119,[]
Kiosec/Windows-Exploitation,"Audit and pentest methodologies for Windows including internal enumeration, privesc, lateral movement, etc.",https://github.com/Kiosec/Windows-Exploitation,['exploit'],1,2024-11-01T20:38:06+0000,377,5,,4,[]
StevenRCE0/StevenRCE0,Hello meow!,https://github.com/StevenRCE0/StevenRCE0,['rce'],1,2024-11-03T00:15:11+0000,10897,0,,1,[]
trickest/cve,Gather and update all available and newest CVEs with their PoC.,https://github.com/trickest/cve,"['cve poc', 'exploit', 'vulnerability poc']",3,2024-11-01T14:25:17+0000,415303,6555,HTML,833,[]
lal0ne/vulnerability,收集、整理、修改互联网上公开的漏洞POC,https://github.com/lal0ne/vulnerability,"['vuln poc', 'vulnerability poc']",2,2024-11-01T09:30:54+0000,260486,819,Go,138,[]
Jean-Francois-C/Webshell-Upload-and-Web-RCE-Techniques,Classic Web shell upload techniques & Web RCE techniques,https://github.com/Jean-Francois-C/Webshell-Upload-and-Web-RCE-Techniques,['rce'],1,2024-11-03T22:37:46+0000,268,22,ASP.NET,7,[]
wimpomp/tiffwrite,Exploiting tifffile in parallel to write ImageJ compatible tiffs with good compression.,https://github.com/wimpomp/tiffwrite,['exploit'],1,2024-11-04T13:58:48+0000,103,3,Rust,0,[]
hrbrmstr/cisa-known-exploited-vulns,Daily archiver & triage issue creator for new releases of CISA's Known Exploited Vulnerabilities list,https://github.com/hrbrmstr/cisa-known-exploited-vulns,['exploit'],1,2024-11-02T18:10:48+0000,10919,32,HTML,4,[]
JosephTLucas/CISA_KNOWN_EXPLOITED_VULNERABILITIES_CATALOG,Git Scraping project for CISA Known Exploited Vulnerability Catalog,https://github.com/JosephTLucas/CISA_KNOWN_EXPLOITED_VULNERABILITIES_CATALOG,['exploit'],1,2024-11-04T16:10:22+0000,3253,4,,2,[]
pmalmsten/tension-wrench,Tension Wrench is an interactive security brainstorming guide website that helps software engineers brainstorm things attackers might try to do to exploit a software system and ways to defend against them.,https://github.com/pmalmsten/tension-wrench,['exploit'],1,2024-11-04T03:50:29+0000,12977,3,TypeScript,0,[]
7Rocky/HackTheBox-scripts,Useful scripts to exploit Hack The Box retired machines/challenges,https://github.com/7Rocky/HackTheBox-scripts,['exploit'],1,2024-11-03T23:31:55+0000,679,34,Python,9,[]
yaklang/yakit,Cyber Security ALL-IN-ONE Platform,https://github.com/yaklang/yakit,['exploit'],1,2024-11-01T03:16:19+0000,74051,6609,TypeScript,828,[]
Dargonizer/Roblox,Mostly used for exploiting but sometimes just some other scripts or maybe a readme type thingy idk,https://github.com/Dargonizer/Roblox,['exploit'],1,2024-11-04T08:27:09+0000,162,0,Lua,0,[]
x0xr00t/Automated-MUlti-UAC-Bypass,Automated Multi UAC BYPASS for win10_win11_win12-pre-release_ws2019_ws2022,https://github.com/x0xr00t/Automated-MUlti-UAC-Bypass,['uac bypass'],1,2024-11-04T11:55:28+0000,345,421,PowerShell,71,[]
gmatuz/inthewilddb,Hourly updated database of exploit and exploitation reports,https://github.com/gmatuz/inthewilddb,['exploit'],1,2024-11-01T05:07:11+0000,3819,236,Python,18,[]
scmanjarrez/CVEScannerV2DB,NVD semiupdated database to be used with CVEScannerV2,https://github.com/scmanjarrez/CVEScannerV2DB,['cve-2 OR cve_2'],1,2024-11-01T03:14:36+0000,409,11,Python,7,[]
FFJ1/Roblox-Exploits,None,https://github.com/FFJ1/Roblox-Exploits,['exploit'],1,2024-11-02T09:25:41+0000,29529,1,Lua,5,[]
xsscx/windows,Welcome to Hoyt's Windows Fuzzing Repo,https://github.com/xsscx/windows,['exploit'],1,2024-11-04T11:50:07+0000,358,6,PowerShell,0,[]
minimike86/TwitchRCE,Twitch Chat Bot that allows viewers to run arbitrary code on a willing broadcasters machine,https://github.com/minimike86/TwitchRCE,['rce'],1,2024-11-03T03:47:44+0000,459,3,Python,0,[]
kamalmjt/emerging-attackers,"Emerging attacks is a blacklist of Malicious IPs that perform live attacks, the blacklist is updated every 24 hours. The blacklist includes any IP address that has performed port scans, brute force attacks, SQL injection attempts, LDAP, local or remote fil",https://github.com/kamalmjt/emerging-attackers,['exploit'],1,2024-11-02T00:04:55+0000,694,1,,0,[]
SleipnirGroup/Sleipnir,A linearity-exploiting sparse nonlinear constrained optimization problem solver that uses the interior-point method.,https://github.com/SleipnirGroup/Sleipnir,['exploit'],1,2024-11-02T21:39:46+0000,4361,45,C++,10,[]
jac11/LFI_Hunter,LFI Hunter is a command-line tool for testing and exploiting Local File Inclusion (LFI) vulnerabilities in web applications. This tool is designed to assist ethical hackers and security researchers in assessing web application security by exploiting file i,https://github.com/jac11/LFI_Hunter,['exploit'],1,2024-11-02T06:23:54+0000,1450,3,Python,0,[]
SolarDebris/aegis,"Automatic Exploitation Generator created with binaryninja, ROPgadget, pwntools, and angr",https://github.com/SolarDebris/aegis,['exploit'],1,2024-11-03T23:41:35+0000,6293,2,Python,2,[]
Rinzlller/python-sploits,None,https://github.com/Rinzlller/python-sploits,['sploit'],1,2024-11-03T18:58:23+0000,110,0,Python,0,[]
pcaversaccio/reentrancy-attacks,A chronological and (hopefully) complete list of reentrancy attacks to date.,https://github.com/pcaversaccio/reentrancy-attacks,['exploit'],1,2024-11-01T19:03:23+0000,167,1335,,147,[]
lactf/lactf-website,"LA CTF hosted by ACM Cyber & Psi Beta Rho! Website for the largest annual cybersecurity competition at UCLA! Whether you are tackling your first exploit or have professional experience, there will be challenges just right for you!",https://github.com/lactf/lactf-website,['exploit'],1,2024-11-03T09:15:56+0000,28188,11,JavaScript,4,[]
sari3l/Poc-Monitor,🔍 Github CVE POC 信息监控推送 🚀,https://github.com/sari3l/Poc-Monitor,['cve poc'],1,2024-11-02T05:10:32+0000,234815,270,Go,59,[]
xchg2pwn/ExploitDevelopment,Exploits for some windows binaries :),https://github.com/xchg2pwn/ExploitDevelopment,['exploit'],1,2024-11-03T20:46:21+0000,181144,43,Python,15,[]
doudoudedi/hackEmbedded,"This tool is used for backdoor,shellcode generation,Information retrieval and POC arrangement for various architecture devices",https://github.com/doudoudedi/hackEmbedded,"['cve poc', 'exploit', 'shellcode']",3,2024-11-01T15:14:53+0000,76073,176,Python,30,[]
Ostorlab/KEV,"Ostorlab KEV: One-command to detect most remotely known exploitable vulnerabilities. Sourced from CISA KEV, Google's Tsunami, Ostorlab's Asteroid and Bug Bounty programs.",https://github.com/Ostorlab/KEV,"['0day', 'exploit']",2,2024-11-02T01:52:52+0000,1837,536,,34,[]
sidhawkss/pwnchalls,Collections of memory corruption challenges with resolution exploits,https://github.com/sidhawkss/pwnchalls,['exploit'],1,2024-11-03T18:44:40+0000,2300,0,Python,0,[]
GamerHack/GamerHack.github.io,PS4 _ PS5 Jailbreak for all exploitable firmwares,https://github.com/GamerHack/GamerHack.github.io,['exploit'],1,2024-11-02T02:06:17+0000,36854,70,JavaScript,36,[]
vulncheck-oss/go-exploit,A Go-based Exploit Framework,https://github.com/vulncheck-oss/go-exploit,['exploit'],1,2024-11-03T00:31:52+0000,623,303,Go,29,[]
husseinmuhaisen/Hypervisor,"The most comprehensive resource for Virtualization with a focus on Cybersecurity, Learn, exploit, read, and create let's make the industry safer by sharing and learning.",https://github.com/husseinmuhaisen/Hypervisor,['exploit'],1,2024-11-02T06:36:08+0000,179,92,,4,[]
g3tsyst3m/asmgoodness,"asm programming projects, shellcode, etc",https://github.com/g3tsyst3m/asmgoodness,['shellcode'],1,2024-11-03T14:11:13+0000,7316,3,Assembly,0,[]
jrson83/savescum,"A command-line tool & webinterface, to efficiently save scum on an exploitable PS4/PS5.",https://github.com/jrson83/savescum,['exploit'],1,2024-11-04T04:56:40+0000,1801,2,TypeScript,0,[]
NobodyOffcal/vanguard-crash,valorant fortnite offsets csgo hack exploit free,https://github.com/NobodyOffcal/vanguard-crash,['exploit'],1,2024-11-03T17:24:20+0000,26415,4,C++,0,[]
TURROKS/CVE_Prioritizer,"Streamline vulnerability patching with CVSS, EPSS, and CISA's Known Exploited Vulnerabilities. Prioritize actions based on real-time threat information, gain a competitive advantage, and stay informed about the latest trends.",https://github.com/TURROKS/CVE_Prioritizer,['exploit'],1,2024-11-03T12:25:24+0000,7024,517,Python,67,[]
404tk/CVE-2022-46463,harbor unauthorized detection,https://github.com/404tk/CVE-2022-46463,['cve-2 OR cve_2'],1,2024-11-02T09:29:29+0000,13,22,Python,4,['CVE-2022-46463']
emo-crab/scap-rs,National Vulnerability Database (NVD) implemented by rust,https://github.com/emo-crab/scap-rs,['exploit'],1,2024-11-03T09:07:25+0000,7103,16,Rust,1,[]
OSUSecLab/RILDefender,RILDefender: An Android Mobile Privacy Protection Service Against SMS Exploits,https://github.com/OSUSecLab/RILDefender,['exploit'],1,2024-11-01T17:12:53+0000,3369,11,Java,6,[]
dadevel/mssql-spider,Automated exploitation of MSSQL servers at scale,https://github.com/dadevel/mssql-spider,['exploit'],1,2024-11-02T09:00:14+0000,555,81,Python,8,[]
AryanVBW/LinuxDroid,"The most powerful security toolkit for Android: without rooting your device. Run security tools like Nmap, Metasploit, and Wireshark on your Android device without voiding your warranty. Access a wide range of penetration testing tools and utilities, right",https://github.com/AryanVBW/LinuxDroid,['metasploit module OR payload'],1,2024-11-01T06:14:01+0000,228639,255,Shell,22,[]
unknownhad/CloudIntel,"This repo contains IOC, malware and malware analysis associated with Public cloud",https://github.com/unknownhad/CloudIntel,['exploit'],1,2024-11-04T11:45:46+0000,13051,244,,21,[]
peiqiF4ck/WebFrameworkTools-5.1-main,"本软件首先集成危害性较大框架和部分主流cms的rce(无需登录,或者登录绕过执行rce)和反序列化(利用链简单)。傻瓜式导入url即可实现批量getshell。批量自动化测试。例如:Thinkphp,Struts2,weblogic。出现的最新漏洞进行实时跟踪并且更新例如:log4jRCE,向日葵 禅道RCE 瑞友天翼应用虚拟化系统sql注入导致RCE大华智慧园区上传,金蝶云星空漏洞等等.    ",https://github.com/peiqiF4ck/WebFrameworkTools-5.1-main,['rce'],1,2024-11-01T08:33:51+0000,50330,190,C#,8,[]
naf419/tplink_deco_exploits,Exploits to bypass tplink deco device firmware signature checks,https://github.com/naf419/tplink_deco_exploits,['exploit'],1,2024-11-03T06:05:43+0000,46,4,Python,2,[]
adminlove520/Poc-Monitor_v1.0.1,威胁情报-漏洞存储库,https://github.com/adminlove520/Poc-Monitor_v1.0.1,"['cve poc', 'exploit']",2,2024-11-01T05:48:48+0000,258790,156,Go,21,[]
Chainski/ForceAdmin,Collection of script templates to create infinite UAC prompts forcing a user to run as admin ⚠,https://github.com/Chainski/ForceAdmin,['exploit'],1,2024-11-03T05:11:44+0000,128,91,AutoIt,13,[]
nxenon/h2spacex,HTTP/2 Single Packet Attack low Level Library / Tool based on Scapy‌ + Exploit Timing Attacks,https://github.com/nxenon/h2spacex,['exploit'],1,2024-11-03T13:49:05+0000,52,137,Python,8,[]
Diego-AltF4/CVE-2023-4911,Proof of concept for CVE-2023-4911 (Looney Tunables) discovered by Qualys Threat Research Unit ,https://github.com/Diego-AltF4/CVE-2023-4911,['cve-2 OR cve_2'],1,2024-11-03T18:00:40+0000,11,8,C,0,['CVE-2023-4911']
cultureelerfgoed/rce-thesauri-backup,Automatic thesauri backups from RCE PoolParty,https://github.com/cultureelerfgoed/rce-thesauri-backup,['rce'],1,2024-11-04T05:09:07+0000,487615,0,Python,0,[]
shaygitub/VulnDrvScan,this simple tool scans drivers for potential arbitrary writing vulnurabilities using their IAT. this tool was used as part of my windows rootkit to initially search for vulnurable drivers to exploit (before using CVE database),https://github.com/shaygitub/VulnDrvScan,['exploit'],1,2024-11-02T21:09:25+0000,26,3,C++,1,[]
sule01u/SBSCAN,SBSCAN是一款专注于spring框架的渗透测试工具，可以对指定站点进行springboot未授权扫描/敏感信息扫描以及进行spring框架漏洞扫描与验证的综合利用工具。      [SBSCAN is a penetration testing tool focused on the spring framework that can scan springboot sensitive information/unauthorized for specified sites and scan and v,https://github.com/sule01u/SBSCAN,"['cve poc', 'vulnerability poc']",2,2024-11-03T07:56:43+0000,150,524,Python,55,[]
neohiro/ExploitProtection,Windows Exploit Protection Settings (Ultimate),https://github.com/neohiro/ExploitProtection,['exploit'],1,2024-11-03T23:53:07+0000,792,56,PowerShell,7,[]
cerberauth/api-vulns-challenges,"Provide a collection of deliberately vulnerable APIs along with corresponding challenges to help enhancing their skills in identifying, exploiting, and securing API vulnerabilities.",https://github.com/cerberauth/api-vulns-challenges,['exploit'],1,2024-11-03T04:33:47+0000,5572,2,Go,0,[]
Diego-AltF4/writeups,Just some random CTF writeups and exploits I want to save.,https://github.com/Diego-AltF4/writeups,['exploit'],1,2024-11-03T17:56:57+0000,53998,0,Python,0,[]
synfinner/KEVin,The missing API for the CISA Known Exploited Vulnerabilities Catalog. This repository contains the source running at kevin.gtfkd.com,https://github.com/synfinner/KEVin,['exploit'],1,2024-11-04T12:33:59+0000,491,7,HTML,0,[]
lucagrippa/cisa-kev-archive,Storing historical snapshots of the CISA Known Exploited Vulnerabilities (KEV) list,https://github.com/lucagrippa/cisa-kev-archive,['exploit'],1,2024-11-03T23:32:20+0000,3934,0,,0,[]
TheRealXORA/Roblox,Roblox Exploiting Scripts,https://github.com/TheRealXORA/Roblox,['exploit'],1,2024-11-02T17:14:27+0000,3737,4,Lua,0,[]
penguinify/car-axle-client,"A bookmarklet menu/client/hub with bookmarklet hacks, exploits, games, scripts, and proxies. Unblocked, all in one place.",https://github.com/penguinify/car-axle-client,['exploit'],1,2024-11-04T02:21:36+0000,7662,78,TypeScript,95,[]
BenjiTrapp/cisa-known-vuln-scraper,Scraper for daily renewal of the Known Exploited Vulnerabilities Catalog by CISA,https://github.com/BenjiTrapp/cisa-known-vuln-scraper,['exploit'],1,2024-11-01T00:32:33+0000,2169302,5,Jupyter Notebook,1,[]
slammingprogramming/break-this-game,Unleash your inner hacker and unravel the secrets of 'Break this Game'! Engage in mind-bending exploits and clever coding maneuvers to defy the rules and triumph over obstacles. Master the art of righteous cheating to conquer this educational adventure.,https://github.com/slammingprogramming/break-this-game,['exploit'],1,2024-11-04T04:56:48+0000,23,0,C++,0,[]
S-PScripts/chromebook-utilities,"This repo has a collection of cheats, exploits, gxmes, hubs, movies, prxes and more!",https://github.com/S-PScripts/chromebook-utilities,['exploit'],1,2024-11-03T20:03:35+0000,1946,101,HTML,46,[]
chaumoon/Web-Exploitation,None,https://github.com/chaumoon/Web-Exploitation,['exploit'],1,2024-11-01T14:44:01+0000,87,0,,0,[]
ernestang98/exploits,None,https://github.com/ernestang98/exploits,['exploit'],1,2024-11-02T09:35:43+0000,161831,1,C++,1,[]
uumair327/guardiancare,"A Flutter-based cross-platform mobile application that provides resources, support to combat online sexual exploitation of children.",https://github.com/uumair327/guardiancare,['exploit'],1,2024-11-04T16:54:59+0000,68068,5,Dart,2,[]
justDarian/tools-and-exploits,erm what the flip guys,https://github.com/justDarian/tools-and-exploits,['exploit'],1,2024-11-02T15:29:40+0000,38,0,JavaScript,0,[]
Xewdy444/Netgrave,A tool for retrieving login credentials from Netwave IP cameras using a memory dump vulnerability (CVE-2018-17240),https://github.com/Xewdy444/Netgrave,['exploit'],1,2024-11-04T16:57:16+0000,156,3,Python,1,['CVE-2018-17240']
M3rcena/m3rcena-weky,None,https://github.com/M3rcena/m3rcena-weky,['rce'],1,2024-11-03T18:32:13+0000,823,2,TypeScript,4,[]
rockdonald2/rce-filesharer,A deliberately vulnerable file sharing application.,https://github.com/rockdonald2/rce-filesharer,['rce'],1,2024-11-03T11:02:40+0000,102,1,TypeScript,0,[]
x64-exploit0r/x64-exploit0r,Status,https://github.com/x64-exploit0r/x64-exploit0r,['exploit'],1,2024-11-01T18:10:31+0000,39,0,,0,[]
CGCL-codes/YiTu,"YiTu is an easy-to-use runtime to fully exploit the hybrid parallelism of different hardwares (e.g., GPU) to efficiently support the execution of various kinds of graph algorithms (e.g., GNNs).",https://github.com/CGCL-codes/YiTu,['exploit'],1,2024-11-01T10:36:55+0000,24318,351,Python,81,[]
sec-fortress/Exploits,None,https://github.com/sec-fortress/Exploits,['exploit'],1,2024-11-01T01:30:25+0000,985,1,PHP,0,[]
tomasmussi-mulesoft/activemq-cve-2023-46604,Repository to exploit CVE-2023-46604 reported for ActiveMQ,https://github.com/tomasmussi-mulesoft/activemq-cve-2023-46604,"['cve-2 OR cve_2', 'exploit']",2,2024-11-02T13:29:04+0000,14,0,Python,1,['CVE-2023-46604']
friuns2/BlackFriday-GPTs-Prompts,List of free GPTs that doesn't require plus subscription ,https://github.com/friuns2/BlackFriday-GPTs-Prompts,['exploit'],1,2024-11-03T22:55:12+0000,24951,5700,,875,[]
x7dbg/Notes,在科锐学习逆向工程和游戏外挂开发的笔记，大概内容为8086汇编，win32汇编，调试器原理，pe文件格式，32位64位反汇编，壳的原理，shellcode，x86/x64内核，游戏逆向找数据，调用游戏lua,https://github.com/x7dbg/Notes,['shellcode'],1,2024-11-03T04:39:54+0000,303981,118,,28,[]
nitzanoligo/CVE-2023-46604-demo,None,https://github.com/nitzanoligo/CVE-2023-46604-demo,['cve-2 OR cve_2'],1,2024-11-03T11:40:23+0000,13,0,,0,['CVE-2023-46604']
vulsio/vuls-data-raw-exploit-trickest,None,https://github.com/vulsio/vuls-data-raw-exploit-trickest,['exploit'],1,2024-11-04T00:16:44+0000,108322,0,,0,[]
vulsio/vuls-data-raw-exploit-inthewild,None,https://github.com/vulsio/vuls-data-raw-exploit-inthewild,['exploit'],1,2024-11-04T12:06:52+0000,28565,6,,2,[]
vulsio/vuls-data-raw-exploit-github,None,https://github.com/vulsio/vuls-data-raw-exploit-github,['exploit'],1,2024-11-01T00:17:12+0000,32567,1,,2,[]
liyansong2018/CVE-2024-32258,None,https://github.com/liyansong2018/CVE-2024-32258,['cve-2 OR cve_2'],1,2024-11-01T15:36:15+0000,9,1,,0,['CVE-2024-32258']
For-ACGN/Gleam-RT,A runtime that can hide instruction and memory data in the sleep time.,https://github.com/For-ACGN/Gleam-RT,['shellcode'],1,2024-11-01T12:54:32+0000,1950,6,C,1,[]
hackintoanetwork/PyZW-Exploit,Windows .pyzw Reverse Shell,https://github.com/hackintoanetwork/PyZW-Exploit,['exploit'],1,2024-11-01T01:36:42+0000,17,1,,0,[]
CamoCatX/camocatx.github.io,"The source code for Delete the Matrix blog - Exploiting, Experimenting, and Exploring the Universe",https://github.com/CamoCatX/camocatx.github.io,['exploit'],1,2024-11-01T14:45:49+0000,7994,1,SCSS,0,[]
For-ACGN/GRT-PELoader,A PE Loader that can hide instruction and memory data in the sleep time. ,https://github.com/For-ACGN/GRT-PELoader,['shellcode'],1,2024-11-01T09:58:56+0000,1374,1,C,0,[]
AethliosIK/reset-tolkien, Unsecure time-based secret exploitation and Sandwich attack implementation Resources ,https://github.com/AethliosIK/reset-tolkien,['exploit'],1,2024-11-01T17:59:44+0000,18282,113,Python,11,[]
R3CI/LimeV2-free,The BEST discord raid tool that is FREE atm,https://github.com/R3CI/LimeV2-free,['exploit'],1,2024-11-01T22:59:15+0000,145,32,Python,0,[]
nixpal/shellsilo,"SHELLSILO is a cutting-edge tool that translates C syntax into syscall assembly and its corresponding shellcode. It streamlines the process of constructing and utilizing structures, assigning variables, and making system calls. With this tool, integrating ",https://github.com/nixpal/shellsilo,['shellcode'],1,2024-11-02T20:43:29+0000,955,123,Python,12,[]
Jeetu855/Binary-Exploitation,None,https://github.com/Jeetu855/Binary-Exploitation,['exploit'],1,2024-11-04T11:26:47+0000,15034,1,Python,1,[]
venomsploit/authexp,auth keys of my exploit,https://github.com/venomsploit/authexp,['exploit'],1,2024-11-04T15:38:08+0000,22,0,,0,[]
0xwav/Buffer-Overflow-Exploit-Script,None,https://github.com/0xwav/Buffer-Overflow-Exploit-Script,['exploit'],1,2024-11-04T17:04:00+0000,4,0,Python,0,[]
wxrdnx/CVE-2023-38408,None,https://github.com/wxrdnx/CVE-2023-38408,['cve-2 OR cve_2'],1,2024-11-01T05:17:47+0000,7,0,,0,['CVE-2023-38408']
kmeps4/leefulpsfree,Modded Leeful v5 Exploit Host for PS4 9.00 Firmware using PSFree Webkit Exploit,https://github.com/kmeps4/leefulpsfree,['exploit'],1,2024-11-01T11:16:29+0000,532,9,JavaScript,1,[]
kmeps4/psfree900m,Kameleon Exploit Host for PS4 9.00 Firmware using PSFree Webkit Exploit Manual Hybrid,https://github.com/kmeps4/psfree900m,['exploit'],1,2024-11-01T11:12:40+0000,6255,7,JavaScript,2,[]
kmeps4/psfree900a,Kameleon Exploit Host for PS4 9.00 Firmware using PSFree Webkit Exploit,https://github.com/kmeps4/psfree900a,['exploit'],1,2024-11-01T11:11:43+0000,6016,2,JavaScript,1,[]
NekointheShell/exploits,None,https://github.com/NekointheShell/exploits,['exploit'],1,2024-11-04T04:14:02+0000,5,0,C,0,[]
ralvares/ssvc.me,Exploit & Vulnerability Intelligence Repository,https://github.com/ralvares/ssvc.me,['exploit'],1,2024-11-01T04:19:59+0000,46768,18,Python,2,[]
B6O6S/B6O6S-EXPLOIT,None,https://github.com/B6O6S/B6O6S-EXPLOIT,['exploit'],1,2024-11-04T09:29:17+0000,86,0,,0,[]
coinleft/ethernaut-challenges-with-foundry,Solutions and exploits for Ethernaut challenges implemented using Foundry,https://github.com/coinleft/ethernaut-challenges-with-foundry,['exploit'],1,2024-11-03T03:57:45+0000,41,0,Solidity,0,[]
synacktiv/octoscan,Octoscan is a static vulnerability scanner for GitHub action workflows.,https://github.com/synacktiv/octoscan,['exploit'],1,2024-11-04T17:21:35+0000,393,162,Go,10,[]
usman-174/rcea-app,None,https://github.com/usman-174/rcea-app,['rce'],1,2024-11-03T11:33:34+0000,1244,0,JavaScript,0,[]
heroesofcode/inject-sql,Command Line Tools to check for SQL Injection vulnerability.,https://github.com/heroesofcode/inject-sql,['command injection'],1,2024-11-01T03:02:09+0000,2208,1,Rust,0,[]
0x1iii1ii/PPPwn-Luckfox,PPPwn PS4 Exploit for Luckfox Pico Pro/Max/Plus/Mini,https://github.com/0x1iii1ii/PPPwn-Luckfox,['exploit'],1,2024-11-03T17:47:31+0000,5409,226,HTML,27,[]
friendlyanon/shellcodeish,"Gaining access to ntdll and kernel32 functions by navigating TEB, PEB and others on x86 and amd64 Windows",https://github.com/friendlyanon/shellcodeish,['shellcode'],1,2024-11-02T16:31:43+0000,25,1,Assembly,1,[]
Unknownproooolucky/Unknown-Hub-X-Universal-Games,New Repository of Hub Exploits,https://github.com/Unknownproooolucky/Unknown-Hub-X-Universal-Games,['exploit'],1,2024-11-04T05:11:48+0000,219,1,Lua,0,[]
0xMarcio/cve,Latest CVEs with their Proof of Concept exploits.,https://github.com/0xMarcio/cve,['exploit'],1,2024-11-04T00:47:58+0000,167435,11,Python,2,[]
fedebuonco/YAPPPWN,YAPPPWN is a Rust rewrite of the PPPWN Exploit by TheOfficialFloW.,https://github.com/fedebuonco/YAPPPWN,['exploit'],1,2024-11-02T12:24:06+0000,441,8,Rust,1,[]
n1h1lu5/exploit-chronicles,Showcasing interesting exploits that I either thought about or have seen in the wild,https://github.com/n1h1lu5/exploit-chronicles,['exploit'],1,2024-11-04T10:35:58+0000,1116,0,JavaScript,0,[]
Darksel0/ddos,None,https://github.com/Darksel0/ddos,['exploit'],1,2024-11-04T08:16:05+0000,208,6,HTML,2,[]
Pwnzer0tt1/exploitfarm,ExploitFarm is an attacker and flag submitter for A/D CTF competition created by Pwnzer0tt1,https://github.com/Pwnzer0tt1/exploitfarm,['exploit'],1,2024-11-03T18:52:09+0000,16924,9,TypeScript,1,[]
developeruche/cryptography-n-zk-research,"A Cryptography and Zero Knowledge Proof Research Repo Implementing Research papers, Cryptographic primitives, trying out imaginary exploits and so on. ",https://github.com/developeruche/cryptography-n-zk-research,['exploit'],1,2024-11-01T12:03:42+0000,1499,27,Rust,2,[]
adysec/nuclei_poc,Nuclei POC，每日更新 _ 自动整合全网Nuclei的漏洞POC，实时同步更新最新POC，保存已被删除的POC。通过批量克隆Github项目，获取Nuclei POC，并将POC按类别分类存放，使用Github Action实现（已有11wPOC，已校验有效性并去重）,https://github.com/adysec/nuclei_poc,['exploit'],1,2024-11-02T12:37:59+0000,187252,639,Python,215,[]
christian-cahig/CVE154_AY-2024-2025-S1,Various files for the CVE154 classes taught at MSU-IIT during A.Y. 2024-2025 S1,https://github.com/christian-cahig/CVE154_AY-2024-2025-S1,['cve-2 OR cve_2'],1,2024-11-03T02:05:50+0000,759,0,Jupyter Notebook,0,[]
ZeroDay-Alliance-SNU/website,The Website Of ZeroDay Alliance SNU,https://github.com/ZeroDay-Alliance-SNU/website,['zeroday'],1,2024-11-02T17:46:47+0000,10956,0,JavaScript,4,[]
JJoriping/tailwind-base,Let you exploit Tailwind in React more powerful,https://github.com/JJoriping/tailwind-base,['exploit'],1,2024-11-03T14:48:21+0000,1056,4,JavaScript,1,[]
DF1sh/TryHackMe-Rooms,Notes and Answers for some of the THM rooms,https://github.com/DF1sh/TryHackMe-Rooms,['exploit'],1,2024-11-01T19:48:24+0000,798,3,Python,0,[]
WHS-SEGFAULT/CVE-2021-39863,None,https://github.com/WHS-SEGFAULT/CVE-2021-39863,['cve-2 OR cve_2'],1,2024-11-03T15:56:46+0000,1039,0,JavaScript,0,['CVE-2021-39863']
lantetg/Apk-to-Png-Pdf,X1na Exploit Spoofer(Apk-to-Png),https://github.com/lantetg/Apk-to-Png-Pdf,['exploit'],1,2024-11-04T11:29:05+0000,18,3,,0,[]
logangoins/Cable,.NET post-exploitation toolkit for Active Directory reconnaissance and exploitation,https://github.com/logangoins/Cable,['exploit'],1,2024-11-01T19:26:45+0000,2068,71,C#,7,[]
ToolKitHub/rce-engine,Docker-based engine for executing untrusted code in isolated containers.,https://github.com/ToolKitHub/rce-engine,['rce'],1,2024-11-02T21:15:09+0000,116,1,Rust,0,[]
ToolKitHub/rce-runner,A command line application that reads code as a json payload from stdin – compiles and runs the code – and writes the result as json to stdout.,https://github.com/ToolKitHub/rce-runner,['rce'],1,2024-11-02T12:01:55+0000,54,1,Nix,0,[]
ProbiusOfficial/RCE-labs,【Hello-CTF labs】一个想帮你收集所有RCE技巧的靶场。,https://github.com/ProbiusOfficial/RCE-labs,['rce'],1,2024-11-02T22:31:04+0000,121,166,Hack,18,[]
CresencioShiro/CyberSecBot,"CyberSec is a type of cybersecurity bot that handles all known discord, community, and Personnel Spaces exploitation and raids. It features web virus detectors, phishing, or AATO (anti-account takeover), spam, doxxing, spyware, and etc. ",https://github.com/CresencioShiro/CyberSecBot,['exploit'],1,2024-11-02T09:17:56+0000,19409,2,C++,0,[]
VEN0MTOOLS/SILENT-DOC-EXPLOIT-2024,The exploit allows you to convert EXE to .DOC its coded 100% from scratch and used by private method to assure a great stability and lasting FUD time.,https://github.com/VEN0MTOOLS/SILENT-DOC-EXPLOIT-2024,['exploit'],1,2024-11-04T13:23:53+0000,15,0,,0,[]
VEN0MTOOLS/SILENT-PDF-EXPLOIT-2024,"You can convert any file to .PDF for get Fully Undetectable (FUD) results in Scantime and Runtime. In other words, with Silent PDF Exploit your file will be fully undetectable from proactive security software and antiviruses with PDF Exploit.",https://github.com/VEN0MTOOLS/SILENT-PDF-EXPLOIT-2024,['exploit'],1,2024-11-04T13:23:32+0000,18,1,,0,[]
atharimran728/DVWA-Pentest-report,"This repository contians the report of pentesting performed on a vulnerable web application named DVWA (Damn Vulnerability Web Application). This contains 16 vulnerabilites to exploit with level low to impossible in 4 steps, while this repository only repo",https://github.com/atharimran728/DVWA-Pentest-report,['exploit'],1,2024-11-01T20:04:48+0000,24693,0,,0,[]
Plumst-37/Testor,Testor es un framework diseñado para fines educativos que permite a usuarios con conocimientos básicos de seguridad informática crear backdoors en dispositivos Android y Windows utilizando Metasploit.,https://github.com/Plumst-37/Testor,['metasploit module OR payload'],1,2024-11-03T00:49:08+0000,156,1,Shell,0,[]
tomwechsler/Ethical_Hacking_and_Penetration_Testing,This repository is all about tips on ethical hacking and penetration testing!,https://github.com/tomwechsler/Ethical_Hacking_and_Penetration_Testing,['exploit'],1,2024-11-01T05:42:57+0000,1293,14,,4,[]
IDestrui/Kuruw-Exploit,None,https://github.com/IDestrui/Kuruw-Exploit,['exploit'],1,2024-11-04T17:56:43+0000,9,0,,0,[]
shanekhantaun9/win32-exploit-development,Personal CVEs exploit recreation for practicing win32 exploit development. ( not my own CVEs ),https://github.com/shanekhantaun9/win32-exploit-development,['exploit'],1,2024-11-04T06:38:38+0000,34279,0,Python,0,[]
PrajwalNa/Shellcode,x86/x64 shellcode examples,https://github.com/PrajwalNa/Shellcode,['shellcode'],1,2024-11-03T23:53:15+0000,24,0,Assembly,0,[]
Cx-Rubio/gbees-cuda,"Grid-based, Bayesian Estimation Exploiting Sparsity (GBEES) CUDA version",https://github.com/Cx-Rubio/gbees-cuda,['exploit'],1,2024-11-01T17:02:08+0000,305,0,Cuda,0,[]
aydexter/Exploit,None,https://github.com/aydexter/Exploit,['exploit'],1,2024-11-03T18:21:30+0000,40,0,,0,[]
eprei/42_ft_malcolm,Educational project implementing ARP spoofing for network security learning. Demonstrates Man-in-the-Middle attacks by exploiting ARP protocol vulnerabilities in IPv4 networks.,https://github.com/eprei/42_ft_malcolm,['exploit'],1,2024-11-03T12:46:29+0000,42,0,C,0,[]
rosstimo/RCET3371,None,https://github.com/rosstimo/RCET3371,['rce'],1,2024-11-02T13:53:18+0000,189,0,Visual Basic .NET,0,[]
Bugat4ta/SPooFZ,spoofs and protocol exploits,https://github.com/Bugat4ta/SPooFZ,['exploit'],1,2024-11-01T13:43:45+0000,25,0,Python,0,[]
Sasank123k/Crypto-Arbitrage-Bot,"Our project is to build a Crypto Arbitrage Bot that automatically detects price differences across cryptocurrency exchanges and executes trades to exploit these opportunities. The bot will provide real-time updates on arbitrage opportunities, trade executi",https://github.com/Sasank123k/Crypto-Arbitrage-Bot,['exploit'],1,2024-11-02T13:07:53+0000,6968,2,Python,1,[]
dbarbry/OverRide,👩‍💻 Cybersecurity project aiming to understand and exploit buffer overflows ⚔️,https://github.com/dbarbry/OverRide,['exploit'],1,2024-11-02T18:45:24+0000,202,1,C,0,[]
TaranyukK/heap_overflow,nan,https://github.com/TaranyukK/heap_overflow,['heap overflow'],1,2024-11-01T15:41:07+0000,490,0,Ruby,0,[]
Schwarzemann/RCE,OpenGL Ray Casting Engine,https://github.com/Schwarzemann/RCE,['rce'],1,2024-11-01T18:13:07+0000,3456,0,C++,0,[]
20142995/CNVD_crawler,None,https://github.com/20142995/CNVD_crawler,['cnvd-c OR cnvd-2 OR cnnvd-2'],1,2024-11-04T03:20:07+0000,463,1,Python,3,[]
ThemeHackers/CVE-2024-38063,CVE-2024-38063 is a critical security vulnerability in the Windows TCP/IP stack that allows for remote code execution (RCE),https://github.com/ThemeHackers/CVE-2024-38063,"['cve-2 OR cve_2', 'rce', 'remote code execution']",3,2024-11-02T09:01:42+0000,99,10,Python,2,['CVE-2024-38063']
shaddy43/BrowserSnatch,This project steals important data from all chromium and gecko browsers installed in the system and gather the data in a stealer db to be exfiltrated out. A powerful Browser Stealer,https://github.com/shaddy43/BrowserSnatch,['exploit'],1,2024-11-04T09:43:03+0000,20288,156,C,24,[]
H4shCod3r/WebDavExploit_POC,None,https://github.com/H4shCod3r/WebDavExploit_POC,['exploit'],1,2024-11-03T09:46:15+0000,29533,0,,0,[]
HdrLucie/rainfall,This project is an introduction to the exploitation of (elf-like) binary.,https://github.com/HdrLucie/rainfall,['exploit'],1,2024-11-02T16:54:04+0000,35,0,C,0,[]
TechSamQC/Lab2_SystemeExploitation,None,https://github.com/TechSamQC/Lab2_SystemeExploitation,['exploit'],1,2024-11-01T04:35:50+0000,30,0,C++,0,[]
scriptrblxs/RobloxExploits,None,https://github.com/scriptrblxs/RobloxExploits,['exploit'],1,2024-11-03T10:26:02+0000,231,0,Lua,1,[]
davychxn/EXPLOIT-WAV,None,https://github.com/davychxn/EXPLOIT-WAV,['exploit'],1,2024-11-02T03:49:02+0000,102,0,Python,0,[]
ItzMaro/Xeno,Xeno: An external script executor for Roblox made entirely in C++. It uses a working but semi-detected method of overwriting the bytecode of a corescript to manage script execution,https://github.com/ItzMaro/Xeno,['exploit'],1,2024-11-03T22:17:25+0000,2062,12,C++,2,[]
br2llc/basic-macs-exploit,None,https://github.com/br2llc/basic-macs-exploit,['exploit'],1,2024-11-02T17:49:43+0000,5,1,Python,0,[]
HackerCalico/RAT_Obfuscator,"Amazing Obfuscator; 支持混淆 ShellCode 甚至 EXE; Support obfuscating ShellCode, even EXE.",https://github.com/HackerCalico/RAT_Obfuscator,['shellcode'],1,2024-11-03T09:48:45+0000,470,23,Python,3,[]
gh057mz/Common-kExp-code-snippets,Windows kernel exploitation code snippets and techniques,https://github.com/gh057mz/Common-kExp-code-snippets,['exploit'],1,2024-11-02T07:30:57+0000,30,2,C,0,[]
MystersCat/Jpg-Png-Exploit-Slient-Builder-Exploit-Database-Cve-2023-Malware,"In the hushed galleries of the Silent JPG Exploit, a symphony shrouded in enigma unfurls—an opus named silent-jpg-exploit-2018—a title that reverberates through the annals of intrigue.",https://github.com/MystersCat/Jpg-Png-Exploit-Slient-Builder-Exploit-Database-Cve-2023-Malware,"['cve-2 OR cve_2', 'exploit']",2,2024-11-01T05:13:30+0000,924,0,C++,0,[]
MystersCat/HTA-Exploit,Microsoft Windows HTA (HTML Application) - Pinnacle of Remote Code Execution,https://github.com/MystersCat/HTA-Exploit,"['exploit', 'remote code execution']",2,2024-11-04T05:19:18+0000,689,0,C#,1,[]
MystersCat/PDF-FUD-Exploit,"A meticulous scrutiny of the Exploit PDFs innards exposes a network of malevolence, unveiling both the nefarious hyperlink and the URL that precipitates",https://github.com/MystersCat/PDF-FUD-Exploit,['exploit'],1,2024-11-03T05:51:22+0000,602,0,C++,0,[]
MystersCat/Discord-Image-Logger-Stealer,"Ephemeral discourse is embodied by the likes of Messenger Sessions, the digital portraits of Accounts, and the enigmatic Token",https://github.com/MystersCat/Discord-Image-Logger-Stealer,['exploit'],1,2024-11-02T05:08:12+0000,742,0,C#,0,[]
MystersCat/Slient-URL-Exploit,"URL Contamination Exploit Muted Java Drive-By downloads can transpire during the act of perusing a website, inaugurating an electronic mail communication.",https://github.com/MystersCat/Slient-URL-Exploit,['exploit'],1,2024-11-03T05:51:27+0000,1332,0,C#,1,[]
avirt1274/Exploit2,None,https://github.com/avirt1274/Exploit2,['exploit'],1,2024-11-02T21:55:30+0000,44,0,Python,0,[]
Lunartyx/Metasploit-Framework,None,https://github.com/Lunartyx/Metasploit-Framework,['metasploit module OR payload'],1,2024-11-03T16:06:39+0000,15,0,C,0,[]
Yeeb1/shelf,"The Shelf is a repository containing various tools, exploits, and scripts that I’ve gathered over the years. These are small but useful utilities for hacking, automation, and configurations that didn't justify their own repo but are too handy to lose. Usef",https://github.com/Yeeb1/shelf,['exploit'],1,2024-11-03T12:22:26+0000,676,26,Python,5,[]
EduConnect273/Chibi-Clash-Crypto-Bot-Crypto-Game-Auto-Farm-Clicker-Cheat-Token-Hack-Api,Bot that automates farming and clicker activities in Chibi Clash game. Features include crypto token integration and API support. Designed with cheats and hacks to optimize profits and enhance gameplay efficiency.,https://github.com/EduConnect273/Chibi-Clash-Crypto-Bot-Crypto-Game-Auto-Farm-Clicker-Cheat-Token-Hack-Api,['exploit'],1,2024-11-03T05:53:03+0000,637,0,C#,0,[]
AIFrontirs42/Pancake-Protectors-Crypto-Bot-Crypto-Game-Auto-Farm-Clicker-Cheat-Token-Hack-Api,Bot that automates farming and clicker activities in Pancake Protectors game. Includes crypto token integration and API support. Equipped with cheats and hacks to maximize profit and enhance gameplay efficiency. Managed via Telegram for optimal game manage,https://github.com/AIFrontirs42/Pancake-Protectors-Crypto-Bot-Crypto-Game-Auto-Farm-Clicker-Cheat-Token-Hack-Api,['exploit'],1,2024-11-01T04:55:10+0000,573,0,C#,0,[]
AIFrontirs42/LumiTerra-Crypto-Bot-Crypto-Game-Auto-Farm-Clicker-Cheat-Token-Hack-Api,Bot that automates farming and clicker activities in LumiTerra game. Includes crypto token integration and API support. Features cheats and hacks to maximize profit. Managed via Telegram for efficient game control.,https://github.com/AIFrontirs42/LumiTerra-Crypto-Bot-Crypto-Game-Auto-Farm-Clicker-Cheat-Token-Hack-Api,['exploit'],1,2024-11-03T05:49:04+0000,923,0,C#,0,[]
AIFrontirs42/Qorpo-World-Crypto-Bot-Crypto-Game-Auto-Farm-Clicker-Cheat-Token-Hack-Api,Bot that automates farming and clicker activities in Qorpo World game. Includes crypto token integration and API support. Features cheats and hacks to maximize profit and enhance gameplay efficiency. Includes Telegram support for effective management.,https://github.com/AIFrontirs42/Qorpo-World-Crypto-Bot-Crypto-Game-Auto-Farm-Clicker-Cheat-Token-Hack-Api,['exploit'],1,2024-11-02T05:00:12+0000,801,0,C#,0,[]
ArtFusion32/Brilliant-Crypto-Bot-Crypto-Game-Auto-Farm-Clicker-Cheat-Token-Hack-Api,Bot that automates farming and clicker activities in Brilliant Crypto game. Features include crypto token integration and API support. Designed with cheats and hacks to optimize profits and enhance gameplay efficiency.,https://github.com/ArtFusion32/Brilliant-Crypto-Bot-Crypto-Game-Auto-Farm-Clicker-Cheat-Token-Hack-Api,['exploit'],1,2024-11-01T04:58:47+0000,829,0,C#,0,[]
ArtFusion32/Chainmonsters-Crypto-Bot-Crypto-Game-Auto-Farm-Clicker-Cheat-Token-Hack-Api,Bot that automates farming and clicker activities in Chainmonsters game. Features include crypto token integration and API support. Equipped with cheats and hacks to maximize profits and enhance gameplay efficiency.,https://github.com/ArtFusion32/Chainmonsters-Crypto-Bot-Crypto-Game-Auto-Farm-Clicker-Cheat-Token-Hack-Api,['exploit'],1,2024-11-02T04:58:12+0000,843,0,C#,0,[]
EduConnect273/Common-Ground-World-Crypto-Bot-Crypto-Game-Auto-Farm-Clicker-Cheat-Api,Bot that automates farming and clicker activities in Common Ground World game. Includes crypto integration and API support. Features cheats to maximize profits and improve gameplay efficiency.,https://github.com/EduConnect273/Common-Ground-World-Crypto-Bot-Crypto-Game-Auto-Farm-Clicker-Cheat-Api,['exploit'],1,2024-11-03T05:52:29+0000,489,0,C#,0,[]
eschan145/DieKnow,"Bypass of DyKnow, the monitoring software used on school devices to monitor the hell out of them. Written in around 200 lines of C++ and Python. Use responsibly.",https://github.com/eschan145/DieKnow,['exploit'],1,2024-11-02T02:25:33+0000,5210,1,C++,0,[]
alex2276564/LeverLock,"A Minecraft plugin to prevent rapid lever toggling, reducing lag and preventing exploits. Highly configurable and compatible with AntiRedstoneClock-Remastered.",https://github.com/alex2276564/LeverLock,['exploit'],1,2024-11-01T09:59:46+0000,68,0,Java,0,[]
DharunThota/Command-Injection-Detector-python,None,https://github.com/DharunThota/Command-Injection-Detector-python,['command injection'],1,2024-11-01T04:55:30+0000,3,0,Python,0,[]
caiopyz/exploit-cmsp,script feito para ser executado no Tampermonkey,https://github.com/caiopyz/exploit-cmsp,['exploit'],1,2024-11-01T01:07:11+0000,46,0,JavaScript,0,[]
315732/automatic-palm-tree,"My notes provide a structured approach to solving cybersecurity challenges, focusing on a methodical breakdown of complex problems. They cover techniques such as vulnerability analysis, exploitation, reverse engineering, and secure coding practices.",https://github.com/315732/automatic-palm-tree,['exploit'],1,2024-11-03T20:10:00+0000,3603,0,,0,[]
websec/Vision-Helpdesk-Exploit,None,https://github.com/websec/Vision-Helpdesk-Exploit,['exploit'],1,2024-11-02T15:43:02+0000,40,0,Python,0,[]
pabes74/ContainerVulnerabilityScanner.POC,This repo is a proof of concept on how to use Syft and Grype to scan you containers and use a job to aggregate all results and display these in grafana.,https://github.com/pabes74/ContainerVulnerabilityScanner.POC,"['vuln poc', 'vulnerability poc']",2,2024-11-01T13:33:20+0000,391,0,C#,0,[]
ChaoticWagon/Llama3.2_CVE,None,https://github.com/ChaoticWagon/Llama3.2_CVE,['cve-2 OR cve_2'],1,2024-11-04T07:52:39+0000,355790,0,Python,0,[]
ExampleST/UAC-Bypass-FUD,"UAC bypass, Elevate, Persistence methods",https://github.com/ExampleST/UAC-Bypass-FUD,"['exploit', 'uac bypass']",2,2024-11-01T04:56:46+0000,430,5,C#,2,[]
BioInnovate14/Hamster-Hack-Game-Bot-Auto-Farm-Clicker-Crypto-Telegram-Api-Cheat,"Bot that mines coins in Hamster Kombat GNOME time tracker Running in your browser Kombat Key Generator Mini app GAME Telegram,max profit Clickergame keys daily cipher TapSwap Bot Calculator",https://github.com/BioInnovate14/Hamster-Hack-Game-Bot-Auto-Farm-Clicker-Crypto-Telegram-Api-Cheat,['exploit'],1,2024-11-02T04:50:02+0000,955,0,Python,0,[]
AIFrontiers92/Cyber-Finance-Game-Bot-Auto-Farm-Clicker-Crypto-CFI-Telegram-Hack-Cheat,"Bot that automates farming and clicker activities in Cyber Finance game. Features include crypto integration with CFI, Telegram support for management, and hacks and cheats to maximize profit. Designed for efficient gameplay and profit optimization.",https://github.com/AIFrontiers92/Cyber-Finance-Game-Bot-Auto-Farm-Clicker-Crypto-CFI-Telegram-Hack-Cheat,['exploit'],1,2024-11-03T05:50:47+0000,1034,0,Python,0,[]
InnovateX52/Galactic-Finance-GalFi-Crypto-Bot-Crypto-Game-Auto-Farm-Clicker-Cheat-Api,Bot that automates farming and clicker activities in Galactic Finance (GalFi) game. Features include crypto integration and API support. Equipped with cheats to maximize profit and enhance gameplay efficiency. Includes tools for managing the bot via Telegr,https://github.com/InnovateX52/Galactic-Finance-GalFi-Crypto-Bot-Crypto-Game-Auto-Farm-Clicker-Cheat-Api,['exploit'],1,2024-11-03T05:44:01+0000,800,0,C#,0,[]
InnovateX52/Fableborne-Crypto-Bot-Crypto-Game-Auto-Farm-Clicker-Cheat-Token-Hack-Api,Bot that automates farming and clicker activities in Fableborne game. Features include crypto token integration and API support. Equipped with cheats and hacks to optimize profits and enhance gameplay efficiency.,https://github.com/InnovateX52/Fableborne-Crypto-Bot-Crypto-Game-Auto-Farm-Clicker-Cheat-Token-Hack-Api,['exploit'],1,2024-11-01T04:58:23+0000,830,0,C#,0,[]
BioInnovate14/GasHero-Finance-Game-Bot-Auto-Farm-Clicker-Crypto-Blockchain-Hack-Cheat,Bot that automates farming and clicker activities in GasHero finance game. Includes crypto and blockchain integration with features for hacks and cheats to optimize profit and enhance gameplay efficiency.,https://github.com/BioInnovate14/GasHero-Finance-Game-Bot-Auto-Farm-Clicker-Crypto-Blockchain-Hack-Cheat,['exploit'],1,2024-11-02T05:00:11+0000,589,0,C++,0,[]
eduams/desafio-exploit,None,https://github.com/eduams/desafio-exploit,['exploit'],1,2024-11-01T18:53:08+0000,0,0,,0,[]
EcoVision24/The-Machines-Arena-Crypto-Bot-Crypto-Game-Auto-Farm-Clicker-Token-Api,Bot that automates farming and clicker activities in The Machines Arena game. Includes crypto token integration and API support. Designed to optimize profits and enhance gameplay efficiency. Telegram support available for effective game management.,https://github.com/EcoVision24/The-Machines-Arena-Crypto-Bot-Crypto-Game-Auto-Farm-Clicker-Token-Api,['exploit'],1,2024-11-04T04:56:30+0000,923,0,C#,0,[]
EcoVision24/Splinterlands-Crypto-Bot-Crypto-Game-Auto-Farm-Clicker-Cheat-Token-Hack-Api,Bot that automates farming and clicker activities in Splinterlands game. Includes crypto token integration and API support. Features cheats and hacks to optimize profits and enhance gameplay efficiency. Managed via Telegram for convenient control.,https://github.com/EcoVision24/Splinterlands-Crypto-Bot-Crypto-Game-Auto-Farm-Clicker-Cheat-Token-Hack-Api,['exploit'],1,2024-11-02T04:58:13+0000,832,0,C#,0,[]
SustainFuture13/Parallel-Life-Hack-Game-Bot-Auto-Farm-Clicker-Crypto-Energy-Api-Cheat,Bot that automates farming and clicker activities in Parallel Life game. Features include crypto energy integration and API support. Designed with hacks and cheats to maximize profits and enhance gameplay efficiency.,https://github.com/SustainFuture13/Parallel-Life-Hack-Game-Bot-Auto-Farm-Clicker-Crypto-Energy-Api-Cheat,['exploit'],1,2024-11-03T05:47:50+0000,723,0,C++,0,[]
SustainFuture13/PiggyPiggy-Hack-Game-Bot-Auto-Farm-Clicker-Crypto-Api-Cheat,Bot that automates farming and clicker activities in PiggyPiggy game. Features include crypto integration and API support. Equipped with hacks and cheats to maximize profits and enhance gameplay efficiency.,https://github.com/SustainFuture13/PiggyPiggy-Hack-Game-Bot-Auto-Farm-Clicker-Crypto-Api-Cheat,['exploit'],1,2024-11-01T04:55:51+0000,1086,0,Python,0,[]
CryptoThink54/Xborg-Game-Crypto-Bot-Auto-Farm-Clicker-Cheat-Api-Hack,Bot that automates farming and clicker activities in Xborg game. Includes crypto integration and API support. Designed with cheats and hacks to maximize profits and enhance gameplay efficiency.,https://github.com/CryptoThink54/Xborg-Game-Crypto-Bot-Auto-Farm-Clicker-Cheat-Api-Hack,['exploit'],1,2024-11-03T05:53:04+0000,814,0,C#,0,[]
CivicPulse32/Apeiron-Nft-Bot-Crypto-Cheat-Auto-Farm-Clicker-Game-Api-Hack,Bot that automates farming and clicker activities in Apeiron NFT game. Features include crypto integration and API support. Includes cheats and hacks to optimize profits and improve gameplay efficiency.,https://github.com/CivicPulse32/Apeiron-Nft-Bot-Crypto-Cheat-Auto-Farm-Clicker-Game-Api-Hack,['exploit'],1,2024-11-04T04:49:45+0000,831,0,C#,0,[]
CivicPulse32/Aavegotchi-Cheat-Crypto-Bot-Auto-Farm-Clicker-Game-Api-Hack,Bot that automates farming and clicker activities in Aavegotchi game. Features include crypto integration and API support. Equipped with cheats and hacks to optimize profits and enhance gameplay efficiency.,https://github.com/CivicPulse32/Aavegotchi-Cheat-Crypto-Bot-Auto-Farm-Clicker-Game-Api-Hack,['exploit'],1,2024-11-03T05:50:53+0000,869,0,C#,0,[]
SustainFuture75/The-Sandbox-Crypto-Bot-Crypto-Game-Auto-Farm-Clicker-Cheat-Token-Hack-Api,Bot that automates farming and clicker activities in The Sandbox game. Includes crypto token integration and API support. Features hacks and cheats to maximize profit and enhance gameplay efficiency. Managed via Telegram for optimal control.,https://github.com/SustainFuture75/The-Sandbox-Crypto-Bot-Crypto-Game-Auto-Farm-Clicker-Cheat-Token-Hack-Api,['exploit'],1,2024-11-03T05:52:56+0000,594,0,C#,0,[]
CryptoThink54/Tomarket-Hack-Game-Bot-Auto-Farm-Clicker-Crypto-Telegram-Api-Cheat,"Bot that automates farming and clicker activities in Tomarket game. Features include crypto integration, Telegram support, and API tools. Equipped with cheats and hacks to maximize profits and enhance gameplay efficiency.",https://github.com/CryptoThink54/Tomarket-Hack-Game-Bot-Auto-Farm-Clicker-Crypto-Telegram-Api-Cheat,['exploit'],1,2024-11-04T04:58:44+0000,1054,0,Shell,0,[]
SustainFuture75/Wild-Forest-Crypto-Bot-Crypto-Game-Auto-Farm-Clicker-Cheat-Token-Hack-Api,Bot that automates farming and clicker activities in Wild Forest game. Includes crypto token integration and API support. Features cheats and hacks to maximize profit and enhance gameplay efficiency. Managed via Telegram for effective game management.,https://github.com/SustainFuture75/Wild-Forest-Crypto-Bot-Crypto-Game-Auto-Farm-Clicker-Cheat-Token-Hack-Api,['exploit'],1,2024-11-02T04:59:45+0000,720,0,C#,0,[]
anonymousarmy007/Lunar-Executor,"Lunar Executor is a tool for executing custom scripts within Roblox, providing users with the ability to exploit and modify game features.",https://github.com/anonymousarmy007/Lunar-Executor,['exploit'],1,2024-11-01T04:22:39+0000,85,0,Lua,0,[]
AntonioCampus/winDriverExploitation,None,https://github.com/AntonioCampus/winDriverExploitation,['exploit'],1,2024-11-01T19:25:26+0000,883,0,C,0,[]
bigbadcyborg/reverse-shell,Obfuscated reverse-shell shellcode aimed to bypass signature-based antivirus,https://github.com/bigbadcyborg/reverse-shell,['shellcode'],1,2024-11-03T03:57:44+0000,2641,1,C,0,[]
tequilasunsh1ne/paloalto_auth_rce,None,https://github.com/tequilasunsh1ne/paloalto_auth_rce,['rce'],1,2024-11-01T08:59:04+0000,5,0,,0,[]
TechSpherei3/BoomLand-io-Bot-Crypto-Game-Auto-Farm-Clicker-Cheat-Api-Hack,Bot that automates farming and clicker activities in BoomLand.io game. Includes crypto integration and API support. Equipped with cheats and hacks to maximize profits and enhance gameplay efficiency.,https://github.com/TechSpherei3/BoomLand-io-Bot-Crypto-Game-Auto-Farm-Clicker-Cheat-Api-Hack,['exploit'],1,2024-11-04T04:59:13+0000,972,0,C#,0,[]
TechSpherei3/Axie-Infinity-Bot-Crypto-Cheat-Auto-Farm-Clicker-Game-Api-Hack,Bot that automates farming and clicker activities in Axie Infinity game. Features include crypto integration and API support. Designed with cheats and hacks to maximize profits and enhance gameplay efficiency.,https://github.com/TechSpherei3/Axie-Infinity-Bot-Crypto-Cheat-Auto-Farm-Clicker-Game-Api-Hack,['exploit'],1,2024-11-03T05:47:53+0000,895,0,C#,1,[]
GreenWaven3/Seekers-of-Tokane-Cheat-Crypto-Bot-Auto-Farm-Clicker-Game-Api-Hack,Bot that automates farming and clicker activities in Seekers of Tokane game. Includes features for crypto integration and API support. Designed with cheats and hacks to optimize profits and improve gameplay efficiency.,https://github.com/GreenWaven3/Seekers-of-Tokane-Cheat-Crypto-Bot-Auto-Farm-Clicker-Game-Api-Hack,['exploit'],1,2024-11-03T05:53:35+0000,1918,0,C#,0,[]
GreenWaven3/Super-Champs-Game-Crypto-Bot-Auto-Farm-Clicker-Cheat-Api-Hack,Bot that automates farming and clicker activities in Super Champs game. Includes crypto integration and API support. Features cheats and hacks to maximize profits and enhance gameplay efficiency.,https://github.com/GreenWaven3/Super-Champs-Game-Crypto-Bot-Auto-Farm-Clicker-Cheat-Api-Hack,['exploit'],1,2024-11-03T05:43:07+0000,1783,0,C#,0,[]
EcoVision51/Heroes-of-Mavia-Hack-Game-Bot-Auto-Farm-Clicker-Crypto-Token-Api-Cheat,Bot that automates farming and clicker activities in Heroes of Mavia game. Features include crypto token integration and API support. Designed for hacks and cheats to maximize profits and enhance gameplay.,https://github.com/EcoVision51/Heroes-of-Mavia-Hack-Game-Bot-Auto-Farm-Clicker-Crypto-Token-Api-Cheat,['exploit'],1,2024-11-01T04:58:24+0000,575,0,C++,0,[]
EcoVision51/Legends-of-Elumia-Hack-Game-Bot-Auto-Farm-Clicker-Crypto-Elumia-Api-Cheat,Bot that automates farming and clicker activities in Legends of Elumia game. Includes integration with Elumia crypto and API support. Features hacks and cheats to optimize profit and enhance gameplay efficiency.,https://github.com/EcoVision51/Legends-of-Elumia-Hack-Game-Bot-Auto-Farm-Clicker-Crypto-Elumia-Api-Cheat,['exploit'],1,2024-11-02T04:57:06+0000,591,0,C++,0,[]
smidolt/CodeExploit,EDUCATION ONLY! ,https://github.com/smidolt/CodeExploit,['exploit'],1,2024-11-03T15:04:00+0000,26,0,Solidity,0,[]
InnovateY1/Catizen-Mini-Game-Bot-Auto-Farm-Clicker-Crypto-Blockchain-Hack-Cheat,Bot that automates farming and clicker activities in Catizen mini-game. Includes features for crypto integration and blockchain technology. The bot supports hacks and cheats to optimize profit and enhance gameplay efficiency.,https://github.com/InnovateY1/Catizen-Mini-Game-Bot-Auto-Farm-Clicker-Crypto-Blockchain-Hack-Cheat,['exploit'],1,2024-11-04T04:57:41+0000,1051,2,Python,0,[]
rix4uni/cvemapping,This repo Gathers all available cve exploits from github.⚠️ Be careful Malware.,https://github.com/rix4uni/cvemapping,['exploit'],1,2024-11-04T16:43:51+0000,100783,3,Python,0,[]
Harisqaisrani/sploitsec,Sploitsec website created by AI and obviously my development knowledge. It was developed in 2020 since so no support available form me!,https://github.com/Harisqaisrani/sploitsec,['sploit'],1,2024-11-03T20:52:13+0000,6,0,,0,[]
cookepm/elo-grad,Extended Elo rating system implementation exploiting the equivalence with logistic regression.,https://github.com/cookepm/elo-grad,['exploit'],1,2024-11-03T16:14:58+0000,879,0,Python,0,[]
AIFrontiers92/Dogs-House-Game-Bot-Auto-Trading-Clicker-Crypto-Exchange-Telegram-Hack-Cheat,Bot that automates trading and clicker activities in Dogs House game. Includes crypto exchange integration and Telegram support for management. Features hacks and cheats to enhance trading efficiency and maximize profits.,https://github.com/AIFrontiers92/Dogs-House-Game-Bot-Auto-Trading-Clicker-Crypto-Exchange-Telegram-Hack-Cheat,['exploit'],1,2024-11-02T04:51:33+0000,773,0,C#,0,[]
worakom99/Carbon-Executor,"Carbon Executor is a state-of-the-art Roblox exploit that offers unmatched performance and security, boasting 90% UNC support and Level 8 execution capabilities. Compatible with Windows 7 through 11, it empowers users to unlock the full potential of Roblox",https://github.com/worakom99/Carbon-Executor,['exploit'],1,2024-11-01T04:53:03+0000,920,0,C++,0,[]
coaalaas24aphmua/Roblox-Bunni-Executor,"Bunni is a premier Roblox exploiting platform, renowned for its cutting-edge tools, rapid updates, and robust support. Developed by experienced professionals, it ensures maximum efficiency, security, and a seamless user experience with features like HWID s",https://github.com/coaalaas24aphmua/Roblox-Bunni-Executor,['exploit'],1,2024-11-01T04:53:03+0000,190,0,C#,0,[]
JJGamerz123/Roblox-Nihon,"Nihon is a leading Roblox exploit founded in 2020, known for its intuitive user interface, robust features, and exceptional performance. Developed by top industry professionals, it offers enhanced security, customization options, and a globally trusted ser",https://github.com/JJGamerz123/Roblox-Nihon,['exploit'],1,2024-11-02T05:09:50+0000,749,0,C++,0,[]
jaydenth/Roblox-Synapse,"Roblox Synapse Executor is a top-tier script execution tool for Roblox, valued for its advanced features and stability, enabling seamless Lua scripting for game modifications and customization.",https://github.com/jaydenth/Roblox-Synapse,['exploit'],1,2024-11-04T04:58:30+0000,458,15,Luau,0,[]
Ardev19/JJsploit,"JJSploit, now available for free, is a widely-used Roblox exploit favored for its simplicity and accessibility. With the ability to execute Lua scripts, it enables users to customize their gaming experience, though users should remain vigilant about potent",https://github.com/Ardev19/JJsploit,['exploit'],1,2024-11-02T05:09:43+0000,308,0,Lua,0,[]
mdbyjidhasan1243/KRNL-Executor,"The legendary KRNL executor is a highly regarded tool for Roblox on Windows, known for its reliability and efficiency in running Lua scripts, allowing users to access advanced game modifications and exploits for an enhanced gaming experience.",https://github.com/mdbyjidhasan1243/KRNL-Executor,['exploit'],1,2024-11-01T04:52:47+0000,12,15,JavaScript,0,[]
elmaspapuxdxd/Roblox-Vega,"VegaX is a powerful Windows PC executor for Roblox, designed to run Lua scripts efficiently, enabling users to unlock advanced game modifications and enhance their overall gameplay experience.",https://github.com/elmaspapuxdxd/Roblox-Vega,['exploit'],1,2024-11-04T04:58:22+0000,438,0,Luau,0,[]
Hades-66/Roblox-Cryptic-Executor,"Cryptic is a top-tier exploit with a 98% UNC and Level 7 power, making it perfect for unlocking new possibilities in Roblox. Even though itâ€™s new, it's already becoming popular for its smooth performance and exciting features that are easy to use for all",https://github.com/Hades-66/Roblox-Cryptic-Executor,['exploit'],1,2024-11-03T05:34:21+0000,85,0,Lua,0,[]
phzcapudos/Celex-Executor,"Celex Executor is an external Windows-based script execution tool for Roblox, allowing users to run custom scripts and modify game mechanics for enhanced gameplay and exploits.",https://github.com/phzcapudos/Celex-Executor,['exploit'],1,2024-11-01T04:52:30+0000,85,0,Lua,0,[]
LLMnM/Roblox-Frostware,"FrostWare Executor is a sophisticated script execution tool for Roblox, designed to allow users to run custom scripts and alter game mechanics, providing a wide range of exploits and enhancements for an enhanced gaming experience.",https://github.com/LLMnM/Roblox-Frostware,['exploit'],1,2024-11-04T04:58:15+0000,85,0,Lua,0,[]
TanjiroGoiaba/Lunar-Executor,"Lunar Executor is a tool for executing custom scripts within Roblox, providing users with the ability to exploit and modify game features.",https://github.com/TanjiroGoiaba/Lunar-Executor,['exploit'],1,2024-11-02T05:09:24+0000,85,0,Lua,0,[]
DocktorWindows/Roblox-Horizon,"Roblox Horizon Executor is a third-party script execution tool designed for the Roblox platform, allowing users to run custom scripts and exploit game mechanics.",https://github.com/DocktorWindows/Roblox-Horizon,['exploit'],1,2024-11-03T05:34:16+0000,111,0,Lua,0,[]
abdullahpro123/Roblox-Incognito,"Incognito is a Roblox script executor known for its user-friendly interface and support for executing Lua scripts, providing enhanced gameplay and automation features. Regular updates ensure compatibility with Roblox's latest changes, though using it risks",https://github.com/abdullahpro123/Roblox-Incognito,['exploit'],1,2024-11-02T05:09:23+0000,600,0,HTML,0,[]
SameBoadys/PROOFCORE-Dayz-Cheat-Hack-Aimbot-Esp-Exploit-Magic-Bullet-Spoofer-Misc,"A project that offers cheats developed with C++ for DayZ. It aims to improve the game experience with features such as Aimbot, ESP, Spoof.",https://github.com/SameBoadys/PROOFCORE-Dayz-Cheat-Hack-Aimbot-Esp-Exploit-Magic-Bullet-Spoofer-Misc,['exploit'],1,2024-11-01T04:51:26+0000,319,0,C++,0,[]
tyoxlx/Roblox-Synapse,"Roblox Synapse Executor is a top-tier script execution tool for Roblox, valued for its advanced features and stability, enabling seamless Lua scripting for game modifications and customization.",https://github.com/tyoxlx/Roblox-Synapse,['exploit'],1,2024-11-04T04:58:08+0000,457,14,Luau,0,[]
SNjserge/JJsploit,"JJSploit, now available for free, is a widely-used Roblox exploit favored for its simplicity and accessibility. With the ability to execute Lua scripts, it enables users to customize their gaming experience, though users should remain vigilant about potent",https://github.com/SNjserge/JJsploit,['exploit'],1,2024-11-02T05:09:19+0000,308,12,Lua,0,[]
Vincent123x2/Scriptware-Executer,Scriptware-Executer is a powerful tool designed for automating scripts and executing them efficiently. It offers a user-friendly interface and robust features for streamlining various tasks.,https://github.com/Vincent123x2/Scriptware-Executer,['exploit'],1,2024-11-01T04:53:32+0000,70,0,TypeScript,0,[]
l1active70/Roblox-Incognito,A fun and thrilling project where players can explore a virtual world incognito while undertaking unique challenges and missions. Join forces with friends or go solo in this immersive gaming experience where secrecy and strategy are key to success.,https://github.com/l1active70/Roblox-Incognito,['exploit'],1,2024-11-03T05:35:04+0000,594,0,HTML,0,[]
Thiagoal610/Carbon-Executor,"Carbon Executor is a state-of-the-art Roblox exploit that offers unmatched performance and security, boasting 90% UNC support and Level 8 execution capabilities. Compatible with Windows 7 through 11, it empowers users to unlock the full potential of Roblox",https://github.com/Thiagoal610/Carbon-Executor,['exploit'],1,2024-11-03T05:34:59+0000,920,0,C++,0,[]
lohan201/JJsploit,"JJSploit, now available for free, is a widely-used Roblox exploit favored for its simplicity and accessibility. With the ability to execute Lua scripts, it enables users to customize their gaming experience, though users should remain vigilant about potent",https://github.com/lohan201/JJsploit,['exploit'],1,2024-11-03T05:34:56+0000,308,0,Lua,0,[]
Kubusususuau/Scriptware-Executer,"Roblox Scriptware Executor. Transforming Ideas into Reality. At Script-Ware, we develop software experiences that push the boundaries of what's typical.",https://github.com/Kubusususuau/Scriptware-Executer,['exploit'],1,2024-11-01T04:53:21+0000,2166,0,TypeScript,0,[]
Galeax/CVE2CAPEC,"Generate a MITRE ATT&CK Navigator based on a list of CVEs. Database with CVE, CWE, CAPEC, and MITRE ATT&CK Techniques data is updated daily.",https://github.com/Galeax/CVE2CAPEC,['cve-2 OR cve_2'],1,2024-11-04T01:56:28+0000,31508,20,Python,4,[]
pokebkr2467/Roblox-Incognito,"Incognito is a Roblox script executor known for its user-friendly interface and support for executing Lua scripts, providing enhanced gameplay and automation features. Regular updates ensure compatibility with Roblox's latest changes, though using it risks",https://github.com/pokebkr2467/Roblox-Incognito,['exploit'],1,2024-11-01T04:53:21+0000,599,0,HTML,0,[]
S1TOSKI/FiveM-External-Cheat,"FiveM External Cheat is an external hack tool for FiveM that includes aimbot, ESP, Teleport, Exploit, and other features all managed through the ImGui interface.",https://github.com/S1TOSKI/FiveM-External-Cheat,['exploit'],1,2024-11-04T04:54:38+0000,22813,1,C,0,[]
Tukashix/FiveM-External-Cheat-KeyAuth-System,"FiveM External cheat, offers various features like aimbot, triggerbot, exploits, and customizable settings, enhancing the gameplay experience. It includes a KeyAuth system for additional security and user management. The cheat is designed to be undetectabl",https://github.com/Tukashix/FiveM-External-Cheat-KeyAuth-System,['exploit'],1,2024-11-03T05:47:58+0000,9855,0,C,0,[]
Tukashix/FiveM-External-Cheat,"FiveM External cheat, offers various features like aimbot, triggerbot, exploits, and customizable settings, enhancing the gameplay experience. It is completely undetectable.",https://github.com/Tukashix/FiveM-External-Cheat,['exploit'],1,2024-11-02T04:49:37+0000,4481,0,C++,0,[]
akiralabtech/ZeroDay.moscow,nan,https://github.com/akiralabtech/ZeroDay.moscow,['zeroday'],1,2024-11-01T05:07:29+0000,466,0,HTML,0,[]
TaldoRafa/rcecad_user_management,None,https://github.com/TaldoRafa/rcecad_user_management,['rce'],1,2024-11-02T00:45:17+0000,30,0,Java,0,[]
IbimsLucas/Scriptware-Executer,"Roblox Scriptware Executor. Transforming Ideas into Reality. At Script-Ware, we develop software experiences that push the boundaries of what's typical.",https://github.com/IbimsLucas/Scriptware-Executer,['exploit'],1,2024-11-04T04:58:46+0000,2166,0,TypeScript,0,[]
aymane611/Roblox-Synapse,"Roblox-Synapse is a powerful scripting tool designed for automating tasks and enhancing gameplay within the Roblox platform. With its advanced features and user-friendly interface, it offers scripters and developers a seamless experience for creating engag",https://github.com/aymane611/Roblox-Synapse,['exploit'],1,2024-11-02T05:09:56+0000,296,0,Luau,0,[]
Loudyyyyy/Scriptware,Scriptware is a powerful scripting tool that streamlines the process of writing and executing scripts in various programming languages. It offers a user-friendly interface and advanced features for improved code efficiency.,https://github.com/Loudyyyyy/Scriptware,['exploit'],1,2024-11-01T04:53:09+0000,70,0,TypeScript,0,[]
shot77/KRNL-Executor,"KRNL-Executor is a powerful Lua executor for Roblox game exploits. It offers a wide range of features, including script execution, custom UI, and game manipulation capabilities.",https://github.com/shot77/KRNL-Executor,['exploit'],1,2024-11-03T05:34:46+0000,4,0,JavaScript,0,[]
Kaiwhat/Exploit_market,Creating an MVC application using NODEjs and MariaDB,https://github.com/Kaiwhat/Exploit_market,['exploit'],1,2024-11-04T06:55:06+0000,249,0,EJS,0,[]
kushjasrapuria/Linux-Heap-Exploitation,Solutions of exercises from Linux Heap Exploitation courses by Max Kamper,https://github.com/kushjasrapuria/Linux-Heap-Exploitation,['exploit'],1,2024-11-01T14:12:50+0000,22,0,Python,0,[]
N0culus/metasploitable,Première énumération de Vulnérabilité : Métasploitable,https://github.com/N0culus/metasploitable,['metasploit module OR payload'],1,2024-11-02T09:53:37+0000,10,0,,0,[]
m3ssap0/wordpress-jetpack-broken-access-control-vulnerable-application,WARNING: This is a vulnerable application to test the exploit for the Jetpack < 13.9.1 broken access control (CVE-2024-9926). Run it at your own risk!,https://github.com/m3ssap0/wordpress-jetpack-broken-access-control-vulnerable-application,['exploit'],1,2024-11-01T18:55:00+0000,15,1,Dockerfile,0,['CVE-2024-9926']
4l3xBB/Exploits,Offensive Exploits related to Pentesting and Read Teaming,https://github.com/4l3xBB/Exploits,['exploit'],1,2024-11-01T18:28:03+0000,775,0,Python,0,[]
PriscilaPinto/buffer_overflow_project,Este é um repositório de um projeto de desafio onde alteramos um payload de um exploit conhecido.,https://github.com/PriscilaPinto/buffer_overflow_project,['exploit'],1,2024-11-01T19:00:58+0000,25,0,C,0,[]
ihebWer/SecuExploitation,None,https://github.com/ihebWer/SecuExploitation,['exploit'],1,2024-11-01T18:54:33+0000,13,0,Python,0,[]
EQSTLab/CVE-2024-46538,Proof-of-Concept for CVE-2024-46538,https://github.com/EQSTLab/CVE-2024-46538,"['cve-2 OR cve_2', 'exploit', 'vulnerability poc']",3,2024-11-04T06:30:35+0000,500,31,Python,8,['CVE-2024-46538']
Reflesh/Wargame_Exploit_code,None,https://github.com/Reflesh/Wargame_Exploit_code,['exploit'],1,2024-11-04T08:59:29+0000,17,0,Python,0,[]
useclassplay/useclassplay.github.io,"A website made by Classboard Industries. This website has amazing games, apps, exploits, and more!",https://github.com/useclassplay/useclassplay.github.io,['exploit'],1,2024-11-01T15:41:45+0000,102705,0,HTML,0,[]
blakebrandon-hub/Heap-Overflow,nan,https://github.com/blakebrandon-hub/Heap-Overflow,['heap overflow'],1,2024-11-03T13:18:02+0000,116,0,CSS,0,[]
GrandTheBest/TeleSploit,TeleSploit - a utility for advanced interaction with Telegram,https://github.com/GrandTheBest/TeleSploit,['sploit'],1,2024-11-04T04:00:57+0000,23983,2,Python,0,[]
Danielmakha/ETH-MEV-BOT,"Automated bot designed to exploit MEV opportunities in Ethereum transactions, using advanced algorithms and strategies to maximize profits and minimize risks. Developed by a team of blockchain experts with a focus on efficiency, transparency, and cutting-e",https://github.com/Danielmakha/ETH-MEV-BOT,['exploit'],1,2024-11-02T05:10:30+0000,982,1,C++,0,[]
Ndez-afk/WarpSPloit,None,https://github.com/Ndez-afk/WarpSPloit,['sploit'],1,2024-11-01T15:54:54+0000,14071,0,,0,[]
ucsb-seclab/CVEX,CVEX is a framework for the reproducible exploitation of CVE vulnerabilities,https://github.com/ucsb-seclab/CVEX,['exploit'],1,2024-11-04T16:17:03+0000,50869,1,Python,5,[]
foorw1nner/routerwcd,Exploiting static directory cache rules,https://github.com/foorw1nner/routerwcd,['exploit'],1,2024-11-03T23:31:24+0000,53,7,Shell,0,[]
PlutoSploit/PlutoSploit,An External Roblox Executor in c++ in simple format and readable code ,https://github.com/PlutoSploit/PlutoSploit,['sploit'],1,2024-11-01T10:48:25+0000,1942,0,C++,0,[]
sparrow-labz/CVE-2020-11179-Adreno-Qualcomm-GPU,"Productization efforts of CVE-2020-11179 Adreno-Qualcomm-GPU bug, original poc by Ben Hawkes of P0",https://github.com/sparrow-labz/CVE-2020-11179-Adreno-Qualcomm-GPU,"['cve poc', 'cve-2 OR cve_2']",2,2024-11-02T23:24:28+0000,53,0,C,0,['CVE-2020-11179']
jker768/Deadlock-External-Cheat,"ðŸ”± Deadlock: Wallhack, AimBot, AimBot Soul, RCS, Radar",https://github.com/jker768/Deadlock-External-Cheat,['exploit'],1,2024-11-04T05:00:32+0000,997,1,C++,0,[]
rootnlo0t/exploit,xxxxxx,https://github.com/rootnlo0t/exploit,['exploit'],1,2024-11-02T09:06:33+0000,30,0,,0,[]
bimoso/Bypass-Exploits,None,https://github.com/bimoso/Bypass-Exploits,['exploit'],1,2024-11-02T10:21:52+0000,5946,0,C#,0,[]
hatvix1/CVE-2024-28987,None,https://github.com/hatvix1/CVE-2024-28987,['cve-2 OR cve_2'],1,2024-11-01T12:59:51+0000,4,2,,0,['CVE-2024-28987']
hatvix1/CVE-2024-23113,CVE-2024-23113-Private-POC,https://github.com/hatvix1/CVE-2024-23113,"['cve poc', 'cve-2 OR cve_2']",2,2024-11-03T12:28:59+0000,9,0,,0,['CVE-2024-23113']
ahmedobied/python-exploits,"Collection of proof-of-concept exploits written in Python that target vulnerabilities in Internet Explorer, Adobe Reader and Acrobat, Safari, and Opera.",https://github.com/ahmedobied/python-exploits,['exploit'],1,2024-11-01T11:07:52+0000,43,0,Python,0,[]
cheffloppa1/Shellcode-injection-into-a-process,None,https://github.com/cheffloppa1/Shellcode-injection-into-a-process,['shellcode'],1,2024-11-04T15:21:17+0000,5,0,C,0,[]
zgimszhd61/CVE-PoC-ThreatHub,"CVE-PoC-ThreatHub is an open-source repository providing threat intelligence on CVEs and their corresponding PoCs. Discover relationships between vulnerabilities and PoCs, stay up to date with the latest threat information, and join a community of research",https://github.com/zgimszhd61/CVE-PoC-ThreatHub,['vulnerability poc'],1,2024-11-04T11:16:50+0000,41079,0,HTML,0,[]
ethicalrobo06/My-Cyber,"This repository offers an in-depth resource for foundational and advanced concepts in cybersecurity, including web exploitation, networking, system administration, and essential cyber defenses. ",https://github.com/ethicalrobo06/My-Cyber,['exploit'],1,2024-11-01T19:28:50+0000,56,0,PHP,0,[]
MarioTesoro/CVE-2024-48569,Proof of concept of multiple Stored Cross-Site Scripting (XSS) vulnerabilities discovered in ACI Worldwide Proactive Risk Manager v 9.1.1.0,https://github.com/MarioTesoro/CVE-2024-48569,['cve-2 OR cve_2'],1,2024-11-03T09:33:33+0000,5,0,,0,['CVE-2024-48569']
Jaden1419/CVE-2024-47575,None,https://github.com/Jaden1419/CVE-2024-47575,['cve-2 OR cve_2'],1,2024-11-02T11:11:08+0000,13,6,,0,['CVE-2024-47575']
zetraxz/CVE-2024-48904,None,https://github.com/zetraxz/CVE-2024-48904,['cve-2 OR cve_2'],1,2024-11-01T14:51:43+0000,5,3,,0,['CVE-2024-48904']
physarief78/Computed-Tomography-Algebra-Reconstruction-Technique,Magnetic Particle Imaging (MPI) is an innovative imaging technique that directly detects superparamagnetic iron oxide nanoparticles (SPIONs) injected into the body.  MPI detects SPIONs by exploiting their unique magnetic properties that generate detecable ,https://github.com/physarief78/Computed-Tomography-Algebra-Reconstruction-Technique,['exploit'],1,2024-11-04T13:57:44+0000,867,0,C++,0,[]
jeffaf/bazzy,Nim shellcode runner/injector,https://github.com/jeffaf/bazzy,['shellcode'],1,2024-11-03T21:46:17+0000,38,0,Nim,0,[]
evoincorp/doom,The funny DOOM RCE!,https://github.com/evoincorp/doom,['rce'],1,2024-11-01T06:16:20+0000,49334,0,Luau,0,[]
sagi21805/Cybersecurity-Machine-Learning,"This ment to create a bot like machine learning for detecting attacks, and finding exploits in code.",https://github.com/sagi21805/Cybersecurity-Machine-Learning,['exploit'],1,2024-11-02T14:47:54+0000,3,0,,0,[]
LOTWebSockets/LOTWebSockets.github.io,LOTWebSockets is a community-driven project documenting websockets that may be exploited for data exfiltration and C2 communications etc.,https://github.com/LOTWebSockets/LOTWebSockets.github.io,['exploit'],1,2024-11-03T19:13:28+0000,38,0,HTML,0,[]
Nikewaybuck/Nebula-Executor,"Nebula is a new Lua executor for Roblox. It's simple, straightforward, we ensure quick patches after Roblox updates.",https://github.com/Nikewaybuck/Nebula-Executor,['exploit'],1,2024-11-01T04:57:49+0000,750,0,C++,0,[]
iampoo31331/Hydrogen-Executor,"Hydrogen Executor is a most popular Roblox Exploit for Android and PC in the market nowadays. You can install it on any Android, iOS or Windows PC.",https://github.com/iampoo31331/Hydrogen-Executor,['exploit'],1,2024-11-03T05:38:38+0000,37,0,JavaScript,0,[]
gogo2464/CVE-2024-5124,None,https://github.com/gogo2464/CVE-2024-5124,['cve-2 OR cve_2'],1,2024-11-03T11:49:36+0000,7,0,Python,0,['CVE-2024-5124']
jhruppert/wrf-ideal-crf,Repo containing modified WRF code and analysis code for conducting convection-permitting idealized RCE simulations,https://github.com/jhruppert/wrf-ideal-crf,['rce'],1,2024-11-04T05:04:28+0000,1118,0,Fortran,0,[]
refr4g/CVE-2024-51378,Exploit for CyberPanel Pre-Auth RCE via Command Injection,https://github.com/refr4g/CVE-2024-51378,"['command injection', 'cve-2 OR cve_2', 'exploit', 'rce']",4,2024-11-01T10:12:49+0000,15,5,Python,3,['CVE-2024-51378']
AleksaZatezalo/CVE-2024-50550,None,https://github.com/AleksaZatezalo/CVE-2024-50550,['cve-2 OR cve_2'],1,2024-11-04T02:58:07+0000,7,0,Python,0,['CVE-2024-50550']
HanzalaOP/Solara-Executor,Experience reliable Roblox exploitation with Solara Executor,https://github.com/HanzalaOP/Solara-Executor,['exploit'],1,2024-11-04T05:02:14+0000,21,4,Lua,4,[]
managingwp/cyberpanel-rce-auth-bypass,None,https://github.com/managingwp/cyberpanel-rce-auth-bypass,['rce'],1,2024-11-01T14:54:26+0000,15,6,Shell,3,[]
zetraxz/CVE-2024-9954,None,https://github.com/zetraxz/CVE-2024-9954,['cve-2 OR cve_2'],1,2024-11-01T14:47:50+0000,6,1,,0,['CVE-2024-9954']
ifpdz/CVE-2024-44258,CVE-2024-44258,https://github.com/ifpdz/CVE-2024-44258,['cve-2 OR cve_2'],1,2024-11-02T19:20:44+0000,137,9,,0,['CVE-2024-44258']
risyam/security-vulnerability-POCs,A repo with working POCs for various security vulnerabilities for different languages,https://github.com/risyam/security-vulnerability-POCs,"['vuln poc', 'vulnerability poc']",2,2024-11-02T04:23:13+0000,4,0,Python,0,[]
whoreee/small-chromebook-exploit-list,cool Chromebook exploits,https://github.com/whoreee/small-chromebook-exploit-list,['exploit'],1,2024-11-04T12:12:59+0000,26,0,,0,[]
ljh-serius/dot-env-pen-test,Exploitation du fichier dot env à la suite d'une indisponisbilité sur serveur web.,https://github.com/ljh-serius/dot-env-pen-test,['exploit'],1,2024-11-01T08:36:52+0000,2,0,JavaScript,0,[]
zgimszhd61/CVE-2023-46747-RCE-poc,None,https://github.com/zgimszhd61/CVE-2023-46747-RCE-poc,"['cve poc', 'cve-2 OR cve_2', 'rce', 'rce poc']",4,2024-11-01T02:02:51+0000,10,0,Python,0,['CVE-2023-46747']
labex-labs/web-vulnerability-mastery,"Web Vulnerability Mastery _ This repo collects 8 of programming labs exercises for Web Vulnerability Mastery. In this course, you will learn about the most common web vulnerabilities and how to exploit them. You will learn about SQL Injection, File Inclusi",https://github.com/labex-labs/web-vulnerability-mastery,['exploit'],1,2024-11-01T01:47:46+0000,2,0,,0,[]
labex-labs/kali-server-exploitation-in-action,Kali Server Exploitation in Action _ This repo collects 20 of programming labs exercises for Kali Server Exploitation in Action. This course covers penetration testing and ethical hacking with Kali Linux. Key topics include exploiting vulnerabilities via M,https://github.com/labex-labs/kali-server-exploitation-in-action,"['exploit', 'metasploit module OR payload']",2,2024-11-01T01:47:33+0000,3,0,,0,[]
zgimszhd61/CVE-2024-23897-poc,CVE-2024-23897是一个影响Jenkins的严重安全漏洞,https://github.com/zgimszhd61/CVE-2024-23897-poc,"['cve poc', 'cve-2 OR cve_2']",2,2024-11-01T01:25:25+0000,10,0,Python,0,['CVE-2024-23897']
renithkaushik/Wave-Executer-Roblox,About Wave is a brand new Windows executor developed by industry expert reverse engineers. Currently Solara supports 98% UNC and is level 8 executor. Please be informed that Wave is not able to bypass byfron/hyperion currently and you should always use alt,https://github.com/renithkaushik/Wave-Executer-Roblox,['exploit'],1,2024-11-03T06:26:06+0000,6,100,,20,[]
ajayalf/CVE-2024-51567,"CVE-2024-51567 is a Python PoC exploit targeting an RCE vulnerability in CyberPanel v2.3.6’s upgrademysqlstatus endpoint, bypassing CSRF protections.",https://github.com/ajayalf/CVE-2024-51567,"['cve poc', 'cve-2 OR cve_2', 'exploit', 'rce', 'rce poc', 'vulnerability poc']",6,2024-11-01T10:48:42+0000,13,0,Python,0,['CVE-2024-51567']
Farzan-Kh/CVE-2023-48123,CVE-2023-48123 exploit,https://github.com/Farzan-Kh/CVE-2023-48123,"['cve-2 OR cve_2', 'exploit']",2,2024-11-01T08:54:53+0000,5,0,Python,0,['CVE-2023-48123']
zgimszhd61/CVE-2024-48063-poc,PyTorch RemoteModule反序列化远程代码执行漏洞（CVE-2024-48063）是一个影响PyTorch 2.4.1及更早版本的严重安全漏洞,https://github.com/zgimszhd61/CVE-2024-48063-poc,"['cve poc', 'cve-2 OR cve_2']",2,2024-11-01T01:28:48+0000,18,0,Python,0,['CVE-2024-48063']
Farzan-Kh/CVE-2023-42326,CVE-2023-42326 exploit,https://github.com/Farzan-Kh/CVE-2023-42326,"['cve-2 OR cve_2', 'exploit']",2,2024-11-01T08:57:01+0000,8,0,Python,0,['CVE-2023-42326']
Kadacheahmedrami/Binary-exploitation,here i putt my lovley exploits,https://github.com/Kadacheahmedrami/Binary-exploitation,['exploit'],1,2024-11-01T00:11:21+0000,959,0,Python,0,[]
0xPrimo/Cmstp-UAC-Bypass,Cmstp UAC Bypass,https://github.com/0xPrimo/Cmstp-UAC-Bypass,['uac bypass'],1,2024-11-02T22:41:31+0000,18,0,C,0,[]
realoriginal/openforbusiness,WIP:A generic UEFI shellcode intended to be patched into a DXE phase driver or `bootmgfw` on the ESP volume of the hard drive to toggle off integrity checks for Kernel Driver testing purposes.,https://github.com/realoriginal/openforbusiness,['shellcode'],1,2024-11-03T12:13:57+0000,117,5,C,0,[]
INNOVATIONAL-ARTIFICIAL-INTELLIGENCE/RTMLC,"Free View, Edit, Co-Create, Co-Share and Joint Economic Exploitation only after Co-Signing the IAI Code License.",https://github.com/INNOVATIONAL-ARTIFICIAL-INTELLIGENCE/RTMLC,['exploit'],1,2024-11-01T11:35:42+0000,3,0,,0,[]
MasonGroup/SVCINJ,"VB.NET tool by ABOLHB & WizNon for seamless injection into svchost, UAC bypass, Defender exclusions, and Discord notifications.",https://github.com/MasonGroup/SVCINJ,['uac bypass'],1,2024-11-01T12:55:14+0000,3966,2,Visual Basic .NET,0,[]
c0nyy/IoT_vuln,POC CVE-2024-10654,https://github.com/c0nyy/IoT_vuln,"['cve poc', 'vuln poc']",2,2024-11-01T14:18:09+0000,4,0,,0,['CVE-2024-10654']
e1nbyte/av-clientloader,"Free Open Source Client Loader for FiveM, Anti exploitation mechanism",https://github.com/e1nbyte/av-clientloader,['exploit'],1,2024-11-01T01:07:29+0000,18,2,Lua,0,[]
defi-cpmmx/cpmmx,CPMM Exploiter,https://github.com/defi-cpmmx/cpmmx,['exploit'],1,2024-11-01T09:35:45+0000,8230,0,Rust,0,[]
0kenftr/h4ck-f0rtnite,fortnite AI Hack Cheat Triggerbot Noclip silent aimbot esp wallhack wh exploit godmode fly FlickBot Legit SemiRage softaim 2024 inventory skin changer swapper hwid spoofer changer free download macros norecoil speedhack undetected injector radar FPS Booste,https://github.com/0kenftr/h4ck-f0rtnite,['exploit'],1,2024-11-01T08:41:55+0000,330,317,,172,[]
ucbg/ninja-cat-exploit,None,https://github.com/ucbg/ninja-cat-exploit,['exploit'],1,2024-11-01T08:24:31+0000,6551,0,JavaScript,0,[]
nwclasantha/MFC-HA-Cluster-Using-HAProxy-and-Keep_Alive,"Metasploit's capabilities for larger teams or automated workflows, setting up its Remote Procedure Call (RPC) server (msgrpc) with high availability, load balancing, and secure access is essential.",https://github.com/nwclasantha/MFC-HA-Cluster-Using-HAProxy-and-Keep_Alive,['metasploit module OR payload'],1,2024-11-01T13:48:20+0000,41,1,,0,[]
h1selshand/SkriptGG,"Fournir le meilleur menu de mods FiveM, RageMP, Alt-V, GTA V non détecté pour le pvp et avec des exploits jamais vus auparavant et plus de triches de jeu multijoueurs.",https://github.com/h1selshand/SkriptGG,['exploit'],1,2024-11-01T07:04:55+0000,466,1,C++,0,[]
evoincorp/doom_bootstrapper,The bootstrapper to the DOOM RCE of 10/31/2024,https://github.com/evoincorp/doom_bootstrapper,['rce'],1,2024-11-01T06:25:49+0000,16,0,Rust,0,[]
MaximBri/Exploit,lending on React.js,https://github.com/MaximBri/Exploit,['exploit'],1,2024-11-02T19:41:30+0000,3350,0,TypeScript,0,[]
xssrae/mobilesec-jorney,"My cases of study in Mobile Security, exploitation and application security",https://github.com/xssrae/mobilesec-jorney,['exploit'],1,2024-11-02T05:24:07+0000,427,0,Java,0,[]
ajrielrm/CVE-2024-48217,CVE-2024-48217 Sismart Vulnerability,https://github.com/ajrielrm/CVE-2024-48217,['cve-2 OR cve_2'],1,2024-11-02T04:26:05+0000,33,1,,0,['CVE-2024-48217']
jerryclass/git_sub_rce,None,https://github.com/jerryclass/git_sub_rce,['rce'],1,2024-11-01T04:29:30+0000,0,0,,0,[]
Almond-Latte/timing_attack_poc,None,https://github.com/Almond-Latte/timing_attack_poc,['attack poc'],1,2024-11-01T04:27:30+0000,0,0,Python,0,[]
jerryclass/git_rce,None,https://github.com/jerryclass/git_rce,['rce'],1,2024-11-01T05:15:46+0000,0,0,,0,[]
codingcore14/JPG-Silent-Exploit-NEW-nd,None,https://github.com/codingcore14/JPG-Silent-Exploit-NEW-nd,['exploit'],1,2024-11-01T02:19:44+0000,2,1,,0,[]
codingcore14/EXCEL-SILENT-XLS-EXPLOIT-CLEAN-nd,None,https://github.com/codingcore14/EXCEL-SILENT-XLS-EXPLOIT-CLEAN-nd,['exploit'],1,2024-11-01T02:19:11+0000,2,1,,0,[]
codingcore14/DOC-SILENT-EXPLOIT-CLEAN-nd,None,https://github.com/codingcore14/DOC-SILENT-EXPLOIT-CLEAN-nd,['exploit'],1,2024-11-01T02:18:41+0000,2,1,,0,[]
codingcore14/PDF-SILENT-EXPLOIT-CLEAN-nd,None,https://github.com/codingcore14/PDF-SILENT-EXPLOIT-CLEAN-nd,['exploit'],1,2024-11-01T02:18:04+0000,2,1,,0,[]
famixcm/CVE-2024-48904,None,https://github.com/famixcm/CVE-2024-48904,['cve-2 OR cve_2'],1,2024-11-01T14:56:16+0000,2,0,,0,['CVE-2024-48904']
lukencito/exploitdevelopment,None,https://github.com/lukencito/exploitdevelopment,['exploit'],1,2024-11-01T14:20:58+0000,2,0,C,0,[]
cyberlabutn/exploitdevelopment,None,https://github.com/cyberlabutn/exploitdevelopment,['exploit'],1,2024-11-01T14:17:57+0000,0,0,,0,[]
m3ssap0/wordpress-jetpack-broken-access-control-exploit,Exploits Jetpack < 13.9.1 broken access control (CVE-2024-9926).,https://github.com/m3ssap0/wordpress-jetpack-broken-access-control-exploit,['exploit'],1,2024-11-01T18:55:45+0000,7,1,Python,0,['CVE-2024-9926']
smendes23/OrderRceiver,None,https://github.com/smendes23/OrderRceiver,['rce'],1,2024-11-01T14:07:28+0000,13,0,Java,0,[]
krmxd/CVE-2024-47575,None,https://github.com/krmxd/CVE-2024-47575,['cve-2 OR cve_2'],1,2024-11-01T13:52:40+0000,0,0,,0,['CVE-2024-47575']
zsocity/bwaap-documentation,"bWAPP Exploitation Walkthrough This repo documents my progress through bWAPP, a vulnerable web app designed for web security practice. Here, you'll find exploit code, payloads, and detailed notes covering SQL injection, XSS, CSRF, RCE, and more. This proje",https://github.com/zsocity/bwaap-documentation,"['exploit', 'rce']",2,2024-11-01T13:30:33+0000,672,0,,0,[]
Fruktolzzz/CVE-2024-47575,CVE-2024-47575: FortiManager Missing Authentication,https://github.com/Fruktolzzz/CVE-2024-47575,['cve-2 OR cve_2'],1,2024-11-01T13:10:07+0000,4,0,,0,['CVE-2024-47575']
12345qwert123456/CVE-2024-6473-PoC,None,https://github.com/12345qwert123456/CVE-2024-6473-PoC,"['cve poc', 'cve-2 OR cve_2']",2,2024-11-01T11:42:25+0000,1,0,,0,['CVE-2024-6473']
pamod21/Metasploitable2-Penetration-Test-Report,None,https://github.com/pamod21/Metasploitable2-Penetration-Test-Report,['metasploit module OR payload'],1,2024-11-01T11:23:41+0000,1293,0,,0,[]
dvdknaap/java-STTI,"java spring exploit, find the content of a file blind by abusing the result of the error page",https://github.com/dvdknaap/java-STTI,['exploit'],1,2024-11-01T11:04:10+0000,2,0,Python,0,[]
nidhihcl75/external_expat_2.6.2_CVE-2024-45492,None,https://github.com/nidhihcl75/external_expat_2.6.2_CVE-2024-45492,['cve-2 OR cve_2'],1,2024-11-01T11:23:00+0000,8399,0,C,0,['CVE-2024-45492']
atomicthefemboy/cheat-apex-legends-download,Apex Legends AI Hack Cheat Triggerbot Noclip silent aimbot esp wallhack wh exploit godmode fly FlickBot Legit SemiRage softaim 2024 inventory skin changer swapper hwid spoofer changer free macros norecoil speedhack undetected injector radar FPS Booster Unl,https://github.com/atomicthefemboy/cheat-apex-legends-download,['exploit'],1,2024-11-01T10:02:05+0000,330,317,,170,[]
radmehrmc/MonsterSploit,None,https://github.com/radmehrmc/MonsterSploit,['sploit'],1,2024-11-01T09:49:59+0000,6647,0,,0,[]
ExploiterGuy/Scriptblox-ExploitFin,Made all by me :D,https://github.com/ExploiterGuy/Scriptblox-ExploitFin,['exploit'],1,2024-11-01T09:43:55+0000,25,0,,0,[]
programmeramera/npm-rce-demo,Demonstration of a RCE vulnerability in npm postinstall,https://github.com/programmeramera/npm-rce-demo,['rce'],1,2024-11-01T09:43:25+0000,16,0,JavaScript,0,[]
iltmita/Hikikomori-exploit,Простой чит на ForlonApi/Simple executor made on ForlonApi,https://github.com/iltmita/Hikikomori-exploit,['exploit'],1,2024-11-02T00:58:21+0000,6260,0,,0,[]
nkrasnovajr/EcoBattle-test-,"EcoBattle: Solar vs Toxic is a strategy game where players toggle between eco-friendly and exploitative strategies to pollinate flowers, shift ecological balance, and respond to global events—like pest surges or ecological boosts—driven by collective playe",https://github.com/nkrasnovajr/EcoBattle-test-,['exploit'],1,2024-11-01T21:51:30+0000,906,0,JavaScript,0,[]
feylins/Athena-Exploit,🚀 Best exploit for roblox with 82% UNC,https://github.com/feylins/Athena-Exploit,['exploit'],1,2024-11-01T22:59:49+0000,770,0,,0,[]
PezwariNaan/CVE-2014-0195,Exploit for CVE-2014-0195,https://github.com/PezwariNaan/CVE-2014-0195,"['cve-2 OR cve_2', 'exploit']",2,2024-11-01T19:48:54+0000,3,0,Python,0,['CVE-2014-0195']
tommygrammar/cloud-computing-infrastructure,"In this project, i was exploring cloud infrastructures in an effort to build a simple remote code execution environment which would serve as the foundation for my complex cloud infrastructures.",https://github.com/tommygrammar/cloud-computing-infrastructure,['remote code execution'],1,2024-11-01T18:45:21+0000,5,0,C,0,[]
Tajin-Jannat/Google-Dorking,# Google Dork:  author: “Humayun Ahmed” pdf # Description: Files Containing Juicy Info # Date:01/10/2024 # Exploit Author: Fatema Tuj Jannat,https://github.com/Tajin-Jannat/Google-Dorking,['exploit'],1,2024-11-01T18:45:35+0000,1738,0,,0,[]
abdulrahmanhilal520/f0rtnite-h4ck,fortnite AI Hack Cheat Triggerbot Noclip silent aimbot esp wallhack wh exploit godmode fly FlickBot Legit SemiRage softaim 2024 inventory skin changer swapper hwid spoofer changer free download macros norecoil speedhack undetected injector radar FPS Booste,https://github.com/abdulrahmanhilal520/f0rtnite-h4ck,['exploit'],1,2024-11-01T18:38:26+0000,651,203,,202,[]
Abhinavpatra/apex-legends-cheat-download,Apex Legends AI Hack Cheat Triggerbot Noclip silent aimbot esp wallhack wh exploit godmode fly FlickBot Legit SemiRage softaim 2024 inventory skin changer swapper hwid spoofer changer free macros norecoil speedhack undetected injector radar FPS Booster Unl,https://github.com/Abhinavpatra/apex-legends-cheat-download,['exploit'],1,2024-11-01T18:38:26+0000,651,203,,199,[]
Jaden1419/CVE-2024-9263,None,https://github.com/Jaden1419/CVE-2024-9263,['cve-2 OR cve_2'],1,2024-11-01T17:21:53+0000,0,0,,0,['CVE-2024-9263']
7own/CVE-2021-26690---Apache-mod_session,CVE-2021-26690 patch diffing - Apache HTTP mod_session NULL pointer dereference,https://github.com/7own/CVE-2021-26690---Apache-mod_session,['cve-2 OR cve_2'],1,2024-11-01T17:05:20+0000,0,0,,0,['CVE-2021-26690']
Jaden1419/CVE-2024-38249,None,https://github.com/Jaden1419/CVE-2024-38249,['cve-2 OR cve_2'],1,2024-11-01T17:01:04+0000,18,2,,0,['CVE-2024-38249']
moften/CVE-2015-9251,PoC para CVE-2015-9251 jQuery menor a 3.0.0.,https://github.com/moften/CVE-2015-9251,"['cve poc', 'cve-2 OR cve_2']",2,2024-11-01T16:04:04+0000,3,0,JavaScript,0,['CVE-2015-9251']
kkhanmohammadi/ExploitabilityDataset,None,https://github.com/kkhanmohammadi/ExploitabilityDataset,['exploit'],1,2024-11-01T15:42:34+0000,0,0,,0,[]
darynaromaniuk/Command-Injection,None,https://github.com/darynaromaniuk/Command-Injection,['command injection'],1,2024-11-01T15:31:52+0000,2,0,,0,[]
zetraxz/CVE-2024-38821,None,https://github.com/zetraxz/CVE-2024-38821,['cve-2 OR cve_2'],1,2024-11-01T15:22:54+0000,2,0,,0,['CVE-2024-38821']
Spid3heX/CVE-2024-1071-PoC-Script,wp/ultimate-member  -  SQL Injection Vulnerability Exploit Script.,https://github.com/Spid3heX/CVE-2024-1071-PoC-Script,"['cve poc', 'cve-2 OR cve_2', 'exploit', 'vulnerability poc']",4,2024-11-01T18:14:34+0000,26,0,Python,0,['CVE-2024-1071']
rft0/iat-dll-injector,DLL manual mapping through hooking IAT functions.,https://github.com/rft0/iat-dll-injector,"['exploit', 'shellcode']",2,2024-11-02T16:45:38+0000,399,1,C++,0,[]
lilithgkini/challenges,"A collection of binary exploitation and reverse egnineering challeges, alongiside their writeups.",https://github.com/lilithgkini/challenges,['exploit'],1,2024-11-02T11:56:10+0000,777,0,Python,0,[]
Ar3h/web-chains,Web 版 Java Payload 生成与漏洞利用工具，提供 Java 反序列化、Hessian 1/2 反序列化等 Payload 生成，以及 JNDI Exploit、Fake Mysql Exploit、JRMPListener 等相关利用,https://github.com/Ar3h/web-chains,['exploit'],1,2024-11-02T11:00:10+0000,654,31,,2,[]
nkrasnovajr/EcoBattle,"EcoBattle: Solar vs Toxic is a strategy game where players toggle between eco-friendly and exploitative strategies to pollinate flowers, shift ecological balance, and respond to global events—like pest surges or ecological boosts—driven by collective playe",https://github.com/nkrasnovajr/EcoBattle,['exploit'],1,2024-11-02T10:39:03+0000,902,0,JavaScript,0,[]
Xs1sTz/PyPost-exp,"simple post-exploitation python programs, outputted to current directory files",https://github.com/Xs1sTz/PyPost-exp,['exploit'],1,2024-11-03T18:17:08+0000,39,1,Python,0,[]
Relwarc17/ShellCodeCrypter,None,https://github.com/Relwarc17/ShellCodeCrypter,['shellcode'],1,2024-11-02T12:20:50+0000,16,0,C#,0,[]
Androkal19/AWS_SPLOIT,nan,https://github.com/Androkal19/AWS_SPLOIT,['sploit'],1,2024-11-02T08:30:49+0000,10,0,Python,0,[]
RSSU-Shellcode/x96-combiner,"A tool to merge x86 and x64 shellcode, it obfuscates prefix branch instructions.",https://github.com/RSSU-Shellcode/x96-combiner,['shellcode'],1,2024-11-02T10:38:07+0000,13,0,Go,0,[]
12345qwert123456/CVE-2024-6473-PoC,Proof of concept for CVE-2024-6473,https://github.com/12345qwert123456/CVE-2024-6473-PoC,"['cve poc', 'cve-2 OR cve_2', 'exploit']",3,2024-11-02T05:55:35+0000,170017,0,C++,0,['CVE-2024-6473']
SEEHAMZA52/Credit-By-SeeHamza-And-infinite-jump-and-Made-by-Credit-Sum-Exploiter-And-SeeHamza,None,https://github.com/SEEHAMZA52/Credit-By-SeeHamza-And-infinite-jump-and-Made-by-Credit-Sum-Exploiter-And-SeeHamza,['exploit'],1,2024-11-02T04:03:52+0000,1,0,,0,[]
77Philly/CVE-2024-7456scripts,None,https://github.com/77Philly/CVE-2024-7456scripts,['cve-2 OR cve_2'],1,2024-11-02T02:58:37+0000,2,0,JavaScript,0,['CVE-2024-7456']
broCapang/binex_workshop,The hands-on materials for Binary Exploitation Workshop,https://github.com/broCapang/binex_workshop,['exploit'],1,2024-11-03T09:58:42+0000,973,0,C,0,[]
Ismail-Benali/MacSiphon,MacSiphon is a macOS data extraction tool that efficiently collects valuable files.,https://github.com/Ismail-Benali/MacSiphon,['exploit'],1,2024-11-01T23:12:35+0000,4,0,Python,0,[]
nkrasnovajr/EcoBattle,"EcoBattle: Solar vs Toxic is a strategy game where players toggle between eco-friendly and exploitative strategies to pollinate flowers, shift ecological balance, and respond to global events—like pest surges or ecological boosts—driven by collective playe",https://github.com/nkrasnovajr/EcoBattle,['exploit'],1,2024-11-01T22:03:45+0000,902,0,JavaScript,0,[]
nkrasnovajr/EcoBattle-test2-,"EcoBattle: Solar vs Toxic is a strategy game where players toggle between eco-friendly and exploitative strategies to pollinate flowers, shift ecological balance, and respond to global events—like pest surges or ecological boosts—driven by collective playe",https://github.com/nkrasnovajr/EcoBattle-test2-,['exploit'],1,2024-11-01T21:58:10+0000,902,0,JavaScript,0,[]
hardenedlinux/userland-exec,Userland exec PoC to be used as attack vector technique,https://github.com/hardenedlinux/userland-exec,['attack poc'],1,2024-11-01T21:27:15+0000,17,8,C,0,[]
osvaldotenorio/cve-2024-48325,None,https://github.com/osvaldotenorio/cve-2024-48325,['cve-2 OR cve_2'],1,2024-11-02T18:02:29+0000,10,0,,0,['CVE-2024-48325']
stfulua/MG-Hub,"MG Hub, script for roblox exploiting.",https://github.com/stfulua/MG-Hub,['exploit'],1,2024-11-02T17:12:01+0000,0,0,,0,[]
steendabeen/Swamp-V2,exploit found by: @Bypassiwastaken,https://github.com/steendabeen/Swamp-V2,['exploit'],1,2024-11-02T16:36:22+0000,0,0,HTML,0,[]
Kov404/CVE-2024-51358,None,https://github.com/Kov404/CVE-2024-51358,['cve-2 OR cve_2'],1,2024-11-02T14:56:04+0000,3,0,,0,['CVE-2024-51358']
H4cking4All/CVE-2023-4220,CVE-2023-4220 Chamilo Exploit,https://github.com/H4cking4All/CVE-2023-4220,"['cve-2 OR cve_2', 'exploit']",2,2024-11-02T15:09:08+0000,310,0,Python,0,['CVE-2023-4220']
Mihjol-hub/TP4_Systeme_exploitation,Système d’Exploitation- TP4  Verroux,https://github.com/Mihjol-hub/TP4_Systeme_exploitation,['exploit'],1,2024-11-02T14:47:48+0000,0,0,,0,[]
codingcore14/JPG-Silent-Exploit-NEW-rk,None,https://github.com/codingcore14/JPG-Silent-Exploit-NEW-rk,['exploit'],1,2024-11-02T14:33:37+0000,2,1,,0,[]
codingcore14/EXCEL-SILENT-XLS-EXPLOIT-CLEAN-rk,None,https://github.com/codingcore14/EXCEL-SILENT-XLS-EXPLOIT-CLEAN-rk,['exploit'],1,2024-11-02T14:33:07+0000,2,1,,0,[]
codingcore14/DOC-SILENT-EXPLOIT-CLEAN-rk,None,https://github.com/codingcore14/DOC-SILENT-EXPLOIT-CLEAN-rk,['exploit'],1,2024-11-02T14:32:40+0000,2,1,,0,[]
codingcore14/PDF-SILENT-EXPLOIT-CLEAN-rk,None,https://github.com/codingcore14/PDF-SILENT-EXPLOIT-CLEAN-rk,['exploit'],1,2024-11-02T14:32:11+0000,2,1,,0,[]
JAckLosingHeart/CVE-2024-51132-POC,None,https://github.com/JAckLosingHeart/CVE-2024-51132-POC,"['cve poc', 'cve-2 OR cve_2']",2,2024-11-02T14:42:09+0000,4,0,Java,0,['CVE-2024-51132']
bugra0h/f0rtnite-h4ck,fortnite AI Hack Cheat Triggerbot Noclip silent aimbot esp wallhack wh exploit godmode fly FlickBot Legit SemiRage softaim 2024 inventory skin changer swapper hwid spoofer changer free download macros norecoil speedhack undetected injector radar FPS Booste,https://github.com/bugra0h/f0rtnite-h4ck,['exploit'],1,2024-11-02T13:37:51+0000,628,242,,0,[]
aleh1632/apex-legends-cheat-download,Apex Legends AI Hack Cheat Triggerbot Noclip silent aimbot esp wallhack wh exploit godmode fly FlickBot Legit SemiRage softaim 2024 inventory skin changer swapper hwid spoofer changer free macros norecoil speedhack undetected injector radar FPS Booster Unl,https://github.com/aleh1632/apex-legends-cheat-download,['exploit'],1,2024-11-02T13:37:39+0000,629,242,,0,[]
ToolKitHub/rce-images,Language-specific Docker images for remote code execution.,https://github.com/ToolKitHub/rce-images,"['rce', 'remote code execution']",2,2024-11-02T16:44:46+0000,11130,0,Nix,0,[]
radoslavatanasov1/CVE-2024-23113,POC TO RCE,https://github.com/radoslavatanasov1/CVE-2024-23113,"['cve poc', 'cve-2 OR cve_2', 'rce', 'rce poc']",4,2024-11-02T12:31:23+0000,3,1,Python,0,['CVE-2024-23113']
kimd155/OSED-Certifcation,"This repository containing my journey and resources for Offensive Security Exploit Developer (OSED) certification. Includes exploit development scripts, reverse engineering notes, and custom PoCs crafted during the course.",https://github.com/kimd155/OSED-Certifcation,['exploit'],1,2024-11-02T13:08:10+0000,11,1,Python,0,[]
justikail/jtools,Jtools Online Free Tools For Everyone,https://github.com/justikail/jtools,['exploit'],1,2024-11-03T03:40:34+0000,186,0,JavaScript,0,[]
JAckLosingHeart/CVE-2024-36823-POC,None,https://github.com/JAckLosingHeart/CVE-2024-36823-POC,"['cve poc', 'cve-2 OR cve_2']",2,2024-11-03T01:56:36+0000,1,0,,0,['CVE-2024-36823']
0dayplug/0dayplug,Config files for my GitHub profile.,https://github.com/0dayplug/0dayplug,['0day'],1,2024-11-03T01:52:17+0000,0,0,,0,[]
2pro12342/RigTools,An exploit for school Chromebooks,https://github.com/2pro12342/RigTools,['exploit'],1,2024-11-03T01:01:52+0000,2,0,,0,[]
codingcore14/JPG-Silent-Exploit-NEW-rl,None,https://github.com/codingcore14/JPG-Silent-Exploit-NEW-rl,['exploit'],1,2024-11-02T23:54:18+0000,2,1,,0,[]
codingcore14/EXCEL-SILENT-XLS-EXPLOIT-CLEAN-rl,None,https://github.com/codingcore14/EXCEL-SILENT-XLS-EXPLOIT-CLEAN-rl,['exploit'],1,2024-11-02T23:53:51+0000,2,1,,0,[]
codingcore14/DOC-SILENT-EXPLOIT-CLEAN-rl,None,https://github.com/codingcore14/DOC-SILENT-EXPLOIT-CLEAN-rl,['exploit'],1,2024-11-02T23:53:25+0000,2,1,,0,[]
Metaphor-Shortcuts/exploiter,A shortcuts that bypasses screen time.,https://github.com/Metaphor-Shortcuts/exploiter,['exploit'],1,2024-11-02T23:55:24+0000,7,0,,0,[]
codingcore14/PDF-SILENT-EXPLOIT-CLEAN-rl,None,https://github.com/codingcore14/PDF-SILENT-EXPLOIT-CLEAN-rl,['exploit'],1,2024-11-02T23:52:58+0000,2,1,,0,[]
bridDev/NanoCore-1.2.2.0,NanoCore 1.2.2.0   Nanocore is sophisticated second-stage malware classified as a Remote Access Trojan (RAT) that provides attackers with Remote Code Execution (RCE) on a victim's system.,https://github.com/bridDev/NanoCore-1.2.2.0,"['rce', 'remote code execution']",2,2024-11-02T22:10:50+0000,17351,1,,0,[]
fabiobsj/CVE-2024-48326,None,https://github.com/fabiobsj/CVE-2024-48326,['cve-2 OR cve_2'],1,2024-11-02T19:57:11+0000,86,0,,0,['CVE-2024-48326']
MindPatch/latestpocs,Latest PoC exploit & Writeups,https://github.com/MindPatch/latestpocs,['exploit'],1,2024-11-02T19:54:51+0000,196,2,Python,0,[]
popcornhub-official/exploits,None,https://github.com/popcornhub-official/exploits,['exploit'],1,2024-11-02T18:55:37+0000,194,0,,0,[]
dgrbch1/Exploits,Vsftpd Backdoor Exploit Demonstration,https://github.com/dgrbch1/Exploits,['exploit'],1,2024-11-02T18:02:39+0000,13267,0,HTML,0,[]
boru512/h4ck-f0rtnite,fortnite AI Hack Cheat Triggerbot Noclip silent aimbot esp wallhack wh exploit godmode fly FlickBot Legit SemiRage softaim 2024 inventory skin changer swapper hwid spoofer changer free download macros norecoil speedhack undetected injector radar FPS Booste,https://github.com/boru512/h4ck-f0rtnite,['exploit'],1,2024-11-02T17:46:14+0000,331,418,,113,[]
anesssssss/cheat-apex-legends-download,Apex Legends AI Hack Cheat Triggerbot Noclip silent aimbot esp wallhack wh exploit godmode fly FlickBot Legit SemiRage softaim 2024 inventory skin changer swapper hwid spoofer changer free macros norecoil speedhack undetected injector radar FPS Booster Unl,https://github.com/anesssssss/cheat-apex-legends-download,['exploit'],1,2024-11-02T17:46:05+0000,331,418,,115,[]
hatvix1/CVE-2024-7988-Private-POC,CVE-2024-7988-Private-POC,https://github.com/hatvix1/CVE-2024-7988-Private-POC,"['cve poc', 'cve-2 OR cve_2']",2,2024-11-03T13:37:14+0000,2,1,,0,['CVE-2024-7988']
4m3rr0r/GitVersionHashSearch,"GitVersionHashSearch is a bash script designed for bug bounty hunters, CTF participants, and red team operations. It allows you to search for specific patterns in the MD5 hashes of all versions of a file in a Git repository, making it a valuable tool for s",https://github.com/4m3rr0r/GitVersionHashSearch,['exploit'],1,2024-11-03T13:41:01+0000,26,0,Shell,0,[]
qadeptrai123/test_git_rce,None,https://github.com/qadeptrai123/test_git_rce,['rce'],1,2024-11-03T12:52:43+0000,0,0,,0,[]
karaz-debug/crypto_arbitrage_bot,Developed an automated arbitrage bot using Python and the ccxt library to identify and exploit price differences for cryptocurrencies across Binance and Kraken exchanges.,https://github.com/karaz-debug/crypto_arbitrage_bot,['exploit'],1,2024-11-03T12:51:47+0000,14,0,Python,0,[]
mriot/bypass-uac-for-trusted-apps,A script that allows trusted applications on your Windows PC to bypass the UAC prompt,https://github.com/mriot/bypass-uac-for-trusted-apps,['uac bypass'],1,2024-11-03T12:26:58+0000,53,1,Batchfile,0,[]
Isaac-000/exploits,None,https://github.com/Isaac-000/exploits,['exploit'],1,2024-11-03T12:21:03+0000,0,0,,0,[]
karaz-debug/Ultimate-Algos-Connected-To-DEX-and-CCXT-Exchanges,"a versatile automated trading system integrating four distinct trading strategies: Consolidation, Correlation, Mean Reversion, and Turtle Trading, each tailored to exploit different market conditions across multiple cryptocurrency symbols connect to Differ",https://github.com/karaz-debug/Ultimate-Algos-Connected-To-DEX-and-CCXT-Exchanges,['exploit'],1,2024-11-03T12:18:11+0000,9422,0,Python,0,[]
RiietLony/NMAPHomeNetworkPenTest,Using Nmap To Penetration Test our home network ans using tools such as Metasploitable to attempt to exploit them.,https://github.com/RiietLony/NMAPHomeNetworkPenTest,['exploit'],1,2024-11-03T10:26:23+0000,4,0,,0,[]
H4shCod3r/InkExploit,None,https://github.com/H4shCod3r/InkExploit,['exploit'],1,2024-11-03T09:48:38+0000,10064,0,,0,[]
amirzargham/CVE-2024-37383-exploit,Roundcube mail server exploit for CVE-2024-37383 (Stored XSS),https://github.com/amirzargham/CVE-2024-37383-exploit,"['cve-2 OR cve_2', 'exploit']",2,2024-11-03T07:24:32+0000,12,0,JavaScript,0,['CVE-2024-37383']
liessforce/FiveM-External-Cheat-KeyAuth-System,"FiveM External cheat, offers various features like aimbot, triggerbot, exploits, and customizable settings, enhancing the gameplay experience. It includes a KeyAuth system for additional security and user management. The cheat is designed to be undetectabl",https://github.com/liessforce/FiveM-External-Cheat-KeyAuth-System,['exploit'],1,2024-11-03T06:41:37+0000,468,1,C++,0,[]
int-rcept/int-rcept,None,https://github.com/int-rcept/int-rcept,['rce'],1,2024-11-03T06:09:32+0000,0,0,,0,[]
Shashikant2005/Remote-code-execution-platform,None,https://github.com/Shashikant2005/Remote-code-execution-platform,['remote code execution'],1,2024-11-03T05:27:04+0000,0,0,JavaScript,0,[]
trishcho/A-B-Testing-Algorithms-A-Summary-of-Exploration-Exploitation-Methods,"an overview of several algorithms commonly used for A/B testing and balancing exploration and exploitation. Each algorithm is suited to different scenarios, allowing for efficient testing and decision-making based on the environment and business goals.",https://github.com/trishcho/A-B-Testing-Algorithms-A-Summary-of-Exploration-Exploitation-Methods,['exploit'],1,2024-11-03T04:17:50+0000,19,0,Python,0,[]
jpitsec/vsftpd-2.3.4-exploit,None,https://github.com/jpitsec/vsftpd-2.3.4-exploit,['exploit'],1,2024-11-03T03:51:42+0000,1,0,Python,0,[]
2pro12342/Ext-Hang3r,An exploit for school Chromebooks,https://github.com/2pro12342/Ext-Hang3r,['exploit'],1,2024-11-03T03:48:40+0000,6,0,,0,[]
best28156/cheat-apex-legends-download,Apex Legends AI Hack Cheat Triggerbot Noclip silent aimbot esp wallhack wh exploit godmode fly FlickBot Legit SemiRage softaim 2024 inventory skin changer swapper hwid spoofer changer free macros norecoil speedhack undetected injector radar FPS Booster Unl,https://github.com/best28156/cheat-apex-legends-download,['exploit'],1,2024-11-03T22:45:13+0000,331,427,,18,[]
Shirish-code/SOC-Analysis-and-Vulnerability-Assessment," SOC (Security Operations Center) analysis and vulnerability assessment project using Metasploitable2 as the target environment. This project involves reconnaissance, vulnerability scanning, and exploitation using tools like Nmap, Nikto, Droopescan, and Me",https://github.com/Shirish-code/SOC-Analysis-and-Vulnerability-Assessment,"['exploit', 'metasploit module OR payload']",2,2024-11-03T22:22:54+0000,3710,0,Shell,0,[]
eli7e/zerodays,nan,https://github.com/eli7e/zerodays,['zeroday'],1,2024-11-03T22:16:52+0000,4,0,Python,0,[]
ilyes-benjemaa-0day/ilyes-benjemaa-0day,Config files for my GitHub profile.,https://github.com/ilyes-benjemaa-0day/ilyes-benjemaa-0day,['0day'],1,2024-11-03T20:58:38+0000,7,0,,0,[]
PrinceX-56/WiSploit,A wi-fi hacking app made by @bnzin_xm,https://github.com/PrinceX-56/WiSploit,['sploit'],1,2024-11-03T19:34:39+0000,0,0,,0,[]
PrinceX-56/Wi-Sploit,None,https://github.com/PrinceX-56/Wi-Sploit,['sploit'],1,2024-11-03T19:33:44+0000,0,0,,0,[]
baralsamrat/MSCS531_Assignment5," Implementation in modern computing systems. Students will explore various architectures and techniques for exploiting DLP, analyze trade-offs, and examine the impact of these techniques on performance, complexity, and energy efficiency",https://github.com/baralsamrat/MSCS531_Assignment5,['exploit'],1,2024-11-04T03:50:12+0000,14151,0,Cuda,0,[]
Agahby/Installing-Metasploit,None,https://github.com/Agahby/Installing-Metasploit,['metasploit module OR payload'],1,2024-11-03T18:18:05+0000,1,1,,0,[]
Agahby/Ransomware-virus,"Ransomware is exploitable software with many different features that users have developed for many different purposes. This includes security, hacking, exfiltration, installing malware, phishing, website tampering, and more.",https://github.com/Agahby/Ransomware-virus,['exploit'],1,2024-11-03T17:41:07+0000,1,1,,0,[]
CCSEXE3DX/ExploitService,None,https://github.com/CCSEXE3DX/ExploitService,['exploit'],1,2024-11-03T16:54:54+0000,3,0,HTML,0,[]
gauravrokade2002/OWASP-TOP-10,"Completed TryHackMe labs focused on the OWASP Top 10 vulnerabilities, including analysis of how each vulnerability can be exploited and ways to mitigate them",https://github.com/gauravrokade2002/OWASP-TOP-10,['exploit'],1,2024-11-03T16:56:34+0000,3270,0,,0,[]
ahmetramazank/CVE-2024-4577,None,https://github.com/ahmetramazank/CVE-2024-4577,['cve-2 OR cve_2'],1,2024-11-03T16:17:49+0000,5,0,PowerShell,0,['CVE-2024-4577']
alvandyhamed/laratora_php_sqli_exploit,None,https://github.com/alvandyhamed/laratora_php_sqli_exploit,['exploit'],1,2024-11-03T15:22:53+0000,2,0,PHP,0,[]
ConstantineAlexandre/XSS-Detector,"This Python script scans JavaScript files hosted on URLs for potential Cross-Site Scripting (XSS) vulnerabilities. It identifies common patterns in JavaScript code that could be exploited for XSS attacks, providing a quick and automated way to evaluate Jav",https://github.com/ConstantineAlexandre/XSS-Detector,['exploit'],1,2024-11-03T14:08:02+0000,8,0,Python,0,[]
NketiahGodfred/mayuri_k_canteen-management-system_RCE,mayuri_k_canteen-management-system_RCE,https://github.com/NketiahGodfred/mayuri_k_canteen-management-system_RCE,['rce'],1,2024-11-03T14:02:03+0000,5,0,Shell,0,[]
TheWiseDucky/MM2-Exploit-Script---Ducky,Contains A Script To Autofarm In MM2 And More !,https://github.com/TheWiseDucky/MM2-Exploit-Script---Ducky,['exploit'],1,2024-11-03T14:16:40+0000,15,0,,0,[]
hugsy/gef,GEF (GDB Enhanced Features) - a modern experience for GDB with advanced debugging capabilities for exploit devs & reverse engineers on Linux,https://github.com/hugsy/gef,['exploit'],1,2024-11-04T02:24:45+0000,8136,6970,Python,732,[]
ArySon90/S6-E1,Exploit Upload File,https://github.com/ArySon90/S6-E1,['exploit'],1,2024-11-04T16:21:07+0000,158,0,,0,[]
ghsinfosec/bugpress,Intentionally vulnerable WordPress plugin for hands-on exploitation practice with simplified vulnerability examples,https://github.com/ghsinfosec/bugpress,['exploit'],1,2024-11-04T15:47:59+0000,0,0,,0,[]
mattia-didonato/S6-L1-Exploit-File-Upload,None,https://github.com/mattia-didonato/S6-L1-Exploit-File-Upload,['exploit'],1,2024-11-04T15:27:12+0000,2968,0,,0,[]
dadstock/S6L1-Exploit-File-Upload,None,https://github.com/dadstock/S6L1-Exploit-File-Upload,['exploit'],1,2024-11-04T15:11:54+0000,285,0,,0,[]
silvia12031993/esercizio-04.11.2024,exploit file upload,https://github.com/silvia12031993/esercizio-04.11.2024,['exploit'],1,2024-11-04T14:59:40+0000,134,0,,0,[]
ChriChri64/S6L1-Exploit-Burpsuite-DVWA,None,https://github.com/ChriChri64/S6L1-Exploit-Burpsuite-DVWA,['exploit'],1,2024-11-04T14:59:13+0000,202,0,,0,[]
shouvikdutta1998/GX_Router_Exploit_Firmware_E1010-1.1.4-R,None,https://github.com/shouvikdutta1998/GX_Router_Exploit_Firmware_E1010-1.1.4-R,['exploit'],1,2024-11-04T14:25:13+0000,5510,0,,0,[]
Dineshuvs/Log4Shell-Vulnerability-Exploitation-and-Mitigation,None,https://github.com/Dineshuvs/Log4Shell-Vulnerability-Exploitation-and-Mitigation,['exploit'],1,2024-11-04T14:22:51+0000,80818,0,Java,0,[]
RenukaSelvar/libunwind_CVE-2015-3239_After,None,https://github.com/RenukaSelvar/libunwind_CVE-2015-3239_After,['cve-2 OR cve_2'],1,2024-11-04T12:57:04+0000,622,0,C,0,['CVE-2015-3239']
RenukaSelvar/libunwind_CVE-2015-3239_AfterPatch,None,https://github.com/RenukaSelvar/libunwind_CVE-2015-3239_AfterPatch,['cve-2 OR cve_2'],1,2024-11-04T12:40:48+0000,623,0,C,0,['CVE-2015-3239']
gamerh1s/SkriptGG,"Fournir le meilleur menu de mods FiveM, RageMP, Alt-V, GTA V non détecté pour le pvp et avec des exploits jamais vus auparavant et plus de triches de jeu multijoueurs.",https://github.com/gamerh1s/SkriptGG,['exploit'],1,2024-11-04T12:34:26+0000,466,1,C++,0,[]
RenukaSelvar/libunwind_CVE-2015-3239,None,https://github.com/RenukaSelvar/libunwind_CVE-2015-3239,['cve-2 OR cve_2'],1,2024-11-04T12:31:08+0000,622,0,C,0,['CVE-2015-3239']
francocirill/Arduino_SRAM-PUF_authentication,A Fuzzy extractor to exploit the SRAM-PUF and an authentication scheme is implemented on Arduino UNO.,https://github.com/francocirill/Arduino_SRAM-PUF_authentication,['exploit'],1,2024-11-04T12:28:51+0000,78,0,C,0,[]
RandomRobbieBF/CVE-2024-50475,Signup Page <= 1.0 - Unauthenticated Arbitrary Options Update,https://github.com/RandomRobbieBF/CVE-2024-50475,['cve-2 OR cve_2'],1,2024-11-04T10:51:51+0000,7,0,Python,0,['CVE-2024-50475']
hatvix1/CVE-2024-9537,Authentication Bypass Using an Alternate Path or Channel,https://github.com/hatvix1/CVE-2024-9537,['cve-2 OR cve_2'],1,2024-11-04T16:53:30+0000,4,0,,0,['CVE-2024-9537']
nomi-sec/NVD-Exploit-List-Ja,🔍NVD exploit & JVN(Japan Vulnerability Notes) easy description,https://github.com/nomi-sec/NVD-Exploit-List-Ja,['exploit'],1,2024-11-01T00:45:36+0000,78233,82,,39,[]
nomi-sec/PoC-in-GitHub,📡 PoC auto collect from GitHub. ⚠️ Be careful Malware.,https://github.com/nomi-sec/PoC-in-GitHub,"['cve poc', 'exploit', 'vulnerability poc']",3,2024-11-04T00:31:42+0000,547183,6493,,1195,[]
drb-ra/C2IntelFeeds,Automatically created C2 Feeds,https://github.com/drb-ra/C2IntelFeeds,['metasploit module OR payload'],1,2024-11-01T04:32:22+0000,3114126,528,REXX,48,[]
k8gege/k8gege.github.io,K8博客 k8gege.org,https://github.com/k8gege/k8gege.github.io,['exploit'],1,2024-11-01T16:14:23+0000,455684,41,HTML,12,[]
GoVanguard/pyExploitDb,"An optimized Python3 library to fetch the most recent exploit-database, create searchable indexes for CVE->EDBID and EDBID -> CVE, and provide methods to perform searches.",https://github.com/GoVanguard/pyExploitDb,['exploit'],1,2024-11-04T16:52:19+0000,7141,28,Python,8,[]
bitsadmin/wesng,Windows Exploit Suggester - Next Generation,https://github.com/bitsadmin/wesng,['exploit'],1,2024-11-02T10:24:11+0000,148303,4205,Python,568,[]
gentoo-mirror/zerodaysfordays,Jakob L. Kreuze's personal overlay.,https://github.com/gentoo-mirror/zerodaysfordays,['zeroday'],1,2024-11-02T00:19:46+0000,415,0,Shell,0,[]
cultureelerfgoed/sparql,In deze repositories worden openbare SPARQL queries verzameld die gebruikt worden op linked datasets van de RCE,https://github.com/cultureelerfgoed/sparql,['rce'],1,2024-11-03T02:24:48+0000,561,0,Python,0,[]
hasherezade/hollows_hunter,"Scans all running processes. Recognizes and dumps a variety of potentially malicious implants (replaced/implanted PEs, shellcodes, hooks, in-memory patches).",https://github.com/hasherezade/hollows_hunter,['shellcode'],1,2024-11-03T22:04:09+0000,14785,2029,C,253,[]
hasherezade/pe-sieve,"Scans a given process. Recognizes and dumps a variety of potentially malicious implants (replaced/injected PEs, shellcodes, hooks, in-memory patches).",https://github.com/hasherezade/pe-sieve,['shellcode'],1,2024-11-02T01:12:02+0000,110837,3087,C++,431,[]
The-Art-of-Hacking/h4cker,"This repository is primarily maintained by Omar Santos (@santosomar) and includes thousands of resources related to ethical hacking, bug bounties, digital forensics and incident response (DFIR), artificial intelligence security, vulnerability research, exp",https://github.com/The-Art-of-Hacking/h4cker,['exploit'],1,2024-11-04T05:34:45+0000,100190,18832,Jupyter Notebook,3396,[]
david942j/one_gadget,The best tool for finding one gadget RCE in libc.so.6,https://github.com/david942j/one_gadget,"['exploit', 'rce']",2,2024-11-02T14:26:57+0000,14235,2061,Ruby,138,[]
maxkrivich/SlowLoris,Asynchronous Python implementation of SlowLoris DoS attack,https://github.com/maxkrivich/SlowLoris,['exploit'],1,2024-11-01T02:34:10+0000,262,95,Python,38,[]
xairy/linux-kernel-exploitation,A collection of links related to Linux kernel security and exploitation,https://github.com/xairy/linux-kernel-exploitation,['exploit'],1,2024-11-01T16:13:56+0000,460,5605,,975,[]
modernish/modernish,"Modernish is a library for writing robust, portable, readable, and powerful programs for POSIX-based shells and utilities.",https://github.com/modernish/modernish,['shellcode'],1,2024-11-03T11:41:38+0000,4725,755,Shell,20,[]
infoslack/awesome-web-hacking,A list of web application security,https://github.com/infoslack/awesome-web-hacking,['metasploit module OR payload'],1,2024-11-03T12:52:06+0000,141,5820,,1205,[]
