repo_id,repo_full_name,file,file_sha1,match
956982314,arkede/cve-2023,CVE-2023-1122.yaml,0001f4e075fbac48902039d5924bac24db9c31a1,CVE-2023-1122
956982314,arkede/cve-2023,CVE-2023-36381.yaml,001755928aa195c4165f3bd1323ec02d6029b897,CVE-2023-36381
956982314,arkede/cve-2023,CVE-2023-23491.yaml,002c7187a0c7325cc69893c38c6c6b1d172de826,CVE-2023-23491
956982314,arkede/cve-2023,CVE-2023-23752_1.yaml,005f19c7f21c825ba4ccbbd8566e9ec1010790ab,CVE-2023-23752
956982314,arkede/cve-2023,CVE-2023-1080_2.yaml,006152ed355e7ba06704d08a5a7ef622b824b838,CVE-2023-1080
956982314,arkede/cve-2023,CVE-2023-32518.yaml,0067371079d26b9598fe164634c5724687b9defb,CVE-2023-32518
956982314,arkede/cve-2023,CVE-2023-6034.yaml,0067540c65e9ea4777a13e24090bd24df95e25fe,CVE-2023-6034
956982314,arkede/cve-2023,CVE-2023-47531.yaml,00720941d091910a33653bc8340e81083519baf7,CVE-2023-47531
956982314,arkede/cve-2023,CVE-2023-34002.yaml,007469da2d14d50b547f666c98583ddd6f309c55,CVE-2023-34002
956982314,arkede/cve-2023,CVE-2023-34002.yaml,007469da2d14d50b547f666c98583ddd6f309c55,CVE-2023-2842
956982314,arkede/cve-2023,CVE-2023-0312.yaml,0088e41707de6156d93078547d697664d8ef5b2c,CVE-2023-0312
956982314,arkede/cve-2023,CVE-2023-3996.yaml,008a9c0d6b1997798548c97499a3d1afe5aafe68,CVE-2023-3996
956982314,arkede/cve-2023,CVE-2023-5005.yaml,0090be55135074b9252893b553d9e06ad66fdd3b,CVE-2023-5005
956982314,arkede/cve-2023,CVE-2023-5135.yaml,009c4f1c3ae26eef294c1096191b8c79dd5a4250,CVE-2023-5135
956982314,arkede/cve-2023,CVE-2023-26528.yaml,00a5024177ed05c541d6769d30f10754a3a0e9b3,CVE-2023-26528
956982314,arkede/cve-2023,CVE-2023-27032.yaml,00d48c87fdf5444e3c3110e2d4a58e82106b4b2a,CVE-2023-27032
956982314,arkede/cve-2023,CVE-2023-3277.yaml,00df98d0a2c0e256407445c6b6fa8bffc69aeadf,CVE-2023-3277
956982314,arkede/cve-2023,CVE-2023-24367.yaml,00eec3f3fabe9bd20f29ec7c09425ba7d6223c2c,CVE-2023-24367
956982314,arkede/cve-2023,CVE-2023-2836.yaml,00f2fe1335efdf66ebfd6dd049ea3368e5e0f481,CVE-2023-2836
956982314,arkede/cve-2023,CVE-2023-33313.yaml,00f9566082caa529d95eede985794823beab94d7,CVE-2023-33313
956982314,arkede/cve-2023,CVE-2023-23666.yaml,00f95ecc411876e1f5995275828f99a90e2ff076,CVE-2023-23666
956982314,arkede/cve-2023,CVE-2023-35098.yaml,010f43730be18f63aedc0f8528598c08a8deda61,CVE-2023-35098
956982314,arkede/cve-2023,CVE-2023-34192_1.yaml,01153a3aeef9f1aea54b741d9044dbc4261e59d2,CVE-2023-34192
956982314,arkede/cve-2023,CVE-2023-35911.yaml,011a9a4c295fc548371dc42d5755c776b83f206e,CVE-2023-35911
956982314,arkede/cve-2023,CVE-2023-50732.yaml,0124943807b15586630a76edeaf3998db2d11858,GHSA-P5F8-QF24-24CJ
956982314,arkede/cve-2023,CVE-2023-50732.yaml,0124943807b15586630a76edeaf3998db2d11858,CVE-2023-50732
956982314,arkede/cve-2023,CVE-2023-35878.yaml,01284881a162a6b77fe4b3344a72dc13d134a945,CVE-2023-35878
956982314,arkede/cve-2023,CVE-2023-32587.yaml,01348e97e29ade25e8e85a39da30a3fa1cd17183,CVE-2023-32587
956982314,arkede/cve-2023,CVE-2023-39164.yaml,01448de2f464071a664b88f8b80bc862649fccb6,CVE-2023-39164
956982314,arkede/cve-2023,CVE-2023-47759.yaml,01656b84530a7bac8e0bd23c2e989af7484f1051,CVE-2023-47759
956982314,arkede/cve-2023,CVE-2023-0406.yaml,0168a1c51d8e8f0f8562861963ea53e839656385,CVE-2023-0406
956982314,arkede/cve-2023,CVE-2023-51282.yaml,017054e72e71b7c97a85eef6d8a2f4e2caaf55b3,CVE-2023-51282
956982314,arkede/cve-2023,CVE-2023-6697.yaml,0170c38850643f22477e051440c68e47a7dd6be8,CVE-2023-6697
956982314,arkede/cve-2023,CVE-2023-47515.yaml,0179de2d0cfc2bf98c39a193debf87edebf3058b,CVE-2023-47515
956982314,arkede/cve-2023,CVE-2023-49760.yaml,01806b4081d0882b4027fe01cff57b79bb917046,CVE-2023-49760
956982314,arkede/cve-2023,CVE-2023-5640.yaml,0194a72d064c8509cfd2c3a0c498421620c17bd9,CVE-2023-5640
956982314,arkede/cve-2023,CVE-2023-49171.yaml,019dd56bf9a6a5ad63c67c6964642a90e5e3ed14,CVE-2023-49171
956982314,arkede/cve-2023,CVE-2023-36530.yaml,01b29f43bb7c7004fec5a485bebf0116596c00c4,CVE-2023-36530
956982314,arkede/cve-2023,CVE-2023-28422.yaml,01bfad08ca3cddf88c52624714a8501b56ca389a,CVE-2023-28422
956982314,arkede/cve-2023,CVE-2023-25026.yaml,01c18fa3e07fdefc324bb4672f790f2baeff1ba2,CVE-2023-25026
956982314,arkede/cve-2023,CVE-2023-3344.yaml,01c27ca301f6dff0541b8f422a096a6cd8750473,CVE-2023-3344
956982314,arkede/cve-2023,CVE-2023-52234.yaml,01ca435fdc61ae64e554de011ad15d410624036e,CVE-2023-52234
956982314,arkede/cve-2023,CVE-2023-4308.yaml,01d8d945b6d902b3b0ace05a7e56ed5033467614,CVE-2023-4308
956982314,arkede/cve-2023,CVE-2023-40207.yaml,01e0c18ec3e93100e42e9412fe942e9766375cc2,CVE-2023-40207
956982314,arkede/cve-2023,CVE-2023-34387.yaml,01e1c72dba900949be71d3aa3128e21d7654023e,CVE-2023-34387
956982314,arkede/cve-2023,CVE-2023-31088.yaml,01ec99738bcb3f53f001e12453901f611d133707,CVE-2023-31088
956982314,arkede/cve-2023,CVE-2023-1545.yaml,02036909b191a6d3a4315cefc0872fd978dfb944,CVE-2023-1545
956982314,arkede/cve-2023,CVE-2023-23878.yaml,021279eb27d8c058e9474b9cbb8c4756a45e3460,CVE-2023-23878
956982314,arkede/cve-2023,CVE-2023-37629_1.yaml,022bd603bbbfa2356f7e213c40b4bc47ea30b70c,CVE-2023-37629
956982314,arkede/cve-2023,CVE-2023-30872.yaml,02305bded528ac5e46fe7c2eeb0fbc081e095b55,CVE-2023-30872
956982314,arkede/cve-2023,CVE-2023-43472.yaml,02352f22f7347c7ca98b3eb51d6851fcba2f0b40,CVE-2023-43472
956982314,arkede/cve-2023,CVE-2023-4243.yaml,023d2710606f43ddab8f3cde9dc0d81552f4aec7,CVE-2023-4243
956982314,arkede/cve-2023,CVE-2023-47786.yaml,024005d5e4af9fb2a32fbb739d47ab35b39bab3d,CVE-2023-47786
956982314,arkede/cve-2023,CVE-2023-46805_1.yaml,024538c13ad62db9dd0d841eaa89d386f2f0c870,CVE-2024-21887
956982314,arkede/cve-2023,CVE-2023-46805_1.yaml,024538c13ad62db9dd0d841eaa89d386f2f0c870,CVE-2023-46805
956982314,arkede/cve-2023,CVE-2023-50887.yaml,024d0d29bd9e8d12995c5c00aa1e8bc26542c634,CVE-2023-50887
956982314,arkede/cve-2023,CVE-2023-49799.yaml,025d1db2b93636a2bb9526b28cda2a58d276f06e,GHSA-3WFP-253J-5JXV
956982314,arkede/cve-2023,CVE-2023-49799.yaml,025d1db2b93636a2bb9526b28cda2a58d276f06e,CVE-2023-49799
956982314,arkede/cve-2023,CVE-2023-43909.yaml,0262592a4e279cff671b15b620163d1d52e00d3c,CVE-2023-43909
956982314,arkede/cve-2023,CVE-2023-0431.yaml,026938200dcdd631be78deb297c5373b22eb6db7,CVE-2023-0431
956982314,arkede/cve-2023,CVE-2023-23717.yaml,027205851f9fddef793da6ee84f2fa713474b5a0,CVE-2023-23717
956982314,arkede/cve-2023,CVE-2023-47554.yaml,02738531971a80aa89607a5ce00bff7ebea7fbad,CVE-2023-47554
956982314,arkede/cve-2023,CVE-2023-25461.yaml,027d554af24261de5d40b2ee2b92c039c7e93eaf,CVE-2023-25461
956982314,arkede/cve-2023,CVE-2023-5668.yaml,027df98ca3df8f9fa3a5b2a437e1d7ef0a422cac,CVE-2023-5668
956982314,arkede/cve-2023,CVE-2023-28532.yaml,0285a5b86704dd7e5638878febf2e8ed17558664,CVE-2023-28532
956982314,arkede/cve-2023,CVE-2023-35843.yaml,02895f5f12887786934b33db9a15d8b33fcf1d86,CVE-2023-35843
956982314,arkede/cve-2023,CVE-2023-44985.yaml,029db9e15a39d905a6136a5994155f100009e435,CVE-2023-44985
956982314,arkede/cve-2023,CVE-2023-22686.yaml,02b61c370e79655b8a0b3f27106608efd52b240b,CVE-2023-22686
956982314,arkede/cve-2023,CVE-2023-36525.yaml,02b7846250d11b4241ed1348b1e50c5d13fa66ef,CVE-2023-36525
956982314,arkede/cve-2023,CVE-2023-3460.yaml,02b8c5ee36c2524dc11a93652b0652232ec3876f,CVE-2023-3460
956982314,arkede/cve-2023,CVE-2023-45654.yaml,02bde84009bbe6dc9f44e8f0afea62eb7571471b,CVE-2023-45654
956982314,arkede/cve-2023,CVE-2023-49492.yaml,02dc410ae80b8821438f9ef59229c45ed0ae0669,CVE-2023-49492
956982314,arkede/cve-2023,CVE-2023-5211.yaml,02fb80abbc4fb04a4fff95be7182d27d713b70bc,CVE-2023-5211
956982314,arkede/cve-2023,CVE-2023-31498.yaml,030b294a5ce935b807cdfeaf42b2f395807d1638,CVE-2023-31498
956982314,arkede/cve-2023,CVE-2023-0562.yaml,0310c5009d127bd2104d35735500d51f4321f122,CVE-2023-0562
956982314,arkede/cve-2023,CVE-2023-34027.yaml,033648be544b4da9535114b42fa47acadbc61845,CVE-2023-34027
956982314,arkede/cve-2023,CVE-2023-47528.yaml,03368ad026270ae6fd8e17312ebf5ae6d4b0327b,CVE-2023-47528
956982314,arkede/cve-2023,CVE-2023-5200.yaml,033c1ecea9b2a54b21579d078a99a82307099e18,CVE-2023-5200
956982314,arkede/cve-2023,CVE-2023-30472.yaml,03524aa99c03ba3da30a380953c246a53955b588,CVE-2023-30472
956982314,arkede/cve-2023,CVE-2023-40001.yaml,03939b5ce905694ff12725684c056c865c5bef46,CVE-2023-40001
956982314,arkede/cve-2023,CVE-2023-33996.yaml,03a1ce70a46159380079173670f498a83c60e633,CVE-2023-33996
956982314,arkede/cve-2023,CVE-2023-23748.yaml,03a1fd3c420d3347536382eb66a4971f14a3a9f3,CVE-2023-23748
956982314,arkede/cve-2023,CVE-2023-24378.yaml,03a97f96fb8f1380c097f3d2474aa98195c47060,CVE-2023-24378
956982314,arkede/cve-2023,CVE-2023-38964.yaml,03b48ad92119668fb6e83bb4d65f686be71735de,CVE-2023-38964
956982314,arkede/cve-2023,CVE-2023-47689.yaml,03bbfe3f68334535757511d5a7ce1538c725c304,CVE-2023-47689
956982314,arkede/cve-2023,CVE-2023-23714.yaml,03e2115474f0138a6dd065b87e13affbdbd2a82b,CVE-2023-23714
956982314,arkede/cve-2023,CVE-2023-6584.yaml,03f27b9acb97da8219920e36e5990a13c0a6a867,CVE-2023-6584
956982314,arkede/cve-2023,CVE-2023-40675.yaml,040cdaa7bba4f20e5faa80b01e887a9589fc25c3,CVE-2023-40675
956982314,arkede/cve-2023,CVE-2023-47771.yaml,0417268fef145bf86c2d9f7d94a22213825991f6,CVE-2023-47771
956982314,arkede/cve-2023,CVE-2023-49755.yaml,042c3657cb14df39af167a31287c413e2a6103f3,CVE-2023-49755
956982314,arkede/cve-2023,CVE-2023-2438.yaml,04311e4c5b29157511ca5276e156680d7e577d9a,CVE-2023-2438
956982314,arkede/cve-2023,CVE-2023-33213.yaml,0438df6324d7c1127a948b16bb2e4fb74686f0d0,CVE-2023-33213
956982314,arkede/cve-2023,CVE-2023-0677.yaml,043c8e47d44151daa92edf3f4a1c7c39d4d56c23,CVE-2023-0677
956982314,arkede/cve-2023,CVE-2023-32298.yaml,043d4e870acc54d8678af1e2fa2ef2ee731aadf7,CVE-2023-32298
956982314,arkede/cve-2023,CVE-2023-3636.yaml,043f88b4697f3619a88ed4b3b4a716f3a5e928cd,CVE-2023-3636
956982314,arkede/cve-2023,CVE-2023-33326.yaml,044264454dec83d9d7b742504e0388db5889100a,CVE-2023-33326
956982314,arkede/cve-2023,CVE-2023-25052.yaml,044c412799b89aae3e6e2e55ada77c673b121190,CVE-2023-25052
956982314,arkede/cve-2023,CVE-2023-37630.yaml,04614f064672c1ec6cd60657db6cabb7454c0e79,CVE-2023-37630
956982314,arkede/cve-2023,CVE-2023-0895.yaml,046c91843a1ddf5e406417791a530a1135f217ee,CVE-2023-0895
956982314,arkede/cve-2023,CVE-2023-3122.yaml,046f402386d2b8d3016f25cc2d48cfada204dc98,CVE-2023-3122
956982314,arkede/cve-2023,CVE-2023-6824.yaml,04830c9fb9c38cd8819e0f7155db0cce41d24dc9,CVE-2023-6824
956982314,arkede/cve-2023,CVE-2023-4974.yaml,048f7e8f0395a5182fa1e21718e2d73889fb9f2d,CVE-2023-4974
956982314,arkede/cve-2023,CVE-2023-2895.yaml,04aa7f548edf8fc8d452f33d82528888efc6ae51,CVE-2023-2895
956982314,arkede/cve-2023,CVE-2023-0285.yaml,04ab443a05f6a18d46cac671575ceb7b1bfe2843,CVE-2023-0285
956982314,arkede/cve-2023,CVE-2023-46644.yaml,04baa6f7447ad79b6a63ffdd505a0876f29a4b99,CVE-2023-46644
956982314,arkede/cve-2023,CVE-2023-31232.yaml,04edf178cf98f9e08c0d195ac9f8a78721b0abf4,CVE-2023-31232
956982314,arkede/cve-2023,CVE-2023-50903.yaml,04f5e96317b28dc41ad0e38987622f89cac888b3,CVE-2023-50903
956982314,arkede/cve-2023,CVE-2023-23161.yaml,04f8828b46ab4f7e3495f07f7ad904c55c3eb0d8,CVE-2023-23161
956982314,arkede/cve-2023,CVE-2023-47853.yaml,050f5b969aa90d996623e27327e36b58fb801665,CVE-2023-47853
956982314,arkede/cve-2023,CVE-2023-7088.yaml,051087c77cc0e35de2923123baff6d427820a32d,CVE-2023-7088
956982314,arkede/cve-2023,CVE-2023-24416.yaml,051d3823301a3f1e436448327d36e095b1f0eaed,CVE-2023-24416
956982314,arkede/cve-2023,CVE-2023-0364.yaml,051edf3322fef0e9d89158b58306be940f27ed58,CVE-2023-0364
956982314,arkede/cve-2023,CVE-2023-2764.yaml,0522a4d469bc1d8ecf57e28865c2b93bf206fe5c,CVE-2023-2764
956982314,arkede/cve-2023,CVE-2023-0067.yaml,053bb0d8d6a6d7c9dd336b68e8ba23e4bfedb904,CVE-2023-0067
956982314,arkede/cve-2023,CVE-2023-22717.yaml,0540bf4b16b6a5435df858d89a9f5427392ee402,CVE-2023-22717
956982314,arkede/cve-2023,CVE-2023-28496.yaml,054e191db629e69c373f9ddb394c64b53f1e246a,CVE-2023-28496
956982314,arkede/cve-2023,CVE-2023-3408.yaml,05677306d283593f52a05fce3e4f50bfc2d61879,CVE-2023-3408
956982314,arkede/cve-2023,CVE-2023-5096.yaml,056dca3df647b8a6b9677c86a8f2da20a7093fec,CVE-2023-5096
956982314,arkede/cve-2023,CVE-2023-23792.yaml,05779c74cd3ee327750cb9f817cc67ffa5b7cd5e,CVE-2023-23792
956982314,arkede/cve-2023,CVE-2023-37986.yaml,0578a14cc59c1bae308943a04773e2c1af02b9ea,CVE-2023-37986
956982314,arkede/cve-2023,CVE-2023-46618.yaml,057df6bc40bbc3ca9fe9d51123ce99288c894816,CVE-2023-46618
956982314,arkede/cve-2023,CVE-2023-44809.yaml,0583894e340fa5dbd4b386dd8d074ef0f9075b80,CVE-2023-44809
956982314,arkede/cve-2023,CVE-2023-29300_1.yaml,058aae0088baca6c4104fd3ed918e5c69b98c06f,CVE-2023-29300
956982314,arkede/cve-2023,CVE-2023-5741.yaml,059096f0db41ac287a2fbfff86e32272c58551fd,CVE-2023-5741
956982314,arkede/cve-2023,CVE-2023-1177_1.yaml,0597fd3928a78cb715bd3c5af3d98538afd0eb7e,CVE-2023-1177
956982314,arkede/cve-2023,CVE-2023-42793.yaml,05a2b0afecd8f1c2c4d0cde587ccd59c6c334e85,CVE-2023-42793
956982314,arkede/cve-2023,CVE-2023-23924.yaml,05a64fe12a1861d6fca0021e73f1a82793ba72dd,CVE-2023-23924
956982314,arkede/cve-2023,CVE-2023-23924.yaml,05a64fe12a1861d6fca0021e73f1a82793ba72dd,GHSA-3CW5-7CXW-V5QG
956982314,arkede/cve-2023,CVE-2023-4482.yaml,05a9e60c8c1d36559c801e147b09073f93b2c4a6,CVE-2023-4482
956982314,arkede/cve-2023,CVE-2023-34173.yaml,05b0fe11ebd5ade600b26668b6497da27a49ea03,CVE-2023-34173
956982314,arkede/cve-2023,CVE-2023-52029.yaml,05b774f502c41aa2ed94de53bc3ab1566c43b411,CVE-2023-52029
956982314,arkede/cve-2023,CVE-2023-25454.yaml,05bea39b106fb80e9621773fd681f9572ec01190,CVE-2023-25454
956982314,arkede/cve-2023,CVE-2023-2825_1.yaml,05c22f1ab260687827e98d9eddab16c82012cc8e,CVE-2023-2825
956982314,arkede/cve-2023,CVE-2023-37580_1.yaml,05c627b76d0ee6c8933ae7718273170cb1d01328,CVE-2023-37580
956982314,arkede/cve-2023,CVE-2023-33215.yaml,05cb26112b6eab7bc6f79df43bbc0c5285353c45,CVE-2023-33215
956982314,arkede/cve-2023,CVE-2023-50250.yaml,05d14ab75b2b39f08c88b9f40c083ecdde344e39,CVE-2023-50250
956982314,arkede/cve-2023,CVE-2023-41237.yaml,05e2fa817acfd33828459d4e9511929e851a9dd3,CVE-2023-41237
956982314,arkede/cve-2023,CVE-2023-28989.yaml,05e4163ce771adc39471a348eea80692bc511575,CVE-2023-28989
956982314,arkede/cve-2023,CVE-2023-34184.yaml,060970979dff28a239c76c2a28b6a70134013a46,CVE-2023-34184
956982314,arkede/cve-2023,CVE-2023-37388.yaml,060cd9e45dc1d6ce8282f0459908dd02c473baea,CVE-2023-37388
956982314,arkede/cve-2023,CVE-2023-34261.yaml,0621959e84bdc0acbe8a88d5d7e5f3b926944949,CVE-2023-34261
956982314,arkede/cve-2023,CVE-2023-2201.yaml,0631c81064d1df490bdd7f6df016a9d4cac59604,CVE-2023-2201
956982314,arkede/cve-2023,CVE-2023-49743.yaml,0644c3bb977a94f20a37cd97d273f6357bfb7327,CVE-2023-49743
956982314,arkede/cve-2023,CVE-2023-0942_2.yaml,0657077580040ff68106d4a1639bff399ba0bee3,CVE-2023-0942
956982314,arkede/cve-2023,CVE-2023-23723.yaml,0657cfb6dbe0ed71009ce352321435a9783ca87b,CVE-2023-23723
956982314,arkede/cve-2023,CVE-2023-36345.yaml,06645cfc888b49a589b26d63e0afc5df4164eaf6,CVE-2023-36345
956982314,arkede/cve-2023,CVE-2023-37967.yaml,06655b7e0880aa627f329fd0b99657faaf5bfb80,CVE-2023-37967
956982314,arkede/cve-2023,CVE-2023-26255.yaml,06675641fcc318f24e6cde05ed7a794b6146da1f,CVE-2023-26255
956982314,arkede/cve-2023,CVE-2023-5525.yaml,0668f5f63e7ac6b8473e0dfbd0879e8392858baf,CVE-2023-5525
956982314,arkede/cve-2023,CVE-2023-25786.yaml,0678eb1ca8998c088890d2b1abac78bc98636fe3,CVE-2023-25786
956982314,arkede/cve-2023,CVE-2023-0255.yaml,0692e54cb82f5cab37feb9f0b225d5b7fdb16a0d,CVE-2023-0255
956982314,arkede/cve-2023,CVE-2023-32965.yaml,0697e5274d66e02c0a1fd6d5ec3fb912bc7421a5,CVE-2023-32965
956982314,arkede/cve-2023,CVE-2023-0689.yaml,06b2677558c4ea5c7ec02fc49fa3a4e7d4c34b70,CVE-2023-0689
956982314,arkede/cve-2023,CVE-2023-23718.yaml,071722a58b5402009750705ce4b1072335980d40,CVE-2023-23718
956982314,arkede/cve-2023,CVE-2023-3545.yaml,072498f75f2db2d224c0869d2419534f1f8e9f62,CVE-2023-3545
956982314,arkede/cve-2023,CVE-2023-33923.yaml,072998c05e25ad46a83a406efd2a6a0cf3c5e29f,CVE-2023-33923
956982314,arkede/cve-2023,CVE-2023-39007_1.yaml,07320bd6fcf198094b6b10600e34a0ef1f901388,CVE-2023-39007
956982314,arkede/cve-2023,CVE-2023-0563_1.yaml,073288909daac2e0962962639a04349375cbf6a5,CVE-2023-0563
956982314,arkede/cve-2023,CVE-2023-26009.yaml,0736518bbd6cfe33f9e0cb9aa606ad39fd5d0e3f,CVE-2023-26009
956982314,arkede/cve-2023,CVE-2023-23654.yaml,07414aedea435286f3409e7e82e3c74b65fb4659,CVE-2023-23654
956982314,arkede/cve-2023,CVE-2023-47647.yaml,0746a7cb2b0351647a8bef8d2598bc431d530225,CVE-2023-47647
956982314,arkede/cve-2023,CVE-2023-27640.yaml,074b3d547315b8100a19f9f0cfd3a163a982b1cb,CVE-2023-27640
956982314,arkede/cve-2023,CVE-2023-51521.yaml,07513308f49141c6683eacb9d4a20ae36cdec722,CVE-2023-51521
956982314,arkede/cve-2023,CVE-2023-34756.yaml,075451de9b5d3e68f73e14fb487e4a0e1776001b,CVE-2023-34756
956982314,arkede/cve-2023,CVE-2023-30498.yaml,075782a265615d3c58f8472ef673fc406baddffc,CVE-2023-30498
956982314,arkede/cve-2023,CVE-2023-49188.yaml,075fb6ce458b00b2a8fb9406a556ed95849ef11d,CVE-2023-49188
956982314,arkede/cve-2023,CVE-2023-47645.yaml,076129187c36738fbb4d6ba583b3bb8016b35f0d,CVE-2023-47645
956982314,arkede/cve-2023,CVE-2023-40663.yaml,0767ca2965a1fa28df07d6a5cd0c70ab8baa006a,CVE-2023-40663
956982314,arkede/cve-2023,CVE-2023-27457.yaml,0775f45fc15c36f27d855045b44f52591e76a5b4,CVE-2023-27457
956982314,arkede/cve-2023,CVE-2023-26016.yaml,07a79c3bdebc63603c9e65f49b65519eaf4baf0d,CVE-2023-26016
956982314,arkede/cve-2023,CVE-2023-5955.yaml,07aa25168f79c1b714f353337375d0224a17698e,CVE-2023-5955
956982314,arkede/cve-2023,CVE-2023-49770.yaml,07bf361270427cd6f41ee6b720ec9b2ad469b3cd,CVE-2023-49770
956982314,arkede/cve-2023,CVE-2023-5601.yaml,07ccd9af82564cbc56e46e2d85b653fcdd5f50be,CVE-2023-5601
956982314,arkede/cve-2023,CVE-2023-2780.yaml,07d76941120bd591977ccc108516d6db7b2e2442,CVE-2023-2780
956982314,arkede/cve-2023,CVE-2023-6785.yaml,07db504db0017a371f4ebb9224557124c2fd09a3,CVE-2023-6785
956982314,arkede/cve-2023,CVE-2023-0725.yaml,07e3c146a232cdb3baf8b11f9eff0d0ae71d27a9,CVE-2023-0725
956982314,arkede/cve-2023,CVE-2023-39650.yaml,07e498c312b0be3d107271772bfea1befde7ab01,CVE-2023-39650
956982314,arkede/cve-2023,CVE-2023-6225.yaml,07ede14d22cdc23cf4cc4343145e8989abc466d5,CVE-2023-6225
956982314,arkede/cve-2023,CVE-2023-2608.yaml,07ff12c43ae1c8073d7ae31346907835811fcf33,CVE-2023-2608
956982314,arkede/cve-2023,CVE-2023-45655.yaml,080c542cd2c7346eff434efa511bc4727d42a3d8,CVE-2023-45655
956982314,arkede/cve-2023,CVE-2023-5362.yaml,080c64c11fe380526d8d8ace11fec35d8fb1a267,CVE-2023-5362
956982314,arkede/cve-2023,CVE-2023-47838.yaml,080f7376efa0d8bad78717d91f139ccb133241ea,CVE-2023-47838
956982314,arkede/cve-2023,CVE-2023-0777.yaml,0810159ad314fd60742533947dcc8230ab63c824,CVE-2023-0777
956982314,arkede/cve-2023,CVE-2023-0559.yaml,0836fa45fec44631c9b70324b7a5977939870bad,CVE-2023-0559
956982314,arkede/cve-2023,CVE-2023-50094.yaml,083f8dcd14839107bbe49a41f9848b58f8d26316,CVE-2023-50094
956982314,arkede/cve-2023,CVE-2023-4937.yaml,085c5627b02b3769fe83fffdc1c06f14bd19994d,CVE-2023-4937
956982314,arkede/cve-2023,CVE-2023-47549.yaml,08710b573f4dd7240e2c437fe097b4439536ff09,CVE-2023-47549
956982314,arkede/cve-2023,CVE-2023-0526.yaml,08b1f8164f0713b44db6c142aca596842d011511,CVE-2023-0526
956982314,arkede/cve-2023,CVE-2023-3320.yaml,08b2bc357e716e27b996847bd286160a1e81c9da,CVE-2023-3320
956982314,arkede/cve-2023,CVE-2023-0438.yaml,08d18bde3d8ea44838bbdca992b3c0d45583b231,CVE-2023-0438
956982314,arkede/cve-2023,CVE-2023-1405.yaml,08d19d7e2b1958bb38c8d823e1679f883bda1848,CVE-2023-1405
956982314,arkede/cve-2023,CVE-2023-6219.yaml,08dc863c5cee06615697a77a351fe58033006022,CVE-2023-6219
956982314,arkede/cve-2023,CVE-2023-0893.yaml,08dce1b46c1c512351bcaf3dfca1229bf672d650,CVE-2023-0893
956982314,arkede/cve-2023,CVE-2023-5756.yaml,08df84d5160e0ee6969e78aa670777f87439c6ec,CVE-2023-5756
956982314,arkede/cve-2023,CVE-2023-20889_2.yaml,08dffb50523b65314d66f11933aef18c2ae84066,CVE-2023-20889
956982314,arkede/cve-2023,CVE-2023-20889_2.yaml,08dffb50523b65314d66f11933aef18c2ae84066,ZDI-23-842
956982314,arkede/cve-2023,CVE-2023-32296.yaml,08e15315dcae4deb92923ba2b9ccbcffc9420167,CVE-2023-32296
956982314,arkede/cve-2023,CVE-2023-5977.yaml,08e309d591f47e1d67becebbb131bb8d2e2b50f8,CVE-2023-5977
956982314,arkede/cve-2023,CVE-2023-23832.yaml,09038b48ee0caa909ea7797203c81859dc7c2b1b,CVE-2023-23832
956982314,arkede/cve-2023,CVE-2023-27180.yaml,090bda1d31d42034fe66a03e4fbd09ad69bb1a3e,CVE-2023-27180
956982314,arkede/cve-2023,CVE-2023-33625_1.yaml,0911faca43ccf0d3d590bc8ae45cedf1cf093131,CVE-2023-33625
956982314,arkede/cve-2023,CVE-2023-43875.yaml,09160ef259d61184a2e196794f77ff2382471824,CVE-2023-43875
956982314,arkede/cve-2023,CVE-2023-37628.yaml,092f7692c8bf00f2679b2471ecf47b9c45334038,CVE-2023-37628
956982314,arkede/cve-2023,CVE-2023-50386.yaml,09491ce41549870e94172332d855326692e98b6c,VU#315
956982314,arkede/cve-2023,CVE-2023-50386.yaml,09491ce41549870e94172332d855326692e98b6c,CVE-2023-50386
956982314,arkede/cve-2023,CVE-2023-50386.yaml,09491ce41549870e94172332d855326692e98b6c,VU#4365
956982314,arkede/cve-2023,CVE-2023-50386.yaml,09491ce41549870e94172332d855326692e98b6c,VU#96
956982314,arkede/cve-2023,CVE-2023-6529.yaml,095c4adc9969e15986671bff7fcccacfa534f2a6,CVE-2023-6529
956982314,arkede/cve-2023,CVE-2023-23809.yaml,0979e895d157a3fb2ea93b0dff88b5d41fe4577a,CVE-2023-23809
956982314,arkede/cve-2023,CVE-2023-51405.yaml,099185868ea03b672b57376bc70bbc4a56f96011,CVE-2023-51405
956982314,arkede/cve-2023,CVE-2023-38400.yaml,099956e64b91454776854c8c66dc927b930cb44b,CVE-2023-38400
956982314,arkede/cve-2023,CVE-2023-0546.yaml,099c41150e9b2612a53598cd1d9ea257202655a9,CVE-2023-0546
956982314,arkede/cve-2023,CVE-2023-4645.yaml,09aa81ce75889583c22192c1f540974b6cdd9fa9,CVE-2023-4645
956982314,arkede/cve-2023,CVE-2023-47774.yaml,09abfecdd9cdd172d0753d1d3ff2a41981cf6331,CVE-2023-47774
956982314,arkede/cve-2023,CVE-2023-4321.yaml,09bb50f1ffa9743869c776bbad850f15ae36b82e,CVE-2023-4321
956982314,arkede/cve-2023,CVE-2023-32595.yaml,09bbe40fcdb31e5e33d3621ff6653bc295b25179,CVE-2023-32595
956982314,arkede/cve-2023,CVE-2023-23650.yaml,09cc694f149cc198a0c5114c24703e74e0be5508,CVE-2023-23650
956982314,arkede/cve-2023,CVE-2023-33211.yaml,09d69abec46b903677159aac5b21bef77dbf58fe,CVE-2023-33211
956982314,arkede/cve-2023,CVE-2023-2523.yaml,09e63e9b8190f691b8f0db1de8ae02e2a7dd42d3,CVE-2023-2523
956982314,arkede/cve-2023,CVE-2023-2701.yaml,09f76b8ae9abfed6086cc4294e780594b1902ab7,CVE-2023-2701
956982314,arkede/cve-2023,CVE-2023-47808.yaml,0a0caed45b71a897ba3a97f168418e572b3ad86a,CVE-2023-47808
956982314,arkede/cve-2023,CVE-2023-44245.yaml,0a0e632bd6efb4dfde74560864e59e3be3cfe2c5,CVE-2023-44245
956982314,arkede/cve-2023,CVE-2023-5307.yaml,0a2758f81299ec9196085c76789c003e1cfba253,CVE-2023-5307
956982314,arkede/cve-2023,CVE-2023-39157.yaml,0a28aa075f5f23ad191cd019892df7b840e4c764,CVE-2023-39157
956982314,arkede/cve-2023,CVE-2023-33831_2.yaml,0a2a23223fc63497dc033c19e0b6e7661f7c0c06,CVE-2023-33831
956982314,arkede/cve-2023,CVE-2023-29923_3.yaml,0a2e8c4b6921c860ff1f37d62aa942151bde6265,CVE-2023-29923
956982314,arkede/cve-2023,CVE-2023-29623_1.yaml,0a3c4f7cbeb3ce6975f0c61487bc5c849e46ab79,CVE-2023-29623
956982314,arkede/cve-2023,CVE-2023-52218.yaml,0a425246ef1b84cc88dc2be836870bb8372e3909,CVE-2023-52218
956982314,arkede/cve-2023,CVE-2023-22432_1.yaml,0a48ae6062fdcc79b9c1cd09292e0a5d08f76480,CVE-2023-22432
956982314,arkede/cve-2023,CVE-2023-51668.yaml,0a5bd3e7b56c30e067ad52a543aa8e68511e421a,CVE-2023-51668
956982314,arkede/cve-2023,CVE-2023-4023.yaml,0a7df1151e7d3b276a0b69c5da40da46c43cc6e8,CVE-2023-4023
956982314,arkede/cve-2023,CVE-2023-6567_2.yaml,0a7fedde7ec2ac7ec9fc65018c7dd3359d9f0fa7,CVE-2023-6567
956982314,arkede/cve-2023,CVE-2023-6444_1.yaml,0a82a1e5e41a83c6ca66177c063a3ea95cc0171f,CVE-2023-6444
956982314,arkede/cve-2023,CVE-2023-6591.yaml,0a87758b14e8921af06b81445b16edc3f5ce2407,CVE-2023-6591
956982314,arkede/cve-2023,CVE-2023-0947.yaml,0a8811ecbac66028cc7ad96c24d4a7500537379f,CVE-2023-0947
956982314,arkede/cve-2023,CVE-2023-0292.yaml,0a8e2437a94a6adef61de9fdb0969b9f99649aa7,CVE-2023-0292
956982314,arkede/cve-2023,CVE-2023-1835_1.yaml,0a952460cce5463c54ae68fca72f4c1bec74ec54,CVE-2023-1835
956982314,arkede/cve-2023,CVE-2023-0983.yaml,0aaba8d62070da2195e34b41c98cfcdd547e7ae0,CVE-2023-0983
956982314,arkede/cve-2023,CVE-2023-2356_2.yaml,0ab5b9631c9179e4f7b1917714570a0afe9af2ee,CVE-2023-2356
956982314,arkede/cve-2023,CVE-2023-6166.yaml,0ab6a5b66473abb9ef5c5c04a7cb820ea1e522e1,CVE-2023-6166
956982314,arkede/cve-2023,CVE-2023-23660.yaml,0ab6f9e2e7ce8d499106ca967e62493721355154,CVE-2023-23660
956982314,arkede/cve-2023,CVE-2023-44999.yaml,0ac4224634ad419f5eb175ba5e77649764638af0,CVE-2023-44999
956982314,arkede/cve-2023,CVE-2023-46068.yaml,0ad956f57be87fb7d3346ee12dcd172ec3447cd8,CVE-2023-46068
956982314,arkede/cve-2023,CVE-2023-47519.yaml,0ae179a1db2f8e1e5cd582bebb6f36d29572d246,CVE-2023-47519
956982314,arkede/cve-2023,CVE-2023-34756_1.yaml,0b047d7507c88393767381e7fe2ddf08284642a8,CVE-2023-34756
956982314,arkede/cve-2023,CVE-2023-4469.yaml,0b05f3b782a8ece05194f9c9ad21d778fad1e993,CVE-2023-4469
956982314,arkede/cve-2023,CVE-2023-51497.yaml,0b09d0e226aef047caf1f22ef22ed0a834b9fc01,CVE-2023-51497
956982314,arkede/cve-2023,CVE-2023-23710.yaml,0b139699210748421bf71110f265611905069e9b,CVE-2023-23710
956982314,arkede/cve-2023,CVE-2023-32742.yaml,0b2e14acde752b8f2e6a43a8964e24be76af73d8,CVE-2023-32742
956982314,arkede/cve-2023,CVE-2023-36385.yaml,0b3a3b9eef26cd7dd9bd2f550416f6a9d2d752f0,CVE-2023-36385
956982314,arkede/cve-2023,CVE-2023-6583.yaml,0b5436693ad6c7b73366a35f4bb40d79bef954ae,CVE-2023-6583
956982314,arkede/cve-2023,CVE-2023-47177.yaml,0b580dc007bc9a72bade352cd33f87b498a93f5a,CVE-2023-47177
956982314,arkede/cve-2023,CVE-2023-27068.yaml,0b5d631189a28d77c6da36064b6dc367f3d89cfb,CVE-2023-27068
956982314,arkede/cve-2023,CVE-2023-31212.yaml,0b5f77eeef4eddf82443d6f91ce4ff6dbd4d9bb6,CVE-2023-31212
956982314,arkede/cve-2023,CVE-2023-29489.yaml,0b6a24bca1abe7805477419ee013aded1dbd7df9,CVE-2023-29489
956982314,arkede/cve-2023,CVE-2023-35048.yaml,0b6fae66f71166812de680216dd22039c6d37bfb,CVE-2023-35048
956982314,arkede/cve-2023,CVE-2023-25135.yaml,0b74481e552b1aed5d1422d0e553e378338d0272,CVE-2023-25135
956982314,arkede/cve-2023,CVE-2023-0520.yaml,0b8c2f4725d046bde36bd93f8646fbc18435c20d,CVE-2023-0520
956982314,arkede/cve-2023,CVE-2023-44811.yaml,0b8ecd4a38bab58082b9447ae03d55ac19a280bd,CVE-2023-44811
956982314,arkede/cve-2023,CVE-2023-47829.yaml,0b8fbb987918d5dfd565235e0f1eff4a4a150c6e,CVE-2023-47829
956982314,arkede/cve-2023,CVE-2023-31446.yaml,0ba3222752c4cc2de6941cdce24a66042f78e1c3,GHSA-89PH-WR9X-HCFC
956982314,arkede/cve-2023,CVE-2023-31446.yaml,0ba3222752c4cc2de6941cdce24a66042f78e1c3,CVE-2023-31446
956982314,arkede/cve-2023,CVE-2023-25450.yaml,0baa4bab167f9b0f45f22dc3ecbca0f4b6ddeedc,CVE-2023-25450
956982314,arkede/cve-2023,CVE-2023-41854.yaml,0bd42d5314b394345f1de54a6ccfc0cad357f88f,CVE-2023-41854
956982314,arkede/cve-2023,CVE-2023-5162.yaml,0bd717f93aebb682a7073a1a68eb82a044c329b2,CVE-2023-5162
956982314,arkede/cve-2023,CVE-2023-31075.yaml,0bdb9a0c5f6ac45dd9517a6b87196449ddf524e9,CVE-2023-31075
956982314,arkede/cve-2023,CVE-2023-26035_1.yaml,0be0bf85dd852a1a7beed98f5fdc58ea4820e04c,GHSA-72RG-H4VF-29GR
956982314,arkede/cve-2023,CVE-2023-26035_1.yaml,0be0bf85dd852a1a7beed98f5fdc58ea4820e04c,CVE-2023-26035
956982314,arkede/cve-2023,CVE-2023-4404.yaml,0bea859eae9cca2989fac0d63d27ffc6606e1a1f,CVE-2023-4404
956982314,arkede/cve-2023,CVE-2023-33338_1.yaml,0beb4d9dfdce46dbca6e5e837ce69ff713a506b3,CVE-2023-33338
956982314,arkede/cve-2023,CVE-2023-38646_2.yaml,0bf266cd2fe03679e5cbf50f019a27b92e5f4bdc,CVE-2023-38646
956982314,arkede/cve-2023,CVE-2023-47521.yaml,0bf4d7d42463322dbd0fa9dbd353474dff24db12,CVE-2023-47521
956982314,arkede/cve-2023,CVE-2023-40748.yaml,0c02a6a484342ffa6faa82109d40725e5d61f110,CVE-2023-40748
956982314,arkede/cve-2023,CVE-2023-23973.yaml,0c10ed0e6b931ab6c688393fc951e2faf67e7a2a,CVE-2023-23973
956982314,arkede/cve-2023,CVE-2023-27606.yaml,0c13a99e8860aaa8915ed8764d8ce7d3f3d2d36c,CVE-2023-27606
956982314,arkede/cve-2023,CVE-2023-29923.yaml,0c1b3b7a13d9b46e7a3ccb90765aad65b93a1236,CVE-2023-29923
956982314,arkede/cve-2023,CVE-2023-40662.yaml,0c3241d0136d78666ccefa661376bf326c93675a,CVE-2023-40662
956982314,arkede/cve-2023,CVE-2023-0726.yaml,0c3583b69bc887dac8bcaa47234b625f58314205,CVE-2023-0726
956982314,arkede/cve-2023,CVE-2023-32517.yaml,0c46503aa9407969042c95ce860692f6ffd3a9c3,CVE-2023-32517
956982314,arkede/cve-2023,CVE-2023-47779.yaml,0c4c2ccca0fd9a6f002f835874d3a0b53bbefe94,CVE-2023-47779
956982314,arkede/cve-2023,CVE-2023-46092.yaml,0c564a267e5feef1aa5384289f6c0b2805d397af,CVE-2023-46092
956982314,arkede/cve-2023,CVE-2023-35775.yaml,0c581d546b461ab4732f8b9d3ea49ec5e630bd9b,CVE-2023-35775
956982314,arkede/cve-2023,CVE-2023-28432_1.yaml,0c6b7600eefe722b6c70e540807f7986a0cf5732,CVE-2023-28432
956982314,arkede/cve-2023,CVE-2023-28432_1.yaml,0c6b7600eefe722b6c70e540807f7986a0cf5732,GHSA-6XVQ-WJ2X-3H3Q
956982314,arkede/cve-2023,CVE-2023-4151.yaml,0c6d74df215690991abfb72ed633b4684c479297,CVE-2023-4151
956982314,arkede/cve-2023,CVE-2023-23991.yaml,0c8973657c68fd4f59b5ae58bfe38359959e31fd,CVE-2023-23991
956982314,arkede/cve-2023,CVE-2023-47824.yaml,0c8ddf2439d8b6b9b07bc4f05688f020651c9b7b,CVE-2023-47824
956982314,arkede/cve-2023,CVE-2023-23489_2.yaml,0ca97bb625c61fdaa1156817ddc4ef0abcbec273,CVE-2023-23489
956982314,arkede/cve-2023,CVE-2023-1623.yaml,0cad79bd264f47b345cde565b9a6c32f21b581ce,CVE-2023-1623
956982314,arkede/cve-2023,CVE-2023-2805.yaml,0cb28883e3f01f9e3a4e0748af79a4ad0e85dcf8,CVE-2023-2805
956982314,arkede/cve-2023,CVE-2023-5050.yaml,0cdad893674409880e3c8572982ff1ca385eb95f,CVE-2023-5050
956982314,arkede/cve-2023,CVE-2023-0055.yaml,0cde9644531fbb50199897f1befbaca5ae51b2a0,CVE-2023-0055
956982314,arkede/cve-2023,CVE-2023-7028_1.yaml,0ce7fc4083aa99ba9c914582ed064b84b50d22a2,CVE-2023-7028
956982314,arkede/cve-2023,CVE-2023-46822.yaml,0cf2d0b81f07b38dd97bf2bcdd7fe3863a782695,CVE-2023-46822
956982314,arkede/cve-2023,CVE-2023-37888.yaml,0d1b04910276f849dddfdca846fae78fe07e383a,CVE-2023-37888
956982314,arkede/cve-2023,CVE-2023-2326.yaml,0d25a1121995bbd0629990b3c3e047d3e2f4d01e,CVE-2023-2326
956982314,arkede/cve-2023,CVE-2023-39990.yaml,0d2e0f50b82a47167239114113450a9b9b106428,CVE-2023-39990
956982314,arkede/cve-2023,CVE-2023-46076.yaml,0d414aa034a1d251505bbd3e788b47edef24f2e9,CVE-2023-46076
956982314,arkede/cve-2023,CVE-2023-28751.yaml,0d499f248527e7d50546da5a90844b7840cc7507,CVE-2023-28751
956982314,arkede/cve-2023,CVE-2023-6967.yaml,0d54eb5d7eaec942330fd495e2bf26dec7ca925d,CVE-2023-6967
956982314,arkede/cve-2023,CVE-2023-41865.yaml,0d63c5999227ac862beedde037889a39bc14e085,CVE-2023-41865
956982314,arkede/cve-2023,CVE-2023-30943_2.yaml,0d69bdceb77a742047c6c51eb8990082f537a68c,CVE-2023-30943
956982314,arkede/cve-2023,CVE-2023-36511.yaml,0d7926b7feea0546633f4bc13c47bd1f6fbd16a0,CVE-2023-36511
956982314,arkede/cve-2023,CVE-2023-0968.yaml,0d927e1f52110cd104e4e8863f9d634272f0a847,CVE-2023-0968
956982314,arkede/cve-2023,CVE-2023-48758.yaml,0d9c60b67df5dc583ed6213511ff5fc6fe5f65b8,CVE-2023-48758
956982314,arkede/cve-2023,CVE-2023-0167.yaml,0d9c72bcef1dc8c20aa032b43fe8b8f07800cf2d,CVE-2023-0167
956982314,arkede/cve-2023,CVE-2023-23671.yaml,0da34b84cc4c27b4d8660c5628d9e79f8f48f53d,CVE-2023-23671
956982314,arkede/cve-2023,CVE-2023-29441.yaml,0daf047c420295a8a92c867971d5395f016e3034,CVE-2023-29441
956982314,arkede/cve-2023,CVE-2023-23641.yaml,0db7515556059cc6950459b3d81fcf6a25866e7a,CVE-2023-23641
956982314,arkede/cve-2023,CVE-2023-50873.yaml,0dcf0e48e4cf8e6757c61d8bf280cff643d6fe0d,CVE-2023-50873
956982314,arkede/cve-2023,CVE-2023-52188.yaml,0dd473576afb794f2cf841a5767e2a62519f89cd,CVE-2023-52188
956982314,arkede/cve-2023,CVE-2023-51512.yaml,0de1ee8f6694bd332b5244ec7fcfb0f1d7a909ea,CVE-2023-51512
956982314,arkede/cve-2023,CVE-2023-6748.yaml,0de5d5f795e18ce43539e8554b3ed999cc2ce311,CVE-2023-6748
956982314,arkede/cve-2023,CVE-2023-0144.yaml,0df2980839186a93dd1d31f28cfe5a46cb564cf2,CVE-2023-0144
956982314,arkede/cve-2023,CVE-2023-27619.yaml,0df7f82a88b1d3fd4370cac9ca6f057cdba7dadd,CVE-2023-27619
956982314,arkede/cve-2023,CVE-2023-41849.yaml,0e0e7620fbfddecc4a144f1c7e6142741af21c13,CVE-2023-41849
956982314,arkede/cve-2023,CVE-2023-32499.yaml,0e658f146b144d6184516ef4b3ee94f58402c504,CVE-2023-32499
956982314,arkede/cve-2023,CVE-2023-3198.yaml,0eaddf4e79bbe521217b080b8de35c8e8d9feb9a,CVE-2023-3198
956982314,arkede/cve-2023,CVE-2023-27292_2.yaml,0ebef1533552ad048000fdb81c42c5951451fedb,CVE-2023-27292
956982314,arkede/cve-2023,CVE-2023-6966.yaml,0ec1618cf3db64f50f699cde1c32b12f7efe572d,CVE-2023-6966
956982314,arkede/cve-2023,CVE-2023-46615.yaml,0ec2c8efac03e01c062e96c82129ad8d3c015a73,CVE-2023-46615
956982314,arkede/cve-2023,CVE-2023-34960.yaml,0ec78ed16f8cc9414250d7ad133142afcff81796,CVE-2023-34960
956982314,arkede/cve-2023,CVE-2023-28533.yaml,0ecbc9beb45be4a9e636b4cc886022b0cf4f1461,CVE-2023-28533
956982314,arkede/cve-2023,CVE-2023-47765.yaml,0ee637521a9f48ae91e9f78baa8115e5e90b002d,CVE-2023-47765
956982314,arkede/cve-2023,CVE-2023-6895.yaml,0ef4052f3a65107072ee47d11c4028e55f54b472,CVE-2023-6895
956982314,arkede/cve-2023,CVE-2023-51362.yaml,0efd55c9f48d0778031dc315a146297da3f155c0,CVE-2023-51362
956982314,arkede/cve-2023,CVE-2023-47814.yaml,0eff4386db2bd06fd910bc739d7362499f580e16,CVE-2023-47814
956982314,arkede/cve-2023,CVE-2023-45158.yaml,0f00b90003d8774b9342d12c224fefe1f40a025b,CVE-2023-45158
956982314,arkede/cve-2023,CVE-2023-2497.yaml,0f25e4f314cfbe83e492ff877dc5313f58fe53e9,CVE-2023-2497
956982314,arkede/cve-2023,CVE-2023-7168.yaml,0f2e9944b04b19b6ad04d8ec88830e806e947285,CVE-2023-7168
956982314,arkede/cve-2023,CVE-2023-7291.yaml,0f35856edd954c8f3b662b683d1c96200ee5d0c8,CVE-2023-7291
956982314,arkede/cve-2023,CVE-2023-1597.yaml,0f37b79c823df2ed32835fb2de39a44456deccd8,CVE-2023-1597
956982314,arkede/cve-2023,CVE-2023-41859.yaml,0f4b9ce0b5aca5125a55fabac457abd02ac39211,CVE-2023-41859
956982314,arkede/cve-2023,CVE-2023-23987.yaml,0f59594e2adaf6a3fae6c81a86c3523f6ddac798,CVE-2023-23987
956982314,arkede/cve-2023,CVE-2023-2899.yaml,0f89d13caf5d96d904a8e1f2e9a966a9153cf097,CVE-2023-2899
956982314,arkede/cve-2023,CVE-2023-46204.yaml,0f90a5129c3cf6044f6107ab6ac4812adef58b65,CVE-2023-46204
956982314,arkede/cve-2023,CVE-2023-47823.yaml,0f9a3a7d1d0eead9cfe782eb62a34b221f1737a8,CVE-2023-47823
956982314,arkede/cve-2023,CVE-2023-45645.yaml,0f9c2fa01e3a8d996d78fa2dbf2404b648fa31d8,CVE-2023-45645
956982314,arkede/cve-2023,CVE-2023-6326.yaml,0f9d27b9390a859976f27e0b275adb07395069a9,CVE-2023-6326
956982314,arkede/cve-2023,CVE-2023-0581.yaml,0fa4b0b03d1a9f776e64e7d86b54101efc2160a5,CVE-2023-0581
956982314,arkede/cve-2023,CVE-2023-46823.yaml,0fa73b7a0d0f55000664d380ed58131b769e6c7e,CVE-2023-46823
956982314,arkede/cve-2023,CVE-2023-1022.yaml,0fac56b0cbd90d54e497ab6d535f165256ce8160,CVE-2023-1022
956982314,arkede/cve-2023,CVE-2023-41683.yaml,0fbf598649cf50d40f8a3665d122d641d0d36771,CVE-2023-41683
956982314,arkede/cve-2023,CVE-2023-40003.yaml,0fd9d18c4b4eadf15f6886355f411ea1c8102254,CVE-2023-40003
956982314,arkede/cve-2023,CVE-2023-6113.yaml,0fe0d6a1e69620b0db5bc267d56db39c4695fc4a,CVE-2023-6113
956982314,arkede/cve-2023,CVE-2023-45061.yaml,0fe5c9b965d71a737c8c916dfe5a6a274f4341be,CVE-2023-45061
956982314,arkede/cve-2023,CVE-2023-45008.yaml,0fe94bda607456b564d257a6ca2db5ca1e8cad82,CVE-2023-45008
956982314,arkede/cve-2023,CVE-2023-3507.yaml,0fee116ef5c4d6f363d38017abe41d63a0d6884b,CVE-2023-3507
956982314,arkede/cve-2023,CVE-2023-30151.yaml,100e1e298375170f6e5a829e6e71abf87387e426,CVE-2023-30151
956982314,arkede/cve-2023,CVE-2023-52117.yaml,100fd93e2e862d283ba22f28c96ee38ae18693df,CVE-2023-52117
956982314,arkede/cve-2023,CVE-2023-3135.yaml,1014f743bca2917608ebbd7042155c091150d793,CVE-2023-3135
956982314,arkede/cve-2023,CVE-2023-25973.yaml,10230bd801b88f027703e0799da3b33cccf364a8,CVE-2023-25973
956982314,arkede/cve-2023,CVE-2023-4451.yaml,1025763ddbb95ff4df32f1eb2c7a3ead4a61b0d0,CVE-2023-4451
956982314,arkede/cve-2023,CVE-2023-23645.yaml,10314424e3ec3d8e6f014d2086245d888c2a3ad9,CVE-2023-23645
956982314,arkede/cve-2023,CVE-2023-25700.yaml,104c3386907a0ba7e4ec2b75491d97db40dcdc4e,CVE-2023-25700
956982314,arkede/cve-2023,CVE-2023-32747.yaml,1057a232672fd15730b7faf74fb3f9abce1dfa0c,CVE-2023-32747
956982314,arkede/cve-2023,CVE-2023-1404.yaml,1067b7e7f69cf461d968d293d4d4050564cb6b24,CVE-2023-1404
956982314,arkede/cve-2023,CVE-2023-32091.yaml,10716f308c60f5f9770d68e1b17d12577132794b,CVE-2023-32091
956982314,arkede/cve-2023,CVE-2023-23729.yaml,108a409128552ee2e21ba11334e3df72c2bb66c4,CVE-2023-23729
956982314,arkede/cve-2023,CVE-2023-4772.yaml,1091fddc4a599b56082f705d27fb19c8ba16e1be,CVE-2023-4772
956982314,arkede/cve-2023,CVE-2023-25472.yaml,109b58d7472a7b2de4e7b83a6b9cd599e74bea01,CVE-2023-25472
956982314,arkede/cve-2023,CVE-2023-3746.yaml,10bd94b76095964e33a036e40bb04710b2641026,CVE-2023-3746
956982314,arkede/cve-2023,CVE-2023-2309_2.yaml,10c1b4957845c40fa4c09e4576c21ce8ac11d8da,CVE-2023-2309
956982314,arkede/cve-2023,CVE-2023-52196.yaml,10cd840e41306fee611984ff0a3d27cd17b3ed1c,CVE-2023-52196
956982314,arkede/cve-2023,CVE-2023-2472.yaml,10d25b0e6fe81344af48fd494535872235f56b2f,CVE-2023-2472
956982314,arkede/cve-2023,CVE-2023-45653.yaml,10d8e7d0f03628416fa879ec3824d2a785879fc5,CVE-2023-45653
956982314,arkede/cve-2023,CVE-2023-22720.yaml,10dfa0a6a7a70f54434877905300e68cf55ea288,CVE-2023-22720
956982314,arkede/cve-2023,CVE-2023-28988.yaml,10eee9cdb8270e204dac7641f592e0c7f266dbf2,CVE-2023-28988
956982314,arkede/cve-2023,CVE-2023-27350.yaml,110c76c0fb0978e055978f85995447cc10ba37db,ZDI-23-233
956982314,arkede/cve-2023,CVE-2023-27350.yaml,110c76c0fb0978e055978f85995447cc10ba37db,CVE-2023-27350
956982314,arkede/cve-2023,CVE-2023-27350.yaml,110c76c0fb0978e055978f85995447cc10ba37db,ZDI-CAN-18987
956982314,arkede/cve-2023,CVE-2023-4476.yaml,111467cc8cfd6620ec80134222a1db29f275c245,CVE-2023-4476
956982314,arkede/cve-2023,CVE-2023-31214.yaml,1117bff53658294dd7ba2291b1eb44c159950f04,CVE-2023-31214
956982314,arkede/cve-2023,CVE-2023-27426.yaml,113b1af98c5e21e64517464f548746c0b1e92d97,CVE-2023-27426
956982314,arkede/cve-2023,CVE-2023-6087.yaml,116b0266920962b577eaaabb12d80c6890088399,CVE-2023-6087
956982314,arkede/cve-2023,CVE-2023-6741.yaml,117fb83a4fb689d8713dc39fd9bff7f4e286877a,CVE-2023-6741
956982314,arkede/cve-2023,CVE-2023-49187.yaml,1181b3e00009a03887df45826e5a93bbb0e9457d,CVE-2023-49187
956982314,arkede/cve-2023,CVE-2023-49169.yaml,1195a1d19936791572b9e74e83bbec40f97a4a48,CVE-2023-49169
956982314,arkede/cve-2023,CVE-2023-4941.yaml,11970de9dcee1d8af451009310fc399ace04db22,CVE-2023-4941
956982314,arkede/cve-2023,CVE-2023-46625.yaml,11a67eae5f58525a68e926158bdf3b22d144d2a7,CVE-2023-46625
956982314,arkede/cve-2023,CVE-2023-33486.yaml,11b199e8e71d0ebfed148cab877be2862c56331e,CVE-2023-33486
956982314,arkede/cve-2023,CVE-2023-27608.yaml,1209edea4e7e6266ce91c64f2ca37360203637e7,CVE-2023-27608
956982314,arkede/cve-2023,CVE-2023-45852_1.yaml,121fe7235b0b17c24564aabf8701636466e6c686,CVE-2023-45852
956982314,arkede/cve-2023,CVE-2023-5204.yaml,122a88e36633671cb1d93244ff4c4675c3dab3ca,CVE-2023-5204
956982314,arkede/cve-2023,CVE-2023-36382.yaml,12383ddd6321eded0935994803d8dbd83378d2f2,CVE-2023-36382
956982314,arkede/cve-2023,CVE-2023-25135_1.yaml,123ab210e4561811b02eecec4b99eb2402772773,CVE-2023-25135
956982314,arkede/cve-2023,CVE-2023-3244.yaml,126033cfe29705323c82f800d2d81c9532229064,CVE-2023-3244
956982314,arkede/cve-2023,CVE-2023-27453.yaml,1269d26e22c3a0cad8e31f2a2166e012c65037d9,CVE-2023-27453
956982314,arkede/cve-2023,CVE-2023-5295.yaml,126ad1b3d40434c059a117b890e345a754762cf5,CVE-2023-5295
956982314,arkede/cve-2023,CVE-2023-2470.yaml,1273b88555340555e60d1f910cd345c11f406955,CVE-2023-2470
956982314,arkede/cve-2023,CVE-2023-52146.yaml,12751b723e0ed9e731d29fc221c20a39d1938b08,CVE-2023-52146
956982314,arkede/cve-2023,CVE-2023-51357.yaml,128caaacd7d4f9a9f491bea01bf38044f9cbbb3f,CVE-2023-51357
956982314,arkede/cve-2023,CVE-2023-0937.yaml,1297b63a29bdb8ca28f6c3b8b82ebc860feb917f,CVE-2023-0937
956982314,arkede/cve-2023,CVE-2023-24735.yaml,12a32b6726cbd27ea9fdbbb8b23e6cfeca561653,CVE-2023-24735
956982314,arkede/cve-2023,CVE-2023-3372.yaml,12a45329f472201eb87e157e84f29a4a385f9988,CVE-2023-3372
956982314,arkede/cve-2023,CVE-2023-5818.yaml,12bb7ec73db0a2e602423f0d4f25a44007c22041,CVE-2023-5818
956982314,arkede/cve-2023,CVE-2023-6010.yaml,12bf99fd0803e272c9ac564775748363b7b8adea,CVE-2023-6010
956982314,arkede/cve-2023,CVE-2023-2179.yaml,12d9de6b7d5daf6bce9ce806dea7431a40a70532,CVE-2023-2179
956982314,arkede/cve-2023,CVE-2023-28667.yaml,12e43ca5c685c249916476e768389c56ed3de9cf,CVE-2023-28667
956982314,arkede/cve-2023,CVE-2023-5655.yaml,13035abb3875f80ce04318f4032866a828cce27b,CVE-2023-5534
956982314,arkede/cve-2023,CVE-2023-5655.yaml,13035abb3875f80ce04318f4032866a828cce27b,CVE-2023-5655
956982314,arkede/cve-2023,CVE-2023-6494.yaml,130d5a6791da8a8ac0917874004f9be32e2d2b4b,CVE-2023-6494
956982314,arkede/cve-2023,CVE-2023-23720.yaml,1312e6321ea4b98bb1bbba01b80e4dbed2449630,CVE-2023-23720
956982314,arkede/cve-2023,CVE-2023-22689.yaml,13148b86c9fc12fecd8bb15f110493681d05c432,CVE-2023-22689
956982314,arkede/cve-2023,CVE-2023-31060.yaml,131ec2d86828fba6f2e8e25bfe88528d2d73e3fb,CVE-2023-31060
956982314,arkede/cve-2023,CVE-2023-26531.yaml,1321bfcedb85ae97e7944e9f7450e753e8448c5e,CVE-2023-26531
956982314,arkede/cve-2023,CVE-2023-33924.yaml,132209233be9c5702b071efec97da664a6346865,CVE-2023-33924
956982314,arkede/cve-2023,CVE-2023-5049.yaml,13354c18818871d4d994211982bef4eac4698d47,CVE-2023-5049
956982314,arkede/cve-2023,CVE-2023-46780.yaml,133569aa44b50926c2ce80c16dd512949da2414e,CVE-2023-46780
956982314,arkede/cve-2023,CVE-2023-40201.yaml,1349876125c470dd5a6d4eaecccea2aa7c7e376d,CVE-2023-40201
956982314,arkede/cve-2023,CVE-2023-47840.yaml,136c8649195d6c3243e64b5786453d195a3d97e9,CVE-2023-47840
956982314,arkede/cve-2023,CVE-2023-27292_3.yaml,136f4a353fd09be766bef274d55da21400e99f68,CVE-2023-27292
956982314,arkede/cve-2023,CVE-2023-41688.yaml,1370bae5b65e0810d7d572ab9de6f08a1c6ab500,CVE-2023-41688
956982314,arkede/cve-2023,CVE-2023-5953.yaml,1392db8aef48210492027cbe3dc726eff1190dc6,CVE-2023-5953
956982314,arkede/cve-2023,CVE-2023-3416.yaml,1394d3327c63d0481de9beb461b42455f8f2b577,CVE-2023-3416
956982314,arkede/cve-2023,CVE-2023-27446.yaml,139f824667af63962f175023ee7654b0940074f1,CVE-2023-27446
956982314,arkede/cve-2023,CVE-2023-7154.yaml,13a19453424f88522ae4d1457122f5cbf98af5d1,CVE-2023-7154
956982314,arkede/cve-2023,CVE-2023-4220.yaml,13a9dc65ed2ac07fbf9e1e8170cf1a1823fad370,CVE-2023-4220
956982314,arkede/cve-2023,CVE-2023-2636.yaml,13c4cc49b85abd6d23b2594f7431daa7cc25c994,CVE-2023-2636
956982314,arkede/cve-2023,CVE-2023-37894.yaml,13de1949713f899aaa29096c3c14a3ca4996ca66,CVE-2023-37894
956982314,arkede/cve-2023,CVE-2023-44479.yaml,13e1598b657e69eee781523f2c1b4b948b4f3bc9,CVE-2023-44479
956982314,arkede/cve-2023,CVE-2023-44994.yaml,13e70a0f26f64aa7b15eab9e830e74fd418e49e0,CVE-2023-44994
956982314,arkede/cve-2023,CVE-2023-0224.yaml,13ef563e9b65d9dca1768edb00253941aadc9185,CVE-2023-0224
956982314,arkede/cve-2023,CVE-2023-25785.yaml,13f77245752e552acecef4dfc01ae37bfa845c8c,CVE-2023-25785
956982314,arkede/cve-2023,CVE-2023-6708.yaml,14049add4a13237316dceebed84abb74b603c054,CVE-2023-6708
956982314,arkede/cve-2023,CVE-2023-6965.yaml,140ac579cf804289c199609d0154564b21038a94,CVE-2023-6965
956982314,arkede/cve-2023,CVE-2023-4966_1.yaml,14102dfbda787ccbbd24875179e48acbdae04643,CVE-2023-4966
956982314,arkede/cve-2023,CVE-2023-44008.yaml,142e2ea2d6d00c60d676366264518e5da78d150c,CVE-2023-44008
956982314,arkede/cve-2023,CVE-2023-47757.yaml,1434b20ddd78714c208e1ccbc511c36c7dbb6160,CVE-2023-47757
956982314,arkede/cve-2023,CVE-2023-5089.yaml,143e9400b53b44e4fca7cdd97d47add25ac940b6,CVE-2023-5089
956982314,arkede/cve-2023,CVE-2023-7231.yaml,144d5f5f4e5dc3bfc6cfab595c67fd5385bff741,CVE-2023-7231
956982314,arkede/cve-2023,CVE-2023-47990.yaml,145849bed9622ef68182842b3b8c19bf0d894738,CVE-2023-47990
956982314,arkede/cve-2023,CVE-2023-34175.yaml,14654dfacaec63999dadaee7e42ba869f49c0935,CVE-2023-34175
956982314,arkede/cve-2023,CVE-2023-25781.yaml,1469a1468b8c3f7963ccfbaa7b609a9f5a1023c5,CVE-2023-25781
956982314,arkede/cve-2023,CVE-2023-28662_1.yaml,146d269965800ab6ea40ae0c05bb94f1bcacceb1,CVE-2023-28662
956982314,arkede/cve-2023,CVE-2023-47776.yaml,1476913712402fff2ec5bf88e751809c3185ddca,CVE-2023-47776
956982314,arkede/cve-2023,CVE-2023-44353_1.yaml,147dd7796888db15383a9db3b463b1c564bde8cf,CVE-2023-44353
956982314,arkede/cve-2023,CVE-2023-0379.yaml,1484dfa300427c6efd96d7d7aa96b10cb4565a86,CVE-2023-0379
956982314,arkede/cve-2023,CVE-2023-7015.yaml,1487b42b62206c928e2ae88251fe1153101c3991,CVE-2023-7015
956982314,arkede/cve-2023,CVE-2023-6083.yaml,149387bda68fc0a227af2f292675d97b2c77c135,CVE-2023-6083
956982314,arkede/cve-2023,CVE-2023-51684.yaml,1494fcfce4ffcf9927d8c32dc717707ac4ded8f6,CVE-2023-51684
956982314,arkede/cve-2023,CVE-2023-2406.yaml,14a831e0a3a5b5162382d454bc6cc59938aafb17,CVE-2023-2406
956982314,arkede/cve-2023,CVE-2023-33208.yaml,14d507dad9c637ad1c74d13ddf7c6cd58d7013a2,CVE-2023-33208
956982314,arkede/cve-2023,CVE-2023-45070.yaml,14d778bf221634b4fd0a7c0871900ed1efea61b2,CVE-2023-45070
956982314,arkede/cve-2023,CVE-2023-2448.yaml,14d9d275fd5131432b64cdc7f2554e8ff505c61c,CVE-2023-2448
956982314,arkede/cve-2023,CVE-2023-2448.yaml,14d9d275fd5131432b64cdc7f2554e8ff505c61c,CVE-2023-2446
956982314,arkede/cve-2023,CVE-2023-25446.yaml,14e119627d57611628cb7a32aa741c4b06ba6ba5,CVE-2023-25446
956982314,arkede/cve-2023,cve-2023-33246_1.yaml,14e209e8d07ae6d1c246ff2945ea71b462bc24e4,CVE-2023-33246
956982314,arkede/cve-2023,CVE-2023-25958.yaml,14fa7173753d694d7e5e3c82433af057f2dd7e0c,CVE-2023-25958
956982314,arkede/cve-2023,CVE-2023-52223.yaml,14fbd4576d0f09d22d4648972b0d06819f415f1e,CVE-2023-52223
956982314,arkede/cve-2023,CVE-2023-6036.yaml,15067ffc9891ed2f9bb968bbf65572d1289520dc,CVE-2023-6036
956982314,arkede/cve-2023,CVE-2023-6294.yaml,150c260f423422af0e81b187abf5522fa7dab92a,CVE-2023-6294
956982314,arkede/cve-2023,CVE-2023-23077.yaml,150e4187eb65b496bbaaa773509741a2eaa4ec7d,CVE-2023-23077
956982314,arkede/cve-2023,CVE-2023-1780.yaml,15253e632a2ec3fa651b8a3b72da2b8d7e351e5e,CVE-2023-1780
956982314,arkede/cve-2023,CVE-2023-24421.yaml,152cbba726cf3bd77434e3e5aef876e48c09bc48,CVE-2023-24421
956982314,arkede/cve-2023,CVE-2023-22674.yaml,153a621cde2dfb24d8b7ec6f5ef527bd13ea927b,CVE-2023-22674
956982314,arkede/cve-2023,CVE-2023-4040.yaml,153d13c5d0be26ba22c9701a6376efc251e01559,CVE-2023-4040
956982314,arkede/cve-2023,CVE-2023-41872.yaml,154a27a828d5a2acbcbf19790178c787a4ed4b3f,CVE-2023-41872
956982314,arkede/cve-2023,CVE-2023-45011.yaml,155035f2958e161a57bdf1007f9baafeb25d592a,CVE-2023-45011
956982314,arkede/cve-2023,CVE-2023-0709.yaml,155b1b03e1e4b72aa533786a129541b033997178,CVE-2023-0709
956982314,arkede/cve-2023,CVE-2023-48332.yaml,155d931a15817768e2b5ff6f42950475e9f2d21a,CVE-2023-48332
956982314,arkede/cve-2023,CVE-2023-23881.yaml,156428b8acdf77b016fa24b40ded5184836d26c6,CVE-2023-23881
956982314,arkede/cve-2023,CVE-2023-30616.yaml,1567e17f2d47a6b64591ab77d25876a5fd5aba65,CVE-2023-30616
956982314,arkede/cve-2023,CVE-2023-37993.yaml,15700e9c6c9426bdd28754563bbb3b6df5f9fdf2,CVE-2023-37993
956982314,arkede/cve-2023,CVE-2023-1129.yaml,157092f6d7c88f46f4698ce0173de2e332382618,CVE-2023-1129
956982314,arkede/cve-2023,CVE-2023-25459.yaml,1579aefa1c84eff45fc1d57f9f627381e2ebd31a,CVE-2023-25459
956982314,arkede/cve-2023,CVE-2023-3023.yaml,1580f82ed79dc12aaa92d65736163032aa2e0b75,CVE-2023-3023
956982314,arkede/cve-2023,CVE-2023-34182.yaml,15a0c7fe9e5867e07a31d36317872a247f71838f,CVE-2023-34182
956982314,arkede/cve-2023,CVE-2023-51403.yaml,15a10895cfda681d7e2036ee57fdfa460fad3c77,CVE-2023-51403
956982314,arkede/cve-2023,CVE-2023-3162.yaml,15a3d517ff2a38aa1e12f984e68074c6923a5110,CVE-2023-3162
956982314,arkede/cve-2023,CVE-2023-51504.yaml,15a572167b03d8c9928006b108a036bbf740e2c7,CVE-2023-51504
956982314,arkede/cve-2023,CVE-2023-46152.yaml,15bce07c2697c0558be2eb0473e0e6dd803ea98e,CVE-2023-46152
956982314,arkede/cve-2023,CVE-2023-3388.yaml,15c0cf899d4c968318a78dd3c1f19f5be24fb2ff,CVE-2023-3388
956982314,arkede/cve-2023,CVE-2023-44477.yaml,15c4c92a518afc1f025c04eb91e233780fad1122,CVE-2023-44477
956982314,arkede/cve-2023,CVE-2023-0873.yaml,15c4ef50a6ed19dc045a4e56c789d84e7e0e522b,CVE-2023-34368
956982314,arkede/cve-2023,CVE-2023-0873.yaml,15c4ef50a6ed19dc045a4e56c789d84e7e0e522b,CVE-2023-0873
956982314,arkede/cve-2023,CVE-2023-23816.yaml,1619349ade39871b7c6d327da982313eba31b96b,CVE-2023-23816
956982314,arkede/cve-2023,CVE-2023-3052.yaml,1623414e46451ab8b0e0568efbd1836c4dcc6a9b,CVE-2023-3052
956982314,arkede/cve-2023,CVE-2023-49846.yaml,1637b883ce24afecfcbd64e1e2392a20e95a9135,CVE-2023-49846
956982314,arkede/cve-2023,CVE-2023-2546.yaml,163c1b679c63547efd4e984b6a7835b0e218a60a,CVE-2023-2546
956982314,arkede/cve-2023,CVE-2023-45634.yaml,164d48ce4521896b7473c894dd426d18502fc3ca,CVE-2023-45634
956982314,arkede/cve-2023,CVE-2023-2440.yaml,16523004e7698b045385f3b89a96dbd81cd2aaee,CVE-2023-2440
956982314,arkede/cve-2023,CVE-2023-23886.yaml,1653591780d5c737e0aafaa0b8dee26ae6fcd935,CVE-2023-23886
956982314,arkede/cve-2023,CVE-2023-41703.yaml,165ae17aa27b28e6887b82a534ecb09d6ad55566,CVE-2023-41703
956982314,arkede/cve-2023,CVE-2023-49818.yaml,16681914cc181f543a4216979b3603c91a240673,CVE-2023-49818
956982314,arkede/cve-2023,CVE-2023-36812.yaml,166dadd80ce0640b5b3a852f598b98e24ae3558a,CVE-2023-36812
956982314,arkede/cve-2023,CVE-2023-26477.yaml,1672868aa4b004b4c993a3b72973b880f5b15723,CVE-2023-26477
956982314,arkede/cve-2023,CVE-2023-26477.yaml,1672868aa4b004b4c993a3b72973b880f5b15723,GHSA-X2QM-R4WX-8GPG
956982314,arkede/cve-2023,CVE-2023-41953.yaml,167b65571ce1b900db387e44058ac800a012c0cd,CVE-2023-41953
956982314,arkede/cve-2023,CVE-2023-5638.yaml,1689c72e2ec82a3bdbf038019bfbdecbe5d9048c,CVE-2023-5638
956982314,arkede/cve-2023,CVE-2023-5982.yaml,16991ee97266652c6f7699a936bc7b95edd8deaf,CVE-2023-5982
956982314,arkede/cve-2023,CVE-2023-7028.yaml,16a6a22a93bf8caea281ec34d32def83f8e06fac,CVE-2023-7028
956982314,arkede/cve-2023,CVE-2023-38203_1.yaml,16b0b5592d81b145e4e8b1e4bb06bd3e576a2bd6,CVE-2023-38203
956982314,arkede/cve-2023,CVE-2023-23746.yaml,16b8e19e6df8856b1e997e63ca1fa0c870ee14fe,CVE-2023-23746
956982314,arkede/cve-2023,CVE-2023-27448.yaml,16bdd2618dcba632616794363b70642413f3ba3b,CVE-2023-27448
956982314,arkede/cve-2023,CVE-2023-2402.yaml,16ce17e724e8b859f39ca193c9e450174401ea97,CVE-2023-2402
956982314,arkede/cve-2023,CVE-2023-23706.yaml,16dc970c36baa36d9032f2371364a15a3f3a0c15,CVE-2023-23706
956982314,arkede/cve-2023,CVE-2023-25960.yaml,16ee6e98057a09950136ffe98e9acaa0fef54222,CVE-2023-25960
956982314,arkede/cve-2023,CVE-2023-23156.yaml,16f6db5dc8d6e1df5d8caa7006538f604bf8d3c9,CVE-2023-23156
956982314,arkede/cve-2023,CVE-2023-1080.yaml,171909517b382aeacb880c1860f1e78be24c4216,CVE-2023-1080
956982314,arkede/cve-2023,CVE-2023-3404.yaml,17364841f41c61d06d8c73693c8d31d4f536fcf1,CVE-2023-3404
956982314,arkede/cve-2023,CVE-2023-31717.yaml,1736f7c87e52dee61f1b5159063878d08336b8a7,CVE-2023-31717
956982314,arkede/cve-2023,CVE-2023-41951.yaml,174a2e6894a75471819cade03548ebe1aa7ed926,CVE-2023-41951
956982314,arkede/cve-2023,CVE-2023-3714.yaml,1767e7331018e1379d5f950ca51ffdc2ca226cae,CVE-2023-3714
956982314,arkede/cve-2023,CVE-2023-25462.yaml,177339cff15df6c2dc62826a973e0e05274e6f13,CVE-2023-25462
956982314,arkede/cve-2023,CVE-2023-0435.yaml,1790e8c0a151e18650cb5beb5f02ab91a62387e8,CVE-2023-0435
956982314,arkede/cve-2023,CVE-2023-48752.yaml,17a23a128aa4981a1061745245f1c92b3b709d78,CVE-2023-48752
956982314,arkede/cve-2023,CVE-2023-47633.yaml,17b61f7aa1fbe46e8b24523660965179ab6d9de6,CVE-2023-47633
956982314,arkede/cve-2023,CVE-2023-52031.yaml,17bc9f160439b8f9d5bebb401a16bbca9345b07d,CVE-2023-52031
956982314,arkede/cve-2023,CVE-2023-30482.yaml,17cba951e19ba40eb073d2b32a5f5a1a2349c28e,CVE-2023-30482
956982314,arkede/cve-2023,CVE-2023-4160.yaml,17d90ff638af40bd58718f5e3b992c0c1a29a4f9,CVE-2023-4160
956982314,arkede/cve-2023,CVE-2023-4948.yaml,17db1790c5df1fa6d1615c219b3a771164e7f8ca,CVE-2023-4948
956982314,arkede/cve-2023,CVE-2023-47218_1.yaml,17dcf8eb7f320608649c5031de12070b46a11ebf,CVE-2023-47218
956982314,arkede/cve-2023,CVE-2023-0159.yaml,17eb94b6c3e6a299a6d59407b442cd1fba66853c,CVE-2023-0159
956982314,arkede/cve-2023,CVE-2023-23722.yaml,1816cfe63452594d29d9a2ded80acb2eb3478b3d,CVE-2023-23722
956982314,arkede/cve-2023,CVE-2023-4372.yaml,1837aa8ad92389e2a5c06b6d475c543735823d54,CVE-2023-4372
956982314,arkede/cve-2023,CVE-2023-5952.yaml,184e21dc78a4fb3b7446e428ba849ad6b9daf814,CVE-2023-5952
956982314,arkede/cve-2023,CVE-2023-46189.yaml,1855cf308d0bd8eca49432a5934f361c17176b3f,CVE-2023-46189
956982314,arkede/cve-2023,CVE-2023-6272.yaml,1859a2bc99835e41c32d7f959d97c10e89bf1f6b,CVE-2023-6272
956982314,arkede/cve-2023,CVE-2023-3345_2.yaml,185c7705a84f0d5dbc7f7fcacb5a7fad76f3bc0e,CVE-2023-3345
956982314,arkede/cve-2023,CVE-2023-25790.yaml,18769468cbf487cdaa35abab53dd7d97fea3bf5e,CVE-2023-25790
956982314,arkede/cve-2023,CVE-2023-48278.yaml,187e10fe379107c47a4922400f674bbc7b2f2e73,CVE-2023-48278
956982314,arkede/cve-2023,CVE-2023-28166.yaml,18816d35c6fd18f9f3c6247164a8111d0d3d8a36,CVE-2023-28166
956982314,arkede/cve-2023,CVE-2023-24374.yaml,1884928d93ac19feb548571cf20784165c9fb546,CVE-2023-24374
956982314,arkede/cve-2023,CVE-2023-4810.yaml,189c98ac2c5a9033e91a5f6a8584955d5a19b807,CVE-2023-4810
956982314,arkede/cve-2023,CVE-2023-40869.yaml,18a2e0b45bb534abd5f188c91f421007ada62957,CVE-2023-40869
956982314,arkede/cve-2023,CVE-2023-25714.yaml,18a5aa6d3113f73adb13c23b2df23527398788c3,CVE-2023-25714
956982314,arkede/cve-2023,CVE-2023-6290.yaml,18aab89e1411f0e371bb4bcefe283cce08d71423,CVE-2023-6290
956982314,arkede/cve-2023,CVE-2023-1263_1.yaml,18b8bfae0bd9aeea4569dc38e4580fb43fb0192a,CVE-2023-1263
956982314,arkede/cve-2023,CVE-2023-26540.yaml,18c149e2094c2412444065432d8eb915f3699e3d,CVE-2023-26540
956982314,arkede/cve-2023,CVE-2023-35160.yaml,18c32e9c618ae99d50b0d2772e2196b575e2ba36,CVE-2023-35160
956982314,arkede/cve-2023,CVE-2023-27451.yaml,18c7bd6967ddd25f816632dc433609e3c3e1777e,CVE-2023-27451
956982314,arkede/cve-2023,CVE-2023-7073.yaml,18d50a0a057489400d71d5966e57ef3184b004ae,CVE-2023-7073
956982314,arkede/cve-2023,CVE-2023-33625.yaml,18d8040f0cdc53626b4905653919fe26b857c3b5,CVE-2023-33625
956982314,arkede/cve-2023,CVE-2023-35777.yaml,18e149a31a6a98a2de39f227cadafb9a8267f07a,CVE-2023-35777
956982314,arkede/cve-2023,CVE-2023-38203.yaml,1907d7665cc9279b963fffc01fd5ca596579e404,CVE-2023-38203
956982314,arkede/cve-2023,CVE-2023-3254.yaml,1930c7f6a90c90e389dfa437b4ae7f4ba5f5417a,CVE-2023-3254
956982314,arkede/cve-2023,CVE-2023-49180.yaml,193a2ea131b7584ae7c919a953ce703ec89e80d4,CVE-2023-49180
956982314,arkede/cve-2023,CVE-2023-6801.yaml,19454862ed07afaf59283154b0a749864d42f9b0,CVE-2023-6801
956982314,arkede/cve-2023,CVE-2023-3063.yaml,196ad146a024038ef23e611a47096a84ff7ce258,CVE-2023-3063
956982314,arkede/cve-2023,CVE-2023-7167.yaml,197d1d16611e2754cd7e68096efe68cf7d76152a,CVE-2023-7167
956982314,arkede/cve-2023,CVE-2023-28783.yaml,197faad6d134713909a0e0b8f2f5c09f68e877dc,CVE-2023-28783
956982314,arkede/cve-2023,CVE-2023-4924.yaml,1985d4e12c3604d6ec9d451fc4c10d11fb2a44c1,CVE-2023-4924
956982314,arkede/cve-2023,CVE-2023-0231.yaml,19cd895a63a4b21f7774a8d86aab48be3bf4c70c,CVE-2023-0231
956982314,arkede/cve-2023,CVE-2023-6492.yaml,19f44b8d7a83184662d108a4c259098977d848dd,CVE-2023-6492
956982314,arkede/cve-2023,CVE-2023-2237.yaml,1a12cb56e76d96fa41db31c8363fd5c55265fa18,CVE-2023-2237
956982314,arkede/cve-2023,CVE-2023-3553.yaml,1a174df96291ab452b6e4bf149dd570ed2368307,CVE-2023-3553
956982314,arkede/cve-2023,CVE-2023-39159.yaml,1a17f2039d1a6ce43e0a3e4922ed24578f4f8e04,CVE-2023-39159
956982314,arkede/cve-2023,CVE-2023-38398.yaml,1a237594f720f3c5032ab4f4578d96cdb57538e3,CVE-2023-38398
956982314,arkede/cve-2023,CVE-2023-39999.yaml,1a253e2b88c7bebd3242a81b0aa30983256f88e6,CVE-2023-39999
956982314,arkede/cve-2023,CVE-2023-0442.yaml,1a2bf94661cd5c5fd7081b07142b7ffc62030dd2,CVE-2023-0442
956982314,arkede/cve-2023,CVE-2023-47524.yaml,1a3b040bd88d0ec25e29759058794c25153af7cf,CVE-2023-47524
956982314,arkede/cve-2023,CVE-2023-4025.yaml,1a3b8c0325c0a863c0dd1e235a672ea670c2dc93,CVE-2023-4025
956982314,arkede/cve-2023,CVE-2023-46095.yaml,1a57a09261875d0799e16662f321f9497dcb4d2f,CVE-2023-46095
956982314,arkede/cve-2023,CVE-2023-2834.yaml,1a5ba33c9b57e464571948927423b07e268b8a8b,CVE-2023-2834
956982314,arkede/cve-2023,CVE-2023-47242.yaml,1a5d81a16e74d307553237a91606cc88bd169938,CVE-2023-47242
956982314,arkede/cve-2023,CVE-2023-0172.yaml,1a7f8eea74b08bef3a63c773b3b76342eaabc88a,CVE-2023-0172
956982314,arkede/cve-2023,CVE-2023-37270.yaml,1a9a241e8f649cac8648ffdaaedce5d4b3796503,GHSA-934W-QJ9P-3QCX
956982314,arkede/cve-2023,CVE-2023-37270.yaml,1a9a241e8f649cac8648ffdaaedce5d4b3796503,CVE-2023-27524
956982314,arkede/cve-2023,CVE-2023-37270.yaml,1a9a241e8f649cac8648ffdaaedce5d4b3796503,CVE-2023-37270
956982314,arkede/cve-2023,CVE-2023-25812.yaml,1aa805ae4e7c19f1306493c0d3650fbf1f3edd82,CVE-2023-25812
956982314,arkede/cve-2023,CVE-2023-50262.yaml,1aa986c74a6804a66b7fc68b1da6d187005aa581,CVE-2023-50262
956982314,arkede/cve-2023,CVE-2023-0876.yaml,1ab1fc795d350ec041680ba8b5dc031ffe45ceed,CVE-2023-0876
956982314,arkede/cve-2023,CVE-2023-5244.yaml,1aed4b867c3082455b6061f5368c790a5d6223a3,CVE-2023-5244
956982314,arkede/cve-2023,CVE-2023-29923_1.yaml,1af1cf8450a5c134bea04ba99ffdfc4fb1a35007,CVE-2023-29923
956982314,arkede/cve-2023,CVE-2023-5132.yaml,1af644dc85599589afc1d17af2095fda4b67d55f,CVE-2023-5132
956982314,arkede/cve-2023,CVE-2023-0891.yaml,1afc55e837deab357401292ec53a5b0a2a706dfd,CVE-2023-0891
956982314,arkede/cve-2023,CVE-2023-45636.yaml,1b01f03363b36308dc33265bf82931b3953a67e7,CVE-2023-45636
956982314,arkede/cve-2023,CVE-2023-46805_2.yaml,1b2422c71b91214c98e03d968a0f8bc7db02914b,CVE-2023-46805
956982314,arkede/cve-2023,CVE-2023-46805_2.yaml,1b2422c71b91214c98e03d968a0f8bc7db02914b,CVE-2024-21887
956982314,arkede/cve-2023,CVE-2023-1867.yaml,1b2d0f188320f2c54288afedf7327ef7c9d9d93d,CVE-2023-1867
956982314,arkede/cve-2023,CVE-2023-1263.yaml,1b3cb5df7c7e43463dd412b17230c2926db8a436,CVE-2023-1263
956982314,arkede/cve-2023,CVE-2023-39922.yaml,1b426eee9f9303f8a364aa15d0665db982952457,CVE-2023-39922
956982314,arkede/cve-2023,CVE-2023-5054.yaml,1b6a1e05ec97aa354a782a57bb84f8e8cbe26d40,CVE-2023-5054
956982314,arkede/cve-2023,CVE-2023-50831.yaml,1b6e47927c412bda20351a7ec756ea0c99e836f1,CVE-2023-50831
956982314,arkede/cve-2023,CVE-2023-25448.yaml,1b768cf3abd874dea34ad6d3cc0b89cf933d1795,CVE-2023-25448
956982314,arkede/cve-2023,CVE-2023-51667.yaml,1b95517ce59b0e7bfa9f95b5aba163a50a3e3e83,CVE-2023-51667
956982314,arkede/cve-2023,CVE-2023-44228.yaml,1bb835838d095f423153d23db770ff088f4142bf,CVE-2023-44228
956982314,arkede/cve-2023,CVE-2023-41863.yaml,1bb8e3b3e13d62072b034caca5df441f41a6ca57,CVE-2023-41863
956982314,arkede/cve-2023,CVE-2023-45748.yaml,1bc7fe773bcfe7c539ead5f7e9d4b31a07b9b057,CVE-2023-45748
956982314,arkede/cve-2023,CVE-2023-26048.yaml,1bcb4fd2b194ab4b6026775d46ac2db760729f23,CVE-2023-26048
956982314,arkede/cve-2023,CVE-2023-33440.yaml,1bcc1eceaf537cea4dbad15acc28a3df58867fe2,CVE-2023-33440
956982314,arkede/cve-2023,CVE-2023-33440.yaml,1bcc1eceaf537cea4dbad15acc28a3df58867fe2,CVE-2023-333440
956982314,arkede/cve-2023,CVE-2023-41648.yaml,1bd2310d670154472140e3c53384bf3bdea0b029,CVE-2023-41648
956982314,arkede/cve-2023,CVE-2023-0719.yaml,1be3dd26247bdfcb9f74f12ef1b3765ca987bb59,CVE-2023-0719
956982314,arkede/cve-2023,CVE-2023-47532.yaml,1bf289791d52e0ea41f0c22266f9c01e03b27bc8,CVE-2023-47532
956982314,arkede/cve-2023,CVE-2023-5613.yaml,1bf2b7ed37bed57924463e7b7861af0a304d02d9,CVE-2023-5613
956982314,arkede/cve-2023,CVE-2023-2178_1.yaml,1c0e5bdc28786bbf38e0dab3801f5ed0f7d57d80,CVE-2023-2178
956982314,arkede/cve-2023,CVE-2023-7063.yaml,1c113a44c75c301d53d943ee080acf1d9e291ea2,CVE-2023-7063
956982314,arkede/cve-2023,CVE-2023-37629_2.yaml,1c11ce54a7c84be5200d518fd211de5122cef10d,CVE-2023-37629
956982314,arkede/cve-2023,CVE-2023-27812.yaml,1c25ace1397f5122e9dac0a7403b763dba046314,CVE-2023-27812
956982314,arkede/cve-2023,CVE-2023-4917.yaml,1c334a0d9fada4c69c5704f6008d1d4d8b089d6e,CVE-2023-4917
956982314,arkede/cve-2023,CVE-2023-4627.yaml,1c39633226910b68971c439bb229117300729ed7,CVE-2023-4627
956982314,arkede/cve-2023,CVE-2023-30873.yaml,1c3bd3eb71a352e492977aeb41094ad18398a425,CVE-2023-30873
956982314,arkede/cve-2023,CVE-2023-3124.yaml,1c3f3a3c601da6e35475d286643af2dde2a4789d,CVE-2023-3124
956982314,arkede/cve-2023,CVE-2023-0126.yaml,1c459bd2b9af3f43af409aaf8f9521f387af6566,GHSA-MR28-27QX-PHG3
956982314,arkede/cve-2023,CVE-2023-0126.yaml,1c459bd2b9af3f43af409aaf8f9521f387af6566,CVE-2023-0126
956982314,arkede/cve-2023,CVE-2023-32106.yaml,1c6e43ab81f165b856ac40c173d3072d79a1271e,CVE-2023-32106
956982314,arkede/cve-2023,CVE-2023-51485.yaml,1c76bef9cd58a39c577278a7261476508afa72d5,CVE-2023-51485
956982314,arkede/cve-2023,CVE-2023-25054.yaml,1c7ea2480062e95452845bbf7cfc35da49126944,CVE-2023-25054
956982314,arkede/cve-2023,CVE-2023-31418.yaml,1c89b7095f400838e1707af111b47f13f36e9503,CVE-2023-31418
956982314,arkede/cve-2023,CVE-2023-33318.yaml,1c8c06572f4fa4e53c0f457b5d8ba770e47b0fb9,CVE-2023-33318
956982314,arkede/cve-2023,CVE-2023-24406.yaml,1cbb8af7ea557fc51114ace1fe1108acf7805b45,CVE-2023-24406
956982314,arkede/cve-2023,CVE-2023-0685.yaml,1cdf50eec1c1e695e64ab9a255bac4781fa6b90e,CVE-2023-0685
956982314,arkede/cve-2023,CVE-2023-34031.yaml,1ce99690885f4147add7e5497e87e49a018ef18c,CVE-2023-34031
956982314,arkede/cve-2023,CVE-2023-33316.yaml,1cf469d1cf9bc448c614279f428532bf6ad3fb16,CVE-2023-33316
956982314,arkede/cve-2023,CVE-2023-2143.yaml,1cf63b9f731bb93c7b7e963424c018f239ce66b5,CVE-2023-2143
956982314,arkede/cve-2023,CVE-2023-1011.yaml,1cfac1405914e18b1a27e1e3e7438a4e0db618bf,CVE-2023-1011
956982314,arkede/cve-2023,CVE-2023-45836.yaml,1d0ae41e36a4fe11975fcc0a9091601128f935d2,CVE-2023-45836
956982314,arkede/cve-2023,CVE-2023-34362.yaml,1d13f43505e1f57175587dfe1da7c5503e2f5c94,CVE-2023-34362
956982314,arkede/cve-2023,CVE-2023-25048.yaml,1d192276b4e51eba5851b1314b8b2968a3b310b0,CVE-2023-25048
956982314,arkede/cve-2023,CVE-2023-39676.yaml,1d19e0c96efcab87d59371bb0c41a7de58311c58,CVE-2023-39676
956982314,arkede/cve-2023,CVE-2023-51688.yaml,1d225b95007ea9fac3b8d038fc175606a05c288b,CVE-2023-51688
956982314,arkede/cve-2023,CVE-2023-2105.yaml,1d24ce55e8451ffee92b0fbfbbf2edb3595f2b09,CVE-2023-2105
956982314,arkede/cve-2023,CVE-2023-0820.yaml,1d385996fa91cd249a9564c0ef461d30f5b3cabd,CVE-2023-0820
956982314,arkede/cve-2023,CVE-2023-30212.yaml,1d46ac9fd12385dd5f6286788123860eea90d7f5,CVE-2023-30212
956982314,arkede/cve-2023,CVE-2023-30485.yaml,1d484dda5fd1d71bf44ea1fc754025273ba84823,CVE-2023-30485
956982314,arkede/cve-2023,CVE-2023-37893.yaml,1d489dcb4e4b053810fddbcceda8843b8e300435,CVE-2023-37893
956982314,arkede/cve-2023,CVE-2023-7172.yaml,1d53b70e0f9225a2a36b3d11b22a41fb7f8e5cbf,CVE-2023-7172
956982314,arkede/cve-2023,CVE-2023-43493.yaml,1d610d4f57a62fb6c4c33558d696701eb61ccb53,CVE-2023-43493
956982314,arkede/cve-2023,CVE-2023-25961.yaml,1d7a3734be3940e76b0dc62d1831809617220a6b,CVE-2023-25961
956982314,arkede/cve-2023,CVE-2023-22527_1.yaml,1d8437eb27cd2d5c3181f95a995500594155d36e,CVE-2023-22527
956982314,arkede/cve-2023,CVE-2023-33439_1.yaml,1d8ae7350300498b6b1ab8b5e71ab2b08f1ec35f,CVE-2023-33439
956982314,arkede/cve-2023,CVE-2023-1649.yaml,1db0ca8851351720d5cde79f0b15c46cc5c8a4ed,CVE-2023-1649
956982314,arkede/cve-2023,CVE-2023-50374.yaml,1dd466505c64fff870506d25241b3aaa980a9345,CVE-2023-50374
956982314,arkede/cve-2023,CVE-2023-40208.yaml,1dd48591ad77fecbe10a9145b424a7c13df680a9,CVE-2023-40208
956982314,arkede/cve-2023,CVE-2023-30534.yaml,1de066b503bfde0ac5eb10c42db42f8801bce700,GHSA-77RF-774J-6H3P
956982314,arkede/cve-2023,CVE-2023-30534.yaml,1de066b503bfde0ac5eb10c42db42f8801bce700,CVE-2023-30534
956982314,arkede/cve-2023,CVE-2023-2688.yaml,1deb7e9c731f602565f8e9fd33cbd053cf4dc76c,CVE-2023-2688
956982314,arkede/cve-2023,CVE-2023-0924.yaml,1dfdb0f564aab92c419ffe6ff201620ab91e5175,CVE-2023-0924
956982314,arkede/cve-2023,CVE-2023-4253.yaml,1e029e4325d63534377f47251c5670c239a221ed,CVE-2023-4253
956982314,arkede/cve-2023,CVE-2023-0540.yaml,1e0660ca62a5d66658c15e511973690ee41b5333,CVE-2023-0540
956982314,arkede/cve-2023,CVE-2023-35877.yaml,1e0e3929f87aec493edf9d384ce74fc580c0f08b,CVE-2023-35877
956982314,arkede/cve-2023,CVE-2023-48771.yaml,1e2be08ff47179202d266542e6e7425dffd18cde,CVE-2023-48771
956982314,arkede/cve-2023,CVE-2023-1324.yaml,1e3c52ff1db9923ba9c177fcf801f5c103a66a9d,CVE-2023-1324
956982314,arkede/cve-2023,CVE-2023-41657.yaml,1e4a212211c7b3ea83a2dc00af293c588c75a065,CVE-2023-41657
956982314,arkede/cve-2023,CVE-2023-6990.yaml,1e556dce807d769981afebe9a58c54f84825130f,CVE-2023-6990
956982314,arkede/cve-2023,CVE-2023-46070.yaml,1e59237b6c571594b802f4fff06801e6a5a3436a,CVE-2023-46070
956982314,arkede/cve-2023,CVE-2023-2684.yaml,1e641ebad1240c52ea5fc7a4517680a00d15ba2b,CVE-2023-2684
956982314,arkede/cve-2023,CVE-2023-0236_2.yaml,1e6f5a9c172eaf93831e12e16c09e3cb22e36a94,CVE-2023-0236
956982314,arkede/cve-2023,CVE-2023-0178.yaml,1e724b2732be1001f673e20baea6ce120f75b145,CVE-2023-0178
956982314,arkede/cve-2023,CVE-2023-32745.yaml,1e794e258690370c53529f497fb9a4ce4792eb3a,CVE-2023-32745
956982314,arkede/cve-2023,CVE-2023-36501.yaml,1e7a273772e58df3b50043bb23399c39564159bd,CVE-2023-36501
956982314,arkede/cve-2023,CVE-2023-30534_1.yaml,1e7e038bd6a2c2f5cba13e80bcd1a2ce1faea3c5,GHSA-77RF-774J-6H3P
956982314,arkede/cve-2023,CVE-2023-30534_1.yaml,1e7e038bd6a2c2f5cba13e80bcd1a2ce1faea3c5,CVE-2023-30534
956982314,arkede/cve-2023,CVE-2023-39699.yaml,1e894e4b2c89cc8c17d5ebe7c7f21868e8ee3752,CVE-2023-39699
956982314,arkede/cve-2023,CVE-2023-22620.yaml,1ea1a0e63be5df10b7ba5db6303149b274f0c499,CVE-2023-22620
956982314,arkede/cve-2023,CVE-2023-24410.yaml,1ead56460c76a2dee278fc90ddb0499a45274402,CVE-2023-24410
956982314,arkede/cve-2023,CVE-2023-24258.yaml,1eaf2b4adda6bc0f4ed22cf26600dfbac29ce40e,CVE-2023-24258
956982314,arkede/cve-2023,CVE-2023-0293.yaml,1ec785ba3ce7765b8fcc6b8f33946ab7d873229b,CVE-2023-0293
956982314,arkede/cve-2023,CVE-2023-23675.yaml,1ecd3ba56e7de29cd527063e0c950a7199d03705,CVE-2023-23675
956982314,arkede/cve-2023,CVE-2023-5710.yaml,1ed478a5c34917a3ff7ee309abcea057f6df0788,CVE-2023-5710
956982314,arkede/cve-2023,CVE-2023-24657_1.yaml,1efdbfecef2aacf600fb007989d4efc6aa9d7fbe,CVE-2023-24657
956982314,arkede/cve-2023,CVE-2023-5425.yaml,1f101b9a1346b559e307a2e9f2df616c8c74b922,CVE-2023-5425
956982314,arkede/cve-2023,CVE-2023-5411.yaml,1f17a6cab23f825664ada5be782f6486f2183711,CVE-2023-5411
956982314,arkede/cve-2023,CVE-2023-49168.yaml,1f21692be021bb3ea31b1fedb11e0030ab882609,CVE-2023-49168
956982314,arkede/cve-2023,CVE-2023-5470.yaml,1f26255ab6b848efc5dfb978e7722b819ba68ffd,CVE-2023-5470
956982314,arkede/cve-2023,CVE-2023-29099.yaml,1f4892aec9ec233b96125f49d2edeff3e0ad5277,CVE-2023-29099
956982314,arkede/cve-2023,CVE-2023-32500.yaml,1f48a6aaf3a92943f339843f3a6deb0be61d15a7,CVE-2023-32500
956982314,arkede/cve-2023,CVE-2023-45652.yaml,1f5ee4b23c97923ffe73d993d39b5f7e475c7d23,CVE-2023-45652
956982314,arkede/cve-2023,CVE-2023-2796.yaml,1f68fd324373051ba24804bc15d151d443f2f687,CVE-2023-2796
956982314,arkede/cve-2023,CVE-2023-21839.yaml,1f7a1876bb7dcd6765ec87f55ab31622d9311529,CVE-2023-21839
956982314,arkede/cve-2023,CVE-2023-41660.yaml,1f7ddc746b4f88fcac0199d078a60521afd1da8c,CVE-2023-41660
956982314,arkede/cve-2023,CVE-2023-2811.yaml,1f8875fc457a3b1c6296353500a6224d8d4bebbd,CVE-2023-2811
956982314,arkede/cve-2023,CVE-2023-20887.yaml,1f936b73c167d4086d2844cd9b2a3699d448c90d,CVE-2023-20887
956982314,arkede/cve-2023,CVE-2023-43654.yaml,1f98347ce037818b21c58b419957b78e77990fc9,CVE-2023-43654
956982314,arkede/cve-2023,CVE-2023-51492.yaml,1fb145055d0ccbce1bad1ca6f7266bc4182bccbc,CVE-2023-51492
956982314,arkede/cve-2023,CVE-2023-40196.yaml,1fd18e0111a8411f07666703a4bbc0de26f06aee,CVE-2023-40196
956982314,arkede/cve-2023,CVE-2023-23880.yaml,1fe0bd0bebc9997884e2b743465e831c52a03846,CVE-2023-23880
956982314,arkede/cve-2023,CVE-2023-28789.yaml,20060bb287a81208adde989fd4e826daf1e65382,CVE-2023-28789
956982314,arkede/cve-2023,CVE-2023-34177.yaml,2017dd1f5e7352cedb5d3358ed5d3d4635d763f8,CVE-2023-34177
956982314,arkede/cve-2023,CVE-2023-40330.yaml,201ce78a9f8b0290b07f67e5092696f4c53a2325,CVE-2023-40330
956982314,arkede/cve-2023,CVE-2023-1027.yaml,2026142e6c019b6f40fa2e9630dad03da6528eed,CVE-2023-1027
956982314,arkede/cve-2023,CVE-2023-32105.yaml,202d4ebab1070e34933bf59a5b58a96088451663,CVE-2023-32105
956982314,arkede/cve-2023,CVE-2023-27435.yaml,203bdf5e397ace9371441fa92b6d4d440123c674,CVE-2023-27435
956982314,arkede/cve-2023,CVE-2023-0171.yaml,2041f64cdcf856d58747a9d6b94bd5998277c7b1,CVE-2023-0171
956982314,arkede/cve-2023,CVE-2023-2780_1.yaml,20484e2a61e30cd318623f01f9cd9fbaedaff4ac,CVE-2023-2780
956982314,arkede/cve-2023,CVE-2023-28420.yaml,204ee218b90554c43d32fe8238bfe75797efdeda,CVE-2023-28420
956982314,arkede/cve-2023,CVE-2023-38397.yaml,2067e484c0062a41c4d2d8d966ca52905d104f17,CVE-2023-38397
956982314,arkede/cve-2023,CVE-2023-1718.yaml,2074c5b776e9d7813b39849272ba86e934062a63,CVE-2023-1718
956982314,arkede/cve-2023,CVE-2023-25157_1.yaml,208300e79384ff1deac3b51e7636f42c38981432,GHSA-7G5F-WRX8-5CCF
956982314,arkede/cve-2023,CVE-2023-25157_1.yaml,208300e79384ff1deac3b51e7636f42c38981432,CVE-2023-25157
956982314,arkede/cve-2023,CVE-2023-32077.yaml,209f5ecaac978f98f6002f5813e39d9f49226d5c,CVE-2023-32077
956982314,arkede/cve-2023,CVE-2023-6009.yaml,20a3f2229c0279b1f1c59fa30b40f2dc4c3ff93a,CVE-2023-6009
956982314,arkede/cve-2023,CVE-2023-6753.yaml,20ba0a789c4cedeb0b831396e5539fe7d0e218b6,CVE-2023-6753
956982314,arkede/cve-2023,CVE-2023-39993.yaml,20bd1ff575e43bbf94fe9dd16cfc5fb1f37f2ff4,CVE-2023-39993
956982314,arkede/cve-2023,CVE-2023-0173.yaml,20c24e77267c643e5214708a8f97d706cffaaf3a,CVE-2023-0173
956982314,arkede/cve-2023,CVE-2023-4116.yaml,20ceae2bb126ab2ba6f6dff549d331abb01d72cd,CVE-2023-4116
956982314,arkede/cve-2023,CVE-2023-2180.yaml,20cf0d9ed126e43f5565f8b6e08e83bc19568785,CVE-2023-2180
956982314,arkede/cve-2023,CVE-2023-38309.yaml,20d417ea6e86af7b42f8cf95946367cebdbd7118,CVE-2023-38309
956982314,arkede/cve-2023,CVE-2023-5210.yaml,20d8217cc8875efdc1f7c6492f5af2b45b7a4734,CVE-2023-5210
956982314,arkede/cve-2023,CVE-2023-1345.yaml,20d8436508f8144ed8c80651d78c004b4851a926,CVE-2023-1345
956982314,arkede/cve-2023,CVE-2023-31089.yaml,20d9c98614dcbf49aef5b8926e4f183faacde8ff,CVE-2023-31089
956982314,arkede/cve-2023,CVE-2023-24389.yaml,20dcc9403f8a3a9c789156d53579d61e82d9296a,CVE-2023-24389
956982314,arkede/cve-2023,CVE-2023-36527.yaml,20f572d2123294114de03f253035953e98ce27c9,CVE-2023-36527
956982314,arkede/cve-2023,CVE-2023-36512.yaml,20f9ba20d8d772ad4eec4cf3178fde49ad844c5f,CVE-2023-36512
956982314,arkede/cve-2023,CVE-2023-32510.yaml,20fce4f3452136e233239e6b2bdd29c89798a0eb,CVE-2023-32510
956982314,arkede/cve-2023,CVE-2023-23883.yaml,20fe1a95f84639fb2dd51a126a16574373e3b2da,CVE-2023-23883
956982314,arkede/cve-2023,CVE-2023-35913.yaml,20fe723923b35ec10d2b163a12f7da96cb2b02cf,CVE-2023-35913
956982314,arkede/cve-2023,CVE-2023-6632.yaml,211d9a667e611ba2cd15b9e90d6ab3002086d6e9,CVE-2023-6632
956982314,arkede/cve-2023,CVE-2023-22463_2.yaml,211e5de7967e175e73daf8d08a733140f2488fed,CVE-2023-22463
956982314,arkede/cve-2023,CVE-2023-27415.yaml,212b8241b20d6d0b1b8c634f503205b1bfae1061,CVE-2023-27415
956982314,arkede/cve-2023,CVE-2023-23868.yaml,2130fa73ae857b5d231356294ef7dc120d18fc46,CVE-2023-23868
956982314,arkede/cve-2023,CVE-2023-45642.yaml,2141421e1e4631900a81ba296398628322ab2163,CVE-2023-45642
956982314,arkede/cve-2023,CVE-2023-36513.yaml,21477695e0f18c74be6b492e662734b3a09d5322,CVE-2023-36513
956982314,arkede/cve-2023,CVE-2023-25469.yaml,215b5d53532f2d469d8a0e8ce4d1aa4e987c9d4a,CVE-2023-25469
956982314,arkede/cve-2023,CVE-2023-37992.yaml,215fb42c3d177625249beb88e8e397486a308391,CVE-2023-37992
956982314,arkede/cve-2023,CVE-2023-0165.yaml,21699e02582c40da565704f6dbef7cb0aa65ad8f,CVE-2023-0165
956982314,arkede/cve-2023,CVE-2023-0236.yaml,2173d48327e742fbb388cc913d6966e76b27b4f9,CVE-2023-0236
956982314,arkede/cve-2023,CVE-2023-47831.yaml,217462481d96a5180eaf0a6dd62a2072f07920df,CVE-2023-47831
956982314,arkede/cve-2023,CVE-2023-1315_1.yaml,2178e336e062101eb8b803c9d4623a65d90ac012,CVE-2023-1315
956982314,arkede/cve-2023,CVE-2023-5662.yaml,217d0a44b8b88d0aef03e415c824ec7913f70f59,CVE-2023-5662
956982314,arkede/cve-2023,CVE-2023-31236.yaml,218e0017425ec5c17c34c0ad035a0f2b4acd536a,CVE-2023-31236
956982314,arkede/cve-2023,CVE-2023-48755.yaml,219251ed80d72b72eae765323b4d209120e5321e,CVE-2023-48755
956982314,arkede/cve-2023,CVE-2023-2450.yaml,2193503fb54d52cec3e018ffa3277d4a1e7f3337,CVE-2023-2450
956982314,arkede/cve-2023,CVE-2023-33331.yaml,219a36298b6090590a2e7cee8bc5d6456f33e630,CVE-2023-33331
956982314,arkede/cve-2023,CVE-2023-26067.yaml,219aad484d31bf49c7ca1a96f8203bdd67cc0dbc,ZDI-CAN-19470
956982314,arkede/cve-2023,CVE-2023-26067.yaml,219aad484d31bf49c7ca1a96f8203bdd67cc0dbc,CVE-2023-26067
956982314,arkede/cve-2023,CVE-2023-0585.yaml,219e647f4a35596716f5a0f790cb03e19b71d409,CVE-2023-0585
956982314,arkede/cve-2023,CVE-2023-6449.yaml,21ac081a4aef04d2365409e86c1ce16c217d5893,CVE-2023-6449
956982314,arkede/cve-2023,CVE-2023-0388.yaml,21adf6dcf25f5af364df84c3751033353c98db7a,CVE-2023-0388
956982314,arkede/cve-2023,CVE-2023-38517.yaml,21b7211ea48e5131b4ca7601c7a234e9b9ea57ea,CVE-2023-38517
956982314,arkede/cve-2023,CVE-2023-41013.yaml,21bb6f50deb23c4e3a5006b0e1dcfc075fb996d5,CVE-2023-41013
956982314,arkede/cve-2023,CVE-2023-23489.yaml,21c18da1e53919c86a4b1f4f3d067f8375c2992b,CVE-2023-23489
956982314,arkede/cve-2023,CVE-2023-52274.yaml,21c207022b8eda057175a595b4243755d6cd0828,CVE-2023-52274
956982314,arkede/cve-2023,CVE-2023-45835.yaml,21cd860c657905b27abaaede9f763e4bbfb92661,CVE-2023-45835
956982314,arkede/cve-2023,CVE-2023-24733.yaml,21df2fe7713b429159bd11af3bd168f87be1ef38,CVE-2023-24733
956982314,arkede/cve-2023,CVE-2023-52121.yaml,2210eac5dbefec2a80e93e039f53996e48ae1eab,CVE-2023-52121
956982314,arkede/cve-2023,CVE-2023-52212.yaml,221a6d2409446904ceea0106e04456c73d04a824,CVE-2023-52212
956982314,arkede/cve-2023,CVE-2023-41265_1.yaml,221d460584c48862bd02b6a95adb57495072bf8a,CVE-2023-41265
956982314,arkede/cve-2023,CVE-2023-33584.yaml,2221ec12f211af9e480b1722545a37009c11ac05,CVE-2023-33584
956982314,arkede/cve-2023,CVE-2023-1339.yaml,2237193644a2c928df460f1507496cbb50b192e0,CVE-2023-1339
956982314,arkede/cve-2023,CVE-2023-6788.yaml,224dccd6099addfa187f483199bcf89be5bb80a6,CVE-2023-6788
956982314,arkede/cve-2023,CVE-2023-34012.yaml,225fb2bfafd98b1b24488af4ea6d98daa41b1fec,CVE-2023-34012
956982314,arkede/cve-2023,CVE-2023-7074.yaml,226a7f50067873ce236d3845816b29db3cb2ffd0,CVE-2023-7074
956982314,arkede/cve-2023,CVE-2023-42268.yaml,226c4bda89e167180ef65a416473cbb2dbd38b47,CVE-2023-42268
956982314,arkede/cve-2023,CVE-2023-4213.yaml,227f9f333593c7fdd228a60537c4b151b1d79806,CVE-2023-4213
956982314,arkede/cve-2023,CVE-2023-34020.yaml,2281eb1c39e3d123d30c6433a2b40171e72817b9,CVE-2023-34020
956982314,arkede/cve-2023,CVE-2023-31465.yaml,228496a463539b5282acedb9c868515b27551f5c,CVE-2023-31465
956982314,arkede/cve-2023,CVE-2023-27428.yaml,22875e42f7dfc1280a9a93bad6f69dea90032251,CVE-2023-27428
956982314,arkede/cve-2023,CVE-2023-41869.yaml,229a41703f4d3c1d8414506ea8d0b91113c5b925,CVE-2023-41869
956982314,arkede/cve-2023,CVE-2023-0074.yaml,229e7b5057cc393a85dee718cf8d37af76746be3,CVE-2023-0074
956982314,arkede/cve-2023,CVE-2023-49762.yaml,22a97a38fcdb237ba1efa47aecd9d461a7ea3163,CVE-2023-49762
956982314,arkede/cve-2023,CVE-2023-36845.yaml,22b77d7c8ecc6eb7db666839fe3cf43bff67b5d2,CVE-2023-36845
956982314,arkede/cve-2023,CVE-2023-36845.yaml,22b77d7c8ecc6eb7db666839fe3cf43bff67b5d2,CVE-2023-36844
956982314,arkede/cve-2023,CVE-2023-31234.yaml,22ba9509a12fc87262859953a999efb161dcc674,CVE-2023-31234
956982314,arkede/cve-2023,CVE-2023-1671.yaml,22bfa890b3312c49ac0eb1e5cc5c70da4a3e176c,CVE-2023-1671
956982314,arkede/cve-2023,CVE-2023-46093.yaml,22d265af602c7295260833c49261b0b016a7886a,CVE-2023-46093
956982314,arkede/cve-2023,CVE-2023-0148.yaml,22d4561f1218426ce25e70dcd202aa4f275cf288,CVE-2023-0148
956982314,arkede/cve-2023,CVE-2023-5531.yaml,22e39d82531b82dcbbd59956ad9baa64c5501771,CVE-2023-5531
956982314,arkede/cve-2023,CVE-2023-25784.yaml,22e6db2b197c52e7ef072997627922621b7f1453,CVE-2023-25784
956982314,arkede/cve-2023,CVE-2023-32104.yaml,22e6df6341dae31f3dd20e9d2e3a0fde1792eb1f,CVE-2023-32104
956982314,arkede/cve-2023,CVE-2023-6556.yaml,22e95a5ff082c1c7e5e2fa75ca4ca8c4efd1eab8,CVE-2023-6556
956982314,arkede/cve-2023,CVE-2023-1330.yaml,22e9e354b0540b94564825446df1d94fce8ed946,CVE-2023-1330
956982314,arkede/cve-2023,CVE-2023-46094.yaml,22eac630ac85533d996f0dea4c96c1b813bee7e8,CVE-2023-46094
956982314,arkede/cve-2023,CVE-2023-27634.yaml,22ebd0bf4af6369196b9607320f734cbe2d6d3b0,CVE-2023-27634
956982314,arkede/cve-2023,CVE-2023-39846.yaml,22eedc31dbcd4a6e74b8b58b604b7462084db65d,CVE-2023-39846
956982314,arkede/cve-2023,CVE-2023-26843_1.yaml,23037a861f29524e6a1db3c2986426817f2d65bd,CVE-2023-26843
956982314,arkede/cve-2023,CVE-2023-1347.yaml,23176358ca53430429cbb9f0bc4aa4e40c4fcf69,CVE-2023-1347
956982314,arkede/cve-2023,CVE-2023-3533.yaml,2331e996593da8b06620c30ad921300edaeeceea,CVE-2023-3533
956982314,arkede/cve-2023,CVE-2023-23975.yaml,233888aa6275c2f13957914a5f18106f31002e0f,CVE-2023-23975
956982314,arkede/cve-2023,CVE-2023-5609.yaml,234414195a408796aa0178fca092a99ab88c3661,CVE-2023-5609
956982314,arkede/cve-2023,CVE-2023-51700.yaml,2346901b08fc16bcba6991eedb9382441307ac7a,CVE-2023-51700
956982314,arkede/cve-2023,CVE-2023-5860.yaml,235db6e8116b5d11760f9478b706964d4282ad55,CVE-2023-5860
956982314,arkede/cve-2023,CVE-2023-42789.yaml,2366a12de1f60dd994cadbea6f7c728d5baa575b,CVE-2023-42789
956982314,arkede/cve-2023,CVE-2023-34259.yaml,23826fb7fc05475f70b20eada976e75677a6abd0,CVE-2023-34259
956982314,arkede/cve-2023,CVE-2023-0556.yaml,2387a9e2e799876c03d057e1cf9261519c582d53,CVE-2023-0556
956982314,arkede/cve-2023,CVE-2023-48764.yaml,238ca57f73a7cb58edb5aa71a2e6b1fda902473d,CVE-2023-48764
956982314,arkede/cve-2023,CVE-2023-23885.yaml,23aba7bb3546fd946f1b2b3bedd05a30e97554ff,CVE-2023-23885
956982314,arkede/cve-2023,CVE-2023-25981.yaml,23af1a5ab074388f58564bd772383d789e47f42c,CVE-2023-25981
956982314,arkede/cve-2023,CVE-2023-23667.yaml,23b10b8eded5f77424a810e088640644e21acaae,CVE-2023-23667
956982314,arkede/cve-2023,CVE-2023-28994.yaml,23b4e9de7035bcd828b5ac54f83aeeb1cb0c9958,CVE-2023-28994
956982314,arkede/cve-2023,CVE-2023-50879.yaml,23c2b53a1d5a895ce7a021c5c10bedcb2c681571,CVE-2023-50879
956982314,arkede/cve-2023,CVE-2023-41684.yaml,23cca7617702460ac1bb44b1e628e069594617de,CVE-2023-41684
956982314,arkede/cve-2023,CVE-2023-6975_1.yaml,23ddd90549544a8e531ce9f0514ed3358a84cf57,CVE-2023-6975
956982314,arkede/cve-2023,CVE-2023-31716.yaml,23e5991d41b32a28d19769a95c0034bc034e59f0,CVE-2023-31716
956982314,arkede/cve-2023,CVE-2023-47657.yaml,23e9e5f7bb8222328f513edc120507077e838f59,CVE-2023-47657
956982314,arkede/cve-2023,CVE-2023-25058.yaml,23fc8ee6d551810ec8e93728724e71ec963b9386,CVE-2023-25058
956982314,arkede/cve-2023,CVE-2023-29438.yaml,23fd952f823f0b553d92f63f39ae52b88be713f4,CVE-2023-29438
956982314,arkede/cve-2023,CVE-2023-0691.yaml,23ffd7e60881ce26b60000931fd016d2bf7504e2,CVE-2023-0691
956982314,arkede/cve-2023,CVE-2023-37393.yaml,2415b5a6d689bf8de244e5c176c6483b8a60162b,CVE-2023-37393
956982314,arkede/cve-2023,CVE-2023-34368.yaml,241c285848fff257dfc5e908b098e36f299db532,CVE-2023-34368
956982314,arkede/cve-2023,CVE-2023-44151.yaml,24206481c6af8fedbb6095c1c58f2324c18aec49,CVE-2023-44151
956982314,arkede/cve-2023,CVE-2023-49776.yaml,2427f964c3a1aedee7288e94b0fb06edd440069f,CVE-2023-49776
956982314,arkede/cve-2023,CVE-2023-0823.yaml,2433c8429447e28794b32cff33858f893a5f21dc,CVE-2023-0823
956982314,arkede/cve-2023,CVE-2023-36686.yaml,2456b9ad1e3ae108423e01ae8b45d6ca2916f38d,CVE-2023-36686
956982314,arkede/cve-2023,CVE-2023-0033.yaml,248b009686872d8f16fbc7417c41d2f9c0b17ff5,CVE-2023-0033
956982314,arkede/cve-2023,CVE-2023-5749.yaml,2491211da14c576b94a96c810f5c20c3649c8ed2,CVE-2023-5749
956982314,arkede/cve-2023,CVE-2023-3409.yaml,24b73c5fdc414ef5c1c438880c58e8c440524862,CVE-2023-3409
956982314,arkede/cve-2023,CVE-2023-37968.yaml,24bd3676f5bf2674f666de2003f388c85a5a6b0a,CVE-2023-37968
956982314,arkede/cve-2023,CVE-2023-37979.yaml,24cc2256d77fd5d0ab9605e461faf49360dfa8f7,CVE-2023-37979
956982314,arkede/cve-2023,CVE-2023-33314.yaml,24ceee7c5a6fe4166f7a811b373e471e361c214d,CVE-2023-33314
956982314,arkede/cve-2023,CVE-2023-23971.yaml,24e14cf298c56666afd767d3a0d59ae2345fc3f8,CVE-2023-23971
956982314,arkede/cve-2023,CVE-2023-23709.yaml,24e54f8f0b912c12ed7e9fa25b9fbb93100be902,CVE-2023-23709
956982314,arkede/cve-2023,CVE-2023-31229.yaml,24e63281815fadfcd27ae7bb806a23b2324eaeb3,CVE-2023-31229
956982314,arkede/cve-2023,CVE-2023-6380.yaml,24e6506046fab035c83ce942b572d9389c88df15,CVE-2023-6380
956982314,arkede/cve-2023,CVE-2023-37754.yaml,24ec79f8cc68a3584ed79ee6af63b8401ab30116,CVE-2023-37754
956982314,arkede/cve-2023,CVE-2023-1806.yaml,24f3938d0f32d0ccdd073132f90b52217e468b9b,CVE-2023-1806
956982314,arkede/cve-2023,CVE-2023-34178.yaml,24fcf32f7e26abd3afc57347cb85176d5ed87a03,CVE-2023-34178
956982314,arkede/cve-2023,CVE-2023-39987.yaml,2506a29bd2f832030dd4dfd129e87fec0312934e,CVE-2023-39987
956982314,arkede/cve-2023,CVE-2023-48775.yaml,251302f8805e8c68f4d6e8355665aa3cb49fe6d8,CVE-2023-48775
956982314,arkede/cve-2023,CVE-2023-34599_1.yaml,252d4509a26d36ab69876630693c3bf216802eb3,CVE-2023-34599
956982314,arkede/cve-2023,CVE-2023-32237.yaml,25487d52c02f974c38b91e729a6320a573923717,CVE-2023-32237
956982314,arkede/cve-2023,CVE-2023-24379.yaml,25745ffa135831ba792fdcc4783e42dbc7a007cf,CVE-2023-24379
956982314,arkede/cve-2023,CVE-2023-30785.yaml,2578208846f5231c580a737284e30efb409b8b27,CVE-2023-30785
956982314,arkede/cve-2023,CVE-2023-25480.yaml,258ac428c408505b5d85993ce0b13b3ee0e477c5,CVE-2023-25480
956982314,arkede/cve-2023,CVE-2023-27922_1.yaml,258b050c0bd24620658a6be06a2354a3af0b6037,CVE-2023-27922
956982314,arkede/cve-2023,CVE-2023-48766.yaml,258d4eed3ccf314676880834c7ef760d88626b7c,CVE-2023-48766
956982314,arkede/cve-2023,CVE-2023-41656.yaml,25a119b5498cd87e47d625e10c462f7a5beb9c9b,CVE-2023-41656
956982314,arkede/cve-2023,CVE-2023-0542.yaml,25a54c690ce922269bde29ac0f3a35310a852c21,CVE-2023-0542
956982314,arkede/cve-2023,CVE-2023-3962.yaml,25bf39259ea523dfe4f4c7ca8f7bd01d4e413fa3,CVE-2023-3962
956982314,arkede/cve-2023,CVE-2023-36503.yaml,25d0025f19de1bc1dde5ddf14a3c25962bd3e9b9,CVE-2023-36503
956982314,arkede/cve-2023,CVE-2023-22716.yaml,25d780d9f22f1dcd714d762f51418c12639075cc,CVE-2023-22716
956982314,arkede/cve-2023,CVE-2023-5822.yaml,25df368c1ed897bb8a29eab437c9837e5881559d,CVE-2023-5822
956982314,arkede/cve-2023,CVE-2023-3667.yaml,25f9ab799090b2bdf91653a388f1e71d49be2069,CVE-2023-3667
956982314,arkede/cve-2023,CVE-2023-0373.yaml,25faea77d3d60c8bb745ca2d0cec0fe48875dab6,CVE-2023-0373
956982314,arkede/cve-2023,CVE-2023-41892_2.yaml,26004dc155f05de0936d3fbaf9ba9d01ddb0af9d,GHSA-4W8R-3XRW-V25G
956982314,arkede/cve-2023,CVE-2023-41892_2.yaml,26004dc155f05de0936d3fbaf9ba9d01ddb0af9d,CVE-2023-41892
956982314,arkede/cve-2023,CVE-2023-2547.yaml,261c1af946e4f5d3b183b830ee5e211cb5d893a2,CVE-2023-2547
956982314,arkede/cve-2023,CVE-2023-0176.yaml,26205c7ee4bb6542a82500557f848056957045df,CVE-2023-0176
956982314,arkede/cve-2023,CVE-2023-41109.yaml,264e7087a2fb2beeae5e766d91159dd06e4b2c75,CVE-2023-41109
956982314,arkede/cve-2023,CVE-2023-2447.yaml,26546ce713bf5191842bcf08fb630dbbbc5308c5,CVE-2023-2447
956982314,arkede/cve-2023,CVE-2023-52228.yaml,266851377d52ad1b593e67810bf14a9b8d297684,CVE-2023-52228
956982314,arkede/cve-2023,CVE-2023-41652.yaml,266a9fedd6219c149b43621ddb29f75b3c1dd3a7,CVE-2023-41652
956982314,arkede/cve-2023,CVE-2023-47875.yaml,266f9a10b1f8a0149394cea044f76d116f0b0b29,CVE-2023-47875
956982314,arkede/cve-2023,CVE-2023-52194.yaml,267fa7bd2f42ecb4d5727f16872aa4024d02115f,CVE-2023-52194
956982314,arkede/cve-2023,CVE-2023-6203.yaml,267fae6f82e60f88e9292973e41fcae2e433c3ff,CVE-2023-6203
956982314,arkede/cve-2023,CVE-2023-2277.yaml,2687beb4dd178d4d3eac354496be3225d43e3a0a,CVE-2023-2277
956982314,arkede/cve-2023,CVE-2023-36528.yaml,26966fe32d4fb1cb57837de4acabb4a2ead9d79c,CVE-2023-36528
956982314,arkede/cve-2023,CVE-2023-1698.yaml,26a0abd299f6dd2191d022c566b445ad6d5ec13d,CVE-2023-1698
956982314,arkede/cve-2023,CVE-2023-3814.yaml,26a31a592a4904f73bc2593b6c41836f35c406a8,CVE-2023-3814
956982314,arkede/cve-2023,CVE-2023-4943.yaml,26a3e2db3de7fbd9922eabea925fa0ddc84efc03,CVE-2023-4943
956982314,arkede/cve-2023,CVE-2023-48754.yaml,26a94cdcaaa21de10d534828de6e09045ea83af0,CVE-2023-48754
956982314,arkede/cve-2023,CVE-2023-45753.yaml,26ada22ac3edc06a4466a64258456d7ff9f78025,CVE-2023-45753
956982314,arkede/cve-2023,CVE-2023-5311.yaml,26af6bccf11882af534d00efb2635867711eb3fd,CVE-2023-5311
956982314,arkede/cve-2023,CVE-2023-45269.yaml,26bda5d481612d2005e7aead53806c01a05186e7,CVE-2023-45269
956982314,arkede/cve-2023,CVE-2023-25065.yaml,26c046d997fe04f42f1a8a9f2a2e77e77631794c,CVE-2023-25065
956982314,arkede/cve-2023,CVE-2023-28694.yaml,26c28f3f9bd80f388c1bfb994f7386db5c0e40b5,CVE-2023-28694
956982314,arkede/cve-2023,CVE-2023-46080.yaml,26c393aa40b0db1c458541960502381cbfa442d6,CVE-2023-46080
956982314,arkede/cve-2023,CVE-2023-1922.yaml,26c3f2aed3630d9d85e3f774e7029c99f7df3bb9,CVE-2023-1922
956982314,arkede/cve-2023,CVE-2023-49070_2.yaml,26d50632afda5fb2ae8260a5e386064f3e2d581c,CVE-2023-49070
956982314,arkede/cve-2023,CVE-2023-49161.yaml,26d6b212d02e4bb1ef023a9a0753bc5cd1d7e4de,CVE-2023-49161
956982314,arkede/cve-2023,CVE-2023-6161.yaml,26df5b2447604a97e48d68a8a32cee123650117a,CVE-2023-6161
956982314,arkede/cve-2023,CVE-2023-45772.yaml,26f07ad4804bab16403bcc941e090bb8f53a0fbb,CVE-2023-45772
956982314,arkede/cve-2023,CVE-2023-1905.yaml,271567824692d1122326ad1662caf988ea36af9a,CVE-2023-1905
956982314,arkede/cve-2023,CVE-2023-26534.yaml,271a19285088545248f181af57c1373e973028db,CVE-2023-26534
956982314,arkede/cve-2023,CVE-2023-47518.yaml,272933264639e01c3dc5c0aec7bd831dba4684da,CVE-2023-47518
956982314,arkede/cve-2023,CVE-2023-23897.yaml,272eb65b0918b974dc33dd213155a660594436ff,CVE-2023-23897
956982314,arkede/cve-2023,CVE-2023-36694.yaml,2733d42cf05f18ffc81119399ca0114aec2f8b3c,CVE-2023-36694
956982314,arkede/cve-2023,CVE-2023-2996.yaml,275a7e28cdf8ae8011d99b5f36a60f8ed3f2a86a,CVE-2023-2996
956982314,arkede/cve-2023,CVE-2023-32798.yaml,27731c2cc3080e0e67f570a4e52aee18f76d1dd2,CVE-2023-32798
956982314,arkede/cve-2023,CVE-2023-23986.yaml,277da0163324258b1bb82b033a6538472f4db587,CVE-2023-23986
956982314,arkede/cve-2023,CVE-2023-0276.yaml,2785a9e6bad8dce55fa037fdff6484187c704f8c,CVE-2023-0276
956982314,arkede/cve-2023,CVE-2023-51471.yaml,27943adda92cff32b494c3040042e5add261169b,CVE-2023-51471
956982314,arkede/cve-2023,CVE-2023-32574.yaml,2796707dcaf8182f01fa50353080a28b6dda9682,CVE-2023-32574
956982314,arkede/cve-2023,CVE-2023-47239.yaml,27a07245aa879e5c6ac54a63f44e5412cda8d12d,CVE-2023-47239
956982314,arkede/cve-2023,CVE-2023-7027.yaml,27b433661fb8daeda438072328212ef82999ddf5,CVE-2023-7027
956982314,arkede/cve-2023,CVE-2023-46082.yaml,27c7ea9526f478062a6573e71ac66349e1c00d95,CVE-2023-46082
956982314,arkede/cve-2023,CVE-2023-46298.yaml,27ca66bc3515b1ec0d1e4e5048e9984cd5790003,CVE-2023-46298
956982314,arkede/cve-2023,CVE-2023-47680.yaml,27d31c3888de250a5c2efd3bfbb6dcb02e171f38,CVE-2023-47680
956982314,arkede/cve-2023,CVE-2023-30483.yaml,27da2fd052faa1dcaf5730492dd0187a83166b5f,CVE-2023-30483
956982314,arkede/cve-2023,CVE-2023-22697.yaml,27dec981474be791fade762e1c4f5b1a09a0ab07,CVE-2023-22697
956982314,arkede/cve-2023,CVE-2023-49819.yaml,27e7c8ffc5a6af38656d63c0c21f90269f3d5591,CVE-2023-49819
956982314,arkede/cve-2023,CVE-2023-1478.yaml,27e93459bca0918e8c2a7a7b72709da8dcd73f04,CVE-2023-1478
956982314,arkede/cve-2023,CVE-2023-30786.yaml,27eb141360c687d6162ca7cdbe538d4d39dee13b,CVE-2023-30786
956982314,arkede/cve-2023,CVE-2023-34010.yaml,280231fa355b832a34bfe2ac95ac413767768f5d,CVE-2023-34010
956982314,arkede/cve-2023,CVE-2023-37891.yaml,2815f3e9a7703061a9eb2e32e6b99793444ef823,CVE-2023-37891
956982314,arkede/cve-2023,CVE-2023-27372_1.yaml,281e2cae20f94b23b31bd6321d14f9622d353072,CVE-2023-27372
956982314,arkede/cve-2023,CVE-2023-22715.yaml,2826e8bfe4845c1ced55a5624aec6b8a490bd0c2,CVE-2023-22715
956982314,arkede/cve-2023,cve-2023-33246.yaml,28332ee6138694c0472a08cd9b271de51dd32dbd,CVE-2023-33246
956982314,arkede/cve-2023,CVE-2023-36685.yaml,283ae74bd33ebcb160129f76de305cb499cd68c7,CVE-2023-36685
956982314,arkede/cve-2023,CVE-2023-3765.yaml,2842bb650ac1b174998660edf339d99683a81747,CVE-2023-3765
956982314,arkede/cve-2023,CVE-2023-40674.yaml,284442ec00f907136fc4643e98a9f94b77ee391c,CVE-2023-40674
956982314,arkede/cve-2023,CVE-2023-31215.yaml,284f4a7e30e1bb203d6fe3e25161dc1cf6615659,CVE-2023-31215
956982314,arkede/cve-2023,CVE-2023-6828.yaml,28518915c92156ad8cc131ae6d73e8e511c66917,CVE-2023-6828
956982314,arkede/cve-2023,CVE-2023-27630.yaml,285ce467aa57d30aff6c805ab721d3830f6b7f10,CVE-2023-27630
956982314,arkede/cve-2023,CVE-2023-32584.yaml,2862210d2743e8016bee78af053ce26aa52205cf,CVE-2023-32584
956982314,arkede/cve-2023,CVE-2023-24487.yaml,2866328555632908895bef42d1d7110dfcbe00a4,CVE-2023-24487
956982314,arkede/cve-2023,CVE-2023-51413.yaml,286e851e8b9613e7de16a2f2573afa690fa86223,CVE-2023-51413
956982314,arkede/cve-2023,CVE-2023-4505.yaml,289781b06e704fd16882c5f3696f6ee003af5da4,CVE-2023-4505
956982314,arkede/cve-2023,CVE-2023-6999.yaml,28a6bf37ab922c5dd92fe632f48300f359416347,CVE-2023-6999
956982314,arkede/cve-2023,CVE-2023-28661.yaml,28b37162b1f35b64afa774e0c36917b95cb6f9a5,CVE-2023-28661
956982314,arkede/cve-2023,CVE-2023-0380.yaml,28b436a390b6a59eea2a55482f8426f449e845a2,CVE-2023-0380
956982314,arkede/cve-2023,CVE-2023-2059_1.yaml,28b454b92bfa0237568f5b09dae3c5d9a3a3fd19,CVE-2023-2059
956982314,arkede/cve-2023,CVE-2023-47813.yaml,28b75071aa11432aa7c911cbf55c8edbcf9541a9,CVE-2023-47813
956982314,arkede/cve-2023,CVE-2023-41853.yaml,28bb3746d2ff55757136c75a760b76c61dd92163,CVE-2023-41853
956982314,arkede/cve-2023,CVE-2023-47763.yaml,28cf11cfe41cd777ab1047d4b0884afcf216d49c,CVE-2023-47763
956982314,arkede/cve-2023,CVE-2023-4858.yaml,28d749a5e9431fa6dc5f31666e085cdbede65b85,CVE-2023-4858
956982314,arkede/cve-2023,CVE-2023-36950.yaml,28e386e91350e9b63af2e2ac00b824340a1aca07,CVE-2023-36950
956982314,arkede/cve-2023,CVE-2023-49837.yaml,28eb879e3c55e31bddcc57de5f258e659fff6e30,CVE-2023-49837
956982314,arkede/cve-2023,CVE-2023-44264.yaml,2900afbe7ee8c3857ff24c5c4bb7f534b5531658,CVE-2023-44264
956982314,arkede/cve-2023,CVE-2023-0267.yaml,290979fe078ea33dec24c3d1a6ddf506645540f1,CVE-2023-0267
956982314,arkede/cve-2023,CVE-2023-39852.yaml,291650fc608ec5dad7e6e383b912f88f42bc257c,CVE-2023-39852
956982314,arkede/cve-2023,CVE-2023-51409.yaml,2917415270391615111f178b20419dac63c0dbfe,CVE-2023-51409
956982314,arkede/cve-2023,CVE-2023-51693.yaml,291fd474ebbdd9c99f9d066617a73ac157e93922,CVE-2023-51693
956982314,arkede/cve-2023,CVE-2023-32092.yaml,29259fcbb867bfb495057a3c6e0d7a0dc7fbf546,CVE-2023-32092
956982314,arkede/cve-2023,CVE-2023-48328.yaml,292c5710588e982fac44ec73e4be4c9befc41973,CVE-2023-48328
956982314,arkede/cve-2023,CVE-2023-2174.yaml,29344414eda010144693b37415def99166a18bb4,CVE-2023-2174
956982314,arkede/cve-2023,CVE-2023-2261.yaml,294d8eca38d1390bd5b8f866915c8a15af45029a,CVE-2023-2261
956982314,arkede/cve-2023,CVE-2023-47761.yaml,295473be6ffdb44e08f3a4dc491f7b4a628b77dc,CVE-2023-47761
956982314,arkede/cve-2023,CVE-2023-28688.yaml,295591316b5497ec9d44e08d80474ee7e2178c1d,CVE-2023-28688
956982314,arkede/cve-2023,CVE-2023-46312.yaml,29576955e415376dda97d0bc0239a3984a8dc128,CVE-2023-46312
956982314,arkede/cve-2023,CVE-2023-4643.yaml,296a68025085926d42ad51955db3463b3d481f8f,CVE-2023-4643
956982314,arkede/cve-2023,CVE-2023-4536.yaml,296d7449698b9573c554ce938649ab329fa1731d,CVE-2023-4536
956982314,arkede/cve-2023,CVE-2023-0588.yaml,2998f4381ad44b226c63c741276c7391811f835b,CVE-2023-0588
956982314,arkede/cve-2023,CVE-2023-40555.yaml,299f90c4f3f9d1ee5ca29c1d07ca7a166b55736b,CVE-2023-40555
956982314,arkede/cve-2023,CVE-2023-34176.yaml,29cc22357da014f6d366521544e229fadb22b8ae,CVE-2023-34176
956982314,arkede/cve-2023,CVE-2023-50844.yaml,29cf31b52d3c309663adf5c2ba15252f03a72eb9,CVE-2023-50844
956982314,arkede/cve-2023,CVE-2023-6048.yaml,29d72c79a7e14bb3a86a72a946f9463136511ea4,CVE-2023-6048
956982314,arkede/cve-2023,CVE-2023-49771.yaml,29f1dc2a03af0a6d0f5038afa458275f6218fdbb,CVE-2023-49771
956982314,arkede/cve-2023,CVE-2023-52181.yaml,29f4dcb404c06b345c8288f4e10a6662a3b882ac,CVE-2023-52181
956982314,arkede/cve-2023,CVE-2023-29237.yaml,29fbfb8e36f39b44052f7433ec022a7f3d9fc678,CVE-2023-29237
956982314,arkede/cve-2023,CVE-2023-30019.yaml,2a005d8a77dfa815086642b57f910ca6dc56d8fc,CVE-2023-30019
956982314,arkede/cve-2023,CVE-2023-45136.yaml,2a03499c0b59bd8b7ccc46f6b8c0d20602671b3e,CVE-2023-45136
956982314,arkede/cve-2023,CVE-2023-48327.yaml,2a072d9b849537f5b502089db4b97121795a5e4a,CVE-2023-48327
956982314,arkede/cve-2023,CVE-2023-1546_1.yaml,2a08741443b59c4a5fdbe02e4c0028b8c41a67e6,CVE-2023-1546
956982314,arkede/cve-2023,CVE-2023-33930.yaml,2a12e2f37a1d305b2aa625f3c94d8cfdf93017af,CVE-2023-33930
956982314,arkede/cve-2023,CVE-2023-3077.yaml,2a23a9eb0c84542ed1c49f5266d2e688f6c2f3e6,CVE-2023-3077
956982314,arkede/cve-2023,CVE-2023-27422.yaml,2a23b7e17cd4dbd06e3633bbb2a1c7140f2b9a39,CVE-2023-27422
956982314,arkede/cve-2023,CVE-2023-47868.yaml,2a2e089382590c4f6bcf2e24568728be630c10b2,CVE-2023-47868
956982314,arkede/cve-2023,CVE-2023-5228.yaml,2a483e7d978f7dca0e0a64d4d68da4b25482b585,CVE-2023-5228
956982314,arkede/cve-2023,CVE-2023-35875.yaml,2a57dda3cd44c1b4f1f2ebee445ea2ff87fd5b35,CVE-2023-35875
956982314,arkede/cve-2023,CVE-2023-22718.yaml,2a58cfda03ebf8bdf194a75c1edf478667b5bb1c,CVE-2023-22718
956982314,arkede/cve-2023,CVE-2023-1408.yaml,2a5a68863445bb6bd59c04734cb9ab609c1943e8,CVE-2023-1408
956982314,arkede/cve-2023,CVE-2023-34927.yaml,2a63a157206e11543252419aaf7f0f05b59c5978,CVE-2023-34927
956982314,arkede/cve-2023,CVE-2023-3170.yaml,2a6688a221015138139ff1bf9ef9ebff9085a4ab,CVE-2023-3170
956982314,arkede/cve-2023,CVE-2023-45065.yaml,2a69f7a113b7a5e240ecf78cb718750047674320,CVE-2023-45065
956982314,arkede/cve-2023,CVE-2023-0259.yaml,2a889d32cd46d2d038c8f51e58a76023c6ed3896,CVE-2023-0259
956982314,arkede/cve-2023,CVE-2023-26469.yaml,2a98ddfb92c028e775be545083fa7b7302fac277,GHSA-7R9H-9R47-7VJJ
956982314,arkede/cve-2023,CVE-2023-26469.yaml,2a98ddfb92c028e775be545083fa7b7302fac277,CVE-2023-26469
956982314,arkede/cve-2023,CVE-2023-0660.yaml,2ab21e89d42a706b782e4360f9a7bfb573756c67,CVE-2023-0660
956982314,arkede/cve-2023,CVE-2023-5360_1.yaml,2ab7c61990737a8776592831e8189ff751935ab9,CVE-2023-5360
956982314,arkede/cve-2023,CVE-2023-47692.yaml,2ac13d9e60cb831f9871c7848f3f2f7c5d84c0a3,CVE-2023-47692
956982314,arkede/cve-2023,CVE-2023-25709.yaml,2acf67aa703ea8aecb4b4d5a42b7203453010cd7,CVE-2023-25709
956982314,arkede/cve-2023,CVE-2023-47238.yaml,2ae4fdb334ffdd7f4fe5ec087260cae53197f9b0,CVE-2023-47238
956982314,arkede/cve-2023,CVE-2023-25702.yaml,2aeedd8372f301cf41087fe9716ba427b52116cc,CVE-2023-25702
956982314,arkede/cve-2023,CVE-2023-4148.yaml,2af09e77aaa773c175708a55464cb14ccb7e6560,CVE-2023-4148
956982314,arkede/cve-2023,CVE-2023-4142.yaml,2af53ceb68820ce3e0bbd84a4d1682b252a9fd3c,CVE-2023-4142
956982314,arkede/cve-2023,CVE-2023-44260.yaml,2b0ae85bcbf29bbc0d58f2242d55fc5f0e354269,CVE-2023-44260
956982314,arkede/cve-2023,CVE-2023-45109.yaml,2b104add2d4b144676363a36459481c11e4dfa47,CVE-2023-45109
956982314,arkede/cve-2023,CVE-2023-50898.yaml,2b481a8441e1d85b19c6200b342de3191b310662,CVE-2023-50898
956982314,arkede/cve-2023,CVE-2023-32109.yaml,2b4baa3c5d82e8f3a67108364ba0f7d44abe8669,CVE-2023-32109
956982314,arkede/cve-2023,CVE-2023-29422.yaml,2b4d23e3ec1d13ee7ad59629e1d9142c5b58413b,CVE-2023-29422
956982314,arkede/cve-2023,CVE-2023-44258.yaml,2b6f5a57f63f73119777d7ab26aeed45f587ee66,CVE-2023-44258
956982314,arkede/cve-2023,CVE-2023-47755.yaml,2b85793f7250d8c2853578df6a7034680d02f6f3,CVE-2023-47755
956982314,arkede/cve-2023,CVE-2023-40601.yaml,2b883cbcd3944913d02820b14d5facbe0b422d8e,CVE-2023-40601
956982314,arkede/cve-2023,CVE-2023-26326.yaml,2b95f6000dc346bf1bcbc6a54cde9f1d48e0da0c,CVE-2023-26326
956982314,arkede/cve-2023,CVE-2023-47529.yaml,2ba056b8b2a2556bb67098ad2b129451e1f49cef,CVE-2023-47529
956982314,arkede/cve-2023,CVE-2023-41800.yaml,2ba6a906928c357a1d713a2a5065868b0baaef50,CVE-2023-41800
956982314,arkede/cve-2023,CVE-2023-4945.yaml,2bb5837b092d39acbef338a26c813eb6442a1fbc,CVE-2023-4945
956982314,arkede/cve-2023,CVE-2023-40607.yaml,2bc45ab47843135b967720d94053ce06bb138888,CVE-2023-40607
956982314,arkede/cve-2023,CVE-2023-0769.yaml,2bd97b1e5293888d453a174999d2a8f6b39a13fe,CVE-2023-0769
956982314,arkede/cve-2023,CVE-2023-49153.yaml,2bdd71c9454965b8a312ffde1f493a8991d3d391,CVE-2023-49153
956982314,arkede/cve-2023,CVE-2023-0043.yaml,2be9f3d3ce88602abcd5f1d5181a254445bc045a,CVE-2023-0043
956982314,arkede/cve-2023,CVE-2023-1465.yaml,2bfbb7df7866469e2b3796124c13bfaefec8e8aa,CVE-2023-1465
956982314,arkede/cve-2023,CVE-2023-30150_1.yaml,2c08c18a1a164ec48447e55dc681a7a17cce7387,CVE-2023-30150
956982314,arkede/cve-2023,CVE-2023-3345_1.yaml,2c12dba415df031f2c8e2718b5e3a7e7927a89c4,CVE-2023-3345
956982314,arkede/cve-2023,CVE-2023-40604.yaml,2c2c00167f9337a6c85e562efdc93944cedb0432,CVE-2023-40604
956982314,arkede/cve-2023,CVE-2023-30870.yaml,2c32ad84a83bcc86344bd10d1d36c67577608b4e,CVE-2023-30870
956982314,arkede/cve-2023,CVE-2023-47525.yaml,2c38448ddb80c517c8417c1c1d4b0dcadd94674d,CVE-2023-47525
956982314,arkede/cve-2023,CVE-2023-29440.yaml,2c3bfbcc564e69cfb80dcc2224d877b38712774c,CVE-2023-29440
956982314,arkede/cve-2023,CVE-2023-6636.yaml,2c42f7e7315046c3127bccb6301218164e9a5844,CVE-2023-6636
956982314,arkede/cve-2023,CVE-2023-47558.yaml,2c43d75c931b3769dd8fdbc99c75fcb23586d8b3,CVE-2023-47558
956982314,arkede/cve-2023,CVE-2023-22480.yaml,2c561415360a87a41eaf7e80f871beeb01d8ea21,CVE-2023-22480
956982314,arkede/cve-2023,CVE-2023-22480.yaml,2c561415360a87a41eaf7e80f871beeb01d8ea21,GHSA-JXGP-JGH3-8JC8
956982314,arkede/cve-2023,CVE-2023-46359.yaml,2c5eadff5358c49c151934a282621b2bfce3bf92,CVE-2023-46360
956982314,arkede/cve-2023,CVE-2023-46359.yaml,2c5eadff5358c49c151934a282621b2bfce3bf92,CVE-2023-46359
956982314,arkede/cve-2023,CVE-2023-0551.yaml,2c6754d7356e02e1ded178d94a497f141c3250d1,CVE-2023-0551
956982314,arkede/cve-2023,CVE-2023-49856.yaml,2c6aa86466e678f1104558a0d4c16bd7178aa79a,CVE-2023-49856
956982314,arkede/cve-2023,CVE-2023-22621.yaml,2c6cd185d19315960ff1d3731fac77a078a35684,CVE-2023-22621
956982314,arkede/cve-2023,CVE-2023-6109.yaml,2c7cd7a9a1335f6509b100ae95e7bd89959e8985,CVE-2023-6109
956982314,arkede/cve-2023,CVE-2023-47793.yaml,2c8f1c794d99edf30c2c539e21e5d754f33c214f,CVE-2023-47793
956982314,arkede/cve-2023,CVE-2023-5340.yaml,2c9383c2bf0df3a2637cc6e49e9ef2a7a5181781,CVE-2023-5340
956982314,arkede/cve-2023,CVE-2023-2552.yaml,2c980b6c528cfc7e2b63fd8f636b8e00f5bddd17,CVE-2023-2552
956982314,arkede/cve-2023,CVE-2023-7165.yaml,2cb225ea198c368520dbab024c52d4879382151f,CVE-2023-7165
956982314,arkede/cve-2023,CVE-2023-24278.yaml,2cb2aad5ca62837878364c8cb3990d35ac62e0db,CVE-2023-24278
956982314,arkede/cve-2023,CVE-2023-4276.yaml,2cc7ccfc827ebd45197d34bffdaddfcc3e8ded64,CVE-2023-4276
956982314,arkede/cve-2023,CVE-2023-6737.yaml,2cd7efc812f76d7426efebb08520a06864f1d2ca,CVE-2023-6737
956982314,arkede/cve-2023,CVE-2023-30779.yaml,2cdc8a5ec885091b5404aa45aaaff496e26189fd,CVE-2023-30779
956982314,arkede/cve-2023,CVE-2023-36687.yaml,2cdf2e533b5329f77f68d6999251bec35171e176,CVE-2023-36687
956982314,arkede/cve-2023,CVE-2023-50372.yaml,2cebfa08d3fa284faa4ca47ceebbc5e9cb9e6f81,CVE-2023-50372
956982314,arkede/cve-2023,CVE-2023-25717.yaml,2cfca6e8ef9fc54ef50933ff6e5081db3390301f,CVE-2023-25717
956982314,arkede/cve-2023,CVE-2023-52184.yaml,2d05bad58ac691494a0d992360e2f65a47469ae3,CVE-2023-52184
956982314,arkede/cve-2023,CVE-2023-3197.yaml,2d19d780cfbc9718a4d598332a7abd59ddfecdda,CVE-2023-3197
956982314,arkede/cve-2023,CVE-2023-0403.yaml,2d1c02ae6d5487cd25cf55be970a090816f5e468,CVE-2023-0403
956982314,arkede/cve-2023,CVE-2023-52151.yaml,2d261ba3dd3f8477a97707880a1071583cfeed0e,CVE-2023-52151
956982314,arkede/cve-2023,CVE-2023-5877.yaml,2d46eb735c3c277fcf9d6e787dcf47d089068be0,CVE-2023-5877
956982314,arkede/cve-2023,CVE-2023-49859.yaml,2d51af977127dbfc593c47e8c66cab50859d3292,CVE-2023-49859
956982314,arkede/cve-2023,CVE-2023-52144.yaml,2d64515d0b4d04393d4ba7c767bad42d71de9621,CVE-2023-52144
956982314,arkede/cve-2023,CVE-2023-4242.yaml,2d6503fc9246b75969405650256b75b987b86e58,CVE-2023-4242
956982314,arkede/cve-2023,CVE-2023-50859.yaml,2d8092ee6230dc6b618ed97e9de2451592090277,CVE-2023-50859
956982314,arkede/cve-2023,CVE-2023-0097.yaml,2d8525423b2b913c68eef29101db00d157126285,CVE-2023-0097
956982314,arkede/cve-2023,CVE-2023-40670.yaml,2d85a29333bea18482cb4ce5a34c66542be30527,CVE-2023-40670
956982314,arkede/cve-2023,CVE-2023-28787.yaml,2d88156bd296e0bbb3daf411b467381985f699d8,CVE-2023-28787
956982314,arkede/cve-2023,CVE-2023-51676.yaml,2d8881fbf5a6eaf3a08ec719d0d0be3bf5e4c55d,CVE-2023-51676
956982314,arkede/cve-2023,CVE-2023-28934.yaml,2d95cddf81f78d3525a54d1a47b0ffbbf113613b,CVE-2023-28934
956982314,arkede/cve-2023,CVE-2023-27292.yaml,2dacdba5845caae584a948e152ed5fb8a2e5d924,CVE-2023-27292
956982314,arkede/cve-2023,CVE-2023-6958.yaml,2ddeb2a5aaaf4c641fc79a66b4b2a47b63e19ddf,CVE-2023-6958
956982314,arkede/cve-2023,CVE-2023-6878.yaml,2deb4b9bcd621918e96382a52ac40e7a00779adf,CVE-2023-6878
956982314,arkede/cve-2023,CVE-2023-34170.yaml,2deb6a87dab8d9bf6d033d488754e38869896e47,CVE-2023-34170
956982314,arkede/cve-2023,CVE-2023-28993.yaml,2deec8c4734082a6c8d0b602d6bf90a261303511,CVE-2023-28993
956982314,arkede/cve-2023,CVE-2023-48781.yaml,2e034a6e1c99b5fae2148f4bb7915f670a99a5f6,CVE-2023-48781
956982314,arkede/cve-2023,CVE-2023-37989.yaml,2e30244237d968a92e58b2363247530326d5a92c,CVE-2023-37989
956982314,arkede/cve-2023,CVE-2023-39005.yaml,2e4c49974cecf113b0cb00e0e44ece8999d796ef,CVE-2023-39005
956982314,arkede/cve-2023,CVE-2023-2416.yaml,2e4fea1a0388fefe459c2f1b3498e7b306cd6849,CVE-2023-2416
956982314,arkede/cve-2023,CVE-2023-1120.yaml,2e5b682a65f3bf93f3a8c8c847989137488c4fd4,CVE-2023-1120
956982314,arkede/cve-2023,CVE-2023-46779.yaml,2e5c18c964464c0246c77faf327458ed66b7473a,CVE-2023-46779
956982314,arkede/cve-2023,CVE-2023-7072.yaml,2e68471f6db559067356d84b3cf6140d48be6d63,CVE-2023-7072
956982314,arkede/cve-2023,CVE-2023-27065.yaml,2e829dd43e2ac8810452cdccb5bcdc24cd4ea150,CVE-2023-27065
956982314,arkede/cve-2023,CVE-2023-6875_1.yaml,2e8817b2133461b7fdb1b0d59f4c197202c3bd60,CVE-2023-6875
956982314,arkede/cve-2023,CVE-2023-25020.yaml,2e9da223446c8485e0f3be3330965f6b9d6f3927,CVE-2023-25020
956982314,arkede/cve-2023,CVE-2023-1930.yaml,2ebcc650007acc350165589cd5b651114ec665b8,CVE-2023-1930
956982314,arkede/cve-2023,CVE-2023-45275.yaml,2ec2c220a1f8f301003f21cb9523ef8edf4ce42b,CVE-2023-45275
956982314,arkede/cve-2023,CVE-2023-38194.yaml,2ec9219a1e1b905d53b9e70add4053e681f142e1,CVE-2023-38194
956982314,arkede/cve-2023,CVE-2023-27629.yaml,2ecc1012c57462f5f56e5daec9171fc3c93e711d,CVE-2023-27629
956982314,arkede/cve-2023,CVE-2023-1323.yaml,2ed049297030fdcd41baf0dcab7ed7d0427482d4,CVE-2023-1323
956982314,arkede/cve-2023,CVE-2023-6981.yaml,2ed070eaf425937704e49b9a37f35daa0df35739,CVE-2023-6981
956982314,arkede/cve-2023,CVE-2023-52206.yaml,2ee2b1bc5a034f683363dc4a289454cf653b3193,CVE-2023-52206
956982314,arkede/cve-2023,CVE-2023-50826.yaml,2ee2ff26096bdf277be7fc212532d40fff04ca65,CVE-2023-50826
956982314,arkede/cve-2023,CVE-2023-44144.yaml,2ee7905975754b57e0a44345e2daa7a84d30fe55,CVE-2023-44144
956982314,arkede/cve-2023,CVE-2023-2407.yaml,2efb47bf2954d6d5134290bedb8a62835cdd1fad,CVE-2023-2407
956982314,arkede/cve-2023,CVE-2023-23333.yaml,2f2e5935343aa7ecf14da36f3b96d21cdc6fbc17,CVE-2023-23333
956982314,arkede/cve-2023,CVE-2023-27425.yaml,2f36902989932b40fa93337ea5c0f6166e57c863,CVE-2023-27425
956982314,arkede/cve-2023,CVE-2023-52216.yaml,2f3ad396b4b6e15406504eb6cef0f91b122961dd,CVE-2023-52216
956982314,arkede/cve-2023,CVE-2023-20073_2.yaml,2f3e6872656d3f4428b063cf071c2b2490a0d0dd,CVE-2023-20073
956982314,arkede/cve-2023,CVE-2023-24737_3.yaml,2f48e6fba3e06170fa9bcddf8a91d5fdf3f7ea26,CVE-2023-24737
956982314,arkede/cve-2023,CVE-2023-26839.yaml,2f6c405810314da3f584bf7f66b06d52b9713768,CVE-2023-26839
956982314,arkede/cve-2023,CVE-2023-32964.yaml,2f715ea9c38c9006b88a1c71ef09eb5965f0f370,CVE-2023-32964
956982314,arkede/cve-2023,CVE-2023-38632_1.yaml,2f7af327c71a1ef93e09ca608e574327df418ab3,CVE-2023-38632
956982314,arkede/cve-2023,CVE-2023-7014.yaml,2f8469423aca08531a0eb093085760368041d92d,CVE-2023-7014
956982314,arkede/cve-2023,CVE-2023-22708.yaml,2f96b4e6f42a1410e30041b5e77e5b319d98cd77,CVE-2023-22708
956982314,arkede/cve-2023,CVE-2023-25705.yaml,2f97fb3a2aac006f35bb3cefcab17ea59d1277cc,CVE-2023-25705
956982314,arkede/cve-2023,CVE-2023-0076.yaml,2fa58290e96b8208a6c546329df4e50846747cfe,CVE-2023-0076
956982314,arkede/cve-2023,CVE-2023-33332.yaml,2fb1bc135d890dd29efdf81d5c57468860534b8c,CVE-2023-33332
956982314,arkede/cve-2023,CVE-2023-29622_5.yaml,2fdca251f44d548618b82372fce1fc53007ad8d3,CVE-2023-29622
956982314,arkede/cve-2023,CVE-2023-4119.yaml,2fed3d8e7531233864cb9a38f2c028a67db8bc0b,CVE-2023-4119
956982314,arkede/cve-2023,CVE-2023-48281.yaml,2ff7079311014ba60af1b409d20134d7c2d90dff,CVE-2023-48281
956982314,arkede/cve-2023,CVE-2023-4148_2.yaml,2ff86e08c448be7713a99b0320ba848566116806,CVE-2023-4148
956982314,arkede/cve-2023,CVE-2023-40667.yaml,2fff2bf28cfa34586a8915ace1841ed54ff2be66,CVE-2023-40667
956982314,arkede/cve-2023,CVE-2023-3547.yaml,3000ae42ab0d988b41df5dc94fe222740fefd559,CVE-2023-3547
956982314,arkede/cve-2023,CVE-2023-5652.yaml,3001eac55f460ea85f80a4f43638a764901b9049,CVE-2023-5652
956982314,arkede/cve-2023,CVE-2023-34007.yaml,30068be9f3a25a9aa00cac271532f552112c909e,CVE-2023-34007
956982314,arkede/cve-2023,CVE-2023-28492.yaml,300df858a934b437aa20cf593db2c3e6f406b60f,CVE-2023-28492
956982314,arkede/cve-2023,CVE-2023-32594.yaml,301033f003f41c0b19b582b3b0caf368e796ee7f,CVE-2023-32594
956982314,arkede/cve-2023,CVE-2023-46123.yaml,30248ed75bbe836ad37a88f6f759c2d64ed8e745,GHSA-HVW4-766M-P89F
956982314,arkede/cve-2023,CVE-2023-46123.yaml,30248ed75bbe836ad37a88f6f759c2d64ed8e745,CVE-2023-46123
956982314,arkede/cve-2023,CVE-2023-23674.yaml,30262b298073b30a8320b059ad7c4e4ad67306c1,CVE-2023-23674
956982314,arkede/cve-2023,CVE-2023-38390.yaml,302cfd4efaa0cca32c737ddcca6f991ebf499aa6,CVE-2023-38390
956982314,arkede/cve-2023,CVE-2023-31073.yaml,3030aac73fa988bf253a2e8758995e115dc3a5f4,CVE-2023-31073
956982314,arkede/cve-2023,CVE-2023-4970.yaml,303994010d9352757dc7e80939b813466399a353,CVE-2023-4970
956982314,arkede/cve-2023,CVE-2023-1917.yaml,3055758aa267f7a4766f703e7dcf656a69fb9ee4,CVE-2023-1917
956982314,arkede/cve-2023,CVE-2023-29424.yaml,30698b4cab0a0183b6149b6f7dec57f622c5edfd,CVE-2023-29424
956982314,arkede/cve-2023,CVE-2023-37970.yaml,30909066366e3ce443772868f94a847a97675dec,CVE-2023-37970
956982314,arkede/cve-2023,CVE-2023-38646_1.yaml,3099644a5e40cfd583ea9fd2270c5cea8cbb1c88,CVE-2023-38646
956982314,arkede/cve-2023,CVE-2023-28619.yaml,30bea273759390b4cb2ebbfcceb15bce046ab9d0,CVE-2023-28619
956982314,arkede/cve-2023,CVE-2023-1890.yaml,30cb49c9f8128e9d6084edb1643385546a9260d4,CVE-2023-1890
956982314,arkede/cve-2023,CVE-2023-5438.yaml,30fbdc31c0e84f9882f9c52276b91d4ec57aecd2,CVE-2023-5438
956982314,arkede/cve-2023,CVE-2023-7269.yaml,31084a86509d0157a49778185cbcd2ba56a75b9a,CVE-2023-7269
956982314,arkede/cve-2023,CVE-2023-47842.yaml,310ac38b63b0f8678bc288206c54ccbf8a0f5907,CVE-2023-47842
956982314,arkede/cve-2023,CVE-2023-6325.yaml,310e7c04e1c94e009ec3792da77cd6787fc59eeb,CVE-2023-6325
956982314,arkede/cve-2023,CVE-2023-50849.yaml,3137d26d59b4a07b8ccb7e409dcf6a24872223e0,CVE-2023-50849
956982314,arkede/cve-2023,CVE-2023-25051.yaml,3162088c93d2609999a0370b9b95629514180487,CVE-2023-25051
956982314,arkede/cve-2023,CVE-2023-33246.yaml,31795e9d41202a88961af586a1d947fa60d90246,CVE-2023-33246
956982314,arkede/cve-2023,CVE-2023-0307.yaml,3182ed9ac22ac54062836d12c40784c8a2c42001,CVE-2023-0307
956982314,arkede/cve-2023,CVE-2023-38035_1.yaml,31898b98cb997d4a88c0165c477a6f4a184397a6,CVE-2023-38035
956982314,arkede/cve-2023,CVE-2023-46633.yaml,31a84387ad5fe39c6a01eee6f7af702e4402953b,CVE-2023-46633
956982314,arkede/cve-2023,CVE-2023-1924.yaml,31c8f36c6f3c944b439dbef8c5bc6a5bce52a3a0,CVE-2023-1924
956982314,arkede/cve-2023,CVE-2023-1920.yaml,31cb9694e2400d9548f7797c5545de561fe60d2a,CVE-2023-1920
956982314,arkede/cve-2023,CVE-2023-47188.yaml,31d086185b00dc9c68c4fa8443764a079bdfd90e,CVE-2023-47188
956982314,arkede/cve-2023,CVE-2023-2719.yaml,31dc5457efecdaf6853d15cad254f914e1e2fbf1,CVE-2023-2719
956982314,arkede/cve-2023,CVE-2023-46199.yaml,31f0756228070a350b64e5e52f7cb14bdc67e286,CVE-2023-46199
956982314,arkede/cve-2023,CVE-2023-0527_1.yaml,31fb35a394e6ef927a6ea2ac568c37dbef070950,CVE-2023-0527
956982314,arkede/cve-2023,CVE-2023-5141.yaml,3205367a0fcf40b3bf6f178d944edbb682541d9f,CVE-2023-5141
956982314,arkede/cve-2023,CVE-2023-28167.yaml,320eab0ec7489467f5d237018bf928f63e77792f,CVE-2023-28167
956982314,arkede/cve-2023,CVE-2023-6989.yaml,3215a9ad35efb4718bcacf06b4b249d69f4b30e7,CVE-2023-6989
956982314,arkede/cve-2023,CVE-2023-47181.yaml,321727fad009fa96da8450bbcba367984f3f3179,CVE-2023-47181
956982314,arkede/cve-2023,CVE-2023-51514.yaml,322a7ea11e071f28dda381b34c759a589917f013,CVE-2023-51514
956982314,arkede/cve-2023,CVE-2023-50836.yaml,323f32d8a88673b0ea8d1398a39779fa0d26c92d,CVE-2023-50836
956982314,arkede/cve-2023,CVE-2023-47833.yaml,3248e4681b7bb3f2a13dd1c8e5dbdabed4cd9b88,CVE-2023-47833
956982314,arkede/cve-2023,CVE-2023-6701.yaml,325621efbc2386695c535e674b5ac7b4ae8d2ad7,CVE-2023-6701
956982314,arkede/cve-2023,CVE-2023-51510.yaml,3264ced8e7e3fb2095bc3ed545693616673d80ee,CVE-2023-51510
956982314,arkede/cve-2023,CVE-2023-38040.yaml,326adab5191069fa7789788c4a9365385308c718,CVE-2023-38040
956982314,arkede/cve-2023,CVE-2023-48333.yaml,327316d2119e5f1dedd1bb488025a916e86ec528,CVE-2023-48333
956982314,arkede/cve-2023,CVE-2023-2184.yaml,3277d43f8ceb5243e777cd68c5e00fdeb2508134,CVE-2023-2184
956982314,arkede/cve-2023,CVE-2023-3202.yaml,327e044df75f0c6a256a966c89ac2063f36ad26d,CVE-2023-3202
956982314,arkede/cve-2023,CVE-2023-47836.yaml,327e240ca9e5bbf2b545b07931da72d14a0e2605,CVE-2023-47836
956982314,arkede/cve-2023,CVE-2023-24396.yaml,3294aa4a7b56e8c029cb5fac612b76265fc27e15,CVE-2023-24396
956982314,arkede/cve-2023,CVE-2023-1413.yaml,329c6adbc706ec44032db463e1eaa6a616a7e003,CVE-2023-1413
956982314,arkede/cve-2023,CVE-2023-46210.yaml,329e2cb75f07cbb344dceaec7718ee026b20b50c,CVE-2023-46210
956982314,arkede/cve-2023,CVE-2023-3525.yaml,32a36b791372d705946c637743115204d530de6f,CVE-2023-3525
956982314,arkede/cve-2023,CVE-2023-4731.yaml,32a84d92c61733cbf956d639de0a67147c61c10c,CVE-2023-4731
956982314,arkede/cve-2023,CVE-2023-49442.yaml,32b11efe1674b11627a376e03d20d3b797bf939b,CVE-2023-49442
956982314,arkede/cve-2023,CVE-2023-2429.yaml,32b584497e924404e5e33bb76a36b1bb2fe48e64,CVE-2023-2429
956982314,arkede/cve-2023,CVE-2023-5709.yaml,32c6e4a757838e9daab3cf8ddc09a7fb4565fc33,CVE-2023-5709
956982314,arkede/cve-2023,CVE-2023-41694.yaml,32c7edc92bae323b7f0f8b462452ba40d717acde,CVE-2023-41694
956982314,arkede/cve-2023,CVE-2023-28749.yaml,32cd85bb4c9745258929a8be470f1be943cb1107,CVE-2023-28749
956982314,arkede/cve-2023,CVE-2023-23822.yaml,32d3b09d170eff7db58d010bfa554f35a0ab054a,CVE-2023-23822
956982314,arkede/cve-2023,CVE-2023-2023_2.yaml,32d441f3045ed61d13372f1bc64ea786a31e53cc,CVE-2023-2023
956982314,arkede/cve-2023,CVE-2023-2655.yaml,32d5c9ab0d4e06921a854e8b0f69d698d8b643ee,CVE-2023-2655
956982314,arkede/cve-2023,CVE-2023-20888_1.yaml,32e9ac3ea234d6dc62ce9b286bbd453348419df9,CVE-2023-20888
956982314,arkede/cve-2023,CVE-2023-39618.yaml,3310848f5c0fa90d09aaf4117002b6898b62873c,CVE-2023-39618
956982314,arkede/cve-2023,CVE-2023-24000.yaml,332607ccb1ffa4bb701aa1e7515fe723e3afb6f0,CVE-2023-24000
956982314,arkede/cve-2023,CVE-2023-36693.yaml,332764aa1af452cab3c53cdb95b25f917102c49b,CVE-2023-36693
956982314,arkede/cve-2023,CVE-2023-1927.yaml,332b108a9496a604a300f9248ecf372a8b8ef516,CVE-2023-1927
956982314,arkede/cve-2023,CVE-2023-22551.yaml,332bb178f9ada18d250a3cc68ba1fe7b664de22c,CVE-2023-22551
956982314,arkede/cve-2023,CVE-2023-23702.yaml,333b6468460d22309608f2672dd3e57da8127a91,CVE-2023-23702
956982314,arkede/cve-2023,CVE-2023-47236.yaml,3345f9fad4abb02fc0bb561ffff1cd0e9e1bc41e,CVE-2023-47236
956982314,arkede/cve-2023,CVE-2023-5134.yaml,33556d43606b15603a57074fadd90bdc0c70ac9d,CVE-2023-5134
956982314,arkede/cve-2023,CVE-2023-0037.yaml,335ea6d72cb9f3adf1f853e8e6a66fbd4822fd90,CVE-2023-0037
956982314,arkede/cve-2023,CVE-2023-3418.yaml,336efc794b6279d1be233221e060dea3ab72a86b,CVE-2023-3418
956982314,arkede/cve-2023,CVE-2023-47345.yaml,339eab80a8207bc16db2aed9c349ce06ee00a608,CVE-2023-47345
956982314,arkede/cve-2023,CVE-2023-27034.yaml,33a4b1b68a0a20cbc0e334b7dec4b2b3b95d134f,CVE-2023-27034
956982314,arkede/cve-2023,CVE-2023-27034.yaml,33a4b1b68a0a20cbc0e334b7dec4b2b3b95d134f,GHSA-7JR7-V6GV-M656
956982314,arkede/cve-2023,CVE-2023-37999.yaml,33b5dafbc36a4bcf4eb0876152ca796ffb773d6b,CVE-2023-37999
956982314,arkede/cve-2023,CVE-2023-45056.yaml,33c92fe02f1ec06df27e24944baad54891701082,CVE-2023-45056
956982314,arkede/cve-2023,CVE-2023-41670.yaml,33ca674ff90894d7c401104502840b7ac70a5bc5,CVE-2023-41670
956982314,arkede/cve-2023,CVE-2023-4245.yaml,33d1ec64d12ede2caf3212be98eab61ca291d1b1,CVE-2023-4245
956982314,arkede/cve-2023,CVE-2023-52225.yaml,33f701fb9c72e38e57171273978ba6af76f6c1d0,CVE-2023-52225
956982314,arkede/cve-2023,CVE-2023-3524.yaml,3427c3eaf83d9bd98b0b43dd3d2b8a444034be4c,CVE-2023-3524
956982314,arkede/cve-2023,CVE-2023-49756.yaml,342c906e6b5fea763968bfdad355b2de7775fc71,CVE-2023-49756
956982314,arkede/cve-2023,CVE-2023-39360.yaml,34410919a1e877e344b73cd988461a7c941f32f9,CVE-2023-39360
956982314,arkede/cve-2023,CVE-2023-1389.yaml,344d5b1aff8a1d4661b325d5c512a1e333e988f0,CVE-2023-1389
956982314,arkede/cve-2023,CVE-2023-51515.yaml,34547778201ac14fcc26150fc14852895cccae23,CVE-2023-51515
956982314,arkede/cve-2023,CVE-2023-51419.yaml,3456b2f4f1ccc53afdf561bbcd0e9c457a95e910,CVE-2023-51419
956982314,arkede/cve-2023,CVE-2023-2252_1.yaml,346166bd1121ed3848590e230197337add10baa3,CVE-2023-2252
956982314,arkede/cve-2023,CVE-2023-34751.yaml,346898ad73dacb1077f1fe367910033e8ce3923b,CVE-2023-34751
956982314,arkede/cve-2023,CVE-2023-40665.yaml,34752a614942acc4d624c5cd4705ab9d19b5f867,CVE-2023-40665
956982314,arkede/cve-2023,CVE-2023-5121.yaml,347dbb1ad7b5a0334df556e4ba4b0132d271fd84,CVE-2023-5121
956982314,arkede/cve-2023,CVE-2023-32122.yaml,349a1233e55bbb9800bf71487e418a64d4757f1e,CVE-2023-32122
956982314,arkede/cve-2023,CVE-2023-6970.yaml,34a0017dcbcacd76cccfe3f2fe4260ab9826cba9,CVE-2023-6970
956982314,arkede/cve-2023,CVE-2023-1780_1.yaml,34a036d95931c6b53e0cdbbe5524814efebac2c9,CVE-2023-1780
956982314,arkede/cve-2023,CVE-2023-4599.yaml,34b9162c6c0b84579535374d82cd8d1bec8e24c4,CVE-2023-4599
956982314,arkede/cve-2023,CVE-2023-26520.yaml,34baca31d492a243c6e238170473a9189bd7f4c8,CVE-2023-26520
956982314,arkede/cve-2023,CVE-2023-44353.yaml,34be9ca42f557484dff5d8434d1e34b192299eb3,CVE-2023-44353
956982314,arkede/cve-2023,CVE-2023-7268.yaml,34bfc06a702cc09ca9884897ac26270c53a9e1d5,CVE-2023-7268
956982314,arkede/cve-2023,CVE-2023-32506.yaml,34c338ee2c1a709304bb89370f7633dcc645bab0,CVE-2023-32506
956982314,arkede/cve-2023,CVE-2023-26141.yaml,34d2ddf5c7598ce7a4b293ba387a381ca0e9b9a8,CVE-2023-26141
956982314,arkede/cve-2023,CVE-2023-5203.yaml,34d9e6f35f894ceb91b92ec7c16eb6282b280616,CVE-2023-5203
956982314,arkede/cve-2023,CVE-2023-47557.yaml,34daffde835ddf9846b52d39c513ff34246b430f,CVE-2023-47557
956982314,arkede/cve-2023,CVE-2023-0692.yaml,34e399c197082bc76b2d25707fe0aaa298c58243,CVE-2023-0692
956982314,arkede/cve-2023,CVE-2023-41732.yaml,34ec87d6293b781e78f6247602b717efd967349f,CVE-2023-41732
956982314,arkede/cve-2023,CVE-2023-49157.yaml,34f05755f315e3df5f04bffd5ebfeab4c36d1ba1,CVE-2023-49157
956982314,arkede/cve-2023,CVE-2023-27624.yaml,34f4310659e365fd164801b6f2b9f8cab1ec1237,CVE-2023-27624
956982314,arkede/cve-2023,CVE-2023-25727.yaml,34f8007fbbb24d373771a205eb3909e36a65294f,CVE-2023-25727
956982314,arkede/cve-2023,CVE-2023-27524_3.yaml,34f908183a4516abf3752a999789117e037e7b44,CVE-2023-27524
956982314,arkede/cve-2023,CVE-2023-27611.yaml,350f903968970fafc4b8737e2e236b018b1bbdf5,CVE-2023-27611
956982314,arkede/cve-2023,CVE-2023-30491.yaml,3513707d9a18ef21c554190d8d0b3fd28d9c9703,CVE-2023-30491
956982314,arkede/cve-2023,CVE-2023-52226.yaml,351608f64791b09c7671ca15610470f0646276b1,CVE-2023-52226
956982314,arkede/cve-2023,CVE-2023-49158.yaml,3532d639677448ec257bfbf0d27262d7275157b7,CVE-2023-49158
956982314,arkede/cve-2023,CVE-2023-51542.yaml,3537f30f20c77072cfa9d078210486200fbd65c4,CVE-2023-51542
956982314,arkede/cve-2023,CVE-2023-24388.yaml,353a2c2801703b5456d7b258230aa87b8a3a55fb,CVE-2023-24388
956982314,arkede/cve-2023,CVE-2023-2221.yaml,353a98bc591faaf9f1a22824ed7379affa591f48,CVE-2023-2221
956982314,arkede/cve-2023,CVE-2023-1400.yaml,353e448bc6bbed54e1f4dd25d51328a69f9def1d,CVE-2023-1400
956982314,arkede/cve-2023,CVE-2023-3155.yaml,354901b4a017cddf45857d94b78f8f998dcc7eea,CVE-2023-3155
956982314,arkede/cve-2023,CVE-2023-48282.yaml,355d82a0c229d6acb1b5af32743aeb2c94d42cdb,CVE-2023-48282
956982314,arkede/cve-2023,CVE-2023-41621.yaml,356213d118883ae321a355b412712513fa540a72,CVE-2023-41621
956982314,arkede/cve-2023,CVE-2023-39308.yaml,3563b550e9953c9add10f0c2b770b52deed8f3a8,CVE-2023-39308
956982314,arkede/cve-2023,CVE-2023-47551.yaml,35672ab032623103c560bee3b834ae79ccad0f41,CVE-2023-47551
956982314,arkede/cve-2023,CVE-2023-46783.yaml,3567c0da0895189907bebc03d4c0546cd2c0ba10,CVE-2023-46783
956982314,arkede/cve-2023,CVE-2023-36936.yaml,357f6d7ed26af44b5b2b8851909002ca907f25af,CVE-2023-36936
956982314,arkede/cve-2023,CVE-2023-0274.yaml,35813eedecee91cfa40a935c29cf47ececa87978,CVE-2023-0274
956982314,arkede/cve-2023,CVE-2023-23988.yaml,35a111756c0ecd383f2ab4e7c0e41b173875c93f,CVE-2023-23988
956982314,arkede/cve-2023,CVE-2023-36934.yaml,35a127a29344d53d706bd483654cac59fc8aa6bf,CVE-2023-36934
956982314,arkede/cve-2023,CVE-2023-23819.yaml,35a1ae538827b1564e65eac2701084ed965ec3c2,CVE-2023-23819
956982314,arkede/cve-2023,CVE-2023-0068.yaml,35ac901f196703630c45d61fe1f916f92f26e976,CVE-2023-0068
956982314,arkede/cve-2023,CVE-2023-44257.yaml,35b668c58ff88ed76db77392987aa9d0356f0bf0,CVE-2023-44257
956982314,arkede/cve-2023,CVE-2023-23787.yaml,35bb4a9e8682dd8c2a102d642a24f260dfe8aa74,CVE-2023-23787
956982314,arkede/cve-2023,CVE-2023-48749.yaml,35c51d096905f9289276dc8cc75e4eae1eb327eb,CVE-2023-48749
956982314,arkede/cve-2023,CVE-2023-23893.yaml,35d762cb3633223496e71690bc0ed06050c2b83e,CVE-2023-23893
956982314,arkede/cve-2023,CVE-2023-35045.yaml,35da432a94ac9c7918f4612fc6f93a78344bf40f,CVE-2023-35045
956982314,arkede/cve-2023,CVE-2023-1915.yaml,35e777a14510c20638defc08e575749ab9db7e34,CVE-2023-1915
956982314,arkede/cve-2023,CVE-2023-23803.yaml,35ebb89ec2f0804a3e425c61c16db1767147cc65,CVE-2023-23803
956982314,arkede/cve-2023,CVE-2023-52210.yaml,35f6e295501fc1e0a269064154382b877bf2a7ba,CVE-2023-52210
956982314,arkede/cve-2023,CVE-2023-5906.yaml,3610e8f491dff21deaf96a2cafbe7bb434e761ac,CVE-2023-5906
956982314,arkede/cve-2023,CVE-2023-23894.yaml,361b3951c94d610b0f019cc9a1258f4e5de735fe,CVE-2023-23894
956982314,arkede/cve-2023,CVE-2023-0656.yaml,363b5d0ab9eb7c53d9c0bc5a27536cbf95d9486b,CVE-2023-0656
956982314,arkede/cve-2023,CVE-2023-0656.yaml,363b5d0ab9eb7c53d9c0bc5a27536cbf95d9486b,CVE-2022-22274
956982314,arkede/cve-2023,CVE-2023-48318.yaml,363e0fc547f78cd5ae2a9dba2ac5191fb55e7542,CVE-2023-48318
956982314,arkede/cve-2023,CVE-2023-25470.yaml,364a7b4ca157fec6adc4a2744d6b8fffe188f0a8,CVE-2023-25470
956982314,arkede/cve-2023,CVE-2023-6811.yaml,364cd25d2b13114f6387144f486602aacd0183cf,CVE-2023-6811
956982314,arkede/cve-2023,CVE-2023-25977.yaml,3677f0ff0a5daa958fe5954f7cd0ca2d55b413f8,CVE-2023-25977
956982314,arkede/cve-2023,CVE-2023-47229.yaml,3681a6df2e2fb279e4d88cbf6ec1ecd91f4814b7,CVE-2023-47229
956982314,arkede/cve-2023,CVE-2023-6447.yaml,368496ba5ad152162af9149ed4a24e3d67df65e1,CVE-2023-6447
956982314,arkede/cve-2023,CVE-2023-41862.yaml,368fdb3944cd1b650804d371e5b1330d8fd0f625,CVE-2023-41862
956982314,arkede/cve-2023,CVE-2023-47643.yaml,3690050b5cb26e0beddc952ad8a51853378b6b89,CVE-2023-47643
956982314,arkede/cve-2023,CVE-2023-47643.yaml,3690050b5cb26e0beddc952ad8a51853378b6b89,GHSA-FXWW-JQFV-9RRR
956982314,arkede/cve-2023,CVE-2023-51519.yaml,369f32df92ea8abe1cd63c4a41f3592eb2e5a199,CVE-2023-51519
956982314,arkede/cve-2023,CVE-2023-1890_1.yaml,36d627ec07a4728f8df5debe01f9dcefe52c90cf,CVE-2023-1890
956982314,arkede/cve-2023,CVE-2023-32959.yaml,36d9451ff2c8ad01b1258948381753bfdf667bbe,CVE-2023-32959
956982314,arkede/cve-2023,CVE-2023-22688.yaml,36dfc694706876798c0a3e43951ac20bb4cf4b7b,CVE-2023-22688
956982314,arkede/cve-2023,CVE-2023-45771.yaml,36e3dacf96f2b0ad1ecd7a29d7989ce6bf00715d,CVE-2023-45771
956982314,arkede/cve-2023,CVE-2023-22701.yaml,36ea18066dbde773561c6c4741d812b629ce8552,CVE-2023-22701
956982314,arkede/cve-2023,CVE-2023-32299.yaml,36ec139646dc697fb31f05871fc8f6e8e546c114,CVE-2023-32299
956982314,arkede/cve-2023,CVE-2023-4919.yaml,3705058177be9812561bbb0ded8be932bd7c48b3,CVE-2023-4919
956982314,arkede/cve-2023,CVE-2023-51484.yaml,370b0e443762614c6e41e252d0155c974aa2a147,CVE-2023-51484
956982314,arkede/cve-2023,CVE-2023-41661.yaml,370e06ecd958d42c408dda818ca438575060aef4,CVE-2023-41661
956982314,arkede/cve-2023,CVE-2023-47552.yaml,370f59906d7cbe9bc3a685881112c8072e02e567,CVE-2023-47552
956982314,arkede/cve-2023,CVE-2023-32128.yaml,3719d0b0a3bbd5f68308f091567f59a1a2a2527b,CVE-2023-32128
956982314,arkede/cve-2023,CVE-2023-50876.yaml,371e54155c23cfff35e4335ad3166195416eb6bc,CVE-2023-50876
956982314,arkede/cve-2023,CVE-2023-0619.yaml,373fdca3c836de5b96c910bd8c8163f03b6bc296,CVE-2023-0619
956982314,arkede/cve-2023,CVE-2023-23672.yaml,375be141378aa226fc51d998f07175fa6bfa5f0a,CVE-2023-23672
956982314,arkede/cve-2023,CVE-2023-38479.yaml,3774c7e9a410e0e7aece4323025d9387adf6fb24,CVE-2023-38479
956982314,arkede/cve-2023,CVE-2023-46079.yaml,377c160185a541a6e2d6cd26854b378de8688aa2,CVE-2023-46079
956982314,arkede/cve-2023,CVE-2023-40749.yaml,378fc7ebb93df0c477621df886e048f2d0931907,CVE-2023-40749
956982314,arkede/cve-2023,CVE-2023-4507.yaml,379332bff8bbace2fd339ffee9d16758b582211c,CVE-2023-4507
956982314,arkede/cve-2023,CVE-2023-5073.yaml,3799de1203731945acf4aeef981092f3cb1784b4,CVE-2023-5073
956982314,arkede/cve-2023,CVE-2023-6385.yaml,37a0178a6ff1f3d512f665e169a74f66e9b5b0cb,CVE-2023-6385
956982314,arkede/cve-2023,CVE-2023-22897_2.yaml,37a02b7c20a16303fb0445aba6c228acf73a01a8,CVE-2023-22897
956982314,arkede/cve-2023,CVE-2023-35089.yaml,37acfff1fa2a448d95cb3b3311f1c07f097506eb,CVE-2023-35089
956982314,arkede/cve-2023,CVE-2023-51479.yaml,37aeea30f741e610d24fb33fc598fb28bade4677,CVE-2023-51479
956982314,arkede/cve-2023,CVE-2023-51483.yaml,37e38e87cda8a541cf2745299d1ad24c79e50d2a,CVE-2023-51483
956982314,arkede/cve-2023,CVE-2023-31220.yaml,37e6e7470cf218c653408c963f38ba3b8e31bd7c,CVE-2023-31220
956982314,arkede/cve-2023,CVE-2023-49777.yaml,3803f763fec1a11a499c5b125d50ce9880051698,CVE-2023-49777
956982314,arkede/cve-2023,CVE-2023-33315.yaml,38166c32164dea007e5806b4485cf232c5dc8012,CVE-2023-33315
956982314,arkede/cve-2023,CVE-2023-41654.yaml,381b133fa5f25ddc8770a6ddf092fc278466b791,CVE-2023-41654
956982314,arkede/cve-2023,CVE-2023-46620.yaml,381ffdd67063a1ba8c00a5ff567e5b56a3ea08eb,CVE-2023-46620
956982314,arkede/cve-2023,CVE-2023-41696.yaml,3844d68d6786a5b144a039cc1c9f4af891727aad,CVE-2023-41696
956982314,arkede/cve-2023,CVE-2023-47835.yaml,384ddd145dfab37f305af84bd7453d94ab5aecb4,CVE-2023-47835
956982314,arkede/cve-2023,CVE-2023-4916.yaml,385635f4a01f1f6e2d4dccccaf14a0e50ec42f4e,CVE-2023-4916
956982314,arkede/cve-2023,CVE-2023-20887_1.yaml,385c456a9e319a5ee5c1cc34940c05d28338ed0b,CVE-2023-20887
956982314,arkede/cve-2023,CVE-2023-0678.yaml,385c4eab403646be9bad42eb8a53d618f7c3b918,CVE-2023-0678
956982314,arkede/cve-2023,CVE-2023-2405.yaml,386a56a1ee833862f7ac84e230bad20d4e8f0295,CVE-2023-2405
956982314,arkede/cve-2023,CVE-2023-38513.yaml,387a5627944918cd78862510f2f966fa7c05f87d,CVE-2023-38513
956982314,arkede/cve-2023,CVE-2023-1978.yaml,3886a36cefcd4a993846579e00cf49da2e9ed84d,CVE-2023-1978
956982314,arkede/cve-2023,CVE-2023-44236.yaml,389371d762c73b8aaf05650b4aac88cae975ef0f,CVE-2023-44236
956982314,arkede/cve-2023,CVE-2023-44243.yaml,3894cb45d31d2de9b15793d5958158c4b3cffda0,CVE-2023-44243
956982314,arkede/cve-2023,CVE-2023-4779.yaml,389d169e281ffd2b8e299cf17dd7c6a4d1bc964f,CVE-2023-4779
956982314,arkede/cve-2023,CVE-2023-6038.yaml,38ab1d22eb9a68f42042f232196bd556273e75e1,CVE-2023-6038
956982314,arkede/cve-2023,CVE-2023-51407.yaml,38b3c7ca81e8f77e10b6ebaf797ab7bb8a6865cf,CVE-2023-51407
956982314,arkede/cve-2023,CVE-2023-49052.yaml,38b60bcc55a69ae810a3f3748485b265dfe2770d,CVE-2023-49052
956982314,arkede/cve-2023,CVE-2023-6456.yaml,38c1a399d1a62502fefa1e1caa177eb948260941,CVE-2023-6456
956982314,arkede/cve-2023,CVE-2023-47243.yaml,38c3460219c338f660d36e8b0094eacada0f777c,CVE-2023-47243
956982314,arkede/cve-2023,CVE-2023-28173.yaml,38c373e7b86dabd205c2e5490dc2857a032c692a,CVE-2023-28173
956982314,arkede/cve-2023,CVE-2023-5605.yaml,38d4523d901d2ba12a7eca777bb75af50401e8da,CVE-2023-5605
956982314,arkede/cve-2023,CVE-2023-41241.yaml,38db68b619a2fdec9c41d588a1ca56ad9560d99f,CVE-2023-41241
956982314,arkede/cve-2023,CVE-2023-5201.yaml,38ee50fba803742c6db7657c859094f861bb359f,CVE-2023-5201
956982314,arkede/cve-2023,CVE-2023-47517.yaml,38f4aa4c18bbc860c35e35faee5075b851151e52,CVE-2023-47517
956982314,arkede/cve-2023,CVE-2023-6956.yaml,38f4aba63b768af0a67948e19e680f4057edfc26,CVE-2023-6956
956982314,arkede/cve-2023,CVE-2023-28534.yaml,38f83070a02c4899a8fe7322cd9ffd8f9fb9b2d0,CVE-2023-28534
956982314,arkede/cve-2023,CVE-2023-44148.yaml,3924d90888503653a8329228ae16d518673cbb8a,CVE-2023-44148
956982314,arkede/cve-2023,CVE-2023-25451.yaml,39291ac6e5a76e9e18cdfe5129696bf54f4b7eac,CVE-2023-25451
956982314,arkede/cve-2023,CVE-2023-35813.yaml,39303daf523e4b1c5b3872901aa3f25efdcc1be5,CVE-2023-35813
956982314,arkede/cve-2023,CVE-2023-37987.yaml,3931d23c9e545c1241d7bfa8a31e909049098914,CVE-2023-37987
956982314,arkede/cve-2023,CVE-2023-23732.yaml,393b62c607ab2d8362bdf37836cbf45d8919d63d,CVE-2023-23732
956982314,arkede/cve-2023,CVE-2023-1172.yaml,3946898317dcf1b5a94cc7bfbb21d43d8cfaf786,CVE-2023-1172
956982314,arkede/cve-2023,CVE-2023-5375.yaml,394c4b2b0867a8922fcfad500616380c117983d8,CVE-2023-5375
956982314,arkede/cve-2023,CVE-2023-41871.yaml,3965c3940ce9e892aebb60798eebfe3a41c4b07e,CVE-2023-41871
956982314,arkede/cve-2023,CVE-2023-5538.yaml,3969bd7a0eb46f330050cc2d12359d4705240781,CVE-2023-5538
956982314,arkede/cve-2023,CVE-2023-31237.yaml,398f1ea7ae19de26788488f6861f77789e8183fe,CVE-2023-31237
956982314,arkede/cve-2023,CVE-2023-5556_1.yaml,39a19e3bf6a7d46ee8f9d2550dfe7ed8f3ba2413,CVE-2023-5556
956982314,arkede/cve-2023,CVE-2023-5507.yaml,39ad2d031b679c2be0537d1d57ac9ab16f6d6da8,CVE-2023-5507
956982314,arkede/cve-2023,CVE-2023-46201.yaml,39b55125e4b1921fecfc3a53b6c7770d8d68bec5,CVE-2023-46201
956982314,arkede/cve-2023,CVE-2023-46201.yaml,39b55125e4b1921fecfc3a53b6c7770d8d68bec5,CVE-2023-46202
956982314,arkede/cve-2023,CVE-2023-35097.yaml,39d4dce020e9ac3079543c90855e4a5c1a4aa3da,CVE-2023-35097
956982314,arkede/cve-2023,CVE-2023-33323.yaml,39d51eb48c437138d055b3f6d78683cad667aa4c,CVE-2023-33323
956982314,arkede/cve-2023,CVE-2023-28774.yaml,39da2c6b9293a43beb6b1ccf9d97fe50fa59c73f,CVE-2023-28774
956982314,arkede/cve-2023,CVE-2023-49852.yaml,39dee8950879dde077e50cd964b245cc13eacf6f,CVE-2023-49852
956982314,arkede/cve-2023,CVE-2023-5583.yaml,39e76c9d5f86f3c1451c591d71d88ebb7d53815e,CVE-2023-5583
956982314,arkede/cve-2023,CVE-2023-20864_1.yaml,39eebb5c215549237a86a0446e07210bc37b47d4,CVE-2023-20864
956982314,arkede/cve-2023,CVE-2023-5199.yaml,39f41a2b83f1567cb6de67e6110f79bc557d9a6d,CVE-2023-5199
956982314,arkede/cve-2023,CVE-2023-3764.yaml,3a11f93d98afef617b47595f3c51591637a596f7,CVE-2023-3764
956982314,arkede/cve-2023,CVE-2023-25049.yaml,3a13bb7e743f68f95a523afac13281a2fca02d71,CVE-2023-25049
956982314,arkede/cve-2023,CVE-2023-25036.yaml,3a186e566002007564d4a6c0b4b673f1ce86fb75,CVE-2023-25036
956982314,arkede/cve-2023,CVE-2023-2284.yaml,3a239512d87f1eda55ee19a4ffb52e6b4ccf237f,CVE-2023-2284
956982314,arkede/cve-2023,CVE-2023-0073.yaml,3a249f647adb149527ab18331725e28dd3c48a56,CVE-2023-0073
956982314,arkede/cve-2023,CVE-2023-39560.yaml,3a24cfaa17d5efcd16a9c3573f3b7399b1fa885e,CVE-2023-39560
956982314,arkede/cve-2023,CVE-2023-5644.yaml,3a285618f0ac39dd05663a21ddba184820be267f,CVE-2023-5644
956982314,arkede/cve-2023,CVE-2023-40931.yaml,3a2c791aac1ce66d524026594826749c60016807,CVE-2023-40931
956982314,arkede/cve-2023,CVE-2023-45053.yaml,3a3a69271d16a485334e5c628cf0bac2ad9682c9,CVE-2023-45053
956982314,arkede/cve-2023,CVE-2023-41619.yaml,3a4c7ac64d99e4d65fd48778e0f99f92727edd37,CVE-2023-41619
956982314,arkede/cve-2023,CVE-2023-43610.yaml,3a4ed84dbc04396d55e956a965fbca7ffd5e4093,CVE-2023-43610
956982314,arkede/cve-2023,CVE-2023-6821.yaml,3a4f959128558f25a220cad1ba89cbb53dafd215,CVE-2023-6821
956982314,arkede/cve-2023,CVE-2023-27460.yaml,3a6579c468841ad80eb1a63d40fd7bbd9c8802a2,CVE-2023-27460
956982314,arkede/cve-2023,CVE-2023-32291.yaml,3a6b30ea9db1c1a8d20ceedbad1d26cc637439c5,CVE-2023-32291
956982314,arkede/cve-2023,CVE-2023-38389.yaml,3a75414f6576385fe59f10dbec430135ef317ea5,CVE-2023-38389
956982314,arkede/cve-2023,CVE-2023-4729.yaml,3a78a5fb23ff20d693bacb4191efd76daef8e9ae,CVE-2023-4729
956982314,arkede/cve-2023,CVE-2023-25025.yaml,3a79f6a8a8ad4c7baf1195a425964d0a7071ac66,CVE-2023-25025
956982314,arkede/cve-2023,CVE-2023-45754.yaml,3a86df9657581858f02278fc3047038fc7e167e7,CVE-2023-45754
956982314,arkede/cve-2023,CVE-2023-3447.yaml,3a95c277ed72bb33a697d4bd8316bacaf1175de8,CVE-2023-3447
956982314,arkede/cve-2023,CVE-2023-6684.yaml,3aa5ff50ee415e4a9084ae3c9c4288d3132ddd25,CVE-2023-6684
956982314,arkede/cve-2023,CVE-2023-5181.yaml,3aad958f5b62f4e8fbd8d35872c19d251924c1f7,CVE-2023-5181
956982314,arkede/cve-2023,CVE-2023-4216.yaml,3ab710e9c9f66346b2bdcd7718c65005c522384b,CVE-2023-4216
956982314,arkede/cve-2023,CVE-2023-32563_1.yaml,3ac13df7389a44c872cfc4bb0916de89c6912b40,CVE-2023-32563
956982314,arkede/cve-2023,CVE-2023-6139.yaml,3acbcceb32c67d1cc7eff38b3fbd928feac117df,CVE-2023-6139
956982314,arkede/cve-2023,CVE-2023-47187.yaml,3acc113ca44b3a625c0ed1b36c5c9f4889a1869c,CVE-2023-47187
956982314,arkede/cve-2023,CVE-2023-25047.yaml,3ae1afbb2c697faab2c355b2e7c8c155e155e3ee,CVE-2023-25047
956982314,arkede/cve-2023,CVE-2023-44231.yaml,3ae24c3e64f5ed01aadcdd9d9be43f083f89043b,CVE-2023-44231
956982314,arkede/cve-2023,CVE-2023-41737.yaml,3ae78607ea2aea1f7de01cab02fa30f068865e13,CVE-2023-41737
956982314,arkede/cve-2023,CVE-2023-25033.yaml,3afa807d113dc50bdc83ab5bbb604255194079f3,CVE-2023-25033
956982314,arkede/cve-2023,CVE-2023-27427.yaml,3b0498e65ab63314d398ba5cd36c34933405ebd3,CVE-2023-27427
956982314,arkede/cve-2023,CVE-2023-27452.yaml,3b0595fcff24ab4da437b15b71bb8b59ea4be6c4,CVE-2023-27452
956982314,arkede/cve-2023,CVE-2023-39143.yaml,3b07a3f778dde4557e7e6b3faf1be2fc4b1232be,CVE-2023-39143
956982314,arkede/cve-2023,CVE-2023-0586.yaml,3b1348cf31a7864fdbb5d16ec0ff75c58b40fd29,CVE-2023-0586
956982314,arkede/cve-2023,CVE-2023-1891.yaml,3b1b6b45138a6b59cc9f7fe5abec591f321b393e,CVE-2023-1891
956982314,arkede/cve-2023,CVE-2023-25974.yaml,3b2a1fce93559786aa165df98ef02bbf4d8fb53d,CVE-2023-25974
956982314,arkede/cve-2023,CVE-2023-47253.yaml,3b3021cccd39324f553b313a4154871970d668a3,CVE-2023-47253
956982314,arkede/cve-2023,CVE-2023-23817.yaml,3b3c8269d5d2268b63106eb3d46ae48ba7f692a5,CVE-2023-23817
956982314,arkede/cve-2023,CVE-2023-41689.yaml,3b41b390f767ba8ec54be601f8c9eab5d5fbc556,CVE-2023-41689
956982314,arkede/cve-2023,CVE-2023-41949.yaml,3b42156f2092c952acea735227d8a63e3e785d8c,CVE-2023-41949
956982314,arkede/cve-2023,CVE-2023-49754.yaml,3b43f2dba9284d542c732656a5d73156d545c4bf,CVE-2023-49754
956982314,arkede/cve-2023,CVE-2023-1509.yaml,3b5667479591ec01c0604eb8a673dcbc4f1711d4,CVE-2023-1509
956982314,arkede/cve-2023,CVE-2023-33979.yaml,3b69447203a4606b2b833c5e0f38c19f4d6b2cca,CVE-2023-33979
956982314,arkede/cve-2023,CVE-2023-34376.yaml,3b7067653e09da87a84c7a2f9c152f9304e8aeed,CVE-2023-34376
956982314,arkede/cve-2023,CVE-2023-2604.yaml,3b7506133771b6c3655111c5092a3d30682437af,CVE-2023-2604
956982314,arkede/cve-2023,CVE-2023-25044.yaml,3b7bccdd12a839a4a7b6b2871e4d107ae9578988,CVE-2023-25044
956982314,arkede/cve-2023,CVE-2023-46628.yaml,3b8792842fe2ac67daf12b36ae966e2ef887003a,CVE-2023-46628
956982314,arkede/cve-2023,CVE-2023-5604.yaml,3b8feac6f2985beafe377427ae29ac9e31107137,CVE-2023-5604
956982314,arkede/cve-2023,CVE-2023-37543.yaml,3b9781203a2f9eb51ea0c73061f32baefb7bd77d,GHSA-4X82-8W8M-W8HJ
956982314,arkede/cve-2023,CVE-2023-37543.yaml,3b9781203a2f9eb51ea0c73061f32baefb7bd77d,CVE-2023-37543
956982314,arkede/cve-2023,CVE-2023-22698.yaml,3b9cf1eb6d311e290284296a00dccd02a2740907,CVE-2023-22698
956982314,arkede/cve-2023,CVE-2023-32130.yaml,3ba4e64cfe656924db3a96e0d90681c05b015a6d,CVE-2023-32130
956982314,arkede/cve-2023,CVE-2023-38476.yaml,3ba9522b022c3f512f1b56752db7cf8addde6823,CVE-2023-38476
956982314,arkede/cve-2023,CVE-2023-37582_1.yaml,3bb05e87e274534f4788dd17c3be5324551e38bd,CVE-2023-37582
956982314,arkede/cve-2023,CVE-2023-37582_1.yaml,3bb05e87e274534f4788dd17c3be5324551e38bd,CVE-2023-33246
956982314,arkede/cve-2023,CVE-2023-27418.yaml,3bb90cf8b9f8441af1badf6d5f9cb4753677f882,CVE-2023-27418
956982314,arkede/cve-2023,CVE-2023-7082.yaml,3bba1e754920edd832b348c5e88b96161958fe06,CVE-2023-7082
956982314,arkede/cve-2023,CVE-2023-2078.yaml,3bce36c733bca12461f7f8125452ea74f7bb9dd7,CVE-2023-2078
956982314,arkede/cve-2023,CVE-2023-2078.yaml,3bce36c733bca12461f7f8125452ea74f7bb9dd7,CVE-2023-25030
956982314,arkede/cve-2023,CVE-2023-6498.yaml,3bd01f30c28f26d6ec91c433bc161a87549b7857,CVE-2023-6498
956982314,arkede/cve-2023,CVE-2023-27587.yaml,3bd1d024a5ce4268c454f9099c97fe2ff229bf90,CVE-2023-27587
956982314,arkede/cve-2023,CVE-2023-27587.yaml,3bd1d024a5ce4268c454f9099c97fe2ff229bf90,GHSA-23G5-R34J-MR8G
956982314,arkede/cve-2023,CVE-2023-23737.yaml,3bd1daef6f34c01e77574f79075973a861d6a39a,CVE-2023-23737
956982314,arkede/cve-2023,CVE-2023-3713.yaml,3bd7b14769ae386995803b08b1d39ad91f6398c7,CVE-2023-3713
956982314,arkede/cve-2023,CVE-2023-47183.yaml,3be3a78f01f309052e65e780e3d386f24d19152a,CVE-2023-47183
956982314,arkede/cve-2023,CVE-2023-6064.yaml,3bed9c04627214c61b91dae0ee79b8d16e39712b,CVE-2023-6064
956982314,arkede/cve-2023,CVE-2023-26533.yaml,3bf2ce083bf873779929c31ebd30badd159d73ed,CVE-2023-26533
956982314,arkede/cve-2023,CVE-2023-46624.yaml,3bf9310c2dd906e9eedf5021d567943ffbf3ad49,CVE-2023-46624
956982314,arkede/cve-2023,CVE-2023-41243.yaml,3c06cd8ecb0944f4b4087edf3e351f1cdcc44a92,CVE-2023-41243
956982314,arkede/cve-2023,CVE-2023-6008.yaml,3c3752e80d449af19b76d4cbc2cc17decdb51a95,CVE-2023-6008
956982314,arkede/cve-2023,CVE-2023-36942.yaml,3c4249f10ac0a65e26ef12e3b9c82a74e567e7fe,CVE-2023-36942
956982314,arkede/cve-2023,CVE-2023-40331.yaml,3c48fa319848339283656b9ff5cf52aaeb1c88c5,CVE-2023-40331
956982314,arkede/cve-2023,CVE-2023-1717.yaml,3c506aa232f1a7b48ed050b815f3dbaedd5009a0,CVE-2023-1717
956982314,arkede/cve-2023,CVE-2023-51533.yaml,3c593c2fa3ec8ff14a933753b5663be223006a23,CVE-2023-51533
956982314,arkede/cve-2023,CVE-2023-33925.yaml,3c65fc270c218be67beb7c58add917072df4ef7f,CVE-2023-33925
956982314,arkede/cve-2023,CVE-2023-4930.yaml,3c6feb9772ff2505d604924495ff9c473944b2af,CVE-2023-4930
956982314,arkede/cve-2023,CVE-2023-22685.yaml,3c791eed85685effa4b74c77ad29b98be626b597,CVE-2023-22685
956982314,arkede/cve-2023,CVE-2023-25063.yaml,3c7fd8a191f8c0ca380f985dd7f31e9af90653cd,CVE-2023-25063
956982314,arkede/cve-2023,CVE-2023-5663.yaml,3c8b34f8249cd3ef44a055dc0b8567460de6037b,CVE-2023-5663
956982314,arkede/cve-2023,CVE-2023-40212.yaml,3c8d97b1a8bd5e9506cb1fa9e4bd7755f2eb8f58,CVE-2023-40212
956982314,arkede/cve-2023,CVE-2023-52193.yaml,3c8eec7cabc1d692e38ca3c369850756446ac02f,CVE-2023-52193
956982314,arkede/cve-2023,CVE-2023-28415.yaml,3c912ea939258500e3bbea853335bd6033f444c3,CVE-2023-28415
956982314,arkede/cve-2023,CVE-2023-5546.yaml,3c9b9df4fd2221fa5bd88467494d2478ba6fcc65,CVE-2023-5546
956982314,arkede/cve-2023,CVE-2023-0143.yaml,3ca229ba6af6ace884b7acd59cfecdec8204317b,CVE-2023-0143
956982314,arkede/cve-2023,CVE-2023-4792.yaml,3cbbf4e187c3ff249847c82e6986d65934b83f8d,CVE-2023-4792
956982314,arkede/cve-2023,CVE-2023-4027.yaml,3cc2487de411f37a1b248616d638fd7d50d09aa6,CVE-2023-4027
956982314,arkede/cve-2023,CVE-2023-2527.yaml,3ced3766bd736c5bcd79c373f653d37d5a087b66,CVE-2023-2527
956982314,arkede/cve-2023,CVE-2023-6974.yaml,3cf8382cde52871385ee00dfe378958bbc7713c0,CVE-2023-6974
956982314,arkede/cve-2023,CVE-2023-45049.yaml,3cfa6e9796ef9295051891adc68f02a61c4edaab,CVE-2023-45049
956982314,arkede/cve-2023,CVE-2023-47819.yaml,3d0eea5e2c57284c9d9c2a24b202c31686516207,CVE-2023-47819
956982314,arkede/cve-2023,CVE-2023-47873.yaml,3d3d1313689d19334c3cfd07a0d049cbba90a64b,CVE-2023-47873
956982314,arkede/cve-2023,CVE-2023-41621_1.yaml,3d4c51d16f38c17ac6936e430d5092c2f1faab5c,CVE-2023-41621
956982314,arkede/cve-2023,CVE-2023-36289_1.yaml,3d52b899da5c618c6e22f6d189e9be7ec5008206,CVE-2023-36289
956982314,arkede/cve-2023,CVE-2023-23644.yaml,3d69150914bac3eb616e2d5acc3c0e5c8fb2ca98,CVE-2023-23644
956982314,arkede/cve-2023,CVE-2023-35161.yaml,3d76e95e4d9eda1ca30d6f463c478b49d420282e,CVE-2023-35161
956982314,arkede/cve-2023,CVE-2023-23833.yaml,3d8639841f391ce6bbc12e9b07dd0b6d5e33d5d6,CVE-2023-23833
956982314,arkede/cve-2023,CVE-2023-5125.yaml,3d8c6428936ae500ec0c3ef47ad692120eed735c,CVE-2023-5125
956982314,arkede/cve-2023,CVE-2023-28493.yaml,3d91004025ffbfe316ac730b36e382b632d44d0d,CVE-2023-28493
956982314,arkede/cve-2023,CVE-2023-51500.yaml,3d924706aa9c270a5fe7e474e8e2cc4ff1f1850e,CVE-2023-51500
956982314,arkede/cve-2023,CVE-2023-52195.yaml,3da58b12b5395709e450dcf347f712ac043841d8,CVE-2023-52195
956982314,arkede/cve-2023,CVE-2023-32741.yaml,3de0fb7904674c80af62a0430f54950665f6b53a,CVE-2023-32741
956982314,arkede/cve-2023,CVE-2023-49195.yaml,3e182684decc409f53fad65754a9617268f1e254,CVE-2023-49195
956982314,arkede/cve-2023,CVE-2023-34181.yaml,3e20d0fd03f71f2adff596e04171c3d1c606cf18,CVE-2023-34181
956982314,arkede/cve-2023,CVE-2023-49758.yaml,3e26ccba4ebbdce92ee0d692d0fcc07eaeee88c7,CVE-2023-49758
956982314,arkede/cve-2023,CVE-2023-37885.yaml,3e2894e3c457f31c8ea7b6058f25872d6b9e05c4,CVE-2023-37886
956982314,arkede/cve-2023,CVE-2023-37885.yaml,3e2894e3c457f31c8ea7b6058f25872d6b9e05c4,CVE-2023-37885
956982314,arkede/cve-2023,CVE-2023-22696.yaml,3e37cc2bf630a6e2242e3901740c82af75d72f58,CVE-2023-22696
956982314,arkede/cve-2023,CVE-2023-23815.yaml,3e4fc226d82972ee73edd1beb4465271d9a36bd5,CVE-2023-23815
956982314,arkede/cve-2023,CVE-2023-41848.yaml,3e6ee1ed133928479eddd294719cdc035e08826d,CVE-2023-41848
956982314,arkede/cve-2023,CVE-2023-47658.yaml,3e74aac384437054a859841a35c497d4880974b6,CVE-2023-47658
956982314,arkede/cve-2023,CVE-2023-5775.yaml,3e8f774f07995bd30f45fe647b0b584623e30686,CVE-2023-5775
956982314,arkede/cve-2023,CVE-2023-4805.yaml,3ea808aae4158a65062b5f917298ef89cba772a5,CVE-2023-4805
956982314,arkede/cve-2023,CVE-2023-6329.yaml,3ead1820db578bdcc31752a76bc2b08ca2212e61,CVE-2023-6329
956982314,arkede/cve-2023,CVE-2023-0175.yaml,3eaee2528e7655dcb20269de2c00f5b2f9ce935b,CVE-2023-0175
956982314,arkede/cve-2023,CVE-2023-2286.yaml,3eb927693c49ede3b55ab5720d074ed3d3e1655d,CVE-2023-2286
956982314,arkede/cve-2023,CVE-2023-4926.yaml,3ecca4bb4fe75cc212580372afa87aa0f7df10bd,CVE-2023-4926
956982314,arkede/cve-2023,CVE-2023-0467.yaml,3ed485c4cc66b83cc89953baad752259c6057c1a,CVE-2023-0467
956982314,arkede/cve-2023,CVE-2023-39925.yaml,3edca98c6ea44ae35c28e7948651de71f868605d,CVE-2023-39925
956982314,arkede/cve-2023,CVE-2023-47869.yaml,3eebdf9472237d3a29ed2046a157e589e9f94b5a,CVE-2023-47869
956982314,arkede/cve-2023,CVE-2023-27584.yaml,3ef1caea1b409eaf7b428a3ff9c02524b2c1305c,GHSA-HPC8-7WPM-889W
956982314,arkede/cve-2023,CVE-2023-27584.yaml,3ef1caea1b409eaf7b428a3ff9c02524b2c1305c,CVE-2023-27584
956982314,arkede/cve-2023,CVE-2023-48284.yaml,3efa1c59a44706a9d9942401d23f91ca51c30d08,CVE-2023-48284
956982314,arkede/cve-2023,CVE-2023-46214.yaml,3effc6f61b04f069d94a832fd5a20a5262d396ef,CVE-2023-46214
956982314,arkede/cve-2023,CVE-2023-5335.yaml,3f087d2a823e564ea5c3cd709ca7e6a699138c6a,CVE-2023-5335
956982314,arkede/cve-2023,CVE-2023-0419.yaml,3f08a336091103beda06f0106994b331c70f44d6,CVE-2023-0419
956982314,arkede/cve-2023,CVE-2023-52130.yaml,3f0b619e61b8560f979277ac1c5fc9fd3f000f01,CVE-2023-52130
956982314,arkede/cve-2023,CVE-2023-52202.yaml,3f165de8cd9b30e6e11cbebdea853e52cb0392ac,CVE-2023-52202
956982314,arkede/cve-2023,CVE-2023-0420.yaml,3f18f6967f8b4c17ceed2d7f8ace5fd5a270dd07,CVE-2023-0420
956982314,arkede/cve-2023,CVE-2023-23896.yaml,3f2c538c92fc0a4577489626db8136ad3dc5e5e3,CVE-2023-23896
956982314,arkede/cve-2023,CVE-2023-52229.yaml,3f2dbdac3ec50889d1bb09684ad421110eeb1efb,CVE-2023-52229
956982314,arkede/cve-2023,CVE-2023-38395.yaml,3f3ce3b0b2f08ad9785af8299f701f8d6c1d6434,CVE-2023-38395
956982314,arkede/cve-2023,CVE-2023-29298.yaml,3f431c7ee81e51e7ea363a79818f93ccad75a897,CVE-2023-29298
956982314,arkede/cve-2023,CVE-2023-29172.yaml,3f4cda02b2e97df42ca3dc87d3382ba5d6004f3f,CVE-2023-29172
956982314,arkede/cve-2023,CVE-2023-4889.yaml,3f5fffbfcf10b3dece3d5adcfed1a67aba9c30d6,CVE-2023-4889
956982314,arkede/cve-2023,CVE-2023-3836_2.yaml,3f6dbda40801fd34f5a41e95b84b0ee21c28dfd2,CVE-2023-3836
956982314,arkede/cve-2023,CVE-2023-39920.yaml,3f9857efc66ce1a9c725bd87acfa3ca1174359f9,CVE-2023-39920
956982314,arkede/cve-2023,CVE-2023-51538.yaml,3f994311c8e267a0e620dbc655cad0a99db2a7b5,CVE-2023-51538
956982314,arkede/cve-2023,CVE-2023-34001.yaml,3fa3261aeabf2bb85344f9c55bc62ea40aed1f85,CVE-2023-34001
956982314,arkede/cve-2023,CVE-2023-51548.yaml,3fb23a056cd4915835abc77a318636b4684b79b9,CVE-2023-51548
956982314,arkede/cve-2023,CVE-2023-2736.yaml,3fbd1756a5cfed9861e17cab94a6abf0cb0a0871,CVE-2023-2736
956982314,arkede/cve-2023,CVE-2023-25710.yaml,3fbf7f261605bd26a91aa07c7f99cf0f706e2340,CVE-2023-25710
956982314,arkede/cve-2023,CVE-2023-23810.yaml,3fc0a2235cf4b5c075b10abdde87f8dabc6edf31,CVE-2023-23810
956982314,arkede/cve-2023,CVE-2023-23785.yaml,3fd7ddd344849d7672bc274d22222ab1ea8eb251,CVE-2023-23785
956982314,arkede/cve-2023,CVE-2023-2436.yaml,3fe6102fe8ce37dd45f93b79c81badaff220a738,CVE-2023-2436
956982314,arkede/cve-2023,CVE-2023-3380.yaml,3ff26ada7fb7234419674d0d2b295b4592004efa,CVE-2023-3380
956982314,arkede/cve-2023,CVE-2023-50172.yaml,3ff2d0792b1e5db3ea5734b9afce4f91a7584b11,CVE-2023-50172
956982314,arkede/cve-2023,CVE-2023-4634.yaml,40035f7bbb372a00adace885a5448b4aafcba568,CVE-2023-4634
956982314,arkede/cve-2023,CVE-2023-4819.yaml,4007125b3c8bcffd0493bdcb5467697994e71809,CVE-2023-4819
956982314,arkede/cve-2023,CVE-2023-49765.yaml,401704f6159cbcddb22bea0227a246ed3409714f,CVE-2023-49765
956982314,arkede/cve-2023,CVE-2023-6742.yaml,4028bdb4711521f54ffcc3ebc72ebecc52aac5ca,CVE-2023-6742
956982314,arkede/cve-2023,CVE-2023-6383.yaml,402f03bf92f6a4575f44e20a066bdccce8304653,CVE-2023-6383
956982314,arkede/cve-2023,CVE-2023-30013.yaml,402f49f63d7741587173ecd7360b795dd303ddc0,CVE-2023-30013
956982314,arkede/cve-2023,CVE-2023-47820.yaml,40325210bd9ea29e7fcd4f06c694a037c434831a,CVE-2023-47820
956982314,arkede/cve-2023,CVE-2023-51371.yaml,403b5ef3889d69c11592302936e1a1724d65cabc,CVE-2023-51371
956982314,arkede/cve-2023,CVE-2023-50375.yaml,4050ef381acc70aa8edeb4615b8c3c63b9f8eee0,CVE-2023-50375
956982314,arkede/cve-2023,CVE-2023-36683.yaml,4055d85bf40752ed712bf07f82a7be287d3c1043,CVE-2023-36683
956982314,arkede/cve-2023,CVE-2023-41690.yaml,405e474b95567f24063156ac0e616f8585b4587b,CVE-2023-41690
956982314,arkede/cve-2023,CVE-2023-39996.yaml,406da95a171379c80962d5cff030a17d839e6b57,CVE-2023-39996
956982314,arkede/cve-2023,CVE-2023-47812.yaml,407eed7145636f607c52bd58a8742e09a5f50569,CVE-2023-47812
956982314,arkede/cve-2023,CVE-2023-25802.yaml,4093b7e1413f48ea3723a45d13695b8dffe470d1,GHSA-QCMP-Q5H3-784M
956982314,arkede/cve-2023,CVE-2023-25802.yaml,4093b7e1413f48ea3723a45d13695b8dffe470d1,CVE-2023-25802
956982314,arkede/cve-2023,CVE-2023-0064.yaml,40b260e9d3ed7c4af1809adf6e849dea145cb52a,CVE-2023-0064
956982314,arkede/cve-2023,CVE-2023-6497.yaml,40bf4f7839621da44acf195092674aeaac137a33,CVE-2023-6497
956982314,arkede/cve-2023,CVE-2023-48744.yaml,41099c45a3dc686d9a3e6c14ca75ca3c9887ad0f,CVE-2023-48744
956982314,arkede/cve-2023,CVE-2023-7065.yaml,4109ccae250ef115be63f26ce35085f823138038,CVE-2023-7065
956982314,arkede/cve-2023,CVE-2023-28666.yaml,410f5c9252c2495a504147b4c23cb0d5bf9cd0d0,CVE-2023-28666
956982314,arkede/cve-2023,CVE-2023-4646.yaml,4111d6e2f6f8de510311f2095bc7ac9fefe64a85,CVE-2023-4646
956982314,arkede/cve-2023,CVE-2023-27456.yaml,4120c67f012363a0c282f61f2a5b92454cdcbe55,CVE-2023-27456
956982314,arkede/cve-2023,CVE-2023-46630.yaml,4134cd73451595a6177ec05f116a9e524ce10474,CVE-2023-46630
956982314,arkede/cve-2023,CVE-2023-0563.yaml,414334e16629cfa5d30eb10efae7407c7499fea5,CVE-2023-0563
956982314,arkede/cve-2023,CVE-2023-45607.yaml,416090c7d7b1a015c586ffe97e6a9a96623caf20,CVE-2023-45607
956982314,arkede/cve-2023,CVE-2023-2892.yaml,41683666311633ee2e53abde4010712b4ff35d23,CVE-2023-2892
956982314,arkede/cve-2023,CVE-2023-2795.yaml,416c9f5bb544dc3cc22405f9f26990734ee2223e,CVE-2023-2795
956982314,arkede/cve-2023,CVE-2023-6558.yaml,4172d0c0a3a10f8686b0f09687ca1120136eddc1,CVE-2023-6558
956982314,arkede/cve-2023,CVE-2023-4165.yaml,4179bc8a5cbd7dd3bbd36d9e98e994f723d0dacd,CVE-2023-4165
956982314,arkede/cve-2023,CVE-2023-48737.yaml,417b52f8b7bdf76501862ad475516ca4cb0f0b0b,CVE-2023-48737
956982314,arkede/cve-2023,CVE-2023-23995.yaml,417c6c10ebfce116ddbebbbc0cc4581757e5e07d,CVE-2023-23995
956982314,arkede/cve-2023,CVE-2023-46631.yaml,417c6c794034367d273c1e3e1e843ea0d171a20c,CVE-2023-46631
956982314,arkede/cve-2023,CVE-2023-3175.yaml,419168f05a4b0d485d7bc08e258e20f82ce58caa,CVE-2023-3175
956982314,arkede/cve-2023,CVE-2023-4386.yaml,41a0a989636d1582042c025a7197b4c7fd84e30a,CVE-2023-4386
956982314,arkede/cve-2023,CVE-2023-40334.yaml,41a394ddb9ac11e56448970e87ffa048ecbbbe15,CVE-2023-40334
956982314,arkede/cve-2023,CVE-2023-6014.yaml,41a4e4395f50ee746229f3f6d31d559b2ac1c497,CVE-2023-6014
956982314,arkede/cve-2023,CVE-2023-51474.yaml,41afcdd59f426b9377d9a3ed2217659f4aaf8a76,CVE-2023-51474
956982314,arkede/cve-2023,CVE-2023-32068.yaml,41b3c520f9803190b0bff32818680581cbea97fe,CVE-2023-32068
956982314,arkede/cve-2023,CVE-2023-48320.yaml,41b7f48b40c39643adbc9307a06f9677c5082921,CVE-2023-48320
956982314,arkede/cve-2023,CVE-2023-26015.yaml,41d2a712ff4819ac1e38aa8562c271aaf501df0a,CVE-2023-26015
956982314,arkede/cve-2023,CVE-2023-47877.yaml,41e3d2060fdf8c635f85d2b871d1f3a49f422b7b,CVE-2023-47877
956982314,arkede/cve-2023,CVE-2023-48276.yaml,41e482d55c9c6b9ae48d2909f72e49c008d34935,CVE-2023-48276
956982314,arkede/cve-2023,CVE-2023-4549.yaml,41e69b0bc0dc895e1c131b6dd475ae84ceca3380,CVE-2023-4549
956982314,arkede/cve-2023,CVE-2023-35774.yaml,41e84a047f9039f3e5378b581a3b4b35d0f8b89c,CVE-2023-35774
956982314,arkede/cve-2023,CVE-2023-2446.yaml,41e8597433d87100480992abcb110e4ad5477bfb,CVE-2023-2446
956982314,arkede/cve-2023,CVE-2023-2648_1.yaml,41ec7f7a05226cc4b5805c7b3018d5d492f21343,CVE-2023-2523
956982314,arkede/cve-2023,CVE-2023-2648_1.yaml,41ec7f7a05226cc4b5805c7b3018d5d492f21343,CVE-2023-2648
956982314,arkede/cve-2023,CVE-2023-52190.yaml,41f1cf3272cad5458dc17884d0460a3d2c438dbc,CVE-2023-52190
956982314,arkede/cve-2023,CVE-2023-52208.yaml,41fe3305eb08f6ed5c4542fe57ecf451ba075209,CVE-2023-52208
956982314,arkede/cve-2023,CVE-2023-27008_3.yaml,4204cbb7752f85ce2accaacbae704f4557cd54f4,CVE-2023-27008
956982314,arkede/cve-2023,CVE-2023-27616.yaml,421ace96f74b2ce7de513411fdbfe277e862c229,CVE-2023-27616
956982314,arkede/cve-2023,CVE-2023-22897.yaml,42204d3d8eb720a7318c3bd5d62a8afde6259021,CVE-2023-22897
956982314,arkede/cve-2023,CVE-2023-5465.yaml,4224e9d352bf92444435362b2d1ef6768e4d45fa,CVE-2023-5465
956982314,arkede/cve-2023,CVE-2023-39988.yaml,424c04326d5d80c9067c2373fe7d9bcdcf06b290,CVE-2023-39988
956982314,arkede/cve-2023,CVE-2023-49857.yaml,425134edde9091abba12b37c598499a6656a7bbf,CVE-2023-49857
956982314,arkede/cve-2023,CVE-2023-46614.yaml,425606ffd3049822d798e3171f65078a2305adce,CVE-2023-46614
956982314,arkede/cve-2023,CVE-2023-41704.yaml,4261bbf2d76f08d55454219914142c80ac336d56,CVE-2023-41704
956982314,arkede/cve-2023,CVE-2023-36518.yaml,4271ca019cc648e299da5b5ea780b6b0a3fb46b4,CVE-2023-36518
956982314,arkede/cve-2023,CVE-2023-6977_1.yaml,427980251fa5fcdbdfa28dceed9f7fd1e0c17158,CVE-2023-6977
956982314,arkede/cve-2023,CVE-2023-1843.yaml,4287ac7b171e4ae2097551fc9b51021a600178c6,CVE-2023-1843
956982314,arkede/cve-2023,CVE-2023-46085.yaml,42aea8b60db1a86b320f445caeeb4ac3b9e374b7,CVE-2023-46085
956982314,arkede/cve-2023,CVE-2023-3131.yaml,42b550c625b118efa316223adc0e36c36878ddad,CVE-2023-3131
956982314,arkede/cve-2023,CVE-2023-3131.yaml,42b550c625b118efa316223adc0e36c36878ddad,CVE-2023-3209
956982314,arkede/cve-2023,CVE-2023-30082.yaml,42b63f0cd753ced5187e147681ab271daa060723,CVE-2023-30082
956982314,arkede/cve-2023,CVE-2023-35910.yaml,42e17b95572f88dbf09b3fa99de51dd216523de2,CVE-2023-35910
956982314,arkede/cve-2023,CVE-2023-6486.yaml,42e8673544d3ef3acc561db62b1f4de28f08f817,CVE-2023-6486
956982314,arkede/cve-2023,CVE-2023-3843.yaml,42f9928f013c4fd510e058eb7828e7326edcf9a0,CVE-2023-3843
956982314,arkede/cve-2023,CVE-2023-0911.yaml,43124d96e69599826b4b298e94352d71e384f80e,CVE-2023-0911
956982314,arkede/cve-2023,CVE-2023-36688.yaml,432a5c6655e3bb537ec4ad1b0612160b9d29c027,CVE-2023-36688
956982314,arkede/cve-2023,CVE-2023-5691.yaml,432f7e5bfca4f5d4f443afa89e089f9929aad7ec,CVE-2023-5691
956982314,arkede/cve-2023,CVE-2023-0942.yaml,43407a06ad18bdb10c719c768a4c29f73bb00c63,CVE-2023-0942
956982314,arkede/cve-2023,CVE-2023-34169.yaml,43433bc99e90317a202dc1b2b5895c7ba6461bb4,CVE-2023-34169
956982314,arkede/cve-2023,CVE-2023-23972.yaml,434353b14e63a28ea5aae2ae54271341f9ab1ec6,CVE-2023-23972
956982314,arkede/cve-2023,CVE-2023-27459.yaml,43437ad1b6dce30e0d89d8b4e08ec81ec106e329,CVE-2023-27459
956982314,arkede/cve-2023,CVE-2023-27430.yaml,4350ee877d41fff40cfb262a54cac29946a6b2f7,CVE-2023-27430
956982314,arkede/cve-2023,CVE-2023-27159.yaml,4352dd0b4a6616b7edd6518a040101b3b3f249e7,CVE-2023-27159
956982314,arkede/cve-2023,CVE-2023-39166.yaml,435b68d94ddce1c92df47ac0e94e62f61aead495,CVE-2023-39166
956982314,arkede/cve-2023,CVE-2023-47180.yaml,43670fd57f9af55de2540620d45b51e242596406,CVE-2023-47180
956982314,arkede/cve-2023,CVE-2023-47834.yaml,43694cbf12afb0200d77bbd990b00686e3aea326,CVE-2023-47834
956982314,arkede/cve-2023,CVE-2023-2172.yaml,43854ad0d9b722e5e1e63e59417d1464fec93ff6,CVE-2023-2172
956982314,arkede/cve-2023,CVE-2023-22897_1.yaml,4389ebea96863e9755b765b82017e6d1bcdc4048,CVE-2023-22897
956982314,arkede/cve-2023,CVE-2023-39110_1.yaml,438e5a17629cb1800f6c53b4313a9e93c97248ea,CVE-2023-39110
956982314,arkede/cve-2023,CVE-2023-1454_1.yaml,43a3f533086bffd26a98f2d1fcf1904c34aca555,CVE-2023-1454
956982314,arkede/cve-2023,CVE-2023-4960.yaml,43a64806fde0d904a08cc3958267c5f4d3a5718e,CVE-2023-4960
956982314,arkede/cve-2023,CVE-2023-48335.yaml,43a860fd21fa21d48e830f5fa7ab10eba0ac5c41,CVE-2023-48335
956982314,arkede/cve-2023,CVE-2023-4297.yaml,43b4f7bb4ba258b4a53bdd592d0a1e5dbd34e95d,CVE-2023-4297
956982314,arkede/cve-2023,CVE-2023-0443.yaml,43b5bd92e99029035cae3930b0b5e77c2cc99742,CVE-2023-0443
956982314,arkede/cve-2023,CVE-2023-23827.yaml,43bb9d94f1767d157464e14aca73ade089af6183,CVE-2023-23827
956982314,arkede/cve-2023,CVE-2023-41867.yaml,43bb9eb489ec5401a9696c36e524f30d9a864f71,CVE-2023-41867
956982314,arkede/cve-2023,CVE-2023-34186.yaml,43d3b75fe292c1a65336f8034e33beab6674f0c5,CVE-2023-34186
956982314,arkede/cve-2023,CVE-2023-30752.yaml,43d9ef103056af458038265123ed33338bddfe25,CVE-2023-30752
956982314,arkede/cve-2023,CVE-2023-6985.yaml,43e204f8f801ece7e957e7b6d56b2b29b2f47bec,CVE-2023-6985
956982314,arkede/cve-2023,CVE-2023-4252.yaml,43ee2f8b7a04a1a90432d828348229f46f1e78ac,CVE-2023-4252
956982314,arkede/cve-2023,CVE-2023-47790.yaml,43fcf1320ea422892fa777187743269f3acf4d54,CVE-2023-47790
956982314,arkede/cve-2023,CVE-2023-47684_1.yaml,43ff0907685ebaba08054ff25a4f5930929c971b,CVE-2023-47684
956982314,arkede/cve-2023,CVE-2023-4019.yaml,44044fbacc533a332744e361183fe1bd70998cf2,CVE-2023-4019
956982314,arkede/cve-2023,CVE-2023-2781.yaml,4408ee03b9d7d9b3d6f04effdb132fc56a3e0196,CVE-2023-2781
956982314,arkede/cve-2023,CVE-2023-7296.yaml,441ea43c771ae7c20138e45e3a0f0745e9c4d308,CVE-2023-7296
956982314,arkede/cve-2023,CVE-2023-5659.yaml,4420cc4267dcf9989008054fcf5271c1d625a5a5,CVE-2023-5659
956982314,arkede/cve-2023,CVE-2023-48756.yaml,44289dc086aee9c12c8ddf6d841531038ee526f7,CVE-2023-48756
956982314,arkede/cve-2023,CVE-2023-29944.yaml,4431c64c729609810edbc55d45025918ce268217,CVE-2023-29944
956982314,arkede/cve-2023,CVE-2023-4994.yaml,4448859e7227cfa3ca15ded9e0092d1972f06409,CVE-2023-4994
956982314,arkede/cve-2023,CVE-2023-47506.yaml,4460e1d3fe0350432334dc4e3e962f45ce0c2d66,CVE-2023-47506
956982314,arkede/cve-2023,CVE-2023-2229.yaml,44660a5c76782f40faaddb7c5fa4eb6fb1dd127b,CVE-2023-2229
956982314,arkede/cve-2023,CVE-2023-1068.yaml,4466bfc66cbfb874489564f8670c69b7b47ecb36,CVE-2023-1068
956982314,arkede/cve-2023,CVE-2023-47777.yaml,4475338fab887e46cef14e7166572c7be3073e70,CVE-2023-47777
956982314,arkede/cve-2023,CVE-2023-4963.yaml,4483b353abdc3a2f65f86af5c2a700474ab247ff,CVE-2023-4963
956982314,arkede/cve-2023,CVE-2023-25706.yaml,44990156ea347beb775ec1029abbd5fb6a155e09,CVE-2023-25706
956982314,arkede/cve-2023,CVE-2023-45756.yaml,449cfbd0b42220ad5120f748a43b86c641085d26,CVE-2023-45756
956982314,arkede/cve-2023,CVE-2023-0527_2.yaml,449eebba4ffb759da9b3d3781d8265572e4872b9,CVE-2023-0527
956982314,arkede/cve-2023,CVE-2023-6360.yaml,44a9b4063928ba446b9dfb33657ae5795803325d,CVE-2023-6360
956982314,arkede/cve-2023,CVE-2023-0236_1.yaml,44d6b784f97a10d37985cbde273775b72fd7db71,CVE-2023-0236
956982314,arkede/cve-2023,CVE-2023-5230.yaml,44e3f67ff4176093e084c108461b621dc1024718,CVE-2023-5230
956982314,arkede/cve-2023,CVE-2023-6743.yaml,45069a7475a68db4b53921f9bef039b73f0ef2e1,CVE-2023-6743
956982314,arkede/cve-2023,CVE-2023-47685.yaml,450f883148cb3cfcb2c057d5357b533b5b2481fb,CVE-2023-47685
956982314,arkede/cve-2023,CVE-2023-24007.yaml,451089f7d6c5269f8c4de4c5339bfbbb80119649,CVE-2023-24007
956982314,arkede/cve-2023,CVE-2023-38305.yaml,451411ec5e2345e9b3af05f7dca50be2a5b8c636,CVE-2023-38305
956982314,arkede/cve-2023,CVE-2023-48084.yaml,45180a45c8d4bb126de978c630e437e3b5be4861,CVE-2023-48084
956982314,arkede/cve-2023,CVE-2023-36526.yaml,451cf6d8da42b2fbef6f8c1d18658ce989f6fff1,CVE-2023-36526
956982314,arkede/cve-2023,CVE-2023-44995.yaml,452096bd55c2d2aa40357542ff32d4896254fe45,CVE-2023-44995
956982314,arkede/cve-2023,CVE-2023-2435.yaml,45497ad244039cc759ea27d3c61ae54a68ecf228,CVE-2023-2435
956982314,arkede/cve-2023,CVE-2023-28343_2.yaml,4551a7c5763274fc8b10c6d805a55c695b70ab22,CVE-2023-28343
956982314,arkede/cve-2023,CVE-2023-6909_1.yaml,4562cfd57e05ece355b437b64b4925db7a04472f,CVE-2023-6909
956982314,arkede/cve-2023,CVE-2023-22677.yaml,456b3e44f130a02410be1b50fd9899d802c608e5,CVE-2023-22677
956982314,arkede/cve-2023,CVE-2023-1338.yaml,457ce28b168409ce7899890b1279c69d0a547db3,CVE-2023-1338
956982314,arkede/cve-2023,CVE-2023-51681.yaml,4580ed98fbd8a8ec62037ad7fbe2fa16e3accd17,CVE-2023-51681
956982314,arkede/cve-2023,CVE-2023-7252.yaml,459ded05db9ab3cd392338f0184b9fea456c6e50,CVE-2023-7252
956982314,arkede/cve-2023,CVE-2023-0058.yaml,459f52eafcfe74b42e5b8e2a02e6c71694dfb2b5,CVE-2023-0058
956982314,arkede/cve-2023,CVE-2023-27295.yaml,45a7d80b53e770e1215f8e4d79636ae9be93a85a,CVE-2023-27295
956982314,arkede/cve-2023,CVE-2023-2707.yaml,45a9e965c213b63aceb46ccc1e6446a7c3767510,CVE-2023-2707
956982314,arkede/cve-2023,CVE-2023-3601.yaml,45b0c43d0aa0049b9aa8c7414f021f6cd89f4836,CVE-2023-3601
956982314,arkede/cve-2023,CVE-2023-52211.yaml,45df89a862dc966456c5b6bb5130f378c31d4aaa,CVE-2023-52211
956982314,arkede/cve-2023,CVE-2023-26347.yaml,45dfb56d74425380ee9d71194f4e4e05e2632782,CVE-2023-26347
956982314,arkede/cve-2023,CVE-2023-34172.yaml,45e03049d772dbc7c41359399eeac900eb8d709a,CVE-2023-34172
956982314,arkede/cve-2023,CVE-2023-49823.yaml,45eede1c9429159f9f1a2b6c390664b8202ee29f,CVE-2023-49823
956982314,arkede/cve-2023,CVE-2023-5415.yaml,45f8eea4975e05d5dca751ffc79224bd798d2f45,CVE-2023-5415
956982314,arkede/cve-2023,CVE-2023-41868.yaml,45fa262f4fdc27309a488ddc45bfbe4d253ff2ae,CVE-2023-41868
956982314,arkede/cve-2023,CVE-2023-31719.yaml,460222732f83fe2ce1f24471072e23452d183497,CVE-2023-31719
956982314,arkede/cve-2023,CVE-2023-34015.yaml,4602fa8698a52d982001cdbb4831943dad59a5a6,CVE-2023-34015
956982314,arkede/cve-2023,CVE-2023-1719.yaml,46117601f0589826b5143780f55f418d27719798,CVE-2023-1719
956982314,arkede/cve-2023,CVE-2023-4933.yaml,461e76114959a2a9317fc4c144e67f04c4592775,CVE-2023-4933
956982314,arkede/cve-2023,CVE-2023-25573_1.yaml,4629dde580e7d495223ce4c36496c7765277c952,GHSA-MCWR-J9VM-5G8H
956982314,arkede/cve-2023,CVE-2023-25573_1.yaml,4629dde580e7d495223ce4c36496c7765277c952,CVE-2023-25573
956982314,arkede/cve-2023,CVE-2023-7115.yaml,4644adfe4d51828bc2a75388bd60e52058d46091,CVE-2023-7115
956982314,arkede/cve-2023,CVE-2023-46200.yaml,465807e703a32ec323b634cc78d0624cce7f8a7d,CVE-2023-46200
956982314,arkede/cve-2023,CVE-2023-47693.yaml,46592a7737325a93e3a86a55db8e7bdebe345d53,CVE-2023-47693
956982314,arkede/cve-2023,CVE-2023-23899.yaml,4662d6e54209a033e86c2f3cdcf41198812992bf,CVE-2023-23899
956982314,arkede/cve-2023,CVE-2023-5656.yaml,467189028fcc55ce30c11edc3b46f29f4fd38a36,CVE-2023-5656
956982314,arkede/cve-2023,CVE-2023-5656.yaml,467189028fcc55ce30c11edc3b46f29f4fd38a36,CVE-2023-5533
956982314,arkede/cve-2023,CVE-2023-1389_1.yaml,4676853d048a78a98fd1a3804c01c4e4417dc393,CVE-2023-1389
956982314,arkede/cve-2023,CVE-2023-51532.yaml,4682a658abcd836972303557cbd9c97faea71f9f,CVE-2023-51532
956982314,arkede/cve-2023,CVE-2023-45633.yaml,468f7d371e0a238d5d5b434cf160ae329de6b95e,CVE-2023-45633
956982314,arkede/cve-2023,CVE-2023-2399.yaml,4691f48bbf123a0ef144126db449bbdd139ed6ff,CVE-2023-2399
956982314,arkede/cve-2023,CVE-2023-2299.yaml,46959f087ec4cad1a58a8b7ff39efef40a65bb2a,CVE-2023-2299
956982314,arkede/cve-2023,CVE-2023-36679.yaml,46a8c222f1d7064d8f8c74d7794f3f369eb5b8ce,CVE-2023-36679
956982314,arkede/cve-2023,CVE-2023-23852.yaml,46ad5b24af9759b1c88a8ee99777560a49ed6f9a,CVE-2023-23852
956982314,arkede/cve-2023,CVE-2023-5737.yaml,46af103cfe19ab22780573f98e22a48cc25bfef8,CVE-2023-5737
956982314,arkede/cve-2023,CVE-2023-26515.yaml,46b5bc4c65da4481528d1f7a02a005bfb386407a,CVE-2023-26515
956982314,arkede/cve-2023,CVE-2023-32239.yaml,46bf6323708543626cbc20a02b8042d89f567251,CVE-2023-32239
956982314,arkede/cve-2023,CVE-2023-36478.yaml,46c2735761f3bfaa73df125d351339be6d6f40bb,CVE-2023-36478
956982314,arkede/cve-2023,CVE-2023-6845.yaml,46c404ad2d3dba60cef172840716420b0bc6fdd4,CVE-2023-6845
956982314,arkede/cve-2023,CVE-2023-46634.yaml,46c408a62bb277b88c2ab930ca0dbf4a96bdfbc8,CVE-2023-46634
956982314,arkede/cve-2023,CVE-2023-0940.yaml,46e7240d8c88a48bf69aedaadc51b0d4eb6c90d5,CVE-2023-0940
956982314,arkede/cve-2023,CVE-2023-25043.yaml,46fdfb5f9928a277940a0dd19ec2c2425698c175,CVE-2023-25043
956982314,arkede/cve-2023,CVE-2023-5646.yaml,472e787271ab48cc73411b043d8c59d6f32dc9eb,CVE-2023-5241
956982314,arkede/cve-2023,CVE-2023-5646.yaml,472e787271ab48cc73411b043d8c59d6f32dc9eb,CVE-2023-5646
956982314,arkede/cve-2023,CVE-2023-35159.yaml,4731de3bf42d2357bce1a099356b1812121e06ed,CVE-2023-35159
956982314,arkede/cve-2023,CVE-2023-1661.yaml,473bcd013f7c723c1967b5d6c54199cb379032a4,CVE-2023-1661
956982314,arkede/cve-2023,CVE-2023-41642.yaml,4765d35a546da9822b7af8e673a0f125e39ba948,CVE-2023-41642
956982314,arkede/cve-2023,CVE-2023-47514.yaml,4770920b1936d9b568845de917a288dcd52a3974,CVE-2023-47514
956982314,arkede/cve-2023,CVE-2023-22721.yaml,4772c903bad2a8112f1efa06fe2e97f1dc5e11ae,CVE-2023-22721
956982314,arkede/cve-2023,CVE-2023-48324.yaml,477522a4fc5beea444de75caa671b194a0866969,CVE-2023-48324
956982314,arkede/cve-2023,CVE-2023-4174.yaml,477db5a1f4b9e3e02afa12564d2f1fa17059c296,CVE-2023-4174
956982314,arkede/cve-2023,CVE-2023-26256.yaml,478715e78058fba752098050e37a2229b30307d8,CVE-2023-26256
956982314,arkede/cve-2023,CVE-2023-2337.yaml,478ac8b0fc67a8b63a96d7eb291b48b7b3e53297,CVE-2023-2337
956982314,arkede/cve-2023,CVE-2023-40681.yaml,478c976b88019cc994591cdf6ca0e24351d7ae44,CVE-2023-40681
956982314,arkede/cve-2023,CVE-2023-47783.yaml,4791cfdcdd1f351fee740a81b4904144630dbd4e,CVE-2023-47783
956982314,arkede/cve-2023,CVE-2023-6496.yaml,479420089c6ab61b92290f05e2ae11d79fe130cf,CVE-2023-6496
956982314,arkede/cve-2023,CVE-2023-51545.yaml,47a1b38fccbf632d29572f1869961a4b05307df2,CVE-2023-51545
956982314,arkede/cve-2023,CVE-2023-49739.yaml,47aa14b99a16429513d305c47d42eaae8864d5a2,CVE-2023-49739
956982314,arkede/cve-2023,CVE-2023-35091.yaml,47add67ca5b9233e777bc416daf9042c7abcfee7,CVE-2023-35091
956982314,arkede/cve-2023,CVE-2023-40606.yaml,47b2859052eea5c67b042c38dc8280cbbc4ca422,CVE-2023-40606
956982314,arkede/cve-2023,CVE-2023-23970.yaml,47b70d4c2cf23f9c71badebf7e591329187719a3,CVE-2023-23970
956982314,arkede/cve-2023,CVE-2023-49752.yaml,47ba75f27e69ce88aae16365346ee0ea922bbcc4,CVE-2023-49752
956982314,arkede/cve-2023,CVE-2023-7264.yaml,47c039b9a1e3cb1625c73e51276e1d4100ffef18,CVE-2023-7264
956982314,arkede/cve-2023,CVE-2023-47854.yaml,47c0dcab108b1372abd138b72be009b5fbe34090,CVE-2023-47854
956982314,arkede/cve-2023,CVE-2023-6991.yaml,47c1995864dc075c2f0cbaa3e370690d992cc7ee,CVE-2023-6991
956982314,arkede/cve-2023,CVE-2023-51478.yaml,47c507e8ae7830d8322ab01cdf9077ff20d9242b,CVE-2023-51478
956982314,arkede/cve-2023,CVE-2023-6289.yaml,47d9627f7aa57bbb5a9fe4e222141404534f1354,CVE-2023-6289
956982314,arkede/cve-2023,CVE-2023-32295.yaml,47f193fa7d3006d81947e31cf52742a784874adb,CVE-2023-32295
956982314,arkede/cve-2023,CVE-2023-52199.yaml,47f80c8b7fb9ecc9b73c8c9a321b04a400c55008,CVE-2023-52199
956982314,arkede/cve-2023,CVE-2023-2526.yaml,47ff8c0c1a02555de044ca63f6a2eaca9bf7078e,CVE-2023-2526
956982314,arkede/cve-2023,CVE-2023-45770.yaml,4810af01367fd618c9c6f3e08550240fcc46192c,CVE-2023-45770
956982314,arkede/cve-2023,CVE-2023-4254.yaml,4818cb3088852e31a2f90dd988c5c750091cc918,CVE-2023-4254
956982314,arkede/cve-2023,CVE-2023-27447.yaml,482216242f83df9fe3407101b32da40cb8fcb481,CVE-2023-27447
956982314,arkede/cve-2023,CVE-2023-52030.yaml,482dd02b45d2761d09cb2135bda80e27783d5b8b,CVE-2023-52030
956982314,arkede/cve-2023,CVE-2023-32577.yaml,4832f2188c2112df38eb9ec05e323d3c7a2f94c7,CVE-2023-32577
956982314,arkede/cve-2023,CVE-2023-30125.yaml,483c08aaf451f148490e4b52e6a726b099c73d0f,CVE-2023-30125
956982314,arkede/cve-2023,CVE-2023-37868.yaml,4841b09cd79d37b516c2ff1624756da16200564c,CVE-2023-37868
956982314,arkede/cve-2023,CVE-2023-23712.yaml,484c665b7350828a394dcc9c4a7010acae6b227f,CVE-2023-23712
956982314,arkede/cve-2023,CVE-2023-23656.yaml,486a343529bbaf6101b47c8577fb8aa5687d0e50,CVE-2023-23656
956982314,arkede/cve-2023,CVE-2023-3366.yaml,486aa7509210b5a4d9f84c0b93bd362c42beafb7,CVE-2023-3366
956982314,arkede/cve-2023,CVE-2023-0381.yaml,486b0837984c7a5464f4f0a748f0f3d7ac4a0170,CVE-2023-0381
956982314,arkede/cve-2023,CVE-2023-25031.yaml,486bda57feaaad2dab8ffe7922d86647358799c0,CVE-2023-25031
956982314,arkede/cve-2023,CVE-2023-28660.yaml,486f48ff89ba2c9b60d8ab39cadaa111c0b6eba7,CVE-2023-28660
956982314,arkede/cve-2023,CVE-2023-41730.yaml,4875b5ad42e21d77e479249f6fc3f10daf8887cc,CVE-2023-41730
956982314,arkede/cve-2023,CVE-2023-51523.yaml,4883ddb4de7da4aeaaffce6e4cc8284867d7722f,CVE-2023-51523
956982314,arkede/cve-2023,CVE-2023-29093.yaml,488868afeb25fb5fa8a4f665f5474a96ce1b3189,CVE-2023-29093
956982314,arkede/cve-2023,CVE-2023-39004.yaml,488d5ecdbe9aee8c336c0ec8f51048429ddf37c6,CVE-2023-39004
956982314,arkede/cve-2023,CVE-2023-25699.yaml,489db5725172ba072d3c061f3afc50ab1d14eb24,CVE-2023-25699
956982314,arkede/cve-2023,CVE-2023-26035.yaml,48b5f402f0ea73fe32878e6bb4fdccaea579f7c0,CVE-2023-26035
956982314,arkede/cve-2023,CVE-2023-26035.yaml,48b5f402f0ea73fe32878e6bb4fdccaea579f7c0,GHSA-72RG-H4VF-29GR
956982314,arkede/cve-2023,CVE-2023-48280.yaml,48b828f33d6170e751562266c30ff2962ecc2da1,CVE-2023-48280
956982314,arkede/cve-2023,CVE-2023-38383.yaml,48c06d106d79848b6f4628b14b25fa293c06939e,CVE-2023-38383
956982314,arkede/cve-2023,CVE-2023-51411.yaml,48da043ba6ffdf0ccfc7f02bbbdb0f2033e94722,CVE-2023-51411
956982314,arkede/cve-2023,CVE-2023-30749.yaml,48e24f392fdd0a169d3cfaae22900264e0741ae8,CVE-2023-30749
956982314,arkede/cve-2023,CVE-2023-49830.yaml,48ee97cc027812bcd9ccdf1626ee34a3cf8bfeb1,CVE-2023-49830
956982314,arkede/cve-2023,CVE-2023-6329_1.yaml,48ef7bf1d8d9fb5c4d56d995ecb64b3bbd2814d3,CVE-2023-6329
956982314,arkede/cve-2023,CVE-2023-0034.yaml,490ee918122a9b332587bd747888939b784d6235,CVE-2023-0034
956982314,arkede/cve-2023,CVE-2023-5338.yaml,492680ee77ed4c7b529bb51ca2c52afa8d49f856,CVE-2023-5338
956982314,arkede/cve-2023,CVE-2023-6933.yaml,493883044fd072665a3af7343923b4d58efc3702,CVE-2023-6933
956982314,arkede/cve-2023,CVE-2023-50848.yaml,49432139c546d9c92e4e018b4a7f816fa7f3b835,CVE-2023-50848
956982314,arkede/cve-2023,CVE-2023-6909_2.yaml,49445ba4c9f3657098a5b90e0139e370ad4b0e22,CVE-2023-6909
956982314,arkede/cve-2023,CVE-2023-0900_2.yaml,4949aaac92116c0a2973c7844f79a08144c0067c,CVE-2023-0900
956982314,arkede/cve-2023,CVE-2023-1333.yaml,495e6fffcb394bd455a46b0ce1d072e8cd71a7f0,CVE-2023-1333
956982314,arkede/cve-2023,CVE-2023-52224.yaml,496e715fd851495925d50829efb9992da6790402,CVE-2023-52224
956982314,arkede/cve-2023,CVE-2023-7203.yaml,4976f81ed9c58609e220f61df7a0392c2ecba8d3,CVE-2023-7203
956982314,arkede/cve-2023,CVE-2023-25041.yaml,4992d99d6c7cb83c7ce8289d6bf4f00bac9d7c0e,CVE-2023-25041
956982314,arkede/cve-2023,CVE-2023-3132.yaml,4992ecd385a61fbd2a26359b13dc3ff100f2e1aa,CVE-2023-3132
956982314,arkede/cve-2023,CVE-2023-23981.yaml,49b35ab7392f93b0ba450728a5fdb2689cfbbc14,CVE-2023-23981
956982314,arkede/cve-2023,CVE-2023-45108.yaml,49c699772195247e071b1729716bcc23ad5996b0,CVE-2023-45108
956982314,arkede/cve-2023,CVE-2023-0694.yaml,49dfa5d6146a54cc66e3261b66a2861463c11587,CVE-2023-0694
956982314,arkede/cve-2023,CVE-2023-40002.yaml,49e95a52adda93242569ec4abea3ab57deb43b38,CVE-2023-40002
956982314,arkede/cve-2023,CVE-2023-24737_2.yaml,49eae2bffba14522cc97e282c070987060885378,CVE-2023-24737
956982314,arkede/cve-2023,CVE-2023-28121_1.yaml,49ee6dc575ca492684912f95dbcc8810f3f29de0,CVE-2023-28121
956982314,arkede/cve-2023,CVE-2023-5669.yaml,49ef3158368def499f049bf9ebe88bc393a71732,CVE-2023-5669
956982314,arkede/cve-2023,CVE-2023-0600.yaml,49f7e48ef2caaa925011ef8c037c0e3f5f6a86f0,CVE-2023-0600
956982314,arkede/cve-2023,CVE-2023-34174.yaml,4a006db7142f05d730ddab63701747b14c2edfc1,CVE-2023-34174
956982314,arkede/cve-2023,CVE-2023-5003.yaml,4a0655616eced586f2a0e1e68637738846a456d2,CVE-2023-5003
956982314,arkede/cve-2023,CVE-2023-45855.yaml,4a15e64df3b4a6fff79a7989929ea4e47e96c964,CVE-2023-45855
956982314,arkede/cve-2023,CVE-2023-6266.yaml,4a190e333cc6e7f2703cea14325d451b5c5c7945,CVE-2023-6266
956982314,arkede/cve-2023,CVE-2023-41669.yaml,4a20b6de52ee6fb682d80fefb9f494a937f0208a,CVE-2023-41669
956982314,arkede/cve-2023,CVE-2023-49189.yaml,4a20f6c722f472cce503db9ed082fceaf63632ea,CVE-2023-49189
956982314,arkede/cve-2023,CVE-2023-49740.yaml,4a223b5cff0164146cf1dccf06c402f5ee50a3d3,CVE-2023-49740
956982314,arkede/cve-2023,CVE-2023-35049.yaml,4a5cb9a1b6e0c4b64729c91ad02cf4c213256a9f,CVE-2023-35049
956982314,arkede/cve-2023,CVE-2023-46145.yaml,4a924ef1e155404aa23ebcee16b8130d00b4c8c7,CVE-2023-46145
956982314,arkede/cve-2023,CVE-2023-3088.yaml,4a9aa89c3b91c5766b93f519de3ee6319facae65,CVE-2023-3088
956982314,arkede/cve-2023,CVE-2023-33584_2.yaml,4aa1ac49ee6b1b2c69ba3634806fd2d68e509293,CVE-2023-33584
956982314,arkede/cve-2023,CVE-2023-32585.yaml,4aab3166319323b7f90465a966980c3f884b0e54,CVE-2023-32585
956982314,arkede/cve-2023,CVE-2023-1698_2.yaml,4ab257d35df1ae3ff59be5ff99a1fe141bd8da13,CVE-2023-1698
956982314,arkede/cve-2023,CVE-2023-30013_2.yaml,4acc40ab863e771280c4a2342f99da6e83516ae6,CVE-2023-30013
956982314,arkede/cve-2023,CVE-2023-31718.yaml,4ad8c9b9bee23551b93a3b8f50f58fef25284a1a,CVE-2023-31718
956982314,arkede/cve-2023,CVE-2023-6982.yaml,4adb47237d81b0faaef05e92a8a92430a4812c8c,CVE-2023-6982
956982314,arkede/cve-2023,CVE-2023-0715.yaml,4af026260d64f5c7821cfed1fc6d52c93f7fe5cd,CVE-2023-0715
956982314,arkede/cve-2023,CVE-2023-4113.yaml,4af90b1be4c319f4343a05195d7a1b5b68208410,CVE-2023-4113
956982314,arkede/cve-2023,CVE-2023-37871.yaml,4b0792db757b8dc47fd99f19497f6b70cc5f1786,CVE-2023-37871
956982314,arkede/cve-2023,CVE-2023-0219.yaml,4b09b8a8f1c866b5818058f35ce6d972589d927c,CVE-2023-0219
956982314,arkede/cve-2023,CVE-2023-49761.yaml,4b0adb13109899816d8fdc15785bbcf7f4019192,CVE-2023-49761
956982314,arkede/cve-2023,CVE-2023-6624.yaml,4b0e4c98d09c9bcf511abc34275dbb46eb460d68,CVE-2023-6624
956982314,arkede/cve-2023,CVE-2023-47661.yaml,4b0e56043cda4ae4f81b196570bca8ae2938f7fe,CVE-2023-47661
956982314,arkede/cve-2023,CVE-2023-35876.yaml,4b0ec8e07202e05aaaa83f1fe9b794f494134a60,CVE-2023-35876
956982314,arkede/cve-2023,CVE-2023-48319.yaml,4b17619ddd3c9ab22da443b41a1003a91bbd8d73,CVE-2023-48319
956982314,arkede/cve-2023,CVE-2023-0261_2.yaml,4b18c1e9c098d51287451b82791327fae38ed8c0,CVE-2023-0261
956982314,arkede/cve-2023,CVE-2023-25972.yaml,4b333796b5e9db5ab92364d646a6a7dc6d01ab4a,CVE-2023-25972
956982314,arkede/cve-2023,CVE-2023-4114.yaml,4b3e7ed2d5db9ed83ee4c919720b936d7e11158d,CVE-2023-4114
956982314,arkede/cve-2023,CVE-2023-5750.yaml,4b485a140b6e36374e5376db45afd7d86a0641d4,CVE-2023-5750
956982314,arkede/cve-2023,CVE-2023-34024.yaml,4b4b0bdd9d82bbb115e40a2a6e625b1c56a48add,CVE-2023-34024
956982314,arkede/cve-2023,CVE-2023-4314.yaml,4b62bb269ed917c0772f1d1f7da2ddde659d8fcb,CVE-2023-4314
956982314,arkede/cve-2023,CVE-2023-2825.yaml,4b67bbfec54dd84c41706534ebbcba1c24c6ded8,CVE-2023-2825
956982314,arkede/cve-2023,CVE-2023-6594.yaml,4b6e496f618174846e97c2779991b271fad0ce85,CVE-2023-6594
956982314,arkede/cve-2023,CVE-2023-6250.yaml,4b7369f8be62ae05ed7e8c0cf95d675d33286d42,CVE-2023-6250
956982314,arkede/cve-2023,CVE-2023-6369.yaml,4b764d9fe4cbbb1468a91f5848a19f827725b697,CVE-2023-6369
956982314,arkede/cve-2023,CVE-2023-45632.yaml,4b8564c41eb255f1ac896addc2bceeec4883f892,CVE-2023-45632
956982314,arkede/cve-2023,CVE-2023-30476.yaml,4b8624805877c0a5c23e9b8071b4939626addc35,CVE-2023-30476
956982314,arkede/cve-2023,CVE-2023-37679_1.yaml,4b98e576c7009ac3b16b275285e047004ba4c40d,CVE-2023-43208
956982314,arkede/cve-2023,CVE-2023-37679_1.yaml,4b98e576c7009ac3b16b275285e047004ba4c40d,CVE-2023-37679
956982314,arkede/cve-2023,CVE-2023-47230.yaml,4b9ce88599da390cf8dd9ad3f660d839210e8269,CVE-2023-47230
956982314,arkede/cve-2023,CVE-2023-47846.yaml,4ba24ef01986a9e3eed147a83720424dfd7db51e,CVE-2023-47846
956982314,arkede/cve-2023,CVE-2023-22712.yaml,4bab36171a45263ecedd3e0218aeaaefaa0ccb0a,CVE-2023-22712
956982314,arkede/cve-2023,CVE-2023-2303.yaml,4bbd813c30b7904946bb23d8dc0e9ef57267a6b1,CVE-2023-2303
956982314,arkede/cve-2023,CVE-2023-47225.yaml,4bc78c58f40d6561746ef6ccba9ac8ac10bb73cf,CVE-2023-47225
956982314,arkede/cve-2023,CVE-2023-3167.yaml,4bcbb3a1a8aed51b7147b7062ecaaad1e033a297,CVE-2023-3167
956982314,arkede/cve-2023,CVE-2023-39924.yaml,4bd27c5ee03f7db086e04c16428ee477d9e634c9,CVE-2023-39924
956982314,arkede/cve-2023,CVE-2023-3178.yaml,4bd763aad3033a5b3702e6fd10ec54a89d692975,CVE-2023-3178
956982314,arkede/cve-2023,CVE-2023-49839.yaml,4bda05ccc51052051ff9c263e526cbfd7fa05cc9,CVE-2023-49839
956982314,arkede/cve-2023,CVE-2023-36531.yaml,4bf5b8f0a0d0d86dec744e93f01350317069fa7d,CVE-2023-36531
956982314,arkede/cve-2023,CVE-2023-5975.yaml,4bfe38d003309a1c3d449b7677681a0ac9b8c96b,CVE-2023-5975
956982314,arkede/cve-2023,CVE-2023-40750.yaml,4c006c6a1a9334308deac6008cc9560d754fcca1,CVE-2023-40750
956982314,arkede/cve-2023,CVE-2023-2275.yaml,4c1a221c93040acec7b62e42a82ad4d40eb5fd64,CVE-2023-2275
956982314,arkede/cve-2023,CVE-2023-47544.yaml,4c1e75fc0a4f41ce7473e585abcd4a37e60864cc,CVE-2023-47544
956982314,arkede/cve-2023,CVE-2023-3869.yaml,4c27316685a65b5c2c556bc51bf9b9e66cd31e4d,CVE-2023-3869
956982314,arkede/cve-2023,CVE-2023-33661.yaml,4c2de3877b1775a0357e5a46df3b03914255a5ad,CVE-2023-33661
956982314,arkede/cve-2023,CVE-2023-25968.yaml,4c3059bbeec0cefd187aaa408228e0b945e09aec,CVE-2023-25968
956982314,arkede/cve-2023,CVE-2023-24044.yaml,4c4005305ec6de9c4aa420f8ad2c78257a608226,CVE-2023-24044
956982314,arkede/cve-2023,CVE-2023-4173.yaml,4c454fea6441495170a527f4f59b47b535c98a8c,CVE-2023-4173
956982314,arkede/cve-2023,CVE-2023-46193.yaml,4c59e9c8d5ad224b92a6182ad8df480f57519132,CVE-2023-46193
956982314,arkede/cve-2023,CVE-2023-1805.yaml,4c5a16e69000a331fa8e8c5173385def92c97947,CVE-2023-1805
956982314,arkede/cve-2023,CVE-2023-23826.yaml,4c60f1af977284fbfff284b02e6805b46140a742,CVE-2023-23826
956982314,arkede/cve-2023,CVE-2023-0335.yaml,4c658037a75847f0254e49aec7d2fc5cdf4ff9ae,CVE-2023-0335
956982314,arkede/cve-2023,CVE-2023-38392.yaml,4c7ab8249e52ae5fe1f36697dece872edb5d700f,CVE-2023-38392
956982314,arkede/cve-2023,CVE-2023-44807.yaml,4c9bc0ff03813d292da92e4648f01274bb724aa8,CVE-2023-44807
956982314,arkede/cve-2023,CVE-2023-52215.yaml,4ca465fa43547a5d5290ac704452516a0bb0b2c4,CVE-2023-52215
956982314,arkede/cve-2023,CVE-2023-52251.yaml,4ca51f181f6db2932a1254864b5544ae056d8c88,CVE-2023-52251
956982314,arkede/cve-2023,CVE-2023-40779.yaml,4caa5c91252864f64ff0cd33fae569aa1861703a,CVE-2023-40779
956982314,arkede/cve-2023,CVE-2023-5098.yaml,4cd2e9690a4866b78108e2e7bf1494d8a5e1eefa,CVE-2023-5098
956982314,arkede/cve-2023,CVE-2023-46627.yaml,4cd59e55305d25774770b14409da16f8d7d64401,CVE-2023-46627
956982314,arkede/cve-2023,CVE-2023-6696.yaml,4cd6dadf9be76373149d041f34f4b6eabccd1e95,CVE-2023-6696
956982314,arkede/cve-2023,CVE-2023-47691.yaml,4ce32241882b930d687550966b6347a15c42e56a,CVE-2023-47691
956982314,arkede/cve-2023,CVE-2023-47191.yaml,4ce96ed47d4807a4370ae7b8bc25d64ddccf6022,CVE-2023-47191
956982314,arkede/cve-2023,CVE-2023-0086.yaml,4cf81d9368dd0ec9f3e203c00c55131b81231dbf,CVE-2023-0086
956982314,arkede/cve-2023,CVE-2023-33319.yaml,4cfe64f228216176b83b844f91e1011863455aa3,CVE-2023-33319
956982314,arkede/cve-2023,CVE-2023-27609.yaml,4d0c3e1e9a1b70d15a874caed4e254a60f767143,CVE-2023-27609
956982314,arkede/cve-2023,CVE-2023-27997.yaml,4d3032bba95f4cb933835615b8ae93201fbb0154,CVE-2023-27997
956982314,arkede/cve-2023,CVE-2023-52149.yaml,4d3534856726999d1ff3c9cb91a2b422878d4c90,CVE-2023-52149
956982314,arkede/cve-2023,CVE-2023-25040.yaml,4d35f35de86852142b0176b752f1b53e132a1eb5,CVE-2023-25040
956982314,arkede/cve-2023,CVE-2023-0099_2.yaml,4d4ba4db351c6bf2ca2973602643b2458ac6ae14,CVE-2023-0099
956982314,arkede/cve-2023,CVE-2023-46731.yaml,4d4e9c1e46f10080bb2f1533eecd59e5797bf7f8,CVE-2023-46731
956982314,arkede/cve-2023,CVE-2023-46731.yaml,4d4e9c1e46f10080bb2f1533eecd59e5797bf7f8,GHSA-62PR-QQF7-HH89
956982314,arkede/cve-2023,CVE-2023-49149.yaml,4d57c8799fb4a323b7ea82b13b5f44cf47436983,CVE-2023-49149
956982314,arkede/cve-2023,CVE-2023-3200.yaml,4d5e7c43c2d8dad08815792da3f6f00ccbf0bdc1,CVE-2023-3200
956982314,arkede/cve-2023,CVE-2023-47512.yaml,4d63ab5b760bb909b4ee8af1036b63d8836118ba,CVE-2023-47512
956982314,arkede/cve-2023,CVE-2023-47512.yaml,4d63ab5b760bb909b4ee8af1036b63d8836118ba,CVE-2023-47696
956982314,arkede/cve-2023,CVE-2023-29923_2.yaml,4d983f47537226992d155687473e08c38a096276,CVE-2023-29923
956982314,arkede/cve-2023,CVE-2023-5819.yaml,4da8b2eff326d53d2fe789c9ae40a4c92e79c533,CVE-2023-5819
956982314,arkede/cve-2023,CVE-2023-5819.yaml,4da8b2eff326d53d2fe789c9ae40a4c92e79c533,CVE-2023-5818
956982314,arkede/cve-2023,CVE-2023-4060.yaml,4db9f928570a61cafc0d3929fb82041ecafe386d,CVE-2023-4060
956982314,arkede/cve-2023,CVE-2023-5615.yaml,4dbed505c457cd81b32e75ef02a34c4e1a3cc756,CVE-2023-5615
956982314,arkede/cve-2023,CVE-2023-1911.yaml,4ddd4d06abac802d6cc0abd27cc48e8ce3477712,CVE-2023-1911
956982314,arkede/cve-2023,CVE-2023-31548.yaml,4dea1283e58f2298f8b006c1371ea9d151478104,CVE-2023-31548
956982314,arkede/cve-2023,CVE-2023-4315.yaml,4df156b70f2a1410ea30584ae6f2f2d384fe0477,CVE-2023-4315
956982314,arkede/cve-2023,CVE-2023-41637.yaml,4df34a59721a7af337e7b32992fdc9e7e32f046e,CVE-2023-41637
956982314,arkede/cve-2023,CVE-2023-48023.yaml,4df3bf24775e2c4cd1e3225aaed8e9ab7ee2c73e,CVE-2023-48023
956982314,arkede/cve-2023,CVE-2023-2276.yaml,4e0381332ad9819cbb4a680d387457e756dfe4c4,CVE-2023-2276
956982314,arkede/cve-2023,CVE-2023-2300.yaml,4e04139d467f2ba366cd4e1543fe6d79efd0dfca,CVE-2023-2300
956982314,arkede/cve-2023,CVE-2023-5252.yaml,4e14bda1a00a5c1f369a30153fa975449a630648,CVE-2023-5252
956982314,arkede/cve-2023,CVE-2023-29437.yaml,4e16f267929e889288e21b9cc39bab712c40d2d4,CVE-2023-29437
956982314,arkede/cve-2023,CVE-2023-32236.yaml,4e2997e1f76bc12088a83004e956db7f6c527676,CVE-2023-32236
956982314,arkede/cve-2023,CVE-2023-31079.yaml,4e2fd313f775e9f2c5b8dad0a1ace5da0bfd6e24,CVE-2023-31079
956982314,arkede/cve-2023,CVE-2023-0080.yaml,4e3053db2e07bbda352ab140f00e03851dd091ee,CVE-2023-0080
956982314,arkede/cve-2023,CVE-2023-1524.yaml,4e31ec77e715fc97e1aad5eb0133520d8eb9c903,CVE-2023-1524
956982314,arkede/cve-2023,CVE-2023-34124_1.yaml,4e3e82c80a9fcd2f5c1e1d3e1cee8623bb1f9d04,CVE-2023-34124
956982314,arkede/cve-2023,CVE-2023-34124_1.yaml,4e3e82c80a9fcd2f5c1e1d3e1cee8623bb1f9d04,CVE-2023-34127
956982314,arkede/cve-2023,CVE-2023-51401.yaml,4e47a85640c5e637cea21072a56566d190f97d88,CVE-2023-51401
956982314,arkede/cve-2023,CVE-2023-4059.yaml,4e485ac66a18c116496a1586dca0a28b39800b27,CVE-2023-4059
956982314,arkede/cve-2023,CVE-2023-5428.yaml,4e49168fb283c03acf7c6ecd51fe7564f9cd9315,CVE-2023-5428
956982314,arkede/cve-2023,CVE-2023-4839.yaml,4e4aa948cee9e773434662492f86edcd6e932e7f,CVE-2023-4839
956982314,arkede/cve-2023,CVE-2023-36681.yaml,4e6431eccf465fab6b87460f544af65515ac5ec8,CVE-2023-36681
956982314,arkede/cve-2023,CVE-2023-0448.yaml,4e6ac01d6307dfef36f594599b6582a8e32f6ce2,CVE-2023-0448
956982314,arkede/cve-2023,CVE-2023-40199.yaml,4e7a24794b1a4c51f2c1eb310a6e473672cd6e12,CVE-2023-40199
956982314,arkede/cve-2023,CVE-2023-28343_3.yaml,4ea0a1456d4082924d58c830b6eec9bdd6b3dbd6,CVE-2023-28343
956982314,arkede/cve-2023,CVE-2023-50371.yaml,4ea22473f407fb17d678e0919ef36a13fdec829f,CVE-2023-50371
956982314,arkede/cve-2023,CVE-2023-6946.yaml,4ea3dc119797e11e02ba2d01708a436cbf7de624,CVE-2023-6946
956982314,arkede/cve-2023,CVE-2023-22035.yaml,4ea7a4f89b7d188f460cc46a7c90c5339a0452bc,CVE-2023-22035
956982314,arkede/cve-2023,CVE-2023-47805.yaml,4eabbd5beb5ca0be8ab6936838f6a67da88e4b3d,CVE-2023-47805
956982314,arkede/cve-2023,CVE-2023-28618.yaml,4eb7bcdd023dca86c3381777e0f55cb2431c655c,CVE-2023-28618
956982314,arkede/cve-2023,CVE-2023-1408_1.yaml,4ef772b4bbe713ec3b916a0cda682ea057272a1f,CVE-2023-1408
956982314,arkede/cve-2023,CVE-2023-25032.yaml,4ef7c0684db57429ee7cc77ad9639cad85c1db7b,CVE-2023-25032
956982314,arkede/cve-2023,CVE-2023-1207.yaml,4f2d997c3e2fefbb1b41c0d56b66f771d1926ce2,CVE-2023-1207
956982314,arkede/cve-2023,CVE-2023-28664.yaml,4f31de4aebb6583c87ff8d573d1a8c2f56b87f13,CVE-2023-28664
956982314,arkede/cve-2023,CVE-2023-27432.yaml,4f3a36f05728acc0ff581dfea7303d26c010e0c9,CVE-2023-27432
956982314,arkede/cve-2023,CVE-2023-2919.yaml,4f3d1d9a95a3de81f1f87453cc7e5c5d069da97f,CVE-2023-2919
956982314,arkede/cve-2023,CVE-2023-22620_3.yaml,4f5262649d207cc231f239274e547a5fe97651bc,CVE-2023-22620
956982314,arkede/cve-2023,CVE-2023-47872.yaml,4f5f49cc73009046eb18081eb7292f7b645f4291,CVE-2023-47872
956982314,arkede/cve-2023,CVE-2023-23892.yaml,4f6191d05b4fdc6b784e52fb16284f495d075899,CVE-2023-23892
956982314,arkede/cve-2023,CVE-2023-2449.yaml,4f65b077d1dd3ab2b8ce2034b63839002b47fca4,CVE-2023-2449
956982314,arkede/cve-2023,CVE-2023-2449.yaml,4f65b077d1dd3ab2b8ce2034b63839002b47fca4,CVE-2023-2446
956982314,arkede/cve-2023,CVE-2023-2449.yaml,4f65b077d1dd3ab2b8ce2034b63839002b47fca4,CVE-2023-2448
956982314,arkede/cve-2023,CVE-2023-6488.yaml,4f674363682a31cd43d13fa6ecf51e3d92d5f44c,CVE-2023-6488
956982314,arkede/cve-2023,CVE-2023-40044.yaml,4f768373e02d1673ea4121f5830d2821c9a58363,CVE-2023-40044
956982314,arkede/cve-2023,CVE-2023-41874.yaml,4f86c4340e074beff21d0f8b8301a6248284c35c,CVE-2023-41874
956982314,arkede/cve-2023,CVE-2023-2285.yaml,4f8d5b72ede8c0916b8739fe6149960f14c7c033,CVE-2023-2285
956982314,arkede/cve-2023,CVE-2023-1889.yaml,4f9b33e3af56becf3e91b25d3a7e5bf7e045b351,CVE-2023-1889
956982314,arkede/cve-2023,CVE-2023-34372.yaml,4fa5b88e04732254f3cde42df55f755b13e6349f,CVE-2023-34372
956982314,arkede/cve-2023,CVE-2023-33216.yaml,4fa6b47765c2c7355623464ce03b6078a4657968,CVE-2023-33216
956982314,arkede/cve-2023,CVE-2023-6996.yaml,4fb880c46c7581c8a2e0bea4b34490d06af02d71,CVE-2023-6996
956982314,arkede/cve-2023,CVE-2023-49772.yaml,4fc95f3a0d7a76daeb66a5ee1281c3958f673800,CVE-2023-49772
956982314,arkede/cve-2023,CVE-2023-28121.yaml,4fc98e58ce20828a6c69e887880f6e19268b003b,CVE-2023-28121
956982314,arkede/cve-2023,CVE-2023-25136_1.yaml,4fe8f3ef36d2ad49fe3ccd7414ffc14086866ca4,CVE-2023-25136
956982314,arkede/cve-2023,CVE-2023-44233.yaml,500d3bd450931d7e98dbc5e59138d4875f360add,CVE-2023-44233
956982314,arkede/cve-2023,CVE-2023-45002.yaml,501149d0c585d1010b85ddfc252df13c2078c239,CVE-2023-45002
956982314,arkede/cve-2023,CVE-2023-40945.yaml,5016c677455e41b961c02898d0e848a89e060030,CVE-2023-40945
956982314,arkede/cve-2023,CVE-2023-6088.yaml,501bf6b0cf5292ad8e65a7775a6d580705192fec,CVE-2023-6088
956982314,arkede/cve-2023,CVE-2023-52128.yaml,501d8f2f7075f77425deb1c592da9dc0a4ebb2b6,CVE-2023-52128
956982314,arkede/cve-2023,CVE-2023-25783.yaml,504346ba9443cb8e2a9b1a768f2723da75d507e0,CVE-2023-25783
956982314,arkede/cve-2023,CVE-2023-51377.yaml,5048f9393888e32aa928976b0ccfc95191f55682,CVE-2023-51377
956982314,arkede/cve-2023,CVE-2023-6592.yaml,504c6d0a73d7242b62c92a04d25e3a074dbe7bfe,CVE-2023-6592
956982314,arkede/cve-2023,CVE-2023-25713.yaml,504e422d1409c6bca6eed562b29c68322db939aa,CVE-2023-25713
956982314,arkede/cve-2023,CVE-2023-0491.yaml,507d0bc984a216bf60459c3b1cc3fbb90c1f2fc8,CVE-2023-0491
956982314,arkede/cve-2023,CVE-2023-23682.yaml,50891e6c546f31bc33df7cbf69e4035eafe3f150,CVE-2023-23682
956982314,arkede/cve-2023,CVE-2023-39110.yaml,509946f24e69c54ece09f9f3e24ae4fc1acb7140,CVE-2023-39110
956982314,arkede/cve-2023,CVE-2023-40931_1.yaml,509ca26b14d72dd816def7c389e4dfb1f0ba6950,CVE-2023-40931
956982314,arkede/cve-2023,CVE-2023-48770.yaml,509ff6d2f600a2f9d3157bc89d5c882a582c1930,CVE-2023-48770
956982314,arkede/cve-2023,CVE-2023-7070.yaml,50a37249e25fc8be373b6aae9ccfaa0cad2870df,CVE-2023-7070
956982314,arkede/cve-2023,CVE-2023-32117.yaml,50a5e8fd7b27730fa0ffc9ff5badfe87f30a7eb2,CVE-2023-32117
956982314,arkede/cve-2023,CVE-2023-2982_3.yaml,50a71d5aeee75d42651b4570540f26437e5f9d85,CVE-2023-2982
956982314,arkede/cve-2023,CVE-2023-27622.yaml,50b304dadef4ac83944870ed1b821bd6a69f6954,CVE-2023-27622
956982314,arkede/cve-2023,CVE-2023-4887.yaml,50ba49847ab09204df0b3fb6fac0e781581b5ea2,CVE-2023-4887
956982314,arkede/cve-2023,CVE-2023-2561.yaml,50bd45c16ad5c3f0fab974b58025ef89260cb3c3,CVE-2023-2561
956982314,arkede/cve-2023,CVE-2023-32241.yaml,50ca2120af5190b403704715f7d068649c302d34,CVE-2023-32241
956982314,arkede/cve-2023,CVE-2023-47556.yaml,50cf9f10933cfb5ff561a30d4f2accf54b862ac8,CVE-2023-47556
956982314,arkede/cve-2023,CVE-2023-23731.yaml,50da7ec58e7506357a1d4b8ef3503ec58954c429,CVE-2023-23731
956982314,arkede/cve-2023,CVE-2023-23876.yaml,50e0b66b04818af5fc3bdea4fd552e44f77f9269,CVE-2023-23876
956982314,arkede/cve-2023,CVE-2023-3245.yaml,50e5ca640d234901c0f1238bd616f63784ba435c,CVE-2023-3245
956982314,arkede/cve-2023,CVE-2023-45769.yaml,50e96fdb9d561cfa42b78660cb21da0e896423bd,CVE-2023-45769
956982314,arkede/cve-2023,CVE-2023-40603.yaml,50f443b3b52d6d7019514e265c6474010fd9e1db,CVE-2023-40603
956982314,arkede/cve-2023,CVE-2023-45856.yaml,50f6bc3306a181d8c7a9bb7d514b82ff3f6cb0cf,CVE-2023-45856
956982314,arkede/cve-2023,CVE-2023-41954.yaml,51077a7b19813942890c076a10ef79ff543a6544,CVE-2023-41954
956982314,arkede/cve-2023,CVE-2023-27631.yaml,511c480b2b13413b54185cc8d2a39f7eb7c197ce,CVE-2023-27631
956982314,arkede/cve-2023,CVE-2023-25024.yaml,5127d7b7076c38cc508b03e8d5dd6324dcc0069a,CVE-2023-25024
956982314,arkede/cve-2023,CVE-2023-3076.yaml,512a04d2635681fc2ff6c4e2b5b3bf654da7121a,CVE-2023-3076
956982314,arkede/cve-2023,CVE-2023-25457.yaml,512b625a1be22a48ed1919a08521fff1fe1aada7,CVE-2023-25457
956982314,arkede/cve-2023,CVE-2023-3133.yaml,514cff294f19b79e386f746e6aa66408c9043d70,CVE-2023-3133
956982314,arkede/cve-2023,CVE-2023-5905.yaml,51578e3c3d48b6695c5046fcadef0f4eec9f4514,CVE-2023-5905
956982314,arkede/cve-2023,CVE-2023-50368.yaml,515d60779ad79dd2140b3891461087ea6d0e5d25,CVE-2023-50368
956982314,arkede/cve-2023,CVE-2023-37997.yaml,5172a01327140a7ffd5856f825f971fd4abe3fa6,CVE-2023-37997
956982314,arkede/cve-2023,CVE-2023-39995.yaml,5173fe668082a2a2c6d19caa2c34b36775f3818d,CVE-2023-39995
956982314,arkede/cve-2023,CVE-2023-51683.yaml,517516afaee3e3cf16cdfeffb898756e1bbcb04d,CVE-2023-51683
956982314,arkede/cve-2023,CVE-2023-0333.yaml,5177ac48776d56c0229492db6d32e0117087da5d,CVE-2023-0333
956982314,arkede/cve-2023,CVE-2023-47547.yaml,51788d5788ee366ef44e90dca98258ef9737a245,CVE-2023-47547
956982314,arkede/cve-2023,CVE-2023-45072.yaml,517a1c78e5ec5ce923c5554dc07efd9b73618db4,CVE-2023-45072
956982314,arkede/cve-2023,CVE-2023-45048.yaml,517acdd3295d4b15d947bd21ac8f518af36ea298,CVE-2023-45048
956982314,arkede/cve-2023,CVE-2023-43323.yaml,5183007ec76bec6426ec05e856fa9449e058935a,CVE-2023-43323
956982314,arkede/cve-2023,CVE-2023-41952.yaml,5189b42aa81d45ea0c7289a5e0e1f2d45f331af0,CVE-2023-41952
956982314,arkede/cve-2023,CVE-2023-52201.yaml,519e087769398ccecf99287d6700727a96e76bbe,CVE-2023-52201
956982314,arkede/cve-2023,CVE-2023-2503.yaml,51af2503c83aff17199c204926bd299fb836ab70,CVE-2023-2503
956982314,arkede/cve-2023,CVE-2023-27421.yaml,51b0d8d06d5a8cf71165f1d5bddac8dd2be87764,CVE-2023-27421
956982314,arkede/cve-2023,CVE-2023-34369.yaml,51b88b854f8ec3309f9ada793ea6d0b8aeb6f435,CVE-2023-34369
956982314,arkede/cve-2023,CVE-2023-1019.yaml,51f270420a4cf1b8e1ec24bebb242ab8b718da9b,CVE-2023-1019
956982314,arkede/cve-2023,CVE-2023-2023_1.yaml,521a587d1d6ebb7014e0800bf4f7a89a66e4bff5,CVE-2023-2023
956982314,arkede/cve-2023,CVE-2023-45060.yaml,5226d7e5ac4fbe352569a187585a2dc2d60ec692,CVE-2023-45060
956982314,arkede/cve-2023,CVE-2023-26542.yaml,5233e18f976b60104d42029443dc42803553d698,CVE-2023-26542
956982314,arkede/cve-2023,CVE-2023-24417.yaml,523661999361e2fe3567a11ac09b53cf53810ec4,CVE-2023-24417
956982314,arkede/cve-2023,CVE-2023-2026.yaml,5251cfc76bf079e99212a8a8b234c896539651d5,CVE-2023-2026
956982314,arkede/cve-2023,CVE-2023-0424.yaml,5267dbc93344d33f4865904c7f60043348500668,CVE-2023-0424
956982314,arkede/cve-2023,CVE-2023-4668.yaml,526f19805a8e09ae7d93ae0c0b15d8f834e24421,CVE-2023-4668
956982314,arkede/cve-2023,CVE-2023-46639.yaml,5272718750305fa96d0b96fd890150fee3f22963,CVE-2023-46639
956982314,arkede/cve-2023,CVE-2023-41734.yaml,52766417dd01541a7f6dceef337908a1a2f04a67,CVE-2023-41734
956982314,arkede/cve-2023,CVE-2023-37976.yaml,5280c599d9f24a62432359025dd8e1617cc01423,CVE-2023-37976
956982314,arkede/cve-2023,CVE-2023-23699.yaml,528c68f8647365a7d5b4f1008dd114f4fabd694f,CVE-2023-23699
956982314,arkede/cve-2023,CVE-2023-25465.yaml,529780e728640d2422c2415c053d15420736796c,CVE-2023-25465
956982314,arkede/cve-2023,CVE-2023-24413.yaml,529d121ba729df5f86051223991ac7eb5dd9563b,CVE-2023-24413
956982314,arkede/cve-2023,CVE-2023-2224.yaml,52adda04d740bd4bfdce198531080707a6914193,CVE-2023-2224
956982314,arkede/cve-2023,CVE-2023-32515.yaml,52b0580482f49ff6853c078dd270683d5ae3f769,CVE-2023-32515
956982314,arkede/cve-2023,CVE-2023-48777_2.yaml,52b0e3e7eb3ed22f9d0d68114053dd9ea87677d6,CVE-2023-48777
956982314,arkede/cve-2023,CVE-2023-3707.yaml,52bb34a3f0572d8946510ff12c36b3472338e796,CVE-2023-3707
956982314,arkede/cve-2023,CVE-2023-0081.yaml,52c55c424d3b8a838edc7ce6b2c5b35d5d14cd5d,CVE-2023-0081
956982314,arkede/cve-2023,CVE-2023-0496.yaml,52e3c5c886ffe3dedad90ba92738179a73139203,CVE-2023-0496
956982314,arkede/cve-2023,CVE-2023-6961.yaml,52e6e3fa34ecfd2abf35475d901c39e7921c1443,CVE-2023-6961
956982314,arkede/cve-2023,CVE-2023-48286.yaml,52fb85d4943d7973a53906916507d86b556f7337,CVE-2023-48286
956982314,arkede/cve-2023,CVE-2023-51422.yaml,53032b952a5ec44ad4cd187778acff92220a6e60,CVE-2023-51422
956982314,arkede/cve-2023,CVE-2023-23863.yaml,530da46d651e7e188d868caf067661a4362c0794,CVE-2023-23863
956982314,arkede/cve-2023,CVE-2023-41244.yaml,5317ab2f381061432482a43b5e8c83c4c0f52eb6,CVE-2023-41244
956982314,arkede/cve-2023,CVE-2023-32121.yaml,533245cee4b24a33b3b30130853f28579383fb4f,CVE-2023-32121
956982314,arkede/cve-2023,CVE-2023-2558.yaml,533c0991f4624dadf4415dfcb1e7c7db5d2698dc,CVE-2023-2558
956982314,arkede/cve-2023,CVE-2023-0762.yaml,5371e136e55283a10713f96330f029c249140e47,CVE-2023-0762
956982314,arkede/cve-2023,CVE-2023-0600_2.yaml,53729dfa603ce65ede50f036bdbde855060a8724,CVE-2023-0600
956982314,arkede/cve-2023,CVE-2023-51530.yaml,5381fbb6e4e26ebd14a673dc7943a1b8cf166516,CVE-2023-51530
956982314,arkede/cve-2023,CVE-2023-6037.yaml,538934d6641b0e44e226a9fbdcd2534a06c8a533,CVE-2023-6037
956982314,arkede/cve-2023,CVE-2023-25466.yaml,53aa45e3c010d4efdbbf1a16b36e5ce5ab3b575f,CVE-2023-25466
956982314,arkede/cve-2023,CVE-2023-29427.yaml,53c32fcbd39756443aae572cd84d33db9dc7a4ee,CVE-2023-29427
956982314,arkede/cve-2023,CVE-2023-47648.yaml,53d9d01e67e436391527677a333fb4c4b99ace3c,CVE-2023-47648
956982314,arkede/cve-2023,CVE-2023-46775.yaml,53f18ae7778da0948704a19021b2527110e9dedd,CVE-2023-46775
956982314,arkede/cve-2023,CVE-2023-44989.yaml,53f9241ee1366a9f55c04aafa4907645fb13d11d,CVE-2023-44989
956982314,arkede/cve-2023,CVE-2023-34666.yaml,54086f98bd8503f3c16cf9efc8e52e38de730999,CVE-2023-34666
956982314,arkede/cve-2023,CVE-2023-34599.yaml,541ae0e1bf2e9cda2fd9980d9b87639f0099ff4f,CVE-2023-34599
956982314,arkede/cve-2023,CVE-2023-3645.yaml,54241c1b39deb216947dbf1c6aba312efd4f028e,CVE-2023-3645
956982314,arkede/cve-2023,CVE-2023-23864.yaml,5429544887916ccfc9fe07c0de5ee8a6afb6c18f,CVE-2023-23864
956982314,arkede/cve-2023,CVE-2023-37892.yaml,542ba70ed42609661abbd146b6c3ad6bc7fbdc07,CVE-2023-37892
956982314,arkede/cve-2023,CVE-2023-4109.yaml,54305e38dbf29bbf990614d13d11cae966ca15e0,CVE-2023-4109
956982314,arkede/cve-2023,CVE-2023-47844.yaml,5430fa30558ad9709d2f523b3222930ff6628ec3,CVE-2023-47844
956982314,arkede/cve-2023,CVE-2023-51540.yaml,54368cd8bae1575f89b81ed367ec0b313c547a1e,CVE-2023-51540
956982314,arkede/cve-2023,CVE-2023-29919_2.yaml,5442e826890010cd569b2a9fccf8c0cddd908d95,CVE-2023-29919
956982314,arkede/cve-2023,CVE-2023-2227.yaml,54472ac0d1a72b07f2b8a497807a39cc85882372,CVE-2023-2227
956982314,arkede/cve-2023,CVE-2023-3403.yaml,547396e2e7ceddc31d8a1c8cea9edc34c8ed1a4e,CVE-2023-3403
956982314,arkede/cve-2023,CVE-2023-51361.yaml,54860db610e8cd079300270c5e268300355fc1dc,CVE-2023-51361
956982314,arkede/cve-2023,CVE-2023-47516.yaml,548ceae412fe1c4ed446fbe754ada6a043664e13,CVE-2023-47516
956982314,arkede/cve-2023,CVE-2023-44235.yaml,5498467625f539b9ea71eab372d59a215aecb971,CVE-2023-44235
956982314,arkede/cve-2023,CVE-2023-27625.yaml,54a31d46726044993fb65d14c83260d38a3f8cce,CVE-2023-27625
956982314,arkede/cve-2023,CVE-2023-5235.yaml,54a661890aa645bddcbaed85dd65e8443c4c8276,CVE-2023-5235
956982314,arkede/cve-2023,CVE-2023-0816.yaml,54c8f588e818985405af8c8c36c281c5a998e217,CVE-2023-0816
956982314,arkede/cve-2023,CVE-2023-2634.yaml,54d5498487531b290a926075452865c65d567567,CVE-2023-2634
956982314,arkede/cve-2023,CVE-2023-0730.yaml,54de1bf98ad63011ff1db2862361e9b2e1edc89d,CVE-2023-0730
956982314,arkede/cve-2023,CVE-2023-49164.yaml,54e9e7ba431d9bb2b0e865cbf59d250a03e19e33,CVE-2023-49164
956982314,arkede/cve-2023,CVE-2023-28343.yaml,5512ac88b64ecdbf4fa32c8e234fc9749ac6d240,CVE-2023-28343
956982314,arkede/cve-2023,CVE-2023-24401.yaml,5513756225f5463a7aaf7d6ee79ea6319a7041fe,CVE-2023-24401
956982314,arkede/cve-2023,CVE-2023-4800.yaml,55150f23e1313a244ebfcbe24c58d64776555790,CVE-2023-4800
956982314,arkede/cve-2023,CVE-2023-49847.yaml,5518f3b108cb901048ed786813cc9908b33929e4,CVE-2023-49847
956982314,arkede/cve-2023,CVE-2023-43187.yaml,551d99e9895bcb872fbcf491b3135b1215a39384,CVE-2023-43187
956982314,arkede/cve-2023,CVE-2023-0275.yaml,551fde061da99222e3afa00fb11747f32ad49d13,CVE-2023-0275
956982314,arkede/cve-2023,CVE-2023-6700.yaml,552d34b692952e95e0e232e769b8fca44c5a0b3d,CVE-2023-6700
956982314,arkede/cve-2023,CVE-2023-25708.yaml,552d986be9dbacfc31b244db3142b51461685665,CVE-2023-25708
956982314,arkede/cve-2023,CVE-2023-35916.yaml,55304958382fa1555f2c16304ed458eb3ca0076f,CVE-2023-35916
956982314,arkede/cve-2023,CVE-2023-32746.yaml,553e35b6a4c5a40e944434abf297f3562675adaa,CVE-2023-32746
956982314,arkede/cve-2023,CVE-2023-7246.yaml,5541249aaf551e044839eb76ffe05cbda6a0cf2f,CVE-2023-7246
956982314,arkede/cve-2023,CVE-2023-0713.yaml,554c9ce6cdce6115a871b55b7d8bcd579f150b8e,CVE-2023-0713
956982314,arkede/cve-2023,CVE-2023-27618.yaml,55533ab7de83bcf8d08b8608c26e5b89cf08f511,CVE-2023-27618
956982314,arkede/cve-2023,CVE-2023-6495.yaml,5558c6d4ab902b489a71b9bdd40b85a43e1974cc,CVE-2023-6495
956982314,arkede/cve-2023,CVE-2023-0874.yaml,555ba71fa0983765d392940823e0284a49c24b10,CVE-2023-0874
956982314,arkede/cve-2023,CVE-2023-7125.yaml,5567459a26dae18ed38c74364401633dfd021889,CVE-2023-7125
956982314,arkede/cve-2023,CVE-2023-37887.yaml,556a4b600a8d66eeb2a2376d93ae6433b71bc83e,CVE-2023-37887
956982314,arkede/cve-2023,CVE-2023-32576.yaml,5575c8d4a781aa4340a7bca5786003068c9b2987,CVE-2023-32576
956982314,arkede/cve-2023,CVE-2023-4141.yaml,558c159ce9b1c5cc054ce1a76df9072db60f374f,CVE-2023-4141
956982314,arkede/cve-2023,CVE-2023-0558.yaml,559b0f33eea49acd9a25a71ee6a98cc2d081e08c,CVE-2023-0558
956982314,arkede/cve-2023,CVE-2023-50825.yaml,559b9a788b4b785c44efdf5961b20eba09ac1f04,CVE-2023-50825
956982314,arkede/cve-2023,CVE-2023-2499.yaml,55a10ff344c401c1c50b0d1406ec3cf9b4c64e2e,CVE-2023-2499
956982314,arkede/cve-2023,CVE-2023-47756.yaml,55a3bc2fe1d19f815f3475d7785a7f39e2bb9e54,CVE-2023-47756
956982314,arkede/cve-2023,CVE-2023-26842_1.yaml,55a9c8634e317fee783c6cc1df50f34adb16b41c,CVE-2023-26842
956982314,arkede/cve-2023,CVE-2023-3199.yaml,55f38d662be3d3e7241e2ada7c4875f5222b2fae,CVE-2023-3199
956982314,arkede/cve-2023,CVE-2023-40600.yaml,55f48aa139874fbd12052dd3359b2bf5aedd03fd,CVE-2023-40600
956982314,arkede/cve-2023,CVE-2023-5653.yaml,56304d10b0212dec5b7842f86926fc96ff563727,CVE-2023-5653
956982314,arkede/cve-2023,CVE-2023-46626.yaml,56356b26029bc491605d57c6a90bd00fa123b522,CVE-2023-46626
956982314,arkede/cve-2023,CVE-2023-0368.yaml,563ce9c0c36d6b2ca7426b576c96902810d3d0ff,CVE-2023-0368
956982314,arkede/cve-2023,CVE-2023-4318.yaml,564e2f7dd8d6ee8a08de562fb81745b36e548e68,CVE-2023-4318
956982314,arkede/cve-2023,CVE-2023-22702.yaml,56550c1079255ec85cebc2a3285005fbc118791d,CVE-2023-22702
956982314,arkede/cve-2023,CVE-2023-32297.yaml,5684719c5d04e48091a5f38cd8d9d15d44305e20,CVE-2023-32297
956982314,arkede/cve-2023,CVE-2023-0260.yaml,5694a732cd51ad15026aac22f5a0158a69214c8d,CVE-2023-0260
956982314,arkede/cve-2023,CVE-2023-6808.yaml,56a9a6f914683947c87463b671dc0d34ca3530be,CVE-2023-6808
956982314,arkede/cve-2023,CVE-2023-24402.yaml,56b4d13cdf26b3d7b0270451777fa5e1a6bebc23,CVE-2023-24402
956982314,arkede/cve-2023,CVE-2023-6114.yaml,56b5fd4e8c7c5d6ab4df1a36b5f894fdb78b02db,CVE-2023-6114
956982314,arkede/cve-2023,CVE-2023-34003.yaml,56ca8898f3e04c8c35f33409e523af12fe8e8eba,CVE-2023-34003
956982314,arkede/cve-2023,CVE-2023-51685.yaml,56d75bc95389b86767c2634ff876c356486b447d,CVE-2023-51685
956982314,arkede/cve-2023,CVE-2023-35095.yaml,56deff50d90fc85c4ae7df9e767db6b2a946859c,CVE-2023-35095
956982314,arkede/cve-2023,CVE-2023-2356_1.yaml,56e18eafd05c1339a6cbdccc1a5e6937f7c4360c,CVE-2023-2356
956982314,arkede/cve-2023,CVE-2023-6499.yaml,56f0606f06951c94036da7077d07e9d36f1ab46b,CVE-2023-6499
956982314,arkede/cve-2023,CVE-2023-41852.yaml,56f31726eff883aab07d651a03c6379fbdca276f,CVE-2023-41852
956982314,arkede/cve-2023,CVE-2023-47806.yaml,5702b7f045966e60f201eadc9f0bcc447ef6200c,CVE-2023-47806
956982314,arkede/cve-2023,CVE-2023-5740.yaml,57044d7502114ec51a4b99c62b1f03376fb2888e,CVE-2023-5740
956982314,arkede/cve-2023,CVE-2023-4971.yaml,5706ba77efaf52c6c705dc671a1e9a17582118ae,CVE-2023-4971
956982314,arkede/cve-2023,CVE-2023-49103.yaml,57075a6e76a5e4a5d728d628c91f2a10919379c3,CVE-2023-49103
956982314,arkede/cve-2023,CVE-2023-45628.yaml,572285b40ed95bbd2cb6b1adec0a64114a767c6c,CVE-2023-45628
956982314,arkede/cve-2023,CVE-2023-6528.yaml,5724d956149ad881c531070a4f148ca4bd653637,CVE-2023-6528
956982314,arkede/cve-2023,CVE-2023-52217.yaml,572a2984e635d84a5e6007e90db87d2b46c09e82,CVE-2023-52217
956982314,arkede/cve-2023,CVE-2023-28933.yaml,573993b747ecaec08611bcf387cfc4681761f749,CVE-2023-28933
956982314,arkede/cve-2023,CVE-2023-2710.yaml,5749d59b9938f84aec89c6673d8ed207be6d2824,CVE-2023-2710
956982314,arkede/cve-2023,CVE-2023-33928.yaml,57563e49f22bf70757c315eacf1afcf415876b36,CVE-2023-33928
956982314,arkede/cve-2023,CVE-2023-43795.yaml,5757021d17b3ef0415e7e8f982ef33721b3128bc,CVE-2023-43795
956982314,arkede/cve-2023,CVE-2023-43795.yaml,5757021d17b3ef0415e7e8f982ef33721b3128bc,GHSA-5PR3-M5HM-9956
956982314,arkede/cve-2023,CVE-2023-6637.yaml,5762e953ee044db005ff14c6d51d1d2b664dc2f6,CVE-2023-6637
956982314,arkede/cve-2023,CVE-2023-27925.yaml,57747a0b3934c3bb3039d82c78036a36f8141c2d,CVE-2023-27925
956982314,arkede/cve-2023,CVE-2023-47211_2.yaml,57a479e903db82adc0b54fced6f541a6fe9a7961,CVE-2023-47211
956982314,arkede/cve-2023,CVE-2023-5292.yaml,57b35d9997eb5538d8b49851ab600f27c1b16708,CVE-2023-5292
956982314,arkede/cve-2023,CVE-2023-24375.yaml,57b581418895ea8f86b6d13e9884c3e63cb248c5,CVE-2023-24375
956982314,arkede/cve-2023,CVE-2023-51522.yaml,57b7ecf861fe88d24b77e598df8f2bd43d8145b8,CVE-2023-51522
956982314,arkede/cve-2023,CVE-2023-26017.yaml,57b86a15cadc91455e45db45946854ad92fc07f1,CVE-2023-26017
956982314,arkede/cve-2023,CVE-2023-2733.yaml,57ba1d8ebffa8b3b43398576b1b3d58780c8cf4f,CVE-2023-2733
956982314,arkede/cve-2023,CVE-2023-6030.yaml,57c1469ac4a7cef504c2b3cba5d96f7ceac94cff,CVE-2023-6030
956982314,arkede/cve-2023,CVE-2023-49194.yaml,57e17a17b0c4fb93fe7e6249d8f57c69ac30bf4c,CVE-2023-49194
956982314,arkede/cve-2023,CVE-2023-25491.yaml,57e284f9f1f71b812a131a256c0cf22d9fabec03,CVE-2023-25491
956982314,arkede/cve-2023,CVE-2023-51536.yaml,57e40fdbbcf30fceee897f52e927aeba22ab51b5,CVE-2023-51536
956982314,arkede/cve-2023,CVE-2023-1895.yaml,57ea266910616e41815a6bebcec655bb779afb67,CVE-2023-1895
956982314,arkede/cve-2023,CVE-2023-45609.yaml,5800f2605857166210c78237553cc3ec8073c392,CVE-2023-45609
956982314,arkede/cve-2023,CVE-2023-45609.yaml,5800f2605857166210c78237553cc3ec8073c392,CVE-2023-5741
956982314,arkede/cve-2023,CVE-2023-45640.yaml,580c9a65506417e1c3d529304b9042d05ed996c8,CVE-2023-45640
956982314,arkede/cve-2023,CVE-2023-2288.yaml,5812bdbdc828a66c42fcf5498a4c84cd0cfeaa7d,CVE-2023-2288
956982314,arkede/cve-2023,CVE-2023-0087.yaml,581b3391d07b273cdb586c296084984ed95c1b13,CVE-2023-0087
956982314,arkede/cve-2023,CVE-2023-5715.yaml,582a2cb11b6a56fb2de0d4381aad151d5b400335,CVE-2023-5715
956982314,arkede/cve-2023,CVE-2023-48795_1.yaml,582b36cd13217b59d522114f7787b8f11ccd5c63,CVE-2023-48795
956982314,arkede/cve-2023,CVE-2023-0362.yaml,582f675021cb8e1581ec3d579f18b66f4ba3feb1,CVE-2023-0362
956982314,arkede/cve-2023,CVE-2023-34598.yaml,5835cb421cd14bca2d5209b636af0a9423e20f50,CVE-2023-34598
956982314,arkede/cve-2023,CVE-2023-28494.yaml,583a4225291023a593baa69c7a8d4e5e7406c252,CVE-2023-28494
956982314,arkede/cve-2023,CVE-2023-49753.yaml,5846eecbd89f1628a5de9d2947f879cbe3bebe4a,CVE-2023-49753
956982314,arkede/cve-2023,CVE-2023-23927.yaml,585c457734c23a342f0498fbc60279e996d1fba8,GHSA-QCRJ-6FFC-V7HQ
956982314,arkede/cve-2023,CVE-2023-23927.yaml,585c457734c23a342f0498fbc60279e996d1fba8,CVE-2023-23927
956982314,arkede/cve-2023,CVE-2023-27419.yaml,5866efcb84ea824bc046d7381bb05a6dfe3910d9,CVE-2023-27419
956982314,arkede/cve-2023,CVE-2023-29300.yaml,5884ed40310978346f3f63cd00877f55afdf99c2,CVE-2023-29300
956982314,arkede/cve-2023,CVE-2023-26526.yaml,588d0f5ca18d9bbeeed1a6a2fd66cc0fbed00366,CVE-2023-26526
956982314,arkede/cve-2023,CVE-2023-36695.yaml,588fad7310dea097f5a391820b62c0f0576b3187,CVE-2023-36695
956982314,arkede/cve-2023,CVE-2023-34375.yaml,5893203d9ca9461e7fc56da3c4fcd0da83d72f80,CVE-2023-34375
956982314,arkede/cve-2023,CVE-2023-23861.yaml,5893c770c5aeec35757bcc0ea0480c510bb96f3c,CVE-2023-23861
956982314,arkede/cve-2023,CVE-2023-38386.yaml,58a32c257a57ab80ea9be1903a1026f477173420,CVE-2023-38386
956982314,arkede/cve-2023,CVE-2023-2830.yaml,58b02cb0bc6c4791c58d29e6d51e9870ea68d369,CVE-2023-2830
956982314,arkede/cve-2023,CVE-2023-20889_3.yaml,58e3dd3dcfb1092d41e005c62bd0d9fbe079a8e9,ZDI-23-842
956982314,arkede/cve-2023,CVE-2023-20889_3.yaml,58e3dd3dcfb1092d41e005c62bd0d9fbe079a8e9,CVE-2023-20889
956982314,arkede/cve-2023,CVE-2023-51486.yaml,58e671872cf044a1e6db9282f76f1210bd4e3846,CVE-2023-51486
956982314,arkede/cve-2023,CVE-2023-3201.yaml,58f6311acd3f13a4b6c255d113a8eaeb3bb6da38,CVE-2023-3201
956982314,arkede/cve-2023,CVE-2023-24657.yaml,58fb774af9ecebc6acbf7bf5bd340c53d62c02c3,CVE-2023-24657
956982314,arkede/cve-2023,CVE-2023-5085.yaml,5916955211408dfaeac74601d63cd2fd5f672a55,CVE-2023-5085
956982314,arkede/cve-2023,CVE-2023-4775.yaml,591e32ae5455bd947e7587f5235bcea957f7b92d,CVE-2023-4775
956982314,arkede/cve-2023,CVE-2023-6295.yaml,5925345873bab074b90d81c0c93929587bd189b3,CVE-2023-6295
956982314,arkede/cve-2023,CVE-2023-52119.yaml,59269e3fc45f755dbbdd2a022e81b0be269c71a2,CVE-2023-52119
956982314,arkede/cve-2023,CVE-2023-5991.yaml,5951dd77919dd31d75e8f4818aa2b088f56ad32e,CVE-2023-5991
956982314,arkede/cve-2023,CVE-2023-34021.yaml,59604e8258eee48edaf54dd23b90bce0c9b89148,CVE-2023-34021
956982314,arkede/cve-2023,CVE-2023-23811.yaml,59863b12a86137b56962915537a970692a4c7e94,CVE-2023-23811
956982314,arkede/cve-2023,CVE-2023-27449.yaml,598b9a37d941282612561946330442fcea711700,CVE-2023-27449
956982314,arkede/cve-2023,CVE-2023-44259.yaml,598fca68535f53edc21ee07b9f771a3d6c659858,CVE-2023-44259
956982314,arkede/cve-2023,CVE-2023-3204.yaml,599d8564a3b80ee70edc14069e983ab10a71d5f0,CVE-2023-3204
956982314,arkede/cve-2023,CVE-2023-32794.yaml,59a4374adf3c7d997626c9b5cb03cc1a9c293947,CVE-2023-32794
956982314,arkede/cve-2023,CVE-2023-45658.yaml,59a91bb81af76d17729f16f968add55995f970b5,CVE-2023-45658
956982314,arkede/cve-2023,CVE-2023-47762.yaml,59ae5a460706331a8015f1ebad0ed33577fd1383,CVE-2023-47762
956982314,arkede/cve-2023,CVE-2023-5506.yaml,59c2dac6ce59210403d53d041c923ab1cec1eded,CVE-2023-5506
956982314,arkede/cve-2023,CVE-2023-40000.yaml,59c2f8235c21e1b12be6dcad7225b9833496a48c,CVE-2023-40000
956982314,arkede/cve-2023,CVE-2023-6978.yaml,59d276a00237197b2a362b806d3de997e7a0e53a,CVE-2023-6978
956982314,arkede/cve-2023,CVE-2023-44973.yaml,59d59af18ce3214e05f94365ea98d742562a4d23,CVE-2023-44973
956982314,arkede/cve-2023,CVE-2023-45006.yaml,59e5ef5396e5fae03dbd34016831c67b20dcca5d,CVE-2023-45006
956982314,arkede/cve-2023,CVE-2023-51472.yaml,59fd699b8519fe91b1cc8525cc2effcc503e89e4,CVE-2023-51472
956982314,arkede/cve-2023,CVE-2023-3521.yaml,59fd8cc271d9c8b95e5055e15bbffe0d65af2d9d,CVE-2023-3521
956982314,arkede/cve-2023,CVE-2023-44262.yaml,5a07f55fe6326bfe113c85287056ae46e2d65860,CVE-2023-44262
956982314,arkede/cve-2023,CVE-2023-0166.yaml,5a0a8bcd5f799780382bd96dcacec0a028bbccf3,CVE-2023-0166
956982314,arkede/cve-2023,CVE-2023-5414.yaml,5a169011497270ffd2e36a9deaa2daeff67bbaa8,CVE-2023-5414
956982314,arkede/cve-2023,CVE-2023-25490.yaml,5a1778225204f954a5e90dac3e37262fda7b35c8,CVE-2023-25490
956982314,arkede/cve-2023,CVE-2023-39163.yaml,5a1943fc1c94ffa3652ac428c9fff04f869bf66f,CVE-2023-39163
956982314,arkede/cve-2023,CVE-2023-44150.yaml,5a215c540d569db24ea13a92825db06ed4530bfd,CVE-2023-44150
956982314,arkede/cve-2023,CVE-2023-50835.yaml,5a22511d918922d9b93e68392814ae1fc67cff1d,CVE-2023-50835
956982314,arkede/cve-2023,CVE-2023-4036.yaml,5a305619b2e55c92c15e80dcf6f25ff332d889f0,CVE-2023-4036
956982314,arkede/cve-2023,CVE-2023-30256.yaml,5a32b1e4535426f7f9aa1bf3ea75f126e361a87d,CVE-2023-30256
956982314,arkede/cve-2023,CVE-2023-23730.yaml,5a433498d2645f5095b71b41aa621802e40050e3,CVE-2023-23730
956982314,arkede/cve-2023,CVE-2023-50853.yaml,5a46348582e097838b12da0e020554f498b17090,CVE-2023-50853
956982314,arkede/cve-2023,CVE-2023-5738.yaml,5a5bf171f7abe65f7d9b0b079c39771e67a1def7,CVE-2023-5738
956982314,arkede/cve-2023,CVE-2023-5251.yaml,5a5eac982760711cad77246fdd8969fff5d52134,CVE-2023-5251
956982314,arkede/cve-2023,CVE-2023-32583.yaml,5a61e23aa2a3964851a47009302b989739fb4acb,CVE-2023-32583
956982314,arkede/cve-2023,CVE-2023-1087.yaml,5a6289e93ca759c2984ce821a7897f040062106d,CVE-2023-1087
956982314,arkede/cve-2023,CVE-2023-1546.yaml,5a9f8e37c37b63a109b4c66080b79417aa47cb4c,CVE-2023-1546
956982314,arkede/cve-2023,CVE-2023-1977.yaml,5aa3b57fadd7d079f15eafec8fa5853ab812546e,CVE-2023-1977
956982314,arkede/cve-2023,CVE-2023-45602.yaml,5aad5d8c85d2989e35f1114dbd8c8d4549e258a6,CVE-2023-45602
956982314,arkede/cve-2023,CVE-2023-6042.yaml,5aad9a7d6c5386286dbf9b52b7d64ae41571f177,CVE-2023-6042
956982314,arkede/cve-2023,CVE-2023-5227.yaml,5ac6d54c818637c3252bd5d2a630af72823b642c,CVE-2023-5227
956982314,arkede/cve-2023,CVE-2023-31446_1.yaml,5accf9db37b634e8c8bcc2cd58586c8e0df71827,CVE-2023-31446
956982314,arkede/cve-2023,CVE-2023-31446_1.yaml,5accf9db37b634e8c8bcc2cd58586c8e0df71827,GHSA-89PH-WR9X-HCFC
956982314,arkede/cve-2023,CVE-2023-35086.yaml,5acda90030a6602cc81da34592c04f558925a0bd,CVE-2023-35086
956982314,arkede/cve-2023,CVE-2023-3664.yaml,5ad2b46c2b0c2da63f22af8dbbe193e2466719f3,CVE-2023-3664
956982314,arkede/cve-2023,CVE-2023-44232.yaml,5ae97c6fadeba55eb77b0ed46fce99e0a447bcbd,CVE-2023-44232
956982314,arkede/cve-2023,CVE-2023-3211.yaml,5afa026bee6d7b74ac16f78ccba31a72a70ee87d,CVE-2023-3211
956982314,arkede/cve-2023,CVE-2023-25690_2.yaml,5b18bf1814cf979a78d407c55ed463535b38734b,CVE-2023-25690
956982314,arkede/cve-2023,CVE-2023-32560.yaml,5b467f32cb1d2c85bbfa95a60a659197440d9ad8,CVE-2023-32560
956982314,arkede/cve-2023,CVE-2023-44011.yaml,5b46eac8ec713407d07743a6d28ad81322a39a67,CVE-2023-44011
956982314,arkede/cve-2023,CVE-2023-44475.yaml,5b4d5f877840c715da48f18922a217f148a0d52b,CVE-2023-44475
956982314,arkede/cve-2023,CVE-2023-0070.yaml,5b5de214ae7a298145eac82b81297e6095ed6c40,CVE-2023-0070
956982314,arkede/cve-2023,CVE-2023-2711.yaml,5b6adf726845eb56f8f34baf814133bfd3534dfb,CVE-2023-2711
956982314,arkede/cve-2023,CVE-2023-2767.yaml,5b6f60508b1d2ed413433ab429333c0f0adca7b1,CVE-2023-2767
956982314,arkede/cve-2023,CVE-2023-6805.yaml,5b7ad7ae15d7d57f2759ccecb6683e7db1bc3a18,CVE-2023-6805
956982314,arkede/cve-2023,CVE-2023-2592.yaml,5b82720641db2b607e083388bcf58de7a71289c0,CVE-2023-2592
956982314,arkede/cve-2023,CVE-2023-25782.yaml,5b8e8e399e527fe5202a4c0db69c32af0526ed4e,CVE-2023-25782
956982314,arkede/cve-2023,CVE-2023-37981.yaml,5b987d4a6b0ff6c46ab28e72f1cb2a064c79d23d,CVE-2023-37981
956982314,arkede/cve-2023,CVE-2023-23994.yaml,5bba32da8110e0ffb5c29ce2a07d9508e74f9832,CVE-2023-23994
956982314,arkede/cve-2023,CVE-2023-3129.yaml,5bbe074ecee1651a0619dbab6e8b0ab1c46e97ff,CVE-2023-3129
956982314,arkede/cve-2023,CVE-2023-7230.yaml,5bd40dd376dac40ec9ab2139e8297e87061497b5,CVE-2023-7230
956982314,arkede/cve-2023,CVE-2023-0233.yaml,5bfeedd366ce774445469583b33715af29f3b05a,CVE-2023-0233
956982314,arkede/cve-2023,CVE-2023-1874.yaml,5c0896bd099a4cb335116f23c3efb25f8ca288b2,CVE-2023-1874
956982314,arkede/cve-2023,CVE-2023-38646.yaml,5c127961071f6c76b308826582655353cf1b30e3,CVE-2023-38646
956982314,arkede/cve-2023,CVE-2023-0065.yaml,5c1651b12cc2e8263948313de76ac918c716ba77,CVE-2023-0065
956982314,arkede/cve-2023,CVE-2023-6875_2.yaml,5c19bc2790c31711d03df8e4a0aa770f203bade4,CVE-2023-6875
956982314,arkede/cve-2023,CVE-2023-49854.yaml,5c1f398d83af050bc0f60e55a724dd760fb5fc2e,CVE-2023-49854
956982314,arkede/cve-2023,CVE-2023-51524.yaml,5c29881f8d920eaa99a1975b3f493c73593d09b7,CVE-2023-51524
956982314,arkede/cve-2023,CVE-2023-3510.yaml,5c30f5031a70c6109058cd9d7148d476712ac201,CVE-2023-3510
956982314,arkede/cve-2023,CVE-2023-6934.yaml,5c34e7415f36a4d29f7d955e31de44190e21639f,CVE-2023-6934
956982314,arkede/cve-2023,CVE-2023-0684.yaml,5c4fddbf02c6c8258452e9dcde8a1f5486ae0848,CVE-2023-0684
956982314,arkede/cve-2023,CVE-2023-0146.yaml,5c5ce167c7d33f4a312b1e4e379192cd0aad827b,CVE-2023-0146
956982314,arkede/cve-2023,CVE-2023-39161.yaml,5c5f5a805f4fda926c2961b0f2006ff830853fe5,CVE-2023-39161
956982314,arkede/cve-2023,CVE-2023-46611.yaml,5c622e0d7a3cff3e96ae538299c593383e9cb503,CVE-2023-46611
956982314,arkede/cve-2023,CVE-2023-23979.yaml,5cbdd8fb84488ce45241dbda490c63ed28c16a3c,CVE-2023-23979
956982314,arkede/cve-2023,CVE-2023-1671_2.yaml,5cd17b9a51849bff7772e8791691be9008a559cc,CVE-2023-1671
956982314,arkede/cve-2023,CVE-2023-34659_3.yaml,5cd78aa16534b8ea075d869ae6a456413859eaf0,CVE-2023-34659
956982314,arkede/cve-2023,CVE-2023-51396.yaml,5cdc36e1ab2e238391f6e0e35024ba3529e4cea7,CVE-2023-51396
956982314,arkede/cve-2023,CVE-2023-35764.yaml,5d2da78cca7c9c7b92f6911ffd0603ca15f5800c,CVE-2023-35764
956982314,arkede/cve-2023,CVE-2023-0294.yaml,5d35b8a2fd114884d7668cf1c52fcda4dcf05f9f,CVE-2023-0294
956982314,arkede/cve-2023,CVE-2023-0334.yaml,5d7a09421a788db579d0da70e4b76d9c929ad80e,CVE-2023-0334
956982314,arkede/cve-2023,CVE-2023-22704.yaml,5d824c15bc903963ad75d4650f8cae448afb62c1,CVE-2023-22704
956982314,arkede/cve-2023,CVE-2023-51513.yaml,5d9b0c6363aed610ab71b310b234711f50ffc6e0,CVE-2023-51513
956982314,arkede/cve-2023,CVE-2023-24688.yaml,5d9bbe6d8dd50b00e38c7d5735f0f6ada8a8db6c,CVE-2023-24688
956982314,arkede/cve-2023,CVE-2023-27524_2.yaml,5d9d1c2f754a3827697cb0bf2ef692674d04ca12,CVE-2023-27524
956982314,arkede/cve-2023,CVE-2023-32600.yaml,5db2d6732aa20f85e12e877a0f8a07b984c358d8,CVE-2023-32600
956982314,arkede/cve-2023,CVE-2023-0374.yaml,5db66d77d5cd16d360023d6eafa1375e574483b5,CVE-2023-0374
956982314,arkede/cve-2023,CVE-2023-30876.yaml,5dba9b25406df5cbbdbd1fa55923902718510b27,CVE-2023-30876
956982314,arkede/cve-2023,CVE-2023-49816.yaml,5dc83d03756e37282701be6b711a4fde9ece9eb2,CVE-2023-49816
956982314,arkede/cve-2023,CVE-2023-21849.yaml,5dcf1e2fbdb4c3ee6d808bf8104fcc29956ebf35,CVE-2023-21849
956982314,arkede/cve-2023,CVE-2023-2648.yaml,5dd06d46971777c1bf2d8c3f303132e4a49f9924,CVE-2023-2648
956982314,arkede/cve-2023,CVE-2023-27997_1.yaml,5de2f762e5dafee19f056f2d108de9f5e4bc368a,CVE-2023-27997
956982314,arkede/cve-2023,CVE-2023-32591.yaml,5def16dd244bea0c00c740a62c121005946bab25,CVE-2023-32591
956982314,arkede/cve-2023,CVE-2023-40215.yaml,5def346a6bebb7cb1e8d03b44846cd73949a6741,CVE-2023-40215
956982314,arkede/cve-2023,CVE-2023-4111.yaml,5df23134f3a4dbf404888b437e12042b93b4b80a,CVE-2023-4111
956982314,arkede/cve-2023,CVE-2023-2188.yaml,5df4259b6622cd6f5b0627b68cf84eeb1391d27e,CVE-2023-2188
956982314,arkede/cve-2023,CVE-2023-0360.yaml,5dfa3831602e031b0be03b7230c512583a6d7bc9,CVE-2023-0360
956982314,arkede/cve-2023,CVE-2023-37387.yaml,5dfeba6ecb0e3b9c834e6fd6b00e680c330c2749,CVE-2023-37387
956982314,arkede/cve-2023,CVE-2023-30478.yaml,5e0089ec1d5978e20abbca9ef4fdace7a62d176c,CVE-2023-30478
956982314,arkede/cve-2023,CVE-2023-25027.yaml,5e2258dc07d1a0be3ef56a56148a47fb6451d375,CVE-2023-25027
956982314,arkede/cve-2023,CVE-2023-6541.yaml,5e229445da336bf89c7cecde0641f401e37552fc,CVE-2023-6541
956982314,arkede/cve-2023,CVE-2023-47644.yaml,5e2bb25d9eca75d35992be6be22ebf80261db1dc,CVE-2023-47644
956982314,arkede/cve-2023,CVE-2023-44996.yaml,5e33358c378a61ee2cfe91021f2dfb7af828221e,CVE-2023-44996
956982314,arkede/cve-2023,CVE-2023-34537.yaml,5e3910c458242bcbafb959ccdcd981f4df1978a4,CVE-2023-34537
956982314,arkede/cve-2023,CVE-2023-32101.yaml,5e3e0a820b4aafeb8c2047fcc958bbe273f88a58,CVE-2023-32101
956982314,arkede/cve-2023,CVE-2023-34018.yaml,5e418110be69e2f39a90bb326dd4fa18b5212280,CVE-2023-34018
956982314,arkede/cve-2023,CVE-2023-46154.yaml,5e5f01f2a0a3cc201bec5d94b113241b725ece4b,CVE-2023-46154
956982314,arkede/cve-2023,CVE-2023-2557.yaml,5e5ffb7b055a88b0801734adceecec7eda10ec74,CVE-2023-2557
956982314,arkede/cve-2023,CVE-2023-41594.yaml,5e654b2cb3b394cd9ae254f7c36e7ed771575a85,CVE-2023-41594
956982314,arkede/cve-2023,CVE-2023-35781.yaml,5e678c5d28aec6b1acc0fa2f4e646609ba5d586f,CVE-2023-35781
956982314,arkede/cve-2023,CVE-2023-34362_1.yaml,5e6a1ddcdf96d45153174df95d001082d9e22b1c,CVE-2023-34362
956982314,arkede/cve-2023,CVE-2023-4300.yaml,5e731f1163ad96269b5667609312853571786eef,CVE-2023-4300
956982314,arkede/cve-2023,CVE-2023-34030.yaml,5e75ddb689302584d61dbf718dde85ef3a429020,CVE-2023-34030
956982314,arkede/cve-2023,CVE-2023-48273.yaml,5e83df3d304fe455bd3daf45fc8f0303517c02ad,CVE-2023-48273
956982314,arkede/cve-2023,CVE-2023-26842.yaml,5e86500b200fb7c74ad205e5670a4e604605bd4c,CVE-2023-26842
956982314,arkede/cve-2023,CVE-2023-1089.yaml,5e895f5ae121c10dd3d9baf5aafa937a45f65ce3,CVE-2023-1089
956982314,arkede/cve-2023,CVE-2023-0968_2.yaml,5e8f6bdd83913603dfcaafd0f8f3d9268dc9523c,CVE-2023-0968
956982314,arkede/cve-2023,CVE-2023-3179.yaml,5e96c5356bf4567a3ac3b6cd09c3c50dd81bfb3d,CVE-2023-3179
956982314,arkede/cve-2023,CVE-2023-44471.yaml,5e9df93c4ed0c4b2ad2c1512d4621f805adb3be1,CVE-2023-44471
956982314,arkede/cve-2023,CVE-2023-47766.yaml,5eaf3f09a9e4beab6c773e7fa64794805a888a1c,CVE-2023-47766
956982314,arkede/cve-2023,CVE-2023-3368.yaml,5ece2a45a0b0a28ef3af6a6a7fd25b7acfdbe6c7,CVE-2023-3368
956982314,arkede/cve-2023,CVE-2023-34096.yaml,5ee4b5a51d8419b83d17842ce09cbfa2db184ab8,GHSA-VHQC-649H-994H
956982314,arkede/cve-2023,CVE-2023-34096.yaml,5ee4b5a51d8419b83d17842ce09cbfa2db184ab8,CVE-2023-34096
956982314,arkede/cve-2023,CVE-2023-26522.yaml,5ef1bd4b48a2fa95bb0387b571d359846a4c52ff,CVE-2023-26522
956982314,arkede/cve-2023,CVE-2023-27431.yaml,5ef3714ecc9281174c780990aab9d732ae79ede9,CVE-2023-27431
956982314,arkede/cve-2023,CVE-2023-0555.yaml,5ef6efce6f7345a8d733d63480d7d4c8e373c52c,CVE-2023-0555
956982314,arkede/cve-2023,CVE-2023-25989.yaml,5f045a094afb3a656fed477131724ec0af553733,CVE-2023-25989
956982314,arkede/cve-2023,CVE-2023-6977.yaml,5f16b7bdb7c8c98ab5e1c333cffaccbb4fbe51ae,CVE-2023-6977
956982314,arkede/cve-2023,CVE-2023-28174.yaml,5f24dbcb5e7f4bf007f69e9c606e9a4bf2c07cb9,CVE-2023-28174
956982314,arkede/cve-2023,CVE-2023-5645.yaml,5f2bac9d961e8e66968b4b4d716d7430d0c42f4d,CVE-2023-5645
956982314,arkede/cve-2023,CVE-2023-46604.yaml,5f4409197ba9dd7f86ae5de4beb6409ce7f1bfb8,CVE-2023-46604
956982314,arkede/cve-2023,CVE-2023-3779.yaml,5f4863d7da160160db450325a7289fb451a96ef2,CVE-2023-3779
956982314,arkede/cve-2023,CVE-2023-0398.yaml,5f4aedd37ec2dc4b205022d29b1e67db6a825cf0,CVE-2023-0398
956982314,arkede/cve-2023,CVE-2023-39617.yaml,5f5f8f089a6dee8537e230fa8af053347cc55af1,CVE-2023-39617
956982314,arkede/cve-2023,CVE-2023-40751.yaml,5f6bd559fcb420d68945893d5e087fc29b634c42,CVE-2023-40751
956982314,arkede/cve-2023,CVE-2023-40678.yaml,5f70221e348bb74387d36a0567bfee8cf121f3eb,CVE-2023-40678
956982314,arkede/cve-2023,CVE-2023-41543.yaml,5f76e0508be6c62122c096c9ec295d2c6ff03fb9,CVE-2023-41543
956982314,arkede/cve-2023,CVE-2023-7251.yaml,5f7cd628c5bec3f15d24c9642465c9f28a89e64a,CVE-2023-7251
956982314,arkede/cve-2023,CVE-2023-1362.yaml,5f8e5dbf03d2c76ff5b1d5924d29b40d0c2e4ee4,CVE-2023-1362
956982314,arkede/cve-2023,CVE-2023-22693.yaml,5f8e5ddc33080726ee3b9f0644f885511fdf52e5,CVE-2023-22693
956982314,arkede/cve-2023,CVE-2023-37865.yaml,5f8ed71e6911e52d158bd55488808e270f69a51f,CVE-2023-37865
956982314,arkede/cve-2023,CVE-2023-47488.yaml,5f8fbcf5bfe1ed83b64c095671082310bbfb6f53,CVE-2023-47488
956982314,arkede/cve-2023,CVE-2023-6050.yaml,5f9ba3001f7a5f7e6949d9fbe44400059eff60ee,CVE-2023-6050
956982314,arkede/cve-2023,CVE-2023-41599.yaml,5fa729a8f6e9c03a4ee8e4ed960d4236b8be4f71,CVE-2023-41599
956982314,arkede/cve-2023,CVE-2023-2437.yaml,5fabc477dc65c86a78fa1f35d11f4484419b0bf5,CVE-2023-2446
956982314,arkede/cve-2023,CVE-2023-2437.yaml,5fabc477dc65c86a78fa1f35d11f4484419b0bf5,CVE-2023-2448
956982314,arkede/cve-2023,CVE-2023-2437.yaml,5fabc477dc65c86a78fa1f35d11f4484419b0bf5,CVE-2023-2437
956982314,arkede/cve-2023,CVE-2023-3575.yaml,5fb432bce4d7ec2fdf2b26fb9fbb42b33c1b6b83,CVE-2023-3575
956982314,arkede/cve-2023,CVE-2023-24392.yaml,5fcc556a8bde8135ae94e858d74533643d13bc6b,CVE-2023-24392
956982314,arkede/cve-2023,CVE-2023-0157.yaml,5fdf5d3d9ed997eaaf4c5a4e6c7dbdd1f2cabc85,CVE-2023-0157
956982314,arkede/cve-2023,CVE-2023-3479.yaml,5ff93a201e9ecce4c2acccc6042309934232e6f5,CVE-2023-3479
956982314,arkede/cve-2023,CVE-2023-46071.yaml,6041978917ebb09e0015e5902f708c5a61cc0e86,CVE-2023-46071
956982314,arkede/cve-2023,CVE-2023-5865.yaml,605078c97c1cfd4193fec2fd6981f51e42b1117d,CVE-2023-5865
956982314,arkede/cve-2023,CVE-2023-34423.yaml,60524ece57e617c8114e00e70a57ce4f4f3f84ba,CVE-2023-34423
956982314,arkede/cve-2023,CVE-2023-6984.yaml,605acdfe04509896238d6ca871db7054b8d7bc9f,CVE-2023-6984
956982314,arkede/cve-2023,CVE-2023-51507.yaml,6061ff0404f23bc0dfdd5cf452c10232d15de475,CVE-2023-51507
956982314,arkede/cve-2023,CVE-2023-2278.yaml,6069a57add1961fd693b7533c99b58d1928d4ca7,CVE-2023-2278
956982314,arkede/cve-2023,CVE-2023-34537_3.yaml,606d34bd1144ac841a29e1a229cfd635b5d8b3b4,CVE-2023-34537
956982314,arkede/cve-2023,CVE-2023-3087.yaml,607e39ee687568c6b46d610dc198344bf4417862,CVE-2023-3087
956982314,arkede/cve-2023,CVE-2023-49193.yaml,6080a0a454fed88a0defed6f232d65a697d76234,CVE-2023-49193
956982314,arkede/cve-2023,CVE-2023-29097.yaml,6081dd030dbbd8c911dde511d08203c50cd5f888,CVE-2023-29097
956982314,arkede/cve-2023,CVE-2023-47809.yaml,6092f2b1aa87abeb81619083e71e9982da09838a,CVE-2023-47809
956982314,arkede/cve-2023,CVE-2023-1839.yaml,60a6f57daccc4fa1375203986ea9e43773173f7d,CVE-2023-1839
956982314,arkede/cve-2023,CVE-2023-0075.yaml,60a7c5d8e710e2f36a5b5d07265a4c4ff2f7904c,CVE-2023-0075
956982314,arkede/cve-2023,CVE-2023-3125.yaml,60b4fc76fdf72c433f7fae8fd91507e4e6645345,CVE-2023-3125
956982314,arkede/cve-2023,CVE-2023-41080.yaml,60c56b9af111676a638cca0ab197e9c41572e11c,GHSA-Q3MW-PVR8-9GGC
956982314,arkede/cve-2023,CVE-2023-41080.yaml,60c56b9af111676a638cca0ab197e9c41572e11c,CVE-2023-41080
956982314,arkede/cve-2023,CVE-2023-23793.yaml,60e1922a0919313d200ae0fc1c2660531c0e35cf,CVE-2023-23793
956982314,arkede/cve-2023,CVE-2023-28414.yaml,60ec10d12fa4c95a58f9293c804ab6ba0571c158,CVE-2023-28414
956982314,arkede/cve-2023,CVE-2023-32802.yaml,60f536c58f37f35885a5b344a5adfc3925757976,CVE-2023-32802
956982314,arkede/cve-2023,CVE-2023-2869.yaml,610dc79c95b52a7c908a3bb45e7266a491dad178,CVE-2023-2869
956982314,arkede/cve-2023,CVE-2023-46610.yaml,6136ad115131e4efcffa21283a718b80c2065cbc,CVE-2023-46610
956982314,arkede/cve-2023,CVE-2023-5821.yaml,6144c26bc2183f9a93319c6e2c026ca6777eff75,CVE-2023-5821
956982314,arkede/cve-2023,CVE-2023-3130.yaml,615eb11ed7c2e0e0f95794cf68fe64f66e89f69a,CVE-2023-3130
956982314,arkede/cve-2023,CVE-2023-23489_1.yaml,617069b29da7e0e1a1339bd8a5066d0b7aa1629a,CVE-2023-23489
956982314,arkede/cve-2023,CVE-2023-0145.yaml,617ec7b2aaaff487c1d3f22a542c1a731ac11fcf,CVE-2023-0145
956982314,arkede/cve-2023,CVE-2023-51415.yaml,619bf2b2af358c61e33134e30dcf4c996622e669,CVE-2023-51415
956982314,arkede/cve-2023,CVE-2023-29922_3.yaml,61a14ad7a7160f3cd6c97482fdb84858c3f4dc30,CVE-2023-29922
956982314,arkede/cve-2023,CVE-2023-50855.yaml,61a2d2703111794a395b3ae82e01ddc24693ffc6,CVE-2023-50855
956982314,arkede/cve-2023,CVE-2023-5690.yaml,61b4ef8e3952c30ae911adb29e75d4ba4b834d3d,CVE-2023-5690
956982314,arkede/cve-2023,CVE-2023-23998.yaml,6208161b803b84d20c55a1dace12e9bb237de14c,CVE-2023-23998
956982314,arkede/cve-2023,CVE-2023-1159.yaml,620ca8773b328b6b24d430105ba1a271879ca2f8,CVE-2023-1159
956982314,arkede/cve-2023,CVE-2023-0958.yaml,6211a13b56c0f66eb453dd6dde69435725b0a60b,CVE-2023-38514
956982314,arkede/cve-2023,CVE-2023-0958.yaml,6211a13b56c0f66eb453dd6dde69435725b0a60b,CVE-2023-0958
956982314,arkede/cve-2023,CVE-2023-1496.yaml,62138cba6b885c1891ee69b73cf9d6d3bbbd2b71,CVE-2023-1496
956982314,arkede/cve-2023,CVE-2023-22518_1.yaml,6238cdc95cb3717cfe137f219d12d6aa519a65cb,CVE-2023-22518
956982314,arkede/cve-2023,CVE-2023-0159_1.yaml,623f9ab092c9590e7d9b3e245fe2f8b090df54f5,CVE-2023-0159
956982314,arkede/cve-2023,CVE-2023-28689.yaml,623fba4a4e406f40907dfebfc72e6e301dcaa35f,CVE-2023-28689
956982314,arkede/cve-2023,CVE-2023-40328.yaml,624841a8c047488c51e0d79e066a51cf4476a009,CVE-2023-40328
956982314,arkede/cve-2023,CVE-2023-41861.yaml,624d4ac4547b46354a7c355db36ec18b68ac66ea,CVE-2023-41861
956982314,arkede/cve-2023,CVE-2023-2252.yaml,625369c6c138158a17ecd2ed31b8fc0902caf83e,CVE-2023-2252
956982314,arkede/cve-2023,CVE-2023-2843.yaml,6266495c94c708e72351c3f178ba2cec25e322ff,CVE-2023-2843
956982314,arkede/cve-2023,CVE-2023-7068.yaml,62699bff6622a569f9e9d162502bb0db244e7184,CVE-2023-7068
956982314,arkede/cve-2023,CVE-2023-6000.yaml,6272f9a36e8caf973f63b94dd1ed617ea08c6c9d,CVE-2023-6000
956982314,arkede/cve-2023,CVE-2023-51424.yaml,62a5c39a0ce4cd0f574b75acc4a83f238ff7af36,CVE-2023-51424
956982314,arkede/cve-2023,CVE-2023-49764.yaml,62c794244a3f06984bc6bbca416dabef9e37d8de,CVE-2023-49764
956982314,arkede/cve-2023,CVE-2023-47683.yaml,62c81e0259ed48a5810babab05a789562327cf22,CVE-2023-47683
956982314,arkede/cve-2023,CVE-2023-34187.yaml,62d7993f4015823456de90839782ddfb0560dc63,CVE-2023-34187
956982314,arkede/cve-2023,CVE-2023-24003.yaml,62db1e07b7efce96aeabc1ddf41450600de854d3,CVE-2023-24003
956982314,arkede/cve-2023,CVE-2023-28750.yaml,62e7ea88a53ef297bfbb85227b5f1ed4ab50f8dc,CVE-2023-28750
956982314,arkede/cve-2023,CVE-2023-49751.yaml,62f1abbd7cbcbee4f3a3fb6aed5c5b333800d0ac,CVE-2023-49751
956982314,arkede/cve-2023,CVE-2023-22700.yaml,6310f8da3028fc0089dc7fe9826866fa89cac3e3,CVE-2023-22700
956982314,arkede/cve-2023,CVE-2023-47791.yaml,63156111d5d372c8fc0b9378ae9695fc0584dc49,CVE-2023-47791
956982314,arkede/cve-2023,CVE-2023-4388.yaml,631b021f7d75aa7182f90902f4943ad10dfc76ef,CVE-2023-4388
956982314,arkede/cve-2023,CVE-2023-29238.yaml,632c79294e4da3fdc5358bcfea9f6ff57ba55aeb,CVE-2023-29238
956982314,arkede/cve-2023,CVE-2023-41580.yaml,632dfeeb599c7cc051447cdb12fbb07c6671e404,CVE-2023-41580
956982314,arkede/cve-2023,CVE-2023-27627.yaml,63310479c1eab424ed219039b982352b3c2aef13,CVE-2023-27627
956982314,arkede/cve-2023,CVE-2023-2987.yaml,6340ba8001ad6b8bf62f27ffe7e0e2a2340db27b,CVE-2023-2987
956982314,arkede/cve-2023,CVE-2023-47511.yaml,6346df2f922c31b06b9941bfbad18aec55c54f3b,CVE-2023-47511
956982314,arkede/cve-2023,CVE-2023-27633.yaml,634a8f240abec1bc17c5d62d874194ff42c1a8b8,CVE-2023-27633
956982314,arkede/cve-2023,CVE-2023-1334.yaml,63541fbeaab8ad863c7aab982af40ff11baab2ed,CVE-2023-1334
956982314,arkede/cve-2023,CVE-2023-31708.yaml,635fe8de61abb8b957d501bf9ce0efdcd7da5e21,CVE-2023-31708
956982314,arkede/cve-2023,CVE-2023-49177.yaml,638a71c8cdff2d923d98172f316e91e8f0bef767,CVE-2023-49177
956982314,arkede/cve-2023,CVE-2023-48788.yaml,63a55b957c2638d3118e7cc1f06d7f34e16e9544,VU#09
956982314,arkede/cve-2023,CVE-2023-48788.yaml,63a55b957c2638d3118e7cc1f06d7f34e16e9544,CVE-2023-48788
956982314,arkede/cve-2023,CVE-2023-4783.yaml,63a84c2faf7b3460f01971877f49e1b9173f0f2a,CVE-2023-4783
956982314,arkede/cve-2023,CVE-2023-47788.yaml,63b8da94aef0b6eda8f9cf4343173b30c193aa27,CVE-2023-47788
956982314,arkede/cve-2023,CVE-2023-6585.yaml,63c9e6b7211911e524d7eea51e2a676eed5413ad,CVE-2023-6585
956982314,arkede/cve-2023,CVE-2023-47527.yaml,63d9bcf6642c4871d43e7bbbd26e49ed8afbc102,CVE-2023-47527
956982314,arkede/cve-2023,CVE-2023-47874.yaml,63de0986d7701612fa533a6dfb3f9411c683ce2e,CVE-2023-47874
956982314,arkede/cve-2023,CVE-2023-23490.yaml,63df8434554e3597092bd23762c6f87b0f5287b2,CVE-2023-23490
956982314,arkede/cve-2023,CVE-2023-32120.yaml,63e345261f732f668328f82cc7d7cd9fb49bba7a,CVE-2023-32120
956982314,arkede/cve-2023,CVE-2023-51473.yaml,63f59c3f0b8d6da15bdf87af9121ad026dd7e98b,CVE-2023-51473
956982314,arkede/cve-2023,CVE-2023-23663.yaml,63fe23562f3651627030a8d477a61b09f55981c3,CVE-2023-23663
956982314,arkede/cve-2023,CVE-2023-3519.yaml,63ffd6a89f0556f46729059d21748f2d4afc6b4c,CVE-2023-3519
956982314,arkede/cve-2023,CVE-2023-51546.yaml,6400fba85e4befc2e7c0bac8b4c3a3c9dc31d89c,CVE-2023-51546
956982314,arkede/cve-2023,CVE-2023-1964.yaml,640e5381bfebe2fc74e723e48f05f7cc6e0374d8,CVE-2023-1964
956982314,arkede/cve-2023,CVE-2023-25455.yaml,641c7a7901de31f91ddc38dbe992626c08f3a6fa,CVE-2023-25455
956982314,arkede/cve-2023,CVE-2023-7151.yaml,641f5ec2e21df58142fcf21ba8f4575ddedd69ca,CVE-2023-7151
956982314,arkede/cve-2023,CVE-2023-38646_4.yaml,64213f51ae213555592207527e163a41e82c66ab,CVE-2023-38646
956982314,arkede/cve-2023,CVE-2023-30494.yaml,643502fb78610469664ac7e16b0351a31b6c2c88,CVE-2023-30494
956982314,arkede/cve-2023,CVE-2023-36514.yaml,6437b1b17e0392ac126776a2ccdd75ca33715e2f,CVE-2023-36514
956982314,arkede/cve-2023,CVE-2023-6505.yaml,643fd51eb241a338bec409c3e0eeadfe6376b4d6,CVE-2023-6505
956982314,arkede/cve-2023,CVE-2023-6160.yaml,6451fbae034dfce2aa976f58997cafdea93588a0,CVE-2023-6160
956982314,arkede/cve-2023,CVE-2023-49834.yaml,6454e3a76ffb47fcf55c97a787215cb3ae5100d9,CVE-2023-49834
956982314,arkede/cve-2023,CVE-2023-33338_2.yaml,64557689950914621e4b59c37bab423ac5ad636a,CVE-2023-33338
956982314,arkede/cve-2023,CVE-2023-32558.yaml,6460769b888bd461967a985f63dfcf26179bc8ba,CVE-2023-32558
956982314,arkede/cve-2023,CVE-2023-46820.yaml,646b51393e363f24c48ec4bd1a07161dee7b903a,CVE-2023-46820
956982314,arkede/cve-2023,CVE-2023-21931.yaml,646c727a9f556b5d4d70f7ed4d3e93ffc8fe02b6,CVE-2023-21931
956982314,arkede/cve-2023,CVE-2023-52198.yaml,646f64b7d6d1f20de975ca19382e083a4f5c325d,CVE-2023-52198
956982314,arkede/cve-2023,CVE-2023-6016.yaml,647b496fcc0b6a6a3a1c9c2a69441e08de5875f6,CVE-2023-6018
956982314,arkede/cve-2023,CVE-2023-6016.yaml,647b496fcc0b6a6a3a1c9c2a69441e08de5875f6,CVE-2023-6016
956982314,arkede/cve-2023,CVE-2023-39926.yaml,647fa436ff1fcd16eb50d6b9c366696947856114,CVE-2023-39926
956982314,arkede/cve-2023,CVE-2023-6854.yaml,648fd5907dea2c8cdd98b09a9b4170f63fd2251a,CVE-2023-6854
956982314,arkede/cve-2023,CVE-2023-51539.yaml,6492a02a332e8dec4311637a839f10e09be2a884,CVE-2023-51539
956982314,arkede/cve-2023,CVE-2023-26517.yaml,649302d6f11eec1625f7dfb78c48076630eb0679,CVE-2023-26517
956982314,arkede/cve-2023,CVE-2023-1835_2.yaml,64b76e60b301f3f861b5f29f2b1b62153807e471,CVE-2023-1835
956982314,arkede/cve-2023,CVE-2023-4150.yaml,64bc8528a2eddd0548331f33189dce3420d8d0eb,CVE-2023-4150
956982314,arkede/cve-2023,CVE-2023-29197.yaml,64c202cfa8de74d4e2307cd9dbb23752dfe5028f,CVE-2023-29197
956982314,arkede/cve-2023,CVE-2023-29197.yaml,64c202cfa8de74d4e2307cd9dbb23752dfe5028f,CVE-2022-24775
956982314,arkede/cve-2023,CVE-2023-26013.yaml,64d2aa955519765557fbb8d827a3a3a1c801b867,CVE-2023-26013
956982314,arkede/cve-2023,CVE-2023-45647.yaml,64d370e020cc74b0d27d33cfac2c54a57a0f6f84,CVE-2023-45647
956982314,arkede/cve-2023,CVE-2023-0541.yaml,64e5936f1791ab4eb6fc459d41f60e9e1d109181,CVE-2023-0541
956982314,arkede/cve-2023,CVE-2023-5458.yaml,64fcdd4cae26ac767c8749d6dee1b83f0a10553a,CVE-2023-5458
956982314,arkede/cve-2023,CVE-2023-26360.yaml,650fb8e5ed8184f2a261effa3c7d72a9382977ba,CVE-2023-26360
956982314,arkede/cve-2023,CVE-2023-51535.yaml,6528a688fc77b104332768cede8caf2cb52ee005,CVE-2023-51535
956982314,arkede/cve-2023,CVE-2023-28692.yaml,653cc75033d17bd958c8f0a3a11d6a4a409c6de6,CVE-2023-28692
956982314,arkede/cve-2023,CVE-2023-34025.yaml,65586bd8788b6ad54202fcc15738c28fe88a6fef,CVE-2023-34025
956982314,arkede/cve-2023,CVE-2023-20888_3.yaml,6578364828af002e3416426bca7388f584a284c2,CVE-2023-20888
956982314,arkede/cve-2023,CVE-2023-0099.yaml,65905ccba56c80c1a7f85a1e15729c6a297440e3,CVE-2023-0099
956982314,arkede/cve-2023,CVE-2023-6731.yaml,659ee6931d81ee3b3d9a0a06431e2e4804a4e3bc,CVE-2023-6731
956982314,arkede/cve-2023,CVE-2023-4402.yaml,65a040f2326ec823e577f7d93c4e00ced747480f,CVE-2023-4402
956982314,arkede/cve-2023,CVE-2023-25789.yaml,65a2aa2613ddcf018e3513310b06d014120006a7,CVE-2023-25789
956982314,arkede/cve-2023,CVE-2023-28536.yaml,65d0e34a9d1ef5afd818ab14503f69585312302d,CVE-2023-28536
956982314,arkede/cve-2023,CVE-2023-51399.yaml,65dcf23d284cd4bbfc1c36e8e44cf1053f0bcb83,CVE-2023-51399
956982314,arkede/cve-2023,CVE-2023-45608.yaml,65e52562f11a9a17424071938b3cd43fbf543a7b,CVE-2023-45608
956982314,arkede/cve-2023,CVE-2023-33311.yaml,65eb4eff86a8198af1f1dbb01b640bbe0330f59e,CVE-2023-33311
956982314,arkede/cve-2023,CVE-2023-0069.yaml,65f39bc63bb60e0ed7b5f40dff32fef7fce41802,CVE-2023-0069
956982314,arkede/cve-2023,CVE-2023-39158.yaml,66166ed1b0834d5a5a59c3a15444206ceca45720,CVE-2023-39158
956982314,arkede/cve-2023,CVE-2023-23936.yaml,6617d49ef494074de3465f6fdb40860d698c1887,CVE-2023-23936
956982314,arkede/cve-2023,CVE-2023-29386.yaml,663dd9564b45a9a557d8d1fef9a8991be139018e,CVE-2023-29386
956982314,arkede/cve-2023,CVE-2023-6316.yaml,66438f121d8763ab1f8582c23af51899bf6ebae3,CVE-2023-6316
956982314,arkede/cve-2023,CVE-2023-5674.yaml,66588626e6a21aa44c6e300c08b5ad03d02353ef,CVE-2023-5674
956982314,arkede/cve-2023,CVE-2023-22703.yaml,665b370345e51fdf540b4d67dba01d09a5454060,CVE-2023-22703
956982314,arkede/cve-2023,CVE-2023-38516.yaml,66622b8313c55d5c7374bad71973b6fd225ab9bc,CVE-2023-38516
956982314,arkede/cve-2023,CVE-2023-40327.yaml,666520e0573597acd1b6f2a9e283b2221650dc01,CVE-2023-40327
956982314,arkede/cve-2023,CVE-2023-30150_2.yaml,66829edcfb662a8c014d6d114af6c6efa3195958,CVE-2023-30150
956982314,arkede/cve-2023,CVE-2023-35038.yaml,6699d24d760fc1ae3a48ab0fbcb986d70db1a02e,CVE-2023-35038
956982314,arkede/cve-2023,CVE-2023-49814.yaml,669d9a5f41012fe3c0a6dd888a96bb60b429fd13,CVE-2023-49814
956982314,arkede/cve-2023,CVE-2023-47224.yaml,66a0969198a60b8d1f639c4609ffeafae81e5f28,CVE-2023-47224
956982314,arkede/cve-2023,CVE-2023-4278.yaml,66c9482997283e4efbe29cb4c83030d374ae8e27,CVE-2023-4278
956982314,arkede/cve-2023,CVE-2023-22518.yaml,66ceb533f63afd361783d0c083432264ae79c069,CVE-2023-22518
956982314,arkede/cve-2023,CVE-2023-1866.yaml,66e595747c97f8a00b9439a3601cd11aaf73065e,CVE-2023-1866
956982314,arkede/cve-2023,CVE-2023-30943.yaml,66f2e42c0f43e4d3b6a34a70db2c97b5500a8ed7,CVE-2023-30943
956982314,arkede/cve-2023,CVE-2023-32103.yaml,67019c5cef70c4731507e96fae4388d8ad0ef15e,CVE-2023-32103
956982314,arkede/cve-2023,CVE-2023-41636.yaml,6709222fdb50536e2669cf603941a6741ad19772,CVE-2023-41636
956982314,arkede/cve-2023,CVE-2023-2401.yaml,67111751d07d5eeb02503f8e9927fe30d4278e3f,CVE-2023-2401
956982314,arkede/cve-2023,CVE-2023-48084_1.yaml,6714252dc89c27ea7cda0484f6e45f5c21849ca8,CVE-2023-48084
956982314,arkede/cve-2023,CVE-2023-41653.yaml,671f2ed31517d109bb2f80fa8d445f326c40c855,CVE-2023-41653
956982314,arkede/cve-2023,CVE-2023-6090.yaml,6720aad46d4a892bd3190b88cae02ba4666441b5,CVE-2023-6090
956982314,arkede/cve-2023,CVE-2023-5874.yaml,6720e9fc1990b16ab390a19b22c6e1d3629a48e7,CVE-2023-5874
956982314,arkede/cve-2023,CVE-2023-2439.yaml,672fc57b1a55e68ad100c468eed605090601aaa2,CVE-2023-2439
956982314,arkede/cve-2023,CVE-2023-0018.yaml,6747b6aecd2fb6aef7617d06547cad2067f9d845,CVE-2023-0018
956982314,arkede/cve-2023,CVE-2023-0968_1.yaml,6770ff803dc2e2b5b8f1b4e236f4275f606a5fb2,CVE-2023-0968
956982314,arkede/cve-2023,CVE-2023-23683.yaml,67789b789a970906ff9906064f2eec1b01daeddd,CVE-2023-23683
956982314,arkede/cve-2023,CVE-2023-31086.yaml,677c49fd4de936f0ba4783de3807fcc8c65d3061,CVE-2023-31086
956982314,arkede/cve-2023,CVE-2023-0371.yaml,679bd859c8916096f637d5fdf2d25c04b814af3e,CVE-2023-0371
956982314,arkede/cve-2023,CVE-2023-6444.yaml,67aff04759e60814a057f58f35b7fe63fa3b72ab,CVE-2023-6444
956982314,arkede/cve-2023,CVE-2023-34992.yaml,67b7ff8a6d0e3af7b8b5894710403d75491479cb,CVE-2023-34992
956982314,arkede/cve-2023,CVE-2023-28621.yaml,67e16f5832f630d48951944bca27a7057a29ac26,CVE-2023-28621
956982314,arkede/cve-2023,CVE-2023-29094.yaml,67eec08ae738651c896af3ba56760b7dd5569ee4,CVE-2023-29094
956982314,arkede/cve-2023,CVE-2023-39002.yaml,67f8422370b1006e4809c5ef2a04d971367cc5aa,CVE-2023-39002
956982314,arkede/cve-2023,CVE-2023-51679.yaml,680d22fe5cb6fad81287d457400f5371121fcc55,CVE-2023-51679
956982314,arkede/cve-2023,CVE-2023-31072.yaml,6819f2f0bcd2bc3ea29ec1b305f56f39ef1bd8b5,CVE-2023-31072
956982314,arkede/cve-2023,CVE-2023-25482.yaml,682f68bdf9037924be138ca73f7e81343d6efcad,CVE-2023-25482
956982314,arkede/cve-2023,CVE-2023-47870.yaml,683284a5bd7f07146769eea7de7db1445e6ff921,CVE-2023-47870
956982314,arkede/cve-2023,CVE-2023-4282.yaml,683e5591455ed088510b20b2a213c89c8a3f0da4,CVE-2023-4282
956982314,arkede/cve-2023,CVE-2023-35772.yaml,6846d6b8f52110f9eb311a2d9602336f2bb1a240,CVE-2023-35772
956982314,arkede/cve-2023,CVE-2023-3847.yaml,684977a5852b373cc2c8dcff5bcd0d51c88a6095,CVE-2023-3847
956982314,arkede/cve-2023,CVE-2023-23980.yaml,6849fb1d899d92cd4e75a302c6e1c948f0301a56,CVE-2023-23980
956982314,arkede/cve-2023,CVE-2023-30589.yaml,685901b45136fb07ec1b113f7fc23195942932fb,CVE-2023-30589
956982314,arkede/cve-2023,CVE-2023-5126.yaml,685b7361ab495297783492b178e52dd4e7929829,CVE-2023-5126
956982314,arkede/cve-2023,CVE-2023-0764.yaml,685f96af1009cbea28a04aadddb4087a600a3433,CVE-2023-0764
956982314,arkede/cve-2023,CVE-2023-5334.yaml,68623ac6c4d72c4c0ed6682b13425c2aa6865e35,CVE-2023-5334
956982314,arkede/cve-2023,CVE-2023-23983.yaml,686f9b732a4f3356ba84fd0f1c1b62cc9ad9e722,CVE-2023-23983
956982314,arkede/cve-2023,CVE-2023-33309.yaml,687720d5c1a693044d5b2cda1eed1c980601cee9,CVE-2023-33309
956982314,arkede/cve-2023,CVE-2023-0711.yaml,6881094fd7663a126fad882d6086c7a9d7818b08,CVE-2023-0711
956982314,arkede/cve-2023,CVE-2023-33439.yaml,68a440869c15845b79dde1438792b108bcce6b10,CVE-2023-33439
956982314,arkede/cve-2023,CVE-2023-45064.yaml,68a5c1139f9413808219007a1c5be424d48227a3,CVE-2023-45064
956982314,arkede/cve-2023,CVE-2023-4247.yaml,68ac2815d5fac75e14775c22ccdae1d8d4cd6356,CVE-2023-4247
956982314,arkede/cve-2023,CVE-2023-32801.yaml,68b4898b642f9602e797f8c179f6507deece2e5f,CVE-2023-32801
956982314,arkede/cve-2023,CVE-2023-49162.yaml,68bd829783840ad0c9abaf2d5bae48b5baa46a11,CVE-2023-49162
956982314,arkede/cve-2023,CVE-2023-6020.yaml,68c05fb386a060d81834e2ddbaefb5779ae81b51,CVE-2023-6020
956982314,arkede/cve-2023,CVE-2023-3279.yaml,68c7f44737f373fc7991ee699ce373757d468756,CVE-2023-3279
956982314,arkede/cve-2023,CVE-2023-0792.yaml,68c921808b06f3ce0a83f6b552bf9faa4e4ebc4a,CVE-2023-0792
956982314,arkede/cve-2023,CVE-2023-2599.yaml,68d90c53492197705d05efd45b77cd714fe63fd3,CVE-2023-2599
956982314,arkede/cve-2023,CVE-2023-32575.yaml,68f1c5bdffaf2b99b7c0523d770c700b475bfb65,CVE-2023-32575
956982314,arkede/cve-2023,CVE-2023-4277.yaml,691d2fd2f585c112cbd70976bc0e76c7703727b4,CVE-2023-4277
956982314,arkede/cve-2023,CVE-2023-39108_1.yaml,692192b618ece9c517379af9e65f86f9b29bf882,CVE-2023-39108
956982314,arkede/cve-2023,CVE-2023-44808.yaml,693828c1a420a57c313def3781f7a9e2e8b95577,CVE-2023-44808
956982314,arkede/cve-2023,CVE-2023-6532.yaml,693b378355b9c9fd19debb7abf40c038032d1085,CVE-2023-6532
956982314,arkede/cve-2023,CVE-2023-23727.yaml,695577fa7ffda2112d8fff7b36f7e601e145f027,CVE-2023-23727
956982314,arkede/cve-2023,CVE-2023-24380.yaml,695947436e337938cb290cbe3a151c9b58ac765f,CVE-2023-24380
956982314,arkede/cve-2023,CVE-2023-0777_1.yaml,695dc3b34a41b2d46cabcb2c40a57b3fe284f036,CVE-2023-0777
956982314,arkede/cve-2023,CVE-2023-45045.yaml,695f2dc464de1c93d1d34b67fbae3baef3ecbe31,CVE-2023-45045
956982314,arkede/cve-2023,CVE-2023-23664.yaml,696312b1513c0329a3bb1118f1a70e39895cfa29,CVE-2023-23664
956982314,arkede/cve-2023,CVE-2023-23681.yaml,696bbd5b68348c9fa557d22e7001d9f9e2a4fe38,CVE-2023-23681
956982314,arkede/cve-2023,CVE-2023-40206.yaml,697c5d908b9aca1b664bd2530521cde2707d9432,CVE-2023-40206
956982314,arkede/cve-2023,CVE-2023-37474.yaml,69a96b8ba49c407e9ac4aad99e6f1646dbf9747c,CVE-2023-37474
956982314,arkede/cve-2023,CVE-2023-48762.yaml,69bbe21dcc861932fc89e4df4be22565ff95f3ff,CVE-2023-48762
956982314,arkede/cve-2023,CVE-2023-26525.yaml,69dda9238ad7bfb4796bffd27100830e2e81d054,CVE-2023-26525
956982314,arkede/cve-2023,CVE-2023-33995.yaml,69ee0580d8acfddb3133571dd09293fc9746e490,CVE-2023-33995
956982314,arkede/cve-2023,CVE-2023-23984.yaml,6a010c6fbe0dfa6dddc70899d6b3dc2513bc3d13,CVE-2023-23984
956982314,arkede/cve-2023,CVE-2023-4716.yaml,6a0f54e9d6a9bb282eaacbce2357cb5d906c047d,CVE-2023-4716
956982314,arkede/cve-2023,CVE-2023-1341.yaml,6a2dd3e1f33e633851e632c35844d81656e3b19f,CVE-2023-1341
956982314,arkede/cve-2023,CVE-2023-1871.yaml,6a50bb943d600d70ec325ccfdb5cfcd047ca0c49,CVE-2023-1871
956982314,arkede/cve-2023,CVE-2023-36506.yaml,6a54f2a85bb6c96af482e92a7aa7e015c9433b7b,CVE-2023-36506
956982314,arkede/cve-2023,CVE-2023-50852.yaml,6a705fa4cf5eecad63318e900adcdaf81523ab3b,CVE-2023-50852
956982314,arkede/cve-2023,CVE-2023-5946.yaml,6a7bda8ce9277fe92b3e94c44ed2482671770aec,CVE-2023-5946
956982314,arkede/cve-2023,CVE-2023-43275.yaml,6a85ed3791bafaf632a844436e20d660522758b1,CVE-2023-43275
956982314,arkede/cve-2023,CVE-2023-22432.yaml,6a9700be27bc4f5fad505dac3b61eef0a55ef224,CVE-2023-22432
956982314,arkede/cve-2023,CVE-2023-47651.yaml,6aafc47979e2c976e74349869e6dae8aa6dfe783,CVE-2023-47651
956982314,arkede/cve-2023,CVE-2023-45644.yaml,6ac30450a56e37700907f0817adfd4d7679e7150,CVE-2023-45644
956982314,arkede/cve-2023,CVE-2023-51469.yaml,6aca23218a35ace48854e180dcfb3f52ce3ae182,CVE-2023-51469
956982314,arkede/cve-2023,CVE-2023-28423.yaml,6acd659840f028cae0118311b5364c795b331a32,CVE-2023-28423
956982314,arkede/cve-2023,CVE-2023-27926.yaml,6ad676cf181e8749179a8dcf98b4840fd470e3a3,CVE-2023-27926
956982314,arkede/cve-2023,CVE-2023-23879.yaml,6af020b0c2e4260da0857dd316efae4b92f9ae54,CVE-2023-23879
956982314,arkede/cve-2023,CVE-2023-35044.yaml,6afb3b8a837912d2deb8cc4acc132d9bd7b7ece5,CVE-2023-35044
956982314,arkede/cve-2023,CVE-2023-45837.yaml,6afb73a8f96a0521ce03250b4e05e1eb1a0855c0,CVE-2023-45837
956982314,arkede/cve-2023,CVE-2023-22974.yaml,6afbdab05b78edd96ffa54e941bc4000b39cf956,CVE-2023-22974
956982314,arkede/cve-2023,CVE-2023-34026.yaml,6b0d2fac912de2a7c9b791b46f78605a7585a2ca,CVE-2023-34026
956982314,arkede/cve-2023,CVE-2023-47380.yaml,6b1f084bbfa0ffce860c134bd03d69a91403093b,CVE-2023-47380
956982314,arkede/cve-2023,CVE-2023-3708.yaml,6b232271377966b28abe4947fb88d8229afff483,CVE-2023-3708
956982314,arkede/cve-2023,CVE-2023-39002_1.yaml,6b28884d827963d2b420ca0054935711ae4e7ac7,CVE-2023-39002
956982314,arkede/cve-2023,CVE-2023-2010.yaml,6b352cfba8078c1ab5f7816ccb865487261fbca9,CVE-2023-2010
956982314,arkede/cve-2023,CVE-2023-4597.yaml,6b37b5709d60dce775b273df22ea22bb16e594a5,CVE-2023-4597
956982314,arkede/cve-2023,CVE-2023-3407.yaml,6b415a334a52522419b83e68676ab44d15cdffac,CVE-2023-3407
956982314,arkede/cve-2023,CVE-2023-45750.yaml,6b51a8fdb9e005d9d302000d71bb050dc6dbdb5b,CVE-2023-45750
956982314,arkede/cve-2023,CVE-2023-38192.yaml,6b634c6929fc33526bd41293e9b9531c1b0d62e3,CVE-2023-38192
956982314,arkede/cve-2023,CVE-2023-41597.yaml,6b66aa354775fe493450b6cd343407d23c8e9e0d,CVE-2023-41597
956982314,arkede/cve-2023,CVE-2023-32601.yaml,6bbdf28fc23981f2878e923ff777811e3196c1dd,CVE-2023-32601
956982314,arkede/cve-2023,CVE-2023-37994.yaml,6bc7b870c75d9e769e456373388cf5ec43fbec7b,CVE-2023-37994
956982314,arkede/cve-2023,CVE-2023-28779.yaml,6bc9f3ae88587bff249e0307b170dd8bb0725567,CVE-2023-28779
956982314,arkede/cve-2023,CVE-2023-31465_1.yaml,6bd33dcdf6008201a427dc26394290cd8a743bee,CVE-2023-31465
956982314,arkede/cve-2023,CVE-2023-4838.yaml,6bd941b83e206ae72d53c77c6b6ce27971f7a643,CVE-2023-4838
956982314,arkede/cve-2023,CVE-2023-32590.yaml,6be5a1541ab875ee64703f3fb32a7a4d379a0f6c,CVE-2023-32590
956982314,arkede/cve-2023,CVE-2023-2130.yaml,6bec660844b96020882739cabfa613c333e60073,CVE-2023-2130
956982314,arkede/cve-2023,CVE-2023-50854.yaml,6bf2426ad7b1209fbd7a9136ef58eca61d9fd2eb,CVE-2023-50854
956982314,arkede/cve-2023,CVE-2023-52227.yaml,6bfb241a0d9fa365c2eca7c066bf2a3b3e3b026a,CVE-2023-52227
956982314,arkede/cve-2023,CVE-2023-50838.yaml,6c03877d63da70884d08869d49463794a76b2b1c,CVE-2023-50838
956982314,arkede/cve-2023,CVE-2023-0261_1_1.yaml,6c17d82c95c5a12dd3b076059e6d90f248e2c970,CVE-2023-0261
956982314,arkede/cve-2023,CVE-2023-25477.yaml,6c421e40397d95100d9610af080c56bd7bc43b83,CVE-2023-25477
956982314,arkede/cve-2023,CVE-2023-0261.yaml,6c4723e1d142be9e8dda17f8d9fed807a68bab84,CVE-2023-0261
956982314,arkede/cve-2023,CVE-2023-6747.yaml,6c57aad74b249cf936d70220f52c2cc79fdb6556,CVE-2023-6747
956982314,arkede/cve-2023,CVE-2023-51490.yaml,6c58b78803cc23ddcd16f546b4fe31f74e60517f,CVE-2023-51490
956982314,arkede/cve-2023,CVE-2023-4374.yaml,6c5e02e357282490b27543423e4652e68f4e3da3,CVE-2023-4374
956982314,arkede/cve-2023,CVE-2023-45766.yaml,6c61243680cd4170a0636c33bfdabfbe88d73324,CVE-2023-45766
956982314,arkede/cve-2023,CVE-2023-0280.yaml,6c64a4c79b491e5213746920daa396be1e8948df,CVE-2023-0280
956982314,arkede/cve-2023,CVE-2023-2548.yaml,6c66beca2be35d631c8ac4f5965c5cf6dc51d9a1,CVE-2023-2548
956982314,arkede/cve-2023,CVE-2023-38632.yaml,6c71962fdc789e43c7a643f7c666f5a8e321c536,CVE-2023-38632
956982314,arkede/cve-2023,CVE-2023-40558.yaml,6c7353d5e12919300c56e051d0911d1d6b18262b,CVE-2023-40558
956982314,arkede/cve-2023,CVE-2023-29426.yaml,6c8326af66a0927911d222d700ff188ea77d399e,CVE-2023-29426
956982314,arkede/cve-2023,CVE-2023-4520.yaml,6c8e19a8a4efd02967999ac0d0c02a8099359ca5,CVE-2023-4520
956982314,arkede/cve-2023,CVE-2023-52203.yaml,6c93962b9918b8d4db065c9ef9f8cfcbcd6a0416,CVE-2023-52203
956982314,arkede/cve-2023,CVE-2023-48742.yaml,6c9791856aee8eeed5d42e1da9567ec6989ff861,CVE-2023-48742
956982314,arkede/cve-2023,CVE-2023-51398.yaml,6ca5c97c050433ced874e52e00a2b52619f870fb,CVE-2023-51398
956982314,arkede/cve-2023,CVE-2023-2529.yaml,6ca6585e7ccb3051542c1c0554d829162b8f5125,CVE-2023-2529
956982314,arkede/cve-2023,CVE-2023-25794.yaml,6ca7e8ba4eae7f5c3cbb658837b93c8a58971a67,CVE-2023-25794
956982314,arkede/cve-2023,CVE-2023-2320.yaml,6cac72281e13e15cf5fd956907dac580c140f0fb,CVE-2023-2320
956982314,arkede/cve-2023,CVE-2023-6786.yaml,6cb37423babfd031e76f3b1d59b8f231c968f2af,CVE-2023-6786
956982314,arkede/cve-2023,CVE-2023-37679.yaml,6cc1b933cdaddccb12f6356fb0490a2fd6cf9408,CVE-2023-37679
956982314,arkede/cve-2023,CVE-2023-37679.yaml,6cc1b933cdaddccb12f6356fb0490a2fd6cf9408,CVE-2023-43208
956982314,arkede/cve-2023,CVE-2023-4190.yaml,6cc5114671c2bf8ee1c29101bb7a7ade06b75741,CVE-2023-4190
956982314,arkede/cve-2023,CVE-2023-2354.yaml,6cc6b988af8d6f91b7774e43729dc93504fd2634,CVE-2023-2354
956982314,arkede/cve-2023,CVE-2023-3398.yaml,6ccdffad9ce9e42bbf89393acd51708e5883819a,CVE-2023-3398
956982314,arkede/cve-2023,CVE-2023-2171.yaml,6cd73ed23e887df63372fe90baa5ed1d51424472,CVE-2023-2171
956982314,arkede/cve-2023,CVE-2023-47669.yaml,6cffd9c083d71dae171c5cd60784e813cf28052d,CVE-2023-47669
956982314,arkede/cve-2023,CVE-2023-4547.yaml,6d0f3075b4a9c258700baae2e1153c19de662b3e,CVE-2023-4547
956982314,arkede/cve-2023,CVE-2023-4547.yaml,6d0f3075b4a9c258700baae2e1153c19de662b3e,VU#51
956982314,arkede/cve-2023,CVE-2023-27889.yaml,6d1895bcc783291f38ec47e89482221b081ee021,CVE-2023-27889
956982314,arkede/cve-2023,CVE-2023-2120.yaml,6d20630759fa6c8d5002aa2dd18d93fc5d17305d,CVE-2023-2120
956982314,arkede/cve-2023,CVE-2023-7064.yaml,6d3faa5f26194848aef1681d372da8883936ee37,CVE-2023-7064
956982314,arkede/cve-2023,CVE-2023-25795.yaml,6d467231a64796fa6070cc02f45efba7b075d870,CVE-2023-25795
956982314,arkede/cve-2023,CVE-2023-23078.yaml,6d4c4dfe4a0d3d25e96acc3c99066a53f45e8308,CVE-2023-23078
956982314,arkede/cve-2023,CVE-2023-45067.yaml,6d5391d8444a3deb1e261d285d979021493428ea,CVE-2023-45067
956982314,arkede/cve-2023,CVE-2023-41133.yaml,6d58203374944762f5c75d2d76328ff6665ac0e6,CVE-2023-41133
956982314,arkede/cve-2023,CVE-2023-51355.yaml,6d60e36c769786106442e7d88aef5d3063a7c7f8,CVE-2023-51355
956982314,arkede/cve-2023,CVE-2023-49774.yaml,6d6dd6cde0dd9f70087e59fe249a9425e5161820,CVE-2023-49774
956982314,arkede/cve-2023,CVE-2023-41665.yaml,6d70dd164ce63b4aa3c1dbf1ab625257167f7978,CVE-2023-41665
956982314,arkede/cve-2023,CVE-2023-2498.yaml,6d77fee6a4901b28db3e714f3e9aca2bb2b015de,CVE-2023-2498
956982314,arkede/cve-2023,CVE-2023-22463_1.yaml,6d7a79815f79f0485d3a0a2927b458e0c69d1237,CVE-2023-22463
956982314,arkede/cve-2023,CVE-2023-23982.yaml,6d827c4ca99f01e86fb56616dbcda1ed5d8dd6e1,CVE-2023-23982
956982314,arkede/cve-2023,CVE-2023-33329.yaml,6d8d71ee4f81895e6a54cfd2c1d4d06d7ee15f45,CVE-2023-33329
956982314,arkede/cve-2023,CVE-2023-23869.yaml,6d932c57bf127a759d6ce2efe40ddc5393c1afe6,CVE-2023-23869
956982314,arkede/cve-2023,CVE-2023-0156.yaml,6da673dec559d1cbf31f1695bd7468e88f34e03d,CVE-2023-0156
956982314,arkede/cve-2023,CVE-2023-6530.yaml,6db5156113287026827fda6b82fb684a3a127b8c,CVE-2023-6530
956982314,arkede/cve-2023,CVE-2023-2734.yaml,6dbded531f7361f39e404498266a5ca67e24ce59,CVE-2023-2734
956982314,arkede/cve-2023,CVE-2023-52147.yaml,6dc8262444491644a17a6abdfb0d156997e1a783,CVE-2023-52147
956982314,arkede/cve-2023,CVE-2023-26535.yaml,6dde841dc889391478c2c189e34d264da5892c5a,CVE-2023-26535
956982314,arkede/cve-2023,CVE-2023-28169.yaml,6de7ca8f5e2a7e42bff9ffc9c5af526a2a04688e,CVE-2023-28169
956982314,arkede/cve-2023,CVE-2023-40989.yaml,6de84a2b2750cbea78ef66db782d075fd1abaa18,CVE-2023-40989
956982314,arkede/cve-2023,CVE-2023-41235.yaml,6df052a95a17f08341fde598cd45d26fb9e4b8a1,CVE-2023-41235
956982314,arkede/cve-2023,CVE-2023-1868.yaml,6df25d17bf52203218bd36901ccc96fb7869cbe6,CVE-2023-1868
956982314,arkede/cve-2023,CVE-2023-41686.yaml,6df324f00f044349a8bf93127ab08cf0d22a3aa0,CVE-2023-41686
956982314,arkede/cve-2023,CVE-2023-5620.yaml,6e0479e10f613767755453702a54585666f32d06,CVE-2023-5620
956982314,arkede/cve-2023,CVE-2023-35915.yaml,6e1232aaa5ab99ed46af03d750c07dc25bdd76b4,CVE-2023-35915
956982314,arkede/cve-2023,CVE-2023-4628.yaml,6e250a7aa8e2a366f44c84c610f1b228921e5524,CVE-2023-4628
956982314,arkede/cve-2023,CVE-2023-32602.yaml,6e2bdac622fcbcd00826bf09f52adcc74477a9e6,CVE-2023-32602
956982314,arkede/cve-2023,CVE-2023-0539.yaml,6e2e774ea75209f0af50775e36000139062cd1e9,CVE-2023-0539
956982314,arkede/cve-2023,CVE-2023-23976.yaml,6e37250cfe874983f483ad6fd30c51a4a54ebfe2,CVE-2023-23976
956982314,arkede/cve-2023,CVE-2023-46153.yaml,6e601c496c6ee6fd504fe267b80884778515e68d,CVE-2023-46153
956982314,arkede/cve-2023,CVE-2023-2119.yaml,6e72fd9088399f5149692f22b953b13a7e212fb7,CVE-2023-2119
956982314,arkede/cve-2023,CVE-2023-1086.yaml,6e96677dd472e817dad0240a7df30a1716baa74a,CVE-2023-1086
956982314,arkede/cve-2023,CVE-2023-49828.yaml,6e9da5f2ea6af1d74a06004962545acbd2dc7983,CVE-2023-49828
956982314,arkede/cve-2023,CVE-2023-0765.yaml,6eaa88e611f34639c54ff98ae58685845147c45c,CVE-2023-0765
956982314,arkede/cve-2023,CVE-2023-51470.yaml,6eadf0178e6ffbec3f65df8b458b2a21d8c14f0b,CVE-2023-51470
956982314,arkede/cve-2023,CVE-2023-48772.yaml,6eb1801f437839e09177f05b2f12c05eb3ade9a1,CVE-2023-48772
956982314,arkede/cve-2023,CVE-2023-6750.yaml,6ebdbba70c98921d5e1ab9e5c385bd40dd00aa27,CVE-2023-6750
956982314,arkede/cve-2023,CVE-2023-37839.yaml,6ef124d84834a8a4423bd829aa904c60db73a9cd,CVE-2023-37839
956982314,arkede/cve-2023,CVE-2023-49746.yaml,6ef5417fd01544be51408bdf79a096fa9488d8c8,CVE-2023-49746
956982314,arkede/cve-2023,CVE-2023-0151.yaml,6effd81d27ef73e9a57b4f2a35b036f5718a578e,CVE-2023-0151
956982314,arkede/cve-2023,CVE-2023-2556.yaml,6f119faab828ff40fd9cd1be7e3eac8c78376454,CVE-2023-2556
956982314,arkede/cve-2023,CVE-2023-2714.yaml,6f2193f61427187723fe22df3be18eb3d0639f6a,CVE-2023-2714
956982314,arkede/cve-2023,CVE-2023-4718.yaml,6f570879154b5c6a7e3bd54efbd97a0354ab9583,CVE-2023-4718
956982314,arkede/cve-2023,CVE-2023-41663.yaml,6f62d7f49bbfde77b02f60ae50dcad47b1ccac11,CVE-2023-41663
956982314,arkede/cve-2023,CVE-2023-41618.yaml,6f78333911ecdcc71f93213aa8de01c0f96c4499,CVE-2023-41618
956982314,arkede/cve-2023,CVE-2023-34993.yaml,6f7c7fa7cff8cd4cd2edc84b56e54e93f4d55e22,CVE-2023-34993
956982314,arkede/cve-2023,CVE-2023-4797.yaml,6f8d6ffff52177bdbdaa6bc8b71f7b43954b8821,CVE-2023-4797
956982314,arkede/cve-2023,CVE-2023-46642.yaml,6f9c5ee11ff89e3a055d6e8e5219bae877cd5247,CVE-2023-46642
956982314,arkede/cve-2023,CVE-2023-49148.yaml,6faa343093e3ac352dee14c1166315663d32b0a2,CVE-2023-49148
956982314,arkede/cve-2023,CVE-2023-1431.yaml,6fb796be9dc0c01927cb5f46cbe0d2e9a645a654,CVE-2023-1431
956982314,arkede/cve-2023,CVE-2023-47688.yaml,6fb9d5d5b63d53c2fc9a965e4d83bf3a534ab9e8,CVE-2023-47688
956982314,arkede/cve-2023,CVE-2023-24407.yaml,6fc0def6466b68b2e46f8d4429dbf1efd8feb323,CVE-2023-24407
956982314,arkede/cve-2023,CVE-2023-30477.yaml,6fca60b6a3be395d1c1c02e91bfccad76b4e089e,CVE-2023-30477
956982314,arkede/cve-2023,CVE-2023-40680.yaml,6fcc592f74155d1771aae25edbaea92f8540f546,CVE-2023-40680
956982314,arkede/cve-2023,CVE-2023-2414.yaml,6fd597066651f7a7f2e98beb2ba3f0b045059045,CVE-2023-2414
956982314,arkede/cve-2023,CVE-2023-45752.yaml,6fda3d7958da902686a89f435e5eaef45c6c8e35,CVE-2023-45752
956982314,arkede/cve-2023,CVE-2023-50373.yaml,6fe2b9bf5631205c25e7500b826962c482966c1c,CVE-2023-50373
956982314,arkede/cve-2023,CVE-2023-45606.yaml,6ffae964261d71608f0beaa81eee157333021a35,CVE-2023-45606
956982314,arkede/cve-2023,CVE-2023-23686.yaml,6ffe72194bc55cbb641b0551e7cdd9d3dff29926,CVE-2023-23686
956982314,arkede/cve-2023,CVE-2023-28490.yaml,70083503ea07149e7f38466aaa839357dae1c4aa,CVE-2023-28490
956982314,arkede/cve-2023,CVE-2023-37270_1.yaml,7021ddf67a9a7d0e223fd0058f39f9d9d93ee50d,CVE-2023-27524
956982314,arkede/cve-2023,CVE-2023-37270_1.yaml,7021ddf67a9a7d0e223fd0058f39f9d9d93ee50d,GHSA-934W-QJ9P-3QCX
956982314,arkede/cve-2023,CVE-2023-37270_1.yaml,7021ddf67a9a7d0e223fd0058f39f9d9d93ee50d,CVE-2023-37270
956982314,arkede/cve-2023,CVE-2023-4862.yaml,70242ecdac4248d3834c97dc276fc6995a162c71,CVE-2023-4862
956982314,arkede/cve-2023,CVE-2023-41950.yaml,70421a20465783a5430f6ad5fbbff4925787f9bc,CVE-2023-41950
956982314,arkede/cve-2023,CVE-2023-20888.yaml,7045830e907a3e4fb26059c046279c801015f4f9,CVE-2023-20888
956982314,arkede/cve-2023,CVE-2023-25346_3.yaml,7052541f041db11a17e6f0209812cb5e8e7d9c58,CVE-2023-25346
956982314,arkede/cve-2023,CVE-2023-33404.yaml,708183ffccf0ccbb2d1351cad63183556b2eafe7,CVE-2023-33404
956982314,arkede/cve-2023,CVE-2023-5708.yaml,708717ef656e24992f25a1b44002c1705c6b2b05,CVE-2023-5708
956982314,arkede/cve-2023,CVE-2023-3093.yaml,7087c0e1b134e72f3e32dd018b7499d064aecc19,CVE-2023-3093
956982314,arkede/cve-2023,CVE-2023-6692.yaml,708ae3c4b5154fc5023ffeafee13ef743ffbfb68,CVE-2023-6692
956982314,arkede/cve-2023,CVE-2023-34006.yaml,70a3914eded926de33d218efc5f3a695cdffcada,CVE-2023-34006
956982314,arkede/cve-2023,CVE-2023-22705.yaml,70ab3f61e710fe1835ad5db3bf9fdd06f0c6f4e7,CVE-2023-22705
956982314,arkede/cve-2023,CVE-2023-2893.yaml,70b06ee0f91bfeaf4f7efcdefdf42bdfb4054e77,CVE-2023-2893
956982314,arkede/cve-2023,CVE-2023-1069.yaml,70b2fbed84c2a576403698d9779c2e50c3f00b6f,CVE-2023-1069
956982314,arkede/cve-2023,CVE-2023-5430.yaml,70dce48b149c01072628af4ac17ab628d8d15e0d,CVE-2023-5430
956982314,arkede/cve-2023,CVE-2023-51692.yaml,70ff02e6539f250206da1790e8fdf2c217c756ab,CVE-2023-51692
956982314,arkede/cve-2023,CVE-2023-32793.yaml,710e775dd62fc5e5b2a410713e73129e37c8f06b,CVE-2023-32793
956982314,arkede/cve-2023,CVE-2023-30490.yaml,7118d3653acf9ae8cbcfcc82d803d9ca92eed18b,CVE-2023-30490
956982314,arkede/cve-2023,CVE-2023-39992.yaml,7121b3744a0d762956233eac22e7d5b3cc2fa8b4,CVE-2023-39992
956982314,arkede/cve-2023,CVE-2023-25046.yaml,71754383cad6f0014721afb5b2345cba86f142bc,CVE-2023-25046
956982314,arkede/cve-2023,CVE-2023-2178_2.yaml,717bb7afe35f5e7540da591bb7de72c45d4bcd23,CVE-2023-2178
956982314,arkede/cve-2023,CVE-2023-47679.yaml,717c77b9524332deb906b95eb1d8eacd3c6a2e3c,CVE-2023-47679
956982314,arkede/cve-2023,CVE-2023-1125.yaml,7188b858496a22ed99c95fe7d873768ac6c5f88b,CVE-2023-1125
956982314,arkede/cve-2023,CVE-2023-6007.yaml,71ad4a69ce6b92ff2b780ff3b9fded83b50f190a,CVE-2023-6007
956982314,arkede/cve-2023,CVE-2023-41127.yaml,71d29069625c5a030a52fcc176058a47d68096f7,CVE-2023-41127
956982314,arkede/cve-2023,CVE-2023-25473.yaml,71d5d9e9a29d2a3c807ae6a32a50040e2568a1b8,CVE-2023-25473
956982314,arkede/cve-2023,CVE-2023-2825_2.yaml,71dcd086a266e962a2dd48ff0f1698d57a029ce7,CVE-2023-2825
956982314,arkede/cve-2023,CVE-2023-28696.yaml,71e13053955152819a4b02f445834e7995993700,CVE-2023-28696
956982314,arkede/cve-2023,CVE-2023-5212.yaml,71f78e9aa2660da129ab3356dc0095354b0b9087,CVE-2023-5212
956982314,arkede/cve-2023,CVE-2023-2029.yaml,71fbe83cf36bf76019bf3b7eb81fa237d24cf996,CVE-2023-2029
956982314,arkede/cve-2023,CVE-2023-3188_1.yaml,72029f14fc0aefea28fb367875b57e077da91191,CVE-2023-3188
956982314,arkede/cve-2023,CVE-2023-47245.yaml,720c95a77ba7793b20dbeb105905e11e13734592,CVE-2023-47245
956982314,arkede/cve-2023,CVE-2023-4600.yaml,7217c56c4260d94f99944b993a1222e532cf8d98,CVE-2023-4600
956982314,arkede/cve-2023,CVE-2023-33210.yaml,722b486aeb73b887d633929072f30bbe3641870c,CVE-2023-33210
956982314,arkede/cve-2023,CVE-2023-34755_1.yaml,722ed8e491656a0e3658aa09b661840b2d0976be,CVE-2023-34755
956982314,arkede/cve-2023,CVE-2023-28165.yaml,724ba265376542f8dbaccfdf979424e44fea520f,CVE-2023-28165
956982314,arkede/cve-2023,CVE-2023-34751_1.yaml,725022730026691d6d788f2e23664b9068db36a6,CVE-2023-34751
956982314,arkede/cve-2023,CVE-2023-2256.yaml,72551ede8f4c4e712b7ebf4999cffb8328bdace4,CVE-2023-2256
956982314,arkede/cve-2023,CVE-2023-5237.yaml,72610eceec054b4e7478c20de267604328940c85,CVE-2023-5237
956982314,arkede/cve-2023,CVE-2023-3306.yaml,72689a8821239999d5ca54b8bd4f0dc9f6d43ea4,CVE-2023-3306
956982314,arkede/cve-2023,CVE-2023-3306.yaml,72689a8821239999d5ca54b8bd4f0dc9f6d43ea4,CVE-2023-4169
956982314,arkede/cve-2023,CVE-2023-3306.yaml,72689a8821239999d5ca54b8bd4f0dc9f6d43ea4,CVE-2023-4415
956982314,arkede/cve-2023,CVE-2023-45375.yaml,7279d79b85a43bff82cd0fdb9796ce516167493b,CVE-2023-45375
956982314,arkede/cve-2023,CVE-2023-2305.yaml,727d730d0a56852e3c3bf6ad2606b6c5480e38db,CVE-2023-2305
956982314,arkede/cve-2023,CVE-2023-50891.yaml,728063a78c032b63d4302e49a4c75cb436750241,CVE-2023-50891
956982314,arkede/cve-2023,CVE-2023-33338.yaml,728481e1229d8655661a8c0e2002a2527337df6b,CVE-2023-33338
956982314,arkede/cve-2023,CVE-2023-2757.yaml,729848eb785a801f7fb665d201e5c0ea2b05a529,CVE-2023-2757
956982314,arkede/cve-2023,CVE-2023-6938.yaml,72a02e619b7367b19cfdbac7f0e22a79427bd54e,CVE-2023-6938
956982314,arkede/cve-2023,CVE-2023-39700.yaml,72a8c6c159a4de95b4590281ade8cbef997a27e6,CVE-2023-39700
956982314,arkede/cve-2023,CVE-2023-27444.yaml,72bc2203c9c21298e3c099d67101114b1a868005,CVE-2023-27444
956982314,arkede/cve-2023,CVE-2023-2488.yaml,72c0d987cc6fbb9e8c0fd87263ffd0cb86f328de,CVE-2023-2488
956982314,arkede/cve-2023,CVE-2023-32580.yaml,72c1c4424d62d2861169b40acbc04033f8affc7e,CVE-2023-32580
956982314,arkede/cve-2023,CVE-2023-5234.yaml,72d4a2ebe2c826e2553a6da6e314abea9a2c5f8b,CVE-2023-5234
956982314,arkede/cve-2023,CVE-2023-50832.yaml,72d7d6772e70c93f73cddaa4de7c964a4cda3971,CVE-2023-50832
956982314,arkede/cve-2023,CVE-2023-6077.yaml,72dffae96aaee3db5bd9086d513bc349a30eff39,CVE-2023-6077
956982314,arkede/cve-2023,CVE-2023-50899.yaml,72e8934138235866295cb1a4d989881f0b838573,CVE-2023-50899
956982314,arkede/cve-2023,CVE-2023-44240.yaml,72ea49d28a9c7b30e956869bcef54be4094431ce,CVE-2023-44240
956982314,arkede/cve-2023,CVE-2023-44242.yaml,72f41a7cff5bb3245b0ab8d873070fc2afd6bae2,CVE-2023-44242
956982314,arkede/cve-2023,CVE-2023-49741.yaml,72f8995b9b2e62c8fcbd1e9178d26e12df4e79dd,CVE-2023-49741
956982314,arkede/cve-2023,CVE-2023-47523.yaml,7300a896d61113fa2519718a5e398d43560955c7,CVE-2023-47523
956982314,arkede/cve-2023,CVE-2023-24002.yaml,7302ddc2d257835fea5d9a6927602f44b6a65283,CVE-2023-24002
956982314,arkede/cve-2023,CVE-2023-3411.yaml,73071e14c0be7608765ecdd89b407eb97aa9e2a7,CVE-2023-3411
956982314,arkede/cve-2023,CVE-2023-35779.yaml,731c6d43b1a8b4fdb6b9d70f2461850caee25d2b,CVE-2023-35779
956982314,arkede/cve-2023,CVE-2023-6745.yaml,7324563964e951fa39722a70ad157ca6d96d78a4,CVE-2023-6745
956982314,arkede/cve-2023,CVE-2023-29357.yaml,7361064328a92692119f47093ddb3def70ff0d1d,CVE-2023-29357
956982314,arkede/cve-2023,CVE-2023-47246.yaml,736de923e7a6ac3681da8de0e93ffd071affee26,CVE-2023-47246
956982314,arkede/cve-2023,CVE-2023-23659.yaml,7373f067cca67b1d22eb05a6e6988a06efe21852,CVE-2023-23659
956982314,arkede/cve-2023,CVE-2023-5711.yaml,7380f53367b25204b62b804884fca0d84dc243c7,CVE-2023-5711
956982314,arkede/cve-2023,CVE-2023-0489.yaml,7381387ea82824960b4b3dfe8f059c8eceaf3907,CVE-2023-0489
956982314,arkede/cve-2023,CVE-2023-50824.yaml,7387c3ed3cba00f1a138ad5309acba1908bb0108,CVE-2023-50824
956982314,arkede/cve-2023,CVE-2023-6941.yaml,738a99faf883342f6a815b5bf5fb68ab46cb2e09,CVE-2023-6941
956982314,arkede/cve-2023,CVE-2023-3182.yaml,73956b7dbd6e7658090618bc80a4a0c508be57b0,CVE-2023-3182
956982314,arkede/cve-2023,CVE-2023-30380.yaml,73a4c71f569012e140637efb1a3da184b87572b1,CVE-2023-30380
956982314,arkede/cve-2023,CVE-2023-46074.yaml,73b3c25907769acbed5fccbcc4d790b8414722c2,CVE-2023-46074
956982314,arkede/cve-2023,CVE-2023-40208_1.yaml,73b42fa69d5f3c9c5688aa848bcf111714dd1c88,CVE-2023-40208
956982314,arkede/cve-2023,CVE-2023-36284_1.yaml,73b7811f12b0141d7c70db5af7cdb072b4e6c514,CVE-2023-36284
956982314,arkede/cve-2023,CVE-2023-41796.yaml,73d24224e47f45d66745c37228c1a7f8b2d54b42,CVE-2023-41796
956982314,arkede/cve-2023,CVE-2023-46151.yaml,73d9929b4639174e5797d85e7d7aa291c3f19339,CVE-2023-46151
956982314,arkede/cve-2023,CVE-2023-1671_1.yaml,73fd6161f1fcfe63a9a11493372a8ccef8c1d8cd,CVE-2023-1671
956982314,arkede/cve-2023,CVE-2023-34960_3.yaml,740079f6e88a572386f6636e397483df94b4c605,CVE-2023-34960
956982314,arkede/cve-2023,CVE-2023-38646_3.yaml,740b18e460de0654a6712e2dfa8a80d77008f4cd,CVE-2022-1388
956982314,arkede/cve-2023,CVE-2023-38646_3.yaml,740b18e460de0654a6712e2dfa8a80d77008f4cd,CVE-2023-38646
956982314,arkede/cve-2023,CVE-2023-2302.yaml,740f175e038458fcdf9c3245dd6f64d06c1031a0,CVE-2023-2302
956982314,arkede/cve-2023,CVE-2023-52189.yaml,74139acd9fa306a7a065e33d444f169e4911bcd1,CVE-2023-52189
956982314,arkede/cve-2023,CVE-2023-23974.yaml,74150daa33b5042761bc416e04813c50d994198f,CVE-2023-23974
956982314,arkede/cve-2023,CVE-2023-2298.yaml,74379f03e9db6a4a54ccc0c04a6c378a3f818649,CVE-2023-2298
956982314,arkede/cve-2023,CVE-2023-30782.yaml,7441f35976eb0b8fa48b8aefa6913b183d2063c4,CVE-2023-30782
956982314,arkede/cve-2023,CVE-2023-28620.yaml,746a39297c376884973bb15460765027ecec3574,CVE-2023-28620
956982314,arkede/cve-2023,CVE-2023-50857.yaml,747b5ccaab649a7cdd36cd7dee93bd3d00e72e60,CVE-2023-50857
956982314,arkede/cve-2023,CVE-2023-32966.yaml,74882c96b81aeab54abeff557ca6deb46016f2ef,CVE-2023-32966
956982314,arkede/cve-2023,CVE-2023-28780.yaml,74970740169ae74412c613c7d8fd26250716e540,CVE-2023-28780
956982314,arkede/cve-2023,CVE-2023-29622_2.yaml,749c4f0cf235fe13a8fa9ed93c48344f8c7f965c,CVE-2023-29622
956982314,arkede/cve-2023,CVE-2023-22673.yaml,74a79f0397d1106a55c505c6c2b3a256f82057f9,CVE-2023-22673
956982314,arkede/cve-2023,CVE-2023-50841.yaml,74a84bb060a0f4cd792a65ae5cc9ea6491f2041d,CVE-2023-50841
956982314,arkede/cve-2023,CVE-2023-49825.yaml,74ab794710886c79e4da5353660bbbefbd01ec9d,CVE-2023-49825
956982314,arkede/cve-2023,CVE-2023-0447.yaml,74bf7f59ad6321ce7c07464b7d4bcedef381bee4,CVE-2023-0447
956982314,arkede/cve-2023,CVE-2023-27922_2.yaml,74c0f2f6ca8330a92078b0d50f45f3fb949b7d1b,CVE-2023-27922
956982314,arkede/cve-2023,CVE-2023-26360_3.yaml,74cf5dd06c8d03d0ddb9b1819b03c085229ec9ab,CVE-2023-26360
956982314,arkede/cve-2023,CVE-2023-3508.yaml,74d756131b95d1f16be146959db5c1c8cb923181,CVE-2023-3508
956982314,arkede/cve-2023,CVE-2023-24376.yaml,74dfc5e60a122c192c17e0556f494318386477d1,CVE-2023-24376
956982314,arkede/cve-2023,CVE-2023-50827.yaml,74e400998d35d7bfc8876ee6a5cf4d312b3dcdf6,CVE-2023-50827
956982314,arkede/cve-2023,CVE-2023-47696.yaml,74f172f9e69d96c06c1774aff175a14221fbf612,CVE-2023-47696
956982314,arkede/cve-2023,CVE-2023-34659_2.yaml,752f2d986befb41386fb76463ee258482a720d80,CVE-2023-34659
956982314,arkede/cve-2023,CVE-2023-0724.yaml,7535f267fa7e8d6e9b3cc38a28c8326a003149cd,CVE-2023-0724
956982314,arkede/cve-2023,CVE-2023-47784.yaml,7536b5a1f4abbc1286594c01ccab6af19ea17c50,CVE-2023-47784
956982314,arkede/cve-2023,CVE-2023-29919.yaml,7546bae62d49b206fc2240853d50381ee459ae8c,CVE-2023-29919
956982314,arkede/cve-2023,CVE-2023-25194.yaml,754c9c257413b4590237bd3a90e17393dace3436,CVE-2023-25194
956982314,arkede/cve-2023,CVE-2023-32005.yaml,754d1ec79edbcb3a5678b0a0a702b175ec65924d,CVE-2023-32005
956982314,arkede/cve-2023,CVE-2023-5062.yaml,755785b88f0bb894c6eaab4ebbbfb09a8f25ba45,CVE-2023-5062
956982314,arkede/cve-2023,CVE-2023-33361.yaml,756200a09a719ef542d2dfaa6af90960202f3ae5,CVE-2023-33361
956982314,arkede/cve-2023,CVE-2023-34171.yaml,75650fb778177344146c854ca7be31dfba90735d,CVE-2023-34171
956982314,arkede/cve-2023,CVE-2023-25057.yaml,756ef0b2f1638aba188031e621e82aa822dba2c2,CVE-2023-25057
956982314,arkede/cve-2023,CVE-2023-25690.yaml,75714aa76e9da3a5d2e33a4d89d68275e514e561,CVE-2023-25690
956982314,arkede/cve-2023,CVE-2023-3328.yaml,7572429200f476590da70b6868d18acabd4363f3,CVE-2023-3328
956982314,arkede/cve-2023,CVE-2023-52145.yaml,75762490b3af91d029ca99fcd0b074438c2c7337,CVE-2023-52145
956982314,arkede/cve-2023,CVE-2023-25157_3.yaml,7581acca538017b83c11ca99d12b78faa7b621f4,GHSA-7G5F-WRX8-5CCF
956982314,arkede/cve-2023,CVE-2023-25157_3.yaml,7581acca538017b83c11ca99d12b78faa7b621f4,CVE-2023-25157
956982314,arkede/cve-2023,CVE-2023-6826.yaml,7597c4d2cb4affd9bc18f9855c20eb1cb2d17750,CVE-2023-6826
956982314,arkede/cve-2023,CVE-2023-41860.yaml,75a061f218081386949d9b6a3f4c616d0a7dc258,CVE-2023-41860
956982314,arkede/cve-2023,CVE-2023-52209.yaml,75a2fa3008c1fcb474939ad914ec5c1e013986c6,CVE-2023-52209
956982314,arkede/cve-2023,CVE-2023-34028.yaml,75b9f9c4382500f07b354599da3a80fc984be9a2,CVE-2023-34028
956982314,arkede/cve-2023,CVE-2023-1029.yaml,75c39fe7b34eef80043cbe8a03fabdabdca8061a,CVE-2023-1029
956982314,arkede/cve-2023,CVE-2023-4773.yaml,75d1821980a1d4326ecda6a80730359f6d701ba5,CVE-2023-4773
956982314,arkede/cve-2023,CVE-2023-48774.yaml,75f0a713bf6c23f2ee54cdde7dfede3d3ffe4098,CVE-2023-48774
956982314,arkede/cve-2023,CVE-2023-4250.yaml,75f9d5d258424b06ccaf33fac38de41fe7a5ca83,CVE-2023-4250
956982314,arkede/cve-2023,CVE-2023-25062.yaml,75fda77a264a81fa0ba13e1e490056d1a1a23e7a,CVE-2023-25062
956982314,arkede/cve-2023,CVE-2023-37972.yaml,76113084c306265e2a4bfd5d01c2eedceb54b422,CVE-2023-37972
956982314,arkede/cve-2023,CVE-2023-50886.yaml,761652805173ca9d6523fe73a4185eae719fe38a,CVE-2023-50886
956982314,arkede/cve-2023,CVE-2023-28987.yaml,762d9cd12e9608320048753e69a8afd9519d0a46,CVE-2023-28987
956982314,arkede/cve-2023,CVE-2023-50369.yaml,7631b506c10b8da55774dc432c8c46acace3a502,CVE-2023-50369
956982314,arkede/cve-2023,CVE-2023-39008.yaml,76451f6ddd63f30b529b4f9fff519566561e74b5,CVE-2023-39008
956982314,arkede/cve-2023,CVE-2023-52134.yaml,7645441bd7e243109782e53eb3affd9cc5e48fb7,CVE-2023-52134
956982314,arkede/cve-2023,CVE-2023-38399.yaml,767536cddb7ab1c324b7e74a42a005e03f124f97,CVE-2023-38399
956982314,arkede/cve-2023,CVE-2023-47843.yaml,7682728bf9d0c4ce469d72b43c57a54b63f30e9a,CVE-2023-47843
956982314,arkede/cve-2023,CVE-2023-5687.yaml,76a34aa5837be9570d2d3ca7925c409e328948f4,CVE-2023-5687
956982314,arkede/cve-2023,CVE-2023-47186.yaml,76a7963432237fa24bf5cc7e9db402e3d4663d1f,CVE-2023-47186
956982314,arkede/cve-2023,CVE-2023-50902.yaml,76b0d8a5619b38e27b192808685e991539854fe0,CVE-2023-50902
956982314,arkede/cve-2023,CVE-2023-35090.yaml,76b18a18d6832444d27042914b49dc5c2ae2e438,CVE-2023-35090
956982314,arkede/cve-2023,CVE-2023-3082.yaml,76ba388d630f65168c4e5c479c179f23ea86a200,CVE-2023-3082
956982314,arkede/cve-2023,CVE-2023-47684.yaml,76bab18c00eb7adbfc3d5b6c3b0c48503d23fb72,CVE-2023-47684
956982314,arkede/cve-2023,CVE-2023-5830.yaml,76c2cd53d3eb9187c00e98e057fa4cdd29412e6a,GHSA-J89V-WM7X-4434
956982314,arkede/cve-2023,CVE-2023-5830.yaml,76c2cd53d3eb9187c00e98e057fa4cdd29412e6a,CVE-2023-5830
956982314,arkede/cve-2023,CVE-2023-0630_1.yaml,76c40dee85cef62fea4bdbd5aac6615d56560379,CVE-2023-0630
956982314,arkede/cve-2023,CVE-2023-35051.yaml,76cb60bbdcbe4e02607a64e10295c9aab1eeb671,CVE-2023-35051
956982314,arkede/cve-2023,CVE-2023-0095.yaml,76cca1af172014904b8f74df1950a410ab29da5e,CVE-2023-0095
956982314,arkede/cve-2023,CVE-2023-2189.yaml,76ce1b861c48e8c3b23a2a393e3fbd956b94952e,CVE-2023-2189
956982314,arkede/cve-2023,CVE-2023-1549.yaml,76d949af21fc3b29ce2cbcec5525c3e7b370f8c7,CVE-2023-1549
956982314,arkede/cve-2023,CVE-2023-48285.yaml,76dcef14e608c476590a31dad85478a03caf835f,CVE-2023-48285
956982314,arkede/cve-2023,CVE-2023-29173.yaml,76e49cd1f277023e59f2e0172af9fe2a7972c7db,CVE-2023-29173
956982314,arkede/cve-2023,CVE-2023-2404.yaml,76e716cabf0337a45a8610cb93fa882912a07013,CVE-2023-2404
956982314,arkede/cve-2023,CVE-2023-24737.yaml,76f0f721e98645bd714939f5c3dd4cfa997b324d,CVE-2023-24737
956982314,arkede/cve-2023,CVE-2023-0277.yaml,76f0fb616c85bdc92bab6bd6c174f3db119b03e6,CVE-2023-0277
956982314,arkede/cve-2023,CVE-2023-0278.yaml,76f8139df88e25bd58bfdb14553aa534781f8316,CVE-2023-0278
956982314,arkede/cve-2023,CVE-2023-47681.yaml,7700fe33a3bf313bbcd4fb32bff403df687ac59a,CVE-2023-47681
956982314,arkede/cve-2023,CVE-2023-1877.yaml,7708e5f747e3779819f782da8a53ee2db5ab4e59,CVE-2023-1877
956982314,arkede/cve-2023,CVE-2023-45274.yaml,770a6d61a96da3dcc94149fe2e123ce0b62f0dcf,CVE-2023-45274
956982314,arkede/cve-2023,CVE-2023-47643_1.yaml,77261db868e2b2788787eb158eb22f6238707b3c,GHSA-FXWW-JQFV-9RRR
956982314,arkede/cve-2023,CVE-2023-47643_1.yaml,77261db868e2b2788787eb158eb22f6238707b3c,CVE-2023-47643
956982314,arkede/cve-2023,CVE-2023-48321.yaml,772896c31e466ffb092992525a4040628f19f758,CVE-2023-48321
956982314,arkede/cve-2023,CVE-2023-38205.yaml,772d3dc6109d46726d0bb85dd4d60500acb0078f,CVE-2023-38205
956982314,arkede/cve-2023,CVE-2023-37985.yaml,7730ac9c26624926175c013b9faba1f65f61243a,CVE-2023-37985
956982314,arkede/cve-2023,CVE-2023-22683.yaml,774e2f46fd88a1dd73f5d75288c6eeefe6660699,CVE-2023-22683
956982314,arkede/cve-2023,CVE-2023-6846.yaml,77756daf69a28abb56ff68d339d88ed171817502,CVE-2023-6846
956982314,arkede/cve-2023,CVE-2023-5772.yaml,7777aa3105ae13bd19d9b88ee125af008941fb5f,CVE-2023-5772
956982314,arkede/cve-2023,CVE-2023-20864_3.yaml,77854027589adfd0a834bf4edb5750df2c14d05c,CVE-2023-20864
956982314,arkede/cve-2023,CVE-2023-30258.yaml,778e4e61140adf7c5254116c77fc8a4ae90c59db,CVE-2023-30258
956982314,arkede/cve-2023,CVE-2023-24734.yaml,779ede88bd7c48d8f0146b5f8e4d5d0487d12880,CVE-2023-24734
956982314,arkede/cve-2023,CVE-2023-47768.yaml,77ab2a51270ca1e0036b35b27550a278ce73301d,CVE-2023-47768
956982314,arkede/cve-2023,CVE-2023-4962.yaml,77b6dfd256400b7a7bd6cadf9162d67a151529cf,CVE-2023-4962
956982314,arkede/cve-2023,CVE-2023-27605.yaml,77ca31b96ec6deb909e26af6b0e9113df425f48b,CVE-2023-27605
956982314,arkede/cve-2023,CVE-2023-33310.yaml,77d36cfffd8b80a343b759db5366fe42e8464384,CVE-2023-33310
956982314,arkede/cve-2023,CVE-2023-0729.yaml,77db6c27c45e5b62ddad577b7d077eb652f9c7bb,CVE-2023-0729
956982314,arkede/cve-2023,CVE-2023-6120.yaml,77e4de310f217041c84730bf681f90431d29919f,CVE-2023-6120
956982314,arkede/cve-2023,CVE-2023-6504.yaml,77f792de9d04f71b38ea03df26c3f1dc87815e03,CVE-2023-6504
956982314,arkede/cve-2023,CVE-2023-0497.yaml,78056ddbc75ef63222820ea80c688a310d9332c4,CVE-2023-0497
956982314,arkede/cve-2023,CVE-2023-23889.yaml,782c6a159f0497ebad57d8336cde410230860334,CVE-2023-23889
956982314,arkede/cve-2023,CVE-2023-49742.yaml,786833d766bbc68e92122f885309770421b052ac,CVE-2023-49742
956982314,arkede/cve-2023,CVE-2023-40504.yaml,786ccb92d83ff6d919fa12f2b629f5c19560f611,ZDI-23-1208
956982314,arkede/cve-2023,CVE-2023-40504.yaml,786ccb92d83ff6d919fa12f2b629f5c19560f611,CVE-2023-40504
956982314,arkede/cve-2023,CVE-2023-30869.yaml,786e4243b710702d7652a27daa6fb92e10318214,CVE-2023-30869
956982314,arkede/cve-2023,CVE-2023-5250.yaml,78a26d724daa68e2449d3637625cedc8b1414bfb,CVE-2023-5250
956982314,arkede/cve-2023,CVE-2023-51547.yaml,78a96873fdfe53bbfd440d8b76c0acecdfa2a679,CVE-2023-51547
956982314,arkede/cve-2023,CVE-2023-5641.yaml,78cb3ae0861f3f0251fc8015473f0bdd8a6bac77,CVE-2023-5641
956982314,arkede/cve-2023,CVE-2023-2159.yaml,78cb6835cfb65c580488c8a6d32a163a4f387cc0,CVE-2023-2159
956982314,arkede/cve-2023,CVE-2023-25959.yaml,78cbdccb9f910f3c425a5659dccaa93b3eb9fd3d,CVE-2023-25959
956982314,arkede/cve-2023,CVE-2023-45001.yaml,78dadef08014ae53bc03f17d0a40a88ea8226ef4,CVE-2023-45001
956982314,arkede/cve-2023,CVE-2023-1408_2.yaml,78df9d3ac861f2952e9e13f9d16a8b7bab3a07c2,CVE-2023-1408
956982314,arkede/cve-2023,CVE-2023-6220.yaml,78eb6692bbbd7aeaca3cb9fb73fbba852e37ca3d,CVE-2023-6220
956982314,arkede/cve-2023,CVE-2023-46776.yaml,7900b121e1972f1d2bf7682d17986c90c6010b2d,CVE-2023-46776
956982314,arkede/cve-2023,CVE-2023-3836.yaml,79036b10b7d5b16e00f4488b1a0a2ce91faf84c2,CVE-2023-3836
956982314,arkede/cve-2023,CVE-2023-44476.yaml,7907c948b59447d9f5948352a7622fb89ee5945b,CVE-2023-44476
956982314,arkede/cve-2023,CVE-2023-7295.yaml,790890d536de190245537d39270adfadc42a6b7c,CVE-2023-7295
956982314,arkede/cve-2023,CVE-2023-5137.yaml,7911fff9a6508de5e58e546966b47fd3fcdf09d5,CVE-2023-5137
956982314,arkede/cve-2023,CVE-2023-40664.yaml,79196c89f19645f60c306d39c882cac7f526f264,CVE-2023-40664
956982314,arkede/cve-2023,CVE-2023-40333.yaml,792bc60c4012f18b2085963f7596086beae2bb04,CVE-2023-40333
956982314,arkede/cve-2023,CVE-2023-7239.yaml,7934420e647a337bd47ad51890331535ac6aecfd,CVE-2023-7239
956982314,arkede/cve-2023,CVE-2023-29922_1.yaml,7934ef556ed602ceda52383f485dab24bd6c53e5,CVE-2023-29922
956982314,arkede/cve-2023,CVE-2023-5537.yaml,79397ea6ed14d8df1857c35f6d47305f01dbda44,CVE-2023-5537
956982314,arkede/cve-2023,CVE-2023-45643.yaml,7943809757bad3aace7cc072ffc25dd94170efdf,CVE-2023-45643
956982314,arkede/cve-2023,CVE-2023-28782.yaml,794e2363529fe19bd72d5a2cbefb07f1af024d08,CVE-2023-28782
956982314,arkede/cve-2023,CVE-2023-33440_1.yaml,7953674c50e741085b8565928c0d2082c9fc39cf,CVE-2023-33440
956982314,arkede/cve-2023,CVE-2023-33440_1.yaml,7953674c50e741085b8565928c0d2082c9fc39cf,CVE-2023-333440
956982314,arkede/cve-2023,CVE-2023-5233.yaml,7957070cd0a4399db17b17c14c35be5675ca3145,CVE-2023-5233
956982314,arkede/cve-2023,CVE-2023-24372.yaml,795b54724122a0502162ff5c647d358782763daf,CVE-2023-24372
956982314,arkede/cve-2023,CVE-2023-23724.yaml,795bf4567f62bdc68cd659b7a718ee570bb99237,CVE-2023-23724
956982314,arkede/cve-2023,CVE-2023-24488_4.yaml,797e7f4ea2842aaa80a6fe3bba9eee158d28e9fb,CVE-2023-24488
956982314,arkede/cve-2023,CVE-2023-6187.yaml,79805b05720cfda88d3bf22d35897e32e7493edd,CVE-2023-6187
956982314,arkede/cve-2023,CVE-2023-45102.yaml,79864fd7024d39f285e66fc3ea6e05ec6d78bd3e,CVE-2023-45102
956982314,arkede/cve-2023,CVE-2023-28781.yaml,799a1473e9b916e4eda4bc0302d18bc2496507d2,CVE-2023-28781
956982314,arkede/cve-2023,CVE-2023-2487.yaml,799a43decd7ee6694069c125bdbc543bbc533a26,CVE-2023-2487
956982314,arkede/cve-2023,CVE-2023-33328.yaml,79a4763ac89d629b402309910eab619fb86aa9fc,CVE-2023-33328
956982314,arkede/cve-2023,CVE-2023-1335.yaml,79ae01c94bfa4a2d611cbd1e90d5190886b9ff9d,CVE-2023-1335
956982314,arkede/cve-2023,CVE-2023-2579.yaml,79b7df092ce8b26778144a8a1bcb77f3f9eb6b45,CVE-2023-2579
956982314,arkede/cve-2023,CVE-2023-52135.yaml,79be1cbb6e6c9eaf2f5922fdf9e848e951c114f8,CVE-2023-52135
956982314,arkede/cve-2023,CVE-2023-28663.yaml,79c0e65c2cecf985b285402e74a4a7f16ef87d72,CVE-2023-28663
956982314,arkede/cve-2023,CVE-2023-5436.yaml,79c612526be73402d44f299d1fc51d0197570f04,CVE-2023-5436
956982314,arkede/cve-2023,CVE-2023-0174.yaml,79d3f6f7c2f4c7853a9b3bf670bd4a5f4fbafaae,CVE-2023-0174
956982314,arkede/cve-2023,CVE-2023-26008.yaml,79e5382b0e1abce84c514149aa0a4ab5a2186369,CVE-2023-26008
956982314,arkede/cve-2023,CVE-2023-48323.yaml,79ecfe12ed098b1b257523097344840988e3f774,CVE-2023-48323
956982314,arkede/cve-2023,CVE-2023-2732_1.yaml,79fd7aa6bec37d483cfb379d64ec6c3e4cc9643e,CVE-2023-2732
956982314,arkede/cve-2023,CVE-2023-45881.yaml,7a113a0895fc9ab85364e63d80ecd172a6c3a0fb,CVE-2023-45881
956982314,arkede/cve-2023,CVE-2023-24386.yaml,7a1635ea22b2291bddbf706974bc81ec815e1f63,CVE-2023-24386
956982314,arkede/cve-2023,CVE-2023-51480.yaml,7a2a7802ad12a08cf1a9dfe02a5d52a195aa8222,CVE-2023-51480
956982314,arkede/cve-2023,CVE-2023-5884.yaml,7a5220e0e017eadc376566b0d1ab13c28216fdb9,CVE-2023-5884
956982314,arkede/cve-2023,CVE-2023-0168.yaml,7a5396d784d18803a6a27605c1a22d9e517b0af7,CVE-2023-0168
956982314,arkede/cve-2023,CVE-2023-2716.yaml,7a6a0fd27b913d83afc2da8ba6d792179fb136e5,CVE-2023-2716
956982314,arkede/cve-2023,CVE-2023-46202.yaml,7a81d08592d5ad5527ce851b8c5499d462d259bc,CVE-2023-46202
956982314,arkede/cve-2023,CVE-2023-1804.yaml,7a85bf633a14ba3220e95b8b4b321d22fc079621,CVE-2023-1804
956982314,arkede/cve-2023,CVE-2023-29236.yaml,7a8b0dbd4085d0f904c082bcb276d6c51ad5a072,CVE-2023-29236
956982314,arkede/cve-2023,CVE-2023-0446.yaml,7a8bef219344a7cd69d50386745bf2cc96a9b760,CVE-2023-0446
956982314,arkede/cve-2023,CVE-2023-27482.yaml,7a91516f120f506d1e1a8ba362d180390ef34010,GHSA-2J8F-H4MR-QR25
956982314,arkede/cve-2023,CVE-2023-27482.yaml,7a91516f120f506d1e1a8ba362d180390ef34010,CVE-2023-27482
956982314,arkede/cve-2023,CVE-2023-6391.yaml,7aa9361d739b2f8b6bc3c773a57ca56676de2163,CVE-2023-6391
956982314,arkede/cve-2023,CVE-2023-6520.yaml,7ab514b27d66c31caa6aec824a4590c0b5b0bf17,CVE-2023-6520
956982314,arkede/cve-2023,CVE-2023-36502.yaml,7ab7bd1ffb5fe4bc72a88f54a7138b5158f5d19e,CVE-2023-36502
956982314,arkede/cve-2023,CVE-2023-2948.yaml,7ad9cd30952a0ea7e9166d7fb65ef1c220b258ef,CVE-2023-2948
956982314,arkede/cve-2023,CVE-2023-5845.yaml,7aded2ead2ab88d1108ab7b046d6e3e99fcb8ab5,CVE-2023-5845
956982314,arkede/cve-2023,CVE-2023-33629_1.yaml,7aea9ab46b0fc26a84341bf7b4f668fcab8cc28c,CVE-2023-33629
956982314,arkede/cve-2023,CVE-2023-39313.yaml,7aeb0f44f4f60f34b5be75db26ceba63a406fa3d,CVE-2023-39313
956982314,arkede/cve-2023,CVE-2023-3650.yaml,7af711dbd197148b2e6addc773d984980be93aae,CVE-2023-3650
956982314,arkede/cve-2023,CVE-2023-23333_1.yaml,7b007bc22aa1232f2e84896b5a5b024e60a97f94,CVE-2023-23333
956982314,arkede/cve-2023,CVE-2023-3998.yaml,7b0832b264bd015fdfb052c460cb83e82388fe8d,CVE-2023-3998
956982314,arkede/cve-2023,CVE-2023-40044_1.yaml,7b1b07255a41cb257901e35aa400c9e63b96dc8a,CVE-2023-40044
956982314,arkede/cve-2023,CVE-2023-5074_1.yaml,7b27fc2c3a6ecd3375ca4faf384c14cc480f859c,CVE-2023-5074
956982314,arkede/cve-2023,CVE-2023-3936.yaml,7b2e238b1483242fedc77cd468f0c60f05b5ecbb,CVE-2023-3936
956982314,arkede/cve-2023,CVE-2023-33568.yaml,7b3406e95590219c3bd07e69b4dc2407289fabed,CVE-2023-33568
956982314,arkede/cve-2023,CVE-2023-49826.yaml,7b351e41cdaaa3981bb50de26f4d0c687bd9039d,CVE-2023-49826
956982314,arkede/cve-2023,CVE-2023-40605.yaml,7b3538457889ace345add8f7c8b57e9441752a85,CVE-2023-40605
956982314,arkede/cve-2023,CVE-2023-23745.yaml,7b3682a2c6a59f83b4c94034a5fbb7e895ca10ad,CVE-2023-23745
956982314,arkede/cve-2023,CVE-2023-4490.yaml,7b3769d9531cf03ff9e7b23eeadcffdb7474fdf6,CVE-2023-4490
956982314,arkede/cve-2023,CVE-2023-22676.yaml,7b3db66e285e3e336913527435a5465405a7f22d,CVE-2023-22676
956982314,arkede/cve-2023,CVE-2023-40608.yaml,7b430b24414367d1a7ef3d4de3a75c5194ea3364,CVE-2023-40608
956982314,arkede/cve-2023,CVE-2023-32245.yaml,7b4ef962235a8b1660c632a2e53a781b3d4025f8,CVE-2023-32245
956982314,arkede/cve-2023,CVE-2023-3459.yaml,7b4fdb019433833464091598204b90c12296c44c,CVE-2023-3459
956982314,arkede/cve-2023,CVE-2023-30495.yaml,7ba23e8fed2921a44659f02b787ed45d5d8324fd,CVE-2023-30495
956982314,arkede/cve-2023,CVE-2023-0669_2.yaml,7bac97c1caeddfabee9dd207bc832398b238257d,CVE-2023-0669
956982314,arkede/cve-2023,CVE-2023-1888.yaml,7bbd6352b833836dfd14e84b51d7edcdb8e61281,CVE-2023-1888
956982314,arkede/cve-2023,CVE-2023-3186.yaml,7bc73f4ae93ff68380e6490b1e8b544b36814683,CVE-2023-3186
956982314,arkede/cve-2023,CVE-2023-32624.yaml,7bdb79847c20bf9c527c616a4a215bf56f56d818,CVE-2023-32624
956982314,arkede/cve-2023,CVE-2023-23670.yaml,7bdbaa93b5837f642763287c28e08828dd6a2310,CVE-2023-23670
956982314,arkede/cve-2023,CVE-2023-46622.yaml,7becef433f897566c06cfee9a3f491fa66279230,CVE-2023-46622
956982314,arkede/cve-2023,CVE-2023-41864.yaml,7bfb2b2db855717d7f1190c229e7771716183a88,CVE-2023-41864
956982314,arkede/cve-2023,CVE-2023-27482_2.yaml,7c0352493005b43c7b29dc166a05febe2afb486f,CVE-2023-27482
956982314,arkede/cve-2023,CVE-2023-27482_2.yaml,7c0352493005b43c7b29dc166a05febe2afb486f,GHSA-2J8F-H4MR-QR25
956982314,arkede/cve-2023,CVE-2023-27613.yaml,7c1744fa8681dbc0bda0f54fe3135ffebdb81adc,CVE-2023-27613
956982314,arkede/cve-2023,CVE-2023-40332.yaml,7c21d71c227f7e7f2826e1f100024f648b5e4606,CVE-2023-40332
956982314,arkede/cve-2023,CVE-2023-39361.yaml,7c2e445a037bcbf268b601c5ae03e2d1a85d8086,CVE-2023-39361
956982314,arkede/cve-2023,CVE-2023-39361.yaml,7c2e445a037bcbf268b601c5ae03e2d1a85d8086,GHSA-6R43-Q2FW-5WRG
956982314,arkede/cve-2023,CVE-2023-49829.yaml,7c3690b2431648f942291daa8dd699167b0bd33c,CVE-2023-49829
956982314,arkede/cve-2023,CVE-2023-2168.yaml,7c3af4fc1a9f2de1dd0679500249d197a8bf0693,CVE-2023-2168
956982314,arkede/cve-2023,CVE-2023-46069.yaml,7c438e6e41de156522f54f0a118230e49b4ea30f,CVE-2023-46069
956982314,arkede/cve-2023,CVE-2023-23715.yaml,7c4d6d5bb6a74798a8c253a4cfe232745852718e,CVE-2023-23715
956982314,arkede/cve-2023,CVE-2023-38507.yaml,7c5369511c063a56d3d3fec8f7a51995a1038bfc,CVE-2023-38507
956982314,arkede/cve-2023,CVE-2023-38507.yaml,7c5369511c063a56d3d3fec8f7a51995a1038bfc,GHSA-24Q2-59HM-RH9R
956982314,arkede/cve-2023,CVE-2023-32957.yaml,7c5629b07e52c5c2e1d759f8c8411abf865b3f30,CVE-2023-32957
956982314,arkede/cve-2023,CVE-2023-6983.yaml,7c581dc0ab0b830f797b94a9f4e19f5819a15a9f,CVE-2023-6983
956982314,arkede/cve-2023,CVE-2023-29435.yaml,7c5e6eafe55dcede7bcfddae6135547dc9ea5181,CVE-2023-29435
956982314,arkede/cve-2023,CVE-2023-5360.yaml,7c6387144b9fb75432b38eece23627bcb176cd46,CVE-2023-5360
956982314,arkede/cve-2023,CVE-2023-47772.yaml,7c66efed8e259e9f1531b15c0290ce18f9e22cf2,CVE-2023-47772
956982314,arkede/cve-2023,CVE-2023-1315.yaml,7c70cff5ecc11cd8eaae2aeb8c4b1d2a63ca4df9,CVE-2023-1315
956982314,arkede/cve-2023,CVE-2023-52200.yaml,7c9707ee2878f7d7d9573930993573637193379b,CVE-2023-52200
956982314,arkede/cve-2023,CVE-2023-46638.yaml,7ca209a3e164b0315751032b4e521cfa9207760d,CVE-2023-46638
956982314,arkede/cve-2023,cve-2023-28432.yaml,7cae99134a98c0d8fe314d759d7e5213138af7d1,CVE-2023-28432
956982314,arkede/cve-2023,cve-2023-28432.yaml,7cae99134a98c0d8fe314d759d7e5213138af7d1,GHSA-6XVQ-WJ2X-3H3Q
956982314,arkede/cve-2023,CVE-2023-6446.yaml,7cbfb5f0a86d343b70058911c19355286ce3a7ca,CVE-2023-6446
956982314,arkede/cve-2023,CVE-2023-7290.yaml,7cd34995f71bef9f82ba42689f5d3add2c480cb9,CVE-2023-7290
956982314,arkede/cve-2023,CVE-2023-33533.yaml,7cdbf4b5abe4e9dbce586e8d604d99ca169a6977,CVE-2023-33533
956982314,arkede/cve-2023,CVE-2023-47240.yaml,7ce56898f3df48e49097dd78254c7975c65401f1,CVE-2023-47240
956982314,arkede/cve-2023,CVE-2023-40671.yaml,7ce624503f4a6a2a922584061380f32b5721e9d5,CVE-2023-40671
956982314,arkede/cve-2023,CVE-2023-0495.yaml,7d0dd4817068ff881047a37a05b1df15185ffa97,CVE-2023-0495
956982314,arkede/cve-2023,CVE-2023-30871.yaml,7d14d5d13167d767f4783e9719a23c3522f264f6,CVE-2023-30871
956982314,arkede/cve-2023,CVE-2023-46073.yaml,7d1a90699aac56fc3660cc1e16a3de38cc565aa9,CVE-2023-46073
956982314,arkede/cve-2023,CVE-2023-28687.yaml,7d20188e2ce71b59b606571a8c621268492ab188,CVE-2023-28687
956982314,arkede/cve-2023,CVE-2023-40203.yaml,7d21ed454146bdd8854b8a0ccaad3b6590979d13,CVE-2023-40203
956982314,arkede/cve-2023,CVE-2023-1921.yaml,7d2527403f341a9be3aa8d15eab89b3204536e08,CVE-2023-1921
956982314,arkede/cve-2023,CVE-2023-6842.yaml,7d2ddaf847dbff1ef09a2c2ae9af48a78f102d46,CVE-2023-6842
956982314,arkede/cve-2023,CVE-2023-0232.yaml,7d2eb892a23d7165ad349f08ed85b360d7b92556,CVE-2023-0232
956982314,arkede/cve-2023,CVE-2023-34599_2.yaml,7d4c2c269e401eb61c805a39a5b3cfdb813cf5f8,CVE-2023-34599
956982314,arkede/cve-2023,CVE-2023-5556.yaml,7d50d6e2861161f90b7876147d3405d5c7eeccf4,CVE-2023-5556
956982314,arkede/cve-2023,CVE-2023-45646.yaml,7d554013d8bc38dfc499805e0ab15bc4c9040894,CVE-2023-45646
956982314,arkede/cve-2023,CVE-2023-6634_2.yaml,7d6b2f13c31512686f5c947bca522a303557ab7b,CVE-2023-6634
956982314,arkede/cve-2023,CVE-2023-2986.yaml,7d7868b24f303acf99ca7d6fa559bf33b59f8719,CVE-2023-2986
956982314,arkede/cve-2023,CVE-2023-49155.yaml,7d7aa7e98e996b8b289b9a6eb66e36e84e2382cc,CVE-2023-49155
956982314,arkede/cve-2023,CVE-2023-3219.yaml,7d8ef6f956e783f624b4948063a997a1edd744be,CVE-2023-3219
956982314,arkede/cve-2023,CVE-2023-3225.yaml,7d9b21ef5d4586f410e72ec64b55249ae7412589,CVE-2023-3225
956982314,arkede/cve-2023,CVE-2023-29098.yaml,7d9d8b92f28c2528a44622bce010b6b2b24761b1,CVE-2023-29098
956982314,arkede/cve-2023,CVE-2023-34124.yaml,7da3297faf54b36c7ca1e43b523335d84bd17f73,CVE-2023-34127
956982314,arkede/cve-2023,CVE-2023-34124.yaml,7da3297faf54b36c7ca1e43b523335d84bd17f73,CVE-2023-34124
956982314,arkede/cve-2023,CVE-2023-6843.yaml,7da9dcbcf1a93abd0d9b402c7ee58112bb27cf65,CVE-2023-6843
956982314,arkede/cve-2023,CVE-2023-0372.yaml,7daba843866971e3dd70124e04582bf4d014ad91,CVE-2023-0372
956982314,arkede/cve-2023,CVE-2023-48757.yaml,7dca52038f0c8f1f5c7a4b82d1ec03112d7d4bb8,CVE-2023-48757
956982314,arkede/cve-2023,CVE-2023-0721.yaml,7dd69fb5548bb1b3178d81210a7d704590b7996f,CVE-2023-0721
956982314,arkede/cve-2023,CVE-2023-52185.yaml,7de0d283fe1899bfdc0f53644f028eead0a9db49,CVE-2023-52185
956982314,arkede/cve-2023,CVE-2023-24409.yaml,7de6abf2f68dfb62ee0fbc5680326e77f58ae24c,CVE-2023-24409
956982314,arkede/cve-2023,CVE-2023-52127.yaml,7df1176e285df30bf8f9bddf7cd55085fb94dfda,CVE-2023-52127
956982314,arkede/cve-2023,CVE-2023-51669.yaml,7df20665aa63d6e4b4d0e114c0ef211db479bf44,CVE-2023-51669
956982314,arkede/cve-2023,CVE-2023-6379.yaml,7e11c1990dbfc8734219bfbfa6f7672ab1408a45,CVE-2023-6379
956982314,arkede/cve-2023,CVE-2023-52231.yaml,7e121cd73a56665069e45c39adeabd8c00b7b359,CVE-2023-52231
956982314,arkede/cve-2023,CVE-2023-35082.yaml,7e1c3ca343d44bff5a967e7bd2f26f483a0e72ac,CVE-2023-35078
956982314,arkede/cve-2023,CVE-2023-35082.yaml,7e1c3ca343d44bff5a967e7bd2f26f483a0e72ac,CVE-2023-35082
956982314,arkede/cve-2023,CVE-2023-1343.yaml,7e1f9bba8382585b718f88bbd3746d4dd0333cd9,CVE-2023-1343
956982314,arkede/cve-2023,CVE-2023-1624.yaml,7e24078f760522e7111b620bb759a06c27d46f76,CVE-2023-1624
956982314,arkede/cve-2023,CVE-2023-26012.yaml,7e24b5bcccb7b5c0669a070773d44e0b76a07364,CVE-2023-26012
956982314,arkede/cve-2023,CVE-2023-26360_2.yaml,7e2c0191dc59002522d20b2ede8984ae5334df66,CVE-2023-26360
956982314,arkede/cve-2023,CVE-2023-30474.yaml,7e325b66d032eaadfc825f7a7fa89c8e03219239,CVE-2023-30474
956982314,arkede/cve-2023,CVE-2023-52182.yaml,7e32ddbf63970d5c2f4abecefe59d6b9975c086e,CVE-2023-52182
956982314,arkede/cve-2023,CVE-2023-23488_2.yaml,7e349fb3740c17905f31d5840115c6ddeb964935,CVE-2023-23488
956982314,arkede/cve-2023,CVE-2023-45276.yaml,7e3b8b4fab778023f116b8e456aef6757f213b0b,CVE-2023-45276
956982314,arkede/cve-2023,CVE-2023-37973.yaml,7e41b4ad08a8dc60a6a8f49c964dfd8696822a02,CVE-2023-37973
956982314,arkede/cve-2023,CVE-2023-34011.yaml,7e437647123e575080d582597e901a2cc8c99157,CVE-2023-34011
956982314,arkede/cve-2023,CVE-2023-25986.yaml,7e5751309122090e2891fc363351147291616409,CVE-2023-25986
956982314,arkede/cve-2023,CVE-2023-0498.yaml,7e65802f69e5ec3608aa5ee756bd93fa9040a340,CVE-2023-0498
956982314,arkede/cve-2023,CVE-2023-45641.yaml,7e6a5c95d6e2bb61a675eb1e2cb1eff6e7a85370,CVE-2023-45641
956982314,arkede/cve-2023,CVE-2023-1615.yaml,7e714d5b08015cb2de6d6049cb244855518dea04,CVE-2023-1615
956982314,arkede/cve-2023,CVE-2023-3460_3.yaml,7e812c7e5e9e6bc0cc1947c8f96886b03aa944b4,CVE-2023-3460
956982314,arkede/cve-2023,CVE-2023-22691.yaml,7e9ed45c7913208411a0031ea231c2fc9ba3888a,CVE-2023-22691
956982314,arkede/cve-2023,CVE-2023-1435.yaml,7ea130695d9eb45bbd0015b5d0880c17c173aafb,CVE-2023-1435
956982314,arkede/cve-2023,CVE-2023-25456.yaml,7ea3bac9b36f2678e32b3e53492e90f392ec1354,CVE-2023-25456
956982314,arkede/cve-2023,CVE-2023-24726.yaml,7ea6c9fc076531ec1c02b3be74317bad1086243a,CVE-2023-24726
956982314,arkede/cve-2023,CVE-2023-6569.yaml,7eac6fe0327792e6ecc01126215b5f9ea40ed887,CVE-2023-6569
956982314,arkede/cve-2023,CVE-2023-50889.yaml,7eb92dc993ee36256cc1693dd9279475fada6c28,CVE-2023-50889
956982314,arkede/cve-2023,CVE-2023-32107.yaml,7ec0c42387c1f1dfddb780253098e64462d4712e,CVE-2023-32107
956982314,arkede/cve-2023,CVE-2023-20887_2.yaml,7ec69892d59712ab96ec99233d2097de479f4f30,CVE-2023-20887
956982314,arkede/cve-2023,CVE-2023-30484.yaml,7ecbbea33ad7e981359fba9824c5e328aaf0a244,CVE-2023-30484
956982314,arkede/cve-2023,CVE-2023-2743.yaml,7ee00f5e6985bab9b5351da8826134042f509ca5,CVE-2023-2743
956982314,arkede/cve-2023,CVE-2023-24412.yaml,7ee8587ee7f8f1a3f1b6448f1953a4933e4f5019,CVE-2023-24412
956982314,arkede/cve-2023,CVE-2023-36522.yaml,7f0769a0ccfea542fa1eeb81c43d11bd1a5faa77,CVE-2023-36522
956982314,arkede/cve-2023,CVE-2023-3371.yaml,7f14db9e9a86b4ff4b43b72947501e92ff5ed7a5,CVE-2023-3371
956982314,arkede/cve-2023,CVE-2023-29095.yaml,7f2525efa32a0acc1fb45aeb443fa1c277867487,CVE-2023-29095
956982314,arkede/cve-2023,CVE-2023-36844.yaml,7f2b46b71712e7b43960d3caf4bd4bc2ee389dc0,CVE-2023-36844
956982314,arkede/cve-2023,CVE-2023-36844.yaml,7f2b46b71712e7b43960d3caf4bd4bc2ee389dc0,CVE-2023-36846
956982314,arkede/cve-2023,CVE-2023-36844.yaml,7f2b46b71712e7b43960d3caf4bd4bc2ee389dc0,CVE-2023-36845
956982314,arkede/cve-2023,CVE-2023-36844.yaml,7f2b46b71712e7b43960d3caf4bd4bc2ee389dc0,CVE-2023-36847
956982314,arkede/cve-2023,CVE-2023-51526.yaml,7f442d3b74c6f6760d5a6285ad947bf39206c8c0,CVE-2023-51526
956982314,arkede/cve-2023,CVE-2023-23865.yaml,7f600a7703796eba5df1104f93ebf9b1e8089f52,CVE-2023-23865
956982314,arkede/cve-2023,CVE-2023-23875.yaml,7f79465bd9093d53df9d534ae88710bd58d22780,CVE-2023-23875
956982314,arkede/cve-2023,CVE-2023-6844.yaml,7f7b4ef28532d54cd769cd64fe44da26a345dd69,CVE-2023-6844
956982314,arkede/cve-2023,CVE-2023-0399.yaml,7f81cf2c17c606a67609c7df95451f10eb70a3d5,CVE-2023-0399
956982314,arkede/cve-2023,CVE-2023-25791.yaml,7f876010d682eabdf3a62159e3f4398a21f968af,CVE-2023-25791
956982314,arkede/cve-2023,CVE-2023-47184.yaml,7f964ad8588c37905beb9d9a0d17cfafa2161e0a,CVE-2023-47184
956982314,arkede/cve-2023,CVE-2023-38387.yaml,7f9f55547f4aefca1a22180c3e40eef43e72a558,CVE-2023-38387
956982314,arkede/cve-2023,CVE-2023-28775.yaml,7fae81799b6c696704620142b184da58cb394cd9,CVE-2023-28775
956982314,arkede/cve-2023,CVE-2023-6244.yaml,7fb1f8389e5304a25b52de7a26e674f3b4b01462,CVE-2023-6244
956982314,arkede/cve-2023,CVE-2023-24390.yaml,7fbfa80de11c19a8ce3e5754b90bddd34d619c8a,CVE-2023-24390
956982314,arkede/cve-2023,CVE-2023-49849.yaml,7fc80cdd0648f2b7a634553745d9aa24d6900a8f,CVE-2023-49849
956982314,arkede/cve-2023,CVE-2023-5074.yaml,7fcc7c4e85273f0d892fddf6aa5b9cc413cf9d5a,CVE-2023-5074
956982314,arkede/cve-2023,CVE-2023-49170.yaml,7fd975afeda6f920ea8039e9283c644ebe2a37d9,CVE-2023-49170
956982314,arkede/cve-2023,CVE-2023-4795.yaml,7fe52dc24f455c37f7b837fd5aa7d4f8de202366,CVE-2023-4795
956982314,arkede/cve-2023,CVE-2023-25716.yaml,7fe7cc9cc4d8f6b59bd79e5d8d579fc2a3b1e74d,CVE-2023-25716
956982314,arkede/cve-2023,CVE-2023-50851.yaml,7fee24effbb3fcc8c2b613a23c8abde1a29ea0ca,CVE-2023-50851
956982314,arkede/cve-2023,CVE-2023-41693.yaml,7fefac92f49622976d02497211938134deaf2e42,CVE-2023-41693
956982314,arkede/cve-2023,CVE-2023-40559.yaml,7ff8658bd128730e42d38d0623d5354b920d6337,CVE-2023-40559
956982314,arkede/cve-2023,CVE-2023-36347.yaml,80107e418716ca04fb08977e478af1dde95045f3,CVE-2023-36347
956982314,arkede/cve-2023,CVE-2023-26536.yaml,8024f67265770313e33f739c414cb0087533f155,CVE-2023-26536
956982314,arkede/cve-2023,CVE-2023-47686.yaml,80253b3882e86b91bd66a9984cc361ef7039ec74,CVE-2023-47686
956982314,arkede/cve-2023,CVE-2023-31228.yaml,802782d567cd88e351b7d3a7a92a7c4f2138da3c,CVE-2023-31228
956982314,arkede/cve-2023,CVE-2023-6046.yaml,8029a18aae764ecbfd17d3ad027f7da6e66384fc,CVE-2023-6046
956982314,arkede/cve-2023,CVE-2023-45007.yaml,802e1bb705555b62685b7ae3126040e43fc9df88,CVE-2023-45007
956982314,arkede/cve-2023,CVE-2023-52230.yaml,803347325d82d7a6a52b4e53d82c22079e5dd8c3,CVE-2023-52230
956982314,arkede/cve-2023,CVE-2023-40602.yaml,80341c115412b47ae4b7e0aab86520eb67a64960,CVE-2023-40602
956982314,arkede/cve-2023,CVE-2023-50890.yaml,803800408828d3f2618b6312f07c0d397dfd79fc,CVE-2023-50890
956982314,arkede/cve-2023,CVE-2023-47513.yaml,8039d45cdce8363af9feb413971b14caca421d9b,CVE-2023-47513
956982314,arkede/cve-2023,CVE-2023-49832.yaml,803b5d220ec3974ea5f87b7fd574a67563680576,CVE-2023-49832
956982314,arkede/cve-2023,CVE-2023-38515.yaml,803e3f36ced6191e72e141dfce5fb6a0e902d5df,CVE-2023-38515
956982314,arkede/cve-2023,CVE-2023-0153.yaml,80417b68690bb7344a4b59ddbe8f75550e5d2d2d,CVE-2023-0153
956982314,arkede/cve-2023,CVE-2023-2648_2.yaml,8042c454d901b9531d4ce637e5c3d0776fcd60e1,CVE-2023-2648
956982314,arkede/cve-2023,CVE-2023-25442.yaml,8078818a304163ac79e3322c847dfffe4dc65f0c,CVE-2023-25442
956982314,arkede/cve-2023,CVE-2023-36689.yaml,80890b352fbec40bea49fdbb9ef097a493724f52,CVE-2023-36689
956982314,arkede/cve-2023,CVE-2023-24382.yaml,808c8f6495cc71bffa88e0a60c1ef0001fce7c24,CVE-2023-24382
956982314,arkede/cve-2023,CVE-2023-29430.yaml,8092fca96d380fb0eeaf534384a99296ae87a07d,CVE-2023-29430
956982314,arkede/cve-2023,CVE-2023-51408.yaml,80a13309c795a9dea29dddc9989e4909c08595dd,CVE-2023-51408
956982314,arkede/cve-2023,CVE-2023-41955.yaml,80abd195edcc8269b296f8291332e73091b73982,CVE-2023-41955
956982314,arkede/cve-2023,CVE-2023-6634.yaml,80b721c321f0b391d2c3cfd9b0f58b670dd02ea3,CVE-2023-6634
956982314,arkede/cve-2023,CVE-2023-46148.yaml,80bad12339e46d5e84640ba59046503d2bdcc11a,CVE-2023-46148
956982314,arkede/cve-2023,CVE-2023-5707.yaml,80c113d424824e662c063654e7091b885eee5c97,CVE-2023-5707
956982314,arkede/cve-2023,CVE-2023-1979.yaml,80c9d43a68025831f74587c7ecf5e11de0772659,CVE-2023-1979
956982314,arkede/cve-2023,CVE-2023-46087.yaml,80ca8e5bd4f5c64e4318c3b0d69834b8446ffc1b,CVE-2023-46087
956982314,arkede/cve-2023,CVE-2023-32292.yaml,80d46045114f7999edcaa19860baa9e59b79d5da,CVE-2023-32292
956982314,arkede/cve-2023,CVE-2023-36947.yaml,80d54ea020f2d027099c0a001daf8fe42ba6d61b,CVE-2023-36947
956982314,arkede/cve-2023,CVE-2023-23680.yaml,80e0d9c1457d5c0d7471cf54e5cb3a0454f7e7d1,CVE-2023-23680
956982314,arkede/cve-2023,CVE-2023-33440_2.yaml,80e2c509f89e2ff0b83e6b8d548a3d4bf4eeb2e0,CVE-2023-333440
956982314,arkede/cve-2023,CVE-2023-33440_2.yaml,80e2c509f89e2ff0b83e6b8d548a3d4bf4eeb2e0,CVE-2023-33440
956982314,arkede/cve-2023,CVE-2023-27455.yaml,80e2c9666ef43b0bdd5950857505eff5aa263e61,CVE-2023-27455
956982314,arkede/cve-2023,CVE-2023-27439.yaml,80eee0d119d15ef8a336658189be2c53f8b8282d,CVE-2023-27439
956982314,arkede/cve-2023,CVE-2023-0844.yaml,81292c5a6a720a55022e9556e650094ca1259ce0,CVE-2023-0844
956982314,arkede/cve-2023,CVE-2023-2398.yaml,81576fda279598fbf341badde92e9c1c970805ae,CVE-2023-2398
956982314,arkede/cve-2023,CVE-2023-39311.yaml,815b89a3e403e170ab634eceae511e88fa36b99a,CVE-2023-39311
956982314,arkede/cve-2023,CVE-2023-5639.yaml,816039441846bacd429da5f26aab38f9364e475f,CVE-2023-5639
956982314,arkede/cve-2023,CVE-2023-31093.yaml,817e4ad7945dee0b7e9ed5fce812a8550ebf5c93,CVE-2023-31093
956982314,arkede/cve-2023,CVE-2023-5413.yaml,8196a5368b2891f8adef9d3d76f5346d7dde4c22,CVE-2023-5413
956982314,arkede/cve-2023,CVE-2023-39600.yaml,81a950fb663265aa69f68b86796eecda79e3f332,CVE-2023-39600
956982314,arkede/cve-2023,CVE-2023-3051.yaml,81bed94c31ec087d4e56d43459a162885eabb458,CVE-2023-3051
956982314,arkede/cve-2023,CVE-2023-4246.yaml,81c69b908e7adfe3955907519db2ba8e8c574af8,CVE-2023-4246
956982314,arkede/cve-2023,CVE-2023-25803.yaml,81c9b84b0234c7d4459a18b91f901a91bd68ce7b,GHSA-CV9W-J9GH-5J3W
956982314,arkede/cve-2023,CVE-2023-25803.yaml,81c9b84b0234c7d4459a18b91f901a91bd68ce7b,CVE-2023-25803
956982314,arkede/cve-2023,CVE-2023-37982.yaml,81cbac5894257616158879b3c6f454ea53871d7b,CVE-2023-37982
956982314,arkede/cve-2023,CVE-2023-44473.yaml,81f05e3408903fce11d24175215883b1ab7e8f56,CVE-2023-44473
956982314,arkede/cve-2023,CVE-2023-31230.yaml,81f416ff25ae244b7ffe0301a93ca7d7bc4063fc,CVE-2023-31230
956982314,arkede/cve-2023,CVE-2023-28695.yaml,81f52f52c424eefd8d2c0402d8e77b2c9eddf7cf,CVE-2023-28695
956982314,arkede/cve-2023,CVE-2023-1023.yaml,81f5fc1b24a036f05ffef853a729dfbdf4c8443a,CVE-2023-1023
956982314,arkede/cve-2023,CVE-2023-47520.yaml,8209327e00bc9879a9950b31317e5cd5ee5eff83,CVE-2023-47520
956982314,arkede/cve-2023,CVE-2023-3154.yaml,8215787439838436b5df1b076958764bf5b8519a,CVE-2023-3154
956982314,arkede/cve-2023,CVE-2023-5774.yaml,822e84b5fffe1792f1bd772fb45cc1ca8d4a78d5,CVE-2023-5774
956982314,arkede/cve-2023,CVE-2023-48317.yaml,8241e28e3c92ade8c8a4c26d5839656a74bd3316,CVE-2023-48317
956982314,arkede/cve-2023,CVE-2023-27152.yaml,824522616eb6a24f2754e001a16a7e1778b4633d,CVE-2023-27152
956982314,arkede/cve-2023,CVE-2023-0071.yaml,824a3351bc5daec320aa89ef145347b7386de00b,CVE-2023-0071
956982314,arkede/cve-2023,CVE-2023-22706.yaml,825080d68af4610fd16ad7be4336ae915469ec03,CVE-2023-22706
956982314,arkede/cve-2023,CVE-2023-39919.yaml,8256cef5ce61d76333df8241adab80415faf8023,CVE-2023-39919
956982314,arkede/cve-2023,CVE-2023-4248.yaml,825b2443aa90a777a3cd9293f342d8f522a64cbf,CVE-2023-4248
956982314,arkede/cve-2023,CVE-2023-25969.yaml,827178c9fe212858c42b67e1336a915f8c29a57c,CVE-2023-25969
956982314,arkede/cve-2023,CVE-2023-25489.yaml,827384f249bccc40bae5ec4edea4b000fb0a0c8b,CVE-2023-25489
956982314,arkede/cve-2023,CVE-2023-45063.yaml,827480e8ea868eef515c382c9467d72bd369f421,CVE-2023-45063
956982314,arkede/cve-2023,CVE-2023-40868.yaml,82751ff48920c2afc75a39fd343536382fb6098e,CVE-2023-40868
956982314,arkede/cve-2023,CVE-2023-23999.yaml,82845632f907fc1ed075bd5bc86fd2faf5ef56b7,CVE-2023-23999
956982314,arkede/cve-2023,CVE-2023-25460.yaml,828c10ebb715f728b488cfa739ce71c0e8d7e863,CVE-2023-25460
956982314,arkede/cve-2023,CVE-2023-52123.yaml,82b6283b8b6d3226f0669ea09a324768960b044b,CVE-2023-52123
956982314,arkede/cve-2023,CVE-2023-6373.yaml,82bbf0493dcea6a8d561697740f3355046063f4a,CVE-2023-6373
956982314,arkede/cve-2023,CVE-2023-6527.yaml,82bd838e22daec31b616ce9740a6cb5b396e1111,CVE-2023-6527
956982314,arkede/cve-2023,CVE-2023-7292.yaml,82d06ca925d8ecab75bbe3a7dc52e68127d4b8ec,CVE-2023-7292
956982314,arkede/cve-2023,CVE-2023-49775.yaml,82df66e79d7357676acc736263c7ce11605e56ed,CVE-2023-49775
956982314,arkede/cve-2023,CVE-2023-5412.yaml,82e911864b6b72b96d5d182c19dfb0fcadeb9742,CVE-2023-5412
956982314,arkede/cve-2023,CVE-2023-5051.yaml,82eec33e4ace241a3064ddf171546efd2cee12d4,CVE-2023-5051
956982314,arkede/cve-2023,CVE-2023-36682.yaml,830b2a03df0d0f67b54fa41496cb76bf64980dad,CVE-2023-36682
956982314,arkede/cve-2023,CVE-2023-34373.yaml,831701f6fcab59a8162a9a83d4b535920bd80a3e,CVE-2023-34373
956982314,arkede/cve-2023,CVE-2023-49778.yaml,83185e460b82fa0063ce6d0cd41a0b26367481f7,CVE-2023-49778
956982314,arkede/cve-2023,CVE-2023-27416.yaml,8318caecf7559f1f1aa4c198773d32e669b382e6,CVE-2023-27416
956982314,arkede/cve-2023,CVE-2023-50843.yaml,8320780e8e93a6e23f557ba77409a3f10b3489ad,CVE-2023-50843
956982314,arkede/cve-2023,CVE-2023-2624.yaml,8333eafd2fd211348a23efc52cfb5b49c90120f3,CVE-2023-2624
956982314,arkede/cve-2023,CVE-2023-51354.yaml,8341f61eeff7b32b4c650ce6aa4552124a152a97,CVE-2023-51354
956982314,arkede/cve-2023,CVE-2023-3975.yaml,8343ac5a3f8f619b0b2f34a58319f3d7eade7d62,CVE-2023-3975
956982314,arkede/cve-2023,CVE-2023-5761.yaml,834a9d6c114d87978c246301485f1e8130762559,CVE-2023-5761
956982314,arkede/cve-2023,CVE-2023-25992.yaml,8353737ddb4791954c065e754b750012a902bc03,CVE-2023-25992
956982314,arkede/cve-2023,CVE-2023-24813.yaml,838ade20c591b54d2a5392f5565e431fb688b84a,CVE-2023-24813
956982314,arkede/cve-2023,CVE-2023-22232.yaml,838d3640f3923eec709a9106fc48b4ec9cafd6fe,CVE-2023-22232
956982314,arkede/cve-2023,CVE-2023-0439.yaml,83992c467892b66a290a0277ecbf1b8b9ce3a34c,CVE-2023-0439
956982314,arkede/cve-2023,CVE-2023-0865.yaml,839a83a770d1d355c6bc2e1db09d56b85e28d7a8,CVE-2023-0865
956982314,arkede/cve-2023,CVE-2023-48325.yaml,839f94792dbcc39981b921df30a1dc3e27805a49,CVE-2023-48325
956982314,arkede/cve-2023,CVE-2023-6021.yaml,83ada3f6cf527a6e4f084151e60fc36c47a31785,CVE-2023-6021
956982314,arkede/cve-2023,CVE-2023-1470.yaml,83b42d3dc46296a067031636c7046e73624ff151,CVE-2023-1470
956982314,arkede/cve-2023,CVE-2023-23831.yaml,83c29edd3d0d7b02dfd95edab3205fbe7d840ffd,CVE-2023-23831
956982314,arkede/cve-2023,CVE-2023-7194.yaml,83c630cddbaa271c069a14889381eca4e6ac0112,CVE-2023-7194
956982314,arkede/cve-2023,CVE-2023-49843.yaml,83cbafa6c950ade2dea994e30e725a42a240176b,CVE-2023-49843
956982314,arkede/cve-2023,CVE-2023-5337.yaml,83cc56dc30587da639120f7d5cd4181ce5261a32,CVE-2023-5337
956982314,arkede/cve-2023,CVE-2023-46777.yaml,83d2ab125829076fa8cb2751bdcafc9fa663e401,CVE-2023-46777
956982314,arkede/cve-2023,CVE-2023-0514_2.yaml,83e4bdf8c1d07c10829415b9ead6ba375e256dc1,CVE-2023-0514
956982314,arkede/cve-2023,CVE-2023-4112.yaml,83fcc25a1c62defd303da0f528ed39e816b17687,CVE-2023-4112
956982314,arkede/cve-2023,CVE-2023-1381.yaml,84089b37cc9b6e0882505295698f3edfad54a96a,CVE-2023-1381
956982314,arkede/cve-2023,CVE-2023-44263.yaml,840d8bf698bbd3d3e3b67bf2284d31b23d6af752,CVE-2023-44263
956982314,arkede/cve-2023,CVE-2023-46818.yaml,840ff6290fe1787273aac3fbd5fa8a9f4e7ac8af,CVE-2023-46818
956982314,arkede/cve-2023,CVE-2023-38035.yaml,8425240a8aa1f323a96276ada6c927bec5245416,CVE-2023-38035
956982314,arkede/cve-2023,CVE-2023-47228.yaml,8426c389e04dd5115c1789438f671845df51700b,CVE-2023-47228
956982314,arkede/cve-2023,CVE-2023-4281.yaml,842832a4a6330914b0b6c1011f6144f83ad1c451,CVE-2023-4281
956982314,arkede/cve-2023,CVE-2023-47643_2.yaml,843ad477f4c0847367fb5b5ea156ebba57372f93,CVE-2023-47643
956982314,arkede/cve-2023,CVE-2023-47643_2.yaml,843ad477f4c0847367fb5b5ea156ebba57372f93,GHSA-FXWW-JQFV-9RRR
956982314,arkede/cve-2023,CVE-2023-4620.yaml,8440fe8941e60d404efff4d0ac1201c740ce949d,CVE-2023-4620
956982314,arkede/cve-2023,CVE-2023-23657.yaml,844555894419bcbe5074b27fb497ac44408dd38d,CVE-2023-23657
956982314,arkede/cve-2023,CVE-2023-52118.yaml,8446e8e5f6c33ee94e50501634d2afd24c62ae61,CVE-2023-52118
956982314,arkede/cve-2023,CVE-2023-51410.yaml,844966e2db88a18f8df0089445f4e6eee351433f,CVE-2023-51410
956982314,arkede/cve-2023,CVE-2023-50968.yaml,844d5620e67bf7a9af304aed0e687d3fb54ac3ae,CVE-2023-50968
956982314,arkede/cve-2023,CVE-2023-27441.yaml,846e05bd2e6adf911c4be7063038df3e4395faa2,CVE-2023-27441
956982314,arkede/cve-2023,CVE-2023-50884.yaml,846eabf849e92b3ccf995e844a4afde64d75d151,CVE-2023-50884
956982314,arkede/cve-2023,CVE-2023-5241.yaml,847743e06934bfe0526b27b297d643e18e3a5ee2,CVE-2023-5241
956982314,arkede/cve-2023,CVE-2023-5922.yaml,848cf20e874f9839e1ca3330d57d1baa9406ac51,CVE-2023-5922
956982314,arkede/cve-2023,CVE-2023-2329.yaml,84a988c0bd9786da88abe8ed90e72e02f97e6e1b,CVE-2023-2329
956982314,arkede/cve-2023,CVE-2023-2545.yaml,84ac4f8aee9f4d52cf63382b1c5becc20ee44be2,CVE-2023-2545
956982314,arkede/cve-2023,CVE-2023-45542.yaml,84bac85e5021fe8a0bed7ce06d26f918e43428f3,CVE-2023-45542
956982314,arkede/cve-2023,CVE-2023-0066.yaml,84bf39bcc6ea80a0311573b15d66baeaad571745,CVE-2023-0066
956982314,arkede/cve-2023,CVE-2023-5798.yaml,84c1fd14697e8dddceb49dea1b47b150aebbf47a,CVE-2023-5798
956982314,arkede/cve-2023,CVE-2023-43371.yaml,84c367133e710314fb63df4eaac646ad18275658,CVE-2023-43371
956982314,arkede/cve-2023,CVE-2023-31071.yaml,84c37811f1401eefa11ab87b2cbd6ddb90be9e8a,CVE-2023-31071
956982314,arkede/cve-2023,CVE-2023-41242.yaml,84cf67b3bdb84995e2d5269d2b42a0673fe1c8e4,CVE-2023-41242
956982314,arkede/cve-2023,CVE-2023-30777_1.yaml,84e1a81ce9f0ad56c8dc4249cab724697ea91a80,CVE-2023-30777
956982314,arkede/cve-2023,CVE-2023-3435.yaml,84e243cef705522421e08f1760b1177644232b91,CVE-2023-3435
956982314,arkede/cve-2023,CVE-2023-3706.yaml,84e7a6e545c142ea8ebe37c1a34f744b1be33b00,CVE-2023-3706
956982314,arkede/cve-2023,CVE-2023-37977.yaml,84ec03d7295844650abc5d123bac9551659ce085,CVE-2023-37977
956982314,arkede/cve-2023,CVE-2023-45764.yaml,850963e58a8a13b654f2be0efbe277067975af71,CVE-2023-45764
956982314,arkede/cve-2023,CVE-2023-35879.yaml,851266c83a1da4e05a92ff18fa1c10e927282afc,CVE-2023-35879
956982314,arkede/cve-2023,CVE-2023-1016.yaml,8513dbc5a947948c727f28ec52d3e75524506be6,CVE-2023-1016
956982314,arkede/cve-2023,CVE-2023-47665.yaml,8551198826d465a7f0ebd0fadb85e09516019a17,CVE-2023-47665
956982314,arkede/cve-2023,CVE-2023-5705.yaml,8551da9f3ddfec0944f8ecac6fb3febfa00ab50f,CVE-2023-5705
956982314,arkede/cve-2023,CVE-2023-2059.yaml,856fa67098cc6c0abe1bb0921e4dd4205bd017ee,CVE-2023-2059
956982314,arkede/cve-2023,CVE-2023-48740.yaml,857cdacb88b830d75c28cb6db17f8c6d8839a982,CVE-2023-48740
956982314,arkede/cve-2023,CVE-2023-44229.yaml,8590cdf65060e415ac99c7954ca349a5003ae372,CVE-2023-44229
956982314,arkede/cve-2023,CVE-2023-0378.yaml,8591c3c5ad85934bb49852f23a3d7135aef163ca,CVE-2023-0378
956982314,arkede/cve-2023,CVE-2023-25788.yaml,85a3e98a25f336b4893307e04fab97fe9ced1b4f,CVE-2023-25788
956982314,arkede/cve-2023,CVE-2023-45747.yaml,85bdeae7afb5fbc0f61695a8a61b600d3cf4139b,CVE-2023-45747
956982314,arkede/cve-2023,CVE-2023-25711.yaml,85e904d7b2f685d8ad65ff253b878d925f8de397,CVE-2023-25711
956982314,arkede/cve-2023,CVE-2023-41642_1.yaml,85e9a87e453bca32dc0d6a26d2bb9cd6ab76cd1b,CVE-2023-41642
956982314,arkede/cve-2023,CVE-2023-41763_1.yaml,85f07f1f1e1cbf13286e651671373096d437ac18,CVE-2023-41763
956982314,arkede/cve-2023,CVE-2023-3118.yaml,85f7d77681eda873b49a986c90c0d7e14371b969,CVE-2023-3118
956982314,arkede/cve-2023,CVE-2023-1420.yaml,85fb36d3aa3d20752487a736c4e0782a04b70d02,CVE-2023-1420
956982314,arkede/cve-2023,CVE-2023-0505.yaml,8623b1c196ce72c2a616d5fb22ba5cbd99db3f6e,CVE-2023-0505
956982314,arkede/cve-2023,CVE-2023-0900.yaml,8639471c463193ad08fe2734cdf41f501fdaa2d5,CVE-2023-0900
956982314,arkede/cve-2023,CVE-2023-26530.yaml,86565030035136730f85904af7c562ff4ff3c13e,CVE-2023-26530
956982314,arkede/cve-2023,CVE-2023-40326.yaml,865918f3da64b3feae8c427c3d4a928357775e88,CVE-2023-40326
956982314,arkede/cve-2023,CVE-2023-31095.yaml,865d6369049c3c932337f97923bf0a7555e0502a,CVE-2023-31095
956982314,arkede/cve-2023,CVE-2023-3292.yaml,8664e15d13b14746e53349199ef9864f35004bde,CVE-2023-3292
956982314,arkede/cve-2023,CVE-2023-49179.yaml,86807d0f8af35938352b92d1cbf82ed21a7731bd,CVE-2023-49179
956982314,arkede/cve-2023,CVE-2023-22620_1.yaml,8684a2d7d57ec48828f6ef1531618c0ecb1da71f,CVE-2023-22620
956982314,arkede/cve-2023,CVE-2023-23820.yaml,868baa8869375d156c7f35567de9a5e02d7f26df,CVE-2023-23820
956982314,arkede/cve-2023,CVE-2023-1869.yaml,86cdc6fe67387a2bdfd2ad1f91771a30dac921f8,CVE-2023-1869
956982314,arkede/cve-2023,CVE-2023-5316.yaml,86e103cf0636c289d0e01a09454eb61c8ba0845e,CVE-2023-5316
956982314,arkede/cve-2023,CVE-2023-4270.yaml,86fb776b97405f6913d3014e3847920ee10fed33,CVE-2023-4270
956982314,arkede/cve-2023,CVE-2023-5672.yaml,871b26fb8de0071880188aad47c39d0e07bc46b6,CVE-2023-5672
956982314,arkede/cve-2023,CVE-2023-32514.yaml,872876ca28e38990430fc8af2fa408872a00ca6c,CVE-2023-32514
956982314,arkede/cve-2023,CVE-2023-1374.yaml,872a47dcc5035d8be9e41125d4b85ae42dc465f8,CVE-2023-1374
956982314,arkede/cve-2023,CVE-2023-1342.yaml,8741129787334999e63b336f914ba80b071b4f91,CVE-2023-1342
956982314,arkede/cve-2023,CVE-2023-50905.yaml,87486b2ceaf38c9aafeb55c6ab873bbbd725df51,CVE-2023-50905
956982314,arkede/cve-2023,CVE-2023-28731.yaml,874c528ab4df5be3456b9b26cd2e280d8abab111,CVE-2023-28731
956982314,arkede/cve-2023,CVE-2023-46641.yaml,875813e7c6ee4517e2c7bbae429c072dee56947a,CVE-2023-46641
956982314,arkede/cve-2023,CVE-2023-30943_1.yaml,875ea831290724243eb57f5c42e8f6acc2ab161c,CVE-2023-30943
956982314,arkede/cve-2023,CVE-2023-49757.yaml,876fd27f61eb1d40d6e6ef91e5340a156cdb84e0,CVE-2023-49757
956982314,arkede/cve-2023,CVE-2023-47182.yaml,87898673c5042a4dca805209ebfb6bbd39ea28cb,CVE-2023-47182
956982314,arkede/cve-2023,CVE-2023-4920.yaml,8793f44a3b9fab04e839dbc76399a77126e3c486,CVE-2023-4920
956982314,arkede/cve-2023,CVE-2023-47811.yaml,879b06514f5110f20b1aac68968ab7c9cdfd77ab,CVE-2023-47811
956982314,arkede/cve-2023,CVE-2023-5618.yaml,879bda2c36aa098f25118e6039015c972146e0b8,CVE-2023-5618
956982314,arkede/cve-2023,CVE-2023-36523.yaml,87a3bca38fe0b93a1eb3ca647ea80992d03b0139,CVE-2023-36523
956982314,arkede/cve-2023,CVE-2023-47246_1.yaml,87b56eba15f5c19a9a03e679fb770600520ea2d1,CVE-2023-47246
956982314,arkede/cve-2023,CVE-2023-3710.yaml,87b87c103c5c883b04d263a82614ad6b052d473e,CVE-2023-3710
956982314,arkede/cve-2023,CVE-2023-1169.yaml,87c8c5c444eded206b480b48615fab83f0693b8c,CVE-2023-1169
956982314,arkede/cve-2023,CVE-2023-32589.yaml,87d5fc7affbbab228e7722e1415e239c718e5404,CVE-2023-32589
956982314,arkede/cve-2023,CVE-2023-3990.yaml,87d732688d4f7bcba9f9da8d400ff20de1a96c8b,CVE-2023-3990
956982314,arkede/cve-2023,CVE-2023-32958.yaml,87ddc705533d771e008465259376288b5ff47e26,CVE-2023-32958
956982314,arkede/cve-2023,CVE-2023-28931.yaml,87eb3fdbfb3e2c29c2ebd7d30a55213b8f868157,CVE-2023-28931
956982314,arkede/cve-2023,CVE-2023-41873.yaml,880697bdd905736b9ed07453fabd66592c8fd926,CVE-2023-41873
956982314,arkede/cve-2023,CVE-2023-44813.yaml,8807d3e1cce247d7ccef3184d516c55213edd2a3,CVE-2023-44813
956982314,arkede/cve-2023,CVE-2023-4521.yaml,880cdc8a57defe788efa9ab2abb4fd27eb93c73b,CVE-2023-4300
956982314,arkede/cve-2023,CVE-2023-4521.yaml,880cdc8a57defe788efa9ab2abb4fd27eb93c73b,CVE-2023-4521
956982314,arkede/cve-2023,CVE-2023-4944.yaml,8815edc100a5897fdc446e651a19687f62480b25,CVE-2023-4944
956982314,arkede/cve-2023,CVE-2023-27061.yaml,881cfa7e13b395964755b102acbfcd69fc199d95,CVE-2023-27061
956982314,arkede/cve-2023,CVE-2023-30473.yaml,882f4f35b093baa0669fa6985af2cb8cd18e4459,CVE-2023-30473
956982314,arkede/cve-2023,CVE-2023-34009.yaml,882fc0689f68466fdadd4a75ee1da97139ae693c,CVE-2023-34009
956982314,arkede/cve-2023,CVE-2023-47810.yaml,8830bc7a9e322499f0c9638f0b21e10d8aafd1c2,CVE-2023-47810
956982314,arkede/cve-2023,CVE-2023-40672.yaml,8837170e9d75e896da3c00b9bf2795956c4660e7,CVE-2023-40672
956982314,arkede/cve-2023,CVE-2023-22679.yaml,883fedb87f86cecb21be58f643bd915e5705f7ea,CVE-2023-22679
956982314,arkede/cve-2023,CVE-2023-6922.yaml,88417a3d1a252941b3e76e74e6f9134ebc6c0893,CVE-2023-6922
956982314,arkede/cve-2023,CVE-2023-32592.yaml,88470d350232ed10768e52615ca510ea99e7d257,CVE-2023-32592
956982314,arkede/cve-2023,CVE-2023-25064.yaml,88550c4e2f9074ace9458060bac1a9bb1b14839b,CVE-2023-25064
956982314,arkede/cve-2023,CVE-2023-50834.yaml,8874c2c23d2cfec5f78adff9abc6d1fe587174eb,CVE-2023-50834
956982314,arkede/cve-2023,CVE-2023-0669.yaml,88762d3d48d422257508cd5cac990839721c0804,CVE-2023-0669
956982314,arkede/cve-2023,CVE-2023-25985.yaml,887a84c8289c60dfd40e8dd6c85ebcc1fc188c50,CVE-2023-25985
956982314,arkede/cve-2023,CVE-2023-47211.yaml,8894e51deeb6296e85a13c51c19ece0a197312f4,CVE-2023-47211
956982314,arkede/cve-2023,CVE-2023-0271.yaml,889d3d2a2858cb140447020cf13bc8a5877368fc,CVE-2023-0271
956982314,arkede/cve-2023,CVE-2023-28791.yaml,88a92b9cc8690f04980e875bc423aa4db4c9bb25,CVE-2023-28791
956982314,arkede/cve-2023,CVE-2023-41659.yaml,88a97518d63c1591a4278589c2eaac1c5f7776e6,CVE-2023-41659
956982314,arkede/cve-2023,CVE-2023-30471.yaml,88aa023ed2f0c62c6ce4c039673b96599ae34ba6,CVE-2023-30471
956982314,arkede/cve-2023,CVE-2023-48773.yaml,88c810269c49df7819fb6e844bf978d4e62ae762,CVE-2023-48773
956982314,arkede/cve-2023,CVE-2023-26476.yaml,88c9af3c316dfa4015397f78b47f0938611b5ba2,CVE-2023-26476
956982314,arkede/cve-2023,CVE-2023-31091.yaml,88deec3cfa099c09b2a36b12a2d9b1d2de916189,CVE-2023-31091
956982314,arkede/cve-2023,CVE-2023-0584.yaml,88eb9e1e769a4a726951c82a9e2cab5712620bdc,CVE-2023-0584
956982314,arkede/cve-2023,CVE-2023-4139.yaml,88ed01044f8a7fd611dcd990a5907002979b9433,CVE-2023-4139
956982314,arkede/cve-2023,CVE-2023-2601.yaml,88f5391783b2f79875b5c04193be38d35441d13a,CVE-2023-2601
956982314,arkede/cve-2023,CVE-2023-35885.yaml,89125bdcbedecee17b483d9ca5f878db840fac42,CVE-2023-35885
956982314,arkede/cve-2023,CVE-2023-34179.yaml,891d1176108c8c91cab9fd164f311388c5a3a3f3,CVE-2023-34179
956982314,arkede/cve-2023,CVE-2023-27064.yaml,8949075297c6139bcdaac4743480acc8dd13d2c9,CVE-2023-27064
956982314,arkede/cve-2023,CVE-2023-0389.yaml,895b3e736bf4be782868dab769bdeb2449b4846f,CVE-2023-0389
956982314,arkede/cve-2023,CVE-2023-34039.yaml,89614606e36cf08573970cf676d52d05d3a3892e,CVE-2023-34039
956982314,arkede/cve-2023,CVE-2023-4821.yaml,896da067bcbe38db06ab7ee76c3f3be0967d864d,CVE-2023-4821
956982314,arkede/cve-2023,CVE-2023-5558.yaml,897b485adfeeb0c3a46028ab0756ac0318a175aa,CVE-2023-5558
956982314,arkede/cve-2023,CVE-2023-5560.yaml,8990cfda21f59776e080af6aa52646ceb4344620,CVE-2023-5560
956982314,arkede/cve-2023,CVE-2023-30487.yaml,8995dd5de42aa2661717a2b59e7c0fa6bcf06fd7,CVE-2023-30487
956982314,arkede/cve-2023,CVE-2023-40983.yaml,89a16b403d37ebbc8dd1d8ee47016130d1e19a63,CVE-2023-40983
956982314,arkede/cve-2023,CVE-2023-37998.yaml,89ac5eb6ac0642c0d4181f126be9dd0443c154bc,CVE-2023-37998
956982314,arkede/cve-2023,CVE-2023-46208.yaml,89b177519e6e4e1b941ce2ddd9cf06fbd366e5ad,CVE-2023-46208
956982314,arkede/cve-2023,CVE-2023-32740.yaml,89c0effecefb86c753440633eaf54d2b985189bb,CVE-2023-32740
956982314,arkede/cve-2023,CVE-2023-35039.yaml,89c6984a44b5112a9420a4daaae8e08745438f71,CVE-2023-35039
956982314,arkede/cve-2023,CVE-2023-47816.yaml,89cc48746d5a06b339c1039d08b6f23b2f6120b2,CVE-2023-47816
956982314,arkede/cve-2023,CVE-2023-3041.yaml,89d27ee3ff03a223a43c520bbb878c87bbed4de7,CVE-2023-3041
956982314,arkede/cve-2023,CVE-2023-52186.yaml,89dd97fc643bd53ada81022f745716870098684e,CVE-2023-52186
956982314,arkede/cve-2023,CVE-2023-2624_2.yaml,89e0f3a15c7da7df8c71d761e17bf1b932f5052d,CVE-2023-2624
956982314,arkede/cve-2023,CVE-2023-31213.yaml,89e5e0426968f416a1b86a91affa625ba359cdf3,CVE-2023-31213
956982314,arkede/cve-2023,CVE-2023-1884.yaml,89fbee33f965415f38f0fdc6a9df0f9c98731945,CVE-2023-1884
956982314,arkede/cve-2023,CVE-2023-44230.yaml,8a10dfc4154849e68a85ffa101603aeb66a1aa86,CVE-2023-44230
956982314,arkede/cve-2023,CVE-2023-0279.yaml,8a2f6ca27a1f5c1a7fd0b7f995d9e14a90b92923,CVE-2023-0279
956982314,arkede/cve-2023,CVE-2023-47185.yaml,8a329f902e4917621c73f0ba1db44b5c518f9cc4,CVE-2023-47185
956982314,arkede/cve-2023,CVE-2023-2280.yaml,8a466a3520f7003703a688cb4259b797f7e274b5,CVE-2023-2280
956982314,arkede/cve-2023,CVE-2023-6799.yaml,8a51b69c35dec4df078e5cdb89feb0c71e9164ca,CVE-2023-6799
956982314,arkede/cve-2023,CVE-2023-23073.yaml,8a56e48c8d4289ebe5104c4d32961bfd302b967b,CVE-2023-23073
956982314,arkede/cve-2023,CVE-2023-5566.yaml,8a5f334aa213f604613a426794adb07de2be974c,CVE-2023-5566
956982314,arkede/cve-2023,CVE-2023-6501.yaml,8a819b2d732c3b2c354749300977ed996d2d67cf,CVE-2023-6501
956982314,arkede/cve-2023,CVE-2023-0631.yaml,8a87014f16e0109663da279527d9aa220048a9b0,CVE-2023-0631
956982314,arkede/cve-2023,CVE-2023-0589.yaml,8a8d97ea4aa6fc5c09e31efc2e317bb4343be11d,CVE-2023-0589
956982314,arkede/cve-2023,CVE-2023-42344.yaml,8a94321d6e52b3e05d8898f4306648431b3b7eef,CVE-2023-42344
956982314,arkede/cve-2023,CVE-2023-36941.yaml,8a96d418b5c80fde0ea570264fd185072523066f,CVE-2023-36941
956982314,arkede/cve-2023,CVE-2023-47781.yaml,8ab8bd248035ffa6c5803fcf2e435932eba2bbab,CVE-2023-47781
956982314,arkede/cve-2023,CVE-2023-5957.yaml,8abfc6e9ebc340fc5200ba787bb6217cca78b44a,CVE-2023-5957
956982314,arkede/cve-2023,CVE-2023-30777_2.yaml,8ace6bd6a36e867e2d020aca85f8d5d0c1499ece,CVE-2023-30777
956982314,arkede/cve-2023,CVE-2023-42398.yaml,8ad036af8d6b33b08d5cf002e4256f5eeb3b5803,CVE-2023-42398
956982314,arkede/cve-2023,CVE-2023-51417.yaml,8ad53a466c2099f9fc6e7d0db373616a426d4244,CVE-2023-51417
956982314,arkede/cve-2023,CVE-2023-25697.yaml,8ae080e0b9e41eba1d8b11722873b6e492ac8e3c,CVE-2023-25697
956982314,arkede/cve-2023,CVE-2023-1263_2.yaml,8af3f6575bbe098350fbbeb872b98d14da856a7c,CVE-2023-1263
956982314,arkede/cve-2023,CVE-2023-5336.yaml,8af8806e8dcb1784dc9c86f860c14de8ecde4c76,CVE-2023-5336
956982314,arkede/cve-2023,CVE-2023-36284.yaml,8b045d86f4ab7fd4d1dfb171450a2cc5bc9d270c,CVE-2023-36284
956982314,arkede/cve-2023,CVE-2023-25991.yaml,8b061bf77555117e81cb14fc384f6e612f908637,CVE-2023-25991
956982314,arkede/cve-2023,CVE-2023-0733.yaml,8b16ea02382344c86906ae2d24071f307cb3735a,CVE-2023-0733
956982314,arkede/cve-2023,CVE-2023-47660.yaml,8b2209dc2c57ea538d097ad3a8e508d8510508ea,CVE-2023-47660
956982314,arkede/cve-2023,CVE-2023-49173.yaml,8b25e28759dfaab76ce5f2a0421b556954a1d1ea,CVE-2023-49173
956982314,arkede/cve-2023,CVE-2023-1126.yaml,8b3ef73dbdb50590c727893620f7084fb96cf936,CVE-2023-1126
956982314,arkede/cve-2023,CVE-2023-47852.yaml,8b40404ecb758e9273f65faeeacb91de45467f71,CVE-2023-47852
956982314,arkede/cve-2023,CVE-2023-49185.yaml,8b40a25bd0269ec624036888e87beee49bfd3320,CVE-2023-49185
956982314,arkede/cve-2023,CVE-2023-29100.yaml,8b6c55c6d1f44c81eff210c72780c518d66bf0f6,CVE-2023-29100
956982314,arkede/cve-2023,CVE-2023-44470.yaml,8b7052b00652fa4461835a6d9978623f2a7617e3,CVE-2023-44470
956982314,arkede/cve-2023,CVE-2023-0717.yaml,8b7216bda18cfcf289cef7694b2a3647ff89a042,CVE-2023-0717
956982314,arkede/cve-2023,CVE-2023-47841.yaml,8b7386fe42834859ea51fe0e22510bfcdfbaba10,CVE-2023-47841
956982314,arkede/cve-2023,CVE-2023-5254.yaml,8b856717811bbf426f5231570752a0b045d147e3,CVE-2023-5254
956982314,arkede/cve-2023,CVE-2023-51696.yaml,8b89a858bfbb55b0c0057c46b876626deee8ec67,CVE-2023-51696
956982314,arkede/cve-2023,CVE-2023-52085_2.yaml,8b9252b4ee0f19700fdbf7777b1865551167c2d8,CVE-2023-52085
956982314,arkede/cve-2023,CVE-2023-52085_2.yaml,8b9252b4ee0f19700fdbf7777b1865551167c2d8,GHSA-2X7R-93WW-CXRQ
956982314,arkede/cve-2023,CVE-2023-5318.yaml,8bb2cb6be464105e425c47d5bb41f93d0f4c5d2c,CVE-2023-5318
956982314,arkede/cve-2023,CVE-2023-6016_1.yaml,8bbe23586f14f74340739cc47d69ae204cf02300,CVE-2023-6018
956982314,arkede/cve-2023,CVE-2023-6016_1.yaml,8bbe23586f14f74340739cc47d69ae204cf02300,CVE-2023-6016
956982314,arkede/cve-2023,CVE-2023-46211.yaml,8bce5cecfc46b7638a7fd632d62007e1e0099822,CVE-2023-46211
956982314,arkede/cve-2023,CVE-2023-48780.yaml,8bddc1462a19ab1eec28cf8ecb56b08df181175a,CVE-2023-48780
956982314,arkede/cve-2023,CVE-2023-25971.yaml,8c05c2cdac73be274e322ef9357e94a3d137b1e6,CVE-2023-25971
956982314,arkede/cve-2023,CVE-2023-22707.yaml,8c0842720e712860877a609d29aafa0620a4f4ed,CVE-2023-22707
956982314,arkede/cve-2023,CVE-2023-29239.yaml,8c15fd505a5743aca02083bcf0cb616d5fd6d15a,CVE-2023-29239
956982314,arkede/cve-2023,CVE-2023-1372.yaml,8c17090d77d121c0beb5775ad243a4b85f7afbfd,CVE-2023-1372
956982314,arkede/cve-2023,CVE-2023-41128.yaml,8c1c05ea0acf211d7753989a671bc11f82d3794e,CVE-2023-41128
956982314,arkede/cve-2023,CVE-2023-6777.yaml,8c28cdf20ce273de7a0179771706e0c08edb587e,CVE-2023-6777
956982314,arkede/cve-2023,CVE-2023-5816.yaml,8c2d7a3615377d699b0f629eccf0988c6f857e62,CVE-2023-5816
956982314,arkede/cve-2023,CVE-2023-21838.yaml,8c2f7a82d2214ad9896a37a38a8d4370866fd96d,CVE-2023-21838
956982314,arkede/cve-2023,CVE-2023-3053.yaml,8c39777e3c7b88b504f0fec1f05c7fafa1471515,CVE-2023-3053
956982314,arkede/cve-2023,CVE-2023-50370.yaml,8c3a62ae36979910a2a8586bc1bd4b3ce0d0acc0,CVE-2023-50370
956982314,arkede/cve-2023,CVE-2023-26543.yaml,8c500ff408d37b4cdd65960c4afba88181eb1a69,CVE-2023-26543
956982314,arkede/cve-2023,CVE-2023-1377.yaml,8c5de3f4f2033a5b4473408875d72dea94c0e954,CVE-2023-1377
956982314,arkede/cve-2023,CVE-2023-1318.yaml,8c63491d351cfd932cf9f48559232ceeed93623f,CVE-2023-1318
956982314,arkede/cve-2023,CVE-2023-3248.yaml,8c699210d22f10f8556f944444848452e386dad1,CVE-2023-3248
956982314,arkede/cve-2023,CVE-2023-5469.yaml,8c6ad22fed5ca3b31dbf70cbbc44601fe298bbad,CVE-2023-5469
956982314,arkede/cve-2023,CVE-2023-24397.yaml,8c6b3effe35e9c495d46198b661fb1a57b960c96,CVE-2023-24397
956982314,arkede/cve-2023,CVE-2023-48336.yaml,8c6edac4ecc08a4f2143506d95d7ccd4b7bae6d5,CVE-2023-48336
956982314,arkede/cve-2023,CVE-2023-0535.yaml,8c7b78d761944fca19f2f3099ff37fe785e0fb51,CVE-2023-0535
956982314,arkede/cve-2023,CVE-2023-7164.yaml,8c915b2fb503fb99c133203b4b32f2fa1cfa458f,CVE-2023-7164
956982314,arkede/cve-2023,CVE-2023-29622.yaml,8cb69a19ac4d87420888c9c421792d321033a04b,CVE-2023-29622
956982314,arkede/cve-2023,CVE-2023-4728.yaml,8cc04f7908ce0d8def4ea7e85f53fe2d7a1d9270,CVE-2023-4728
956982314,arkede/cve-2023,CVE-2023-24411.yaml,8cc2924599397d7fbea7fdf7b00598bf423d7b92,CVE-2023-24411
956982314,arkede/cve-2023,CVE-2023-49840.yaml,8ccf54fa4dcbdd37e84376f22f8d2fa2c71c4930,CVE-2023-49840
956982314,arkede/cve-2023,CVE-2023-23704.yaml,8cd91e689f72ef40b48f907d766d8c7617559024,CVE-2023-23704
956982314,arkede/cve-2023,CVE-2023-2066.yaml,8ce87d8ae151a585c7f40d48d6c585ced129c824,CVE-2023-2066
956982314,arkede/cve-2023,CVE-2023-0600_1.yaml,8ced611a1b904aa3fa713f0cf86b98333a9eee27,CVE-2023-0600
956982314,arkede/cve-2023,CVE-2023-37649.yaml,8d14ddc2e30edf87f60e1112bdfaef8d06ac3457,CVE-2023-37649
956982314,arkede/cve-2023,CVE-2023-41136.yaml,8d278e9bc9cb3c227206abc7ae45c23432555281,CVE-2023-41136
956982314,arkede/cve-2023,CVE-2023-4423.yaml,8d2dfc5f99e943f4ba7f4ab73094af7825e92937,CVE-2023-4423
956982314,arkede/cve-2023,CVE-2023-28413.yaml,8d2e59ce83f880f01a8371a25b2e17f630655bac,CVE-2023-28413
956982314,arkede/cve-2023,CVE-2023-37873.yaml,8d2f577f00add8d204b3476f7e59e929485bf9e9,CVE-2023-37873
956982314,arkede/cve-2023,CVE-2023-39024.yaml,8d54e3409ef301bb329ef20f90696384dda74142,CVE-2023-39024
956982314,arkede/cve-2023,CVE-2023-47760.yaml,8d67c2e5da89783d284e74d4d8eca08d8e589963,CVE-2023-47760
956982314,arkede/cve-2023,CVE-2023-2279.yaml,8d7ffa7e958267658f4eb216b6706d50b1d7ebdc,CVE-2023-2279
956982314,arkede/cve-2023,CVE-2023-0644.yaml,8d82946c7a774854489d2bc49351d601435bac91,CVE-2023-0644
956982314,arkede/cve-2023,CVE-2023-38512.yaml,8d9316f31bdecd0617604e0fc4d375dae2130d7a,CVE-2023-38512
956982314,arkede/cve-2023,CVE-2023-32596.yaml,8d9ceca8536a8b56304f9a3ae4232494f6e4bbd2,CVE-2023-32596
956982314,arkede/cve-2023,CVE-2023-1434.yaml,8d9ea6102d27ff45261b9622412d4a1ab23b96b1,CVE-2023-1434
956982314,arkede/cve-2023,CVE-2023-7232.yaml,8da00e59152acb9e42aaabb8d3ab2d6bb65ad205,CVE-2023-7232
956982314,arkede/cve-2023,CVE-2023-45637.yaml,8da202a92dde20d48b610c83aaef21c02f7ca091,CVE-2023-45637
956982314,arkede/cve-2023,CVE-2023-51397.yaml,8da4936b252c4706f39a80a6ded4aa7902fec575,CVE-2023-51397
956982314,arkede/cve-2023,CVE-2023-49174.yaml,8dbe823f89c31a08fbe089a59934bb6b75841862,CVE-2023-49174
956982314,arkede/cve-2023,CVE-2023-4110.yaml,8de31b4ecfa6475026daebf3c21602fc85df6714,CVE-2023-4110
956982314,arkede/cve-2023,CVE-2023-25966.yaml,8e0af1857e038c29a51df3495100a0fe46d6d797,CVE-2023-25966
956982314,arkede/cve-2023,CVE-2023-49836.yaml,8e16fef5c8f0d28bdf7747e20780283c7628726e,CVE-2023-49836
956982314,arkede/cve-2023,CVE-2023-34008.yaml,8e2e2849b6c4dcca204bca70bafa6593b8d6bf82,CVE-2023-34008
956982314,arkede/cve-2023,CVE-2023-48753.yaml,8e3b02b237aaafc7adf85cedf4a47c1100293dca,CVE-2023-48753
956982314,arkede/cve-2023,CVE-2023-23884.yaml,8e5b48599db194a3065a33ece4b01804a568f37e,CVE-2023-23884
956982314,arkede/cve-2023,CVE-2023-5416.yaml,8e67c55654f60aa37fd35a6524855b7c0b724485,CVE-2023-5416
956982314,arkede/cve-2023,CVE-2023-4115.yaml,8e6f43bb1dffcc6719825add126a88dd0e6ed9d1,CVE-2023-4115
956982314,arkede/cve-2023,CVE-2023-22690.yaml,8e7794dc00f7bef3d28e7723deecd8099b46f4e8,CVE-2023-22690
956982314,arkede/cve-2023,CVE-2023-7247.yaml,8e7c849d060dcd72e9e707555c65161b2f57eabe,CVE-2023-7247
956982314,arkede/cve-2023,CVE-2023-31216.yaml,8e8afea1f5a33947e179bb619e96620c0991b606,CVE-2023-31216
956982314,arkede/cve-2023,CVE-2023-45050.yaml,8e9f8f8bdcd9ae38ac7a8153adcc96f12fd872d9,CVE-2023-45050
956982314,arkede/cve-2023,CVE-2023-2841.yaml,8ea1fca0ad795751aada1caa08b45fe04375c9b3,CVE-2023-2841
956982314,arkede/cve-2023,CVE-2023-2224_3.yaml,8edabb1de6098d2a60da35bd2d9f2198facd35f3,CVE-2023-2224
956982314,arkede/cve-2023,CVE-2023-28778.yaml,8ee98002c1311cf749a00574c2de9391b7554ee9,CVE-2023-28778
956982314,arkede/cve-2023,CVE-2023-40556.yaml,8eead9b344a1f57f086a7c5a6d89988020d676ba,CVE-2023-40556
956982314,arkede/cve-2023,CVE-2023-34379.yaml,8eee13527c4b3010a28ede2083fc5cfe3504683b,CVE-2023-34379
956982314,arkede/cve-2023,CVE-2023-50842.yaml,8ef971e99d28308f127613cadf994740cea08fcb,CVE-2023-50842
956982314,arkede/cve-2023,CVE-2023-5343.yaml,8f048f07eff0be20af7bfd9aaae23d80ff73be2e,CVE-2023-5343
956982314,arkede/cve-2023,CVE-2023-25037.yaml,8f1d10e47671f83b61d6f0361b52684bfc88d1e4,CVE-2023-25037
956982314,arkede/cve-2023,CVE-2023-38519.yaml,8f2ab854104e1eb7388070c669e91e994304dc85,CVE-2023-38519
956982314,arkede/cve-2023,CVE-2023-36516.yaml,8f324b3494192e80e1a96b46f9dfdacca26831fc,CVE-2023-36516
956982314,arkede/cve-2023,CVE-2023-48330.yaml,8f39cf9a059653e1fcbc0098c342f20f4b5a12df,CVE-2023-48330
956982314,arkede/cve-2023,CVE-2023-4888.yaml,8f4f4064309489f0c08ef45ea3b05a1ecf112d8f,CVE-2023-4888
956982314,arkede/cve-2023,CVE-2023-6503.yaml,8f5d507a8db41868836f88462c6435e2a4c3b2f1,CVE-2023-6503
956982314,arkede/cve-2023,CVE-2023-5815.yaml,8f80f94f69bdee4a3d1bbf2d6c2782d458b956c4,CVE-2023-5815
956982314,arkede/cve-2023,CVE-2023-29434.yaml,8f86d09f8d1f77ffa9160e7209a5b91332ed042e,CVE-2023-29434
956982314,arkede/cve-2023,CVE-2023-6813.yaml,8f90962f79fd968f0e9dd1e9504713697ccba80b,CVE-2023-6813
956982314,arkede/cve-2023,CVE-2023-23898.yaml,8f9135c6b6797c5b9100bdb1248a6ee4bf18758f,CVE-2023-23898
956982314,arkede/cve-2023,CVE-2023-6694.yaml,8f9764276395322d21b1be6128d3d164b5caa487,CVE-2023-6694
956982314,arkede/cve-2023,CVE-2023-35078.yaml,8f990ceffbd707473f74a21d3e643bfd285da19e,CVE-2023-35078
956982314,arkede/cve-2023,CVE-2023-3720.yaml,8f9f016f953352fc4e8ca14e139f93937428314e,CVE-2023-3720
956982314,arkede/cve-2023,CVE-2023-5658.yaml,8fce840e90e0b58ccfa62e7cfe153c9b83ed357f,CVE-2023-5658
956982314,arkede/cve-2023,CVE-2023-36677.yaml,8fd2e24b74f9d8f2781265c2bead8e03d4ab8da7,CVE-2023-36677
956982314,arkede/cve-2023,CVE-2023-50880.yaml,8ff06e6a8614f75e7faae0edee66b9696b610dc7,CVE-2023-50880
956982314,arkede/cve-2023,CVE-2023-32520.yaml,8ffa7875ce9195ba4f8eebc0221d71875b51ab5c,CVE-2023-32520
956982314,arkede/cve-2023,CVE-2023-5614.yaml,8ffbe725953d12403bd0ef3db3993aa72abe5492,CVE-2023-5614
956982314,arkede/cve-2023,CVE-2023-44993.yaml,901158f842825e7f3e42c1a70ddfb2a375b79d0c,CVE-2023-44993
956982314,arkede/cve-2023,CVE-2023-6526.yaml,9022ba302199f6b9301e942ef3d54f6c4eb82b9c,CVE-2023-6526
956982314,arkede/cve-2023,CVE-2023-51493.yaml,902303c2df63d5374a3942f53864a05dfdd06ed1,CVE-2023-51493
956982314,arkede/cve-2023,CVE-2023-34033.yaml,902411080d4c2a7c94d5c157893e0232a82c6196,CVE-2023-34033
956982314,arkede/cve-2023,CVE-2023-39026.yaml,903343e09ce1f779bebfa8b243f59c8d13747fec,CVE-2023-39026
956982314,arkede/cve-2023,CVE-2023-33831_1.yaml,9039d56e3d40929fa2315da606309ccd238e8d48,CVE-2023-33831
956982314,arkede/cve-2023,CVE-2023-7173.yaml,903ddd423b95a53cc7024d537c2fea25eead196e,CVE-2023-7173
956982314,arkede/cve-2023,CVE-2023-47253_1.yaml,9043731c077a6d6e3dfe605888031328d28c06e3,CVE-2023-47253
956982314,arkede/cve-2023,CVE-2023-23678.yaml,904be308a5ef9fd3dec0016188052265b9df5a68,CVE-2023-23678
956982314,arkede/cve-2023,CVE-2023-33405.yaml,906d92b268fbbfdad484b0c215f9c02a0a3f3436,CVE-2023-33405
956982314,arkede/cve-2023,CVE-2023-3721.yaml,907718f7fb12cad088fe7b6507bd74352a99f07b,CVE-2023-3721
956982314,arkede/cve-2023,CVE-2023-32578.yaml,907f26a2cfcb5d18989990ae97bddca53a4fcf9c,CVE-2023-32578
956982314,arkede/cve-2023,CVE-2023-5958.yaml,9088e280f335ee6b3a15a4e8d8ea2800ec38c886,CVE-2023-5958
956982314,arkede/cve-2023,CVE-2023-41109_1.yaml,909503a144166c013a019c308f03f54245d977a4,CVE-2023-41109
956982314,arkede/cve-2023,CVE-2023-47241.yaml,909d6b693a34aa3ba27ee02645596cb11ba92558,CVE-2023-47241
956982314,arkede/cve-2023,CVE-2023-29431.yaml,90a530b2f80ebe0172b00082a91b735fc5b08e21,CVE-2023-29431
956982314,arkede/cve-2023,CVE-2023-38391.yaml,90ac17d64cc6a64aa60ac81e04fa7acbdf907a71,CVE-2023-38391
956982314,arkede/cve-2023,CVE-2023-0421.yaml,90b910f465024e24244f07e7ce4b6ffc3c648bd0,CVE-2023-0421
956982314,arkede/cve-2023,CVE-2023-45603.yaml,90ca15e561130d415a4ebe92b31d3f303fbf3363,CVE-2023-45603
956982314,arkede/cve-2023,CVE-2023-4390.yaml,90d5c4474999cc70596c993beae65d4e2e457e34,CVE-2023-4390
956982314,arkede/cve-2023,CVE-2023-30492.yaml,90dcd602bf412c2bb68375a54e0139fb21a36d75,CVE-2023-30492
956982314,arkede/cve-2023,CVE-2023-0331.yaml,90e378df4241173098616ad807154c5978fda684,CVE-2023-0331
956982314,arkede/cve-2023,CVE-2023-29827.yaml,90f368b70e029388425d8a5ce9c20f8653d6b77b,CVE-2023-29827
956982314,arkede/cve-2023,CVE-2023-34260.yaml,90ff327b9a03cb25867fe42b76587ab23471ac19,CVE-2023-34260
956982314,arkede/cve-2023,CVE-2023-5163.yaml,910f9da9a3d91daf3a510d223c467c982c6ad3e3,CVE-2023-5163
956982314,arkede/cve-2023,CVE-2023-23673.yaml,911385747e79cee053512ab5f649400875b38df6,CVE-2023-23673
956982314,arkede/cve-2023,CVE-2023-52220.yaml,9123aca6ae0ac475df1bef5bf8e00b966e0c6cc1,CVE-2023-52220
956982314,arkede/cve-2023,CVE-2023-39700_1.yaml,9129c0e52271b65b3befbd566a9c83d5c6d9b271,CVE-2023-39700
956982314,arkede/cve-2023,CVE-2023-7048.yaml,914b99135f16a369da023c921e7a9640c201d9f7,CVE-2023-7048
956982314,arkede/cve-2023,CVE-2023-23790.yaml,915d5f993661445903717ac7d0a12b1e6ed2edaf,CVE-2023-23790
956982314,arkede/cve-2023,CVE-2023-30475.yaml,915deba7b8d86dd5c75f1f047e0986844e440218,CVE-2023-30475
956982314,arkede/cve-2023,CVE-2023-23791.yaml,915eb3355a23aa038e1cdaae8a85191b9ad85179,CVE-2023-23791
956982314,arkede/cve-2023,CVE-2023-43194.yaml,916b4fbaf701aa5b46b65f804b776b06222058b0,CVE-2023-43194
956982314,arkede/cve-2023,CVE-2023-39598.yaml,917114d0388170955ec40dae46171e56a2c1fb0b,CVE-2023-39598
956982314,arkede/cve-2023,CVE-2023-41847.yaml,9174811e89d482f0259a0aca751716e49198a509,CVE-2023-41847
956982314,arkede/cve-2023,CVE-2023-52175.yaml,917c10b7dbbf2e5cd1a674c6bf96fe6d255caff1,CVE-2023-52175
956982314,arkede/cve-2023,CVE-2023-2254.yaml,91886dc96334bd9e2c2e0fc83c9f0eb6739d2e57,CVE-2023-2254
956982314,arkede/cve-2023,CVE-2023-1730_1.yaml,918e7befadba4f7c4b12f0b3c959f704e9571f2b,CVE-2023-1730
956982314,arkede/cve-2023,CVE-2023-22681.yaml,919ba6ccc15714f552384fe5e465e0a1d19a3011,CVE-2023-22681
956982314,arkede/cve-2023,CVE-2023-2117.yaml,91a7933c6d3b7af6365bdab438409a6b314c22c7,CVE-2023-2117
956982314,arkede/cve-2023,CVE-2023-29171.yaml,91a82fcd6ff183dce73c67a6151151bad939e6c9,CVE-2023-29171
956982314,arkede/cve-2023,CVE-2023-0314.yaml,91b248b2018ba5d3dabcd882b299fb53dda55b08,CVE-2023-0314
956982314,arkede/cve-2023,CVE-2023-28990.yaml,91b60ba14c235875432184b38f76cacfe5efbd2d,CVE-2023-28990
956982314,arkede/cve-2023,CVE-2023-28419.yaml,91b646d3a5d0346794dad5e3b6fd7a76405705ea,CVE-2023-28419
956982314,arkede/cve-2023,CVE-2023-23649.yaml,91be9b9512fb22549a499d673c3238a2a4234409,CVE-2023-23649
956982314,arkede/cve-2023,CVE-2023-37890.yaml,91becfd588bfcd2eaf817ac4bcb9e4eb074e9150,CVE-2023-37890
956982314,arkede/cve-2023,CVE-2023-44487.yaml,91c02904069de8f87c7185e982b328ccc3860753,CVE-2023-44487
956982314,arkede/cve-2023,CVE-2023-0377.yaml,91d7ab300c09756cc3cdfc09c2fbcc2764188d3a,CVE-2023-0377
956982314,arkede/cve-2023,CVE-2023-35917.yaml,91ea9355fd2046e071f03a32d8cdfe5829a8ca4b,CVE-2023-35917
956982314,arkede/cve-2023,CVE-2023-4293.yaml,91ec4fe18cff2cacfc8d1737f06c9e44b06abc70,CVE-2023-4293
956982314,arkede/cve-2023,CVE-2023-45657.yaml,91eccced27b22ffde1aaf11cfc11fd3a521cd94d,CVE-2023-45657
956982314,arkede/cve-2023,CVE-2023-2897.yaml,920337a171b9b73f9adfec8b6d43a58e6f95a7da,CVE-2023-2897
956982314,arkede/cve-2023,CVE-2023-6421.yaml,921c1ccbca3d56911933d0097cb4da39e2d80355,CVE-2023-6421
956982314,arkede/cve-2023,CVE-2023-0422.yaml,9222e84b664a0e3e384252fca1722ab7ae2675f5,CVE-2023-0422
956982314,arkede/cve-2023,CVE-2023-0078.yaml,9236366057c30e863b29afe3e0740509df8f55a1,CVE-2023-0078
956982314,arkede/cve-2023,CVE-2023-0892.yaml,9238c7beb4a1a61f24212ff314a6122df3bb1a40,CVE-2023-0892
956982314,arkede/cve-2023,CVE-2023-0367.yaml,923c2cca64c5a3c4b166aca49e271691bbf880e1,CVE-2023-0367
956982314,arkede/cve-2023,CVE-2023-52131.yaml,924d00c68c9afffb2e387d22a33e6fb6b9b2d303,CVE-2023-52131
956982314,arkede/cve-2023,CVE-2023-1269.yaml,924dc12d88420cc6dbdb230d41e408e56d1c010b,CVE-2023-1269
956982314,arkede/cve-2023,CVE-2023-47697.yaml,925744eb003869a8052de3d95a0ac159b22b14be,CVE-2023-47697
956982314,arkede/cve-2023,CVE-2023-7253.yaml,926b154a29997aad44ab1fb54dcd55fed102b102,CVE-2023-7253
956982314,arkede/cve-2023,CVE-2023-1660.yaml,926da2a0557d76cbe4925f69724c94612a70a73a,CVE-2023-1660
956982314,arkede/cve-2023,CVE-2023-41662.yaml,928de44a0c2ab46d0592c0ae339c174d29bc9e9b,CVE-2023-41662
956982314,arkede/cve-2023,CVE-2023-47848.yaml,92914e3c10f4db0d3855c76b4dc9f3b0cbf4f82a,CVE-2023-47848
956982314,arkede/cve-2023,CVE-2023-0094.yaml,92a480e1231184b6c62b3e2bd9a9821f6120f505,CVE-2023-0094
956982314,arkede/cve-2023,CVE-2023-46083.yaml,92a9d00a7b9c03cc63b3950acfeb71694e14d742,CVE-2023-46083
956982314,arkede/cve-2023,CVE-2023-4021.yaml,92b5f07cdecca6b25fa2bcfa5e1220f9f292b3e9,CVE-2023-4021
956982314,arkede/cve-2023,CVE-2023-21932.yaml,92bb05beec480fdf5f699d25557ebf6bc3d5f159,CVE-2023-21932
956982314,arkede/cve-2023,CVE-2023-23873.yaml,92c088bf83271a82f2c55a4bed01570a8eedd75d,CVE-2023-23873
956982314,arkede/cve-2023,CVE-2023-6977_2.yaml,92c599645f0079a1292d86ff4c56dddc787b5818,CVE-2023-6977
956982314,arkede/cve-2023,CVE-2023-38475.yaml,92c5a08fb60ee5dbce43342027da427d958495f2,CVE-2023-38475
956982314,arkede/cve-2023,CVE-2023-25793.yaml,92cd38513f77cead999ea36731d9b56b5ba1d296,CVE-2023-25793
956982314,arkede/cve-2023,CVE-2023-5419.yaml,92d55abf40504b2bf6766fb68c290f52ab6a55fe,CVE-2023-5419
956982314,arkede/cve-2023,CVE-2023-48271.yaml,92e09df3669c04826ee46c1c4450b4b467b7b3d4,CVE-2023-48271
956982314,arkede/cve-2023,CVE-2023-34753.yaml,92ec5b5fd202c75a77f0253122ed3fe827a53fff,CVE-2023-34753
956982314,arkede/cve-2023,CVE-2023-4013.yaml,92fac061530817b16b091df7ecc80faf7639bc44,CVE-2023-4013
956982314,arkede/cve-2023,CVE-2023-48274.yaml,92ff49d5a3efed2d2a2946ce1f641b578622aec6,CVE-2023-48274
956982314,arkede/cve-2023,CVE-2023-6953.yaml,9303b0c6158f07d8dffe84bf62b6ffb026f5d6d6,CVE-2023-6953
956982314,arkede/cve-2023,CVE-2023-38478.yaml,9318eabad5df12aa9906cd6341f172ad03fa3be0,CVE-2023-38478
956982314,arkede/cve-2023,CVE-2023-48760.yaml,93328bc024a6353363fee7d6bc93090c3211b4cb,CVE-2023-48760
956982314,arkede/cve-2023,CVE-2023-35155.yaml,933356a4f970ccd8eead0ae108a56723a06061b6,CVE-2023-35155
956982314,arkede/cve-2023,CVE-2023-47871.yaml,9337d68eaf21e41f73677ccc847ca25f70822fb7,CVE-2023-47871
956982314,arkede/cve-2023,CVE-2023-47822.yaml,9341067ac171274b21b43950bb4b54f4e8525572,CVE-2023-47822
956982314,arkede/cve-2023,CVE-2023-3578_1.yaml,9349ce271818084e58f9b88f251d2ded78b3ef4d,CVE-2023-3578
956982314,arkede/cve-2023,CVE-2023-49166.yaml,93589138648c7d0c55781870a49125d18717ac00,CVE-2023-49166
956982314,arkede/cve-2023,CVE-2023-23830.yaml,9366e54e622fcb2d8834af8f58ca7cf4b1450747,CVE-2023-23830
956982314,arkede/cve-2023,CVE-2023-35158.yaml,93718c34c9acb11a626e4076fe6f21953401b5a4,CVE-2023-35158
956982314,arkede/cve-2023,CVE-2023-6257.yaml,9372e68c7f76453e4598332217fe5bdbeb64ab6d,CVE-2023-6257
956982314,arkede/cve-2023,CVE-2023-37582.yaml,937aa03abb18cda94808aea680926367950434b1,CVE-2023-33246
956982314,arkede/cve-2023,CVE-2023-37582.yaml,937aa03abb18cda94808aea680926367950434b1,CVE-2023-37582
956982314,arkede/cve-2023,CVE-2023-25467.yaml,93815d7113974249f4038ac4ad133c83e3a18e0d,CVE-2023-25467
956982314,arkede/cve-2023,CVE-2023-51406.yaml,9389dbfe76154bdd916ec6ba740334202bc394a1,CVE-2023-51406
956982314,arkede/cve-2023,CVE-2023-25042.yaml,93a29857528f8e9124a4d49d7bb31dea27bc5943,CVE-2023-25042
956982314,arkede/cve-2023,CVE-2023-3105.yaml,93a66dbc849189cecb0cba6e2ff1162522ae6028,CVE-2023-3105
956982314,arkede/cve-2023,CVE-2023-23074.yaml,93ace684747a8d51c86e73a3f17ac4052b8cb6d0,CVE-2023-23074
956982314,arkede/cve-2023,CVE-2023-0563_2.yaml,93aee36718c15680474eddc7ca3dc30523f5cb65,CVE-2023-0563
956982314,arkede/cve-2023,CVE-2023-28499.yaml,93b256577448a272d39eb80f8e3737e7ad3a9280,CVE-2023-28499
956982314,arkede/cve-2023,CVE-2023-5704.yaml,93bf4b8f35363e18bdbdcfb5bf328d4858a42d7d,CVE-2023-5704
956982314,arkede/cve-2023,CVE-2023-5949.yaml,93cac0d05a5a4dac02eae828021111b7d06a6e37,CVE-2023-5949
956982314,arkede/cve-2023,CVE-2023-46310.yaml,93df74956e1e2805a1b4a0d95a1319510dc367d6,CVE-2023-46310
956982314,arkede/cve-2023,CVE-2023-45068.yaml,93ed8034a8bb2704b5f150f81be6f23072c74a5d,CVE-2023-45068
956982314,arkede/cve-2023,CVE-2023-26538.yaml,93f0e3a1bdaf844846ec6542607711b05ec66ab0,CVE-2023-26538
956982314,arkede/cve-2023,CVE-2023-5914.yaml,93f627b753ac975d5a74a2532a42aa9449682207,CVE-2023-5914
956982314,arkede/cve-2023,CVE-2023-5914.yaml,93f627b753ac975d5a74a2532a42aa9449682207,CVE-2023-6184
956982314,arkede/cve-2023,CVE-2023-2742.yaml,9413beea461d35011b93b174f99683f19fe761aa,CVE-2023-2742
956982314,arkede/cve-2023,CVE-2023-6825.yaml,941ad0f83575b05c562c960ddb11ba1155fbf0a7,CVE-2023-6825
956982314,arkede/cve-2023,CVE-2023-49785.yaml,94217b2b02a0b523b66a9fc8f05e8582230bc1cf,CVE-2023-49785
956982314,arkede/cve-2023,CVE-2023-5505.yaml,9439b3105a6e28090dbc860411ddfee680bb2deb,CVE-2023-5505
956982314,arkede/cve-2023,CVE-2023-46209.yaml,943acfaa9c84951d5cc292a2bab01fa3d7220b43,CVE-2023-46209
956982314,arkede/cve-2023,CVE-2023-26776.yaml,943c7ab7a38d2abee24a87bdd26141c196ff4c6b,CVE-2023-26776
956982314,arkede/cve-2023,CVE-2023-2744.yaml,9444730d365bae2a5774ff1055d129d376100278,CVE-2023-2744
956982314,arkede/cve-2023,CVE-2023-4500.yaml,9445bf52e0723b6b254cf83ec77cf1c2c68aa3e8,CVE-2023-4500
956982314,arkede/cve-2023,CVE-2023-27034_1.yaml,9448bd7453de5add70d58e51a73ca084e9108b3d,GHSA-7JR7-V6GV-M656
956982314,arkede/cve-2023,CVE-2023-27034_1.yaml,9448bd7453de5add70d58e51a73ca084e9108b3d,CVE-2023-27034
956982314,arkede/cve-2023,CVE-2023-27607.yaml,945389e5769d0f0a025b63199e6f2cb03bc06dd3,CVE-2023-27607
956982314,arkede/cve-2023,CVE-2023-30625.yaml,9457d6d9d43c8b61808e0030c28178fb2b434ed9,CVE-2023-30625
956982314,arkede/cve-2023,CVE-2023-39120.yaml,9462c57e65e4d5929c6b9f1a18a31a7c9a3eb2db,CVE-2023-39120
956982314,arkede/cve-2023,CVE-2023-5664.yaml,9468d576ee6e096a62efaed003c0440ceba6420e,CVE-2023-5664
956982314,arkede/cve-2023,CVE-2023-5939.yaml,946e49e023ca75769790acab2945845fbb176591,CVE-2023-5939
956982314,arkede/cve-2023,CVE-2023-25993.yaml,946e90f5cf968f7c536177395139bfe065df8ac0,CVE-2023-25993
956982314,arkede/cve-2023,CVE-2023-0602.yaml,947273617f3b7120bbbe549fba807d510fcffe8e,CVE-2023-0602
956982314,arkede/cve-2023,CVE-2023-23687.yaml,947501e6e71dcfe284b40f8b48973ff2378d73b8,CVE-2023-23687
956982314,arkede/cve-2023,CVE-2023-3604.yaml,9483cab12f3ce7c8fdf82a19fb1b24000818865a,CVE-2023-3604
956982314,arkede/cve-2023,CVE-2023-23703.yaml,948f7da97d1603cea94b1e133e6c69031c7620da,CVE-2023-23703
956982314,arkede/cve-2023,CVE-2023-1403.yaml,94978d4219d01ed54d96c6b444b3e5b52d3ee7a1,CVE-2023-1403
956982314,arkede/cve-2023,CVE-2023-6271.yaml,94b9d63323c1dc8ad8f9e9469bef7e26883dc1c7,CVE-2023-6271
956982314,arkede/cve-2023,CVE-2023-27922.yaml,94ce2446fa4529fd70f13d76ca9b50460b4fb907,CVE-2023-27922
956982314,arkede/cve-2023,CVE-2023-2916.yaml,94d3b8429b3c5daf6a558d7fea967356e6e06749,CVE-2023-2916
956982314,arkede/cve-2023,CVE-2023-37728.yaml,94e3e6a1d58838a3301dcc5405f521818de4e443,CVE-2023-37728
956982314,arkede/cve-2023,CVE-2023-33931.yaml,94e8792148b4ad53453fac5ee24dac4655a5075b,CVE-2023-33931
956982314,arkede/cve-2023,CVE-2023-24400.yaml,94f5b68e8e44457f1d6f219a23e1ee8038299a53,CVE-2023-24400
956982314,arkede/cve-2023,CVE-2023-2732_2.yaml,94fb1193e16dc7a359984b16041b8bdcb7bd3dff,CVE-2023-2732
956982314,arkede/cve-2023,CVE-2023-45605.yaml,94fdc1cababa0a93baf1b45f94d6c1a90737fe19,CVE-2023-45605
956982314,arkede/cve-2023,CVE-2023-46207.yaml,9506de1cd9803ffb6025d95bd92ebb7188c57023,CVE-2023-46207
956982314,arkede/cve-2023,CVE-2023-5931.yaml,95140bc50153db92db8bd379c3cd77f3f4f5dcb5,CVE-2023-5931
956982314,arkede/cve-2023,CVE-2023-3845.yaml,951963971fe9f5c3017e4da7127afa601bde2253,CVE-2023-3845
956982314,arkede/cve-2023,CVE-2023-29622_4.yaml,95220befc2b97e63d5c514c0c5a6413e498b8b4a,CVE-2023-29622
956982314,arkede/cve-2023,CVE-2023-5823.yaml,9526173cf4de50ed650fa81ccb0d831c1a38bf6f,CVE-2023-5823
956982314,arkede/cve-2023,CVE-2023-0261_1.yaml,956cf50cda8124e7119e32ebe1b1ae0641ff363b,CVE-2023-0261
956982314,arkede/cve-2023,CVE-2023-45105.yaml,957208773bec20a5bbef1e012d9bc6a81c21e695,CVE-2023-45105
956982314,arkede/cve-2023,CVE-2023-36287_1.yaml,95776d1420538a12d408f6ccd81aa83dc7d21a12,CVE-2023-36287
956982314,arkede/cve-2023,CVE-2023-35885_1.yaml,957a28f9f3f996307f32ae59a9f525b604092de2,CVE-2023-35885
956982314,arkede/cve-2023,CVE-2023-4637.yaml,957cf5c2e8dadeeedd2b43dd77e466cecb15b073,CVE-2023-4637
956982314,arkede/cve-2023,CVE-2023-6567.yaml,95a3a614c9447a687a195719aad0a376088a6506,CVE-2023-6567
956982314,arkede/cve-2023,CVE-2023-41876.yaml,95aba383ea3597e80be3c572e545d92b3b1ed1b7,CVE-2023-41876
956982314,arkede/cve-2023,CVE-2023-28495.yaml,95aff1b6f561f76fa1194cd43c3861b195f80aac,CVE-2023-28495
956982314,arkede/cve-2023,CVE-2023-24387.yaml,95bf54f3e5e151fb25182ae403acce568c30ee61,CVE-2023-24387
956982314,arkede/cve-2023,CVE-2023-6738.yaml,95bfd582125aad3c42c3b022e58b487898f19f6f,CVE-2023-6738
956982314,arkede/cve-2023,CVE-2023-6493.yaml,95c2084ec8e0a05faac9e09e1440409241fb7c72,CVE-2023-6493
956982314,arkede/cve-2023,CVE-2023-6493.yaml,95c2084ec8e0a05faac9e09e1440409241fb7c72,CVE-2023-51491
956982314,arkede/cve-2023,CVE-2023-27008.yaml,95c9067895eee10bff0a763c9d24d3e93c2f2ac5,CVE-2023-27008
956982314,arkede/cve-2023,CVE-2023-6629.yaml,95ec79f749884b839a4babeb4fb07cce2ad2061d,CVE-2023-6629
956982314,arkede/cve-2023,CVE-2023-0503.yaml,95f79103a965da6908c54e0debedb34ab6db0673,CVE-2023-0503
956982314,arkede/cve-2023,CVE-2023-45270.yaml,95f959321b6ee1cbabf3f4819c79ce60bca92bf5,CVE-2023-45270
956982314,arkede/cve-2023,CVE-2023-26457.yaml,9611dc9dccbf035015343dee66d4a2cde55406cd,CVE-2023-26457
956982314,arkede/cve-2023,CVE-2023-25797.yaml,9615b7cb93071384777863e407f674d590d7e36e,CVE-2023-25797
956982314,arkede/cve-2023,CVE-2023-41866.yaml,961bbdc420251cc4013d98556d5ba5cb6b3e7d47,CVE-2023-41866
956982314,arkede/cve-2023,CVE-2023-23488_2_1.yaml,96254b970bc2a47a09fe8a2302ac3f35b55a2c3c,CVE-2023-23488
956982314,arkede/cve-2023,CVE-2023-2964.yaml,96319ddd169a0c44022973d8fb6c2ac1197de1dc,CVE-2023-2964
956982314,arkede/cve-2023,CVE-2023-0900_1.yaml,963be1ca8c5c3c2dabcf49c2f73a408a6c955c65,CVE-2023-0900
956982314,arkede/cve-2023,CVE-2023-0602_1.yaml,963da93d44e1d420917e29807ab00d24da7f4a2a,CVE-2023-0602
956982314,arkede/cve-2023,CVE-2023-22711.yaml,963f5a13c1a6937a926760694ccf9d4c44bbb9fe,CVE-2023-22711
956982314,arkede/cve-2023,CVE-2023-31219.yaml,9643cccb56e3cb28dd7f81626c4dd2505fae89dd,CVE-2023-31219
956982314,arkede/cve-2023,CVE-2023-44478.yaml,964da7a55422bd73f19079bfcd08b0bbd3df6e34,CVE-2023-44478
956982314,arkede/cve-2023,CVE-2023-25346.yaml,965048f4ad11aeda6f846939f42579c044150767,CVE-2023-25346
956982314,arkede/cve-2023,CVE-2023-32108.yaml,9657671351ce4549e5050e16cb851bbbd75ec469,CVE-2023-32108
956982314,arkede/cve-2023,CVE-2023-49186.yaml,9664c01986ad54535dbbe4a381c840ea0f34e3d9,CVE-2023-49186
956982314,arkede/cve-2023,CVE-2023-25471.yaml,9677af083894f72a0151b25e099b893ac247680e,CVE-2023-25471
956982314,arkede/cve-2023,CVE-2023-52178.yaml,967cd58bd03d0b0cb0fd2d165b0bd8ce84266a96,CVE-2023-52178
956982314,arkede/cve-2023,CVE-2023-4823.yaml,9686ce94a60790123c5812f901e4e29eea93674e,CVE-2023-4823
956982314,arkede/cve-2023,CVE-2023-0723.yaml,96939894dfbc67576ee64f86686ee3e0cbe275f9,CVE-2023-0723
956982314,arkede/cve-2023,CVE-2023-5577.yaml,9695f4c6b1a953d202dfd6ae2c72ef3a14cba4bf,CVE-2023-5577
956982314,arkede/cve-2023,CVE-2023-25800.yaml,96a1b992d2c4449581f8c7dd2f8dfacacefd432e,CVE-2023-25800
956982314,arkede/cve-2023,CVE-2023-4961.yaml,96aca64c635736028c330a679268c42091c66744,CVE-2023-4961
956982314,arkede/cve-2023,CVE-2023-7196.yaml,96b7c40067f315dbfcb630df4f88cc6a4862507b,CVE-2023-7196
956982314,arkede/cve-2023,CVE-2023-1124.yaml,96d1d45f77f8bcc6176516018e4e3ec3c6814815,CVE-2023-1124
956982314,arkede/cve-2023,CVE-2023-37392.yaml,96e82fb421c55c1667fc99343a0432f718169bfd,CVE-2023-37392
956982314,arkede/cve-2023,CVE-2023-25799.yaml,96edf4eb52c48e04fd3b7317ac7915975b261788,CVE-2023-25799
956982314,arkede/cve-2023,CVE-2023-28785.yaml,9704d572f4d137db4a0ac1284b2dd6fafce97481,CVE-2023-28785
956982314,arkede/cve-2023,CVE-2023-51529.yaml,970a3ad068009eba12a3040f95e66c9f02698d36,CVE-2023-51529
956982314,arkede/cve-2023,CVE-2023-52142.yaml,970d41079d8b82a89d280e16cb451fcb7336a906,CVE-2023-52142
956982314,arkede/cve-2023,CVE-2023-5177.yaml,9724afc3ee39ef4133be62b4b856ab9adbac894c,CVE-2023-5177
956982314,arkede/cve-2023,CVE-2023-1471.yaml,972753272062a555c6281696e981244fcbb5ec3b,CVE-2023-1471
956982314,arkede/cve-2023,CVE-2023-5355.yaml,97336211af4052abc5f471d487c77c36da17d962,CVE-2023-5355
956982314,arkede/cve-2023,CVE-2023-0899.yaml,9749d0d9a067b960c5d68fcfb87094e5584a5328,CVE-2023-0899
956982314,arkede/cve-2023,CVE-2023-51375.yaml,974b5e289323b1858c81aeece7ab7fa102beda3c,CVE-2023-51375
956982314,arkede/cve-2023,CVE-2023-41564.yaml,975ddd22fb6f558e50ea3d007e4b77fc4f712544,CVE-2023-41564
956982314,arkede/cve-2023,CVE-2023-5974.yaml,975f79e9fcb0e437a8e2626d989cb6b9f54a3bfc,CVE-2023-5974
956982314,arkede/cve-2023,CVE-2023-4922.yaml,976f8e0c19cb51c07841c0bb2dc3747f5b0327e9,CVE-2023-4922
956982314,arkede/cve-2023,CVE-2023-0731.yaml,9776646ead4aafa2d31a1cfb9b3b825d08a9f0a0,CVE-2023-0731
956982314,arkede/cve-2023,CVE-2023-45639.yaml,978c15fd559a139857e4c2966726950f10d28527,CVE-2023-45639
956982314,arkede/cve-2023,CVE-2023-2324.yaml,97969070b768c5316cde12883425f8f7d28d6202,CVE-2023-2324
956982314,arkede/cve-2023,CVE-2023-2517.yaml,97a04fa73075e9affe9fc736ef986254efd5424b,CVE-2023-2517
956982314,arkede/cve-2023,CVE-2023-0212.yaml,97ab65459bc2bc85b61aa68b0adb10c914d927f3,CVE-2023-0212
956982314,arkede/cve-2023,CVE-2023-33929.yaml,97b033911ad84bebf87ff399a6ea6a2d72c4ba6b,CVE-2023-33929
956982314,arkede/cve-2023,CVE-2023-29101.yaml,97b4f42b9db3c62a6eb28f32225735746ebe37f9,CVE-2023-29101
956982314,arkede/cve-2023,CVE-2023-7163.yaml,97c3f3ce11e241d3f0af2c0f406eddbc737ec093,CVE-2023-7163
956982314,arkede/cve-2023,CVE-2023-1024.yaml,97d7c87b3ad232d17b389cb080eb9eca1f57fa18,CVE-2023-1024
956982314,arkede/cve-2023,CVE-2023-45831.yaml,97da809c212e3e935b84cc2e32c1871b622f242f,CVE-2023-45831
956982314,arkede/cve-2023,CVE-2023-29629.yaml,97e448384d84be0f5f0d9931d895cf496d6b7563,CVE-2023-29629
956982314,arkede/cve-2023,CVE-2023-4153.yaml,97e8e979fe70e822c5dee321651915bd0a4afab3,CVE-2023-4153
956982314,arkede/cve-2023,CVE-2023-41851.yaml,97fa4e41040da86ccb86571a2ac8f3f63cf4f98f,CVE-2023-41851
956982314,arkede/cve-2023,CVE-2023-1929.yaml,97fca1dbd825f663c399bf9ea240e80dbec2cd93,CVE-2023-1929
956982314,arkede/cve-2023,CVE-2023-50292.yaml,982e71cbb904c3a3a184e31d3a23d773523be5a4,CVE-2023-50292
956982314,arkede/cve-2023,CVE-2023-25194_1.yaml,983f014b6a00645f0fa2f565a40bd60a972e1eb8,CVE-2023-25194
956982314,arkede/cve-2023,CVE-2023-4290.yaml,984317d87b4e80e37fdd3ecd79a39631bf437a85,CVE-2023-4290
956982314,arkede/cve-2023,CVE-2023-6242.yaml,984f5a16fb967bd7c1b4b5db44a3a1063960ae41,CVE-2023-6242
956982314,arkede/cve-2023,CVE-2023-2715.yaml,9851068a97b4ce4c832f951b18d1a30b000e02cb,CVE-2023-2715
956982314,arkede/cve-2023,CVE-2023-23808.yaml,9857a191635c6fb1b5c99404e9e172dc53e4c3b9,CVE-2023-23808
956982314,arkede/cve-2023,CVE_2023_51467_1.yaml,9878c789d7c85882dd19de5043facfc96af7ea1e,CVE-2023-51467
956982314,arkede/cve-2023,CVE-2023-27293.yaml,988a3bc055b14360a0fa716f7c1d862afb9b0cee,CVE-2023-27293
956982314,arkede/cve-2023,CVE-2023-34004.yaml,9892d43caeb75b2d3e63479899974eb4557c3039,CVE-2023-34004
956982314,arkede/cve-2023,CVE-2023-3933.yaml,989e5d7dbcff8c67fea05bd464f3817683572db0,CVE-2023-3933
956982314,arkede/cve-2023,CVE-2023-49842.yaml,98b90fa42ae7f83db35e211a4c1e41f513ad2a9d,CVE-2023-49842
956982314,arkede/cve-2023,CVE-2023-46192.yaml,98c6d614c8a594d8e1afd57d02205d483350a052,CVE-2023-46192
956982314,arkede/cve-2023,CVE-2023-1809.yaml,98d3574ff64b31150103243c98692fb53a1b78d3,CVE-2023-1809
956982314,arkede/cve-2023,CVE-2023-28986.yaml,98da4fb3e28cd34cdca41b4b7030e09dc8f14fd3,CVE-2023-28986
956982314,arkede/cve-2023,CVE-2023-4808.yaml,990fa639ab6af4d53a8d2bc31834cacc6f13c2d5,CVE-2023-4808
956982314,arkede/cve-2023,CVE-2023-33214.yaml,9916f8c79a391087e40c1759ddff107221925600,CVE-2023-33214
956982314,arkede/cve-2023,CVE-2023-33362.yaml,9917cb57dd637f6a7786154e308b9f6c03b9b0bd,CVE-2023-33362
956982314,arkede/cve-2023,CVE-2023-1196.yaml,991eea6d54c9c3260b152515a753a4f980256b1a,CVE-2023-1196
956982314,arkede/cve-2023,CVE-2023-27461.yaml,9930cbc22fe4ca25423e177ebd7967ff3d447ca0,CVE-2023-27461
956982314,arkede/cve-2023,CVE-2023-23639.yaml,993167208b8f5a59ce1268893fe4b023a0b8cd7d,CVE-2023-23639
956982314,arkede/cve-2023,CVE-2023-5467.yaml,9933e93522968c447c72d9aec88186ce4d559168,CVE-2023-5467
956982314,arkede/cve-2023,CVE-2023-46778.yaml,99377c35ccef35c81977f339f0d439d92103a9ea,CVE-2023-46778
956982314,arkede/cve-2023,CVE-2023-0544.yaml,993d00e0f5b4db720e84c29a45115e24b20e45a7,CVE-2023-0544
956982314,arkede/cve-2023,CVE-2023-47818.yaml,99429754a9a35b63b8d00a893ac87584f1049e60,CVE-2023-47818
956982314,arkede/cve-2023,CVE-2023-46612.yaml,99575bf9174140decb69cc16c8f6e5668035ce3c,CVE-2023-46612
956982314,arkede/cve-2023,CVE-2023-28788.yaml,995df4cb7d36c600a58bff319414a5dfa514dfd3,CVE-2023-28788
956982314,arkede/cve-2023,CVE-2023-2571.yaml,99717d3f9302cbf4594691492b890c34710e4a7a,CVE-2023-2571
956982314,arkede/cve-2023,CVE-2023-37580.yaml,9973b6f117c39ac35bbc7b2bbd2c465f3cac3915,CVE-2023-37580
956982314,arkede/cve-2023,CVE-2023-39918.yaml,99896c1e7cdc4b8f9863675e291d40ae7f197048,CVE-2023-39918
956982314,arkede/cve-2023,CVE-2023-32498.yaml,99926fc74ce62e8826b67d257a6caed2e5aba00d,CVE-2023-32498
956982314,arkede/cve-2023,CVE-2023-52232.yaml,99944d8ca3f4402d0247b64e262689c16776d3d0,CVE-2023-52232
956982314,arkede/cve-2023,CVE-2023-1426.yaml,99a40cdf8c1b315500f1136e9fbe04bdd4a1f95b,CVE-2023-1426
956982314,arkede/cve-2023,CVE-2023-23824.yaml,99af1bdf7e6665e5545d5dec68d0ea71d5df127c,CVE-2023-23824
956982314,arkede/cve-2023,CVE-2023-20888_2.yaml,99b2bd7f57dedcd0a4fa003660be6817b734806f,CVE-2023-20888
956982314,arkede/cve-2023,CVE-2023-27008_1.yaml,99b72f80285fcea1ca809221940b6dd32a511432,CVE-2023-27008
956982314,arkede/cve-2023,CVE-2023-0336.yaml,99b9cf30f6e76742ec5f318eb0a3e5b2d3480cc8,CVE-2023-0336
956982314,arkede/cve-2023,CVE-2023-3848.yaml,99c021b508322275f8be626ac6fc1d2dd57513ef,CVE-2023-3848
956982314,arkede/cve-2023,CVE-2023-51511.yaml,99cef8bd92fe28c1bce0edc21186a7f7147caae0,CVE-2023-51511
956982314,arkede/cve-2023,CVE-2023-4148_1.yaml,99d9cb706be2516854e4eaf6adb2198ceb81d70c,CVE-2023-4148
956982314,arkede/cve-2023,CVE-2023-23726.yaml,99f7346741a8702166cc42cdea66c3919e7dcac6,CVE-2023-23726
956982314,arkede/cve-2023,CVE-2023-27420.yaml,9a01f7f31bcd3a5bbbead3c0b9041993dd4bc34b,CVE-2023-27420
956982314,arkede/cve-2023,CVE-2023-31569.yaml,9a0576a5183776bb07a90cf8eacf24a6caa84cab,CVE-2023-31569
956982314,arkede/cve-2023,CVE-2023-7233.yaml,9a0fdb50ce7ebea565e67c6188c5b43b5864a291,CVE-2023-7233
956982314,arkede/cve-2023,CVE-2023-5209.yaml,9a1655eaa82ebb038c4c336838444aa389c88b49,CVE-2023-5209
956982314,arkede/cve-2023,CVE-2023-45671.yaml,9a245fe9489c74b816d33bcbce8aa226edcdf046,GHSA-JJXC-M35J-P56F
956982314,arkede/cve-2023,CVE-2023-45671.yaml,9a245fe9489c74b816d33bcbce8aa226edcdf046,CVE-2023-45671
956982314,arkede/cve-2023,CVE-2023-46146.yaml,9a4d4d2aa60b1d3907f25a34f234a36936fc4b2e,CVE-2023-46146
956982314,arkede/cve-2023,CVE-2023-6781.yaml,9a5081be136171a46168ed8849f9e048d1db4d97,CVE-2023-6781
956982314,arkede/cve-2023,CVE-2023-51674.yaml,9a6a28ee81d105e8e5200b5035bafbf0192c736f,CVE-2023-51674
956982314,arkede/cve-2023,CVE-2023-41667.yaml,9a77ccf51f76818161932c8e4a95b700854d5efb,CVE-2023-41667
956982314,arkede/cve-2023,CVE-2023-39309.yaml,9a79255fcaf54a67690ff0d117edc5ca2aff6d11,CVE-2023-39309
956982314,arkede/cve-2023,CVE-2023-6049.yaml,9a9285cd374cb5d217136ee8dafdde19f4f45107,CVE-2023-6049
956982314,arkede/cve-2023,CVE-2023-2704.yaml,9a96981fe83f6848546f1af79cb036f73417b6e9,CVE-2023-2704
956982314,arkede/cve-2023,CVE-2023-0749.yaml,9aa0cd2bf30fdcddaa5c3e39b2ac671c98dd9a8a,CVE-2023-0749
956982314,arkede/cve-2023,CVE-2023-25028.yaml,9aaad229dee3db9d6a11fbc4c2bd033dfebbc6a7,CVE-2023-25028
956982314,arkede/cve-2023,CVE-2023-35844.yaml,9aab7e2b8549fcd997683887eceda058c45e97d5,CVE-2023-35844
956982314,arkede/cve-2023,CVE-2023-41798.yaml,9ac6e57faf8fb837a9c4795a4e04a7e16c368372,CVE-2023-41798
956982314,arkede/cve-2023,CVE-2023-44238.yaml,9ac7debd113e0dffac8c4230b22b35d1c3787fb8,CVE-2023-44238
956982314,arkede/cve-2023,CVE-2023-39997.yaml,9acb2c79e9a2745dd937973ba5cf1ead32638f1b,CVE-2023-39997
956982314,arkede/cve-2023,CVE-2023-5076.yaml,9ace6ee1a1dbf8d683b7d24589aa8508384b0e26,CVE-2023-5076
956982314,arkede/cve-2023,CVE-2023-26360_4.yaml,9ae6adc24876a9f0e6eba59879e0cb520015d0c1,CVE-2023-26360
956982314,arkede/cve-2023,CVE-2023-46608.yaml,9af4d65c00e09cf952da75951ea340fae537c6b1,CVE-2023-46608
956982314,arkede/cve-2023,CVE-2023-24385.yaml,9b068863ec7b9ba0ad808ea527d53b637ae79bd9,CVE-2023-24385
956982314,arkede/cve-2023,CVE-2023-23735.yaml,9b097917ac1c4eaa30e7b86a81035bc574077b51,CVE-2023-23735
956982314,arkede/cve-2023,CVE-2023-3947.yaml,9b21cfedf57d76f075cba9803c7e12cb71c8817e,CVE-2023-3947
956982314,arkede/cve-2023,CVE-2023-3011.yaml,9b28c6fbe437f93e72adecee0ec29ba5fe5a3ea4,CVE-2023-3011
956982314,arkede/cve-2023,CVE-2023-41578.yaml,9b2d90a4e84f6274f9c194cf4511ac1150187963,CVE-2023-41578
956982314,arkede/cve-2023,CVE-2023-32126.yaml,9b318581e4e4788fadae1e4d15928bffa7d75314,CVE-2023-32126
956982314,arkede/cve-2023,CVE-2023-4966.yaml,9b3bb1a60cd2279361a7db0ab016976e59d695a9,CVE-2023-4966
956982314,arkede/cve-2023,CVE-2023-51508.yaml,9b443c02d214c5d38f06dbee39d5ccf642b31f2c,CVE-2023-51508
956982314,arkede/cve-2023,CVE-2023-23825.yaml,9b4fdbc1d272b882f673b707d244eee200069e02,CVE-2023-23825
956982314,arkede/cve-2023,CVE-2023-6360_2.yaml,9b52dfd88a2b8324d4beda813c83bfbc1336c218,CVE-2023-6360
956982314,arkede/cve-2023,CVE-2023-49154.yaml,9b5f9452317b1cb3763fd501f0913f0d3dbd21dc,CVE-2023-49154
956982314,arkede/cve-2023,CVE-2023-37889.yaml,9b640219cdd4d4d645b711f66cb2a3af4a1bd3be,CVE-2023-37889
956982314,arkede/cve-2023,CVE-2023-25313.yaml,9b654ebeadaf1afba13b51bd432fd1a90af346bc,CVE-2023-25313
956982314,arkede/cve-2023,CVE-2023-25313.yaml,9b654ebeadaf1afba13b51bd432fd1a90af346bc,GHSA-PGVH-P3G4-86JW
956982314,arkede/cve-2023,CVE-2023-24001.yaml,9b6e95e1901985b87d418cc074502704f7f42a21,CVE-2023-24001
956982314,arkede/cve-2023,CVE-2023-5127.yaml,9b720f5b981ae86e8a38224310ddfff2b03655bd,CVE-2023-5127
956982314,arkede/cve-2023,CVE-2023-3849.yaml,9b73c21b7094d9e9f0d2848503a6f671e2bb87bd,CVE-2023-3849
956982314,arkede/cve-2023,CVE-2023-40668.yaml,9b7d5dc5df76e078240d75e53ed3d38250d512f6,CVE-2023-40668
956982314,arkede/cve-2023,CVE-2023-6524.yaml,9b7de6a46d1d8f4a38d3b9b9b7df62662d1b3bda,CVE-2023-6524
956982314,arkede/cve-2023,CVE-2023–24044.yaml,9bab143468ecb4a0d0fd833f3890c468ffcd4563,CVE-2023-24044
956982314,arkede/cve-2023,CVE-2023-49493.yaml,9bab658c5870dc6149fa19b0e930e53138de4f22,CVE-2023-49493
956982314,arkede/cve-2023,CVE-2023-24383.yaml,9bc56787ea4a2f61c8a4564b1c9b5d7f4be4a8f1,CVE-2023-24383
956982314,arkede/cve-2023,CVE-2023-28154.yaml,9bd1cca2d80feee374dd0d4f64234a74267c6024,CVE-2023-28154
956982314,arkede/cve-2023,CVE-2023-52132.yaml,9bf3d78b65867c6243c551d637ce70cb9679a31b,CVE-2023-52132
956982314,arkede/cve-2023,CVE-2023-0718.yaml,9c0dc1238c177beeba9b05c036f955c35d80d421,CVE-2023-0718
956982314,arkede/cve-2023,CVE-2023-2842.yaml,9c4029d66b908d56b7c162d25ded2a712b18351a,CVE-2023-34002
956982314,arkede/cve-2023,CVE-2023-2842.yaml,9c4029d66b908d56b7c162d25ded2a712b18351a,CVE-2023-2842
956982314,arkede/cve-2023,CVE-2023-49844.yaml,9c515f81e787979c846a3cf44e2a8efffee14e33,CVE-2023-49844
956982314,arkede/cve-2023,CVE-2023-4915.yaml,9c541162d59c1e05846d65b2f75d3c274a1da81a,CVE-2023-4915
956982314,arkede/cve-2023,CVE-2023-49191.yaml,9c5b78eb7343066acdcd754508fc3fef2458216c,CVE-2023-49191
956982314,arkede/cve-2023,CVE-2023-31217.yaml,9c61985fd0570976dd570a8ac9b2a238d35d3fd0,CVE-2023-31217
956982314,arkede/cve-2023,CVE-2023-6214.yaml,9c74611408d60e806bebe4604dfbae953e241f17,CVE-2023-6214
956982314,arkede/cve-2023,CVE-2023-5534.yaml,9c7b973066744087995593ccdad09ad065713447,CVE-2023-5534
956982314,arkede/cve-2023,CVE-2023-47232.yaml,9c83eddfa003c3c59ae68548a8fdae2e2ba758e2,CVE-2023-47232
956982314,arkede/cve-2023,CVE-2023-2709.yaml,9c856d58b2f8fda9f6358136d4fe48598f84bef8,CVE-2023-2709
956982314,arkede/cve-2023,CVE-2023-47695.yaml,9c8cab2d61b80814415825c938edd84162d07b7b,CVE-2023-47695
956982314,arkede/cve-2023,CVE-2023-30499.yaml,9c8dcb0b13996b471c59e53e22b641a38677a8c9,CVE-2023-30499
956982314,arkede/cve-2023,CVE-2023-26842_3.yaml,9c8e112f45ac3f9331026b5384debcd0522284f6,CVE-2023-26842
956982314,arkede/cve-2023,CVE-2023-46632.yaml,9c8e6bb9fafc734181dc6ed4154077e77847b8cb,CVE-2023-46632
956982314,arkede/cve-2023,CVE-2023-0768.yaml,9c999c575f654adc804a7ec53d23ced8be670da1,CVE-2023-0768
956982314,arkede/cve-2023,CVE-2023-44991.yaml,9ca7cf255e8b1e0a1ba5c981309bb1e8a10aa7fb,CVE-2023-44991
956982314,arkede/cve-2023,CVE-2023-6555.yaml,9caae5ebbc75ca3b196c1f98675dea6cdd7dff55,CVE-2023-6555
956982314,arkede/cve-2023,CVE-2023-25464.yaml,9cb2fff6250d6c19ccb3473ef76105a4466480be,CVE-2023-25464
956982314,arkede/cve-2023,CVE-2023-26011.yaml,9cc5b53071cc49e0e96b3782497f767817465006,CVE-2023-26011
956982314,arkede/cve-2023,CVE-2023-51691.yaml,9cca46d3d5a42f2ec9162e24487aacd15f22517b,CVE-2023-51691
956982314,arkede/cve-2023,CVE-2023-2982.yaml,9cedb0411e86004cfa66c75629847a8267266235,CVE-2023-2982
956982314,arkede/cve-2023,CVE-2023-7067.yaml,9cfccd8f2ff1fbd24ebb3b08750fec30945181d8,CVE-2023-7067
956982314,arkede/cve-2023,CVE-2023-1928.yaml,9d03d042aea6d71f0997d2504c296c7547031f21,CVE-2023-1928
956982314,arkede/cve-2023,CVE-2023-4602.yaml,9d0768f14bc35586c198eed9170a99258d2dc475,CVE-2023-4602
956982314,arkede/cve-2023,CVE-2023-3188.yaml,9d0785f13a014107f9c4fea288277dabf8047ed9,CVE-2023-3188
956982314,arkede/cve-2023,CVE-2023-52191.yaml,9d17646881a4d7a42dc32c516e6d5dac3a4cde09,CVE-2023-52191
956982314,arkede/cve-2023,CVE-2023-0453.yaml,9d1d982bb35ff4ece58af636f030fc15cca8a8ca,CVE-2023-0453
956982314,arkede/cve-2023,CVE-2023-45071.yaml,9d309aa8b021f023af6c9643c69a9ade36aac5e1,CVE-2023-45071
956982314,arkede/cve-2023,CVE-2023-34180.yaml,9d47bba2fc4d7ac1b7fd19209434907389656f42,CVE-2023-34180
956982314,arkede/cve-2023,CVE-2023-5048.yaml,9d48553b52896f487eb711731007f30307f2fbce,CVE-2023-5048
956982314,arkede/cve-2023,CVE-2023-33487.yaml,9d48b443a0b5b34ada437d6d2443d31cff95537d,CVE-2023-33487
956982314,arkede/cve-2023,CVE-2023-2779_1.yaml,9d509e4687d753c62893603a17885a4513ec3d67,CVE-2023-2779
956982314,arkede/cve-2023,CVE-2023-37971.yaml,9d563c1ef82f23d3f579880e9468770020a58856,CVE-2023-37971
956982314,arkede/cve-2023,CVE-2023-0272.yaml,9d5bdd6eb5936a7547c4c48d27febed2d9305502,CVE-2023-0272
956982314,arkede/cve-2023,CVE-2023-6598.yaml,9d6f9a166cc2a38c3f8363e63b42870904eb85c0,CVE-2023-6598
956982314,arkede/cve-2023,CVE-2023-5907.yaml,9d739f0ddd283ada7d2756d6fc409cee1898c74c,CVE-2023-5907
956982314,arkede/cve-2023,CVE-2023-25715.yaml,9d75674cc6d16a8010fe61b3921b76227514be39,CVE-2023-25715
956982314,arkede/cve-2023,CVE-2023-0602_2.yaml,9d8ef15666ecd4dc173b13ea5aeed965527e7a00,CVE-2023-0602
956982314,arkede/cve-2023,CVE-2023-51425.yaml,9d9c6d11108ce9623fc7f843f22e244bd587c41d,CVE-2023-51425
956982314,arkede/cve-2023,Cve-2023-23752.yaml,9d9d7f45b50837196c39fda7a218d094a42af504,CVE-2023-23752
956982314,arkede/cve-2023,Cve-2023-23752.yaml,9d9d7f45b50837196c39fda7a218d094a42af504,CVE-2023-23552
956982314,arkede/cve-2023,CVE-2023-23989.yaml,9da841e6a4c4bbf0480f6c206dd3aab501143e25,CVE-2023-23989
956982314,arkede/cve-2023,CVE-2023-23705.yaml,9dacc05f1247f40975b2de99bcb5d5719fe50d27,CVE-2023-23705
956982314,arkede/cve-2023,CVE-2023-50377.yaml,9dd7a9a1cb64f1a899e0129dd4e1cc002eb36953,CVE-2023-50377
956982314,arkede/cve-2023,CVE-2023-5383.yaml,9de0030decf34ca078054b7f57a3c85a288b6fd4,CVE-2023-5383
956982314,arkede/cve-2023,CVE-2023-6645.yaml,9df0104c2a1026b4738cc51fe33e58c853614f3d,CVE-2023-6645
956982314,arkede/cve-2023,CVE-2023-0554.yaml,9df4ec356a8cbf43ec587148e57787b54c364a7d,CVE-2023-0554
956982314,arkede/cve-2023,CVE-2023-50860.yaml,9e0b7ed55ad0e073c3f91ae33f0c5ff3c37a5baf,CVE-2023-50860
956982314,arkede/cve-2023,CVE-2023-34377.yaml,9e29dc99e491350273054e5f4feb58771fd2655d,CVE-2023-34377
956982314,arkede/cve-2023,CVE-2023-25983.yaml,9e311e9100f73ba9081d792177f956736dbf7ce2,CVE-2023-25983
956982314,arkede/cve-2023,CVE-2023-25279.yaml,9e3f5bed7fd725a20e092a87b0113b3bea986116,CVE-2023-25279
956982314,arkede/cve-2023,CVE-2023-40010.yaml,9e41900900f10a517e476a902a7ab017dfc5bd5c,CVE-2023-40010
956982314,arkede/cve-2023,CVE-2023-45768.yaml,9e5bb13c2b1d8494b60cbe4672f899c9b2544160,CVE-2023-45768
956982314,arkede/cve-2023,CVE-2023-51358.yaml,9e62d89da52af0c5d7138603f4131e41e41fed5e,CVE-2023-51358
956982314,arkede/cve-2023,CVE-2023-46782.yaml,9e7a9fecf17141d6ca086ad326bc2a965bb62cbe,CVE-2023-46782
956982314,arkede/cve-2023,CVE-2023-23653.yaml,9e7ad4e4f9f5071f798ac9ecb25ec66969f2f2fd,CVE-2023-23653
956982314,arkede/cve-2023,CVE-2023-5532.yaml,9e7d3e8abb2d41cc6bd3ffb0d19ac55b4191182f,CVE-2023-5532
956982314,arkede/cve-2023,CVE-2023-26537.yaml,9e839623cb2dfb80f2128ac88c38341af3b7f062,CVE-2023-26537
956982314,arkede/cve-2023,CVE-2023-35094.yaml,9e84a4a6ddb43912d139e4a60010ed2232f28e7f,CVE-2023-35094
956982314,arkede/cve-2023,CVE-2023-25980.yaml,9e8b1a4a8337f05d36a37dd5a193e2ee03f3857e,CVE-2023-25980
956982314,arkede/cve-2023,CVE-2023-45833.yaml,9e9012cb0b064d942eaa7f000a46b1fe06275b20,CVE-2023-45833
956982314,arkede/cve-2023,CVE-2023-47526.yaml,9e97215223d3e2bf0a87cef3ea6fd75a2d9b393b,CVE-2023-47526
956982314,arkede/cve-2023,CVE-2023-48322.yaml,9e984ea796fb8e519d7e4e191449a723450c09f2,CVE-2023-48322
956982314,arkede/cve-2023,CVE-2023-21964.yaml,9ebbbf63cd177f85789a2e3e1dfc69f4d0037647,CVE-2023-21964
956982314,arkede/cve-2023,CVE-2023-34192_2.yaml,9ec18d446637d67669489485e338d8bb08e3e95a,CVE-2023-34192
956982314,arkede/cve-2023,CVE-2023-36144.yaml,9ec6d27181c64483fa5d730bb8b1476754af6d78,CVE-2023-36144
956982314,arkede/cve-2023,CVE-2023-2492.yaml,9ec8d2e8536e36a31bdcf602ae2be706f0c4fbba,CVE-2023-2492
956982314,arkede/cve-2023,CVE-2023-30750.yaml,9ed67ac16c058f6b3ac90edf0b53402c1de0aa71,CVE-2023-30750
956982314,arkede/cve-2023,CVE-2023-47789.yaml,9edd8198c2d52500babc47a60ea39340fe46cef4,CVE-2023-47789
956982314,arkede/cve-2023,CVE-2023-50720.yaml,9ee7acb29dea66096e2631377c6353f81d34e998,CVE-2023-50720
956982314,arkede/cve-2023,CVE-2023-41236.yaml,9eefd40d91137494545684052c2eef8e1015d06d,CVE-2023-41236
956982314,arkede/cve-2023,CVE-2023-5744.yaml,9ef57ffb4cb8c8022ff6247f417208f80bc06b4a,CVE-2023-5744
956982314,arkede/cve-2023,CVE-2023-7288.yaml,9f0a6e2bb5e179d2ff9f94460d5c1a59b18ef989,CVE-2023-7288
956982314,arkede/cve-2023,CVE-2023-6732.yaml,9f21152f1de643d72fb54e5de22b1eea7493171e,CVE-2023-6732
956982314,arkede/cve-2023,CVE-2023-52177.yaml,9f33868325ce427b64eb7052b92a670bcbdcfeb8,CVE-2023-52177
956982314,arkede/cve-2023,CVE-2023-49178.yaml,9f62f208eee5ff17425429ddcafef311b8740b1c,CVE-2023-49178
956982314,arkede/cve-2023,CVE-2023-44246.yaml,9f711123a5c8db8da039004b662468ce004f8b38,CVE-2023-44246
956982314,arkede/cve-2023,CVE-2023-2803.yaml,9f80804e1ee5821e9f683bd43ae2655afff85ff7,CVE-2023-2803
956982314,arkede/cve-2023,CVE-2023-2600.yaml,9f83e7b8356bebd2cb3d51d89a0c0108bd5085e9,CVE-2023-2600
956982314,arkede/cve-2023,CVE-2023-46643.yaml,9f83fe3156e2aac093f0e6f7b43fd6e835e346dd,CVE-2023-46643
956982314,arkede/cve-2023,CVE-2023-28784.yaml,9f8e9025c256fb71f0184555052a9fa97556cecd,CVE-2023-28784
956982314,arkede/cve-2023,CVE-2023-2628.yaml,9f972bed9427b894688d8cd032e643ec311120cd,CVE-2023-2628
956982314,arkede/cve-2023,CVE-2023-3965.yaml,9f9940554e8ad1d473a2f47c3bec1e3a9516ee34,CVE-2023-3965
956982314,arkede/cve-2023,CVE-2023-0557.yaml,9fb487faf1cfc46b51edbddd11239bc0a5f6630b,CVE-2023-0557
956982314,arkede/cve-2023,CVE-2023-39001.yaml,9fba4c742fbbda3ea0eaf929ee50cc91bdd92b75,CVE-2023-39001
956982314,arkede/cve-2023,CVE-2023-36680.yaml,9fbd3cbf3ee1ab11d1f48d9e9d5a1a1bfe311ad6,CVE-2023-36680
956982314,arkede/cve-2023,CVE-2023-2949.yaml,9fc7aee0d145a80fbd71cee3ff9e2267e33da980,CVE-2023-2949
956982314,arkede/cve-2023,CVE-2023-3427.yaml,9fd811235febdaf0c958194e147bd9f5cc366fc1,CVE-2023-3427
956982314,arkede/cve-2023,CVE-2023-26539.yaml,9fdbef4d90cd4c72bd3ffdc13636a63022f037b8,CVE-2023-26539
956982314,arkede/cve-2023,CVE-2023-0550.yaml,9ff7e48a5ac83432117ae5cc8aaa7a3c714eb552,CVE-2023-0550
956982314,arkede/cve-2023,CVE-2023-2452.yaml,9fffda7e1b0b23773eb742608564481dbed84fdd,CVE-2023-2452
956982314,arkede/cve-2023,CVE-2023-34753_1.yaml,a00f3be744f311682d287745befc1f2791ff048a,CVE-2023-34753
956982314,arkede/cve-2023,CVE-2023-1282.yaml,a049112f0197ff85589974004ed89e40fe5b9795,CVE-2023-1282
956982314,arkede/cve-2023,CVE-2023-3203.yaml,a051ddbcaaaef19265e9f9d89b209044660c15c2,CVE-2023-3203
956982314,arkede/cve-2023,CVE-2023-5105.yaml,a06c810d5bc15ad94bf38ae81a3545d5a4820032,CVE-2023-5105
956982314,arkede/cve-2023,CVE-2023-47105.yaml,a0717adbb064ec732cbbaf29bb150ad364422688,CVE-2023-47105
956982314,arkede/cve-2023,CVE-2023-47105.yaml,a0717adbb064ec732cbbaf29bb150ad364422688,GHSA-723H-X37G-F8QM
956982314,arkede/cve-2023,CVE-2023-51531.yaml,a07e68fbbfc7413541a1e42999b39fe144c57818,CVE-2023-51531
956982314,arkede/cve-2023,CVE-2023-5911.yaml,a09f17d018bd90ba6d15a2946fd27e78f9466d99,CVE-2023-5911
956982314,arkede/cve-2023,CVE-2023-32511.yaml,a09f6d1ae6a5604d7e6dab68cecff20487101b53,CVE-2023-32511
956982314,arkede/cve-2023,CVE-2023-0098.yaml,a0a947a93edd2254944a098e2e2353599aa81807,CVE-2023-0098
956982314,arkede/cve-2023,CVE-2023-25346_1.yaml,a0a9f98a97a28e946977c00a02dcb0eb7a8fcd46,CVE-2023-25346
956982314,arkede/cve-2023,CVE-2023-0889.yaml,a0afdc6fefc74615ab9480a86cebacf0082c3452,CVE-2023-0889
956982314,arkede/cve-2023,CVE-2023-27587_2.yaml,a0b97ad8bafd98905e0b0e87847d3403fac759a7,CVE-2023-27587
956982314,arkede/cve-2023,CVE-2023-27587_2.yaml,a0b97ad8bafd98905e0b0e87847d3403fac759a7,GHSA-23G5-R34J-MR8G
956982314,arkede/cve-2023,CVE-2023-46091.yaml,a0c7ac585cc16c518b6647f7001ddf0655cc6bcd,CVE-2023-46091
956982314,arkede/cve-2023,CVE-2023-2415.yaml,a0d0f14e76ce4bcff93f0bd8f86a34db5dc3df4e,CVE-2023-2415
956982314,arkede/cve-2023,CVE-2023-4836.yaml,a0e3aed83e2a22fe0981a96505bfe296cba832d7,CVE-2023-4836
956982314,arkede/cve-2023,CVE-2023-44983.yaml,a0e9d34ec9e6154354807d3836dbe83fc6fa7752,CVE-2023-44983
956982314,arkede/cve-2023,CVE-2023-20860.yaml,a0eff783474f34f27ce6733fd4fb09547103584b,CVE-2023-20860
956982314,arkede/cve-2023,CVE-2023-0688.yaml,a11d1ce2cc86866416c21599297cb68ae82b5557,CVE-2023-0688
956982314,arkede/cve-2023,CVE-2023-7236.yaml,a1391af34dad97a230eee65e21116741b4609413,CVE-2023-7236
956982314,arkede/cve-2023,CVE-2023-23821.yaml,a139f6af5861ad594c56575e157b1971cf8b4b76,CVE-2023-23821
956982314,arkede/cve-2023,CVE-2023-5360_2.yaml,a1407c328dde03c4ad324da65c0852425cf1336a,CVE-2023-5360
956982314,arkede/cve-2023,CVE-2023-43795_1.yaml,a14750da396529474d303182bee73893d7f284c9,CVE-2023-43795
956982314,arkede/cve-2023,CVE-2023-43795_1.yaml,a14750da396529474d303182bee73893d7f284c9,GHSA-5PR3-M5HM-9956
956982314,arkede/cve-2023,CVE-2023-45656.yaml,a1481534fbbc48df56428562217f2b7ade80a019,CVE-2023-45656
956982314,arkede/cve-2023,CVE-2023-51372.yaml,a14f98e84e7b978463ca6a4f2213f92f295cbc04,CVE-2023-51372
956982314,arkede/cve-2023,CVE-2023-35040.yaml,a15268354352976c121a502d9013041c23fae0f8,CVE-2023-35040
956982314,arkede/cve-2023,CVE-2023-28659.yaml,a1668a4cdb00b3d479bec197aa922acafdd0bb46,CVE-2023-28659
956982314,arkede/cve-2023,CVE-2023-7062.yaml,a199a23d94bc722c7f828088ca88ab92619a6da9,CVE-2023-7062
956982314,arkede/cve-2023,CVE-2023-7049.yaml,a19a2f32f7021c9cd7885f6f431194af1fa6187b,CVE-2023-7049
956982314,arkede/cve-2023,CVE-2023-24398.yaml,a1a5764f33c2ce4a09005e2d7ca345d3c5fc84eb,CVE-2023-24398
956982314,arkede/cve-2023,CVE-2023-51505.yaml,a1ac3b2ff13f411a98079bcf47eaa32e14a26ac9,CVE-2023-51505
956982314,arkede/cve-2023,CVE-2023-36505.yaml,a1b04495fff5d75301c42cabfae3878ec5a9dd8e,CVE-2023-36505
956982314,arkede/cve-2023,CVE-2023-27443.yaml,a1b59c653d3114dfbf8a4dbf920a1b359329fd5b,CVE-2023-27443
956982314,arkede/cve-2023,CVE-2023-25056.yaml,a1ca0883d5cbb67b45fb203cae6e577eeb51a58b,CVE-2023-25056
956982314,arkede/cve-2023,CVE-2023-34013.yaml,a1ca344a0c07198f959ee81bfa5598dcb4a84030,CVE-2023-34013
956982314,arkede/cve-2023,CVE-2023-35162.yaml,a1e9b6a500700fdc9ad4c23522c022e8ab9e0228,CVE-2023-35162
956982314,arkede/cve-2023,CVE-2023-47825.yaml,a1ede042bf8bb8687ed7c7626a2b36c180a8f384,CVE-2023-47825
956982314,arkede/cve-2023,CVE-2023-6947.yaml,a203941e51b79b362ca4c3e6bcb3058329060dce,CVE-2023-6947
956982314,arkede/cve-2023,CVE-2023-2170.yaml,a2278b059d08b7676a468ba5187e2e0fd0e9423d,CVE-2023-2170
956982314,arkede/cve-2023,CVE-2023-2068.yaml,a22862438bb621b3d1721728631373a3178813b5,CVE-2023-2068
956982314,arkede/cve-2023,CVE-2023-43326.yaml,a251f8ea4cc0c866d9d942ff80ff9b65449f483a,CVE-2023-43326
956982314,arkede/cve-2023,CVE-2023-30745.yaml,a2524d96994e78028148e2b079ff7c36a4b74b43,CVE-2023-30745
956982314,arkede/cve-2023,CVE-2023-39923.yaml,a25fe02e7d9743bcde5ddc525d9579f4479cfd21,CVE-2023-39923
956982314,arkede/cve-2023,CVE-2023-0502.yaml,a26079ee0bd1958355996fd80ebbb62c39a918f0,CVE-2023-0502
956982314,arkede/cve-2023,CVE-2023-32094.yaml,a2647602b3d6406a97615af191516033892d9647,CVE-2023-32094
956982314,arkede/cve-2023,CVE-2023-25453.yaml,a26d5fbbda4eeb16a157c8d6d35a171432e9adf8,CVE-2023-25453
956982314,arkede/cve-2023,CVE-2023-33510.yaml,a280edbd1c1acfede9382deb4138cb4494733edc,CVE-2023-33510
956982314,arkede/cve-2023,CVE-2023-0562_1.yaml,a295f245f0b2c80e21cc61ba5a498207b73a5c59,CVE-2023-0562
956982314,arkede/cve-2023,CVE-2023-31061.yaml,a29abb2d82e50c4eb596087ff3e5ab58343fadae,CVE-2023-31061
956982314,arkede/cve-2023,CVE-2023-38483.yaml,a29c70257acaea04738b32347fe2c6148db673e8,CVE-2023-38483
956982314,arkede/cve-2023,CVE-2023-26843_2.yaml,a29e22aabb4f3c623854b0e2f79c6aaba42bd323,CVE-2023-26843
956982314,arkede/cve-2023,CVE-2023-6164.yaml,a29e826391ee0a0f2c88f5605ef7ad251c922633,CVE-2023-6164
956982314,arkede/cve-2023,CVE-2023-23813.yaml,a29f78c836b83ecc563798547d2faf923789149d,CVE-2023-23813
956982314,arkede/cve-2023,CVE-2023-0085.yaml,a2a75e67b7ce01ec6fb9fb54d3b1c5acf103db0e,CVE-2023-0085
956982314,arkede/cve-2023,CVE-2023-46077.yaml,a2a8502046cf5aba4d788c1476de7e8a27aa3bf5,CVE-2023-46077
956982314,arkede/cve-2023,CVE-2023-51528.yaml,a2b69dcba25983ca333d20a545045813e65194cd,CVE-2023-51528
956982314,arkede/cve-2023,CVE-2023-2779.yaml,a2c3d1b3374252cc5fdc3662d8718a27d9613f46,CVE-2023-2779
956982314,arkede/cve-2023,CVE-2023-2356.yaml,a2c6097d687bfff07fd7e7b0fd676d0febc4022a,CVE-2023-2356
956982314,arkede/cve-2023,CVE-2023-49738.yaml,a2ca9eb36b2cbac4d26a35ef3353224800cd47ce,CVE-2023-49738
956982314,arkede/cve-2023,CVE-2023-4840.yaml,a2f6b759d4b4bab8ddc79b5b18a113150d27da27,CVE-2023-4840
956982314,arkede/cve-2023,CVE-2023-3092.yaml,a2f901d96a468779e07168cb4ae93ebc67ba71b7,CVE-2023-3092
956982314,arkede/cve-2023,CVE-2023-23900.yaml,a3011954e7a144a4a4c6740e27aa96da5ac2d5bc,CVE-2023-23900
956982314,arkede/cve-2023,CVE-2023-3846.yaml,a30cf44dd36ec818f55202c4ea243a01d4a3c513,CVE-2023-3846
956982314,arkede/cve-2023,CVE-2023-0268.yaml,a31d8c4303f9dd07e8e2964752b57d2acdd5f9b6,CVE-2023-0268
956982314,arkede/cve-2023,CVE-2023-7069.yaml,a327b432eecc7cc16679d22c52b9dd66f75bd167,CVE-2023-7069
956982314,arkede/cve-2023,CVE-2023-7019.yaml,a329f04813409b4bcb82cee93f5945c2ef432398,CVE-2023-7019
956982314,arkede/cve-2023,CVE-2023-47758.yaml,a3329442d44676845e1e1af5d6d168ca196401bd,CVE-2023-47758
956982314,arkede/cve-2023,CVE-2023-47787.yaml,a33ac19457041de97e6f1971c94642872451e359,CVE-2023-47787
956982314,arkede/cve-2023,CVE-2023-47767.yaml,a33da9277b7973dc152c9b3dd735ff0126968981,CVE-2023-47767
956982314,arkede/cve-2023,CVE-2023-0162.yaml,a33ff8ef34da2aadeb0e300ea93205d4ab05eb72,CVE-2023-0162
956982314,arkede/cve-2023,CVE-2023-25978.yaml,a3410e29bb0c6d2d398aef9c062cd1c437700766,CVE-2023-25978
956982314,arkede/cve-2023,CVE-2023-22714.yaml,a34234256f60902c4cb4b188e8b03e1efa8c3144,CVE-2023-22714
956982314,arkede/cve-2023,CVE-2023-38433_1.yaml,a36bbc02d17405903a77d1eca481abcde4613ee2,CVE-2023-38433
956982314,arkede/cve-2023,CVE-2023-41856.yaml,a373cd48b4854676745594ecdd0006b747721122,CVE-2023-41856
956982314,arkede/cve-2023,CVE-2023-0993.yaml,a3814dd17b1ad560866a365408aa315b74757d28,CVE-2023-0993
956982314,arkede/cve-2023,CVE-2023-0993.yaml,a3814dd17b1ad560866a365408aa315b74757d28,CVE-2023-0992
956982314,arkede/cve-2023,CVE-2023-5434.yaml,a3a0166faa847d6cf9ff9b984161a90626fe03af,CVE-2023-5434
956982314,arkede/cve-2023,CVE_2023_49442.yaml,a3a2031a9bb7b8cc3f01171f08c5893edda638c7,CVE-2023-49442
956982314,arkede/cve-2023,CVE-2023-0441.yaml,a3a6e40bfb436fa226ea97398fba486813ed1404,CVE-2023-0441
956982314,arkede/cve-2023,CVE-2023-6892.yaml,a3ccb1929c98515095ea3eacff468b48ecc0dc67,CVE-2023-6892
956982314,arkede/cve-2023,CVE-2023-37266.yaml,a3e166321b3c01a57307a09514d44f57b0c7ba59,GHSA-M5Q5-8MFW-P2HR
956982314,arkede/cve-2023,CVE-2023-37266.yaml,a3e166321b3c01a57307a09514d44f57b0c7ba59,CVE-2023-37266
956982314,arkede/cve-2023,CVE-2023-3412.yaml,a3e8afc0ec41a931afbafd998a68112ff7123fb0,CVE-2023-3412
956982314,arkede/cve-2023,CVE-2023-0545.yaml,a3ff46aa583ff9f8179cbd96124162bd3969a2ec,CVE-2023-32120
956982314,arkede/cve-2023,CVE-2023-0545.yaml,a3ff46aa583ff9f8179cbd96124162bd3969a2ec,CVE-2023-0545
956982314,arkede/cve-2023,CVE-2023-6279.yaml,a4027786e9130764d08024a790490575c1bb43ea,CVE-2023-6279
956982314,arkede/cve-2023,CVE-2023-49181.yaml,a403e249d6ebdd41f71af58953602ba7dc59e19e,CVE-2023-49181
956982314,arkede/cve-2023,CVE-2023-37979_1.yaml,a4209a51ed988474bb3f2ac7a5a9c9eec76ddfe4,CVE-2023-37979
956982314,arkede/cve-2023,CVE-2023-29425.yaml,a425f1f3c23ec6eb80fffb84d96fa8b0d79f21c3,CVE-2023-29425
956982314,arkede/cve-2023,CVE-2023-44237.yaml,a429d4c87c7788564da6d324ba16ba6367909f8f,CVE-2023-44237
956982314,arkede/cve-2023,CVE-2023-44261.yaml,a4321c61fb4b4a51925469da87db90b5bc3a9b2a,CVE-2023-44261
956982314,arkede/cve-2023,CVE-2023-0061.yaml,a437943fdfff78a34c5111a38b5f053332fc6678,CVE-2023-0061
956982314,arkede/cve-2023,CVE-2023-47189.yaml,a43e6cb2be615ea4304b8ee436ae2d0d4cdabef0,CVE-2023-47189
956982314,arkede/cve-2023,CVE-2023-25479.yaml,a4523bdff59e55111675c1e69628755672ba1592,CVE-2023-25479
956982314,arkede/cve-2023,CVE-2023-37969.yaml,a45403757731679a9ce4913eef7b04e6b19d9a27,CVE-2023-37969
956982314,arkede/cve-2023,CVE-2023-23155.yaml,a463500eb5410d4aa68428ba63b5649e2db05667,CVE-2023-23155
956982314,arkede/cve-2023,CVE-2023-6023.yaml,a4646f635f8a36bf15d5c1d07cf5e6e787c47cbe,CVE-2023-6023
956982314,arkede/cve-2023,CVE-2023-5611.yaml,a46a3b15111490e9966794274613a3859d27cfc7,CVE-2023-5611
956982314,arkede/cve-2023,CVE-2023-6384.yaml,a4701b74f4846a8635d873ab24f6597c6e483264,CVE-2023-6384
956982314,arkede/cve-2023,CVE-2023-34452.yaml,a47964cee88642159be06368f713f30101114425,CVE-2023-34452
956982314,arkede/cve-2023,CVE-2023-25157_4.yaml,a47b8df2e4f9871518e24d36431cc36466e35e36,CVE-2023-25157
956982314,arkede/cve-2023,CVE-2023-25157_4.yaml,a47b8df2e4f9871518e24d36431cc36466e35e36,GHSA-7G5F-WRX8-5CCF
956982314,arkede/cve-2023,CVE-2023-49759.yaml,a48eb434d5b19474a032e55723414cc9863656d6,CVE-2023-49759
956982314,arkede/cve-2023,CVE-2023-22463.yaml,a495489971448f745539adf4111cbfa55717fcc0,CVE-2023-22463
956982314,arkede/cve-2023,CVE-2023-5192.yaml,a49764ff9eccabaea2ac15cb7bfd519acb9f1c26,CVE-2023-5192
956982314,arkede/cve-2023,CVE-2023-5041.yaml,a49ac8d650540e53860261fd5a77dd93a8470c6d,CVE-2023-5041
956982314,arkede/cve-2023,CVE-2023-20073_1.yaml,a4a0c8334287b9de0a23a72a9878be9caa2a6c68,CVE-2023-20073
956982314,arkede/cve-2023,CVE-2023-50290.yaml,a4a677f475627e96520f0f5e5bde5d3724edb850,CVE-2023-50290
956982314,arkede/cve-2023,CVE-2023-5667.yaml,a4aad86bea88ba5c80f71cd053d3e1c0a35449d9,CVE-2023-5667
956982314,arkede/cve-2023,CVE-2023-33330.yaml,a4ae0341883b863e13961fa45a9f9e1c8b0c36fa,CVE-2023-33330
956982314,arkede/cve-2023,CVE-2023-0548.yaml,a4d04f4946e9d9e975bac9911822a579d461df7a,CVE-2023-0548
956982314,arkede/cve-2023,CVE-2023-6877.yaml,a5028adccb2dc47813544582459217037684eae2,CVE-2023-6877
956982314,arkede/cve-2023,CVE-2023-2082.yaml,a5050a4a162d7f946298cd94caba0d003b897f98,CVE-2023-2082
956982314,arkede/cve-2023,CVE-2023-46147.yaml,a50d61566c077bb3ebec060f21b617ebad418890,CVE-2023-46147
956982314,arkede/cve-2023,CVE-2023-20198_1.yaml,a51d3f58209d7ee5a28087839f7bfe0ba70173c7,CVE-2023-20198
956982314,arkede/cve-2023,CVE-2023-27423.yaml,a521b67867b9a108c148660fe414a7d951b383c6,CVE-2023-27423
956982314,arkede/cve-2023,CVE-2023-41858.yaml,a5242d196c83e033c28b92f78f2867a56a376859,CVE-2023-41858
956982314,arkede/cve-2023,CVE-2023-32800.yaml,a5277af44245e603d42a78f800ed0a204a6fa75f,CVE-2023-32800
956982314,arkede/cve-2023,CVE-2023-5943.yaml,a52f22827f0aae3b8f82329e2b12206af32a3edb,CVE-2023-5943
956982314,arkede/cve-2023,CVE-2023-50892.yaml,a53ae23f74a6dea8009a7b60b17000f6d21cdf3f,CVE-2023-50892
956982314,arkede/cve-2023,CVE-2023-49190.yaml,a53e6420ba17ae5def3a264e52bd6d318accbff1,CVE-2023-49190
956982314,arkede/cve-2023,CVE-2023-49151.yaml,a541b3b712e14f97479e6e3aeea491a7fbd0a71a,CVE-2023-49151
956982314,arkede/cve-2023,CVE-2023-24008.yaml,a54b9cea33f7b3a444f9b9352ba9645b9ed1f712,CVE-2023-24008
956982314,arkede/cve-2023,CVE-2023-46194.yaml,a557c073b6fffa41dbbab66d35002a72ff4341b6,CVE-2023-46194
956982314,arkede/cve-2023,CVE-2023-2555.yaml,a55dd20958787ea480b19e69f8026111b439262e,CVE-2023-2555
956982314,arkede/cve-2023,CVE-2023-28172.yaml,a5689900167b2ddd6ca6f7832a248c14db54436a,CVE-2023-28172
956982314,arkede/cve-2023,CVE-2023-2272.yaml,a56964b32f51c90b4b38e93e5de1d3661036cee1,CVE-2023-2272
956982314,arkede/cve-2023,CVE-2023-1861.yaml,a574228d3768bc7751ea24aa0d723c9706092634,CVE-2023-1861
956982314,arkede/cve-2023,CVE-2023-0370.yaml,a5747cefa47e9e627c3c87b97ae792b9bc8832c1,CVE-2023-0370
956982314,arkede/cve-2023,CVE-2023-23640.yaml,a57db1b9bec5eb3e9562c942488ca23d143fb197,CVE-2023-23640
956982314,arkede/cve-2023,CVE-2023-4514.yaml,a57dcd2b83032b198d1ea4150258801968c0f330,CVE-2023-4514
956982314,arkede/cve-2023,CVE-2023-5238.yaml,a583c77de9914555b03788b5a05657e96e772de5,CVE-2023-5238
956982314,arkede/cve-2023,CVE-2023-35050.yaml,a59b9c44486f6d972b7d5bdedf7025405e1c9a6d,CVE-2023-35050
956982314,arkede/cve-2023,CVE-2023-5119.yaml,a5b211df4b67575cd8b46d3add1a6d1e6b8e08a8,CVE-2023-5119
956982314,arkede/cve-2023,CVE-2023-40552.yaml,a5c71084196a3795b32c1734167f1b1ddd0eda60,CVE-2023-40552
956982314,arkede/cve-2023,CVE-2023-38518.yaml,a5d3d6800ee825417e6eda407b38e64b991567d2,CVE-2023-38518
956982314,arkede/cve-2023,CVE-2023-41948.yaml,a5de3dfdb0e556d1e466d1c42f198ff1987c4044,CVE-2023-41948
956982314,arkede/cve-2023,CVE-2023-6557.yaml,a5e037ef1f50438c52c879bc0a08d985dd87f891,CVE-2023-6557
956982314,arkede/cve-2023,CVE-2023-3369.yaml,a5e451296ef357d7291ddcbdc810c2425de70e12,CVE-2023-3369
956982314,arkede/cve-2023,CVE-2023-23734.yaml,a5ea187545474df3afcd6d3992bb59b22bc39345,CVE-2023-23734
956982314,arkede/cve-2023,CVE-2023-52125.yaml,a6068cb98e71123221fa6d83c1533fe3c89b3dfc,CVE-2023-52125
956982314,arkede/cve-2023,CVE-2023-0154.yaml,a62248f6487b95d36e9682dc2befad6783d9c7a8,CVE-2023-0154
956982314,arkede/cve-2023,CVE-2023-0169.yaml,a625388d9fd8bd850eef5fbc57bcbe6070c5cd94,CVE-2023-0169
956982314,arkede/cve-2023,CVE-2023-22478_1.yaml,a65b40c02a4506378bee485814f98c19b9ac1aa0,GHSA-GQX8-HXMV-C4V4
956982314,arkede/cve-2023,CVE-2023-22478_1.yaml,a65b40c02a4506378bee485814f98c19b9ac1aa0,CVE-2023-22478
956982314,arkede/cve-2023,CVE-2023-0088.yaml,a65e32b769fc9ebeb98bcdbd95ec1bb527085271,CVE-2023-0088
956982314,arkede/cve-2023,CVE-2023-34960_4.yaml,a66475a23377f21213abfe5ced7ddb1f8e3fd0fe,CVE-2023-34960
956982314,arkede/cve-2023,CVE-2023-47780.yaml,a666e5ffdcf5079222261016d42ebd1b2b243363,CVE-2023-47780
956982314,arkede/cve-2023,CVE-2023-51502.yaml,a67737a069ac876c77aba6a014efe1cb13139aef,CVE-2023-51502
956982314,arkede/cve-2023,CVE-2023-0252.yaml,a6827514e3aae2769446a0dff10ba438b8b8e04f,CVE-2023-0252
956982314,arkede/cve-2023,CVE-2023-20198.yaml,a68b890380f7f0ab5561f5c5da86830f3d611b50,CVE-2023-20198
956982314,arkede/cve-2023,CVE-2023-41855.yaml,a690493aca2fd41b7c08b6b7f27284d7303826e4,CVE-2023-41855
956982314,arkede/cve-2023,CVE-2023-6964.yaml,a690e08d916f1057dd18be67ddca55b862795bac,CVE-2023-6964
956982314,arkede/cve-2023,CVE-2023-5099.yaml,a69468ef9be2401b1020d8a0224408f34cd9f9e4,CVE-2023-5099
956982314,arkede/cve-2023,CVE-2023-5114.yaml,a6960635243c1716a7bca89d75dfb220002d3de2,CVE-2023-5114
956982314,arkede/cve-2023,CVE-2023-47550.yaml,a6a677d58c6f062d2f8b787de9581dda64524687,CVE-2023-47550
956982314,arkede/cve-2023,CVE-2023-2122_1.yaml,a6bc912579730f3819aae6040d88cec2f71e633a,CVE-2023-2122
956982314,arkede/cve-2023,CVE-2023-35778.yaml,a6c1349d8444d643f8bdb900a06b7e2b58e0362c,CVE-2023-35778
956982314,arkede/cve-2023,CVE-2023-46191.yaml,a6c714987f6942ef2de57352d71bfae61e4c3eda,CVE-2023-46191
956982314,arkede/cve-2023,CVE-2023-47828.yaml,a6d42031a7f14dce42ed1a9d77094f39c58ea981,CVE-2023-47828
956982314,arkede/cve-2023,CVE-2023-51501.yaml,a6db70decc33296ea38109116c8f845daf295824,CVE-2023-51501
956982314,arkede/cve-2023,CVE-2023-27062.yaml,a6dc1441d453190a7be26cf907f7f59d3208e3dc,CVE-2023-27062
956982314,arkede/cve-2023,CVE-2023-28409.yaml,a6e7dbdf4af324dffabaa454ecf6a3ec7d11f135,CVE-2023-28409
956982314,arkede/cve-2023,CVE-2023-4691.yaml,a6ecfc26ced40b46d03eb4858ad21e75a0088c94,CVE-2023-4691
956982314,arkede/cve-2023,CVE-2023-5120.yaml,a6f72a45df7b48ab1392d42604080fe42c2d9c15,CVE-2023-5120
956982314,arkede/cve-2023,CVE-2023-2493.yaml,a704e6b2efd6256fc9fa8e934778eb46cc595244,CVE-2023-2493
956982314,arkede/cve-2023,CVE-2023-23978.yaml,a705ffd3eeeafe732d61c021231829f8d3c44858,CVE-2023-23978
956982314,arkede/cve-2023,CVE-2023-5417.yaml,a71c4840c47c19775b0813638fe2f523cf0a0d45,CVE-2023-5417
956982314,arkede/cve-2023,CVE-2023-25194_2.yaml,a71cb5f37dae10b973ee75d656d589364f21ddb8,CVE-2023-25194
956982314,arkede/cve-2023,CVE-2023-1669.yaml,a71e2f3d50e17bf9d7c343ea731fa5874ffbbd86,CVE-2023-1669
956982314,arkede/cve-2023,CVE-2023-48193.yaml,a7211016e3eae99c6909b6c0cdac0ebc7d93896c,CVE-2023-48193
956982314,arkede/cve-2023,CVE-2023-6389.yaml,a7282427bf0b644140a785d0a3f4c43fc62c5d7d,CVE-2023-6389
956982314,arkede/cve-2023,CVE-2023-45650.yaml,a72f0a5f9e44f79e77d61e7954608090da83c5a4,CVE-2023-45650
956982314,arkede/cve-2023,CVE-2023-45059.yaml,a73575802a40f6c3995bddbc44235c579c520bcc,CVE-2023-45059
956982314,arkede/cve-2023,CVE-2023-0234.yaml,a7415c20c08d48ccc04a6a35448178d32ffebcc2,CVE-2023-0234
956982314,arkede/cve-2023,CVE-2023-26524.yaml,a742bfb6eb070afc0006f2281afba8ea5e8a058f,CVE-2023-26524
956982314,arkede/cve-2023,CVE-2023-24657_2.yaml,a74e32282a92bcd670fd99eb1f795ebbeb3cfd1f,CVE-2023-24657
956982314,arkede/cve-2023,CVE-2023-25964.yaml,a754522be331360ba32963978a6a5494d5236c3e,CVE-2023-25964
956982314,arkede/cve-2023,CVE-2023-26014.yaml,a757f034ea082260a9c17f02c9ec562c8e51ed8f,CVE-2023-26014
956982314,arkede/cve-2023,CVE-2023-2113.yaml,a75be1c7f7948b7bec958c2601fd88f78f30239c,CVE-2023-2113
956982314,arkede/cve-2023,CVE-2023-5468.yaml,a7646c8e89cab25e9a27dfb4e40ca5f7f42cc415,CVE-2023-5468
956982314,arkede/cve-2023,CVE-2023-5325.yaml,a7841640e218465a9059f77f1427a1c341bb8a35,CVE-2023-5325
956982314,arkede/cve-2023,CVE-2023-35914.yaml,a79131bf858e1f71f1bd1b6dd1021329527e5b12,CVE-2023-35914
956982314,arkede/cve-2023,CVE-2023-4687.yaml,a7922c259798c746e40445828e66cbead483f095,CVE-2023-4687
956982314,arkede/cve-2023,CVE-2023-2173.yaml,a7962ad2f5c39d2bb9b9681f8e5a56706c4b29f6,CVE-2023-2173
956982314,arkede/cve-2023,CVE-2023-47785.yaml,a7ba58224ac7920e8258e212c66e8256c7237eb3,CVE-2023-47785
956982314,arkede/cve-2023,CVE-2023-34386.yaml,a7bcbc3ac80f2178609cd6ffada51e4cc9e8b8b5,CVE-2023-34386
956982314,arkede/cve-2023,CVE-2023-0992.yaml,a7bedaf25b9cdfabe7c2080caaf8fe5051d44d8e,CVE-2023-0992
956982314,arkede/cve-2023,CVE-2023-4067.yaml,a7c0c627dc0176c60a9f42bbbc8fdc06e940745a,CVE-2023-4067
956982314,arkede/cve-2023,CVE-2023-41733.yaml,a7c11cee04b13c343b63beeb0913005ec6b312f5,CVE-2023-41733
956982314,arkede/cve-2023,CVE-2023-45829.yaml,a7c2ec2e2a473aacabcdaa7ee22b2f1af98868e6,CVE-2023-45829
956982314,arkede/cve-2023,CVE-2023-4220_1.yaml,a7cdb3bda5f851ff1dda6c3f88e160f70337a10c,CVE-2023-4220
956982314,arkede/cve-2023,CVE-2023-24526.yaml,a7da7afcc42fd13e95499b2942c9f12c9ab5d444,CVE-2023-24526
956982314,arkede/cve-2023,CVE-2023-31221.yaml,a7dbc8a34a7fd351ae6f6f0946d08cb63e1f5ac4,CVE-2023-31221
956982314,arkede/cve-2023,CVE-2023-34600.yaml,a7e54e302debed15b5f88f37be72d3f164f562ec,CVE-2023-34600
956982314,arkede/cve-2023,CVE-2023-5665.yaml,a7f4cba003b22a58b07c7758a3631bcbae9a6cc3,CVE-2023-5665
956982314,arkede/cve-2023,CVE-2023-4169.yaml,a7ffe2aa21e50739f910488fc911e5b83460ce17,CVE-2023-4169
956982314,arkede/cve-2023,CVE-2023-0514.yaml,a817d3e533395f507d634fe0a0dcc2616ac46a9c,CVE-2023-0514
956982314,arkede/cve-2023,CVE-2023-32603.yaml,a81c36ff5d410d88d0636b73fd38ac51efb9eb34,CVE-2023-32603
956982314,arkede/cve-2023,CVE-2023-4642.yaml,a81c7886a4f945213eaeced81ee6c5a3078c9250,CVE-2023-4642
956982314,arkede/cve-2023,CVE-2023-32582.yaml,a825b7d4d4b0989e4855dc9945fac7f02c196e86,CVE-2023-32582
956982314,arkede/cve-2023,CVE-2023-2482.yaml,a82ed9debcf8a12da4167c0a540e0c7b86a15631,CVE-2023-2482
956982314,arkede/cve-2023,CVE-2023-27632.yaml,a834e937ca728990944912f3f21ea9332c85d697,CVE-2023-27632
956982314,arkede/cve-2023,CVE-2023-50839.yaml,a8405cce203b5b578ed6c1eebb46ae69c5f98261,CVE-2023-50839
956982314,arkede/cve-2023,CVE-2023-42793_1.yaml,a842d71c8b60488cd3dc70eb328d5b70050216bf,CVE-2023-42793
956982314,arkede/cve-2023,CVE-2023-0159_2.yaml,a85107774c5ea63b6f61096087ecf6c5555e60fe,CVE-2023-0159
956982314,arkede/cve-2023,CVE-2023-2321.yaml,a85784c126a93a1cecfe0fe48b4e8bf209a01c42,CVE-2023-2321
956982314,arkede/cve-2023,CVE-2023-36520.yaml,a86035eb9949f06be32d6e795e56971be573aa09,CVE-2023-36520
956982314,arkede/cve-2023,CVE-2023-41131.yaml,a867e676b706db23bcd2183c08593fc53f8e3113,CVE-2023-41131
956982314,arkede/cve-2023,CVE-2023-45268.yaml,a8717e8406d19164dd9b7fda0eb0d28fbf5f40c5,CVE-2023-45268
956982314,arkede/cve-2023,CVE-2023-5971.yaml,a87384f2d98a18adf5612f3c024a3c747919993c,CVE-2023-5971
956982314,arkede/cve-2023,CVE-2023-5057.yaml,a879f5eac68a47fa9252a663f3ced3a8920c637e,CVE-2023-5057
956982314,arkede/cve-2023,CVE-2023-41692.yaml,a87f8b822cc28e848a7b3613c4a70eceac57e18d,CVE-2023-41692
956982314,arkede/cve-2023,CVE-2023-1454_2.yaml,a882db102c7370e2a8358c3b9f37ef4f25311c68,CVE-2023-1454
956982314,arkede/cve-2023,CVE-2023-22004.yaml,a88620e5b05de3b07cb110b35646bd8e6d88da73,CVE-2023-22004
956982314,arkede/cve-2023,CVE-2023-7195.yaml,a88c49ad5d234854236631fdc0f765f5ce5dc220,CVE-2023-7195
956982314,arkede/cve-2023,CVE-2023-27524_1.yaml,a88fb9d85f69836b3bcb45a35d3a0dbb1d04b62b,CVE-2023-27524
956982314,arkede/cve-2023,CVE-2023-30874.yaml,a8936e16d9c49d80a6e260114b8dc3163b8737e7,CVE-2023-30874
956982314,arkede/cve-2023,CVE-2023-29423.yaml,a8b7dce477da4da98eff336de627409c5602824e,CVE-2023-29423
956982314,arkede/cve-2023,CVE-2023-0693.yaml,a8ca6eabc671fe4ee86d48b129b0d6237af1bc60,CVE-2023-0693
956982314,arkede/cve-2023,CVE-2023-26842_2.yaml,a8e888fe71856500458f993a7623c95a5acf2d34,CVE-2023-26842
956982314,arkede/cve-2023,CVE-2023-6875.yaml,a8ed6db435654e0bac4c437920e3dd5f8b1ad73f,CVE-2023-6875
956982314,arkede/cve-2023,CVE-2023-5320.yaml,a8ee6cb5abf0983cf5481d1ba325e40b81462316,CVE-2023-5320
956982314,arkede/cve-2023,CVE-2023-1344.yaml,a8f78a0c6daf6044642a066e2b34862312f086b0,CVE-2023-1344
956982314,arkede/cve-2023,CVE-2023-34659.yaml,a9014425737c33bf137a35bcbd53e673ce7a5b8c,CVE-2023-34659
956982314,arkede/cve-2023,CVE-2023-24657_3.yaml,a91087908c5485a472a35bb8092b214b7bcc7ab1,CVE-2023-24657
956982314,arkede/cve-2023,CVE-2023-23669.yaml,a920116c9850397d6ddb6a87c17662894a6b7448,CVE-2023-23669
956982314,arkede/cve-2023,CVE-2023-1346.yaml,a9256af6cbc756778361dd8bdf634971211da9b6,CVE-2023-1346
956982314,arkede/cve-2023,CVE-2023-36847.yaml,a92a9cebafe5fceb5c2cfa04819cb486235beb9c,CVE-2023-36847
956982314,arkede/cve-2023,CVE-2023-36847.yaml,a92a9cebafe5fceb5c2cfa04819cb486235beb9c,CVE-2023-36844
956982314,arkede/cve-2023,CVE-2023-20864_2.yaml,a942bfcf278ae2437eea0c21b1b7012f253528dd,CVE-2023-20864
956982314,arkede/cve-2023,CVE-2023-25970.yaml,a959ebb4fbf4a3a5c2a2eeebbf08ad8ec1e7e230,CVE-2023-25970
956982314,arkede/cve-2023,CVE-2023-47782.yaml,a95d990a99196b1229022258f30ccb83e3f2cf32,CVE-2023-47782
956982314,arkede/cve-2023,CVE-2023-3084.yaml,a961f31e43af7caf1b57eff74bd34368641de7a9,CVE-2023-3084
956982314,arkede/cve-2023,CVE-2023-32129.yaml,a96c3008c7a9b00e815df68bf3af39d4d1243ff3,CVE-2023-32129
956982314,arkede/cve-2023,CVE-2023-30486.yaml,a97007773e93126dbc0202b8dc7b7b71591c9228,CVE-2023-30486
956982314,arkede/cve-2023,CVE-2023-48122.yaml,a9823d039c6dce6d37f8af74fdc9f4bb14fe0437,CVE-2023-48122
956982314,arkede/cve-2023,CVE-2023-49850.yaml,a984b8c6d67f682228ca023714875c1006ec63a6,CVE-2023-49850
956982314,arkede/cve-2023,CVE-2023-37990.yaml,a98af4477b5c2fb011a8ceb4218baa4ac3df1975,CVE-2023-37990
956982314,arkede/cve-2023,CVE-2023-46617.yaml,a9aa5b1acfc7b499dfc413e061003df0b6925aaa,CVE-2023-46617
956982314,arkede/cve-2023,CVE-2023-26067_1.yaml,a9b18f2101c4ada25295447e64d845c7fb5c4266,ZDI-CAN-19470
956982314,arkede/cve-2023,CVE-2023-26067_1.yaml,a9b18f2101c4ada25295447e64d845c7fb5c4266,CVE-2023-26067
956982314,arkede/cve-2023,CVE-2023-48290.yaml,a9b6b325c4cfe26f080aadcf2ec378ad9545844b,CVE-2023-48290
956982314,arkede/cve-2023,CVE-2023-31059.yaml,a9ba0b711db2a9cc2cb667941fe966494f64cfc7,CVE-2023-31059
956982314,arkede/cve-2023,CVE-2023-1427.yaml,a9ede37c69bb87001467fbb3a97721e0d16b00ae,CVE-2023-1427
956982314,arkede/cve-2023,CVE-2023-31235.yaml,a9f2ed6015097666a1c7cf4b2b047fd2b1f237d5,CVE-2023-31235
956982314,arkede/cve-2023,CVE-2023-23788.yaml,aa07fc252a78c5996a82d11586dc9941d013a31e,CVE-2023-23788
956982314,arkede/cve-2023,CVE-2023-52085_1.yaml,aa1fc00f87c229fda933d8738697fe6899c791ec,CVE-2023-52085
956982314,arkede/cve-2023,CVE-2023-52085_1.yaml,aa1fc00f87c229fda933d8738697fe6899c791ec,GHSA-2X7R-93WW-CXRQ
956982314,arkede/cve-2023,CVE-2023-37984.yaml,aa3072ac035b083e50bc8b652f2b8597c6d0f490,CVE-2023-37984
956982314,arkede/cve-2023,CVE-2023-22672.yaml,aa32bdba2099e6e6e8082d6821b89971f453e1b0,CVE-2023-22672
956982314,arkede/cve-2023,CVE-2023-23789.yaml,aa502549c145b35cd06764dab7d24c90a3da9b14,CVE-2023-23789
956982314,arkede/cve-2023,CVE-2023-51468.yaml,aa6e58c8ce90bb54bdb4b2b3a81ae069c3017c3b,CVE-2023-51468
956982314,arkede/cve-2023,CVE-2023-30481.yaml,aa6e9653ff663dcaed772692ce60e04912634e46,CVE-2023-30481
956982314,arkede/cve-2023,CVE-2023-48751.yaml,aa73d3e3e36b840f1e6b4d3fc43e10d84d31fa7e,CVE-2023-48751
956982314,arkede/cve-2023,CVE-2023-3325.yaml,aa750be4f94fe97738bb84696b7a2df2821f24e0,CVE-2023-3325
956982314,arkede/cve-2023,CVE-2023-2009.yaml,aa7589562ef01c6e7b3b5463dc339ecfcf16651a,CVE-2023-2009
956982314,arkede/cve-2023,CVE-2023-5229.yaml,aa79a776040dcde8ba53c5f0ff97b6f702fc3e5a,CVE-2023-5229
956982314,arkede/cve-2023,CVE-2023-2967.yaml,aa800476f2d1f0e5278193bb706a1003d6f51d56,CVE-2023-2967
956982314,arkede/cve-2023,CVE-2023-25990.yaml,aa85cc3aef8f65fbbdea420dd8fff3f435eba2cf,CVE-2023-25990
956982314,arkede/cve-2023,CVE-2023-35041.yaml,aa8919317c6f7e8c1201fe47a3286e74cc03ff15,CVE-2023-35041
956982314,arkede/cve-2023,CVE-2023-5006.yaml,aa8c1bba1fd6c227b014d5e31e130175a9890213,CVE-2023-5006
956982314,arkede/cve-2023,CVE-2023-50861.yaml,aa8f70b5d8a1da681266c80321a766e13b5c8925,CVE-2023-50861
956982314,arkede/cve-2023,CVE-2023-38480.yaml,aa9f0d14adf88c4ce25f8ab86cca2b7b4e43a1f7,CVE-2023-38480
956982314,arkede/cve-2023,CVE-2023-46313.yaml,aaa440954d84b35bb03faeed7eb7b7c4d0bbddd8,CVE-2023-46313
956982314,arkede/cve-2023,CVE-2023-6971.yaml,aab222884a08e1539ab9896b45b07bfe13e3d3a0,CVE-2023-6971
956982314,arkede/cve-2023,CVE-2023-5713.yaml,aab32897cf9c403afda1607f927dfe3c6c1e746a,CVE-2023-5713
956982314,arkede/cve-2023,CVE-2023-34843.yaml,aab8cf5d4f709de7b9ab3f52a27a7bd3e81185e7,CVE-2023-34843
956982314,arkede/cve-2023,CVE-2023-30780.yaml,aaba61fa925671d8e04ac2cda107bc526f90210c,CVE-2023-30780
956982314,arkede/cve-2023,CVE-2023-41655.yaml,aac6977666806de48c03f5d23d0eef1da4cc8c7c,CVE-2023-41655
956982314,arkede/cve-2023,CVE-2023-49763.yaml,aac6994e1e1b9eb357fecca19ef1c70c52691b54,CVE-2023-49763
956982314,arkede/cve-2023,CVE-2023-45009.yaml,aacd3139a537ef3926934dae0732d940bc0bff16,CVE-2023-45009
956982314,arkede/cve-2023,CVE-2023-52133.yaml,aacf185fd5fc59227e3d7e3dcf8ada8a98ae2e79,CVE-2023-52133
956982314,arkede/cve-2023,CVE-2023-51680.yaml,aaea672c097c49ea401cba437997f3f62283fc8a,CVE-2023-51680
956982314,arkede/cve-2023,CVE-2023-2894.yaml,aaece35bf20e8408f037c8651c63c35845b99283,CVE-2023-2894
956982314,arkede/cve-2023,CVE-2023-32744.yaml,aaf72d3af5cba43a6d6eb42380c328280e4bfff2,CVE-2023-32744
956982314,arkede/cve-2023,CVE-2023-28995.yaml,ab041bdd8ba7ee6a73a29b5a9229a9b89f930683,CVE-2023-28995
956982314,arkede/cve-2023,CVE-2023-4598.yaml,ab1227b23fbc5e5c0b4d3dc946feb409b7d23025,CVE-2023-4598
956982314,arkede/cve-2023,CVE-2023-39677.yaml,ab19af38d50eb3ad48ab435f6aad1cf6bcc5e2ad,CVE-2023-39677
956982314,arkede/cve-2023,CVE-2023-24243.yaml,ab1cd3397241c7c443deac9612ecd0c34ff07155,CVE-2023-24243
956982314,arkede/cve-2023,CVE-2023-43654_1.yaml,ab23cbdbf187bed9af351fa2b8104bf6018f9ea5,CVE-2023-43654
956982314,arkede/cve-2023,CVE-2023-35096.yaml,ab314ab8180489f4383408bbf93c4762f114957f,CVE-2023-35096
956982314,arkede/cve-2023,CVE-2023-52136.yaml,ab341f7713517a60a5ff47fb54ebe0af5ad3102d,CVE-2023-52136
956982314,arkede/cve-2023,CVE-2023-36921.yaml,ab419a05845e8d84a634ba21b71fe06f4505ecfc,CVE-2023-36921
956982314,arkede/cve-2023,CVE-2023-25484.yaml,ab4b394b44bb574703a96aa0805607ac27dc1d5b,CVE-2023-25484
956982314,arkede/cve-2023,CVE-2023-0477.yaml,ab5c03b844e66d9160e4acfd8630cbc6911310d3,CVE-2023-0477
956982314,arkede/cve-2023,CVE-2023-5070.yaml,ab604118868d795bdd82e3d14a110f7a43feab7a,CVE-2023-5070
956982314,arkede/cve-2023,CVE-2023-36690.yaml,ab6333a0707b8d4a86fa42cd61bc72ffbe45b596,CVE-2023-36690
956982314,arkede/cve-2023,CVE-2023-24408.yaml,ab64bf54c60f466c88bf8534631fdbdea0e5b5bb,CVE-2023-24408
956982314,arkede/cve-2023,CVE-2023-51544.yaml,ab6c750f5b3409c7b5fb9328e5571b3fe6f9a175,CVE-2023-51544
956982314,arkede/cve-2023,CVE-2023-50878.yaml,ab7a181a1205c7122a43ae703aaa58fdb6b1df9c,CVE-2023-50878
956982314,arkede/cve-2023,CVE-2023-22692.yaml,ab8a645a083f672e27ce15daf18cd98f654d47b1,CVE-2023-22692
956982314,arkede/cve-2023,CVE-2023-23646.yaml,ab8aa6b132b6bc61494dad8461648c00ebd1e1d2,CVE-2023-23646
956982314,arkede/cve-2023,CVE-2023-0676.yaml,ab9aa83ad67a903ac3b637c271c68c722b8e54ed,CVE-2023-0676
956982314,arkede/cve-2023,CVE-2023-3213.yaml,aba64018c0acd269a5bfc3edccbecd46c31d3972,CVE-2023-3213
956982314,arkede/cve-2023,CVE-2023-1110.yaml,aba98f5e29698985315e6c73a1cecd12660bfb1a,CVE-2023-1110
956982314,arkede/cve-2023,CVE-2023-39314.yaml,abb7a2f2dd1f8fd2b218ead336298b2a10492bc4,CVE-2023-39314
956982314,arkede/cve-2023,CVE-2023-6390.yaml,abde2af9897b6912a78efa544ade35fa9e2679b1,CVE-2023-6390
956982314,arkede/cve-2023,CVE-2023-48329.yaml,abea5fbb35aecb35bc475423a6bcd42b3bf953de,CVE-2023-48329
956982314,arkede/cve-2023,CVE-2023-35912.yaml,ac0f65e4ceae99df3ea980d1a0e954a2f6ecca87,CVE-2023-35912
956982314,arkede/cve-2023,CVE-2023-46203.yaml,ac259cfb9e09587fdfe82cfb692e6944ec6e64cc,CVE-2023-46203
956982314,arkede/cve-2023,CVE-2023-30777.yaml,ac2ccbfdb98d46ef27c5ff9a0af8e03d86ee3ff9,CVE-2023-30777
956982314,arkede/cve-2023,CVE-2023-6923.yaml,ac36c3fc8019b5835401223b687fc826f3a7a1e0,CVE-2023-6923
956982314,arkede/cve-2023,CVE-2023-25463.yaml,ac3ecd6e61651a8a43829ae4c413ec5373e42cb0,CVE-2023-25463
956982314,arkede/cve-2023,CVE-2023-6222.yaml,ac4f234d7d6b695cc475a2189793655d49593cfa,CVE-2023-6222
956982314,arkede/cve-2023,CVE-2023-45103.yaml,ac5810fb5e8983d8c6df635d4f29db46f704db0c,CVE-2023-45103
956982314,arkede/cve-2023,CVE-2023-23489_2_1.yaml,ac62be183de909dcede3f61b31931db2ac338992,CVE-2023-23489
956982314,arkede/cve-2023,CVE-2023-2351.yaml,ac7fbce700e0482d2845c18fc4e04637ff5c0410,CVE-2023-2351
956982314,arkede/cve-2023,CVE-2023-28418.yaml,ac80b9a968c2a86046e17a86cc932650b8a9a320,CVE-2023-28418
956982314,arkede/cve-2023,CVE-2023-38000.yaml,ac854be574fe29ba46fed725db64b1b47332f18f,CVE-2023-38000
956982314,arkede/cve-2023,CVE-2023-41892_1.yaml,ac880d38eca3fbd91ebecc48d720e1eb39590082,GHSA-4W8R-3XRW-V25G
956982314,arkede/cve-2023,CVE-2023-41892_1.yaml,ac880d38eca3fbd91ebecc48d720e1eb39590082,CVE-2023-41892
956982314,arkede/cve-2023,CVE-2023-23713.yaml,ac91037d0e00c26cd7b5883990876f9971d1e09b,CVE-2023-23713
956982314,arkede/cve-2023,CVE-2023-41797.yaml,aca00bfa3f15bc73bad9ad5d39fd8ab4a938f49f,CVE-2023-41797
956982314,arkede/cve-2023,CVE-2023-26855.yaml,acb5d1b0020943e8f1f5d701efd8cce337da2e04,CVE-2023-26855
956982314,arkede/cve-2023,CVE-2023-50104.yaml,acbf15884ba2b27b5d39ff3ceb8c496b32eb7224,CVE-2023-50104
956982314,arkede/cve-2023,CVE-2023-21842.yaml,acc8ac119bb3317b4a3cdb4ffdf3a9a9f4ae9146,CVE-2023-21842
956982314,arkede/cve-2023,CVE-2023-4714.yaml,acdad19f209fbfdff3dea24a1d1e713db868aab7,CVE-2023-4714
956982314,arkede/cve-2023,CVE-2023-44812.yaml,ace18635165e58ee989f1932f19dcd3e6eb8a166,CVE-2023-44812
956982314,arkede/cve-2023,CVE-2023-47698.yaml,ace269f0a2a7d4bc829c150359452efe3b3197c1,CVE-2023-47698
956982314,arkede/cve-2023,CVE-2023-44239.yaml,ad0543bab4b2c72e6a04cbccd1acc692c112d3b8,CVE-2023-44239
956982314,arkede/cve-2023,CVE-2023-3249.yaml,ad065ee9a6615ac677900d1c56dbb74a5c846a42,CVE-2023-3249
956982314,arkede/cve-2023,CVE-2023-50840.yaml,ad12a48ae7a2d2d16a1cb54d83967b2e2ba91213,CVE-2023-50840
956982314,arkede/cve-2023,CVE-2023-46149.yaml,ad19ca62e6a9aefdfbe8bbaac441241bf3e02792,CVE-2023-46149
956982314,arkede/cve-2023,CVE-2023-6226.yaml,ad2b90eed08163c36cc0c7ac023efbfc812c1993,CVE-2023-6226
956982314,arkede/cve-2023,CVE-2023-30783.yaml,ad2f477201bf2c2fbdf5d045fe443e26bf946184,CVE-2023-30783
956982314,arkede/cve-2023,CVE-2023-49748.yaml,ad391292d91be0184017934afc0085dd877ac4a5,CVE-2023-49748
956982314,arkede/cve-2023,CVE-2023-29439.yaml,ad4353fbe4539e29c42a4593ef7dc56be85e7689,CVE-2023-29439
956982314,arkede/cve-2023,CVE-2023-46205.yaml,ad55ddf0acd0dc23d8a7e87086f75d13d8a3785a,CVE-2023-46205
956982314,arkede/cve-2023,CVE-2023-45759.yaml,ad631fa48ccacf0a2de5cf0215370586af703849,CVE-2023-45759
956982314,arkede/cve-2023,CVE-2023-0254.yaml,ad65c8d61cbbbeec7cc41499f0d54b492b2b6c04,CVE-2023-0254
956982314,arkede/cve-2023,CVE-2023-38477.yaml,ad67d223819b66a5124be9866a4ad4a6d002bc64,CVE-2023-38477
956982314,arkede/cve-2023,CVE-2023-23725.yaml,ad9ef01f2512226453cb323383148eb0a15abaa4,CVE-2023-23725
956982314,arkede/cve-2023,CVE-2023-46616.yaml,adace6c947d5e3b27c9a978682615bc4a8313599,CVE-2023-46616
956982314,arkede/cve-2023,CVE-2023-5776.yaml,adbdeaba1957bebf3a4ac3e497acbad409eff1b1,CVE-2023-5776
956982314,arkede/cve-2023,CVE-2023-48750.yaml,adbf77a52785c2cbdb8096348a0f701fdd9b9d44,CVE-2023-48750
956982314,arkede/cve-2023,CVE-2023-39000.yaml,adbffef41930b631805b049a04e22d6e43f105ff,CVE-2023-39000
956982314,arkede/cve-2023,CVE-2023-21932-windows.yaml,adc520c9dbffc6daee46a8b9c51e01a454dd094f,CVE-2023-21932
956982314,arkede/cve-2023,CVE-2023-4311.yaml,adc6df59bc21e405d8f616748956d21ac66002e2,CVE-2023-4311
956982314,arkede/cve-2023,CVE-2023-2877.yaml,adcfdee8b7abc50feb7b8b258c2fe1550178f17f,CVE-2023-2877
956982314,arkede/cve-2023,CVE-2023-0492.yaml,adddb85ea053e08e12b2ba25c8aa2b13e8937118,CVE-2023-0492
956982314,arkede/cve-2023,CVE-2023-5432.yaml,adea5b8cc9a72d97a84daffe517d4d10072594ca,CVE-2023-5432
956982314,arkede/cve-2023,CVE-2023-34019.yaml,ae00d2c60cf0f73e6ec733b08d5e3c3137531aec,CVE-2023-34019
956982314,arkede/cve-2023,CVE-2023-48738.yaml,ae1750a0442f88ce66ff91b83ebeba6974d563e2,CVE-2023-48738
956982314,arkede/cve-2023,CVE-2023-36346.yaml,ae2f14626b274b8ab78704b5446b8ffe9c375da9,CVE-2023-36346
956982314,arkede/cve-2023,CVE-2023-51494.yaml,ae33762c97383a51aa3414db8316c38ce7bd7fe4,CVE-2023-51494
956982314,arkede/cve-2023,CVE-2023-2490.yaml,ae3fb4518e1c3b7cd1c2c91c1e6340473d8ca7a1,CVE-2023-2490
956982314,arkede/cve-2023,CVE-2023-23648.yaml,ae4a0f6e01d815b7637112895916ec4326fe7d98,CVE-2023-23648
956982314,arkede/cve-2023,CVE-2023-49815.yaml,ae5714dc2ac93f25423cdcfa82aab83b34a339fe,CVE-2023-49815
956982314,arkede/cve-2023,CVE-2023-48279.yaml,ae596b7afce80f21f644a361d3d6e62aab701fb9,CVE-2023-48279
956982314,arkede/cve-2023,CVE-2023-23333_3.yaml,ae5a7d1531b286d05d7daf5ae153686fef008f11,CVE-2023-23333
956982314,arkede/cve-2023,CVE-2023-25712.yaml,ae63557b9eff5d516d2baeb5fc1dfc4903b757c0,CVE-2023-25712
956982314,arkede/cve-2023,CVE-2023-41875.yaml,ae70684e94a1effc6d5f7d9fc27478fbd7728732,CVE-2023-41875
956982314,arkede/cve-2023,CVE-2023-0812.yaml,ae7082683a18ab5e457718c49f6d9ea6bd9c5508,CVE-2023-0812
956982314,arkede/cve-2023,CVE-2023-32516.yaml,ae7b84e836545f17bf93c8aed7ea2d24cb025a35,CVE-2023-32516
956982314,arkede/cve-2023,CVE-2023-0761.yaml,ae963b917939c97f7f0c0c9942197f82806e7dcb,CVE-2023-0761
956982314,arkede/cve-2023,CVE-2023-51672.yaml,aea14fe93e1bce5b2087757a4b76179e03bd2d4b,CVE-2023-51672
956982314,arkede/cve-2023,CVE-2023-5882.yaml,aead9d3d3b22085dd78836c6194716e22146169f,CVE-2023-5882
956982314,arkede/cve-2023,CVE-2023-46636.yaml,aebc56b2c66958bd6fcc32d6671f4b0a19c5958a,CVE-2023-46636
956982314,arkede/cve-2023,CVE-2023-4568.yaml,aebee24324cc7498e7ad4e3ce1f26704b79d48cb,CVE-2023-4568
956982314,arkede/cve-2023,CVE-2023-45749.yaml,aec4c64316c3428b321bacf3fd2c79514c86757b,CVE-2023-45749
956982314,arkede/cve-2023,CVE-2023-51370.yaml,aececd3940397cd36204752d662f78faad614e99,CVE-2023-51370
956982314,arkede/cve-2023,CVE-2023-2083.yaml,aecf78b177c2c52a16283b00197b165cc2d22636,CVE-2023-2083
956982314,arkede/cve-2023,CVE-2023-35883.yaml,af009f297ca236f67357619084d3a3b3b41fc081,CVE-2023-35883
956982314,arkede/cve-2023,CVE-2023-48326.yaml,af08e8e999f014867f2afc69dfae7c8ed40f2e61,CVE-2023-48326
956982314,arkede/cve-2023,CVE-2023-46747.yaml,af298415404f61f7c93d850bfd2181e71e433ca8,CVE-2023-46747
956982314,arkede/cve-2023,CVE-2023-5314.yaml,af33daea40dfdf62088feea54eadf62ca5a05d5a,CVE-2023-5314
956982314,arkede/cve-2023,CVE-2023-28375.yaml,af3a34fd3f5ff39b3a1c2b86ec9b0cd3f01857cf,CVE-2023-28375
956982314,arkede/cve-2023,CVE-2023-6223.yaml,af54054827ba1e8424a8ddb534446fe11ae65ccc,CVE-2023-6223
956982314,arkede/cve-2023,CVE-2023-6382.yaml,af588fc42d533bc9e3eb9fce63478d32123cc1fb,CVE-2023-6382
956982314,arkede/cve-2023,CVE-2023-0942_1.yaml,af653fed8681eb87a83023220fe97c6d3dc5d13e,CVE-2023-0942
956982314,arkede/cve-2023,CVE-2023-32125.yaml,af65ec91158d43a3dc098b049775b530c0ebcfd8,CVE-2023-32125
956982314,arkede/cve-2023,CVE-2023-1596.yaml,af671d6803d7b101737567af878f96dd8f5e97a2,CVE-2023-1596
956982314,arkede/cve-2023,CVE-2023-1473.yaml,af7f8cea764fa3082524fa0a9879648fa111bb09,CVE-2023-1473
956982314,arkede/cve-2023,CVE-2023-6957.yaml,af8807eb909550ad07c2bc2e1ff77e80128b6f81,CVE-2023-6957
956982314,arkede/cve-2023,CVE-2023-30753.yaml,afb670983870484cc3cc60fdbcb5872b44d30cd2,CVE-2023-30753
956982314,arkede/cve-2023,CVE-2023-25066.yaml,afb96ca7720fb6e0d6e91dc9adcef36df5436bb9,CVE-2023-25066
956982314,arkede/cve-2023,CVE-2023-3999.yaml,afd0837152ac2c94d369a5c108b41960b5700037,CVE-2023-3999
956982314,arkede/cve-2023,CVE-2023-36384.yaml,afdd7f403c2a58cccefaa70d12ff87a90c7baa7d,CVE-2023-36384
956982314,arkede/cve-2023,CVE-2023-5437.yaml,afe35eb440c8b12c501c918658850c90b25a9c59,CVE-2023-5437
956982314,arkede/cve-2023,CVE-2023-5660.yaml,aff0bfad5b1f945822b11e1659127ca0569e29e9,CVE-2023-5660
956982314,arkede/cve-2023,CVE-2023-0824.yaml,aff20bd3dab202e00029d565b2bc0e7d17de2043,CVE-2023-0824
956982314,arkede/cve-2023,CVE-2023-34833.yaml,aff6f3a90956047cf846103fb4b6ae4cc4494538,CVE-2023-34833
956982314,arkede/cve-2023,CVE-2023-26518.yaml,b008f112cc6146c260885b0fb905c63bdd36e4cc,CVE-2023-26518
956982314,arkede/cve-2023,CVE-2023-46747_1.yaml,b010f6e5c18a3f337a7f2e266f9330a39635d36c,CVE-2023-46747
956982314,arkede/cve-2023,CVE-2023-4022.yaml,b01b48dc97a168c43796e3f1a5d8d6dec88db0a9,CVE-2023-4022
956982314,arkede/cve-2023,CVE-2023-47826.yaml,b022fcf61a39e5b1494636f3932893457f73efe5,CVE-2023-47826
956982314,arkede/cve-2023,CVE-2023-5000.yaml,b043792fdc1f21d9c7f0e65378180bba0784ad5e,CVE-2023-5000
956982314,arkede/cve-2023,CVE-2023-4798.yaml,b04bc9dca005d8e56a84c78456c7b0649cf09705,CVE-2023-4798
956982314,arkede/cve-2023,CVE-2023-0772.yaml,b04f4c61238fa9183c7f188db9f0be6532bc2d52,CVE-2023-0772
956982314,arkede/cve-2023,CVE-2023-6633.yaml,b051d739d0465a71a28078a4ef5b5e601be84fad,CVE-2023-6633
956982314,arkede/cve-2023,CVE-2023-4631.yaml,b05d540f2a70ce405b2378dbb7c6977e33ac6cc2,CVE-2023-4631
956982314,arkede/cve-2023,CVE-2023-1028.yaml,b06d4cf67b6564f9874b3b9b5089f262948d0cef,CVE-2023-1028
956982314,arkede/cve-2023,CVE-2023-50846.yaml,b07f6ef62efc1acab80d720de4c029f861556f49,CVE-2023-50846
956982314,arkede/cve-2023,CVE-2023-33831.yaml,b080559e6138083089364b67efe5c1611911da07,CVE-2023-33831
956982314,arkede/cve-2023,CVE-2023-23676.yaml,b08631b3c9a7aa790596582b406aece478950995,CVE-2023-23676
956982314,arkede/cve-2023,CVE-2023-22897_3.yaml,b0ab9effc662d672e4407c948edee39f289cea14,CVE-2023-22897
956982314,arkede/cve-2023,CVE-2023-49838.yaml,b0b04a5f9ffff2f546e4476944ad09e4641b502d,CVE-2023-49838
956982314,arkede/cve-2023,CVE-2023-1406.yaml,b0b33b956f41d305bedf79c9d7255df59022abd1,CVE-2023-1406
956982314,arkede/cve-2023,CVE-2023-6963.yaml,b0b54d5a98c0d1503ad22e66ea7811b8e8db4eaf,CVE-2023-6963
956982314,arkede/cve-2023,CVE-2023-51475.yaml,b0bd026292fa6a44b43a9699ca236ea344cf9d4b,CVE-2023-51475
956982314,arkede/cve-2023,CVE-2023-5231.yaml,b0c91b0617ad18345faafde01d8e46e7c74a2229,CVE-2023-5231
956982314,arkede/cve-2023,CVE-2023-5128.yaml,b0cf88b159e7f2218970bee6f37c1f4c79c01c38,CVE-2023-5128
956982314,arkede/cve-2023,CVE-2023-45051.yaml,b0d43ea1880efc8596f4389f6b9072ee832e3abf,CVE-2023-45051
956982314,arkede/cve-2023,CVE-2023-27179.yaml,b0e5d1c53535c41c20763a646133945df2c4449e,CVE-2023-27179
956982314,arkede/cve-2023,CVE-2023-0955.yaml,b0e94d23972ce62e2584943754333c6d4b1cfc88,CVE-2023-0955
956982314,arkede/cve-2023,CVE-2023-2434.yaml,b10afb154ba0cebc4ec3cf49707cd26fd59d14de,CVE-2023-2434
956982314,arkede/cve-2023,CVE-2023-48778.yaml,b12382d1003976627f3c13cac4b5e45dc7095bce,CVE-2023-48778
956982314,arkede/cve-2023,CVE-2023-3080.yaml,b12d1a9ec1ad56a693fc1bf147ea7c1a5f70d028,CVE-2023-3080
956982314,arkede/cve-2023,CVE-2023-52122.yaml,b1377edd0b3ac5e72c692085543dbd865aea9003,CVE-2023-52122
956982314,arkede/cve-2023,CVE-2023-40560.yaml,b141240d24cb29ac278315a1ad37fa6b0178ef0c,CVE-2023-40560
956982314,arkede/cve-2023,CVE-2023-7061.yaml,b14452bfb5fb1bb05fb546f1f9d9a86d80fe49d0,CVE-2023-7061
956982314,arkede/cve-2023,CVE-2023-52192.yaml,b147ca8acf74e3f0bc613e3abc52d0360042aa2c,CVE-2023-52192
956982314,arkede/cve-2023,CVE-2023-44145.yaml,b1519552ea4c953199e49369815245b37d102be8,CVE-2023-44145
956982314,arkede/cve-2023,CVE-2023-23919.yaml,b1710a6e71f0516f35ef1062fa106c0ec8fa25a9,CVE-2023-23919
956982314,arkede/cve-2023,CVE-2023-6782.yaml,b1724da2fc96229a08673d862c5b14e6fd6aa52d,CVE-2023-6782
956982314,arkede/cve-2023,CVE-2023-4975.yaml,b17362d2d89047e35a7d04eea009ad36e371bcf2,CVE-2023-4975
956982314,arkede/cve-2023,CVE-2023-1886.yaml,b17b5c19b4677f26268d9ea555baf3c0b72fe807,CVE-2023-1886
956982314,arkede/cve-2023,CVE-2023-0514_1.yaml,b190f731d39ae6bd7dd1fcc1614d4fc5ddd7a67a,CVE-2023-0514
956982314,arkede/cve-2023,CVE-2023-0273.yaml,b19b6d00fe6534d7815742fe0c4234e1d529102c,CVE-2023-0273
956982314,arkede/cve-2023,CVE-2023-44974.yaml,b1a7b1e9377a1ac5a4e00782edfce929ee10a9b7,CVE-2023-44974
956982314,arkede/cve-2023,CVE-2023-6136.yaml,b1b0d93eee47d1a9292c2a8afc6b990063b8c048,CVE-2023-6136
956982314,arkede/cve-2023,CVE-2023-49070.yaml,b1c9390c84ce4e80fa1d272d413fc2c85b618e89,CVE-2023-49070
956982314,arkede/cve-2023,CVE-2023-4939.yaml,b1d288b92ea10e73731e25df6d8d6f06dff45711,CVE-2023-4939
956982314,arkede/cve-2023,CVE-2023-23677.yaml,b1ead4c1cc33bc23179ebc306f45c5e303bdf9b4,CVE-2023-23677
956982314,arkede/cve-2023,CVE-2023-6809.yaml,b1f4ecd0ed7fb4181f6837e20d10c2c6244964fb,CVE-2023-6809
956982314,arkede/cve-2023,CVE-2023-23887.yaml,b20992def77021238b48b76e8601e48ef8311ee5,CVE-2023-23887
956982314,arkede/cve-2023,CVE-2023-6627.yaml,b20a43f8a91ac7bddc94bdc9515d8ad055292e7a,CVE-2023-6627
956982314,arkede/cve-2023,CVE-2023-35882.yaml,b21989cfc5d61f0152abefab80f945ffcba283a0,CVE-2023-35882
956982314,arkede/cve-2023,CVE-2023-50823.yaml,b21e24cd62ec4fc01d94cbd29591c2bb0e1e4257,CVE-2023-50823
956982314,arkede/cve-2023,CVE-2023-46150.yaml,b2252f4ef92dc9f63bca6e6b3f3f315b080601b7,CVE-2023-46150
956982314,arkede/cve-2023,CVE-2023-39307.yaml,b23760c3b792125b1952dd023c3e73dfaa5c5a2b,CVE-2023-39307
956982314,arkede/cve-2023,CVE-2023-47662.yaml,b23b2bf9d96bda375b7476d2ee7be1ba4f1df480,CVE-2023-47662
956982314,arkede/cve-2023,CVE-2023-2309.yaml,b250fba6d18f6ab582f8e0caa4322ac04f4108c4,CVE-2023-2309
956982314,arkede/cve-2023,CVE-2023-25019.yaml,b26c968c1e2c7cb6f5bc9ded750f2c83b12a9e85,CVE-2023-25019
956982314,arkede/cve-2023,CVE-2023-44265.yaml,b27ca6637dfe84ab170df2adead4838555b3d667,CVE-2023-44265
956982314,arkede/cve-2023,CVE-2023-2031.yaml,b2a7e634575c731ed53f17a4c86d2ac55e21f0f0,CVE-2023-2031
956982314,arkede/cve-2023,CVE-2023-25982.yaml,b2a8d3edd559feac8a360e90918e34fe77a120f8,CVE-2023-25982
956982314,arkede/cve-2023,CVE-2023-3356.yaml,b2b6e64a1e01edd3e0960b81ab2fa62dea63fb3f,CVE-2023-3356
956982314,arkede/cve-2023,CVE-2023-25965.yaml,b2badbaa733813db5eea1067a683b638feb092ed,CVE-2023-25965
956982314,arkede/cve-2023,CVE-2023-3710_1.yaml,b2be8a781103b6505a95ec075e384c01ca46d9cf,CVE-2023-3710
956982314,arkede/cve-2023,CVE-2023-4238.yaml,b2c4b401071329d0e62fe3b9342a742ac6d3c35f,CVE-2023-4238
956982314,arkede/cve-2023,CVE-2023-2605.yaml,b2c6d752d991f33e71fe02fcb93235ce6b673676,CVE-2023-2605
956982314,arkede/cve-2023,CVE-2023-50376.yaml,b2cc0f1a15186b88837581f760001661299ef2bd,CVE-2023-6882
956982314,arkede/cve-2023,CVE-2023-50376.yaml,b2cc0f1a15186b88837581f760001661299ef2bd,CVE-2023-50376
956982314,arkede/cve-2023,CVE-2023-26541.yaml,b2cef881d6bcc1229da5c6873af5bbb4390be679,CVE-2023-26541
956982314,arkede/cve-2023,CVE-2023-5742.yaml,b2cfe5b98b763ae088a9f52969d879d661136116,CVE-2023-5742
956982314,arkede/cve-2023,CVE-2023-23993.yaml,b2d93440fc4d9638c1e497f5382c2466ece44bc2,CVE-2023-23993
956982314,arkede/cve-2023,CVE-2023-43261.yaml,b2e61e120ae1eb5875d246d46fad567799732249,CVE-2023-43261
956982314,arkede/cve-2023,CVE-2023-6565.yaml,b2eaab1f293888efe371a0b7a6bf2a838b236e7c,CVE-2023-6565
956982314,arkede/cve-2023,CVE-2023-2223.yaml,b3052e82fb80b88fc172faccf0bddfe5d658025a,CVE-2023-2223
956982314,arkede/cve-2023,CVE-2023-0537.yaml,b30c792d8f5638b9916d79281deb3dc5304cee74,CVE-2023-0537
956982314,arkede/cve-2023,CVE-2023-5429.yaml,b31245d26e887bbc38fa56387d92249c2e8f4c68,CVE-2023-5429
956982314,arkede/cve-2023,CVE-2023-5692.yaml,b3247a604b6403ab03dcc0ba52c789929deb39bf,CVE-2023-5692
956982314,arkede/cve-2023,CVE-2023-5757.yaml,b326414b034420878c0a25a758d7f78a55ac708a,CVE-2023-5757
956982314,arkede/cve-2023,CVE-2023-50875.yaml,b3478290bc7fd872e7fd638bf34cf5c033b5cc58,CVE-2023-50875
956982314,arkede/cve-2023,CVE-2023-39141.yaml,b357f2fb36dd648bd83eae2727e77a6040602160,CVE-2023-39141
956982314,arkede/cve-2023,CVE-2023-0968_1_1.yaml,b36a84c5bbf4c8bd21c35e5283a388d9951022fe,CVE-2023-0968
956982314,arkede/cve-2023,CVE-2023-25038.yaml,b37b9c623705ac86ab8d12af87b0b8e34a027c21,CVE-2023-25038
956982314,arkede/cve-2023,CVE-2023-32739.yaml,b389d32c9b12d8727d4c8bd3bc22425aa2d3dfb6,CVE-2023-32739
956982314,arkede/cve-2023,CVE-2023-31077.yaml,b3905c601eee0a678b49a3d7838fc5164e9e51aa,CVE-2023-31077
956982314,arkede/cve-2023,CVE-2023-48289.yaml,b394b38b78568bb0803831fecc1152cd8dc1d03b,CVE-2023-48289
956982314,arkede/cve-2023,CVE-2023-23804.yaml,b39c47cc8efdb10e082f9f6cbfba9542c52e9256,CVE-2023-23804
956982314,arkede/cve-2023,CVE-2023-45630.yaml,b3a539faa87a93620fd4804841d01a29a2425f61,CVE-2023-45630
956982314,arkede/cve-2023,CVE-2023-6487.yaml,b3a77ec7802e9f8c05fe1f76bfdbfa26f6ade985,CVE-2023-6487
956982314,arkede/cve-2023,CVE-2023-4626.yaml,b3aadef199f2c8a5b9fd83c2e35bd28c9c8f4633,CVE-2023-4626
956982314,arkede/cve-2023,CVE-2023-48277.yaml,b3b6d7da1d3abff7c9c7cdde8f2a2e76d3759128,CVE-2023-48277
956982314,arkede/cve-2023,CVE-2023-44997.yaml,b3c39eb487d26acfad6eb097f505bc3c28fafbd2,CVE-2023-44997
956982314,arkede/cve-2023,CVE-2023-34032.yaml,b3c561246bbebe75d0a98bf0bc822d05abc398a1,CVE-2023-34032
956982314,arkede/cve-2023,CVE-2023-47830.yaml,b3db5dac00f4e42b65f08129586a56d75d4a5de4,CVE-2023-47830
956982314,arkede/cve-2023,CVE-2023-4725.yaml,b3e483e17fa7b7b39dd532355bd6ea55055356b0,CVE-2023-4725
956982314,arkede/cve-2023,CVE-2023-41763.yaml,b3ef965f70f0a3c365b68bf36a2db700dcad8b30,CVE-2023-41763
956982314,arkede/cve-2023,CVE-2023-51467_1.yaml,b4045de7940a9bbd58dd517d84523e1d4be92840,CVE-2023-51467
956982314,arkede/cve-2023,CVE-2023-51467_1.yaml,b4045de7940a9bbd58dd517d84523e1d4be92840,VU#29
956982314,arkede/cve-2023,CVE-2023-6155.yaml,b40b8278d5c177b49fad814adad38ffc84da9c41,CVE-2023-6155
956982314,arkede/cve-2023,CVE-2023-23738.yaml,b42b67029f6f5bed21c358d191a378e1e3bddcb7,CVE-2023-23738
956982314,arkede/cve-2023,CVE-2023-6065.yaml,b42dc41b1cde2b08fa2ec0d727c67eea1acd1f2d,CVE-2023-6065
956982314,arkede/cve-2023,CVE-2023-33584_1.yaml,b4310ef83324d4f6e1e0d74751be0f3a82f927a3,CVE-2023-33584
956982314,arkede/cve-2023,CVE-2023-6979.yaml,b4372d3f72cf65eb7ca9609b0afeaed8040d1598,CVE-2023-6979
956982314,arkede/cve-2023,CVE-2023-47851.yaml,b43f61302b30f96f9dfe5cf2aebb92f7d427b2ca,CVE-2023-47851
956982314,arkede/cve-2023,CVE-2023-35854.yaml,b441f0c1ea9c3038350d47a8ba6a696fb24c4823,CVE-2023-35854
956982314,arkede/cve-2023,CVE-2023-0814.yaml,b44294885b7d4f6fe21f5308696590ba0de01c1e,CVE-2023-0814
956982314,arkede/cve-2023,CVE-2023-6744.yaml,b44bbb84f656fc0bcf146d34009ba7d500e5941b,CVE-2023-6744
956982314,arkede/cve-2023,CVE-2023-51543.yaml,b450bca39d1400d3187b1b5bc206a8374dd20c2f,CVE-2023-51543
956982314,arkede/cve-2023,CVE-2023-51678.yaml,b45182376e6d9eb2fd09b420f9231e7cd6c12e9f,CVE-2023-51678
956982314,arkede/cve-2023,CVE-2023-24414.yaml,b452499527b6f8d9ee30bebe7803779f099cc005,CVE-2023-24414
956982314,arkede/cve-2023,CVE-2023-22042.yaml,b452ec83a93815a873bcffb9f8164b7304e50ba1,CVE-2023-22042
956982314,arkede/cve-2023,CVE-2023-45267.yaml,b45659de9afe54bad97c00f23773cc9e078b2c86,CVE-2023-45267
956982314,arkede/cve-2023,CVE-2023-43652.yaml,b456ef22954708098dce9d36be3339b5b67569e1,CVE-2023-43652
956982314,arkede/cve-2023,CVE-2023-35046.yaml,b46125847afa9244e53c14f159080c1d5cc28550,CVE-2023-35046
956982314,arkede/cve-2023,CVE-2023-47553.yaml,b46153fa259a0f2052d7f59e6ea062b9249d4192,CVE-2023-47553
956982314,arkede/cve-2023,CVE-2023-2891.yaml,b46d49ab41abe69b0b09a05bf4d69b50e8e29046,CVE-2023-2891
956982314,arkede/cve-2023,CVE-2023-29439_2.yaml,b48af376368fcb20dc5214562b92ddbbbea8991b,CVE-2023-29439
956982314,arkede/cve-2023,CVE-2023-31655.yaml,b4a4117c460fa835aab2b2094a82ededdc646ef6,CVE-2023-31655
956982314,arkede/cve-2023,CVE-2023-23877.yaml,b4c0127c49e68ac713cbd4b0e8b163e59e69c424,CVE-2023-23877
956982314,arkede/cve-2023,CVE-2023-51378.yaml,b4e4bf1060a7f6f6613efb9564b9c15f1b3b8ff6,CVE-2023-51378
956982314,arkede/cve-2023,CVE-2023-2813.yaml,b4eb9f18f92c94f3001f64144d662abfe2826ad2,CVE-2023-2813
956982314,arkede/cve-2023,CVE-2023-2301.yaml,b4ed5835555b16dc7fdaa4ebb796083145ad8647,CVE-2023-2301
956982314,arkede/cve-2023,CVE-2023-4690.yaml,b4f8f49324376ca3e65ed82103c894dac15de194,CVE-2023-4690
956982314,arkede/cve-2023,CVE-2023-27524.yaml,b50443e67f97c8a57ec857911078da0cd8ccfafd,CVE-2023-27524
956982314,arkede/cve-2023,CVE-2023-29433.yaml,b50afc40a68c435f7dae9b5af0aa044560dc9e4b,CVE-2023-29433
956982314,arkede/cve-2023,CVE-2023-45062.yaml,b51947480a062de0798393b0781457312cc8bd3d,CVE-2023-45062
956982314,arkede/cve-2023,CVE-2023-29919_1.yaml,b533c1f55fa3bb3f71c7236830fd870e9b1bd26e,CVE-2023-29919
956982314,arkede/cve-2023,CVE-2023-25067.yaml,b5354c24b8c35e76e8cf11ac863d14155bb7b117,CVE-2023-25067
956982314,arkede/cve-2023,CVE-2023-23711.yaml,b54c76eb6b80d8a657a6d423cbabdfb6a6462804,CVE-2023-23711
956982314,arkede/cve-2023,CVE-2023-25468.yaml,b5537ac107baaa827b0a946b906c9d702ea252c6,CVE-2023-25468
956982314,arkede/cve-2023,CVE-2023-4568_1.yaml,b55a87816a7145a42fa228dfe704da4572d5044e,CVE-2023-4568
956982314,arkede/cve-2023,CVE-2023-5140.yaml,b56a2889f51125b6f433e9e5b2add498792db34f,CVE-2023-5140
956982314,arkede/cve-2023,CVE-2023-34000.yaml,b56cdf75ac428045d51d496243f404e1f4fe260e,CVE-2023-34000
956982314,arkede/cve-2023,CVE-2023-39160.yaml,b5934cdf41f46f1c04b0d55500c6dff0254a3637,CVE-2023-39160
956982314,arkede/cve-2023,CVE-2023-28491.yaml,b59a790ac1c37451d428cf5b426ec6e5b0c87a52,CVE-2023-28491
956982314,arkede/cve-2023,CVE-2023-0766.yaml,b5a7e0313397b2c2ed3c0e34ed6a06462de2cead,CVE-2023-0766
956982314,arkede/cve-2023,CVE-2023-51416.yaml,b5d522541452489d3c7ec013d431885a91eb9934,CVE-2023-51416
956982314,arkede/cve-2023,CVE-2023-37650.yaml,b5ea5fe889b06873c05f45c94cdd74abf042120d,CVE-2023-37650
956982314,arkede/cve-2023,CVE-2023-29388.yaml,b5f19ef9459203dce5211bdf281f95a40618703f,CVE-2023-29388
956982314,arkede/cve-2023,CVE-2023-5743.yaml,b6094713ffc4b92165796302237570feae3bcc4d,CVE-2023-5743
956982314,arkede/cve-2023,CVE-2023-34051.yaml,b60bf48d40e211f602958ad70ee49036a30c2398,CVE-2023-34051
956982314,arkede/cve-2023,CVE-2023-0149.yaml,b610e1812cfacaf1c3341f9f4cd61ebe288bfe10,CVE-2023-0149
956982314,arkede/cve-2023,CVE-2023-45104.yaml,b61d051cb9b99be555615cbc5d062b8c08ca32b5,CVE-2023-45104
956982314,arkede/cve-2023,CVE-2023-46190.yaml,b61fb42c27679e799c8e648bf56fdd246521e77e,CVE-2023-46190
956982314,arkede/cve-2023,CVE-2023-49810.yaml,b62bd1562978214b79d640534b8c9247fd59db38,CVE-2023-49810
956982314,arkede/cve-2023,CVE-2023-35093.yaml,b62e366526a31a834cd6b0851bb78588b991387b,CVE-2023-35093
956982314,arkede/cve-2023,CVE-2023-49848.yaml,b6405ea380d286b957877468acb9997e9649e0c6,CVE-2023-49848
956982314,arkede/cve-2023,CVE-2023-52213.yaml,b6409be24c5dac7667c95c522d80cddc3bf964b8,CVE-2023-52213
956982314,arkede/cve-2023,CVE-2023-3519_2.yaml,b644a2ff19bd88fc6104508941539c0b8617b93d,CVE-2023-3519
956982314,arkede/cve-2023,CVE-2023-49150.yaml,b657a05e404aee822e78f8cb1cbbc0bfcd183c78,CVE-2023-49150
956982314,arkede/cve-2023,CVE-2023-4636.yaml,b6634f1500751ad91355f9554afc57f005738448,CVE-2023-4636
956982314,arkede/cve-2023,CVE-2023-46089.yaml,b69a370ddc7dbb44fcb211b5e59769b763c36398,CVE-2023-46089
956982314,arkede/cve-2023,CVE-2023-47244.yaml,b6abd24cb6cc336e70330d0343d27b506001d39b,CVE-2023-47244
956982314,arkede/cve-2023,CVE-2023-3025.yaml,b6b28eb39234a3b73d770fb6ffb2c06bfbbeb60b,CVE-2023-3025
956982314,arkede/cve-2023,CVE-2023-46629.yaml,b6e4de8c52776d3a0ca2678a18e5452bf3a2dcf8,CVE-2023-46629
956982314,arkede/cve-2023,CVE-2023-29432.yaml,b6e6741f8126c99e3ad411c50e17333d4095325d,CVE-2023-29432
956982314,arkede/cve-2023,CVE-2023-5124.yaml,b6ef0bc740600eb3a47f3fd70d4e8c093d44cb45,CVE-2023-5124
956982314,arkede/cve-2023,CVE-2023-0727.yaml,b6efbeb7a2af37e323514b12399c567b33e10d0e,CVE-2023-0727
956982314,arkede/cve-2023,CVE-2023-28748.yaml,b6eff68653873c6c94b618cadfcfb7f14112fe88,CVE-2023-28748
956982314,arkede/cve-2023,CVE-2023-0536.yaml,b6f24e0f7bbf3e93a91a22f65791f3b34a8af4b5,CVE-2023-0536
956982314,arkede/cve-2023,CVE-2023-6986.yaml,b6f9a93f160c5dc376723d727999789a5cd7247a,CVE-2023-6986
956982314,arkede/cve-2023,CVE-2023-2717.yaml,b6fbdb155094b1ba6ddf14a0aa96a31204981311,CVE-2023-2717
956982314,arkede/cve-2023,CVE-2023-51537.yaml,b7019dd86b836350c926096ebd415d69f938f8cd,CVE-2023-51537
956982314,arkede/cve-2023,CVE-2023-48776.yaml,b71f09cc1fe7671a60284e78afbb868cd1f3c528,CVE-2023-48776
956982314,arkede/cve-2023,CVE-2023-1982.yaml,b73dd6214144e0d72bac210124490ac7e47dc2be,CVE-2023-1982
956982314,arkede/cve-2023,CVE-2023-3647.yaml,b748c6b82acdbf4e21bd5a00447b4580f9966670,CVE-2023-3647
956982314,arkede/cve-2023,CVE-2023-47646.yaml,b74d388515fa8de73c4c27296ceae98f554e16ae,CVE-2023-47646
956982314,arkede/cve-2023,CVE-2023-23802.yaml,b754682b3e2afc06b398ee2c7fa1fe6e435d62aa,CVE-2023-23802
956982314,arkede/cve-2023,CVE-2023-25478.yaml,b75554bc42976e919aecc4baeab0d4c93030225a,CVE-2023-25478
956982314,arkede/cve-2023,CVE-2023-39921.yaml,b75fa2c0703589389e906c6dd32a63f4763c4ff2,CVE-2023-39921
956982314,arkede/cve-2023,CVE-2023-32598.yaml,b774e94419135692f387d47f2b376161b1e710f7,CVE-2023-32598
956982314,arkede/cve-2023,CVE-2023-27294.yaml,b77588f7aa2dd6fe17767e91dc561f83f2b2fca3,CVE-2023-27294
956982314,arkede/cve-2023,CVE-2023-40213.yaml,b788f39627e55f2988ca8a07e8d1f0adf82a61e7,CVE-2023-40213
956982314,arkede/cve-2023,CVE-2023-52180.yaml,b78ada375a3acf00dd6f011743444c863e619a3a,CVE-2023-52180
956982314,arkede/cve-2023,CVE-2023-49845.yaml,b7971c71d55a952bc877aecadcdee3ccb2cb55e1,CVE-2023-49845
956982314,arkede/cve-2023,CVE-2023-51503.yaml,b79ba30680e5a98232030e8695bbbaf79bd1b374,CVE-2023-51503
956982314,arkede/cve-2023,CVE-2023-0562_2.yaml,b79f3b73e6955a81518118dab31e9a928f01e71e,CVE-2023-0562
956982314,arkede/cve-2023,CVE-2023-29235.yaml,b7a0f3b7528922e71c02813a01b871ffcf07dcd8,CVE-2023-29235
956982314,arkede/cve-2023,CVE-2023-28690.yaml,b7a16476eea827b9e7c105037db8fa109786afad,CVE-2023-28690
956982314,arkede/cve-2023,CVE-2023-39109.yaml,b7aa976a47eeb244451ade70adf1df6647d55d7b,CVE-2023-39109
956982314,arkede/cve-2023,CVE-2023-39991.yaml,b7b084563e732aa7ffe63772b06cc95805e01984,CVE-2023-39991
956982314,arkede/cve-2023,CVE-2023-47849.yaml,b7b2178effe58848faf13c40fc7ea67fdadfd27e,CVE-2023-47849
956982314,arkede/cve-2023,CVE-2023-2779_2.yaml,b7c0b63577eef3745157eb89b2ae583b0269fd74,CVE-2023-2779
956982314,arkede/cve-2023,CVE-2023-1425.yaml,b7c1e72655da470ffd28dc11eb48fea26830f520,CVE-2023-1425
956982314,arkede/cve-2023,CVE-2023-47226.yaml,b7e5df9a9e73392d3b27ec31d15b6e82513d842f,CVE-2023-47226
956982314,arkede/cve-2023,CVE-2023-2745.yaml,b7e6e3ddf7be9ad23d85e403fde50f984d7318a6,CVE-2023-2745
956982314,arkede/cve-2023,CVE-2023-48208.yaml,b7edf30900bd6f0f4bbffc8b4842a9d6a179503a,CVE-2023-48208
956982314,arkede/cve-2023,CVE-2023-1371.yaml,b81cf3b738bddb5220ab90eaa104953194cf16be,CVE-2023-1371
956982314,arkede/cve-2023,CVE-2023-3168.yaml,b81e7e7ffaa301da43f63cfca5c9b0414fd19c74,CVE-2023-3168
956982314,arkede/cve-2023,CVE-2023-3055.yaml,b82b5b2a223868fff8af0ec881484ae3ce79ae1c,CVE-2023-3055
956982314,arkede/cve-2023,CVE-2023-29436.yaml,b82f485fcdec8c90709be2e83d09dc0ce81d8273,CVE-2023-29436
956982314,arkede/cve-2023,CVE-2023-4000.yaml,b85dacf340d145567e3f52ad05f1877aab48d5eb,CVE-2023-4000
956982314,arkede/cve-2023,CVE-2023-43381.yaml,b86ea327793c3b3273b09dad90f4ec9a8a67addc,CVE-2023-43381
956982314,arkede/cve-2023,CVE-2023-27626.yaml,b86ee5dd0b3ac5cf14a282c51e94e0aacdbf5071,CVE-2023-27626
956982314,arkede/cve-2023,CVE-2023-2296.yaml,b880931e349c898e3ea6da1f2c980a018982c8de,CVE-2023-2296
956982314,arkede/cve-2023,CVE-2023-26532.yaml,b883cb12e715ba0c15367853cd34ea203f4f23fd,CVE-2023-26532
956982314,arkede/cve-2023,CVE-2023-38999.yaml,b88c90cd20fbdf25a54b6fd38c9079846ae0f3a8,CVE-2023-38999
956982314,arkede/cve-2023,CVE-2023-6733.yaml,b899ebaae37cbd0c00f6b45b862a4b8a3e42c052,CVE-2023-6733
956982314,arkede/cve-2023,CVE-2023-26516.yaml,b89c60aaf09ec6bda99e6f70ea404fc3d16fcadf,CVE-2023-26516
956982314,arkede/cve-2023,CVE-2023-35909.yaml,b89c74b2635f8e975de7ee7419df3cffd82a7d82,CVE-2023-35909
956982314,arkede/cve-2023,CVE-2023-5454.yaml,b89ed2cd789558cdb93ddda71d1b0cc671f419bc,CVE-2023-5454
956982314,arkede/cve-2023,CVE-2023-23829.yaml,b8ad3ec1f830513ba0a8ca1502908e0dd375211f,CVE-2023-23829
956982314,arkede/cve-2023,CVE-2023-44227.yaml,b8ae466d2c1193bfa0ab199b7c1794afcf8073c6,CVE-2023-44227
956982314,arkede/cve-2023,CVE-2023-24418.yaml,b8c5035c3f3e1cf171c27ba6f142c496f111e302,CVE-2023-24418
956982314,arkede/cve-2023,CVE-2023-27008_2.yaml,b8cba8b0b92d5d1907a96fa2da856d3064da4d1b,CVE-2023-27008
956982314,arkede/cve-2023,CVE-2023-25707.yaml,b8dbc2bd5f757cd535516f3525cc6739a5ad55a5,CVE-2023-25707
956982314,arkede/cve-2023,CVE-2023-1918.yaml,b8ecd462a8abcb34a0d14e64c9977c1f579ebcdf,CVE-2023-1918
956982314,arkede/cve-2023,CVE-2023-2705.yaml,b925318513ec8ecbd5ce2df0981bad182c7893ed,CVE-2023-2705
956982314,arkede/cve-2023,CVE-2023-0500.yaml,b92b7ff237a1a0f27d012c1e63453f3eb24b612a,CVE-2023-0500
956982314,arkede/cve-2023,CVE-2023-23665.yaml,b93f4b3682eccd3260d09e8e15e207c7ad8d483a,CVE-2023-23665
956982314,arkede/cve-2023,CVE-2023-24395.yaml,b9647e7783eeada206f2e50c04f18750f6af9a69,CVE-2023-24395
956982314,arkede/cve-2023,CVE-2023-49813.yaml,b965137070ba5e2a314f1cd22eb021c45edc13a3,CVE-2023-49813
956982314,arkede/cve-2023,CVE-2023-45649.yaml,b97f51bb43d59b89e4bfdaa557b2133d3b3cddfd,CVE-2023-45649
956982314,arkede/cve-2023,CVE-2023-41687.yaml,b985a0d651676cd9b7b5f7c2a09eb6ccd455070b,CVE-2023-41687
956982314,arkede/cve-2023,CVE-2023-26519.yaml,b99f84e4061046004cb137a1279a7c3cbbd958d8,CVE-2023-26519
956982314,arkede/cve-2023,CVE-2023-6092.yaml,b9ae052d04864acb3ecca3da5efe085ba23275b9,CVE-2023-6092
956982314,arkede/cve-2023,CVE-2023-45751.yaml,b9af8efc48f755f66814e3a3d6b0f92ab39297d1,CVE-2023-45751
956982314,arkede/cve-2023,CVE-2023-29921.yaml,b9afc6b1c8c20153ecee4a9c0798df25b76966a6,CVE-2023-29921
956982314,arkede/cve-2023,CVE-2023-40753_1.yaml,b9b011e81744d9d8d63e7bded6f8963ccdf5f82a,CVE-2023-40753
956982314,arkede/cve-2023,CVE-2023-2433.yaml,b9b35ccac1d2ec20bc2c8ba04a15d12579a005fa,CVE-2023-2433
956982314,arkede/cve-2023,CVE-2023-45003.yaml,b9d5eab10871f79351c00f882e05e4b41e89806a,CVE-2023-45003
956982314,arkede/cve-2023,CVE-2023-0375.yaml,b9d5eef34fb2bfb861d944aecf3ccb5f568ae935,CVE-2023-0375
956982314,arkede/cve-2023,CVE-2023-52197.yaml,b9e2714dd8d0544bb5e6762d6f98fa3371a849e7,CVE-2023-52197
956982314,arkede/cve-2023,CVE-2023-45110.yaml,b9eabc833b193b819284fb2e890a34549fe44711,CVE-2023-45110
956982314,arkede/cve-2023,CVE-2023-38396.yaml,b9fad18bd042c8e89c5f5cb09d2a9facc483a962,CVE-2023-38396
956982314,arkede/cve-2023,CVE-2023-50845.yaml,ba0942474ab851f72ca64bd28a6ac4bc4b6cca3d,CVE-2023-50845
956982314,arkede/cve-2023,CVE-2023-28168.yaml,ba1577f08e4199269b6efb1f897da9326d734748,CVE-2023-28168
956982314,arkede/cve-2023,CVE-2023-40609.yaml,ba27f7d227a81c67d7eebd23f837e5aaa6c125b7,CVE-2023-40609
956982314,arkede/cve-2023,CVE-2023-48768.yaml,ba2897f23c18f1e5e56563b36f3ab3114e934ba2,CVE-2023-48768
956982314,arkede/cve-2023,CVE-2023-24322.yaml,ba37c5a91ba7af42717272c098c878d03d276897,CVE-2023-24322
956982314,arkede/cve-2023,CVE-2023-49835.yaml,ba52f85779ae6cd10dd5706db58e52ceda3a05c0,CVE-2023-49835
956982314,arkede/cve-2023,CVE-2023-27610.yaml,ba6085db326630c6b795e2b983edb300772188a3,CVE-2023-27610
956982314,arkede/cve-2023,CVE-2023-47218.yaml,ba61fc9e686e0c5f28048e666320fccb7bef32aa,CVE-2023-47218
956982314,arkede/cve-2023,CVE-2023-2606.yaml,ba66f1c4b6f139c8fdfe0334cf5659fa8b9f1745,CVE-2023-2606
956982314,arkede/cve-2023,CVE-2023-49861.yaml,ba6e4fcfaa6ad118ab7aa0f5466af8925919768b,CVE-2023-49861
956982314,arkede/cve-2023,CVE-2023-7170.yaml,ba9c8f6397b89de17e517a49ca7c886eb246c1c7,CVE-2023-7170
956982314,arkede/cve-2023,CVE-2023-23716.yaml,ba9da4fb6bcd593c769f93f7f928209352f7721d,CVE-2023-23716
956982314,arkede/cve-2023,CVE-2023-31076.yaml,ba9f43f45ed2bf9398daed7b061b1d3fae860552,CVE-2023-31076
956982314,arkede/cve-2023,CVE-2023-51374.yaml,bab5e67cbb50771bdb1957970a5eb0c4a9c7e464,CVE-2023-51374
956982314,arkede/cve-2023,CVE-2023-50968_1.yaml,bab623e4b6cb88b943b91d6825d34d007503754b,CVE-2023-50968
956982314,arkede/cve-2023,CVE-2023-2032.yaml,babde9dea74cfbf28473fa76e379e7eddfe534c5,CVE-2023-2032
956982314,arkede/cve-2023,CVE-2023-1525.yaml,baf401b00a14427ba95ca0553bcb99842ec8d435,CVE-2023-1525
956982314,arkede/cve-2023,CVE-2023-2252_2.yaml,bb02189bc936b107119e8db698983075c295bb78,CVE-2023-2252
956982314,arkede/cve-2023,CVE-2023-51373.yaml,bb09acac68c824f3ec8f1764acb545d502dc1713,CVE-2023-51373
956982314,arkede/cve-2023,CVE-2023-40004.yaml,bb2b085995fa7dccc31614b0a315d5c26c3063d8,CVE-2023-40004
956982314,arkede/cve-2023,CVE-2023-28665_2.yaml,bb3cedf751e7a3e67b7d9a59851340866259755e,CVE-2023-28665
956982314,arkede/cve-2023,CVE-2023-48334.yaml,bb3e2b1a94f669f0fb722a9f490693b867bd4898,CVE-2023-48334
956982314,arkede/cve-2023,CVE-2023-32519.yaml,bb4b1d49532f4583d7bd6aed93a7a079bb632eca,CVE-2023-32519
956982314,arkede/cve-2023,CVE-2023-40204.yaml,bb5d6e4615e8da7ec77f3c9cd60f04add753417f,CVE-2023-40204
956982314,arkede/cve-2023,CVE-2023-0708.yaml,bb6835f6e7aefd0658ea1fbc7c4c9dc71255caed,CVE-2023-0708
956982314,arkede/cve-2023,CVE-2023-1340.yaml,bb6976ceed5b6380a82edf0449791a70a5a96e5f,CVE-2023-1340
956982314,arkede/cve-2023,CVE-2023-2009_1.yaml,bb71de754a3ece32e5eca69ecd358e30f88f742b,CVE-2023-2009
956982314,arkede/cve-2023,CVE-2023-1923.yaml,bb7f11cbdc6bbbf627e6f1f67ba209c239f4c1a1,CVE-2023-1923
956982314,arkede/cve-2023,CVE-2023-33651.yaml,bba430a376dba8c08b86c711991a4ae412eea5d8,CVE-2023-33651
956982314,arkede/cve-2023,CVE-2023-3139.yaml,bbac5bd347c6b4ec53da7b9b17157afe91a2082d,CVE-2023-3139
956982314,arkede/cve-2023,CVE-2023-51489.yaml,bbac8a7aadc10c7c95acbcd9d79e13e4a07141db,CVE-2023-51489
956982314,arkede/cve-2023,CVE-2023-32116.yaml,bbb1d9fd71ba3b953a3982d3509301689b3911bd,CVE-2023-32116
956982314,arkede/cve-2023,CVE-2023-51682.yaml,bbc20c34e142353c5034087be5bc23e827b3f70f,CVE-2023-51682
956982314,arkede/cve-2023,CVE-2023-36287.yaml,bbce9ff8823e45e36b3df37c0fc4fe018b317076,CVE-2023-36287
956982314,arkede/cve-2023,CVE-2023-39312.yaml,bbd22819420960ff18fbd37a719eeadebecd33b8,CVE-2023-39312
956982314,arkede/cve-2023,CVE-2023-27035.yaml,bbd6b8ba59b5075d8a3e3623e9ce9b250e802081,CVE-2023-27035
956982314,arkede/cve-2023,CVE-2023-41538.yaml,bbe2c2b6b2867bc6de33a685896b107fc0408451,CVE-2023-41538
956982314,arkede/cve-2023,CVE-2023-22621_1.yaml,bbe4e99ce541b5e9295715b7612159334018b82a,CVE-2023-22621
956982314,arkede/cve-2023,CVE-2023-48331.yaml,bbeacb216b12524f3cf654daa22f579f40ae1056,CVE-2023-48331
956982314,arkede/cve-2023,CVE-2023-4596.yaml,bc16afafd0895ae70a0110b727baa7d6a6cbe61c,CVE-2023-4596
956982314,arkede/cve-2023,CVE-2023-5232.yaml,bc1755fb713033c4e260e286c8e2d89faf48b88c,CVE-2023-5232
956982314,arkede/cve-2023,CVE-2023-48777.yaml,bc236655c654e70f384c809fbb2c9c6072cca1f3,CVE-2023-48777
956982314,arkede/cve-2023,CVE-2023-43494.yaml,bc339cadc18f0d4f124096e37875079cb69db2d3,CVE-2023-43494
956982314,arkede/cve-2023,CVE-2023-31672.yaml,bc4c903bc8cb69a2345676bce68dc0fc86d042a5,CVE-2023-31672
956982314,arkede/cve-2023,CVE-2023-4719.yaml,bc5374e76283b0154794469679de20c4ed9e5992,CVE-2023-4719
956982314,arkede/cve-2023,CVE-2023-1317.yaml,bc90b04475017347f029200a10707ee655152170,CVE-2023-1317
956982314,arkede/cve-2023,CVE-2023-3519_1.yaml,bc978959e8ea2dc154c1b459731c977296b106d0,CVE-2023-3519
956982314,arkede/cve-2023,CVE-2023-28932.yaml,bc9c0990de7fffd7d33cf24812e836d3277fac82,CVE-2023-28932
956982314,arkede/cve-2023,CVE-2023-23992.yaml,bcaa3ad842631e257fe045944d2efff1aefda989,CVE-2023-23992
956982314,arkede/cve-2023,CVE-2023-51766.yaml,bcad0af82337eeca8d4157f6c101ad1610e09e7a,CVE-2023-51766
956982314,arkede/cve-2023,CVE-2023-25573.yaml,bcb8432ed20142d89d657af522e90cf2e7fad039,CVE-2023-25573
956982314,arkede/cve-2023,CVE-2023-25573.yaml,bcb8432ed20142d89d657af522e90cf2e7fad039,GHSA-MCWR-J9VM-5G8H
956982314,arkede/cve-2023,CVE-2023-32243.yaml,bcbf1f8b9ae1c03a606866feaffa2c71ba08878b,CVE-2023-32243
956982314,arkede/cve-2023,CVE-2023-41671.yaml,bcdfdc212cb1d4f92914dc7ad6113cb5a76a26e8,CVE-2023-41671
956982314,arkede/cve-2023,CVE-2023-41132.yaml,bceb6c991ed8fbe74ad1ad5a8721ce4ff95d9344,CVE-2023-41132
956982314,arkede/cve-2023,CVE-2023-40557.yaml,bd059418112cf40d4e7165f469c0a8a030792252,CVE-2023-40557
956982314,arkede/cve-2023,CVE-2023-23872.yaml,bd20057cbca7d71484e57c9199a0c9fc9196b6cf,CVE-2023-23872
956982314,arkede/cve-2023,CVE-2023-4161.yaml,bd202d3cacf7155a6fc77389de1aef8b9ff6f946,CVE-2023-4161
956982314,arkede/cve-2023,CVE-2023-41664.yaml,bd3539f1c1df09617cb75cf893b1721ccf35e487,CVE-2023-41664
956982314,arkede/cve-2023,CVE-2023-1554.yaml,bd35640060a118c01b69fbe362e35f862672ddf5,CVE-2023-1554
956982314,arkede/cve-2023,CVE-2023-5133.yaml,bd468982047f2bc1d6022ef460ba7332feeab70c,CVE-2023-5133
956982314,arkede/cve-2023,CVE-2023-33324.yaml,bd50609b29332684b0a982d7af05fc9e47fb23a7,CVE-2023-33324
956982314,arkede/cve-2023,CVE-2023-23882.yaml,bd57c5241aafee4d4551a150f0a67a7faeda4cf8,CVE-2023-23882
956982314,arkede/cve-2023,CVE-2023-52148.yaml,bd595dcce0edd3203f2250bfa9601b1b4ba6b787,CVE-2023-52148
956982314,arkede/cve-2023,CVE-2023-38501.yaml,bd62783e9f010251996008f10d08c22601b32119,CVE-2023-38501
956982314,arkede/cve-2023,CVE-2023-22699.yaml,bd6385b1ded7fdfc71abcd00ff632072ea4acc2c,CVE-2023-22699
956982314,arkede/cve-2023,CVE-2023-2835.yaml,bd63d6fe7b7afcd7bb431211e998ee00530b1da2,CVE-2023-2835
956982314,arkede/cve-2023,CVE-2023-2362.yaml,bd6b397b5a302e00c3cd80bcaf52e6b73ae42947,CVE-2023-2362
956982314,arkede/cve-2023,CVE-2023-48747.yaml,bd72b4747e7d035f2523fbf60c84e5444e2c6713,CVE-2023-48747
956982314,arkede/cve-2023,CVE-2023-51517.yaml,bd73420d71ca96552ee2f3bd202de339c85a3171,CVE-2023-51517
956982314,arkede/cve-2023,CVE-2023-4035.yaml,bd8a7e54bace564fa2d3039a661f33a42f3a269d,CVE-2023-4035
956982314,arkede/cve-2023,CVE-2023-22620_2.yaml,bd8d5424d891e246380a9b777a2da2f5b67aa738,CVE-2023-22620
956982314,arkede/cve-2023,CVE-2023-38482.yaml,bd91ffc6ffc838b74adfd80f0b63cce64a17abd3,CVE-2023-38482
956982314,arkede/cve-2023,CVE-2023-22694.yaml,bd971e69050e319881b133005f40a3d8a6e5f376,CVE-2023-22694
956982314,arkede/cve-2023,CVE-2023-25963.yaml,bdaf4f068c7164346336a74665d6f9212e6713fa,CVE-2023-25963
956982314,arkede/cve-2023,CVE-2023-44146.yaml,bdb26543e39b20470c38ad28d62b99f73a3e69b3,CVE-2023-44146
956982314,arkede/cve-2023,CVE-2023-51670.yaml,bdccbee1e092b923d19150304dd0d3a4ffd98090,CVE-2023-51670
956982314,arkede/cve-2023,CVE-2023-23488.yaml,bdd0d8abea5f947645883fef1e6581af446f3d35,CVE-2023-23488
956982314,arkede/cve-2023,CVE-2023-46075.yaml,bdf9ff1c5006037e35060c908f4703957216acf5,CVE-2023-46075
956982314,arkede/cve-2023,CVE-2023-41649.yaml,be0153147de790036ae62247af16ec38e39f4da8,CVE-2023-41649
956982314,arkede/cve-2023,CVE-2023-23801.yaml,be027a2c7ccc9f9a9f0c8f8ceee9bad48657a26f,CVE-2023-23801
956982314,arkede/cve-2023,CVE-2023-3671.yaml,be09951262cb78f2edc506597a27fd6948c8af8c,CVE-2023-3671
956982314,arkede/cve-2023,CVE-2023-0402.yaml,be19d7b121010b4916ae135584674e7b27f515cb,CVE-2023-0402
956982314,arkede/cve-2023,CVE-2023-5161.yaml,be23f7fe5bfa5878bd3470d924b93a0f60432597,CVE-2023-5161
956982314,arkede/cve-2023,CVE-2023-6830.yaml,be26dd6d4a52a10d6cc6ecb45e9a2a9ea0287f83,CVE-2023-6830
956982314,arkede/cve-2023,CVE-2023-29385.yaml,be384b02ad92ae127e0e9ff4042a818c252f7eac,CVE-2023-29385
956982314,arkede/cve-2023,CVE-2023-27414.yaml,be38e22a07438382e3ccb8359b6343b8918384b4,CVE-2023-27414
956982314,arkede/cve-2023,CVE-2023-1325.yaml,be455d2d3af0065c5280c179d748e44617399e58,CVE-2023-1325
956982314,arkede/cve-2023,CVE-2023-22684.yaml,be54a11d22eb23138a3ef24f84231d19a048db21,CVE-2023-22684
956982314,arkede/cve-2023,CVE-2023-22695.yaml,be5b9d8afad7e8add459205f877f7ff1db619ceb,CVE-2023-22695
956982314,arkede/cve-2023,CVE-2023-0366.yaml,be5f71766c4ac3249f0810b9706eee802d62b835,CVE-2023-0366
956982314,arkede/cve-2023,CVE-2023-49494.yaml,be600309a810071fab63eac3142a84112a85c273,CVE-2023-49494
956982314,arkede/cve-2023,CVE-2023-27454.yaml,be603a824d6996968f4482aef7d77a42dccd98a5,CVE-2023-27454
956982314,arkede/cve-2023,CVE-2023-1890_2.yaml,be6258d1660883512d75a547c1678eb913ac7cf2,CVE-2023-1890
956982314,arkede/cve-2023,CVE-2023-49182.yaml,be68945f5867e1381745f7b9056ab7c926be3ea1,CVE-2023-49182
956982314,arkede/cve-2023,CVE-2023-6600.yaml,be8ac646c2a27fd3b0bab7cb45da3949ad28a4b9,CVE-2023-6600
956982314,arkede/cve-2023,CVE-2023-6015.yaml,bead34343086fedfb1737c23d98d1f92281bb7be,CVE-2023-6015
956982314,arkede/cve-2023,CVE-2023-40210.yaml,beb003df2a7568d8a6ef77d3d851e8cce9769cfa,CVE-2023-40210
956982314,arkede/cve-2023,CVE-2023-47667.yaml,bebfe122c87f3c633ee7285f335b9df8efeb6e58,CVE-2023-47667
956982314,arkede/cve-2023,CVE-2023-40329.yaml,bece65ba3bf20a1dad7ab120785b5bd22cd98d66,CVE-2023-40329
956982314,arkede/cve-2023,CVE-2023-2494.yaml,bed83ac6e1d61dd56759201a82235583867d2f26,CVE-2023-2494
956982314,arkede/cve-2023,CVE-2023-0484.yaml,bed913a9c6d982ef4f099e39d833d46a07a352ab,CVE-2023-0484
956982314,arkede/cve-2023,CVE-2023-38481.yaml,beea8f430e25b98fa449520e3c3782251bb6d4fd,CVE-2023-38481
956982314,arkede/cve-2023,CVE-2023-35776.yaml,bef11ad5f52d443f445c5ea2f472812a1dfa2fb1,CVE-2023-35776
956982314,arkede/cve-2023,CVE-2023-37867.yaml,bf087e4722763f91a4ab318695c0dbd7f1cb0e2b,CVE-2023-37867
956982314,arkede/cve-2023,CVE-2023-24006.yaml,bf28295bb52bf361733f6347a2836066e9be0555,CVE-2023-24006
956982314,arkede/cve-2023,CVE-2023-2802.yaml,bf3cf75cbb2c7cc22d2daf5cd810e6189dc6f109,CVE-2023-2802
956982314,arkede/cve-2023,CVE-2023-40198.yaml,bf3e1248799e35aa0bbb9252add7fcf6b77f06d6,CVE-2023-40198
956982314,arkede/cve-2023,CVE-2023-6987.yaml,bf3e41eb0e0cbfa004c0914b4cf46743b9f07ecf,CVE-2023-6987
956982314,arkede/cve-2023,CVE-2023-47211_1.yaml,bf40361838f0afc267bc6c62161b3f0526a2b234,CVE-2023-47211
956982314,arkede/cve-2023,CVE-2023-25792.yaml,bf4b8f665298ed8ffcf891a91f244c4b8f57e336,CVE-2023-25792
956982314,arkede/cve-2023,CVE-2023-4289.yaml,bf731983ceed1981e8f66a6260e13dbc153753b7,CVE-2023-4289
956982314,arkede/cve-2023,CVE-2023-31078.yaml,bf7724742ca099ed7bfcfcd704a7baeb61872d12,CVE-2023-31078
956982314,arkede/cve-2023,CVE-2023-52219.yaml,bf82f8efa179691c82279975fda75687bf43e4fb,CVE-2023-52219
956982314,arkede/cve-2023,CVE-2023-5109.yaml,bf8464b2a027ac5967cad71e1288342ded41eb41,CVE-2023-5109
956982314,arkede/cve-2023,CVE-2023-37390.yaml,bf9226e0ad0bd3617fb8f33193b53f7762569521,CVE-2023-37390
956982314,arkede/cve-2023,CVE-2023-51677.yaml,bf9e5bc56eb2c46855e3f62f8d72c069c31d88e8,CVE-2023-51677
956982314,arkede/cve-2023,CVE-2023-51488.yaml,bf9f304d28393c885c32ca8798d320a759175b36,CVE-2023-51488
956982314,arkede/cve-2023,CVE-2023-4666.yaml,bfa17c3352d51d6ac6d070ba69a713f9ce9bc544,CVE-2023-4666
956982314,arkede/cve-2023,CVE-2023-25444.yaml,bfad05e9dd958847306c1bac2ecbedfba9948ad6,CVE-2023-25444
956982314,arkede/cve-2023,CVE-2023-41129.yaml,bfbdc51f3e76d5d7916e5dfd71d2357379303f9d,CVE-2023-41129
956982314,arkede/cve-2023,CVE-2023-23823.yaml,bfc0b9da82ad87bf0e9f2c8780045dc00ebf9d68,CVE-2023-23823
956982314,arkede/cve-2023,CVE-2023-2732.yaml,bfd5252b1b513997a8ed08a786a0f5d2827113cd,CVE-2023-2732
956982314,arkede/cve-2023,CVE-2023-5243.yaml,bfe9bfd93d84a84a1c7eb6b813aaba044c134830,CVE-2023-5243
956982314,arkede/cve-2023,CVE-2023-28930.yaml,bff5e5bca8515464360d41c5594098bdb3f84124,CVE-2023-28930
956982314,arkede/cve-2023,CVE-2023-2027.yaml,c0064e2f1287d975db17e8231856e3ea9ed3df4f,CVE-2023-2027
956982314,arkede/cve-2023,CVE-2023-49827.yaml,c00c2d1315c9bf4399d5a15464ddb7d791a10c99,CVE-2023-49827
956982314,arkede/cve-2023,CVE-2023-49172.yaml,c00f095b12f0069287c1816848617ee17614a6da,CVE-2023-49172
956982314,arkede/cve-2023,CVE-2023-37978.yaml,c0131980a24053f7ef97c0fbb859f37c0fed5323,CVE-2023-37978
956982314,arkede/cve-2023,CVE-2023-29208.yaml,c0204452c7681842044c7ec12e785fc92576a695,CVE-2023-29208
956982314,arkede/cve-2023,CVE-2023-40209.yaml,c031e32d1f7809834a23543cb5e9c1984de8b6e5,CVE-2023-40209
956982314,arkede/cve-2023,CVE-2023-30500.yaml,c033c84906004834db649ed9e7c14708245d30f2,CVE-2023-30500
956982314,arkede/cve-2023,CVE-2023-40011.yaml,c03dafe12fba2ae94e07b005a4a7da4418009a75,CVE-2023-40011
956982314,arkede/cve-2023,CVE-2023-25283.yaml,c05a9df5cfcdd981d7108af59f0a3e3457742139,CVE-2023-25283
956982314,arkede/cve-2023,CVE-2023-1730_2.yaml,c05ed6483f11b422db51f1e0679ef9f326ad60b2,CVE-2023-1730
956982314,arkede/cve-2023,CVE-2023-40553.yaml,c067817baeeae0b6156682b82c361485eb09336c,CVE-2023-40553
956982314,arkede/cve-2023,CVE-2023-0270.yaml,c07fac3393e2f8148454187820140a8a2aa2b184,CVE-2023-0270
956982314,arkede/cve-2023,CVE-2023-4604.yaml,c09e7ea7b60370122807fbd8d1b66bba97d4ebd5,CVE-2023-4604
956982314,arkede/cve-2023,CVE-2023-34168.yaml,c0a116a1c58534a5d119e8ea6897689aafa05f91,CVE-2023-34168
956982314,arkede/cve-2023,CVE-2023-2496.yaml,c0a17e89c1a02da3018b4782dfe8bf913fd135cf,CVE-2023-2496
956982314,arkede/cve-2023,CVE-2023-5348.yaml,c0a640cc4d5fe23419b9725958e742a8a8866d18,CVE-2023-5348
956982314,arkede/cve-2023,CVE-2023-4542_1.yaml,c0a79c6b0145c8d875e16d60d6a0fea2632dd99b,CVE-2023-4542
956982314,arkede/cve-2023,CVE-2023-25486.yaml,c0ba423001011f98b89b65995ca13d2e5319c95e,CVE-2023-25486
956982314,arkede/cve-2023,CVE-2023-5561.yaml,c0f22b8202a62e405dbbaf7d4f2e7cb470df5222,CVE-2023-5561
956982314,arkede/cve-2023,CVE-2023-4450.yaml,c0f6a278a989a4e11d99a1543fad5c999232eec8,CVE-2023-4450
956982314,arkede/cve-2023,CVE-2023-4450.yaml,c0f6a278a989a4e11d99a1543fad5c999232eec8,GHSA-J8H5-8RRR-M6J9
956982314,arkede/cve-2023,CVE-2023-1320.yaml,c100d6834a4996866cf01f5767f1f33964c2a997,CVE-2023-1320
956982314,arkede/cve-2023,CVE-2023-23799.yaml,c11b2907888a969087b68ce3074f15bf85c75b83,CVE-2023-23799
956982314,arkede/cve-2023,CVE-2023-47115.yaml,c12131d77ca810deaa51f3e73e3765eb334487fd,GHSA-Q68H-XWQ5-MM7X
956982314,arkede/cve-2023,CVE-2023-47115.yaml,c12131d77ca810deaa51f3e73e3765eb334487fd,CVE-2023-47115
956982314,arkede/cve-2023,CVE-2023-0311.yaml,c121cb940cd2a673548353e34a6980f7fdf764ff,CVE-2023-0311
956982314,arkede/cve-2023,CVE-2023-39162.yaml,c148d6ce82fc3a84adf7d99ecb65fabb1f5e7d0f,CVE-2023-39162
956982314,arkede/cve-2023,CVE-2023-51541.yaml,c14e71c76678c6480f9783740495bd00f3ec091c,CVE-2023-51541
956982314,arkede/cve-2023,CVE-2023-39994.yaml,c154c5ef3d038c33e418b071055b8ca982661836,CVE-2023-39994
956982314,arkede/cve-2023,CVE-2023-47346.yaml,c177bd5ac2e0da5e508792811fa5505f5d2ae26b,CVE-2023-47346
956982314,arkede/cve-2023,CVE-2023-4294.yaml,c1871c8878552a679725565f0997778429d5d7c9,CVE-2023-4294
956982314,arkede/cve-2023,CVE-2023-23701.yaml,c194edd86f188ea80136791ec42a571c2a27f731,CVE-2023-23701
956982314,arkede/cve-2023,CVE-2023-25068.yaml,c19d3d57dcdb2b1926f5084a85e842cbad29c97b,CVE-2023-25068
956982314,arkede/cve-2023,CVE-2023-2562.yaml,c1a2e9fb50aff264dde6cb83ef7a689e888032a9,CVE-2023-2562
956982314,arkede/cve-2023,CVE-2023-0253.yaml,c1aeefc9883f9ecc893146a785d2e900272acb65,CVE-2023-0253
956982314,arkede/cve-2023,CVE-2023-49747.yaml,c1b1e1852a417ff9268476dc0d7a3afbe1c448d8,CVE-2023-49747
956982314,arkede/cve-2023,CVE-2023-42343.yaml,c1bffaa8664049b88b3f225dccf9b3e372fdf1bd,CVE-2023-42343
956982314,arkede/cve-2023,CVE-2023-0328.yaml,c1dc782449ad9d3739e59f0ecba1a1fec3b85bac,CVE-2023-0328
956982314,arkede/cve-2023,CVE-2023-45005.yaml,c1e7785e96787cef3e48d224107829c8e99baed6,CVE-2023-45005
956982314,arkede/cve-2023,CVE-2023-23797.yaml,c206bf6ebdcd565d647607ce0170f5ce8305c2e1,CVE-2023-23797
956982314,arkede/cve-2023,CVE-2023-32119.yaml,c220ff528f86115d8bab79a9515de4d75915f054,CVE-2023-32119
956982314,arkede/cve-2023,CVE-2023-3345.yaml,c2274a13fe33a40ad2e8420193f3eb641bf63a8b,CVE-2023-3345
956982314,arkede/cve-2023,CVE-2023-1208.yaml,c229d8f402eb74dbcd7dcf54e4343fd03b34b689,CVE-2023-1208
956982314,arkede/cve-2023,CVE-2023-45760.yaml,c2407c15a7f3428bb7b07fa08979e8dc556a118b,CVE-2023-45760
956982314,arkede/cve-2023,CVE-2023-38381.yaml,c24ec8aa9ec206a0f70bd924912f9c751270ad24,CVE-2023-38381
956982314,arkede/cve-2023,CVE-2023-36515.yaml,c26add0ec12b363431fbd77f20afdcbad79df4b6,CVE-2023-36515
956982314,arkede/cve-2023,CVE-2023-32243_2.yaml,c284aca3ed131621512383d4687d8853675ef3f5,CVE-2023-32243
956982314,arkede/cve-2023,CVE-2023-3081.yaml,c28d4f0c0b23a9afec28e6714df55dfda34e5798,CVE-2023-3081
956982314,arkede/cve-2023,CVE-2023-3992.yaml,c29fd0180809173647cfe2c6e7369a873bbddcf6,CVE-2023-3992
956982314,arkede/cve-2023,CVE-2023-4140.yaml,c2b6ba329e2c65052370a298e70597b62cf653e6,CVE-2023-4140
956982314,arkede/cve-2023,CVE-2023-25962.yaml,c2bac1a90f256e76e3b3dbb3f49f104f7bea746b,CVE-2023-25962
956982314,arkede/cve-2023,CVE-2023-6019.yaml,c2bb6b0f148f03d2921af64de9a40727078f0c8a,CVE-2023-6019
956982314,arkede/cve-2023,CVE-2023-49165.yaml,c2bc3f72002d8c0e0d07d7ba27d0e3b01249f70e,CVE-2023-49165
956982314,arkede/cve-2023,CVE-2023-49165.yaml,c2bc3f72002d8c0e0d07d7ba27d0e3b01249f70e,CVE-2019-17071
956982314,arkede/cve-2023,CVE-2023-0695.yaml,c2c0e4240293a95098e12c9641ee9cc13e17ccd0,CVE-2023-0695
956982314,arkede/cve-2023,CVE-2023-48287.yaml,c2db605c69f181e1d651df31897a6534bd3b3004,CVE-2023-48287
956982314,arkede/cve-2023,CVE-2023-0710.yaml,c2deef6d8223aec65b49392c91c1e1bec4520b3e,CVE-2023-0710
956982314,arkede/cve-2023,CVE-2023-0522.yaml,c2f7c1ec73bc720cd63ef6da025e9a4e45610bc6,CVE-2023-0522
956982314,arkede/cve-2023,CVE-2023-2500.yaml,c3111fa95344dcdde9856a5fcbdf644997d8aec5,CVE-2023-2500
956982314,arkede/cve-2023,CVE-2023-4999.yaml,c312f5271606a2026bcdb353369f1a273a3831a3,CVE-2023-4999
956982314,arkede/cve-2023,CVE-2023-4165_1.yaml,c315c2c0a95cd1bdb73da572e87c60caef26a14f,CVE-2023-4165
956982314,arkede/cve-2023,CVE-2023-23688.yaml,c32e453db9836ba424d85d28492fb3d82ce06073,CVE-2023-23688
956982314,arkede/cve-2023,CVE-2023-2982_2.yaml,c34a4df8702a9f53f1f1f2194b0ba1d98e00bea4,CVE-2023-2982
956982314,arkede/cve-2023,CVE-2023-25704.yaml,c36992c7a1cd9211446dd3128a5aba05aa20065b,CVE-2023-25704
956982314,arkede/cve-2023,CVE-2023-48275.yaml,c36acd7be1b8ec2b78cb562280832971362ca834,CVE-2023-48275
956982314,arkede/cve-2023,CVE-2023-4471.yaml,c36d21c8c19b27fbb1922e4e276b7998c4b1873c,CVE-2023-4471
956982314,arkede/cve-2023,CVE-2023-2718.yaml,c3782d47429a867ebdb2446f2a82b979d0ddd84e,CVE-2023-2718
956982314,arkede/cve-2023,CVE-2023-0780.yaml,c37cf3f5ca15de31e1e273091027c6626165e276,CVE-2023-0780
956982314,arkede/cve-2023,CVE-2023-0170.yaml,c37ef47faa611558bd344839d3d7a1427db2c8c6,CVE-2023-0170
956982314,arkede/cve-2023,CVE-2023-49192.yaml,c38e228e28a0a7397db0873cb6e7a893a1343187,CVE-2023-49192
956982314,arkede/cve-2023,CVE-2023-0295.yaml,c3af5ae6fdf7389ed013538c3aacad9aa20d7f0c,CVE-2023-0295
956982314,arkede/cve-2023,CVE-2023-4432.yaml,c3ba63f8272249848b652450fb955bf4f2d2a5de,CVE-2023-4432
956982314,arkede/cve-2023,CVE-2023-25573_2.yaml,c3d23d32db9e6ef1d891d06c6e28d48a684b1504,GHSA-MCWR-J9VM-5G8H
956982314,arkede/cve-2023,CVE-2023-25573_2.yaml,c3d23d32db9e6ef1d891d06c6e28d48a684b1504,CVE-2023-25573
956982314,arkede/cve-2023,CVE-2023-32102.yaml,c3d30fb75169e65923a247ec9b4432e8a34a9e2f,CVE-2023-32102
956982314,arkede/cve-2023,CVE-2023-2085.yaml,c3ddf81fb4304e3309d10a32dd1324c4e69172f8,CVE-2023-2085
956982314,arkede/cve-2023,CVE-2023-1807.yaml,c411dca48a3d1cb83d23a9824f994f18fc0f33f5,CVE-2023-1807
956982314,arkede/cve-2023,CVE-2023-1575.yaml,c41add6aab32f24c5716b1323a76206075eb1828,CVE-2023-1575
956982314,arkede/cve-2023,CVE-2023-6163.yaml,c42ee4395635190409bb67bd8eaa92be810c7f32,CVE-2023-6163
956982314,arkede/cve-2023,CVE-2023-6197.yaml,c4373775abf844f33ef2333ce19c5f23b6b2e8d0,CVE-2023-6197
956982314,arkede/cve-2023,CVE-2023-4940.yaml,c4446e1b2316e29264a4a3f7a534bfeb96694117,CVE-2023-4940
956982314,arkede/cve-2023,CVE-2023-36845_2.yaml,c45751eb7a407e412cf60b85d55ec83cde5d3259,CVE-2023-36845
956982314,arkede/cve-2023,CVE-2023-36845_2.yaml,c45751eb7a407e412cf60b85d55ec83cde5d3259,CVE-2023-36844
956982314,arkede/cve-2023,CVE-2023-4796.yaml,c46ed27a20af9229b2f4680afe1d2d22624eec14,CVE-2023-4796
956982314,arkede/cve-2023,CVE-2023-0479.yaml,c48487544b8a25911c5f0f9365e5753f6a6a86a0,CVE-2023-0479
956982314,arkede/cve-2023,CVE-2023-5108.yaml,c49222560623f3e2f1a11fcbb87ba2e0ddfc0ada,CVE-2023-5108
956982314,arkede/cve-2023,CVE-2023-28786.yaml,c496313945fd7cee9021fa26d8872f2fc24ff38a,CVE-2023-28786
956982314,arkede/cve-2023,CVE-2023-24377.yaml,c49f160550131a16be3e651e229146ad5e87a05f,CVE-2023-24377
956982314,arkede/cve-2023,CVE-2023-32799.yaml,c4a5c9d4b601c62f17b7b138e8f2f56bbf61cab1,CVE-2023-32799
956982314,arkede/cve-2023,CVE-2023-27063.yaml,c4a60edc5ec3a8e5f3dcb49aad48fc79f40cf8e0,CVE-2023-27063
956982314,arkede/cve-2023,CVE-2023-29102.yaml,c4aa69640bfd48f43dcadbd2b60ec338ad5951ab,CVE-2023-29102
956982314,arkede/cve-2023,CVE-2023-5448.yaml,c4acca59ac5d81ca492d60915c98adcc2f13bbdd,CVE-2023-5448
956982314,arkede/cve-2023,CVE-2023-31218.yaml,c4b7abc52ec027230e842dd723d5d9fd63f09106,CVE-2023-31218
956982314,arkede/cve-2023,CVE-2023-30150.yaml,c4c10ec0c730f66c4a80326eddef8386f9f91ec3,CVE-2023-30150
956982314,arkede/cve-2023,CVE-2023-5063.yaml,c4c29fc50e0dcfb4e5544c1f41ee2176e58dcfdc,CVE-2023-5063
956982314,arkede/cve-2023,CVE-2023-24381.yaml,c4cf2ad77fca444d0b24ac0c55b70d5be6ce0aa2,CVE-2023-24381
956982314,arkede/cve-2023,CVE-2023-29387.yaml,c4d24d0e3a8cea67c653e03fb8bf1679d6d8ca37,CVE-2023-29387
956982314,arkede/cve-2023,CVE-2023-25976.yaml,c4ead77225d90142da5601dfd9fdded1afc430bf,CVE-2023-25976
956982314,arkede/cve-2023,CVE-2023-32586.yaml,c4f69a326a79488c7ac3252744a8c9f5ba7ffae6,CVE-2023-32586
956982314,arkede/cve-2023,CVE-2023-44147.yaml,c5086bc3804d8149592beca00c74c66a44dcd96f,CVE-2023-44147
956982314,arkede/cve-2023,CVE-2023-32502.yaml,c521822ea37307539de4b4e9af46d4e69e7207e3,CVE-2023-32502
956982314,arkede/cve-2023,CVE-2023-5647.yaml,c525002bd03397bf2873dd2c57c19112bdebd1ed,CVE-2023-5647
956982314,arkede/cve-2023,CVE-2023-5647.yaml,c525002bd03397bf2873dd2c57c19112bdebd1ed,CVE-2023-5212
956982314,arkede/cve-2023,CVE-2023-2635.yaml,c53628124cf8d496f05a5461fecbe1dec1363aa4,CVE-2023-2635
956982314,arkede/cve-2023,CVE-2023-22884.yaml,c541c91d2bcbf0912a7bf9d736186bd8cb6a134f,CVE-2023-22884
956982314,arkede/cve-2023,CVE-2023-2224_2.yaml,c54bb7510e273cd36dc8e23a96b9928d8358f841,CVE-2023-2224
956982314,arkede/cve-2023,CVE-2023-2225.yaml,c54ea6045681d53ece17220c01949795e3236928,CVE-2023-2225
956982314,arkede/cve-2023,CVE-2023-1546_2.yaml,c55d7275d0fd34ac9f6c99ec980d2720a543dbaa,CVE-2023-1546
956982314,arkede/cve-2023,CVE-2023-52126.yaml,c59bc486d9778e0568c4aacbda5aa8fb6f9fa27c,CVE-2023-52126
956982314,arkede/cve-2023,CVE-2023-47876.yaml,c5aa26dbd3f71198b3fe00c9684e974e54a1df02,CVE-2023-47876
956982314,arkede/cve-2023,CVE-2023-46086.yaml,c5ced81b886d49f11b58aa36baeb22e2d93bd264,CVE-2023-46086
956982314,arkede/cve-2023,CVE-2023-4214.yaml,c5d653b41a012812175910d44fd99922e9cf1a6e,CVE-2023-4214
956982314,arkede/cve-2023,CVE-2023-4968.yaml,c5f1c2e3376d1df4a9a95f0379fd638eb43faa88,CVE-2023-4968
956982314,arkede/cve-2023,CVE-2023-50837.yaml,c5fbad7584ff17c6a1761cd441a8961eecf447f6,CVE-2023-50837
956982314,arkede/cve-2023,CVE-2023-6630.yaml,c60004f88ede3ac25a94755e929a689dbd13d0f1,CVE-2023-6630
956982314,arkede/cve-2023,CVE-2023-23818.yaml,c603f92baef45c854254d7a3f228600bd8ceec97,CVE-2023-23818
956982314,arkede/cve-2023,CVE-2023-5999.yaml,c606de35003f29a734672003c39b197a9b216d28,CVE-2023-5999
956982314,arkede/cve-2023,CVE-2023-25975.yaml,c606ea40bca71b24e1da01033285d08355e0ace4,CVE-2023-25975
956982314,arkede/cve-2023,CVE-2023-49176.yaml,c607d3ed6056045531fe699dc769b7b1a836117f,CVE-2023-49176
956982314,arkede/cve-2023,CVE-2023-47522.yaml,c60928f0a454b1381eb362092eaf0d34d0a6f08a,CVE-2023-47522
956982314,arkede/cve-2023,CVE-2023-30748.yaml,c60b44d87e45e8ada4a2df34c495724216054425,CVE-2023-30748
956982314,arkede/cve-2023,CVE-2023-0057.yaml,c626600b04566890adc6c58145a4b3b8ddbb1a30,CVE-2023-0057
956982314,arkede/cve-2023,CVE-2023-7197.yaml,c634fff7df4f6cc510dfc8194811763f1e1c4051,CVE-2023-7197
956982314,arkede/cve-2023,CVE-2023-44012.yaml,c662547d971a0fee5d235c9c0427c2afae5af2ad,CVE-2023-44012
956982314,arkede/cve-2023,CVE-2023-6275.yaml,c665f3451568e0b2a59fb7b5055534440df621f4,CVE-2023-6275
956982314,arkede/cve-2023,CVE-2023-25050.yaml,c678e22dff92ef8fbc9eefc23063f1247e26c77d,CVE-2023-25050
956982314,arkede/cve-2023,CVE-2023-33359.yaml,c67aed8c18390b39c49f1d99e99c46051df5ab05,CVE-2023-33359
956982314,arkede/cve-2023,CVE-2023-45073.yaml,c6842d9fbd25cdbabd541825692a5ece53824b33,CVE-2023-45073
956982314,arkede/cve-2023,CVE-2023-31233.yaml,c68e6fea8f3e8bb8eaa069b91fbbd5c8b4cd7ac4,CVE-2023-31233
956982314,arkede/cve-2023,CVE-2023-1720.yaml,c6a698265d5e72f4552becc29293234d8de49845,CVE-2023-1720
956982314,arkede/cve-2023,CVE-2023-6638.yaml,c6ba8ce3a2189693b29db4cf130ce8bd0cecc5ef,CVE-2023-6638
956982314,arkede/cve-2023,CVE-2023-2359.yaml,c6d690f5d422f01759f5c41e5b2d01c598203c59,CVE-2023-2359
956982314,arkede/cve-2023,CVE-2023-42442.yaml,c6e765cc76d6e24c920ac246e83837e68011c2fd,CVE-2023-42442
956982314,arkede/cve-2023,CVE-2023-1913.yaml,c6edc71a603515d98a8a5f52f9fe0dab02ff6d55,CVE-2023-1913
956982314,arkede/cve-2023,CVE-2023-44149.yaml,c6f9d9e2d1c8c0b35b8fb5cb52f5c09476c7f79d,CVE-2023-44149
956982314,arkede/cve-2023,CVE-2023-23996.yaml,c72974ca322ec165a3a372c9e8812370a29b7b41,CVE-2023-23996
956982314,arkede/cve-2023,CVE-2023-1375.yaml,c72d556e5333516806bdeb788cbd9d41d5508f27,CVE-2023-1375
956982314,arkede/cve-2023,CVE-2023-48777_1.yaml,c747ded46f8e3a84ce76d1c7936d28733c2c8cb7,CVE-2023-48777
956982314,arkede/cve-2023,CVE-2023-35043.yaml,c780a1dece312c0440648d29b924643cb58c5c31,CVE-2023-35043
956982314,arkede/cve-2023,CVE-2023-28343_1.yaml,c781cd98e3899efad10ad98e84ccad6bb0d2435c,CVE-2023-28343
956982314,arkede/cve-2023,CVE-2023-7225.yaml,c78867e23e8d624f20864c5627ebf7b240563788,CVE-2023-7225
956982314,arkede/cve-2023,CVE-2023-25445.yaml,c78faec3c6f633c8c017a46fc30eb04ddd32ca0e,CVE-2023-25445
956982314,arkede/cve-2023,CVE-2023-4723.yaml,c79e0f5c822301c6a345c35e812edc42abadfb62,CVE-2023-4723
956982314,arkede/cve-2023,CVE-2023-25987.yaml,c7a169f1d434828b604717d44ab40f3c0a4a71c9,CVE-2023-25987
956982314,arkede/cve-2023,CVE-2023-45052.yaml,c7a562dc64246db5d69394bf9756dfdb69475a5d,CVE-2023-45052
956982314,arkede/cve-2023,CVE-2023-5979.yaml,c7c8ccefc42b1eaea904891caf9c8ee269094ffd,CVE-2023-5979
956982314,arkede/cve-2023,CVE-2023-1870.yaml,c7ce5756d57b5bb08d26e99cc225fe17bcc0f7c4,CVE-2023-1870
956982314,arkede/cve-2023,CVE-2023-1259.yaml,c7d41147e7ca0de3ef35903dda1c88464b2b4549,CVE-2023-1259
956982314,arkede/cve-2023,CVE-2023-4284.yaml,c7e1b4f2da5dc0a7fd26c7cb93b7d5178c90b3c7,CVE-2023-4284
956982314,arkede/cve-2023,CVE-2023-27437.yaml,c7e329b586fb0d6e5bb1c5a35c4019a2242dae4d,CVE-2023-27437
956982314,arkede/cve-2023,CVE-2023-6091.yaml,c7e98e544b70b1da722e0c32d2b42dcfaf553ef9,CVE-2023-6091
956982314,arkede/cve-2023,CVE-2023-6158.yaml,c7ecb24368d1185f0088ef5ab2f65b3fcb02e8f3,CVE-2023-6158
956982314,arkede/cve-2023,CVE-2023-0487.yaml,c7f50acacca51e574cc8b45e347b71fd3c52fd5b,CVE-2023-0487
956982314,arkede/cve-2023,CVE-2023-46781.yaml,c7f56683e23d05a39a7436f2344802f01dd94e0c,CVE-2023-46781
956982314,arkede/cve-2023,CVE-2023-34353.yaml,c8025acff52cf83048b90696bd2e8f26cf139f75,CVE-2023-34353
956982314,arkede/cve-2023,CVE-2023-41803.yaml,c80676c47e1917de1a7b83c6b92df78c46f8d132,CVE-2023-41803
956982314,arkede/cve-2023,CVE-2023-0220.yaml,c807395c7b7e2a4925079c53e69b950bb8fc23ba,CVE-2023-0220
956982314,arkede/cve-2023,CVE-2023-36692.yaml,c8073a1740da88ce725bc8726229862cab607522,CVE-2023-36692
956982314,arkede/cve-2023,CVE-2023-41109_2.yaml,c8149b1952ea7315ce40e355fd02b165c46cbad8,CVE-2023-41109
956982314,arkede/cve-2023,CVE-2023-23707.yaml,c815586ccd2931cf519ce9379425e13332e76049,CVE-2023-23707
956982314,arkede/cve-2023,CVE-2023-0630.yaml,c81748086dc3a0593b003a763d5a81d4ff163d9f,CVE-2023-0630
956982314,arkede/cve-2023,CVE-2023-31548_1.yaml,c820a766c7737c3c1682e5cdc6bab1d5b5d9d179,CVE-2023-31548
956982314,arkede/cve-2023,CVE-2023-44990.yaml,c84efe6377093eb129211ee762a2c0c80dd95cf7,CVE-2023-44990
956982314,arkede/cve-2023,CVE-2023-6568.yaml,c85da7e2ef2cd8ffac9707e3a15e6746c228b4a0,CVE-2023-6568
956982314,arkede/cve-2023,CVE-2023-7174.yaml,c85e252be02d973c28e214179a08f77c7b33718c,CVE-2023-7174
956982314,arkede/cve-2023,CVE-2023-27614.yaml,c875e24b2010ca2b1677fcb57e9e2f14bfe6bcd3,CVE-2023-27614
956982314,arkede/cve-2023,CVE-2023-31094.yaml,c8767e83dd71f463513060a2f668607cb8ba9d8c,CVE-2023-31094
956982314,arkede/cve-2023,CVE-2023-23163.yaml,c87916784f206d15121c5c7187292faaf17bf534,CVE-2023-23163
956982314,arkede/cve-2023,CVE-2023-0038.yaml,c87ff512f257e9a1cffa6f4b2c1762b692068702,CVE-2023-0038
956982314,arkede/cve-2023,CVE-2023-30488.yaml,c883ea63388e6c6f481218056575550829e18433,CVE-2023-30488
956982314,arkede/cve-2023,CVE-2023-32743.yaml,c88e89eb4a48c016182c5969a22eac79abc4e17a,CVE-2023-32743
956982314,arkede/cve-2023,CVE-2023-0263.yaml,c89dd358d9bc987cc1ebcec3b204d87f467b6702,CVE-2023-0263
956982314,arkede/cve-2023,CVE-2023-28622.yaml,c89e6b867cdb4aaeafc2d414e0b0bca04aa48757,CVE-2023-28622
956982314,arkede/cve-2023,CVE-2023-4811.yaml,c8a78514f55e957fe06b540253a5f3d539ed2227,CVE-2023-4811
956982314,arkede/cve-2023,CVE-2023-52221.yaml,c8ad4a82f51e8826c3197be41eba8461867a1f90,CVE-2023-52221
956982314,arkede/cve-2023,CVE-2023-49767.yaml,c8beaf1256220905fb572fe164b47a0afb17f64c,CVE-2023-49767
956982314,arkede/cve-2023,CVE-2023-46188.yaml,c8c20ba62de82edf6a6d3217a5446e94d61488cf,CVE-2023-46188
956982314,arkede/cve-2023,CVE-2023-51516.yaml,c8d9bac0f3cd0fcd724f1cce88b65502eeddb497,CVE-2023-51516
956982314,arkede/cve-2023,CVE-2023-23647.yaml,c8e127d06a605480ab6313c3d1771c6bcfb79710,CVE-2023-23647
956982314,arkede/cve-2023,CVE-2023-32507.yaml,c8e4d29c7ce2528cd3b7dcec50cba46ef44a6dd0,CVE-2023-32507
956982314,arkede/cve-2023,CVE-2023-2114.yaml,c90393adcec230b32740a2f25503b1b514d1c6e7,CVE-2023-2114
956982314,arkede/cve-2023,CVE-2023-46607.yaml,c90f6a1bb19bd7f1923741ec6afef0223b6bc45a,CVE-2023-46607
956982314,arkede/cve-2023,CVE-2023-41805.yaml,c91799209bd06a62cc61ccee85cc58bfe5e1a2a8,CVE-2023-41805
956982314,arkede/cve-2023,CVE-2023-23488_1.yaml,c91feca4204bcd0bcef38903904e5e6a9a7d0c2d,CVE-2023-23488
956982314,arkede/cve-2023,CVE-2023-32294.yaml,c932a5e9e3f59d0385110bfb70b2c5edab8d94b5,CVE-2023-32294
956982314,arkede/cve-2023,CVE-2023-27639.yaml,c949b0e5c6dc6ed8bc4877b2c2cd69c2cff17030,CVE-2023-27639
956982314,arkede/cve-2023,CVE-2023-39003.yaml,c95784387c8535d43522d4c7979e2844f1729d53,CVE-2023-39003
956982314,arkede/cve-2023,CVE-2023-0712.yaml,c96a4967a81d85751276eb4e0f9678dc712fade5,CVE-2023-0712
956982314,arkede/cve-2023,CVE-2023-40335.yaml,c98d7bea607539e9872f061b66e49961d3d6168d,CVE-2023-40335
956982314,arkede/cve-2023,CVE-2023-24391.yaml,c99a92f5a623bb962aef22743df79a36bdd78199,CVE-2023-24391
956982314,arkede/cve-2023,CVE-2023-30489.yaml,c99b0fb583201a411d68bbdf3ae18688df7b6f93,CVE-2023-30489
956982314,arkede/cve-2023,CVE-2023-28421.yaml,c99de097b07ea1072d0542283a6bb2de8f9e5ac4,CVE-2023-28421
956982314,arkede/cve-2023,CVE-2023-52120.yaml,c9ad1fe9eacb248b4993d46a2ad57df6f663303f,CVE-2023-52120
956982314,arkede/cve-2023,CVE-2023-30746.yaml,c9b78c1ad9ae86140854f673df7bd72619efab8c,CVE-2023-30746
956982314,arkede/cve-2023,CVE-2023-47773.yaml,c9dfca1869a0c1fabedfce325763a1cac430c1b2,CVE-2023-47773
956982314,arkede/cve-2023,CVE-2023-52085.yaml,c9eb6ba66b397c36a1d3acf94303b8c30cbe7ab6,GHSA-2X7R-93WW-CXRQ
956982314,arkede/cve-2023,CVE-2023-52085.yaml,c9eb6ba66b397c36a1d3acf94303b8c30cbe7ab6,CVE-2023-52085
956982314,arkede/cve-2023,CVE-2023-4724.yaml,c9ec114997ba7ab028ee3a68826292e46f5f5fdf,CVE-2023-4724
956982314,arkede/cve-2023,CVE-2023-45271.yaml,c9fb81bb50707c5a8f9b076326344aa852b47aa0,CVE-2023-45271
956982314,arkede/cve-2023,CVE-2023-0147.yaml,ca05e6b4ea90b4644699d70e9f81dd5c7b00a5e5,CVE-2023-0147
956982314,arkede/cve-2023,CVE-2023-46084.yaml,ca0d7e3c9118de47a9cb4c519d2b060d2acc28fd,CVE-2023-46084
956982314,arkede/cve-2023,CVE-2023-2009_2.yaml,ca2b6adb9b65417023a688809f023390036b8115,CVE-2023-2009
956982314,arkede/cve-2023,CVE-2023-51476.yaml,ca329bc19d59b8af4f9e507987dd9d1bb8f10674,CVE-2023-51476
956982314,arkede/cve-2023,CVE-2023-34385.yaml,ca3a686af0961042c5d4e63512ae3213c356e7d5,CVE-2023-34385
956982314,arkede/cve-2023,CVE-2023-6880.yaml,ca3d60fb8c82344a8a001e1950cbf214dbb568fc,CVE-2023-6880
956982314,arkede/cve-2023,CVE-2023-50893.yaml,ca467ab03ec07c241061b259f9d27b10696e317e,CVE-2023-50893
956982314,arkede/cve-2023,CVE-2023-2084.yaml,ca46fb9a762eed28f84866bca90d9ef21fbb010e,CVE-2023-2084
956982314,arkede/cve-2023,CVE_2023_51467.yaml,ca66217bafda2b96c5c17cad532af4bee418699d,CVE-2023-51467
956982314,arkede/cve-2023,CVE-2023-5621.yaml,ca67030ddfb89545107c7f2a64f3aefc5053fd3b,CVE-2023-5621
956982314,arkede/cve-2023,CVE-2023-3166.yaml,ca6d928f4b61a586b4cd71516bd706817d0e42b2,CVE-2023-3166
956982314,arkede/cve-2023,CVE-2023-27923.yaml,ca7edc4966a2b23dcc62d1e2b65b266a46028772,CVE-2023-27923
956982314,arkede/cve-2023,CVE-2023-40005.yaml,ca8364e96c94523dadc95b1658c74f74c375fee2,CVE-2023-40005
956982314,arkede/cve-2023,CVE-2023-6082.yaml,ca89d1ffef0e622bd93e748f691e1d84575b3f9d,CVE-2023-6082
956982314,arkede/cve-2023,CVE-2023-22680.yaml,ca9517b322548e263b0582fe0ab9262ea454bb85,CVE-2023-22680
956982314,arkede/cve-2023,CVE-2023-5167.yaml,ca9ed12a4a1770b63c8c9e5db7fd84be5155ad12,CVE-2023-5167
956982314,arkede/cve-2023,CVE-2023-47821.yaml,caa21792ffa68abc58c803aab5d70d22c6703b5c,CVE-2023-4599
956982314,arkede/cve-2023,CVE-2023-47821.yaml,caa21792ffa68abc58c803aab5d70d22c6703b5c,CVE-2023-47821
956982314,arkede/cve-2023,CVE-2023-52187.yaml,caac009f44fca9b66e83e6281e6629d2fb9415dc,CVE-2023-52187
956982314,arkede/cve-2023,CVE-2023-1088.yaml,caad948ffd1cef474331f147854f9a5eca412426,CVE-2023-1088
956982314,arkede/cve-2023,CVE-2023-5712.yaml,cab20f29d8c62950d6c525f63afd40eefdcad833,CVE-2023-5712
956982314,arkede/cve-2023,CVE-2023-35880.yaml,cac41542ee0afebbca51d9b25ce74d97d0d9d4e0,CVE-2023-35880
956982314,arkede/cve-2023,CVE-2023-3352.yaml,cac5e756160004cfa641f4d7a108ccc64d1b7ee3,CVE-2023-3352
956982314,arkede/cve-2023,CVE-2023-50822.yaml,cad430a99a00c2324e57e5eb4ae65cb754bd757d,CVE-2023-50822
956982314,arkede/cve-2023,CVE-2023-4648.yaml,caf287f584f0b0b12f62155d6aaa059719256f54,CVE-2023-4648
956982314,arkede/cve-2023,CVE-2023-26325.yaml,caf63a0ef3e2dfd22c965738700cf9787709ec9e,CVE-2023-26325
956982314,arkede/cve-2023,CVE-2023-5576.yaml,cafb8c84c5900a80d6cac50917714d0b72bfa030,CVE-2023-5576
956982314,arkede/cve-2023,CVE-2023-7046.yaml,caff5ecc50d66921e9939490c5259e62a573a1ee,CVE-2023-7046
956982314,arkede/cve-2023,CVE-2023-50829.yaml,cb0544920f490390458c32dc9ea075bb23a9ebe5,CVE-2023-50829
956982314,arkede/cve-2023,CVE-2023-0490.yaml,cb0930a050e592fba82bb84a2208b43bae4299e5,CVE-2023-0490
956982314,arkede/cve-2023,CVE-2023-2352.yaml,cb0b3bd0aaffb99bce5955d5407c96757fe08fbb,CVE-2023-2352
956982314,arkede/cve-2023,CVE-2023-46081.yaml,cb14439c0a0916ccd3f508ddf726badaed04bd53,CVE-2023-46081
956982314,arkede/cve-2023,CVE-2023-4776.yaml,cb14c00937c1bf95b4a33552c80ab651219a087e,CVE-2023-4776
956982314,arkede/cve-2023,CVE-2023-35092.yaml,cb1a8151d09ccb8c64ac4390d51bbee0f6288481,CVE-2023-35092
956982314,arkede/cve-2023,CVE-2023-1651.yaml,cb1afabde3167f6ed7e0ea5ed6fc833584e3df60,CVE-2023-1651
956982314,arkede/cve-2023,CVE-2023-32123.yaml,cb369b9e9fdb2d26f8dc1d709cb8e8b61ca3fd86,CVE-2023-32123
956982314,arkede/cve-2023,CVE-2023-48795.yaml,cb420dbeb5e653c4a7c056fa2c95d53dd347d29b,CVE-2023-48795
956982314,arkede/cve-2023,CVE-2023-41801.yaml,cb55314bbb46d6293f368b1af2faa44218796453,CVE-2023-41801
956982314,arkede/cve-2023,CVE-2023-48300.yaml,cb59e6db9d283f3fb1f9d836a4d34e911eba4073,CVE-2023-48300
956982314,arkede/cve-2023,CVE-2023-41266.yaml,cb76364465875922b05c3d7d448dde27651ca5ba,CVE-2023-41266
956982314,arkede/cve-2023,CVE-2023-45055.yaml,cb9bcd90104149c93041c22e94e6f4437dfd198c,CVE-2023-45055
956982314,arkede/cve-2023,CVE-2023-27417.yaml,cba544b73b2098df7c671a8dc90361fa9b004670,CVE-2023-27417
956982314,arkede/cve-2023,CVE-2023-0404.yaml,cbb80ced2344c831f687a3614c371d5fb6099a07,CVE-2023-0404
956982314,arkede/cve-2023,CVE-2023-1865.yaml,cbc1f402d4218120f516f2fbc68132b281dfa858,CVE-2023-1865
956982314,arkede/cve-2023,CVE-2023-2087.yaml,cbc8124d761382f57b4fee96ed83c10592d9c30f,CVE-2023-2087
956982314,arkede/cve-2023,CVE-2023-47663.yaml,cbe03e21dde4fad6a7cc43b67a475622b035c412,CVE-2023-47663
956982314,arkede/cve-2023,CVE-2023-34235.yaml,cbe27c25936fcabcd2f16a648eae59143564f111,CVE-2023-34235
956982314,arkede/cve-2023,CVE-2023-25039.yaml,cbe4b9faf14527e7ed53c84e348e69fabf3a2db3,CVE-2023-25039
956982314,arkede/cve-2023,CVE-2023-47815.yaml,cbe50116c2f474ff7436d97059bdd7e3be9cadb7,CVE-2023-47815
956982314,arkede/cve-2023,CVE-2023-24419.yaml,cbf5dd64dcd4ff9cf43a67fdcc6d37bc960a71f9,CVE-2023-24419
956982314,arkede/cve-2023,CVE-2023-39165.yaml,cc23403c03d0d84625647d8dc723e79e395f3806,CVE-2023-39165
956982314,arkede/cve-2023,CVE-2023-0418.yaml,cc342927ec6b5869ad9bb14d6019c9bb1c42b40f,CVE-2023-0418
956982314,arkede/cve-2023,CVE-2023-2304.yaml,cc41ca4b288bd3e3a2ca19500f32acd947b1d496,CVE-2023-2304
956982314,arkede/cve-2023,CVE-2023-46197.yaml,cc480dffc96dc80047c8a67e5ab85ffd2ed964da,CVE-2023-46197
956982314,arkede/cve-2023,CVE-2023-29630.yaml,cc509349f7cc4b37e4afe4b0516d94d0429ded9c,CVE-2023-29630
956982314,arkede/cve-2023,CVE-2023-29630.yaml,cc509349f7cc4b37e4afe4b0516d94d0429ded9c,CVE-2023-30150
956982314,arkede/cve-2023,CVE-2023-6623.yaml,cc536d4934c25dbae4aea69fccef7a7f03d66e45,CVE-2023-6623
956982314,arkede/cve-2023,CVE-2023-47792.yaml,cc5462ce73a481dbdc602480f936a4e56376761e,CVE-2023-47792
956982314,arkede/cve-2023,CVE-2023-3295.yaml,cc712738e444b100733e48c564b2777f5a5f7a3e,CVE-2023-3295
956982314,arkede/cve-2023,CVE-2023-1454.yaml,cc747dc6de723bb01bf900c758d79b2da8d3745f,CVE-2023-1454
956982314,arkede/cve-2023,CVE-2023-45107.yaml,cc8bf5dce88a42329a95fa59ec5bc147b7cdbc5d,CVE-2023-45107
956982314,arkede/cve-2023,CVE-2023-36510.yaml,cc8da177938cd0af35e2c51ddf8cf4cdf2cd629d,CVE-2023-36510
956982314,arkede/cve-2023,CVE-2023-24830.yaml,cc9c95424758534a8429b0dbd9e49b5f19fb04e4,CVE-2023-24830
956982314,arkede/cve-2023,CVE-2023-0716.yaml,cca53be1fedc86dedbc4de432bf828b30b434719,CVE-2023-0716
956982314,arkede/cve-2023,CVE-2023-40679.yaml,cca609cc7ff2edde7176ed1f433492b3ae6eb6b2,CVE-2023-40679
956982314,arkede/cve-2023,CVE-2023-29517.yaml,ccc2400dd266e058775f66477d674f2d7223f004,CVE-2023-29517
956982314,arkede/cve-2023,CVE-2023-36934_1.yaml,ccc28db870aa6f0010d0598e3a5300771ad902ef,CVE-2023-36934
956982314,arkede/cve-2023,CVE-2023-46311.yaml,ccdaed39686b73ab98b060bfa86b8dc8f8be3f4e,CVE-2023-46311
956982314,arkede/cve-2023,CVE-2023-24373.yaml,ccde4a15aeaad304e75168b4f0cadcb94a030e23,CVE-2023-24373
956982314,arkede/cve-2023,CVE-2023-33994.yaml,ccf07bb0f591bf028deb37549b31127c465a6c90,CVE-2023-33994
956982314,arkede/cve-2023,CVE-2023-31548_2.yaml,ccf165e8b3e33fa496db8fac3292a89c9277dd8d,CVE-2023-31548
956982314,arkede/cve-2023,CVE-2023-4689.yaml,ccf3d01e2f442826a01428b0c0fb574f71413827,CVE-2023-4689
956982314,arkede/cve-2023,CVE-2023-26529.yaml,cd06d677ca28b48470141eeb54766fc31e4c98a8,CVE-2023-26529
956982314,arkede/cve-2023,CVE-2023-6972.yaml,cd1495ca7d83bf2f95980d33e48c06c5eccd4ca3,CVE-2023-6972
956982314,arkede/cve-2023,CVE-2023-47672.yaml,cd361d8a9a7b734d077c5c95ef6d366aa55806e2,CVE-2023-47672
956982314,arkede/cve-2023,CVE-2023-3365.yaml,cd44e338151f2ec4e3541fdeb1cd1d50e6eb4cee,CVE-2023-3365
956982314,arkede/cve-2023,CVE-2023-4995.yaml,cd5f168c91b0761fb1f0341a535e88af0c2777b0,CVE-2023-4995
956982314,arkede/cve-2023,CVE-2023-47510.yaml,cd679e7f770a9ad3fd2cafc6e8172cdef42188f1,CVE-2023-47510
956982314,arkede/cve-2023,CVE-2023-3954.yaml,cd7f4ace158fa12a990e9f2d14ed00b232e73b83,CVE-2023-3954
956982314,arkede/cve-2023,CVE-2023-46613.yaml,cd816a0fe268bad7f96acd2db44126e6f8cb131d,CVE-2023-46613
956982314,arkede/cve-2023,CVE-2023-25136.yaml,cd8ddade3959c806b234bfd3fff7e55598b5fe5a,CVE-2023-25136
956982314,arkede/cve-2023,CVE-2023-2484.yaml,cd90eeed7049708b1ddc8607932f7e4feeadae5f,CVE-2023-2484
956982314,arkede/cve-2023,CVE-2023-46640.yaml,cd939f331b2a6b6014076e06f3d2c6e1b39dd554,CVE-2023-46640
956982314,arkede/cve-2023,CVE-2023-23798.yaml,cd96808227d4641044879e18604b82adf50179b7,CVE-2023-23798
956982314,arkede/cve-2023,CVE-2023-37599.yaml,cdae59f284f84b6dfc584f4a374086cfa6f42fcb,CVE-2023-37599
956982314,arkede/cve-2023,CVE-2023-2334-cc66e130735f9ff9ea49e807c28ddd77.yaml,cdaf0df22b3d8500560589a91c3d3feafb25b3be,CVE-2023-2334
956982314,arkede/cve-2023,CVE-2023-44244.yaml,cdbfbc6117338b7be5b865af9ef9040ddac3936a,CVE-2023-44244
956982314,arkede/cve-2023,CVE-2023-4861.yaml,cdc1f5293e79c2d99cf537df757931d772f47125,CVE-2023-4861
956982314,arkede/cve-2023,CVE-2023-4726.yaml,cdc37136aa211a3befba21bae4c32810bd16541c,CVE-2023-4726
956982314,arkede/cve-2023,CVE-2023-45762.yaml,cde3e31c3332551dd9abd8b40a9ba303cbd8c871,CVE-2023-45762
956982314,arkede/cve-2023,CVE-2023-51487.yaml,cdf25a4de35e506cf24347eb2f29d271a2a902f8,CVE-2023-51487
956982314,arkede/cve-2023,CVE-2023-1021.yaml,cdf38ad76f3c544d29d4764e9c2375e27800710c,CVE-2023-1021
956982314,arkede/cve-2023,CVE-2023-49858.yaml,cdfbee1592e9f625325dbcf3660aec8fb3c3ca22,CVE-2023-49858
956982314,arkede/cve-2023,CVE-2023-28665.yaml,ce02e093c2f23c146e21c77c56d898f26e221092,CVE-2023-28665
956982314,arkede/cve-2023,CVE-2023-28171.yaml,ce0a1f145ccc51e62d97da329721bca3de10d851,CVE-2023-28171
956982314,arkede/cve-2023,CVE-2023-0177.yaml,ce13b5b0aea15b1ae096363fc0295623f0287bd8,CVE-2023-0177
956982314,arkede/cve-2023,CVE-2023-2297.yaml,ce1d982e547bb1cfcd80afe1708ccba5e1337dfa,CVE-2023-0814
956982314,arkede/cve-2023,CVE-2023-2297.yaml,ce1d982e547bb1cfcd80afe1708ccba5e1337dfa,CVE-2023-2297
956982314,arkede/cve-2023,CVE-2023-52032.yaml,ce2a88277f1d5253ffc76d3fff9126f096c3582e,CVE-2023-52032
956982314,arkede/cve-2023,CVE-2023-34537_2.yaml,ce2b42c314ea85f2cf7f4081e19600bcd2c5db7c,CVE-2023-34537
956982314,arkede/cve-2023,CVE-2023-6063.yaml,ce30538ac7371880f65b9247ca0da8dd6e844c05,CVE-2023-6063
956982314,arkede/cve-2023,CVE-2023-0875.yaml,ce3b1f371cb86d1622b452ec051fec069bae49f7,CVE-2023-0875
956982314,arkede/cve-2023,CVE-2023-25135_2.yaml,ce3bf93f149807f7aad9a9e05782d9a961003ff4,CVE-2023-25135
956982314,arkede/cve-2023,CVE-2023-6626.yaml,ce3c525e0c7ce02e5b3912b6c9f994aaa9acc1c1,CVE-2023-6626
956982314,arkede/cve-2023,CVE-2023-34362_2.yaml,ce4c58e702fbc4fa939ce028c8002a8bd26bab93,CVE-2023-34362
956982314,arkede/cve-2023,CVE-2023-27412.yaml,ce4e583bb2b87b0402552cdb52620468b5feea66,CVE-2023-27412
956982314,arkede/cve-2023,CVE-2023-30493.yaml,ce574ed915b3480190d10c137af54dc5349d8d0f,CVE-2023-30493
956982314,arkede/cve-2023,CVE-2023-4686.yaml,ce577cb35e4c51d0c64155f69ba2f1adbf0b0132,CVE-2023-4686
956982314,arkede/cve-2023,CVE-2023-47504.yaml,ce5829bcdc54c45b5d2eac50734d7f87797c4dc6,CVE-2023-47504
956982314,arkede/cve-2023,CVE-2023-45832.yaml,ce6c2c780fc9fabbc4db8e1c0b8d27e121a46ed0,CVE-2023-45832
956982314,arkede/cve-2023,CVE-2023-0714.yaml,ce7739793c7be269120e8cbb2f95e03682a0591c,CVE-2023-0714
956982314,arkede/cve-2023,CVE-2023-47546.yaml,cea4b50191be934c25635d1464075876841d2ab6,CVE-2023-47546
956982314,arkede/cve-2023,CVE-2023-45054.yaml,cea8c358a5b19359ee3ceb63ca5c7c56aa489f0b,CVE-2023-45054
956982314,arkede/cve-2023,CVE-2023-0096.yaml,cea92ed8a9ef99fe104301d9f839bc389b42c793,CVE-2023-0096
956982314,arkede/cve-2023,CVE-2023-32293.yaml,ceb3aec7af8bce3ce0b26790fac5155699a328b1,CVE-2023-32293
956982314,arkede/cve-2023,CVE-2023-1840.yaml,ceb842cded21bb2e527f508702d750342ca43d32,CVE-2023-1840
956982314,arkede/cve-2023,CVE-2023-33927.yaml,cecbbd5b1effac0719ec940331adc30d84a3953b,CVE-2023-33927
956982314,arkede/cve-2023,CVE-2023-0365.yaml,ced6bd4ba1ec3deca654307d8a04ef4e69f127b1,CVE-2023-0365
956982314,arkede/cve-2023,CVE-2023-39796.yaml,cedf5e17d369ec6c9680c9d1b34263ace14b06a3,CVE-2023-39796
956982314,arkede/cve-2023,CVE-2023-35780.yaml,cef3aad081feb497ea0acbcdfbee982f74b6389c,CVE-2023-35780
956982314,arkede/cve-2023,CVE-2023-1892.yaml,cf100b4cee239124a45c620eabe4e227c72cd62b,CVE-2023-1892
956982314,arkede/cve-2023,CVE-2023-47507.yaml,cf11b64c069cabd607eceb2e59c95dbb9b01ba5e,CVE-2023-47507
956982314,arkede/cve-2023,CVE-2023-49768.yaml,cf18781bd4d56b9ccb48bd0565321216dbd44cb9,CVE-2023-49768
956982314,arkede/cve-2023,CVE-2023-45629.yaml,cf194a3af884c41954fd03c855149558ca89ce54,CVE-2023-45629
956982314,arkede/cve-2023,CVE-2023-43374.yaml,cf29b56d8ba36ab18d35d83a0105cbe76841ec1f,CVE-2023-43374
956982314,arkede/cve-2023,CVE-2023-2822.yaml,cf2cda4c7f854cc975f621099adc574add8dd213,CVE-2023-2822
956982314,arkede/cve-2023,CVE-2023-41134.yaml,cf3f1723aa5eb39f9723d5e54b76e7b81e617d69,CVE-2023-41134
956982314,arkede/cve-2023,CVE-2023-51495.yaml,cf41815b92b58a06655be12843520fa5f3f33f9f,CVE-2023-51495
956982314,arkede/cve-2023,CVE-2023-0385.yaml,cf45f2238bd66ef3e08f0cbdb764fbd2932536f4,CVE-2023-0385
956982314,arkede/cve-2023,CVE-2023-0605.yaml,cf5a9ecad881338a0165d2650d47fd6d16c0c029,CVE-2023-0605
956982314,arkede/cve-2023,CVE-2023-46609.yaml,cf7334e970bfd4567a1846e9665ebedafdbb1627,CVE-2023-46609
956982314,arkede/cve-2023,CVE-2023-0079.yaml,cf7c1c852a63f4dc4496b2e4557e4f0f86082f96,CVE-2023-0079
956982314,arkede/cve-2023,CVE-2023-23655.yaml,cf89afbfb6405823838a222c2d9594ee2c4d0efc,CVE-2023-23655
956982314,arkede/cve-2023,CVE-2023-2578.yaml,cf8c8ce8876bc363c7aad60cf3757ec6a2231b13,CVE-2023-2578
956982314,arkede/cve-2023,CVE-2023-6883.yaml,cf99a30a0066f5b9e43cc25576f91d3e12d7bacd,CVE-2023-6883
956982314,arkede/cve-2023,CVE-2023-45828.yaml,cfaecaa4af8acc105b402a5f7190dcc7c10a42f4,CVE-2023-45828
956982314,arkede/cve-2023,CVE-2023-5565.yaml,cfc6d240b8ca718c2ae0f4197fdabf1407b550dd,CVE-2023-5565
956982314,arkede/cve-2023,CVE-2023-6980.yaml,cfc85940f4fbd3a451d02f4b118b68391558b9b3,CVE-2023-6980
956982314,arkede/cve-2023,CVE-2023-38191.yaml,cfcd393929d4d5328497dda6ef67d51ec08bfa4f,CVE-2023-38191
956982314,arkede/cve-2023,CVE-2023-0230.yaml,cfceadea03f0b9a2d6c4eb4171bb9b47106feff9,CVE-2023-0230
956982314,arkede/cve-2023,CVE-2023-2859.yaml,cfd531de63261a3cb243c004839937c0bb9d3762,CVE-2023-2859
956982314,arkede/cve-2023,CVE-2023-4274.yaml,cfd8379a8093dc8ab4bedad0d1b4bb2345a81c47,CVE-2023-4274
956982314,arkede/cve-2023,CVE-2023-3977.yaml,cfe1156d59fc1f680afc1ca2a750928761ec58d6,CVE-2023-3977
956982314,arkede/cve-2023,CVE-2023-25447.yaml,cfe4fc1eb2549586e37c94a715bae93d1c1d6512,CVE-2023-25447
956982314,arkede/cve-2023,CVE-2023-51525.yaml,cfe522b3cac364fa94713eb6f7cb64a6213ede7d,CVE-2023-51525
956982314,arkede/cve-2023,CVE-2023-6807.yaml,cfed87d506fb0703d96806d2fd1bc723b72763cf,CVE-2023-6807
956982314,arkede/cve-2023,CVE-2023-27587_1.yaml,cff267177e0e997bb82b101d2b1ecddd0c6c3e3b,CVE-2023-27587
956982314,arkede/cve-2023,CVE-2023-27587_1.yaml,cff267177e0e997bb82b101d2b1ecddd0c6c3e3b,GHSA-23G5-R34J-MR8G
956982314,arkede/cve-2023,CVE-2023-45074.yaml,cff2d671485b51c1a4eb6a602f28be9de4b07101,CVE-2023-45074
956982314,arkede/cve-2023,CVE-2023-22478.yaml,d00a3596a2f865c3e3d356bb6f74c5d1ae77170f,GHSA-GQX8-HXMV-C4V4
956982314,arkede/cve-2023,CVE-2023-22478.yaml,d00a3596a2f865c3e3d356bb6f74c5d1ae77170f,CVE-2023-22478
956982314,arkede/cve-2023,CVE-2023-47673.yaml,d01e350ea652aa98dc762f3ac6d578be4e42b3f0,CVE-2023-47673
956982314,arkede/cve-2023,CVE-2023-24736.yaml,d0223ea825f660920392ad46f7d42592fb76c3e8,CVE-2023-24736
956982314,arkede/cve-2023,CVE-2023-6695.yaml,d027fe7f955fe99e0b650fe21ac724243b6ac52f,CVE-2023-6695
956982314,arkede/cve-2023,CVE-2023-1373.yaml,d02892e8564c7a63b9279a774d0c7bce39763628,CVE-2023-1373
956982314,arkede/cve-2023,CVE-2023-3134.yaml,d0294c90ea0b0b30e5e1305d1cb65b5c92ba316e,CVE-2023-3134
956982314,arkede/cve-2023,CVE-2023-33629.yaml,d02ece86f02ba585c5bb1c9d120b327482ced6a3,CVE-2023-33629
956982314,arkede/cve-2023,CVE-2023-6038_1.yaml,d0598518a34e87b3df39a996dbc2969ae576fad0,CVE-2023-6038
956982314,arkede/cve-2023,CVE-2023-0291.yaml,d05a4f9f19ac2fb0a9db6322a67f2d0dcc0d0144,CVE-2023-0291
956982314,arkede/cve-2023,CVE-2023-36684.yaml,d09f8329f07440e8095bff92b10d5a360ddf5d5b,CVE-2023-36684
956982314,arkede/cve-2023,CVE-2023-39024_1.yaml,d0a1fc4c86debdee15329c6816a45c3b7ce6d5c6,CVE-2023-39024
956982314,arkede/cve-2023,CVE-2023-5110.yaml,d0ad65f8249969302c1add5f915a4a8ef4d319c1,CVE-2023-5110
956982314,arkede/cve-2023,CVE-2023-4168.yaml,d0aedd0407fc7e4cb6d3439d45b91803ed3268cb,CVE-2023-4168
956982314,arkede/cve-2023,CVE-2023-4279.yaml,d0b37335f2c45d14f6bbfa3f93d15e1221cf2fe2,CVE-2023-4279
956982314,arkede/cve-2023,CVE-2023-2528.yaml,d0cad9cea07e8ca2722827cdae7d1efc8838e4d6,CVE-2023-2528
956982314,arkede/cve-2023,CVE-2023-23871.yaml,d0cc18ff3d470da46f4abceb08e1237f477a022d,CVE-2023-23871
956982314,arkede/cve-2023,CVE-2023-32509.yaml,d0db0d692e447740e9c2525f99164a85afa58f48,CVE-2023-32509
956982314,arkede/cve-2023,CVE-2023-48741.yaml,d0dc76751bf2b9164823973302a3768bfcc520fe,CVE-2023-48741
956982314,arkede/cve-2023,CVE-2023-52207.yaml,d0ec14b07caa758d46df07e0ea208a6e1e951266,CVE-2023-52207
956982314,arkede/cve-2023,CVE-2023-37996.yaml,d0ef30155395ca26f6f4a936a322aaa3d88ad047,CVE-2023-37996
956982314,arkede/cve-2023,CVE-2023-4923.yaml,d0f6d60ac0c5112f4b99f56f2e8a83361fbf044d,CVE-2023-4923
956982314,arkede/cve-2023,CVE-2023-38394.yaml,d11fa6ad6fd06bede8de4c31abe6707c9bf7db86,CVE-2023-38394
956982314,arkede/cve-2023,CVE-2023-4629.yaml,d129976845ead84b1e2b3319dd4819bff0346e01,CVE-2023-4629
956982314,arkede/cve-2023,CVE-2023-6086.yaml,d1308b4deb6e7e7b9dc90a2d6f936fe55bb91f36,CVE-2023-6086
956982314,arkede/cve-2023,CVE-2023-25487.yaml,d139033150ef31e9d52ad2afdd28d652f012c4a5,CVE-2023-25487
956982314,arkede/cve-2023,CVE-2023-50881.yaml,d1400443247107843c889266b0b4ca29fa2bb3bd,CVE-2023-50881
956982314,arkede/cve-2023,CVE-2023-6993.yaml,d149ba93744f7eb0c5a8dd3e5c71f15ca8f49fb6,CVE-2023-6993
956982314,arkede/cve-2023,CVE-2023-30781.yaml,d14d12b501340220712b2188adcc57555ae989b5,CVE-2023-30781
956982314,arkede/cve-2023,CVE-2023-23828.yaml,d14e04d60dc7c08a5c375b51fed9dedd34fafdb1,CVE-2023-23828
956982314,arkede/cve-2023,CVE-2023-1080_2_1.yaml,d156e6f61bfb3182f69a7a3997044b837f174a68,CVE-2023-1080
956982314,arkede/cve-2023,CVE-2023-5530.yaml,d1676f28ae26e08e2e9e5b33f76cb745e1005600,CVE-2023-5530
956982314,arkede/cve-2023,CVE-2023-44472.yaml,d1699f83af67d5f9eaa4bb060221da3c0bc4d9b2,CVE-2023-44472
956982314,arkede/cve-2023,CVE-2023-7085.yaml,d16eea787b8d4689bb1219f3f96de6cdbd3191b5,CVE-2023-7085
956982314,arkede/cve-2023,CVE-2023-28776.yaml,d17237a1c3d060beec03e8e9ada1747a26d3a10e,CVE-2023-28792
956982314,arkede/cve-2023,CVE-2023-28776.yaml,d17237a1c3d060beec03e8e9ada1747a26d3a10e,CVE-2023-28776
956982314,arkede/cve-2023,CVE-2023-45631.yaml,d18d099b70c9050b2e9754b28dfc44ab74271f6b,CVE-2023-45631
956982314,arkede/cve-2023,CVE-2023-6831_1.yaml,d1a44c75188bceced79fce8fe5b7f31e1e824e4b,CVE-2023-6831
956982314,arkede/cve-2023,CVE-2023-52222.yaml,d1b5094583be658ca143bc0b0545ded143386477,CVE-2023-52222
956982314,arkede/cve-2023,CVE-2023-32962.yaml,d1c5f9b7fd86f59ca97e5bbbab0d27c6fed089b2,CVE-2023-32962
956982314,arkede/cve-2023,CVE-2023-36306.yaml,d1d5d5be505d235a5ffdba7bca15de0b6ff6a538,CVE-2023-36306
956982314,arkede/cve-2023,CVE-2023-4298.yaml,d1dc7c7ab31e6789ffafc84e4198eed62cb676a9,CVE-2023-4298
956982314,arkede/cve-2023,CVE-2023-34923.yaml,d1de4e9973031fcb3a6c198fb052b168dc10909c,CVE-2023-34923
956982314,arkede/cve-2023,CVE-2023-2751.yaml,d1ecd2cfd896bf57b345d4dcd7f5cf7c6ee228e5,CVE-2023-2751
956982314,arkede/cve-2023,CVE-2023-40205.yaml,d1f0357f53f5e4e5a31eb6ac73ca8dc94d91691f,CVE-2023-40205
956982314,arkede/cve-2023,CVE-2023-32240.yaml,d1f3224f415b1ea25155cb81be340ac0b5dc75ea,CVE-2023-32240
956982314,arkede/cve-2023,CVE-2023-32110.yaml,d20d536faa22065a22b5b20b781971468ee7d25a,CVE-2023-32110
956982314,arkede/cve-2023,CVE-2023-40755.yaml,d2176d918d8f534c6f83be8e3c2b658317eb9eb1,CVE-2023-40755
956982314,arkede/cve-2023,CVE-2023-51671.yaml,d21bd2e34fd9c6df3837933a7d58a30a177a7369,CVE-2023-51671
956982314,arkede/cve-2023,CVE-2023-4935.yaml,d232b9be5e532edac78dda7b25c1d0591e2f588a,CVE-2023-4935
956982314,arkede/cve-2023,CVE-2023-20889_1.yaml,d2363feb18d73759391eb27943fbea3e43e312e3,CVE-2023-20889
956982314,arkede/cve-2023,CVE-2023-20889_1.yaml,d2363feb18d73759391eb27943fbea3e43e312e3,ZDI-23-842
956982314,arkede/cve-2023,CVE-2023-1650.yaml,d25f5b46187ed2e7fe14dcac780a3478f53bc786,CVE-2023-1650
956982314,arkede/cve-2023,CVE-2023-30013_1.yaml,d27ae657751b8b555da03cdf9a26f99e61184e83,CVE-2023-30013
956982314,arkede/cve-2023,CVE-2023-45761.yaml,d283fa7fa51b48d35b2ebcc6cb5a45d9e98f8d2a,CVE-2023-45761
956982314,arkede/cve-2023,CVE-2023-4474.yaml,d284d6a25d9c63342fb4297c0ed13bf56063020f,CVE-2023-4473
956982314,arkede/cve-2023,CVE-2023-4474.yaml,d284d6a25d9c63342fb4297c0ed13bf56063020f,CVE-2023-4474
956982314,arkede/cve-2023,CVE-2023-27436.yaml,d299c020f4302e91ff7df84352a8dea3a0bd9448,CVE-2023-27436
956982314,arkede/cve-2023,CVE-2023-25029.yaml,d29b54e5119f83834f020c4b440e5ac5045c5bb4,CVE-2023-25029
956982314,arkede/cve-2023,CVE-2023-3844.yaml,d29daf2f0dc812340711b34eb072a748e6ddd3b1,CVE-2023-3844
956982314,arkede/cve-2023,CVE-2023-4824.yaml,d2a4361ffffd2a03bcc545bc704fa96d56e7ee24,CVE-2023-4824
956982314,arkede/cve-2023,CVE-2023-37988.yaml,d2a54c36b960ec8ab2c918596a6d893bb409391a,CVE-2023-37988
956982314,arkede/cve-2023,CVE-2023-3956.yaml,d2cd3217a3bb9cfeb1d1e18b0c318dbb7b36d1c8,CVE-2023-3956
956982314,arkede/cve-2023,CVE-2023-4893.yaml,d2eb2c322fd3e95c5534e4b483313c1c5d4eecb1,CVE-2023-4893
956982314,arkede/cve-2023,CVE-2023-49183.yaml,d2eeb01bc5f1b9c6969ec41afe3265a6305fa399,CVE-2023-49183
956982314,arkede/cve-2023,CVE-2023-7293.yaml,d2ffe895f77eb3ac230c5a3b3615be4ad794af30,CVE-2023-7293
956982314,arkede/cve-2023,CVE-2023-37874.yaml,d3072ada10d09116633e3f546ab56ce49b88610e,CVE-2023-37874
956982314,arkede/cve-2023,CVE-2023-0405.yaml,d310a382971f28e953e8abd55680764235763d4b,CVE-2023-0405
956982314,arkede/cve-2023,CVE-2023-48831.yaml,d3129ff42e739f6b3166d69d8eb52017ea926a5e,CVE-2023-48831
956982314,arkede/cve-2023,CVE-2023-2584.yaml,d3196786a29dbf4e76eb25635b426cc5d3e94d48,CVE-2023-2584
956982314,arkede/cve-2023,CVE-2023-5466.yaml,d31b49fdcbe7f3fe35aebc673e7ff64331ebe854,CVE-2023-5466
956982314,arkede/cve-2023,CVE-2023-0642.yaml,d325d8754b3996dce583149c791ac4f75a1509ec,CVE-2023-0642
956982314,arkede/cve-2023,CVE-2023-49824.yaml,d3270ab01406f730c23b8fd4875567595f1d22ae,CVE-2023-49824
956982314,arkede/cve-2023,CVE-2023-32300.yaml,d333566c3686a283f110773e49c20ca237529bb0,CVE-2023-32300
956982314,arkede/cve-2023,CVE-2023-2169.yaml,d3368c47f624949905b90211ef73d3aa40aca30d,CVE-2023-2169
956982314,arkede/cve-2023,CVE-2023-20889.yaml,d3401cb687e0b9870f5536d70e58a2259d01d4cc,CVE-2023-20889
956982314,arkede/cve-2023,CVE-2023-36517.yaml,d349e0828299663603324e6ef1aaa17589faf058,CVE-2023-36517
956982314,arkede/cve-2023,CVE-2023-0890.yaml,d36518ebd2c2e5b9037218f958b7157b8aa96c2e,CVE-2023-0890
956982314,arkede/cve-2023,CVE-2023-6798.yaml,d387959c4334091b6a46d3896332b3a2a64534cf,CVE-2023-6798
956982314,arkede/cve-2023,CVE-2023-46574.yaml,d39bb36ad3ad2ca72034abe7139d9ecb3d131bb6,CVE-2023-46574
956982314,arkede/cve-2023,CVE-2023-51423.yaml,d3a2ee1eb60a0844a83c4e5ff0938c2b8ea2090c,CVE-2023-51423
956982314,arkede/cve-2023,CVE-2023-2067.yaml,d3e2ead0f08fbd452adf0f6cc36a73c6bd9406c3,CVE-2023-2067
956982314,arkede/cve-2023,CVE-2023-23870.yaml,d3e7829c4ff05c9ab20d51c00fdb51214c4596a1,CVE-2023-23870
956982314,arkede/cve-2023,CVE-2023-24004.yaml,d3ea4ecbcc829cd804cfd8d784533c31cec80b17,CVE-2023-24004
956982314,arkede/cve-2023,CVE-2023-2479.yaml,d3fbcfdb3626e82dcb02a8da86b27ac6f4660b3d,CVE-2023-2479
956982314,arkede/cve-2023,CVE-2023-51498.yaml,d40e97f5553e14390a347bfa3953cc555a904a6b,CVE-2023-51498
956982314,arkede/cve-2023,CVE-2023-48759.yaml,d40f7efabd0d9b27c12ecd0ca2f7676b362abcd6,CVE-2023-48759
956982314,arkede/cve-2023,CVE-2023-30868.yaml,d4128f4d7fa89ff5318b3eba9bbda703032e03e5,CVE-2023-30868
956982314,arkede/cve-2023,CVE-2023-41668.yaml,d414745adf1ece5042692860120d60ec3f5a9451,CVE-2023-41668
956982314,arkede/cve-2023,CVE-2023-51666.yaml,d41885447885d4fcdad49c4cacecdd29efe40286,CVE-2023-51666
956982314,arkede/cve-2023,CVE-2023-2563.yaml,d42798338b6aa7ced0b8d8084c16c8901c7fa431,CVE-2023-2563
956982314,arkede/cve-2023,CVE-2023-23752.yaml,d42bd325c0a87bdb497d0d17efd7290884c46e72,CVE-2023-23752
956982314,arkede/cve-2023,CVE-2023-5556_2.yaml,d4312b384f0e855174b1ac442795700fc93c8bbf,CVE-2023-5556
956982314,arkede/cve-2023,CVE-2023-44393.yaml,d434c1a0c59df4a9e7a71eae94db99acf50b648c,GHSA-QG85-957M-7VGG
956982314,arkede/cve-2023,CVE-2023-44393.yaml,d434c1a0c59df4a9e7a71eae94db99acf50b648c,CVE-2023-44393
956982314,arkede/cve-2023,CVE-2023-6776.yaml,d44a56176c474723cc0fbdc5dd1228754b9c520b,CVE-2023-6776
956982314,arkede/cve-2023,CVE-2023-40197.yaml,d454387c0a43f7797d85e4e8efe05ecef2e13ef8,CVE-2023-40197
956982314,arkede/cve-2023,CVE-2023-46309.yaml,d45cd3b9ecf0ed34544affca3a54f56035fc44bd,CVE-2023-46309
956982314,arkede/cve-2023,CVE-2023-40763.yaml,d478c24306952ce941282ae8bf22b7f84d78215c,CVE-2023-40763
956982314,arkede/cve-2023,CVE-2023-30778.yaml,d47da1c18cd283378e2d904fc36f30a82f6cffaa,CVE-2023-30778
956982314,arkede/cve-2023,CVE-2023-51527.yaml,d48b984e335bfc9f8b3e32e652b9fb62ab39855b,CVE-2023-51527
956982314,arkede/cve-2023,CVE-2023-1273.yaml,d48deca8128626f14b482561e5fa13525cf92c98,CVE-2023-1273
956982314,arkede/cve-2023,cve-2023-33246_2.yaml,d4904c6ee3d1774bc926bad481db45aacd24e3f8,CVE-2023-33246
956982314,arkede/cve-2023,CVE-2023-7204.yaml,d49d481a451476802f26a800630b8efc0e613efc,CVE-2023-7204
956982314,arkede/cve-2023,CVE-2023-34381.yaml,d4a3c066864284a4f2eeababf70d7c227f102239,CVE-2023-34381
956982314,arkede/cve-2023,CVE-2023-23786.yaml,d4aa44b4d74b3c84686ee5ed79ca76b5a46a3440,CVE-2023-23786
956982314,arkede/cve-2023,CVE-2023-26527.yaml,d4b024cb085d05bbbae67cb9047b0e312e155d42,CVE-2023-26527
956982314,arkede/cve-2023,CVE-2023-52124.yaml,d4d6be3c916da0743c5fea642ba7c3e51ea5b023,CVE-2023-52124
956982314,arkede/cve-2023,CVE-2023-46619.yaml,d4d8bb462f5073a32ff18da1f3fb6afdd02713db,CVE-2023-46619
956982314,arkede/cve-2023,CVE-2023-29439_1.yaml,d4dcbb476711e37b1aefb260fada7f7c73bc587e,CVE-2023-29439
956982314,arkede/cve-2023,CVE-2023-50858.yaml,d4df34ca4546154eabf69ecc07c4181c7348a773,CVE-2023-50858
956982314,arkede/cve-2023,CVE-2023-5291.yaml,d4e2fb5a18d1270caff84821fc6a9304a2555aa5,CVE-2023-5291
956982314,arkede/cve-2023,CVE-2023-28432.yaml,d4e4b6ae762899957400ab70aac148bbc5b5cc5c,CVE-2023-28432
956982314,arkede/cve-2023,CVE-2023-28432.yaml,d4e4b6ae762899957400ab70aac148bbc5b5cc5c,GHSA-6XVQ-WJ2X-3H3Q
956982314,arkede/cve-2023,CVE-2023-5817.yaml,d4ed10aed2e612af44d18b44942a7db9cf07c25e,CVE-2023-5817
956982314,arkede/cve-2023,CVE-2023-22432_2.yaml,d50bb3793ea5aa8783f5fb80f2f8b341f44818b5,CVE-2023-22432
956982314,arkede/cve-2023,CVE-2023-6634_1.yaml,d517962a1689dbbaefe2ea502e451ba9009f1dd5,CVE-2023-6634
956982314,arkede/cve-2023,CVE-2023-45651.yaml,d51a7845a720c2c697f301d12140dcadb3f1ba3c,CVE-2023-45651
956982314,arkede/cve-2023,CVE-2023-1938.yaml,d527da89d119ecfce50d6436b99b26a7eaba6fbf,CVE-2023-1938
956982314,arkede/cve-2023,CVE-2023-49822.yaml,d52ba7ebcd7d30e1c50ce491a2e952d2d2c37445,CVE-2023-49822
956982314,arkede/cve-2023,CVE-2023-34755.yaml,d5410ef46850d46d2d7b40ffc6b8490506fc3530,CVE-2023-34755
956982314,arkede/cve-2023,CVE-2023-50896.yaml,d55bbb5e5d68e4c6185470d27de160dc1fa0ad6b,CVE-2023-50896
956982314,arkede/cve-2023,CVE-2023-37265.yaml,d5600e8e3e3185285688af0a030305aecef6b4a8,GHSA-VJH7-5R6X-XH6G
956982314,arkede/cve-2023,CVE-2023-37265.yaml,d5600e8e3e3185285688af0a030305aecef6b4a8,GHSA-M5Q5-8MFW-P2HR
956982314,arkede/cve-2023,CVE-2023-37265.yaml,d5600e8e3e3185285688af0a030305aecef6b4a8,CVE-2023-37265
956982314,arkede/cve-2023,CVE-2023-23162.yaml,d585195fbb09aacd343d8924c40de74563a8e312,CVE-2023-23162
956982314,arkede/cve-2023,CVE-2023-51359.yaml,d587940841293694a70e91b61eaa956081f15096,CVE-2023-51359
956982314,arkede/cve-2023,CVE-2023-6137.yaml,d5894c3f79a5d19c647e5177ac71815bea858dab,CVE-2023-6137
956982314,arkede/cve-2023,CVE-2023-32625.yaml,d589e08d1c8ec9c2bfa9f7462a29dbe62778b519,CVE-2023-32625
956982314,arkede/cve-2023,CVE-2023-30875.yaml,d59823b87e692cd26219e2176488203dfea03665,CVE-2023-30875
956982314,arkede/cve-2023,CVE-2023-4774.yaml,d599a1274153492362b3837784020288df70e59b,CVE-2023-4774
956982314,arkede/cve-2023,CVE-2023-6568_1.yaml,d5ad024fe0db18fb7abafc3ee7ab29c8e86abb14,CVE-2023-6568
956982314,arkede/cve-2023,CVE-2023-20073.yaml,d5b63e1605d35d604659e0d887b075d48989ab47,CVE-2023-20073
956982314,arkede/cve-2023,CVE-2023-1080_1.yaml,d5bbdfa8a53067e3c91449971836c4e471de7981,CVE-2023-1080
956982314,arkede/cve-2023,CVE-2023-41685.yaml,d5c6b98869a72998969e3a9a1badcc1781d8ba6c,CVE-2023-41685
956982314,arkede/cve-2023,CVE-2023-1119.yaml,d5ce5d5c8a1e0e796aea7aa9427018ec07148aed,CVE-2023-1119
956982314,arkede/cve-2023,CVE-2023-40009.yaml,d5d6eb540e9e315ac50c397d7500f2ceedc9b687,CVE-2023-40009
956982314,arkede/cve-2023,CVE-2023-50877.yaml,d5da3135be0bf1d97248a613c9c6452b41ac577d,CVE-2023-50877
956982314,arkede/cve-2023,CVE-2023-45069.yaml,d5dd05b7a473c1e90357f9604e69a4f7e92475db,CVE-2023-45069
956982314,arkede/cve-2023,CVE-2023-6085.yaml,d5de8f0b616fb5c14da84a8a50c1b85aee83b7b2,CVE-2023-6085
956982314,arkede/cve-2023,CVE-2023-2227_1.yaml,d5e4f16f62c2403ec6c2267812665fdcedf3bf7f,CVE-2023-2227
956982314,arkede/cve-2023,CVE-2023-33212.yaml,d5fb61629d6e534cb4f371a3db12dab118a9ea5c,CVE-2023-33212
956982314,arkede/cve-2023,CVE-2023-4730.yaml,d60129c77d74e9075ab91d51b9e8b912e0969e80,CVE-2023-4730
956982314,arkede/cve-2023,CVE-2023-45755.yaml,d6099a63c71b2c44b02d9a4c89b1a28e62d39156,CVE-2023-45755
956982314,arkede/cve-2023,CVE-2023-44982.yaml,d612333b0d80fd1309e3692e22c0e9eff861dbfa,CVE-2023-44982
956982314,arkede/cve-2023,CVE-2023-49163.yaml,d615628103fcd0226943cbf1149810b6501c839f,CVE-2023-49163
956982314,arkede/cve-2023,CVE-2023-29428.yaml,d61d406b37818fe834ca4d11d0b96841c01357d0,CVE-2023-29428
956982314,arkede/cve-2023,CVE-2023-47530.yaml,d644633178c48574cd3da864c6b228927bd2658a,CVE-2023-47530
956982314,arkede/cve-2023,CVE-2023-4269.yaml,d645882f4445b0f4f06450ebc82f72d0f969af83,CVE-2023-4269
956982314,arkede/cve-2023,CVE-2023-47654.yaml,d64da2bc625b3dc6d3225387eac8b0fbeef49b39,CVE-2023-47654
956982314,arkede/cve-2023,CVE-2023-52028.yaml,d655f8e5b77da291e50288414ef52f7aae02f39d,CVE-2023-52028
956982314,arkede/cve-2023,CVE-2023-36507.yaml,d66640299c4065165becd1be61d9099f1d6b7de6,CVE-2023-36507
956982314,arkede/cve-2023,CVE-2023-28992.yaml,d6684ac2189dbeba413ea80ddead0364d715a029,CVE-2023-28992
956982314,arkede/cve-2023,CVE-2023-51404.yaml,d66fe6e011730bcf4eca95570497d6e488f03184,CVE-2023-51404
956982314,arkede/cve-2023,CVE-2023-5799.yaml,d682ccd1638c063f82204b1f59b51e48f4f9a534,CVE-2023-5651
956982314,arkede/cve-2023,CVE-2023-5799.yaml,d682ccd1638c063f82204b1f59b51e48f4f9a534,CVE-2023-5799
956982314,arkede/cve-2023,CVE_2023_51467_2.yaml,d689b6a4f6d132576d7cc8f6fd2ebaae2600c45b,CVE-2023-51467
956982314,arkede/cve-2023,CVE-2023-4890.yaml,d6ae34a742d7c8e0839b04a4e8bf99eb54bcb8d7,CVE-2023-4890
956982314,arkede/cve-2023,CVE-2023-45058.yaml,d6c10cce621e89e64aa92ae4a0f0ffb9f80b3d48,CVE-2023-45058
956982314,arkede/cve-2023,CVE-2023-28792.yaml,d6c7489d0e75819f65449383b9c4aeeed86dc262,CVE-2023-28792
956982314,arkede/cve-2023,CVE-2023-28792.yaml,d6c7489d0e75819f65449383b9c4aeeed86dc262,CVE-2023-28776
956982314,arkede/cve-2023,CVE-2023-33999.yaml,d6c8a0fbdc215710ef285acbab42c56677855f36,CVE-2023-33999
956982314,arkede/cve-2023,CVE-2023-52143.yaml,d6d2b9d100fc4e53599365f77aa7c58741125a92,CVE-2023-52143
956982314,arkede/cve-2023,CVE-2023-23642.yaml,d6d696fe6d002fe8dcfdd2a8c3e882e6eb9c4826,CVE-2023-23642
956982314,arkede/cve-2023,CVE-2023-0543.yaml,d6ec7b3d2861fb66f8ec2fe2da4e05d2c8adee94,CVE-2023-0543
956982314,arkede/cve-2023,CVE-2023-31092.yaml,d6f15606fd6be925dcdb31685af22e123bc3a766,CVE-2023-31092
956982314,arkede/cve-2023,CVE-2023-24009.yaml,d7030f407fceef29b2a8c26b7ea90c025c3de744,CVE-2023-24009
956982314,arkede/cve-2023,CVE-2023-7294.yaml,d70b10114ea16e898559e58081c6c2bb3fe54017,CVE-2023-7294
956982314,arkede/cve-2023,CVE-2023-5386.yaml,d70d427db1ee4ddb796c0c0564ff13bb365c77bb,CVE-2023-5386
956982314,arkede/cve-2023,CVE-2023-3771.yaml,d718178f708381213ebecfec3d32d723959e263d,CVE-2023-3771
956982314,arkede/cve-2023,CVE-2023-29632.yaml,d7226b2ff162d02991cba652d7e3575b4a31bfde,CVE-2023-29632
956982314,arkede/cve-2023,CVE-2023-7084.yaml,d73c645a96586ad64aae83e8c9a888aa4354bede,CVE-2023-7084
956982314,arkede/cve-2023,CVE-2023-27372.yaml,d75a7ba52cfbb03254be5a8ac9e16f05caa45768,CVE-2023-27372
956982314,arkede/cve-2023,CVE-2023-48739.yaml,d76000a63b8b8e792929ad7a413dc62b8020acaf,CVE-2023-48739
956982314,arkede/cve-2023,CVE-2023-6831.yaml,d76624f07424ff9ba2da9fcb03de93a99a5bb089,CVE-2023-6831
956982314,arkede/cve-2023,CVE-2023-25483.yaml,d775dc7bb2fcdf8dd172c484e6e5a36ecf3bf79f,CVE-2023-25483
956982314,arkede/cve-2023,CVE-2023-32496.yaml,d77c1ded212568fe4187686eba10acf329f41fb0,CVE-2023-32496
956982314,arkede/cve-2023,CVE-2023-41544.yaml,d796a1573f42f537f45a3782d1b2ba6f81117ec7,CVE-2023-41544
956982314,arkede/cve-2023,CVE-2023-28367.yaml,d79c03023c8ff88283810d853f9e930be105c0db,CVE-2023-28367
956982314,arkede/cve-2023,CVE-2023-4974_1.yaml,d7a5386c5971e13babc28e9f346991ef0e82fba2,CVE-2023-4974
956982314,arkede/cve-2023,CVE-2023-49156.yaml,d7a61aa165f95f778f81a4bc3581fe37c5fa2f32,CVE-2023-49156
956982314,arkede/cve-2023,CVE-2023-6954.yaml,d7b1febddbef6ee26ed7fdf71b1f78397882885b,CVE-2023-6954
956982314,arkede/cve-2023,CVE-2023-26843_3.yaml,d7b2f3a00b7b2de3b97143156da0794a614bda2e,CVE-2023-26843
956982314,arkede/cve-2023,CVE-2023-49494_1.yaml,d7b598995c34e374d3d8dbf7cc05725e0951be04,CVE-2023-49494
956982314,arkede/cve-2023,CVE-2023-4542.yaml,d7b83fe18ec05683bd8001dcb749dd505d93c3ff,CVE-2023-4542
956982314,arkede/cve-2023,CVE-2023-49821.yaml,d7bc48fb94997d45d0c0dcb175d12ab20fa7ca68,CVE-2023-49821
956982314,arkede/cve-2023,CVE-2023-43373.yaml,d7bc6b798bdcc279335e0eb7a2165971fad56db7,CVE-2023-43373
956982314,arkede/cve-2023,CVE-2023-23700.yaml,d7d70c855398a687f74476a1126d237e37ba391f,CVE-2023-23700
956982314,arkede/cve-2023,CVE-2023-50830.yaml,d7e4984f545fc0373971053d9ebe2508ebaa9429,CVE-2023-50830
956982314,arkede/cve-2023,CVE-2023-51467.yaml,d7ed00cef69c3992971e8b16f594bb3dc78c387f,CVE-2023-51467
956982314,arkede/cve-2023,CVE-2023-51790.yaml,d7f0747738cb6a20c2b415591eb5622ffcb3fe7e,CVE-2023-51790
956982314,arkede/cve-2023,CVE-2023-0832.yaml,d7f1ce5ee533dfe5814da9873c1bdc95c471df5c,CVE-2023-0832
956982314,arkede/cve-2023,CVE-2023-23990.yaml,d808c4edef2f78f7742192ed1d4ce5cd14dc5937,CVE-2023-23990
956982314,arkede/cve-2023,CVE-2023-40669.yaml,d81a78713935efde4df4210d0a5245e259d49a30,CVE-2023-40669
956982314,arkede/cve-2023,CVE-2023-25475.yaml,d82405a5feee51dbfe7f3d337f66978ac63ae772,CVE-2023-25475
956982314,arkede/cve-2023,CVE-2023-1177.yaml,d8357388cc6c1e000bca5ace5cae652313c04ff5,CVE-2023-1177
956982314,arkede/cve-2023,CVE-2023-35813_1.yaml,d839cb403eac854901b27fa2fef557ce243631dd,CVE-2023-35813
956982314,arkede/cve-2023,CVE-2023-1602.yaml,d847b004d38c589c82101996dd3601721433d51f,CVE-2023-1602
956982314,arkede/cve-2023,CVE-2023-3836_1.yaml,d84a5f72416d902f44a150b696d82b2de5791f33,CVE-2023-3836
956982314,arkede/cve-2023,CVE-2023-33333.yaml,d852f6e8d313c242f6944a77e6cd0f5b623522ab,CVE-2023-33333
956982314,arkede/cve-2023,CVE-2023-25701.yaml,d8605d9689df0b7825dc5e34100f4ac3242a5e55,CVE-2023-25701
956982314,arkede/cve-2023,CVE-2023-27628.yaml,d885fba47aaaab56aa83c0784ae839ce3a866fcc,CVE-2023-27628
956982314,arkede/cve-2023,CVE-2023-41729.yaml,d88c9738db8fe1771ac89aef65d7873fde620b08,CVE-2023-41729
956982314,arkede/cve-2023,CVE-2023-6855.yaml,d899051b28eb8d0fb3838d05ccc5d6bf61cb781f,CVE-2023-6855
956982314,arkede/cve-2023,CVE-2023-2086.yaml,d899307ec2c1935cfbfc9fd9e6fc8a48fb93a371,CVE-2023-2086
956982314,arkede/cve-2023,CVE-2023-0099_1.yaml,d8a1a2260eacc447c9c8f291e2926b26606393a3,CVE-2023-0099
956982314,arkede/cve-2023,CVE-2023-6959.yaml,d8a8a7a55424d6525527868f951ca40ba653366e,CVE-2023-6959
956982314,arkede/cve-2023,CVE-2023-51477.yaml,d8ad81918c2ad6e3f3737fe61fd394d3db3a99f8,CVE-2023-51477
956982314,arkede/cve-2023,CVE-2023-7202.yaml,d8cbd6786f9ac043303c45e11bfd508dd11faffb,CVE-2023-7202
956982314,arkede/cve-2023,CVE-2023-46078.yaml,d8d2e777ed20247666303ab161224a9489ae1b42,CVE-2023-46078
956982314,arkede/cve-2023,CVE-2023-5315.yaml,d8e9adc60ed3c00a6f1e56e386cedbd22451f800,CVE-2023-5315
956982314,arkede/cve-2023,CVE-2023-25022.yaml,d8ea2969cfa8e9a42707949106804878b3eb6bfb,CVE-2023-25022
956982314,arkede/cve-2023,CVE-2023-33998.yaml,d8ec0bdc390879565909b17df8c67b9d237fc544,CVE-2023-33998
956982314,arkede/cve-2023,CVE-2023-4799.yaml,d8fc276c44bace33a55f4866aef34ac5f32118cb,CVE-2023-4799
956982314,arkede/cve-2023,CVE-2023-49831.yaml,d90bff3e6050c210d4e548c2100d54142f0aa6fb,CVE-2023-49831
956982314,arkede/cve-2023,CVE-2023-7029.yaml,d90ecaeaf564fd2d01d528504b15909cd5ceb796,CVE-2023-7029
956982314,arkede/cve-2023,CVE-2023-0948.yaml,d910c3a671aa7871bd922bb31e473e08d723d829,CVE-2023-0948
956982314,arkede/cve-2023,CVE-2023-38384.yaml,d918ade319809a580b2746a6181fdba72206a79f,CVE-2023-38384
956982314,arkede/cve-2023,CVE-2023-41238.yaml,d92723731edd6776771e7c789962605a136fcc74,CVE-2023-41238
956982314,arkede/cve-2023,CVE-2023-36691.yaml,d9322aba378a091d0983022af1aa7030b855a485,CVE-2023-36691
956982314,arkede/cve-2023,CVE-2023-50833.yaml,d9382ed83de4a57e43aa4937cf96b57740fb811e,CVE-2023-50833
956982314,arkede/cve-2023,CVE-2023-6988.yaml,d9390d8fd56cdaf10bec3bc7c3796e7110eb846a,CVE-2023-6988
956982314,arkede/cve-2023,CVE-2023-24399.yaml,d9443b2166354529fd60962322d1f6ae4457b327,CVE-2023-24399
956982314,arkede/cve-2023,CVE-2023-40202.yaml,d947c6cb663d18b7b3cc75e11d4c795efc116b4c,CVE-2023-40202
956982314,arkede/cve-2023,CVE-2023-23795.yaml,d957aa3bb16385bdfe45f5d4c5bc7242ee80ca3e,CVE-2023-23795
956982314,arkede/cve-2023,CVE-2023-4925.yaml,d974629fbea13959ed83a3843bf87623bd37d314,CVE-2023-4925
956982314,arkede/cve-2023,CVE-2023-39310.yaml,d98149cf096a4cf20e958838fa615f070686b2e4,CVE-2023-39310
956982314,arkede/cve-2023,CVE-2023-47837.yaml,d993e1ba73e4676551e138b461b68a5cce2fa4a0,CVE-2023-47837
956982314,arkede/cve-2023,CVE-2023-5940.yaml,d99a829f1a0de1d04070f322d2dc77c141892cdc,CVE-2023-5940
956982314,arkede/cve-2023,CVE-2023-47505.yaml,d9a9a10deb93c2762c6c2d89cb171ac28cf62629,CVE-2023-47505
956982314,arkede/cve-2023,CVE-2023-1331.yaml,d9b493f5c702da693c5ae542470975283a4b5962,CVE-2023-1331
956982314,arkede/cve-2023,CVE-2023-45852.yaml,d9b74206469ec99fa7ec4fd4d0281c55124fbdc5,CVE-2023-45852
956982314,arkede/cve-2023,CVE-2023-36925.yaml,d9be20f2a3a710216a0d7e6e69d63395000d8a75,CVE-2023-36925
956982314,arkede/cve-2023,CVE-2023-5359.yaml,d9bef8ee904566b0359a99f487ff5cc8ca3733c1,CVE-2023-5359
956982314,arkede/cve-2023,CVE-2023-39007.yaml,d9bfcabb178914ae4163b82b38ea5b023d82eb89,CVE-2023-39007
956982314,arkede/cve-2023,CVE-2023-46635.yaml,d9c97dd5d5a3d19bbecdde243aef7442bf7df36b,CVE-2023-46635
956982314,arkede/cve-2023,CVE-2023-24488.yaml,d9d3ac34429da4e704b25b5d92682b35a91a90e1,CVE-2023-24488
956982314,arkede/cve-2023,CVE-2023-48761.yaml,d9d972696867daf276e58097cbb4281ff0b82c03,CVE-2023-48761
956982314,arkede/cve-2023,CVE-2023-26010.yaml,d9de16fd401e2e74b2ca30fe296c06b086531d84,CVE-2023-26010
956982314,arkede/cve-2023,CVE-2023-3126.yaml,d9e08fbb42eb47da93dca33525bc416f1c9c9f31,CVE-2023-3126
956982314,arkede/cve-2023,CVE-2023-35773.yaml,d9fb3016042b9b95469c8606fb11df2b15d01162,CVE-2023-35773
956982314,arkede/cve-2023,CVE-2023-1414.yaml,da03f064ae9ca97b65917742754312b08ad27a47,CVE-2023-1414
956982314,arkede/cve-2023,CVE-2023-4502.yaml,da09a030bb2fe73e9fb6f93d7522b64aaaab0b20,CVE-2023-4502
956982314,arkede/cve-2023,CVE-2023-46195.yaml,da1b0224a3ccabb393d1c9065c26e7919332fdb8,CVE-2023-46195
956982314,arkede/cve-2023,CVE-2023-1780_2.yaml,da1cdcff7ebbf92eca7d28f2c74a4bc4c45e7a22,CVE-2023-1780
956982314,arkede/cve-2023,CVE-2023-30479.yaml,da47047beb66304bb788e479915b28aeb8276178,CVE-2023-30479
956982314,arkede/cve-2023,CVE-2023-36162.yaml,da4ed8238d68aca9efa0c399f1de0a7c0398ab83,CVE-2023-36162
956982314,arkede/cve-2023,CVE-2023-51673.yaml,da5487420edaf507772b5b1857701ced8f34d761,CVE-2023-51673
956982314,arkede/cve-2023,CVE-2023-6924.yaml,da63cb0c355063acf6ee2344cb3081211d36bc0a,CVE-2023-6924
956982314,arkede/cve-2023,CVE-2023-23997.yaml,da6b1458d7c2ddceafd1a727a274f7dbe532c757,CVE-2023-23997
956982314,arkede/cve-2023,CVE-2023-4947.yaml,da863d7e4c5246623e9ccaecaf560a7848756233,CVE-2023-4947
956982314,arkede/cve-2023,CVE-2023-30496.yaml,da8dde3d990d00fa954a8a429728c346f30a2f58,CVE-2023-30496
956982314,arkede/cve-2023,CVE-2023-1155.yaml,da94dd5ea0597a9e8bbd5f4d445df4afbc7cc3a2,CVE-2023-1155
956982314,arkede/cve-2023,CVE-2023-28662.yaml,daadf0762f7a21bfce26ddce1a701f322dd6de1b,CVE-2023-28662
956982314,arkede/cve-2023,CVE-2023-2998.yaml,dab137b0ab1b97772514d27e2003f083e26000db,CVE-2023-2998
956982314,arkede/cve-2023,CVE-2023-0501.yaml,dab1a7cfa7ca9e78da464bc61aa391bddd012c98,CVE-2023-0501
956982314,arkede/cve-2023,CVE-2023-5087.yaml,dab8a039b4b32c5ce9b938a005977c93a9fca19b,CVE-2023-5087
956982314,arkede/cve-2023,CVE-2023-5433.yaml,dac26cc150966af0bc93869280960bd7f5847c85,CVE-2023-5433
956982314,arkede/cve-2023,CVE-2023-5357.yaml,dac784b0ae3bba52aa60e712cfd078ce0311d4ca,CVE-2023-5357
956982314,arkede/cve-2023,CVE-2023-38520.yaml,dad86c973d5af525407e001f830ab911f8049072,CVE-2023-38520
956982314,arkede/cve-2023,CVE-2023-33584_4.yaml,db222b4f6087c3afeadb8bf88889214f018b8cc8,CVE-2023-33584
956982314,arkede/cve-2023,CVE-2023-39989.yaml,db2d7c1082b9c9662b0afd52a0a959845505ef5e,CVE-2023-39989
956982314,arkede/cve-2023,CVE-2023-7199.yaml,db309a50cbcb56c01c48f5fb2b322f0c9e2f3e07,CVE-2023-7199
956982314,arkede/cve-2023,CVE-2023-1177_2.yaml,db3b9a8ffe51ae45f082e3e39639a9910d1fe95e,CVE-2023-1177
956982314,arkede/cve-2023,CVE-2023-44988.yaml,db3bbc10a7c53bc137f8103b2f051b9dd9435e40,CVE-2023-44988
956982314,arkede/cve-2023,CVE-2023-36508.yaml,db3c9d86de359cd6f2c73e180290309a52f22e28,CVE-2023-36508
956982314,arkede/cve-2023,CVE-2023-47509.yaml,db5dff167e7d3b21512d3d3dc9b5da10641a04ce,CVE-2023-47509
956982314,arkede/cve-2023,CVE-2023-3958.yaml,db5fdb92102640463263fd49ba51ddca5a98fee5,CVE-2023-3958
956982314,arkede/cve-2023,CVE-2023-23643.yaml,db796ff1758bc0c5b1012f4ee0fd5db3c2399810,CVE-2023-23643
956982314,arkede/cve-2023,CVE-2023-35881.yaml,db8977a71ffc26cbd6c13fd9a3c3d19fa35002ee,CVE-2023-35881
956982314,arkede/cve-2023,CVE-2023-28662_2.yaml,db8a8150ddf3eeb5658b6a1f890fbda8f0904d59,CVE-2023-28662
956982314,arkede/cve-2023,CVE-2023-3226.yaml,dba9ea9959e59e2c54ea949a48e34093d510263b,CVE-2023-3226
956982314,arkede/cve-2023,CVE-2023-24420.yaml,dbacab258aae4acb26de2e30f30a7b14291664ac,CVE-2023-24420
956982314,arkede/cve-2023,CVE-2023-30784.yaml,dbad6dfda7da1bf91619cc6b6299a7145b488389,CVE-2023-30784
956982314,arkede/cve-2023,CVE-2023-45272.yaml,dbb8a0a84043e2979402b248c014fe2c8024f8ed,CVE-2023-45272
956982314,arkede/cve-2023,CVE-2023-47650.yaml,dbbd52f30767aa62a3b73e4718b9f497cfb4c5c6,CVE-2023-47650
956982314,arkede/cve-2023,CVE-2023-32599.yaml,dbc54b205b7e78c039574936fcf6c519c6039025,CVE-2023-32599
956982314,arkede/cve-2023,CVE-2023-6975.yaml,dbc860fdc59158857ef591817f35a0a7eeb8a792,CVE-2023-6975
956982314,arkede/cve-2023,CVE-2023-1090.yaml,dbcaab1d53153390932ada0f7b8baf632135c5d0,CVE-2023-1090
956982314,arkede/cve-2023,CVE-2023-1092.yaml,dbcac84f5af9ef0a84c6c2b290f35a0764c621db,CVE-2023-1092
956982314,arkede/cve-2023,CVE-2023-0527.yaml,dbe8c3deb919eb49f054ea3393e406d6c305c275,CVE-2023-0527
956982314,arkede/cve-2023,CVE-2023-6243.yaml,dbfbf7c17d3abe0084dcd21eaf6b0022d3c333ec,CVE-2023-6243
956982314,arkede/cve-2023,CVE-2023-23890.yaml,dc00b3d3f083425b9cfc39cbbb2dd0957a6c36df,CVE-2023-23890
956982314,arkede/cve-2023,CVE-2023-3136.yaml,dc1c646905d5f338d91b9867dc5bdc8ea9ddc99e,CVE-2023-3136
956982314,arkede/cve-2023,CVE-2023-3452.yaml,dc24e950834cfa37419a838d47c4a36ddd6d0836,CVE-2023-3452
956982314,arkede/cve-2023,CVE-2023-39998.yaml,dc36f7e225dea176badd39180ef8066f82c5e406,CVE-2023-39998
956982314,arkede/cve-2023,CVE-2023-37870.yaml,dc3dc9fe7027f53c894e93c2d63e0515e111001a,CVE-2023-37870
956982314,arkede/cve-2023,CVE-2023-2995.yaml,dc52ac918bd51ec46366ee1954b5b8683d143d4d,CVE-2023-2995
956982314,arkede/cve-2023,CVE-2023-6925.yaml,dc626abcec9e75379bc604beff52d71bab806385,CVE-2023-6925
956982314,arkede/cve-2023,CVE-2023-37869.yaml,dc72b2a9099545f67e03b94e9feeaf3c29b2e1f8,CVE-2023-37869
956982314,arkede/cve-2023,CVE-2023-23652.yaml,dc74cdaf90a34c0778284a950b5e6700cdaddf50,CVE-2023-23652
956982314,arkede/cve-2023,CVE-2023-0722.yaml,dc8004e51f8ee2261068f5a47e1fef0cf8df19a3,CVE-2023-0722
956982314,arkede/cve-2023,CVE-2023-5527.yaml,dc8ac9659dc4b4c550c233c1bd883c8d38a07f55,CVE-2023-5527
956982314,arkede/cve-2023,CVE-2023-33207.yaml,dc99ea8973334ffeb8f0b25cd4bafa465c006bbc,CVE-2023-33207
956982314,arkede/cve-2023,CVE-2023-6810.yaml,dca80247eddacece6244d02f5219d08e1ff89bb0,CVE-2023-6810
956982314,arkede/cve-2023,CVE-2023-30211.yaml,dcba195050deb578ea028aeddcb8771e12b1cc79,CVE-2023-30211
956982314,arkede/cve-2023,CVE-2023-50847.yaml,dcbfdb1ab9ef0391e4f8e02a0f8869666a1505d5,CVE-2023-50847
956982314,arkede/cve-2023,CVE-2023-47178.yaml,dce537ad439b1e4b9790c9543beb20e6c71d5c9e,CVE-2023-47178
956982314,arkede/cve-2023,CVE-2023-45604.yaml,dce6739044aeec0ac559957024b3cb52dacfe33c,CVE-2023-45604
956982314,arkede/cve-2023,CVE-2023-23874.yaml,dce9e0f7cb7917b452385d6b5a5058e2f6a2e1f1,CVE-2023-23874
956982314,arkede/cve-2023,CVE-2023-6561.yaml,dd03cc238993429de7b1bb6e9a98653e2bb75a08,CVE-2023-6561
956982314,arkede/cve-2023,CVE-2023-30480.yaml,dd04c355f0528c41d51bdb4750b413e07c4d9e10,CVE-2023-30480
956982314,arkede/cve-2023,CVE-2023-46072.yaml,dd163e77399573fc5e646d8d3baf0ba09172af0f,CVE-2023-46072
956982314,arkede/cve-2023,CVE-2023-2780_2.yaml,dd29bca7f9f6c5e4ecdfa4b29c86a365af626436,CVE-2023-2780
956982314,arkede/cve-2023,CVE-2023-26514.yaml,dd33983eb738d5aa4eda05dd60abc89a9bcb58ce,CVE-2023-26514
956982314,arkede/cve-2023,CVE-2023-45101.yaml,dd38537740a67503822de04d90045f85b153e98d,CVE-2023-45101
956982314,arkede/cve-2023,CVE-2023-5116.yaml,dd44e78f1c2981180264c2d5181913449fc9498f,CVE-2023-5116
956982314,arkede/cve-2023,CVE-2023-37462.yaml,dd4537371f667aad3c58dd41c0ff61a14f3249a4,CVE-2023-37462
956982314,arkede/cve-2023,CVE-2023-37462.yaml,dd4537371f667aad3c58dd41c0ff61a14f3249a4,GHSA-H4VP-69R8-GVJG
956982314,arkede/cve-2023,CVE-2023-32581.yaml,dd4a33da4a0af66eb852b816f2d962933b587fa0,CVE-2023-32581
956982314,arkede/cve-2023,CVE-2023-4460.yaml,dd5193740d40a883b11a2a20610a3d7267f9265c,CVE-2023-4460
956982314,arkede/cve-2023,CVE-2023-3392.yaml,dd63f720bf2a216ddafedfdb37fc0ab736bbb428,CVE-2023-3392
956982314,arkede/cve-2023,CVE-2023-6620.yaml,dd7c4f9f9c76c0deb447f0dbcbf02899c22414d2,CVE-2023-6620
956982314,arkede/cve-2023,CVE-2023-35918.yaml,dd9c34343898ded41d36e39c28db3ab0a2e3e5ab,CVE-2023-35918
956982314,arkede/cve-2023,CVE-2023-23492.yaml,dda1676608ea026d150953cb6293a50e0b4ee44f,CVE-2023-23492
956982314,arkede/cve-2023,CVE-2023-2353.yaml,ddba85fa54963705db959a2fcda3cf447e9779c0,CVE-2023-2353
956982314,arkede/cve-2023,CVE-2023-30751.yaml,ddbba15a8924ccdf0399b38020e1d3819326ed16,CVE-2023-30751
956982314,arkede/cve-2023,CVE-2023-47694.yaml,ddcaaf78b174e0ee0e7f74ff1f675b46acbc3412,CVE-2023-47694
956982314,arkede/cve-2023,CVE-2023-47659.yaml,ddd064a5f12048a70323254a99309e13036cbe60,CVE-2023-47659
956982314,arkede/cve-2023,CVE-2023-1604.yaml,ddd3301072a421ec014134f1c47d2eb706de7303,CVE-2023-1602
956982314,arkede/cve-2023,CVE-2023-1604.yaml,ddd3301072a421ec014134f1c47d2eb706de7303,CVE-2023-1604
956982314,arkede/cve-2023,CVE-2023-1337.yaml,dddc16cb8d8d3e931f5b458b159585a5dd0a9a7a,CVE-2023-1337
956982314,arkede/cve-2023,CVE-2023-27847_1.yaml,ddefacf087fcfd7a19b15b7146d933f64ae07841,CVE-2023-27847
956982314,arkede/cve-2023,CVE-2023-34183.yaml,ddfc192922d28824080ba4aa76548bf7de221406,CVE-2023-34183
956982314,arkede/cve-2023,CVE-2023-32505.yaml,de0693c86ea937a0122c194e934d4b4d6b7b2284,CVE-2023-32505
956982314,arkede/cve-2023,CVE-2023-29623.yaml,de10f87fab57fe1496c874ab74f79aa59dcf582c,CVE-2023-29623
956982314,arkede/cve-2023,CVE-2023-27458.yaml,de16e4bc2743811b921b7427e9219edcc4c2e896,CVE-2023-27458
956982314,arkede/cve-2023,CVE-2023-41802.yaml,de178f80b7ce75bc247d7eb9791183efdbb09227,CVE-2023-41802
956982314,arkede/cve-2023,CVE-2023-27438.yaml,de1bfb79087d84b9cd99fd1558390107333ce127,CVE-2023-27438
956982314,arkede/cve-2023,CVE-2023-39675.yaml,de1d69b22e9481070547b701428605617cbb6776,CVE-2023-39675
956982314,arkede/cve-2023,CVE-2023-5703.yaml,de1f21521607beb794dc011aae9f5fc13dc214e3,CVE-2023-5703
956982314,arkede/cve-2023,CVE-2023-2572.yaml,de2667f1b4838e899cdc1fef0d7fbf8acf264434,CVE-2023-2572
956982314,arkede/cve-2023,CVE-2023-39681.yaml,de3140f6e5801233980e7be3d5fc2ff24285e330,CVE-2023-39681
956982314,arkede/cve-2023,CVE-2023-0583.yaml,de38aa23e10e7a660e9ce2f411a8df685bbbae4b,CVE-2023-0583
956982314,arkede/cve-2023,CVE-2023-51482.yaml,de5293244029fea9905e4d916922213b2570e5df,CVE-2023-51482
956982314,arkede/cve-2023,CVE-2023-0152.yaml,de57f4f14cbbb43179f0b89052c8e1d53690e506,CVE-2023-0152
956982314,arkede/cve-2023,CVE-2023-1020_1.yaml,de6f204c9d935043fe2f062316731f0607d2cb3f,CVE-2023-1020
956982314,arkede/cve-2023,CVE-2023-33997.yaml,de7c093357bcc9bbbacfcd24ec07651feaa1c452,CVE-2023-33997
956982314,arkede/cve-2023,CVE-2023-5533.yaml,de8e529bfe100bc8a2df6c8d689c5a867872267b,CVE-2023-5533
956982314,arkede/cve-2023,CVE-2023-1469.yaml,de9b10989668b038d0ce4aede65ae6028c76b7d9,CVE-2023-1469
956982314,arkede/cve-2023,CVE-2023-47545.yaml,deb18e8450e28abbc0b15776980ea17dcbb545ec,CVE-2023-47545
956982314,arkede/cve-2023,CVE-2023-46604_1.yaml,ded5a8bcb92125c053b218e259931104983bd625,CVE-2023-46604
956982314,arkede/cve-2023,CVE-2023-45046.yaml,dee5b8708fc2ebfbe9b58f56b12dda905da19a8d,CVE-2023-45046
956982314,arkede/cve-2023,CVE-2023-25994.yaml,dee8d71bafc67fecda599c29fac1a701c55f4c0b,CVE-2023-25994
956982314,arkede/cve-2023,CVE-2023-40219.yaml,def211d3585ca4c35fecc6a4e538122cf878e328,CVE-2023-40219
956982314,arkede/cve-2023,CVE-2023-5956.yaml,def251393b97715120a1a1d403c3b0cf4436d2fc,CVE-2023-5956
956982314,arkede/cve-2023,CVE-2023-51687.yaml,df004eb2bfc346002968ab47b7476c5fcf72ddc0,CVE-2023-51687
956982314,arkede/cve-2023,CVE-2023-27434.yaml,df01331251d0dcac35c4c66a705ae49eb9126d6b,CVE-2023-27434
956982314,arkede/cve-2023,CVE-2023-4415.yaml,df0737bf953f6f179df4e5a5a900ea02341bf4db,CVE-2023-4415
956982314,arkede/cve-2023,CVE-2023-3419.yaml,df15808dc9961527113dc63a5c394a9ce2ac739f,CVE-2023-3419
956982314,arkede/cve-2023,CVE-2023-3620.yaml,df16dc11c368be8e699d4326a659f37fcaa4c84c,CVE-2023-3620
956982314,arkede/cve-2023,CVE-2023-47778.yaml,df2743ecba424ceead188cc9654e638586cbbb6b,CVE-2023-47778
956982314,arkede/cve-2023,CVE-2023-3343.yaml,df2c2a2a85581024916f8bc37c905f34f8314e4e,CVE-2023-3343
956982314,arkede/cve-2023,CVE-2023-0603.yaml,df2dc8b2e68b192d32ce6df4c3ff013cc94ada77,CVE-2023-0603
956982314,arkede/cve-2023,CVE-2023-45010.yaml,df38024f250e140ef27063a468c8eb74692e85bf,CVE-2023-45010
956982314,arkede/cve-2023,CVE-2023-34185.yaml,df4ed0c6480a800736f19cdaa5c8671c112367cb,CVE-2023-34185
956982314,arkede/cve-2023,CVE-2023-27429.yaml,df8f03af2cea9b98a3ee8031135ea2e9ddc6ceee,CVE-2023-27429
956982314,arkede/cve-2023,CVE-2023-39108.yaml,df9108beb88d3ed57bdfed0f8b0fc326f13c3ca2,CVE-2023-39108
956982314,arkede/cve-2023,CVE-2023-1910.yaml,dfa051b8c04917846e3496c9d296f0f652ba22c0,CVE-2023-1910
956982314,arkede/cve-2023,CVE-2023-52176.yaml,dfc1e55ce652e8ea6a7c3403e804dfb641a40334,CVE-2023-52176
956982314,arkede/cve-2023,CVE-2023-49773.yaml,dfd8942e2eef4d9722b3ebf502dab1a6506fd026,CVE-2023-49773
956982314,arkede/cve-2023,CVE-2023-1925.yaml,dfe785ae0c8eadaa7e1a265fb651474a85a5002a,CVE-2023-1925
956982314,arkede/cve-2023,CVE-2023-27413.yaml,dfe984a9e180ec00181077ebbc1bc9655a308ab5,CVE-2023-27413
956982314,arkede/cve-2023,CVE-2023-5802.yaml,dfe9b1090cb8a2ffb15e701b1562ddaa3bf74b20,CVE-2023-5802
956982314,arkede/cve-2023,CVE-2023-7297.yaml,dfefe410587080369658bf5ec463082bbcc3be17,CVE-2023-7297
956982314,arkede/cve-2023,CVE-2023-46088.yaml,dff23b889f8c9f4c98fb4ef2b61285e288e8c871,CVE-2023-46088
956982314,arkede/cve-2023,CVE-2023-5435.yaml,dffff3988a696b3131d2a72c61d914fbd01a224a,CVE-2023-5435
956982314,arkede/cve-2023,CVE-2023-7044.yaml,e000c5b0129415823ae99a13fdbac75396b50f05,CVE-2023-7044
956982314,arkede/cve-2023,CVE-2023-25988.yaml,e011f461021b339c5997edc9a43fdb5c20cb89c1,CVE-2023-25988
956982314,arkede/cve-2023,CVE-2023-2580.yaml,e01bc4e3d0c0daaa83c58439d8edcb917d5f50c1,CVE-2023-2580
956982314,arkede/cve-2023,CVE-2023-32504.yaml,e01c46d841fd95c3e35670bfcbf78887d7a65403,CVE-2023-32504
956982314,arkede/cve-2023,CVE-2023-47508.yaml,e0203fd6b4297478e4115107abb021b21ac5d239,CVE-2023-47508
956982314,arkede/cve-2023,CVE-2023-46606.yaml,e028fdc65e7003271df67a091f0b4e1d71540451,CVE-2023-46606
956982314,arkede/cve-2023,CVE-2023-6506.yaml,e037cc552d527325d4fc172edc287d7927eca04c,CVE-2023-6506
956982314,arkede/cve-2023,CVE-2023-44234.yaml,e03a6dc20962e14d76e0cc3892c460b87e1d1eab,CVE-2023-44234
956982314,arkede/cve-2023,CVE-2023-47666.yaml,e051182d681e838bc5aef4cfa182a04e3cfb9518,CVE-2023-47666
956982314,arkede/cve-2023,CVE-2023-40753.yaml,e055dc0c7704ebcd20c49ab55926da8ac0fa04cd,CVE-2023-40753
956982314,arkede/cve-2023,CVE-2023-23834.yaml,e05b6d35a0386981151a65f5ed48882cf548bf45,CVE-2023-23834
956982314,arkede/cve-2023,CVE-2023-2896.yaml,e06322236afe20ab7e3e8313b1652a3617667755,CVE-2023-2896
956982314,arkede/cve-2023,CVE-2023-29622_1.yaml,e073cdd1cecc1c12f4c15d92cd4b254f931b8717,CVE-2023-29622
956982314,arkede/cve-2023,CVE-2023-37886.yaml,e07710464f1fbfd23d71cb9c0cc824a03fc4383a,CVE-2023-37885
956982314,arkede/cve-2023,CVE-2023-37886.yaml,e07710464f1fbfd23d71cb9c0cc824a03fc4383a,CVE-2023-37886
956982314,arkede/cve-2023,CVE-2023-28170.yaml,e08106a35435b96984162dd3cc38a377d224d2ed,CVE-2023-28170
956982314,arkede/cve-2023,CVE-2023-41697.yaml,e092f3ac65da86325c5d3ca9a6f6e4d489c5fae1,CVE-2023-41697
956982314,arkede/cve-2023,CVE-2023-47227.yaml,e09b52581f849b72a73b48460c66eb766a4b917a,CVE-2023-47227
956982314,arkede/cve-2023,CVE-2023-6553.yaml,e0af47483080f1cfee46d1b647d76cb366144313,CVE-2023-6553
956982314,arkede/cve-2023,CVE-2023-35047.yaml,e0c5c40aeb80940150f0d47ad9001f5f8113afd4,CVE-2023-35047
956982314,arkede/cve-2023,CVE-2023-25690_1.yaml,e0c67cd32fa62067a4c08c9b3dbdff7faf5be7c4,CVE-2023-25690
956982314,arkede/cve-2023,CVE-2023-28416.yaml,e0c8f60c8a51e73ceb43c81769f71df030cc1e66,CVE-2023-28416
956982314,arkede/cve-2023,CVE-2023-37872.yaml,e0cefa7566d640fb54429fd43a3e7edf8bddd6b2,CVE-2023-37872
956982314,arkede/cve-2023,CVE-2023-25449.yaml,e0d87dd675b6a12288a2dac84e8b2df97b9a3d26,CVE-2023-25449
956982314,arkede/cve-2023,CVE-2023-5942.yaml,e0dbbca0034198fa2adc40a6b06cc4771e8f6a2f,CVE-2023-5942
956982314,arkede/cve-2023,CVE-2023-47664.yaml,e0e68e32c8a998218a0e7370a8a4cac506aa1e67,CVE-2023-47664
956982314,arkede/cve-2023,CVE-2023-26523.yaml,e0ed333607d3d5b1d8c638b99ade1a18b2364c99,CVE-2023-26523
956982314,arkede/cve-2023,CVE-2023-28417.yaml,e0fe8f9f9803a920257c8d26c386e9063f26c0e9,CVE-2023-28417
956982314,arkede/cve-2023,CVE-2023-32796.yaml,e11a90f5bb723834bc028eeddc4fdb38f9a26da2,CVE-2023-32796
956982314,arkede/cve-2023,CVE-2023-31087.yaml,e11c2e9c6ec5dd024c42b77ea6127002987585a0,CVE-2023-31087
956982314,arkede/cve-2023,CVE-2023-1093.yaml,e128940433a5ea6cc8954ca92b31335a6bd4f2fb,CVE-2023-1093
956982314,arkede/cve-2023,CVE-2023-51695.yaml,e12e484c8716e91e3256f92574e550929c7f34c2,CVE-2023-51695
956982314,arkede/cve-2023,CVE-2023-23684.yaml,e1398e6e719053a70e12193fe4db07d07f8d45a3,CVE-2023-23684
956982314,arkede/cve-2023,CVE-2023-6968.yaml,e14b47523d34f0355c5b6f989067cbfd8ab466bd,CVE-2023-6968
956982314,arkede/cve-2023,CVE-2023-27424.yaml,e1529e513f761a2d044b168f0102be6a0c2b271b,CVE-2023-27424
956982314,arkede/cve-2023,CVE-2023-37980.yaml,e15cdbbfbffe7ecf3eddcf2536807b227fcb2a7e,CVE-2023-37980
956982314,arkede/cve-2023,CVE-2023-7071.yaml,e1675c09f4b949d22b45b983609ef1c4dbc9d3e7,CVE-2023-7071
956982314,arkede/cve-2023,CVE-2023-49167.yaml,e16bc22111debe9a4d4e2dbd42380a469cdbcc03,CVE-2023-49167
956982314,arkede/cve-2023,CVE-2023-24384.yaml,e17ed599debac2c57a6d521d2488b64160cc4b87,CVE-2023-24384
956982314,arkede/cve-2023,CVE-2023-5164.yaml,e180b3d4b64e6c93f8a4540ae8cb5a926f105b63,CVE-2023-5164
956982314,arkede/cve-2023,CVE-2023-44009.yaml,e182797c6179fbd7050767f66046d38f7d15fa80,CVE-2023-44009
956982314,arkede/cve-2023,CVE-2023-0423.yaml,e186c6ff8262e7680c6851fa2d134decef2cc3a5,CVE-2023-0423
956982314,arkede/cve-2023,CVE-2023-34752_1.yaml,e188543250435b6a6dc5e1082a9cdb02a17bc5f5,CVE-2023-34752
956982314,arkede/cve-2023,CVE-2023-5439.yaml,e1a00e587733f17605d6d290f4db623221610f96,CVE-2023-5439
956982314,arkede/cve-2023,CVE-2023-26841.yaml,e1a5ef245c2c958452d4fd17ad2a014566677eb4,CVE-2023-26841
956982314,arkede/cve-2023,CVE-2023-27620.yaml,e1a7293dbaee8bd87ff1f889551d64a0bcf6fa62,CVE-2023-27620
956982314,arkede/cve-2023,CVE-2023-2289.yaml,e1b0a41995ced63e53cd47ac6c89d7f035cb7291,CVE-2023-2289
956982314,arkede/cve-2023,CVE-2023-23661.yaml,e1cb5f18c373c783ddec74c00c686f5b648d85b6,CVE-2023-23661
956982314,arkede/cve-2023,CVE-2023-27292_1.yaml,e1e1459e70a9ca5c46dea4805292a28d3a3a19f3,CVE-2023-27292
956982314,arkede/cve-2023,CVE-2023-2178.yaml,e1e8e3c46a04f26221507fbace36dee19a0487da,CVE-2023-2178
956982314,arkede/cve-2023,CVE-2023-49853.yaml,e1eec467db05800557ac54ebe80d998f546cea46,CVE-2023-49853
956982314,arkede/cve-2023,CVE-2023-6107.yaml,e2278145e82bff830f94abd486e3b89693cf53bf,CVE-2023-6107
956982314,arkede/cve-2023,CVE-2023-3410.yaml,e2314ba38e924c9a723b41c721682eac255b8f5b,CVE-2023-3410
956982314,arkede/cve-2023,CVE-2023-47237.yaml,e23582da2a154a4558307f24f2ef778de8dbb79d,CVE-2023-47237
956982314,arkede/cve-2023,CVE-2023-45047.yaml,e24d9557c518c059fdd414eb3e71414ac559d30d,CVE-2023-45047
956982314,arkede/cve-2023,CVE-2023-29922.yaml,e24e84fbedfb2d5d503884bf21a8794de7f14f3e,CVE-2023-29922
956982314,arkede/cve-2023,CVE-2023-36519.yaml,e24ec5f0b943201c28374bd0939a070dfa2d8b88,CVE-2023-36519
956982314,arkede/cve-2023,CVE-2023-38306.yaml,e251cb0e305ddad51676adbdc0e0a60b052c474d,CVE-2023-38306
956982314,arkede/cve-2023,CVE-2023-4488.yaml,e264671be78e2ada672aaa5d797c5758c1138f4f,CVE-2023-4488
956982314,arkede/cve-2023,CVE-2023-25798.yaml,e26841d08c7b2aaa610f676af00266ba7b38188f,CVE-2023-25798
956982314,arkede/cve-2023,CVE-2023-37391.yaml,e276f395389165a8103e64c31eb61fcf818e96fd,CVE-2023-37391
956982314,arkede/cve-2023,CVE-2023-33321.yaml,e27c6e18e9120a0ac033eaf4c8f474a71660d207,CVE-2023-33321
956982314,arkede/cve-2023,CVE-2023-5803.yaml,e281e0c213938167e6ce6bec7a42b46c74f10250,CVE-2023-5803
956982314,arkede/cve-2023,CVE-2023-26750.yaml,e2868eef1777dc72b253bf437ad90f3951d6bf3c,CVE-2023-26750
956982314,arkede/cve-2023,CVE-2023-25787.yaml,e2959fbf96c7e056127c7162c449b0e4cde83b74,CVE-2023-25787
956982314,arkede/cve-2023,CVE-2023-5381.yaml,e29b358483f6402dc865b50119a6fd9a9eadd537,CVE-2023-5381
956982314,arkede/cve-2023,CVE-2023-39560_1.yaml,e2a324e19d28547d58ec77e3ad668977cfce48e7,CVE-2023-39560
956982314,arkede/cve-2023,CVE-2023-34371.yaml,e2a4fdeac144a8b7f976934ccb478b57901d639d,CVE-2023-34371
956982314,arkede/cve-2023,CVE-2023-26347_1.yaml,e2a80f4ae72176cbd3d0b523754f551888e7bbda,CVE-2023-26347
956982314,arkede/cve-2023,CVE-2023-26068.yaml,e2b3bafd6f4f67f5ef6ac5ae8728f49d2cac831a,CVE-2023-26068
956982314,arkede/cve-2023,CVE-2023-40677.yaml,e2b5b2466222a53b39da9362fb8adb070e84d1e9,CVE-2023-40677
956982314,arkede/cve-2023,CVE-2023-5239.yaml,e2bc4753a76eb4966a1ea111fe46e7ed92e9d222,CVE-2023-5239
956982314,arkede/cve-2023,CVE-2023-27034_2.yaml,e2c1ce7882a10ef1b7e9126950304588d00ff267,GHSA-7JR7-V6GV-M656
956982314,arkede/cve-2023,CVE-2023-27034_2.yaml,e2c1ce7882a10ef1b7e9126950304588d00ff267,CVE-2023-27034
956982314,arkede/cve-2023,CVE-2023-32588.yaml,e2cbb772aaf7239e9637b42c8fdae56f697e419d,CVE-2023-32588
956982314,arkede/cve-2023,CVE-2023-5745.yaml,e2da66b7fc092fa9f8843a92bc1c18746f7f7d28,CVE-2023-5745
956982314,arkede/cve-2023,CVE-2023-24404.yaml,e2db4bda1ee4c16f31c687cb50b5b9e87a09bcdc,CVE-2023-24404
956982314,arkede/cve-2023,CVE-2023-46455.yaml,e2dc98b8602cef033afd8191592005ae977ffc15,CVE-2023-46455
956982314,arkede/cve-2023,CVE-2023-33322.yaml,e2e21b771adf02bca28eebed6bb25ac12b0f1dbc,CVE-2023-33322
956982314,arkede/cve-2023,CVE-2023-0150.yaml,e2f4cfabd7afdbc89dca6c837c03fe416d2fc0e3,CVE-2023-0150
956982314,arkede/cve-2023,CVE-2023-44998.yaml,e2f73d2d6598db159ad841d5975204570156a369,CVE-2023-44998
956982314,arkede/cve-2023,CVE-2023-22515.yaml,e30ab1d1345d345fa7cbd099fd53f3a480b902a2,CVE-2023-22515
956982314,arkede/cve-2023,CVE-2023-51506.yaml,e31a06f394240433642538787d7c8e728cb253ff,CVE-2023-51506
956982314,arkede/cve-2023,CVE-2023-24394.yaml,e335644508fa98b912f2bdac664479157311361c,CVE-2023-24394
956982314,arkede/cve-2023,CVE-2023-31664.yaml,e336ae4e9ac71b56e58144ced6e34c118b81cdd7,CVE-2023-31664
956982314,arkede/cve-2023,CVE-2023-5001.yaml,e33c62bae9747dd3ea430bf99af3e76bf4e65686,CVE-2023-5001
956982314,arkede/cve-2023,CVE-2023-0363.yaml,e3715de6bc202ae13cca9d38f49407747adb979c,CVE-2023-0363
956982314,arkede/cve-2023,CVE-2023-47839.yaml,e378f1b403d1a3b68d3cb69867b8254f59581e13,CVE-2023-47839
956982314,arkede/cve-2023,CVE-2023-4024.yaml,e38b83a9fcf955585c8ae9d5794aa015b63f7de3,CVE-2023-4024
956982314,arkede/cve-2023,CVE-2023-41857.yaml,e38cacd122d90cdcd7c4c0721014d43a381c9d99,CVE-2023-41857
956982314,arkede/cve-2023,CVE-2023-47690.yaml,e39a4ca16846c7283949d8d052d21b0557ba6266,CVE-2023-47690
956982314,arkede/cve-2023,CVE-2023-34017.yaml,e3a1eef36204c32c7728bb5d43db40a1970127d1,CVE-2023-34017
956982314,arkede/cve-2023,CVE-2023-4271.yaml,e3b8e7faf61b1acac9da1d8da4aae546737ec67e,CVE-2023-4271
956982314,arkede/cve-2023,CVE-2023-2518.yaml,e3c1469a42862b6dd367e5180405724413b80264,CVE-2023-2518
956982314,arkede/cve-2023,CVE-2023-49599.yaml,e3c87a239d975d56d4f416f36304c4915eaa0455,CVE-2023-49599
956982314,arkede/cve-2023,CVE-2023-47548.yaml,e3ce9827753c3d20c1ec208d8e89b52e31509500,CVE-2023-47548
956982314,arkede/cve-2023,CVE-2023-25703.yaml,e3e182d995db20eec36b8a1dbca0674a81b3b170,CVE-2023-25703
956982314,arkede/cve-2023,CVE-2023-0831.yaml,e3e88b4645adca07fb4721bee34c2a32e3cc0922,CVE-2023-0831
956982314,arkede/cve-2023,CVE-2023-38388.yaml,e4016e444313b46b8186535686769c5d0af661c0,CVE-2023-38388
956982314,arkede/cve-2023,CVE-2023-27587_3.yaml,e40934f50971f5c6da52bb3fb1c4799800472d7d,GHSA-23G5-R34J-MR8G
956982314,arkede/cve-2023,CVE-2023-27587_3.yaml,e40934f50971f5c6da52bb3fb1c4799800472d7d,CVE-2023-27587
956982314,arkede/cve-2023,CVE-2023-40673.yaml,e40b76fb93e63a01267f9e41e68c541ed25ffd03,CVE-2023-40673
956982314,arkede/cve-2023,CVE-2023-6812.yaml,e40d02ddc961d04e328035ce9363992648d6326a,CVE-2023-6812
956982314,arkede/cve-2023,CVE-2023-50147.yaml,e40d42ccd9561163908fcf446c49edd579aa29cc,CVE-2023-50147
956982314,arkede/cve-2023,CVE-2023-25979.yaml,e41e28d552497be3082022151f0e528056865984,CVE-2023-25979
956982314,arkede/cve-2023,CVE-2023-2761.yaml,e420993801707c6473d6396aeb67a84a8bd99524,CVE-2023-2761
956982314,arkede/cve-2023,CVE-2023-30747.yaml,e44ae77908d961eae94e0c93c3307204052a9b47,CVE-2023-30747
956982314,arkede/cve-2023,CVE-2023-25476.yaml,e44ce67eb86c1e7400b1c4c452d6fcf3ad3e0c20,CVE-2023-25476
956982314,arkede/cve-2023,CVE-2023-47652.yaml,e46bee52bdbcf728b0b0e81e9552a3f07af94c9c,CVE-2023-47652
956982314,arkede/cve-2023,CVE-2023-49744.yaml,e470a6d6686e24dad7b04bfe71bc7200eacaf317,CVE-2023-49744
956982314,arkede/cve-2023,CVE-2023-40211.yaml,e47856f7c7479ae795ab17dd3582e13604c5a96e,CVE-2023-40211
956982314,arkede/cve-2023,CVE-2023-25458.yaml,e47c8ba64a9d4f0c25f51f18092794bc12320f87,CVE-2023-25458
956982314,arkede/cve-2023,CVE-2023-46212.yaml,e48ac6e767e5bff246dd680a71553e8061033d29,CVE-2023-46212
956982314,arkede/cve-2023,CVE-2023-3936_1.yaml,e494f6968295422fdc3aa336f602e94571b54976,CVE-2023-3936
956982314,arkede/cve-2023,CVE-2023-25698.yaml,e4ab14381cc81fdf43ad72e5e599d5189a35c871,CVE-2023-25698
956982314,arkede/cve-2023,CVE-2023-47649.yaml,e4aba28ce7fe0be24bdca11cc9e2c2a75cd99874,CVE-2023-47649
956982314,arkede/cve-2023,CVE-2023-51534.yaml,e4c67847bb441fedfd5f12ec63f38e86a12a72ad,CVE-2023-51534
956982314,arkede/cve-2023,CVE-2023-48283.yaml,e4cf4cf500af01c0a3b6ec36f24c03cc2ff12f34,CVE-2023-48283
956982314,arkede/cve-2023,CVE-2023-5385.yaml,e4d1701cb7a76bdc7fd7953cc49f2b4a9879cd19,CVE-2023-5385
956982314,arkede/cve-2023,CVE-2023-3486.yaml,e4dc74d13045d1d5cc3ce851c0e3eaebe4e0b14a,CVE-2023-3486
956982314,arkede/cve-2023,CVE-2023-26360_1.yaml,e4f0f2e2dbb2914724c0aebe292de194f236928a,CVE-2023-26360
956982314,arkede/cve-2023,CVE-2023-41695.yaml,e4f1535965ad06fcd387c05cdde2c504b069b231,CVE-2023-41695
956982314,arkede/cve-2023,CVE-2023-26843.yaml,e4f2d800036cebdc4083da22e6d85c509b0c8d07,CVE-2023-26843
956982314,arkede/cve-2023,CVE-2023-0084.yaml,e4fd283d348943eb86d2c38a5b4b129ee93e771a,CVE-2023-0084
956982314,arkede/cve-2023,CVE-2023-6500.yaml,e50776e65cc1f613c82221b8e25e841d47d7b56a,CVE-2023-6500
956982314,arkede/cve-2023,CVE-2023-32242.yaml,e51ba60161c6a3d5a1b85ee325013a34729b9a7b,CVE-2023-32242
956982314,arkede/cve-2023,CVE-2023-47682.yaml,e51c0a68cd6dc8e8951b39aee63a7ad3cc174cff,CVE-2023-47682
956982314,arkede/cve-2023,CVE-2023-3946.yaml,e5270a3ac6d95fec4a5e66e3c653427b8d86326c,CVE-2023-3946
956982314,arkede/cve-2023,CVE-2023-28747.yaml,e52a9c44f0f0dc7c08ad9788f88b3725a1662630,CVE-2023-28747
956982314,arkede/cve-2023,CVE-2023-34754.yaml,e53020d6459e2ee6140552c2f8694081443b1823,CVE-2023-34754
956982314,arkede/cve-2023,CVE-2023-23685.yaml,e536c80ef113a263bac1035cfe4fc91949f58369,CVE-2023-23685
956982314,arkede/cve-2023,CVE-2023-23812.yaml,e544ffe124fdf333c25731c5f0d1c96ff40bf611,CVE-2023-23812
956982314,arkede/cve-2023,CVE-2023-31090.yaml,e54805273924257021389bd5523115ccd27dd27a,CVE-2023-31090
956982314,arkede/cve-2023,CVE-2023-33317.yaml,e553fc3d657d8a5d4a8582fed528e0a2ada33433,CVE-2023-33317
956982314,arkede/cve-2023,CVE-2023-50856.yaml,e557847c876f1c09135876d384f9ccf697f69a7e,CVE-2023-50856
956982314,arkede/cve-2023,CVE-2023-50719.yaml,e573b0b557dca2c2b36c63d85092a4c8cc6f0f4f,CVE-2023-50719
956982314,arkede/cve-2023,CVE-2023-39796_1.yaml,e57b53d07ac5e9eb17e08fec9cc1146edada8740,CVE-2023-39796
956982314,arkede/cve-2023,CVE-2023-32238.yaml,e587c48600d564d3392dc2202ab29918d8c4b2d9,CVE-2023-32238
956982314,arkede/cve-2023,CVE-2023-4950.yaml,e58d0e2423fb8019014096a532238ff7cacc3f29,CVE-2023-4950
956982314,arkede/cve-2023,CVE-2023-5567.yaml,e5a043a1bce1c445e2b8e5287974231a2deb6ad0,CVE-2023-5567
956982314,arkede/cve-2023,CVE-2023-47770.yaml,e5a23caed682f8caf609fac244667c71f1e51091,CVE-2023-47770
956982314,arkede/cve-2023,CVE-2023-46206.yaml,e5bcd519ac7a40c41d60611b3ace4907e3207fcd,CVE-2023-46206
956982314,arkede/cve-2023,CVE-2023-25061.yaml,e5c356c274562b829c361fc25505b64376ed6689,CVE-2023-25061
956982314,arkede/cve-2023,CVE-2023-36676.yaml,e5c9d27912311a2d736fce2ef3cd79d6d9ef83ff,CVE-2023-36676
956982314,arkede/cve-2023,CVE-2023-6884.yaml,e5d94d61ed5aaa22f31aceddb66c14613191682f,CVE-2023-6884
956982314,arkede/cve-2023,CVE-2023-34022.yaml,e5e3aa249ad29e224fba0b8845cbdc8271b75442,CVE-2023-34022
956982314,arkede/cve-2023,CVE-2023-49745.yaml,e5e613b4198c673cd1397dda764cc8b600dbb03b,CVE-2023-49745
956982314,arkede/cve-2023,CVE-2023-4603.yaml,e5eb446bae079072c5fdfa42cbbcfb7cbc557282,CVE-2023-4603
956982314,arkede/cve-2023,CVE-2023-47533.yaml,e5f8cc64e16e5ecb13a808ac52343565d726f26f,CVE-2023-47533
956982314,arkede/cve-2023,CVE-2023-4841.yaml,e6011bb7c1b1c677093eef5d30694ddeb2b836ac,CVE-2023-4841
956982314,arkede/cve-2023,CVE-2023-47769.yaml,e6124e6f75c39981ff49520ff760042bb4975e72,CVE-2023-47769
956982314,arkede/cve-2023,CVE-2023-4251.yaml,e61685c5af9181821e6ce612112343c99f42a8ff,CVE-2023-4251
956982314,arkede/cve-2023,CVE-2023-1106.yaml,e62090d7e682f35cbe9962d772739665a959e06a,CVE-2023-1106
956982314,arkede/cve-2023,CVE-2023-2334-1b32b0da1919ff27e721f0673c0a3d6a.yaml,e6248333005a83cf619d7912d81a930fbfa06ab6,CVE-2023-2334
956982314,arkede/cve-2023,CVE-2023-4942.yaml,e627c09f85460b192a0e22bbf1357e647e1302d8,CVE-2023-4942
956982314,arkede/cve-2023,CVE-2023-51520.yaml,e63a1740b5fb0dbd8e19b4b9740a9f722a160c08,CVE-2023-51520
956982314,arkede/cve-2023,CVE-2023-2330.yaml,e63d9d5f24ea7a1c6447335f4da79d155c243510,CVE-2023-2330
956982314,arkede/cve-2023,CVE-2023-6525.yaml,e64ce90aa8f8455deb407b418327e391f38b9da2,CVE-2023-6525
956982314,arkede/cve-2023,CVE-2023-52150.yaml,e653f53f80739739780573d121901850947d19c9,CVE-2023-52150
956982314,arkede/cve-2023,CVE-2023-5762.yaml,e658a6946cf5f54dc57908fa54bdfc8f394a63ad,CVE-2023-5762
956982314,arkede/cve-2023,CVE-2023-25059.yaml,e668c0c78035818a6bf849e2e2a0361d9695a40c,CVE-2023-25059
956982314,arkede/cve-2023,CVE-2023-38998.yaml,e6709ac7224c734b3bf905d3ed4a37389c237148,CVE-2023-38998
956982314,arkede/cve-2023,CVE-2023-4820.yaml,e6764636f2760b05f276e86eea194ae49cca492e,CVE-2023-4820
956982314,arkede/cve-2023,CVE-2023-5951.yaml,e67e016469fb338fc5c4fba8c69d24245fa4c462,CVE-2023-5951
956982314,arkede/cve-2023,CVE-2023-34192.yaml,e68bf4a7c884bf7528485d7217fcd51fa2c4ec8e,CVE-2023-34192
956982314,arkede/cve-2023,CVE-2023-0994.yaml,e6909c21a0725d4108e8b7753bb10b4e096c3d58,CVE-2023-0994
956982314,arkede/cve-2023,CVE-2023-27612.yaml,e6932fc07047c3992f7048a0e5336fa2f07ec491,CVE-2023-27612
956982314,arkede/cve-2023,CVE-2023-25452.yaml,e6a6734f1c7d0e7baf656ee1a2d78b1ac9d7b378,CVE-2023-25452
956982314,arkede/cve-2023,CVE-2023-32244.yaml,e6aeb276502a41883be05d296785f1fd3ed33d2c,CVE-2023-32244
956982314,arkede/cve-2023,CVE-2023-2833.yaml,e6bdaaed247287debaf528f30d4882fe062c09d9,CVE-2023-2833
956982314,arkede/cve-2023,CVE-2023-27433.yaml,e6d2039d8c132708dba1823ac031810f0108d5a4,CVE-2023-27433
956982314,arkede/cve-2023,CVE-2023-41239.yaml,e6d802d8de8744f841c0e65f1078be635dd89c3e,CVE-2023-41239
956982314,arkede/cve-2023,CVE-2023-46784.yaml,e704e1bd72b91684758344368e8054bc8468e738,CVE-2023-46784
956982314,arkede/cve-2023,CVE-2023-34023.yaml,e713a8c12398bec2d8ce59c1704b2acd9322316e,CVE-2023-34023
956982314,arkede/cve-2023,CVE-2023-1318_1.yaml,e71827e51da108f102f00a8d10b1b9d2a862fab1,CVE-2023-1318
956982314,arkede/cve-2023,CVE-2023-32783.yaml,e7358eb1a9f89f50e55a4497b304e3e57caffb61,CVE-2023-32783
956982314,arkede/cve-2023,CVE-2023-23651.yaml,e73df07d36563b7427ebf063514e78a5cc9308ae,CVE-2023-23651
956982314,arkede/cve-2023,CVE-2023-39305.yaml,e73f62639c18ab086c6377a69c352b3455340393,CVE-2023-39305
956982314,arkede/cve-2023,CVE-2023-1274.yaml,e73fc3c313d7db2ff88cd488931f0e766851d2ef,CVE-2023-1274
956982314,arkede/cve-2023,CVE-2023-7289.yaml,e74c292c9a4a7c73ff59420bc2b8158e9c4a86cb,CVE-2023-7289
956982314,arkede/cve-2023,CVE-2023-25488.yaml,e74f381eab263e73d51cde3e8c1e7c2ffd459cdd,CVE-2023-25488
956982314,arkede/cve-2023,CVE-2023-47655.yaml,e75f321b7fe05ea6f261c7419230d9d62cb423f5,CVE-2023-47655
956982314,arkede/cve-2023,CVE-2023-29429.yaml,e76c9b02f0676972b0ebaa7f444b620716697691,CVE-2023-29429
956982314,arkede/cve-2023,CVE-2023-41265.yaml,e76f17ceead0516b7871dd671845c61f4b08532a,CVE-2023-41265
956982314,arkede/cve-2023,CVE-2023-43374_1.yaml,e776da19a0b00d4c913d7c1b0beab3657841b351,CVE-2023-43374
956982314,arkede/cve-2023,CVE-2023-28535.yaml,e77a6a365e61ea0de776625485496495f5952570,CVE-2023-28535
956982314,arkede/cve-2023,CVE-2023-27067.yaml,e793769b7bd42c3774cf9d32ba1ec2888c1a0001,CVE-2023-27067
956982314,arkede/cve-2023,CVE-2023-23867.yaml,e795a65ac4fdda44cbb799a12c65081dd384a272,CVE-2023-23867
956982314,arkede/cve-2023,CVE-2023-2249.yaml,e7a4450fa9048173ca7ba781bcab64ce6f3aca6d,CVE-2023-2249
956982314,arkede/cve-2023,CVE-2023-47832.yaml,e7a46cb0a333f52c8bda07989191bb8782053b76,CVE-2023-47832
956982314,arkede/cve-2023,CVE-2023-25967.yaml,e7ac79155a21f39fb07ae27ab5b32f612d8308d7,CVE-2023-25967
956982314,arkede/cve-2023,CVE-2023-49749.yaml,e7acc301bbf287cdb6393203e57f47a6ca15308f,CVE-2023-49749
956982314,arkede/cve-2023,CVE-2023-34659_1.yaml,e7b3e7acb37a0c15a067669723f91e8049f6c154,CVE-2023-34659
956982314,arkede/cve-2023,CVE-2023-48743.yaml,e7c51e3a323e84e3658278b567b55f7089c1db26,CVE-2023-48743
956982314,arkede/cve-2023,CVE-2023-0894.yaml,e7cdd785c91177e47757d47be6a2da1f48f8fbd2,CVE-2023-0894
956982314,arkede/cve-2023,CVE-2023-4376.yaml,e7d58547592e7306b9ec0f46f4e20f07ab45867b,CVE-2023-4376
956982314,arkede/cve-2023,CVE-2023-2271.yaml,e7d5ee73f97555fb63c9371cb693a59e6fdf2ea6,CVE-2023-2271
956982314,arkede/cve-2023,CVE-2023-49184.yaml,e7d6eef7d9b1925900ee1f512e5918b90ecfe220,CVE-2023-49184
956982314,arkede/cve-2023,CVE-2023-5945.yaml,e7efd2a244d86f4d80b23bca3e5fa505107c355d,CVE-2023-5945
956982314,arkede/cve-2023,CVE-2023-22713.yaml,e7f0a27a151757a04fe1960af2e65870c21fc7a5,CVE-2023-22713
956982314,arkede/cve-2023,CVE-2023-27623.yaml,e8185fa1f33e74ec28670a99e6fcaf07e59342ca,CVE-2023-27623
956982314,arkede/cve-2023,CVE-2023-1177_3.yaml,e81e986ffdd65d0e43d49b864805f91237bd25d3,CVE-2023-1177
956982314,arkede/cve-2023,CVE-2023-23794.yaml,e83aa602990a6ddcf89a396f922e78ee6429e438,CVE-2023-23794
956982314,arkede/cve-2023,CVE-2023-7229.yaml,e83c2629e51c262eaec8af98b7a993831ac934e7,CVE-2023-7229
956982314,arkede/cve-2023,CVE-2023-6018.yaml,e840e467eab7d472ae719996be481de06fafb2cf,CVE-2023-6018
956982314,arkede/cve-2023,CVE-2023-39551.yaml,e8430a1ae28b3e29358603b49d2227c631d61e5b,CVE-2023-39551
956982314,arkede/cve-2023,CVE-2023-23708.yaml,e8456f58c8b28d28999266f95dfd9f79d9b122b2,CVE-2023-23708
956982314,arkede/cve-2023,CVE-2023-43325.yaml,e863be64f10b5085db15c0722e0995e79f1cd34d,CVE-2023-43325
956982314,arkede/cve-2023,CVE-2023-33985.yaml,e8687288cada98ccba203795288911d20a196d7c,CVE-2023-33985
956982314,arkede/cve-2023,CVE-2023-0329.yaml,e871a8dfaecb031a5983b86a6c1412d3f61080ac,CVE-2023-0329
956982314,arkede/cve-2023,CVE-2023-41666.yaml,e889518a7066780709a1b856900141ae32bf5cfe,CVE-2023-41666
956982314,arkede/cve-2023,CVE-2023-33926.yaml,e891d224abf7f3a156a62f65f570ad0a1bab4492,CVE-2023-33926
956982314,arkede/cve-2023,CVE-2023-33926.yaml,e891d224abf7f3a156a62f65f570ad0a1bab4492,CVE-2023-2526
956982314,arkede/cve-2023,CVE-2023-47850.yaml,e8a63b8fddf7d4cf1b624d68ee2f3e653654d372,CVE-2023-47850
956982314,arkede/cve-2023,CVE-2023-0021.yaml,e8b50087abfc91bbc3dd0955de71e46b7e401b3d,CVE-2023-0021
956982314,arkede/cve-2023,CVE-2023-6909.yaml,e8c84b54fb87c65ef2afbbe6e44f305c8eb67188,CVE-2023-6909
956982314,arkede/cve-2023,CVE-2023-32243_3.yaml,e8d44b4a6b5808727c28a9c3d20960603c2e626b,CVE-2023-32243
956982314,arkede/cve-2023,CVE-2023-23891.yaml,e8e0338aae97dd263eb7b9380473397d4bb3c434,CVE-2023-23891
956982314,arkede/cve-2023,CVE-2023-28693.yaml,e8f373e7e3639b6bec4ef34e35dccdb6397a874f,CVE-2023-28693
956982314,arkede/cve-2023,CVE-2023-23728.yaml,e8f4ec9b9a1667a6b3871ef01ed2dafddf085b7a,CVE-2023-23728
956982314,arkede/cve-2023,CVE-2023-33327.yaml,e8fbdf738bce6994736cec6407fe3196ea713cdf,CVE-2023-33327
956982314,arkede/cve-2023,CVE-2023-32235.yaml,e8fc761ac887c4a1791e2947127779c6db887fb9,CVE-2023-32235
956982314,arkede/cve-2023,CVE-2023-32235.yaml,e8fc761ac887c4a1791e2947127779c6db887fb9,GHSA-WF7X-FH6W-34R6
956982314,arkede/cve-2023,CVE-2023-3677.yaml,e9005d5a8c26d562621a077745a357556b33c04d,CVE-2023-3677
956982314,arkede/cve-2023,CVE-2023-40200.yaml,e9097c65bb079c55432b873d31d4a311a5cbad58,CVE-2023-40200
956982314,arkede/cve-2023,CVE-2023-34105.yaml,e915e02a1768e45ceb6fd7e9d0628efebc265192,CVE-2023-34105
956982314,arkede/cve-2023,CVE-2023-34105.yaml,e915e02a1768e45ceb6fd7e9d0628efebc265192,GHSA-VPR5-779C-CX62
956982314,arkede/cve-2023,CVE-2023-27445.yaml,e91629b6c2c94ac0063c02a9b487996c3814a5f0,CVE-2023-27445
956982314,arkede/cve-2023,CVE-2023-0262.yaml,e917861a70bca223108042b2f334f1b37a0183a9,CVE-2023-0262
956982314,arkede/cve-2023,CVE-2023-7286.yaml,e917e714d68ab7bd28c15ae6209283112ca41275,CVE-2023-7286
956982314,arkede/cve-2023,CVE-2023-29170.yaml,e9203f7a9cdab865765fbd624b4d13a67a36836a,CVE-2023-29170
956982314,arkede/cve-2023,CVE-2023-3026.yaml,e924467793bb965a9ffdc14445279eced70d7f8b,CVE-2023-3026
956982314,arkede/cve-2023,CVE-2023-0428.yaml,e92c862ed1af7b3fee76fd03ea9a50a5e4d03b00,CVE-2023-0428
956982314,arkede/cve-2023,CVE-2023-48288.yaml,e92e074a4c4fdc3ec0612552881265f226b51c01,CVE-2023-48288
956982314,arkede/cve-2023,CVE-2023-40068.yaml,e92e6ed0ee7d53081c29bb2a9c0773c9f22f9657,CVE-2023-40068
956982314,arkede/cve-2023,CVE-2023-4307.yaml,e932709cd524d2e0c003b312ba44dcbb48a1da77,CVE-2023-4307
956982314,arkede/cve-2023,CVE-2023-44984.yaml,e934513f28440a0650460955f69da8bd7d339039,CVE-2023-44984
956982314,arkede/cve-2023,CVE-2023-37966.yaml,e9464456c29b9f62f072bf88a9c692d262e06214,CVE-2023-37966
956982314,arkede/cve-2023,CVE-2023-50164.yaml,e9511cbfd5fd8aea6d64e20d57e7e7edcb397b3e,CVE-2023-50164
956982314,arkede/cve-2023,CVE-2023-46621.yaml,e951a91b3c828ce4888cc3e1cfb522443beeea36,CVE-2023-46621
956982314,arkede/cve-2023,CVE-2023-6067.yaml,e9568fd3b21d8a40f52f5f37d22b59a66a740b66,CVE-2023-6067
956982314,arkede/cve-2023,CVE-2023-5886.yaml,e9582a5ec2c3e3f81bef1823fd0e0bd441b70550,CVE-2023-5886
956982314,arkede/cve-2023,CVE-2023-48763.yaml,e962ff6b86bbf2732a472c1ecd9f02b6fc7d6fe6,CVE-2023-48763
956982314,arkede/cve-2023,CVE-2023-1336.yaml,e970f68905a24cc3735ccbe348b4a2a59809a4ea,CVE-2023-1336
956982314,arkede/cve-2023,CVE-2023-25023.yaml,e97f5b4b165c043bf7d06f70c497e1b4b27b532c,CVE-2023-25023
956982314,arkede/cve-2023,CVE-2023-22678.yaml,e9865189f64d2a56cc9c331ded6e9131873d9606,CVE-2023-22678
956982314,arkede/cve-2023,CVE-2023-4938.yaml,e98fd9c7f96615d84bb6b4825e3f1a90de415136,CVE-2023-4938
956982314,arkede/cve-2023,CVE-2023-0926.yaml,e990bdff3575e3bdef9fc969dc9cd79d4c8e8b64,CVE-2023-0926
956982314,arkede/cve-2023,CVE-2023-23807.yaml,e99631515e621f60c33d2f7ba8efd2256262eea3,CVE-2023-23807
956982314,arkede/cve-2023,CVE-2023-28790.yaml,e99c64420abef8c4f60bc98baf6b6adc066b4173,CVE-2023-28790
956982314,arkede/cve-2023,CVE-2023-46821.yaml,e9a8348de7ae885f175967b00e0940f67cf5eb49,CVE-2023-46821
956982314,arkede/cve-2023,CVE-2023-5426.yaml,e9abba80fc156a7598d5ba0b4bd73f198ad4f7bd,CVE-2023-5426
956982314,arkede/cve-2023,CVE-2023-4017.yaml,e9c231db9b30e73a2c509f129a23858e1b77ae34,CVE-2023-4017
956982314,arkede/cve-2023,CVE-2023-30754.yaml,e9fbce1c2cd65ecddc67ce83eaeb412581fefca0,CVE-2023-30754
956982314,arkede/cve-2023,CVE-2023-48748.yaml,e9fd03827135bff56950027325a098dfb189180a,CVE-2023-48748
956982314,arkede/cve-2023,CVE-2023-45830.yaml,ea03702e72124e7d36d12501361e1e22a5a49b9f,CVE-2023-45830
956982314,arkede/cve-2023,CVE-2023-50885.yaml,ea038d8e259113711b27626f28a8cf85bf9eb7a0,CVE-2023-50885
956982314,arkede/cve-2023,CVE-2023-37991.yaml,ea07068f1d991b14e440f18110f56ff0cb9f7c86,CVE-2023-37991
956982314,arkede/cve-2023,CVE-2023-32512.yaml,ea368100951ca9203dc069f3cfcdec26c0f1d21f,CVE-2023-32512
956982314,arkede/cve-2023,CVE-2023-41956.yaml,ea3a8c9825ceb591a01ad690f048f0df9b9f3fab,CVE-2023-41956
956982314,arkede/cve-2023,CVE-2023-27482_1.yaml,ea41159de1f086c65bf2457ced086d7f14253a0a,CVE-2023-27482
956982314,arkede/cve-2023,CVE-2023-27482_1.yaml,ea41159de1f086c65bf2457ced086d7f14253a0a,GHSA-2J8F-H4MR-QR25
956982314,arkede/cve-2023,CVE-2023-40214.yaml,ea4c8c7b61634584e2f92195752e3a4a91479a2a,CVE-2023-40214
956982314,arkede/cve-2023,CVE-2023-47845.yaml,ea61d12b049bbbba88e73dbcfbab0e4fa3a441e0,CVE-2023-47845
956982314,arkede/cve-2023,CVE-2023-25443.yaml,ea6448a7682a3e8fcf18578b1e40dea63bb4df12,CVE-2023-25443
956982314,arkede/cve-2023,CVE-2023-22687.yaml,ea69604bf6b8abd386688769b708184652cf4a8f,CVE-2023-22687
956982314,arkede/cve-2023,CVE-2023-48779.yaml,ea71b9afb92b62e0df518de046818b3d5e576bde,CVE-2023-48779
956982314,arkede/cve-2023,CVE-2023-5820.yaml,ea75d6e872266da093d49d4685960ab826dcff26,CVE-2023-5820
956982314,arkede/cve-2023,CVE-2023-45758.yaml,ea765c15f744e51fa431f094a92b8f2478c095f9,CVE-2023-45758
956982314,arkede/cve-2023,CVE-2023-43177.yaml,ea77350bd701f6e47c68e8276d5033cfa3b10073,CVE-2023-43177
956982314,arkede/cve-2023,CVE-2023-49070_1.yaml,ea832772cb56e40e0acc8527138089777b673f16,CVE-2023-49070
956982314,arkede/cve-2023,CVE-2023-51675.yaml,ea85c494557bb16d788aca11d85921c941deca56,CVE-2023-51675
956982314,arkede/cve-2023,CVE-2023-41731.yaml,eaa43e4488c9c933bc9f7857db5e3842c74c1d56,CVE-2023-41731
956982314,arkede/cve-2023,CVE-2023-22682.yaml,eaa8066622607b47d6a23e2488d6892c5775771d,CVE-2023-22682
956982314,arkede/cve-2023,CVE-2023-50850.yaml,eabbd29e7ce9b16f30232f4a73ae37599d540a28,CVE-2023-50850
956982314,arkede/cve-2023,CVE-2023-1671_3.yaml,eabc674db31a6ce9ed04210a22437fcf0897c763,CVE-2023-1671
956982314,arkede/cve-2023,CVE-2023-4506.yaml,eac318349a94acd44ba04ff6878a2159f750b31b,CVE-2023-4506
956982314,arkede/cve-2023,CVE-2023-1020.yaml,eadc6539c7bf32be4b66b0a54bac715b8701a737,CVE-2023-1020
956982314,arkede/cve-2023,CVE-2023-25021.yaml,eadd270bb4716c69851afd192f7cb681a2b48ffe,CVE-2023-25021
956982314,arkede/cve-2023,CVE-2023-24415.yaml,eae9ce0e41386d5171b562fa259775f7a2f1068c,CVE-2023-24415
956982314,arkede/cve-2023,CVE-2023-6196.yaml,eaf9b36e8768310040f6ab4c669109b68120e2cd,CVE-2023-6196
956982314,arkede/cve-2023,CVE-2023-7086.yaml,eafb46c51c307b5f3e6525070c0109d69a3d3400,CVE-2023-7086
956982314,arkede/cve-2023,CVE-2023-4209.yaml,eb096b527f1f524f4d1a9610d4b818bc984fc9a1,CVE-2023-4209
956982314,arkede/cve-2023,CVE-2023-6018_1.yaml,eb0a236252c640180f594627bfb873c35a398fd6,CVE-2023-6018
956982314,arkede/cve-2023,CVE-2023-36529.yaml,eb0cf6080ede8e7fea0621d6513c0ff721e94e92,CVE-2023-36529
956982314,arkede/cve-2023,CVE-2023-38521.yaml,eb0e79806962faacb2b142beaf1a6537bc25bf75,CVE-2023-38521
956982314,arkede/cve-2023,CVE-2023-27161.yaml,eb14813a1541eb352bbb6004ccde2b0479dc7719,CVE-2023-27161
956982314,arkede/cve-2023,CVE-2023-45765.yaml,eb1507a55c64f86203ab5a60493abebf9ac03ef1,CVE-2023-45765
956982314,arkede/cve-2023,CVE-2023-49769.yaml,eb1926461f06f325b9a3a769ff408e8902324993,CVE-2023-49769
956982314,arkede/cve-2023,CVE-2023-28426.yaml,eb23fc4e9c7a9a93857515769c81f211ab22bbca,CVE-2023-28426
956982314,arkede/cve-2023,CVE-2023-28426.yaml,eb23fc4e9c7a9a93857515769c81f211ab22bbca,GHSA-XRQQ-WQH4-5HG2
956982314,arkede/cve-2023,CVE-2023-32508.yaml,eb3b27cca1e74d7b5cae51a75a4f89cf8a8f39ae,CVE-2023-32508
956982314,arkede/cve-2023,CVE-2023-49812.yaml,eb3b75aa71bbd3cb1286836779fd26672d1ac258,CVE-2023-49812
956982314,arkede/cve-2023,CVE-2023-25045.yaml,eb3b76b562d2ae7092dd832912b7dff4fc847ac8,CVE-2023-25045
956982314,arkede/cve-2023,CVE-2023-32503.yaml,eb414335f67775bd69546cc399f75204708c7ed1,CVE-2023-32503
956982314,arkede/cve-2023,CVE-2023-29887.yaml,eb482e13b5f21f8ab46559f7d462b70b4fec35da,CVE-2023-29887
956982314,arkede/cve-2023,CVE-2023-27615.yaml,eb4ddeebb1fb3848612bd48bebfb72f64d8d0f79,CVE-2023-27615
956982314,arkede/cve-2023,CVE-2023-47764.yaml,eb57cc96491a80547ab21df35b9130ca3805da6f,CVE-2023-47764
956982314,arkede/cve-2023,CVE-2023-49160.yaml,eb62753182a9e40ff2ac6a5be1b4e0948083e25e,CVE-2023-49160
956982314,arkede/cve-2023,CVE-2023-6165.yaml,eb77a4a591bf7867fe5de34984440f982933d3f5,CVE-2023-6165
956982314,arkede/cve-2023,CVE-2023-7200.yaml,eb7c51bd992b2ee07886a25c96a0d500814835ef,CVE-2023-7200
956982314,arkede/cve-2023,CVE-2023-5509.yaml,eb9c9f56cbbb8161dbdb434b455d4fbc5571b4c4,CVE-2023-5509
956982314,arkede/cve-2023,CVE-2023-48767.yaml,ebbfb718ce5dab3c19a3dfcdecfa987ab713927d,CVE-2023-48767
956982314,arkede/cve-2023,CVE-2023-39306.yaml,ebc411c9401e6946527016d2f82d7fda6f91fb53,CVE-2023-39306
956982314,arkede/cve-2023,CVE-2023-2549.yaml,ebd7aee020c855a55bee65879078475c71051194,CVE-2023-2549
956982314,arkede/cve-2023,CVE-2023-2549.yaml,ebd7aee020c855a55bee65879078475c71051194,CVE-2023-2545
956982314,arkede/cve-2023,CVE-2023-43291.yaml,ebdc1c2239271bfd34ece6232b22bc143750737a,CVE-2023-43291
956982314,arkede/cve-2023,CVE-2023-22719.yaml,ebf055136e64b1a33a73973e4b12fab0f10df084,CVE-2023-22719
956982314,arkede/cve-2023,CVE-2023-41691.yaml,ec0054b2657349504d916b5bb87667a3d0c61224,CVE-2023-41691
956982314,arkede/cve-2023,CVE-2023-30625_1.yaml,ec19f39b7ad65129a17cc3ae262db25812276f54,CVE-2023-30625
956982314,arkede/cve-2023,CVE-2023-1472.yaml,ec2344842133c8848da813d2aeceb3a56da78d09,CVE-2023-1472
956982314,arkede/cve-2023,CVE-2023-49766.yaml,ec32371c7ffa6692a355479177125916311e5876,CVE-2023-49766
956982314,arkede/cve-2023,CVE-2023-40007.yaml,ec3818725906bb1be3d365ceb1eb47cce526cf3e,CVE-2023-40007
956982314,arkede/cve-2023,CVE-2023-7287.yaml,ec4067b317c621a9e74bd9f4a5ac0b381b7b7538,CVE-2023-7287
956982314,arkede/cve-2023,CVE-2023-5809.yaml,ec46690f130693d89f3559b0861516d0e236a56d,CVE-2023-5809
956982314,arkede/cve-2023,CVE-2023-37975.yaml,ec5402694b2dda878bf6cf2fb04dbc326063ec6a,CVE-2023-37975
956982314,arkede/cve-2023,CVE-2023-6005.yaml,ec55817d330b18fbd29cb40923d6e1d9365588f5,CVE-2023-6005
956982314,arkede/cve-2023,CVE-2023-34383.yaml,ec7c4a144292470f9009038c34128555ca834a46,CVE-2023-34383
956982314,arkede/cve-2023,CVE-2023-28498.yaml,ec816d596840074d52f6ed8a87220cc17dcddca7,CVE-2023-28498
956982314,arkede/cve-2023,CVE-2023-23796.yaml,ec989ea7b28eb8f3ad29cee9e72403243d8e8405,CVE-2023-23796
956982314,arkede/cve-2023,CVE-2023-6635.yaml,ec98f585f7699ce7aab61cf6f2f616facce04e5c,CVE-2023-6635
956982314,arkede/cve-2023,CVE-2023-41728.yaml,eca1c5ecec88e332f941bc05a7f5e4334589f9a4,CVE-2023-41728
956982314,arkede/cve-2023,CVE-2023-25796.yaml,eca8e786fa0803a5140acedb90a0c1b9418a9043,CVE-2023-25796
956982314,arkede/cve-2023,CVE-2023-23866.yaml,ecb979a7f584f4b26f516e77d9faba9f4731b3cd,CVE-2023-23866
956982314,arkede/cve-2023,CVE-2023-5352.yaml,ecc114620c4facc110000202822d81a9a4518d48,CVE-2023-5352
956982314,arkede/cve-2023,CVE-2023-0720.yaml,ecc655ae0c20d24347363c907744721d0e8ed61c,CVE-2023-0720
956982314,arkede/cve-2023,CVE-2023-33209.yaml,ecdfb798cc50208271baefbb8b6f6c32b2d59350,CVE-2023-33209
956982314,arkede/cve-2023,CVE-2023-30210.yaml,ece2219bc031e2435b841366e273ab83865fe341,CVE-2023-30210
956982314,arkede/cve-2023,CVE-2023-3387.yaml,ecf661f8ce53c66457bcd84656b9d37f01a9cbe7,CVE-2023-3387
956982314,arkede/cve-2023,CVE-2023-47670.yaml,ecf7600f6298148b08e4c3d8470832ec0fa208d0,CVE-2023-47670
956982314,arkede/cve-2023,CVE-2023-47754.yaml,ed2d7634102fc7148f8465163023adc2f2d0b87f,CVE-2023-47754
956982314,arkede/cve-2023,CVE-2023-3128.yaml,ed463f2067f74506842ebbab190f5097b1577504,CVE-2023-3128
956982314,arkede/cve-2023,CVE-2023-20887_3.yaml,ed50cf91b29dcdf6a78a4e524805ac4758ea41da,CVE-2023-20887
956982314,arkede/cve-2023,CVE-2023-41672.yaml,ed597730667301d70d34d8a6e06888c65123ece1,CVE-2023-41672
956982314,arkede/cve-2023,CVE-2023-27641.yaml,ed5d9e5f55c2f88814eafe8db88abe0956eb6a42,CVE-2023-27641
956982314,arkede/cve-2023,CVE-2023-46067.yaml,ed726af26ebd35fbde7bcdd5cd51d6182b7b067d,CVE-2023-46067
956982314,arkede/cve-2023,CVE-2023-6485.yaml,ed7b5fecfb26379e6c2dc21dbef7a5e8dfdcbae0,CVE-2023-6485
956982314,arkede/cve-2023,CVE-2023-25157_2.yaml,ed7d5410f46318afd8cd3b79968453807c0a0838,GHSA-7G5F-WRX8-5CCF
956982314,arkede/cve-2023,CVE-2023-25157_2.yaml,ed7d5410f46318afd8cd3b79968453807c0a0838,CVE-2023-25157
956982314,arkede/cve-2023,CVE-2023-23862.yaml,ed7dba4ec761d2511e43fa4c3113bd7e8b05c479,CVE-2023-23862
956982314,arkede/cve-2023,CVE-2023-0604.yaml,ed84185f41c47ee4cee4f4a518ffe87e3703da8b,CVE-2023-0604
956982314,arkede/cve-2023,CVE-2023-38433.yaml,eda0169fe26864f9915ac5514bb20637af929e97,CVE-2023-38433
956982314,arkede/cve-2023,CVE-2023-44352.yaml,edce8800a47d9a3437fe08159586b9e648307f08,CVE-2023-44352
956982314,arkede/cve-2023,CVE-2023-1430.yaml,edd33e96c4aa091c0d4d527ccc8bb4326deed02c,CVE-2023-1430
956982314,arkede/cve-2023,CVE-2023-45273.yaml,edef0d1d7798e5700b0d80dc908b15dd67ebec2a,CVE-2023-45273
956982314,arkede/cve-2023,CVE-2023-21996.yaml,edf353ba76f929220abdf38c23d12e1d8163d5a4,CVE-2023-21996
956982314,arkede/cve-2023,CVE-2023-51369.yaml,edf3a6fe5e8b2d1fa0cafea52340dda41ac93680,CVE-2023-51369
956982314,arkede/cve-2023,CVE-2023-1025.yaml,ee037f46a4c0c21bb1923e1a664594aece794d5d,CVE-2023-1025
956982314,arkede/cve-2023,CVE-2023-0669_1.yaml,ee0e8d205aa9a8b41f3bbdb15c3080b58b78c1c5,CVE-2023-0669
956982314,arkede/cve-2023,CVE-2023-5387.yaml,ee0f5acf938dc1f5aa8d77853d1837ad6339907c,CVE-2023-5387
956982314,arkede/cve-2023,CVE-2023-0538.yaml,ee18e165f030c3848abb221a24a75b4ed5b279e1,CVE-2023-0538
956982314,arkede/cve-2023,CVE-2023-30130.yaml,ee1ac8090d95645828057a62b0ea2e5cae08cb86,CVE-2023-30130
956982314,arkede/cve-2023,CVE-2023-24005.yaml,ee2e47c66cf28b9fde0ba27c75f36305647db547,CVE-2023-24005
956982314,arkede/cve-2023,CVE-2023-1880.yaml,ee391e0d49b14502a6fdfae8c6dc2f7cefea4221,CVE-2023-1880
956982314,arkede/cve-2023,CVE-2023-50917.yaml,ee3ee070739fd42dafe2fed738ebdfacba14df51,CVE-2023-50917
956982314,arkede/cve-2023,CVE-2023-28121_2.yaml,ee44f24aa6faf52c6311abc930146da90393a94c,CVE-2023-28121
956982314,arkede/cve-2023,CVE-2023-5464.yaml,ee6b0045a96c6c5a0675189ff4098abc600839ee,CVE-2023-5464
956982314,arkede/cve-2023,CVE-2023-1730.yaml,ee80c9f427ca309c940af3a5cf5cffc3258be276,CVE-2023-1730
956982314,arkede/cve-2023,CVE-2023-5706.yaml,ee89e1658959a1d05a4c18e12e2825566252510c,CVE-2023-5706
956982314,arkede/cve-2023,CVE-2023-32127.yaml,ee919059d64536daa6a39f928409d7d0ec32fb4d,CVE-2023-32127
956982314,arkede/cve-2023,CVE-2023-23747.yaml,ee9b965a9a43ff3eaefe7126a37da166cf9a272c,CVE-2023-23747
956982314,arkede/cve-2023,CVE-2023-6268.yaml,eebfa16adb0e4f8cb6b4e602cd6d25b358658ca6,CVE-2023-6268
956982314,arkede/cve-2023,CVE-2023-25034.yaml,eec4c205f22b057292171559dbd1bfbd1a9025ae,CVE-2023-25034
956982314,arkede/cve-2023,CVE-2023-47653.yaml,eed3eab3e14fd3c5eb8caad45a0f6acee0dae399,CVE-2023-47653
956982314,arkede/cve-2023,CVE-2023-1931.yaml,eee22cd74b8a061005f1a66ea6b3c6c90ee8ad5b,CVE-2023-1931
956982314,arkede/cve-2023,CVE-2023-41735.yaml,eee5c763d7ff0fafe978afcc75948968e23daf89,CVE-2023-41735
956982314,arkede/cve-2023,CVE-2023-2812.yaml,eee5ea310a4cdc4038d1671d5428887fa7f69b63,CVE-2023-2812
956982314,arkede/cve-2023,CVE-2023-4239.yaml,eee9bc030e115ccff32bd830ada530f7fb2b46a5,CVE-2023-4239
956982314,arkede/cve-2023,CVE-2023-0059.yaml,eeeca2d3400aeaae815903bfe7566496dc01e96e,CVE-2023-0059
956982314,arkede/cve-2023,CVE-2023-0527_3.yaml,eef3f7eda2205d193e376033b62a4ef82239d63d,CVE-2023-0527
956982314,arkede/cve-2023,CVE-2023-51418.yaml,eef6aa09dcec63666d4488e4590bb37208111d19,CVE-2023-51418
956982314,arkede/cve-2023,CVE-2023-1912.yaml,eef9296e183be93a71d38cdd6066fb5df8bdc6b9,CVE-2023-1912
956982314,arkede/cve-2023,CVE-2023-24403.yaml,ef1e1709d5b35eae50d83c26aaa13fefcb94b77a,CVE-2023-24403
956982314,arkede/cve-2023,CVE-2023-48241.yaml,ef37b345681568fba006661e483b5a933d55aa1e,CVE-2023-48241
956982314,arkede/cve-2023,CVE-2023-46042.yaml,ef39485a55b775d322b69bca604a20ba39ce863e,CVE-2023-46042
956982314,arkede/cve-2023,CVE-2023-20864.yaml,ef45883b852dbf766bd3e6a759d74c1ec0622df3,CVE-2023-20864
956982314,arkede/cve-2023,CVE-2023-6827.yaml,ef580c0c1ad5d7df8357381355710ad6efed7934,CVE-2023-6827
956982314,arkede/cve-2023,CVE-2023-49197.yaml,ef5dee6109a627a5931c69c07a05e3396d0a3e25,CVE-2023-49197
956982314,arkede/cve-2023,CVE-2023-49855.yaml,ef5f71d75d8e4ce32b51d87f4b27e86cc3ac8fff,CVE-2023-49855
956982314,arkede/cve-2023,CVE-2023-7089.yaml,ef6ae13655271d4e6d93165b3855f8bc7cf1a02e,CVE-2023-7089
956982314,arkede/cve-2023,CVE-2023-45638.yaml,ef7ab32da29bb6218a38b7236ca692cf02bae86f,CVE-2023-45638
956982314,arkede/cve-2023,CVE-2023-0643.yaml,efa5b689dbf4e05ab09e936eb1577a0738bea98c,CVE-2023-0643
956982314,arkede/cve-2023,CVE-2023-3342.yaml,efb2e325728f5ede4484b80f05eb532ff20d1dd7,CVE-2023-3342
956982314,arkede/cve-2023,CVE-2023-1614.yaml,efc70969a5e3fc89bd76a26c5311430f6e0c7ed7,CVE-2023-1614
956982314,arkede/cve-2023,CVE-2023-51509.yaml,efcfa201476e2f0e986945c42ce621fa91e9b649,CVE-2023-51509
956982314,arkede/cve-2023,CVE-2023-3578.yaml,efd411b2e056e8c80e17b3089646c77794d3ee9a,CVE-2023-3578
956982314,arkede/cve-2023,CVE-2023-51414.yaml,efd71ce5b185dc5776ff30056b018fc63d2ebcad,CVE-2023-51414
956982314,arkede/cve-2023,CVE-2023-5980.yaml,efd866b9490c782e8e804b31b9518f91925080da,CVE-2023-5980
956982314,arkede/cve-2023,CVE-2023-27440.yaml,f0003770cf5e4559727ebf214b2867f37ada699e,CVE-2023-27440
956982314,arkede/cve-2023,CVE-2023-2706.yaml,f001e1ff709b76c58a00ae6908388af6780284d4,CVE-2023-2706
956982314,arkede/cve-2023,CVE-2023-51713.yaml,f00811de50b5ae3f67e98b477091a91d340c9f07,CVE-2023-51713
956982314,arkede/cve-2023,CVE-2023-1112.yaml,f00f6b3d4d2a028b049dd02f7834e3fa3be15685,CVE-2023-1112
956982314,arkede/cve-2023,CVE-2023-1698_1.yaml,f01371de138dc83dc5a811fc17640d7556667b4e,CVE-2023-1698
956982314,arkede/cve-2023,CVE-2023-34752.yaml,f0205ad275dec0679170facafcfe0a40987f57c8,CVE-2023-34752
956982314,arkede/cve-2023,CVE-2023-29357_1.yaml,f024b56091f0df09f899d7dce5127f26be7f53e0,CVE-2023-29357
956982314,arkede/cve-2023,CVE-2023-0429.yaml,f02621d9376bb5f5c01e0341dac1d0469dbd4112,CVE-2023-0429
956982314,arkede/cve-2023,CVE-2023-5431.yaml,f061a09408576785d937b4cd832c8a1d43737692,CVE-2023-5431
956982314,arkede/cve-2023,CVE-2023-5606.yaml,f099f9c36d60cd4a612abb0d8fd702af9c7baa13,CVE-2023-5606
956982314,arkede/cve-2023,CVE-2023-5606.yaml,f099f9c36d60cd4a612abb0d8fd702af9c7baa13,CVE-2023-4253
956982314,arkede/cve-2023,CVE-2023-5308.yaml,f0b5066ac3062285316a07bc826887c7d1d70b32,CVE-2023-5308
956982314,arkede/cve-2023,CVE-2023-5071.yaml,f0ba31743e9ab463795819a139d90d45a5e0f52e,CVE-2023-5071
956982314,arkede/cve-2023,CVE-2023-7083.yaml,f0da502b65e74b7b2e59145e898dc38bf0ffad15,CVE-2023-7083
956982314,arkede/cve-2023,CVE-2023-3813.yaml,f0e381dee852dfa1edf7f824a31babab0cf6fbdb,CVE-2023-3813
956982314,arkede/cve-2023,CVE-2023-3169.yaml,f0fd32a174b378b1816f2a04f4e448defe0fadc2,CVE-2023-3169
956982314,arkede/cve-2023,CVE-2023-51402.yaml,f103bc42e3d7937defa9fed1e1accf37ff52f037,CVE-2023-51402
956982314,arkede/cve-2023,CVE-2023-23800.yaml,f10dc157864a72653949254cdbf13bf44fdaa8ef,CVE-2023-23800
956982314,arkede/cve-2023,CVE-2023-25984.yaml,f12a79fb685222615cd7a550660527a0b8f1f15d,CVE-2023-25984
956982314,arkede/cve-2023,CVE-2023-6882.yaml,f141768509ad08124fad19d4025aca17f844a79f,CVE-2023-6882
956982314,arkede/cve-2023,CVE-2023-38385.yaml,f14e18e2069d1757dfa3edc36eea9914b57cd10e,CVE-2023-38385
956982314,arkede/cve-2023,CVE-2023-23806.yaml,f15d4cd99b14ede22df19bde494fb380158dfcb1,CVE-2023-23806
956982314,arkede/cve-2023,CVE-2023-47827.yaml,f1634d004060f413712e24f701bd8f6bf3a342cf,CVE-2023-47827
956982314,arkede/cve-2023,CVE-2023-52214.yaml,f164ba3dfd88f882643acdce536117f45e6c44da,CVE-2023-52214
956982314,arkede/cve-2023,CVE-2023-51449.yaml,f17017eea15c6a52827c4f6f17aec59624bfd30a,GHSA-6QM2-WPXQ-7QH2
956982314,arkede/cve-2023,CVE-2023-51449.yaml,f17017eea15c6a52827c4f6f17aec59624bfd30a,CVE-2023-51449
956982314,arkede/cve-2023,CVE-2023-34029.yaml,f176672600b3c11dae8387fc960718a84e2472d3,CVE-2023-34029
956982314,arkede/cve-2023,CVE-2023-0062.yaml,f17ca45f7e1c34e049567bc2b658a3b53463504d,CVE-2023-0062
956982314,arkede/cve-2023,CVE-2023-47179.yaml,f1a2eaa5310122300db48672458779c504eab1ce,CVE-2023-47179
956982314,arkede/cve-2023,CVE-2023-2122.yaml,f1b2b59a9f986bb5010d01f99d07133a5021dc0f,CVE-2023-2122
956982314,arkede/cve-2023,CVE-2023-5651.yaml,f1e7a71b191fe2d7f82a6e61336510aeba71a164,CVE-2023-5651
956982314,arkede/cve-2023,CVE-2023-43193.yaml,f1f04c898834f2c54971011edec88d3feef5fcef,CVE-2023-43193
956982314,arkede/cve-2023,CVE-2023-40355.yaml,f1f90403c3d8d02d877bae31683607d30437d6f1,CVE-2023-40355
956982314,arkede/cve-2023,CVE-2023-3158.yaml,f1f972b089c2cf1952f2d71b942c3ec6e24008d0,CVE-2023-3158
956982314,arkede/cve-2023,cve-2023-2523.yaml,f1fb5a9784d14ea97d35c0cdcb605c6bc02f4d1a,CVE-2023-2523
956982314,arkede/cve-2023,CVE-2023-4703.yaml,f209d201e439d247e67cc8871a095c73203bc963,CVE-2023-4703
956982314,arkede/cve-2023,CVE-2023-26521.yaml,f20aaf4e320e9b8de67ac2c9ec0840aad5b5e24a,CVE-2023-26521
956982314,arkede/cve-2023,CVE-2023-51499.yaml,f214eaf51342c7346c7b9295d5ff8d9da0cf49cb,CVE-2023-51499
956982314,arkede/cve-2023,CVE-2023-49152.yaml,f21d9d004830f234615fc5144ea1b0a80bb9d0e5,CVE-2023-49152
956982314,arkede/cve-2023,CVE-2023-37394.yaml,f22423ab16b440e80eabc52f77c3394b4cb3b0c7,CVE-2023-37394
956982314,arkede/cve-2023,CVE-2023-0434.yaml,f22ebd087a4e5cf7ca39c6f8ca63e2234c25d278,CVE-2023-0434
956982314,arkede/cve-2023,CVE-2023-6699.yaml,f243f3cb046bc830727282f4323124c59e583539,CVE-2023-6699
956982314,arkede/cve-2023,CVE-2023-49196.yaml,f2457dd63069916c57e009d3a779d5ab4e7f7658,CVE-2023-49196
956982314,arkede/cve-2023,CVE-2023-45635.yaml,f24608b7c28f8ba3db639549dcd853e788b72054,CVE-2023-45635
956982314,arkede/cve-2023,CVE-2023-34384.yaml,f25b95ce4cc86aba04841e1947a740747d0c8bf4,CVE-2023-34384
956982314,arkede/cve-2023,CVE-2023-7198.yaml,f270024e589acee8f3ac27b53f868ccb77cd7fd4,CVE-2023-7198
956982314,arkede/cve-2023,CVE-2023-32563.yaml,f27a58b3122c7357a5a25419bd36e1c6c69fba2c,CVE-2023-32563
956982314,arkede/cve-2023,CVE-2023-52027.yaml,f27aa8f130a790d0b199b076a79e81e21f748a2d,CVE-2023-52027
956982314,arkede/cve-2023,CVE-2023-39361_1.yaml,f28752fc93eaf34fa6ee0d92fd8b41279a894b3f,GHSA-6R43-Q2FW-5WRG
956982314,arkede/cve-2023,CVE-2023-39361_1.yaml,f28752fc93eaf34fa6ee0d92fd8b41279a894b3f,CVE-2023-39361
956982314,arkede/cve-2023,CVE-2023-0553.yaml,f28c1258a026f0a8002e08a9de71821d5c600cbe,CVE-2023-0553
956982314,arkede/cve-2023,CVE-2023-1166.yaml,f29d9b92e51a48e80696a9d4c22488ad7f6d2a1e,CVE-2023-1166
956982314,arkede/cve-2023,CVE-2023-0376.yaml,f2a26e7df68121a3eeaed0ce355b8917b03144e1,CVE-2023-0376
956982314,arkede/cve-2023,CVE-2023-49860.yaml,f2d4d450f63022edaa171d1b3f5083ea2448f1f9,CVE-2023-49860
956982314,arkede/cve-2023,CVE-2023-41892.yaml,f2d763aba2f37ec9dfc7804e9e614762ce9c91e8,CVE-2023-41892
956982314,arkede/cve-2023,CVE-2023-41892.yaml,f2d763aba2f37ec9dfc7804e9e614762ce9c91e8,GHSA-4W8R-3XRW-V25G
956982314,arkede/cve-2023,CVE-2023-46196.yaml,f2d91c9c58ee335fd006457fa7c3ad8bdee89533,CVE-2023-46196
956982314,arkede/cve-2023,CVE-2023-25826.yaml,f2e08ba89859de1d6141c520c84c476cd5bbf318,CVE-2023-25826
956982314,arkede/cve-2023,CVE-2023-25157.yaml,f2ebed307c7d704d01002b9104fcdda07d058549,GHSA-7G5F-WRX8-5CCF
956982314,arkede/cve-2023,CVE-2023-25157.yaml,f2ebed307c7d704d01002b9104fcdda07d058549,CVE-2023-25157
956982314,arkede/cve-2023,CVE-2023-6327.yaml,f2ec52435c223fd38502abc88d559ab77c122ddf,CVE-2023-6327
956982314,arkede/cve-2023,CVE-2023-5843.yaml,f31a177622b51e92ee613706275bf2fe024ccc46,CVE-2023-5843
956982314,arkede/cve-2023,CVE-2023-0630_2.yaml,f33ad5206a71ea917bb8ed74415a51bd48a34aad,CVE-2023-0630
956982314,arkede/cve-2023,CVE-2023-28648.yaml,f35d80a4061146891b77a93069838a91bb1e6ed0,ZSL-2023-5751
956982314,arkede/cve-2023,CVE-2023-28648.yaml,f35d80a4061146891b77a93069838a91bb1e6ed0,CVE-2023-28648
956982314,arkede/cve-2023,CVE-2023-41804.yaml,f360bc336adbd267984115c5a26e0152c745f223,CVE-2023-41804
956982314,arkede/cve-2023,CVE-2023-49750.yaml,f36592f55f5d5b1f764d72444e815b6928e327c5,CVE-2023-49750
956982314,arkede/cve-2023,CVE-2023-2623.yaml,f376d4e3753ab8b94783cae9251fdd8a43142cbe,CVE-2023-2623
956982314,arkede/cve-2023,CVE-2023-41240.yaml,f382214b3f28586e556104cf4ff00b14f18b2108,CVE-2023-41240
956982314,arkede/cve-2023,CVE-2023-45767.yaml,f3850e1f98518ac382b7da37aa5deabbf76eb960,CVE-2023-45767
956982314,arkede/cve-2023,CVE-2023-50904.yaml,f393b4f8031995ea915802899837c428090dc12c,CVE-2023-50904
956982314,arkede/cve-2023,CVE-2023-7201.yaml,f39f0f52a62fcb1665ff5054c30605300e9998dc,CVE-2023-7201
956982314,arkede/cve-2023,CVE-2023-6141.yaml,f3a1491ed253be4c68766976db1535ac80d8f69a,CVE-2023-6141
956982314,arkede/cve-2023,CVE-2023-49817.yaml,f3a40fbacde8b61a2abb0338a1d51fa97fbd7200,CVE-2023-49817
956982314,arkede/cve-2023,CVE-2023-2079.yaml,f3a4d1ab44106edfec13563363dd016b15f854ec,CVE-2023-2079
956982314,arkede/cve-2023,CVE-2023-35037.yaml,f3ae60a01b82e6024723aad6cb67a1503f783c31,CVE-2023-35037
956982314,arkede/cve-2023,CVE-2023-0395.yaml,f3afd0152e10b015e08268e455432a1b1487c0af,CVE-2023-0395
956982314,arkede/cve-2023,CVE-2023-47807.yaml,f3b7bac4b11c233a9e8fa8f6ae02d6534104b645,CVE-2023-47807
956982314,arkede/cve-2023,CVE-2023-47687.yaml,f3bbd8c13c34650774f679aa1bb26e4a0ae27ab0,CVE-2023-47687
956982314,arkede/cve-2023,CVE-2023-38393.yaml,f3c1fd7f6c0dcc8ef4eea1ee45aa8c5d0da32a70,CVE-2023-38393
956982314,arkede/cve-2023,CVE-2023-23679.yaml,f3c6b60a3bdf31f181176c1ab0b66e056b3adb6e,CVE-2023-23679
956982314,arkede/cve-2023,CVE-2023-32795.yaml,f3d28250d742afb2d91cbbc7f4594e8f23ea667e,CVE-2023-32795
956982314,arkede/cve-2023,CVE-2023-6035.yaml,f419ba1d0c6f38042b85a2f405b3a9572558eb99,CVE-2023-6035
956982314,arkede/cve-2023,CVE-2023-6989_1.yaml,f42110a36f2bf7b8c62a72a752a69c8db52480c5,CVE-2023-6989
956982314,arkede/cve-2023,CVE-2023-30222.yaml,f421ca78ed75c561c4b70e155c2d53f614b982ae,CVE-2023-30222
956982314,arkede/cve-2023,CVE-2023-51376.yaml,f42fa918f5e7a1780b34ada178d2864a8a719b95,CVE-2023-51376
956982314,arkede/cve-2023,CVE-2023-0072.yaml,f440aac499216413ff445494a298b7ccfe10965a,CVE-2023-0072
956982314,arkede/cve-2023,CVE-2023-5666.yaml,f442e50b940a3de06be8415efdaceb086cb38697,CVE-2023-5666
956982314,arkede/cve-2023,CVE-2023-2780_3.yaml,f45a2f95fcb2bef0e900efe4559048fab3ff59ec,CVE-2023-2780
956982314,arkede/cve-2023,CVE-2023-47231.yaml,f468826ef7a50bac16fa952661d4b2505560e4ae,CVE-2023-47231
956982314,arkede/cve-2023,CVE-2023-6969.yaml,f48d15109a8a30cea8a4a041465017cd3639428a,CVE-2023-6969
956982314,arkede/cve-2023,CVE-2023-29084.yaml,f48ddb522dbe1b94f8e425e16748ab586a0a7469,CVE-2023-29084
956982314,arkede/cve-2023,CVE-2023-30877.yaml,f49eb031f3f3e5f39306d6c3adf5271316e5bcad,CVE-2023-30877
956982314,arkede/cve-2023,CVE-2023-23719.yaml,f4cc13ceb852e01f87bea128e320bb2ed5786e6f,CVE-2023-23719
956982314,arkede/cve-2023,CVE-2023-24830_1.yaml,f4de058255a1a1b03f4f82937c7c2c0da961a6fd,CVE-2023-24830
956982314,arkede/cve-2023,CVE-2023-52205.yaml,f4e252be3bbf360a6a3b7a6be346101d916e402b,CVE-2023-52205
956982314,arkede/cve-2023,CVE-2023-37629.yaml,f4fb416930fc0c6583809d0a97d3581e01ef6952,CVE-2023-37629
956982314,arkede/cve-2023,CVE-2023-38308.yaml,f506bb8fa16da07bf5ff9625e0a8bac34feb72af,CVE-2023-38308
956982314,arkede/cve-2023,CVE-2023-40924.yaml,f53bad02cdaa85769b6d92e58db2f15aaf06f67c,CVE-2023-40924
956982314,arkede/cve-2023,CVE-2023-40924.yaml,f53bad02cdaa85769b6d92e58db2f15aaf06f67c,CVE-2023-33620
956982314,arkede/cve-2023,CVE-2023-41957.yaml,f54895c5a6bb8dccbb870614e3ecf05bbbaeaa6a,CVE-2023-41957
956982314,arkede/cve-2023,CVE-2023-25055.yaml,f549896e79a2dc41e215254880d5ca4e46889e2d,CVE-2023-25055
956982314,arkede/cve-2023,CVE-2023-48746.yaml,f54c8f765fe28e110c5143eb54565f8b96e127df,CVE-2023-48746
956982314,arkede/cve-2023,CVE-2023-5205.yaml,f5520e42e0879c9ea24bf118728b6115242bd402,CVE-2023-5205
956982314,arkede/cve-2023,CVE-2023-50828.yaml,f55b0062abd14375178f8e678f47fb5ea44bf653,CVE-2023-50828
956982314,arkede/cve-2023,CVE-2023-27450.yaml,f5610a403c6b3a6c1e0e6f458d7e2b9bb7cc7a60,CVE-2023-27450
956982314,arkede/cve-2023,CVE-2023-43622.yaml,f58205525196533aff84a67d0281a1b379cc6a6d,CVE-2023-43622
956982314,arkede/cve-2023,CVE-2023-44987.yaml,f58e7d5fa6c38e7afd44f8429adbc930ddd7d4b3,CVE-2023-44987
956982314,arkede/cve-2023,CVE-2023-6806.yaml,f5afbf30bdefcc0fbb3dcbfe14f76997e44a5f4b,CVE-2023-6806
956982314,arkede/cve-2023,CVE-2023-40561.yaml,f5b0dd702724dbf09f723807feccd69f796dc364,CVE-2023-40561
956982314,arkede/cve-2023,CVE-2023-27617.yaml,f5c95fb130237d220d3e037659226c44975352bd,CVE-2023-27617
956982314,arkede/cve-2023,CVE-2023-33325.yaml,f5d9affaa91d527392758234af1cc8f3dede535d,CVE-2023-33325
956982314,arkede/cve-2023,CVE-2023-28991.yaml,f5de3425d0a87f4360542a267dee16c83d682130,CVE-2023-28991
956982314,arkede/cve-2023,CVE-2023-2735.yaml,f5eb6d5f5f002b4abeac87a4bb13daf886ef214c,CVE-2023-2735
956982314,arkede/cve-2023,CVE-2023-40676.yaml,f5ebc564653e877b8a9677e2aeed5def34976e43,CVE-2023-40676
956982314,arkede/cve-2023,CVE-2023-49833.yaml,f5ebce55682ce9e25b5c5a81127fe9924f3208dd,CVE-2023-49833
956982314,arkede/cve-2023,CVE-2023-47115_1.yaml,f5f0d4869bc075f448f560f87f29febd4cc63497,CVE-2023-47115
956982314,arkede/cve-2023,CVE-2023-47115_1.yaml,f5f0d4869bc075f448f560f87f29febd4cc63497,GHSA-Q68H-XWQ5-MM7X
956982314,arkede/cve-2023,CVE-2023-23721.yaml,f5f910e34bc41f863799e9a16b4f437a9bc319ad,CVE-2023-23721
956982314,arkede/cve-2023,CVE-2023-47671.yaml,f5fb2ca00839de30c3d61325c542f4b21440206c,CVE-2023-47671
956982314,arkede/cve-2023,CVE-2023-2627.yaml,f605f43e920e8ae38d15231a8ff7eed960a2f570,CVE-2023-2627
956982314,arkede/cve-2023,CVE-2023-5661.yaml,f6075e14809bab0d7b181c5f65314f6f39c9b345,CVE-2023-5661
956982314,arkede/cve-2023,CVE-2023-21841.yaml,f60cf9a88ddb165b5478b977d51da9bdff17ab38,CVE-2023-21841
956982314,arkede/cve-2023,CVE-2023-29384.yaml,f61293841d8e22cd0bd234e4377e063783fc1923,CVE-2023-29384
956982314,arkede/cve-2023,CVE-2023-6962.yaml,f61938b1ae6a4591fc4855433f60ca64dc924884,CVE-2023-6962
956982314,arkede/cve-2023,CVE-2023-31080.yaml,f62404bc4ca946ea94fd8a17573734bfbe35a15e,CVE-2023-31080
956982314,arkede/cve-2023,CVE-2023-34750.yaml,f62a3d16dc1fc0ba8b4d5372dcfa12e38f7b3190,CVE-2023-34750
956982314,arkede/cve-2023,CVE-2023-52204.yaml,f62ea96a6588cdad377d9d770a9b12901e0c41e9,CVE-2023-52204
956982314,arkede/cve-2023,CVE-2023-33312.yaml,f637d2c7343eb401cde767f10306ea41fc0b60c6,CVE-2023-33312
956982314,arkede/cve-2023,CVE-2023-23668.yaml,f6386280a6ca38f031752c4e6048de14b45917c6,CVE-2023-23668
956982314,arkede/cve-2023,CVE-2023-3492.yaml,f65359af60dc942865835a43ad7200fee5d0ed5e,CVE-2023-3492
956982314,arkede/cve-2023,CVE-2023-51412.yaml,f662da6d05d3325ef5cd308c1273ecd7db682656,CVE-2023-51412
956982314,arkede/cve-2023,CVE-2023-32961.yaml,f668683ce9ff433e4d8411cc608cd4e6c2c79752,CVE-2023-32961
956982314,arkede/cve-2023,CVE-2023-1926.yaml,f67960d3ea68a92d0ce6b3ba1a5fc773df79a93d,CVE-2023-1926
956982314,arkede/cve-2023,CVE-2023-32579.yaml,f685071f15a3d2c80e865e09333191990b420998,CVE-2023-32579
956982314,arkede/cve-2023,CVE-2023-37974.yaml,f69505b09e1a83b9815ddfb842d2111366ae71dc,CVE-2023-37974
956982314,arkede/cve-2023,CVE-2023-23977.yaml,f6a76ed4dd843f7696f0971376f58634f82702e9,CVE-2023-23977
956982314,arkede/cve-2023,CVE-2023-46347_1.yaml,f6aa401aeb3f5e5c5bc6d71a32f5ded04e511099,CVE-2023-46347
956982314,arkede/cve-2023,CVE-2023-28497.yaml,f6ee5800bed6dcbdc010b3ece6e5bdd76c730c8b,CVE-2023-28497
956982314,arkede/cve-2023,CVE-2023-5354.yaml,f6f322b3b875f35facc19fc8c88bb6209901cd6f,CVE-2023-5354
956982314,arkede/cve-2023,CVE-2023-1121.yaml,f6fc4eaffc9d482a7d7635b0e9c9917d1d08edd0,CVE-2023-1121
956982314,arkede/cve-2023,CVE-2023-49841.yaml,f6fd6be23f748ea0f0f694b6b6a95feb9fa5d63b,CVE-2023-49841
956982314,arkede/cve-2023,CVE-2023-51421.yaml,f72afaab867d9e6d1d2a2746ce66608c5864d9f0,CVE-2023-51421
956982314,arkede/cve-2023,CVE-2023-51481.yaml,f735c08479e5c0a671cad0fd3e724b8507029766,CVE-2023-51481
956982314,arkede/cve-2023,CVE-2023-32118.yaml,f77704a314dfe937ceaef79ee1a83a07bce2e23d,CVE-2023-32118
956982314,arkede/cve-2023,CVE-2023-41651.yaml,f781f35d7dc129c39de35e715763c4f06a2fe147,CVE-2023-41651
956982314,arkede/cve-2023,CVE-2023-5104.yaml,f78f285674952b3012ed3ee82541298e0b810381,CVE-2023-5104
956982314,arkede/cve-2023,CVE-2023-3501.yaml,f791dd3c0c55c35430e928f849e5413c3df53495,CVE-2023-3501
956982314,arkede/cve-2023,CVE-2023-38474.yaml,f7b0502950ec850cf6cd15bbb697f3f548ab4b1a,CVE-2023-38474
956982314,arkede/cve-2023,CVE-2023-49159.yaml,f7b53b60f11a33a5da5176bb2c04c3045ea9df26,CVE-2023-49159
956982314,arkede/cve-2023,CVE-2023-5504.yaml,f7b67a6f65761afe12c80770716972351e0467fa,CVE-2023-5504
956982314,arkede/cve-2023,CVE-2023-32960.yaml,f7bf481eced9567cbd7425609fcf935a1bf70a8f,CVE-2023-32960
956982314,arkede/cve-2023,CVE-2023-4283.yaml,f7c5a976841e4ef392fbd57dcb8a6dc7501502f7,CVE-2023-4283
956982314,arkede/cve-2023,CVE-2023-28665_1.yaml,f7cbf06ff60743045c2b85276c87e28b0182c049,CVE-2023-28665
956982314,arkede/cve-2023,CVE-2023-33922.yaml,f7ddb2a41aa24535c4863bebdb1e395ee0b5b97d,CVE-2023-33922
956982314,arkede/cve-2023,CVE-2023-3499.yaml,f7f347fd42a8583cd5a8e73b81eed2618ef61285,CVE-2023-3499
956982314,arkede/cve-2023,CVE-2023-6994.yaml,f8194f70d0342073e443558bdaf92ee27db30fbe,CVE-2023-6994
956982314,arkede/cve-2023,CVE-2023-36289.yaml,f8589ce2f6f8ecb8ce49faeba20a46030e215555,CVE-2023-36289
956982314,arkede/cve-2023,CVE-2023-46805.yaml,f86c81314cab84c5cba11e8cf28935fb2d054633,CVE-2024-21887
956982314,arkede/cve-2023,CVE-2023-46805.yaml,f86c81314cab84c5cba11e8cf28935fb2d054633,CVE-2023-46805
956982314,arkede/cve-2023,CVE-2023-23814.yaml,f86fd390d77185be61d14d5d4b0f009e8cb4d3a8,CVE-2023-23814
956982314,arkede/cve-2023,CVE-2023-46066.yaml,f88fe05ae99f5d1875ba305c339863e764bef5d5,CVE-2023-46066
956982314,arkede/cve-2023,CVE-2023-32513.yaml,f89cd32d79d1673660ebce9b3dff6ad89e16ff4e,CVE-2023-32513
956982314,arkede/cve-2023,CVE-2023-29922_2.yaml,f89ff2f30ad00b2aaa054e80251634963c175245,CVE-2023-29922
956982314,arkede/cve-2023,CVE-2023-45985.yaml,f8a8967b9832605ddb56517a7a9ec42d9211b1bc,CVE-2023-45985
956982314,arkede/cve-2023,CVE-2023-46347.yaml,f8aaf0e2faa39f28d7f1f9d33c7b171d9ad38340,CVE-2023-46347
956982314,arkede/cve-2023,CVE-2023-41650.yaml,f8cc653ff0c5c6c8cd4eea20355ba3f2ed5bde26,CVE-2023-41650
956982314,arkede/cve-2023,CVE-2023-4635.yaml,f8d2c841826c2d4572337b75b3a5ca4187e9a549,CVE-2023-4635
956982314,arkede/cve-2023,CVE-2023-41850.yaml,f8d730150b2b64c5e3798d00b59c6a6d72f0c182,CVE-2023-41850
956982314,arkede/cve-2023,CVE-2023-32095.yaml,f8da9b17bda83157c75f3c0e6e3cb7e4bdd0def4,CVE-2023-32095
956982314,arkede/cve-2023,CVE-2023-4757.yaml,f8e4f644c92b4685d962b4c039b72eaf0c5e8583,CVE-2023-4757
956982314,arkede/cve-2023,CVE-2023-25804.yaml,f906cc4f7dbadcc7008e50f22076437aa33880ca,GHSA-69J6-CRQ8-RRHV
956982314,arkede/cve-2023,CVE-2023-25804.yaml,f906cc4f7dbadcc7008e50f22076437aa33880ca,CVE-2023-25804
956982314,arkede/cve-2023,CVE-2023-23985.yaml,f90f19f16f198bedcb1c88c9e4604745837fa329,CVE-2023-23985
956982314,arkede/cve-2023,CVE-2023-46090.yaml,f91c78d475aa461758a21f47b4bebb9072bcd3b6,CVE-2023-46090
956982314,arkede/cve-2023,CVE-2023-2333.yaml,f9256d8017b9319ea1640dbc2189449903333ea6,CVE-2023-2333
956982314,arkede/cve-2023,CVE-2023-34378.yaml,f931875d716d62c9e5c549834c91297521324295,CVE-2023-34378
956982314,arkede/cve-2023,CVE-2023-2495.yaml,f931f8b2636f2479fc0a4a365ad7e874c75c4b24,CVE-2023-2495
956982314,arkede/cve-2023,CVE-2023-28773.yaml,f93731999b518e5c9e715dfd9101aa7eee7e28da,CVE-2023-28773
956982314,arkede/cve-2023,CVE-2023-22515_1.yaml,f94884e3194ae500480a750b04d0b5dbd958a72a,CVE-2023-22515
956982314,arkede/cve-2023,CVE-2023-48745.yaml,f95f78510a9bf186c138f0917157765bef823a6f,CVE-2023-48745
956982314,arkede/cve-2023,CVE-2023-50901.yaml,f95fddf2874deb74c3051ffb00b7d85a9082c156,CVE-2023-50901
956982314,arkede/cve-2023,CVE-2023-6582.yaml,f969c1e4253c4ab5922c71a674e776900233dfb2,CVE-2023-6582
956982314,arkede/cve-2023,CVE-2023-32738.yaml,f96e00a861f7809a6b964a456b3a6829c1221334,CVE-2023-32738
956982314,arkede/cve-2023,CVE-2023-6876.yaml,f978e574d5ed85ad8555e020a4d4396e66c709ae,CVE-2023-6876
956982314,arkede/cve-2023,CVE-2023-0499.yaml,f979d022aa9d170031f4400cef52642fad10af5f,CVE-2023-0499
956982314,arkede/cve-2023,CVE-2023-43319.yaml,f98d7bc2eaaa4633dc4b00a584219eb3587757ee,CVE-2023-43319
956982314,arkede/cve-2023,CVE-2023-6081.yaml,f9927be670c537e7a6c130dd6579d1e9b7dbfdca,CVE-2023-6081
956982314,arkede/cve-2023,CVE-2023-25035.yaml,f994e6af2581d4e8cb2112d2616cffd98b914cc0,CVE-2023-25035
956982314,arkede/cve-2023,CVE-2023-45878.yaml,f9a40defcadd7964a2a262aded198af5404583b6,CVE-2023-45878
956982314,arkede/cve-2023,CVE-2023-32501.yaml,f9a9c437144e1c24c9839d3ab8332b248400494f,CVE-2023-32501
956982314,arkede/cve-2023,CVE-2023-1919.yaml,f9b4612538bddfd406718228705d589203dccb35,CVE-2023-1919
956982314,arkede/cve-2023,CVE-2023-37771.yaml,f9c25d2241f697fb24b55a6972ae24806f8ed62b,CVE-2023-37771
956982314,arkede/cve-2023,CVE-2023-6897.yaml,f9c8f3a61dbe5126c9b4bd34e09bf9fdabb8999b,CVE-2023-6897
956982314,arkede/cve-2023,CVE-2023-39917.yaml,f9d2a4ccb79db6a3ba7cfe29e6f8b4c5fadbe6dd,CVE-2023-39917
956982314,arkede/cve-2023,CVE-2023-6133.yaml,f9dba634df1902b006e99a75ff7e470d9d7c8c3a,CVE-2023-6133
956982314,arkede/cve-2023,CVE-2023-47190.yaml,f9e5c5fa22080e9ccc753daa81a53aecac1e8967,CVE-2023-47190
956982314,arkede/cve-2023,CVE-2023-30497.yaml,f9e99d343eb1e36ef3e9aef38216a3f497d87301,CVE-2023-30497
956982314,arkede/cve-2023,CVE-2023-1026.yaml,f9f58203cda7000f40dedb6494e670f99c082d99,CVE-2023-1026
956982314,arkede/cve-2023,CVE-2023-0552.yaml,f9fda65e96388383481236528ad50992f132fd36,CVE-2023-0552
956982314,arkede/cve-2023,CVE-2023-34382.yaml,f9fdd63d16b361e8c33345d48d034f8fab34787f,CVE-2023-34382
956982314,arkede/cve-2023,CVE-2023-0060.yaml,fa1c4a9c4db1f8c20c4914b238ce80212261e003,CVE-2023-0060
956982314,arkede/cve-2023,CVE-2023-5082.yaml,fa2ffd409f6dd8c083d10eca874cffc18e86cdbb,CVE-2023-5082
956982314,arkede/cve-2023,CVE-2023-49851.yaml,fa37a371f342b67d63f6e32710356c8cc671755a,CVE-2023-49851
956982314,arkede/cve-2023,CVE-2023-25481.yaml,fa506b0a6d6113563510dbd1c235fdb291bdafb3,CVE-2023-25481
956982314,arkede/cve-2023,CVE-2023-39109_1.yaml,fa658d913fd94a0c2aa9371b3a48232f299057e0,CVE-2023-39109
956982314,arkede/cve-2023,CVE-2023-25474.yaml,fa7d6f9bd9f129cb315fb64a0296a660e0e25a15,CVE-2023-25474
956982314,arkede/cve-2023,CVE-2023-49175.yaml,fa8ea83f888cee6d318c8a84e9e4e676f9d63dfc,CVE-2023-49175
956982314,arkede/cve-2023,CVE-2023-30223.yaml,fa923af83422a6fe40dedb75cb40684546fd7cea,CVE-2023-30223
956982314,arkede/cve-2023,CVE-2023-32124.yaml,fa977a777676821ee4678bc0bc47e59cfb23bae2,CVE-2023-32124
956982314,arkede/cve-2023,CVE-2023-0630_2_1.yaml,fa997b129dd56f4c675bb2b47c0996513ce40385,CVE-2023-0630
956982314,arkede/cve-2023,CVE-2023-0504.yaml,fa9becc8280256c52413e987e1ed5409c4620a25,CVE-2023-0504
956982314,arkede/cve-2023,CVE-2023-4827.yaml,faab6443af5e24b383ff6d7bec9b9eba723e7670,CVE-2023-4827
956982314,arkede/cve-2023,CVE-2023-5424.yaml,fab0d3fbc71c814aa16e5eda9bcc0735ff6f78ea,CVE-2023-5424
956982314,arkede/cve-2023,CVE-2023-32963.yaml,fabef166d2810d3f002cc3835f736e52772f539b,CVE-2023-32963
956982314,arkede/cve-2023,CVE-2023-25060.yaml,fac53a7754379adea967c0a66e8442b27116dbd4,CVE-2023-25060
956982314,arkede/cve-2023,CVE-2023-24737_1.yaml,facc801d9eca13c7392c35caa520fb642f0c5971,CVE-2023-24737
956982314,arkede/cve-2023,CVE-2023-27847.yaml,fad0cc8ee183b4daeefed7a85d3cc1444659c6a6,CVE-2023-27847
956982314,arkede/cve-2023,CVE-2023-36845_1.yaml,fad108f1bfb73b8e80aa40a4be13d4700eac02bd,CVE-2023-36845
956982314,arkede/cve-2023,CVE-2023-36845_1.yaml,fad108f1bfb73b8e80aa40a4be13d4700eac02bd,CVE-2023-36844
956982314,arkede/cve-2023,CVE-2023-0282.yaml,fad9092685ee151d0a7cb18c6402dc730347fc6a,CVE-2023-0282
956982314,arkede/cve-2023,CVE-2023-29174.yaml,faef2c4084161ccd187dcdf7d0d77160d2a8e396,CVE-2023-29174
956982314,arkede/cve-2023,CVE-2023-24393.yaml,faf6b0df05595d2a2df8b93191c1971ea20c6c86,CVE-2023-24393
956982314,arkede/cve-2023,CVE-2023-47117.yaml,faf95a8966811e2950ba13e99d26f923afc78d2f,CVE-2023-47117
956982314,arkede/cve-2023,CVE-2023-44986.yaml,fafa49860c002e8e1c913ce18053ff33aad07de5,CVE-2023-44986
956982314,arkede/cve-2023,CVE-2023-3957.yaml,fb0414c1a0e7bc134ca663ea89f65756f0cf5136,CVE-2023-3957
956982314,arkede/cve-2023,CVE-2023-4826.yaml,fb108e93058cef2d3358ab22b745762f776ca88d,CVE-2023-4826
956982314,arkede/cve-2023,CVE-2023-45106.yaml,fb1e396e069b31733504616e662b791e987a86d9,CVE-2023-45106
956982314,arkede/cve-2023,CVE-2023-51689.yaml,fb2439655e9d4d23a5e32e6066ad9e5a54167d8f,CVE-2023-51689
956982314,arkede/cve-2023,CVE-2023-2287.yaml,fb2d9a1fcab217da475f57adba6bb9192e1c4c49,CVE-2023-2287
956982314,arkede/cve-2023,CVE-2023-3709.yaml,fb312b53f6a6c283bce9aefde20c221011a5821a,CVE-2023-3709
956982314,arkede/cve-2023,CVE-2023-32315.yaml,fb3a885e87250d4e2ada376d30b5a0fccffced26,CVE-2023-32315
956982314,arkede/cve-2023,CVE-2023-32315.yaml,fb3a885e87250d4e2ada376d30b5a0fccffced26,GHSA-GW42-F939-FHVM
956982314,arkede/cve-2023,CVE-2023-34960_2.yaml,fb3f791de2235951e9ad55d33fbc59e1dd89a546,CVE-2023-34960
956982314,arkede/cve-2023,CVE-2023-0063.yaml,fb434f1cb701d873802615fc8cddcb453f610c2b,CVE-2023-0063
956982314,arkede/cve-2023,CVE-2023-2568.yaml,fb4af7994faeb743486a86a77debdfd0c4405eaf,CVE-2023-2568
956982314,arkede/cve-2023,CVE-2023-35884.yaml,fb51aa8bef9fe64caf1acabdef0b023ca9a85eae,CVE-2023-35884
956982314,arkede/cve-2023,CVE-2023-0948_1.yaml,fb68b47d16da5e35f1155093cbc267e8a2dc0008,CVE-2023-0948
956982314,arkede/cve-2023,CVE-2023-27442.yaml,fb9481097380033ca51f9a642e9ce60bb5752bb8,CVE-2023-27442
956982314,arkede/cve-2023,CVE-2023-2766.yaml,fb9cdf7225416c60b653f5f436e2c5bd62b9ed90,CVE-2023-2766
956982314,arkede/cve-2023,CVE-2023-47847.yaml,fb9daccb926d10fa2bdb66a9337ed3d0e82371af,CVE-2023-47847
956982314,arkede/cve-2023,CVE-2023-2708.yaml,fba35af805466db0875398232b607d272c17f624,CVE-2023-2708
956982314,arkede/cve-2023,CVE-2023-36504.yaml,fbac5d2195722298a7c389d38642fd6725a849b7,CVE-2023-36504
956982314,arkede/cve-2023,CVE-2023-1893.yaml,fbb082999723fe89fcaf81d30bafc25a8d893330,CVE-2023-1893
956982314,arkede/cve-2023,CVE-2023-7228.yaml,fbd3384b4be630c723190d88226e0ab2509fa710,CVE-2023-7228
956982314,arkede/cve-2023,CVE-2023-0579.yaml,fbd85ab67956c42fc4ab3b60f22ce959a2afc9e5,CVE-2023-0579
956982314,arkede/cve-2023,CVE-2023-1835.yaml,fbdbaf11278c1113e72fe519290062e1983d4676,CVE-2023-1835
956982314,arkede/cve-2023,CVE-2023-49820.yaml,fbe10cee25c84d5a43bd7fbe4ff4d3db406208f5,CVE-2023-49820
956982314,arkede/cve-2023,CVE-2023-34467.yaml,fbe290627f6989eba069fdbea362f69eb4fc3496,CVE-2023-34467
956982314,arkede/cve-2023,CVE-2023-50874.yaml,fbf210cafb983a07f702e8cf92a56c5152ad8412,CVE-2023-50874
956982314,arkede/cve-2023,CVE-2023-2607.yaml,fbf99754ce3c86bf7bc156235f91a18fdff6c2f8,CVE-2023-2607
956982314,arkede/cve-2023,CVE-2023-48815.yaml,fbfa1f44b229f2ecacefdee053e8eed2a7e481a7,CVE-2023-48815
956982314,arkede/cve-2023,CVE-2023-22709.yaml,fc0544547c0c39724ef6e9434e1d032159424698,CVE-2023-22709
956982314,arkede/cve-2023,CVE-2023-0763.yaml,fc05dccf7979bc8399511282b15127bd89ad889b,CVE-2023-0763
956982314,arkede/cve-2023,CVE-2023-45057.yaml,fc362012afaee9a97603f45b3c3c73a2e88ba16d,CVE-2023-45057
956982314,arkede/cve-2023,CVE-2023-41130.yaml,fc498a4795d547eb5fc288bc417888ec1c391d33,CVE-2023-41130
956982314,arkede/cve-2023,CVE-2023-45000.yaml,fc5661c449ad39cce9c89fa2bb68f79ef52ecf66,CVE-2023-45000
956982314,arkede/cve-2023,CVE-2023-5559.yaml,fc65d41a6c0d592923901f4bb922f97fd82af047,CVE-2023-5559
956982314,arkede/cve-2023,CVE-2023-5382.yaml,fc66bdff7a1928ca855ba64d923c657cead26374,CVE-2023-5382
956982314,arkede/cve-2023,CVE-2023-33320.yaml,fc7476e573de26607176b60f3aa8633c62b0a86d,CVE-2023-33320
956982314,arkede/cve-2023,CVE-2023-7030.yaml,fc7ba7901b18a0036fab73ed689e8e19ec281200,CVE-2023-7030
956982314,arkede/cve-2023,CVE-2023-44266.yaml,fc9383db075cc32714e73ca5fc8c34547e10a25c,CVE-2023-44266
956982314,arkede/cve-2023,CVE-2023-31074.yaml,fca567995b005f17812b83ff2d30b9a8e74f3239,CVE-2023-31074
956982314,arkede/cve-2023,CVE-2023-25346_2.yaml,fca6cb7b61b9f36d5aaed4cc545a276e354c490d,CVE-2023-25346
956982314,arkede/cve-2023,CVE-2023-45834.yaml,fcae085423ffbcf9fdc9e378ea12622b7a109d87,CVE-2023-45834
956982314,arkede/cve-2023,CVE-2023-24405.yaml,fcb2fa4d32f61c82cf524b66d1766d67d4c5a0c8,CVE-2023-24405
956982314,arkede/cve-2023,CVE-2023-23888.yaml,fcb8c7f3c7fc15b9de12a9944c957c207a46a4f9,CVE-2023-23888
956982314,arkede/cve-2023,CVE-2023-37983.yaml,fcc8efa944f446a3365df113de276093d7b19ebd,CVE-2023-37983
956982314,arkede/cve-2023,CVE-2023-5714.yaml,fcd18131965db8feee31eded73fb05bd80282d7a,CVE-2023-5714
956982314,arkede/cve-2023,CVE-2023-47817.yaml,fcddc68e665509e1c79a2854f796f5bec25caefd,CVE-2023-47817
956982314,arkede/cve-2023,CVE-2023-46824.yaml,fce5b207f569324b7aad3ef906342d137561c76c,CVE-2023-46824
956982314,arkede/cve-2023,CVE-2023-46198.yaml,fcf01a08f34651dc6953a11efb82a6ba30f22635,CVE-2023-46198
956982314,arkede/cve-2023,CVE-2023-44474.yaml,fd02d2d4cd42b303be4e9199307ae5f42356f404,CVE-2023-44474
956982314,arkede/cve-2023,CVE-2023-2111.yaml,fd1f3ab2eed6a1c2b996551b0a5558d1b89a2f2e,CVE-2023-2111
956982314,arkede/cve-2023,CVE-2023-41736.yaml,fd26b4d90cdc89a21b1022ccb50280a72684741a,CVE-2023-41736
956982314,arkede/cve-2023,CVE-2023-41870.yaml,fd28d977b076d3cc1605a8abebe6402ca5ee642d,CVE-2023-41870
956982314,arkede/cve-2023,CVE-2023-0728.yaml,fd3614e3754db13285f4c0d935ac544db664c7f1,CVE-2023-0728
956982314,arkede/cve-2023,CVE-2023-29096.yaml,fd3ef6ba6e685506b8ee51efa76500a70229d69a,CVE-2023-29096
956982314,arkede/cve-2023,CVE-2023-4973.yaml,fd42b4708183812b84a950edadb28cd74acf7664,CVE-2023-4973
956982314,arkede/cve-2023,CVE-2023-32093.yaml,fd4873cbbe22cc0bfdf1686cc2af00c06748bc0e,CVE-2023-32093
956982314,arkede/cve-2023,CVE-2023-34537_1.yaml,fd49e76eda16667a00026c7d2d1c3580edfb9f17,CVE-2023-34537
956982314,arkede/cve-2023,CVE-2023-0082.yaml,fd5542b512745ad270613f7f5521d855439214a0,CVE-2023-0082
956982314,arkede/cve-2023,CVE-2023-51496.yaml,fd5dddfe8110535ffa7cd7230b1fb7e2a88d1d2e,CVE-2023-51496
956982314,arkede/cve-2023,CVE-2023-48769.yaml,fd6b452712ae16c6f126a08b9bb5aa20f6048eeb,CVE-2023-48769
956982314,arkede/cve-2023,CVE-2023-38992.yaml,fd6f1ff7f1680343ac423d11b35e09d189947992,CVE-2023-38992
956982314,arkede/cve-2023,CVE-2023-5086.yaml,fd7754fc708e68d890e46111c72d4e9edf5f9146,CVE-2023-5086
956982314,arkede/cve-2023,CVE-2023-22710.yaml,fd78daaf62638fb38aa604a3070b861c8b32b086,CVE-2023-22710
956982314,arkede/cve-2023,CVE-2023-25485.yaml,fd7e6364731aa204d52d7e9d3decc5d7006a427b,CVE-2023-25485
956982314,arkede/cve-2023,CVE-2023-46637.yaml,fd8100042145e578d035f53d74f9104ebc55724a,CVE-2023-46637
956982314,arkede/cve-2023,CVE-2023-43662.yaml,fd8ea5fc98bf1d082d261d891cfb5566fb78e6ff,CVE-2023-43662
956982314,arkede/cve-2023,CVE-2023-23733.yaml,fd8ec0c9e4f382bc7190a66808537ee30448950d,CVE-2023-23733
956982314,arkede/cve-2023,CVE-2023-6751.yaml,fd915841883860a28275c0fa1fddfd4392dbd27e,CVE-2023-6751
956982314,arkede/cve-2023,CVE-2023-23895.yaml,fd988355df447e7e47ecb81145eba1a8187906fb,CVE-2023-23895
956982314,arkede/cve-2023,CVE-2023-51356.yaml,fda3d75c93c921fb52dc9f8f20935ead2b809c39,CVE-2023-51356
956982314,arkede/cve-2023,CVE-2023-2123.yaml,fdca72cd4927453a27ca5b2470f4c156a74c74e1,CVE-2023-2123
956982314,arkede/cve-2023,CVE-2023-7002.yaml,fdda633b08a04932252a0fd98cb2aefdc3ee6b6f,CVE-2023-7002
956982314,arkede/cve-2023,CVE-2023-50897.yaml,fde4d6e1caef56bcbb06a687f355d989d27cd4f4,CVE-2023-50897
956982314,arkede/cve-2023,CVE-2023-1844.yaml,fdf2b0c4b850244077ce501c6b5aa6e816c67e15,CVE-2023-1844
956982314,arkede/cve-2023,CVE-2023-6491.yaml,fdf333d9c9f9486add2fa25623cb1f15cca64539,CVE-2023-6491
956982314,arkede/cve-2023,CVE-2023-22527.yaml,fdf83a5b3d076918b75e0eccee526f23a1fe28d8,CVE-2023-22527
956982314,arkede/cve-2023,CVE-2023-32497.yaml,fe0fe15a6602bc7e4babc3eaba0fcc7ef0122336,CVE-2023-32497
956982314,arkede/cve-2023,CVE-2023-48272.yaml,fe1abe257a26544b97e0e5dc98fc5ff112002209,CVE-2023-48272
956982314,arkede/cve-2023,CVE-2023-6559.yaml,fe265a34b9f24c0868c60ec2e5e5328904593f9b,CVE-2023-6559
956982314,arkede/cve-2023,CVE-2023-48765.yaml,fe2ef39fba7cda276d5a0c9c87c0603a1e0af4d3,CVE-2023-48765
956982314,arkede/cve-2023,CVE-2023-28777.yaml,fe3559b57696e90b782651ac53e37bfac7b481b5,CVE-2023-28777
956982314,arkede/cve-2023,CVE-2023-2489.yaml,fe3a971643ed6d73bdc68c390e0cb874ef0cd955,CVE-2023-2489
956982314,arkede/cve-2023,CVE-2023-5610.yaml,fe3f33c998dcf4d7db3f5d71eba9e17e49f1abbe,CVE-2023-5610
956982314,arkede/cve-2023,CVE-2023-36678.yaml,fe44b8c45ccce10113315fb2e36d7a4898e29e40,CVE-2023-36678
956982314,arkede/cve-2023,CVE-2023-27621.yaml,fe5dacd9c4e171f488b695ed7d1b65e21ef28f9b,CVE-2023-27621
956982314,arkede/cve-2023,CVE-2023-2654.yaml,fe679fe0617f21ec8f131d145930b5c6efd771c5,CVE-2023-2654
956982314,arkede/cve-2023,CVE-2023-40752.yaml,fe77a394597da46eadeed3ddfa2dd5ae7a37a26e,CVE-2023-40752
956982314,arkede/cve-2023,CVE-2023-43208.yaml,fe7941493bcf8b59fd55d2e57288bbb985cf2d65,CVE-2023-43208
956982314,arkede/cve-2023,CVE-2023-44241.yaml,fe897c6b02f099b883cb4f948d8b076f8cec38a6,CVE-2023-44241
956982314,arkede/cve-2023,CVE-2023-37389.yaml,fe975dfa41253df88e14bf845e4aebfaa5b2c5be,CVE-2023-37389
956982314,arkede/cve-2023,CVE-2023-44142.yaml,feb5968b9f8b45eea4de4d2429919b05d41ebee7,CVE-2023-44142
956982314,arkede/cve-2023,CVE-2023-0369.yaml,fed23fff7f7fb0ca04ced6842a9f83e8257238da,CVE-2023-0369
956982314,arkede/cve-2023,CVE-2023-34005.yaml,fed94141190a77618dbd3b8c8f8ff71fda8169ad,CVE-2023-34005
956982314,arkede/cve-2023,CVE-2023-26469_1.yaml,fef5e0a0a6c5d3fb658813db3402193eb13a9711,CVE-2023-26469
956982314,arkede/cve-2023,CVE-2023-26469_1.yaml,fef5e0a0a6c5d3fb658813db3402193eb13a9711,GHSA-7R9H-9R47-7VJJ
956982314,arkede/cve-2023,CVE-2023-0340.yaml,ff0cb0ee36e3056448ae39463f945b46b63e4f25,CVE-2023-0340
956982314,arkede/cve-2023,CVE-2023-27499.yaml,ff2caefbe4e8ed7ddd3027ecfb61502dbfa77e09,CVE-2023-27499
956982314,arkede/cve-2023,CVE-2023-37386.yaml,ff4c91e7bf57dbffeb00ecdbfb6700dbed21a997,CVE-2023-37386
956982314,arkede/cve-2023,CVE-2023-47775.yaml,ff50ecaa36509f73c946f987080cf3644977df90,CVE-2023-47775
956982314,arkede/cve-2023,CVE-2023-47668.yaml,ff530e38c2c6b231a740b2613401e3b17a0da649,CVE-2023-47668
956982314,arkede/cve-2023,CVE-2023-47656.yaml,ff590374a2908c00cfd5cc4c6fc70f989ece6cd2,CVE-2023-47656
956982314,arkede/cve-2023,CVE-2023-2023.yaml,ff850b722635dc9c053d8e5199ed89a48a336684,CVE-2023-2023
956982314,arkede/cve-2023,CVE-2023-37866.yaml,ff89ab272eb97c86d58e19ae2e7d40825b527bfd,CVE-2023-37866
956982314,arkede/cve-2023,CVE-2023-46605.yaml,ffa2f5cab97605a89e5bc00c957f7383aa2501cc,CVE-2023-46605
956982314,arkede/cve-2023,CVE-2023-47223.yaml,ffa9c45f68d7060896ae892adcc28c7383499c9d,CVE-2023-47223
956982314,arkede/cve-2023,CVE-2023-4842.yaml,ffaa595e36267f96c202094fc632d0e21c48e7a5,CVE-2023-4842
956982314,arkede/cve-2023,CVE-2023-5602.yaml,ffcbe927106f0e0619ca6bb727744794c8a3fe0f,CVE-2023-5602
956982314,arkede/cve-2023,CVE-2023-6783.yaml,fff7cbce7bea0bd2f65987d5744c670befbb58ed,CVE-2023-6783
956982314,arkede/cve-2023,CVE-2023-25135_3.yaml,fff873bcff8b333c1c464e2c44cad979375f929d,CVE-2023-25135
