repo_id,repo_full_name,file,file_sha1,match
735493683,yqcs/prismx,public/static/hub/prismx_linux_arm64,0649679fc1e12247f01e47eabd479aeb7ea79ad3,CVE-2021-2064
735493683,yqcs/prismx,public/static/hub/prismx_linux_arm64,0649679fc1e12247f01e47eabd479aeb7ea79ad3,CVE-2014-3704
735493683,yqcs/prismx,public/static/hub/prismx_linux_arm64,0649679fc1e12247f01e47eabd479aeb7ea79ad3,CVE-2020-25078
735493683,yqcs/prismx,public/static/hub/prismx_linux_arm64,0649679fc1e12247f01e47eabd479aeb7ea79ad3,CVE-2020-3452
735493683,yqcs/prismx,public/static/hub/prismx_linux_arm64,0649679fc1e12247f01e47eabd479aeb7ea79ad3,CVE-2020-5902
735493683,yqcs/prismx,public/static/hub/prismx_linux_arm64,0649679fc1e12247f01e47eabd479aeb7ea79ad3,CVE-2010-2861
735493683,yqcs/prismx,public/static/hub/prismx_linux_arm64,0649679fc1e12247f01e47eabd479aeb7ea79ad3,CVE-2020-8191
735493683,yqcs/prismx,public/static/hub/prismx_linux_arm64,0649679fc1e12247f01e47eabd479aeb7ea79ad3,CVE-2020-8193
735493683,yqcs/prismx,public/static/hub/prismx_linux_arm64,0649679fc1e12247f01e47eabd479aeb7ea79ad3,VU#154421
735493683,yqcs/prismx,public/static/hub/prismx_linux_arm64,0649679fc1e12247f01e47eabd479aeb7ea79ad3,CVE-2020-8209
735493683,yqcs/prismx,public/static/hub/prismx_linux_arm64,0649679fc1e12247f01e47eabd479aeb7ea79ad3,CNVD-2023-12632
735493683,yqcs/prismx,public/static/hub/prismx_linux_arm64,0649679fc1e12247f01e47eabd479aeb7ea79ad3,CVE-2020-9376
735493683,yqcs/prismx,public/static/hub/prismx_linux_arm64,0649679fc1e12247f01e47eabd479aeb7ea79ad3,CVE-2020-9496
735493683,yqcs/prismx,public/static/hub/prismx_linux_arm64,0649679fc1e12247f01e47eabd479aeb7ea79ad3,CVE-2020-9757
735493683,yqcs/prismx,public/static/hub/prismx_linux_arm64,0649679fc1e12247f01e47eabd479aeb7ea79ad3,CVE-2021-19520
735493683,yqcs/prismx,public/static/hub/prismx_linux_arm64,0649679fc1e12247f01e47eabd479aeb7ea79ad3,CNVD-2021-49104
735493683,yqcs/prismx,public/static/hub/prismx_linux_arm64,0649679fc1e12247f01e47eabd479aeb7ea79ad3,CVE-2021-1994
735493683,yqcs/prismx,public/static/hub/prismx_linux_arm64,0649679fc1e12247f01e47eabd479aeb7ea79ad3,CVE-2021-2047
735493683,yqcs/prismx,public/static/hub/prismx_linux_arm64,0649679fc1e12247f01e47eabd479aeb7ea79ad3,CNVD-2021-14193
735493683,yqcs/prismx,public/static/hub/prismx_linux_arm64,0649679fc1e12247f01e47eabd479aeb7ea79ad3,CVE-2021-26920
735493683,yqcs/prismx,public/static/hub/prismx_linux_arm64,0649679fc1e12247f01e47eabd479aeb7ea79ad3,CVE-2021-26855
735493683,yqcs/prismx,public/static/hub/prismx_linux_arm64,0649679fc1e12247f01e47eabd479aeb7ea79ad3,CVE-2021-26084
735493683,yqcs/prismx,public/static/hub/prismx_linux_arm64,0649679fc1e12247f01e47eabd479aeb7ea79ad3,CVE-2021-22986
735493683,yqcs/prismx,public/static/hub/prismx_linux_arm64,0649679fc1e12247f01e47eabd479aeb7ea79ad3,CNVD-2021-15822
735493683,yqcs/prismx,public/static/hub/prismx_linux_arm64,0649679fc1e12247f01e47eabd479aeb7ea79ad3,CVE-2020-21224
735493683,yqcs/prismx,public/static/hub/prismx_linux_arm64,0649679fc1e12247f01e47eabd479aeb7ea79ad3,CVE-2021-22205
735493683,yqcs/prismx,public/static/hub/prismx_linux_arm64,0649679fc1e12247f01e47eabd479aeb7ea79ad3,CVE-2021-2109
735493683,yqcs/prismx,public/static/hub/prismx_linux_arm64,0649679fc1e12247f01e47eabd479aeb7ea79ad3,CVE-2021-2108
735493683,yqcs/prismx,public/static/hub/prismx_linux_arm64,0649679fc1e12247f01e47eabd479aeb7ea79ad3,MS17-010
735493683,yqcs/prismx,public/static/hub/prismx_linux_arm64,0649679fc1e12247f01e47eabd479aeb7ea79ad3,CVE-2021-2075
735493683,yqcs/prismx,public/static/hub/prismx_linux_arm64,0649679fc1e12247f01e47eabd479aeb7ea79ad3,CNVD-2021-30193
735493683,yqcs/prismx,public/static/hub/prismx_linux_arm64,0649679fc1e12247f01e47eabd479aeb7ea79ad3,VU#88
735493683,yqcs/prismx,public/static/hub/prismx_linux_arm64,0649679fc1e12247f01e47eabd479aeb7ea79ad3,CVE-2021-21975
735493683,yqcs/prismx,public/static/hub/prismx_linux_arm64,0649679fc1e12247f01e47eabd479aeb7ea79ad3,MS15-058
735493683,yqcs/prismx,public/static/hub/prismx_linux_arm64,0649679fc1e12247f01e47eabd479aeb7ea79ad3,CVE-2020-1938
735493683,yqcs/prismx,public/static/hub/prismx_linux_arm64,0649679fc1e12247f01e47eabd479aeb7ea79ad3,VU#205
735493683,yqcs/prismx,public/static/hub/prismx_linux_arm64,0649679fc1e12247f01e47eabd479aeb7ea79ad3,CVE-2017-12635
735493683,yqcs/prismx,public/static/hub/prismx_linux_arm64,0649679fc1e12247f01e47eabd479aeb7ea79ad3,CVE-2017-9841
735493683,yqcs/prismx,public/static/hub/prismx_linux_arm64,0649679fc1e12247f01e47eabd479aeb7ea79ad3,CVE-2017-12615
735493683,yqcs/prismx,public/static/hub/prismx_linux_arm64,0649679fc1e12247f01e47eabd479aeb7ea79ad3,CVE-2018-1000110
735493683,yqcs/prismx,public/static/hub/prismx_linux_arm64,0649679fc1e12247f01e47eabd479aeb7ea79ad3,CVE-2018-1000861
735493683,yqcs/prismx,public/static/hub/prismx_linux_arm64,0649679fc1e12247f01e47eabd479aeb7ea79ad3,VU#771
735493683,yqcs/prismx,public/static/hub/prismx_linux_arm64,0649679fc1e12247f01e47eabd479aeb7ea79ad3,CVE-2018-19367
735493683,yqcs/prismx,public/static/hub/prismx_linux_arm64,0649679fc1e12247f01e47eabd479aeb7ea79ad3,CVE-2017-12149
735493683,yqcs/prismx,public/static/hub/prismx_linux_arm64,0649679fc1e12247f01e47eabd479aeb7ea79ad3,CVE-2018-2894
735493683,yqcs/prismx,public/static/hub/prismx_linux_arm64,0649679fc1e12247f01e47eabd479aeb7ea79ad3,CVE-2018-7600
735493683,yqcs/prismx,public/static/hub/prismx_linux_arm64,0649679fc1e12247f01e47eabd479aeb7ea79ad3,CVE-2018-7662
735493683,yqcs/prismx,public/static/hub/prismx_linux_arm64,0649679fc1e12247f01e47eabd479aeb7ea79ad3,CVE-2018-8033
735493683,yqcs/prismx,public/static/hub/prismx_linux_arm64,0649679fc1e12247f01e47eabd479aeb7ea79ad3,CVE-2017-10271
735493683,yqcs/prismx,public/static/hub/prismx_linux_arm64,0649679fc1e12247f01e47eabd479aeb7ea79ad3,CVE-2019-1003000
735493683,yqcs/prismx,public/static/hub/prismx_linux_arm64,0649679fc1e12247f01e47eabd479aeb7ea79ad3,CVE-2019-16313
735493683,yqcs/prismx,public/static/hub/prismx_linux_arm64,0649679fc1e12247f01e47eabd479aeb7ea79ad3,VU#861
735493683,yqcs/prismx,public/static/hub/prismx_linux_arm64,0649679fc1e12247f01e47eabd479aeb7ea79ad3,CVE-2016-4437
735493683,yqcs/prismx,public/static/hub/prismx_linux_arm64,0649679fc1e12247f01e47eabd479aeb7ea79ad3,CVE-2014-4210
735493683,yqcs/prismx,public/static/hub/prismx_linux_arm64,0649679fc1e12247f01e47eabd479aeb7ea79ad3,CVE-2020-14420
735493683,yqcs/prismx,public/static/hub/prismx_linux_arm64,0649679fc1e12247f01e47eabd479aeb7ea79ad3,CVE-2020-14181
735493683,yqcs/prismx,public/static/hub/prismx_linux_arm64,0649679fc1e12247f01e47eabd479aeb7ea79ad3,CVE-2020-13937
735493683,yqcs/prismx,public/static/hub/prismx_linux_arm64,0649679fc1e12247f01e47eabd479aeb7ea79ad3,CVE-2020-11991
735493683,yqcs/prismx,public/static/hub/prismx_linux_arm64,0649679fc1e12247f01e47eabd479aeb7ea79ad3,CVE-2015-5600
735493683,yqcs/prismx,public/static/hub/prismx_linux_arm64,0649679fc1e12247f01e47eabd479aeb7ea79ad3,CVE-2020-14756
735493683,yqcs/prismx,public/static/hub/prismx_linux_arm64,0649679fc1e12247f01e47eabd479aeb7ea79ad3,CVE-2020-0796
735493683,yqcs/prismx,public/static/hub/prismx_linux_arm64,0649679fc1e12247f01e47eabd479aeb7ea79ad3,CVE-2019-3403
735493683,yqcs/prismx,public/static/hub/prismx_linux_arm64,0649679fc1e12247f01e47eabd479aeb7ea79ad3,CVE-2016-3088
735493683,yqcs/prismx,public/static/hub/prismx_linux_arm64,0649679fc1e12247f01e47eabd479aeb7ea79ad3,CVE-2019-3396
735493683,yqcs/prismx,public/static/hub/prismx_linux_arm64,0649679fc1e12247f01e47eabd479aeb7ea79ad3,CVE-2019-19781
735493683,yqcs/prismx,public/static/hub/prismx_linux_arm64,0649679fc1e12247f01e47eabd479aeb7ea79ad3,VU#29
735493683,yqcs/prismx,public/static/hub/prismx_linux_arm64,0649679fc1e12247f01e47eabd479aeb7ea79ad3,CVE-2019-17195
735493683,yqcs/prismx,public/static/hub/prismx_linux_arm64,0649679fc1e12247f01e47eabd479aeb7ea79ad3,CVE-2019-8446
735493683,yqcs/prismx,public/static/hub/prismx_linux_arm64,0649679fc1e12247f01e47eabd479aeb7ea79ad3,CVE-2021-29441
735493683,yqcs/prismx,public/static/hub/prismx_linux_arm64,0649679fc1e12247f01e47eabd479aeb7ea79ad3,CVE-2017-12616
735493683,yqcs/prismx,public/static/hub/prismx_linux_arm64,0649679fc1e12247f01e47eabd479aeb7ea79ad3,CNVD-2020-62422
735493683,yqcs/prismx,public/static/hub/prismx_linux_arm64,0649679fc1e12247f01e47eabd479aeb7ea79ad3,CVE-2022-22947
735493683,yqcs/prismx,public/static/hub/prismx_linux_arm64,0649679fc1e12247f01e47eabd479aeb7ea79ad3,CVE-2023-28432
735493683,yqcs/prismx,public/static/hub/prismx_linux_arm64,0649679fc1e12247f01e47eabd479aeb7ea79ad3,CNVD-2021-01627
735493683,yqcs/prismx,public/static/hub/prismx_linux_arm64,0649679fc1e12247f01e47eabd479aeb7ea79ad3,MS09-062
735493683,yqcs/prismx,public/static/hub/prismx_linux_arm64,0649679fc1e12247f01e47eabd479aeb7ea79ad3,CVE-2021-41277
735493683,yqcs/prismx,public/static/hub/prismx_linux_arm64,0649679fc1e12247f01e47eabd479aeb7ea79ad3,CVE-2022-23131
735493683,yqcs/prismx,public/static/hub/prismx_linux_arm64,0649679fc1e12247f01e47eabd479aeb7ea79ad3,CVE-2024-36401
735493683,yqcs/prismx,public/static/hub/prismx_linux_arm64,0649679fc1e12247f01e47eabd479aeb7ea79ad3,MS12-070
735493683,yqcs/prismx,public/static/hub/prismx_linux_arm64,0649679fc1e12247f01e47eabd479aeb7ea79ad3,CVE-2021-40539
735493683,yqcs/prismx,public/static/hub/prismx_linux_arm64,0649679fc1e12247f01e47eabd479aeb7ea79ad3,CVE-2023-33246
735493683,yqcs/prismx,public/static/hub/prismx_linux_arm64,0649679fc1e12247f01e47eabd479aeb7ea79ad3,CVE-2023-22527
735493683,yqcs/prismx,public/static/hub/prismx_linux_arm64,0649679fc1e12247f01e47eabd479aeb7ea79ad3,CVE-2023-6895
735493683,yqcs/prismx,public/static/hub/prismx_linux_arm64,0649679fc1e12247f01e47eabd479aeb7ea79ad3,CVE-2021-44228
735493683,yqcs/prismx,public/static/hub/prismx_linux_arm64,0649679fc1e12247f01e47eabd479aeb7ea79ad3,CVE-2023-46604
735493683,yqcs/prismx,public/static/hub/prismx_linux_arm64,0649679fc1e12247f01e47eabd479aeb7ea79ad3,CVE-2021-45232
735493683,yqcs/prismx,public/static/hub/prismx_linux_arm64,0649679fc1e12247f01e47eabd479aeb7ea79ad3,CNVD-2019-19299
735493683,yqcs/prismx,public/static/hub/prismx_linux_arm64,0649679fc1e12247f01e47eabd479aeb7ea79ad3,CVE-2022-22965
735493683,yqcs/prismx,public/static/hub/prismx_linux_arm64,0649679fc1e12247f01e47eabd479aeb7ea79ad3,CNVD-2020-62437
735493683,yqcs/prismx,public/static/hub/prismx_linux_arm64,0649679fc1e12247f01e47eabd479aeb7ea79ad3,CVE-2021-41773
735493683,yqcs/prismx,public/static/hub/prismx_linux_arm64,0649679fc1e12247f01e47eabd479aeb7ea79ad3,MS03-031
735493683,yqcs/prismx,public/static/hub/prismx_linux_arm64,0649679fc1e12247f01e47eabd479aeb7ea79ad3,CVE-2023-3836
735493683,yqcs/prismx,public/static/hub/prismx_linux_arm64,0649679fc1e12247f01e47eabd479aeb7ea79ad3,CVE-2021-36749
735493683,yqcs/prismx,public/static/hub/prismx_linux_arm64,0649679fc1e12247f01e47eabd479aeb7ea79ad3,CVE-2021-3019
735493683,yqcs/prismx,public/static/hub/prismx_linux_arm64,0649679fc1e12247f01e47eabd479aeb7ea79ad3,MS09-004
735493683,yqcs/prismx,public/static/hub/prismx_linux_arm64,0649679fc1e12247f01e47eabd479aeb7ea79ad3,CVE-2021-3129
735493683,yqcs/prismx,public/static/hub/prismx_linux_arm64,0649679fc1e12247f01e47eabd479aeb7ea79ad3,CNVD-2020-58823
735493683,yqcs/prismx,public/static/hub/prismx_linux_arm64,0649679fc1e12247f01e47eabd479aeb7ea79ad3,CNVD-2021-10543
735493683,yqcs/prismx,public/static/hub/prismx_linux_arm64,0649679fc1e12247f01e47eabd479aeb7ea79ad3,CVE-2023-25157
735493683,yqcs/prismx,public/static/hub/prismx_linux_arm64,0649679fc1e12247f01e47eabd479aeb7ea79ad3,MS11-049
735493683,yqcs/prismx,public/static/hub/prismx_linux_arm64,0649679fc1e12247f01e47eabd479aeb7ea79ad3,CVE-2023-22515
735493683,yqcs/prismx,public/static/hub/prismx_linux_arm64,0649679fc1e12247f01e47eabd479aeb7ea79ad3,CVE-2021-3223
735493683,yqcs/prismx,public/static/hub/prismx_linux_arm64,0649679fc1e12247f01e47eabd479aeb7ea79ad3,MS08-052
735493683,yqcs/prismx,public/static/hub/prismx_linux_arm64,0649679fc1e12247f01e47eabd479aeb7ea79ad3,CVE-2021-36260
735493683,yqcs/prismx,public/static/hub/prismx_linux_arm64,0649679fc1e12247f01e47eabd479aeb7ea79ad3,CNNVD-202003-181
735493683,yqcs/prismx,public/static/hub/prismx_linux_arm64,0649679fc1e12247f01e47eabd479aeb7ea79ad3,MS08-040
735493683,yqcs/prismx,public/static/hub/prismx_linux_arm64,0649679fc1e12247f01e47eabd479aeb7ea79ad3,ZDI-11-113
735493683,yqcs/prismx,public/static/hub/prismx_linux_arm64,0649679fc1e12247f01e47eabd479aeb7ea79ad3,CVE-2023-22505
735493683,yqcs/prismx,public/static/hub/prismx_darwin_amd64,1b6ec514c97c81d6a02c406124ee34d319d47a63,CVE-2020-11991
735493683,yqcs/prismx,public/static/hub/prismx_darwin_amd64,1b6ec514c97c81d6a02c406124ee34d319d47a63,CVE-2020-0796
735493683,yqcs/prismx,public/static/hub/prismx_darwin_amd64,1b6ec514c97c81d6a02c406124ee34d319d47a63,VU#29
735493683,yqcs/prismx,public/static/hub/prismx_darwin_amd64,1b6ec514c97c81d6a02c406124ee34d319d47a63,CVE-2019-3403
735493683,yqcs/prismx,public/static/hub/prismx_darwin_amd64,1b6ec514c97c81d6a02c406124ee34d319d47a63,CVE-2023-3836
735493683,yqcs/prismx,public/static/hub/prismx_darwin_amd64,1b6ec514c97c81d6a02c406124ee34d319d47a63,CVE-2019-3396
735493683,yqcs/prismx,public/static/hub/prismx_darwin_amd64,1b6ec514c97c81d6a02c406124ee34d319d47a63,CVE-2023-28432
735493683,yqcs/prismx,public/static/hub/prismx_darwin_amd64,1b6ec514c97c81d6a02c406124ee34d319d47a63,CVE-2019-8446
735493683,yqcs/prismx,public/static/hub/prismx_darwin_amd64,1b6ec514c97c81d6a02c406124ee34d319d47a63,CVE-2023-33246
735493683,yqcs/prismx,public/static/hub/prismx_darwin_amd64,1b6ec514c97c81d6a02c406124ee34d319d47a63,CVE-2021-29441
735493683,yqcs/prismx,public/static/hub/prismx_darwin_amd64,1b6ec514c97c81d6a02c406124ee34d319d47a63,CVE-2019-1003000
735493683,yqcs/prismx,public/static/hub/prismx_darwin_amd64,1b6ec514c97c81d6a02c406124ee34d319d47a63,MS11-049
735493683,yqcs/prismx,public/static/hub/prismx_darwin_amd64,1b6ec514c97c81d6a02c406124ee34d319d47a63,VU#861
735493683,yqcs/prismx,public/static/hub/prismx_darwin_amd64,1b6ec514c97c81d6a02c406124ee34d319d47a63,CVE-2017-9841
735493683,yqcs/prismx,public/static/hub/prismx_darwin_amd64,1b6ec514c97c81d6a02c406124ee34d319d47a63,MS09-004
735493683,yqcs/prismx,public/static/hub/prismx_darwin_amd64,1b6ec514c97c81d6a02c406124ee34d319d47a63,CVE-2018-1000110
735493683,yqcs/prismx,public/static/hub/prismx_darwin_amd64,1b6ec514c97c81d6a02c406124ee34d319d47a63,MS08-052
735493683,yqcs/prismx,public/static/hub/prismx_darwin_amd64,1b6ec514c97c81d6a02c406124ee34d319d47a63,CVE-2018-1000861
735493683,yqcs/prismx,public/static/hub/prismx_darwin_amd64,1b6ec514c97c81d6a02c406124ee34d319d47a63,CVE-2018-19367
735493683,yqcs/prismx,public/static/hub/prismx_darwin_amd64,1b6ec514c97c81d6a02c406124ee34d319d47a63,CVE-2018-2894
735493683,yqcs/prismx,public/static/hub/prismx_darwin_amd64,1b6ec514c97c81d6a02c406124ee34d319d47a63,MS08-040
735493683,yqcs/prismx,public/static/hub/prismx_darwin_amd64,1b6ec514c97c81d6a02c406124ee34d319d47a63,CVE-2018-7600
735493683,yqcs/prismx,public/static/hub/prismx_darwin_amd64,1b6ec514c97c81d6a02c406124ee34d319d47a63,MS03-031
735493683,yqcs/prismx,public/static/hub/prismx_darwin_amd64,1b6ec514c97c81d6a02c406124ee34d319d47a63,CVE-2018-7662
735493683,yqcs/prismx,public/static/hub/prismx_darwin_amd64,1b6ec514c97c81d6a02c406124ee34d319d47a63,CVE-2018-8033
735493683,yqcs/prismx,public/static/hub/prismx_darwin_amd64,1b6ec514c97c81d6a02c406124ee34d319d47a63,CVE-2024-36401
735493683,yqcs/prismx,public/static/hub/prismx_darwin_amd64,1b6ec514c97c81d6a02c406124ee34d319d47a63,VU#771
735493683,yqcs/prismx,public/static/hub/prismx_darwin_amd64,1b6ec514c97c81d6a02c406124ee34d319d47a63,CVE-2019-16313
735493683,yqcs/prismx,public/static/hub/prismx_darwin_amd64,1b6ec514c97c81d6a02c406124ee34d319d47a63,CVE-2023-6895
735493683,yqcs/prismx,public/static/hub/prismx_darwin_amd64,1b6ec514c97c81d6a02c406124ee34d319d47a63,CVE-2019-17195
735493683,yqcs/prismx,public/static/hub/prismx_darwin_amd64,1b6ec514c97c81d6a02c406124ee34d319d47a63,CVE-2023-46604
735493683,yqcs/prismx,public/static/hub/prismx_darwin_amd64,1b6ec514c97c81d6a02c406124ee34d319d47a63,CVE-2019-19781
735493683,yqcs/prismx,public/static/hub/prismx_darwin_amd64,1b6ec514c97c81d6a02c406124ee34d319d47a63,CVE-2020-13937
735493683,yqcs/prismx,public/static/hub/prismx_darwin_amd64,1b6ec514c97c81d6a02c406124ee34d319d47a63,CVE-2020-21224
735493683,yqcs/prismx,public/static/hub/prismx_darwin_amd64,1b6ec514c97c81d6a02c406124ee34d319d47a63,CVE-2020-14181
735493683,yqcs/prismx,public/static/hub/prismx_darwin_amd64,1b6ec514c97c81d6a02c406124ee34d319d47a63,VU#154421
735493683,yqcs/prismx,public/static/hub/prismx_darwin_amd64,1b6ec514c97c81d6a02c406124ee34d319d47a63,CVE-2021-2047
735493683,yqcs/prismx,public/static/hub/prismx_darwin_amd64,1b6ec514c97c81d6a02c406124ee34d319d47a63,CVE-2021-2064
735493683,yqcs/prismx,public/static/hub/prismx_darwin_amd64,1b6ec514c97c81d6a02c406124ee34d319d47a63,CVE-2017-12635
735493683,yqcs/prismx,public/static/hub/prismx_darwin_amd64,1b6ec514c97c81d6a02c406124ee34d319d47a63,CVE-2021-41277
735493683,yqcs/prismx,public/static/hub/prismx_darwin_amd64,1b6ec514c97c81d6a02c406124ee34d319d47a63,CVE-2021-2075
735493683,yqcs/prismx,public/static/hub/prismx_darwin_amd64,1b6ec514c97c81d6a02c406124ee34d319d47a63,CVE-2021-40539
735493683,yqcs/prismx,public/static/hub/prismx_darwin_amd64,1b6ec514c97c81d6a02c406124ee34d319d47a63,CVE-2021-2108
735493683,yqcs/prismx,public/static/hub/prismx_darwin_amd64,1b6ec514c97c81d6a02c406124ee34d319d47a63,CVE-2021-2109
735493683,yqcs/prismx,public/static/hub/prismx_darwin_amd64,1b6ec514c97c81d6a02c406124ee34d319d47a63,CVE-2021-36749
735493683,yqcs/prismx,public/static/hub/prismx_darwin_amd64,1b6ec514c97c81d6a02c406124ee34d319d47a63,CVE-2021-21975
735493683,yqcs/prismx,public/static/hub/prismx_darwin_amd64,1b6ec514c97c81d6a02c406124ee34d319d47a63,MS15-058
735493683,yqcs/prismx,public/static/hub/prismx_darwin_amd64,1b6ec514c97c81d6a02c406124ee34d319d47a63,CVE-2021-22205
735493683,yqcs/prismx,public/static/hub/prismx_darwin_amd64,1b6ec514c97c81d6a02c406124ee34d319d47a63,CVE-2021-36260
735493683,yqcs/prismx,public/static/hub/prismx_darwin_amd64,1b6ec514c97c81d6a02c406124ee34d319d47a63,CVE-2021-22986
735493683,yqcs/prismx,public/static/hub/prismx_darwin_amd64,1b6ec514c97c81d6a02c406124ee34d319d47a63,MS17-010
735493683,yqcs/prismx,public/static/hub/prismx_darwin_amd64,1b6ec514c97c81d6a02c406124ee34d319d47a63,CVE-2021-26084
735493683,yqcs/prismx,public/static/hub/prismx_darwin_amd64,1b6ec514c97c81d6a02c406124ee34d319d47a63,CVE-2021-3223
735493683,yqcs/prismx,public/static/hub/prismx_darwin_amd64,1b6ec514c97c81d6a02c406124ee34d319d47a63,CVE-2021-26855
735493683,yqcs/prismx,public/static/hub/prismx_darwin_amd64,1b6ec514c97c81d6a02c406124ee34d319d47a63,CVE-2021-26920
735493683,yqcs/prismx,public/static/hub/prismx_darwin_amd64,1b6ec514c97c81d6a02c406124ee34d319d47a63,CVE-2021-3129
735493683,yqcs/prismx,public/static/hub/prismx_darwin_amd64,1b6ec514c97c81d6a02c406124ee34d319d47a63,CVE-2021-1994
735493683,yqcs/prismx,public/static/hub/prismx_darwin_amd64,1b6ec514c97c81d6a02c406124ee34d319d47a63,CVE-2021-41773
735493683,yqcs/prismx,public/static/hub/prismx_darwin_amd64,1b6ec514c97c81d6a02c406124ee34d319d47a63,CVE-2021-19520
735493683,yqcs/prismx,public/static/hub/prismx_darwin_amd64,1b6ec514c97c81d6a02c406124ee34d319d47a63,CVE-2021-44228
735493683,yqcs/prismx,public/static/hub/prismx_darwin_amd64,1b6ec514c97c81d6a02c406124ee34d319d47a63,CVE-2020-14420
735493683,yqcs/prismx,public/static/hub/prismx_darwin_amd64,1b6ec514c97c81d6a02c406124ee34d319d47a63,CVE-2023-22527
735493683,yqcs/prismx,public/static/hub/prismx_darwin_amd64,1b6ec514c97c81d6a02c406124ee34d319d47a63,CVE-2020-14756
735493683,yqcs/prismx,public/static/hub/prismx_darwin_amd64,1b6ec514c97c81d6a02c406124ee34d319d47a63,CVE-2023-22515
735493683,yqcs/prismx,public/static/hub/prismx_darwin_amd64,1b6ec514c97c81d6a02c406124ee34d319d47a63,CVE-2020-1938
735493683,yqcs/prismx,public/static/hub/prismx_darwin_amd64,1b6ec514c97c81d6a02c406124ee34d319d47a63,CVE-2021-3019
735493683,yqcs/prismx,public/static/hub/prismx_darwin_amd64,1b6ec514c97c81d6a02c406124ee34d319d47a63,CVE-2023-22505
735493683,yqcs/prismx,public/static/hub/prismx_darwin_amd64,1b6ec514c97c81d6a02c406124ee34d319d47a63,CVE-2020-25078
735493683,yqcs/prismx,public/static/hub/prismx_darwin_amd64,1b6ec514c97c81d6a02c406124ee34d319d47a63,CVE-2020-3452
735493683,yqcs/prismx,public/static/hub/prismx_darwin_amd64,1b6ec514c97c81d6a02c406124ee34d319d47a63,CVE-2022-23131
735493683,yqcs/prismx,public/static/hub/prismx_darwin_amd64,1b6ec514c97c81d6a02c406124ee34d319d47a63,CVE-2023-25157
735493683,yqcs/prismx,public/static/hub/prismx_darwin_amd64,1b6ec514c97c81d6a02c406124ee34d319d47a63,VU#205
735493683,yqcs/prismx,public/static/hub/prismx_darwin_amd64,1b6ec514c97c81d6a02c406124ee34d319d47a63,MS12-070
735493683,yqcs/prismx,public/static/hub/prismx_darwin_amd64,1b6ec514c97c81d6a02c406124ee34d319d47a63,CVE-2020-8191
735493683,yqcs/prismx,public/static/hub/prismx_darwin_amd64,1b6ec514c97c81d6a02c406124ee34d319d47a63,CVE-2022-22965
735493683,yqcs/prismx,public/static/hub/prismx_darwin_amd64,1b6ec514c97c81d6a02c406124ee34d319d47a63,CVE-2020-8193
735493683,yqcs/prismx,public/static/hub/prismx_darwin_amd64,1b6ec514c97c81d6a02c406124ee34d319d47a63,CVE-2020-8209
735493683,yqcs/prismx,public/static/hub/prismx_darwin_amd64,1b6ec514c97c81d6a02c406124ee34d319d47a63,CVE-2022-22947
735493683,yqcs/prismx,public/static/hub/prismx_darwin_amd64,1b6ec514c97c81d6a02c406124ee34d319d47a63,CVE-2020-9376
735493683,yqcs/prismx,public/static/hub/prismx_darwin_amd64,1b6ec514c97c81d6a02c406124ee34d319d47a63,CVE-2021-45232
735493683,yqcs/prismx,public/static/hub/prismx_darwin_amd64,1b6ec514c97c81d6a02c406124ee34d319d47a63,CVE-2020-9496
735493683,yqcs/prismx,public/static/hub/prismx_darwin_amd64,1b6ec514c97c81d6a02c406124ee34d319d47a63,CVE-2020-9757
735493683,yqcs/prismx,public/static/hub/prismx_darwin_amd64,1b6ec514c97c81d6a02c406124ee34d319d47a63,CVE-2020-5902
735493683,yqcs/prismx,public/static/hub/prismx_darwin_amd64,1b6ec514c97c81d6a02c406124ee34d319d47a63,CNNVD-202003-181
735493683,yqcs/prismx,public/static/hub/prismx_darwin_amd64,1b6ec514c97c81d6a02c406124ee34d319d47a63,MS09-062
735493683,yqcs/prismx,public/static/hub/prismx_darwin_amd64,1b6ec514c97c81d6a02c406124ee34d319d47a63,ZDI-11-113
735493683,yqcs/prismx,public/static/hub/prismx_darwin_amd64,1b6ec514c97c81d6a02c406124ee34d319d47a63,CVE-2017-12149
735493683,yqcs/prismx,public/static/hub/prismx_darwin_amd64,1b6ec514c97c81d6a02c406124ee34d319d47a63,CNVD-2020-62437
735493683,yqcs/prismx,public/static/hub/prismx_darwin_amd64,1b6ec514c97c81d6a02c406124ee34d319d47a63,CVE-2017-12615
735493683,yqcs/prismx,public/static/hub/prismx_darwin_amd64,1b6ec514c97c81d6a02c406124ee34d319d47a63,CVE-2017-10271
735493683,yqcs/prismx,public/static/hub/prismx_darwin_amd64,1b6ec514c97c81d6a02c406124ee34d319d47a63,CNVD-2021-15822
735493683,yqcs/prismx,public/static/hub/prismx_darwin_amd64,1b6ec514c97c81d6a02c406124ee34d319d47a63,CVE-2016-4437
735493683,yqcs/prismx,public/static/hub/prismx_darwin_amd64,1b6ec514c97c81d6a02c406124ee34d319d47a63,CVE-2016-3088
735493683,yqcs/prismx,public/static/hub/prismx_darwin_amd64,1b6ec514c97c81d6a02c406124ee34d319d47a63,CNVD-2021-49104
735493683,yqcs/prismx,public/static/hub/prismx_darwin_amd64,1b6ec514c97c81d6a02c406124ee34d319d47a63,CVE-2015-5600
735493683,yqcs/prismx,public/static/hub/prismx_darwin_amd64,1b6ec514c97c81d6a02c406124ee34d319d47a63,CNVD-2020-62422
735493683,yqcs/prismx,public/static/hub/prismx_darwin_amd64,1b6ec514c97c81d6a02c406124ee34d319d47a63,VU#88
735493683,yqcs/prismx,public/static/hub/prismx_darwin_amd64,1b6ec514c97c81d6a02c406124ee34d319d47a63,CNVD-2020-58823
735493683,yqcs/prismx,public/static/hub/prismx_darwin_amd64,1b6ec514c97c81d6a02c406124ee34d319d47a63,CVE-2014-4210
735493683,yqcs/prismx,public/static/hub/prismx_darwin_amd64,1b6ec514c97c81d6a02c406124ee34d319d47a63,CNVD-2019-19299
735493683,yqcs/prismx,public/static/hub/prismx_darwin_amd64,1b6ec514c97c81d6a02c406124ee34d319d47a63,CNVD-2023-12632
735493683,yqcs/prismx,public/static/hub/prismx_darwin_amd64,1b6ec514c97c81d6a02c406124ee34d319d47a63,CNVD-2021-01627
735493683,yqcs/prismx,public/static/hub/prismx_darwin_amd64,1b6ec514c97c81d6a02c406124ee34d319d47a63,CVE-2017-12616
735493683,yqcs/prismx,public/static/hub/prismx_darwin_amd64,1b6ec514c97c81d6a02c406124ee34d319d47a63,CVE-2014-3704
735493683,yqcs/prismx,public/static/hub/prismx_darwin_amd64,1b6ec514c97c81d6a02c406124ee34d319d47a63,CVE-2010-2861
735493683,yqcs/prismx,public/static/hub/prismx_darwin_amd64,1b6ec514c97c81d6a02c406124ee34d319d47a63,CNVD-2021-10543
735493683,yqcs/prismx,public/static/hub/prismx_darwin_amd64,1b6ec514c97c81d6a02c406124ee34d319d47a63,CNVD-2021-14193
735493683,yqcs/prismx,public/static/hub/prismx_darwin_amd64,1b6ec514c97c81d6a02c406124ee34d319d47a63,CNVD-2021-30193
735493683,yqcs/prismx,public/static/hub/lib.zip,3373a4c82b97b06e6a3aa36457bc39452f61ad89,CNVD-2021-26422
735493683,yqcs/prismx,public/static/hub/lib.zip,3373a4c82b97b06e6a3aa36457bc39452f61ad89,CNVD-2021-49104
735493683,yqcs/prismx,public/static/hub/lib.zip,3373a4c82b97b06e6a3aa36457bc39452f61ad89,CNVD-2022-03672
735493683,yqcs/prismx,public/static/hub/lib.zip,3373a4c82b97b06e6a3aa36457bc39452f61ad89,CNVD-2021-14536
735493683,yqcs/prismx,public/static/hub/lib.zip,3373a4c82b97b06e6a3aa36457bc39452f61ad89,CNVD-2021-10543
735493683,yqcs/prismx,public/static/hub/lib.zip,3373a4c82b97b06e6a3aa36457bc39452f61ad89,CNVD-2021-15822
735493683,yqcs/prismx,public/static/hub/lib.zip,3373a4c82b97b06e6a3aa36457bc39452f61ad89,CNVD-2021-01931
735493683,yqcs/prismx,public/static/hub/lib.zip,3373a4c82b97b06e6a3aa36457bc39452f61ad89,CNVD-2019-01348
735493683,yqcs/prismx,public/static/hub/lib.zip,3373a4c82b97b06e6a3aa36457bc39452f61ad89,CNVD-2020-46552
735493683,yqcs/prismx,public/static/hub/lib.zip,3373a4c82b97b06e6a3aa36457bc39452f61ad89,CNVD-2021-30167
735493683,yqcs/prismx,public/static/hub/lib.zip,3373a4c82b97b06e6a3aa36457bc39452f61ad89,CNVD-2019-06255
735493683,yqcs/prismx,public/static/hub/lib.zip,3373a4c82b97b06e6a3aa36457bc39452f61ad89,CNVD-2019-19299
735493683,yqcs/prismx,public/static/hub/lib.zip,3373a4c82b97b06e6a3aa36457bc39452f61ad89,CNVD-2020-67113
735493683,yqcs/prismx,public/static/hub/lib.zip,3373a4c82b97b06e6a3aa36457bc39452f61ad89,CNVD-2021-28277
735493683,yqcs/prismx,public/static/hub/lib.zip,3373a4c82b97b06e6a3aa36457bc39452f61ad89,CNVD-2020-68596
735493683,yqcs/prismx,public/static/hub/lib.zip,3373a4c82b97b06e6a3aa36457bc39452f61ad89,CNVD-2021-15824
735493683,yqcs/prismx,public/static/hub/lib.zip,3373a4c82b97b06e6a3aa36457bc39452f61ad89,CNVD-2018-13393
735493683,yqcs/prismx,public/static/hub/lib.zip,3373a4c82b97b06e6a3aa36457bc39452f61ad89,CNVD-2019-32204
735493683,yqcs/prismx,public/static/hub/lib.zip,3373a4c82b97b06e6a3aa36457bc39452f61ad89,CNVD-2021-09650
735493683,yqcs/prismx,public/static/hub/prismx_darwin_arm64,63b85c895c6f4bd22010fb32143be6f8749a8f29,CNVD-2020-62422
735493683,yqcs/prismx,public/static/hub/prismx_darwin_arm64,63b85c895c6f4bd22010fb32143be6f8749a8f29,CVE-2021-45232
735493683,yqcs/prismx,public/static/hub/prismx_darwin_arm64,63b85c895c6f4bd22010fb32143be6f8749a8f29,CNVD-2021-49104
735493683,yqcs/prismx,public/static/hub/prismx_darwin_arm64,63b85c895c6f4bd22010fb32143be6f8749a8f29,CVE-2018-1000110
735493683,yqcs/prismx,public/static/hub/prismx_darwin_arm64,63b85c895c6f4bd22010fb32143be6f8749a8f29,CVE-2020-14420
735493683,yqcs/prismx,public/static/hub/prismx_darwin_arm64,63b85c895c6f4bd22010fb32143be6f8749a8f29,CVE-2021-22205
735493683,yqcs/prismx,public/static/hub/prismx_darwin_arm64,63b85c895c6f4bd22010fb32143be6f8749a8f29,CVE-2021-2047
735493683,yqcs/prismx,public/static/hub/prismx_darwin_arm64,63b85c895c6f4bd22010fb32143be6f8749a8f29,CVE-2020-14181
735493683,yqcs/prismx,public/static/hub/prismx_darwin_arm64,63b85c895c6f4bd22010fb32143be6f8749a8f29,CVE-2020-14756
735493683,yqcs/prismx,public/static/hub/prismx_darwin_arm64,63b85c895c6f4bd22010fb32143be6f8749a8f29,CVE-2014-4210
735493683,yqcs/prismx,public/static/hub/prismx_darwin_arm64,63b85c895c6f4bd22010fb32143be6f8749a8f29,CVE-2020-1938
735493683,yqcs/prismx,public/static/hub/prismx_darwin_arm64,63b85c895c6f4bd22010fb32143be6f8749a8f29,CVE-2021-21975
735493683,yqcs/prismx,public/static/hub/prismx_darwin_arm64,63b85c895c6f4bd22010fb32143be6f8749a8f29,CVE-2024-36401
735493683,yqcs/prismx,public/static/hub/prismx_darwin_arm64,63b85c895c6f4bd22010fb32143be6f8749a8f29,CVE-2023-28432
735493683,yqcs/prismx,public/static/hub/prismx_darwin_arm64,63b85c895c6f4bd22010fb32143be6f8749a8f29,VU#88
735493683,yqcs/prismx,public/static/hub/prismx_darwin_arm64,63b85c895c6f4bd22010fb32143be6f8749a8f29,CNNVD-202003-181
735493683,yqcs/prismx,public/static/hub/prismx_darwin_arm64,63b85c895c6f4bd22010fb32143be6f8749a8f29,CVE-2015-5600
735493683,yqcs/prismx,public/static/hub/prismx_darwin_arm64,63b85c895c6f4bd22010fb32143be6f8749a8f29,CVE-2021-3019
735493683,yqcs/prismx,public/static/hub/prismx_darwin_arm64,63b85c895c6f4bd22010fb32143be6f8749a8f29,CVE-2023-22505
735493683,yqcs/prismx,public/static/hub/prismx_darwin_arm64,63b85c895c6f4bd22010fb32143be6f8749a8f29,CVE-2019-8446
735493683,yqcs/prismx,public/static/hub/prismx_darwin_arm64,63b85c895c6f4bd22010fb32143be6f8749a8f29,MS15-058
735493683,yqcs/prismx,public/static/hub/prismx_darwin_arm64,63b85c895c6f4bd22010fb32143be6f8749a8f29,CVE-2018-1000861
735493683,yqcs/prismx,public/static/hub/prismx_darwin_arm64,63b85c895c6f4bd22010fb32143be6f8749a8f29,VU#29
735493683,yqcs/prismx,public/static/hub/prismx_darwin_arm64,63b85c895c6f4bd22010fb32143be6f8749a8f29,CVE-2016-3088
735493683,yqcs/prismx,public/static/hub/prismx_darwin_arm64,63b85c895c6f4bd22010fb32143be6f8749a8f29,CNVD-2021-14193
735493683,yqcs/prismx,public/static/hub/prismx_darwin_arm64,63b85c895c6f4bd22010fb32143be6f8749a8f29,ZDI-11-113
735493683,yqcs/prismx,public/static/hub/prismx_darwin_arm64,63b85c895c6f4bd22010fb32143be6f8749a8f29,CVE-2021-22986
735493683,yqcs/prismx,public/static/hub/prismx_darwin_arm64,63b85c895c6f4bd22010fb32143be6f8749a8f29,CVE-2020-11991
735493683,yqcs/prismx,public/static/hub/prismx_darwin_arm64,63b85c895c6f4bd22010fb32143be6f8749a8f29,MS17-010
735493683,yqcs/prismx,public/static/hub/prismx_darwin_arm64,63b85c895c6f4bd22010fb32143be6f8749a8f29,MS09-004
735493683,yqcs/prismx,public/static/hub/prismx_darwin_arm64,63b85c895c6f4bd22010fb32143be6f8749a8f29,MS03-031
735493683,yqcs/prismx,public/static/hub/prismx_darwin_arm64,63b85c895c6f4bd22010fb32143be6f8749a8f29,VU#21
735493683,yqcs/prismx,public/static/hub/prismx_darwin_arm64,63b85c895c6f4bd22010fb32143be6f8749a8f29,CVE-2021-36260
735493683,yqcs/prismx,public/static/hub/prismx_darwin_arm64,63b85c895c6f4bd22010fb32143be6f8749a8f29,CVE-2020-13937
735493683,yqcs/prismx,public/static/hub/prismx_darwin_arm64,63b85c895c6f4bd22010fb32143be6f8749a8f29,CVE-2020-21224
735493683,yqcs/prismx,public/static/hub/prismx_darwin_arm64,63b85c895c6f4bd22010fb32143be6f8749a8f29,CVE-2021-19520
735493683,yqcs/prismx,public/static/hub/prismx_darwin_arm64,63b85c895c6f4bd22010fb32143be6f8749a8f29,CVE-2021-44228
735493683,yqcs/prismx,public/static/hub/prismx_darwin_arm64,63b85c895c6f4bd22010fb32143be6f8749a8f29,CNVD-2019-19299
735493683,yqcs/prismx,public/static/hub/prismx_darwin_arm64,63b85c895c6f4bd22010fb32143be6f8749a8f29,CNVD-2021-30193
735493683,yqcs/prismx,public/static/hub/prismx_darwin_arm64,63b85c895c6f4bd22010fb32143be6f8749a8f29,CVE-2020-8209
735493683,yqcs/prismx,public/static/hub/prismx_darwin_arm64,63b85c895c6f4bd22010fb32143be6f8749a8f29,CVE-2023-3836
735493683,yqcs/prismx,public/static/hub/prismx_darwin_arm64,63b85c895c6f4bd22010fb32143be6f8749a8f29,CVE-2023-46604
735493683,yqcs/prismx,public/static/hub/prismx_darwin_arm64,63b85c895c6f4bd22010fb32143be6f8749a8f29,CVE-2017-12635
735493683,yqcs/prismx,public/static/hub/prismx_darwin_arm64,63b85c895c6f4bd22010fb32143be6f8749a8f29,CVE-2021-41277
735493683,yqcs/prismx,public/static/hub/prismx_darwin_arm64,63b85c895c6f4bd22010fb32143be6f8749a8f29,CVE-2020-9376
735493683,yqcs/prismx,public/static/hub/prismx_darwin_arm64,63b85c895c6f4bd22010fb32143be6f8749a8f29,CVE-2021-3129
735493683,yqcs/prismx,public/static/hub/prismx_darwin_arm64,63b85c895c6f4bd22010fb32143be6f8749a8f29,CVE-2023-25157
735493683,yqcs/prismx,public/static/hub/prismx_darwin_arm64,63b85c895c6f4bd22010fb32143be6f8749a8f29,CVE-2021-2075
735493683,yqcs/prismx,public/static/hub/prismx_darwin_arm64,63b85c895c6f4bd22010fb32143be6f8749a8f29,CVE-2020-9496
735493683,yqcs/prismx,public/static/hub/prismx_darwin_arm64,63b85c895c6f4bd22010fb32143be6f8749a8f29,CVE-2021-36749
735493683,yqcs/prismx,public/static/hub/prismx_darwin_arm64,63b85c895c6f4bd22010fb32143be6f8749a8f29,CNVD-2023-12632
735493683,yqcs/prismx,public/static/hub/prismx_darwin_arm64,63b85c895c6f4bd22010fb32143be6f8749a8f29,VU#861
735493683,yqcs/prismx,public/static/hub/prismx_darwin_arm64,63b85c895c6f4bd22010fb32143be6f8749a8f29,CVE-2020-9757
735493683,yqcs/prismx,public/static/hub/prismx_darwin_arm64,63b85c895c6f4bd22010fb32143be6f8749a8f29,CVE-2021-2108
735493683,yqcs/prismx,public/static/hub/prismx_darwin_arm64,63b85c895c6f4bd22010fb32143be6f8749a8f29,CVE-2021-40539
735493683,yqcs/prismx,public/static/hub/prismx_darwin_arm64,63b85c895c6f4bd22010fb32143be6f8749a8f29,CVE-2010-2861
735493683,yqcs/prismx,public/static/hub/prismx_darwin_arm64,63b85c895c6f4bd22010fb32143be6f8749a8f29,CVE-2023-6895
735493683,yqcs/prismx,public/static/hub/prismx_darwin_arm64,63b85c895c6f4bd22010fb32143be6f8749a8f29,CVE-2020-25078
735493683,yqcs/prismx,public/static/hub/prismx_darwin_arm64,63b85c895c6f4bd22010fb32143be6f8749a8f29,MS11-049
735493683,yqcs/prismx,public/static/hub/prismx_darwin_arm64,63b85c895c6f4bd22010fb32143be6f8749a8f29,CNVD-2021-01627
735493683,yqcs/prismx,public/static/hub/prismx_darwin_arm64,63b85c895c6f4bd22010fb32143be6f8749a8f29,CVE-2017-9841
735493683,yqcs/prismx,public/static/hub/prismx_darwin_arm64,63b85c895c6f4bd22010fb32143be6f8749a8f29,MS09-062
735493683,yqcs/prismx,public/static/hub/prismx_darwin_arm64,63b85c895c6f4bd22010fb32143be6f8749a8f29,VU#205
735493683,yqcs/prismx,public/static/hub/prismx_darwin_arm64,63b85c895c6f4bd22010fb32143be6f8749a8f29,CVE-2020-3452
735493683,yqcs/prismx,public/static/hub/prismx_darwin_arm64,63b85c895c6f4bd22010fb32143be6f8749a8f29,CNVD-2021-10543
735493683,yqcs/prismx,public/static/hub/prismx_darwin_arm64,63b85c895c6f4bd22010fb32143be6f8749a8f29,CVE-2014-3704
735493683,yqcs/prismx,public/static/hub/prismx_darwin_arm64,63b85c895c6f4bd22010fb32143be6f8749a8f29,CVE-2017-12616
735493683,yqcs/prismx,public/static/hub/prismx_darwin_arm64,63b85c895c6f4bd22010fb32143be6f8749a8f29,CVE-2020-5902
735493683,yqcs/prismx,public/static/hub/prismx_darwin_arm64,63b85c895c6f4bd22010fb32143be6f8749a8f29,CVE-2021-2109
735493683,yqcs/prismx,public/static/hub/prismx_darwin_arm64,63b85c895c6f4bd22010fb32143be6f8749a8f29,CVE-2021-41773
735493683,yqcs/prismx,public/static/hub/prismx_darwin_arm64,63b85c895c6f4bd22010fb32143be6f8749a8f29,CVE-2020-8191
735493683,yqcs/prismx,public/static/hub/prismx_darwin_arm64,63b85c895c6f4bd22010fb32143be6f8749a8f29,CVE-2023-22515
735493683,yqcs/prismx,public/static/hub/prismx_darwin_arm64,63b85c895c6f4bd22010fb32143be6f8749a8f29,CVE-2020-8193
735493683,yqcs/prismx,public/static/hub/prismx_darwin_arm64,63b85c895c6f4bd22010fb32143be6f8749a8f29,CVE-2022-22947
735493683,yqcs/prismx,public/static/hub/prismx_darwin_arm64,63b85c895c6f4bd22010fb32143be6f8749a8f29,CVE-2020-0796
735493683,yqcs/prismx,public/static/hub/prismx_darwin_arm64,63b85c895c6f4bd22010fb32143be6f8749a8f29,CVE-2017-12149
735493683,yqcs/prismx,public/static/hub/prismx_darwin_arm64,63b85c895c6f4bd22010fb32143be6f8749a8f29,CVE-2021-3223
735493683,yqcs/prismx,public/static/hub/prismx_darwin_arm64,63b85c895c6f4bd22010fb32143be6f8749a8f29,CVE-2019-19781
735493683,yqcs/prismx,public/static/hub/prismx_darwin_arm64,63b85c895c6f4bd22010fb32143be6f8749a8f29,CVE-2023-33246
735493683,yqcs/prismx,public/static/hub/prismx_darwin_arm64,63b85c895c6f4bd22010fb32143be6f8749a8f29,CNVD-2020-58823
735493683,yqcs/prismx,public/static/hub/prismx_darwin_arm64,63b85c895c6f4bd22010fb32143be6f8749a8f29,MS12-070
735493683,yqcs/prismx,public/static/hub/prismx_darwin_arm64,63b85c895c6f4bd22010fb32143be6f8749a8f29,CVE-2019-1003000
735493683,yqcs/prismx,public/static/hub/prismx_darwin_arm64,63b85c895c6f4bd22010fb32143be6f8749a8f29,CVE-2018-7662
735493683,yqcs/prismx,public/static/hub/prismx_darwin_arm64,63b85c895c6f4bd22010fb32143be6f8749a8f29,CVE-2021-26855
735493683,yqcs/prismx,public/static/hub/prismx_darwin_arm64,63b85c895c6f4bd22010fb32143be6f8749a8f29,CVE-2019-17195
735493683,yqcs/prismx,public/static/hub/prismx_darwin_arm64,63b85c895c6f4bd22010fb32143be6f8749a8f29,CVE-2022-22965
735493683,yqcs/prismx,public/static/hub/prismx_darwin_arm64,63b85c895c6f4bd22010fb32143be6f8749a8f29,CVE-2017-12615
735493683,yqcs/prismx,public/static/hub/prismx_darwin_arm64,63b85c895c6f4bd22010fb32143be6f8749a8f29,CVE-2021-1994
735493683,yqcs/prismx,public/static/hub/prismx_darwin_arm64,63b85c895c6f4bd22010fb32143be6f8749a8f29,CVE-2018-19367
735493683,yqcs/prismx,public/static/hub/prismx_darwin_arm64,63b85c895c6f4bd22010fb32143be6f8749a8f29,VU#771
735493683,yqcs/prismx,public/static/hub/prismx_darwin_arm64,63b85c895c6f4bd22010fb32143be6f8749a8f29,CVE-2022-23131
735493683,yqcs/prismx,public/static/hub/prismx_darwin_arm64,63b85c895c6f4bd22010fb32143be6f8749a8f29,CVE-2019-16313
735493683,yqcs/prismx,public/static/hub/prismx_darwin_arm64,63b85c895c6f4bd22010fb32143be6f8749a8f29,CVE-2017-10271
735493683,yqcs/prismx,public/static/hub/prismx_darwin_arm64,63b85c895c6f4bd22010fb32143be6f8749a8f29,CVE-2018-8033
735493683,yqcs/prismx,public/static/hub/prismx_darwin_arm64,63b85c895c6f4bd22010fb32143be6f8749a8f29,CVE-2023-22527
735493683,yqcs/prismx,public/static/hub/prismx_darwin_arm64,63b85c895c6f4bd22010fb32143be6f8749a8f29,CVE-2021-26920
735493683,yqcs/prismx,public/static/hub/prismx_darwin_arm64,63b85c895c6f4bd22010fb32143be6f8749a8f29,MS08-052
735493683,yqcs/prismx,public/static/hub/prismx_darwin_arm64,63b85c895c6f4bd22010fb32143be6f8749a8f29,CVE-2021-2064
735493683,yqcs/prismx,public/static/hub/prismx_darwin_arm64,63b85c895c6f4bd22010fb32143be6f8749a8f29,CVE-2016-4437
735493683,yqcs/prismx,public/static/hub/prismx_darwin_arm64,63b85c895c6f4bd22010fb32143be6f8749a8f29,CNVD-2020-62437
735493683,yqcs/prismx,public/static/hub/prismx_darwin_arm64,63b85c895c6f4bd22010fb32143be6f8749a8f29,CNVD-2021-15822
735493683,yqcs/prismx,public/static/hub/prismx_darwin_arm64,63b85c895c6f4bd22010fb32143be6f8749a8f29,MS08-040
735493683,yqcs/prismx,public/static/hub/prismx_darwin_arm64,63b85c895c6f4bd22010fb32143be6f8749a8f29,CVE-2018-7600
735493683,yqcs/prismx,public/static/hub/prismx_darwin_arm64,63b85c895c6f4bd22010fb32143be6f8749a8f29,CVE-2021-29441
735493683,yqcs/prismx,public/static/hub/prismx_darwin_arm64,63b85c895c6f4bd22010fb32143be6f8749a8f29,CVE-2019-3396
735493683,yqcs/prismx,public/static/hub/prismx_darwin_arm64,63b85c895c6f4bd22010fb32143be6f8749a8f29,CVE-2019-3403
735493683,yqcs/prismx,public/static/hub/prismx_darwin_arm64,63b85c895c6f4bd22010fb32143be6f8749a8f29,CVE-2018-2894
735493683,yqcs/prismx,public/static/hub/prismx_darwin_arm64,63b85c895c6f4bd22010fb32143be6f8749a8f29,CVE-2021-26084
735493683,yqcs/prismx,public/static/hub/prismx_darwin_arm64,63b85c895c6f4bd22010fb32143be6f8749a8f29,VU#154421
735493683,yqcs/prismx,public/static/hub/prismx_linux_386,645e1e1008ab88ca9545ffe4dfabafb4c4b67576,CVE-2021-41773
735493683,yqcs/prismx,public/static/hub/prismx_linux_386,645e1e1008ab88ca9545ffe4dfabafb4c4b67576,CVE-2023-25157
735493683,yqcs/prismx,public/static/hub/prismx_linux_386,645e1e1008ab88ca9545ffe4dfabafb4c4b67576,CNVD-2019-19299
735493683,yqcs/prismx,public/static/hub/prismx_linux_386,645e1e1008ab88ca9545ffe4dfabafb4c4b67576,CVE-2021-26920
735493683,yqcs/prismx,public/static/hub/prismx_linux_386,645e1e1008ab88ca9545ffe4dfabafb4c4b67576,CVE-2021-2047
735493683,yqcs/prismx,public/static/hub/prismx_linux_386,645e1e1008ab88ca9545ffe4dfabafb4c4b67576,CNVD-2021-01627
735493683,yqcs/prismx,public/static/hub/prismx_linux_386,645e1e1008ab88ca9545ffe4dfabafb4c4b67576,MS09-062
735493683,yqcs/prismx,public/static/hub/prismx_linux_386,645e1e1008ab88ca9545ffe4dfabafb4c4b67576,CVE-2023-46604
735493683,yqcs/prismx,public/static/hub/prismx_linux_386,645e1e1008ab88ca9545ffe4dfabafb4c4b67576,CVE-2018-7600
735493683,yqcs/prismx,public/static/hub/prismx_linux_386,645e1e1008ab88ca9545ffe4dfabafb4c4b67576,CVE-2021-36749
735493683,yqcs/prismx,public/static/hub/prismx_linux_386,645e1e1008ab88ca9545ffe4dfabafb4c4b67576,VU#88
735493683,yqcs/prismx,public/static/hub/prismx_linux_386,645e1e1008ab88ca9545ffe4dfabafb4c4b67576,CVE-2018-2894
735493683,yqcs/prismx,public/static/hub/prismx_linux_386,645e1e1008ab88ca9545ffe4dfabafb4c4b67576,CVE-2021-2109
735493683,yqcs/prismx,public/static/hub/prismx_linux_386,645e1e1008ab88ca9545ffe4dfabafb4c4b67576,CVE-2018-8033
735493683,yqcs/prismx,public/static/hub/prismx_linux_386,645e1e1008ab88ca9545ffe4dfabafb4c4b67576,CVE-2020-3452
735493683,yqcs/prismx,public/static/hub/prismx_linux_386,645e1e1008ab88ca9545ffe4dfabafb4c4b67576,CVE-2018-19367
735493683,yqcs/prismx,public/static/hub/prismx_linux_386,645e1e1008ab88ca9545ffe4dfabafb4c4b67576,CVE-2014-3704
735493683,yqcs/prismx,public/static/hub/prismx_linux_386,645e1e1008ab88ca9545ffe4dfabafb4c4b67576,MS08-052
735493683,yqcs/prismx,public/static/hub/prismx_linux_386,645e1e1008ab88ca9545ffe4dfabafb4c4b67576,CVE-2020-9757
735493683,yqcs/prismx,public/static/hub/prismx_linux_386,645e1e1008ab88ca9545ffe4dfabafb4c4b67576,CVE-2020-5902
735493683,yqcs/prismx,public/static/hub/prismx_linux_386,645e1e1008ab88ca9545ffe4dfabafb4c4b67576,CNVD-2021-14193
735493683,yqcs/prismx,public/static/hub/prismx_linux_386,645e1e1008ab88ca9545ffe4dfabafb4c4b67576,CVE-2017-12616
735493683,yqcs/prismx,public/static/hub/prismx_linux_386,645e1e1008ab88ca9545ffe4dfabafb4c4b67576,CVE-2022-23131
735493683,yqcs/prismx,public/static/hub/prismx_linux_386,645e1e1008ab88ca9545ffe4dfabafb4c4b67576,CVE-2020-9376
735493683,yqcs/prismx,public/static/hub/prismx_linux_386,645e1e1008ab88ca9545ffe4dfabafb4c4b67576,CVE-2021-41277
735493683,yqcs/prismx,public/static/hub/prismx_linux_386,645e1e1008ab88ca9545ffe4dfabafb4c4b67576,CVE-2023-22505
735493683,yqcs/prismx,public/static/hub/prismx_linux_386,645e1e1008ab88ca9545ffe4dfabafb4c4b67576,CVE-2023-22515
735493683,yqcs/prismx,public/static/hub/prismx_linux_386,645e1e1008ab88ca9545ffe4dfabafb4c4b67576,CVE-2021-2075
735493683,yqcs/prismx,public/static/hub/prismx_linux_386,645e1e1008ab88ca9545ffe4dfabafb4c4b67576,CVE-2017-12149
735493683,yqcs/prismx,public/static/hub/prismx_linux_386,645e1e1008ab88ca9545ffe4dfabafb4c4b67576,CNVD-2021-30193
735493683,yqcs/prismx,public/static/hub/prismx_linux_386,645e1e1008ab88ca9545ffe4dfabafb4c4b67576,CVE-2020-8209
735493683,yqcs/prismx,public/static/hub/prismx_linux_386,645e1e1008ab88ca9545ffe4dfabafb4c4b67576,CVE-2021-3223
735493683,yqcs/prismx,public/static/hub/prismx_linux_386,645e1e1008ab88ca9545ffe4dfabafb4c4b67576,VU#771
735493683,yqcs/prismx,public/static/hub/prismx_linux_386,645e1e1008ab88ca9545ffe4dfabafb4c4b67576,CVE-2021-29441
735493683,yqcs/prismx,public/static/hub/prismx_linux_386,645e1e1008ab88ca9545ffe4dfabafb4c4b67576,CVE-2017-12635
735493683,yqcs/prismx,public/static/hub/prismx_linux_386,645e1e1008ab88ca9545ffe4dfabafb4c4b67576,CNVD-2023-12632
735493683,yqcs/prismx,public/static/hub/prismx_linux_386,645e1e1008ab88ca9545ffe4dfabafb4c4b67576,ZDI-11-113
735493683,yqcs/prismx,public/static/hub/prismx_linux_386,645e1e1008ab88ca9545ffe4dfabafb4c4b67576,CVE-2021-2108
735493683,yqcs/prismx,public/static/hub/prismx_linux_386,645e1e1008ab88ca9545ffe4dfabafb4c4b67576,CVE-2020-9496
735493683,yqcs/prismx,public/static/hub/prismx_linux_386,645e1e1008ab88ca9545ffe4dfabafb4c4b67576,VU#154421
735493683,yqcs/prismx,public/static/hub/prismx_linux_386,645e1e1008ab88ca9545ffe4dfabafb4c4b67576,CVE-2020-8193
735493683,yqcs/prismx,public/static/hub/prismx_linux_386,645e1e1008ab88ca9545ffe4dfabafb4c4b67576,CVE-2018-7662
735493683,yqcs/prismx,public/static/hub/prismx_linux_386,645e1e1008ab88ca9545ffe4dfabafb4c4b67576,CVE-2010-2861
735493683,yqcs/prismx,public/static/hub/prismx_linux_386,645e1e1008ab88ca9545ffe4dfabafb4c4b67576,MS15-058
735493683,yqcs/prismx,public/static/hub/prismx_linux_386,645e1e1008ab88ca9545ffe4dfabafb4c4b67576,CVE-2021-2064
735493683,yqcs/prismx,public/static/hub/prismx_linux_386,645e1e1008ab88ca9545ffe4dfabafb4c4b67576,CVE-2023-6895
735493683,yqcs/prismx,public/static/hub/prismx_linux_386,645e1e1008ab88ca9545ffe4dfabafb4c4b67576,CVE-2020-8191
735493683,yqcs/prismx,public/static/hub/prismx_linux_386,645e1e1008ab88ca9545ffe4dfabafb4c4b67576,CNVD-2021-15822
735493683,yqcs/prismx,public/static/hub/prismx_linux_386,645e1e1008ab88ca9545ffe4dfabafb4c4b67576,CVE-2017-10271
735493683,yqcs/prismx,public/static/hub/prismx_linux_386,645e1e1008ab88ca9545ffe4dfabafb4c4b67576,CVE-2020-25078
735493683,yqcs/prismx,public/static/hub/prismx_linux_386,645e1e1008ab88ca9545ffe4dfabafb4c4b67576,CVE-2016-4437
735493683,yqcs/prismx,public/static/hub/prismx_linux_386,645e1e1008ab88ca9545ffe4dfabafb4c4b67576,CVE-2015-5600
735493683,yqcs/prismx,public/static/hub/prismx_linux_386,645e1e1008ab88ca9545ffe4dfabafb4c4b67576,CVE-2021-45232
735493683,yqcs/prismx,public/static/hub/prismx_linux_386,645e1e1008ab88ca9545ffe4dfabafb4c4b67576,CVE-2021-36260
735493683,yqcs/prismx,public/static/hub/prismx_linux_386,645e1e1008ab88ca9545ffe4dfabafb4c4b67576,CVE-2020-13937
735493683,yqcs/prismx,public/static/hub/prismx_linux_386,645e1e1008ab88ca9545ffe4dfabafb4c4b67576,CVE-2019-19781
735493683,yqcs/prismx,public/static/hub/prismx_linux_386,645e1e1008ab88ca9545ffe4dfabafb4c4b67576,CVE-2017-12615
735493683,yqcs/prismx,public/static/hub/prismx_linux_386,645e1e1008ab88ca9545ffe4dfabafb4c4b67576,CVE-2023-22527
735493683,yqcs/prismx,public/static/hub/prismx_linux_386,645e1e1008ab88ca9545ffe4dfabafb4c4b67576,MS08-040
735493683,yqcs/prismx,public/static/hub/prismx_linux_386,645e1e1008ab88ca9545ffe4dfabafb4c4b67576,CNVD-2021-10543
735493683,yqcs/prismx,public/static/hub/prismx_linux_386,645e1e1008ab88ca9545ffe4dfabafb4c4b67576,CVE-2020-11991
735493683,yqcs/prismx,public/static/hub/prismx_linux_386,645e1e1008ab88ca9545ffe4dfabafb4c4b67576,CVE-2023-28432
735493683,yqcs/prismx,public/static/hub/prismx_linux_386,645e1e1008ab88ca9545ffe4dfabafb4c4b67576,MS03-031
735493683,yqcs/prismx,public/static/hub/prismx_linux_386,645e1e1008ab88ca9545ffe4dfabafb4c4b67576,CNVD-2021-49104
735493683,yqcs/prismx,public/static/hub/prismx_linux_386,645e1e1008ab88ca9545ffe4dfabafb4c4b67576,CVE-2019-3396
735493683,yqcs/prismx,public/static/hub/prismx_linux_386,645e1e1008ab88ca9545ffe4dfabafb4c4b67576,CVE-2021-22986
735493683,yqcs/prismx,public/static/hub/prismx_linux_386,645e1e1008ab88ca9545ffe4dfabafb4c4b67576,CVE-2021-40539
735493683,yqcs/prismx,public/static/hub/prismx_linux_386,645e1e1008ab88ca9545ffe4dfabafb4c4b67576,CVE-2020-0796
735493683,yqcs/prismx,public/static/hub/prismx_linux_386,645e1e1008ab88ca9545ffe4dfabafb4c4b67576,CVE-2023-3836
735493683,yqcs/prismx,public/static/hub/prismx_linux_386,645e1e1008ab88ca9545ffe4dfabafb4c4b67576,CVE-2021-26084
735493683,yqcs/prismx,public/static/hub/prismx_linux_386,645e1e1008ab88ca9545ffe4dfabafb4c4b67576,CVE-2016-3088
735493683,yqcs/prismx,public/static/hub/prismx_linux_386,645e1e1008ab88ca9545ffe4dfabafb4c4b67576,MS12-070
735493683,yqcs/prismx,public/static/hub/prismx_linux_386,645e1e1008ab88ca9545ffe4dfabafb4c4b67576,CVE-2018-1000861
735493683,yqcs/prismx,public/static/hub/prismx_linux_386,645e1e1008ab88ca9545ffe4dfabafb4c4b67576,CVE-2019-8446
735493683,yqcs/prismx,public/static/hub/prismx_linux_386,645e1e1008ab88ca9545ffe4dfabafb4c4b67576,VU#29
735493683,yqcs/prismx,public/static/hub/prismx_linux_386,645e1e1008ab88ca9545ffe4dfabafb4c4b67576,CVE-2023-33246
735493683,yqcs/prismx,public/static/hub/prismx_linux_386,645e1e1008ab88ca9545ffe4dfabafb4c4b67576,CVE-2022-22947
735493683,yqcs/prismx,public/static/hub/prismx_linux_386,645e1e1008ab88ca9545ffe4dfabafb4c4b67576,CVE-2020-14181
735493683,yqcs/prismx,public/static/hub/prismx_linux_386,645e1e1008ab88ca9545ffe4dfabafb4c4b67576,CNVD-2020-58823
735493683,yqcs/prismx,public/static/hub/prismx_linux_386,645e1e1008ab88ca9545ffe4dfabafb4c4b67576,CNNVD-202003-181
735493683,yqcs/prismx,public/static/hub/prismx_linux_386,645e1e1008ab88ca9545ffe4dfabafb4c4b67576,CVE-2018-1000110
735493683,yqcs/prismx,public/static/hub/prismx_linux_386,645e1e1008ab88ca9545ffe4dfabafb4c4b67576,CVE-2019-1003000
735493683,yqcs/prismx,public/static/hub/prismx_linux_386,645e1e1008ab88ca9545ffe4dfabafb4c4b67576,CVE-2021-3129
735493683,yqcs/prismx,public/static/hub/prismx_linux_386,645e1e1008ab88ca9545ffe4dfabafb4c4b67576,VU#205
735493683,yqcs/prismx,public/static/hub/prismx_linux_386,645e1e1008ab88ca9545ffe4dfabafb4c4b67576,CVE-2017-9841
735493683,yqcs/prismx,public/static/hub/prismx_linux_386,645e1e1008ab88ca9545ffe4dfabafb4c4b67576,CVE-2021-1994
735493683,yqcs/prismx,public/static/hub/prismx_linux_386,645e1e1008ab88ca9545ffe4dfabafb4c4b67576,CVE-2019-3403
735493683,yqcs/prismx,public/static/hub/prismx_linux_386,645e1e1008ab88ca9545ffe4dfabafb4c4b67576,CVE-2020-21224
735493683,yqcs/prismx,public/static/hub/prismx_linux_386,645e1e1008ab88ca9545ffe4dfabafb4c4b67576,CNVD-2020-62437
735493683,yqcs/prismx,public/static/hub/prismx_linux_386,645e1e1008ab88ca9545ffe4dfabafb4c4b67576,MS11-049
735493683,yqcs/prismx,public/static/hub/prismx_linux_386,645e1e1008ab88ca9545ffe4dfabafb4c4b67576,VU#861
735493683,yqcs/prismx,public/static/hub/prismx_linux_386,645e1e1008ab88ca9545ffe4dfabafb4c4b67576,CVE-2021-44228
735493683,yqcs/prismx,public/static/hub/prismx_linux_386,645e1e1008ab88ca9545ffe4dfabafb4c4b67576,CVE-2019-16313
735493683,yqcs/prismx,public/static/hub/prismx_linux_386,645e1e1008ab88ca9545ffe4dfabafb4c4b67576,CVE-2020-1938
735493683,yqcs/prismx,public/static/hub/prismx_linux_386,645e1e1008ab88ca9545ffe4dfabafb4c4b67576,CVE-2021-3019
735493683,yqcs/prismx,public/static/hub/prismx_linux_386,645e1e1008ab88ca9545ffe4dfabafb4c4b67576,CVE-2021-21975
735493683,yqcs/prismx,public/static/hub/prismx_linux_386,645e1e1008ab88ca9545ffe4dfabafb4c4b67576,CVE-2014-4210
735493683,yqcs/prismx,public/static/hub/prismx_linux_386,645e1e1008ab88ca9545ffe4dfabafb4c4b67576,CVE-2021-19520
735493683,yqcs/prismx,public/static/hub/prismx_linux_386,645e1e1008ab88ca9545ffe4dfabafb4c4b67576,CVE-2020-14756
735493683,yqcs/prismx,public/static/hub/prismx_linux_386,645e1e1008ab88ca9545ffe4dfabafb4c4b67576,CVE-2021-26855
735493683,yqcs/prismx,public/static/hub/prismx_linux_386,645e1e1008ab88ca9545ffe4dfabafb4c4b67576,CNVD-2020-62422
735493683,yqcs/prismx,public/static/hub/prismx_linux_386,645e1e1008ab88ca9545ffe4dfabafb4c4b67576,MS17-010
735493683,yqcs/prismx,public/static/hub/prismx_linux_386,645e1e1008ab88ca9545ffe4dfabafb4c4b67576,CVE-2022-22965
735493683,yqcs/prismx,public/static/hub/prismx_linux_386,645e1e1008ab88ca9545ffe4dfabafb4c4b67576,CVE-2021-22205
735493683,yqcs/prismx,public/static/hub/prismx_linux_386,645e1e1008ab88ca9545ffe4dfabafb4c4b67576,CVE-2020-14420
735493683,yqcs/prismx,public/static/hub/prismx_linux_386,645e1e1008ab88ca9545ffe4dfabafb4c4b67576,CVE-2019-17195
735493683,yqcs/prismx,public/static/hub/prismx_linux_386,645e1e1008ab88ca9545ffe4dfabafb4c4b67576,CVE-2024-36401
735493683,yqcs/prismx,public/static/hub/prismx_linux_386,645e1e1008ab88ca9545ffe4dfabafb4c4b67576,MS09-004
735493683,yqcs/prismx,public/static/hub/built.zip,6fe3ab4586a4a991581a2902730ff05412871445,VU#90
735493683,yqcs/prismx,public/static/hub/prismx_linux_amd64,7ecde56843246f55ca8ab3f46b4939d524043f49,CVE-2021-36749
735493683,yqcs/prismx,public/static/hub/prismx_linux_amd64,7ecde56843246f55ca8ab3f46b4939d524043f49,CVE-2023-3836
735493683,yqcs/prismx,public/static/hub/prismx_linux_amd64,7ecde56843246f55ca8ab3f46b4939d524043f49,CVE-2021-2064
735493683,yqcs/prismx,public/static/hub/prismx_linux_amd64,7ecde56843246f55ca8ab3f46b4939d524043f49,CVE-2023-22515
735493683,yqcs/prismx,public/static/hub/prismx_linux_amd64,7ecde56843246f55ca8ab3f46b4939d524043f49,CNVD-2021-30193
735493683,yqcs/prismx,public/static/hub/prismx_linux_amd64,7ecde56843246f55ca8ab3f46b4939d524043f49,MS15-058
735493683,yqcs/prismx,public/static/hub/prismx_linux_amd64,7ecde56843246f55ca8ab3f46b4939d524043f49,CNVD-2020-58823
735493683,yqcs/prismx,public/static/hub/prismx_linux_amd64,7ecde56843246f55ca8ab3f46b4939d524043f49,CVE-2021-3019
735493683,yqcs/prismx,public/static/hub/prismx_linux_amd64,7ecde56843246f55ca8ab3f46b4939d524043f49,MS11-049
735493683,yqcs/prismx,public/static/hub/prismx_linux_amd64,7ecde56843246f55ca8ab3f46b4939d524043f49,CVE-2021-29441
735493683,yqcs/prismx,public/static/hub/prismx_linux_amd64,7ecde56843246f55ca8ab3f46b4939d524043f49,CNVD-2021-14193
735493683,yqcs/prismx,public/static/hub/prismx_linux_amd64,7ecde56843246f55ca8ab3f46b4939d524043f49,CVE-2023-28432
735493683,yqcs/prismx,public/static/hub/prismx_linux_amd64,7ecde56843246f55ca8ab3f46b4939d524043f49,CVE-2021-26920
735493683,yqcs/prismx,public/static/hub/prismx_linux_amd64,7ecde56843246f55ca8ab3f46b4939d524043f49,CVE-2021-3223
735493683,yqcs/prismx,public/static/hub/prismx_linux_amd64,7ecde56843246f55ca8ab3f46b4939d524043f49,CVE-2021-2075
735493683,yqcs/prismx,public/static/hub/prismx_linux_amd64,7ecde56843246f55ca8ab3f46b4939d524043f49,CVE-2021-26855
735493683,yqcs/prismx,public/static/hub/prismx_linux_amd64,7ecde56843246f55ca8ab3f46b4939d524043f49,CVE-2021-26084
735493683,yqcs/prismx,public/static/hub/prismx_linux_amd64,7ecde56843246f55ca8ab3f46b4939d524043f49,CNVD-2021-15822
735493683,yqcs/prismx,public/static/hub/prismx_linux_amd64,7ecde56843246f55ca8ab3f46b4939d524043f49,CVE-2021-22986
735493683,yqcs/prismx,public/static/hub/prismx_linux_amd64,7ecde56843246f55ca8ab3f46b4939d524043f49,CVE-2021-22205
735493683,yqcs/prismx,public/static/hub/prismx_linux_amd64,7ecde56843246f55ca8ab3f46b4939d524043f49,CVE-2021-36260
735493683,yqcs/prismx,public/static/hub/prismx_linux_amd64,7ecde56843246f55ca8ab3f46b4939d524043f49,CVE-2021-21975
735493683,yqcs/prismx,public/static/hub/prismx_linux_amd64,7ecde56843246f55ca8ab3f46b4939d524043f49,MS17-010
735493683,yqcs/prismx,public/static/hub/prismx_linux_amd64,7ecde56843246f55ca8ab3f46b4939d524043f49,CVE-2021-2109
735493683,yqcs/prismx,public/static/hub/prismx_linux_amd64,7ecde56843246f55ca8ab3f46b4939d524043f49,CVE-2021-2108
735493683,yqcs/prismx,public/static/hub/prismx_linux_amd64,7ecde56843246f55ca8ab3f46b4939d524043f49,CNVD-2021-10543
735493683,yqcs/prismx,public/static/hub/prismx_linux_amd64,7ecde56843246f55ca8ab3f46b4939d524043f49,CVE-2023-33246
735493683,yqcs/prismx,public/static/hub/prismx_linux_amd64,7ecde56843246f55ca8ab3f46b4939d524043f49,CVE-2021-3129
735493683,yqcs/prismx,public/static/hub/prismx_linux_amd64,7ecde56843246f55ca8ab3f46b4939d524043f49,CVE-2020-11991
735493683,yqcs/prismx,public/static/hub/prismx_linux_amd64,7ecde56843246f55ca8ab3f46b4939d524043f49,VU#29
735493683,yqcs/prismx,public/static/hub/prismx_linux_amd64,7ecde56843246f55ca8ab3f46b4939d524043f49,CVE-2022-22947
735493683,yqcs/prismx,public/static/hub/prismx_linux_amd64,7ecde56843246f55ca8ab3f46b4939d524043f49,CVE-2019-3403
735493683,yqcs/prismx,public/static/hub/prismx_linux_amd64,7ecde56843246f55ca8ab3f46b4939d524043f49,CVE-2023-22527
735493683,yqcs/prismx,public/static/hub/prismx_linux_amd64,7ecde56843246f55ca8ab3f46b4939d524043f49,CVE-2016-3088
735493683,yqcs/prismx,public/static/hub/prismx_linux_amd64,7ecde56843246f55ca8ab3f46b4939d524043f49,CVE-2019-8446
735493683,yqcs/prismx,public/static/hub/prismx_linux_amd64,7ecde56843246f55ca8ab3f46b4939d524043f49,CVE-2020-0796
735493683,yqcs/prismx,public/static/hub/prismx_linux_amd64,7ecde56843246f55ca8ab3f46b4939d524043f49,CVE-2018-1000861
735493683,yqcs/prismx,public/static/hub/prismx_linux_amd64,7ecde56843246f55ca8ab3f46b4939d524043f49,MS03-031
735493683,yqcs/prismx,public/static/hub/prismx_linux_amd64,7ecde56843246f55ca8ab3f46b4939d524043f49,CVE-2021-2047
735493683,yqcs/prismx,public/static/hub/prismx_linux_amd64,7ecde56843246f55ca8ab3f46b4939d524043f49,CVE-2017-12615
735493683,yqcs/prismx,public/static/hub/prismx_linux_amd64,7ecde56843246f55ca8ab3f46b4939d524043f49,CVE-2021-45232
735493683,yqcs/prismx,public/static/hub/prismx_linux_amd64,7ecde56843246f55ca8ab3f46b4939d524043f49,CVE-2015-5600
735493683,yqcs/prismx,public/static/hub/prismx_linux_amd64,7ecde56843246f55ca8ab3f46b4939d524043f49,CVE-2020-13937
735493683,yqcs/prismx,public/static/hub/prismx_linux_amd64,7ecde56843246f55ca8ab3f46b4939d524043f49,CVE-2020-14181
735493683,yqcs/prismx,public/static/hub/prismx_linux_amd64,7ecde56843246f55ca8ab3f46b4939d524043f49,CVE-2020-14420
735493683,yqcs/prismx,public/static/hub/prismx_linux_amd64,7ecde56843246f55ca8ab3f46b4939d524043f49,MS12-070
735493683,yqcs/prismx,public/static/hub/prismx_linux_amd64,7ecde56843246f55ca8ab3f46b4939d524043f49,CVE-2023-22505
735493683,yqcs/prismx,public/static/hub/prismx_linux_amd64,7ecde56843246f55ca8ab3f46b4939d524043f49,ZDI-11-113
735493683,yqcs/prismx,public/static/hub/prismx_linux_amd64,7ecde56843246f55ca8ab3f46b4939d524043f49,CVE-2019-3396
735493683,yqcs/prismx,public/static/hub/prismx_linux_amd64,7ecde56843246f55ca8ab3f46b4939d524043f49,CVE-2019-19781
735493683,yqcs/prismx,public/static/hub/prismx_linux_amd64,7ecde56843246f55ca8ab3f46b4939d524043f49,CVE-2018-7600
735493683,yqcs/prismx,public/static/hub/prismx_linux_amd64,7ecde56843246f55ca8ab3f46b4939d524043f49,CNNVD-202003-181
735493683,yqcs/prismx,public/static/hub/prismx_linux_amd64,7ecde56843246f55ca8ab3f46b4939d524043f49,CVE-2022-23131
735493683,yqcs/prismx,public/static/hub/prismx_linux_amd64,7ecde56843246f55ca8ab3f46b4939d524043f49,CVE-2018-7662
735493683,yqcs/prismx,public/static/hub/prismx_linux_amd64,7ecde56843246f55ca8ab3f46b4939d524043f49,MS08-052
735493683,yqcs/prismx,public/static/hub/prismx_linux_amd64,7ecde56843246f55ca8ab3f46b4939d524043f49,CVE-2018-8033
735493683,yqcs/prismx,public/static/hub/prismx_linux_amd64,7ecde56843246f55ca8ab3f46b4939d524043f49,CVE-2017-10271
735493683,yqcs/prismx,public/static/hub/prismx_linux_amd64,7ecde56843246f55ca8ab3f46b4939d524043f49,CVE-2019-1003000
735493683,yqcs/prismx,public/static/hub/prismx_linux_amd64,7ecde56843246f55ca8ab3f46b4939d524043f49,MS09-062
735493683,yqcs/prismx,public/static/hub/prismx_linux_amd64,7ecde56843246f55ca8ab3f46b4939d524043f49,CVE-2019-16313
735493683,yqcs/prismx,public/static/hub/prismx_linux_amd64,7ecde56843246f55ca8ab3f46b4939d524043f49,CVE-2018-2894
735493683,yqcs/prismx,public/static/hub/prismx_linux_amd64,7ecde56843246f55ca8ab3f46b4939d524043f49,VU#861
735493683,yqcs/prismx,public/static/hub/prismx_linux_amd64,7ecde56843246f55ca8ab3f46b4939d524043f49,CVE-2022-22965
735493683,yqcs/prismx,public/static/hub/prismx_linux_amd64,7ecde56843246f55ca8ab3f46b4939d524043f49,CVE-2019-17195
735493683,yqcs/prismx,public/static/hub/prismx_linux_amd64,7ecde56843246f55ca8ab3f46b4939d524043f49,CNVD-2020-62437
735493683,yqcs/prismx,public/static/hub/prismx_linux_amd64,7ecde56843246f55ca8ab3f46b4939d524043f49,MS08-040
735493683,yqcs/prismx,public/static/hub/prismx_linux_amd64,7ecde56843246f55ca8ab3f46b4939d524043f49,CVE-2016-4437
735493683,yqcs/prismx,public/static/hub/prismx_linux_amd64,7ecde56843246f55ca8ab3f46b4939d524043f49,CVE-2018-19367
735493683,yqcs/prismx,public/static/hub/prismx_linux_amd64,7ecde56843246f55ca8ab3f46b4939d524043f49,VU#771
735493683,yqcs/prismx,public/static/hub/prismx_linux_amd64,7ecde56843246f55ca8ab3f46b4939d524043f49,CVE-2024-36401
735493683,yqcs/prismx,public/static/hub/prismx_linux_amd64,7ecde56843246f55ca8ab3f46b4939d524043f49,CVE-2020-14756
735493683,yqcs/prismx,public/static/hub/prismx_linux_amd64,7ecde56843246f55ca8ab3f46b4939d524043f49,CVE-2020-8209
735493683,yqcs/prismx,public/static/hub/prismx_linux_amd64,7ecde56843246f55ca8ab3f46b4939d524043f49,CVE-2017-9841
735493683,yqcs/prismx,public/static/hub/prismx_linux_amd64,7ecde56843246f55ca8ab3f46b4939d524043f49,CNVD-2020-62422
735493683,yqcs/prismx,public/static/hub/prismx_linux_amd64,7ecde56843246f55ca8ab3f46b4939d524043f49,CVE-2021-41277
735493683,yqcs/prismx,public/static/hub/prismx_linux_amd64,7ecde56843246f55ca8ab3f46b4939d524043f49,CVE-2020-9376
735493683,yqcs/prismx,public/static/hub/prismx_linux_amd64,7ecde56843246f55ca8ab3f46b4939d524043f49,CNVD-2023-12632
735493683,yqcs/prismx,public/static/hub/prismx_linux_amd64,7ecde56843246f55ca8ab3f46b4939d524043f49,CVE-2023-46604
735493683,yqcs/prismx,public/static/hub/prismx_linux_amd64,7ecde56843246f55ca8ab3f46b4939d524043f49,CVE-2020-9496
735493683,yqcs/prismx,public/static/hub/prismx_linux_amd64,7ecde56843246f55ca8ab3f46b4939d524043f49,VU#154421
735493683,yqcs/prismx,public/static/hub/prismx_linux_amd64,7ecde56843246f55ca8ab3f46b4939d524043f49,CVE-2020-9757
735493683,yqcs/prismx,public/static/hub/prismx_linux_amd64,7ecde56843246f55ca8ab3f46b4939d524043f49,CVE-2017-12635
735493683,yqcs/prismx,public/static/hub/prismx_linux_amd64,7ecde56843246f55ca8ab3f46b4939d524043f49,CVE-2021-19520
735493683,yqcs/prismx,public/static/hub/prismx_linux_amd64,7ecde56843246f55ca8ab3f46b4939d524043f49,CVE-2021-40539
735493683,yqcs/prismx,public/static/hub/prismx_linux_amd64,7ecde56843246f55ca8ab3f46b4939d524043f49,CVE-2021-1994
735493683,yqcs/prismx,public/static/hub/prismx_linux_amd64,7ecde56843246f55ca8ab3f46b4939d524043f49,CVE-2023-25157
735493683,yqcs/prismx,public/static/hub/prismx_linux_amd64,7ecde56843246f55ca8ab3f46b4939d524043f49,CNVD-2021-49104
735493683,yqcs/prismx,public/static/hub/prismx_linux_amd64,7ecde56843246f55ca8ab3f46b4939d524043f49,CVE-2017-12616
735493683,yqcs/prismx,public/static/hub/prismx_linux_amd64,7ecde56843246f55ca8ab3f46b4939d524043f49,VU#88
735493683,yqcs/prismx,public/static/hub/prismx_linux_amd64,7ecde56843246f55ca8ab3f46b4939d524043f49,CVE-2014-4210
735493683,yqcs/prismx,public/static/hub/prismx_linux_amd64,7ecde56843246f55ca8ab3f46b4939d524043f49,CNVD-2019-19299
735493683,yqcs/prismx,public/static/hub/prismx_linux_amd64,7ecde56843246f55ca8ab3f46b4939d524043f49,CVE-2020-8193
735493683,yqcs/prismx,public/static/hub/prismx_linux_amd64,7ecde56843246f55ca8ab3f46b4939d524043f49,CVE-2021-44228
735493683,yqcs/prismx,public/static/hub/prismx_linux_amd64,7ecde56843246f55ca8ab3f46b4939d524043f49,CVE-2020-1938
735493683,yqcs/prismx,public/static/hub/prismx_linux_amd64,7ecde56843246f55ca8ab3f46b4939d524043f49,VU#205
735493683,yqcs/prismx,public/static/hub/prismx_linux_amd64,7ecde56843246f55ca8ab3f46b4939d524043f49,CVE-2020-21224
735493683,yqcs/prismx,public/static/hub/prismx_linux_amd64,7ecde56843246f55ca8ab3f46b4939d524043f49,CVE-2020-25078
735493683,yqcs/prismx,public/static/hub/prismx_linux_amd64,7ecde56843246f55ca8ab3f46b4939d524043f49,CVE-2014-3704
735493683,yqcs/prismx,public/static/hub/prismx_linux_amd64,7ecde56843246f55ca8ab3f46b4939d524043f49,CVE-2018-1000110
735493683,yqcs/prismx,public/static/hub/prismx_linux_amd64,7ecde56843246f55ca8ab3f46b4939d524043f49,CVE-2020-3452
735493683,yqcs/prismx,public/static/hub/prismx_linux_amd64,7ecde56843246f55ca8ab3f46b4939d524043f49,CVE-2020-5902
735493683,yqcs/prismx,public/static/hub/prismx_linux_amd64,7ecde56843246f55ca8ab3f46b4939d524043f49,CVE-2023-6895
735493683,yqcs/prismx,public/static/hub/prismx_linux_amd64,7ecde56843246f55ca8ab3f46b4939d524043f49,MS09-004
735493683,yqcs/prismx,public/static/hub/prismx_linux_amd64,7ecde56843246f55ca8ab3f46b4939d524043f49,CVE-2020-8191
735493683,yqcs/prismx,public/static/hub/prismx_linux_amd64,7ecde56843246f55ca8ab3f46b4939d524043f49,CNVD-2021-01627
735493683,yqcs/prismx,public/static/hub/prismx_linux_amd64,7ecde56843246f55ca8ab3f46b4939d524043f49,CVE-2010-2861
735493683,yqcs/prismx,public/static/hub/prismx_linux_amd64,7ecde56843246f55ca8ab3f46b4939d524043f49,CVE-2021-41773
735493683,yqcs/prismx,public/static/hub/prismx_linux_amd64,7ecde56843246f55ca8ab3f46b4939d524043f49,CVE-2017-12149
735493683,yqcs/prismx,public/static/hub/prismx_linux_arm,95fe13fcb4a2e8c953acda77aa863d419a172674,CVE-2023-22515
735493683,yqcs/prismx,public/static/hub/prismx_linux_arm,95fe13fcb4a2e8c953acda77aa863d419a172674,CNVD-2020-62422
735493683,yqcs/prismx,public/static/hub/prismx_linux_arm,95fe13fcb4a2e8c953acda77aa863d419a172674,CVE-2023-22505
735493683,yqcs/prismx,public/static/hub/prismx_linux_arm,95fe13fcb4a2e8c953acda77aa863d419a172674,CVE-2023-25157
735493683,yqcs/prismx,public/static/hub/prismx_linux_arm,95fe13fcb4a2e8c953acda77aa863d419a172674,CVE-2022-23131
735493683,yqcs/prismx,public/static/hub/prismx_linux_arm,95fe13fcb4a2e8c953acda77aa863d419a172674,CVE-2021-36749
735493683,yqcs/prismx,public/static/hub/prismx_linux_arm,95fe13fcb4a2e8c953acda77aa863d419a172674,CVE-2021-40539
735493683,yqcs/prismx,public/static/hub/prismx_linux_arm,95fe13fcb4a2e8c953acda77aa863d419a172674,CVE-2021-41277
735493683,yqcs/prismx,public/static/hub/prismx_linux_arm,95fe13fcb4a2e8c953acda77aa863d419a172674,CNVD-2021-01627
735493683,yqcs/prismx,public/static/hub/prismx_linux_arm,95fe13fcb4a2e8c953acda77aa863d419a172674,MS11-049
735493683,yqcs/prismx,public/static/hub/prismx_linux_arm,95fe13fcb4a2e8c953acda77aa863d419a172674,CNVD-2020-58823
735493683,yqcs/prismx,public/static/hub/prismx_linux_arm,95fe13fcb4a2e8c953acda77aa863d419a172674,CVE-2021-41773
735493683,yqcs/prismx,public/static/hub/prismx_linux_arm,95fe13fcb4a2e8c953acda77aa863d419a172674,CVE-2021-44228
735493683,yqcs/prismx,public/static/hub/prismx_linux_arm,95fe13fcb4a2e8c953acda77aa863d419a172674,CVE-2021-36260
735493683,yqcs/prismx,public/static/hub/prismx_linux_arm,95fe13fcb4a2e8c953acda77aa863d419a172674,CVE-2021-45232
735493683,yqcs/prismx,public/static/hub/prismx_linux_arm,95fe13fcb4a2e8c953acda77aa863d419a172674,CVE-2023-22527
735493683,yqcs/prismx,public/static/hub/prismx_linux_arm,95fe13fcb4a2e8c953acda77aa863d419a172674,CVE-2022-22947
735493683,yqcs/prismx,public/static/hub/prismx_linux_arm,95fe13fcb4a2e8c953acda77aa863d419a172674,CNVD-2020-62437
735493683,yqcs/prismx,public/static/hub/prismx_linux_arm,95fe13fcb4a2e8c953acda77aa863d419a172674,CVE-2022-22965
735493683,yqcs/prismx,public/static/hub/prismx_linux_arm,95fe13fcb4a2e8c953acda77aa863d419a172674,CVE-2021-3223
735493683,yqcs/prismx,public/static/hub/prismx_linux_arm,95fe13fcb4a2e8c953acda77aa863d419a172674,CNVD-2021-10543
735493683,yqcs/prismx,public/static/hub/prismx_linux_arm,95fe13fcb4a2e8c953acda77aa863d419a172674,MS12-070
735493683,yqcs/prismx,public/static/hub/prismx_linux_arm,95fe13fcb4a2e8c953acda77aa863d419a172674,CVE-2020-9376
735493683,yqcs/prismx,public/static/hub/prismx_linux_arm,95fe13fcb4a2e8c953acda77aa863d419a172674,CVE-2021-3019
735493683,yqcs/prismx,public/static/hub/prismx_linux_arm,95fe13fcb4a2e8c953acda77aa863d419a172674,CVE-2015-5600
735493683,yqcs/prismx,public/static/hub/prismx_linux_arm,95fe13fcb4a2e8c953acda77aa863d419a172674,CVE-2020-13937
735493683,yqcs/prismx,public/static/hub/prismx_linux_arm,95fe13fcb4a2e8c953acda77aa863d419a172674,CVE-2020-14181
735493683,yqcs/prismx,public/static/hub/prismx_linux_arm,95fe13fcb4a2e8c953acda77aa863d419a172674,CVE-2020-14420
735493683,yqcs/prismx,public/static/hub/prismx_linux_arm,95fe13fcb4a2e8c953acda77aa863d419a172674,CVE-2024-36401
735493683,yqcs/prismx,public/static/hub/prismx_linux_arm,95fe13fcb4a2e8c953acda77aa863d419a172674,CVE-2014-4210
735493683,yqcs/prismx,public/static/hub/prismx_linux_arm,95fe13fcb4a2e8c953acda77aa863d419a172674,CVE-2020-14756
735493683,yqcs/prismx,public/static/hub/prismx_linux_arm,95fe13fcb4a2e8c953acda77aa863d419a172674,VU#205
735493683,yqcs/prismx,public/static/hub/prismx_linux_arm,95fe13fcb4a2e8c953acda77aa863d419a172674,CVE-2020-1938
735493683,yqcs/prismx,public/static/hub/prismx_linux_arm,95fe13fcb4a2e8c953acda77aa863d419a172674,CVE-2020-21224
735493683,yqcs/prismx,public/static/hub/prismx_linux_arm,95fe13fcb4a2e8c953acda77aa863d419a172674,CVE-2021-3129
735493683,yqcs/prismx,public/static/hub/prismx_linux_arm,95fe13fcb4a2e8c953acda77aa863d419a172674,CVE-2014-3704
735493683,yqcs/prismx,public/static/hub/prismx_linux_arm,95fe13fcb4a2e8c953acda77aa863d419a172674,VU#771
735493683,yqcs/prismx,public/static/hub/prismx_linux_arm,95fe13fcb4a2e8c953acda77aa863d419a172674,CVE-2020-25078
735493683,yqcs/prismx,public/static/hub/prismx_linux_arm,95fe13fcb4a2e8c953acda77aa863d419a172674,CVE-2020-3452
735493683,yqcs/prismx,public/static/hub/prismx_linux_arm,95fe13fcb4a2e8c953acda77aa863d419a172674,CVE-2018-19367
735493683,yqcs/prismx,public/static/hub/prismx_linux_arm,95fe13fcb4a2e8c953acda77aa863d419a172674,CVE-2020-5902
735493683,yqcs/prismx,public/static/hub/prismx_linux_arm,95fe13fcb4a2e8c953acda77aa863d419a172674,CVE-2020-11991
735493683,yqcs/prismx,public/static/hub/prismx_linux_arm,95fe13fcb4a2e8c953acda77aa863d419a172674,MS03-031
735493683,yqcs/prismx,public/static/hub/prismx_linux_arm,95fe13fcb4a2e8c953acda77aa863d419a172674,CVE-2020-0796
735493683,yqcs/prismx,public/static/hub/prismx_linux_arm,95fe13fcb4a2e8c953acda77aa863d419a172674,CVE-2019-8446
735493683,yqcs/prismx,public/static/hub/prismx_linux_arm,95fe13fcb4a2e8c953acda77aa863d419a172674,CVE-2018-7662
735493683,yqcs/prismx,public/static/hub/prismx_linux_arm,95fe13fcb4a2e8c953acda77aa863d419a172674,VU#861
735493683,yqcs/prismx,public/static/hub/prismx_linux_arm,95fe13fcb4a2e8c953acda77aa863d419a172674,CVE-2018-8033
735493683,yqcs/prismx,public/static/hub/prismx_linux_arm,95fe13fcb4a2e8c953acda77aa863d419a172674,CVE-2017-10271
735493683,yqcs/prismx,public/static/hub/prismx_linux_arm,95fe13fcb4a2e8c953acda77aa863d419a172674,CVE-2019-1003000
735493683,yqcs/prismx,public/static/hub/prismx_linux_arm,95fe13fcb4a2e8c953acda77aa863d419a172674,CNNVD-202003-181
735493683,yqcs/prismx,public/static/hub/prismx_linux_arm,95fe13fcb4a2e8c953acda77aa863d419a172674,CVE-2019-16313
735493683,yqcs/prismx,public/static/hub/prismx_linux_arm,95fe13fcb4a2e8c953acda77aa863d419a172674,CVE-2017-12149
735493683,yqcs/prismx,public/static/hub/prismx_linux_arm,95fe13fcb4a2e8c953acda77aa863d419a172674,CVE-2023-6895
735493683,yqcs/prismx,public/static/hub/prismx_linux_arm,95fe13fcb4a2e8c953acda77aa863d419a172674,CVE-2018-2894
735493683,yqcs/prismx,public/static/hub/prismx_linux_arm,95fe13fcb4a2e8c953acda77aa863d419a172674,CVE-2019-17195
735493683,yqcs/prismx,public/static/hub/prismx_linux_arm,95fe13fcb4a2e8c953acda77aa863d419a172674,CVE-2016-4437
735493683,yqcs/prismx,public/static/hub/prismx_linux_arm,95fe13fcb4a2e8c953acda77aa863d419a172674,CVE-2019-19781
735493683,yqcs/prismx,public/static/hub/prismx_linux_arm,95fe13fcb4a2e8c953acda77aa863d419a172674,VU#29
735493683,yqcs/prismx,public/static/hub/prismx_linux_arm,95fe13fcb4a2e8c953acda77aa863d419a172674,CVE-2019-3396
735493683,yqcs/prismx,public/static/hub/prismx_linux_arm,95fe13fcb4a2e8c953acda77aa863d419a172674,MS09-062
735493683,yqcs/prismx,public/static/hub/prismx_linux_arm,95fe13fcb4a2e8c953acda77aa863d419a172674,CVE-2019-3403
735493683,yqcs/prismx,public/static/hub/prismx_linux_arm,95fe13fcb4a2e8c953acda77aa863d419a172674,CVE-2016-3088
735493683,yqcs/prismx,public/static/hub/prismx_linux_arm,95fe13fcb4a2e8c953acda77aa863d419a172674,MS08-040
735493683,yqcs/prismx,public/static/hub/prismx_linux_arm,95fe13fcb4a2e8c953acda77aa863d419a172674,MS08-052
735493683,yqcs/prismx,public/static/hub/prismx_linux_arm,95fe13fcb4a2e8c953acda77aa863d419a172674,CVE-2010-2861
735493683,yqcs/prismx,public/static/hub/prismx_linux_arm,95fe13fcb4a2e8c953acda77aa863d419a172674,CVE-2020-8193
735493683,yqcs/prismx,public/static/hub/prismx_linux_arm,95fe13fcb4a2e8c953acda77aa863d419a172674,CVE-2021-2075
735493683,yqcs/prismx,public/static/hub/prismx_linux_arm,95fe13fcb4a2e8c953acda77aa863d419a172674,CVE-2021-2108
735493683,yqcs/prismx,public/static/hub/prismx_linux_arm,95fe13fcb4a2e8c953acda77aa863d419a172674,MS17-010
735493683,yqcs/prismx,public/static/hub/prismx_linux_arm,95fe13fcb4a2e8c953acda77aa863d419a172674,CVE-2021-2109
735493683,yqcs/prismx,public/static/hub/prismx_linux_arm,95fe13fcb4a2e8c953acda77aa863d419a172674,CVE-2021-21975
735493683,yqcs/prismx,public/static/hub/prismx_linux_arm,95fe13fcb4a2e8c953acda77aa863d419a172674,CVE-2017-9841
735493683,yqcs/prismx,public/static/hub/prismx_linux_arm,95fe13fcb4a2e8c953acda77aa863d419a172674,CVE-2021-22205
735493683,yqcs/prismx,public/static/hub/prismx_linux_arm,95fe13fcb4a2e8c953acda77aa863d419a172674,CVE-2023-33246
735493683,yqcs/prismx,public/static/hub/prismx_linux_arm,95fe13fcb4a2e8c953acda77aa863d419a172674,CVE-2020-8191
735493683,yqcs/prismx,public/static/hub/prismx_linux_arm,95fe13fcb4a2e8c953acda77aa863d419a172674,CNVD-2021-15822
735493683,yqcs/prismx,public/static/hub/prismx_linux_arm,95fe13fcb4a2e8c953acda77aa863d419a172674,CVE-2021-26084
735493683,yqcs/prismx,public/static/hub/prismx_linux_arm,95fe13fcb4a2e8c953acda77aa863d419a172674,CVE-2021-26855
735493683,yqcs/prismx,public/static/hub/prismx_linux_arm,95fe13fcb4a2e8c953acda77aa863d419a172674,CVE-2017-12635
735493683,yqcs/prismx,public/static/hub/prismx_linux_arm,95fe13fcb4a2e8c953acda77aa863d419a172674,CVE-2021-26920
735493683,yqcs/prismx,public/static/hub/prismx_linux_arm,95fe13fcb4a2e8c953acda77aa863d419a172674,CVE-2023-28432
735493683,yqcs/prismx,public/static/hub/prismx_linux_arm,95fe13fcb4a2e8c953acda77aa863d419a172674,CNVD-2021-14193
735493683,yqcs/prismx,public/static/hub/prismx_linux_arm,95fe13fcb4a2e8c953acda77aa863d419a172674,CVE-2021-29441
735493683,yqcs/prismx,public/static/hub/prismx_linux_arm,95fe13fcb4a2e8c953acda77aa863d419a172674,MS15-058
735493683,yqcs/prismx,public/static/hub/prismx_linux_arm,95fe13fcb4a2e8c953acda77aa863d419a172674,CVE-2021-22986
735493683,yqcs/prismx,public/static/hub/prismx_linux_arm,95fe13fcb4a2e8c953acda77aa863d419a172674,CVE-2017-12616
735493683,yqcs/prismx,public/static/hub/prismx_linux_arm,95fe13fcb4a2e8c953acda77aa863d419a172674,CNVD-2021-30193
735493683,yqcs/prismx,public/static/hub/prismx_linux_arm,95fe13fcb4a2e8c953acda77aa863d419a172674,CVE-2023-3836
735493683,yqcs/prismx,public/static/hub/prismx_linux_arm,95fe13fcb4a2e8c953acda77aa863d419a172674,CVE-2020-8209
735493683,yqcs/prismx,public/static/hub/prismx_linux_arm,95fe13fcb4a2e8c953acda77aa863d419a172674,CVE-2018-1000861
735493683,yqcs/prismx,public/static/hub/prismx_linux_arm,95fe13fcb4a2e8c953acda77aa863d419a172674,CNVD-2019-19299
735493683,yqcs/prismx,public/static/hub/prismx_linux_arm,95fe13fcb4a2e8c953acda77aa863d419a172674,VU#154421
735493683,yqcs/prismx,public/static/hub/prismx_linux_arm,95fe13fcb4a2e8c953acda77aa863d419a172674,CNVD-2023-12632
735493683,yqcs/prismx,public/static/hub/prismx_linux_arm,95fe13fcb4a2e8c953acda77aa863d419a172674,CVE-2017-12615
735493683,yqcs/prismx,public/static/hub/prismx_linux_arm,95fe13fcb4a2e8c953acda77aa863d419a172674,CVE-2023-46604
735493683,yqcs/prismx,public/static/hub/prismx_linux_arm,95fe13fcb4a2e8c953acda77aa863d419a172674,CVE-2020-9496
735493683,yqcs/prismx,public/static/hub/prismx_linux_arm,95fe13fcb4a2e8c953acda77aa863d419a172674,CVE-2021-2064
735493683,yqcs/prismx,public/static/hub/prismx_linux_arm,95fe13fcb4a2e8c953acda77aa863d419a172674,CVE-2020-9757
735493683,yqcs/prismx,public/static/hub/prismx_linux_arm,95fe13fcb4a2e8c953acda77aa863d419a172674,CVE-2021-19520
735493683,yqcs/prismx,public/static/hub/prismx_linux_arm,95fe13fcb4a2e8c953acda77aa863d419a172674,CVE-2018-1000110
735493683,yqcs/prismx,public/static/hub/prismx_linux_arm,95fe13fcb4a2e8c953acda77aa863d419a172674,ZDI-11-113
735493683,yqcs/prismx,public/static/hub/prismx_linux_arm,95fe13fcb4a2e8c953acda77aa863d419a172674,CNVD-2021-49104
735493683,yqcs/prismx,public/static/hub/prismx_linux_arm,95fe13fcb4a2e8c953acda77aa863d419a172674,CVE-2021-1994
735493683,yqcs/prismx,public/static/hub/prismx_linux_arm,95fe13fcb4a2e8c953acda77aa863d419a172674,MS09-004
735493683,yqcs/prismx,public/static/hub/prismx_linux_arm,95fe13fcb4a2e8c953acda77aa863d419a172674,CVE-2021-2047
735493683,yqcs/prismx,public/static/hub/prismx_linux_arm,95fe13fcb4a2e8c953acda77aa863d419a172674,VU#88
735493683,yqcs/prismx,public/static/hub/prismx_linux_arm,95fe13fcb4a2e8c953acda77aa863d419a172674,CVE-2018-7600
735493683,yqcs/prismx,public/static/hub/prismx_windows_amd64.exe,dbb1382e977537710697d3097e8cec16713f93e5,MS09-004
735493683,yqcs/prismx,public/static/hub/prismx_windows_amd64.exe,dbb1382e977537710697d3097e8cec16713f93e5,CVE-2023-22515
735493683,yqcs/prismx,public/static/hub/prismx_windows_amd64.exe,dbb1382e977537710697d3097e8cec16713f93e5,MS08-052
735493683,yqcs/prismx,public/static/hub/prismx_windows_amd64.exe,dbb1382e977537710697d3097e8cec16713f93e5,MS09-062
735493683,yqcs/prismx,public/static/hub/prismx_windows_amd64.exe,dbb1382e977537710697d3097e8cec16713f93e5,CNNVD-202003-181
735493683,yqcs/prismx,public/static/hub/prismx_windows_amd64.exe,dbb1382e977537710697d3097e8cec16713f93e5,MS03-031
735493683,yqcs/prismx,public/static/hub/prismx_windows_amd64.exe,dbb1382e977537710697d3097e8cec16713f93e5,CVE-2024-36401
735493683,yqcs/prismx,public/static/hub/prismx_windows_amd64.exe,dbb1382e977537710697d3097e8cec16713f93e5,CVE-2023-22527
735493683,yqcs/prismx,public/static/hub/prismx_windows_amd64.exe,dbb1382e977537710697d3097e8cec16713f93e5,CVE-2023-6895
735493683,yqcs/prismx,public/static/hub/prismx_windows_amd64.exe,dbb1382e977537710697d3097e8cec16713f93e5,CVE-2023-46604
735493683,yqcs/prismx,public/static/hub/prismx_windows_amd64.exe,dbb1382e977537710697d3097e8cec16713f93e5,CNVD-2020-58823
735493683,yqcs/prismx,public/static/hub/prismx_windows_amd64.exe,dbb1382e977537710697d3097e8cec16713f93e5,CNVD-2019-19299
735493683,yqcs/prismx,public/static/hub/prismx_windows_amd64.exe,dbb1382e977537710697d3097e8cec16713f93e5,CVE-2023-3836
735493683,yqcs/prismx,public/static/hub/prismx_windows_amd64.exe,dbb1382e977537710697d3097e8cec16713f93e5,CVE-2023-33246
735493683,yqcs/prismx,public/static/hub/prismx_windows_amd64.exe,dbb1382e977537710697d3097e8cec16713f93e5,CVE-2023-25157
735493683,yqcs/prismx,public/static/hub/prismx_windows_amd64.exe,dbb1382e977537710697d3097e8cec16713f93e5,CVE-2023-28432
735493683,yqcs/prismx,public/static/hub/prismx_windows_amd64.exe,dbb1382e977537710697d3097e8cec16713f93e5,MS08-040
735493683,yqcs/prismx,public/static/hub/prismx_windows_amd64.exe,dbb1382e977537710697d3097e8cec16713f93e5,CVE-2017-12616
735493683,yqcs/prismx,public/static/hub/prismx_windows_amd64.exe,dbb1382e977537710697d3097e8cec16713f93e5,MS17-010
735493683,yqcs/prismx,public/static/hub/prismx_windows_amd64.exe,dbb1382e977537710697d3097e8cec16713f93e5,CVE-2023-22505
735493683,yqcs/prismx,public/static/hub/prismx_windows_amd64.exe,dbb1382e977537710697d3097e8cec16713f93e5,CVE-2020-0796
735493683,yqcs/prismx,public/static/hub/prismx_windows_amd64.exe,dbb1382e977537710697d3097e8cec16713f93e5,CVE-2015-5600
735493683,yqcs/prismx,public/static/hub/prismx_windows_amd64.exe,dbb1382e977537710697d3097e8cec16713f93e5,CVE-2020-11991
735493683,yqcs/prismx,public/static/hub/prismx_windows_amd64.exe,dbb1382e977537710697d3097e8cec16713f93e5,CVE-2020-13937
735493683,yqcs/prismx,public/static/hub/prismx_windows_amd64.exe,dbb1382e977537710697d3097e8cec16713f93e5,CVE-2020-14181
735493683,yqcs/prismx,public/static/hub/prismx_windows_amd64.exe,dbb1382e977537710697d3097e8cec16713f93e5,VU#205
735493683,yqcs/prismx,public/static/hub/prismx_windows_amd64.exe,dbb1382e977537710697d3097e8cec16713f93e5,CVE-2014-4210
735493683,yqcs/prismx,public/static/hub/prismx_windows_amd64.exe,dbb1382e977537710697d3097e8cec16713f93e5,CVE-2020-14420
735493683,yqcs/prismx,public/static/hub/prismx_windows_amd64.exe,dbb1382e977537710697d3097e8cec16713f93e5,CVE-2020-14756
735493683,yqcs/prismx,public/static/hub/prismx_windows_amd64.exe,dbb1382e977537710697d3097e8cec16713f93e5,CVE-2020-1938
735493683,yqcs/prismx,public/static/hub/prismx_windows_amd64.exe,dbb1382e977537710697d3097e8cec16713f93e5,CVE-2014-3704
735493683,yqcs/prismx,public/static/hub/prismx_windows_amd64.exe,dbb1382e977537710697d3097e8cec16713f93e5,CVE-2020-21224
735493683,yqcs/prismx,public/static/hub/prismx_windows_amd64.exe,dbb1382e977537710697d3097e8cec16713f93e5,CVE-2020-3452
735493683,yqcs/prismx,public/static/hub/prismx_windows_amd64.exe,dbb1382e977537710697d3097e8cec16713f93e5,CVE-2010-2861
735493683,yqcs/prismx,public/static/hub/prismx_windows_amd64.exe,dbb1382e977537710697d3097e8cec16713f93e5,CVE-2020-5902
735493683,yqcs/prismx,public/static/hub/prismx_windows_amd64.exe,dbb1382e977537710697d3097e8cec16713f93e5,CVE-2020-8191
735493683,yqcs/prismx,public/static/hub/prismx_windows_amd64.exe,dbb1382e977537710697d3097e8cec16713f93e5,VU#154421
735493683,yqcs/prismx,public/static/hub/prismx_windows_amd64.exe,dbb1382e977537710697d3097e8cec16713f93e5,CVE-2020-8193
735493683,yqcs/prismx,public/static/hub/prismx_windows_amd64.exe,dbb1382e977537710697d3097e8cec16713f93e5,MS11-049
735493683,yqcs/prismx,public/static/hub/prismx_windows_amd64.exe,dbb1382e977537710697d3097e8cec16713f93e5,CVE-2019-8446
735493683,yqcs/prismx,public/static/hub/prismx_windows_amd64.exe,dbb1382e977537710697d3097e8cec16713f93e5,CVE-2019-3403
735493683,yqcs/prismx,public/static/hub/prismx_windows_amd64.exe,dbb1382e977537710697d3097e8cec16713f93e5,CVE-2016-3088
735493683,yqcs/prismx,public/static/hub/prismx_windows_amd64.exe,dbb1382e977537710697d3097e8cec16713f93e5,CVE-2019-3396
735493683,yqcs/prismx,public/static/hub/prismx_windows_amd64.exe,dbb1382e977537710697d3097e8cec16713f93e5,CVE-2017-12635
735493683,yqcs/prismx,public/static/hub/prismx_windows_amd64.exe,dbb1382e977537710697d3097e8cec16713f93e5,CVE-2017-9841
735493683,yqcs/prismx,public/static/hub/prismx_windows_amd64.exe,dbb1382e977537710697d3097e8cec16713f93e5,CVE-2017-12615
735493683,yqcs/prismx,public/static/hub/prismx_windows_amd64.exe,dbb1382e977537710697d3097e8cec16713f93e5,CVE-2018-1000110
735493683,yqcs/prismx,public/static/hub/prismx_windows_amd64.exe,dbb1382e977537710697d3097e8cec16713f93e5,VU#771
735493683,yqcs/prismx,public/static/hub/prismx_windows_amd64.exe,dbb1382e977537710697d3097e8cec16713f93e5,CVE-2018-1000861
735493683,yqcs/prismx,public/static/hub/prismx_windows_amd64.exe,dbb1382e977537710697d3097e8cec16713f93e5,CVE-2018-19367
735493683,yqcs/prismx,public/static/hub/prismx_windows_amd64.exe,dbb1382e977537710697d3097e8cec16713f93e5,CVE-2017-12149
735493683,yqcs/prismx,public/static/hub/prismx_windows_amd64.exe,dbb1382e977537710697d3097e8cec16713f93e5,CVE-2018-2894
735493683,yqcs/prismx,public/static/hub/prismx_windows_amd64.exe,dbb1382e977537710697d3097e8cec16713f93e5,CVE-2020-8209
735493683,yqcs/prismx,public/static/hub/prismx_windows_amd64.exe,dbb1382e977537710697d3097e8cec16713f93e5,CVE-2018-7600
735493683,yqcs/prismx,public/static/hub/prismx_windows_amd64.exe,dbb1382e977537710697d3097e8cec16713f93e5,CVE-2017-10271
735493683,yqcs/prismx,public/static/hub/prismx_windows_amd64.exe,dbb1382e977537710697d3097e8cec16713f93e5,CVE-2018-8033
735493683,yqcs/prismx,public/static/hub/prismx_windows_amd64.exe,dbb1382e977537710697d3097e8cec16713f93e5,CVE-2019-1003000
735493683,yqcs/prismx,public/static/hub/prismx_windows_amd64.exe,dbb1382e977537710697d3097e8cec16713f93e5,CVE-2019-16313
735493683,yqcs/prismx,public/static/hub/prismx_windows_amd64.exe,dbb1382e977537710697d3097e8cec16713f93e5,VU#29
735493683,yqcs/prismx,public/static/hub/prismx_windows_amd64.exe,dbb1382e977537710697d3097e8cec16713f93e5,CVE-2016-4437
735493683,yqcs/prismx,public/static/hub/prismx_windows_amd64.exe,dbb1382e977537710697d3097e8cec16713f93e5,CVE-2019-17195
735493683,yqcs/prismx,public/static/hub/prismx_windows_amd64.exe,dbb1382e977537710697d3097e8cec16713f93e5,CVE-2019-19781
735493683,yqcs/prismx,public/static/hub/prismx_windows_amd64.exe,dbb1382e977537710697d3097e8cec16713f93e5,VU#861
735493683,yqcs/prismx,public/static/hub/prismx_windows_amd64.exe,dbb1382e977537710697d3097e8cec16713f93e5,CVE-2018-7662
735493683,yqcs/prismx,public/static/hub/prismx_windows_amd64.exe,dbb1382e977537710697d3097e8cec16713f93e5,CVE-2020-9376
735493683,yqcs/prismx,public/static/hub/prismx_windows_amd64.exe,dbb1382e977537710697d3097e8cec16713f93e5,CNVD-2023-12632
735493683,yqcs/prismx,public/static/hub/prismx_windows_amd64.exe,dbb1382e977537710697d3097e8cec16713f93e5,CVE-2020-9496
735493683,yqcs/prismx,public/static/hub/prismx_windows_amd64.exe,dbb1382e977537710697d3097e8cec16713f93e5,CVE-2021-26920
735493683,yqcs/prismx,public/static/hub/prismx_windows_amd64.exe,dbb1382e977537710697d3097e8cec16713f93e5,CVE-2021-29441
735493683,yqcs/prismx,public/static/hub/prismx_windows_amd64.exe,dbb1382e977537710697d3097e8cec16713f93e5,CVE-2021-3019
735493683,yqcs/prismx,public/static/hub/prismx_windows_amd64.exe,dbb1382e977537710697d3097e8cec16713f93e5,CNVD-2021-10543
735493683,yqcs/prismx,public/static/hub/prismx_windows_amd64.exe,dbb1382e977537710697d3097e8cec16713f93e5,CVE-2021-3129
735493683,yqcs/prismx,public/static/hub/prismx_windows_amd64.exe,dbb1382e977537710697d3097e8cec16713f93e5,CVE-2021-3223
735493683,yqcs/prismx,public/static/hub/prismx_windows_amd64.exe,dbb1382e977537710697d3097e8cec16713f93e5,CVE-2021-36260
735493683,yqcs/prismx,public/static/hub/prismx_windows_amd64.exe,dbb1382e977537710697d3097e8cec16713f93e5,CVE-2021-36749
735493683,yqcs/prismx,public/static/hub/prismx_windows_amd64.exe,dbb1382e977537710697d3097e8cec16713f93e5,CVE-2021-40539
735493683,yqcs/prismx,public/static/hub/prismx_windows_amd64.exe,dbb1382e977537710697d3097e8cec16713f93e5,ZDI-11-113
735493683,yqcs/prismx,public/static/hub/prismx_windows_amd64.exe,dbb1382e977537710697d3097e8cec16713f93e5,MS12-070
735493683,yqcs/prismx,public/static/hub/prismx_windows_amd64.exe,dbb1382e977537710697d3097e8cec16713f93e5,CVE-2021-41277
735493683,yqcs/prismx,public/static/hub/prismx_windows_amd64.exe,dbb1382e977537710697d3097e8cec16713f93e5,CVE-2021-41773
735493683,yqcs/prismx,public/static/hub/prismx_windows_amd64.exe,dbb1382e977537710697d3097e8cec16713f93e5,CVE-2021-44228
735493683,yqcs/prismx,public/static/hub/prismx_windows_amd64.exe,dbb1382e977537710697d3097e8cec16713f93e5,CVE-2021-45232
735493683,yqcs/prismx,public/static/hub/prismx_windows_amd64.exe,dbb1382e977537710697d3097e8cec16713f93e5,CNVD-2020-62437
735493683,yqcs/prismx,public/static/hub/prismx_windows_amd64.exe,dbb1382e977537710697d3097e8cec16713f93e5,CVE-2022-22947
735493683,yqcs/prismx,public/static/hub/prismx_windows_amd64.exe,dbb1382e977537710697d3097e8cec16713f93e5,CVE-2022-22965
735493683,yqcs/prismx,public/static/hub/prismx_windows_amd64.exe,dbb1382e977537710697d3097e8cec16713f93e5,CVE-2022-23131
735493683,yqcs/prismx,public/static/hub/prismx_windows_amd64.exe,dbb1382e977537710697d3097e8cec16713f93e5,CNVD-2020-62422
735493683,yqcs/prismx,public/static/hub/prismx_windows_amd64.exe,dbb1382e977537710697d3097e8cec16713f93e5,CNVD-2021-01627
735493683,yqcs/prismx,public/static/hub/prismx_windows_amd64.exe,dbb1382e977537710697d3097e8cec16713f93e5,MS15-058
735493683,yqcs/prismx,public/static/hub/prismx_windows_amd64.exe,dbb1382e977537710697d3097e8cec16713f93e5,CNVD-2021-14193
735493683,yqcs/prismx,public/static/hub/prismx_windows_amd64.exe,dbb1382e977537710697d3097e8cec16713f93e5,CVE-2021-26855
735493683,yqcs/prismx,public/static/hub/prismx_windows_amd64.exe,dbb1382e977537710697d3097e8cec16713f93e5,CVE-2020-9757
735493683,yqcs/prismx,public/static/hub/prismx_windows_amd64.exe,dbb1382e977537710697d3097e8cec16713f93e5,CNVD-2021-49104
735493683,yqcs/prismx,public/static/hub/prismx_windows_amd64.exe,dbb1382e977537710697d3097e8cec16713f93e5,CVE-2021-19520
735493683,yqcs/prismx,public/static/hub/prismx_windows_amd64.exe,dbb1382e977537710697d3097e8cec16713f93e5,CVE-2021-1994
735493683,yqcs/prismx,public/static/hub/prismx_windows_amd64.exe,dbb1382e977537710697d3097e8cec16713f93e5,CVE-2021-2047
735493683,yqcs/prismx,public/static/hub/prismx_windows_amd64.exe,dbb1382e977537710697d3097e8cec16713f93e5,CNVD-2021-30193
735493683,yqcs/prismx,public/static/hub/prismx_windows_amd64.exe,dbb1382e977537710697d3097e8cec16713f93e5,CVE-2021-2064
735493683,yqcs/prismx,public/static/hub/prismx_windows_amd64.exe,dbb1382e977537710697d3097e8cec16713f93e5,CVE-2021-2108
735493683,yqcs/prismx,public/static/hub/prismx_windows_amd64.exe,dbb1382e977537710697d3097e8cec16713f93e5,CVE-2021-2109
735493683,yqcs/prismx,public/static/hub/prismx_windows_amd64.exe,dbb1382e977537710697d3097e8cec16713f93e5,CVE-2021-2075
735493683,yqcs/prismx,public/static/hub/prismx_windows_amd64.exe,dbb1382e977537710697d3097e8cec16713f93e5,CVE-2021-22986
735493683,yqcs/prismx,public/static/hub/prismx_windows_amd64.exe,dbb1382e977537710697d3097e8cec16713f93e5,CVE-2021-26084
735493683,yqcs/prismx,public/static/hub/prismx_windows_amd64.exe,dbb1382e977537710697d3097e8cec16713f93e5,CVE-2021-21975
735493683,yqcs/prismx,public/static/hub/prismx_windows_amd64.exe,dbb1382e977537710697d3097e8cec16713f93e5,CVE-2021-22205
735493683,yqcs/prismx,public/static/hub/prismx_windows_amd64.exe,dbb1382e977537710697d3097e8cec16713f93e5,CVE-2020-25078
735493683,yqcs/prismx,public/static/hub/prismx_windows_amd64.exe,dbb1382e977537710697d3097e8cec16713f93e5,VU#88
735493683,yqcs/prismx,public/static/hub/prismx_windows_amd64.exe,dbb1382e977537710697d3097e8cec16713f93e5,CNVD-2021-15822
735493683,yqcs/prismx,public/static/hub/prismx_windows_arm64.exe,ec89769be647d2a4c351d625bef906e953885b64,VU#861
735493683,yqcs/prismx,public/static/hub/prismx_windows_arm64.exe,ec89769be647d2a4c351d625bef906e953885b64,MS17-010
735493683,yqcs/prismx,public/static/hub/prismx_windows_arm64.exe,ec89769be647d2a4c351d625bef906e953885b64,VU#154421
735493683,yqcs/prismx,public/static/hub/prismx_windows_arm64.exe,ec89769be647d2a4c351d625bef906e953885b64,VU#205
735493683,yqcs/prismx,public/static/hub/prismx_windows_arm64.exe,ec89769be647d2a4c351d625bef906e953885b64,MS12-070
735493683,yqcs/prismx,public/static/hub/prismx_windows_arm64.exe,ec89769be647d2a4c351d625bef906e953885b64,MS09-062
735493683,yqcs/prismx,public/static/hub/prismx_windows_arm64.exe,ec89769be647d2a4c351d625bef906e953885b64,MS15-058
735493683,yqcs/prismx,public/static/hub/prismx_windows_arm64.exe,ec89769be647d2a4c351d625bef906e953885b64,VU#771
735493683,yqcs/prismx,public/static/hub/prismx_windows_arm64.exe,ec89769be647d2a4c351d625bef906e953885b64,MS11-049
735493683,yqcs/prismx,public/static/hub/prismx_windows_arm64.exe,ec89769be647d2a4c351d625bef906e953885b64,VU#88
735493683,yqcs/prismx,public/static/hub/prismx_windows_arm64.exe,ec89769be647d2a4c351d625bef906e953885b64,VU#29
735493683,yqcs/prismx,public/static/hub/prismx_windows_arm64.exe,ec89769be647d2a4c351d625bef906e953885b64,CVE-2020-9376
735493683,yqcs/prismx,public/static/hub/prismx_windows_arm64.exe,ec89769be647d2a4c351d625bef906e953885b64,MS08-052
735493683,yqcs/prismx,public/static/hub/prismx_windows_arm64.exe,ec89769be647d2a4c351d625bef906e953885b64,CVE-2018-1000110
735493683,yqcs/prismx,public/static/hub/prismx_windows_arm64.exe,ec89769be647d2a4c351d625bef906e953885b64,CVE-2018-1000861
735493683,yqcs/prismx,public/static/hub/prismx_windows_arm64.exe,ec89769be647d2a4c351d625bef906e953885b64,CVE-2018-19367
735493683,yqcs/prismx,public/static/hub/prismx_windows_arm64.exe,ec89769be647d2a4c351d625bef906e953885b64,CVE-2018-2894
735493683,yqcs/prismx,public/static/hub/prismx_windows_arm64.exe,ec89769be647d2a4c351d625bef906e953885b64,CVE-2018-7600
735493683,yqcs/prismx,public/static/hub/prismx_windows_arm64.exe,ec89769be647d2a4c351d625bef906e953885b64,CVE-2018-7662
735493683,yqcs/prismx,public/static/hub/prismx_windows_arm64.exe,ec89769be647d2a4c351d625bef906e953885b64,CVE-2018-8033
735493683,yqcs/prismx,public/static/hub/prismx_windows_arm64.exe,ec89769be647d2a4c351d625bef906e953885b64,CVE-2019-1003000
735493683,yqcs/prismx,public/static/hub/prismx_windows_arm64.exe,ec89769be647d2a4c351d625bef906e953885b64,CVE-2019-16313
735493683,yqcs/prismx,public/static/hub/prismx_windows_arm64.exe,ec89769be647d2a4c351d625bef906e953885b64,CVE-2017-9841
735493683,yqcs/prismx,public/static/hub/prismx_windows_arm64.exe,ec89769be647d2a4c351d625bef906e953885b64,CVE-2019-17195
735493683,yqcs/prismx,public/static/hub/prismx_windows_arm64.exe,ec89769be647d2a4c351d625bef906e953885b64,CVE-2019-3396
735493683,yqcs/prismx,public/static/hub/prismx_windows_arm64.exe,ec89769be647d2a4c351d625bef906e953885b64,CVE-2019-3403
735493683,yqcs/prismx,public/static/hub/prismx_windows_arm64.exe,ec89769be647d2a4c351d625bef906e953885b64,CVE-2019-8446
735493683,yqcs/prismx,public/static/hub/prismx_windows_arm64.exe,ec89769be647d2a4c351d625bef906e953885b64,CVE-2020-0796
735493683,yqcs/prismx,public/static/hub/prismx_windows_arm64.exe,ec89769be647d2a4c351d625bef906e953885b64,CVE-2020-11991
735493683,yqcs/prismx,public/static/hub/prismx_windows_arm64.exe,ec89769be647d2a4c351d625bef906e953885b64,CVE-2020-13937
735493683,yqcs/prismx,public/static/hub/prismx_windows_arm64.exe,ec89769be647d2a4c351d625bef906e953885b64,CVE-2020-14181
735493683,yqcs/prismx,public/static/hub/prismx_windows_arm64.exe,ec89769be647d2a4c351d625bef906e953885b64,CVE-2020-14420
735493683,yqcs/prismx,public/static/hub/prismx_windows_arm64.exe,ec89769be647d2a4c351d625bef906e953885b64,CVE-2020-14756
735493683,yqcs/prismx,public/static/hub/prismx_windows_arm64.exe,ec89769be647d2a4c351d625bef906e953885b64,CVE-2019-19781
735493683,yqcs/prismx,public/static/hub/prismx_windows_arm64.exe,ec89769be647d2a4c351d625bef906e953885b64,CVE-2020-1938
735493683,yqcs/prismx,public/static/hub/prismx_windows_arm64.exe,ec89769be647d2a4c351d625bef906e953885b64,CVE-2017-12635
735493683,yqcs/prismx,public/static/hub/prismx_windows_arm64.exe,ec89769be647d2a4c351d625bef906e953885b64,CVE-2017-12615
735493683,yqcs/prismx,public/static/hub/prismx_windows_arm64.exe,ec89769be647d2a4c351d625bef906e953885b64,CNNVD-202003-181
735493683,yqcs/prismx,public/static/hub/prismx_windows_arm64.exe,ec89769be647d2a4c351d625bef906e953885b64,CNVD-2019-19299
735493683,yqcs/prismx,public/static/hub/prismx_windows_arm64.exe,ec89769be647d2a4c351d625bef906e953885b64,CNVD-2020-58823
735493683,yqcs/prismx,public/static/hub/prismx_windows_arm64.exe,ec89769be647d2a4c351d625bef906e953885b64,CNVD-2020-62422
735493683,yqcs/prismx,public/static/hub/prismx_windows_arm64.exe,ec89769be647d2a4c351d625bef906e953885b64,CNVD-2020-62437
735493683,yqcs/prismx,public/static/hub/prismx_windows_arm64.exe,ec89769be647d2a4c351d625bef906e953885b64,CNVD-2021-01627
735493683,yqcs/prismx,public/static/hub/prismx_windows_arm64.exe,ec89769be647d2a4c351d625bef906e953885b64,CNVD-2021-10543
735493683,yqcs/prismx,public/static/hub/prismx_windows_arm64.exe,ec89769be647d2a4c351d625bef906e953885b64,CNVD-2021-14193
735493683,yqcs/prismx,public/static/hub/prismx_windows_arm64.exe,ec89769be647d2a4c351d625bef906e953885b64,CNVD-2021-15822
735493683,yqcs/prismx,public/static/hub/prismx_windows_arm64.exe,ec89769be647d2a4c351d625bef906e953885b64,CVE-2017-12616
735493683,yqcs/prismx,public/static/hub/prismx_windows_arm64.exe,ec89769be647d2a4c351d625bef906e953885b64,CNVD-2021-30193
735493683,yqcs/prismx,public/static/hub/prismx_windows_arm64.exe,ec89769be647d2a4c351d625bef906e953885b64,CNVD-2023-12632
735493683,yqcs/prismx,public/static/hub/prismx_windows_arm64.exe,ec89769be647d2a4c351d625bef906e953885b64,CVE-2010-2861
735493683,yqcs/prismx,public/static/hub/prismx_windows_arm64.exe,ec89769be647d2a4c351d625bef906e953885b64,CVE-2014-3704
735493683,yqcs/prismx,public/static/hub/prismx_windows_arm64.exe,ec89769be647d2a4c351d625bef906e953885b64,CVE-2014-4210
735493683,yqcs/prismx,public/static/hub/prismx_windows_arm64.exe,ec89769be647d2a4c351d625bef906e953885b64,CVE-2015-5600
735493683,yqcs/prismx,public/static/hub/prismx_windows_arm64.exe,ec89769be647d2a4c351d625bef906e953885b64,CVE-2016-3088
735493683,yqcs/prismx,public/static/hub/prismx_windows_arm64.exe,ec89769be647d2a4c351d625bef906e953885b64,CVE-2016-4437
735493683,yqcs/prismx,public/static/hub/prismx_windows_arm64.exe,ec89769be647d2a4c351d625bef906e953885b64,CVE-2017-10271
735493683,yqcs/prismx,public/static/hub/prismx_windows_arm64.exe,ec89769be647d2a4c351d625bef906e953885b64,CVE-2017-12149
735493683,yqcs/prismx,public/static/hub/prismx_windows_arm64.exe,ec89769be647d2a4c351d625bef906e953885b64,CNVD-2021-49104
735493683,yqcs/prismx,public/static/hub/prismx_windows_arm64.exe,ec89769be647d2a4c351d625bef906e953885b64,CVE-2020-21224
735493683,yqcs/prismx,public/static/hub/prismx_windows_arm64.exe,ec89769be647d2a4c351d625bef906e953885b64,CVE-2020-25078
735493683,yqcs/prismx,public/static/hub/prismx_windows_arm64.exe,ec89769be647d2a4c351d625bef906e953885b64,CVE-2020-3452
735493683,yqcs/prismx,public/static/hub/prismx_windows_arm64.exe,ec89769be647d2a4c351d625bef906e953885b64,CVE-2021-40539
735493683,yqcs/prismx,public/static/hub/prismx_windows_arm64.exe,ec89769be647d2a4c351d625bef906e953885b64,CVE-2021-41277
735493683,yqcs/prismx,public/static/hub/prismx_windows_arm64.exe,ec89769be647d2a4c351d625bef906e953885b64,CVE-2021-41773
735493683,yqcs/prismx,public/static/hub/prismx_windows_arm64.exe,ec89769be647d2a4c351d625bef906e953885b64,CVE-2021-44228
735493683,yqcs/prismx,public/static/hub/prismx_windows_arm64.exe,ec89769be647d2a4c351d625bef906e953885b64,CVE-2021-45232
735493683,yqcs/prismx,public/static/hub/prismx_windows_arm64.exe,ec89769be647d2a4c351d625bef906e953885b64,CVE-2022-22947
735493683,yqcs/prismx,public/static/hub/prismx_windows_arm64.exe,ec89769be647d2a4c351d625bef906e953885b64,CVE-2022-22965
735493683,yqcs/prismx,public/static/hub/prismx_windows_arm64.exe,ec89769be647d2a4c351d625bef906e953885b64,CVE-2022-23131
735493683,yqcs/prismx,public/static/hub/prismx_windows_arm64.exe,ec89769be647d2a4c351d625bef906e953885b64,CVE-2023-22505
735493683,yqcs/prismx,public/static/hub/prismx_windows_arm64.exe,ec89769be647d2a4c351d625bef906e953885b64,CVE-2021-36749
735493683,yqcs/prismx,public/static/hub/prismx_windows_arm64.exe,ec89769be647d2a4c351d625bef906e953885b64,CVE-2023-22515
735493683,yqcs/prismx,public/static/hub/prismx_windows_arm64.exe,ec89769be647d2a4c351d625bef906e953885b64,CVE-2023-25157
735493683,yqcs/prismx,public/static/hub/prismx_windows_arm64.exe,ec89769be647d2a4c351d625bef906e953885b64,CVE-2023-28432
735493683,yqcs/prismx,public/static/hub/prismx_windows_arm64.exe,ec89769be647d2a4c351d625bef906e953885b64,CVE-2023-33246
735493683,yqcs/prismx,public/static/hub/prismx_windows_arm64.exe,ec89769be647d2a4c351d625bef906e953885b64,CVE-2023-3836
735493683,yqcs/prismx,public/static/hub/prismx_windows_arm64.exe,ec89769be647d2a4c351d625bef906e953885b64,CVE-2023-46604
735493683,yqcs/prismx,public/static/hub/prismx_windows_arm64.exe,ec89769be647d2a4c351d625bef906e953885b64,CVE-2023-6895
735493683,yqcs/prismx,public/static/hub/prismx_windows_arm64.exe,ec89769be647d2a4c351d625bef906e953885b64,CVE-2024-36401
735493683,yqcs/prismx,public/static/hub/prismx_windows_arm64.exe,ec89769be647d2a4c351d625bef906e953885b64,MS03-031
735493683,yqcs/prismx,public/static/hub/prismx_windows_arm64.exe,ec89769be647d2a4c351d625bef906e953885b64,MS08-040
735493683,yqcs/prismx,public/static/hub/prismx_windows_arm64.exe,ec89769be647d2a4c351d625bef906e953885b64,CVE-2023-22527
735493683,yqcs/prismx,public/static/hub/prismx_windows_arm64.exe,ec89769be647d2a4c351d625bef906e953885b64,CVE-2021-36260
735493683,yqcs/prismx,public/static/hub/prismx_windows_arm64.exe,ec89769be647d2a4c351d625bef906e953885b64,CVE-2021-3223
735493683,yqcs/prismx,public/static/hub/prismx_windows_arm64.exe,ec89769be647d2a4c351d625bef906e953885b64,CVE-2021-3129
735493683,yqcs/prismx,public/static/hub/prismx_windows_arm64.exe,ec89769be647d2a4c351d625bef906e953885b64,CVE-2020-5902
735493683,yqcs/prismx,public/static/hub/prismx_windows_arm64.exe,ec89769be647d2a4c351d625bef906e953885b64,CVE-2020-8191
735493683,yqcs/prismx,public/static/hub/prismx_windows_arm64.exe,ec89769be647d2a4c351d625bef906e953885b64,CVE-2020-8193
735493683,yqcs/prismx,public/static/hub/prismx_windows_arm64.exe,ec89769be647d2a4c351d625bef906e953885b64,CVE-2020-8209
735493683,yqcs/prismx,public/static/hub/prismx_windows_arm64.exe,ec89769be647d2a4c351d625bef906e953885b64,CVE-2020-9496
735493683,yqcs/prismx,public/static/hub/prismx_windows_arm64.exe,ec89769be647d2a4c351d625bef906e953885b64,CVE-2020-9757
735493683,yqcs/prismx,public/static/hub/prismx_windows_arm64.exe,ec89769be647d2a4c351d625bef906e953885b64,CVE-2021-19520
735493683,yqcs/prismx,public/static/hub/prismx_windows_arm64.exe,ec89769be647d2a4c351d625bef906e953885b64,CVE-2021-1994
735493683,yqcs/prismx,public/static/hub/prismx_windows_arm64.exe,ec89769be647d2a4c351d625bef906e953885b64,CVE-2021-2047
735493683,yqcs/prismx,public/static/hub/prismx_windows_arm64.exe,ec89769be647d2a4c351d625bef906e953885b64,CVE-2021-2064
735493683,yqcs/prismx,public/static/hub/prismx_windows_arm64.exe,ec89769be647d2a4c351d625bef906e953885b64,CVE-2021-2075
735493683,yqcs/prismx,public/static/hub/prismx_windows_arm64.exe,ec89769be647d2a4c351d625bef906e953885b64,CVE-2021-2108
735493683,yqcs/prismx,public/static/hub/prismx_windows_arm64.exe,ec89769be647d2a4c351d625bef906e953885b64,CVE-2021-2109
735493683,yqcs/prismx,public/static/hub/prismx_windows_arm64.exe,ec89769be647d2a4c351d625bef906e953885b64,CVE-2021-21975
735493683,yqcs/prismx,public/static/hub/prismx_windows_arm64.exe,ec89769be647d2a4c351d625bef906e953885b64,CVE-2021-22205
735493683,yqcs/prismx,public/static/hub/prismx_windows_arm64.exe,ec89769be647d2a4c351d625bef906e953885b64,CVE-2021-22986
735493683,yqcs/prismx,public/static/hub/prismx_windows_arm64.exe,ec89769be647d2a4c351d625bef906e953885b64,CVE-2021-26084
735493683,yqcs/prismx,public/static/hub/prismx_windows_arm64.exe,ec89769be647d2a4c351d625bef906e953885b64,CVE-2021-26855
735493683,yqcs/prismx,public/static/hub/prismx_windows_arm64.exe,ec89769be647d2a4c351d625bef906e953885b64,CVE-2021-26920
735493683,yqcs/prismx,public/static/hub/prismx_windows_arm64.exe,ec89769be647d2a4c351d625bef906e953885b64,CVE-2021-29441
735493683,yqcs/prismx,public/static/hub/prismx_windows_arm64.exe,ec89769be647d2a4c351d625bef906e953885b64,CVE-2021-3019
735493683,yqcs/prismx,public/static/hub/prismx_windows_arm64.exe,ec89769be647d2a4c351d625bef906e953885b64,MS09-004
735493683,yqcs/prismx,public/static/hub/prismx_windows_arm64.exe,ec89769be647d2a4c351d625bef906e953885b64,ZDI-11-113
